timeframe,direction,target_pips,conditions,samples,base_rate,hit_rate,rate_diff,lift
h4,bull,100,trend,3073,0.12519948,0.12886430,0.00366482,1.02927188
h4,bull,100,price20,3645,0.12519948,0.13415638,0.00895690,1.07154104
h4,bull,100,price200,3970,0.12519948,0.12619647,0.00099700,1.00796326
h4,bull,100,momentum,3561,0.12519948,0.11738276,-0.00781672,0.93756587
h4,bull,100,rsi_extreme,569,0.12519948,0.16168717,0.03648769,1.29143646
h4,bull,100,macd,3956,0.12519948,0.13549039,0.01029092,1.08219616
h4,bull,100,adx,3117,0.12519948,0.13249920,0.00729972,1.05830472
h4,bull,100,di,3744,0.12519948,0.13541667,0.01021719,1.08160728
h4,bull,100,volatility,2909,0.12519948,0.14953592,0.02433645,1.19438136
h4,bull,100,bb,3727,0.12519948,0.13388785,0.00868837,1.06939620
h4,bull,100,body,2993,0.12519948,0.14968259,0.02448311,1.19555285
h4,bull,100,trend+price20,1995,0.12519948,0.13634085,0.01114137,1.08898898
h4,bull,100,trend+price200,2940,0.12519948,0.12619048,0.00099100,1.00791536
h4,bull,100,trend+momentum,1755,0.12519948,0.10997151,-0.01522797,0.87837036
h4,bull,100,trend+macd,1769,0.12519948,0.14358395,0.01838447,1.14684141
h4,bull,100,trend+adx,1361,0.12519948,0.14180749,0.01660802,1.13265244
h4,bull,100,trend+di,2110,0.12519948,0.13412322,0.00892375,1.07127622
h4,bull,100,trend+volatility,1215,0.12519948,0.14732510,0.02212563,1.17672298
h4,bull,100,trend+bb,1974,0.12519948,0.13576494,0.01056547,1.08438906
h4,bull,100,trend+body,1297,0.12519948,0.15034695,0.02514748,1.20085928
h4,bull,100,price20+price200,2792,0.12519948,0.13753582,0.01233634,1.09853347
h4,bull,100,price20+momentum,2808,0.12519948,0.12286325,-0.00233623,0.98133994
h4,bull,100,price20+macd,3221,0.12519948,0.14032909,0.01512961,1.12084406
h4,bull,100,price20+adx,1649,0.12519948,0.13887204,0.01367257,1.10920625
h4,bull,100,price20+di,3344,0.12519948,0.13875598,0.01355650,1.10827923
h4,bull,100,price20+volatility,1353,0.12519948,0.14412417,0.01892469,1.15115631
h4,bull,100,price20+bb,3535,0.12519948,0.13606789,0.01086841,1.08680879
h4,bull,100,price20+body,1141,0.12519948,0.14285714,0.01765767,1.14103625
h4,bull,100,price200+momentum,2451,0.12519948,0.11750306,-0.00769642,0.93852676
h4,bull,100,price200+macd,2602,0.12519948,0.14181399,0.01661451,1.13270432
h4,bull,100,price200+adx,1765,0.12519948,0.13484419,0.00964471,1.07703479
h4,bull,100,price200+di,2875,0.12519948,0.13739130,0.01219183,1.09737921
h4,bull,100,price200+volatility,1550,0.12519948,0.14645161,0.02125214,1.16974620
h4,bull,100,price200+bb,2780,0.12519948,0.13741007,0.01221059,1.09752911
h4,bull,100,price200+body,1541,0.12519948,0.14341337,0.01821389,1.14547896
h4,bull,100,momentum+macd,2698,0.12519948,0.12861379,0.00341431,1.02727096
h4,bull,100,momentum+adx,1309,0.12519948,0.11306341,-0.01213607,0.90306612
h4,bull,100,momentum+di,2839,0.12519948,0.12398732,-0.00121216,0.99031818
h4,bull,100,momentum+volatility,1312,0.12519948,0.13109756,0.00589808,1.04710949
h4,bull,100,momentum+bb,2865,0.12519948,0.12216405,-0.00303543,0.97575526
h4,bull,100,momentum+body,1244,0.12519948,0.12781350,0.00261403,1.02087890
h4,bull,100,rsi_extreme+adx,445,0.12519948,0.14606742,0.02086794,1.16667752
h4,bull,100,rsi_extreme+volatility,355,0.12519948,0.20563380,0.08043433,1.64244937
h4,bull,100,rsi_extreme+body,361,0.12519948,0.21883657,0.09363709,1.74790318
h4,bull,100,macd+adx,1781,0.12519948,0.14430095,0.01910148,1.15256834
h4,bull,100,macd+di,3147,0.12519948,0.14331109,0.01811161,1.14466204
h4,bull,100,macd+volatility,1537,0.12519948,0.15159401,0.02639454,1.21081986
h4,bull,100,macd+bb,3382,0.12519948,0.13837966,0.01318018,1.10527344
h4,bull,100,macd+body,1406,0.12519948,0.14864865,0.02344917,1.18729448
h4,bull,100,adx+di,1694,0.12519948,0.13754427,0.01234480,1.09860102
h4,bull,100,adx+volatility,1647,0.12519948,0.15361263,0.02841315,1.22694305
h4,bull,100,adx+bb,1696,0.12519948,0.13915094,0.01395147,1.11143390
h4,bull,100,adx+body,1339,0.12519948,0.16280807,0.03760859,1.30038934
h4,bull,100,di+volatility,1385,0.12519948,0.14801444,0.02281496,1.18222890
h4,bull,100,di+bb,3364,0.12519948,0.13822830,0.01302882,1.10406451
h4,bull,100,di+body,1302,0.12519948,0.14439324,0.01919376,1.15330546
h4,bull,100,volatility+bb,1401,0.12519948,0.14204140,0.01684192,1.13452070
h4,bull,100,volatility+body,1378,0.12519948,0.18505080,0.05985132,1.47804769
h4,bull,100,bb+body,1204,0.12519948,0.14202658,0.01682710,1.13440232
h4,bull,100,trend+price20+price200,1995,0.12519948,0.13634085,0.01114137,1.08898898
h4,bull,100,trend+price20+momentum,1341,0.12519948,0.11558538,-0.00961409,0.92320979
h4,bull,100,trend+price20+macd,1666,0.12519948,0.14465786,0.01945839,1.15541906
h4,bull,100,trend+price20+adx,977,0.12519948,0.14431934,0.01911987,1.15271523
h4,bull,100,trend+price20+di,1895,0.12519948,0.13984169,0.01464221,1.11695105
h4,bull,100,trend+price20+volatility,722,0.12519948,0.14265928,0.01745980,1.13945587
h4,bull,100,trend+price20+bb,1923,0.12519948,0.13832553,0.01312606,1.10484113
h4,bull,100,trend+price20+body,652,0.12519948,0.14263804,0.01743856,1.13928620
h4,bull,100,trend+price200+momentum,1751,0.12519948,0.11022273,-0.01497675,0.88037691
h4,bull,100,trend+price200+macd,1765,0.12519948,0.14277620,0.01757673,1.14038977
h4,bull,100,trend+price200+adx,1335,0.12519948,0.14082397,0.01562449,1.12479679
h4,bull,100,trend+price200+di,2107,0.12519948,0.13383958,0.00864010,1.06901071
h4,bull,100,trend+price200+volatility,1140,0.12519948,0.14298246,0.01778298,1.14203716
h4,bull,100,trend+price200+bb,1974,0.12519948,0.13576494,0.01056547,1.08438906
h4,bull,100,trend+price200+body,1194,0.12519948,0.14237856,0.01717908,1.13721369
h4,bull,100,trend+momentum+macd,1115,0.12519948,0.12376682,-0.00143266,0.98855697
h4,bull,100,trend+momentum+adx,660,0.12519948,0.10151515,-0.02368433,0.81082728
h4,bull,100,trend+momentum+di,1437,0.12519948,0.11412665,-0.01107282,0.91155854
h4,bull,100,trend+momentum+volatility,623,0.12519948,0.12359551,-0.00160397,0.98718867
h4,bull,100,trend+momentum+bb,1325,0.12519948,0.11396226,-0.01123721,0.91024552
h4,bull,100,trend+momentum+body,647,0.12519948,0.11746522,-0.00773425,0.93822455
h4,bull,100,trend+macd+adx,819,0.12519948,0.16239316,0.03719368,1.29707540
h4,bull,100,trend+macd+di,1659,0.12519948,0.14526823,0.02006876,1.16029425
h4,bull,100,trend+macd+volatility,647,0.12519948,0.15146832,0.02626884,1.20981587
h4,bull,100,trend+macd+bb,1699,0.12519948,0.14243673,0.01723725,1.13767829
h4,bull,100,trend+macd+body,617,0.12519948,0.14262561,0.01742613,1.13918692
h4,bull,100,trend+adx+di,1075,0.12519948,0.13953488,0.01433541,1.11450053
h4,bull,100,trend+adx+volatility,661,0.12519948,0.14826021,0.02306073,1.18419194
h4,bull,100,trend+adx+bb,966,0.12519948,0.14389234,0.01869286,1.14930463
h4,bull,100,trend+adx+body,563,0.12519948,0.16873890,0.04353942,1.34776040
h4,bull,100,trend+di+volatility,776,0.12519948,0.13917526,0.01397578,1.11162810
h4,bull,100,trend+di+bb,1884,0.12519948,0.13906582,0.01386634,1.11075397
h4,bull,100,trend+di+body,754,0.12519948,0.13395225,0.00875278,1.06991065
h4,bull,100,trend+volatility+bb,718,0.12519948,0.14066852,0.01546905,1.12355520
h4,bull,100,trend+volatility+body,580,0.12519948,0.17413793,0.04893845,1.39088385
h4,bull,100,trend+bb+body,655,0.12519948,0.13587786,0.01067838,1.08529097
h4,bull,100,price20+price200+momentum,1970,0.12519948,0.12335025,-0.00184922,0.98522978
h4,bull,100,price20+price200+macd,2416,0.12519948,0.14445364,0.01925416,1.15378790
h4,bull,100,price20+price200+adx,1319,0.12519948,0.14253222,0.01733274,1.13844102
h4,bull,100,price20+price200+di,2624,0.12519948,0.14176829,0.01656881,1.13233933
h4,bull,100,price20+price200+volatility,1029,0.12519948,0.14965986,0.02446039,1.19537131
h4,bull,100,price20+price200+bb,2707,0.12519948,0.13963798,0.01443850,1.11532395
h4,bull,100,price20+price200+body,886,0.12519948,0.14672686,0.02152738,1.17194468
h4,bull,100,price20+momentum+macd,2404,0.12519948,0.12978369,0.00458422,1.03661530
h4,bull,100,price20+momentum+adx,1048,0.12519948,0.11450382,-0.01069566,0.91457104
h4,bull,100,price20+momentum+di,2516,0.12519948,0.12718601,0.00198653,1.01586693
h4,bull,100,price20+momentum+volatility,1011,0.12519948,0.13155292,0.00635344,1.05074654
h4,bull,100,price20+momentum+bb,2703,0.12519948,0.12467629,-0.00052319,0.99582113
h4,bull,100,price20+momentum+body,852,0.12519948,0.13028169,0.00508221,1.04059292
h4,bull,100,price20+macd+adx,1432,0.12519948,0.14804469,0.02284522,1.18247053
h4,bull,100,price20+macd+di,2986,0.12519948,0.14400536,0.01880588,1.15020734
h4,bull,100,price20+macd+volatility,1207,0.12519948,0.14747307,0.02227360,1.17790486
h4,bull,100,price20+macd+bb,3205,0.12519948,0.14040562,0.01520614,1.12145529
h4,bull,100,price20+macd+body,1010,0.12519948,0.14554455,0.02034508,1.16250129
h4,bull,100,price20+adx+di,1532,0.12519948,0.14295039,0.01775091,1.14178105
h4,bull,100,price20+adx+volatility,766,0.12519948,0.14229765,0.01709817,1.13656744
h4,bull,100,price20+adx+bb,1607,0.12519948,0.14001245,0.01481297,1.11831493
h4,bull,100,price20+adx+body,531,0.12519948,0.15065913,0.02545966,1.20335273
h4,bull,100,price20+di+volatility,1227,0.12519948,0.14832926,0.02312978,1.18474343
h4,bull,100,price20+di+bb,3273,0.12519948,0.13993278,0.01473331,1.11767865
h4,bull,100,price20+di+body,1058,0.12519948,0.14744802,0.02224854,1.17770471
h4,bull,100,price20+volatility+bb,1317,0.12519948,0.14502658,0.01982710,1.15836406
h4,bull,100,price20+volatility+body,463,0.12519948,0.14686825,0.02166877,1.17307399
h4,bull,100,price20+bb+body,1109,0.12519948,0.14156898,0.01636950,1.13074738
h4,bull,100,price200+momentum+macd,1746,0.12519948,0.13058419,0.00538471,1.04300908
h4,bull,100,price200+momentum+adx,914,0.12519948,0.10831510,-0.01688438,0.86514018
h4,bull,100,price200+momentum+di,2030,0.12519948,0.12364532,-0.00155416,0.98758655
h4,bull,100,price200+momentum+volatility,894,0.12519948,0.13534676,0.01014728,1.08104889
h4,bull,100,price200+momentum+bb,1960,0.12519948,0.12295918,-0.00224029,0.98210620
h4,bull,100,price200+momentum+body,850,0.12519948,0.13058824,0.00538876,1.04304137
h4,bull,100,price200+macd+adx,1161,0.12519948,0.15417743,0.02897796,1.23145428
h4,bull,100,price200+macd+di,2371,0.12519948,0.14677351,0.02157404,1.17231730
h4,bull,100,price200+macd+volatility,966,0.12519948,0.15527950,0.03008003,1.24025680
h4,bull,100,price200+macd+bb,2464,0.12519948,0.14285714,0.01765767,1.14103625
h4,bull,100,price200+macd+body,879,0.12519948,0.14903299,0.02383351,1.19036433
h4,bull,100,price200+adx+di,1393,0.12519948,0.13998564,0.01478616,1.11810085
h4,bull,100,price200+adx+volatility,844,0.12519948,0.14810427,0.02290479,1.18294635
h4,bull,100,price200+adx+bb,1312,0.12519948,0.14253049,0.01733101,1.13842718
h4,bull,100,price200+adx+body,685,0.12519948,0.16058394,0.03538446,1.28262469
h4,bull,100,price200+di+volatility,1072,0.12519948,0.14925373,0.02405425,1.19212743
h4,bull,100,price200+di+bb,2613,0.12519948,0.14121699,0.01601751,1.12793595
h4,bull,100,price200+di+body,994,0.12519948,0.14084507,0.01564559,1.12496532
h4,bull,100,price200+volatility+bb,1032,0.12519948,0.14922481,0.02402533,1.19189640
h4,bull,100,price200+volatility+body,667,0.12519948,0.17541229,0.05021282,1.40106250
h4,bull,100,price200+bb+body,898,0.12519948,0.14253898,0.01733950,1.13849497
h4,bull,100,momentum+macd+adx,933,0.12519948,0.12861736,0.00341789,1.02729952
h4,bull,100,momentum+macd+di,2308,0.12519948,0.13214905,0.00694957,1.05550797
h4,bull,100,momentum+macd+volatility,997,0.12519948,0.13941825,0.01421878,1.11356898
h4,bull,100,momentum+macd+bb,2540,0.12519948,0.12716535,0.00196588,1.01570196
h4,bull,100,momentum+macd+body,896,0.12519948,0.13616071,0.01096124,1.08755018
h4,bull,100,momentum+adx+di,1069,0.12519948,0.11318990,-0.01200958,0.90407643
h4,bull,100,momentum+adx+volatility,646,0.12519948,0.12538700,0.00018752,1.00149776
h4,bull,100,momentum+adx+bb,1071,0.12519948,0.11391223,-0.01128725,0.90984590
h4,bull,100,momentum+adx+body,487,0.12519948,0.13141684,0.00621736,1.04965963
h4,bull,100,momentum+di+volatility,1013,0.12519948,0.13425469,0.00905521,1.07232627
h4,bull,100,momentum+di+bb,2533,0.12519948,0.12672720,0.00152772,1.01220231
h4,bull,100,momentum+di+body,967,0.12519948,0.13236815,0.00716867,1.05725800
h4,bull,100,momentum+volatility+bb,1044,0.12519948,0.12931034,0.00411087,1.03283454
h4,bull,100,momentum+volatility+body,496,0.12519948,0.13911290,0.01391343,1.11113006
h4,bull,100,momentum+bb+body,903,0.12519948,0.12735327,0.00215379,1.01720286
h4,bull,100,rsi_extreme+adx+volatility,286,0.12519948,0.19580420,0.07060472,1.56393780
h4,bull,100,rsi_extreme+adx+body,268,0.12519948,0.20149254,0.07629306,1.60937203
h4,bull,100,rsi_extreme+volatility+body,232,0.12519948,0.27586207,0.15066259,2.20338035
h4,bull,100,macd+adx+di,1367,0.12519948,0.15142648,0.02622700,1.20948173
h4,bull,100,macd+adx+volatility,885,0.12519948,0.15141243,0.02621295,1.20936950
h4,bull,100,macd+adx+bb,1508,0.12519948,0.14721485,0.02201538,1.17584240
h4,bull,100,macd+adx+body,641,0.12519948,0.16068643,0.03548695,1.28344327
h4,bull,100,macd+di+volatility,1171,0.12519948,0.15200683,0.02680735,1.21411714
h4,bull,100,macd+di+bb,3059,0.12519948,0.14253024,0.01733076,1.13842519
h4,bull,100,macd+di+body,1053,0.12519948,0.15194682,0.02674734,1.21363780
h4,bull,100,macd+volatility+bb,1283,0.12519948,0.14497272,0.01977324,1.15793391
h4,bull,100,macd+volatility+body,581,0.12519948,0.17039587,0.04519639,1.36099505
h4,bull,100,macd+bb+body,1098,0.12519948,0.14571949,0.02052001,1.16389855
h4,bull,100,adx+di+volatility,790,0.12519948,0.13797468,0.01277521,1.10203881
h4,bull,100,adx+di+bb,1530,0.12519948,0.14313725,0.01793778,1.14327358
h4,bull,100,adx+di+body,597,0.12519948,0.14907873,0.02387925,1.19072962
h4,bull,100,adx+volatility+bb,799,0.12519948,0.14142678,0.01622731,1.12961161
h4,bull,100,adx+volatility+body,769,0.12519948,0.19375813,0.06855865,1.54759533
h4,bull,100,adx+bb+body,560,0.12519948,0.15178571,0.02658624,1.21235102
h4,bull,100,di+volatility+bb,1236,0.12519948,0.14644013,0.02124065,1.16965448
h4,bull,100,di+volatility+body,525,0.12519948,0.15428571,0.02908624,1.23231915
h4,bull,100,di+bb+body,1089,0.12519948,0.14508724,0.01988776,1.15884857
h4,bull,100,volatility+bb+body,485,0.12519948,0.14639175,0.02119227,1.16926808
h4,bull,100,trend+price20+price200+momentum,1341,0.12519948,0.11558538,-0.00961409,0.92320979
h4,bull,100,trend+price20+price200+macd,1666,0.12519948,0.14465786,0.01945839,1.15541906
h4,bull,100,trend+price20+price200+adx,977,0.12519948,0.14431934,0.01911987,1.15271523
h4,bull,100,trend+price20+price200+di,1895,0.12519948,0.13984169,0.01464221,1.11695105
h4,bull,100,trend+price20+price200+volatility,722,0.12519948,0.14265928,0.01745980,1.13945587
h4,bull,100,trend+price20+price200+bb,1923,0.12519948,0.13832553,0.01312606,1.10484113
h4,bull,100,trend+price20+price200+body,652,0.12519948,0.14263804,0.01743856,1.13928620
h4,bull,100,trend+price20+momentum+macd,1032,0.12519948,0.12403101,-0.00116847,0.99066713
h4,bull,100,trend+price20+momentum+adx,491,0.12519948,0.09979633,-0.02540314,0.79709864
h4,bull,100,trend+price20+momentum+di,1247,0.12519948,0.11868484,-0.00651463,0.94796596
h4,bull,100,trend+price20+momentum+volatility,457,0.12519948,0.12472648,-0.00047300,0.99622202
h4,bull,100,trend+price20+momentum+bb,1274,0.12519948,0.11695447,-0.00824500,0.93414506
h4,bull,100,trend+price20+momentum+body,433,0.12519948,0.12240185,-0.00279763,0.97765462
h4,bull,100,trend+price20+macd+adx,797,0.12519948,0.15934755,0.03414808,1.27274935
h4,bull,100,trend+price20+macd+di,1616,0.12519948,0.14603960,0.02084013,1.16645538
h4,bull,100,trend+price20+macd+volatility,605,0.12519948,0.15041322,0.02521375,1.20138858
h4,bull,100,trend+price20+macd+bb,1660,0.12519948,0.14457831,0.01937884,1.15478368
h4,bull,100,trend+price20+macd+body,550,0.12519948,0.14181818,0.01661870,1.13273781
h4,bull,100,trend+price20+adx+di,956,0.12519948,0.14748954,0.02229006,1.17803638
h4,bull,100,trend+price20+adx+volatility,434,0.12519948,0.14055300,0.01535352,1.12263244
h4,bull,100,trend+price20+adx+bb,947,0.12519948,0.14572334,0.02052386,1.16392927
h4,bull,100,trend+price20+adx+body,319,0.12519948,0.15673981,0.03154033,1.25192065
h4,bull,100,trend+price20+di+volatility,688,0.12519948,0.14680233,0.02160285,1.17254743
h4,bull,100,trend+price20+di+bb,1849,0.12519948,0.14061655,0.01541707,1.12314006
h4,bull,100,trend+price20+di+body,621,0.12519948,0.14331723,0.01811775,1.14471109
h4,bull,100,trend+price20+volatility+bb,698,0.12519948,0.14326648,0.01806700,1.14430570
h4,bull,100,trend+price20+volatility+body,263,0.12519948,0.14068441,0.01548493,1.12368209
h4,bull,100,trend+price20+bb+body,629,0.12519948,0.13831479,0.01311531,1.10475529
h4,bull,100,trend+price200+momentum+macd,1115,0.12519948,0.12376682,-0.00143266,0.98855697
h4,bull,100,trend+price200+momentum+adx,659,0.12519948,0.10166920,-0.02353028,0.81205767
h4,bull,100,trend+price200+momentum+di,1436,0.12519948,0.11420613,-0.01099335,0.91219333
h4,bull,100,trend+price200+momentum+volatility,622,0.12519948,0.12379421,-0.00140527,0.98877579
h4,bull,100,trend+price200+momentum+bb,1325,0.12519948,0.11396226,-0.01123721,0.91024552
h4,bull,100,trend+price200+momentum+body,645,0.12519948,0.11782946,-0.00737002,0.94113378
h4,bull,100,trend+price200+macd+adx,818,0.12519948,0.16136919,0.03616972,1.28889670
h4,bull,100,trend+price200+macd+di,1658,0.12519948,0.14475271,0.01955324,1.15617666
h4,bull,100,trend+price200+macd+volatility,645,0.12519948,0.15038760,0.02518812,1.20118390
h4,bull,100,trend+price200+macd+bb,1699,0.12519948,0.14243673,0.01723725,1.13767829
h4,bull,100,trend+price200+macd+body,613,0.12519948,0.14029364,0.01509416,1.12056089
h4,bull,100,trend+price200+adx+di,1073,0.12519948,0.13886300,0.01366352,1.10913403
h4,bull,100,trend+price200+adx+volatility,642,0.12519948,0.14953271,0.02433323,1.19435570
h4,bull,100,trend+price200+adx+bb,966,0.12519948,0.14389234,0.01869286,1.14930463
h4,bull,100,trend+price200+adx+body,543,0.12519948,0.16574586,0.04054638,1.32385422
h4,bull,100,trend+price200+di+volatility,775,0.12519948,0.13935484,0.01415536,1.11306246
h4,bull,100,trend+price200+di+bb,1884,0.12519948,0.13906582,0.01386634,1.11075397
h4,bull,100,trend+price200+di+body,753,0.12519948,0.13280212,0.00760265,1.06072427
h4,bull,100,trend+price200+volatility+bb,718,0.12519948,0.14066852,0.01546905,1.12355520
h4,bull,100,trend+price200+volatility+body,519,0.12519948,0.16377649,0.03857702,1.30812441
h4,bull,100,trend+price200+bb+body,655,0.12519948,0.13587786,0.01067838,1.08529097
h4,bull,100,trend+momentum+macd+adx,348,0.12519948,0.12643678,0.00123730,1.00988266
h4,bull,100,trend+momentum+macd+di,1030,0.12519948,0.12330097,-0.00189851,0.98483614
h4,bull,100,trend+momentum+macd+volatility,381,0.12519948,0.13910761,0.01390813,1.11108779
h4,bull,100,trend+momentum+macd+bb,1070,0.12519948,0.12056075,-0.00463873,0.96294929
h4,bull,100,trend+momentum+macd+body,389,0.12519948,0.12339332,-0.00180616,0.98557373
h4,bull,100,trend+momentum+adx+di,574,0.12519948,0.09930314,-0.02589634,0.79315935
h4,bull,100,trend+momentum+adx+volatility,307,0.12519948,0.11726384,-0.00793563,0.93661608
h4,bull,100,trend+momentum+adx+bb,480,0.12519948,0.09791667,-0.02728281,0.78208526
h4,bull,100,trend+momentum+adx+body,263,0.12519948,0.12927757,0.00407809,1.03257273
h4,bull,100,trend+momentum+di+volatility,500,0.12519948,0.12200000,-0.00319948,0.97444496
h4,bull,100,trend+momentum+di+bb,1237,0.12519948,0.11721908,-0.00798040,0.93625853
h4,bull,100,trend+momentum+di+body,518,0.12519948,0.11389961,-0.01129986,0.90974512
h4,bull,100,trend+momentum+volatility+bb,453,0.12519948,0.12141280,-0.00378667,0.96975487
h4,bull,100,trend+momentum+volatility+body,261,0.12519948,0.12643678,0.00123730,1.00988266
h4,bull,100,trend+momentum+bb+body,436,0.12519948,0.11238532,-0.01281416,0.89765008
h4,bull,100,trend+macd+adx+di,798,0.12519948,0.16290727,0.03770779,1.30118169
h4,bull,100,trend+macd+adx+volatility,375,0.12519948,0.15200000,0.02680052,1.21406257
h4,bull,100,trend+macd+adx+bb,807,0.12519948,0.15861214,0.03341267,1.26687544
h4,bull,100,trend+macd+adx+body,281,0.12519948,0.16725979,0.04206031,1.33594636
h4,bull,100,trend+macd+di+volatility,606,0.12519948,0.15016502,0.02496554,1.19940609
h4,bull,100,trend+macd+di+bb,1640,0.12519948,0.14451220,0.01931272,1.15425557
h4,bull,100,trend+macd+di+body,566,0.12519948,0.13957597,0.01437649,1.11482871
h4,bull,100,trend+macd+volatility+bb,621,0.12519948,0.14814815,0.02294867,1.18329685
h4,bull,100,trend+macd+volatility+body,245,0.12519948,0.14285714,0.01765767,1.14103625
h4,bull,100,trend+macd+bb+body,571,0.12519948,0.13835377,0.01315429,1.10506663
h4,bull,100,trend+adx+di+volatility,487,0.12519948,0.13141684,0.00621736,1.04965963
h4,bull,100,trend+adx+di+bb,945,0.12519948,0.14708995,0.02189047,1.17484473
h4,bull,100,trend+adx+di+body,386,0.12519948,0.14766839,0.02246892,1.17946493
h4,bull,100,trend+adx+volatility+bb,430,0.12519948,0.13720930,0.01200982,1.09592552
h4,bull,100,trend+adx+volatility+body,310,0.12519948,0.17741935,0.05221988,1.41709341
h4,bull,100,trend+adx+bb+body,318,0.12519948,0.15094340,0.02574392,1.20562321
h4,bull,100,trend+di+volatility+bb,686,0.12519948,0.14577259,0.02057312,1.16432271
h4,bull,100,trend+di+volatility+body,309,0.12519948,0.12621359,0.00101411,1.00809999
h4,bull,100,trend+di+bb+body,625,0.12519948,0.13760000,0.01240052,1.09904612
h4,bull,100,trend+volatility+bb+body,266,0.12519948,0.13157895,0.00637947,1.05095444
h4,bull,100,price20+price200+momentum+macd,1614,0.12519948,0.13135068,0.00615120,1.04913123
h4,bull,100,price20+price200+momentum+adx,725,0.12519948,0.10896552,-0.01623396,0.87033524
h4,bull,100,price20+price200+momentum+di,1811,0.12519948,0.12755384,0.00235436,1.01880487
h4,bull,100,price20+price200+momentum+volatility,693,0.12519948,0.13564214,0.01044266,1.08340816
h4,bull,100,price20+price200+momentum+bb,1890,0.12519948,0.12539683,0.00019735,1.00157627
h4,bull,100,price20+price200+momentum+body,606,0.12519948,0.13366337,0.00846389,1.06760323
h4,bull,100,price20+price200+macd+adx,1115,0.12519948,0.15426009,0.02906061,1.23211448
h4,bull,100,price20+price200+macd+di,2302,0.12519948,0.14769765,0.02249818,1.17969864
h4,bull,100,price20+price200+macd+volatility,897,0.12519948,0.15384615,0.02864668,1.22880827
h4,bull,100,price20+price200+macd+bb,2403,0.12519948,0.14481898,0.01961950,1.15670591
h4,bull,100,price20+price200+macd+body,769,0.12519948,0.14824447,0.02304500,1.18406623
h4,bull,100,price20+price200+adx+di,1271,0.12519948,0.14634146,0.02114199,1.16886640
h4,bull,100,price20+price200+adx+volatility,590,0.12519948,0.14745763,0.02225815,1.17778149
h4,bull,100,price20+price200+adx+bb,1284,0.12519948,0.14408100,0.01888152,1.15081148
h4,bull,100,price20+price200+adx+body,424,0.12519948,0.16037736,0.03517788,1.28097466
h4,bull,100,price20+price200+di+volatility,966,0.12519948,0.15320911,0.02800963,1.22372004
h4,bull,100,price20+price200+di+bb,2569,0.12519948,0.14285714,0.01765767,1.14103625
h4,bull,100,price20+price200+di+body,840,0.12519948,0.14761905,0.02241957,1.17907079
h4,bull,100,price20+price200+volatility+bb,1001,0.12519948,0.15084915,0.02564967,1.20487045
h4,bull,100,price20+price200+volatility+body,363,0.12519948,0.15977961,0.03458014,1.27620033
h4,bull,100,price20+price200+bb+body,860,0.12519948,0.14418605,0.01898657,1.15165054
h4,bull,100,price20+momentum+macd+adx,850,0.12519948,0.12588235,0.00068288,1.00545430
h4,bull,100,price20+momentum+macd+di,2178,0.12519948,0.13314968,0.00795020,1.06350027
h4,bull,100,price20+momentum+macd+volatility,873,0.12519948,0.13516609,0.00996662,1.07960589
h4,bull,100,price20+momentum+macd+bb,2393,0.12519948,0.12954450,0.00434503,1.03470483
h4,bull,100,price20+momentum+macd+body,726,0.12519948,0.13498623,0.00978675,1.07816924
h4,bull,100,price20+momentum+adx+di,932,0.12519948,0.11802575,-0.00717373,0.94270162
h4,bull,100,price20+momentum+adx+volatility,504,0.12519948,0.12301587,-0.00218360,0.98255900
h4,bull,100,price20+momentum+adx+bb,1006,0.12519948,0.11530815,-0.00989133,0.92099546
h4,bull,100,price20+momentum+adx+body,345,0.12519948,0.13043478,0.00523530,1.04181571
h4,bull,100,price20+momentum+di+volatility,885,0.12519948,0.13559322,0.01039374,1.08301746
h4,bull,100,price20+momentum+di+bb,2446,0.12519948,0.12837285,0.00317338,1.02534656
h4,bull,100,price20+momentum+di+body,771,0.12519948,0.13488975,0.00969028,1.07739869
h4,bull,100,price20+momentum+volatility+bb,975,0.12519948,0.13230769,0.00710821,1.05677511
h4,bull,100,price20+momentum+volatility+body,336,0.12519948,0.13095238,0.00575290,1.04594990
h4,bull,100,price20+momentum+bb+body,820,0.12519948,0.12804878,0.00284930,1.02275810
h4,bull,100,price20+macd+adx+di,1326,0.12519948,0.15233786,0.02713838,1.21676113
h4,bull,100,price20+macd+adx+volatility,680,0.12519948,0.14705882,0.02185935,1.17459614
h4,bull,100,price20+macd+adx+bb,1428,0.12519948,0.14775910,0.02255963,1.18018946
h4,bull,100,price20+macd+adx+body,469,0.12519948,0.15138593,0.02618645,1.20915782
h4,bull,100,price20+macd+di+volatility,1107,0.12519948,0.15085818,0.02565870,1.20494253
h4,bull,100,price20+macd+di+bb,2979,0.12519948,0.14400806,0.01880858,1.15022889
h4,bull,100,price20+macd+di+body,949,0.12519948,0.14963119,0.02443171,1.19514229
h4,bull,100,price20+macd+volatility+bb,1204,0.12519948,0.14784053,0.02264105,1.18083984
h4,bull,100,price20+macd+volatility+body,410,0.12519948,0.14390244,0.01870296,1.14938530
h4,bull,100,price20+macd+bb+body,1007,0.12519948,0.14498510,0.01978563,1.15803282
h4,bull,100,price20+adx+di+volatility,705,0.12519948,0.14751773,0.02231825,1.17826155
h4,bull,100,price20+adx+di+bb,1498,0.12519948,0.14419226,0.01899278,1.15170014
h4,bull,100,price20+adx+di+body,498,0.12519948,0.15863454,0.03343506,1.26705431
h4,bull,100,price20+adx+volatility+bb,749,0.12519948,0.14285714,0.01765767,1.14103625
h4,bull,100,price20+adx+volatility+body,268,0.12519948,0.15298507,0.02778560,1.22193061
h4,bull,100,price20+adx+bb+body,521,0.12519948,0.14779271,0.02259323,1.18045785
h4,bull,100,price20+di+volatility+bb,1201,0.12519948,0.14904246,0.02384299,1.19043999
h4,bull,100,price20+di+volatility+body,427,0.12519948,0.15222482,0.02702535,1.21585830
h4,bull,100,price20+di+bb+body,1036,0.12519948,0.14575290,0.02055342,1.16416537
h4,bull,100,price20+volatility+bb+body,449,0.12519948,0.14476615,0.01956667,1.15628395
h4,bull,100,price200+momentum+macd+adx,571,0.12519948,0.12959720,0.00439772,1.03512571
h4,bull,100,price200+momentum+macd+di,1571,0.12519948,0.13367282,0.00847334,1.06767873
h4,bull,100,price200+momentum+macd+volatility,626,0.12519948,0.14696486,0.02176538,1.17384560
h4,bull,100,price200+momentum+macd+bb,1664,0.12519948,0.12920673,0.00400725,1.03200695
h4,bull,100,price200+momentum+macd+body,571,0.12519948,0.14185639,0.01665691,1.13304300
h4,bull,100,price200+momentum+adx+di,786,0.12519948,0.10814249,-0.01705698,0.86376154
h4,bull,100,price200+momentum+adx+volatility,429,0.12519948,0.12820513,0.00300565,1.02400689
h4,bull,100,price200+momentum+adx+bb,716,0.12519948,0.10893855,-0.01626093,0.87011982
h4,bull,100,price200+momentum+adx+body,343,0.12519948,0.13994169,0.01474221,1.11774980
h4,bull,100,price200+momentum+di+volatility,724,0.12519948,0.13535912,0.01015964,1.08114761
h4,bull,100,price200+momentum+di+bb,1800,0.12519948,0.12666667,0.00146719,1.01171881
h4,bull,100,price200+momentum+di+body,694,0.12519948,0.12824207,0.00304260,1.02430200
h4,bull,100,price200+momentum+volatility+bb,695,0.12519948,0.13525180,0.01005232,1.08029044
h4,bull,100,price200+momentum+volatility+body,349,0.12519948,0.15759312,0.03239365,1.25873627
h4,bull,100,price200+momentum+bb+body,616,0.12519948,0.12824675,0.00304728,1.02433936
h4,bull,100,price200+macd+adx+di,1090,0.12519948,0.15779817,0.03259869,1.26037399
h4,bull,100,price200+macd+adx+volatility,531,0.12519948,0.15630885,0.03110937,1.24847846
h4,bull,100,price200+macd+adx+bb,1132,0.12519948,0.15371025,0.02851077,1.22772275
h4,bull,100,price200+macd+adx+body,392,0.12519948,0.16836735,0.04316787,1.34479273
h4,bull,100,price200+macd+di+volatility,883,0.12519948,0.15628539,0.03108591,1.24829108
h4,bull,100,price200+macd+di+bb,2331,0.12519948,0.14628915,0.02108967,1.16844853
h4,bull,100,price200+macd+di+body,784,0.12519948,0.14923469,0.02403522,1.19197537
h4,bull,100,price200+macd+volatility+bb,922,0.12519948,0.15292842,0.02772894,1.22147807
h4,bull,100,price200+macd+volatility+body,355,0.12519948,0.16901408,0.04381461,1.34995838
h4,bull,100,price200+macd+bb+body,801,0.12519948,0.14606742,0.02086794,1.16667752
h4,bull,100,price200+adx+di+volatility,635,0.12519948,0.14173228,0.01653281,1.13205171
h4,bull,100,price200+adx+di+bb,1259,0.12519948,0.14614774,0.02094826,1.16731906
h4,bull,100,price200+adx+di+body,483,0.12519948,0.15113872,0.02593924,1.20718328
h4,bull,100,price200+adx+volatility+bb,590,0.12519948,0.14576271,0.02056323,1.16424377
h4,bull,100,price200+adx+volatility+body,363,0.12519948,0.18181818,0.05661870,1.45222796
h4,bull,100,price200+adx+bb+body,427,0.12519948,0.15690867,0.03170919,1.25326933
h4,bull,100,price200+di+volatility+bb,965,0.12519948,0.15233161,0.02713213,1.21671120
h4,bull,100,price200+di+volatility+body,413,0.12519948,0.15254237,0.02734290,1.21839464
h4,bull,100,price200+di+bb+body,846,0.12519948,0.14302600,0.01782653,1.14238499
h4,bull,100,price200+volatility+bb+body,368,0.12519948,0.15760870,0.03240922,1.25886065
h4,bull,100,momentum+macd+adx+di,778,0.12519948,0.12982005,0.00462057,1.03690569
h4,bull,100,momentum+macd+adx+volatility,477,0.12519948,0.13417191,0.00897243,1.07166508
h4,bull,100,momentum+macd+adx+bb,902,0.12519948,0.12416851,-0.00103096,0.99176543
h4,bull,100,momentum+macd+adx+body,336,0.12519948,0.14285714,0.01765767,1.14103625
h4,bull,100,momentum+macd+di+volatility,825,0.12519948,0.13939394,0.01419446,1.11337477
h4,bull,100,momentum+macd+di+bb,2248,0.12519948,0.13167260,0.00647312,1.05170245
h4,bull,100,momentum+macd+di+body,753,0.12519948,0.14077025,0.01557077,1.12436773
h4,bull,100,momentum+macd+volatility+bb,934,0.12519948,0.13276231,0.00756283,1.06040628
h4,bull,100,momentum+macd+volatility+body,353,0.12519948,0.14730878,0.02210930,1.17659262
h4,bull,100,momentum+macd+bb+body,802,0.12519948,0.13341646,0.00821698,1.06563111
h4,bull,100,momentum+adx+di+volatility,513,0.12519948,0.11890838,-0.00629110,0.94975142
h4,bull,100,momentum+adx+di+bb,929,0.12519948,0.11840689,-0.00679259,0.94574587
h4,bull,100,momentum+adx+di+body,397,0.12519948,0.13350126,0.00830178,1.06630844
h4,bull,100,momentum+adx+volatility+bb,523,0.12519948,0.12237094,-0.00282854,0.97740773
h4,bull,100,momentum+adx+volatility+body,258,0.12519948,0.13953488,0.01433541,1.11450053
h4,bull,100,momentum+adx+bb+body,365,0.12519948,0.12602740,0.00082792,1.00661280
h4,bull,100,momentum+di+volatility+bb,893,0.12519948,0.13325868,0.00805920,1.06437088
h4,bull,100,momentum+di+volatility+body,379,0.12519948,0.13720317,0.01200369,1.09587651
h4,bull,100,momentum+di+bb+body,800,0.12519948,0.13250000,0.00730052,1.05831112
h4,bull,100,momentum+volatility+bb+body,353,0.12519948,0.12747875,0.00227928,1.01820515
h4,bull,100,rsi_extreme+adx+volatility+body,180,0.12519948,0.26111111,0.13591163,2.08556071
h4,bull,100,macd+adx+di+volatility,651,0.12519948,0.14746544,0.02226596,1.17784387
h4,bull,100,macd+adx+di+bb,1350,0.12519948,0.15185185,0.02665237,1.21287928
h4,bull,100,macd+adx+di+body,469,0.12519948,0.15991471,0.03471523,1.27727939
h4,bull,100,macd+adx+volatility+bb,726,0.12519948,0.14600551,0.02080603,1.16618306
h4,bull,100,macd+adx+volatility+body,338,0.12519948,0.17751479,0.05231532,1.41785570
h4,bull,100,macd+adx+bb+body,505,0.12519948,0.15643564,0.03123617,1.24949118
h4,bull,100,macd+di+volatility+bb,1135,0.12519948,0.14889868,0.02369920,1.18929153
h4,bull,100,macd+di+volatility+body,426,0.12519948,0.15727700,0.03207752,1.25621127
h4,bull,100,macd+di+bb+body,996,0.12519948,0.14859438,0.02339490,1.18686100
h4,bull,100,macd+volatility+bb+body,442,0.12519948,0.14705882,0.02185935,1.17459614
h4,bull,100,adx+di+volatility+bb,709,0.12519948,0.14527504,0.02007556,1.16034857
h4,bull,100,adx+di+volatility+body,297,0.12519948,0.14814815,0.02294867,1.18329685
h4,bull,100,adx+di+bb+body,507,0.12519948,0.15581854,0.03061906,1.24456222
h4,bull,100,adx+volatility+bb+body,282,0.12519948,0.15248227,0.02728279,1.21791458
h4,bull,100,di+volatility+bb+body,436,0.12519948,0.14908257,0.02388309,1.19076031
h4,bull,150,trend,3073,0.04685913,0.04783599,0.00097686,1.02084670
h4,bull,150,price20,3645,0.04685913,0.05761317,0.01075404,1.22949713
h4,bull,150,price200,3970,0.04685913,0.04811083,0.00125170,1.02671195
h4,bull,150,momentum,3561,0.04685913,0.04745858,0.00059945,1.01279252
h4,bull,150,rsi_extreme,569,0.04685913,0.05448155,0.00762241,1.16266657
h4,bull,150,macd,3956,0.04685913,0.05687563,0.01001650,1.21375768
h4,bull,150,adx,3117,0.04685913,0.05774783,0.01088870,1.23237097
h4,bull,150,di,3744,0.04685913,0.05715812,0.01029899,1.21978613
h4,bull,150,volatility,2909,0.04685913,0.05912685,0.01226772,1.26179988
h4,bull,150,bb,3727,0.04685913,0.05715052,0.01029139,1.21962401
h4,bull,150,body,2993,0.04685913,0.04878049,0.00192136,1.04100279
h4,bull,150,trend+price20,1995,0.04685913,0.05714286,0.01028372,1.21946042
h4,bull,150,trend+price200,2940,0.04685913,0.04727891,0.00041978,1.00895832
h4,bull,150,trend+momentum,1755,0.04685913,0.04102564,-0.00583349,0.87551004
h4,bull,150,trend+macd,1769,0.04685913,0.05992086,0.01306173,1.27874453
h4,bull,150,trend+adx,1361,0.04685913,0.05584129,0.00898216,1.19168432
h4,bull,150,trend+di,2110,0.04685913,0.05592417,0.00906504,1.19345297
h4,bull,150,trend+volatility,1215,0.04685913,0.06008230,0.01322317,1.28218986
h4,bull,150,trend+bb,1974,0.04685913,0.05623100,0.00937187,1.20000094
h4,bull,150,trend+body,1297,0.04685913,0.04394757,-0.00291156,0.93786566
h4,bull,150,price20+price200,2792,0.04685913,0.05730659,0.01044746,1.22295457
h4,bull,150,price20+momentum,2808,0.04685913,0.05056980,0.00371067,1.07918773
h4,bull,150,price20+macd,3221,0.04685913,0.06085067,0.01399154,1.29858715
h4,bull,150,price20+adx,1649,0.04685913,0.06610067,0.01924153,1.41062507
h4,bull,150,price20+di,3344,0.04685913,0.06010766,0.01324852,1.28273086
h4,bull,150,price20+volatility,1353,0.04685913,0.06577975,0.01892062,1.40377649
h4,bull,150,price20+bb,3535,0.04685913,0.05855728,0.01169815,1.24964508
h4,bull,150,price20+body,1141,0.04685913,0.05346188,0.00660274,1.14090622
h4,bull,150,price200+momentum,2451,0.04685913,0.04447164,-0.00238749,0.94904967
h4,bull,150,price200+macd,2602,0.04685913,0.05918524,0.01232611,1.26304605
h4,bull,150,price200+adx,1765,0.04685913,0.06062323,0.01376410,1.29373350
h4,bull,150,price200+di,2875,0.04685913,0.05669565,0.00983652,1.20991681
h4,bull,150,price200+volatility,1550,0.04685913,0.06129032,0.01443119,1.30796964
h4,bull,150,price200+bb,2780,0.04685913,0.05719424,0.01033511,1.22055705
h4,bull,150,price200+body,1541,0.04685913,0.04477612,-0.00208301,0.95554734
h4,bull,150,momentum+macd,2698,0.04685913,0.05300222,0.00614309,1.13109699
h4,bull,150,momentum+adx,1309,0.04685913,0.05729565,0.01043651,1.22272101
h4,bull,150,momentum+di,2839,0.04685913,0.05072209,0.00386295,1.08243757
h4,bull,150,momentum+volatility,1312,0.04685913,0.05792683,0.01106770,1.23619082
h4,bull,150,momentum+bb,2865,0.04685913,0.05026178,0.00340265,1.07261440
h4,bull,150,momentum+body,1244,0.04685913,0.04581994,-0.00103920,0.97782296
h4,bull,150,rsi_extreme+adx,445,0.04685913,0.05393258,0.00707345,1.15095140
h4,bull,150,rsi_extreme+volatility,355,0.04685913,0.07887324,0.03201411,1.68319888
h4,bull,150,rsi_extreme+body,361,0.04685913,0.06925208,0.02239295,1.47787793
h4,bull,150,macd+adx,1781,0.04685913,0.06906232,0.02220319,1.47382849
h4,bull,150,macd+di,3147,0.04685913,0.06228154,0.01542241,1.32912273
h4,bull,150,macd+volatility,1537,0.04685913,0.06571243,0.01885329,1.40233981
h4,bull,150,macd+bb,3382,0.04685913,0.05972797,0.01286884,1.27462820
h4,bull,150,macd+body,1406,0.04685913,0.05689900,0.01003987,1.21425646
h4,bull,150,adx+di,1694,0.04685913,0.06552538,0.01866625,1.39834820
h4,bull,150,adx+volatility,1647,0.04685913,0.06678810,0.01992897,1.42529526
h4,bull,150,adx+bb,1696,0.04685913,0.06662736,0.01976823,1.42186496
h4,bull,150,adx+body,1339,0.04685913,0.05825243,0.01139329,1.24313926
h4,bull,150,di+volatility,1385,0.04685913,0.06787004,0.02101090,1.44838439
h4,bull,150,di+bb,3364,0.04685913,0.06034483,0.01348570,1.28779225
h4,bull,150,di+body,1302,0.04685913,0.05529954,0.00844041,1.18012298
h4,bull,150,volatility+bb,1401,0.04685913,0.06352605,0.01666692,1.35568137
h4,bull,150,volatility+body,1378,0.04685913,0.06458636,0.01772722,1.37830885
h4,bull,150,bb+body,1204,0.04685913,0.05481728,0.00795814,1.16983121
h4,bull,150,trend+price20+price200,1995,0.04685913,0.05714286,0.01028372,1.21946042
h4,bull,150,trend+price20+momentum,1341,0.04685913,0.04399702,-0.00286212,0.93892086
h4,bull,150,trend+price20+macd,1666,0.04685913,0.06122449,0.01436536,1.30656473
h4,bull,150,trend+price20+adx,977,0.04685913,0.05834186,0.01148273,1.24504787
h4,bull,150,trend+price20+di,1895,0.04685913,0.05910290,0.01224377,1.26128887
h4,bull,150,trend+price20+volatility,722,0.04685913,0.06094183,0.01408270,1.30053258
h4,bull,150,trend+price20+bb,1923,0.04685913,0.05772231,0.01086318,1.23182624
h4,bull,150,trend+price20+body,652,0.04685913,0.04601227,-0.00084686,0.98192748
h4,bull,150,trend+price200+momentum,1751,0.04685913,0.04111936,-0.00573977,0.87751007
h4,bull,150,trend+price200+macd,1765,0.04685913,0.06005666,0.01319752,1.28164253
h4,bull,150,trend+price200+adx,1335,0.04685913,0.05617978,0.00932064,1.19890771
h4,bull,150,trend+price200+di,2107,0.04685913,0.05600380,0.00914466,1.19515223
h4,bull,150,trend+price200+volatility,1140,0.04685913,0.05789474,0.01103560,1.23550595
h4,bull,150,trend+price200+bb,1974,0.04685913,0.05623100,0.00937187,1.20000094
h4,bull,150,trend+price200+body,1194,0.04685913,0.04103853,-0.00582061,0.87578501
h4,bull,150,trend+momentum+macd,1115,0.04685913,0.04753363,0.00067450,1.01439420
h4,bull,150,trend+momentum+adx,660,0.04685913,0.03939394,-0.00746519,0.84068862
h4,bull,150,trend+momentum+di,1437,0.04685913,0.04384134,-0.00301780,0.93559854
h4,bull,150,trend+momentum+volatility,623,0.04685913,0.05457464,0.00771551,1.16465321
h4,bull,150,trend+momentum+bb,1325,0.04685913,0.04226415,-0.00459498,0.90194053
h4,bull,150,trend+momentum+body,647,0.04685913,0.03400309,-0.01285604,0.72564492
h4,bull,150,trend+macd+adx,819,0.04685913,0.06959707,0.02273794,1.48524025
h4,bull,150,trend+macd+di,1659,0.04685913,0.06208559,0.01522646,1.32494117
h4,bull,150,trend+macd+volatility,647,0.04685913,0.06800618,0.02114705,1.45128983
h4,bull,150,trend+macd+bb,1699,0.04685913,0.06003531,0.01317618,1.28118708
h4,bull,150,trend+macd+body,617,0.04685913,0.04862237,0.00176323,1.03762839
h4,bull,150,trend+adx+di,1075,0.04685913,0.05767442,0.01081529,1.23080423
h4,bull,150,trend+adx+volatility,661,0.04685913,0.06051437,0.01365524,1.29141043
h4,bull,150,trend+adx+bb,966,0.04685913,0.05797101,0.01111188,1.23713376
h4,bull,150,trend+adx+body,563,0.04685913,0.05506217,0.00820303,1.17505733
h4,bull,150,trend+di+volatility,776,0.04685913,0.06056701,0.01370788,1.29253375
h4,bull,150,trend+di+bb,1884,0.04685913,0.05891720,0.01205806,1.25732583
h4,bull,150,trend+di+body,754,0.04685913,0.04509284,-0.00176629,0.96230630
h4,bull,150,trend+volatility+bb,718,0.04685913,0.05849582,0.01163669,1.24833343
h4,bull,150,trend+volatility+body,580,0.04685913,0.06206897,0.01520983,1.32458631
h4,bull,150,trend+bb+body,655,0.04685913,0.04427481,-0.00258432,0.94484910
h4,bull,150,price20+price200+momentum,1970,0.04685913,0.04720812,0.00034899,1.00744763
h4,bull,150,price20+price200+macd,2416,0.04685913,0.06043046,0.01357133,1.28961977
h4,bull,150,price20+price200+adx,1319,0.04685913,0.06444276,0.01758363,1.37524440
h4,bull,150,price20+price200+di,2624,0.04685913,0.05945122,0.01259209,1.26872216
h4,bull,150,price20+price200+volatility,1029,0.04685913,0.06705539,0.02019626,1.43099947
h4,bull,150,price20+price200+bb,2707,0.04685913,0.05799778,0.01113865,1.23770502
h4,bull,150,price20+price200+body,886,0.04685913,0.05079007,0.00393094,1.08388835
h4,bull,150,price20+momentum+macd,2404,0.04685913,0.05407654,0.00721741,1.15402348
h4,bull,150,price20+momentum+adx,1048,0.04685913,0.05534351,0.00848438,1.18106138
h4,bull,150,price20+momentum+di,2516,0.04685913,0.05286169,0.00600255,1.12809782
h4,bull,150,price20+momentum+volatility,1011,0.04685913,0.05835806,0.01149893,1.24539355
h4,bull,150,price20+momentum+bb,2703,0.04685913,0.05142434,0.00456521,1.09742414
h4,bull,150,price20+momentum+body,852,0.04685913,0.04342723,-0.00343190,0.92676129
h4,bull,150,price20+macd+adx,1432,0.04685913,0.07192737,0.02506824,1.53497025
h4,bull,150,price20+macd+di,2986,0.04685913,0.06329538,0.01643625,1.35075865
h4,bull,150,price20+macd+volatility,1207,0.04685913,0.06876553,0.02190640,1.46749483
h4,bull,150,price20+macd+bb,3205,0.04685913,0.06115445,0.01429531,1.30506996
h4,bull,150,price20+macd+body,1010,0.04685913,0.05643564,0.00957651,1.20436808
h4,bull,150,price20+adx+di,1532,0.04685913,0.06788512,0.02102599,1.44870624
h4,bull,150,price20+adx+volatility,766,0.04685913,0.06657963,0.01972050,1.42084650
h4,bull,150,price20+adx+bb,1607,0.04685913,0.06720597,0.02034684,1.43421293
h4,bull,150,price20+adx+body,531,0.04685913,0.05838041,0.01152128,1.24587058
h4,bull,150,price20+di+volatility,1227,0.04685913,0.06927465,0.02241552,1.47835971
h4,bull,150,price20+di+bb,3273,0.04685913,0.06110602,0.01424689,1.30403650
h4,bull,150,price20+di+body,1058,0.04685913,0.05765595,0.01079682,1.23041020
h4,bull,150,price20+volatility+bb,1317,0.04685913,0.06605923,0.01920009,1.40974069
h4,bull,150,price20+volatility+body,463,0.04685913,0.05831533,0.01145620,1.24448174
h4,bull,150,price20+bb+body,1109,0.04685913,0.05410280,0.00724366,1.15458380
h4,bull,150,price200+momentum+macd,1746,0.04685913,0.05040092,0.00354178,1.07558364
h4,bull,150,price200+momentum+adx,914,0.04685913,0.05142232,0.00456319,1.09738095
h4,bull,150,price200+momentum+di,2030,0.04685913,0.04729064,0.00043151,1.00920862
h4,bull,150,price200+momentum+volatility,894,0.04685913,0.05928412,0.01242498,1.26515608
h4,bull,150,price200+momentum+bb,1960,0.04685913,0.04693878,0.00007964,1.00169963
h4,bull,150,price200+momentum+body,850,0.04685913,0.03882353,-0.00803560,0.82851575
h4,bull,150,price200+macd+adx,1161,0.04685913,0.07321275,0.02635362,1.56240083
h4,bull,150,price200+macd+di,2371,0.04685913,0.06157739,0.01471826,1.31409589
h4,bull,150,price200+macd+volatility,966,0.04685913,0.07142857,0.02456944,1.52432552
h4,bull,150,price200+macd+bb,2464,0.04685913,0.06006494,0.01320580,1.28181919
h4,bull,150,price200+macd+body,879,0.04685913,0.05574516,0.00888603,1.18963289
h4,bull,150,price200+adx+di,1393,0.04685913,0.06389088,0.01703175,1.36346705
h4,bull,150,price200+adx+volatility,844,0.04685913,0.06990521,0.02304608,1.49181621
h4,bull,150,price200+adx+bb,1312,0.04685913,0.06554878,0.01868965,1.39884750
h4,bull,150,price200+adx+body,685,0.04685913,0.05839416,0.01153503,1.24616393
h4,bull,150,price200+di+volatility,1072,0.04685913,0.06716418,0.02030505,1.43332101
h4,bull,150,price200+di+bb,2613,0.04685913,0.05931879,0.01245966,1.26589605
h4,bull,150,price200+di+body,994,0.04685913,0.05030181,0.00344268,1.07346868
h4,bull,150,price200+volatility+bb,1032,0.04685913,0.06589147,0.01903234,1.40616075
h4,bull,150,price200+volatility+body,667,0.04685913,0.06296852,0.01610938,1.34378322
h4,bull,150,price200+bb+body,898,0.04685913,0.05122494,0.00436581,1.09316886
h4,bull,150,momentum+macd+adx,933,0.04685913,0.06645230,0.01959317,1.41812921
h4,bull,150,momentum+macd+di,2308,0.04685913,0.05545927,0.00860014,1.18353177
h4,bull,150,momentum+macd+volatility,997,0.04685913,0.06218656,0.01532743,1.32709584
h4,bull,150,momentum+macd+bb,2540,0.04685913,0.05314961,0.00629047,1.13424222
h4,bull,150,momentum+macd+body,896,0.04685913,0.05133929,0.00448015,1.09560897
h4,bull,150,momentum+adx+di,1069,0.04685913,0.05612722,0.00926809,1.19778619
h4,bull,150,momentum+adx+volatility,646,0.04685913,0.06501548,0.01815635,1.38746657
h4,bull,150,momentum+adx+bb,1071,0.04685913,0.05695612,0.01009698,1.21547525
h4,bull,150,momentum+adx+body,487,0.04685913,0.05338809,0.00652896,1.13933160
h4,bull,150,momentum+di+volatility,1013,0.04685913,0.06219151,0.01533238,1.32720149
h4,bull,150,momentum+di+bb,2533,0.04685913,0.05329649,0.00643735,1.13737672
h4,bull,150,momentum+di+body,967,0.04685913,0.04756980,0.00071067,1.01516612
h4,bull,150,momentum+volatility+bb,1044,0.04685913,0.05651341,0.00965428,1.20602766
h4,bull,150,momentum+volatility+body,496,0.04685913,0.05443548,0.00757635,1.16168356
h4,bull,150,momentum+bb+body,903,0.04685913,0.04540421,-0.00145492,0.96895111
h4,bull,150,rsi_extreme+adx+volatility,286,0.04685913,0.07692308,0.03006394,1.64158133
h4,bull,150,rsi_extreme+adx+body,268,0.04685913,0.06716418,0.02030505,1.43332101
h4,bull,150,rsi_extreme+volatility+body,232,0.04685913,0.09913793,0.05227880,2.11565870
h4,bull,150,macd+adx+di,1367,0.04685913,0.07388442,0.02702529,1.57673466
h4,bull,150,macd+adx+volatility,885,0.04685913,0.07005650,0.02319736,1.49504469
h4,bull,150,macd+adx+bb,1508,0.04685913,0.07161804,0.02475890,1.52836882
h4,bull,150,macd+adx+body,641,0.04685913,0.07020281,0.02334368,1.49816705
h4,bull,150,macd+di+volatility,1171,0.04685913,0.07258753,0.02572840,1.54905838
h4,bull,150,macd+di+bb,3059,0.04685913,0.06276561,0.01590648,1.33945309
h4,bull,150,macd+di+body,1053,0.04685913,0.06077873,0.01391959,1.29705191
h4,bull,150,macd+volatility+bb,1283,0.04685913,0.06625097,0.01939184,1.41383271
h4,bull,150,macd+volatility+body,581,0.04685913,0.06712565,0.02026651,1.43249868
h4,bull,150,macd+bb+body,1098,0.04685913,0.05737705,0.01051792,1.22445820
h4,bull,150,adx+di+volatility,790,0.04685913,0.07088608,0.02402694,1.51274836
h4,bull,150,adx+di+bb,1530,0.04685913,0.06862745,0.02176832,1.46454805
h4,bull,150,adx+di+body,597,0.04685913,0.06030151,0.01344238,1.28686778
h4,bull,150,adx+volatility+bb,799,0.04685913,0.06633292,0.01947378,1.41558140
h4,bull,150,adx+volatility+body,769,0.04685913,0.07152146,0.02466232,1.52630774
h4,bull,150,adx+bb+body,560,0.04685913,0.06250000,0.01564087,1.33378483
h4,bull,150,di+volatility+bb,1236,0.04685913,0.06957929,0.02272016,1.48486078
h4,bull,150,di+volatility+body,525,0.04685913,0.06666667,0.01980753,1.42270382
h4,bull,150,di+bb+body,1089,0.04685913,0.05785124,0.01099211,1.23457769
h4,bull,150,volatility+bb+body,485,0.04685913,0.05979381,0.01293468,1.27603332
h4,bull,150,trend+price20+price200+momentum,1341,0.04685913,0.04399702,-0.00286212,0.93892086
h4,bull,150,trend+price20+price200+macd,1666,0.04685913,0.06122449,0.01436536,1.30656473
h4,bull,150,trend+price20+price200+adx,977,0.04685913,0.05834186,0.01148273,1.24504787
h4,bull,150,trend+price20+price200+di,1895,0.04685913,0.05910290,0.01224377,1.26128887
h4,bull,150,trend+price20+price200+volatility,722,0.04685913,0.06094183,0.01408270,1.30053258
h4,bull,150,trend+price20+price200+bb,1923,0.04685913,0.05772231,0.01086318,1.23182624
h4,bull,150,trend+price20+price200+body,652,0.04685913,0.04601227,-0.00084686,0.98192748
h4,bull,150,trend+price20+momentum+macd,1032,0.04685913,0.04748062,0.00062149,1.01326289
h4,bull,150,trend+price20+momentum+adx,491,0.04685913,0.03054990,-0.01630923,0.65195185
h4,bull,150,trend+price20+momentum+di,1247,0.04685913,0.04570970,-0.00114943,0.97547054
h4,bull,150,trend+price20+momentum+volatility,457,0.04685913,0.05032823,0.00346910,1.07403242
h4,bull,150,trend+price20+momentum+bb,1274,0.04685913,0.04395604,-0.00290309,0.93804647
h4,bull,150,trend+price20+momentum+body,433,0.04685913,0.03233256,-0.01452657,0.68999492
h4,bull,150,trend+price20+macd+adx,797,0.04685913,0.06649937,0.01964024,1.41913367
h4,bull,150,trend+price20+macd+di,1616,0.04685913,0.06311881,0.01625968,1.34699062
h4,bull,150,trend+price20+macd+volatility,605,0.04685913,0.06611570,0.01925657,1.41094594
h4,bull,150,trend+price20+macd+bb,1660,0.04685913,0.06144578,0.01458665,1.31128725
h4,bull,150,trend+price20+macd+body,550,0.04685913,0.04727273,0.00041359,1.00882634
h4,bull,150,trend+price20+adx+di,956,0.04685913,0.05962343,0.01276430,1.27239724
h4,bull,150,trend+price20+adx+volatility,434,0.04685913,0.05069124,0.00383211,1.08177940
h4,bull,150,trend+price20+adx+bb,947,0.04685913,0.05913411,0.01227498,1.26195481
h4,bull,150,trend+price20+adx+body,319,0.04685913,0.05329154,0.00643240,1.13727108
h4,bull,150,trend+price20+di+volatility,688,0.04685913,0.06104651,0.01418738,1.30276658
h4,bull,150,trend+price20+di+bb,1849,0.04685913,0.06003245,0.01317332,1.28112594
h4,bull,150,trend+price20+di+body,621,0.04685913,0.04830918,0.00145005,1.03094480
h4,bull,150,trend+price20+volatility+bb,698,0.04685913,0.06017192,0.01331279,1.28410230
h4,bull,150,trend+price20+volatility+body,263,0.04685913,0.04182510,-0.00503404,0.89257084
h4,bull,150,trend+price20+bb+body,629,0.04685913,0.04610493,-0.00075420,0.98390487
h4,bull,150,trend+price200+momentum+macd,1115,0.04685913,0.04753363,0.00067450,1.01439420
h4,bull,150,trend+price200+momentum+adx,659,0.04685913,0.03945372,-0.00740541,0.84196432
h4,bull,150,trend+price200+momentum+di,1436,0.04685913,0.04387187,-0.00298727,0.93625008
h4,bull,150,trend+price200+momentum+volatility,622,0.04685913,0.05466238,0.00780325,1.16652564
h4,bull,150,trend+price200+momentum+bb,1325,0.04685913,0.04226415,-0.00459498,0.90194053
h4,bull,150,trend+price200+momentum+body,645,0.04685913,0.03410853,-0.01275061,0.72789498
h4,bull,150,trend+price200+macd+adx,818,0.04685913,0.06968215,0.02282302,1.48705595
h4,bull,150,trend+price200+macd+di,1658,0.04685913,0.06212304,0.01526391,1.32574029
h4,bull,150,trend+price200+macd+volatility,645,0.04685913,0.06821705,0.02135792,1.45578995
h4,bull,150,trend+price200+macd+bb,1699,0.04685913,0.06003531,0.01317618,1.28118708
h4,bull,150,trend+price200+macd+body,613,0.04685913,0.04893964,0.00208051,1.04439921
h4,bull,150,trend+price200+adx+di,1073,0.04685913,0.05778192,0.01092279,1.23309837
h4,bull,150,trend+price200+adx+volatility,642,0.04685913,0.06074766,0.01388853,1.29638899
h4,bull,150,trend+price200+adx+bb,966,0.04685913,0.05797101,0.01111188,1.23713376
h4,bull,150,trend+price200+adx+body,543,0.04685913,0.05524862,0.00838949,1.17903631
h4,bull,150,trend+price200+di+volatility,775,0.04685913,0.06064516,0.01378603,1.29420154
h4,bull,150,trend+price200+di+bb,1884,0.04685913,0.05891720,0.01205806,1.25732583
h4,bull,150,trend+price200+di+body,753,0.04685913,0.04515272,-0.00170641,0.96358426
h4,bull,150,trend+price200+volatility+bb,718,0.04685913,0.05849582,0.01163669,1.24833343
h4,bull,150,trend+price200+volatility+body,519,0.04685913,0.05587669,0.00901755,1.19243962
h4,bull,150,trend+price200+bb+body,655,0.04685913,0.04427481,-0.00258432,0.94484910
h4,bull,150,trend+momentum+macd+adx,348,0.04685913,0.04885057,0.00199144,1.04249849
h4,bull,150,trend+momentum+macd+di,1030,0.04685913,0.04854369,0.00168456,1.03594938
h4,bull,150,trend+momentum+macd+volatility,381,0.04685913,0.06299213,0.01613299,1.34428707
h4,bull,150,trend+momentum+macd+bb,1070,0.04685913,0.04579439,-0.00106474,0.97727786
h4,bull,150,trend+momentum+macd+body,389,0.04685913,0.03598972,-0.01086942,0.76804062
h4,bull,150,trend+momentum+adx+di,574,0.04685913,0.03484321,-0.01201593,0.74357342
h4,bull,150,trend+momentum+adx+volatility,307,0.04685913,0.04885993,0.00200080,1.04269824
h4,bull,150,trend+momentum+adx+bb,480,0.04685913,0.02916667,-0.01769247,0.62243292
h4,bull,150,trend+momentum+adx+body,263,0.04685913,0.04182510,-0.00503404,0.89257084
h4,bull,150,trend+momentum+di+volatility,500,0.04685913,0.05200000,0.00514087,1.10970898
h4,bull,150,trend+momentum+di+bb,1237,0.04685913,0.04527082,-0.00158832,0.96610445
h4,bull,150,trend+momentum+di+body,518,0.04685913,0.03474903,-0.01211010,0.74156377
h4,bull,150,trend+momentum+volatility+bb,453,0.04685913,0.04635762,-0.00050152,0.98929736
h4,bull,150,trend+momentum+volatility+body,261,0.04685913,0.04597701,-0.00088212,0.98117505
h4,bull,150,trend+momentum+bb+body,436,0.04685913,0.02981651,-0.01704262,0.63630102
h4,bull,150,trend+macd+adx+di,798,0.04685913,0.06766917,0.02081004,1.44409786
h4,bull,150,trend+macd+adx+volatility,375,0.04685913,0.06666667,0.01980753,1.42270382
h4,bull,150,trend+macd+adx+bb,807,0.04685913,0.06567534,0.01881621,1.40154837
h4,bull,150,trend+macd+adx+body,281,0.04685913,0.07117438,0.02431524,1.51890087
h4,bull,150,trend+macd+di+volatility,606,0.04685913,0.06765677,0.02079763,1.44383308
h4,bull,150,trend+macd+di+bb,1640,0.04685913,0.06219512,0.01533599,1.32727856
h4,bull,150,trend+macd+di+body,566,0.04685913,0.04770318,0.00084405,1.01801245
h4,bull,150,trend+macd+volatility+bb,621,0.04685913,0.06441224,0.01755311,1.37459306
h4,bull,150,trend+macd+volatility+body,245,0.04685913,0.05714286,0.01028372,1.21946042
h4,bull,150,trend+macd+bb+body,571,0.04685913,0.04553415,-0.00132498,0.97172415
h4,bull,150,trend+adx+di+volatility,487,0.04685913,0.05338809,0.00652896,1.13933160
h4,bull,150,trend+adx+di+bb,945,0.04685913,0.05925926,0.01240013,1.26462562
h4,bull,150,trend+adx+di+body,386,0.04685913,0.05181347,0.00495434,1.10572836
h4,bull,150,trend+adx+volatility+bb,430,0.04685913,0.05116279,0.00430366,1.09184247
h4,bull,150,trend+adx+volatility+body,310,0.04685913,0.07096774,0.02410861,1.51449116
h4,bull,150,trend+adx+bb+body,318,0.04685913,0.05031447,0.00345533,1.07373873
h4,bull,150,trend+di+volatility+bb,686,0.04685913,0.06122449,0.01436536,1.30656473
h4,bull,150,trend+di+volatility+body,309,0.04685913,0.04854369,0.00168456,1.03594938
h4,bull,150,trend+di+bb+body,625,0.04685913,0.04640000,-0.00045913,0.99020186
h4,bull,150,trend+volatility+bb+body,266,0.04685913,0.04135338,-0.00550575,0.88250425
h4,bull,150,price20+price200+momentum+macd,1614,0.04685913,0.05018587,0.00332674,1.07099451
h4,bull,150,price20+price200+momentum+adx,725,0.04685913,0.04689655,0.00003742,1.00079855
h4,bull,150,price20+price200+momentum+di,1811,0.04685913,0.04914412,0.00228499,1.04876289
h4,bull,150,price20+price200+momentum+volatility,693,0.04685913,0.05772006,0.01086093,1.23177820
h4,bull,150,price20+price200+momentum+bb,1890,0.04685913,0.04761905,0.00075992,1.01621701
h4,bull,150,price20+price200+momentum+body,606,0.04685913,0.03630363,-0.01055550,0.77473970
h4,bull,150,price20+price200+macd+adx,1115,0.04685913,0.07085202,0.02399289,1.51202155
h4,bull,150,price20+price200+macd+di,2302,0.04685913,0.06255430,0.01569517,1.33494363
h4,bull,150,price20+price200+macd+volatility,897,0.04685913,0.07023411,0.02337498,1.49883513
h4,bull,150,price20+price200+macd+bb,2403,0.04685913,0.06075739,0.01389825,1.29659649
h4,bull,150,price20+price200+macd+body,769,0.04685913,0.05331599,0.00645686,1.13779304
h4,bull,150,price20+price200+adx+di,1271,0.04685913,0.06608969,0.01923056,1.41039088
h4,bull,150,price20+price200+adx+volatility,590,0.04685913,0.06610169,0.01924256,1.41064701
h4,bull,150,price20+price200+adx+bb,1284,0.04685913,0.06542056,0.01856143,1.39611122
h4,bull,150,price20+price200+adx+body,424,0.04685913,0.05660377,0.00974464,1.20795607
h4,bull,150,price20+price200+di+volatility,966,0.04685913,0.06832298,0.02146385,1.45805050
h4,bull,150,price20+price200+di+bb,2569,0.04685913,0.06033476,0.01347563,1.28757741
h4,bull,150,price20+price200+di+body,840,0.04685913,0.05357143,0.00671230,1.14324414
h4,bull,150,price20+price200+volatility+bb,1001,0.04685913,0.06693307,0.02007393,1.42838895
h4,bull,150,price20+price200+volatility+body,363,0.04685913,0.05785124,0.01099211,1.23457769
h4,bull,150,price20+price200+bb+body,860,0.04685913,0.05116279,0.00430366,1.09184247
h4,bull,150,price20+momentum+macd+adx,850,0.04685913,0.06352941,0.01667028,1.35575305
h4,bull,150,price20+momentum+macd+di,2178,0.04685913,0.05647383,0.00961470,1.20518299
h4,bull,150,price20+momentum+macd+volatility,873,0.04685913,0.06185567,0.01499654,1.32003447
h4,bull,150,price20+momentum+macd+bb,2393,0.04685913,0.05432511,0.00746598,1.15932823
h4,bull,150,price20+momentum+macd+body,726,0.04685913,0.04545455,-0.00140459,0.97002533
h4,bull,150,price20+momentum+adx+di,932,0.04685913,0.05686695,0.01000782,1.21357246
h4,bull,150,price20+momentum+adx+volatility,504,0.04685913,0.05753968,0.01068055,1.22792889
h4,bull,150,price20+momentum+adx+bb,1006,0.04685913,0.05666004,0.00980091,1.20915682
h4,bull,150,price20+momentum+adx+body,345,0.04685913,0.04057971,-0.00627942,0.86599363
h4,bull,150,price20+momentum+di+volatility,885,0.04685913,0.06214689,0.01528776,1.32624932
h4,bull,150,price20+momentum+di+bb,2446,0.04685913,0.05396566,0.00710653,1.15165722
h4,bull,150,price20+momentum+di+body,771,0.04685913,0.04798962,0.00113049,1.02412532
h4,bull,150,price20+momentum+volatility+bb,975,0.04685913,0.05846154,0.01160241,1.24760181
h4,bull,150,price20+momentum+volatility+body,336,0.04685913,0.04166667,-0.00519247,0.88918989
h4,bull,150,price20+momentum+bb+body,820,0.04685913,0.04390244,-0.00295669,0.93690251
h4,bull,150,price20+macd+adx+di,1326,0.04685913,0.07390649,0.02704735,1.57720559
h4,bull,150,price20+macd+adx+volatility,680,0.04685913,0.07058824,0.02372910,1.50639228
h4,bull,150,price20+macd+adx+bb,1428,0.04685913,0.07212885,0.02526972,1.53926989
h4,bull,150,price20+macd+adx+body,469,0.04685913,0.06396588,0.01710675,1.36506763
h4,bull,150,price20+macd+di+volatility,1107,0.04685913,0.07317073,0.02631160,1.56150419
h4,bull,150,price20+macd+di+bb,2979,0.04685913,0.06344411,0.01658498,1.35393264
h4,bull,150,price20+macd+di+body,949,0.04685913,0.06006322,0.01320409,1.28178268
h4,bull,150,price20+macd+volatility+bb,1204,0.04685913,0.06893688,0.02207774,1.47115137
h4,bull,150,price20+macd+volatility+body,410,0.04685913,0.06341463,0.01655550,1.35330363
h4,bull,150,price20+macd+bb+body,1007,0.04685913,0.05660377,0.00974464,1.20795607
h4,bull,150,price20+adx+di+volatility,705,0.04685913,0.07234043,0.02548129,1.54378499
h4,bull,150,price20+adx+di+bb,1498,0.04685913,0.06875834,0.02189921,1.46734139
h4,bull,150,price20+adx+di+body,498,0.04685913,0.06224900,0.01538986,1.32842826
h4,bull,150,price20+adx+volatility+bb,749,0.04685913,0.06809079,0.02123166,1.45309536
h4,bull,150,price20+adx+volatility+body,268,0.04685913,0.05970149,0.01284236,1.27406312
h4,bull,150,price20+adx+bb+body,521,0.04685913,0.05758157,0.01072244,1.22882288
h4,bull,150,price20+di+volatility+bb,1201,0.04685913,0.07077435,0.02391522,1.51036417
h4,bull,150,price20+di+volatility+body,427,0.04685913,0.06323185,0.01637272,1.34940292
h4,bull,150,price20+di+bb+body,1036,0.04685913,0.05791506,0.01105593,1.23593961
h4,bull,150,price20+volatility+bb+body,449,0.04685913,0.06013363,0.01327450,1.28328518
h4,bull,150,price200+momentum+macd+adx,571,0.04685913,0.06304729,0.01618815,1.34546421
h4,bull,150,price200+momentum+macd+di,1571,0.04685913,0.05155952,0.00470038,1.10030881
h4,bull,150,price200+momentum+macd+volatility,626,0.04685913,0.06549521,0.01863608,1.39770423
h4,bull,150,price200+momentum+macd+bb,1664,0.04685913,0.04987981,0.00302068,1.06446289
h4,bull,150,price200+momentum+macd+body,571,0.04685913,0.04378284,-0.00307630,0.93435014
h4,bull,150,price200+momentum+adx+di,786,0.04685913,0.04834606,0.00148692,1.03173178
h4,bull,150,price200+momentum+adx+volatility,429,0.04685913,0.06526807,0.01840893,1.39285689
h4,bull,150,price200+momentum+adx+bb,716,0.04685913,0.04888268,0.00202355,1.04318367
h4,bull,150,price200+momentum+adx+body,343,0.04685913,0.04664723,-0.00021190,0.99547789
h4,bull,150,price200+momentum+di+volatility,724,0.04685913,0.05939227,0.01253313,1.26746404
h4,bull,150,price200+momentum+di+bb,1800,0.04685913,0.04888889,0.00202976,1.04331613
h4,bull,150,price200+momentum+di+body,694,0.04685913,0.03890490,-0.00795423,0.83025223
h4,bull,150,price200+momentum+volatility+bb,695,0.04685913,0.05611511,0.00925598,1.19752767
h4,bull,150,price200+momentum+volatility+body,349,0.04685913,0.05444126,0.00758213,1.16180684
h4,bull,150,price200+momentum+bb+body,616,0.04685913,0.03733766,-0.00952147,0.79680652
h4,bull,150,price200+macd+adx+di,1090,0.04685913,0.07247706,0.02561793,1.54670094
h4,bull,150,price200+macd+adx+volatility,531,0.04685913,0.07721281,0.03035367,1.64776431
h4,bull,150,price200+macd+adx+bb,1132,0.04685913,0.07155477,0.02469564,1.52701867
h4,bull,150,price200+macd+adx+body,392,0.04685913,0.07397959,0.02712046,1.57876572
h4,bull,150,price200+macd+di+volatility,883,0.04685913,0.07248018,0.02562105,1.54676746
h4,bull,150,price200+macd+di+bb,2331,0.04685913,0.06177606,0.01491693,1.31833558
h4,bull,150,price200+macd+di+body,784,0.04685913,0.05484694,0.00798781,1.17046424
h4,bull,150,price200+macd+volatility+bb,922,0.04685913,0.06941432,0.02255518,1.48134020
h4,bull,150,price200+macd+volatility+body,355,0.04685913,0.07323944,0.02638030,1.56297039
h4,bull,150,price200+macd+bb+body,801,0.04685913,0.05368290,0.00682376,1.14562292
h4,bull,150,price200+adx+di+volatility,635,0.04685913,0.06771654,0.02085740,1.44510860
h4,bull,150,price200+adx+di+bb,1259,0.04685913,0.06592534,0.01906621,1.40688344
h4,bull,150,price200+adx+di+body,483,0.04685913,0.05590062,0.00904149,1.19295041
h4,bull,150,price200+adx+volatility+bb,590,0.04685913,0.06779661,0.02093748,1.44681744
h4,bull,150,price200+adx+volatility+body,363,0.04685913,0.07438017,0.02752103,1.58731418
h4,bull,150,price200+adx+bb+body,427,0.04685913,0.05854801,0.01168888,1.24944715
h4,bull,150,price200+di+volatility+bb,965,0.04685913,0.06839378,0.02153465,1.45956143
h4,bull,150,price200+di+volatility+body,413,0.04685913,0.06295400,0.01609486,1.34347334
h4,bull,150,price200+di+bb+body,846,0.04685913,0.05200946,0.00515032,1.10991078
h4,bull,150,price200+volatility+bb+body,368,0.04685913,0.05978261,0.01292348,1.27579418
h4,bull,150,momentum+macd+adx+di,778,0.04685913,0.06683805,0.01997891,1.42636115
h4,bull,150,momentum+macd+adx+volatility,477,0.04685913,0.06918239,0.02232326,1.47639075
h4,bull,150,momentum+macd+adx+bb,902,0.04685913,0.06430155,0.01744242,1.37223096
h4,bull,150,momentum+macd+adx+body,336,0.04685913,0.06250000,0.01564087,1.33378483
h4,bull,150,momentum+macd+di+volatility,825,0.04685913,0.06666667,0.01980753,1.42270382
h4,bull,150,momentum+macd+di+bb,2248,0.04685913,0.05604982,0.00919069,1.19613444
h4,bull,150,momentum+macd+di+body,753,0.04685913,0.05046481,0.00360567,1.07694711
h4,bull,150,momentum+macd+volatility+bb,934,0.04685913,0.05995717,0.01309804,1.27951949
h4,bull,150,momentum+macd+volatility+body,353,0.04685913,0.05949008,0.01263095,1.26955157
h4,bull,150,momentum+macd+bb+body,802,0.04685913,0.04738155,0.00052241,1.01114860
h4,bull,150,momentum+adx+di+volatility,513,0.04685913,0.06627680,0.01941767,1.41438391
h4,bull,150,momentum+adx+di+bb,929,0.04685913,0.05812702,0.01126789,1.24046296
h4,bull,150,momentum+adx+di+body,397,0.04685913,0.04785894,0.00099981,1.02133649
h4,bull,150,momentum+adx+volatility+bb,523,0.04685913,0.05927342,0.01241429,1.26492787
h4,bull,150,momentum+adx+volatility+body,258,0.04685913,0.06589147,0.01903234,1.40616075
h4,bull,150,momentum+adx+bb+body,365,0.04685913,0.04657534,-0.00028379,0.99394376
h4,bull,150,momentum+di+volatility+bb,893,0.04685913,0.06270997,0.01585083,1.33826563
h4,bull,150,momentum+di+volatility+body,379,0.04685913,0.05540897,0.00854984,1.18245832
h4,bull,150,momentum+di+bb+body,800,0.04685913,0.04875000,0.00189087,1.04035217
h4,bull,150,momentum+volatility+bb+body,353,0.04685913,0.04532578,-0.00153335,0.96727738
h4,bull,150,rsi_extreme+adx+volatility+body,180,0.04685913,0.09444444,0.04758531,2.01549708
h4,bull,150,macd+adx+di+volatility,651,0.04685913,0.07680492,0.02994578,1.63905970
h4,bull,150,macd+adx+di+bb,1350,0.04685913,0.07407407,0.02721494,1.58078202
h4,bull,150,macd+adx+di+body,469,0.04685913,0.07036247,0.02350334,1.50157439
h4,bull,150,macd+adx+volatility+bb,726,0.04685913,0.06887052,0.02201139,1.46973535
h4,bull,150,macd+adx+volatility+body,338,0.04685913,0.07692308,0.03006394,1.64158133
h4,bull,150,macd+adx+bb+body,505,0.04685913,0.06930693,0.02244780,1.47904852
h4,bull,150,macd+di+volatility+bb,1135,0.04685913,0.07224670,0.02538756,1.54178475
h4,bull,150,macd+di+volatility+body,426,0.04685913,0.07042254,0.02356340,1.50285615
h4,bull,150,macd+di+bb+body,996,0.04685913,0.06024096,0.01338183,1.28557574
h4,bull,150,macd+volatility+bb+body,442,0.04685913,0.06334842,0.01648928,1.35189051
h4,bull,150,adx+di+volatility+bb,709,0.04685913,0.07334274,0.02648360,1.56517486
h4,bull,150,adx+di+volatility+body,297,0.04685913,0.06734007,0.02048093,1.43707456
h4,bull,150,adx+di+bb+body,507,0.04685913,0.06311637,0.01625724,1.34693853
h4,bull,150,adx+volatility+bb+body,282,0.04685913,0.06382979,0.01697065,1.36216323
h4,bull,150,di+volatility+bb+body,436,0.04685913,0.06422018,0.01736105,1.37049450
h4,bull,200,trend,3073,0.01973016,0.02115197,0.00142181,1.07206265
h4,bull,200,price20,3645,0.01973016,0.02386831,0.00413815,1.20973735
h4,bull,200,price200,3970,0.01973016,0.02267003,0.00293986,1.14900356
h4,bull,200,momentum,3561,0.01973016,0.01909576,-0.00063440,0.96784611
h4,bull,200,rsi_extreme,569,0.01973016,0.02636204,0.00663188,1.33612892
h4,bull,200,macd,3956,0.01973016,0.02401416,0.00428399,1.21712923
h4,bull,200,adx,3117,0.01973016,0.02630735,0.00657719,1.33335692
h4,bull,200,di,3744,0.01973016,0.02377137,0.00404121,1.20482380
h4,bull,200,volatility,2909,0.01973016,0.02440701,0.00467685,1.23704073
h4,bull,200,bb,3727,0.01973016,0.02387980,0.00414964,1.21031937
h4,bull,200,body,2993,0.01973016,0.02071500,0.00098484,1.04991549
h4,bull,200,trend+price20,1995,0.01973016,0.02355890,0.00382874,1.19405499
h4,bull,200,trend+price200,2940,0.01973016,0.02142857,0.00169841,1.08608193
h4,bull,200,trend+momentum,1755,0.01973016,0.01538462,-0.00434555,0.77975113
h4,bull,200,trend+macd,1769,0.01973016,0.02543810,0.00570794,1.28930020
h4,bull,200,trend+adx,1361,0.01973016,0.02939015,0.00965999,1.48960539
h4,bull,200,trend+di,2110,0.01973016,0.02274882,0.00301865,1.15299693
h4,bull,200,trend+volatility,1215,0.01973016,0.02633745,0.00660729,1.33488260
h4,bull,200,trend+bb,1974,0.01973016,0.02330294,0.00357278,1.18108201
h4,bull,200,trend+body,1297,0.01973016,0.02158828,0.00185812,1.09417661
h4,bull,200,price20+price200,2792,0.01973016,0.02578797,0.00605780,1.30703270
h4,bull,200,price20+momentum,2808,0.01973016,0.02029915,0.00056898,1.02883830
h4,bull,200,price20+macd,3221,0.01973016,0.02545793,0.00572777,1.29030535
h4,bull,200,price20+adx,1649,0.01973016,0.03274712,0.01301696,1.65974922
h4,bull,200,price20+di,3344,0.01973016,0.02511962,0.00538946,1.27315825
h4,bull,200,price20+volatility,1353,0.01973016,0.02660754,0.00687738,1.34857180
h4,bull,200,price20+bb,3535,0.01973016,0.02432815,0.00459799,1.23304351
h4,bull,200,price20+body,1141,0.01973016,0.02453988,0.00480972,1.24377481
h4,bull,200,price200+momentum,2451,0.01973016,0.01999184,0.00026168,1.01326289
h4,bull,200,price200+macd,2602,0.01973016,0.02728670,0.00755654,1.38299442
h4,bull,200,price200+adx,1765,0.01973016,0.03116147,0.01143131,1.57938260
h4,bull,200,price200+di,2875,0.01973016,0.02539130,0.00566114,1.28692839
h4,bull,200,price200+volatility,1550,0.01973016,0.02774194,0.00801177,1.40606736
h4,bull,200,price200+bb,2780,0.01973016,0.02589928,0.00616912,1.31267457
h4,bull,200,price200+body,1541,0.01973016,0.02336145,0.00363129,1.18404779
h4,bull,200,momentum+macd,2698,0.01973016,0.02149741,0.00176724,1.08957071
h4,bull,200,momentum+adx,1309,0.01973016,0.02521008,0.00547992,1.27774345
h4,bull,200,momentum+di,2839,0.01973016,0.02042973,0.00069957,1.03545677
h4,bull,200,momentum+volatility,1312,0.01973016,0.02286585,0.00313569,1.15892889
h4,bull,200,momentum+bb,2865,0.01973016,0.02059337,0.00086321,1.04375064
h4,bull,200,momentum+body,1244,0.01973016,0.02411576,0.00438559,1.22227870
h4,bull,200,rsi_extreme+adx,445,0.01973016,0.02696629,0.00723613,1.36675479
h4,bull,200,rsi_extreme+volatility,355,0.01973016,0.03943662,0.01970646,1.99879867
h4,bull,200,rsi_extreme+body,361,0.01973016,0.03324100,0.01351084,1.68478084
h4,bull,200,macd+adx,1781,0.01973016,0.03312746,0.01339730,1.67902616
h4,bull,200,macd+di,3147,0.01973016,0.02542104,0.00569087,1.28843530
h4,bull,200,macd+volatility,1537,0.01973016,0.02732596,0.00759580,1.38498412
h4,bull,200,macd+bb,3382,0.01973016,0.02513306,0.00540290,1.27383944
h4,bull,200,macd+body,1406,0.01973016,0.02418208,0.00445192,1.22564011
h4,bull,200,adx+di,1694,0.01973016,0.03246753,0.01273737,1.64557869
h4,bull,200,adx+volatility,1647,0.01973016,0.02975106,0.01002090,1.50789760
h4,bull,200,adx+bb,1696,0.01973016,0.03183962,0.01210946,1.61375382
h4,bull,200,adx+body,1339,0.01973016,0.02315161,0.00342144,1.17341190
h4,bull,200,di+volatility,1385,0.01973016,0.02888087,0.00915071,1.46379274
h4,bull,200,di+bb,3364,0.01973016,0.02497027,0.00524011,1.26558893
h4,bull,200,di+body,1302,0.01973016,0.02227343,0.00254326,1.12890237
h4,bull,200,volatility+bb,1401,0.01973016,0.02640971,0.00667955,1.33854495
h4,bull,200,volatility+body,1378,0.01973016,0.02467344,0.00494328,1.25054427
h4,bull,200,bb+body,1204,0.01973016,0.02491694,0.00518678,1.26288597
h4,bull,200,trend+price20+price200,1995,0.01973016,0.02355890,0.00382874,1.19405499
h4,bull,200,trend+price20+momentum,1341,0.01973016,0.01640567,-0.00332449,0.83150195
h4,bull,200,trend+price20+macd,1666,0.01973016,0.02581032,0.00608016,1.30816591
h4,bull,200,trend+price20+adx,977,0.01973016,0.03172979,0.01199962,1.60818683
h4,bull,200,trend+price20+di,1895,0.01973016,0.02427441,0.00454425,1.23031973
h4,bull,200,trend+price20+volatility,722,0.01973016,0.02354571,0.00381555,1.19338643
h4,bull,200,trend+price20+bb,1923,0.01973016,0.02392096,0.00419080,1.21240556
h4,bull,200,trend+price20+body,652,0.01973016,0.02147239,0.00174223,1.08830296
h4,bull,200,trend+price200+momentum,1751,0.01973016,0.01541976,-0.00431040,0.78153240
h4,bull,200,trend+price200+macd,1765,0.01973016,0.02549575,0.00576559,1.29222213
h4,bull,200,trend+price200+adx,1335,0.01973016,0.02996255,0.01023239,1.51861644
h4,bull,200,trend+price200+di,2107,0.01973016,0.02278121,0.00305104,1.15463860
h4,bull,200,trend+price200+volatility,1140,0.01973016,0.02631579,0.00658563,1.33378483
h4,bull,200,trend+price200+bb,1974,0.01973016,0.02330294,0.00357278,1.18108201
h4,bull,200,trend+price200+body,1194,0.01973016,0.02177554,0.00204538,1.10366785
h4,bull,200,trend+momentum+macd,1115,0.01973016,0.01793722,-0.00179294,0.90912688
h4,bull,200,trend+momentum+adx,660,0.01973016,0.02121212,0.00148196,1.07511141
h4,bull,200,trend+momentum+di,1437,0.01973016,0.01600557,-0.00372459,0.81122334
h4,bull,200,trend+momentum+volatility,623,0.01973016,0.01926164,-0.00046852,0.97625342
h4,bull,200,trend+momentum+bb,1325,0.01973016,0.01584906,-0.00388110,0.80329079
h4,bull,200,trend+momentum+body,647,0.01973016,0.01854714,-0.00118302,0.94004000
h4,bull,200,trend+macd+adx,819,0.01973016,0.03663004,0.01689988,1.85655031
h4,bull,200,trend+macd+di,1659,0.01973016,0.02531646,0.00558629,1.28313477
h4,bull,200,trend+macd+volatility,647,0.01973016,0.02782071,0.00809055,1.41006001
h4,bull,200,trend+macd+bb,1699,0.01973016,0.02530901,0.00557884,1.28275716
h4,bull,200,trend+macd+body,617,0.01973016,0.02269044,0.00296028,1.15003814
h4,bull,200,trend+adx+di,1075,0.01973016,0.03069767,0.01096751,1.55587551
h4,bull,200,trend+adx+volatility,661,0.01973016,0.03025719,0.01052703,1.53354988
h4,bull,200,trend+adx+bb,966,0.01973016,0.03105590,0.01132574,1.57403179
h4,bull,200,trend+adx+body,563,0.01973016,0.02486679,0.00513662,1.26034375
h4,bull,200,trend+di+volatility,776,0.01973016,0.02448454,0.00475438,1.24096991
h4,bull,200,trend+di+bb,1884,0.01973016,0.02388535,0.00415519,1.21060088
h4,bull,200,trend+di+body,754,0.01973016,0.01724138,-0.00248878,0.87385903
h4,bull,200,trend+volatility+bb,718,0.01973016,0.02367688,0.00394672,1.20003482
h4,bull,200,trend+volatility+body,580,0.01973016,0.02931034,0.00958018,1.48556034
h4,bull,200,trend+bb+body,655,0.01973016,0.01984733,0.00011717,1.00593848
h4,bull,200,price20+price200+momentum,1970,0.01973016,0.02131980,0.00158964,1.08056883
h4,bull,200,price20+price200+macd,2416,0.01973016,0.02773179,0.00800163,1.40555305
h4,bull,200,price20+price200+adx,1319,0.01973016,0.03411676,0.01438659,1.72916760
h4,bull,200,price20+price200+di,2624,0.01973016,0.02705793,0.00732777,1.37139919
h4,bull,200,price20+price200+volatility,1029,0.01973016,0.02915452,0.00942436,1.47766249
h4,bull,200,price20+price200+bb,2707,0.01973016,0.02622830,0.00649814,1.32935038
h4,bull,200,price20+price200+body,886,0.01973016,0.02483070,0.00510054,1.25851481
h4,bull,200,price20+momentum+macd,2404,0.01973016,0.02163062,0.00190045,1.09632231
h4,bull,200,price20+momentum+adx,1048,0.01973016,0.02671756,0.00698740,1.35414796
h4,bull,200,price20+momentum+di,2516,0.01973016,0.02146264,0.00173248,1.08780861
h4,bull,200,price20+momentum+volatility,1011,0.01973016,0.02373887,0.00400871,1.20317682
h4,bull,200,price20+momentum+bb,2703,0.01973016,0.02071772,0.00098756,1.05005332
h4,bull,200,price20+momentum+body,852,0.01973016,0.02582160,0.00609144,1.30873723
h4,bull,200,price20+macd+adx,1432,0.01973016,0.03561453,0.01588436,1.80508031
h4,bull,200,price20+macd+di,2986,0.01973016,0.02645680,0.00672664,1.34093170
h4,bull,200,price20+macd+volatility,1207,0.01973016,0.02899751,0.00926735,1.46970491
h4,bull,200,price20+macd+bb,3205,0.01973016,0.02558502,0.00585486,1.29674681
h4,bull,200,price20+macd+body,1010,0.01973016,0.02475248,0.00502231,1.25455009
h4,bull,200,price20+adx+di,1532,0.01973016,0.03459530,0.01486514,1.75342209
h4,bull,200,price20+adx+volatility,766,0.01973016,0.03263708,0.01290691,1.65417179
h4,bull,200,price20+adx+bb,1607,0.01973016,0.03298071,0.01325055,1.67158845
h4,bull,200,price20+adx+body,531,0.01973016,0.02824859,0.00851843,1.43174643
h4,bull,200,price20+di+volatility,1227,0.01973016,0.02852486,0.00879470,1.44574884
h4,bull,200,price20+di+bb,3273,0.01973016,0.02535900,0.00562884,1.28529097
h4,bull,200,price20+di+body,1058,0.01973016,0.02551985,0.00578969,1.29344351
h4,bull,200,price20+volatility+bb,1317,0.01973016,0.02733485,0.00760469,1.38543481
h4,bull,200,price20+volatility+body,463,0.01973016,0.02375810,0.00402794,1.20415131
h4,bull,200,price20+bb+body,1109,0.01973016,0.02434626,0.00461610,1.23396144
h4,bull,200,price200+momentum+macd,1746,0.01973016,0.02348225,0.00375208,1.19016997
h4,bull,200,price200+momentum+adx,914,0.01973016,0.02625821,0.00652804,1.33086626
h4,bull,200,price200+momentum+di,2030,0.01973016,0.02118227,0.00145210,1.07359823
h4,bull,200,price200+momentum+volatility,894,0.01973016,0.02460850,0.00487834,1.24725293
h4,bull,200,price200+momentum+bb,1960,0.01973016,0.02142857,0.00169841,1.08608193
h4,bull,200,price200+momentum+body,850,0.01973016,0.02470588,0.00497572,1.25218858
h4,bull,200,price200+macd+adx,1161,0.01973016,0.03875969,0.01902953,1.96448928
h4,bull,200,price200+macd+di,2371,0.01973016,0.02783636,0.00810619,1.41085295
h4,bull,200,price200+macd+volatility,966,0.01973016,0.03209110,0.01236094,1.62649951
h4,bull,200,price200+macd+bb,2464,0.01973016,0.02759740,0.00786724,1.39874188
h4,bull,200,price200+macd+body,879,0.01973016,0.02616610,0.00643594,1.32619789
h4,bull,200,price200+adx+di,1393,0.01973016,0.03374013,0.01400997,1.71007876
h4,bull,200,price200+adx+volatility,844,0.01973016,0.03436019,0.01463003,1.74150578
h4,bull,200,price200+adx+bb,1312,0.01973016,0.03429878,0.01456862,1.73839334
h4,bull,200,price200+adx+body,685,0.01973016,0.02773723,0.00800707,1.40582868
h4,bull,200,price200+di+volatility,1072,0.01973016,0.02985075,0.01012059,1.51294996
h4,bull,200,price200+di+bb,2613,0.01973016,0.02678913,0.00705897,1.35777560
h4,bull,200,price200+di+body,994,0.01973016,0.02112676,0.00139660,1.07078500
h4,bull,200,price200+volatility+bb,1032,0.01973016,0.02906977,0.00933961,1.47336696
h4,bull,200,price200+volatility+body,667,0.01973016,0.02848576,0.00875560,1.44376709
h4,bull,200,price200+bb+body,898,0.01973016,0.02449889,0.00476873,1.24169724
h4,bull,200,momentum+macd+adx,933,0.01973016,0.03001072,0.01028056,1.52105794
h4,bull,200,momentum+macd+di,2308,0.01973016,0.02166378,0.00193362,1.09800311
h4,bull,200,momentum+macd+volatility,997,0.01973016,0.02607823,0.00634807,1.32174465
h4,bull,200,momentum+macd+bb,2540,0.01973016,0.02165354,0.00192338,1.09748437
h4,bull,200,momentum+macd+body,896,0.01973016,0.02790179,0.00817162,1.41416918
h4,bull,200,momentum+adx+di,1069,0.01973016,0.02712816,0.00739800,1.37495873
h4,bull,200,momentum+adx+volatility,646,0.01973016,0.03095975,0.01122959,1.56915862
h4,bull,200,momentum+adx+bb,1071,0.01973016,0.02614379,0.00641363,1.32506728
h4,bull,200,momentum+adx+body,487,0.01973016,0.02464066,0.00491050,1.24888272
h4,bull,200,momentum+di+volatility,1013,0.01973016,0.02665350,0.00692334,1.35090152
h4,bull,200,momentum+di+bb,2533,0.01973016,0.02131859,0.00158843,1.08050788
h4,bull,200,momentum+di+body,967,0.01973016,0.02275078,0.00302061,1.15309630
h4,bull,200,momentum+volatility+bb,1044,0.01973016,0.02394636,0.00421620,1.21369309
h4,bull,200,momentum+volatility+body,496,0.01973016,0.02217742,0.00244726,1.12403641
h4,bull,200,momentum+bb+body,903,0.01973016,0.02657807,0.00684791,1.34707837
h4,bull,200,rsi_extreme+adx+volatility,286,0.01973016,0.03846154,0.01873138,1.94937783
h4,bull,200,rsi_extreme+adx+body,268,0.01973016,0.03358209,0.01385193,1.70206870
h4,bull,200,rsi_extreme+volatility+body,232,0.01973016,0.04741379,0.02768363,2.40311232
h4,bull,200,macd+adx+di,1367,0.01973016,0.03657644,0.01684628,1.85383407
h4,bull,200,macd+adx+volatility,885,0.01973016,0.03389831,0.01416814,1.71809571
h4,bull,200,macd+adx+bb,1508,0.01973016,0.03448276,0.01475260,1.74771805
h4,bull,200,macd+adx+body,641,0.01973016,0.02964119,0.00991102,1.50232862
h4,bull,200,macd+di+volatility,1171,0.01973016,0.02988898,0.01015882,1.51488798
h4,bull,200,macd+di+bb,3059,0.01973016,0.02615234,0.00642218,1.32550045
h4,bull,200,macd+di+body,1053,0.01973016,0.02374169,0.00401153,1.20331965
h4,bull,200,macd+volatility+bb,1283,0.01973016,0.02805924,0.00832908,1.42214937
h4,bull,200,macd+volatility+body,581,0.01973016,0.02581756,0.00608739,1.30853245
h4,bull,200,macd+bb+body,1098,0.01973016,0.02550091,0.00577075,1.29248366
h4,bull,200,adx+di+volatility,790,0.01973016,0.03417722,0.01444705,1.73223194
h4,bull,200,adx+di+bb,1530,0.01973016,0.03398693,0.01425677,1.72258747
h4,bull,200,adx+di+body,597,0.01973016,0.02512563,0.00539547,1.27346290
h4,bull,200,adx+volatility+bb,799,0.01973016,0.03128911,0.01155895,1.58585180
h4,bull,200,adx+volatility+body,769,0.01973016,0.02730819,0.00757803,1.38408361
h4,bull,200,adx+bb+body,560,0.01973016,0.02678571,0.00705555,1.35760242
h4,bull,200,di+volatility+bb,1236,0.01973016,0.02912621,0.00939605,1.47622787
h4,bull,200,di+volatility+body,525,0.01973016,0.02476190,0.00503174,1.25502801
h4,bull,200,di+bb+body,1089,0.01973016,0.02479339,0.00506323,1.25662372
h4,bull,200,volatility+bb+body,485,0.01973016,0.02474227,0.00501211,1.25403275
h4,bull,200,trend+price20+price200+momentum,1341,0.01973016,0.01640567,-0.00332449,0.83150195
h4,bull,200,trend+price20+price200+macd,1666,0.01973016,0.02581032,0.00608016,1.30816591
h4,bull,200,trend+price20+price200+adx,977,0.01973016,0.03172979,0.01199962,1.60818683
h4,bull,200,trend+price20+price200+di,1895,0.01973016,0.02427441,0.00454425,1.23031973
h4,bull,200,trend+price20+price200+volatility,722,0.01973016,0.02354571,0.00381555,1.19338643
h4,bull,200,trend+price20+price200+bb,1923,0.01973016,0.02392096,0.00419080,1.21240556
h4,bull,200,trend+price20+price200+body,652,0.01973016,0.02147239,0.00174223,1.08830296
h4,bull,200,trend+price20+momentum+macd,1032,0.01973016,0.01744186,-0.00228830,0.88402018
h4,bull,200,trend+price20+momentum+adx,491,0.01973016,0.02036660,0.00063644,1.03225710
h4,bull,200,trend+price20+momentum+di,1247,0.01973016,0.01684042,-0.00288974,0.85353672
h4,bull,200,trend+price20+momentum+volatility,457,0.01973016,0.01750547,-0.00222469,0.88724418
h4,bull,200,trend+price20+momentum+bb,1274,0.01973016,0.01648352,-0.00324664,0.83544764
h4,bull,200,trend+price20+momentum+body,433,0.01973016,0.02078522,0.00105506,1.05347439
h4,bull,200,trend+price20+macd+adx,797,0.01973016,0.03513174,0.01540158,1.78061112
h4,bull,200,trend+price20+macd+di,1616,0.01973016,0.02599010,0.00625994,1.31727759
h4,bull,200,trend+price20+macd+volatility,605,0.01973016,0.02644628,0.00671612,1.34039864
h4,bull,200,trend+price20+macd+bb,1660,0.01973016,0.02590361,0.00617345,1.31289422
h4,bull,200,trend+price20+macd+body,550,0.01973016,0.02181818,0.00208802,1.10582888
h4,bull,200,trend+price20+adx+di,956,0.01973016,0.03242678,0.01269662,1.64351311
h4,bull,200,trend+price20+adx+volatility,434,0.01973016,0.02534562,0.00561546,1.28461304
h4,bull,200,trend+price20+adx+bb,947,0.01973016,0.03167899,0.01194883,1.60561215
h4,bull,200,trend+price20+adx+body,319,0.01973016,0.02507837,0.00534821,1.27106767
h4,bull,200,trend+price20+di+volatility,688,0.01973016,0.02470930,0.00497914,1.25236192
h4,bull,200,trend+price20+di+bb,1849,0.01973016,0.02433748,0.00460732,1.23351653
h4,bull,200,trend+price20+di+body,621,0.01973016,0.02093398,0.00120382,1.06101402
h4,bull,200,trend+price20+volatility+bb,698,0.01973016,0.02435530,0.00462514,1.23441977
h4,bull,200,trend+price20+volatility+body,263,0.01973016,0.01901141,-0.00071875,0.96357079
h4,bull,200,trend+price20+bb+body,629,0.01973016,0.02066773,0.00093757,1.04751941
h4,bull,200,trend+price200+momentum+macd,1115,0.01973016,0.01793722,-0.00179294,0.90912688
h4,bull,200,trend+price200+momentum+adx,659,0.01973016,0.02124431,0.00151415,1.07674284
h4,bull,200,trend+price200+momentum+di,1436,0.01973016,0.01601671,-0.00371345,0.81178826
h4,bull,200,trend+price200+momentum+volatility,622,0.01973016,0.01929260,-0.00043756,0.97782296
h4,bull,200,trend+price200+momentum+bb,1325,0.01973016,0.01584906,-0.00388110,0.80329079
h4,bull,200,trend+price200+momentum+body,645,0.01973016,0.01860465,-0.00112551,0.94295486
h4,bull,200,trend+price200+macd+adx,818,0.01973016,0.03667482,0.01694466,1.85881993
h4,bull,200,trend+price200+macd+di,1658,0.01973016,0.02533172,0.00560156,1.28390868
h4,bull,200,trend+price200+macd+volatility,645,0.01973016,0.02790698,0.00817682,1.41443228
h4,bull,200,trend+price200+macd+bb,1699,0.01973016,0.02530901,0.00557884,1.28275716
h4,bull,200,trend+price200+macd+body,613,0.01973016,0.02283850,0.00310834,1.15754246
h4,bull,200,trend+price200+adx+di,1073,0.01973016,0.03075489,0.01102473,1.55877556
h4,bull,200,trend+price200+adx+volatility,642,0.01973016,0.03115265,0.01142249,1.57893531
h4,bull,200,trend+price200+adx+bb,966,0.01973016,0.03105590,0.01132574,1.57403179
h4,bull,200,trend+price200+adx+body,543,0.01973016,0.02578269,0.00605253,1.30676525
h4,bull,200,trend+price200+di+volatility,775,0.01973016,0.02451613,0.00478597,1.24257116
h4,bull,200,trend+price200+di+bb,1884,0.01973016,0.02388535,0.00415519,1.21060088
h4,bull,200,trend+price200+di+body,753,0.01973016,0.01726428,-0.00246588,0.87501953
h4,bull,200,trend+price200+volatility+bb,718,0.01973016,0.02367688,0.00394672,1.20003482
h4,bull,200,trend+price200+volatility+body,519,0.01973016,0.02890173,0.00917157,1.46485039
h4,bull,200,trend+price200+bb+body,655,0.01973016,0.01984733,0.00011717,1.00593848
h4,bull,200,trend+momentum+macd+adx,348,0.01973016,0.02586207,0.00613191,1.31078854
h4,bull,200,trend+momentum+macd+di,1030,0.01973016,0.01650485,-0.00322531,0.83652913
h4,bull,200,trend+momentum+macd+volatility,381,0.01973016,0.02362205,0.00389189,1.19725567
h4,bull,200,trend+momentum+macd+bb,1070,0.01973016,0.01682243,-0.00290773,0.85262507
h4,bull,200,trend+momentum+macd+body,389,0.01973016,0.02313625,0.00340609,1.17263345
h4,bull,200,trend+momentum+adx+di,574,0.01973016,0.02090592,0.00117576,1.05959213
h4,bull,200,trend+momentum+adx+volatility,307,0.01973016,0.02931596,0.00958580,1.48584499
h4,bull,200,trend+momentum+adx+bb,480,0.01973016,0.01875000,-0.00098016,0.95032169
h4,bull,200,trend+momentum+adx+body,263,0.01973016,0.01901141,-0.00071875,0.96357079
h4,bull,200,trend+momentum+di+volatility,500,0.01973016,0.02000000,0.00026984,1.01367647
h4,bull,200,trend+momentum+di+bb,1237,0.01973016,0.01616815,-0.00356201,0.81946360
h4,bull,200,trend+momentum+di+body,518,0.01973016,0.01544402,-0.00428615,0.78276175
h4,bull,200,trend+momentum+volatility+bb,453,0.01973016,0.01766004,-0.00207012,0.89507856
h4,bull,200,trend+momentum+volatility+body,261,0.01973016,0.01532567,-0.00440449,0.77676358
h4,bull,200,trend+momentum+bb+body,436,0.01973016,0.01834862,-0.00138154,0.92997841
h4,bull,200,trend+macd+adx+di,798,0.01973016,0.03508772,0.01535756,1.77837977
h4,bull,200,trend+macd+adx+volatility,375,0.01973016,0.03200000,0.01226984,1.62188235
h4,bull,200,trend+macd+adx+bb,807,0.01973016,0.03469641,0.01496625,1.75854654
h4,bull,200,trend+macd+adx+body,281,0.01973016,0.03202847,0.01229831,1.62332531
h4,bull,200,trend+macd+di+volatility,606,0.01973016,0.02640264,0.00667248,1.33818676
h4,bull,200,trend+macd+di+bb,1640,0.01973016,0.02560976,0.00587960,1.29800036
h4,bull,200,trend+macd+di+body,566,0.01973016,0.01943463,-0.00029553,0.98502131
h4,bull,200,trend+macd+volatility+bb,621,0.01973016,0.02576490,0.00603473,1.30586341
h4,bull,200,trend+macd+volatility+body,245,0.01973016,0.02857143,0.00884127,1.44810924
h4,bull,200,trend+macd+bb+body,571,0.01973016,0.02101576,0.00128560,1.06515916
h4,bull,200,trend+adx+di+volatility,487,0.01973016,0.02669405,0.00696388,1.35295627
h4,bull,200,trend+adx+di+bb,945,0.01973016,0.03174603,0.01201587,1.60901027
h4,bull,200,trend+adx+di+body,386,0.01973016,0.02072539,0.00099523,1.05044194
h4,bull,200,trend+adx+volatility+bb,430,0.01973016,0.02558140,0.00585123,1.29656293
h4,bull,200,trend+adx+volatility+body,310,0.01973016,0.03225806,0.01252790,1.63496205
h4,bull,200,trend+adx+bb+body,318,0.01973016,0.02201258,0.00228242,1.11568165
h4,bull,200,trend+di+volatility+bb,686,0.01973016,0.02478134,0.00505118,1.25601312
h4,bull,200,trend+di+volatility+body,309,0.01973016,0.01618123,-0.00354893,0.82012659
h4,bull,200,trend+di+bb+body,625,0.01973016,0.01920000,-0.00053016,0.97312941
h4,bull,200,trend+volatility+bb+body,266,0.01973016,0.01879699,-0.00093317,0.95270345
h4,bull,200,price20+price200+momentum+macd,1614,0.01973016,0.02292441,0.00319425,1.16189682
h4,bull,200,price20+price200+momentum+adx,725,0.01973016,0.02620690,0.00647674,1.32826572
h4,bull,200,price20+price200+momentum+di,1811,0.01973016,0.02263943,0.00290926,1.14745266
h4,bull,200,price20+price200+momentum+volatility,693,0.01973016,0.02597403,0.00624386,1.31646295
h4,bull,200,price20+price200+momentum+bb,1890,0.01973016,0.02169312,0.00196296,1.09949035
h4,bull,200,price20+price200+momentum+body,606,0.01973016,0.02640264,0.00667248,1.33818676
h4,bull,200,price20+price200+macd+adx,1115,0.01973016,0.03766816,0.01793800,1.90916645
h4,bull,200,price20+price200+macd+di,2302,0.01973016,0.02867072,0.00894056,1.45314177
h4,bull,200,price20+price200+macd+volatility,897,0.01973016,0.03232999,0.01259983,1.63860745
h4,bull,200,price20+price200+macd+bb,2403,0.01973016,0.02788181,0.00815165,1.41315696
h4,bull,200,price20+price200+macd+body,769,0.01973016,0.02470741,0.00497725,1.25226612
h4,bull,200,price20+price200+adx+di,1271,0.01973016,0.03540519,0.01567503,1.79447054
h4,bull,200,price20+price200+adx+volatility,590,0.01973016,0.03389831,0.01416814,1.71809571
h4,bull,200,price20+price200+adx+bb,1284,0.01973016,0.03426791,0.01453775,1.73682884
h4,bull,200,price20+price200+adx+body,424,0.01973016,0.02830189,0.00857173,1.43444784
h4,bull,200,price20+price200+di+volatility,966,0.01973016,0.03105590,0.01132574,1.57403179
h4,bull,200,price20+price200+di+bb,2569,0.01973016,0.02724796,0.00751780,1.38103061
h4,bull,200,price20+price200+di+body,840,0.01973016,0.02500000,0.00526984,1.26709559
h4,bull,200,price20+price200+volatility+bb,1001,0.01973016,0.02997003,0.01023987,1.51899571
h4,bull,200,price20+price200+volatility+body,363,0.01973016,0.02479339,0.00506323,1.25662372
h4,bull,200,price20+price200+bb+body,860,0.01973016,0.02441860,0.00468844,1.23762825
h4,bull,200,price20+momentum+macd+adx,850,0.01973016,0.02941176,0.00968160,1.49070069
h4,bull,200,price20+momentum+macd+di,2178,0.01973016,0.02249770,0.00276754,1.14026968
h4,bull,200,price20+momentum+macd+volatility,873,0.01973016,0.02634593,0.00661577,1.33531265
h4,bull,200,price20+momentum+macd+bb,2393,0.01973016,0.02173005,0.00199988,1.10136182
h4,bull,200,price20+momentum+macd+body,726,0.01973016,0.02617080,0.00644064,1.32643615
h4,bull,200,price20+momentum+adx+di,932,0.01973016,0.02896996,0.00923980,1.46830819
h4,bull,200,price20+momentum+adx+volatility,504,0.01973016,0.03174603,0.01201587,1.60901027
h4,bull,200,price20+momentum+adx+bb,1006,0.01973016,0.02683897,0.00710881,1.36030143
h4,bull,200,price20+momentum+adx+body,345,0.01973016,0.02608696,0.00635680,1.32218670
h4,bull,200,price20+momentum+di+volatility,885,0.01973016,0.02598870,0.00625854,1.31720671
h4,bull,200,price20+momentum+di+bb,2446,0.01973016,0.02166803,0.00193787,1.09821858
h4,bull,200,price20+momentum+di+body,771,0.01973016,0.02723735,0.00750719,1.38049325
h4,bull,200,price20+momentum+volatility+bb,975,0.01973016,0.02461538,0.00488522,1.24760181
h4,bull,200,price20+momentum+volatility+body,336,0.01973016,0.02380952,0.00407936,1.20675770
h4,bull,200,price20+momentum+bb+body,820,0.01973016,0.02560976,0.00587960,1.29800036
h4,bull,200,price20+macd+adx+di,1326,0.01973016,0.03770739,0.01797723,1.91115473
h4,bull,200,price20+macd+adx+volatility,680,0.01973016,0.03529412,0.01556396,1.78884083
h4,bull,200,price20+macd+adx+bb,1428,0.01973016,0.03571429,0.01598412,1.81013655
h4,bull,200,price20+macd+adx+body,469,0.01973016,0.02985075,0.01012059,1.51294996
h4,bull,200,price20+macd+di+volatility,1107,0.01973016,0.03071364,0.01098348,1.55668473
h4,bull,200,price20+macd+di+bb,2979,0.01973016,0.02651897,0.00678881,1.34408260
h4,bull,200,price20+macd+di+body,949,0.01973016,0.02528978,0.00555962,1.28178268
h4,bull,200,price20+macd+volatility+bb,1204,0.01973016,0.02906977,0.00933961,1.47336696
h4,bull,200,price20+macd+volatility+body,410,0.01973016,0.02682927,0.00709911,1.35980990
h4,bull,200,price20+macd+bb+body,1007,0.01973016,0.02482622,0.00509606,1.25828758
h4,bull,200,price20+adx+di+volatility,705,0.01973016,0.03546099,0.01573083,1.79729871
h4,bull,200,price20+adx+di+bb,1498,0.01973016,0.03471295,0.01498279,1.75938506
h4,bull,200,price20+adx+di+body,498,0.01973016,0.03012048,0.01039032,1.52662119
h4,bull,200,price20+adx+volatility+bb,749,0.01973016,0.03337784,0.01364768,1.69171641
h4,bull,200,price20+adx+volatility+body,268,0.01973016,0.02985075,0.01012059,1.51294996
h4,bull,200,price20+adx+bb+body,521,0.01973016,0.02687140,0.00714124,1.36194535
h4,bull,200,price20+di+volatility+bb,1201,0.01973016,0.02914238,0.00941222,1.47704731
h4,bull,200,price20+di+volatility+body,427,0.01973016,0.02576112,0.00603096,1.30567227
h4,bull,200,price20+di+bb+body,1036,0.01973016,0.02509653,0.00536636,1.27198785
h4,bull,200,price20+volatility+bb+body,449,0.01973016,0.02449889,0.00476873,1.24169724
h4,bull,200,price200+momentum+macd+adx,571,0.01973016,0.03327496,0.01354480,1.68650201
h4,bull,200,price200+momentum+macd+di,1571,0.01973016,0.02291534,0.00318518,1.16143708
h4,bull,200,price200+momentum+macd+volatility,626,0.01973016,0.03035144,0.01062128,1.53832691
h4,bull,200,price200+momentum+macd+bb,1664,0.01973016,0.02283654,0.00310638,1.15744309
h4,bull,200,price200+momentum+macd+body,571,0.01973016,0.02977233,0.01004217,1.50897548
h4,bull,200,price200+momentum+adx+di,786,0.01973016,0.02671756,0.00698740,1.35414796
h4,bull,200,price200+momentum+adx+volatility,429,0.01973016,0.03496503,0.01523487,1.77216166
h4,bull,200,price200+momentum+adx+bb,716,0.01973016,0.02653631,0.00680615,1.34496180
h4,bull,200,price200+momentum+adx+body,343,0.01973016,0.02623907,0.00650891,1.32989624
h4,bull,200,price200+momentum+di+volatility,724,0.01973016,0.02762431,0.00789415,1.40010562
h4,bull,200,price200+momentum+di+bb,1800,0.01973016,0.02222222,0.00249206,1.12630719
h4,bull,200,price200+momentum+di+body,694,0.01973016,0.02161383,0.00188367,1.09547169
h4,bull,200,price200+momentum+volatility+bb,695,0.01973016,0.02589928,0.00616912,1.31267457
h4,bull,200,price200+momentum+volatility+body,349,0.01973016,0.02292264,0.00319248,1.16180684
h4,bull,200,price200+momentum+bb+body,616,0.01973016,0.02597403,0.00624386,1.31646295
h4,bull,200,price200+macd+adx+di,1090,0.01973016,0.03853211,0.01880195,1.95295467
h4,bull,200,price200+macd+adx+volatility,531,0.01973016,0.03954802,0.01981786,2.00444500
h4,bull,200,price200+macd+adx+bb,1132,0.01973016,0.03798587,0.01825570,1.92526891
h4,bull,200,price200+macd+adx+body,392,0.01973016,0.03571429,0.01598412,1.81013655
h4,bull,200,price200+macd+di+volatility,883,0.01973016,0.03284258,0.01311242,1.66458764
h4,bull,200,price200+macd+di+bb,2331,0.01973016,0.02831403,0.00858387,1.43506321
h4,bull,200,price200+macd+di+body,784,0.01973016,0.02295918,0.00322902,1.16365921
h4,bull,200,price200+macd+volatility+bb,922,0.01973016,0.03145336,0.01172320,1.59417666
h4,bull,200,price200+macd+volatility+body,355,0.01973016,0.03098592,0.01125575,1.57048467
h4,bull,200,price200+macd+bb+body,801,0.01973016,0.02496879,0.00523863,1.26551370
h4,bull,200,price200+adx+di+volatility,635,0.01973016,0.03464567,0.01491551,1.75597499
h4,bull,200,price200+adx+di+bb,1259,0.01973016,0.03494837,0.01521821,1.77131711
h4,bull,200,price200+adx+di+body,483,0.01973016,0.02484472,0.00511456,1.25922543
h4,bull,200,price200+adx+volatility+bb,590,0.01973016,0.03389831,0.01416814,1.71809571
h4,bull,200,price200+adx+volatility+body,363,0.01973016,0.03305785,0.01332769,1.67549830
h4,bull,200,price200+adx+bb+body,427,0.01973016,0.02810304,0.00837288,1.42436975
h4,bull,200,price200+di+volatility+bb,965,0.01973016,0.03108808,0.01135792,1.57566291
h4,bull,200,price200+di+volatility+body,413,0.01973016,0.02179177,0.00206161,1.10449010
h4,bull,200,price200+di+bb+body,846,0.01973016,0.02364066,0.00391050,1.19819914
h4,bull,200,price200+volatility+bb+body,368,0.01973016,0.02445652,0.00472636,1.23955003
h4,bull,200,momentum+macd+adx+di,778,0.01973016,0.03084833,0.01111817,1.56351127
h4,bull,200,momentum+macd+adx+volatility,477,0.01973016,0.03563941,0.01590925,1.80634172
h4,bull,200,momentum+macd+adx+bb,902,0.01973016,0.02882483,0.00909467,1.46095278
h4,bull,200,momentum+macd+adx+body,336,0.01973016,0.03273810,0.01300793,1.65929184
h4,bull,200,momentum+macd+di+volatility,825,0.01973016,0.02787879,0.00814863,1.41300357
h4,bull,200,momentum+macd+di+bb,2248,0.01973016,0.02224199,0.00251183,1.12730924
h4,bull,200,momentum+macd+di+body,753,0.01973016,0.02523240,0.00550224,1.27887470
h4,bull,200,momentum+macd+volatility+bb,934,0.01973016,0.02569593,0.00596577,1.30236806
h4,bull,200,momentum+macd+volatility+body,353,0.01973016,0.03116147,0.01143131,1.57938260
h4,bull,200,momentum+macd+bb+body,802,0.01973016,0.02743142,0.00770126,1.39032932
h4,bull,200,momentum+adx+di+volatility,513,0.01973016,0.03508772,0.01535756,1.77837977
h4,bull,200,momentum+adx+di+bb,929,0.01973016,0.02798708,0.00825692,1.41849237
h4,bull,200,momentum+adx+di+body,397,0.01973016,0.02267003,0.00293986,1.14900356
h4,bull,200,momentum+adx+volatility+bb,523,0.01973016,0.03059273,0.01086257,1.55055674
h4,bull,200,momentum+adx+volatility+body,258,0.01973016,0.02713178,0.00740162,1.37514250
h4,bull,200,momentum+adx+bb+body,365,0.01973016,0.02465753,0.00492737,1.24973811
h4,bull,200,momentum+di+volatility+bb,893,0.01973016,0.02687570,0.00714554,1.36216323
h4,bull,200,momentum+di+volatility+body,379,0.01973016,0.02374670,0.00401654,1.20357365
h4,bull,200,momentum+di+bb+body,800,0.01973016,0.02625000,0.00651984,1.33045037
h4,bull,200,momentum+volatility+bb+body,353,0.01973016,0.02549575,0.00576559,1.29222213
h4,bull,200,rsi_extreme+adx+volatility+body,180,0.01973016,0.04444444,0.02471428,2.25261438
h4,bull,200,macd+adx+di+volatility,651,0.01973016,0.03686636,0.01713620,1.86852806
h4,bull,200,macd+adx+di+bb,1350,0.01973016,0.03703704,0.01730688,1.87717865
h4,bull,200,macd+adx+di+body,469,0.01973016,0.02985075,0.01012059,1.51294996
h4,bull,200,macd+adx+volatility+bb,726,0.01973016,0.03305785,0.01332769,1.67549830
h4,bull,200,macd+adx+volatility+body,338,0.01973016,0.03254438,0.01281422,1.64947355
h4,bull,200,macd+adx+bb+body,505,0.01973016,0.02970297,0.00997281,1.50546010
h4,bull,200,macd+di+volatility+bb,1135,0.01973016,0.03083700,0.01110684,1.56293729
h4,bull,200,macd+di+volatility+body,426,0.01973016,0.02816901,0.00843885,1.42771334
h4,bull,200,macd+di+bb+body,996,0.01973016,0.02510040,0.00537024,1.27218433
h4,bull,200,macd+volatility+bb+body,442,0.01973016,0.02714932,0.00741916,1.37603141
h4,bull,200,adx+di+volatility+bb,709,0.01973016,0.03526093,0.01553077,1.78715880
h4,bull,200,adx+di+volatility+body,297,0.01973016,0.02693603,0.00720587,1.36522084
h4,bull,200,adx+di+bb+body,507,0.01973016,0.02761341,0.00788325,1.39955331
h4,bull,200,adx+volatility+bb+body,282,0.01973016,0.02836879,0.00863863,1.43783897
h4,bull,200,di+volatility+bb+body,436,0.01973016,0.02752294,0.00779277,1.39496762
h4,bull,300,trend,3073,0.00449732,0.00553205,0.00103474,1.23007883
h4,bull,300,price20,3645,0.00449732,0.00493827,0.00044096,1.09804859
h4,bull,300,price200,3970,0.00449732,0.00503778,0.00054047,1.12017551
h4,bull,300,momentum,3561,0.00449732,0.00336984,-0.00112748,0.74930021
h4,bull,300,rsi_extreme,569,0.00449732,0.00000000,-0.00449732,0.00000000
h4,bull,300,macd,3956,0.00449732,0.00505561,0.00055830,1.12413973
h4,bull,300,adx,3117,0.00449732,0.00673725,0.00223993,1.49805955
h4,bull,300,di,3744,0.00449732,0.00480769,0.00031038,1.06901365
h4,bull,300,volatility,2909,0.00449732,0.00618769,0.00169038,1.37586356
h4,bull,300,bb,3727,0.00449732,0.00509793,0.00060062,1.13355029
h4,bull,300,body,2993,0.00449732,0.00567992,0.00118260,1.26295765
h4,bull,300,trend+price20,1995,0.00449732,0.00551378,0.00101647,1.22601665
h4,bull,300,trend+price200,2940,0.00449732,0.00578231,0.00128500,1.28572526
h4,bull,300,trend+momentum,1755,0.00449732,0.00284900,-0.00164831,0.63348957
h4,bull,300,trend+macd,1769,0.00449732,0.00621820,0.00172089,1.38264739
h4,bull,300,trend+adx,1361,0.00449732,0.01028655,0.00578924,2.28726506
h4,bull,300,trend+di,2110,0.00449732,0.00521327,0.00071595,1.15919584
h4,bull,300,trend+volatility,1215,0.00449732,0.00823045,0.00373314,1.83008098
h4,bull,300,trend+bb,1974,0.00449732,0.00557244,0.00107513,1.23905938
h4,bull,300,trend+body,1297,0.00449732,0.00539707,0.00089975,1.20006467
h4,bull,300,price20+price200,2792,0.00449732,0.00501433,0.00051701,1.11495979
h4,bull,300,price20+momentum,2808,0.00449732,0.00356125,-0.00093606,0.79186196
h4,bull,300,price20+macd,3221,0.00449732,0.00558833,0.00109101,1.24259146
h4,bull,300,price20+adx,1649,0.00449732,0.00788357,0.00338625,1.75294900
h4,bull,300,price20+di,3344,0.00449732,0.00538278,0.00088546,1.19688609
h4,bull,300,price20+volatility,1353,0.00449732,0.00591279,0.00141547,1.31473667
h4,bull,300,price20+bb,3535,0.00449732,0.00509194,0.00059462,1.13221700
h4,bull,300,price20+body,1141,0.00449732,0.00701139,0.00251408,1.55901727
h4,bull,300,price200+momentum,2451,0.00449732,0.00326397,-0.00123334,0.72576039
h4,bull,300,price200+macd,2602,0.00449732,0.00538048,0.00088316,1.19637500
h4,bull,300,price200+adx,1765,0.00449732,0.00849858,0.00400127,1.88970118
h4,bull,300,price200+di,2875,0.00449732,0.00486957,0.00037225,1.08277139
h4,bull,300,price200+volatility,1550,0.00449732,0.00709677,0.00259946,1.57800208
h4,bull,300,price200+bb,2780,0.00449732,0.00503597,0.00053866,1.11977257
h4,bull,300,price200+body,1541,0.00449732,0.00584036,0.00134305,1.29863306
h4,bull,300,momentum+macd,2698,0.00449732,0.00407709,-0.00042022,0.90656161
h4,bull,300,momentum+adx,1309,0.00449732,0.00534759,0.00085028,1.18906331
h4,bull,300,momentum+di,2839,0.00449732,0.00352237,-0.00097495,0.78321535
h4,bull,300,momentum+volatility,1312,0.00449732,0.00533537,0.00083805,1.18634441
h4,bull,300,momentum+bb,2865,0.00449732,0.00383944,-0.00065787,0.85371840
h4,bull,300,momentum+body,1244,0.00449732,0.00482315,0.00032584,1.07245099
h4,bull,300,rsi_extreme+adx,445,0.00449732,0.00000000,-0.00449732,0.00000000
h4,bull,300,rsi_extreme+volatility,355,0.00449732,0.00000000,-0.00449732,0.00000000
h4,bull,300,rsi_extreme+body,361,0.00449732,0.00000000,-0.00449732,0.00000000
h4,bull,300,macd+adx,1781,0.00449732,0.00786075,0.00336344,1.74787633
h4,bull,300,macd+di,3147,0.00449732,0.00571973,0.00122242,1.27181033
h4,bull,300,macd+volatility,1537,0.00449732,0.00585556,0.00135825,1.30201272
h4,bull,300,macd+bb,3382,0.00449732,0.00561798,0.00112066,1.24918449
h4,bull,300,macd+body,1406,0.00449732,0.00711238,0.00261506,1.58147111
h4,bull,300,adx+di,1694,0.00449732,0.00767414,0.00317683,1.70638306
h4,bull,300,adx+volatility,1647,0.00449732,0.00789314,0.00339582,1.75507766
h4,bull,300,adx+bb,1696,0.00449732,0.00766509,0.00316778,1.70437082
h4,bull,300,adx+body,1339,0.00449732,0.00672143,0.00222412,1.49454335
h4,bull,300,di+volatility,1385,0.00449732,0.00577617,0.00127886,1.28436008
h4,bull,300,di+bb,3364,0.00449732,0.00535077,0.00085346,1.18977024
h4,bull,300,di+body,1302,0.00449732,0.00614439,0.00164708,1.36623557
h4,bull,300,volatility+bb,1401,0.00449732,0.00571021,0.00121289,1.26969216
h4,bull,300,volatility+body,1378,0.00449732,0.00725689,0.00275958,1.61360551
h4,bull,300,bb+body,1204,0.00449732,0.00747508,0.00297777,1.66212089
h4,bull,300,trend+price20+price200,1995,0.00449732,0.00551378,0.00101647,1.22601665
h4,bull,300,trend+price20+momentum,1341,0.00449732,0.00298285,-0.00151447,0.66325082
h4,bull,300,trend+price20+macd,1666,0.00449732,0.00660264,0.00210532,1.46812919
h4,bull,300,trend+price20+adx,977,0.00449732,0.01023541,0.00573810,2.27589395
h4,bull,300,trend+price20+di,1895,0.00449732,0.00580475,0.00130743,1.29071410
h4,bull,300,trend+price20+volatility,722,0.00449732,0.00554017,0.00104285,1.23188276
h4,bull,300,trend+price20+bb,1923,0.00449732,0.00572023,0.00122291,1.27192055
h4,bull,300,trend+price20+body,652,0.00449732,0.00306748,-0.00142983,0.68207006
h4,bull,300,trend+price200+momentum,1751,0.00449732,0.00285551,-0.00164180,0.63493672
h4,bull,300,trend+price200+macd,1765,0.00449732,0.00623229,0.00173498,1.38578086
h4,bull,300,trend+price200+adx,1335,0.00449732,0.01048689,0.00598958,2.33181104
h4,bull,300,trend+price200+di,2107,0.00449732,0.00522069,0.00072338,1.16084633
h4,bull,300,trend+price200+volatility,1140,0.00449732,0.00877193,0.00427461,1.95048104
h4,bull,300,trend+price200+bb,1974,0.00449732,0.00557244,0.00107513,1.23905938
h4,bull,300,trend+price200+body,1194,0.00449732,0.00586265,0.00136533,1.30358783
h4,bull,300,trend+momentum+macd,1115,0.00449732,0.00358744,-0.00090987,0.79768552
h4,bull,300,trend+momentum+adx,660,0.00449732,0.00606061,0.00156329,1.34760508
h4,bull,300,trend+momentum+di,1437,0.00449732,0.00278358,-0.00171374,0.61894179
h4,bull,300,trend+momentum+volatility,623,0.00449732,0.00642055,0.00192323,1.42763941
h4,bull,300,trend+momentum+bb,1325,0.00449732,0.00301887,-0.00147845,0.67125989
h4,bull,300,trend+momentum+body,647,0.00449732,0.00000000,-0.00449732,0.00000000
h4,bull,300,trend+macd+adx,819,0.00449732,0.01221001,0.00771270,2.71495530
h4,bull,300,trend+macd+di,1659,0.00449732,0.00663050,0.00213318,1.47432383
h4,bull,300,trend+macd+volatility,647,0.00449732,0.00618238,0.00168506,1.37468216
h4,bull,300,trend+macd+bb,1699,0.00449732,0.00647440,0.00197708,1.43961343
h4,bull,300,trend+macd+body,617,0.00449732,0.00324149,-0.00125583,0.72076123
h4,bull,300,trend+adx+di,1075,0.00449732,0.00930233,0.00480501,2.06841710
h4,bull,300,trend+adx+volatility,661,0.00449732,0.01059002,0.00609270,2.35474111
h4,bull,300,trend+adx+bb,966,0.00449732,0.01035197,0.00585465,2.30180992
h4,bull,300,trend+adx+body,563,0.00449732,0.00888099,0.00438368,1.97473214
h4,bull,300,trend+di+volatility,776,0.00449732,0.00515464,0.00065732,1.14615896
h4,bull,300,trend+di+bb,1884,0.00449732,0.00583864,0.00134133,1.29825012
h4,bull,300,trend+di+body,754,0.00449732,0.00265252,-0.00184480,0.58980063
h4,bull,300,trend+volatility+bb,718,0.00449732,0.00557103,0.00107371,1.23874562
h4,bull,300,trend+volatility+body,580,0.00449732,0.00862069,0.00412337,1.91685206
h4,bull,300,trend+bb+body,655,0.00449732,0.00305344,-0.00144388,0.67894607
h4,bull,300,price20+price200+momentum,1970,0.00449732,0.00355330,-0.00094402,0.79009334
h4,bull,300,price20+price200+macd,2416,0.00449732,0.00579470,0.00129739,1.28848003
h4,bull,300,price20+price200+adx,1319,0.00449732,0.00833965,0.00384234,1.85436181
h4,bull,300,price20+price200+di,2624,0.00449732,0.00533537,0.00083805,1.18634441
h4,bull,300,price20+price200+volatility,1029,0.00449732,0.00485909,0.00036177,1.08044139
h4,bull,300,price20+price200+bb,2707,0.00449732,0.00517178,0.00067446,1.14996961
h4,bull,300,price20+price200+body,886,0.00449732,0.00451467,0.00001736,1.00385932
h4,bull,300,price20+momentum+macd,2404,0.00449732,0.00415973,-0.00033758,0.92493693
h4,bull,300,price20+momentum+adx,1048,0.00449732,0.00572519,0.00122787,1.27302389
h4,bull,300,price20+momentum+di,2516,0.00449732,0.00397456,-0.00052275,0.88376327
h4,bull,300,price20+momentum+volatility,1011,0.00449732,0.00593472,0.00143740,1.31961329
h4,bull,300,price20+momentum+bb,2703,0.00449732,0.00369959,-0.00079772,0.82262241
h4,bull,300,price20+momentum+body,852,0.00449732,0.00586854,0.00137123,1.30489929
h4,bull,300,price20+macd+adx,1432,0.00449732,0.00907821,0.00458090,2.01858443
h4,bull,300,price20+macd+di,2986,0.00449732,0.00602813,0.00153082,1.34038416
h4,bull,300,price20+macd+volatility,1207,0.00449732,0.00662800,0.00213069,1.47376861
h4,bull,300,price20+macd+bb,3205,0.00449732,0.00561622,0.00111891,1.24879473
h4,bull,300,price20+macd+body,1010,0.00449732,0.00792079,0.00342348,1.76122645
h4,bull,300,price20+adx+di,1532,0.00449732,0.00848564,0.00398832,1.88682304
h4,bull,300,price20+adx+volatility,766,0.00449732,0.00783290,0.00333558,1.74168281
h4,bull,300,price20+adx+bb,1607,0.00449732,0.00808961,0.00359229,1.79876347
h4,bull,300,price20+adx+body,531,0.00449732,0.00753296,0.00303564,1.67498937
h4,bull,300,price20+di+volatility,1227,0.00449732,0.00651997,0.00202265,1.44974630
h4,bull,300,price20+di+bb,3273,0.00449732,0.00549954,0.00100223,1.22284971
h4,bull,300,price20+di+body,1058,0.00449732,0.00756144,0.00306412,1.68132203
h4,bull,300,price20+volatility+bb,1317,0.00449732,0.00607441,0.00157710,1.35067480
h4,bull,300,price20+volatility+body,463,0.00449732,0.00647948,0.00198217,1.44074410
h4,bull,300,price20+bb+body,1109,0.00449732,0.00721371,0.00271639,1.60400244
h4,bull,300,price200+momentum+macd,1746,0.00449732,0.00400916,-0.00048815,0.89145697
h4,bull,300,price200+momentum+adx,914,0.00449732,0.00547046,0.00097314,1.21638314
h4,bull,300,price200+momentum+di,2030,0.00449732,0.00344828,-0.00104904,0.76674082
h4,bull,300,price200+momentum+volatility,894,0.00449732,0.00559284,0.00109553,1.24359529
h4,bull,300,price200+momentum+bb,1960,0.00449732,0.00357143,-0.00092589,0.79412442
h4,bull,300,price200+momentum+body,850,0.00449732,0.00235294,-0.00214437,0.52318786
h4,bull,300,price200+macd+adx,1161,0.00449732,0.00947459,0.00497727,2.10672112
h4,bull,300,price200+macd+di,2371,0.00449732,0.00590468,0.00140737,1.31293452
h4,bull,300,price200+macd+volatility,966,0.00449732,0.00517598,0.00067867,1.15090496
h4,bull,300,price200+macd+bb,2464,0.00449732,0.00568182,0.00118450,1.26337977
h4,bull,300,price200+macd+body,879,0.00449732,0.00455063,0.00005331,1.01185365
h4,bull,300,price200+adx+di,1393,0.00449732,0.00789663,0.00339931,1.75585300
h4,bull,300,price200+adx+volatility,844,0.00449732,0.00947867,0.00498136,2.10762880
h4,bull,300,price200+adx+bb,1312,0.00449732,0.00838415,0.00388683,1.86425551
h4,bull,300,price200+adx+body,685,0.00449732,0.00729927,0.00280195,1.62302802
h4,bull,300,price200+di+volatility,1072,0.00449732,0.00466418,0.00016686,1.03710279
h4,bull,300,price200+di+bb,2613,0.00449732,0.00535783,0.00086051,1.19133859
h4,bull,300,price200+di+body,994,0.00449732,0.00402414,-0.00047317,0.89478808
h4,bull,300,price200+volatility+bb,1032,0.00449732,0.00484496,0.00034765,1.07730058
h4,bull,300,price200+volatility+body,667,0.00449732,0.00749625,0.00299894,1.66682788
h4,bull,300,price200+bb+body,898,0.00449732,0.00445434,-0.00004297,0.99044472
h4,bull,300,momentum+macd+adx,933,0.00449732,0.00643087,0.00193355,1.42993465
h4,bull,300,momentum+macd+di,2308,0.00449732,0.00433276,-0.00016456,0.96340918
h4,bull,300,momentum+macd+volatility,997,0.00449732,0.00601805,0.00152074,1.33814346
h4,bull,300,momentum+macd+bb,2540,0.00449732,0.00433071,-0.00016661,0.96295403
h4,bull,300,momentum+macd+body,896,0.00449732,0.00669643,0.00219911,1.48898329
h4,bull,300,momentum+adx+di,1069,0.00449732,0.00561272,0.00111541,1.24801593
h4,bull,300,momentum+adx+volatility,646,0.00449732,0.00928793,0.00479061,2.06521522
h4,bull,300,momentum+adx+bb,1071,0.00449732,0.00560224,0.00110492,1.24568537
h4,bull,300,momentum+adx+body,487,0.00449732,0.00410678,-0.00039054,0.91316156
h4,bull,300,momentum+di+volatility,1013,0.00449732,0.00592300,0.00142568,1.31700793
h4,bull,300,momentum+di+bb,2533,0.00449732,0.00394789,-0.00054943,0.87783197
h4,bull,300,momentum+di+body,967,0.00449732,0.00517063,0.00067331,1.14971478
h4,bull,300,momentum+volatility+bb,1044,0.00449732,0.00574713,0.00124981,1.27790137
h4,bull,300,momentum+volatility+body,496,0.00449732,0.00403226,-0.00046506,0.89659209
h4,bull,300,momentum+bb+body,903,0.00449732,0.00664452,0.00214720,1.47744079
h4,bull,300,rsi_extreme+adx+volatility,286,0.00449732,0.00000000,-0.00449732,0.00000000
h4,bull,300,rsi_extreme+adx+body,268,0.00449732,0.00000000,-0.00449732,0.00000000
h4,bull,300,rsi_extreme+volatility+body,232,0.00449732,0.00000000,-0.00449732,0.00000000
h4,bull,300,macd+adx+di,1367,0.00449732,0.00950988,0.00501256,2.11456686
h4,bull,300,macd+adx+volatility,885,0.00449732,0.00790960,0.00341229,1.75873884
h4,bull,300,macd+adx+bb,1508,0.00449732,0.00862069,0.00412337,1.91685206
h4,bull,300,macd+adx+body,641,0.00449732,0.00780031,0.00330300,1.73443712
h4,bull,300,macd+di+volatility,1171,0.00449732,0.00683177,0.00233445,1.51907661
h4,bull,300,macd+di+bb,3059,0.00449732,0.00588428,0.00138696,1.30839722
h4,bull,300,macd+di+body,1053,0.00449732,0.00759734,0.00310002,1.68930552
h4,bull,300,macd+volatility+bb,1283,0.00449732,0.00623539,0.00173807,1.38646821
h4,bull,300,macd+volatility+body,581,0.00449732,0.00688468,0.00238737,1.53084226
h4,bull,300,macd+bb+body,1098,0.00449732,0.00819672,0.00369941,1.82258065
h4,bull,300,adx+di+volatility,790,0.00449732,0.00759494,0.00309762,1.68877093
h4,bull,300,adx+di+bb,1530,0.00449732,0.00849673,0.00399942,1.88928948
h4,bull,300,adx+di+body,597,0.00449732,0.00670017,0.00220285,1.48981466
h4,bull,300,adx+volatility+bb,799,0.00449732,0.00750939,0.00301207,1.66974848
h4,bull,300,adx+volatility+body,769,0.00449732,0.00910273,0.00460541,2.02403624
h4,bull,300,adx+bb+body,560,0.00449732,0.00714286,0.00264554,1.58824885
h4,bull,300,di+volatility+bb,1236,0.00449732,0.00647249,0.00197518,1.43918989
h4,bull,300,di+volatility+body,525,0.00449732,0.00571429,0.00121697,1.27059908
h4,bull,300,di+bb+body,1089,0.00449732,0.00734619,0.00284887,1.63346071
h4,bull,300,volatility+bb+body,485,0.00449732,0.00618557,0.00168825,1.37539075
h4,bull,300,trend+price20+price200+momentum,1341,0.00449732,0.00298285,-0.00151447,0.66325082
h4,bull,300,trend+price20+price200+macd,1666,0.00449732,0.00660264,0.00210532,1.46812919
h4,bull,300,trend+price20+price200+adx,977,0.00449732,0.01023541,0.00573810,2.27589395
h4,bull,300,trend+price20+price200+di,1895,0.00449732,0.00580475,0.00130743,1.29071410
h4,bull,300,trend+price20+price200+volatility,722,0.00449732,0.00554017,0.00104285,1.23188276
h4,bull,300,trend+price20+price200+bb,1923,0.00449732,0.00572023,0.00122291,1.27192055
h4,bull,300,trend+price20+price200+body,652,0.00449732,0.00306748,-0.00142983,0.68207006
h4,bull,300,trend+price20+momentum+macd,1032,0.00449732,0.00387597,-0.00062135,0.86184046
h4,bull,300,trend+price20+momentum+adx,491,0.00449732,0.00610998,0.00161266,1.35858354
h4,bull,300,trend+price20+momentum+di,1247,0.00449732,0.00320770,-0.00128962,0.71324728
h4,bull,300,trend+price20+momentum+volatility,457,0.00449732,0.00656455,0.00206724,1.45965977
h4,bull,300,trend+price20+momentum+bb,1274,0.00449732,0.00313972,-0.00135760,0.69813136
h4,bull,300,trend+price20+momentum+body,433,0.00449732,0.00000000,-0.00449732,0.00000000
h4,bull,300,trend+price20+macd+adx,797,0.00449732,0.01254705,0.00804974,2.78989760
h4,bull,300,trend+price20+macd+di,1616,0.00449732,0.00680693,0.00230961,1.51355398
h4,bull,300,trend+price20+macd+volatility,605,0.00449732,0.00661157,0.00211425,1.47011464
h4,bull,300,trend+price20+macd+bb,1660,0.00449732,0.00662651,0.00212919,1.47343568
h4,bull,300,trend+price20+macd+body,550,0.00449732,0.00363636,-0.00086095,0.80856305
h4,bull,300,trend+price20+adx+di,956,0.00449732,0.01046025,0.00596293,2.32588743
h4,bull,300,trend+price20+adx+volatility,434,0.00449732,0.00691244,0.00241513,1.53701501
h4,bull,300,trend+price20+adx+bb,947,0.00449732,0.01055966,0.00606235,2.34799196
h4,bull,300,trend+price20+adx+body,319,0.00449732,0.00626959,0.00177228,1.39407422
h4,bull,300,trend+price20+di+volatility,688,0.00449732,0.00581395,0.00131664,1.29276069
h4,bull,300,trend+price20+di+bb,1849,0.00449732,0.00594916,0.00145185,1.32282489
h4,bull,300,trend+price20+di+body,621,0.00449732,0.00322061,-0.00127670,0.71611864
h4,bull,300,trend+price20+volatility+bb,698,0.00449732,0.00573066,0.00123334,1.27423976
h4,bull,300,trend+price20+volatility+body,263,0.00449732,0.00000000,-0.00449732,0.00000000
h4,bull,300,trend+price20+bb+body,629,0.00449732,0.00317965,-0.00131767,0.70701062
h4,bull,300,trend+price200+momentum+macd,1115,0.00449732,0.00358744,-0.00090987,0.79768552
h4,bull,300,trend+price200+momentum+adx,659,0.00449732,0.00606980,0.00157249,1.34965001
h4,bull,300,trend+price200+momentum+di,1436,0.00449732,0.00278552,-0.00171180,0.61937281
h4,bull,300,trend+price200+momentum+volatility,622,0.00449732,0.00643087,0.00193355,1.42993465
h4,bull,300,trend+price200+momentum+bb,1325,0.00449732,0.00301887,-0.00147845,0.67125989
h4,bull,300,trend+price200+momentum+body,645,0.00449732,0.00000000,-0.00449732,0.00000000
h4,bull,300,trend+price200+macd+adx,818,0.00449732,0.01222494,0.00772762,2.71827431
h4,bull,300,trend+price200+macd+di,1658,0.00449732,0.00663450,0.00213718,1.47521304
h4,bull,300,trend+price200+macd+volatility,645,0.00449732,0.00620155,0.00170423,1.37894474
h4,bull,300,trend+price200+macd+bb,1699,0.00449732,0.00647440,0.00197708,1.43961343
h4,bull,300,trend+price200+macd+body,613,0.00449732,0.00326264,-0.00123467,0.72546440
h4,bull,300,trend+price200+adx+di,1073,0.00449732,0.00931966,0.00482235,2.07227249
h4,bull,300,trend+price200+adx+volatility,642,0.00449732,0.01090343,0.00640611,2.42442971
h4,bull,300,trend+price200+adx+bb,966,0.00449732,0.01035197,0.00585465,2.30180992
h4,bull,300,trend+price200+adx+body,543,0.00449732,0.00920810,0.00471079,2.04746629
h4,bull,300,trend+price200+di+volatility,775,0.00449732,0.00516129,0.00066397,1.14763788
h4,bull,300,trend+price200+di+bb,1884,0.00449732,0.00583864,0.00134133,1.29825012
h4,bull,300,trend+price200+di+body,753,0.00449732,0.00265604,-0.00184127,0.59058390
h4,bull,300,trend+price200+volatility+bb,718,0.00449732,0.00557103,0.00107371,1.23874562
h4,bull,300,trend+price200+volatility+body,519,0.00449732,0.00963391,0.00513660,2.14214681
h4,bull,300,trend+price200+bb+body,655,0.00449732,0.00305344,-0.00144388,0.67894607
h4,bull,300,trend+momentum+macd+adx,348,0.00449732,0.00862069,0.00412337,1.91685206
h4,bull,300,trend+momentum+macd+di,1030,0.00449732,0.00388350,-0.00061382,0.86351394
h4,bull,300,trend+momentum+macd+volatility,381,0.00449732,0.00787402,0.00337670,1.75082550
h4,bull,300,trend+momentum+macd+bb,1070,0.00449732,0.00373832,-0.00075900,0.83123304
h4,bull,300,trend+momentum+macd+body,389,0.00449732,0.00000000,-0.00449732,0.00000000
h4,bull,300,trend+momentum+adx+di,574,0.00449732,0.00522648,0.00072916,1.16213330
h4,bull,300,trend+momentum+adx+volatility,307,0.00449732,0.00977199,0.00527467,2.17284859
h4,bull,300,trend+momentum+adx+bb,480,0.00449732,0.00625000,0.00175268,1.38971774
h4,bull,300,trend+momentum+adx+body,263,0.00449732,0.00000000,-0.00449732,0.00000000
h4,bull,300,trend+momentum+di+volatility,500,0.00449732,0.00600000,0.00150268,1.33412903
h4,bull,300,trend+momentum+di+bb,1237,0.00449732,0.00323363,-0.00126369,0.71901322
h4,bull,300,trend+momentum+di+body,518,0.00449732,0.00000000,-0.00449732,0.00000000
h4,bull,300,trend+momentum+volatility+bb,453,0.00449732,0.00662252,0.00212520,1.47254860
h4,bull,300,trend+momentum+volatility+body,261,0.00449732,0.00000000,-0.00449732,0.00000000
h4,bull,300,trend+momentum+bb+body,436,0.00449732,0.00000000,-0.00449732,0.00000000
h4,bull,300,trend+macd+adx+di,798,0.00449732,0.01253133,0.00803401,2.78640149
h4,bull,300,trend+macd+adx+volatility,375,0.00449732,0.00800000,0.00350268,1.77883871
h4,bull,300,trend+macd+adx+bb,807,0.00449732,0.01239157,0.00789426,2.75532638
h4,bull,300,trend+macd+adx+body,281,0.00449732,0.00711744,0.00262012,1.58259672
h4,bull,300,trend+macd+di+volatility,606,0.00449732,0.00660066,0.00210334,1.46768870
h4,bull,300,trend+macd+di+bb,1640,0.00449732,0.00670732,0.00221000,1.49140441
h4,bull,300,trend+macd+di+body,566,0.00449732,0.00353357,-0.00096375,0.78570614
h4,bull,300,trend+macd+volatility+bb,621,0.00449732,0.00644122,0.00194391,1.43223729
h4,bull,300,trend+macd+volatility+body,245,0.00449732,0.00000000,-0.00449732,0.00000000
h4,bull,300,trend+macd+bb+body,571,0.00449732,0.00350263,-0.00099469,0.77882606
h4,bull,300,trend+adx+di+volatility,487,0.00449732,0.00616016,0.00166285,1.36974233
h4,bull,300,trend+adx+di+bb,945,0.00449732,0.01058201,0.00608469,2.35296126
h4,bull,300,trend+adx+di+body,386,0.00449732,0.00518135,0.00068403,1.15209761
h4,bull,300,trend+adx+volatility+bb,430,0.00449732,0.00697674,0.00247943,1.55131283
h4,bull,300,trend+adx+volatility+body,310,0.00449732,0.00967742,0.00518010,2.15182102
h4,bull,300,trend+adx+bb+body,318,0.00449732,0.00628931,0.00179199,1.39845811
h4,bull,300,trend+di+volatility+bb,686,0.00449732,0.00583090,0.00133359,1.29652967
h4,bull,300,trend+di+volatility+body,309,0.00449732,0.00000000,-0.00449732,0.00000000
h4,bull,300,trend+di+bb+body,625,0.00449732,0.00320000,-0.00129732,0.71153548
h4,bull,300,trend+volatility+bb+body,266,0.00449732,0.00000000,-0.00449732,0.00000000
h4,bull,300,price20+price200+momentum+macd,1614,0.00449732,0.00433705,-0.00016027,0.96436423
h4,bull,300,price20+price200+momentum+adx,725,0.00449732,0.00551724,0.00101993,1.22678532
h4,bull,300,price20+price200+momentum+di,1811,0.00449732,0.00386527,-0.00063205,0.85946100
h4,bull,300,price20+price200+momentum+volatility,693,0.00449732,0.00577201,0.00127469,1.28343341
h4,bull,300,price20+price200+momentum+bb,1890,0.00449732,0.00370370,-0.00079361,0.82353644
h4,bull,300,price20+price200+momentum+body,606,0.00449732,0.00330033,-0.00119699,0.73384435
h4,bull,300,price20+price200+macd+adx,1115,0.00449732,0.00986547,0.00536815,2.19363518
h4,bull,300,price20+price200+macd+di,2302,0.00449732,0.00608167,0.00158435,1.35228833
h4,bull,300,price20+price200+macd+volatility,897,0.00449732,0.00557414,0.00107682,1.23943611
h4,bull,300,price20+price200+macd+bb,2403,0.00449732,0.00582605,0.00132873,1.29545058
h4,bull,300,price20+price200+macd+body,769,0.00449732,0.00520156,0.00070424,1.15659214
h4,bull,300,price20+price200+adx+di,1271,0.00449732,0.00865460,0.00415729,1.92439278
h4,bull,300,price20+price200+adx+volatility,590,0.00449732,0.00677966,0.00228234,1.50749043
h4,bull,300,price20+price200+adx+bb,1284,0.00449732,0.00856698,0.00406966,1.90490905
h4,bull,300,price20+price200+adx+body,424,0.00449732,0.00471698,0.00021967,1.04884358
h4,bull,300,price20+price200+di+volatility,966,0.00449732,0.00517598,0.00067867,1.15090496
h4,bull,300,price20+price200+di+bb,2569,0.00449732,0.00544959,0.00095228,1.21174299
h4,bull,300,price20+price200+di+body,840,0.00449732,0.00476190,0.00026459,1.05883257
h4,bull,300,price20+price200+volatility+bb,1001,0.00449732,0.00499500,0.00049769,1.11066353
h4,bull,300,price20+price200+volatility+body,363,0.00449732,0.00000000,-0.00449732,0.00000000
h4,bull,300,price20+price200+bb+body,860,0.00449732,0.00465116,0.00015385,1.03420855
h4,bull,300,price20+momentum+macd+adx,850,0.00449732,0.00705882,0.00256151,1.56956357
h4,bull,300,price20+momentum+macd+di,2178,0.00449732,0.00459137,0.00009405,1.02091294
h4,bull,300,price20+momentum+macd+volatility,873,0.00449732,0.00687285,0.00237554,1.52821195
h4,bull,300,price20+momentum+macd+bb,2393,0.00449732,0.00417885,-0.00031846,0.92918863
h4,bull,300,price20+momentum+macd+body,726,0.00449732,0.00688705,0.00238974,1.53136941
h4,bull,300,price20+momentum+adx+di,932,0.00449732,0.00643777,0.00194045,1.43146892
h4,bull,300,price20+momentum+adx+volatility,504,0.00449732,0.00992063,0.00542332,2.20590118
h4,bull,300,price20+momentum+adx+bb,1006,0.00449732,0.00596421,0.00146690,1.32617200
h4,bull,300,price20+momentum+adx+body,345,0.00449732,0.00579710,0.00129979,1.28901356
h4,bull,300,price20+momentum+di+volatility,885,0.00449732,0.00677966,0.00228234,1.50749043
h4,bull,300,price20+momentum+di+bb,2446,0.00449732,0.00408831,-0.00040901,0.90905494
h4,bull,300,price20+momentum+di+body,771,0.00449732,0.00648508,0.00198777,1.44198987
h4,bull,300,price20+momentum+volatility+bb,975,0.00449732,0.00615385,0.00165653,1.36833747
h4,bull,300,price20+momentum+volatility+body,336,0.00449732,0.00595238,0.00145506,1.32354071
h4,bull,300,price20+momentum+bb+body,820,0.00449732,0.00609756,0.00160024,1.35582219
h4,bull,300,price20+macd+adx+di,1326,0.00449732,0.00980392,0.00530661,2.17994940
h4,bull,300,price20+macd+adx+volatility,680,0.00449732,0.00882353,0.00432621,1.96195446
h4,bull,300,price20+macd+adx+bb,1428,0.00449732,0.00910364,0.00460633,2.02423873
h4,bull,300,price20+macd+adx+body,469,0.00449732,0.00852878,0.00403147,1.89641653
h4,bull,300,price20+macd+di+volatility,1107,0.00449732,0.00722674,0.00272942,1.60690037
h4,bull,300,price20+macd+di+bb,2979,0.00449732,0.00604230,0.00154498,1.34353377
h4,bull,300,price20+macd+di+body,949,0.00449732,0.00842993,0.00393261,1.87443489
h4,bull,300,price20+macd+volatility+bb,1204,0.00449732,0.00664452,0.00214720,1.47744079
h4,bull,300,price20+macd+volatility+body,410,0.00449732,0.00731707,0.00281976,1.62698662
h4,bull,300,price20+macd+bb+body,1007,0.00449732,0.00794439,0.00344707,1.76647340
h4,bull,300,price20+adx+di+volatility,705,0.00449732,0.00851064,0.00401332,1.89238161
h4,bull,300,price20+adx+di+bb,1498,0.00449732,0.00867824,0.00418092,1.92964813
h4,bull,300,price20+adx+di+body,498,0.00449732,0.00803213,0.00353481,1.78598264
h4,bull,300,price20+adx+volatility+bb,749,0.00449732,0.00801068,0.00351336,1.78121366
h4,bull,300,price20+adx+volatility+body,268,0.00449732,0.00746269,0.00296537,1.65936447
h4,bull,300,price20+adx+bb+body,521,0.00449732,0.00767754,0.00318023,1.70713888
h4,bull,300,price20+di+volatility+bb,1201,0.00449732,0.00666112,0.00216380,1.48113132
h4,bull,300,price20+di+volatility+body,427,0.00449732,0.00702576,0.00252845,1.56221198
h4,bull,300,price20+di+bb+body,1036,0.00449732,0.00772201,0.00322469,1.71702578
h4,bull,300,price20+volatility+bb+body,449,0.00449732,0.00668151,0.00218420,1.48566707
h4,bull,300,price200+momentum+macd+adx,571,0.00449732,0.00700525,0.00250794,1.55765211
h4,bull,300,price200+momentum+macd+di,1571,0.00449732,0.00445576,-0.00004156,0.99075994
h4,bull,300,price200+momentum+macd+volatility,626,0.00449732,0.00638978,0.00189246,1.42079769
h4,bull,300,price200+momentum+macd+bb,1664,0.00449732,0.00420673,-0.00029059,0.93538694
h4,bull,300,price200+momentum+macd+body,571,0.00449732,0.00350263,-0.00099469,0.77882606
h4,bull,300,price200+momentum+adx+di,786,0.00449732,0.00508906,0.00059174,1.13157679
h4,bull,300,price200+momentum+adx+volatility,429,0.00449732,0.00932401,0.00482669,2.07323859
h4,bull,300,price200+momentum+adx+bb,716,0.00449732,0.00558659,0.00108928,1.24220580
h4,bull,300,price200+momentum+adx+body,343,0.00449732,0.00000000,-0.00449732,0.00000000
h4,bull,300,price200+momentum+di+volatility,724,0.00449732,0.00552486,0.00102755,1.22847977
h4,bull,300,price200+momentum+di+bb,1800,0.00449732,0.00388889,-0.00060843,0.86471326
h4,bull,300,price200+momentum+di+body,694,0.00449732,0.00288184,-0.00161547,0.64079204
h4,bull,300,price200+momentum+volatility+bb,695,0.00449732,0.00575540,0.00125808,1.27974008
h4,bull,300,price200+momentum+volatility+body,349,0.00449732,0.00000000,-0.00449732,0.00000000
h4,bull,300,price200+momentum+bb+body,616,0.00449732,0.00324675,-0.00125056,0.72193129
h4,bull,300,price200+macd+adx+di,1090,0.00449732,0.01009174,0.00559443,2.24394791
h4,bull,300,price200+macd+adx+volatility,531,0.00449732,0.00753296,0.00303564,1.67498937
h4,bull,300,price200+macd+adx+bb,1132,0.00449732,0.00971731,0.00522000,2.16069190
h4,bull,300,price200+macd+adx+body,392,0.00449732,0.00510204,0.00060472,1.13446346
h4,bull,300,price200+macd+di+volatility,883,0.00449732,0.00566251,0.00116520,1.25908742
h4,bull,300,price200+macd+di+bb,2331,0.00449732,0.00600601,0.00150869,1.33546450
h4,bull,300,price200+macd+di+body,784,0.00449732,0.00510204,0.00060472,1.13446346
h4,bull,300,price200+macd+volatility+bb,922,0.00449732,0.00542299,0.00092568,1.20582884
h4,bull,300,price200+macd+volatility+body,355,0.00449732,0.00000000,-0.00449732,0.00000000
h4,bull,300,price200+macd+bb+body,801,0.00449732,0.00499376,0.00049644,1.11038621
h4,bull,300,price200+adx+di+volatility,635,0.00449732,0.00629921,0.00180190,1.40066040
h4,bull,300,price200+adx+di+bb,1259,0.00449732,0.00873709,0.00423978,1.94273489
h4,bull,300,price200+adx+di+body,483,0.00449732,0.00414079,-0.00035653,0.92072397
h4,bull,300,price200+adx+volatility+bb,590,0.00449732,0.00677966,0.00228234,1.50749043
h4,bull,300,price200+adx+volatility+body,363,0.00449732,0.00826446,0.00376715,1.83764330
h4,bull,300,price200+adx+bb+body,427,0.00449732,0.00468384,0.00018652,1.04147465
h4,bull,300,price200+di+volatility+bb,965,0.00449732,0.00518135,0.00068403,1.15209761
h4,bull,300,price200+di+volatility+body,413,0.00449732,0.00000000,-0.00449732,0.00000000
h4,bull,300,price200+di+bb+body,846,0.00449732,0.00472813,0.00023082,1.05132311
h4,bull,300,price200+volatility+bb+body,368,0.00449732,0.00000000,-0.00449732,0.00000000
h4,bull,300,momentum+macd+adx+di,778,0.00449732,0.00771208,0.00321477,1.71481881
h4,bull,300,momentum+macd+adx+volatility,477,0.00449732,0.01048218,0.00598486,2.33076351
h4,bull,300,momentum+macd+adx+bb,902,0.00449732,0.00665188,0.00215457,1.47907875
h4,bull,300,momentum+macd+adx+body,336,0.00449732,0.00595238,0.00145506,1.32354071
h4,bull,300,momentum+macd+di+volatility,825,0.00449732,0.00727273,0.00277541,1.61712610
h4,bull,300,momentum+macd+di+bb,2248,0.00449732,0.00444840,-0.00004892,0.98912295
h4,bull,300,momentum+macd+di+body,753,0.00449732,0.00664011,0.00214279,1.47645975
h4,bull,300,momentum+macd+volatility+bb,934,0.00449732,0.00642398,0.00192667,1.42840367
h4,bull,300,momentum+macd+volatility+body,353,0.00449732,0.00566572,0.00116841,1.25980079
h4,bull,300,momentum+macd+bb+body,802,0.00449732,0.00748130,0.00298398,1.66350253
h4,bull,300,momentum+adx+di+volatility,513,0.00449732,0.00974659,0.00524927,2.16720116
h4,bull,300,momentum+adx+di+bb,929,0.00449732,0.00645856,0.00196124,1.43609153
h4,bull,300,momentum+adx+di+body,397,0.00449732,0.00503778,0.00054047,1.12017551
h4,bull,300,momentum+adx+volatility+bb,523,0.00449732,0.00956023,0.00506291,2.12576328
h4,bull,300,momentum+adx+volatility+body,258,0.00449732,0.00775194,0.00325462,1.72368092
h4,bull,300,momentum+adx+bb+body,365,0.00449732,0.00547945,0.00098214,1.21838268
h4,bull,300,momentum+di+volatility+bb,893,0.00449732,0.00671892,0.00222161,1.49398548
h4,bull,300,momentum+di+volatility+body,379,0.00449732,0.00527704,0.00077973,1.17337646
h4,bull,300,momentum+di+bb+body,800,0.00449732,0.00625000,0.00175268,1.38971774
h4,bull,300,momentum+volatility+bb+body,353,0.00449732,0.00566572,0.00116841,1.25980079
h4,bull,300,rsi_extreme+adx+volatility+body,180,0.00449732,0.00000000,-0.00449732,0.00000000
h4,bull,300,macd+adx+di+volatility,651,0.00449732,0.00921659,0.00471927,2.04935335
h4,bull,300,macd+adx+di+bb,1350,0.00449732,0.00962963,0.00513231,2.14119474
h4,bull,300,macd+adx+di+body,469,0.00449732,0.00852878,0.00403147,1.89641653
h4,bull,300,macd+adx+volatility+bb,726,0.00449732,0.00826446,0.00376715,1.83764330
h4,bull,300,macd+adx+volatility+body,338,0.00449732,0.00887574,0.00437842,1.97356366
h4,bull,300,macd+adx+bb+body,505,0.00449732,0.00792079,0.00342348,1.76122645
h4,bull,300,macd+di+volatility+bb,1135,0.00449732,0.00704846,0.00255114,1.56725878
h4,bull,300,macd+di+volatility+body,426,0.00449732,0.00704225,0.00254494,1.56587915
h4,bull,300,macd+di+bb+body,996,0.00449732,0.00803213,0.00353481,1.78598264
h4,bull,300,macd+volatility+bb+body,442,0.00449732,0.00678733,0.00229001,1.50919574
h4,bull,300,adx+di+volatility+bb,709,0.00449732,0.00846262,0.00396531,1.88170526
h4,bull,300,adx+di+volatility+body,297,0.00449732,0.00673401,0.00223669,1.49733898
h4,bull,300,adx+di+bb+body,507,0.00449732,0.00788955,0.00339223,1.75427881
h4,bull,300,adx+volatility+bb+body,282,0.00449732,0.00709220,0.00259488,1.57698467
h4,bull,300,di+volatility+bb+body,436,0.00449732,0.00688073,0.00238342,1.52996449
h4,bear,100,trend,2395,0.12954118,0.13862213,0.00908095,1.07010089
h4,bear,100,price20,3481,0.12954118,0.17178972,0.04224854,1.32613983
h4,bear,100,price200,3317,0.12954118,0.15435635,0.02481517,1.19156201
h4,bear,100,momentum,3528,0.12954118,0.13350340,0.00396222,1.03058659
h4,bear,100,rsi_extreme,672,0.12954118,0.10565476,-0.02388642,0.81560754
h4,bear,100,macd,3947,0.12954118,0.16189511,0.03235393,1.24975790
h4,bear,100,adx,3253,0.12954118,0.14263757,0.01309639,1.10109826
h4,bear,100,di,4046,0.12954118,0.15991102,0.03036985,1.23444163
h4,bear,100,volatility,3046,0.12954118,0.17531188,0.04577071,1.35332940
h4,bear,100,bb,3565,0.12954118,0.16942496,0.03988379,1.30788501
h4,bear,100,body,3151,0.12954118,0.13265630,0.00311512,1.02404735
h4,bear,100,trend+price20,1513,0.12954118,0.16655651,0.03701533,1.28574182
h4,bear,100,trend+price200,2276,0.12954118,0.14059754,0.01105636,1.08535017
h4,bear,100,trend+momentum,1398,0.12954118,0.12231760,-0.00722358,0.94423718
h4,bear,100,trend+macd,1327,0.12954118,0.18010550,0.05056432,1.39033397
h4,bear,100,trend+adx,1382,0.12954118,0.15412446,0.02458328,1.18977193
h4,bear,100,trend+di,1754,0.12954118,0.15621437,0.02667319,1.20590510
h4,bear,100,trend+volatility,1169,0.12954118,0.19161677,0.06207559,1.47919580
h4,bear,100,trend+bb,1481,0.12954118,0.16745442,0.03791324,1.29267330
h4,bear,100,trend+body,1053,0.12954118,0.13390313,0.00436196,1.03367235
h4,bear,100,price20+price200,2367,0.12954118,0.18166455,0.05212338,1.40236917
h4,bear,100,price20+momentum,2713,0.12954118,0.15001843,0.02047725,1.15807523
h4,bear,100,price20+macd,3117,0.12954118,0.18383061,0.05428943,1.41909012
h4,bear,100,price20+adx,1898,0.12954118,0.18282403,0.05328285,1.41131977
h4,bear,100,price20+di,3347,0.12954118,0.17508216,0.04554098,1.35155605
h4,bear,100,price20+volatility,1721,0.12954118,0.22138292,0.09184174,1.70897718
h4,bear,100,price20+bb,3367,0.12954118,0.17463617,0.04509500,1.34811322
h4,bear,100,price20+body,1136,0.12954118,0.17165493,0.04211375,1.32509934
h4,bear,100,price200+momentum,2069,0.12954118,0.13871435,0.00917318,1.07081282
h4,bear,100,price200+macd,2183,0.12954118,0.19193770,0.06239652,1.48167326
h4,bear,100,price200+adx,1828,0.12954118,0.16849015,0.03894897,1.30066868
h4,bear,100,price200+di,2621,0.12954118,0.17359786,0.04405669,1.34009792
h4,bear,100,price200+volatility,1599,0.12954118,0.20888055,0.07933937,1.61246449
h4,bear,100,price200+bb,2343,0.12954118,0.18224499,0.05270381,1.40684983
h4,bear,100,price200+body,1331,0.12954118,0.14800902,0.01846784,1.14256345
h4,bear,100,momentum+macd,2704,0.12954118,0.15125740,0.02171622,1.16763950
h4,bear,100,momentum+adx,1570,0.12954118,0.14203822,0.01249704,1.09647155
h4,bear,100,momentum+di,3073,0.12954118,0.14350797,0.01396679,1.10781741
h4,bear,100,momentum+volatility,1579,0.12954118,0.17289424,0.04335306,1.33466624
h4,bear,100,momentum+bb,2781,0.12954118,0.14814815,0.01860697,1.14363749
h4,bear,100,momentum+body,1317,0.12954118,0.13059985,0.00105867,1.00817246
h4,bear,100,rsi_extreme+macd,53,0.12954118,0.03773585,-0.09180533,0.29130389
h4,bear,100,rsi_extreme+adx,441,0.12954118,0.08616780,-0.04337338,0.66517691
h4,bear,100,rsi_extreme+volatility,269,0.12954118,0.16356877,0.03402760,1.26267783
h4,bear,100,rsi_extreme+body,461,0.12954118,0.13015184,0.00061067,1.00471407
h4,bear,100,macd+adx,1930,0.12954118,0.18134715,0.05180597,1.39991895
h4,bear,100,macd+di,3293,0.12954118,0.17856058,0.04901940,1.37840790
h4,bear,100,macd+volatility,1851,0.12954118,0.21177742,0.08223624,1.63482701
h4,bear,100,macd+bb,3279,0.12954118,0.17810308,0.04856190,1.37487618
h4,bear,100,macd+body,1491,0.12954118,0.15291751,0.02337633,1.18045480
h4,bear,100,adx+di,2136,0.12954118,0.17322097,0.04367980,1.33718850
h4,bear,100,adx+volatility,1781,0.12954118,0.18135879,0.05181761,1.40000878
h4,bear,100,adx+bb,1907,0.12954118,0.18300996,0.05346879,1.41275512
h4,bear,100,adx+body,1423,0.12954118,0.14265636,0.01311518,1.10124334
h4,bear,100,di+volatility,1963,0.12954118,0.20835456,0.07881338,1.60840408
h4,bear,100,di+bb,3382,0.12954118,0.17534004,0.04579886,1.35354671
h4,bear,100,di+body,1503,0.12954118,0.15635396,0.02681278,1.20698268
h4,bear,100,volatility+bb,1745,0.12954118,0.21891117,0.08937000,1.68989643
h4,bear,100,volatility+body,1433,0.12954118,0.17585485,0.04631367,1.35752085
h4,bear,100,bb+body,1202,0.12954118,0.16638935,0.03684817,1.28445143
h4,bear,100,trend+price20+price200,1513,0.12954118,0.16655651,0.03701533,1.28574182
h4,bear,100,trend+price20+momentum,1028,0.12954118,0.13326848,0.00372730,1.02877312
h4,bear,100,trend+price20+macd,1249,0.12954118,0.18574860,0.05620742,1.43389617
h4,bear,100,trend+price20+adx,994,0.12954118,0.17505030,0.04550912,1.35131010
h4,bear,100,trend+price20+di,1480,0.12954118,0.16959459,0.04005342,1.30919447
h4,bear,100,trend+price20+volatility,784,0.12954118,0.22448980,0.09494862,1.73296089
h4,bear,100,trend+price20+bb,1445,0.12954118,0.17093426,0.04139308,1.31953606
h4,bear,100,trend+price20+body,521,0.12954118,0.15547025,0.02592907,1.20016084
h4,bear,100,trend+price200+momentum,1388,0.12954118,0.12319885,-0.00634233,0.95104004
h4,bear,100,trend+price200+macd,1317,0.12954118,0.18071374,0.05117257,1.39502933
h4,bear,100,trend+price200+adx,1340,0.12954118,0.15447761,0.02493643,1.19249812
h4,bear,100,trend+price200+di,1746,0.12954118,0.15635739,0.02681621,1.20700916
h4,bear,100,trend+price200+volatility,1107,0.12954118,0.19602529,0.06648412,1.51322766
h4,bear,100,trend+price200+bb,1481,0.12954118,0.16745442,0.03791324,1.29267330
h4,bear,100,trend+price200+body,964,0.12954118,0.13485477,0.00531359,1.04101857
h4,bear,100,trend+momentum+macd,846,0.12954118,0.14657210,0.01703093,1.13147114
h4,bear,100,trend+momentum+adx,767,0.12954118,0.12777053,-0.00177064,0.98633142
h4,bear,100,trend+momentum+di,1223,0.12954118,0.12837285,-0.00116832,0.99098106
h4,bear,100,trend+momentum+volatility,636,0.12954118,0.17610063,0.04655945,1.35941815
h4,bear,100,trend+momentum+bb,1000,0.12954118,0.13300000,0.00345882,1.02670056
h4,bear,100,trend+momentum+body,575,0.12954118,0.11826087,-0.01128031,0.91292106
h4,bear,100,trend+macd+adx,794,0.12954118,0.19899244,0.06945127,1.53613273
h4,bear,100,trend+macd+di,1270,0.12954118,0.18425197,0.05471079,1.42234285
h4,bear,100,trend+macd+volatility,691,0.12954118,0.23733719,0.10779601,1.83213705
h4,bear,100,trend+macd+bb,1268,0.12954118,0.18296530,0.05342412,1.41241034
h4,bear,100,trend+macd+body,483,0.12954118,0.16149068,0.03194951,1.24663590
h4,bear,100,trend+adx+di,1152,0.12954118,0.16319444,0.03365327,1.25978818
h4,bear,100,trend+adx+volatility,816,0.12954118,0.20220588,0.07266470,1.56093904
h4,bear,100,trend+adx+bb,963,0.12954118,0.17860852,0.04906734,1.37877791
h4,bear,100,trend+adx+body,577,0.12954118,0.15251300,0.02297182,1.17733218
h4,bear,100,trend+di+volatility,895,0.12954118,0.21340782,0.08386664,1.64741300
h4,bear,100,trend+di+bb,1443,0.12954118,0.17117117,0.04162999,1.32136494
h4,bear,100,trend+di+body,670,0.12954118,0.14626866,0.01672748,1.12912866
h4,bear,100,trend+volatility+bb,774,0.12954118,0.22222222,0.09268104,1.71545624
h4,bear,100,trend+volatility+body,523,0.12954118,0.18738050,0.05783932,1.44649369
h4,bear,100,trend+bb+body,512,0.12954118,0.15039062,0.02084945,1.16094841
h4,bear,100,price20+price200+momentum,1645,0.12954118,0.15075988,0.02121870,1.16379888
h4,bear,100,price20+price200+macd,2050,0.12954118,0.19853659,0.06899541,1.53261371
h4,bear,100,price20+price200+adx,1435,0.12954118,0.19024390,0.06070272,1.46859790
h4,bear,100,price20+price200+di,2309,0.12954118,0.18536163,0.05582045,1.43090893
h4,bear,100,price20+price200+volatility,1213,0.12954118,0.23742786,0.10788669,1.83283700
h4,bear,100,price20+price200+bb,2286,0.12954118,0.18503937,0.05549819,1.42842124
h4,bear,100,price20+price200+body,790,0.12954118,0.17721519,0.04767401,1.36802206
h4,bear,100,price20+momentum+macd,2365,0.12954118,0.16194503,0.03240385,1.25014327
h4,bear,100,price20+momentum+adx,1267,0.12954118,0.15074980,0.02120862,1.16372110
h4,bear,100,price20+momentum+di,2583,0.12954118,0.15292296,0.02338178,1.18049689
h4,bear,100,price20+momentum+volatility,1228,0.12954118,0.18811075,0.05856957,1.45213091
h4,bear,100,price20+momentum+bb,2604,0.12954118,0.15245776,0.02291658,1.17690575
h4,bear,100,price20+momentum+body,889,0.12954118,0.14960630,0.02006512,1.15489377
h4,bear,100,price20+macd+adx,1638,0.12954118,0.19963370,0.07009252,1.54108294
h4,bear,100,price20+macd+di,3008,0.12954118,0.18650266,0.05696148,1.43971718
h4,bear,100,price20+macd+volatility,1543,0.12954118,0.23460791,0.10506673,1.81106819
h4,bear,100,price20+macd+bb,3092,0.12954118,0.18434670,0.05480552,1.42307414
h4,bear,100,price20+macd+body,1015,0.12954118,0.18128079,0.05173961,1.39940667
h4,bear,100,price20+adx+di,1858,0.12954118,0.18514532,0.05560414,1.42923910
h4,bear,100,price20+adx+volatility,1131,0.12954118,0.22458002,0.09503884,1.73365737
h4,bear,100,price20+adx+bb,1844,0.12954118,0.18546638,0.05592520,1.43171754
h4,bear,100,price20+adx+body,646,0.12954118,0.18730650,0.05776532,1.44592248
h4,bear,100,price20+di+volatility,1675,0.12954118,0.22388060,0.09433942,1.72825815
h4,bear,100,price20+di+bb,3255,0.12954118,0.17757296,0.04803179,1.37078393
h4,bear,100,price20+di+body,1096,0.12954118,0.17427007,0.04472889,1.34528708
h4,bear,100,price20+volatility+bb,1671,0.12954118,0.22321963,0.09367845,1.72315577
h4,bear,100,price20+volatility+body,616,0.12954118,0.22077922,0.09123804,1.70431691
h4,bear,100,price20+bb+body,1095,0.12954118,0.17351598,0.04397480,1.33946583
h4,bear,100,price200+momentum+macd,1443,0.12954118,0.16285516,0.03331398,1.25716907
h4,bear,100,price200+momentum+adx,1040,0.12954118,0.14134615,0.01180498,1.09112914
h4,bear,100,price200+momentum+di,1843,0.12954118,0.14704286,0.01750169,1.13510520
h4,bear,100,price200+momentum+volatility,927,0.12954118,0.18230852,0.05276734,1.40734031
h4,bear,100,price200+momentum+bb,1625,0.12954118,0.15076923,0.02122805,1.16387108
h4,bear,100,price200+momentum+body,781,0.12954118,0.13572343,0.00618225,1.04772423
h4,bear,100,price200+macd+adx,1211,0.12954118,0.21056978,0.08102860,1.62550457
h4,bear,100,price200+macd+di,2071,0.12954118,0.19797199,0.06843082,1.52825532
h4,bear,100,price200+macd+volatility,1108,0.12954118,0.24729242,0.11775124,1.90898695
h4,bear,100,price200+macd+bb,2086,0.12954118,0.19558965,0.06604847,1.50986465
h4,bear,100,price200+macd+body,765,0.12954118,0.18169935,0.05215817,1.40263775
h4,bear,100,price200+adx+di,1602,0.12954118,0.17915106,0.04960988,1.38296612
h4,bear,100,price200+adx+volatility,1070,0.12954118,0.21775701,0.08821583,1.68098679
h4,bear,100,price200+adx+bb,1403,0.12954118,0.19315752,0.06361634,1.49108972
h4,bear,100,price200+adx+body,719,0.12954118,0.16411683,0.03457565,1.26690857
h4,bear,100,price200+di+volatility,1328,0.12954118,0.22891566,0.09937448,1.76712661
h4,bear,100,price200+di+bb,2278,0.12954118,0.18700615,0.05746497,1.44360387
h4,bear,100,price200+di+body,951,0.12954118,0.16824395,0.03870278,1.29876813
h4,bear,100,price200+volatility+bb,1203,0.12954118,0.23607648,0.10653530,1.82240488
h4,bear,100,price200+volatility+body,661,0.12954118,0.20272315,0.07318197,1.56493209
h4,bear,100,price200+bb+body,792,0.12954118,0.17550505,0.04596387,1.35482055
h4,bear,100,momentum+macd+adx,1092,0.12954118,0.16300366,0.03346248,1.25831543
h4,bear,100,momentum+macd+di,2468,0.12954118,0.15842788,0.02888670,1.22299240
h4,bear,100,momentum+macd+volatility,1213,0.12954118,0.18796373,0.05842255,1.45099596
h4,bear,100,momentum+macd+bb,2510,0.12954118,0.15657371,0.02703253,1.20867903
h4,bear,100,momentum+macd+body,972,0.12954118,0.14403292,0.01449174,1.11186978
h4,bear,100,momentum+adx+di,1448,0.12954118,0.14571823,0.01617705,1.12487963
h4,bear,100,momentum+adx+volatility,860,0.12954118,0.17325581,0.04371464,1.33745745
h4,bear,100,momentum+adx+bb,1262,0.12954118,0.15213946,0.02259828,1.17444864
h4,bear,100,momentum+adx+body,631,0.12954118,0.14738510,0.01784392,1.13774712
h4,bear,100,momentum+di+volatility,1392,0.12954118,0.18175287,0.05221170,1.40305095
h4,bear,100,momentum+di+bb,2614,0.12954118,0.15378730,0.02424612,1.18716922
h4,bear,100,momentum+di+body,1147,0.12954118,0.14123801,0.01169683,1.09029433
h4,bear,100,momentum+volatility+bb,1245,0.12954118,0.18634538,0.05680420,1.43850306
h4,bear,100,momentum+volatility+body,646,0.12954118,0.17337461,0.04383343,1.33837453
h4,bear,100,momentum+bb+body,949,0.12954118,0.14541623,0.01587505,1.12254829
h4,bear,100,rsi_extreme+adx+volatility,191,0.12954118,0.11518325,-0.01435793,0.88916318
h4,bear,100,rsi_extreme+adx+body,280,0.12954118,0.10000000,-0.02954118,0.77195531
h4,bear,100,rsi_extreme+volatility+body,195,0.12954118,0.20000000,0.07045882,1.54391061
h4,bear,100,macd+adx+di,1656,0.12954118,0.19987923,0.07033805,1.54297830
h4,bear,100,macd+adx+volatility,1123,0.12954118,0.22350846,0.09396728,1.72538542
h4,bear,100,macd+adx+bb,1688,0.12954118,0.19609005,0.06654887,1.51372753
h4,bear,100,macd+adx+body,714,0.12954118,0.17647059,0.04692941,1.36227407
h4,bear,100,macd+di+volatility,1626,0.12954118,0.22755228,0.09801110,1.75660187
h4,bear,100,macd+di+bb,3112,0.12954118,0.18412596,0.05458479,1.42137015
h4,bear,100,macd+di+body,1168,0.12954118,0.17294521,0.04340403,1.33505969
h4,bear,100,macd+volatility+bb,1602,0.12954118,0.22971286,0.10017168,1.77328061
h4,bear,100,macd+volatility+body,748,0.12954118,0.20187166,0.07233048,1.55835898
h4,bear,100,macd+bb+body,1107,0.12954118,0.17344173,0.04390056,1.33889267
h4,bear,100,adx+di+volatility,1245,0.12954118,0.21686747,0.08732629,1.67411994
h4,bear,100,adx+di+bb,1844,0.12954118,0.18763557,0.05809440,1.44846278
h4,bear,100,adx+di+body,817,0.12954118,0.17380661,0.04426543,1.34170935
h4,bear,100,adx+volatility+bb,1136,0.12954118,0.22447183,0.09493065,1.73282221
h4,bear,100,adx+volatility+body,783,0.12954118,0.18518519,0.05564401,1.42954687
h4,bear,100,adx+bb+body,660,0.12954118,0.18484848,0.05530731,1.42694769
h4,bear,100,di+volatility+bb,1679,0.12954118,0.22453842,0.09499724,1.73333622
h4,bear,100,di+volatility+body,776,0.12954118,0.20618557,0.07664439,1.59166043
h4,bear,100,di+bb+body,1142,0.12954118,0.17250438,0.04296320,1.33165670
h4,bear,100,volatility+bb+body,645,0.12954118,0.21395349,0.08441231,1.65162531
h4,bear,100,trend+price20+price200+momentum,1028,0.12954118,0.13326848,0.00372730,1.02877312
h4,bear,100,trend+price20+price200+macd,1249,0.12954118,0.18574860,0.05620742,1.43389617
h4,bear,100,trend+price20+price200+adx,994,0.12954118,0.17505030,0.04550912,1.35131010
h4,bear,100,trend+price20+price200+di,1480,0.12954118,0.16959459,0.04005342,1.30919447
h4,bear,100,trend+price20+price200+volatility,784,0.12954118,0.22448980,0.09494862,1.73296089
h4,bear,100,trend+price20+price200+bb,1445,0.12954118,0.17093426,0.04139308,1.31953606
h4,bear,100,trend+price20+price200+body,521,0.12954118,0.15547025,0.02592907,1.20016084
h4,bear,100,trend+price20+momentum+macd,778,0.12954118,0.15167095,0.02212977,1.17083196
h4,bear,100,trend+price20+momentum+adx,584,0.12954118,0.13184932,0.00230814,1.01781779
h4,bear,100,trend+price20+momentum+di,998,0.12954118,0.13627255,0.00673137,1.05196314
h4,bear,100,trend+price20+momentum+volatility,470,0.12954118,0.18723404,0.05769286,1.44536313
h4,bear,100,trend+price20+momentum+bb,964,0.12954118,0.13692946,0.00738828,1.05703424
h4,bear,100,trend+price20+momentum+body,380,0.12954118,0.12368421,-0.00585697,0.95478683
h4,bear,100,trend+price20+macd+adx,782,0.12954118,0.20204604,0.07250486,1.55970510
h4,bear,100,trend+price20+macd+di,1229,0.12954118,0.18795769,0.05841651,1.45094936
h4,bear,100,trend+price20+macd+volatility,650,0.12954118,0.24615385,0.11661267,1.90019768
h4,bear,100,trend+price20+macd+bb,1241,0.12954118,0.18694601,0.05740483,1.44313966
h4,bear,100,trend+price20+macd+body,431,0.12954118,0.16705336,0.03751219,1.28957731
h4,bear,100,trend+price20+adx+di,991,0.12954118,0.17558022,0.04603904,1.35540084
h4,bear,100,trend+price20+adx+volatility,605,0.12954118,0.22479339,0.09525221,1.73530449
h4,bear,100,trend+price20+adx+bb,952,0.12954118,0.17962185,0.05008067,1.38660039
h4,bear,100,trend+price20+adx+body,334,0.12954118,0.17964072,0.05009954,1.38674606
h4,bear,100,trend+price20+di+volatility,775,0.12954118,0.22709677,0.09755560,1.75308560
h4,bear,100,trend+price20+di+bb,1420,0.12954118,0.17323944,0.04369826,1.33733103
h4,bear,100,trend+price20+di+body,509,0.12954118,0.15913556,0.02959438,1.22845540
h4,bear,100,trend+price20+volatility+bb,752,0.12954118,0.22739362,0.09785244,1.75537709
h4,bear,100,trend+price20+volatility+body,278,0.12954118,0.23381295,0.10427177,1.80493147
h4,bear,100,trend+price20+bb+body,492,0.12954118,0.15650407,0.02696289,1.20814144
h4,bear,100,trend+price200+momentum+macd,841,0.12954118,0.14744352,0.01790234,1.13819807
h4,bear,100,trend+price200+momentum+adx,767,0.12954118,0.12777053,-0.00177064,0.98633142
h4,bear,100,trend+price200+momentum+di,1219,0.12954118,0.12879409,-0.00074708,0.99423284
h4,bear,100,trend+price200+momentum+volatility,634,0.12954118,0.17665615,0.04711497,1.36370654
h4,bear,100,trend+price200+momentum+bb,1000,0.12954118,0.13300000,0.00345882,1.02670056
h4,bear,100,trend+price200+momentum+body,569,0.12954118,0.11950791,-0.01003327,0.92254764
h4,bear,100,trend+price200+macd+adx,794,0.12954118,0.19899244,0.06945127,1.53613273
h4,bear,100,trend+price200+macd+di,1265,0.12954118,0.18498024,0.05543906,1.42796476
h4,bear,100,trend+price200+macd+volatility,689,0.12954118,0.23802612,0.10848495,1.83745530
h4,bear,100,trend+price200+macd+bb,1268,0.12954118,0.18296530,0.05342412,1.41241034
h4,bear,100,trend+price200+macd+body,476,0.12954118,0.16176471,0.03222353,1.24875123
h4,bear,100,trend+price200+adx+di,1150,0.12954118,0.16260870,0.03306752,1.25526646
h4,bear,100,trend+price200+adx+volatility,784,0.12954118,0.20408163,0.07454045,1.57541899
h4,bear,100,trend+price200+adx+bb,963,0.12954118,0.17860852,0.04906734,1.37877791
h4,bear,100,trend+price200+adx+body,546,0.12954118,0.15201465,0.02247347,1.17348517
h4,bear,100,trend+price200+di+volatility,892,0.12954118,0.21412556,0.08458438,1.65295363
h4,bear,100,trend+price200+di+bb,1443,0.12954118,0.17117117,0.04162999,1.32136494
h4,bear,100,trend+price200+di+body,663,0.12954118,0.14630468,0.01676350,1.12940671
h4,bear,100,trend+price200+volatility+bb,774,0.12954118,0.22222222,0.09268104,1.71545624
h4,bear,100,trend+price200+volatility+body,475,0.12954118,0.19368421,0.06414303,1.49515554
h4,bear,100,trend+price200+bb+body,512,0.12954118,0.15039062,0.02084945,1.16094841
h4,bear,100,trend+momentum+macd+adx,398,0.12954118,0.15577889,0.02623772,1.20254344
h4,bear,100,trend+momentum+macd+di,797,0.12954118,0.15056462,0.02102344,1.16229155
h4,bear,100,trend+momentum+macd+volatility,382,0.12954118,0.19895288,0.06941170,1.53582731
h4,bear,100,trend+momentum+macd+bb,801,0.12954118,0.14731586,0.01777468,1.13721256
h4,bear,100,trend+momentum+macd+body,335,0.12954118,0.12835821,-0.00118297,0.99086801
h4,bear,100,trend+momentum+adx+di,719,0.12954118,0.12517385,-0.00436733,0.96628620
h4,bear,100,trend+momentum+adx+volatility,414,0.12954118,0.17874396,0.04920278,1.37982350
h4,bear,100,trend+momentum+adx+bb,553,0.12954118,0.13562387,0.00608269,1.04695566
h4,bear,100,trend+momentum+adx+body,329,0.12954118,0.13981763,0.01027645,1.07932961
h4,bear,100,trend+momentum+di+volatility,561,0.12954118,0.18181818,0.05227700,1.40355510
h4,bear,100,trend+momentum+di+bb,962,0.12954118,0.13721414,0.00767296,1.05923181
h4,bear,100,trend+momentum+di+body,505,0.12954118,0.12475248,-0.00478870,0.96303335
h4,bear,100,trend+momentum+volatility+bb,460,0.12954118,0.18260870,0.05306752,1.40965752
h4,bear,100,trend+momentum+volatility+body,279,0.12954118,0.18637993,0.05683875,1.43876975
h4,bear,100,trend+momentum+bb+body,373,0.12954118,0.11528150,-0.01425968,0.88992167
h4,bear,100,trend+macd+adx+di,790,0.12954118,0.20000000,0.07045882,1.54391061
h4,bear,100,trend+macd+adx+volatility,494,0.12954118,0.24696356,0.11742238,1.90644833
h4,bear,100,trend+macd+adx+bb,786,0.12954118,0.20101781,0.07147663,1.55176767
h4,bear,100,trend+macd+adx+body,273,0.12954118,0.19413919,0.06459802,1.49866781
h4,bear,100,trend+macd+di+volatility,664,0.12954118,0.24397590,0.11443473,1.88338494
h4,bear,100,trend+macd+di+bb,1240,0.12954118,0.18629032,0.05674914,1.43807803
h4,bear,100,trend+macd+di+body,457,0.12954118,0.16411379,0.03457261,1.26688508
h4,bear,100,trend+macd+volatility+bb,664,0.12954118,0.24096386,0.11142268,1.86013327
h4,bear,100,trend+macd+volatility+body,260,0.12954118,0.23461538,0.10507421,1.81112591
h4,bear,100,trend+macd+bb+body,441,0.12954118,0.16326531,0.03372413,1.26033520
h4,bear,100,trend+adx+di+volatility,680,0.12954118,0.21470588,0.08516470,1.65743345
h4,bear,100,trend+adx+di+bb,959,0.12954118,0.17935349,0.04981232,1.38452881
h4,bear,100,trend+adx+di+body,433,0.12954118,0.16397229,0.03443111,1.26579277
h4,bear,100,trend+adx+volatility+bb,589,0.12954118,0.22750424,0.09796307,1.75623109
h4,bear,100,trend+adx+volatility+body,344,0.12954118,0.21220930,0.08266812,1.63816097
h4,bear,100,trend+adx+bb+body,324,0.12954118,0.17592593,0.04638475,1.35806952
h4,bear,100,trend+di+volatility+bb,757,0.12954118,0.22721268,0.09767150,1.75398035
h4,bear,100,trend+di+volatility+body,345,0.12954118,0.22028986,0.09074868,1.70053923
h4,bear,100,trend+di+bb+body,497,0.12954118,0.15492958,0.02538840,1.19598710
h4,bear,100,trend+volatility+bb+body,276,0.12954118,0.22101449,0.09147331,1.70613311
h4,bear,100,price20+price200+momentum+macd,1343,0.12954118,0.16827997,0.03873879,1.29904616
h4,bear,100,price20+price200+momentum+adx,837,0.12954118,0.14814815,0.01860697,1.14363749
h4,bear,100,price20+price200+momentum+di,1590,0.12954118,0.15471698,0.02517580,1.19434595
h4,bear,100,price20+price200+momentum+volatility,743,0.12954118,0.19380888,0.06426770,1.49611796
h4,bear,100,price20+price200+momentum+bb,1568,0.12954118,0.15369898,0.02415780,1.18648743
h4,bear,100,price20+price200+momentum+body,559,0.12954118,0.14669052,0.01714934,1.13238525
h4,bear,100,price20+price200+macd+adx,1186,0.12954118,0.21416526,0.08462408,1.65326010
h4,bear,100,price20+price200+macd+di,2010,0.12954118,0.20149254,0.07195136,1.55543234
h4,bear,100,price20+price200+macd+volatility,1058,0.12954118,0.25519849,0.12565731,1.97001827
h4,bear,100,price20+price200+macd+bb,2039,0.12954118,0.19911721,0.06957604,1.53709590
h4,bear,100,price20+price200+macd+body,683,0.12954118,0.19033675,0.06079557,1.46931464
h4,bear,100,price20+price200+adx+di,1427,0.12954118,0.19060967,0.06106849,1.47142147
h4,bear,100,price20+price200+adx+volatility,870,0.12954118,0.23908046,0.10953928,1.84559430
h4,bear,100,price20+price200+adx+bb,1386,0.12954118,0.19336219,0.06382102,1.49266971
h4,bear,100,price20+price200+adx+body,484,0.12954118,0.19214876,0.06260758,1.48330255
h4,bear,100,price20+price200+di+volatility,1197,0.12954118,0.24060150,0.11106033,1.85733608
h4,bear,100,price20+price200+di+bb,2241,0.12954118,0.18830879,0.05876761,1.45365970
h4,bear,100,price20+price200+di+body,771,0.12954118,0.18158236,0.05204118,1.40173467
h4,bear,100,price20+price200+volatility+bb,1178,0.12954118,0.23938879,0.10984762,1.84797450
h4,bear,100,price20+price200+volatility+body,432,0.12954118,0.24305556,0.11351438,1.87628026
h4,bear,100,price20+price200+bb+body,758,0.12954118,0.17941953,0.04987835,1.38503855
h4,bear,100,price20+momentum+macd+adx,1022,0.12954118,0.16829746,0.03875628,1.29918114
h4,bear,100,price20+momentum+macd+di,2259,0.12954118,0.16423196,0.03469078,1.26779734
h4,bear,100,price20+momentum+macd+volatility,1059,0.12954118,0.20018886,0.07064768,1.54536851
h4,bear,100,price20+momentum+macd+bb,2344,0.12954118,0.16211604,0.03257486,1.25146338
h4,bear,100,price20+momentum+macd+body,769,0.12954118,0.15864759,0.02910642,1.22468852
h4,bear,100,price20+momentum+adx+di,1227,0.12954118,0.15321923,0.02367806,1.18278401
h4,bear,100,price20+momentum+adx+volatility,699,0.12954118,0.17882690,0.04928572,1.38046371
h4,bear,100,price20+momentum+adx+bb,1213,0.12954118,0.15333883,0.02379765,1.18370723
h4,bear,100,price20+momentum+adx+body,458,0.12954118,0.15720524,0.02766406,1.21355419
h4,bear,100,price20+momentum+di+volatility,1182,0.12954118,0.19035533,0.06081415,1.46945807
h4,bear,100,price20+momentum+di+bb,2492,0.12954118,0.15529695,0.02575577,1.19882305
h4,bear,100,price20+momentum+di+body,851,0.12954118,0.15158637,0.02204519,1.17017902
h4,bear,100,price20+momentum+volatility+bb,1178,0.12954118,0.18930390,0.05976273,1.46134154
h4,bear,100,price20+momentum+volatility+body,447,0.12954118,0.19015660,0.06061542,1.46792396
h4,bear,100,price20+momentum+bb+body,850,0.12954118,0.15058824,0.02104706,1.16247387
h4,bear,100,price20+macd+adx+di,1600,0.12954118,0.20250000,0.07295882,1.56320950
h4,bear,100,price20+macd+adx+volatility,997,0.12954118,0.23871615,0.10917497,1.84278198
h4,bear,100,price20+macd+adx+bb,1631,0.12954118,0.19987738,0.07033620,1.54296401
h4,bear,100,price20+macd+adx+body,559,0.12954118,0.20035778,0.07081660,1.54667253
h4,bear,100,price20+macd+di+volatility,1503,0.12954118,0.23685961,0.10731844,1.82845036
h4,bear,100,price20+macd+di+bb,2993,0.12954118,0.18710324,0.05756206,1.44435340
h4,bear,100,price20+macd+di+body,981,0.12954118,0.18348624,0.05394506,1.41643176
h4,bear,100,price20+macd+volatility+bb,1535,0.12954118,0.23517915,0.10563797,1.81547795
h4,bear,100,price20+macd+volatility+body,555,0.12954118,0.23063063,0.10108945,1.78036539
h4,bear,100,price20+macd+bb+body,1005,0.12954118,0.18208955,0.05254837,1.40564996
h4,bear,100,price20+adx+di+volatility,1110,0.12954118,0.22702703,0.09748585,1.75254718
h4,bear,100,price20+adx+di+bb,1808,0.12954118,0.18805310,0.05851192,1.45168587
h4,bear,100,price20+adx+di+body,638,0.12954118,0.18965517,0.06011399,1.46405317
h4,bear,100,price20+adx+volatility+bb,1104,0.12954118,0.22644928,0.09690810,1.74808720
h4,bear,100,price20+adx+volatility+body,406,0.12954118,0.23891626,0.10937508,1.84432672
h4,bear,100,price20+adx+bb+body,628,0.12954118,0.18789809,0.05835691,1.45048927
h4,bear,100,price20+di+volatility+bb,1630,0.12954118,0.22576687,0.09622569,1.74281934
h4,bear,100,price20+di+volatility+body,600,0.12954118,0.22166667,0.09212549,1.71116760
h4,bear,100,price20+di+bb+body,1061,0.12954118,0.17624882,0.04670764,1.36056213
h4,bear,100,price20+volatility+bb+body,597,0.12954118,0.21943049,0.08988931,1.69390528
h4,bear,100,price200+momentum+macd+adx,622,0.12954118,0.17202572,0.04248455,1.32796170
h4,bear,100,price200+momentum+macd+di,1358,0.12954118,0.16863034,0.03908916,1.30175085
h4,bear,100,price200+momentum+macd+volatility,642,0.12954118,0.20249221,0.07295103,1.56314938
h4,bear,100,price200+momentum+macd+bb,1383,0.12954118,0.16413594,0.03459476,1.26705607
h4,bear,100,price200+momentum+macd+body,515,0.12954118,0.15339806,0.02385688,1.18416445
h4,bear,100,price200+momentum+adx+di,982,0.12954118,0.14052953,0.01098835,1.08482518
h4,bear,100,price200+momentum+adx+volatility,558,0.12954118,0.18100358,0.05146241,1.39726677
h4,bear,100,price200+momentum+adx+bb,805,0.12954118,0.15155280,0.02201162,1.16991984
h4,bear,100,price200+momentum+adx+body,420,0.12954118,0.14523810,0.01569692,1.12117318
h4,bear,100,price200+momentum+di+volatility,835,0.12954118,0.19041916,0.06087798,1.46995082
h4,bear,100,price200+momentum+di+bb,1560,0.12954118,0.15641026,0.02686908,1.20741728
h4,bear,100,price200+momentum+di+body,694,0.12954118,0.14553314,0.01599196,1.12345081
h4,bear,100,price200+momentum+volatility+bb,733,0.12954118,0.19099591,0.06145473,1.47440304
h4,bear,100,price200+momentum+volatility+body,375,0.12954118,0.19200000,0.06245882,1.48215419
h4,bear,100,price200+momentum+bb+body,563,0.12954118,0.14387211,0.01433094,1.11062842
h4,bear,100,price200+macd+adx+di,1194,0.12954118,0.21273032,0.08318914,1.64218298
h4,bear,100,price200+macd+adx+volatility,750,0.12954118,0.25600000,0.12645882,1.97620559
h4,bear,100,price200+macd+adx+bb,1194,0.12954118,0.21273032,0.08318914,1.64218298
h4,bear,100,price200+macd+adx+body,418,0.12954118,0.20574163,0.07620045,1.58823341
h4,bear,100,price200+macd+di+volatility,1070,0.12954118,0.25420561,0.12466443,1.96235368
h4,bear,100,price200+macd+di+bb,2033,0.12954118,0.20019675,0.07065558,1.54542946
h4,bear,100,price200+macd+di+body,713,0.12954118,0.18934081,0.05979964,1.46162646
h4,bear,100,price200+macd+volatility+bb,1074,0.12954118,0.25139665,0.12185547,1.94066977
h4,bear,100,price200+macd+volatility+body,408,0.12954118,0.24754902,0.11800784,1.91096779
h4,bear,100,price200+macd+bb+body,706,0.12954118,0.18696884,0.05742766,1.44331587
h4,bear,100,price200+adx+di+volatility,948,0.12954118,0.23101266,0.10147148,1.78331448
h4,bear,100,price200+adx+di+bb,1394,0.12954118,0.19440459,0.06486341,1.50071656
h4,bear,100,price200+adx+di+body,590,0.12954118,0.17796610,0.04842492,1.37381877
h4,bear,100,price200+adx+volatility+bb,855,0.12954118,0.24093567,0.11139449,1.85991571
h4,bear,100,price200+adx+volatility+body,431,0.12954118,0.22505800,0.09551683,1.73734721
h4,bear,100,price200+adx+bb+body,477,0.12954118,0.19287212,0.06333094,1.48888655
h4,bear,100,price200+di+volatility+bb,1179,0.12954118,0.24088210,0.11134093,1.85950218
h4,bear,100,price200+di+volatility+body,501,0.12954118,0.23353293,0.10399176,1.80276988
h4,bear,100,price200+di+bb+body,768,0.12954118,0.18098958,0.05144841,1.39715869
h4,bear,100,price200+volatility+bb+body,431,0.12954118,0.23665893,0.10711775,1.82690119
h4,bear,100,momentum+macd+adx+di,1031,0.12954118,0.16876819,0.03922701,1.30281497
h4,bear,100,momentum+macd+adx+volatility,616,0.12954118,0.18344156,0.05390038,1.41608685
h4,bear,100,momentum+macd+adx+bb,1058,0.12954118,0.16540643,0.03586525,1.27686369
h4,bear,100,momentum+macd+adx+body,414,0.12954118,0.16183575,0.03229457,1.24929965
h4,bear,100,momentum+macd+di+volatility,1113,0.12954118,0.19586703,0.06632585,1.51200590
h4,bear,100,momentum+macd+di+bb,2359,0.12954118,0.16235693,0.03281575,1.25332294
h4,bear,100,momentum+macd+di+body,880,0.12954118,0.15227273,0.02273155,1.17547740
h4,bear,100,momentum+macd+volatility+bb,1111,0.12954118,0.19621962,0.06667844,1.51472779
h4,bear,100,momentum+macd+volatility+body,488,0.12954118,0.18442623,0.05488505,1.42368807
h4,bear,100,momentum+macd+bb+body,855,0.12954118,0.15204678,0.02250561,1.17373322
h4,bear,100,momentum+adx+di+volatility,793,0.12954118,0.17654477,0.04700359,1.36284670
h4,bear,100,momentum+adx+di+bb,1212,0.12954118,0.15676568,0.02722450,1.21016096
h4,bear,100,momentum+adx+di+body,593,0.12954118,0.15177066,0.02222948,1.17160165
h4,bear,100,momentum+adx+volatility+bb,699,0.12954118,0.18025751,0.05071633,1.39150742
h4,bear,100,momentum+adx+volatility+body,359,0.12954118,0.18105850,0.05151732,1.39769067
h4,bear,100,momentum+adx+bb+body,468,0.12954118,0.15598291,0.02644173,1.20411832
h4,bear,100,momentum+di+volatility+bb,1184,0.12954118,0.19172297,0.06218179,1.48001567
h4,bear,100,momentum+di+volatility+body,568,0.12954118,0.18485915,0.05531798,1.42703006
h4,bear,100,momentum+di+bb+body,895,0.12954118,0.15083799,0.02129681,1.16440186
h4,bear,100,momentum+volatility+bb+body,473,0.12954118,0.18393235,0.05439117,1.41987551
h4,bear,100,rsi_extreme+adx+volatility+body,123,0.12954118,0.13821138,0.00867020,1.06693010
h4,bear,100,macd+adx+di+volatility,1008,0.12954118,0.23809524,0.10855406,1.83798883
h4,bear,100,macd+adx+di+bb,1626,0.12954118,0.20172202,0.07218084,1.55720382
h4,bear,100,macd+adx+di+body,593,0.12954118,0.19898820,0.06944702,1.53609994
h4,bear,100,macd+adx+volatility+bb,1021,0.12954118,0.23604310,0.10650192,1.82214720
h4,bear,100,macd+adx+volatility+body,429,0.12954118,0.22610723,0.09656605,1.74544673
h4,bear,100,macd+adx+bb+body,584,0.12954118,0.19691781,0.06737663,1.52011747
h4,bear,100,macd+di+volatility+bb,1540,0.12954118,0.23571429,0.10617311,1.81960894
h4,bear,100,macd+di+volatility+body,626,0.12954118,0.22044728,0.09090611,1.70175451
h4,bear,100,macd+di+bb+body,1050,0.12954118,0.18000000,0.05045882,1.38951955
h4,bear,100,macd+volatility+bb+body,594,0.12954118,0.22390572,0.09436455,1.72845212
h4,bear,100,adx+di+volatility+bb,1103,0.12954118,0.22937443,0.09983326,1.77066811
h4,bear,100,adx+di+volatility+body,492,0.12954118,0.22560976,0.09606858,1.74160649
h4,bear,100,adx+di+bb+body,646,0.12954118,0.18885449,0.05931331,1.45787225
h4,bear,100,adx+volatility+bb+body,414,0.12954118,0.23429952,0.10475834,1.80868756
h4,bear,100,di+volatility+bb+body,618,0.12954118,0.22006472,0.09052355,1.69880132
h4,bear,150,trend,2395,0.04371110,0.05219207,0.00848097,1.19402314
h4,bear,150,price20,3481,0.04371110,0.06348750,0.01977640,1.45243431
h4,bear,150,price200,3317,0.04371110,0.05637624,0.01266514,1.28974658
h4,bear,150,momentum,3528,0.04371110,0.04846939,0.00475829,1.10885762
h4,bear,150,rsi_extreme,672,0.04371110,0.01339286,-0.03031824,0.30639487
h4,bear,150,macd,3947,0.04371110,0.06080568,0.01709457,1.39108083
h4,bear,150,adx,3253,0.04371110,0.05471872,0.01100762,1.25182664
h4,bear,150,di,4046,0.04371110,0.06129511,0.01758400,1.40227778
h4,bear,150,volatility,3046,0.04371110,0.06237689,0.01866579,1.42702622
h4,bear,150,bb,3565,0.04371110,0.06311360,0.01940250,1.44388044
h4,bear,150,body,3151,0.04371110,0.04220882,-0.00150228,0.96563164
h4,bear,150,trend+price20,1513,0.04371110,0.06675479,0.02304369,1.52718164
h4,bear,150,trend+price200,2276,0.04371110,0.05228471,0.00857361,1.19614259
h4,bear,150,trend+momentum,1398,0.04371110,0.04721030,0.00349920,1.08005287
h4,bear,150,trend+macd,1327,0.04371110,0.07385079,0.03013969,1.68952025
h4,bear,150,trend+adx,1382,0.04371110,0.06946454,0.02575344,1.58917396
h4,bear,150,trend+di,1754,0.04371110,0.06271380,0.01900270,1.43473385
h4,bear,150,trend+volatility,1169,0.04371110,0.07613345,0.03242235,1.74174168
h4,bear,150,trend+bb,1481,0.04371110,0.06684673,0.02313562,1.52928485
h4,bear,150,trend+body,1053,0.04371110,0.05318139,0.00947029,1.21665629
h4,bear,150,price20+price200,2367,0.04371110,0.07097592,0.02726482,1.62375041
h4,bear,150,price20+momentum,2713,0.04371110,0.05528935,0.01157825,1.26488113
h4,bear,150,price20+macd,3117,0.04371110,0.06897658,0.02526548,1.57801057
h4,bear,150,price20+adx,1898,0.04371110,0.07428872,0.03057762,1.69953908
h4,bear,150,price20+di,3347,0.04371110,0.06573050,0.02201940,1.50374854
h4,bear,150,price20+volatility,1721,0.04371110,0.08425334,0.04054224,1.92750442
h4,bear,150,price20+bb,3367,0.04371110,0.06504307,0.02133196,1.48802164
h4,bear,150,price20+body,1136,0.04371110,0.06954225,0.02583115,1.59095175
h4,bear,150,price200+momentum,2069,0.04371110,0.05219913,0.00848803,1.19418473
h4,bear,150,price200+macd,2183,0.04371110,0.07558406,0.03187296,1.72917305
h4,bear,150,price200+adx,1828,0.04371110,0.06838074,0.02466964,1.56437934
h4,bear,150,price200+di,2621,0.04371110,0.06714994,0.02343884,1.53622170
h4,bear,150,price200+volatility,1599,0.04371110,0.08005003,0.03633893,1.83134327
h4,bear,150,price200+bb,2343,0.04371110,0.07127614,0.02756504,1.63061875
h4,bear,150,price200+body,1331,0.04371110,0.05559730,0.01188619,1.27192620
h4,bear,150,momentum+macd,2704,0.04371110,0.05732249,0.01361138,1.31139421
h4,bear,150,momentum+adx,1570,0.04371110,0.05923567,0.01552457,1.35516303
h4,bear,150,momentum+di,3073,0.04371110,0.05499512,0.01128402,1.25814992
h4,bear,150,momentum+volatility,1579,0.04371110,0.06333122,0.01962012,1.44885899
h4,bear,150,momentum+bb,2781,0.04371110,0.05537576,0.01166466,1.26685813
h4,bear,150,momentum+body,1317,0.04371110,0.05163250,0.00792140,1.18122162
h4,bear,150,rsi_extreme+macd,53,0.04371110,0.00000000,-0.04371110,0.00000000
h4,bear,150,rsi_extreme+adx,441,0.04371110,0.01587302,-0.02783809,0.36313466
h4,bear,150,rsi_extreme+volatility,269,0.04371110,0.02602230,-0.01768880,0.59532485
h4,bear,150,rsi_extreme+body,461,0.04371110,0.01518438,-0.02852672,0.34738044
h4,bear,150,macd+adx,1930,0.04371110,0.07461140,0.03090030,1.70692104
h4,bear,150,macd+di,3293,0.04371110,0.06832675,0.02461565,1.56314418
h4,bear,150,macd+volatility,1851,0.04371110,0.08157753,0.03786642,1.86628849
h4,bear,150,macd+bb,3279,0.04371110,0.06709363,0.02338252,1.53493332
h4,bear,150,macd+body,1491,0.04371110,0.06103286,0.01732176,1.39627833
h4,bear,150,adx+di,2136,0.04371110,0.07162921,0.02791811,1.63869615
h4,bear,150,adx+volatility,1781,0.04371110,0.07243122,0.02872012,1.65704400
h4,bear,150,adx+bb,1907,0.04371110,0.07393812,0.03022702,1.69151818
h4,bear,150,adx+body,1423,0.04371110,0.05551651,0.01180541,1.27007814
h4,bear,150,di+volatility,1963,0.04371110,0.08099847,0.03728737,1.85304120
h4,bear,150,di+bb,3382,0.04371110,0.06623300,0.02252190,1.51524432
h4,bear,150,di+body,1503,0.04371110,0.06520293,0.02149183,1.49167889
h4,bear,150,volatility+bb,1745,0.04371110,0.08424069,0.04052959,1.92721494
h4,bear,150,volatility+body,1433,0.04371110,0.06071179,0.01700069,1.38893305
h4,bear,150,bb+body,1202,0.04371110,0.06572379,0.02201269,1.50359500
h4,bear,150,trend+price20+price200,1513,0.04371110,0.06675479,0.02304369,1.52718164
h4,bear,150,trend+price20+momentum,1028,0.04371110,0.05544747,0.01173637,1.26849860
h4,bear,150,trend+price20+macd,1249,0.04371110,0.07686149,0.03315039,1.75839745
h4,bear,150,trend+price20+adx,994,0.04371110,0.07847082,0.03475972,1.79521500
h4,bear,150,trend+price20+di,1480,0.04371110,0.06824324,0.02453214,1.56123367
h4,bear,150,trend+price20+volatility,784,0.04371110,0.09056122,0.04685012,2.07181291
h4,bear,150,trend+price20+bb,1445,0.04371110,0.06851211,0.02480101,1.56738468
h4,bear,150,trend+price20+body,521,0.04371110,0.07677543,0.03306433,1.75642867
h4,bear,150,trend+price200+momentum,1388,0.04371110,0.04755043,0.00383933,1.08783423
h4,bear,150,trend+price200+macd,1317,0.04371110,0.07441154,0.03070044,1.70234881
h4,bear,150,trend+price200+adx,1340,0.04371110,0.06791045,0.02419935,1.55362014
h4,bear,150,trend+price200+di,1746,0.04371110,0.06242841,0.01871731,1.42820487
h4,bear,150,trend+price200+volatility,1107,0.04371110,0.07588076,0.03216966,1.73596080
h4,bear,150,trend+price200+bb,1481,0.04371110,0.06684673,0.02313562,1.52928485
h4,bear,150,trend+price200+body,964,0.04371110,0.05394191,0.01023081,1.23405512
h4,bear,150,trend+momentum+macd,846,0.04371110,0.06382979,0.02011869,1.46026490
h4,bear,150,trend+momentum+adx,767,0.04371110,0.05997392,0.01626282,1.37205246
h4,bear,150,trend+momentum+di,1223,0.04371110,0.05314800,0.00943690,1.21589242
h4,bear,150,trend+momentum+volatility,636,0.04371110,0.06761006,0.02389896,1.54674809
h4,bear,150,trend+momentum+bb,1000,0.04371110,0.05500000,0.01128890,1.25826159
h4,bear,150,trend+momentum+body,575,0.04371110,0.05565217,0.01194107,1.27318169
h4,bear,150,trend+macd+adx,794,0.04371110,0.09445844,0.05074734,2.16097136
h4,bear,150,trend+macd+di,1270,0.04371110,0.07637795,0.03266685,1.74733535
h4,bear,150,trend+macd+volatility,691,0.04371110,0.09696093,0.05324982,2.21822198
h4,bear,150,trend+macd+bb,1268,0.04371110,0.07492114,0.03121003,1.71400704
h4,bear,150,trend+macd+body,483,0.04371110,0.08074534,0.03703424,1.84725022
h4,bear,150,trend+adx+di,1152,0.04371110,0.07465278,0.03094168,1.70786769
h4,bear,150,trend+adx+volatility,816,0.04371110,0.09313725,0.04942615,2.13074601
h4,bear,150,trend+adx+bb,963,0.04371110,0.07995846,0.03624736,1.82924842
h4,bear,150,trend+adx+body,577,0.04371110,0.07625650,0.03254540,1.74455680
h4,bear,150,trend+di+volatility,895,0.04371110,0.08715084,0.04343974,1.99379185
h4,bear,150,trend+di+bb,1443,0.04371110,0.06860707,0.02489597,1.56955708
h4,bear,150,trend+di+body,670,0.04371110,0.07014925,0.02643815,1.60483839
h4,bear,150,trend+volatility+bb,774,0.04371110,0.09043928,0.04672818,2.06902305
h4,bear,150,trend+volatility+body,523,0.04371110,0.08030593,0.03659483,1.83719752
h4,bear,150,trend+bb+body,512,0.04371110,0.07617188,0.03246077,1.74262081
h4,bear,150,price20+price200+momentum,1645,0.04371110,0.05957447,0.01586337,1.36291391
h4,bear,150,price20+price200+macd,2050,0.04371110,0.07902439,0.03531329,1.80787918
h4,bear,150,price20+price200+adx,1435,0.04371110,0.07804878,0.03433768,1.78555968
h4,bear,150,price20+price200+di,2309,0.04371110,0.07232568,0.02861458,1.65462960
h4,bear,150,price20+price200+volatility,1213,0.04371110,0.09480627,0.05109516,2.16892877
h4,bear,150,price20+price200+bb,2286,0.04371110,0.07261592,0.02890482,1.66126958
h4,bear,150,price20+price200+body,790,0.04371110,0.07848101,0.03476991,1.79544807
h4,bear,150,price20+momentum+macd,2365,0.04371110,0.06088795,0.01717685,1.39296305
h4,bear,150,price20+momentum+adx,1267,0.04371110,0.06550908,0.02179798,1.49868281
h4,bear,150,price20+momentum+di,2583,0.04371110,0.05768486,0.01397376,1.31968449
h4,bear,150,price20+momentum+volatility,1228,0.04371110,0.07166124,0.02795014,1.63942878
h4,bear,150,price20+momentum+bb,2604,0.04371110,0.05683564,0.01312454,1.30025636
h4,bear,150,price20+momentum+body,889,0.04371110,0.06186727,0.01815617,1.41536737
h4,bear,150,price20+macd+adx,1638,0.04371110,0.08363858,0.03992748,1.91344031
h4,bear,150,price20+macd+di,3008,0.04371110,0.07114362,0.02743252,1.62758692
h4,bear,150,price20+macd+volatility,1543,0.04371110,0.09073234,0.04702124,2.07572760
h4,bear,150,price20+macd+bb,3092,0.04371110,0.06921087,0.02549977,1.58337046
h4,bear,150,price20+macd+body,1015,0.04371110,0.07586207,0.03215097,1.73553323
h4,bear,150,price20+adx+di,1858,0.04371110,0.07588805,0.03217695,1.73612765
h4,bear,150,price20+adx+volatility,1131,0.04371110,0.09018568,0.04647457,2.06322132
h4,bear,150,price20+adx+bb,1844,0.04371110,0.07592191,0.03221081,1.73690221
h4,bear,150,price20+adx+body,646,0.04371110,0.08204334,0.03833224,1.87694524
h4,bear,150,price20+di+volatility,1675,0.04371110,0.08656716,0.04285606,1.98043887
h4,bear,150,price20+di+bb,3255,0.04371110,0.06697389,0.02326278,1.53219398
h4,bear,150,price20+di+body,1096,0.04371110,0.07208029,0.02836919,1.64901569
h4,bear,150,price20+volatility+bb,1671,0.04371110,0.08617594,0.04246484,1.97148870
h4,bear,150,price20+volatility+body,616,0.04371110,0.08603896,0.04232786,1.96835491
h4,bear,150,price20+bb+body,1095,0.04371110,0.07123288,0.02752178,1.62962896
h4,bear,150,price200+momentum+macd,1443,0.04371110,0.06583507,0.02212396,1.50614063
h4,bear,150,price200+momentum+adx,1040,0.04371110,0.05961538,0.01590428,1.36384997
h4,bear,150,price200+momentum+di,1843,0.04371110,0.05751492,0.01380382,1.31579666
h4,bear,150,price200+momentum+volatility,927,0.04371110,0.07011866,0.02640756,1.60413854
h4,bear,150,price200+momentum+bb,1625,0.04371110,0.05969231,0.01598121,1.36560978
h4,bear,150,price200+momentum+body,781,0.04371110,0.05633803,0.01262693,1.28887231
h4,bear,150,price200+macd+adx,1211,0.04371110,0.08918249,0.04547139,2.04027103
h4,bear,150,price200+macd+di,2071,0.04371110,0.07870594,0.03499484,1.80059382
h4,bear,150,price200+macd+volatility,1108,0.04371110,0.09927798,0.05556688,2.27123031
h4,bear,150,price200+macd+bb,2086,0.04371110,0.07766059,0.03394949,1.77667896
h4,bear,150,price200+macd+body,765,0.04371110,0.07973856,0.03602746,1.82421763
h4,bear,150,price200+adx+di,1602,0.04371110,0.07428215,0.03057105,1.69938860
h4,bear,150,price200+adx+volatility,1070,0.04371110,0.09158879,0.04787768,2.09532091
h4,bear,150,price200+adx+bb,1403,0.04371110,0.07911618,0.03540508,1.80997909
h4,bear,150,price200+adx+body,719,0.04371110,0.07510431,0.03139321,1.71819764
h4,bear,150,price200+di+volatility,1328,0.04371110,0.09186747,0.04815637,2.10169652
h4,bear,150,price200+di+bb,2278,0.04371110,0.07287094,0.02915984,1.66710371
h4,bear,150,price200+di+body,951,0.04371110,0.07150368,0.02779258,1.63582426
h4,bear,150,price200+volatility+bb,1203,0.04371110,0.09476309,0.05105199,2.16794107
h4,bear,150,price200+volatility+body,661,0.04371110,0.08320726,0.03949616,1.90357275
h4,bear,150,price200+bb+body,792,0.04371110,0.07702020,0.03330910,1.76202840
h4,bear,150,momentum+macd+adx,1092,0.04371110,0.07417582,0.03046472,1.69695619
h4,bear,150,momentum+macd+di,2468,0.04371110,0.06199352,0.01828242,1.41825566
h4,bear,150,momentum+macd+volatility,1213,0.04371110,0.07172300,0.02801190,1.64084176
h4,bear,150,momentum+macd+bb,2510,0.04371110,0.05936255,0.01565145,1.35806575
h4,bear,150,momentum+macd+body,972,0.04371110,0.05967078,0.01595968,1.36511732
h4,bear,150,momentum+adx+di,1448,0.04371110,0.06422652,0.02051542,1.46934113
h4,bear,150,momentum+adx+volatility,860,0.04371110,0.07325581,0.02954471,1.67590867
h4,bear,150,momentum+adx+bb,1262,0.04371110,0.06576862,0.02205752,1.50462054
h4,bear,150,momentum+adx+body,631,0.04371110,0.06180666,0.01809555,1.41398075
h4,bear,150,momentum+di+volatility,1392,0.04371110,0.07183908,0.02812798,1.64349737
h4,bear,150,momentum+di+bb,2614,0.04371110,0.05853099,0.01481989,1.33904169
h4,bear,150,momentum+di+body,1147,0.04371110,0.05928509,0.01557399,1.35629370
h4,bear,150,momentum+volatility+bb,1245,0.04371110,0.07228916,0.02857806,1.65379398
h4,bear,150,momentum+volatility+body,646,0.04371110,0.06346749,0.01975639,1.45197650
h4,bear,150,momentum+bb+body,949,0.04371110,0.05795574,0.01424464,1.32588155
h4,bear,150,rsi_extreme+adx+volatility,191,0.04371110,0.02617801,-0.01753309,0.59888700
h4,bear,150,rsi_extreme+adx+body,280,0.04371110,0.01785714,-0.02585396,0.40852649
h4,bear,150,rsi_extreme+volatility+body,195,0.04371110,0.02564103,-0.01807008,0.58660214
h4,bear,150,macd+adx+di,1656,0.04371110,0.08393720,0.04022610,1.92027186
h4,bear,150,macd+adx+volatility,1123,0.04371110,0.09171861,0.04800751,2.09829100
h4,bear,150,macd+adx+bb,1688,0.04371110,0.08116114,0.03745004,1.85676258
h4,bear,150,macd+adx+body,714,0.04371110,0.07703081,0.03331971,1.76227113
h4,bear,150,macd+di+volatility,1626,0.04371110,0.08856089,0.04484978,2.02605019
h4,bear,150,macd+di+bb,3112,0.04371110,0.07037275,0.02666165,1.60995144
h4,bear,150,macd+di+body,1168,0.04371110,0.07106164,0.02735054,1.62571158
h4,bear,150,macd+volatility+bb,1602,0.04371110,0.08926342,0.04555232,2.04212243
h4,bear,150,macd+volatility+body,748,0.04371110,0.07887701,0.03516590,1.80450738
h4,bear,150,macd+bb+body,1107,0.04371110,0.06955736,0.02584626,1.59129740
h4,bear,150,adx+di+volatility,1245,0.04371110,0.08995984,0.04624874,2.05805474
h4,bear,150,adx+di+bb,1844,0.04371110,0.07646421,0.03275311,1.74930866
h4,bear,150,adx+di+body,817,0.04371110,0.07588739,0.03217629,1.73611257
h4,bear,150,adx+volatility+bb,1136,0.04371110,0.09066901,0.04695791,2.07427887
h4,bear,150,adx+volatility+body,783,0.04371110,0.07662835,0.03291725,1.75306387
h4,bear,150,adx+bb+body,660,0.04371110,0.07878788,0.03507678,1.80246839
h4,bear,150,di+volatility+bb,1679,0.04371110,0.08755211,0.04384101,2.00297205
h4,bear,150,di+volatility+body,776,0.04371110,0.08118557,0.03747447,1.85732147
h4,bear,150,di+bb+body,1142,0.04371110,0.06917688,0.02546578,1.58259299
h4,bear,150,volatility+bb+body,645,0.04371110,0.08372093,0.04000983,1.91532420
h4,bear,150,trend+price20+price200+momentum,1028,0.04371110,0.05544747,0.01173637,1.26849860
h4,bear,150,trend+price20+price200+macd,1249,0.04371110,0.07686149,0.03315039,1.75839745
h4,bear,150,trend+price20+price200+adx,994,0.04371110,0.07847082,0.03475972,1.79521500
h4,bear,150,trend+price20+price200+di,1480,0.04371110,0.06824324,0.02453214,1.56123367
h4,bear,150,trend+price20+price200+volatility,784,0.04371110,0.09056122,0.04685012,2.07181291
h4,bear,150,trend+price20+price200+bb,1445,0.04371110,0.06851211,0.02480101,1.56738468
h4,bear,150,trend+price20+price200+body,521,0.04371110,0.07677543,0.03306433,1.75642867
h4,bear,150,trend+price20+momentum+macd,778,0.04371110,0.06683805,0.02312694,1.52908630
h4,bear,150,trend+price20+momentum+adx,584,0.04371110,0.06678082,0.02306972,1.52777715
h4,bear,150,trend+price20+momentum+di,998,0.04371110,0.05711423,0.01340313,1.30662982
h4,bear,150,trend+price20+momentum+volatility,470,0.04371110,0.07659574,0.03288464,1.75231788
h4,bear,150,trend+price20+momentum+bb,964,0.04371110,0.05705394,0.01334284,1.30525061
h4,bear,150,trend+price20+momentum+body,380,0.04371110,0.06842105,0.02470995,1.56530150
h4,bear,150,trend+price20+macd+adx,782,0.04371110,0.09590793,0.05219683,2.19413204
h4,bear,150,trend+price20+macd+di,1229,0.04371110,0.07811229,0.03440118,1.78701254
h4,bear,150,trend+price20+macd+volatility,650,0.04371110,0.10307692,0.05936582,2.35814060
h4,bear,150,trend+price20+macd+bb,1241,0.04371110,0.07655117,0.03284007,1.75129809
h4,bear,150,trend+price20+macd+body,431,0.04371110,0.08816705,0.04445595,2.01704030
h4,bear,150,trend+price20+adx+di,991,0.04371110,0.07870838,0.03499727,1.80064955
h4,bear,150,trend+price20+adx+volatility,605,0.04371110,0.09917355,0.05546245,2.26884133
h4,bear,150,trend+price20+adx+bb,952,0.04371110,0.08088235,0.03717125,1.85038469
h4,bear,150,trend+price20+adx+body,334,0.04371110,0.09281437,0.04910327,2.12335924
h4,bear,150,trend+price20+di+volatility,775,0.04371110,0.09161290,0.04790180,2.09587268
h4,bear,150,trend+price20+di+bb,1420,0.04371110,0.06971831,0.02600721,1.59497948
h4,bear,150,trend+price20+di+body,509,0.04371110,0.07858546,0.03487436,1.79783760
h4,bear,150,trend+price20+volatility+bb,752,0.04371110,0.09308511,0.04937400,2.12955298
h4,bear,150,trend+price20+volatility+body,278,0.04371110,0.10431655,0.06060545,2.38650007
h4,bear,150,trend+price20+bb+body,492,0.04371110,0.07926829,0.03555719,1.81345905
h4,bear,150,trend+price200+momentum+macd,841,0.04371110,0.06420927,0.02049817,1.46894662
h4,bear,150,trend+price200+momentum+adx,767,0.04371110,0.05997392,0.01626282,1.37205246
h4,bear,150,trend+price200+momentum+di,1219,0.04371110,0.05332240,0.00961129,1.21988222
h4,bear,150,trend+price200+momentum+volatility,634,0.04371110,0.06782334,0.02411224,1.55162743
h4,bear,150,trend+price200+momentum+bb,1000,0.04371110,0.05500000,0.01128890,1.25826159
h4,bear,150,trend+price200+momentum+body,569,0.04371110,0.05623902,0.01252791,1.28660715
h4,bear,150,trend+price200+macd+adx,794,0.04371110,0.09445844,0.05074734,2.16097136
h4,bear,150,trend+price200+macd+di,1265,0.04371110,0.07667984,0.03296874,1.75424181
h4,bear,150,trend+price200+macd+volatility,689,0.04371110,0.09724238,0.05353128,2.22466094
h4,bear,150,trend+price200+macd+bb,1268,0.04371110,0.07492114,0.03121003,1.71400704
h4,bear,150,trend+price200+macd+body,476,0.04371110,0.08193277,0.03822167,1.87441566
h4,bear,150,trend+price200+adx+di,1150,0.04371110,0.07391304,0.03020194,1.69094443
h4,bear,150,trend+price200+adx+volatility,784,0.04371110,0.09183673,0.04812563,2.10099338
h4,bear,150,trend+price200+adx+bb,963,0.04371110,0.07995846,0.03624736,1.82924842
h4,bear,150,trend+price200+adx+body,546,0.04371110,0.07509158,0.03138047,1.71790627
h4,bear,150,trend+price200+di+volatility,892,0.04371110,0.08744395,0.04373284,2.00049743
h4,bear,150,trend+price200+di+bb,1443,0.04371110,0.06860707,0.02489597,1.56955708
h4,bear,150,trend+price200+di+body,663,0.04371110,0.06938160,0.02567050,1.58727638
h4,bear,150,trend+price200+volatility+bb,774,0.04371110,0.09043928,0.04672818,2.06902305
h4,bear,150,trend+price200+volatility+body,475,0.04371110,0.08210526,0.03839416,1.87836180
h4,bear,150,trend+price200+bb+body,512,0.04371110,0.07617188,0.03246077,1.74262081
h4,bear,150,trend+momentum+macd+adx,398,0.04371110,0.09045226,0.04674116,2.06932011
h4,bear,150,trend+momentum+macd+di,797,0.04371110,0.06649937,0.02278827,1.52133830
h4,bear,150,trend+momentum+macd+volatility,382,0.04371110,0.08376963,0.04005853,1.91643840
h4,bear,150,trend+momentum+macd+bb,801,0.04371110,0.06367041,0.01995931,1.45661880
h4,bear,150,trend+momentum+macd+body,335,0.04371110,0.07462687,0.03091576,1.70727488
h4,bear,150,trend+momentum+adx+di,719,0.04371110,0.06397775,0.02026665,1.46364984
h4,bear,150,trend+momentum+adx+volatility,414,0.04371110,0.08454106,0.04082996,1.93408676
h4,bear,150,trend+momentum+adx+bb,553,0.04371110,0.06871609,0.02500499,1.57205130
h4,bear,150,trend+momentum+adx+body,329,0.04371110,0.07294833,0.02923723,1.66887417
h4,bear,150,trend+momentum+di+volatility,561,0.04371110,0.07664884,0.03293774,1.75353260
h4,bear,150,trend+momentum+di+bb,962,0.04371110,0.05717256,0.01346146,1.30796423
h4,bear,150,trend+momentum+di+body,505,0.04371110,0.06336634,0.01965524,1.44966232
h4,bear,150,trend+momentum+volatility+bb,460,0.04371110,0.07608696,0.03237586,1.74067809
h4,bear,150,trend+momentum+volatility+body,279,0.04371110,0.07885305,0.03514195,1.80395927
h4,bear,150,trend+momentum+bb+body,373,0.04371110,0.06702413,0.02331303,1.53334339
h4,bear,150,trend+macd+adx+di,790,0.04371110,0.09493671,0.05122561,2.17191299
h4,bear,150,trend+macd+adx+volatility,494,0.04371110,0.11740891,0.07369781,2.68602032
h4,bear,150,trend+macd+adx+bb,786,0.04371110,0.09414758,0.05043648,2.15385976
h4,bear,150,trend+macd+adx+body,273,0.04371110,0.10989011,0.06617901,2.51400917
h4,bear,150,trend+macd+di+volatility,664,0.04371110,0.10090361,0.05719251,2.30842077
h4,bear,150,trend+macd+di+bb,1240,0.04371110,0.07661290,0.03290180,1.75271043
h4,bear,150,trend+macd+di+body,457,0.04371110,0.08533917,0.04162807,1.95234541
h4,bear,150,trend+macd+volatility+bb,664,0.04371110,0.10090361,0.05719251,2.30842077
h4,bear,150,trend+macd+volatility+body,260,0.04371110,0.10384615,0.06013505,2.37573867
h4,bear,150,trend+macd+bb+body,441,0.04371110,0.08390023,0.04018913,1.91942605
h4,bear,150,trend+adx+di+volatility,680,0.04371110,0.09852941,0.05481831,2.25410499
h4,bear,150,trend+adx+di+bb,959,0.04371110,0.08029197,0.03658087,1.83687823
h4,bear,150,trend+adx+di+body,433,0.04371110,0.08545035,0.04173924,1.95488889
h4,bear,150,trend+adx+volatility+bb,589,0.04371110,0.10186757,0.05815647,2.33047370
h4,bear,150,trend+adx+volatility+body,344,0.04371110,0.10755814,0.06384704,2.46065956
h4,bear,150,trend+adx+bb+body,324,0.04371110,0.09259259,0.04888149,2.11828550
h4,bear,150,trend+di+volatility+bb,757,0.04371110,0.09247028,0.04875918,2.11548724
h4,bear,150,trend+di+volatility+body,345,0.04371110,0.09855072,0.05483962,2.25459257
h4,bear,150,trend+di+bb+body,497,0.04371110,0.07847082,0.03475972,1.79521500
h4,bear,150,trend+volatility+bb+body,276,0.04371110,0.10507246,0.06136136,2.40379355
h4,bear,150,price20+price200+momentum+macd,1343,0.04371110,0.06850335,0.02479225,1.56718427
h4,bear,150,price20+price200+momentum+adx,837,0.04371110,0.06571087,0.02199977,1.50329939
h4,bear,150,price20+price200+momentum+di,1590,0.04371110,0.06100629,0.01729519,1.39567037
h4,bear,150,price20+price200+momentum+volatility,743,0.04371110,0.07806191,0.03435081,1.78586008
h4,bear,150,price20+price200+momentum+bb,1568,0.04371110,0.06122449,0.01751339,1.40066225
h4,bear,150,price20+price200+momentum+body,559,0.04371110,0.06797853,0.02426743,1.55517777
h4,bear,150,price20+price200+macd+adx,1186,0.04371110,0.09106239,0.04735129,2.08327842
h4,bear,150,price20+price200+macd+di,2010,0.04371110,0.08009950,0.03638840,1.83247504
h4,bear,150,price20+price200+macd+volatility,1058,0.04371110,0.10396975,0.06025865,2.37856633
h4,bear,150,price20+price200+macd+bb,2039,0.04371110,0.07896027,0.03524917,1.80641238
h4,bear,150,price20+price200+macd+body,683,0.04371110,0.08784773,0.04413663,2.00973500
h4,bear,150,price20+price200+adx+di,1427,0.04371110,0.07848633,0.03477523,1.79556983
h4,bear,150,price20+price200+adx+volatility,870,0.04371110,0.09885057,0.05513947,2.26145239
h4,bear,150,price20+price200+adx+bb,1386,0.04371110,0.08008658,0.03637548,1.83217941
h4,bear,150,price20+price200+adx+body,484,0.04371110,0.09090909,0.04719799,2.07977122
h4,bear,150,price20+price200+di+volatility,1197,0.04371110,0.09607352,0.05236242,2.19792030
h4,bear,150,price20+price200+di+bb,2241,0.04371110,0.07362784,0.02991674,1.68441980
h4,bear,150,price20+price200+di+body,771,0.04371110,0.08041505,0.03670394,1.83969387
h4,bear,150,price20+price200+volatility+bb,1178,0.04371110,0.09677419,0.05306309,2.21395001
h4,bear,150,price20+price200+volatility+body,432,0.04371110,0.10416667,0.06045557,2.38307119
h4,bear,150,price20+price200+bb+body,758,0.04371110,0.08047493,0.03676383,1.84106397
h4,bear,150,price20+momentum+macd+adx,1022,0.04371110,0.07729941,0.03358831,1.76841604
h4,bear,150,price20+momentum+macd+di,2259,0.04371110,0.06330235,0.01959124,1.44819838
h4,bear,150,price20+momentum+macd+volatility,1059,0.04371110,0.07837583,0.03466472,1.79304167
h4,bear,150,price20+momentum+macd+bb,2344,0.04371110,0.06100683,0.01729572,1.39568265
h4,bear,150,price20+momentum+macd+body,769,0.04371110,0.06892068,0.02520957,1.57673163
h4,bear,150,price20+momentum+adx+di,1227,0.04371110,0.06764466,0.02393356,1.54753963
h4,bear,150,price20+momentum+adx+volatility,699,0.04371110,0.07725322,0.03354212,1.76735924
h4,bear,150,price20+momentum+adx+bb,1213,0.04371110,0.06760099,0.02388989,1.54654051
h4,bear,150,price20+momentum+adx+body,458,0.04371110,0.06986900,0.02615789,1.59842679
h4,bear,150,price20+momentum+di+volatility,1182,0.04371110,0.07445008,0.03073898,1.70323058
h4,bear,150,price20+momentum+di+bb,2492,0.04371110,0.05898876,0.01527766,1.34951447
h4,bear,150,price20+momentum+di+body,851,0.04371110,0.06462985,0.02091875,1.47856826
h4,bear,150,price20+momentum+volatility+bb,1178,0.04371110,0.07385399,0.03014289,1.68959343
h4,bear,150,price20+momentum+volatility+body,447,0.04371110,0.07382550,0.03011440,1.68894173
h4,bear,150,price20+momentum+bb+body,850,0.04371110,0.06352941,0.01981831,1.45339307
h4,bear,150,price20+macd+adx+di,1600,0.04371110,0.08562500,0.04191390,1.95888452
h4,bear,150,price20+macd+adx+volatility,997,0.04371110,0.09929789,0.05558679,2.27168592
h4,bear,150,price20+macd+adx+bb,1631,0.04371110,0.08338443,0.03967333,1.90762584
h4,bear,150,price20+macd+adx+body,559,0.04371110,0.09302326,0.04931215,2.12813799
h4,bear,150,price20+macd+di+volatility,1503,0.04371110,0.09314704,0.04943594,2.13096985
h4,bear,150,price20+macd+di+bb,2993,0.04371110,0.07116605,0.02745495,1.62810023
h4,bear,150,price20+macd+di+body,981,0.04371110,0.07849134,0.03478023,1.79568423
h4,bear,150,price20+macd+volatility+bb,1535,0.04371110,0.09120521,0.04749411,2.08654572
h4,bear,150,price20+macd+volatility+body,555,0.04371110,0.09189189,0.04818079,2.10225524
h4,bear,150,price20+macd+bb+body,1005,0.04371110,0.07562189,0.03191079,1.73003855
h4,bear,150,price20+adx+di+volatility,1110,0.04371110,0.09189189,0.04818079,2.10225524
h4,bear,150,price20+adx+di+bb,1808,0.04371110,0.07743363,0.03372253,1.77148655
h4,bear,150,price20+adx+di+body,638,0.04371110,0.08307210,0.03936100,1.90048060
h4,bear,150,price20+adx+volatility+bb,1104,0.04371110,0.09239130,0.04868020,2.11368054
h4,bear,150,price20+adx+volatility+body,406,0.04371110,0.09852217,0.05481107,2.25393926
h4,bear,150,price20+adx+bb+body,628,0.04371110,0.08280255,0.03909145,1.89431392
h4,bear,150,price20+di+volatility+bb,1630,0.04371110,0.08834356,0.04463246,2.02107829
h4,bear,150,price20+di+volatility+body,600,0.04371110,0.08833333,0.04462223,2.02084437
h4,bear,150,price20+di+bb+body,1061,0.04371110,0.07351555,0.02980445,1.68185081
h4,bear,150,price20+volatility+bb+body,597,0.04371110,0.08877722,0.04506612,2.03099937
h4,bear,150,price200+momentum+macd+adx,622,0.04371110,0.08199357,0.03828247,1.87580652
h4,bear,150,price200+momentum+macd+di,1358,0.04371110,0.06848306,0.02477196,1.56672015
h4,bear,150,price200+momentum+macd+volatility,642,0.04371110,0.08255452,0.03884342,1.88863960
h4,bear,150,price200+momentum+macd+bb,1383,0.04371110,0.06652205,0.02281095,1.52185718
h4,bear,150,price200+momentum+macd+body,515,0.04371110,0.07184466,0.02813356,1.64362502
h4,bear,150,price200+momentum+adx+di,982,0.04371110,0.06313646,0.01942535,1.44440323
h4,bear,150,price200+momentum+adx+volatility,558,0.04371110,0.08064516,0.03693406,1.84495834
h4,bear,150,price200+momentum+adx+bb,805,0.04371110,0.06708075,0.02336964,1.53463864
h4,bear,150,price200+momentum+adx+body,420,0.04371110,0.06666667,0.02295557,1.52516556
h4,bear,150,price200+momentum+di+volatility,835,0.04371110,0.07784431,0.03413321,1.78088194
h4,bear,150,price200+momentum+di+bb,1560,0.04371110,0.06153846,0.01782736,1.40784513
h4,bear,150,price200+momentum+di+body,694,0.04371110,0.06340058,0.01968947,1.45044564
h4,bear,150,price200+momentum+volatility+bb,733,0.04371110,0.07776262,0.03405152,1.77901304
h4,bear,150,price200+momentum+volatility+body,375,0.04371110,0.08000000,0.03628890,1.83019868
h4,bear,150,price200+momentum+bb+body,563,0.04371110,0.06571936,0.02200826,1.50349358
h4,bear,150,price200+macd+adx+di,1194,0.04371110,0.09045226,0.04674116,2.06932011
h4,bear,150,price200+macd+adx+volatility,750,0.04371110,0.11066667,0.06695557,2.53177483
h4,bear,150,price200+macd+adx+bb,1194,0.04371110,0.08961474,0.04590364,2.05015974
h4,bear,150,price200+macd+adx+body,418,0.04371110,0.10287081,0.05915971,2.35342533
h4,bear,150,price200+macd+di+volatility,1070,0.04371110,0.10280374,0.05909264,2.35189082
h4,bear,150,price200+macd+di+bb,2033,0.04371110,0.07919331,0.03548221,1.81174365
h4,bear,150,price200+macd+di+body,713,0.04371110,0.08555400,0.04184290,1.95726015
h4,bear,150,price200+macd+volatility+bb,1074,0.04371110,0.10242086,0.05870976,2.34313145
h4,bear,150,price200+macd+volatility+body,408,0.04371110,0.10539216,0.06168106,2.41110732
h4,bear,150,price200+macd+bb+body,706,0.04371110,0.08356941,0.03985830,1.91185768
h4,bear,150,price200+adx+di+volatility,948,0.04371110,0.09810127,0.05439016,2.24431008
h4,bear,150,price200+adx+di+bb,1394,0.04371110,0.07962697,0.03591587,1.82166475
h4,bear,150,price200+adx+di+body,590,0.04371110,0.08305085,0.03933975,1.89999439
h4,bear,150,price200+adx+volatility+bb,855,0.04371110,0.10058480,0.05687369,2.30112699
h4,bear,150,price200+adx+volatility+body,431,0.04371110,0.10440835,0.06069725,2.38860036
h4,bear,150,price200+adx+bb+body,477,0.04371110,0.09014675,0.04643565,2.06233079
h4,bear,150,price200+di+volatility+bb,1179,0.04371110,0.09669211,0.05298101,2.21207219
h4,bear,150,price200+di+volatility+body,501,0.04371110,0.09980040,0.05608930,2.28318198
h4,bear,150,price200+di+bb+body,768,0.04371110,0.07942708,0.03571598,1.81709178
h4,bear,150,price200+volatility+bb+body,431,0.04371110,0.10440835,0.06069725,2.38860036
h4,bear,150,momentum+macd+adx+di,1031,0.04371110,0.07856450,0.03485340,1.79735806
h4,bear,150,momentum+macd+adx+volatility,616,0.04371110,0.08441558,0.04070448,1.93121613
h4,bear,150,momentum+macd+adx+bb,1058,0.04371110,0.07466919,0.03095809,1.70824309
h4,bear,150,momentum+macd+adx+body,414,0.04371110,0.07729469,0.03358358,1.76830790
h4,bear,150,momentum+macd+di+volatility,1113,0.04371110,0.07816712,0.03445601,1.78826690
h4,bear,150,momentum+macd+di+bb,2359,0.04371110,0.06273845,0.01902735,1.43529782
h4,bear,150,momentum+macd+di+body,880,0.04371110,0.06590909,0.02219799,1.50783414
h4,bear,150,momentum+macd+volatility+bb,1111,0.04371110,0.07740774,0.03369664,1.77089431
h4,bear,150,momentum+macd+volatility+body,488,0.04371110,0.06762295,0.02391185,1.54704294
h4,bear,150,momentum+macd+bb+body,855,0.04371110,0.06198830,0.01827720,1.41813640
h4,bear,150,momentum+adx+di+volatility,793,0.04371110,0.07944515,0.03573404,1.81750499
h4,bear,150,momentum+adx+di+bb,1212,0.04371110,0.06848185,0.02477075,1.56669235
h4,bear,150,momentum+adx+di+body,593,0.04371110,0.06576728,0.02205618,1.50458997
h4,bear,150,momentum+adx+volatility+bb,699,0.04371110,0.07868383,0.03497273,1.80008811
h4,bear,150,momentum+adx+volatility+body,359,0.04371110,0.07799443,0.03428333,1.78431626
h4,bear,150,momentum+adx+bb+body,468,0.04371110,0.06623932,0.02252821,1.51538886
h4,bear,150,momentum+di+volatility+bb,1184,0.04371110,0.07601351,0.03230241,1.73899790
h4,bear,150,momentum+di+volatility+body,568,0.04371110,0.07218310,0.02847200,1.65136764
h4,bear,150,momentum+di+bb+body,895,0.04371110,0.06145251,0.01774141,1.40587887
h4,bear,150,momentum+volatility+bb+body,473,0.04371110,0.07188161,0.02817051,1.64447027
h4,bear,150,rsi_extreme+adx+volatility+body,123,0.04371110,0.02439024,-0.01932086,0.55798740
h4,bear,150,macd+adx+di+volatility,1008,0.04371110,0.09920635,0.05549525,2.26959161
h4,bear,150,macd+adx+di+bb,1626,0.04371110,0.08425584,0.04054474,1.92756164
h4,bear,150,macd+adx+di+body,593,0.04371110,0.08937605,0.04566495,2.04469919
h4,bear,150,macd+adx+volatility+bb,1021,0.04371110,0.09794319,0.05423209,2.24069378
h4,bear,150,macd+adx+volatility+body,429,0.04371110,0.09557110,0.05185999,2.18642616
h4,bear,150,macd+adx+bb+body,584,0.04371110,0.08732877,0.04361767,1.99786242
h4,bear,150,macd+di+volatility+bb,1540,0.04371110,0.09285714,0.04914604,2.12433775
h4,bear,150,macd+di+volatility+body,626,0.04371110,0.08466454,0.04095344,1.93691154
h4,bear,150,macd+di+bb+body,1050,0.04371110,0.07333333,0.02962223,1.67768212
h4,bear,150,macd+volatility+bb+body,594,0.04371110,0.08754209,0.04383099,2.00274266
h4,bear,150,adx+di+volatility+bb,1103,0.04371110,0.09338169,0.04967058,2.13633798
h4,bear,150,adx+di+volatility+body,492,0.04371110,0.09552846,0.05181735,2.18545065
h4,bear,150,adx+di+bb+body,646,0.04371110,0.08049536,0.03678425,1.84153118
h4,bear,150,adx+volatility+bb+body,414,0.04371110,0.09661836,0.05290726,2.21038487
h4,bear,150,di+volatility+bb+body,618,0.04371110,0.08737864,0.04366754,1.99900341
h4,bear,200,trend,2395,0.01896078,0.02379958,0.00483881,1.25520088
h4,bear,200,price20,3481,0.01896078,0.03016375,0.01120297,1.59084978
h4,bear,200,price200,3317,0.01896078,0.02803738,0.00907661,1.47870443
h4,bear,200,momentum,3528,0.01896078,0.02012472,0.00116394,1.06138677
h4,bear,200,rsi_extreme,672,0.01896078,0.00446429,-0.01449649,0.23544847
h4,bear,200,macd,3947,0.01896078,0.02862934,0.00966856,1.50992444
h4,bear,200,adx,3253,0.01896078,0.02397787,0.00501709,1.26460367
h4,bear,200,di,4046,0.01896078,0.02718735,0.00822657,1.43387306
h4,bear,200,volatility,3046,0.01896078,0.02757715,0.00861637,1.45443154
h4,bear,200,bb,3565,0.01896078,0.03001403,0.01105325,1.58295344
h4,bear,200,body,3151,0.01896078,0.01872421,-0.00023656,0.98752365
h4,bear,200,trend+price20,1513,0.01896078,0.03172505,0.01276427,1.67319364
h4,bear,200,trend+price200,2276,0.01896078,0.02416520,0.00520443,1.27448383
h4,bear,200,trend+momentum,1398,0.01896078,0.02002861,0.00106784,1.05631819
h4,bear,200,trend+macd,1327,0.01896078,0.03541824,0.01645746,1.86797402
h4,bear,200,trend+adx,1382,0.01896078,0.03328509,0.01432432,1.75547111
h4,bear,200,trend+di,1754,0.01896078,0.02850627,0.00954550,1.50343381
h4,bear,200,trend+volatility,1169,0.01896078,0.03421728,0.01525650,1.80463500
h4,bear,200,trend+bb,1481,0.01896078,0.03241053,0.01344976,1.70934638
h4,bear,200,trend+body,1053,0.01896078,0.02754036,0.00857959,1.45249125
h4,bear,200,price20+price200,2367,0.01896078,0.03591044,0.01694966,1.89393280
h4,bear,200,price20+momentum,2713,0.01896078,0.02432731,0.00536654,1.28303363
h4,bear,200,price20+macd,3117,0.01896078,0.03304459,0.01408382,1.74278703
h4,bear,200,price20+adx,1898,0.01896078,0.03582719,0.01686641,1.88954223
h4,bear,200,price20+di,3347,0.01896078,0.03137138,0.01241060,1.65454081
h4,bear,200,price20+volatility,1721,0.01896078,0.04299826,0.02403748,2.26774776
h4,bear,200,price20+bb,3367,0.01896078,0.03088803,0.01192726,1.62904890
h4,bear,200,price20+body,1136,0.01896078,0.03609155,0.01713077,1.90348484
h4,bear,200,price200+momentum,2069,0.01896078,0.02513291,0.00617214,1.32552142
h4,bear,200,price200+macd,2183,0.01896078,0.03893724,0.01997647,2.05356799
h4,bear,200,price200+adx,1828,0.01896078,0.03555799,0.01659721,1.87534451
h4,bear,200,price200+di,2621,0.01896078,0.03319344,0.01423266,1.75063710
h4,bear,200,price200+volatility,1599,0.01896078,0.04002502,0.02106424,2.11093766
h4,bear,200,price200+bb,2343,0.01896078,0.03627828,0.01731750,1.91333288
h4,bear,200,price200+body,1331,0.01896078,0.03080391,0.01184313,1.62461216
h4,bear,200,momentum+macd,2704,0.01896078,0.02477811,0.00581733,1.30680869
h4,bear,200,momentum+adx,1570,0.01896078,0.02165605,0.00269528,1.14215005
h4,bear,200,momentum+di,3073,0.01896078,0.02277904,0.00381827,1.20137718
h4,bear,200,momentum+volatility,1579,0.01896078,0.02723243,0.00827165,1.43625060
h4,bear,200,momentum+bb,2781,0.01896078,0.02445164,0.00549086,1.28959049
h4,bear,200,momentum+body,1317,0.01896078,0.02126044,0.00229966,1.12128536
h4,bear,200,rsi_extreme+macd,53,0.01896078,0.00000000,-0.01896078,0.00000000
h4,bear,200,rsi_extreme+adx,441,0.01896078,0.00453515,-0.01442563,0.23918575
h4,bear,200,rsi_extreme+volatility,269,0.01896078,0.00743494,-0.01152583,0.39212236
h4,bear,200,rsi_extreme+body,461,0.01896078,0.00650759,-0.01245318,0.34321339
h4,bear,200,macd+adx,1930,0.01896078,0.03523316,0.01627238,1.85821303
h4,bear,200,macd+di,3293,0.01896078,0.03218949,0.01322872,1.69768860
h4,bear,200,macd+volatility,1851,0.01896078,0.04051864,0.02155786,2.13697156
h4,bear,200,macd+bb,3279,0.01896078,0.03232693,0.01336615,1.70493704
h4,bear,200,macd+body,1491,0.01896078,0.03018109,0.01122031,1.59176433
h4,bear,200,adx+di,2136,0.01896078,0.03277154,0.01381076,1.72838580
h4,bear,200,adx+volatility,1781,0.01896078,0.03312746,0.01416668,1.74715723
h4,bear,200,adx+bb,1907,0.01896078,0.03565810,0.01669733,1.88062462
h4,bear,200,adx+body,1423,0.01896078,0.02740689,0.00844611,1.44545177
h4,bear,200,di+volatility,1963,0.01896078,0.03871625,0.01975547,2.04191279
h4,bear,200,di+bb,3382,0.01896078,0.03134240,0.01238163,1.65301258
h4,bear,200,di+body,1503,0.01896078,0.02927478,0.01031401,1.54396550
h4,bear,200,volatility+bb,1745,0.01896078,0.04240688,0.02344610,2.23655810
h4,bear,200,volatility+body,1433,0.01896078,0.02721563,0.00825486,1.43536487
h4,bear,200,bb+body,1202,0.01896078,0.03410982,0.01514904,1.79896737
h4,bear,200,trend+price20+price200,1513,0.01896078,0.03172505,0.01276427,1.67319364
h4,bear,200,trend+price20+momentum,1028,0.01896078,0.02431907,0.00535829,1.28259869
h4,bear,200,trend+price20+macd,1249,0.01896078,0.03682946,0.01786869,1.94240278
h4,bear,200,trend+price20+adx,994,0.01896078,0.04024145,0.02128067,2.12235244
h4,bear,200,trend+price20+di,1480,0.01896078,0.03243243,0.01347166,1.71050134
h4,bear,200,trend+price20+volatility,784,0.01896078,0.04336735,0.02440657,2.28721374
h4,bear,200,trend+price20+bb,1445,0.01896078,0.03252595,0.01356518,1.71543358
h4,bear,200,trend+price20+body,521,0.01896078,0.04222649,0.02326571,2.22704429
h4,bear,200,trend+price200+momentum,1388,0.01896078,0.02017291,0.00121213,1.06392855
h4,bear,200,trend+price200+macd,1317,0.01896078,0.03568717,0.01672639,1.88215758
h4,bear,200,trend+price200+adx,1340,0.01896078,0.03432836,0.01536758,1.81049333
h4,bear,200,trend+price200+di,1746,0.01896078,0.02863688,0.00967611,1.51032239
h4,bear,200,trend+price200+volatility,1107,0.01896078,0.03523035,0.01626958,1.85806492
h4,bear,200,trend+price200+bb,1481,0.01896078,0.03241053,0.01344976,1.70934638
h4,bear,200,trend+price200+body,964,0.01896078,0.02904564,0.01008487,1.53188052
h4,bear,200,trend+momentum+macd,846,0.01896078,0.02836879,0.00940802,1.49618321
h4,bear,200,trend+momentum+adx,767,0.01896078,0.02477184,0.00581106,1.30647810
h4,bear,200,trend+momentum+di,1223,0.01896078,0.02207686,0.00311608,1.16434372
h4,bear,200,trend+momentum+volatility,636,0.01896078,0.02672956,0.00776878,1.40972922
h4,bear,200,trend+momentum+bb,1000,0.01896078,0.02500000,0.00603922,1.31851145
h4,bear,200,trend+momentum+body,575,0.01896078,0.02608696,0.00712618,1.37583804
h4,bear,200,trend+macd+adx,794,0.01896078,0.04911839,0.03015761,2.59052628
h4,bear,200,trend+macd+di,1270,0.01896078,0.03622047,0.01725970,1.91028431
h4,bear,200,trend+macd+volatility,691,0.01896078,0.04775687,0.02879610,2.51871941
h4,bear,200,trend+macd+bb,1268,0.01896078,0.03706625,0.01810547,1.95489079
h4,bear,200,trend+macd+body,483,0.01896078,0.04347826,0.02451749,2.29306339
h4,bear,200,trend+adx+di,1152,0.01896078,0.03645833,0.01749756,1.92282920
h4,bear,200,trend+adx+volatility,816,0.01896078,0.04289216,0.02393138,2.26215200
h4,bear,200,trend+adx+bb,963,0.01896078,0.04153686,0.02257609,2.19067323
h4,bear,200,trend+adx+body,577,0.01896078,0.03986135,0.02090058,2.10230595
h4,bear,200,trend+di+volatility,895,0.01896078,0.04022346,0.02126269,2.12140390
h4,bear,200,trend+di+bb,1443,0.01896078,0.03257103,0.01361026,1.71781118
h4,bear,200,trend+di+body,670,0.01896078,0.03582090,0.01686012,1.88921044
h4,bear,200,trend+volatility+bb,774,0.01896078,0.04392765,0.02496687,2.31676431
h4,bear,200,trend+volatility+body,523,0.01896078,0.04015296,0.02119219,2.11768569
h4,bear,200,trend+bb+body,512,0.01896078,0.04296875,0.02400797,2.26619156
h4,bear,200,price20+price200+momentum,1645,0.01896078,0.02978723,0.01082646,1.57099237
h4,bear,200,price20+price200+macd,2050,0.01896078,0.04048780,0.02152703,2.13534537
h4,bear,200,price20+price200+adx,1435,0.01896078,0.04111498,0.02215421,2.16842301
h4,bear,200,price20+price200+di,2309,0.01896078,0.03681247,0.01785170,1.94150668
h4,bear,200,price20+price200+volatility,1213,0.01896078,0.04863974,0.02967896,2.56528196
h4,bear,200,price20+price200+bb,2286,0.01896078,0.03674541,0.01778463,1.93796959
h4,bear,200,price20+price200+body,790,0.01896078,0.04303797,0.02407720,2.26984250
h4,bear,200,price20+momentum+macd,2365,0.01896078,0.02706131,0.00810053,1.42722593
h4,bear,200,price20+momentum+adx,1267,0.01896078,0.02525651,0.00629574,1.33203998
h4,bear,200,price20+momentum+di,2583,0.01896078,0.02555168,0.00659091,1.34760752
h4,bear,200,price20+momentum+volatility,1228,0.01896078,0.03338762,0.01442685,1.76087848
h4,bear,200,price20+momentum+bb,2604,0.01896078,0.02496160,0.00600082,1.31648609
h4,bear,200,price20+momentum+body,889,0.01896078,0.02812148,0.00916071,1.48313999
h4,bear,200,price20+macd+adx,1638,0.01896078,0.04090354,0.02194277,2.15727148
h4,bear,200,price20+macd+di,3008,0.01896078,0.03424202,0.01528125,1.80593989
h4,bear,200,price20+macd+volatility,1543,0.01896078,0.04731043,0.02834966,2.49517397
h4,bear,200,price20+macd+bb,3092,0.01896078,0.03331177,0.01435100,1.75687813
h4,bear,200,price20+macd+body,1015,0.01896078,0.03842365,0.01946287,2.02648065
h4,bear,200,price20+adx+di,1858,0.01896078,0.03659849,0.01763772,1.93022128
h4,bear,200,price20+adx+volatility,1131,0.01896078,0.04686118,0.02790041,2.47148035
h4,bear,200,price20+adx+bb,1844,0.01896078,0.03687636,0.01791558,1.94487589
h4,bear,200,price20+adx+body,646,0.01896078,0.04798762,0.02902684,2.53088885
h4,bear,200,price20+di+volatility,1675,0.01896078,0.04417910,0.02521833,2.33002620
h4,bear,200,price20+di+bb,3255,0.01896078,0.03195084,0.01299007,1.68510219
h4,bear,200,price20+di+body,1096,0.01896078,0.03740876,0.01844798,1.97295509
h4,bear,200,price20+volatility+bb,1671,0.01896078,0.04428486,0.02532408,2.33560377
h4,bear,200,price20+volatility+body,616,0.01896078,0.04707792,0.02811715,2.48291117
h4,bear,200,price20+bb+body,1095,0.01896078,0.03652968,0.01756890,1.92659207
h4,bear,200,price200+momentum+macd,1443,0.01896078,0.03326403,0.01430326,1.75436035
h4,bear,200,price200+momentum+adx,1040,0.01896078,0.02692308,0.00796230,1.41993541
h4,bear,200,price200+momentum+di,1843,0.01896078,0.02767227,0.00871150,1.45944838
h4,bear,200,price200+momentum+volatility,927,0.01896078,0.03344121,0.01448043,1.76370464
h4,bear,200,price200+momentum+bb,1625,0.01896078,0.03015385,0.01119307,1.59032766
h4,bear,200,price200+momentum+body,781,0.01896078,0.02816901,0.00920824,1.48564670
h4,bear,200,price200+macd+adx,1211,0.01896078,0.04789430,0.02893353,2.52596744
h4,bear,200,price200+macd+di,2071,0.01896078,0.04007726,0.02111648,2.11369291
h4,bear,200,price200+macd+volatility,1108,0.01896078,0.05234657,0.03338579,2.76078210
h4,bear,200,price200+macd+bb,2086,0.01896078,0.04026846,0.02130768,2.12377683
h4,bear,200,price200+macd+body,765,0.01896078,0.04444444,0.02548367,2.34402036
h4,bear,200,price200+adx+di,1602,0.01896078,0.03807740,0.01911663,2.00821969
h4,bear,200,price200+adx+volatility,1070,0.01896078,0.04672897,0.02776820,2.46450738
h4,bear,200,price200+adx+bb,1403,0.01896078,0.04205274,0.02309197,2.21788099
h4,bear,200,price200+adx+body,719,0.01896078,0.04450626,0.02554548,2.34728047
h4,bear,200,price200+di+volatility,1328,0.01896078,0.04593373,0.02697296,2.42256622
h4,bear,200,price200+di+bb,2278,0.01896078,0.03687445,0.01791368,1.94477545
h4,bear,200,price200+di+body,951,0.01896078,0.03785489,0.01889411,1.99648422
h4,bear,200,price200+volatility+bb,1203,0.01896078,0.04904406,0.03008328,2.58660600
h4,bear,200,price200+volatility+body,661,0.01896078,0.04387292,0.02491214,2.31387789
h4,bear,200,price200+bb+body,792,0.01896078,0.04292929,0.02396852,2.26411057
h4,bear,200,momentum+macd+adx,1092,0.01896078,0.02838828,0.00942750,1.49721080
h4,bear,200,momentum+macd+di,2468,0.01896078,0.02674230,0.00778153,1.41040123
h4,bear,200,momentum+macd+volatility,1213,0.01896078,0.03297609,0.01401532,1.73917421
h4,bear,200,momentum+macd+bb,2510,0.01896078,0.02669323,0.00773245,1.40781302
h4,bear,200,momentum+macd+body,972,0.01896078,0.02469136,0.00573058,1.30223353
h4,bear,200,momentum+adx+di,1448,0.01896078,0.02348066,0.00451989,1.23838092
h4,bear,200,momentum+adx+volatility,860,0.01896078,0.02790698,0.00894620,1.47182674
h4,bear,200,momentum+adx+bb,1262,0.01896078,0.02535658,0.00639580,1.33731748
h4,bear,200,momentum+adx+body,631,0.01896078,0.02694136,0.00798059,1.42089982
h4,bear,200,momentum+di+volatility,1392,0.01896078,0.03089080,0.01193003,1.62919518
h4,bear,200,momentum+di+bb,2614,0.01896078,0.02563122,0.00667044,1.35180210
h4,bear,200,momentum+di+body,1147,0.01896078,0.02353967,0.00457889,1.24149291
h4,bear,200,momentum+volatility+bb,1245,0.01896078,0.03293173,0.01397095,1.73683436
h4,bear,200,momentum+volatility+body,646,0.01896078,0.02631579,0.00735501,1.38790679
h4,bear,200,momentum+bb+body,949,0.01896078,0.02634352,0.00738274,1.38936928
h4,bear,200,rsi_extreme+adx+volatility,191,0.01896078,0.00523560,-0.01372517,0.27612805
h4,bear,200,rsi_extreme+adx+body,280,0.01896078,0.00714286,-0.01181792,0.37671756
h4,bear,200,rsi_extreme+volatility+body,195,0.01896078,0.01025641,-0.00870437,0.54092777
h4,bear,200,macd+adx+di,1656,0.01896078,0.04045894,0.02149816,2.13382288
h4,bear,200,macd+adx+volatility,1123,0.01896078,0.04630454,0.02734377,2.44212272
h4,bear,200,macd+adx+bb,1688,0.01896078,0.03969194,0.02073117,2.09337126
h4,bear,200,macd+adx+body,714,0.01896078,0.04201681,0.02305603,2.21598563
h4,bear,200,macd+di+volatility,1626,0.01896078,0.04489545,0.02593467,2.36780654
h4,bear,200,macd+di+bb,3112,0.01896078,0.03374036,0.01477958,1.77948203
h4,bear,200,macd+di+body,1168,0.01896078,0.03424658,0.01528580,1.80618007
h4,bear,200,macd+volatility+bb,1602,0.01896078,0.04556804,0.02660726,2.40327930
h4,bear,200,macd+volatility+body,748,0.01896078,0.04010695,0.02114618,2.11525901
h4,bear,200,macd+bb+body,1107,0.01896078,0.03613369,0.01717292,1.90570761
h4,bear,200,adx+di+volatility,1245,0.01896078,0.04417671,0.02521593,2.32989975
h4,bear,200,adx+di+bb,1844,0.01896078,0.03687636,0.01791558,1.94487589
h4,bear,200,adx+di+body,817,0.01896078,0.04039168,0.02143090,2.13027554
h4,bear,200,adx+volatility+bb,1136,0.01896078,0.04665493,0.02769415,2.46060235
h4,bear,200,adx+volatility+body,783,0.01896078,0.03831418,0.01935340,2.02070720
h4,bear,200,adx+bb+body,660,0.01896078,0.04696970,0.02800892,2.47720333
h4,bear,200,di+volatility+bb,1679,0.01896078,0.04407385,0.02511308,2.32447522
h4,bear,200,di+volatility+body,776,0.01896078,0.03994845,0.02098768,2.10689974
h4,bear,200,di+bb+body,1142,0.01896078,0.03502627,0.01606549,1.84730151
h4,bear,200,volatility+bb+body,645,0.01896078,0.04496124,0.02600046,2.37127641
h4,bear,200,trend+price20+price200+momentum,1028,0.01896078,0.02431907,0.00535829,1.28259869
h4,bear,200,trend+price20+price200+macd,1249,0.01896078,0.03682946,0.01786869,1.94240278
h4,bear,200,trend+price20+price200+adx,994,0.01896078,0.04024145,0.02128067,2.12235244
h4,bear,200,trend+price20+price200+di,1480,0.01896078,0.03243243,0.01347166,1.71050134
h4,bear,200,trend+price20+price200+volatility,784,0.01896078,0.04336735,0.02440657,2.28721374
h4,bear,200,trend+price20+price200+bb,1445,0.01896078,0.03252595,0.01356518,1.71543358
h4,bear,200,trend+price20+price200+body,521,0.01896078,0.04222649,0.02326571,2.22704429
h4,bear,200,trend+price20+momentum+macd,778,0.01896078,0.02956298,0.01060221,1.55916521
h4,bear,200,trend+price20+momentum+adx,584,0.01896078,0.02910959,0.01014881,1.53525306
h4,bear,200,trend+price20+momentum+di,998,0.01896078,0.02505010,0.00608932,1.32115376
h4,bear,200,trend+price20+momentum+volatility,470,0.01896078,0.03191489,0.01295412,1.68320611
h4,bear,200,trend+price20+momentum+bb,964,0.01896078,0.02489627,0.00593549,1.31304045
h4,bear,200,trend+price20+momentum+body,380,0.01896078,0.03157895,0.01261817,1.66548815
h4,bear,200,trend+price20+macd+adx,782,0.01896078,0.04987212,0.03091135,2.63027860
h4,bear,200,trend+price20+macd+di,1229,0.01896078,0.03742880,0.01846803,1.97401226
h4,bear,200,trend+price20+macd+volatility,650,0.01896078,0.05076923,0.03180845,2.67759248
h4,bear,200,trend+price20+macd+bb,1241,0.01896078,0.03706688,0.01810611,1.95492431
h4,bear,200,trend+price20+macd+body,431,0.01896078,0.04640371,0.02744294,2.44735304
h4,bear,200,trend+price20+adx+di,991,0.01896078,0.04036327,0.02140249,2.12877732
h4,bear,200,trend+price20+adx+volatility,605,0.01896078,0.04958678,0.03062600,2.61522932
h4,bear,200,trend+price20+adx+bb,952,0.01896078,0.04201681,0.02305603,2.21598563
h4,bear,200,trend+price20+adx+body,334,0.01896078,0.05389222,0.03493144,2.84230013
h4,bear,200,trend+price20+di+volatility,775,0.01896078,0.04387097,0.02491019,2.31377493
h4,bear,200,trend+price20+di+bb,1420,0.01896078,0.03309859,0.01413782,1.74563488
h4,bear,200,trend+price20+di+body,509,0.01896078,0.04322200,0.02426123,2.27954828
h4,bear,200,trend+price20+volatility+bb,752,0.01896078,0.04521277,0.02625199,2.38454198
h4,bear,200,trend+price20+volatility+body,278,0.01896078,0.05395683,0.03499606,2.84570817
h4,bear,200,trend+price20+bb+body,492,0.01896078,0.04268293,0.02372215,2.25111711
h4,bear,200,trend+price200+momentum+macd,841,0.01896078,0.02853746,0.00957668,1.50507847
h4,bear,200,trend+price200+momentum+adx,767,0.01896078,0.02477184,0.00581106,1.30647810
h4,bear,200,trend+price200+momentum+di,1219,0.01896078,0.02214930,0.00318853,1.16816437
h4,bear,200,trend+price200+momentum+volatility,634,0.01896078,0.02681388,0.00785310,1.41417632
h4,bear,200,trend+price200+momentum+bb,1000,0.01896078,0.02500000,0.00603922,1.31851145
h4,bear,200,trend+price200+momentum+body,569,0.01896078,0.02636204,0.00740126,1.39034599
h4,bear,200,trend+price200+macd+adx,794,0.01896078,0.04911839,0.03015761,2.59052628
h4,bear,200,trend+price200+macd+di,1265,0.01896078,0.03636364,0.01740286,1.91783484
h4,bear,200,trend+price200+macd+volatility,689,0.01896078,0.04789550,0.02893472,2.52603065
h4,bear,200,trend+price200+macd+bb,1268,0.01896078,0.03706625,0.01810547,1.95489079
h4,bear,200,trend+price200+macd+body,476,0.01896078,0.04411765,0.02515687,2.32678491
h4,bear,200,trend+price200+adx+di,1150,0.01896078,0.03652174,0.01756096,1.92617325
h4,bear,200,trend+price200+adx+volatility,784,0.01896078,0.04464286,0.02568208,2.35448473
h4,bear,200,trend+price200+adx+bb,963,0.01896078,0.04153686,0.02257609,2.19067323
h4,bear,200,trend+price200+adx+body,546,0.01896078,0.04212454,0.02316377,2.22166765
h4,bear,200,trend+price200+di+volatility,892,0.01896078,0.04035874,0.02139797,2.12853866
h4,bear,200,trend+price200+di+bb,1443,0.01896078,0.03257103,0.01361026,1.71781118
h4,bear,200,trend+price200+di+body,663,0.01896078,0.03619910,0.01723832,1.90915685
h4,bear,200,trend+price200+volatility+bb,774,0.01896078,0.04392765,0.02496687,2.31676431
h4,bear,200,trend+price200+volatility+body,475,0.01896078,0.04210526,0.02314449,2.22065086
h4,bear,200,trend+price200+bb+body,512,0.01896078,0.04296875,0.02400797,2.26619156
h4,bear,200,trend+momentum+macd+adx,398,0.01896078,0.04020101,0.02124023,2.12021942
h4,bear,200,trend+momentum+macd+di,797,0.01896078,0.02885822,0.00989744,1.52199565
h4,bear,200,trend+momentum+macd+volatility,382,0.01896078,0.03664921,0.01768844,1.93289637
h4,bear,200,trend+momentum+macd+bb,801,0.01896078,0.02996255,0.01100177,1.58023844
h4,bear,200,trend+momentum+macd+body,335,0.01896078,0.03283582,0.01387505,1.73177623
h4,bear,200,trend+momentum+adx+di,719,0.01896078,0.02642559,0.00746482,1.39369778
h4,bear,200,trend+momentum+adx+volatility,414,0.01896078,0.03140097,0.01244019,1.65610134
h4,bear,200,trend+momentum+adx+bb,553,0.01896078,0.03074141,0.01178063,1.62131607
h4,bear,200,trend+momentum+adx+body,329,0.01896078,0.03039514,0.01143436,1.60305344
h4,bear,200,trend+momentum+di+volatility,561,0.01896078,0.03030303,0.01134225,1.59819570
h4,bear,200,trend+momentum+di+bb,962,0.01896078,0.02494802,0.00598725,1.31577026
h4,bear,200,trend+momentum+di+body,505,0.01896078,0.02772277,0.00876200,1.46211171
h4,bear,200,trend+momentum+volatility+bb,460,0.01896078,0.03260870,0.01364792,1.71979754
h4,bear,200,trend+momentum+volatility+body,279,0.01896078,0.02867384,0.00971306,1.51227120
h4,bear,200,trend+momentum+bb+body,373,0.01896078,0.03217158,0.01321081,1.69674396
h4,bear,200,trend+macd+adx+di,790,0.01896078,0.04936709,0.03040631,2.60364286
h4,bear,200,trend+macd+adx+volatility,494,0.01896078,0.05870445,0.03974368,3.09609976
h4,bear,200,trend+macd+adx+bb,786,0.01896078,0.04961832,0.03065754,2.61689295
h4,bear,200,trend+macd+adx+body,273,0.01896078,0.06227106,0.04331029,3.28420435
h4,bear,200,trend+macd+di+volatility,664,0.01896078,0.04969880,0.03073802,2.62113722
h4,bear,200,trend+macd+di+bb,1240,0.01896078,0.03709677,0.01813600,1.95650086
h4,bear,200,trend+macd+di+body,457,0.01896078,0.04376368,0.02480290,2.30811632
h4,bear,200,trend+macd+volatility+bb,664,0.01896078,0.04969880,0.03073802,2.62113722
h4,bear,200,trend+macd+volatility+body,260,0.01896078,0.05384615,0.03488538,2.83987082
h4,bear,200,trend+macd+bb+body,441,0.01896078,0.04761905,0.02865827,2.51145038
h4,bear,200,trend+adx+di+volatility,680,0.01896078,0.04705882,0.02809805,2.48190391
h4,bear,200,trend+adx+di+bb,959,0.01896078,0.04171011,0.02274934,2.19981055
h4,bear,200,trend+adx+di+body,433,0.01896078,0.04618938,0.02722860,2.43604887
h4,bear,200,trend+adx+volatility+bb,589,0.01896078,0.05093379,0.03197301,2.68627121
h4,bear,200,trend+adx+volatility+body,344,0.01896078,0.05232558,0.03336481,2.75967513
h4,bear,200,trend+adx+bb+body,324,0.01896078,0.05555556,0.03659478,2.93002545
h4,bear,200,trend+di+volatility+bb,757,0.01896078,0.04491413,0.02595336,2.36879204
h4,bear,200,trend+di+volatility+body,345,0.01896078,0.04927536,0.03031459,2.59880518
h4,bear,200,trend+di+bb+body,497,0.01896078,0.04225352,0.02329275,2.22847006
h4,bear,200,trend+volatility+bb+body,276,0.01896078,0.05434783,0.03538705,2.86632924
h4,bear,200,price20+price200+momentum+macd,1343,0.01896078,0.03499628,0.01603550,1.84571968
h4,bear,200,price20+price200+momentum+adx,837,0.01896078,0.03106332,0.01210255,1.63829380
h4,bear,200,price20+price200+momentum+di,1590,0.01896078,0.03081761,0.01185683,1.62533487
h4,bear,200,price20+price200+momentum+volatility,743,0.01896078,0.03903096,0.02007018,2.05851047
h4,bear,200,price20+price200+momentum+bb,1568,0.01896078,0.03061224,0.01165147,1.61450382
h4,bear,200,price20+price200+momentum+body,559,0.01896078,0.03398927,0.01502849,1.79260949
h4,bear,200,price20+price200+macd+adx,1186,0.01896078,0.04890388,0.02994310,2.57921296
h4,bear,200,price20+price200+macd+di,2010,0.01896078,0.04129353,0.02233276,2.17783981
h4,bear,200,price20+price200+macd+volatility,1058,0.01896078,0.05482042,0.03585964,2.89125384
h4,bear,200,price20+price200+macd+bb,2039,0.01896078,0.04070623,0.02174545,2.14686514
h4,bear,200,price20+price200+macd+body,683,0.01896078,0.04685212,0.02789135,2.47100243
h4,bear,200,price20+price200+adx+di,1427,0.01896078,0.04134548,0.02238470,2.18057955
h4,bear,200,price20+price200+adx+volatility,870,0.01896078,0.05172414,0.03276336,2.72795472
h4,bear,200,price20+price200+adx+bb,1386,0.01896078,0.04256854,0.02360777,2.24508443
h4,bear,200,price20+price200+adx+body,484,0.01896078,0.05578512,0.03682435,2.94213299
h4,bear,200,price20+price200+di+volatility,1197,0.01896078,0.04928989,0.03032912,2.59957145
h4,bear,200,price20+price200+di+bb,2241,0.01896078,0.03748327,0.01852249,1.97688464
h4,bear,200,price20+price200+di+body,771,0.01896078,0.04409857,0.02513780,2.32577895
h4,bear,200,price20+price200+volatility+bb,1178,0.01896078,0.05008489,0.03112411,2.64150002
h4,bear,200,price20+price200+volatility+body,432,0.01896078,0.05555556,0.03659478,2.93002545
h4,bear,200,price20+price200+bb+body,758,0.01896078,0.04353562,0.02457484,2.29608854
h4,bear,200,price20+momentum+macd+adx,1022,0.01896078,0.03033268,0.01137191,1.59975949
h4,bear,200,price20+momentum+macd+di,2259,0.01896078,0.02833112,0.00937034,1.49419624
h4,bear,200,price20+momentum+macd+volatility,1059,0.01896078,0.03777148,0.01881071,1.99208529
h4,bear,200,price20+momentum+macd+bb,2344,0.01896078,0.02730375,0.00834298,1.44001251
h4,bear,200,price20+momentum+macd+body,769,0.01896078,0.02990897,0.01094820,1.57741292
h4,bear,200,price20+momentum+adx+di,1227,0.01896078,0.02607987,0.00711909,1.37546427
h4,bear,200,price20+momentum+adx+volatility,699,0.01896078,0.03147353,0.01251276,1.65992858
h4,bear,200,price20+momentum+adx+bb,1213,0.01896078,0.02638087,0.00742010,1.39133937
h4,bear,200,price20+momentum+adx+body,458,0.01896078,0.03275109,0.01379032,1.72730758
h4,bear,200,price20+momentum+di+volatility,1182,0.01896078,0.03468697,0.01572620,1.82940675
h4,bear,200,price20+momentum+di+bb,2492,0.01896078,0.02608347,0.00712269,1.37565400
h4,bear,200,price20+momentum+di+body,851,0.01896078,0.02937720,0.01041643,1.54936716
h4,bear,200,price20+momentum+volatility+bb,1178,0.01896078,0.03480475,0.01584398,1.83561866
h4,bear,200,price20+momentum+volatility+body,447,0.01896078,0.03355705,0.01459627,1.76981403
h4,bear,200,price20+momentum+bb+body,850,0.01896078,0.02823529,0.00927452,1.48914234
h4,bear,200,price20+macd+adx+di,1600,0.01896078,0.04187500,0.02291422,2.20850668
h4,bear,200,price20+macd+adx+volatility,997,0.01896078,0.05215647,0.03319569,2.75075609
h4,bear,200,price20+macd+adx+bb,1631,0.01896078,0.04107909,0.02211832,2.16653016
h4,bear,200,price20+macd+adx+body,559,0.01896078,0.05366726,0.03470649,2.83043603
h4,bear,200,price20+macd+di+volatility,1503,0.01896078,0.04856953,0.02960875,2.56157913
h4,bear,200,price20+macd+di+bb,2993,0.01896078,0.03441363,0.01545286,1.81499070
h4,bear,200,price20+macd+di+body,981,0.01896078,0.03975535,0.02079458,2.09671546
h4,bear,200,price20+macd+volatility+bb,1535,0.01896078,0.04755700,0.02859623,2.50817813
h4,bear,200,price20+macd+volatility+body,555,0.01896078,0.05045045,0.03148967,2.66077986
h4,bear,200,price20+macd+bb+body,1005,0.01896078,0.03880597,0.01984519,2.04664464
h4,bear,200,price20+adx+di+volatility,1110,0.01896078,0.04774775,0.02878697,2.51823809
h4,bear,200,price20+adx+di+bb,1808,0.01896078,0.03761062,0.01864984,1.98360130
h4,bear,200,price20+adx+di+body,638,0.01896078,0.04858934,0.02962857,2.56262414
h4,bear,200,price20+adx+volatility+bb,1104,0.01896078,0.04800725,0.02904647,2.53192416
h4,bear,200,price20+adx+volatility+body,406,0.01896078,0.05911330,0.04015252,3.11766254
h4,bear,200,price20+adx+bb+body,628,0.01896078,0.04936306,0.03040228,2.60343025
h4,bear,200,price20+di+volatility+bb,1630,0.01896078,0.04539877,0.02643800,2.39435208
h4,bear,200,price20+di+volatility+body,600,0.01896078,0.04833333,0.02937256,2.54912214
h4,bear,200,price20+di+bb+body,1061,0.01896078,0.03770028,0.01873951,1.98833018
h4,bear,200,price20+volatility+bb+body,597,0.01896078,0.04857621,0.02961544,2.56193180
h4,bear,200,price200+momentum+macd+adx,622,0.01896078,0.04019293,0.02123215,2.11979333
h4,bear,200,price200+momentum+macd+di,1358,0.01896078,0.03460972,0.01564894,1.82533249
h4,bear,200,price200+momentum+macd+volatility,642,0.01896078,0.04361371,0.02465293,2.30020689
h4,bear,200,price200+momentum+macd+bb,1383,0.01896078,0.03470716,0.01574638,1.83047143
h4,bear,200,price200+momentum+macd+body,515,0.01896078,0.03495146,0.01599068,1.84335581
h4,bear,200,price200+momentum+adx+di,982,0.01896078,0.02851324,0.00955246,1.50380125
h4,bear,200,price200+momentum+adx+volatility,558,0.01896078,0.03405018,0.01508940,1.79582205
h4,bear,200,price200+momentum+adx+bb,805,0.01896078,0.03229814,0.01333736,1.70341852
h4,bear,200,price200+momentum+adx+body,420,0.01896078,0.03333333,0.01437256,1.75801527
h4,bear,200,price200+momentum+di+volatility,835,0.01896078,0.03712575,0.01816497,1.95802898
h4,bear,200,price200+momentum+di+bb,1560,0.01896078,0.03076923,0.01180845,1.62278332
h4,bear,200,price200+momentum+di+body,694,0.01896078,0.03025937,0.01129859,1.59589282
h4,bear,200,price200+momentum+volatility+bb,733,0.01896078,0.03956344,0.02060266,2.08659384
h4,bear,200,price200+momentum+volatility+body,375,0.01896078,0.03466667,0.01570589,1.82833588
h4,bear,200,price200+momentum+bb+body,563,0.01896078,0.03374778,0.01478700,1.77987336
h4,bear,200,price200+macd+adx+di,1194,0.01896078,0.04857621,0.02961544,2.56193180
h4,bear,200,price200+macd+adx+volatility,750,0.01896078,0.05866667,0.03970589,3.09410687
h4,bear,200,price200+macd+adx+bb,1194,0.01896078,0.04857621,0.02961544,2.56193180
h4,bear,200,price200+macd+adx+body,418,0.01896078,0.06220096,0.04324018,3.28050696
h4,bear,200,price200+macd+di+volatility,1070,0.01896078,0.05420561,0.03524483,2.85882857
h4,bear,200,price200+macd+di+bb,2033,0.01896078,0.04082636,0.02186559,2.15320119
h4,bear,200,price200+macd+di+body,713,0.01896078,0.04488079,0.02592001,2.36703318
h4,bear,200,price200+macd+volatility+bb,1074,0.01896078,0.05400372,0.03504295,2.84818116
h4,bear,200,price200+macd+volatility+body,408,0.01896078,0.05637255,0.03741177,2.97311405
h4,bear,200,price200+macd+bb+body,706,0.01896078,0.04674221,0.02778143,2.46520554
h4,bear,200,price200+adx+di+volatility,948,0.01896078,0.04957806,0.03061728,2.61476954
h4,bear,200,price200+adx+di+bb,1394,0.01896078,0.04232425,0.02336347,2.23220016
h4,bear,200,price200+adx+di+body,590,0.01896078,0.04915254,0.03019177,2.59232760
h4,bear,200,price200+adx+volatility+bb,855,0.01896078,0.05263158,0.03367080,2.77581358
h4,bear,200,price200+adx+volatility+body,431,0.01896078,0.05800464,0.03904386,3.05919130
h4,bear,200,price200+adx+bb+body,477,0.01896078,0.05660377,0.03764300,2.98530894
h4,bear,200,price200+di+volatility+bb,1179,0.01896078,0.05004241,0.03108163,2.63925956
h4,bear,200,price200+di+volatility+body,501,0.01896078,0.05189621,0.03293543,2.73702976
h4,bear,200,price200+di+bb+body,768,0.01896078,0.04296875,0.02400797,2.26619156
h4,bear,200,price200+volatility+bb+body,431,0.01896078,0.05568445,0.03672368,2.93682365
h4,bear,200,momentum+macd+adx+di,1031,0.01896078,0.03006790,0.01110712,1.58579457
h4,bear,200,momentum+macd+adx+volatility,616,0.01896078,0.03409091,0.01513013,1.79797016
h4,bear,200,momentum+macd+adx+bb,1058,0.01896078,0.02930057,0.01033979,1.54532533
h4,bear,200,momentum+macd+adx+body,414,0.01896078,0.03381643,0.01485565,1.78349375
h4,bear,200,momentum+macd+di+volatility,1113,0.01896078,0.03593890,0.01697813,1.89543425
h4,bear,200,momentum+macd+di+bb,2359,0.01896078,0.02797796,0.00901718,1.47557025
h4,bear,200,momentum+macd+di+body,880,0.01896078,0.02613636,0.00717559,1.37844379
h4,bear,200,momentum+macd+volatility+bb,1111,0.01896078,0.03600360,0.01704282,1.89884637
h4,bear,200,momentum+macd+volatility+body,488,0.01896078,0.02868852,0.00972775,1.51304593
h4,bear,200,momentum+macd+bb+body,855,0.01896078,0.02807018,0.00910940,1.48043391
h4,bear,200,momentum+adx+di+volatility,793,0.01896078,0.03026482,0.01130404,1.59618032
h4,bear,200,momentum+adx+di+bb,1212,0.01896078,0.02640264,0.00744186,1.39248734
h4,bear,200,momentum+adx+di+body,593,0.01896078,0.02866779,0.00970702,1.51195242
h4,bear,200,momentum+adx+volatility+bb,699,0.01896078,0.03147353,0.01251276,1.65992858
h4,bear,200,momentum+adx+volatility+body,359,0.01896078,0.03342618,0.01446541,1.76291225
h4,bear,200,momentum+adx+bb+body,468,0.01896078,0.03205128,0.01309051,1.69039930
h4,bear,200,momentum+di+volatility+bb,1184,0.01896078,0.03462838,0.01566760,1.82631654
h4,bear,200,momentum+di+volatility+body,568,0.01896078,0.02992958,0.01096880,1.57849962
h4,bear,200,momentum+di+bb+body,895,0.01896078,0.02681564,0.00785487,1.41426927
h4,bear,200,momentum+volatility+bb+body,473,0.01896078,0.03171247,0.01275170,1.67253038
h4,bear,200,rsi_extreme+adx+volatility+body,123,0.01896078,0.00813008,-0.01083069,0.42878421
h4,bear,200,macd+adx+di+volatility,1008,0.01896078,0.05158730,0.03262653,2.72073791
h4,bear,200,macd+adx+di+bb,1626,0.01896078,0.04120541,0.02224464,2.17319230
h4,bear,200,macd+adx+di+body,593,0.01896078,0.05059022,0.03162944,2.66815133
h4,bear,200,macd+adx+volatility+bb,1021,0.01896078,0.05093046,0.03196968,2.68609580
h4,bear,200,macd+adx+volatility+body,429,0.01896078,0.05361305,0.03465228,2.82757700
h4,bear,200,macd+adx+bb+body,584,0.01896078,0.05136986,0.03240909,2.70927010
h4,bear,200,macd+di+volatility+bb,1540,0.01896078,0.04740260,0.02844182,2.50003470
h4,bear,200,macd+di+volatility+body,626,0.01896078,0.04472843,0.02576766,2.35899812
h4,bear,200,macd+di+bb+body,1050,0.01896078,0.03714286,0.01818208,1.95893130
h4,bear,200,macd+volatility+bb+body,594,0.01896078,0.04713805,0.02817727,2.48608220
h4,bear,200,adx+di+volatility+bb,1103,0.01896078,0.04805077,0.02908999,2.53421965
h4,bear,200,adx+di+volatility+body,492,0.01896078,0.05284553,0.03388475,2.78709737
h4,bear,200,adx+di+bb+body,646,0.01896078,0.04798762,0.02902684,2.53088885
h4,bear,200,adx+volatility+bb+body,414,0.01896078,0.05797101,0.03901024,3.05741786
h4,bear,200,di+volatility+bb+body,618,0.01896078,0.04692557,0.02796479,2.47487586
h4,bear,300,trend,2395,0.00738168,0.00626305,-0.00111863,0.84845880
h4,bear,300,price20,3481,0.00738168,0.01091640,0.00353473,1.47885158
h4,bear,300,price200,3317,0.00738168,0.00934579,0.00196412,1.26608026
h4,bear,300,momentum,3528,0.00738168,0.00765306,0.00027139,1.03676471
h4,bear,300,rsi_extreme,672,0.00738168,0.00148810,-0.00589358,0.20159314
h4,bear,300,macd,3947,0.00738168,0.01114771,0.00376603,1.51018644
h4,bear,300,adx,3253,0.00738168,0.01045189,0.00307021,1.41592376
h4,bear,300,di,4046,0.00738168,0.01062778,0.00324610,1.43975168
h4,bear,300,volatility,3046,0.00738168,0.01181878,0.00443710,1.60109691
h4,bear,300,bb,3565,0.00738168,0.01122020,0.00383852,1.52000660
h4,bear,300,body,3151,0.00738168,0.00666455,-0.00071713,0.90285064
h4,bear,300,trend+price20,1513,0.00738168,0.00925314,0.00187146,1.25352825
h4,bear,300,trend+price200,2276,0.00738168,0.00659051,-0.00079117,0.89282022
h4,bear,300,trend+momentum,1398,0.00738168,0.00572246,-0.00165922,0.77522511
h4,bear,300,trend+macd,1327,0.00738168,0.00979653,0.00241486,1.32714216
h4,bear,300,trend+adx,1382,0.00738168,0.01013025,0.00274857,1.37235039
h4,bear,300,trend+di,1754,0.00738168,0.00798176,0.00060008,1.08129318
h4,bear,300,trend+volatility,1169,0.00738168,0.00940975,0.00202808,1.27474463
h4,bear,300,trend+bb,1481,0.00738168,0.00945307,0.00207140,1.28061326
h4,bear,300,trend+body,1053,0.00738168,0.00664767,-0.00073400,0.90056421
h4,bear,300,price20+price200,2367,0.00738168,0.01267427,0.00529260,1.71699098
h4,bear,300,price20+momentum,2713,0.00738168,0.00884630,0.00146462,1.19841287
h4,bear,300,price20+macd,3117,0.00738168,0.01187039,0.00448871,1.60808847
h4,bear,300,price20+adx,1898,0.00738168,0.01580611,0.00842444,2.14126325
h4,bear,300,price20+di,3347,0.00738168,0.01135345,0.00397177,1.53805867
h4,bear,300,price20+volatility,1721,0.00738168,0.01801278,0.01063111,2.44020234
h4,bear,300,price20+bb,3367,0.00738168,0.01128601,0.00390434,1.52892259
h4,bear,300,price20+body,1136,0.00738168,0.01144366,0.00406199,1.55027962
h4,bear,300,price200+momentum,2069,0.00738168,0.00773320,0.00035153,1.04762176
h4,bear,300,price200+macd,2183,0.00738168,0.01328447,0.00590279,1.79965509
h4,bear,300,price200+adx,1828,0.00738168,0.01477024,0.00738856,2.00093320
h4,bear,300,price200+di,2621,0.00738168,0.01144601,0.00406434,1.55059811
h4,bear,300,price200+volatility,1599,0.00738168,0.01563477,0.00825310,2.11805172
h4,bear,300,price200+bb,2343,0.00738168,0.01280410,0.00542242,1.73457859
h4,bear,300,price200+body,1331,0.00738168,0.00751315,0.00013147,1.01781058
h4,bear,300,momentum+macd,2704,0.00738168,0.00924556,0.00186389,1.25250174
h4,bear,300,momentum+adx,1570,0.00738168,0.01146497,0.00408329,1.55316598
h4,bear,300,momentum+di,3073,0.00738168,0.00813537,0.00075370,1.10210371
h4,bear,300,momentum+volatility,1579,0.00738168,0.01266624,0.00528457,1.71590359
h4,bear,300,momentum+bb,2781,0.00738168,0.00934915,0.00196748,1.26653552
h4,bear,300,momentum+body,1317,0.00738168,0.00607441,-0.00130726,0.82290410
h4,bear,300,rsi_extreme+macd,53,0.00738168,0.00000000,-0.00738168,0.00000000
h4,bear,300,rsi_extreme+adx,441,0.00738168,0.00226757,-0.00511410,0.30718954
h4,bear,300,rsi_extreme+volatility,269,0.00738168,0.00371747,-0.00366420,0.50360813
h4,bear,300,rsi_extreme+body,461,0.00738168,0.00216920,-0.00521248,0.29386245
h4,bear,300,macd+adx,1930,0.00738168,0.01606218,0.00868050,2.17595245
h4,bear,300,macd+di,3293,0.00738168,0.01214698,0.00476530,1.64555831
h4,bear,300,macd+volatility,1851,0.00738168,0.01728795,0.00990628,2.34200909
h4,bear,300,macd+bb,3279,0.00738168,0.01189387,0.00451219,1.61126958
h4,bear,300,macd+body,1491,0.00738168,0.01140174,0.00402007,1.54460094
h4,bear,300,adx+di,2136,0.00738168,0.01498127,0.00759960,2.02952192
h4,bear,300,adx+volatility,1781,0.00738168,0.01516002,0.00777835,2.05373716
h4,bear,300,adx+bb,1907,0.00738168,0.01625590,0.00887422,2.20219624
h4,bear,300,adx+body,1423,0.00738168,0.01054111,0.00315943,1.42801042
h4,bear,300,di+volatility,1963,0.00738168,0.01681100,0.00942933,2.27739654
h4,bear,300,di+bb,3382,0.00738168,0.01153164,0.00414996,1.56219779
h4,bear,300,di+body,1503,0.00738168,0.01131071,0.00392904,1.53226880
h4,bear,300,volatility+bb,1745,0.00738168,0.01833811,0.01095643,2.48427440
h4,bear,300,volatility+body,1433,0.00738168,0.00976971,0.00238804,1.32350889
h4,bear,300,bb+body,1202,0.00738168,0.01081531,0.00343363,1.46515611
h4,bear,300,trend+price20+price200,1513,0.00738168,0.00925314,0.00187146,1.25352825
h4,bear,300,trend+price20+momentum,1028,0.00738168,0.00778210,0.00040043,1.05424582
h4,bear,300,trend+price20+macd,1249,0.00738168,0.01040833,0.00302665,1.41002214
h4,bear,300,trend+price20+adx,994,0.00738168,0.01307847,0.00569679,1.77174814
h4,bear,300,trend+price20+di,1480,0.00738168,0.00945946,0.00207778,1.28147854
h4,bear,300,trend+price20+volatility,784,0.00738168,0.01275510,0.00537343,1.72794118
h4,bear,300,trend+price20+bb,1445,0.00738168,0.00968858,0.00230691,1.31251781
h4,bear,300,trend+price20+body,521,0.00738168,0.01151631,0.00413464,1.56012194
h4,bear,300,trend+price200+momentum,1388,0.00738168,0.00576369,-0.00161799,0.78081031
h4,bear,300,trend+price200+macd,1317,0.00738168,0.00987092,0.00248924,1.33721917
h4,bear,300,trend+price200+adx,1340,0.00738168,0.01044776,0.00306609,1.41536435
h4,bear,300,trend+price200+di,1746,0.00738168,0.00801833,0.00063665,1.08624756
h4,bear,300,trend+price200+volatility,1107,0.00738168,0.00993677,0.00255509,1.34613954
h4,bear,300,trend+price200+bb,1481,0.00738168,0.00945307,0.00207140,1.28061326
h4,bear,300,trend+price200+body,964,0.00738168,0.00726141,-0.00012027,0.98370759
h4,bear,300,trend+momentum+macd,846,0.00738168,0.00827423,0.00089256,1.12091503
h4,bear,300,trend+momentum+adx,767,0.00738168,0.00912647,0.00174479,1.23636782
h4,bear,300,trend+momentum+di,1223,0.00738168,0.00654129,-0.00084038,0.88615266
h4,bear,300,trend+momentum+volatility,636,0.00738168,0.00786164,0.00047996,1.06502035
h4,bear,300,trend+momentum+bb,1000,0.00738168,0.00800000,0.00061832,1.08376471
h4,bear,300,trend+momentum+body,575,0.00738168,0.00521739,-0.00216428,0.70680307
h4,bear,300,trend+macd+adx,794,0.00738168,0.01511335,0.00773167,2.04741443
h4,bear,300,trend+macd+di,1270,0.00738168,0.01023622,0.00285454,1.38670681
h4,bear,300,trend+macd+volatility,691,0.00738168,0.01302460,0.00564293,1.76445050
h4,bear,300,trend+macd+bb,1268,0.00738168,0.01025237,0.00287069,1.38889404
h4,bear,300,trend+macd+body,483,0.00738168,0.01242236,0.00504068,1.68286445
h4,bear,300,trend+adx+di,1152,0.00738168,0.01128472,0.00390305,1.52874796
h4,bear,300,trend+adx+volatility,816,0.00738168,0.01225490,0.00487323,1.66017878
h4,bear,300,trend+adx+bb,963,0.00738168,0.01349948,0.00611780,1.82878260
h4,bear,300,trend+adx+body,577,0.00738168,0.01039861,0.00301694,1.40870629
h4,bear,300,trend+di+volatility,895,0.00738168,0.01117318,0.00379151,1.51363786
h4,bear,300,trend+di+bb,1443,0.00738168,0.00970201,0.00232033,1.31433696
h4,bear,300,trend+di+body,670,0.00738168,0.00895522,0.00157355,1.21316945
h4,bear,300,trend+volatility+bb,774,0.00738168,0.01291990,0.00553822,1.75026600
h4,bear,300,trend+volatility+body,523,0.00738168,0.01147228,0.00409060,1.55415589
h4,bear,300,trend+bb+body,512,0.00738168,0.01171875,0.00433707,1.58754596
h4,bear,300,price20+price200+momentum,1645,0.00738168,0.00972644,0.00234477,1.31764706
h4,bear,300,price20+price200+macd,2050,0.00738168,0.01414634,0.00676467,1.91641320
h4,bear,300,price20+price200+adx,1435,0.00738168,0.01811847,0.01073679,2.45451937
h4,bear,300,price20+price200+di,2309,0.00738168,0.01299264,0.00561096,1.76012025
h4,bear,300,price20+price200+volatility,1213,0.00738168,0.01978566,0.01240398,2.68037438
h4,bear,300,price20+price200+bb,2286,0.00738168,0.01312336,0.00574168,1.77782924
h4,bear,300,price20+price200+body,790,0.00738168,0.01139241,0.00401073,1.54333582
h4,bear,300,price20+momentum+macd,2365,0.00738168,0.00972516,0.00234348,1.31747295
h4,bear,300,price20+momentum+adx,1267,0.00738168,0.01341752,0.00603585,1.81767956
h4,bear,300,price20+momentum+di,2583,0.00738168,0.00929152,0.00190985,1.25872788
h4,bear,300,price20+momentum+volatility,1228,0.00738168,0.01465798,0.00727630,1.98572523
h4,bear,300,price20+momentum+bb,2604,0.00738168,0.00921659,0.00183491,1.24857685
h4,bear,300,price20+momentum+body,889,0.00738168,0.00899888,0.00161720,1.21908291
h4,bear,300,price20+macd+adx,1638,0.00738168,0.01770452,0.01032284,2.39844143
h4,bear,300,price20+macd+di,3008,0.00738168,0.01230053,0.00491886,1.66636029
h4,bear,300,price20+macd+volatility,1543,0.00738168,0.01944264,0.01206097,2.63390645
h4,bear,300,price20+macd+bb,3092,0.00738168,0.01196636,0.00458469,1.62109048
h4,bear,300,price20+macd+body,1015,0.00738168,0.01280788,0.00542621,1.73509128
h4,bear,300,price20+adx+di,1858,0.00738168,0.01614639,0.00876472,2.18736149
h4,bear,300,price20+adx+volatility,1131,0.00738168,0.02122016,0.01383848,2.87470744
h4,bear,300,price20+adx+bb,1844,0.00738168,0.01626898,0.00888730,2.20396836
h4,bear,300,price20+adx+body,646,0.00738168,0.01857585,0.01119418,2.51648152
h4,bear,300,price20+di+volatility,1675,0.00738168,0.01850746,0.01112579,2.50721686
h4,bear,300,price20+di+bb,3255,0.00738168,0.01167435,0.00429267,1.58153068
h4,bear,300,price20+di+body,1096,0.00738168,0.01186131,0.00447964,1.60685917
h4,bear,300,price20+volatility+bb,1671,0.00738168,0.01855177,0.01117009,2.51321857
h4,bear,300,price20+volatility+body,616,0.00738168,0.01785714,0.01047547,2.41911765
h4,bear,300,price20+bb+body,1095,0.00738168,0.01187215,0.00449047,1.60832662
h4,bear,300,price200+momentum+macd,1443,0.00738168,0.01039501,0.00301333,1.40821817
h4,bear,300,price200+momentum+adx,1040,0.00738168,0.01250000,0.00511832,1.69338235
h4,bear,300,price200+momentum+di,1843,0.00738168,0.00868150,0.00129982,1.17608758
h4,bear,300,price200+momentum+volatility,927,0.00738168,0.01186624,0.00448456,1.60752586
h4,bear,300,price200+momentum+bb,1625,0.00738168,0.00984615,0.00246448,1.33386425
h4,bear,300,price200+momentum+body,781,0.00738168,0.00512164,-0.00226004,0.69383144
h4,bear,300,price200+macd+adx,1211,0.00738168,0.02064410,0.01326242,2.79666780
h4,bear,300,price200+macd+di,2071,0.00738168,0.01400290,0.00662122,1.89698071
h4,bear,300,price200+macd+volatility,1108,0.00738168,0.02075812,0.01337645,2.81211510
h4,bear,300,price200+macd+bb,2086,0.00738168,0.01390221,0.00652053,1.88333991
h4,bear,300,price200+macd+body,765,0.00738168,0.01176471,0.00438303,1.59377163
h4,bear,300,price200+adx+di,1602,0.00738168,0.01622971,0.00884804,2.19864875
h4,bear,300,price200+adx+volatility,1070,0.00738168,0.02056075,0.01317907,2.78537658
h4,bear,300,price200+adx+bb,1403,0.00738168,0.01853172,0.01115004,2.51050270
h4,bear,300,price200+adx+body,719,0.00738168,0.01251739,0.00513571,1.69573754
h4,bear,300,price200+di+volatility,1328,0.00738168,0.01807229,0.01069061,2.44826364
h4,bear,300,price200+di+bb,2278,0.00738168,0.01316945,0.00578777,1.78407272
h4,bear,300,price200+di+body,951,0.00738168,0.00946372,0.00208205,1.28205604
h4,bear,300,price200+volatility+bb,1203,0.00738168,0.01995012,0.01256845,2.70265513
h4,bear,300,price200+volatility+body,661,0.00738168,0.01361573,0.00623406,1.84453146
h4,bear,300,price200+bb+body,792,0.00738168,0.01136364,0.00398196,1.53943850
h4,bear,300,momentum+macd+adx,1092,0.00738168,0.01556777,0.00818609,2.10897436
h4,bear,300,momentum+macd+di,2468,0.00738168,0.00972447,0.00234280,1.31738011
h4,bear,300,momentum+macd+volatility,1213,0.00738168,0.01483924,0.00745757,2.01028078
h4,bear,300,momentum+macd+bb,2510,0.00738168,0.00996016,0.00257848,1.34930865
h4,bear,300,momentum+macd+body,972,0.00738168,0.00823045,0.00084878,1.11498427
h4,bear,300,momentum+adx+di,1448,0.00738168,0.01174033,0.00435866,1.59046961
h4,bear,300,momentum+adx+volatility,860,0.00738168,0.01511628,0.00773460,2.04781122
h4,bear,300,momentum+adx+bb,1262,0.00738168,0.01426307,0.00688140,1.93222709
h4,bear,300,momentum+adx+body,631,0.00738168,0.01109350,0.00371183,1.50284329
h4,bear,300,momentum+di+volatility,1392,0.00738168,0.01293103,0.00554936,1.75177485
h4,bear,300,momentum+di+bb,2614,0.00738168,0.00956389,0.00218221,1.29562537
h4,bear,300,momentum+di+body,1147,0.00738168,0.00697472,-0.00040696,0.94486897
h4,bear,300,momentum+volatility+bb,1245,0.00738168,0.01526104,0.00787937,2.06742263
h4,bear,300,momentum+volatility+body,646,0.00738168,0.00928793,0.00190625,1.25824076
h4,bear,300,momentum+bb+body,949,0.00738168,0.00842993,0.00104825,1.14200707
h4,bear,300,rsi_extreme+adx+volatility,191,0.00738168,0.00523560,-0.00214607,0.70927010
h4,bear,300,rsi_extreme+adx+body,280,0.00738168,0.00357143,-0.00381025,0.48382353
h4,bear,300,rsi_extreme+volatility+body,195,0.00738168,0.00512821,-0.00225347,0.69472097
h4,bear,300,macd+adx+di,1656,0.00738168,0.01811594,0.01073427,2.45417732
h4,bear,300,macd+adx+volatility,1123,0.00738168,0.02226180,0.01488012,3.01581897
h4,bear,300,macd+adx+bb,1688,0.00738168,0.01777251,0.01039084,2.40765263
h4,bear,300,macd+adx+body,714,0.00738168,0.01820728,0.01082561,2.46655133
h4,bear,300,macd+di+volatility,1626,0.00738168,0.01906519,0.01168351,2.58277259
h4,bear,300,macd+di+bb,3112,0.00738168,0.01221080,0.00482912,1.65420384
h4,bear,300,macd+di+body,1168,0.00738168,0.01284247,0.00546079,1.73977639
h4,bear,300,macd+volatility+bb,1602,0.00738168,0.01935081,0.01196914,2.62146581
h4,bear,300,macd+volatility+body,748,0.00738168,0.01604278,0.00866110,2.17332494
h4,bear,300,macd+bb+body,1107,0.00738168,0.01174345,0.00436177,1.59089218
h4,bear,300,adx+di+volatility,1245,0.00738168,0.02008032,0.01269865,2.72029294
h4,bear,300,adx+di+bb,1844,0.00738168,0.01626898,0.00888730,2.20396836
h4,bear,300,adx+di+body,817,0.00738168,0.01713586,0.00975419,2.32140543
h4,bear,300,adx+volatility+bb,1136,0.00738168,0.02200704,0.01462537,2.98130696
h4,bear,300,adx+volatility+body,783,0.00738168,0.01532567,0.00794399,2.07617760
h4,bear,300,adx+bb+body,660,0.00738168,0.01818182,0.01080014,2.46310160
h4,bear,300,di+volatility+bb,1679,0.00738168,0.01846337,0.01108169,2.50124374
h4,bear,300,di+volatility+body,776,0.00738168,0.01675258,0.00937090,2.26948150
h4,bear,300,di+bb+body,1142,0.00738168,0.01138354,0.00400186,1.54213454
h4,bear,300,volatility+bb+body,645,0.00738168,0.01705426,0.00967259,2.31035112
h4,bear,300,trend+price20+price200+momentum,1028,0.00738168,0.00778210,0.00040043,1.05424582
h4,bear,300,trend+price20+price200+macd,1249,0.00738168,0.01040833,0.00302665,1.41002214
h4,bear,300,trend+price20+price200+adx,994,0.00738168,0.01307847,0.00569679,1.77174814
h4,bear,300,trend+price20+price200+di,1480,0.00738168,0.00945946,0.00207778,1.28147854
h4,bear,300,trend+price20+price200+volatility,784,0.00738168,0.01275510,0.00537343,1.72794118
h4,bear,300,trend+price20+price200+bb,1445,0.00738168,0.00968858,0.00230691,1.31251781
h4,bear,300,trend+price20+price200+body,521,0.00738168,0.01151631,0.00413464,1.56012194
h4,bear,300,trend+price20+momentum+macd,778,0.00738168,0.00899743,0.00161575,1.21888704
h4,bear,300,trend+price20+momentum+adx,584,0.00738168,0.01198630,0.00460463,1.62379130
h4,bear,300,trend+price20+momentum+di,998,0.00738168,0.00801603,0.00063436,1.08593658
h4,bear,300,trend+price20+momentum+volatility,470,0.00738168,0.01063830,0.00325662,1.44117647
h4,bear,300,trend+price20+momentum+bb,964,0.00738168,0.00829876,0.00091708,1.12423725
h4,bear,300,trend+price20+momentum+body,380,0.00738168,0.00789474,0.00051306,1.06950464
h4,bear,300,trend+price20+macd+adx,782,0.00738168,0.01534527,0.00796359,2.07883256
h4,bear,300,trend+price20+macd+di,1229,0.00738168,0.01057771,0.00319603,1.43296798
h4,bear,300,trend+price20+macd+volatility,650,0.00738168,0.01384615,0.00646448,1.87574661
h4,bear,300,trend+price20+macd+bb,1241,0.00738168,0.01047542,0.00309375,1.41911172
h4,bear,300,trend+price20+macd+body,431,0.00738168,0.01392111,0.00653944,1.88590146
h4,bear,300,trend+price20+adx+di,991,0.00738168,0.01311806,0.00573639,1.77711165
h4,bear,300,trend+price20+adx+volatility,605,0.00738168,0.01487603,0.00749436,2.01526495
h4,bear,300,trend+price20+adx+bb,952,0.00738168,0.01365546,0.00627379,1.84991349
h4,bear,300,trend+price20+adx+body,334,0.00738168,0.01497006,0.00758838,2.02800282
h4,bear,300,trend+price20+di+volatility,775,0.00738168,0.01290323,0.00552155,1.74800759
h4,bear,300,trend+price20+di+bb,1420,0.00738168,0.00985915,0.00247748,1.33562552
h4,bear,300,trend+price20+di+body,509,0.00738168,0.01178782,0.00440614,1.59690281
h4,bear,300,trend+price20+volatility+bb,752,0.00738168,0.01329787,0.00591620,1.80147059
h4,bear,300,trend+price20+volatility+body,278,0.00738168,0.01798561,0.01060394,2.43652137
h4,bear,300,trend+price20+bb+body,492,0.00738168,0.01219512,0.00481345,1.65208034
h4,bear,300,trend+price200+momentum+macd,841,0.00738168,0.00832342,0.00094175,1.12757921
h4,bear,300,trend+price200+momentum+adx,767,0.00738168,0.00912647,0.00174479,1.23636782
h4,bear,300,trend+price200+momentum+di,1219,0.00738168,0.00656276,-0.00081892,0.88906046
h4,bear,300,trend+price200+momentum+volatility,634,0.00738168,0.00788644,0.00050476,1.06838003
h4,bear,300,trend+price200+momentum+bb,1000,0.00738168,0.00800000,0.00061832,1.08376471
h4,bear,300,trend+price200+momentum+body,569,0.00738168,0.00527241,-0.00210927,0.71425618
h4,bear,300,trend+price200+macd+adx,794,0.00738168,0.01511335,0.00773167,2.04741443
h4,bear,300,trend+price200+macd+di,1265,0.00738168,0.01027668,0.00289500,1.39218786
h4,bear,300,trend+price200+macd+volatility,689,0.00738168,0.01306241,0.00568073,1.76957227
h4,bear,300,trend+price200+macd+bb,1268,0.00738168,0.01025237,0.00287069,1.38889404
h4,bear,300,trend+price200+macd+body,476,0.00738168,0.01260504,0.00522337,1.70761246
h4,bear,300,trend+price200+adx+di,1150,0.00738168,0.01130435,0.00392267,1.53140665
h4,bear,300,trend+price200+adx+volatility,784,0.00738168,0.01275510,0.00537343,1.72794118
h4,bear,300,trend+price200+adx+bb,963,0.00738168,0.01349948,0.00611780,1.82878260
h4,bear,300,trend+price200+adx+body,546,0.00738168,0.01098901,0.00360733,1.48868778
h4,bear,300,trend+price200+di+volatility,892,0.00738168,0.01121076,0.00382909,1.51872857
h4,bear,300,trend+price200+di+bb,1443,0.00738168,0.00970201,0.00232033,1.31433696
h4,bear,300,trend+price200+di+body,663,0.00738168,0.00904977,0.00166810,1.22597817
h4,bear,300,trend+price200+volatility+bb,774,0.00738168,0.01291990,0.00553822,1.75026600
h4,bear,300,trend+price200+volatility+body,475,0.00738168,0.01263158,0.00524990,1.71120743
h4,bear,300,trend+price200+bb+body,512,0.00738168,0.01171875,0.00433707,1.58754596
h4,bear,300,trend+momentum+macd+adx,398,0.00738168,0.01507538,0.00769370,2.04227017
h4,bear,300,trend+momentum+macd+di,797,0.00738168,0.00878294,0.00140126,1.18982951
h4,bear,300,trend+momentum+macd+volatility,382,0.00738168,0.01047120,0.00308953,1.41854019
h4,bear,300,trend+momentum+macd+bb,801,0.00738168,0.00873908,0.00135740,1.18388779
h4,bear,300,trend+momentum+macd+body,335,0.00738168,0.00895522,0.00157355,1.21316945
h4,bear,300,trend+momentum+adx+di,719,0.00738168,0.00973574,0.00235407,1.31890698
h4,bear,300,trend+momentum+adx+volatility,414,0.00738168,0.00966184,0.00228016,1.30889457
h4,bear,300,trend+momentum+adx+bb,553,0.00738168,0.01265823,0.00527655,1.71481757
h4,bear,300,trend+momentum+adx+body,329,0.00738168,0.00607903,-0.00130265,0.82352941
h4,bear,300,trend+momentum+di+volatility,561,0.00738168,0.00891266,0.00153098,1.20740275
h4,bear,300,trend+momentum+di+bb,962,0.00738168,0.00831601,0.00093433,1.12657454
h4,bear,300,trend+momentum+di+body,505,0.00738168,0.00594059,-0.00144108,0.80477577
h4,bear,300,trend+momentum+volatility+bb,460,0.00738168,0.01086957,0.00348789,1.47250639
h4,bear,300,trend+momentum+volatility+body,279,0.00738168,0.00716846,-0.00021322,0.97111533
h4,bear,300,trend+momentum+bb+body,373,0.00738168,0.00804290,0.00066122,1.08957578
h4,bear,300,trend+macd+adx+di,790,0.00738168,0.01518987,0.00780820,2.05778109
h4,bear,300,trend+macd+adx+volatility,494,0.00738168,0.01619433,0.00881266,2.19385568
h4,bear,300,trend+macd+adx+bb,786,0.00738168,0.01526718,0.00788550,2.06825326
h4,bear,300,trend+macd+adx+body,273,0.00738168,0.01831502,0.01093334,2.48114630
h4,bear,300,trend+macd+di+volatility,664,0.00738168,0.01355422,0.00617254,1.83619773
h4,bear,300,trend+macd+di+bb,1240,0.00738168,0.01048387,0.00310219,1.42025617
h4,bear,300,trend+macd+di+body,457,0.00738168,0.01312910,0.00574743,1.77860729
h4,bear,300,trend+macd+volatility+bb,664,0.00738168,0.01355422,0.00617254,1.83619773
h4,bear,300,trend+macd+volatility+body,260,0.00738168,0.01923077,0.01184909,2.60520362
h4,bear,300,trend+macd+bb+body,441,0.00738168,0.01360544,0.00622377,1.84313725
h4,bear,300,trend+adx+di+volatility,680,0.00738168,0.01323529,0.00585362,1.79299308
h4,bear,300,trend+adx+di+bb,959,0.00738168,0.01355579,0.00617411,1.83641048
h4,bear,300,trend+adx+di+body,433,0.00738168,0.01154734,0.00416567,1.56432550
h4,bear,300,trend+adx+volatility+bb,589,0.00738168,0.01528014,0.00789846,2.07000899
h4,bear,300,trend+adx+volatility+body,344,0.00738168,0.01453488,0.00715321,1.96904925
h4,bear,300,trend+adx+bb+body,324,0.00738168,0.01543210,0.00805042,2.09059550
h4,bear,300,trend+di+volatility+bb,757,0.00738168,0.01321004,0.00582836,1.78957184
h4,bear,300,trend+di+volatility+body,345,0.00738168,0.01449275,0.00711108,1.96334186
h4,bear,300,trend+di+bb+body,497,0.00738168,0.01207243,0.00469076,1.63545982
h4,bear,300,trend+volatility+bb+body,276,0.00738168,0.01811594,0.01073427,2.45417732
h4,bear,300,price20+price200+momentum+macd,1343,0.00738168,0.01116902,0.00378735,1.51307433
h4,bear,300,price20+price200+momentum+adx,837,0.00738168,0.01553166,0.00814998,2.10408321
h4,bear,300,price20+price200+momentum+di,1590,0.00738168,0.01006289,0.00268122,1.36322605
h4,bear,300,price20+price200+momentum+volatility,743,0.00738168,0.01480485,0.00742317,2.00562109
h4,bear,300,price20+price200+momentum+bb,1568,0.00738168,0.01020408,0.00282241,1.38235294
h4,bear,300,price20+price200+momentum+body,559,0.00738168,0.00715564,-0.00022604,0.96937809
h4,bear,300,price20+price200+macd+adx,1186,0.00738168,0.02107926,0.01369758,2.85561948
h4,bear,300,price20+price200+macd+di,2010,0.00738168,0.01442786,0.00704618,1.95455078
h4,bear,300,price20+price200+macd+volatility,1058,0.00738168,0.02173913,0.01435745,2.94501279
h4,bear,300,price20+price200+macd+bb,2039,0.00738168,0.01422266,0.00684098,1.92675187
h4,bear,300,price20+price200+macd+body,683,0.00738168,0.01317716,0.00579548,1.78511756
h4,bear,300,price20+price200+adx+di,1427,0.00738168,0.01822004,0.01083837,2.46827981
h4,bear,300,price20+price200+adx+volatility,870,0.00738168,0.02413793,0.01675625,3.26997972
h4,bear,300,price20+price200+adx+bb,1386,0.00738168,0.01875902,0.01137734,2.54129531
h4,bear,300,price20+price200+adx+body,484,0.00738168,0.01652893,0.00914725,2.23918328
h4,bear,300,price20+price200+di+volatility,1197,0.00738168,0.02005013,0.01266845,2.71620227
h4,bear,300,price20+price200+di+bb,2241,0.00738168,0.01338688,0.00600520,1.81352862
h4,bear,300,price20+price200+di+body,771,0.00738168,0.01167315,0.00429148,1.58136873
h4,bear,300,price20+price200+volatility+bb,1178,0.00738168,0.02037351,0.01299184,2.76001198
h4,bear,300,price20+price200+volatility+body,432,0.00738168,0.01851852,0.01113684,2.50871460
h4,bear,300,price20+price200+bb+body,758,0.00738168,0.01187335,0.00449167,1.60848983
h4,bear,300,price20+momentum+macd+adx,1022,0.00738168,0.01565558,0.00827390,2.12087027
h4,bear,300,price20+momentum+macd+di,2259,0.00738168,0.01018150,0.00279982,1.37929328
h4,bear,300,price20+momentum+macd+volatility,1059,0.00738168,0.01605288,0.00867120,2.17469311
h4,bear,300,price20+momentum+macd+bb,2344,0.00738168,0.00981229,0.00243061,1.32927625
h4,bear,300,price20+momentum+macd+body,769,0.00738168,0.01040312,0.00302144,1.40931691
h4,bear,300,price20+momentum+adx+di,1227,0.00738168,0.01385493,0.00647325,1.87693562
h4,bear,300,price20+momentum+adx+volatility,699,0.00738168,0.01716738,0.00978571,2.32567533
h4,bear,300,price20+momentum+adx+bb,1213,0.00738168,0.01401484,0.00663316,1.89859852
h4,bear,300,price20+momentum+adx+body,458,0.00738168,0.01528384,0.00790217,2.07051117
h4,bear,300,price20+momentum+di+volatility,1182,0.00738168,0.01522843,0.00784675,2.06300388
h4,bear,300,price20+momentum+di+bb,2492,0.00738168,0.00963082,0.00224914,1.30469266
h4,bear,300,price20+momentum+di+body,851,0.00738168,0.00940071,0.00201903,1.27351904
h4,bear,300,price20+momentum+volatility+bb,1178,0.00738168,0.01528014,0.00789846,2.07000899
h4,bear,300,price20+momentum+volatility+body,447,0.00738168,0.01342282,0.00604114,1.81839716
h4,bear,300,price20+momentum+bb+body,850,0.00738168,0.00941176,0.00203009,1.27501730
h4,bear,300,price20+macd+adx+di,1600,0.00738168,0.01812500,0.01074332,2.45540441
h4,bear,300,price20+macd+adx+volatility,997,0.00738168,0.02306921,0.01568753,3.12519913
h4,bear,300,price20+macd+adx+bb,1631,0.00738168,0.01778050,0.01039883,2.40873517
h4,bear,300,price20+macd+adx+body,559,0.00738168,0.02146691,0.01408523,2.90813427
h4,bear,300,price20+macd+di+volatility,1503,0.00738168,0.01996008,0.01257840,2.70400376
h4,bear,300,price20+macd+di+bb,2993,0.00738168,0.01236218,0.00498050,1.67471158
h4,bear,300,price20+macd+di+body,981,0.00738168,0.01325178,0.00587011,1.79522696
h4,bear,300,price20+macd+volatility+bb,1535,0.00738168,0.01954397,0.01216230,2.64763365
h4,bear,300,price20+macd+volatility+body,555,0.00738168,0.01981982,0.01243814,2.68500265
h4,bear,300,price20+macd+bb+body,1005,0.00738168,0.01293532,0.00555365,1.75235587
h4,bear,300,price20+adx+di+volatility,1110,0.00738168,0.02162162,0.01423995,2.92909380
h4,bear,300,price20+adx+di+bb,1808,0.00738168,0.01659292,0.00921124,2.24785268
h4,bear,300,price20+adx+di+body,638,0.00738168,0.01880878,0.01142710,2.54803614
h4,bear,300,price20+adx+volatility+bb,1104,0.00738168,0.02173913,0.01435745,2.94501279
h4,bear,300,price20+adx+volatility+body,406,0.00738168,0.02463054,0.01724887,3.33671400
h4,bear,300,price20+adx+bb+body,628,0.00738168,0.01910828,0.01172660,2.58860997
h4,bear,300,price20+di+volatility+bb,1630,0.00738168,0.01901840,0.01163673,2.57643450
h4,bear,300,price20+di+volatility+body,600,0.00738168,0.01833333,0.01095166,2.48362745
h4,bear,300,price20+di+bb+body,1061,0.00738168,0.01225259,0.00487092,1.65986583
h4,bear,300,price20+volatility+bb+body,597,0.00738168,0.01842546,0.01104378,2.49610799
h4,bear,300,price200+momentum+macd+adx,622,0.00738168,0.01929260,0.01191093,2.61358048
h4,bear,300,price200+momentum+macd+di,1358,0.00738168,0.01104566,0.00366398,1.49636143
h4,bear,300,price200+momentum+macd+volatility,642,0.00738168,0.01557632,0.00819465,2.11013377
h4,bear,300,price200+momentum+macd+bb,1383,0.00738168,0.01084599,0.00346431,1.46931224
h4,bear,300,price200+momentum+macd+body,515,0.00738168,0.00776699,0.00038531,1.05219874
h4,bear,300,price200+momentum+adx+di,982,0.00738168,0.01323829,0.00585661,1.79339883
h4,bear,300,price200+momentum+adx+volatility,558,0.00738168,0.01612903,0.00874736,2.18500949
h4,bear,300,price200+momentum+adx+bb,805,0.00738168,0.01614907,0.00876739,2.18772379
h4,bear,300,price200+momentum+adx+body,420,0.00738168,0.00714286,-0.00023882,0.96764706
h4,bear,300,price200+momentum+di+volatility,835,0.00738168,0.01317365,0.00579198,1.78464248
h4,bear,300,price200+momentum+di+bb,1560,0.00738168,0.01025641,0.00287473,1.38944193
h4,bear,300,price200+momentum+di+body,694,0.00738168,0.00576369,-0.00161799,0.78081031
h4,bear,300,price200+momentum+volatility+bb,733,0.00738168,0.01500682,0.00762515,2.03298291
h4,bear,300,price200+momentum+volatility+body,375,0.00738168,0.00800000,0.00061832,1.08376471
h4,bear,300,price200+momentum+bb+body,563,0.00738168,0.00710480,-0.00027688,0.96249086
h4,bear,300,price200+macd+adx+di,1194,0.00738168,0.02093802,0.01355635,2.83648635
h4,bear,300,price200+macd+adx+volatility,750,0.00738168,0.02666667,0.01928499,3.61254902
h4,bear,300,price200+macd+adx+bb,1194,0.00738168,0.02093802,0.01355635,2.83648635
h4,bear,300,price200+macd+adx+body,418,0.00738168,0.01913876,0.01175708,2.59273853
h4,bear,300,price200+macd+di+volatility,1070,0.00738168,0.02149533,0.01411365,2.91198461
h4,bear,300,price200+macd+di+bb,2033,0.00738168,0.01426463,0.00688296,1.93243830
h4,bear,300,price200+macd+di+body,713,0.00738168,0.01262272,0.00524104,1.71000743
h4,bear,300,price200+macd+volatility+bb,1074,0.00738168,0.02141527,0.01403359,2.90113923
h4,bear,300,price200+macd+volatility+body,408,0.00738168,0.01960784,0.01222617,2.65628604
h4,bear,300,price200+macd+bb+body,706,0.00738168,0.01274788,0.00536620,1.72696217
h4,bear,300,price200+adx+di+volatility,948,0.00738168,0.02215190,0.01477022,3.00093075
h4,bear,300,price200+adx+di+bb,1394,0.00738168,0.01865136,0.01126969,2.52671111
h4,bear,300,price200+adx+di+body,590,0.00738168,0.01355932,0.00617765,1.83688933
h4,bear,300,price200+adx+volatility+bb,855,0.00738168,0.02456140,0.01717973,3.32734778
h4,bear,300,price200+adx+volatility+body,431,0.00738168,0.01856148,0.01117981,2.51453528
h4,bear,300,price200+adx+bb+body,477,0.00738168,0.01677149,0.00938981,2.27204341
h4,bear,300,price200+di+volatility+bb,1179,0.00738168,0.02035623,0.01297456,2.75767101
h4,bear,300,price200+di+volatility+body,501,0.00738168,0.01596806,0.00858639,2.16320301
h4,bear,300,price200+di+bb+body,768,0.00738168,0.01171875,0.00433707,1.58754596
h4,bear,300,price200+volatility+bb+body,431,0.00738168,0.01856148,0.01117981,2.51453528
h4,bear,300,momentum+macd+adx+di,1031,0.00738168,0.01551891,0.00813724,2.10235636
h4,bear,300,momentum+macd+adx+volatility,616,0.00738168,0.01948052,0.01209884,2.63903743
h4,bear,300,momentum+macd+adx+bb,1058,0.00738168,0.01606805,0.00868638,2.17674858
h4,bear,300,momentum+macd+adx+body,414,0.00738168,0.01690821,0.00952654,2.29056550
h4,bear,300,momentum+macd+di+volatility,1113,0.00738168,0.01527403,0.00789236,2.06918239
h4,bear,300,momentum+macd+di+bb,2359,0.00738168,0.01017380,0.00279213,1.37825100
h4,bear,300,momentum+macd+di+body,880,0.00738168,0.00909091,0.00170923,1.23155080
h4,bear,300,momentum+macd+volatility+bb,1111,0.00738168,0.01620162,0.00881994,2.19484301
h4,bear,300,momentum+macd+volatility+body,488,0.00738168,0.01229508,0.00491341,1.66562199
h4,bear,300,momentum+macd+bb+body,855,0.00738168,0.00935673,0.00197505,1.26756106
h4,bear,300,momentum+adx+di+volatility,793,0.00738168,0.01513241,0.00775073,2.04999629
h4,bear,300,momentum+adx+di+bb,1212,0.00738168,0.01402640,0.00664473,1.90016502
h4,bear,300,momentum+adx+di+body,593,0.00738168,0.01180438,0.00442271,1.59914691
h4,bear,300,momentum+adx+volatility+bb,699,0.00738168,0.01859800,0.01121632,2.51948161
h4,bear,300,momentum+adx+volatility+body,359,0.00738168,0.01392758,0.00654590,1.88677699
h4,bear,300,momentum+adx+bb+body,468,0.00738168,0.01495726,0.00757559,2.02626948
h4,bear,300,momentum+di+volatility+bb,1184,0.00738168,0.01520270,0.00782103,2.05951908
h4,bear,300,momentum+di+volatility+body,568,0.00738168,0.01056338,0.00318170,1.43102734
h4,bear,300,momentum+di+bb+body,895,0.00738168,0.00893855,0.00155687,1.21091029
h4,bear,300,momentum+volatility+bb+body,473,0.00738168,0.01268499,0.00530331,1.71844298
h4,bear,300,rsi_extreme+adx+volatility+body,123,0.00738168,0.00813008,0.00074841,1.10138690
h4,bear,300,macd+adx+di+volatility,1008,0.00738168,0.02380952,0.01642785,3.22549020
h4,bear,300,macd+adx+di+bb,1626,0.00738168,0.01783518,0.01045350,2.41614210
h4,bear,300,macd+adx+di+body,593,0.00738168,0.02192243,0.01454075,2.96984426
h4,bear,300,macd+adx+volatility+bb,1021,0.00738168,0.02350637,0.01612469,3.18442127
h4,bear,300,macd+adx+volatility+body,429,0.00738168,0.02564103,0.01825935,3.47360483
h4,bear,300,macd+adx+bb+body,584,0.00738168,0.02054795,0.01316627,2.78364222
h4,bear,300,macd+di+volatility+bb,1540,0.00738168,0.01948052,0.01209884,2.63903743
h4,bear,300,macd+di+volatility+body,626,0.00738168,0.01916933,0.01178765,2.59688029
h4,bear,300,macd+di+bb+body,1050,0.00738168,0.01238095,0.00499928,1.67725490
h4,bear,300,macd+volatility+bb+body,594,0.00738168,0.01851852,0.01113684,2.50871460
h4,bear,300,adx+di+volatility+bb,1103,0.00738168,0.02175884,0.01437716,2.94768279
h4,bear,300,adx+di+volatility+body,492,0.00738168,0.02235772,0.01497605,3.02881396
h4,bear,300,adx+di+bb+body,646,0.00738168,0.01857585,0.01119418,2.51648152
h4,bear,300,adx+volatility+bb+body,414,0.00738168,0.02415459,0.01677291,3.27223643
h4,bear,300,di+volatility+bb+body,618,0.00738168,0.01779935,0.01041768,2.41128879
d1,bull,100,trend,1573,0.26702396,0.28607756,0.01905360,1.07135539
d1,bull,100,price20,1928,0.26702396,0.27645228,0.00942832,1.03530890
d1,bull,100,price200,2039,0.26702396,0.27807749,0.01105353,1.04139527
d1,bull,100,momentum,1976,0.26702396,0.25809717,-0.00892679,0.96656932
d1,bull,100,rsi_extreme,121,0.26702396,0.31404959,0.04702563,1.17611014
d1,bull,100,macd,1956,0.26702396,0.27760736,0.01058340,1.03963465
d1,bull,100,adx,1205,0.26702396,0.26058091,-0.00644305,0.97587090
d1,bull,100,di,2005,0.26702396,0.27880299,0.01177903,1.04411227
d1,bull,100,volatility,1151,0.26702396,0.31190269,0.04487873,1.16807006
d1,bull,100,bb,1921,0.26702396,0.27798022,0.01095626,1.04103100
d1,bull,100,body,1293,0.26702396,0.31167827,0.04465431,1.16722959
d1,bull,100,trend+price20,1159,0.26702396,0.28559103,0.01856707,1.06953334
d1,bull,100,trend+price200,1524,0.26702396,0.28740157,0.02037762,1.07631381
d1,bull,100,trend+momentum,1101,0.26702396,0.26884650,0.00182254,1.00682539
d1,bull,100,trend+macd,969,0.26702396,0.30650155,0.03947759,1.14784287
d1,bull,100,trend+adx,669,0.26702396,0.28849028,0.02146632,1.08039100
d1,bull,100,trend+di,1212,0.26702396,0.28712871,0.02010475,1.07529194
d1,bull,100,trend+volatility,544,0.26702396,0.32904412,0.06202016,1.23226439
d1,bull,100,trend+bb,1112,0.26702396,0.29046763,0.02344367,1.08779611
d1,bull,100,trend+body,642,0.26702396,0.31775701,0.05073305,1.18999437
d1,bull,100,price20+price200,1564,0.26702396,0.28069054,0.01366658,1.05118109
d1,bull,100,price20+momentum,1620,0.26702396,0.27037037,0.00334641,1.01253225
d1,bull,100,price20+macd,1646,0.26702396,0.28554070,0.01851675,1.06934488
d1,bull,100,price20+adx,781,0.26702396,0.25480154,-0.01222242,0.95422724
d1,bull,100,price20+di,1778,0.26702396,0.28290214,0.01587818,1.05946349
d1,bull,100,price20+volatility,622,0.26702396,0.31672026,0.04969630,1.18611175
d1,bull,100,price20+bb,1841,0.26702396,0.27702336,0.00999940,1.03744757
d1,bull,100,price20+body,648,0.26702396,0.27006173,0.00303777,1.01137639
d1,bull,100,price200+momentum,1493,0.26702396,0.26590757,-0.00111639,0.99581914
d1,bull,100,price200+macd,1362,0.26702396,0.29368576,0.02666180,1.09984796
d1,bull,100,price200+adx,834,0.26702396,0.27458034,0.00755638,1.02829849
d1,bull,100,price200+di,1587,0.26702396,0.28418399,0.01716004,1.06426403
d1,bull,100,price200+volatility,691,0.26702396,0.33140376,0.06437980,1.24110122
d1,bull,100,price200+bb,1509,0.26702396,0.28363154,0.01660758,1.06219511
d1,bull,100,price200+body,777,0.26702396,0.30501931,0.03799535,1.14229190
d1,bull,100,momentum+macd,1464,0.26702396,0.27732240,0.01029844,1.03856749
d1,bull,100,momentum+adx,665,0.26702396,0.24060150,-0.02642246,0.90104837
d1,bull,100,momentum+di,1648,0.26702396,0.27245146,0.00542750,1.02032588
d1,bull,100,momentum+volatility,654,0.26702396,0.30581040,0.03878644,1.14525452
d1,bull,100,momentum+bb,1609,0.26702396,0.27097576,0.00395180,1.01479943
d1,bull,100,momentum+body,696,0.26702396,0.26436782,-0.00265614,0.99005279
d1,bull,100,rsi_extreme+adx,64,0.26702396,0.34375000,0.07672604,1.28733766
d1,bull,100,rsi_extreme+volatility,76,0.26702396,0.36842105,0.10139709,1.37973032
d1,bull,100,rsi_extreme+body,70,0.26702396,0.47142857,0.20440461,1.76549165
d1,bull,100,macd+adx,753,0.26702396,0.25365206,-0.01337190,0.94992247
d1,bull,100,macd+di,1622,0.26702396,0.29099877,0.02397481,1.08978523
d1,bull,100,macd+volatility,656,0.26702396,0.32012195,0.05309799,1.19885104
d1,bull,100,macd+bb,1701,0.26702396,0.28747795,0.02045399,1.07659985
d1,bull,100,macd+body,722,0.26702396,0.28531856,0.01829460,1.06851295
d1,bull,100,adx+di,788,0.26702396,0.26269036,-0.00433360,0.98377073
d1,bull,100,adx+volatility,579,0.26702396,0.32815199,0.06112803,1.22892338
d1,bull,100,adx+bb,778,0.26702396,0.25449871,-0.01252524,0.95309318
d1,bull,100,adx+body,487,0.26702396,0.32238193,0.05535797,1.20731462
d1,bull,100,di+volatility,636,0.26702396,0.32389937,0.05687541,1.21299741
d1,bull,100,di+bb,1761,0.26702396,0.28336173,0.01633777,1.06118465
d1,bull,100,di+body,724,0.26702396,0.28038674,0.01336278,1.05004338
d1,bull,100,volatility+bb,632,0.26702396,0.32120253,0.05417857,1.20289779
d1,bull,100,volatility+body,472,0.26702396,0.35169492,0.08467096,1.31709123
d1,bull,100,bb+body,653,0.26702396,0.27258806,0.00556410,1.02083744
d1,bull,100,trend+price20+price200,1159,0.26702396,0.28559103,0.01856707,1.06953334
d1,bull,100,trend+price20+momentum,905,0.26702396,0.27403315,0.00700919,1.02624929
d1,bull,100,trend+price20+macd,927,0.26702396,0.30204962,0.03502566,1.13117049
d1,bull,100,trend+price20+adx,538,0.26702396,0.27323420,0.00621024,1.02325724
d1,bull,100,trend+price20+di,1090,0.26702396,0.28715596,0.02013200,1.07539400
d1,bull,100,trend+price20+volatility,359,0.26702396,0.31476323,0.04773927,1.17878273
d1,bull,100,trend+price20+bb,1092,0.26702396,0.28754579,0.02052183,1.07685388
d1,bull,100,trend+price20+body,415,0.26702396,0.28192771,0.01490375,1.05581428
d1,bull,100,trend+price200+momentum,1096,0.26702396,0.27007299,0.00304903,1.01141857
d1,bull,100,trend+price200+macd,967,0.26702396,0.30610134,0.03907738,1.14634411
d1,bull,100,trend+price200+adx,659,0.26702396,0.28831563,0.02129167,1.07973693
d1,bull,100,trend+price200+di,1204,0.26702396,0.28820598,0.02118202,1.07932629
d1,bull,100,trend+price200+volatility,532,0.26702396,0.33082707,0.06380311,1.23894151
d1,bull,100,trend+price200+bb,1112,0.26702396,0.29046763,0.02344367,1.08779611
d1,bull,100,trend+price200+body,610,0.26702396,0.31639344,0.04936948,1.18488784
d1,bull,100,trend+momentum+macd,712,0.26702396,0.29634831,0.02932435,1.10981919
d1,bull,100,trend+momentum+adx,422,0.26702396,0.25118483,-0.01583913,0.94068276
d1,bull,100,trend+momentum+di,946,0.26702396,0.27484144,0.00781748,1.02927632
d1,bull,100,trend+momentum+volatility,359,0.26702396,0.31197772,0.04495376,1.16835102
d1,bull,100,trend+momentum+bb,867,0.26702396,0.27797001,0.01094605,1.04099277
d1,bull,100,trend+momentum+body,413,0.26702396,0.27602906,0.00900510,1.03372393
d1,bull,100,trend+macd+adx,422,0.26702396,0.28672986,0.01970590,1.07379824
d1,bull,100,trend+macd+di,914,0.26702396,0.30634573,0.03932177,1.14725934
d1,bull,100,trend+macd+volatility,297,0.26702396,0.34343434,0.07641038,1.28615553
d1,bull,100,trend+macd+bb,933,0.26702396,0.30653805,0.03951409,1.14797957
d1,bull,100,trend+macd+body,368,0.26702396,0.30978261,0.04275865,1.16013038
d1,bull,100,trend+adx+di,566,0.26702396,0.27915194,0.01212798,1.04541908
d1,bull,100,trend+adx+volatility,301,0.26702396,0.35880399,0.09178003,1.34371458
d1,bull,100,trend+adx+bb,512,0.26702396,0.27148438,0.00446042,1.01670418
d1,bull,100,trend+adx+body,276,0.26702396,0.33695652,0.06993256,1.26189621
d1,bull,100,trend+di+volatility,386,0.26702396,0.32124352,0.05421956,1.20305131
d1,bull,100,trend+di+bb,1059,0.26702396,0.29084042,0.02381646,1.08919221
d1,bull,100,trend+di+body,462,0.26702396,0.29653680,0.02951284,1.11052505
d1,bull,100,trend+volatility+bb,346,0.26702396,0.32369942,0.05667546,1.21224860
d1,bull,100,trend+volatility+body,233,0.26702396,0.33905579,0.07203183,1.26975794
d1,bull,100,trend+bb+body,400,0.26702396,0.28500000,0.01797604,1.06731995
d1,bull,100,price20+price200+momentum,1260,0.26702396,0.27460317,0.00757921,1.02838403
d1,bull,100,price20+price200+macd,1291,0.26702396,0.29357088,0.02654692,1.09941773
d1,bull,100,price20+price200+adx,675,0.26702396,0.26074074,-0.00628322,0.97646946
d1,bull,100,price20+price200+di,1459,0.26702396,0.28581220,0.01878824,1.07036163
d1,bull,100,price20+price200+volatility,477,0.26702396,0.32494759,0.05792363,1.21692297
d1,bull,100,price20+price200+bb,1481,0.26702396,0.28224173,0.01521777,1.05699028
d1,bull,100,price20+price200+body,541,0.26702396,0.27356747,0.00654351,1.02450532
d1,bull,100,price20+momentum+macd,1343,0.26702396,0.27997022,0.01294626,1.04848350
d1,bull,100,price20+momentum+adx,576,0.26702396,0.23437500,-0.03264896,0.87773022
d1,bull,100,price20+momentum+di,1480,0.26702396,0.27635135,0.00932739,1.03493092
d1,bull,100,price20+momentum+volatility,518,0.26702396,0.31274131,0.04571735,1.17121068
d1,bull,100,price20+momentum+bb,1547,0.26702396,0.26890756,0.00188360,1.00705406
d1,bull,100,price20+momentum+body,533,0.26702396,0.27204503,0.00502107,1.01880381
d1,bull,100,price20+macd+adx,636,0.26702396,0.25628931,-0.01073465,0.95979892
d1,bull,100,price20+macd+di,1537,0.26702396,0.29342876,0.02640480,1.09888550
d1,bull,100,price20+macd+volatility,533,0.26702396,0.32270169,0.05567773,1.20851211
d1,bull,100,price20+macd+bb,1625,0.26702396,0.28676923,0.01974527,1.07394569
d1,bull,100,price20+macd+body,556,0.26702396,0.27517986,0.00815590,1.03054369
d1,bull,100,price20+adx+di,731,0.26702396,0.25854993,-0.00847403,0.96826492
d1,bull,100,price20+adx+volatility,320,0.26702396,0.31562500,0.04860104,1.18201004
d1,bull,100,price20+adx+bb,750,0.26702396,0.25200000,-0.01502396,0.94373554
d1,bull,100,price20+adx+body,271,0.26702396,0.26568266,-0.00134130,0.99497684
d1,bull,100,price20+di+volatility,563,0.26702396,0.31971581,0.05269185,1.19733004
d1,bull,100,price20+di+bb,1724,0.26702396,0.28248260,0.01545864,1.05789233
d1,bull,100,price20+di+body,605,0.26702396,0.27603306,0.00900910,1.03373891
d1,bull,100,price20+volatility+bb,589,0.26702396,0.31578947,0.04876551,1.18262599
d1,bull,100,price20+volatility+body,205,0.26702396,0.25853659,-0.00848737,0.96821493
d1,bull,100,price20+bb+body,616,0.26702396,0.26461039,-0.00241357,0.99096122
d1,bull,100,price200+momentum+macd,1042,0.26702396,0.28886756,0.02184360,1.08180391
d1,bull,100,price200+momentum+adx,541,0.26702396,0.24399261,-0.02303135,0.91374799
d1,bull,100,price200+momentum+di,1276,0.26702396,0.27742947,0.01040551,1.03896844
d1,bull,100,price200+momentum+volatility,468,0.26702396,0.31623932,0.04921536,1.18431064
d1,bull,100,price200+momentum+bb,1216,0.26702396,0.27549342,0.00846946,1.03171798
d1,bull,100,price200+momentum+body,532,0.26702396,0.27255639,0.00553243,1.02071886
d1,bull,100,price200+macd+adx,545,0.26702396,0.26788991,0.00086595,1.00324296
d1,bull,100,price200+macd+di,1257,0.26702396,0.29912490,0.03210094,1.12021746
d1,bull,100,price200+macd+volatility,416,0.26702396,0.34615385,0.07912989,1.29634002
d1,bull,100,price200+macd+bb,1297,0.26702396,0.29606785,0.02904389,1.10876885
d1,bull,100,price200+macd+body,495,0.26702396,0.29090909,0.02388513,1.08944939
d1,bull,100,price200+adx+di,691,0.26702396,0.26772793,0.00070397,1.00263636
d1,bull,100,price200+adx+volatility,368,0.26702396,0.35054348,0.08351952,1.31277912
d1,bull,100,price200+adx+bb,650,0.26702396,0.25846154,-0.00856242,0.96793388
d1,bull,100,price200+adx+body,327,0.26702396,0.32110092,0.05407696,1.20251725
d1,bull,100,price200+di+volatility,494,0.26702396,0.33400810,0.06698414,1.25085441
d1,bull,100,price200+di+bb,1425,0.26702396,0.28701754,0.01999358,1.07487562
d1,bull,100,price200+di+body,579,0.26702396,0.28324698,0.01622302,1.06075491
d1,bull,100,price200+volatility+bb,461,0.26702396,0.32971800,0.06269404,1.23478809
d1,bull,100,price200+volatility+body,276,0.26702396,0.34420290,0.07717894,1.28903376
d1,bull,100,price200+bb+body,526,0.26702396,0.27376426,0.00674030,1.02524230
d1,bull,100,momentum+macd+adx,459,0.26702396,0.23747277,-0.02955119,0.88933131
d1,bull,100,momentum+macd+di,1304,0.26702396,0.28680982,0.01978586,1.07409768
d1,bull,100,momentum+macd+volatility,480,0.26702396,0.32500000,0.05797604,1.21711924
d1,bull,100,momentum+macd+bb,1394,0.26702396,0.28120516,0.01418121,1.05310836
d1,bull,100,momentum+macd+body,506,0.26702396,0.28260870,0.01558474,1.05836456
d1,bull,100,momentum+adx+di,575,0.26702396,0.24347826,-0.02354570,0.91182178
d1,bull,100,momentum+adx+volatility,279,0.26702396,0.30824373,0.04121977,1.15436730
d1,bull,100,momentum+adx+bb,559,0.26702396,0.23434705,-0.03267691,0.87762555
d1,bull,100,momentum+adx+body,239,0.26702396,0.27615063,0.00912667,1.03417921
d1,bull,100,momentum+di+volatility,517,0.26702396,0.31914894,0.05212498,1.19520711
d1,bull,100,momentum+di+bb,1466,0.26702396,0.27626194,0.00923798,1.03459606
d1,bull,100,momentum+di+body,585,0.26702396,0.27692308,0.00989912,1.03707202
d1,bull,100,momentum+volatility+bb,515,0.26702396,0.31844660,0.05142264,1.19257688
d1,bull,100,momentum+volatility+body,231,0.26702396,0.29004329,0.02301933,1.08620698
d1,bull,100,momentum+bb+body,536,0.26702396,0.27425373,0.00722977,1.02707537
d1,bull,100,macd+adx+di,610,0.26702396,0.26393443,-0.00308953,0.98842975
d1,bull,100,macd+adx+volatility,333,0.26702396,0.32132132,0.05429736,1.20334266
d1,bull,100,macd+adx+bb,663,0.26702396,0.25942685,-0.00759711,0.97154895
d1,bull,100,macd+adx+body,277,0.26702396,0.28158845,0.01456449,1.05454375
d1,bull,100,macd+di+volatility,519,0.26702396,0.32755299,0.06052903,1.22668013
d1,bull,100,macd+di+bb,1564,0.26702396,0.29411765,0.02709369,1.10146538
d1,bull,100,macd+di+body,574,0.26702396,0.28048780,0.01346385,1.05042186
d1,bull,100,macd+volatility+bb,571,0.26702396,0.32749562,0.06047166,1.22646530
d1,bull,100,macd+volatility+body,244,0.26702396,0.29918033,0.03215637,1.12042503
d1,bull,100,macd+bb+body,586,0.26702396,0.28156997,0.01454601,1.05447454
d1,bull,100,adx+di+volatility,320,0.26702396,0.33750000,0.07047604,1.26393152
d1,bull,100,adx+di+bb,714,0.26702396,0.25910364,-0.00792032,0.97033855
d1,bull,100,adx+di+body,289,0.26702396,0.28719723,0.02017327,1.07554855
d1,bull,100,adx+volatility+bb,319,0.26702396,0.31661442,0.04959046,1.18571540
d1,bull,100,adx+volatility+body,239,0.26702396,0.38912134,0.12209738,1.45725252
d1,bull,100,adx+bb+body,264,0.26702396,0.26893939,0.00191543,1.00717327
d1,bull,100,di+volatility+bb,554,0.26702396,0.32129964,0.05427568,1.20326146
d1,bull,100,di+volatility+body,226,0.26702396,0.30973451,0.04271055,1.15995027
d1,bull,100,di+bb+body,602,0.26702396,0.27408638,0.00706242,1.02644863
d1,bull,100,volatility+bb+body,211,0.26702396,0.27962085,0.01259689,1.04717514
d1,bull,100,trend+price20+price200+momentum,905,0.26702396,0.27403315,0.00700919,1.02624929
d1,bull,100,trend+price20+price200+macd,927,0.26702396,0.30204962,0.03502566,1.13117049
d1,bull,100,trend+price20+price200+adx,538,0.26702396,0.27323420,0.00621024,1.02325724
d1,bull,100,trend+price20+price200+di,1090,0.26702396,0.28715596,0.02013200,1.07539400
d1,bull,100,trend+price20+price200+volatility,359,0.26702396,0.31476323,0.04773927,1.17878273
d1,bull,100,trend+price20+price200+bb,1092,0.26702396,0.28754579,0.02052183,1.07685388
d1,bull,100,trend+price20+price200+body,415,0.26702396,0.28192771,0.01490375,1.05581428
d1,bull,100,trend+price20+momentum+macd,678,0.26702396,0.29203540,0.02501144,1.09366739
d1,bull,100,trend+price20+momentum+adx,361,0.26702396,0.24376731,-0.02325665,0.91290427
d1,bull,100,trend+price20+momentum+di,843,0.26702396,0.27402135,0.00699739,1.02620511
d1,bull,100,trend+price20+momentum+volatility,273,0.26702396,0.30769231,0.04066835,1.15230224
d1,bull,100,trend+price20+momentum+bb,847,0.26702396,0.27390791,0.00688395,1.02578027
d1,bull,100,trend+price20+momentum+body,317,0.26702396,0.27760252,0.01057856,1.03961653
d1,bull,100,trend+price20+macd+adx,416,0.26702396,0.28125000,0.01422604,1.05327627
d1,bull,100,trend+price20+macd+di,891,0.26702396,0.30415264,0.03712868,1.13904624
d1,bull,100,trend+price20+macd+volatility,280,0.26702396,0.32857143,0.06154747,1.23049418
d1,bull,100,trend+price20+macd+bb,916,0.26702396,0.30349345,0.03646949,1.13657759
d1,bull,100,trend+price20+macd+body,338,0.26702396,0.29585799,0.02883403,1.10798293
d1,bull,100,trend+price20+adx+di,522,0.26702396,0.27203065,0.00500669,1.01874997
d1,bull,100,trend+price20+adx+volatility,218,0.26702396,0.33486239,0.06783843,1.25405370
d1,bull,100,trend+price20+adx+bb,510,0.26702396,0.27058824,0.00356428,1.01334815
d1,bull,100,trend+price20+adx+body,201,0.26702396,0.28358209,0.01655813,1.06200990
d1,bull,100,trend+price20+di+volatility,333,0.26702396,0.31231231,0.04528835,1.16960408
d1,bull,100,trend+price20+di+bb,1044,0.26702396,0.28831418,0.02129022,1.07973148
d1,bull,100,trend+price20+di+body,391,0.26702396,0.28644501,0.01942105,1.07273150
d1,bull,100,trend+price20+volatility+bb,334,0.26702396,0.31736527,0.05034131,1.18852731
d1,bull,100,trend+price20+volatility+body,134,0.26702396,0.23880597,-0.02821799,0.89432413
d1,bull,100,trend+price20+bb+body,386,0.26702396,0.27720207,0.01017811,1.03811685
d1,bull,100,trend+price200+momentum+macd,711,0.26702396,0.29676512,0.02974116,1.11138012
d1,bull,100,trend+price200+momentum+adx,422,0.26702396,0.25118483,-0.01583913,0.94068276
d1,bull,100,trend+price200+momentum+di,942,0.26702396,0.27600849,0.00898453,1.03364692
d1,bull,100,trend+price200+momentum+volatility,358,0.26702396,0.31284916,0.04582520,1.17161457
d1,bull,100,trend+price200+momentum+bb,867,0.26702396,0.27797001,0.01094605,1.04099277
d1,bull,100,trend+price200+momentum+body,409,0.26702396,0.27872861,0.01170465,1.04383369
d1,bull,100,trend+price200+macd+adx,422,0.26702396,0.28672986,0.01970590,1.07379824
d1,bull,100,trend+price200+macd+di,913,0.26702396,0.30668127,0.03965731,1.14851593
d1,bull,100,trend+price200+macd+volatility,296,0.26702396,0.34459459,0.07757063,1.29050065
d1,bull,100,trend+price200+macd+bb,933,0.26702396,0.30653805,0.03951409,1.14797957
d1,bull,100,trend+price200+macd+body,366,0.26702396,0.30874317,0.04171921,1.15623770
d1,bull,100,trend+price200+adx+di,566,0.26702396,0.27915194,0.01212798,1.04541908
d1,bull,100,trend+price200+adx+volatility,296,0.26702396,0.35810811,0.09108415,1.34110852
d1,bull,100,trend+price200+adx+bb,512,0.26702396,0.27148438,0.00446042,1.01670418
d1,bull,100,trend+price200+adx+body,271,0.26702396,0.33579336,0.06876940,1.25754018
d1,bull,100,trend+price200+di+volatility,385,0.26702396,0.32207792,0.05505396,1.20617611
d1,bull,100,trend+price200+di+bb,1059,0.26702396,0.29084042,0.02381646,1.08919221
d1,bull,100,trend+price200+di+body,455,0.26702396,0.29890110,0.03187714,1.11937932
d1,bull,100,trend+price200+volatility+bb,346,0.26702396,0.32369942,0.05667546,1.21224860
d1,bull,100,trend+price200+volatility+body,226,0.26702396,0.34070796,0.07368400,1.27594529
d1,bull,100,trend+price200+bb+body,400,0.26702396,0.28500000,0.01797604,1.06731995
d1,bull,100,trend+momentum+macd+adx,249,0.26702396,0.24899598,-0.01802798,0.93248555
d1,bull,100,trend+momentum+macd+di,671,0.26702396,0.29508197,0.02805801,1.10507674
d1,bull,100,trend+momentum+macd+volatility,213,0.26702396,0.34272300,0.07569905,1.28349158
d1,bull,100,trend+momentum+macd+bb,693,0.26702396,0.29581530,0.02879134,1.10782304
d1,bull,100,trend+momentum+macd+body,264,0.26702396,0.31060606,0.04358210,1.16321420
d1,bull,100,trend+momentum+adx+di,383,0.26702396,0.25065274,-0.01637122,0.93869008
d1,bull,100,trend+momentum+adx+volatility,176,0.26702396,0.32386364,0.05683968,1.21286358
d1,bull,100,trend+momentum+adx+bb,335,0.26702396,0.23880597,-0.02821799,0.89432413
d1,bull,100,trend+momentum+adx+body,162,0.26702396,0.29012346,0.02309950,1.08650721
d1,bull,100,trend+momentum+di+volatility,292,0.26702396,0.31506849,0.04804453,1.17992593
d1,bull,100,trend+momentum+di+bb,814,0.26702396,0.27764128,0.01061732,1.03976167
d1,bull,100,trend+momentum+di+body,354,0.26702396,0.29096045,0.02393649,1.08964174
d1,bull,100,trend+momentum+volatility+bb,260,0.26702396,0.31923077,0.05220681,1.19551358
d1,bull,100,trend+momentum+volatility+body,146,0.26702396,0.28082192,0.01379796,1.05167311
d1,bull,100,trend+momentum+bb+body,304,0.26702396,0.28289474,0.01587078,1.05943578
d1,bull,100,trend+macd+adx+di,412,0.26702396,0.28398058,0.01695662,1.06350225
d1,bull,100,trend+macd+adx+volatility,171,0.26702396,0.36257310,0.09554914,1.35782984
d1,bull,100,trend+macd+adx+bb,417,0.26702396,0.28297362,0.01594966,1.05973120
d1,bull,100,trend+macd+adx+body,165,0.26702396,0.30303030,0.03600634,1.13484312
d1,bull,100,trend+macd+di+volatility,279,0.26702396,0.32974910,0.06272514,1.23490455
d1,bull,100,trend+macd+di+bb,902,0.26702396,0.30709534,0.04007138,1.15006662
d1,bull,100,trend+macd+di+body,344,0.26702396,0.30523256,0.03820860,1.14309052
d1,bull,100,trend+macd+volatility+bb,289,0.26702396,0.33564014,0.06861618,1.25696637
d1,bull,100,trend+macd+volatility+body,122,0.26702396,0.26229508,-0.00472888,0.98229044
d1,bull,100,trend+macd+bb+body,347,0.26702396,0.30259366,0.03556970,1.13320790
d1,bull,100,trend+adx+di+volatility,235,0.26702396,0.35319149,0.08616753,1.32269587
d1,bull,100,trend+adx+di+bb,500,0.26702396,0.27200000,0.00497604,1.01863518
d1,bull,100,trend+adx+di+body,222,0.26702396,0.30630631,0.03928235,1.14711169
d1,bull,100,trend+adx+volatility+bb,203,0.26702396,0.33497537,0.06795141,1.25447683
d1,bull,100,trend+adx+volatility+body,135,0.26702396,0.37777778,0.11075382,1.41477109
d1,bull,100,trend+adx+bb+body,188,0.26702396,0.28191489,0.01489093,1.05576628
d1,bull,100,trend+di+volatility+bb,320,0.26702396,0.31875000,0.05172604,1.19371311
d1,bull,100,trend+di+volatility+body,154,0.26702396,0.29220779,0.02518383,1.09431301
d1,bull,100,trend+di+bb+body,381,0.26702396,0.28871391,0.02168995,1.08122848
d1,bull,100,trend+volatility+bb+body,129,0.26702396,0.24806202,-0.01896194,0.92898785
d1,bull,100,price20+price200+momentum+macd,992,0.26702396,0.28931452,0.02229056,1.08347774
d1,bull,100,price20+price200+momentum+adx,472,0.26702396,0.23940678,-0.02761718,0.89657415
d1,bull,100,price20+price200+momentum+di,1165,0.26702396,0.27896996,0.01194600,1.04473755
d1,bull,100,price20+price200+momentum+volatility,374,0.26702396,0.32085561,0.05383166,1.20159860
d1,bull,100,price20+price200+momentum+bb,1191,0.26702396,0.27371956,0.00669560,1.02507492
d1,bull,100,price20+price200+momentum+body,427,0.26702396,0.27634660,0.00932264,1.03491314
d1,bull,100,price20+price200+macd+adx,532,0.26702396,0.26315789,-0.00386606,0.98552166
d1,bull,100,price20+price200+macd+di,1226,0.26702396,0.29934747,0.03232351,1.12105098
d1,bull,100,price20+price200+macd+volatility,391,0.26702396,0.33759591,0.07057195,1.26429070
d1,bull,100,price20+price200+macd+bb,1272,0.26702396,0.29481132,0.02778736,1.10406318
d1,bull,100,price20+price200+macd+body,455,0.26702396,0.28131868,0.01429472,1.05353348
d1,bull,100,price20+price200+adx+di,646,0.26702396,0.26160991,-0.00541405,0.97972447
d1,bull,100,price20+price200+adx+volatility,266,0.26702396,0.32706767,0.06004371,1.22486263
d1,bull,100,price20+price200+adx+bb,644,0.26702396,0.25776398,-0.00925998,0.96532152
d1,bull,100,price20+price200+adx+body,243,0.26702396,0.27160494,0.00458098,1.01715568
d1,bull,100,price20+price200+di+volatility,440,0.26702396,0.32954545,0.06252149,1.23414189
d1,bull,100,price20+price200+di+bb,1407,0.26702396,0.28571429,0.01869033,1.06999494
d1,bull,100,price20+price200+di+body,507,0.26702396,0.27613412,0.00911016,1.03411740
d1,bull,100,price20+price200+volatility+bb,446,0.26702396,0.32511211,0.05808815,1.21753909
d1,bull,100,price20+price200+volatility+body,168,0.26702396,0.26190476,-0.00511920,0.98082870
d1,bull,100,price20+price200+bb+body,510,0.26702396,0.26862745,0.00160349,1.00600505
d1,bull,100,price20+momentum+macd+adx,436,0.26702396,0.22935780,-0.03766616,0.85894089
d1,bull,100,price20+momentum+macd+di,1244,0.26702396,0.28778135,0.02075739,1.07773606
d1,bull,100,price20+momentum+macd+volatility,432,0.26702396,0.31944444,0.05242048,1.19631379
d1,bull,100,price20+momentum+macd+bb,1336,0.26702396,0.27919162,0.01216766,1.04556766
d1,bull,100,price20+momentum+macd+body,442,0.26702396,0.28054299,0.01351903,1.05062852
d1,bull,100,price20+momentum+adx+di,526,0.26702396,0.23764259,-0.02938137,0.88996727
d1,bull,100,price20+momentum+adx+volatility,236,0.26702396,0.29237288,0.02534892,1.09493126
d1,bull,100,price20+momentum+adx+bb,545,0.26702396,0.22935780,-0.03766616,0.85894089
d1,bull,100,price20+momentum+adx+body,198,0.26702396,0.26262626,-0.00439770,0.98353070
d1,bull,100,price20+momentum+di+volatility,459,0.26702396,0.31590414,0.04888018,1.18305541
d1,bull,100,price20+momentum+di+bb,1430,0.26702396,0.27482517,0.00780122,1.02921541
d1,bull,100,price20+momentum+di+body,493,0.26702396,0.27991886,0.01289490,1.04829119
d1,bull,100,price20+momentum+volatility+bb,485,0.26702396,0.31134021,0.04431625,1.16596356
d1,bull,100,price20+momentum+volatility+body,170,0.26702396,0.26470588,-0.00231808,0.99131884
d1,bull,100,price20+momentum+bb+body,504,0.26702396,0.26587302,-0.00115094,0.99568974
d1,bull,100,price20+macd+adx+di,597,0.26702396,0.26298157,-0.00404239,0.98486134
d1,bull,100,price20+macd+adx+volatility,264,0.26702396,0.32575758,0.05873362,1.21995635
d1,bull,100,price20+macd+adx+bb,635,0.26702396,0.25669291,-0.01033105,0.96131041
d1,bull,100,price20+macd+adx+body,222,0.26702396,0.26576577,-0.00125819,0.99528809
d1,bull,100,price20+macd+di+volatility,493,0.26702396,0.32657201,0.05954805,1.22300639
d1,bull,100,price20+macd+di+bb,1530,0.26702396,0.29346405,0.02644009,1.09901768
d1,bull,100,price20+macd+di+body,524,0.26702396,0.27862595,0.01160199,1.04344926
d1,bull,100,price20+macd+volatility+bb,530,0.26702396,0.32264151,0.05561755,1.20828674
d1,bull,100,price20+macd+volatility+body,177,0.26702396,0.24858757,-0.01843639,0.93095605
d1,bull,100,price20+macd+bb+body,550,0.26702396,0.27272727,0.00570331,1.02135881
d1,bull,100,price20+adx+di+volatility,289,0.26702396,0.32179931,0.05477535,1.20513271
d1,bull,100,price20+adx+di+bb,707,0.26702396,0.25742574,-0.00959822,0.96405485
d1,bull,100,price20+adx+di+body,257,0.26702396,0.27626459,0.00924063,1.03460600
d1,bull,100,price20+adx+volatility+bb,300,0.26702396,0.31333333,0.04630937,1.17342778
d1,bull,100,price20+adx+volatility+body,108,0.26702396,0.26851852,0.00149456,1.00559710
d1,bull,100,price20+adx+bb+body,256,0.26702396,0.26171875,-0.00530521,0.98013208
d1,bull,100,price20+di+volatility+bb,539,0.26702396,0.31910946,0.05208550,1.19505928
d1,bull,100,price20+di+volatility+body,188,0.26702396,0.27659574,0.00957179,1.03584617
d1,bull,100,price20+di+bb+body,581,0.26702396,0.27022375,0.00319979,1.01198317
d1,bull,100,price20+volatility+bb+body,192,0.26702396,0.25000000,-0.01702396,0.93624557
d1,bull,100,price200+momentum+macd+adx,341,0.26702396,0.23753666,-0.02948730,0.88957057
d1,bull,100,price200+momentum+macd+di,965,0.26702396,0.29430052,0.02727656,1.10215023
d1,bull,100,price200+momentum+macd+volatility,312,0.26702396,0.34294872,0.07592476,1.28433688
d1,bull,100,price200+momentum+macd+bb,1009,0.26702396,0.28939544,0.02237148,1.08378080
d1,bull,100,price200+momentum+macd+body,369,0.26702396,0.29539295,0.02836899,1.10624138
d1,bull,100,price200+momentum+adx+di,482,0.26702396,0.24688797,-0.02013599,0.92459106
d1,bull,100,price200+momentum+adx+volatility,216,0.26702396,0.31481481,0.04779086,1.17897591
d1,bull,100,price200+momentum+adx+bb,444,0.26702396,0.23423423,-0.03278973,0.87720306
d1,bull,100,price200+momentum+adx+body,202,0.26702396,0.28217822,0.01515426,1.05675243
d1,bull,100,price200+momentum+di+volatility,383,0.26702396,0.33159269,0.06456873,1.24180875
d1,bull,100,price200+momentum+di+bb,1135,0.26702396,0.27929515,0.01227119,1.04595541
d1,bull,100,price200+momentum+di+body,459,0.26702396,0.28322440,0.01620044,1.06067037
d1,bull,100,price200+momentum+volatility+bb,357,0.26702396,0.32492997,0.05790601,1.21685699
d1,bull,100,price200+momentum+volatility+body,177,0.26702396,0.29378531,0.02676135,1.10022079
d1,bull,100,price200+momentum+bb+body,415,0.26702396,0.27710843,0.01008447,1.03776618
d1,bull,100,price200+macd+adx+di,518,0.26702396,0.26833977,0.00131581,1.00492768
d1,bull,100,price200+macd+adx+volatility,218,0.26702396,0.35321101,0.08618705,1.32276897
d1,bull,100,price200+macd+adx+bb,537,0.26702396,0.26443203,-0.00259193,0.99029327
d1,bull,100,price200+macd+adx+body,202,0.26702396,0.28217822,0.01515426,1.05675243
d1,bull,100,price200+macd+di+volatility,384,0.26702396,0.34375000,0.07672604,1.28733766
d1,bull,100,price200+macd+di+bb,1236,0.26702396,0.30016181,0.03313785,1.12410067
d1,bull,100,price200+macd+di+body,455,0.26702396,0.28571429,0.01869033,1.06999494
d1,bull,100,price200+macd+volatility+bb,402,0.26702396,0.34079602,0.07377206,1.27627506
d1,bull,100,price200+macd+volatility+body,158,0.26702396,0.28481013,0.01778617,1.06660888
d1,bull,100,price200+macd+bb+body,464,0.26702396,0.28448276,0.01745880,1.06538289
d1,bull,100,price200+adx+di+volatility,274,0.26702396,0.35036496,0.08334100,1.31211058
d1,bull,100,price200+adx+di+bb,624,0.26702396,0.26121795,-0.00580601,0.97825659
d1,bull,100,price200+adx+di+body,261,0.26702396,0.29118774,0.02416378,1.09049293
d1,bull,100,price200+adx+volatility+bb,249,0.26702396,0.32931727,0.06229331,1.23328734
d1,bull,100,price200+adx+volatility+body,150,0.26702396,0.37333333,0.10630937,1.39812672
d1,bull,100,price200+adx+bb+body,230,0.26702396,0.26956522,0.00254126,1.00951697
d1,bull,100,price200+di+volatility+bb,426,0.26702396,0.33098592,0.06396196,1.23953639
d1,bull,100,price200+di+volatility+body,186,0.26702396,0.30645161,0.03942765,1.14765586
d1,bull,100,price200+di+bb+body,498,0.26702396,0.27510040,0.00807644,1.03024613
d1,bull,100,price200+volatility+bb+body,163,0.26702396,0.26380368,-0.00322028,0.98794011
d1,bull,100,momentum+macd+adx+di,408,0.26702396,0.24019608,-0.02682788,0.89953006
d1,bull,100,momentum+macd+adx+volatility,196,0.26702396,0.31122449,0.04420053,1.16553020
d1,bull,100,momentum+macd+adx+bb,449,0.26702396,0.23608018,-0.03094378,0.88411609
d1,bull,100,momentum+macd+adx+body,161,0.26702396,0.27950311,0.01247915,1.04673418
d1,bull,100,momentum+macd+di+volatility,414,0.26702396,0.32608696,0.05906300,1.22118988
d1,bull,100,momentum+macd+di+bb,1274,0.26702396,0.28806907,0.02104511,1.07881358
d1,bull,100,momentum+macd+di+body,451,0.26702396,0.28603104,0.01900708,1.07118119
d1,bull,100,momentum+macd+volatility+bb,457,0.26702396,0.32603939,0.05901543,1.22101173
d1,bull,100,momentum+macd+volatility+body,170,0.26702396,0.29411765,0.02709369,1.10146538
d1,bull,100,momentum+macd+bb+body,470,0.26702396,0.28723404,0.02021008,1.07568640
d1,bull,100,momentum+adx+di+volatility,231,0.26702396,0.31601732,0.04899336,1.18347925
d1,bull,100,momentum+adx+di+bb,509,0.26702396,0.23772102,-0.02930294,0.89026102
d1,bull,100,momentum+adx+di+body,211,0.26702396,0.28436019,0.01733623,1.06492387
d1,bull,100,momentum+adx+volatility+bb,224,0.26702396,0.29464286,0.02761890,1.10343228
d1,bull,100,momentum+adx+volatility+body,100,0.26702396,0.31000000,0.04297604,1.16094451
d1,bull,100,momentum+adx+bb+body,189,0.26702396,0.26455026,-0.00247370,0.99073606
d1,bull,100,momentum+di+volatility+bb,450,0.26702396,0.31777778,0.05075382,1.19007215
d1,bull,100,momentum+di+volatility+body,183,0.26702396,0.31147541,0.04445145,1.16646989
d1,bull,100,momentum+di+bb+body,490,0.26702396,0.27755102,0.01052706,1.03942366
d1,bull,100,momentum+volatility+bb+body,172,0.26702396,0.28488372,0.01785976,1.06688449
d1,bull,100,macd+adx+di+volatility,249,0.26702396,0.33734940,0.07032544,1.26336752
d1,bull,100,macd+adx+di+bb,604,0.26702396,0.26490066,-0.00212330,0.99204829
d1,bull,100,macd+adx+di+body,220,0.26702396,0.27727273,0.01024877,1.03838145
d1,bull,100,macd+adx+volatility+bb,282,0.26702396,0.32978723,0.06276327,1.23504735
d1,bull,100,macd+adx+volatility+body,123,0.26702396,0.32520325,0.05817929,1.21788042
d1,bull,100,macd+adx+bb+body,229,0.26702396,0.27510917,0.00808521,1.03027897
d1,bull,100,macd+di+volatility+bb,505,0.26702396,0.32673267,0.05970871,1.22360808
d1,bull,100,macd+di+volatility+body,181,0.26702396,0.28176796,0.01474400,1.05521600
d1,bull,100,macd+di+bb+body,543,0.26702396,0.28176796,0.01474400,1.05521600
d1,bull,100,macd+volatility+bb+body,194,0.26702396,0.27835052,0.01132656,1.04241775
d1,bull,100,adx+di+volatility+bb,278,0.26702396,0.32374101,0.05671705,1.21240434
d1,bull,100,adx+di+volatility+body,115,0.26702396,0.33913043,0.07210648,1.27003747
d1,bull,100,adx+di+bb+body,248,0.26702396,0.27419355,0.00716959,1.02684998
d1,bull,100,adx+volatility+bb+body,104,0.26702396,0.27884615,0.01182219,1.04427391
d1,bull,100,di+volatility+bb+body,185,0.26702396,0.28108108,0.01405712,1.05264367
d1,bull,150,trend,1573,0.13398487,0.14494596,0.01096110,1.08180846
d1,bull,150,price20,1928,0.13398487,0.15093361,0.01694874,1.12649744
d1,bull,150,price200,2039,0.13398487,0.14369789,0.00971302,1.07249344
d1,bull,150,momentum,1976,0.13398487,0.13107287,-0.00291199,0.97826625
d1,bull,150,rsi_extreme,121,0.13398487,0.16528926,0.03130439,1.23364123
d1,bull,150,macd,1956,0.13398487,0.15286299,0.01887812,1.14089739
d1,bull,150,adx,1205,0.13398487,0.14107884,0.00709397,1.05294606
d1,bull,150,di,2005,0.13398487,0.14812968,0.01414481,1.10557019
d1,bull,150,volatility,1151,0.13398487,0.16507385,0.03108898,1.23203353
d1,bull,150,bb,1921,0.13398487,0.14992192,0.01593705,1.11894663
d1,bull,150,body,1293,0.13398487,0.14539830,0.01141343,1.08518448
d1,bull,150,trend+price20,1159,0.13398487,0.15703192,0.02304706,1.17201238
d1,bull,150,trend+price200,1524,0.13398487,0.14370079,0.00971592,1.07251505
d1,bull,150,trend+momentum,1101,0.13398487,0.13260672,-0.00137815,0.98971416
d1,bull,150,trend+macd,969,0.13398487,0.17234262,0.03835775,1.28628422
d1,bull,150,trend+adx,669,0.13398487,0.16292975,0.02894488,1.21603095
d1,bull,150,trend+di,1212,0.13398487,0.15264026,0.01865540,1.13923510
d1,bull,150,trend+volatility,544,0.13398487,0.16911765,0.03513278,1.26221453
d1,bull,150,trend+bb,1112,0.13398487,0.15827338,0.02428851,1.18127804
d1,bull,150,trend+body,642,0.13398487,0.15887850,0.02489364,1.18579439
d1,bull,150,price20+price200,1564,0.13398487,0.15601023,0.02202536,1.16438694
d1,bull,150,price20+momentum,1620,0.13398487,0.14197531,0.00799044,1.05963689
d1,bull,150,price20+macd,1646,0.13398487,0.15917375,0.02518889,1.18799800
d1,bull,150,price20+adx,781,0.13398487,0.14852753,0.01454266,1.10853958
d1,bull,150,price20+di,1778,0.13398487,0.15298088,0.01899601,1.14177728
d1,bull,150,price20+volatility,622,0.13398487,0.18488746,0.05090259,1.37991299
d1,bull,150,price20+bb,1841,0.13398487,0.14937534,0.01539047,1.11486724
d1,bull,150,price20+body,648,0.13398487,0.14351852,0.00953365,1.07115468
d1,bull,150,price200+momentum,1493,0.13398487,0.13529806,0.00131319,1.00980103
d1,bull,150,price200+macd,1362,0.13398487,0.16446402,0.03047916,1.22748208
d1,bull,150,price200+adx,834,0.13398487,0.14988010,0.01589523,1.11863450
d1,bull,150,price200+di,1587,0.13398487,0.15248897,0.01850411,1.13810593
d1,bull,150,price200+volatility,691,0.13398487,0.17800289,0.04401803,1.32852984
d1,bull,150,price200+bb,1509,0.13398487,0.15506958,0.02108471,1.15736639
d1,bull,150,price200+body,777,0.13398487,0.14671815,0.01273328,1.09503520
d1,bull,150,momentum+macd,1464,0.13398487,0.14754098,0.01355612,1.10117647
d1,bull,150,momentum+adx,665,0.13398487,0.12330827,-0.01067660,0.92031490
d1,bull,150,momentum+di,1648,0.13398487,0.13956311,0.00557824,1.04163335
d1,bull,150,momentum+volatility,654,0.13398487,0.15596330,0.02197844,1.16403670
d1,bull,150,momentum+bb,1609,0.13398487,0.14232443,0.00833956,1.06224253
d1,bull,150,momentum+body,696,0.13398487,0.13362069,-0.00036418,0.99728195
d1,bull,150,rsi_extreme+adx,64,0.13398487,0.17187500,0.03789013,1.28279412
d1,bull,150,rsi_extreme+volatility,76,0.13398487,0.21052632,0.07654145,1.57126935
d1,bull,150,rsi_extreme+body,70,0.13398487,0.18571429,0.05172942,1.38608403
d1,bull,150,macd+adx,753,0.13398487,0.15139442,0.01740955,1.12993672
d1,bull,150,macd+di,1622,0.13398487,0.16214550,0.02816063,1.21017770
d1,bull,150,macd+volatility,656,0.13398487,0.18902439,0.05503952,1.41078910
d1,bull,150,macd+bb,1701,0.13398487,0.15990594,0.02592107,1.19346267
d1,bull,150,macd+body,722,0.13398487,0.15512465,0.02113979,1.15777742
d1,bull,150,adx+di,788,0.13398487,0.14340102,0.00941615,1.07027769
d1,bull,150,adx+volatility,579,0.13398487,0.17789292,0.04390805,1.32770903
d1,bull,150,adx+bb,778,0.13398487,0.14267352,0.00868865,1.06484803
d1,bull,150,adx+body,487,0.13398487,0.16221766,0.02823279,1.21071627
d1,bull,150,di+volatility,636,0.13398487,0.17924528,0.04526042,1.33780244
d1,bull,150,di+bb,1761,0.13398487,0.15388984,0.01990497,1.14856131
d1,bull,150,di+body,724,0.13398487,0.15055249,0.01656762,1.12365291
d1,bull,150,volatility+bb,632,0.13398487,0.18196203,0.04797716,1.35807893
d1,bull,150,volatility+body,472,0.13398487,0.16101695,0.02703208,1.20175474
d1,bull,150,bb+body,653,0.13398487,0.15160796,0.01762310,1.13153049
d1,bull,150,trend+price20+price200,1159,0.13398487,0.15703192,0.02304706,1.17201238
d1,bull,150,trend+price20+momentum,905,0.13398487,0.14364641,0.00966154,1.07210920
d1,bull,150,trend+price20+macd,927,0.13398487,0.17367853,0.03969367,1.29625484
d1,bull,150,trend+price20+adx,538,0.13398487,0.17286245,0.03887759,1.29016401
d1,bull,150,trend+price20+di,1090,0.13398487,0.15779817,0.02381330,1.17773125
d1,bull,150,trend+price20+volatility,359,0.13398487,0.18941504,0.05543017,1.41370474
d1,bull,150,trend+price20+bb,1092,0.13398487,0.15659341,0.02260854,1.16873950
d1,bull,150,trend+price20+body,415,0.13398487,0.16385542,0.02987055,1.22293976
d1,bull,150,trend+price200+momentum,1096,0.13398487,0.13321168,-0.00077319,0.99422928
d1,bull,150,trend+price200+macd,967,0.13398487,0.17269907,0.03871420,1.28894458
d1,bull,150,trend+price200+adx,659,0.13398487,0.16236722,0.02838236,1.21183254
d1,bull,150,trend+price200+di,1204,0.13398487,0.15282392,0.01883905,1.14060582
d1,bull,150,trend+price200+volatility,532,0.13398487,0.16917293,0.03518806,1.26262716
d1,bull,150,trend+price200+bb,1112,0.13398487,0.15827338,0.02428851,1.18127804
d1,bull,150,trend+price200+body,610,0.13398487,0.15573770,0.02175284,1.16235294
d1,bull,150,trend+momentum+macd,712,0.13398487,0.16292135,0.02893648,1.21596827
d1,bull,150,trend+momentum+adx,422,0.13398487,0.13507109,0.00108622,1.00810705
d1,bull,150,trend+momentum+di,946,0.13398487,0.13847780,0.00449293,1.03353314
d1,bull,150,trend+momentum+volatility,359,0.13398487,0.15320334,0.01921848,1.14343765
d1,bull,150,trend+momentum+bb,867,0.13398487,0.14417532,0.01019045,1.07605672
d1,bull,150,trend+momentum+body,413,0.13398487,0.14769976,0.01371489,1.10236149
d1,bull,150,trend+macd+adx,422,0.13398487,0.18957346,0.05558859,1.41488709
d1,bull,150,trend+macd+di,914,0.13398487,0.17614880,0.04216393,1.31469172
d1,bull,150,trend+macd+volatility,297,0.13398487,0.20875421,0.07476934,1.55804318
d1,bull,150,trend+macd+bb,933,0.13398487,0.17684887,0.04286401,1.31991678
d1,bull,150,trend+macd+body,368,0.13398487,0.18206522,0.04808035,1.35884910
d1,bull,150,trend+adx+di,566,0.13398487,0.16607774,0.03209287,1.23952609
d1,bull,150,trend+adx+volatility,301,0.13398487,0.18936877,0.05538390,1.41335939
d1,bull,150,trend+adx+bb,512,0.13398487,0.16796875,0.03398388,1.25363971
d1,bull,150,trend+adx+body,276,0.13398487,0.17028986,0.03630499,1.27096334
d1,bull,150,trend+di+volatility,386,0.13398487,0.17875648,0.04477161,1.33415422
d1,bull,150,trend+di+bb,1059,0.13398487,0.15864023,0.02465536,1.18401600
d1,bull,150,trend+di+body,462,0.13398487,0.16666667,0.03268180,1.24392157
d1,bull,150,trend+volatility+bb,346,0.13398487,0.19364162,0.05965675,1.44524991
d1,bull,150,trend+volatility+body,233,0.13398487,0.15450644,0.02052157,1.15316334
d1,bull,150,trend+bb+body,400,0.13398487,0.17250000,0.03851513,1.28745882
d1,bull,150,price20+price200+momentum,1260,0.13398487,0.14523810,0.01125323,1.08398880
d1,bull,150,price20+price200+macd,1291,0.13398487,0.16731216,0.03332729,1.24873924
d1,bull,150,price20+price200+adx,675,0.13398487,0.15555556,0.02157069,1.16099346
d1,bull,150,price20+price200+di,1459,0.13398487,0.15695682,0.02297195,1.17145184
d1,bull,150,price20+price200+volatility,477,0.13398487,0.19706499,0.06308012,1.47080035
d1,bull,150,price20+price200+bb,1481,0.13398487,0.15395003,0.01996517,1.14901060
d1,bull,150,price20+price200+body,541,0.13398487,0.14972274,0.01573787,1.11746004
d1,bull,150,price20+momentum+macd,1343,0.13398487,0.15040953,0.01642466,1.12258596
d1,bull,150,price20+momentum+adx,576,0.13398487,0.12673611,-0.00724876,0.94589869
d1,bull,150,price20+momentum+di,1480,0.13398487,0.14391892,0.00993405,1.07414308
d1,bull,150,price20+momentum+volatility,518,0.13398487,0.17374517,0.03976031,1.29675221
d1,bull,150,price20+momentum+bb,1547,0.13398487,0.14027149,0.00628663,1.04692042
d1,bull,150,price20+momentum+body,533,0.13398487,0.14071295,0.00672808,1.05021521
d1,bull,150,price20+macd+adx,636,0.13398487,0.15251572,0.01853086,1.13830559
d1,bull,150,price20+macd+di,1537,0.13398487,0.16265452,0.02866965,1.21397681
d1,bull,150,price20+macd+volatility,533,0.13398487,0.19136961,0.05738474,1.42829268
d1,bull,150,price20+macd+bb,1625,0.13398487,0.15938462,0.02539975,1.18957176
d1,bull,150,price20+macd+body,556,0.13398487,0.14928058,0.01529571,1.11415997
d1,bull,150,price20+adx+di,731,0.13398487,0.14500684,0.01102197,1.08226281
d1,bull,150,price20+adx+volatility,320,0.13398487,0.18750000,0.05351513,1.39941176
d1,bull,150,price20+adx+bb,750,0.13398487,0.14266667,0.00868180,1.06479686
d1,bull,150,price20+adx+body,271,0.13398487,0.14391144,0.00992657,1.07408726
d1,bull,150,price20+di+volatility,563,0.13398487,0.18650089,0.05251602,1.39195486
d1,bull,150,price20+di+bb,1724,0.13398487,0.15197216,0.01798729,1.13424867
d1,bull,150,price20+di+body,605,0.13398487,0.14710744,0.01312257,1.09794069
d1,bull,150,price20+volatility+bb,589,0.13398487,0.18336163,0.04937676,1.36852492
d1,bull,150,price20+volatility+body,205,0.13398487,0.12195122,-0.01203365,0.91018651
d1,bull,150,price20+bb+body,616,0.13398487,0.14448052,0.01049565,1.07833461
d1,bull,150,price200+momentum+macd,1042,0.13398487,0.15642994,0.02244507,1.16751948
d1,bull,150,price200+momentum+adx,541,0.13398487,0.12384473,-0.01014014,0.92431880
d1,bull,150,price200+momentum+di,1276,0.13398487,0.14184953,0.00786466,1.05869814
d1,bull,150,price200+momentum+volatility,468,0.13398487,0.16452991,0.03054505,1.22797386
d1,bull,150,price200+momentum+bb,1216,0.13398487,0.14473684,0.01075197,1.08024768
d1,bull,150,price200+momentum+body,532,0.13398487,0.14097744,0.00699258,1.05218930
d1,bull,150,price200+macd+adx,545,0.13398487,0.16146789,0.02748302,1.20512035
d1,bull,150,price200+macd+di,1257,0.13398487,0.17024662,0.03626175,1.27064065
d1,bull,150,price200+macd+volatility,416,0.13398487,0.20673077,0.07274590,1.54294118
d1,bull,150,price200+macd+bb,1297,0.13398487,0.16885120,0.03486633,1.26022586
d1,bull,150,price200+macd+body,495,0.13398487,0.16161616,0.02763129,1.20622698
d1,bull,150,price200+adx+di,691,0.13398487,0.14905933,0.01507447,1.11250873
d1,bull,150,price200+adx+volatility,368,0.13398487,0.19021739,0.05623252,1.41969309
d1,bull,150,price200+adx+bb,650,0.13398487,0.14769231,0.01370744,1.10230588
d1,bull,150,price200+adx+body,327,0.13398487,0.15902141,0.02503654,1.18686095
d1,bull,150,price200+di+volatility,494,0.13398487,0.18623482,0.05224995,1.38996904
d1,bull,150,price200+di+bb,1425,0.13398487,0.15719298,0.02320811,1.17321445
d1,bull,150,price200+di+body,579,0.13398487,0.15371330,0.01972843,1.14724373
d1,bull,150,price200+volatility+bb,461,0.13398487,0.19522777,0.06124290,1.45708817
d1,bull,150,price200+volatility+body,276,0.13398487,0.15217391,0.01818905,1.13575448
d1,bull,150,price200+bb+body,526,0.13398487,0.15779468,0.02380981,1.17770521
d1,bull,150,momentum+macd+adx,459,0.13398487,0.13071895,-0.00326591,0.97562476
d1,bull,150,momentum+macd+di,1304,0.13398487,0.15490798,0.02092311,1.15616023
d1,bull,150,momentum+macd+volatility,480,0.13398487,0.17916667,0.04518180,1.33721569
d1,bull,150,momentum+macd+bb,1394,0.13398487,0.15351506,0.01953020,1.14576420
d1,bull,150,momentum+macd+body,506,0.13398487,0.15019763,0.01621276,1.12100442
d1,bull,150,momentum+adx+di,575,0.13398487,0.12000000,-0.01398487,0.89562353
d1,bull,150,momentum+adx+volatility,279,0.13398487,0.16487455,0.03088968,1.23054607
d1,bull,150,momentum+adx+bb,559,0.13398487,0.11985689,-0.01412798,0.89455540
d1,bull,150,momentum+adx+body,239,0.13398487,0.12970711,-0.00427775,0.96807285
d1,bull,150,momentum+di+volatility,517,0.13398487,0.16827853,0.03429366,1.25595176
d1,bull,150,momentum+di+bb,1466,0.13398487,0.14529332,0.01130845,1.08440093
d1,bull,150,momentum+di+body,585,0.13398487,0.14700855,0.01302368,1.09720261
d1,bull,150,momentum+volatility+bb,515,0.13398487,0.17281553,0.03883067,1.28981382
d1,bull,150,momentum+volatility+body,231,0.13398487,0.11688312,-0.01710175,0.87236058
d1,bull,150,momentum+bb+body,536,0.13398487,0.15111940,0.01713454,1.12788411
d1,bull,150,macd+adx+di,610,0.13398487,0.15409836,0.02011349,1.15011765
d1,bull,150,macd+adx+volatility,333,0.13398487,0.19519520,0.06121033,1.45684508
d1,bull,150,macd+adx+bb,663,0.13398487,0.15233786,0.01835299,1.13697809
d1,bull,150,macd+adx+body,277,0.13398487,0.16245487,0.02847001,1.21248673
d1,bull,150,macd+di+volatility,519,0.13398487,0.19653179,0.06254692,1.46682081
d1,bull,150,macd+di+bb,1564,0.13398487,0.16496164,0.03097677,1.23119603
d1,bull,150,macd+di+body,574,0.13398487,0.15679443,0.02280956,1.17023980
d1,bull,150,macd+volatility+bb,571,0.13398487,0.19089317,0.05690830,1.42473679
d1,bull,150,macd+volatility+body,244,0.13398487,0.14754098,0.01355612,1.10117647
d1,bull,150,macd+bb+body,586,0.13398487,0.15699659,0.02301172,1.17174864
d1,bull,150,adx+di+volatility,320,0.13398487,0.17812500,0.04414013,1.32944118
d1,bull,150,adx+di+bb,714,0.13398487,0.14285714,0.00887228,1.06621849
d1,bull,150,adx+di+body,289,0.13398487,0.14878893,0.01480406,1.11049054
d1,bull,150,adx+volatility+bb,319,0.13398487,0.17868339,0.04469852,1.33360870
d1,bull,150,adx+volatility+body,239,0.13398487,0.20083682,0.06685195,1.49895151
d1,bull,150,adx+bb+body,264,0.13398487,0.14772727,0.01374241,1.10256684
d1,bull,150,di+volatility+bb,554,0.13398487,0.18772563,0.05374076,1.40109577
d1,bull,150,di+volatility+body,226,0.13398487,0.13274336,-0.00124150,0.99073399
d1,bull,150,di+bb+body,602,0.13398487,0.15448505,0.02050018,1.15300371
d1,bull,150,volatility+bb+body,211,0.13398487,0.13270142,-0.00128345,0.99042096
d1,bull,150,trend+price20+price200+momentum,905,0.13398487,0.14364641,0.00966154,1.07210920
d1,bull,150,trend+price20+price200+macd,927,0.13398487,0.17367853,0.03969367,1.29625484
d1,bull,150,trend+price20+price200+adx,538,0.13398487,0.17286245,0.03887759,1.29016401
d1,bull,150,trend+price20+price200+di,1090,0.13398487,0.15779817,0.02381330,1.17773125
d1,bull,150,trend+price20+price200+volatility,359,0.13398487,0.18941504,0.05543017,1.41370474
d1,bull,150,trend+price20+price200+bb,1092,0.13398487,0.15659341,0.02260854,1.16873950
d1,bull,150,trend+price20+price200+body,415,0.13398487,0.16385542,0.02987055,1.22293976
d1,bull,150,trend+price20+momentum+macd,678,0.13398487,0.16224189,0.02825702,1.21089710
d1,bull,150,trend+price20+momentum+adx,361,0.13398487,0.14404432,0.01005945,1.07507903
d1,bull,150,trend+price20+momentum+di,843,0.13398487,0.14353499,0.00955013,1.07127765
d1,bull,150,trend+price20+momentum+volatility,273,0.13398487,0.17216117,0.03817630,1.28492997
d1,bull,150,trend+price20+momentum+bb,847,0.13398487,0.14167651,0.00769164,1.05740676
d1,bull,150,trend+price20+momentum+body,317,0.13398487,0.15772871,0.02374384,1.17721284
d1,bull,150,trend+price20+macd+adx,416,0.13398487,0.18990385,0.05591898,1.41735294
d1,bull,150,trend+price20+macd+di,891,0.13398487,0.17508418,0.04109931,1.30674589
d1,bull,150,trend+price20+macd+volatility,280,0.13398487,0.20714286,0.07315799,1.54601681
d1,bull,150,trend+price20+macd+bb,916,0.13398487,0.17467249,0.04068762,1.30367326
d1,bull,150,trend+price20+macd+body,338,0.13398487,0.18047337,0.04648851,1.34696833
d1,bull,150,trend+price20+adx+di,522,0.13398487,0.17049808,0.03651322,1.27251747
d1,bull,150,trend+price20+adx+volatility,218,0.13398487,0.20642202,0.07243715,1.54063681
d1,bull,150,trend+price20+adx+bb,510,0.13398487,0.16862745,0.03464258,1.25855594
d1,bull,150,trend+price20+adx+body,201,0.13398487,0.16915423,0.03516936,1.26248756
d1,bull,150,trend+price20+di+volatility,333,0.13398487,0.18918919,0.05520432,1.41201908
d1,bull,150,trend+price20+di+bb,1044,0.13398487,0.15708812,0.02310326,1.17243182
d1,bull,150,trend+price20+di+body,391,0.13398487,0.16624041,0.03225554,1.24074018
d1,bull,150,trend+price20+volatility+bb,334,0.13398487,0.19161677,0.05763190,1.43013737
d1,bull,150,trend+price20+volatility+body,134,0.13398487,0.14179104,0.00780618,1.05826163
d1,bull,150,trend+price20+bb+body,386,0.13398487,0.16580311,0.03181824,1.23747638
d1,bull,150,trend+price200+momentum+macd,711,0.13398487,0.16315049,0.02916562,1.21767850
d1,bull,150,trend+price200+momentum+adx,422,0.13398487,0.13507109,0.00108622,1.00810705
d1,bull,150,trend+price200+momentum+di,942,0.13398487,0.13906582,0.00508095,1.03792182
d1,bull,150,trend+price200+momentum+volatility,358,0.13398487,0.15363128,0.01964642,1.14663161
d1,bull,150,trend+price200+momentum+bb,867,0.13398487,0.14417532,0.01019045,1.07605672
d1,bull,150,trend+price200+momentum+body,409,0.13398487,0.14914425,0.01515939,1.11314253
d1,bull,150,trend+price200+macd+adx,422,0.13398487,0.18957346,0.05558859,1.41488709
d1,bull,150,trend+price200+macd+di,913,0.13398487,0.17634173,0.04235686,1.31613169
d1,bull,150,trend+price200+macd+volatility,296,0.13398487,0.20945946,0.07547459,1.56330684
d1,bull,150,trend+price200+macd+bb,933,0.13398487,0.17684887,0.04286401,1.31991678
d1,bull,150,trend+price200+macd+body,366,0.13398487,0.18306011,0.04907524,1.36627451
d1,bull,150,trend+price200+adx+di,566,0.13398487,0.16607774,0.03209287,1.23952609
d1,bull,150,trend+price200+adx+volatility,296,0.13398487,0.18918919,0.05520432,1.41201908
d1,bull,150,trend+price200+adx+bb,512,0.13398487,0.16796875,0.03398388,1.25363971
d1,bull,150,trend+price200+adx+body,271,0.13398487,0.16974170,0.03575683,1.26687215
d1,bull,150,trend+price200+di+volatility,385,0.13398487,0.17922078,0.04523591,1.33761956
d1,bull,150,trend+price200+di+bb,1059,0.13398487,0.15864023,0.02465536,1.18401600
d1,bull,150,trend+price200+di+body,455,0.13398487,0.16703297,0.03304810,1.24665546
d1,bull,150,trend+price200+volatility+bb,346,0.13398487,0.19364162,0.05965675,1.44524991
d1,bull,150,trend+price200+volatility+body,226,0.13398487,0.15486726,0.02088239,1.15585632
d1,bull,150,trend+price200+bb+body,400,0.13398487,0.17250000,0.03851513,1.28745882
d1,bull,150,trend+momentum+macd+adx,249,0.13398487,0.16064257,0.02665770,1.19896055
d1,bull,150,trend+momentum+macd+di,671,0.13398487,0.16542474,0.03143987,1.23465241
d1,bull,150,trend+momentum+macd+volatility,213,0.13398487,0.19718310,0.06319823,1.47168186
d1,bull,150,trend+momentum+macd+bb,693,0.13398487,0.16594517,0.03196030,1.23853663
d1,bull,150,trend+momentum+macd+body,264,0.13398487,0.18939394,0.05540907,1.41354724
d1,bull,150,trend+momentum+adx+di,383,0.13398487,0.13577023,0.00178537,1.01332514
d1,bull,150,trend+momentum+adx+volatility,176,0.13398487,0.16477273,0.03078786,1.22978610
d1,bull,150,trend+momentum+adx+bb,335,0.13398487,0.13432836,0.00034349,1.00256365
d1,bull,150,trend+momentum+adx+body,162,0.13398487,0.14814815,0.01416328,1.10570806
d1,bull,150,trend+momentum+di+volatility,292,0.13398487,0.16095890,0.02697404,1.20132151
d1,bull,150,trend+momentum+di+bb,814,0.13398487,0.14373464,0.00974978,1.07276774
d1,bull,150,trend+momentum+di+body,354,0.13398487,0.16101695,0.02703208,1.20175474
d1,bull,150,trend+momentum+volatility+bb,260,0.13398487,0.17692308,0.04293821,1.32047059
d1,bull,150,trend+momentum+volatility+body,146,0.13398487,0.13698630,0.00300143,1.02240129
d1,bull,150,trend+momentum+bb+body,304,0.13398487,0.17105263,0.03706776,1.27665635
d1,bull,150,trend+macd+adx+di,412,0.13398487,0.18932039,0.05533552,1.41299829
d1,bull,150,trend+macd+adx+volatility,171,0.13398487,0.22222222,0.08823735,1.65856209
d1,bull,150,trend+macd+adx+bb,417,0.13398487,0.18944844,0.05546357,1.41395401
d1,bull,150,trend+macd+adx+body,165,0.13398487,0.18181818,0.04783331,1.35700535
d1,bull,150,trend+macd+di+volatility,279,0.13398487,0.20788530,0.07390044,1.55155809
d1,bull,150,trend+macd+di+bb,902,0.13398487,0.17738359,0.04339872,1.32390766
d1,bull,150,trend+macd+di+body,344,0.13398487,0.18604651,0.05206164,1.38856361
d1,bull,150,trend+macd+volatility+bb,289,0.13398487,0.21107266,0.07708780,1.57534704
d1,bull,150,trend+macd+volatility+body,122,0.13398487,0.14754098,0.01355612,1.10117647
d1,bull,150,trend+macd+bb+body,347,0.13398487,0.18731988,0.05333502,1.39806747
d1,bull,150,trend+adx+di+volatility,235,0.13398487,0.19574468,0.06175981,1.46094618
d1,bull,150,trend+adx+di+bb,500,0.13398487,0.16600000,0.03201513,1.23894588
d1,bull,150,trend+adx+di+body,222,0.13398487,0.16666667,0.03268180,1.24392157
d1,bull,150,trend+adx+volatility+bb,203,0.13398487,0.20197044,0.06798558,1.50741234
d1,bull,150,trend+adx+volatility+body,135,0.13398487,0.17777778,0.04379291,1.32684967
d1,bull,150,trend+adx+bb+body,188,0.13398487,0.16489362,0.03090875,1.23068836
d1,bull,150,trend+di+volatility+bb,320,0.13398487,0.19062500,0.05664013,1.42273529
d1,bull,150,trend+di+volatility+body,154,0.13398487,0.14935065,0.01536578,1.11468296
d1,bull,150,trend+di+bb+body,381,0.13398487,0.17322835,0.03924348,1.29289486
d1,bull,150,trend+volatility+bb+body,129,0.13398487,0.15503876,0.02105389,1.15713634
d1,bull,150,price20+price200+momentum+macd,992,0.13398487,0.15725806,0.02327320,1.17370019
d1,bull,150,price20+price200+momentum+adx,472,0.13398487,0.13135593,-0.00262894,0.98037886
d1,bull,150,price20+price200+momentum+di,1165,0.13398487,0.14592275,0.01193788,1.08909871
d1,bull,150,price20+price200+momentum+volatility,374,0.13398487,0.18449198,0.05050711,1.37696131
d1,bull,150,price20+price200+momentum+bb,1191,0.13398487,0.14273720,0.00875233,1.06532326
d1,bull,150,price20+price200+momentum+body,427,0.13398487,0.14754098,0.01355612,1.10117647
d1,bull,150,price20+price200+macd+adx,532,0.13398487,0.16165414,0.02766927,1.20651039
d1,bull,150,price20+price200+macd+di,1226,0.13398487,0.16965742,0.03567255,1.26624316
d1,bull,150,price20+price200+macd+volatility,391,0.13398487,0.20716113,0.07317626,1.54615315
d1,bull,150,price20+price200+macd+bb,1272,0.13398487,0.16745283,0.03346796,1.24978912
d1,bull,150,price20+price200+macd+body,455,0.13398487,0.15824176,0.02425689,1.18104202
d1,bull,150,price20+price200+adx+di,646,0.13398487,0.15170279,0.01771792,1.13223821
d1,bull,150,price20+price200+adx+volatility,266,0.13398487,0.19924812,0.06526325,1.48709421
d1,bull,150,price20+price200+adx+bb,644,0.13398487,0.14906832,0.01508346,1.11257581
d1,bull,150,price20+price200+adx+body,243,0.13398487,0.15226337,0.01827851,1.13642217
d1,bull,150,price20+price200+di+volatility,440,0.13398487,0.19545455,0.06146968,1.45878075
d1,bull,150,price20+price200+di+bb,1407,0.13398487,0.15565032,0.02166545,1.16170074
d1,bull,150,price20+price200+di+body,507,0.13398487,0.15187377,0.01788890,1.13351433
d1,bull,150,price20+price200+volatility+bb,446,0.13398487,0.19506726,0.06108240,1.45589027
d1,bull,150,price20+price200+volatility+body,168,0.13398487,0.13095238,-0.00303249,0.97736695
d1,bull,150,price20+price200+bb+body,510,0.13398487,0.15098039,0.01699552,1.12684660
d1,bull,150,price20+momentum+macd+adx,436,0.13398487,0.12614679,-0.00783808,0.94150027
d1,bull,150,price20+momentum+macd+di,1244,0.13398487,0.15434084,0.02035597,1.15192737
d1,bull,150,price20+momentum+macd+volatility,432,0.13398487,0.18055556,0.04657069,1.34758170
d1,bull,150,price20+momentum+macd+bb,1336,0.13398487,0.15119760,0.01721274,1.12846777
d1,bull,150,price20+momentum+macd+body,442,0.13398487,0.14932127,0.01533640,1.11446367
d1,bull,150,price20+momentum+adx+di,526,0.13398487,0.11977186,-0.01421300,0.89392082
d1,bull,150,price20+momentum+adx+volatility,236,0.13398487,0.16949153,0.03550666,1.26500499
d1,bull,150,price20+momentum+adx+bb,545,0.13398487,0.11743119,-0.01655367,0.87645116
d1,bull,150,price20+momentum+adx+body,198,0.13398487,0.13131313,-0.00267174,0.98005942
d1,bull,150,price20+momentum+di+volatility,459,0.13398487,0.17429194,0.04030707,1.30083301
d1,bull,150,price20+momentum+di+bb,1430,0.13398487,0.14265734,0.00867248,1.06472727
d1,bull,150,price20+momentum+di+body,493,0.13398487,0.14604462,0.01205976,1.09000835
d1,bull,150,price20+momentum+volatility+bb,485,0.13398487,0.17113402,0.03714915,1.27726380
d1,bull,150,price20+momentum+volatility+body,170,0.13398487,0.11764706,-0.01633781,0.87806228
d1,bull,150,price20+momentum+bb+body,504,0.13398487,0.14285714,0.00887228,1.06621849
d1,bull,150,price20+macd+adx+di,597,0.13398487,0.15242881,0.01844394,1.13765691
d1,bull,150,price20+macd+adx+volatility,264,0.13398487,0.18939394,0.05540907,1.41354724
d1,bull,150,price20+macd+adx+bb,635,0.13398487,0.15275591,0.01877104,1.14009819
d1,bull,150,price20+macd+adx+body,222,0.13398487,0.14414414,0.01015928,1.07582406
d1,bull,150,price20+macd+di+volatility,493,0.13398487,0.19472617,0.06074130,1.45334447
d1,bull,150,price20+macd+di+bb,1530,0.13398487,0.16274510,0.02876023,1.21465283
d1,bull,150,price20+macd+di+body,524,0.13398487,0.15267176,0.01868689,1.13947014
d1,bull,150,price20+macd+volatility+bb,530,0.13398487,0.19245283,0.05846796,1.43637736
d1,bull,150,price20+macd+volatility+body,177,0.13398487,0.11299435,-0.02099052,0.84333666
d1,bull,150,price20+macd+bb+body,550,0.13398487,0.14909091,0.01510604,1.11274439
d1,bull,150,price20+adx+di+volatility,289,0.13398487,0.18339100,0.04940614,1.36874415
d1,bull,150,price20+adx+di+bb,707,0.13398487,0.14144272,0.00745785,1.05566187
d1,bull,150,price20+adx+di+body,257,0.13398487,0.14396887,0.00998400,1.07451591
d1,bull,150,price20+adx+volatility+bb,300,0.13398487,0.18000000,0.04601513,1.34343529
d1,bull,150,price20+adx+volatility+body,108,0.13398487,0.15740741,0.02342254,1.17481481
d1,bull,150,price20+adx+bb+body,256,0.13398487,0.14062500,0.00664013,1.04955882
d1,bull,150,price20+di+volatility+bb,539,0.13398487,0.18552876,0.05154389,1.38469933
d1,bull,150,price20+di+volatility+body,188,0.13398487,0.11702128,-0.01696359,0.87339174
d1,bull,150,price20+di+bb+body,581,0.13398487,0.14802065,0.01403579,1.10475651
d1,bull,150,price20+volatility+bb+body,192,0.13398487,0.11979167,-0.01419320,0.89406863
d1,bull,150,price200+momentum+macd+adx,341,0.13398487,0.13196481,-0.00202006,0.98492324
d1,bull,150,price200+momentum+macd+di,965,0.13398487,0.16165803,0.02767316,1.20653947
d1,bull,150,price200+momentum+macd+volatility,312,0.13398487,0.19551282,0.06152795,1.45921569
d1,bull,150,price200+momentum+macd+bb,1009,0.13398487,0.16055500,0.02657014,1.19830700
d1,bull,150,price200+momentum+macd+body,369,0.13398487,0.16802168,0.03403681,1.25403475
d1,bull,150,price200+momentum+adx+di,482,0.13398487,0.12240664,-0.01157823,0.91358555
d1,bull,150,price200+momentum+adx+volatility,216,0.13398487,0.16666667,0.03268180,1.24392157
d1,bull,150,price200+momentum+adx+bb,444,0.13398487,0.11936937,-0.01461550,0.89091680
d1,bull,150,price200+momentum+adx+body,202,0.13398487,0.13366337,-0.00032150,0.99760047
d1,bull,150,price200+momentum+di+volatility,383,0.13398487,0.17232376,0.03833889,1.28614345
d1,bull,150,price200+momentum+di+bb,1135,0.13398487,0.14625551,0.01227064,1.09158228
d1,bull,150,price200+momentum+di+body,459,0.13398487,0.15250545,0.01852058,1.13822889
d1,bull,150,price200+momentum+volatility+bb,357,0.13398487,0.18207283,0.04808796,1.35890592
d1,bull,150,price200+momentum+volatility+body,177,0.13398487,0.12994350,-0.00404136,0.96983716
d1,bull,150,price200+momentum+bb+body,415,0.13398487,0.15903614,0.02505128,1.18697094
d1,bull,150,price200+macd+adx+di,518,0.13398487,0.16216216,0.02817729,1.21030207
d1,bull,150,price200+macd+adx+volatility,218,0.13398487,0.20642202,0.07243715,1.54063681
d1,bull,150,price200+macd+adx+bb,537,0.13398487,0.16014898,0.02616411,1.19527659
d1,bull,150,price200+macd+adx+body,202,0.13398487,0.15841584,0.02443097,1.18234129
d1,bull,150,price200+macd+di+volatility,384,0.13398487,0.20833333,0.07434847,1.55490196
d1,bull,150,price200+macd+di+bb,1236,0.13398487,0.17152104,0.03753617,1.28015229
d1,bull,150,price200+macd+di+body,455,0.13398487,0.16483516,0.03085030,1.23025210
d1,bull,150,price200+macd+volatility+bb,402,0.13398487,0.20895522,0.07497036,1.55954346
d1,bull,150,price200+macd+volatility+body,158,0.13398487,0.13924051,0.00525564,1.03922561
d1,bull,150,price200+macd+bb+body,464,0.13398487,0.16594828,0.03196341,1.23855984
d1,bull,150,price200+adx+di+volatility,274,0.13398487,0.18613139,0.05214652,1.38919708
d1,bull,150,price200+adx+di+bb,624,0.13398487,0.14743590,0.01345103,1.10039216
d1,bull,150,price200+adx+di+body,261,0.13398487,0.14942529,0.01544042,1.11524003
d1,bull,150,price200+adx+volatility+bb,249,0.13398487,0.18875502,0.05477015,1.40877864
d1,bull,150,price200+adx+volatility+body,150,0.13398487,0.18666667,0.05268180,1.39319216
d1,bull,150,price200+adx+bb+body,230,0.13398487,0.14782609,0.01384122,1.10330435
d1,bull,150,price200+di+volatility+bb,426,0.13398487,0.19483568,0.06085081,1.45416183
d1,bull,150,price200+di+volatility+body,186,0.13398487,0.13440860,0.00042373,1.00316256
d1,bull,150,price200+di+bb+body,498,0.13398487,0.15863454,0.02464967,1.18397354
d1,bull,150,price200+volatility+bb+body,163,0.13398487,0.14110429,0.00711943,1.05313605
d1,bull,150,momentum+macd+adx+di,408,0.13398487,0.12745098,-0.00653389,0.95123414
d1,bull,150,momentum+macd+adx+volatility,196,0.13398487,0.17857143,0.04458656,1.33277311
d1,bull,150,momentum+macd+adx+bb,449,0.13398487,0.12917595,-0.00480892,0.96410848
d1,bull,150,momentum+macd+adx+body,161,0.13398487,0.14285714,0.00887228,1.06621849
d1,bull,150,momentum+macd+di+volatility,414,0.13398487,0.18599034,0.05200547,1.38814436
d1,bull,150,momentum+macd+di+bb,1274,0.13398487,0.15777080,0.02378593,1.17752701
d1,bull,150,momentum+macd+di+body,451,0.13398487,0.15964523,0.02566037,1.19151689
d1,bull,150,momentum+macd+volatility+bb,457,0.13398487,0.18380744,0.04982257,1.37185223
d1,bull,150,momentum+macd+volatility+body,170,0.13398487,0.12352941,-0.01045546,0.92196540
d1,bull,150,momentum+macd+bb+body,470,0.13398487,0.15957447,0.02558960,1.19098874
d1,bull,150,momentum+adx+di+volatility,231,0.13398487,0.15584416,0.02185929,1.16314744
d1,bull,150,momentum+adx+di+bb,509,0.13398487,0.11591356,-0.01807131,0.86512423
d1,bull,150,momentum+adx+di+body,211,0.13398487,0.13744076,0.00345589,1.02579314
d1,bull,150,momentum+adx+volatility+bb,224,0.13398487,0.16071429,0.02672942,1.19949580
d1,bull,150,momentum+adx+volatility+body,100,0.13398487,0.16000000,0.02601513,1.19416471
d1,bull,150,momentum+adx+bb+body,189,0.13398487,0.13227513,-0.00170974,0.98723934
d1,bull,150,momentum+di+volatility+bb,450,0.13398487,0.17555556,0.04157069,1.31026405
d1,bull,150,momentum+di+volatility+body,183,0.13398487,0.12568306,-0.00830181,0.93803922
d1,bull,150,momentum+di+bb+body,490,0.13398487,0.15510204,0.02111717,1.15760864
d1,bull,150,momentum+volatility+bb+body,172,0.13398487,0.12790698,-0.00607789,0.95463748
d1,bull,150,macd+adx+di+volatility,249,0.13398487,0.19277108,0.05878622,1.43875266
d1,bull,150,macd+adx+di+bb,604,0.13398487,0.15397351,0.01998864,1.14918582
d1,bull,150,macd+adx+di+body,220,0.13398487,0.15454545,0.02056059,1.15345455
d1,bull,150,macd+adx+volatility+bb,282,0.13398487,0.18794326,0.05395839,1.40272007
d1,bull,150,macd+adx+volatility+body,123,0.13398487,0.19512195,0.06113708,1.45629842
d1,bull,150,macd+adx+bb+body,229,0.13398487,0.15283843,0.01885356,1.14071410
d1,bull,150,macd+di+volatility+bb,505,0.13398487,0.19801980,0.06403493,1.47792662
d1,bull,150,macd+di+volatility+body,181,0.13398487,0.12707182,-0.00691304,0.94840429
d1,bull,150,macd+di+bb+body,543,0.13398487,0.16022099,0.02623613,1.19581410
d1,bull,150,macd+volatility+bb+body,194,0.13398487,0.12886598,-0.00511889,0.96179503
d1,bull,150,adx+di+volatility+bb,278,0.13398487,0.17985612,0.04587125,1.34236140
d1,bull,150,adx+di+volatility+body,115,0.13398487,0.16521739,0.03123252,1.23310486
d1,bull,150,adx+di+bb+body,248,0.13398487,0.14516129,0.01117642,1.08341556
d1,bull,150,adx+volatility+bb+body,104,0.13398487,0.16346154,0.02947667,1.22000000
d1,bull,150,di+volatility+bb+body,185,0.13398487,0.12432432,-0.00966054,0.92789825
d1,bull,200,trend,1573,0.08039092,0.08645900,0.00606807,1.07548209
d1,bull,200,price20,1928,0.08039092,0.08558091,0.00518999,1.06455943
d1,bull,200,price200,2039,0.08039092,0.08190289,0.00151197,1.01880776
d1,bull,200,momentum,1976,0.08039092,0.07995951,-0.00043141,0.99463364
d1,bull,200,rsi_extreme,121,0.08039092,0.09917355,0.01878263,1.23364123
d1,bull,200,macd,1956,0.08039092,0.09304703,0.01265611,1.15743213
d1,bull,200,adx,1205,0.08039092,0.08381743,0.00342651,1.04262306
d1,bull,200,di,2005,0.08039092,0.08778055,0.00738963,1.09192118
d1,bull,200,volatility,1151,0.08039092,0.09991312,0.01952220,1.24284084
d1,bull,200,bb,1921,0.08039092,0.08693389,0.00654297,1.08138939
d1,bull,200,body,1293,0.08039092,0.08430008,0.00390916,1.04862684
d1,bull,200,trend+price20,1159,0.08039092,0.09404659,0.01365567,1.16986584
d1,bull,200,trend+price200,1524,0.08039092,0.08530184,0.00491092,1.06108795
d1,bull,200,trend+momentum,1101,0.08039092,0.08356040,0.00316948,1.03942583
d1,bull,200,trend+macd,969,0.08039092,0.10423117,0.02384025,1.29655396
d1,bull,200,trend+adx,669,0.08039092,0.09118087,0.01078995,1.13421847
d1,bull,200,trend+di,1212,0.08039092,0.09653465,0.01614373,1.20081538
d1,bull,200,trend+volatility,544,0.08039092,0.09191176,0.01152084,1.14331027
d1,bull,200,trend+bb,1112,0.08039092,0.09712230,0.01673138,1.20812526
d1,bull,200,trend+body,642,0.08039092,0.08255452,0.00216360,1.02691344
d1,bull,200,price20+price200,1564,0.08039092,0.08951407,0.00912315,1.11348478
d1,bull,200,price20+momentum,1620,0.08039092,0.08086420,0.00047328,1.00588719
d1,bull,200,price20+macd,1646,0.08039092,0.08930741,0.00891649,1.11091416
d1,bull,200,price20+adx,781,0.08039092,0.08706786,0.00667694,1.08305591
d1,bull,200,price20+di,1778,0.08039092,0.08773903,0.00734811,1.09140475
d1,bull,200,price20+volatility,622,0.08039092,0.10128617,0.02089525,1.25992056
d1,bull,200,price20+bb,1841,0.08039092,0.08365019,0.00325927,1.04054276
d1,bull,200,price20+body,648,0.08039092,0.07561728,-0.00477364,0.94061970
d1,bull,200,price200+momentum,1493,0.08039092,0.08037508,-0.00001584,0.99980300
d1,bull,200,price200+macd,1362,0.08039092,0.09397944,0.01358852,1.16903055
d1,bull,200,price200+adx,834,0.08039092,0.08393285,0.00354193,1.04405887
d1,bull,200,price200+di,1587,0.08039092,0.09010712,0.00971620,1.12086190
d1,bull,200,price200+volatility,691,0.08039092,0.09117221,0.01078129,1.13411084
d1,bull,200,price200+bb,1509,0.08039092,0.08813784,0.00774692,1.09636560
d1,bull,200,price200+body,777,0.08039092,0.07335907,-0.00703185,0.91252934
d1,bull,200,momentum+macd,1464,0.08039092,0.09016393,0.00977301,1.12156863
d1,bull,200,momentum+adx,665,0.08039092,0.07669173,-0.00369919,0.95398496
d1,bull,200,momentum+di,1648,0.08039092,0.08495146,0.00456054,1.05672949
d1,bull,200,momentum+volatility,654,0.08039092,0.09633028,0.01593935,1.19827307
d1,bull,200,momentum+bb,1609,0.08039092,0.08328154,0.00289062,1.03595706
d1,bull,200,momentum+body,696,0.08039092,0.08477011,0.00437919,1.05447374
d1,bull,200,rsi_extreme+adx,64,0.08039092,0.10937500,0.02898408,1.36053922
d1,bull,200,rsi_extreme+volatility,76,0.08039092,0.14473684,0.06434592,1.80041280
d1,bull,200,rsi_extreme+body,70,0.08039092,0.10000000,0.01960908,1.24392157
d1,bull,200,macd+adx,753,0.08039092,0.09163347,0.01124255,1.13984845
d1,bull,200,macd+di,1622,0.08039092,0.09617756,0.01578664,1.19637340
d1,bull,200,macd+volatility,656,0.08039092,0.11585366,0.03546274,1.44112865
d1,bull,200,macd+bb,1701,0.08039092,0.09229865,0.01190773,1.14812279
d1,bull,200,macd+body,722,0.08039092,0.09556787,0.01517695,1.18878931
d1,bull,200,adx+di,788,0.08039092,0.08629442,0.00590350,1.07343486
d1,bull,200,adx+volatility,579,0.08039092,0.09844560,0.01805468,1.22458600
d1,bull,200,adx+bb,778,0.08039092,0.08354756,0.00315664,1.03926609
d1,bull,200,adx+body,487,0.08039092,0.08008214,-0.00030879,0.99615896
d1,bull,200,di+volatility,636,0.08039092,0.10534591,0.02495499,1.31042052
d1,bull,200,di+bb,1761,0.08039092,0.08915389,0.00876297,1.10900446
d1,bull,200,di+body,724,0.08039092,0.08149171,0.00110079,1.01369299
d1,bull,200,volatility+bb,632,0.08039092,0.10284810,0.02245718,1.27934971
d1,bull,200,volatility+body,472,0.08039092,0.10381356,0.02342264,1.29135926
d1,bull,200,bb+body,653,0.08039092,0.08422665,0.00383573,1.04771342
d1,bull,200,trend+price20+price200,1159,0.08039092,0.09404659,0.01365567,1.16986584
d1,bull,200,trend+price20+momentum,905,0.08039092,0.08729282,0.00690190,1.08585419
d1,bull,200,trend+price20+macd,927,0.08039092,0.10248112,0.02209020,1.27478478
d1,bull,200,trend+price20+adx,538,0.08039092,0.09479554,0.01440462,1.17918216
d1,bull,200,trend+price20+di,1090,0.08039092,0.09816514,0.01777422,1.22109732
d1,bull,200,trend+price20+volatility,359,0.08039092,0.10027855,0.01988763,1.24738653
d1,bull,200,trend+price20+bb,1092,0.08039092,0.09523810,0.01484717,1.18468721
d1,bull,200,trend+price20+body,415,0.08039092,0.08192771,0.00153679,1.01911647
d1,bull,200,trend+price200+momentum,1096,0.08039092,0.08394161,0.00355069,1.04416774
d1,bull,200,trend+price200+macd,967,0.08039092,0.10444674,0.02405582,1.29923556
d1,bull,200,trend+price200+adx,659,0.08039092,0.08952959,0.00913867,1.11367788
d1,bull,200,trend+price200+di,1204,0.08039092,0.09717608,0.01678516,1.20879422
d1,bull,200,trend+price200+volatility,532,0.08039092,0.09022556,0.00983464,1.12233525
d1,bull,200,trend+price200+bb,1112,0.08039092,0.09712230,0.01673138,1.20812526
d1,bull,200,trend+price200+body,610,0.08039092,0.07868852,-0.00170240,0.97882353
d1,bull,200,trend+momentum+macd,712,0.08039092,0.09971910,0.01932818,1.24042741
d1,bull,200,trend+momentum+adx,422,0.08039092,0.08056872,0.00017780,1.00221169
d1,bull,200,trend+momentum+di,946,0.08039092,0.09196617,0.01157525,1.14398707
d1,bull,200,trend+momentum+volatility,359,0.08039092,0.08356546,0.00317454,1.03948878
d1,bull,200,trend+momentum+bb,867,0.08039092,0.08996540,0.00957448,1.11909899
d1,bull,200,trend+momentum+body,413,0.08039092,0.08474576,0.00435484,1.05417082
d1,bull,200,trend+macd+adx,422,0.08039092,0.10426540,0.02387448,1.29697983
d1,bull,200,trend+macd+di,914,0.08039092,0.11050328,0.03011236,1.37457416
d1,bull,200,trend+macd+volatility,297,0.08039092,0.12121212,0.04082120,1.50778372
d1,bull,200,trend+macd+bb,933,0.08039092,0.10610932,0.02571840,1.31991678
d1,bull,200,trend+macd+body,368,0.08039092,0.09782609,0.01743517,1.21687980
d1,bull,200,trend+adx+di,566,0.08039092,0.09540636,0.01501544,1.18678030
d1,bull,200,trend+adx+volatility,301,0.08039092,0.09302326,0.01263234,1.15713634
d1,bull,200,trend+adx+bb,512,0.08039092,0.09375000,0.01335908,1.16617647
d1,bull,200,trend+adx+body,276,0.08039092,0.06521739,-0.01517353,0.81125320
d1,bull,200,trend+di+volatility,386,0.08039092,0.10362694,0.02323602,1.28903789
d1,bull,200,trend+di+bb,1059,0.08039092,0.10198300,0.02159208,1.26858857
d1,bull,200,trend+di+body,462,0.08039092,0.08874459,0.00835367,1.10391308
d1,bull,200,trend+volatility+bb,346,0.08039092,0.10404624,0.02365532,1.29425366
d1,bull,200,trend+volatility+body,233,0.08039092,0.08154506,0.00115414,1.01435664
d1,bull,200,trend+bb+body,400,0.08039092,0.09000000,0.00960908,1.11952941
d1,bull,200,price20+price200+momentum,1260,0.08039092,0.08492063,0.00452971,1.05634609
d1,bull,200,price20+price200+macd,1291,0.08039092,0.09450039,0.01410947,1.17551070
d1,bull,200,price20+price200+adx,675,0.08039092,0.08740741,0.00701649,1.08727959
d1,bull,200,price20+price200+di,1459,0.08039092,0.09115833,0.01076741,1.13393810
d1,bull,200,price20+price200+volatility,477,0.08039092,0.10062893,0.02023801,1.25174497
d1,bull,200,price20+price200+bb,1481,0.08039092,0.08710331,0.00671239,1.08349684
d1,bull,200,price20+price200+body,541,0.08039092,0.07578558,-0.00460534,0.94271320
d1,bull,200,price20+momentum+macd,1343,0.08039092,0.08413999,0.00374906,1.04663542
d1,bull,200,price20+momentum+adx,576,0.08039092,0.07812500,-0.00226592,0.97181373
d1,bull,200,price20+momentum+di,1480,0.08039092,0.08310811,0.00271719,1.03379968
d1,bull,200,price20+momentum+volatility,518,0.08039092,0.09845560,0.01806468,1.22471042
d1,bull,200,price20+momentum+bb,1547,0.08039092,0.07886231,-0.00152861,0.98098534
d1,bull,200,price20+momentum+body,533,0.08039092,0.07692308,-0.00346784,0.95686275
d1,bull,200,price20+macd+adx,636,0.08039092,0.08962264,0.00923172,1.11483537
d1,bull,200,price20+macd+di,1537,0.08039092,0.09238777,0.01199685,1.14923138
d1,bull,200,price20+macd+volatility,533,0.08039092,0.10694184,0.02655092,1.33027260
d1,bull,200,price20+macd+bb,1625,0.08039092,0.08861538,0.00822446,1.10230588
d1,bull,200,price20+macd+body,556,0.08039092,0.08453237,0.00414145,1.05151643
d1,bull,200,price20+adx+di,731,0.08039092,0.08755130,0.00716038,1.08906950
d1,bull,200,price20+adx+volatility,320,0.08039092,0.09687500,0.01648408,1.20504902
d1,bull,200,price20+adx+bb,750,0.08039092,0.08400000,0.00360908,1.04489412
d1,bull,200,price20+adx+body,271,0.08039092,0.06642066,-0.01397026,0.82622097
d1,bull,200,price20+di+volatility,563,0.08039092,0.10301954,0.02262862,1.28148226
d1,bull,200,price20+di+bb,1724,0.08039092,0.08700696,0.00661604,1.08229835
d1,bull,200,price20+di+body,605,0.08039092,0.07933884,-0.00105208,0.98691298
d1,bull,200,price20+volatility+bb,589,0.08039092,0.09677419,0.01638327,1.20379507
d1,bull,200,price20+volatility+body,205,0.08039092,0.08292683,0.00253591,1.03154472
d1,bull,200,price20+bb+body,616,0.08039092,0.07629870,-0.00409222,0.94909600
d1,bull,200,price200+momentum+macd,1042,0.08039092,0.09117083,0.01077990,1.13409356
d1,bull,200,price200+momentum+adx,541,0.08039092,0.07578558,-0.00460534,0.94271320
d1,bull,200,price200+momentum+di,1276,0.08039092,0.08699060,0.00659968,1.08209478
d1,bull,200,price200+momentum+volatility,468,0.08039092,0.08974359,0.00935267,1.11633987
d1,bull,200,price200+momentum+bb,1216,0.08039092,0.08388158,0.00349066,1.04342105
d1,bull,200,price200+momentum+body,532,0.08039092,0.07894737,-0.00144355,0.98204334
d1,bull,200,price200+macd+adx,545,0.08039092,0.08990826,0.00951734,1.11838820
d1,bull,200,price200+macd+di,1257,0.08039092,0.09944312,0.01905220,1.23699440
d1,bull,200,price200+macd+volatility,416,0.08039092,0.10817308,0.02778216,1.34558824
d1,bull,200,price200+macd+bb,1297,0.08039092,0.09483423,0.01444331,1.17966348
d1,bull,200,price200+macd+body,495,0.08039092,0.08686869,0.00647777,1.08057833
d1,bull,200,price200+adx+di,691,0.08039092,0.08683068,0.00643976,1.08010556
d1,bull,200,price200+adx+volatility,368,0.08039092,0.08967391,0.00928299,1.11547315
d1,bull,200,price200+adx+bb,650,0.08039092,0.08307692,0.00268600,1.03341176
d1,bull,200,price200+adx+body,327,0.08039092,0.06422018,-0.01617074,0.79884871
d1,bull,200,price200+di+volatility,494,0.08039092,0.10121457,0.02082365,1.25902993
d1,bull,200,price200+di+bb,1425,0.08039092,0.09192982,0.01153890,1.14353492
d1,bull,200,price200+di+body,579,0.08039092,0.08117444,0.00078352,1.00974635
d1,bull,200,price200+volatility+bb,461,0.08039092,0.09544469,0.01505376,1.18725703
d1,bull,200,price200+volatility+body,276,0.08039092,0.07608696,-0.00430396,0.94646206
d1,bull,200,price200+bb+body,526,0.08039092,0.07984791,-0.00054301,0.99324536
d1,bull,200,momentum+macd+adx,459,0.08039092,0.07843137,-0.00195955,0.97562476
d1,bull,200,momentum+macd+di,1304,0.08039092,0.09279141,0.01240049,1.15425238
d1,bull,200,momentum+macd+volatility,480,0.08039092,0.11250000,0.03210908,1.39941176
d1,bull,200,momentum+macd+bb,1394,0.08039092,0.08895265,0.00856173,1.10650125
d1,bull,200,momentum+macd+body,506,0.08039092,0.10079051,0.02039959,1.25375494
d1,bull,200,momentum+adx+di,575,0.08039092,0.07826087,-0.00213005,0.97350384
d1,bull,200,momentum+adx+volatility,279,0.08039092,0.08602151,0.00563058,1.07004006
d1,bull,200,momentum+adx+bb,559,0.08039092,0.07334526,-0.00704566,0.91235750
d1,bull,200,momentum+adx+body,239,0.08039092,0.07112971,-0.00926121,0.88479777
d1,bull,200,momentum+di+volatility,517,0.08039092,0.10444874,0.02405782,1.29926044
d1,bull,200,momentum+di+bb,1466,0.08039092,0.08526603,0.00487511,1.06064254
d1,bull,200,momentum+di+body,585,0.08039092,0.08547009,0.00507916,1.06318083
d1,bull,200,momentum+volatility+bb,515,0.08039092,0.10097087,0.02057995,1.25599848
d1,bull,200,momentum+volatility+body,231,0.08039092,0.09523810,0.01484717,1.18468721
d1,bull,200,momentum+bb+body,536,0.08039092,0.08768657,0.00729565,1.09075212
d1,bull,200,macd+adx+di,610,0.08039092,0.09344262,0.01305170,1.16235294
d1,bull,200,macd+adx+volatility,333,0.08039092,0.11711712,0.03672620,1.45684508
d1,bull,200,macd+adx+bb,663,0.08039092,0.08898944,0.00859852,1.10695886
d1,bull,200,macd+adx+body,277,0.08039092,0.07942238,-0.00096854,0.98795215
d1,bull,200,macd+di+volatility,519,0.08039092,0.11946050,0.03906958,1.48599494
d1,bull,200,macd+di+bb,1564,0.08039092,0.09398977,0.01359885,1.16915902
d1,bull,200,macd+di+body,574,0.08039092,0.09233449,0.01194357,1.14856870
d1,bull,200,macd+volatility+bb,571,0.08039092,0.11208406,0.03169314,1.39423784
d1,bull,200,macd+volatility+body,244,0.08039092,0.10655738,0.02616646,1.32549020
d1,bull,200,macd+bb+body,586,0.08039092,0.09215017,0.01175925,1.14627585
d1,bull,200,adx+di+volatility,320,0.08039092,0.09375000,0.01335908,1.16617647
d1,bull,200,adx+di+bb,714,0.08039092,0.08683473,0.00644381,1.08015598
d1,bull,200,adx+di+body,289,0.08039092,0.07266436,-0.00772656,0.90388765
d1,bull,200,adx+volatility+bb,319,0.08039092,0.09404389,0.01365297,1.16983220
d1,bull,200,adx+volatility+body,239,0.08039092,0.09205021,0.01165929,1.14503241
d1,bull,200,adx+bb+body,264,0.08039092,0.06439394,-0.01599698,0.80101010
d1,bull,200,di+volatility+bb,554,0.08039092,0.10649819,0.02610727,1.32475402
d1,bull,200,di+volatility+body,226,0.08039092,0.10176991,0.02137899,1.26593788
d1,bull,200,di+bb+body,602,0.08039092,0.08305648,0.00266556,1.03315745
d1,bull,200,volatility+bb+body,211,0.08039092,0.09004739,0.00965647,1.12011895
d1,bull,200,trend+price20+price200+momentum,905,0.08039092,0.08729282,0.00690190,1.08585419
d1,bull,200,trend+price20+price200+macd,927,0.08039092,0.10248112,0.02209020,1.27478478
d1,bull,200,trend+price20+price200+adx,538,0.08039092,0.09479554,0.01440462,1.17918216
d1,bull,200,trend+price20+price200+di,1090,0.08039092,0.09816514,0.01777422,1.22109732
d1,bull,200,trend+price20+price200+volatility,359,0.08039092,0.10027855,0.01988763,1.24738653
d1,bull,200,trend+price20+price200+bb,1092,0.08039092,0.09523810,0.01484717,1.18468721
d1,bull,200,trend+price20+price200+body,415,0.08039092,0.08192771,0.00153679,1.01911647
d1,bull,200,trend+price20+momentum+macd,678,0.08039092,0.09587021,0.01547929,1.19255018
d1,bull,200,trend+price20+momentum+adx,361,0.08039092,0.08033241,-0.00005851,0.99927217
d1,bull,200,trend+price20+momentum+di,843,0.08039092,0.09134045,0.01094953,1.13620357
d1,bull,200,trend+price20+momentum+volatility,273,0.08039092,0.08791209,0.00752117,1.09355742
d1,bull,200,trend+price20+momentum+bb,847,0.08039092,0.08736718,0.00697626,1.08677917
d1,bull,200,trend+price20+momentum+body,317,0.08039092,0.08201893,0.00162801,1.02025113
d1,bull,200,trend+price20+macd+adx,416,0.08039092,0.10336538,0.02297446,1.28578431
d1,bull,200,trend+price20+macd+di,891,0.08039092,0.10662177,0.02623085,1.32629123
d1,bull,200,trend+price20+macd+volatility,280,0.08039092,0.11785714,0.03746622,1.46605042
d1,bull,200,trend+price20+macd+bb,916,0.08039092,0.10371179,0.02332087,1.29009333
d1,bull,200,trend+price20+macd+body,338,0.08039092,0.09467456,0.01428364,1.17767722
d1,bull,200,trend+price20+adx+di,522,0.08039092,0.09578544,0.01539452,1.19149576
d1,bull,200,trend+price20+adx+volatility,218,0.08039092,0.10091743,0.02052651,1.25533369
d1,bull,200,trend+price20+adx+bb,510,0.08039092,0.09411765,0.01372673,1.17074971
d1,bull,200,trend+price20+adx+body,201,0.08039092,0.05472637,-0.02566455,0.68075310
d1,bull,200,trend+price20+di+volatility,333,0.08039092,0.10510511,0.02471418,1.30742507
d1,bull,200,trend+price20+di+bb,1044,0.08039092,0.09961686,0.01922594,1.23915559
d1,bull,200,trend+price20+di+body,391,0.08039092,0.08695652,0.00656560,1.08167093
d1,bull,200,trend+price20+volatility+bb,334,0.08039092,0.10179641,0.02140549,1.26626747
d1,bull,200,trend+price20+volatility+body,134,0.08039092,0.07462687,-0.00576405,0.92829968
d1,bull,200,trend+price20+bb+body,386,0.08039092,0.08549223,0.00510131,1.06345626
d1,bull,200,trend+price200+momentum+macd,711,0.08039092,0.09985935,0.01946843,1.24217203
d1,bull,200,trend+price200+momentum+adx,422,0.08039092,0.08056872,0.00017780,1.00221169
d1,bull,200,trend+price200+momentum+di,942,0.08039092,0.09235669,0.01196577,1.14884476
d1,bull,200,trend+price200+momentum+volatility,358,0.08039092,0.08379888,0.00340796,1.04239238
d1,bull,200,trend+price200+momentum+bb,867,0.08039092,0.08996540,0.00957448,1.11909899
d1,bull,200,trend+price200+momentum+body,409,0.08039092,0.08557457,0.00518365,1.06448056
d1,bull,200,trend+price200+macd+adx,422,0.08039092,0.10426540,0.02387448,1.29697983
d1,bull,200,trend+price200+macd+di,913,0.08039092,0.11062432,0.03023339,1.37607972
d1,bull,200,trend+price200+macd+volatility,296,0.08039092,0.12162162,0.04123070,1.51287758
d1,bull,200,trend+price200+macd+bb,933,0.08039092,0.10610932,0.02571840,1.31991678
d1,bull,200,trend+price200+macd+body,366,0.08039092,0.09836066,0.01796974,1.22352941
d1,bull,200,trend+price200+adx+di,566,0.08039092,0.09540636,0.01501544,1.18678030
d1,bull,200,trend+price200+adx+volatility,296,0.08039092,0.09121622,0.01082530,1.13465819
d1,bull,200,trend+price200+adx+bb,512,0.08039092,0.09375000,0.01335908,1.16617647
d1,bull,200,trend+price200+adx+body,271,0.08039092,0.06273063,-0.01766029,0.78031980
d1,bull,200,trend+price200+di+volatility,385,0.08039092,0.10389610,0.02350518,1.29238605
d1,bull,200,trend+price200+di+bb,1059,0.08039092,0.10198300,0.02159208,1.26858857
d1,bull,200,trend+price200+di+body,455,0.08039092,0.09010989,0.00971897,1.12089636
d1,bull,200,trend+price200+volatility+bb,346,0.08039092,0.10404624,0.02365532,1.29425366
d1,bull,200,trend+price200+volatility+body,226,0.08039092,0.07964602,-0.00074490,0.99073399
d1,bull,200,trend+price200+bb+body,400,0.08039092,0.09000000,0.00960908,1.11952941
d1,bull,200,trend+momentum+macd+adx,249,0.08039092,0.08835341,0.00796249,1.09904717
d1,bull,200,trend+momentum+macd+di,671,0.08039092,0.10581222,0.02542130,1.31622103
d1,bull,200,trend+momentum+macd+volatility,213,0.08039092,0.11267606,0.03228514,1.40160177
d1,bull,200,trend+momentum+macd+bb,693,0.08039092,0.09956710,0.01917618,1.23853663
d1,bull,200,trend+momentum+macd+body,264,0.08039092,0.10606061,0.02566969,1.31931075
d1,bull,200,trend+momentum+adx+di,383,0.08039092,0.08355091,0.00315999,1.03930784
d1,bull,200,trend+momentum+adx+volatility,176,0.08039092,0.07954545,-0.00084547,0.98948307
d1,bull,200,trend+momentum+adx+bb,335,0.08039092,0.07761194,-0.00277898,0.96543167
d1,bull,200,trend+momentum+adx+body,162,0.08039092,0.06172840,-0.01866253,0.76785282
d1,bull,200,trend+momentum+di+volatility,292,0.08039092,0.09589041,0.01549949,1.19280150
d1,bull,200,trend+momentum+di+bb,814,0.08039092,0.09582310,0.01543218,1.19196416
d1,bull,200,trend+momentum+di+body,354,0.08039092,0.09322034,0.01282942,1.15958790
d1,bull,200,trend+momentum+volatility+bb,260,0.08039092,0.09230769,0.01191677,1.14823529
d1,bull,200,trend+momentum+volatility+body,146,0.08039092,0.08219178,0.00180086,1.02240129
d1,bull,200,trend+momentum+bb+body,304,0.08039092,0.09210526,0.01171434,1.14571723
d1,bull,200,trend+macd+adx+di,412,0.08039092,0.10679612,0.02640520,1.32845993
d1,bull,200,trend+macd+adx+volatility,171,0.08039092,0.12865497,0.04826405,1.60036693
d1,bull,200,trend+macd+adx+bb,417,0.08039092,0.10311751,0.02272659,1.28270090
d1,bull,200,trend+macd+adx+body,165,0.08039092,0.06060606,-0.01978486,0.75389186
d1,bull,200,trend+macd+di+volatility,279,0.08039092,0.12903226,0.04864134,1.60506009
d1,bull,200,trend+macd+di+bb,902,0.08039092,0.10975610,0.02936518,1.36527977
d1,bull,200,trend+macd+di+body,344,0.08039092,0.10465116,0.02426024,1.30177839
d1,bull,200,trend+macd+volatility+bb,289,0.08039092,0.12110727,0.04071635,1.50647941
d1,bull,200,trend+macd+volatility+body,122,0.08039092,0.09016393,0.00977301,1.12156863
d1,bull,200,trend+macd+bb+body,347,0.08039092,0.10086455,0.02047363,1.25467593
d1,bull,200,trend+adx+di+volatility,235,0.08039092,0.10212766,0.02173674,1.27038798
d1,bull,200,trend+adx+di+bb,500,0.08039092,0.09600000,0.01560908,1.19416471
d1,bull,200,trend+adx+di+body,222,0.08039092,0.06306306,-0.01732786,0.78445504
d1,bull,200,trend+adx+volatility+bb,203,0.08039092,0.10344828,0.02305736,1.28681542
d1,bull,200,trend+adx+volatility+body,135,0.08039092,0.05925926,-0.02113166,0.73713871
d1,bull,200,trend+adx+bb+body,188,0.08039092,0.05319149,-0.02719943,0.66166041
d1,bull,200,trend+di+volatility+bb,320,0.08039092,0.11250000,0.03210908,1.39941176
d1,bull,200,trend+di+volatility+body,154,0.08039092,0.09090909,0.01051817,1.13083779
d1,bull,200,trend+di+bb+body,381,0.08039092,0.09448819,0.01409727,1.17535896
d1,bull,200,trend+volatility+bb+body,129,0.08039092,0.07751938,-0.00287154,0.96428029
d1,bull,200,price20+price200+momentum+macd,992,0.08039092,0.08971774,0.00932682,1.11601834
d1,bull,200,price20+price200+momentum+adx,472,0.08039092,0.07627119,-0.00411973,0.94875374
d1,bull,200,price20+price200+momentum+di,1165,0.08039092,0.08669528,0.00630436,1.07842127
d1,bull,200,price20+price200+momentum+volatility,374,0.08039092,0.09625668,0.01586576,1.19735766
d1,bull,200,price20+price200+momentum+bb,1191,0.08039092,0.08228380,0.00189287,1.02354588
d1,bull,200,price20+price200+momentum+body,427,0.08039092,0.07728337,-0.00310755,0.96134454
d1,bull,200,price20+price200+macd+adx,532,0.08039092,0.09022556,0.00983464,1.12233525
d1,bull,200,price20+price200+macd+di,1226,0.08039092,0.09706362,0.01667270,1.20739532
d1,bull,200,price20+price200+macd+volatility,391,0.08039092,0.10741688,0.02702596,1.33618174
d1,bull,200,price20+price200+macd+bb,1272,0.08039092,0.09355346,0.01316254,1.16373166
d1,bull,200,price20+price200+macd+body,455,0.08039092,0.08571429,0.00532337,1.06621849
d1,bull,200,price20+price200+adx+di,646,0.08039092,0.08668731,0.00629639,1.07832210
d1,bull,200,price20+price200+adx+volatility,266,0.08039092,0.09398496,0.01359404,1.16909922
d1,bull,200,price20+price200+adx+bb,644,0.08039092,0.08385093,0.00346001,1.04303982
d1,bull,200,price20+price200+adx+body,243,0.08039092,0.05761317,-0.02277775,0.71666263
d1,bull,200,price20+price200+di+volatility,440,0.08039092,0.10227273,0.02188181,1.27219251
d1,bull,200,price20+price200+di+bb,1407,0.08039092,0.09026297,0.00987205,1.12280056
d1,bull,200,price20+price200+di+body,507,0.08039092,0.07889546,-0.00149546,0.98139769
d1,bull,200,price20+price200+volatility+bb,446,0.08039092,0.09417040,0.01377948,1.17140596
d1,bull,200,price20+price200+volatility+body,168,0.08039092,0.07142857,-0.00896235,0.88851541
d1,bull,200,price20+price200+bb+body,510,0.08039092,0.07647059,-0.00392033,0.95123414
d1,bull,200,price20+momentum+macd+adx,436,0.08039092,0.07798165,-0.00240927,0.97003058
d1,bull,200,price20+momentum+macd+di,1244,0.08039092,0.08762058,0.00722966,1.08993128
d1,bull,200,price20+momentum+macd+volatility,432,0.08039092,0.10416667,0.02377575,1.29575163
d1,bull,200,price20+momentum+macd+bb,1336,0.08039092,0.08383234,0.00344141,1.04280850
d1,bull,200,price20+momentum+macd+body,442,0.08039092,0.08823529,0.00784437,1.09757785
d1,bull,200,price20+momentum+adx+di,526,0.08039092,0.07794677,-0.00244415,0.96959666
d1,bull,200,price20+momentum+adx+volatility,236,0.08039092,0.08898305,0.00859213,1.10687936
d1,bull,200,price20+momentum+adx+bb,545,0.08039092,0.07339450,-0.00699643,0.91296996
d1,bull,200,price20+momentum+adx+body,198,0.08039092,0.06565657,-0.01473435,0.81671618
d1,bull,200,price20+momentum+di+volatility,459,0.08039092,0.10021786,0.01982694,1.24663164
d1,bull,200,price20+momentum+di+bb,1430,0.08039092,0.08251748,0.00212656,1.02645276
d1,bull,200,price20+momentum+di+body,493,0.08039092,0.08113590,0.00074498,1.00926699
d1,bull,200,price20+momentum+volatility+bb,485,0.08039092,0.09278351,0.01239258,1.15415403
d1,bull,200,price20+momentum+volatility+body,170,0.08039092,0.08235294,0.00196202,1.02440600
d1,bull,200,price20+momentum+bb+body,504,0.08039092,0.07738095,-0.00300997,0.96255836
d1,bull,200,price20+macd+adx+di,597,0.08039092,0.09380235,0.01341142,1.16682760
d1,bull,200,price20+macd+adx+volatility,264,0.08039092,0.10606061,0.02566969,1.31931075
d1,bull,200,price20+macd+adx+bb,635,0.08039092,0.08976378,0.00937286,1.11659101
d1,bull,200,price20+macd+adx+body,222,0.08039092,0.07207207,-0.00831885,0.89652005
d1,bull,200,price20+macd+di+volatility,493,0.08039092,0.11156187,0.03117095,1.38774212
d1,bull,200,price20+macd+di+bb,1530,0.08039092,0.09150327,0.01111235,1.13822889
d1,bull,200,price20+macd+di+body,524,0.08039092,0.08778626,0.00739534,1.09199222
d1,bull,200,price20+macd+volatility+bb,530,0.08039092,0.10566038,0.02526946,1.31433222
d1,bull,200,price20+macd+volatility+body,177,0.08039092,0.09039548,0.01000456,1.12444888
d1,bull,200,price20+macd+bb+body,550,0.08039092,0.08363636,0.00324544,1.04037077
d1,bull,200,price20+adx+di+volatility,289,0.08039092,0.09688581,0.01649489,1.20518353
d1,bull,200,price20+adx+di+bb,707,0.08039092,0.08769448,0.00730356,1.09085060
d1,bull,200,price20+adx+di+body,257,0.08039092,0.07003891,-0.01035201,0.87122911
d1,bull,200,price20+adx+volatility+bb,300,0.08039092,0.09333333,0.01294241,1.16099346
d1,bull,200,price20+adx+volatility+body,108,0.08039092,0.06481481,-0.01557611,0.80624546
d1,bull,200,price20+adx+bb+body,256,0.08039092,0.06640625,-0.01398467,0.82604167
d1,bull,200,price20+di+volatility+bb,539,0.08039092,0.10204082,0.02164990,1.26930772
d1,bull,200,price20+di+volatility+body,188,0.08039092,0.09042553,0.01003461,1.12482270
d1,bull,200,price20+di+bb+body,581,0.08039092,0.07917384,-0.00121708,0.98486045
d1,bull,200,price20+volatility+bb+body,192,0.08039092,0.07812500,-0.00226592,0.97181373
d1,bull,200,price200+momentum+macd+adx,341,0.08039092,0.07624633,-0.00414459,0.94844460
d1,bull,200,price200+momentum+macd+di,965,0.08039092,0.09637306,0.01598214,1.19880524
d1,bull,200,price200+momentum+macd+volatility,312,0.08039092,0.10576923,0.02537831,1.31568627
d1,bull,200,price200+momentum+macd+bb,1009,0.08039092,0.09117939,0.01078846,1.13420004
d1,bull,200,price200+momentum+macd+body,369,0.08039092,0.09485095,0.01446003,1.17987141
d1,bull,200,price200+momentum+adx+di,482,0.08039092,0.07676349,-0.00362744,0.95487755
d1,bull,200,price200+momentum+adx+volatility,216,0.08039092,0.07870370,-0.00168722,0.97901235
d1,bull,200,price200+momentum+adx+bb,444,0.08039092,0.06981982,-0.01057110,0.86850380
d1,bull,200,price200+momentum+adx+body,202,0.08039092,0.06435644,-0.01603448,0.80054358
d1,bull,200,price200+momentum+di+volatility,383,0.08039092,0.09921671,0.01882579,1.23417806
d1,bull,200,price200+momentum+di+bb,1135,0.08039092,0.08810573,0.00771481,1.09596614
d1,bull,200,price200+momentum+di+body,459,0.08039092,0.08496732,0.00457640,1.05692682
d1,bull,200,price200+momentum+volatility+bb,357,0.08039092,0.08963585,0.00924493,1.11499973
d1,bull,200,price200+momentum+volatility+body,177,0.08039092,0.07909605,-0.00129488,0.98389277
d1,bull,200,price200+momentum+bb+body,415,0.08039092,0.08192771,0.00153679,1.01911647
d1,bull,200,price200+macd+adx+di,518,0.08039092,0.09459459,0.01420367,1.17668256
d1,bull,200,price200+macd+adx+volatility,218,0.08039092,0.10550459,0.02511367,1.31239432
d1,bull,200,price200+macd+adx+bb,537,0.08039092,0.08938547,0.00899455,1.11188520
d1,bull,200,price200+macd+adx+body,202,0.08039092,0.06435644,-0.01603448,0.80054358
d1,bull,200,price200+macd+di+volatility,384,0.08039092,0.11718750,0.03679658,1.45772059
d1,bull,200,price200+macd+di+bb,1236,0.08039092,0.09789644,0.01750552,1.21775493
d1,bull,200,price200+macd+di+body,455,0.08039092,0.09230769,0.01191677,1.14823529
d1,bull,200,price200+macd+volatility+bb,402,0.08039092,0.10696517,0.02657425,1.33056287
d1,bull,200,price200+macd+volatility+body,158,0.08039092,0.08227848,0.00188756,1.02347977
d1,bull,200,price200+macd+bb+body,464,0.08039092,0.08836207,0.00797115,1.09915483
d1,bull,200,price200+adx+di+volatility,274,0.08039092,0.09124088,0.01084996,1.13496493
d1,bull,200,price200+adx+di+bb,624,0.08039092,0.08653846,0.00614754,1.07647059
d1,bull,200,price200+adx+di+body,261,0.08039092,0.06513410,-0.01525682,0.81021711
d1,bull,200,price200+adx+volatility+bb,249,0.08039092,0.08835341,0.00796249,1.09904717
d1,bull,200,price200+adx+volatility+body,150,0.08039092,0.06000000,-0.02039092,0.74635294
d1,bull,200,price200+adx+bb+body,230,0.08039092,0.05652174,-0.02386918,0.70308610
d1,bull,200,price200+di+volatility+bb,426,0.08039092,0.10328638,0.02289546,1.28480162
d1,bull,200,price200+di+volatility+body,186,0.08039092,0.08602151,0.00563058,1.07004006
d1,bull,200,price200+di+bb+body,498,0.08039092,0.08232932,0.00193840,1.02411213
d1,bull,200,price200+volatility+bb+body,163,0.08039092,0.06748466,-0.01290626,0.83945627
d1,bull,200,momentum+macd+adx+di,408,0.08039092,0.08333333,0.00294241,1.03660131
d1,bull,200,momentum+macd+adx+volatility,196,0.08039092,0.10204082,0.02164990,1.26930772
d1,bull,200,momentum+macd+adx+bb,449,0.08039092,0.07795100,-0.00243992,0.96964933
d1,bull,200,momentum+macd+adx+body,161,0.08039092,0.07453416,-0.00585676,0.92714651
d1,bull,200,momentum+macd+di+volatility,414,0.08039092,0.11835749,0.03796657,1.47227432
d1,bull,200,momentum+macd+di+bb,1274,0.08039092,0.09026688,0.00987596,1.12284914
d1,bull,200,momentum+macd+di+body,451,0.08039092,0.09756098,0.01717006,1.21358202
d1,bull,200,momentum+macd+volatility+bb,457,0.08039092,0.11159737,0.03120645,1.38818381
d1,bull,200,momentum+macd+volatility+body,170,0.08039092,0.10588235,0.02549143,1.31709343
d1,bull,200,momentum+macd+bb+body,470,0.08039092,0.09787234,0.01748142,1.21745515
d1,bull,200,momentum+adx+di+volatility,231,0.08039092,0.08658009,0.00618917,1.07698837
d1,bull,200,momentum+adx+di+bb,509,0.08039092,0.07662083,-0.00377010,0.95310297
d1,bull,200,momentum+adx+di+body,211,0.08039092,0.07582938,-0.00456154,0.94325806
d1,bull,200,momentum+adx+volatility+bb,224,0.08039092,0.08482143,0.00443051,1.05511204
d1,bull,200,momentum+adx+volatility+body,100,0.08039092,0.08000000,-0.00039092,0.99513725
d1,bull,200,momentum+adx+bb+body,189,0.08039092,0.06349206,-0.01689886,0.78979147
d1,bull,200,momentum+di+volatility+bb,450,0.08039092,0.10444444,0.02405352,1.29920697
d1,bull,200,momentum+di+volatility+body,183,0.08039092,0.10382514,0.02343422,1.29150327
d1,bull,200,momentum+di+bb+body,490,0.08039092,0.08571429,0.00532337,1.06621849
d1,bull,200,momentum+volatility+bb+body,172,0.08039092,0.09302326,0.01263234,1.15713634
d1,bull,200,macd+adx+di+volatility,249,0.08039092,0.11244980,0.03205888,1.39878731
d1,bull,200,macd+adx+di+bb,604,0.08039092,0.09271523,0.01232431,1.15330477
d1,bull,200,macd+adx+di+body,220,0.08039092,0.07727273,-0.00311819,0.96121212
d1,bull,200,macd+adx+volatility+bb,282,0.08039092,0.10638298,0.02599206,1.32332082
d1,bull,200,macd+adx+volatility+body,123,0.08039092,0.08943089,0.00903997,1.11245018
d1,bull,200,macd+adx+bb+body,229,0.08039092,0.06986900,-0.01052192,0.86911551
d1,bull,200,macd+di+volatility+bb,505,0.08039092,0.11485149,0.03446056,1.42866240
d1,bull,200,macd+di+volatility+body,181,0.08039092,0.11049724,0.03010632,1.37449897
d1,bull,200,macd+di+bb+body,543,0.08039092,0.09023941,0.00984849,1.12250749
d1,bull,200,macd+volatility+bb+body,194,0.08039092,0.09793814,0.01754722,1.21827370
d1,bull,200,adx+di+volatility+bb,278,0.08039092,0.09712230,0.01673138,1.20812526
d1,bull,200,adx+di+volatility+body,115,0.08039092,0.07826087,-0.00213005,0.97350384
d1,bull,200,adx+di+bb+body,248,0.08039092,0.06854839,-0.01184253,0.85268817
d1,bull,200,adx+volatility+bb+body,104,0.08039092,0.05769231,-0.02269861,0.71764706
d1,bull,200,di+volatility+bb+body,185,0.08039092,0.09189189,0.01150097,1.14306306
d1,bull,300,trend,1573,0.03562421,0.04259377,0.00696956,1.19564104
d1,bull,300,price20,1928,0.03562421,0.03890041,0.00327620,1.09196563
d1,bull,300,price200,2039,0.03562421,0.04070623,0.00508202,1.14265626
d1,bull,300,momentum,1976,0.03562421,0.03390688,-0.00171733,0.95179320
d1,bull,300,rsi_extreme,121,0.03562421,0.06611570,0.03049149,1.85592043
d1,bull,300,macd,1956,0.03562421,0.03987730,0.00425309,1.11938759
d1,bull,300,adx,1205,0.03562421,0.03402490,-0.00159932,0.95510594
d1,bull,300,di,2005,0.03562421,0.03890274,0.00327853,1.09203098
d1,bull,300,volatility,1151,0.03562421,0.04865334,0.01302913,1.36573814
d1,bull,300,bb,1921,0.03562421,0.03800104,0.00237683,1.06671949
d1,bull,300,body,1293,0.03562421,0.03789637,0.00227215,1.06378115
d1,bull,300,trend+price20,1159,0.03562421,0.04572908,0.01010486,1.28365161
d1,bull,300,trend+price200,1524,0.03562421,0.04330709,0.00768287,1.21566441
d1,bull,300,trend+momentum,1101,0.03562421,0.04087193,0.00524772,1.14730776
d1,bull,300,trend+macd,969,0.03562421,0.05159959,0.01597538,1.44844151
d1,bull,300,trend+adx,669,0.03562421,0.04334828,0.00772407,1.21682077
d1,bull,300,trend+di,1212,0.03562421,0.04455446,0.00893024,1.25067905
d1,bull,300,trend+volatility,544,0.03562421,0.05147059,0.01584638,1.44482041
d1,bull,300,trend+bb,1112,0.03562421,0.04586331,0.01023910,1.28741962
d1,bull,300,trend+body,642,0.03562421,0.03894081,0.00331660,1.09309955
d1,bull,300,price20+price200,1564,0.03562421,0.04092072,0.00529650,1.14867709
d1,bull,300,price20+momentum,1620,0.03562421,0.03580247,0.00017826,1.00500382
d1,bull,300,price20+macd,1646,0.03562421,0.04313487,0.00751066,1.21083022
d1,bull,300,price20+adx,781,0.03562421,0.03329065,-0.00233356,0.93449514
d1,bull,300,price20+di,1778,0.03562421,0.04105737,0.00543316,1.15251302
d1,bull,300,price20+volatility,622,0.03562421,0.05627010,0.02064588,1.57954642
d1,bull,300,price20+bb,1841,0.03562421,0.03856600,0.00294178,1.08257824
d1,bull,300,price20+body,648,0.03562421,0.03549383,-0.00013038,0.99634000
d1,bull,300,price200+momentum,1493,0.03562421,0.03750837,0.00188416,1.05288989
d1,bull,300,price200+macd,1362,0.03562421,0.04552129,0.00989708,1.27781893
d1,bull,300,price200+adx,834,0.03562421,0.04076739,0.00514317,1.14437300
d1,bull,300,price200+di,1587,0.03562421,0.04095778,0.00533357,1.14971756
d1,bull,300,price200+volatility,691,0.03562421,0.05065123,0.01502702,1.42182037
d1,bull,300,price200+bb,1509,0.03562421,0.04042412,0.00479991,1.13473730
d1,bull,300,price200+body,777,0.03562421,0.03989704,0.00427283,1.11994169
d1,bull,300,momentum+macd,1464,0.03562421,0.03825137,0.00262715,1.07374631
d1,bull,300,momentum+adx,665,0.03562421,0.02706767,-0.00855654,0.75981103
d1,bull,300,momentum+di,1648,0.03562421,0.03580097,0.00017676,1.00496177
d1,bull,300,momentum+volatility,654,0.03562421,0.04740061,0.01177640,1.33057292
d1,bull,300,momentum+bb,1609,0.03562421,0.03480423,-0.00081999,0.97698235
d1,bull,300,momentum+body,696,0.03562421,0.03735632,0.00173211,1.04862171
d1,bull,300,rsi_extreme+adx,64,0.03562421,0.07812500,0.04250079,2.19303097
d1,bull,300,rsi_extreme+volatility,76,0.03562421,0.10526316,0.06963895,2.95482068
d1,bull,300,rsi_extreme+body,70,0.03562421,0.10000000,0.06437579,2.80707965
d1,bull,300,macd+adx,753,0.03562421,0.03585657,0.00023236,1.00652258
d1,bull,300,macd+di,1622,0.03562421,0.04254007,0.00691586,1.19413376
d1,bull,300,macd+volatility,656,0.03562421,0.05792683,0.02230262,1.62605223
d1,bull,300,macd+bb,1701,0.03562421,0.04232804,0.00670383,1.18818186
d1,bull,300,macd+body,722,0.03562421,0.03878116,0.00315695,1.08861815
d1,bull,300,adx+di,788,0.03562421,0.03426396,-0.00136025,0.96181663
d1,bull,300,adx+volatility,579,0.03562421,0.04145078,0.00582657,1.16355633
d1,bull,300,adx+bb,778,0.03562421,0.03084833,-0.00477588,0.86593717
d1,bull,300,adx+body,487,0.03562421,0.03901437,0.00339016,1.09516454
d1,bull,300,di+volatility,636,0.03562421,0.05345912,0.01783491,1.50064006
d1,bull,300,di+bb,1761,0.03562421,0.03918228,0.00355807,1.09987789
d1,bull,300,di+body,724,0.03562421,0.03453039,-0.00109383,0.96929546
d1,bull,300,volatility+bb,632,0.03562421,0.05537975,0.01975553,1.55455360
d1,bull,300,volatility+body,472,0.03562421,0.05508475,0.01946053,1.54627269
d1,bull,300,bb+body,653,0.03562421,0.03522205,-0.00040216,0.98871105
d1,bull,300,trend+price20+price200,1159,0.03562421,0.04572908,0.01010486,1.28365161
d1,bull,300,trend+price20+momentum,905,0.03562421,0.04088398,0.00525977,1.14764582
d1,bull,300,trend+price20+macd,927,0.03562421,0.05285868,0.01723447,1.48378536
d1,bull,300,trend+price20+adx,538,0.03562421,0.04646840,0.01084419,1.30440504
d1,bull,300,trend+price20+di,1090,0.03562421,0.04678899,0.01116478,1.31340424
d1,bull,300,trend+price20+volatility,359,0.03562421,0.06406685,0.02844264,1.79840757
d1,bull,300,trend+price20+bb,1092,0.03562421,0.04578755,0.01016333,1.28529288
d1,bull,300,trend+price20+body,415,0.03562421,0.03614458,0.00052037,1.01460710
d1,bull,300,trend+price200+momentum,1096,0.03562421,0.04105839,0.00543418,1.15254183
d1,bull,300,trend+price200+macd,967,0.03562421,0.05170631,0.01608210,1.45143725
d1,bull,300,trend+price200+adx,659,0.03562421,0.04400607,0.00838186,1.23528543
d1,bull,300,trend+price200+di,1204,0.03562421,0.04485050,0.00922629,1.25898921
d1,bull,300,trend+price200+volatility,532,0.03562421,0.05263158,0.01700737,1.47741034
d1,bull,300,trend+price200+bb,1112,0.03562421,0.04586331,0.01023910,1.28741962
d1,bull,300,trend+price200+body,610,0.03562421,0.03934426,0.00372005,1.10442478
d1,bull,300,trend+momentum+macd,712,0.03562421,0.04775281,0.01212860,1.34045938
d1,bull,300,trend+momentum+adx,422,0.03562421,0.04028436,0.00466015,1.13081408
d1,bull,300,trend+momentum+di,946,0.03562421,0.04016913,0.00454492,1.12757956
d1,bull,300,trend+momentum+volatility,359,0.03562421,0.05013928,0.01451506,1.40744940
d1,bull,300,trend+momentum+bb,867,0.03562421,0.04036909,0.00474488,1.13319248
d1,bull,300,trend+momentum+body,413,0.03562421,0.04358354,0.00795932,1.22342454
d1,bull,300,trend+macd+adx,422,0.03562421,0.05450237,0.01887816,1.52992493
d1,bull,300,trend+macd+di,914,0.03562421,0.05142232,0.01579811,1.44346546
d1,bull,300,trend+macd+volatility,297,0.03562421,0.07744108,0.04181687,2.17383272
d1,bull,300,trend+macd+bb,933,0.03562421,0.05359057,0.01796636,1.50432993
d1,bull,300,trend+macd+body,368,0.03562421,0.04076087,0.00513666,1.14419007
d1,bull,300,trend+adx+di,566,0.03562421,0.04593640,0.01031218,1.28947122
d1,bull,300,trend+adx+volatility,301,0.03562421,0.04983389,0.01420968,1.39887690
d1,bull,300,trend+adx+bb,512,0.03562421,0.04492188,0.00929766,1.26099281
d1,bull,300,trend+adx+body,276,0.03562421,0.03623188,0.00060767,1.01705784
d1,bull,300,trend+di+volatility,386,0.03562421,0.05440415,0.01877993,1.52716768
d1,bull,300,trend+di+bb,1059,0.03562421,0.04532578,0.00970157,1.27233072
d1,bull,300,trend+di+body,462,0.03562421,0.03679654,0.00117232,1.03290809
d1,bull,300,trend+volatility+bb,346,0.03562421,0.06647399,0.03084978,1.86597780
d1,bull,300,trend+volatility+body,233,0.03562421,0.03862661,0.00300240,1.08427969
d1,bull,300,trend+bb+body,400,0.03562421,0.03750000,0.00187579,1.05265487
d1,bull,300,price20+price200+momentum,1260,0.03562421,0.03809524,0.00247103,1.06936367
d1,bull,300,price20+price200+macd,1291,0.03562421,0.04647560,0.01085139,1.30460712
d1,bull,300,price20+price200+adx,675,0.03562421,0.03851852,0.00289431,1.08124549
d1,bull,300,price20+price200+di,1459,0.03562421,0.04249486,0.00687065,1.19286455
d1,bull,300,price20+price200+volatility,477,0.03562421,0.05660377,0.02097956,1.58891301
d1,bull,300,price20+price200+bb,1481,0.03562421,0.04051317,0.00488895,1.13723686
d1,bull,300,price20+price200+body,541,0.03562421,0.03512015,-0.00050406,0.98585052
d1,bull,300,price20+momentum+macd,1343,0.03562421,0.04020849,0.00458428,1.12868430
d1,bull,300,price20+momentum+adx,576,0.03562421,0.02604167,-0.00958255,0.73101032
d1,bull,300,price20+momentum+di,1480,0.03562421,0.03783784,0.00221363,1.06213824
d1,bull,300,price20+momentum+volatility,518,0.03562421,0.05212355,0.01649934,1.46314962
d1,bull,300,price20+momentum+bb,1547,0.03562421,0.03490627,-0.00071794,0.97984681
d1,bull,300,price20+momentum+body,533,0.03562421,0.03564728,0.00002307,1.00064753
d1,bull,300,price20+macd+adx,636,0.03562421,0.03773585,0.00211164,1.05927534
d1,bull,300,price20+macd+di,1537,0.03562421,0.04489265,0.00926844,1.26017239
d1,bull,300,price20+macd+volatility,533,0.03562421,0.06378987,0.02816566,1.79063242
d1,bull,300,price20+macd+bb,1625,0.03562421,0.04307692,0.00745271,1.20920354
d1,bull,300,price20+macd+body,556,0.03562421,0.03956835,0.00394413,1.11071497
d1,bull,300,price20+adx+di,731,0.03562421,0.03419973,-0.00142449,0.96001356
d1,bull,300,price20+adx+volatility,320,0.03562421,0.04687500,0.01125079,1.31581858
d1,bull,300,price20+adx+bb,750,0.03562421,0.03200000,-0.00362421,0.89826549
d1,bull,300,price20+adx+body,271,0.03562421,0.02583026,-0.00979395,0.72507592
d1,bull,300,price20+di+volatility,563,0.03562421,0.05861456,0.02299035,1.64535752
d1,bull,300,price20+di+bb,1724,0.03562421,0.04002320,0.00439899,1.12348315
d1,bull,300,price20+di+body,605,0.03562421,0.03801653,0.00239232,1.06715425
d1,bull,300,price20+volatility+bb,589,0.03562421,0.05602716,0.02040295,1.57272714
d1,bull,300,price20+volatility+body,205,0.03562421,0.04390244,0.00827823,1.23237643
d1,bull,300,price20+bb+body,616,0.03562421,0.03409091,-0.00153330,0.95695897
d1,bull,300,price200+momentum+macd,1042,0.03562421,0.04318618,0.00756197,1.21227048
d1,bull,300,price200+momentum+adx,541,0.03562421,0.03327172,-0.00235249,0.93396365
d1,bull,300,price200+momentum+di,1276,0.03562421,0.03840125,0.00277704,1.07795378
d1,bull,300,price200+momentum+volatility,468,0.03562421,0.04700855,0.01138434,1.31956735
d1,bull,300,price200+momentum+bb,1216,0.03562421,0.03700658,0.00138237,1.03880415
d1,bull,300,price200+momentum+body,532,0.03562421,0.04135338,0.00572917,1.16082241
d1,bull,300,price200+macd+adx,545,0.03562421,0.04587156,0.01024735,1.28765121
d1,bull,300,price200+macd+di,1257,0.03562421,0.04614161,0.01051740,1.29523166
d1,bull,300,price200+macd+volatility,416,0.03562421,0.06730769,0.03168348,1.88938053
d1,bull,300,price200+macd+bb,1297,0.03562421,0.04626060,0.01063639,1.29857193
d1,bull,300,price200+macd+body,495,0.03562421,0.04040404,0.00477983,1.13417359
d1,bull,300,price200+adx+di,691,0.03562421,0.03907381,0.00344959,1.09683286
d1,bull,300,price200+adx+volatility,368,0.03562421,0.04891304,0.01328883,1.37302809
d1,bull,300,price200+adx+bb,650,0.03562421,0.03692308,0.00129887,1.03646018
d1,bull,300,price200+adx+body,327,0.03562421,0.04281346,0.00718924,1.20180780
d1,bull,300,price200+di+volatility,494,0.03562421,0.05060729,0.01498308,1.42058687
d1,bull,300,price200+di+bb,1425,0.03562421,0.04070175,0.00507754,1.14253066
d1,bull,300,price200+di+body,579,0.03562421,0.03626943,0.00064522,1.01811179
d1,bull,300,price200+volatility+bb,461,0.03562421,0.05639913,0.02077492,1.58316856
d1,bull,300,price200+volatility+body,276,0.03562421,0.04710145,0.01147724,1.32217520
d1,bull,300,price200+bb+body,526,0.03562421,0.03422053,-0.00140368,0.96059760
d1,bull,300,momentum+macd+adx,459,0.03562421,0.02832244,-0.00730177,0.79503345
d1,bull,300,momentum+macd+di,1304,0.03562421,0.03987730,0.00425309,1.11938759
d1,bull,300,momentum+macd+volatility,480,0.03562421,0.05833333,0.02270912,1.63746313
d1,bull,300,momentum+macd+bb,1394,0.03562421,0.03945481,0.00383059,1.10752784
d1,bull,300,momentum+macd+body,506,0.03562421,0.03952569,0.00390148,1.10951765
d1,bull,300,momentum+adx+di,575,0.03562421,0.02782609,-0.00779812,0.78110042
d1,bull,300,momentum+adx+volatility,279,0.03562421,0.02867384,-0.00695038,0.80489739
d1,bull,300,momentum+adx+bb,559,0.03562421,0.02325581,-0.01236840,0.65280922
d1,bull,300,momentum+adx+body,239,0.03562421,0.02928870,-0.00633551,0.82215722
d1,bull,300,momentum+di+volatility,517,0.03562421,0.04835590,0.01273169,1.35738861
d1,bull,300,momentum+di+bb,1466,0.03562421,0.03547067,-0.00015354,0.99568992
d1,bull,300,momentum+di+body,585,0.03562421,0.03589744,0.00027322,1.00766962
d1,bull,300,momentum+volatility+bb,515,0.03562421,0.05242718,0.01680297,1.47167282
d1,bull,300,momentum+volatility+body,231,0.03562421,0.05194805,0.01632384,1.45822319
d1,bull,300,momentum+bb+body,536,0.03562421,0.03544776,-0.00017645,0.99504689
d1,bull,300,macd+adx+di,610,0.03562421,0.03770492,0.00208071,1.05840708
d1,bull,300,macd+adx+volatility,333,0.03562421,0.04804805,0.01242384,1.34874698
d1,bull,300,macd+adx+bb,663,0.03562421,0.03619910,0.00057488,1.01613743
d1,bull,300,macd+adx+body,277,0.03562421,0.02888087,-0.00674335,0.81070892
d1,bull,300,macd+di+volatility,519,0.03562421,0.06165703,0.02603282,1.73076202
d1,bull,300,macd+di+bb,1564,0.03562421,0.04347826,0.00785405,1.22046941
d1,bull,300,macd+di+body,574,0.03562421,0.03832753,0.00270331,1.07588418
d1,bull,300,macd+volatility+bb,571,0.03562421,0.06129597,0.02567176,1.72062675
d1,bull,300,macd+volatility+body,244,0.03562421,0.05327869,0.01765448,1.49557522
d1,bull,300,macd+bb+body,586,0.03562421,0.03924915,0.00362493,1.10175481
d1,bull,300,adx+di+volatility,320,0.03562421,0.04375000,0.00812579,1.22809735
d1,bull,300,adx+di+bb,714,0.03562421,0.03221289,-0.00341133,0.90424134
d1,bull,300,adx+di+body,289,0.03562421,0.03114187,-0.00448234,0.87417705
d1,bull,300,adx+volatility+bb,319,0.03562421,0.04388715,0.00826294,1.23194718
d1,bull,300,adx+volatility+body,239,0.03562421,0.03765690,0.00203269,1.05705928
d1,bull,300,adx+bb+body,264,0.03562421,0.02272727,-0.01289694,0.63797265
d1,bull,300,di+volatility+bb,554,0.03562421,0.05595668,0.02033247,1.57074854
d1,bull,300,di+volatility+body,226,0.03562421,0.03982301,0.00419880,1.11786358
d1,bull,300,di+bb+body,602,0.03562421,0.03488372,-0.00074049,0.97921383
d1,bull,300,volatility+bb+body,211,0.03562421,0.04739336,0.01176915,1.33036950
d1,bull,300,trend+price20+price200+momentum,905,0.03562421,0.04088398,0.00525977,1.14764582
d1,bull,300,trend+price20+price200+macd,927,0.03562421,0.05285868,0.01723447,1.48378536
d1,bull,300,trend+price20+price200+adx,538,0.03562421,0.04646840,0.01084419,1.30440504
d1,bull,300,trend+price20+price200+di,1090,0.03562421,0.04678899,0.01116478,1.31340424
d1,bull,300,trend+price20+price200+volatility,359,0.03562421,0.06406685,0.02844264,1.79840757
d1,bull,300,trend+price20+price200+bb,1092,0.03562421,0.04578755,0.01016333,1.28529288
d1,bull,300,trend+price20+price200+body,415,0.03562421,0.03614458,0.00052037,1.01460710
d1,bull,300,trend+price20+momentum+macd,678,0.03562421,0.04867257,0.01304835,1.36627770
d1,bull,300,trend+price20+momentum+adx,361,0.03562421,0.03878116,0.00315695,1.08861815
d1,bull,300,trend+price20+momentum+di,843,0.03562421,0.04151839,0.00589417,1.16545418
d1,bull,300,trend+price20+momentum+volatility,273,0.03562421,0.05494505,0.01932084,1.54235145
d1,bull,300,trend+price20+momentum+bb,847,0.03562421,0.04014168,0.00451746,1.12680883
d1,bull,300,trend+price20+momentum+body,317,0.03562421,0.03785489,0.00223068,1.06261690
d1,bull,300,trend+price20+macd+adx,416,0.03562421,0.05528846,0.01966425,1.55199115
d1,bull,300,trend+price20+macd+di,891,0.03562421,0.05274972,0.01712551,1.48072664
d1,bull,300,trend+price20+macd+volatility,280,0.03562421,0.07857143,0.04294722,2.20556258
d1,bull,300,trend+price20+macd+bb,916,0.03562421,0.05349345,0.01786924,1.50160374
d1,bull,300,trend+price20+macd+body,338,0.03562421,0.04142012,0.00579591,1.16269571
d1,bull,300,trend+price20+adx+di,522,0.03562421,0.04597701,0.01035280,1.29061133
d1,bull,300,trend+price20+adx+volatility,218,0.03562421,0.06880734,0.03318313,1.93147682
d1,bull,300,trend+price20+adx+bb,510,0.03562421,0.04509804,0.00947383,1.26593788
d1,bull,300,trend+price20+adx+body,201,0.03562421,0.02985075,-0.00577347,0.83793422
d1,bull,300,trend+price20+di+volatility,333,0.03562421,0.06306306,0.02743885,1.77023041
d1,bull,300,trend+price20+di+bb,1044,0.03562421,0.04597701,0.01035280,1.29061133
d1,bull,300,trend+price20+di+body,391,0.03562421,0.03836317,0.00273896,1.07688477
d1,bull,300,trend+price20+volatility+bb,334,0.03562421,0.06586826,0.03024405,1.84897462
d1,bull,300,trend+price20+volatility+body,134,0.03562421,0.03731343,0.00168922,1.04741778
d1,bull,300,trend+price20+bb+body,386,0.03562421,0.03626943,0.00064522,1.01811179
d1,bull,300,trend+price200+momentum+macd,711,0.03562421,0.04781997,0.01219576,1.34234470
d1,bull,300,trend+price200+momentum+adx,422,0.03562421,0.04028436,0.00466015,1.13081408
d1,bull,300,trend+price200+momentum+di,942,0.03562421,0.04033970,0.00471549,1.13236759
d1,bull,300,trend+price200+momentum+volatility,358,0.03562421,0.05027933,0.01465512,1.41138083
d1,bull,300,trend+price200+momentum+bb,867,0.03562421,0.04036909,0.00474488,1.13319248
d1,bull,300,trend+price200+momentum+body,409,0.03562421,0.04400978,0.00838557,1.23538958
d1,bull,300,trend+price200+macd+adx,422,0.03562421,0.05450237,0.01887816,1.52992493
d1,bull,300,trend+price200+macd+di,913,0.03562421,0.05147864,0.01585443,1.44504648
d1,bull,300,trend+price200+macd+volatility,296,0.03562421,0.07770270,0.04207849,2.18117675
d1,bull,300,trend+price200+macd+bb,933,0.03562421,0.05359057,0.01796636,1.50432993
d1,bull,300,trend+price200+macd+body,366,0.03562421,0.04098361,0.00535939,1.15044248
d1,bull,300,trend+price200+adx+di,566,0.03562421,0.04593640,0.01031218,1.28947122
d1,bull,300,trend+price200+adx+volatility,296,0.03562421,0.05067568,0.01505146,1.42250658
d1,bull,300,trend+price200+adx+bb,512,0.03562421,0.04492188,0.00929766,1.26099281
d1,bull,300,trend+price200+adx+body,271,0.03562421,0.03690037,0.00127616,1.03582275
d1,bull,300,trend+price200+di+volatility,385,0.03562421,0.05454545,0.01892124,1.53113435
d1,bull,300,trend+price200+di+bb,1059,0.03562421,0.04532578,0.00970157,1.27233072
d1,bull,300,trend+price200+di+body,455,0.03562421,0.03736264,0.00173843,1.04879899
d1,bull,300,trend+price200+volatility+bb,346,0.03562421,0.06647399,0.03084978,1.86597780
d1,bull,300,trend+price200+volatility+body,226,0.03562421,0.03982301,0.00419880,1.11786358
d1,bull,300,trend+price200+bb+body,400,0.03562421,0.03750000,0.00187579,1.05265487
d1,bull,300,trend+momentum+macd+adx,249,0.03562421,0.04819277,0.01256856,1.35280947
d1,bull,300,trend+momentum+macd+di,671,0.03562421,0.04619970,0.01057549,1.29686243
d1,bull,300,trend+momentum+macd+volatility,213,0.03562421,0.07042254,0.03479832,1.97681665
d1,bull,300,trend+momentum+macd+bb,693,0.03562421,0.04906205,0.01343784,1.37721079
d1,bull,300,trend+momentum+macd+body,264,0.03562421,0.04545455,0.00983033,1.27594529
d1,bull,300,trend+momentum+adx+di,383,0.03562421,0.03916449,0.00354028,1.09937845
d1,bull,300,trend+momentum+adx+volatility,176,0.03562421,0.04545455,0.00983033,1.27594529
d1,bull,300,trend+momentum+adx+bb,335,0.03562421,0.03582090,0.00019668,1.00552107
d1,bull,300,trend+momentum+adx+body,162,0.03562421,0.03703704,0.00141283,1.03965913
d1,bull,300,trend+momentum+di+volatility,292,0.03562421,0.04452055,0.00889634,1.24972724
d1,bull,300,trend+momentum+di+bb,814,0.03562421,0.03931204,0.00368783,1.10352025
d1,bull,300,trend+momentum+di+body,354,0.03562421,0.03954802,0.00392381,1.11014449
d1,bull,300,trend+momentum+volatility+bb,260,0.03562421,0.05769231,0.02206810,1.61946903
d1,bull,300,trend+momentum+volatility+body,146,0.03562421,0.04794521,0.01232099,1.34586010
d1,bull,300,trend+momentum+bb+body,304,0.03562421,0.03947368,0.00384947,1.10805776
d1,bull,300,trend+macd+adx+di,412,0.03562421,0.05339806,0.01777385,1.49892602
d1,bull,300,trend+macd+adx+volatility,171,0.03562421,0.08187135,0.04624713,2.29819386
d1,bull,300,trend+macd+adx+bb,417,0.03562421,0.05515588,0.01953166,1.54826935
d1,bull,300,trend+macd+adx+body,165,0.03562421,0.03030303,-0.00532118,0.85063020
d1,bull,300,trend+macd+di+volatility,279,0.03562421,0.07168459,0.03606038,2.01224347
d1,bull,300,trend+macd+di+bb,902,0.03562421,0.05210643,0.01648222,1.46266900
d1,bull,300,trend+macd+di+body,344,0.03562421,0.04069767,0.00507346,1.14241614
d1,bull,300,trend+macd+volatility+bb,289,0.03562421,0.07958478,0.04396056,2.23400802
d1,bull,300,trend+macd+volatility+body,122,0.03562421,0.04918033,0.01355612,1.38053097
d1,bull,300,trend+macd+bb+body,347,0.03562421,0.04322767,0.00760345,1.21343501
d1,bull,300,trend+adx+di+volatility,235,0.03562421,0.05957447,0.02395026,1.67230277
d1,bull,300,trend+adx+di+bb,500,0.03562421,0.04400000,0.00837579,1.23511504
d1,bull,300,trend+adx+di+body,222,0.03562421,0.03603604,0.00041182,1.01156023
d1,bull,300,trend+adx+volatility+bb,203,0.03562421,0.06896552,0.03334131,1.93591700
d1,bull,300,trend+adx+volatility+body,135,0.03562421,0.01481481,-0.02080940,0.41586365
d1,bull,300,trend+adx+bb+body,188,0.03562421,0.02659574,-0.00902847,0.74656374
d1,bull,300,trend+di+volatility+bb,320,0.03562421,0.06250000,0.02687579,1.75442478
d1,bull,300,trend+di+volatility+body,154,0.03562421,0.03246753,-0.00315668,0.91138950
d1,bull,300,trend+di+bb+body,381,0.03562421,0.03674541,0.00112119,1.03147284
d1,bull,300,trend+volatility+bb+body,129,0.03562421,0.04651163,0.01088742,1.30561844
d1,bull,300,price20+price200+momentum+macd,992,0.03562421,0.04435484,0.00873063,1.24507565
d1,bull,300,price20+price200+momentum+adx,472,0.03562421,0.03177966,-0.00384455,0.89208040
d1,bull,300,price20+price200+momentum+di,1165,0.03562421,0.03948498,0.00386077,1.10837480
d1,bull,300,price20+price200+momentum+volatility,374,0.03562421,0.05080214,0.01517793,1.42605650
d1,bull,300,price20+price200+momentum+bb,1191,0.03562421,0.03694374,0.00131953,1.03704034
d1,bull,300,price20+price200+momentum+body,427,0.03562421,0.03747073,0.00184651,1.05183312
d1,bull,300,price20+price200+macd+adx,532,0.03562421,0.04511278,0.00948857,1.26635172
d1,bull,300,price20+price200+macd+di,1226,0.03562421,0.04730832,0.01168411,1.32798221
d1,bull,300,price20+price200+macd+volatility,391,0.03562421,0.06649616,0.03087195,1.86660028
d1,bull,300,price20+price200+macd+bb,1272,0.03562421,0.04638365,0.01075944,1.30202594
d1,bull,300,price20+price200+macd+body,455,0.03562421,0.03956044,0.00393623,1.11049305
d1,bull,300,price20+price200+adx+di,646,0.03562421,0.03869969,0.00307548,1.08633113
d1,bull,300,price20+price200+adx+volatility,266,0.03562421,0.05639098,0.02076677,1.58293965
d1,bull,300,price20+price200+adx+bb,644,0.03562421,0.03726708,0.00164287,1.04611664
d1,bull,300,price20+price200+adx+body,243,0.03562421,0.02880658,-0.00681763,0.80862377
d1,bull,300,price20+price200+di+volatility,440,0.03562421,0.05681818,0.02119397,1.59493162
d1,bull,300,price20+price200+di+bb,1407,0.03562421,0.04122246,0.00559825,1.15714726
d1,bull,300,price20+price200+di+body,507,0.03562421,0.03747535,0.00185113,1.05196279
d1,bull,300,price20+price200+volatility+bb,446,0.03562421,0.05605381,0.02042960,1.57347514
d1,bull,300,price20+price200+volatility+body,168,0.03562421,0.04166667,0.00604245,1.16961652
d1,bull,300,price20+price200+bb+body,510,0.03562421,0.03333333,-0.00229088,0.93569322
d1,bull,300,price20+momentum+macd+adx,436,0.03562421,0.02981651,-0.00580770,0.83697329
d1,bull,300,price20+momentum+macd+di,1244,0.03562421,0.04180064,0.00617643,1.17337734
d1,bull,300,price20+momentum+macd+volatility,432,0.03562421,0.06018519,0.02456097,1.68944608
d1,bull,300,price20+momentum+macd+bb,1336,0.03562421,0.03967066,0.00404645,1.11358699
d1,bull,300,price20+momentum+macd+body,442,0.03562421,0.04072398,0.00509977,1.14315461
d1,bull,300,price20+momentum+adx+di,526,0.03562421,0.02661597,-0.00900824,0.74713146
d1,bull,300,price20+momentum+adx+volatility,236,0.03562421,0.03389831,-0.00172591,0.95155242
d1,bull,300,price20+momentum+adx+bb,545,0.03562421,0.02385321,-0.01177100,0.66957863
d1,bull,300,price20+momentum+adx+body,198,0.03562421,0.02020202,-0.01542219,0.56708680
d1,bull,300,price20+momentum+di+volatility,459,0.03562421,0.05446623,0.01884202,1.52891048
d1,bull,300,price20+momentum+di+bb,1430,0.03562421,0.03636364,0.00073942,1.02075623
d1,bull,300,price20+momentum+di+body,493,0.03562421,0.03853955,0.00291534,1.08183597
d1,bull,300,price20+momentum+volatility+bb,485,0.03562421,0.05154639,0.01592218,1.44694827
d1,bull,300,price20+momentum+volatility+body,170,0.03562421,0.04705882,0.01143461,1.32097866
d1,bull,300,price20+momentum+bb+body,504,0.03562421,0.03373016,-0.00189405,0.94683242
d1,bull,300,price20+macd+adx+di,597,0.03562421,0.03852596,0.00290175,1.08145447
d1,bull,300,price20+macd+adx+volatility,264,0.03562421,0.05303030,0.01740609,1.48860284
d1,bull,300,price20+macd+adx+bb,635,0.03562421,0.03779528,0.00217106,1.06094349
d1,bull,300,price20+macd+adx+body,222,0.03562421,0.02702703,-0.00859718,0.75867017
d1,bull,300,price20+macd+di+volatility,493,0.03562421,0.06490872,0.02928451,1.82203953
d1,bull,300,price20+macd+di+bb,1530,0.03562421,0.04444444,0.00882023,1.24759095
d1,bull,300,price20+macd+di+body,524,0.03562421,0.04198473,0.00636052,1.17854489
d1,bull,300,price20+macd+volatility+bb,530,0.03562421,0.06226415,0.02663994,1.74780431
d1,bull,300,price20+macd+volatility+body,177,0.03562421,0.05084746,0.01522325,1.42732863
d1,bull,300,price20+macd+bb+body,550,0.03562421,0.03818182,0.00255761,1.07179405
d1,bull,300,price20+adx+di+volatility,289,0.03562421,0.04844291,0.01281869,1.35983097
d1,bull,300,price20+adx+di+bb,707,0.03562421,0.03253182,-0.00309239,0.91319423
d1,bull,300,price20+adx+di+body,257,0.03562421,0.02723735,-0.00838686,0.76457422
d1,bull,300,price20+adx+volatility+bb,300,0.03562421,0.04666667,0.01104245,1.30997050
d1,bull,300,price20+adx+volatility+body,108,0.03562421,0.01851852,-0.01710569,0.51982956
d1,bull,300,price20+adx+bb+body,256,0.03562421,0.02343750,-0.01218671,0.65790929
d1,bull,300,price20+di+volatility+bb,539,0.03562421,0.05751391,0.02188970,1.61446139
d1,bull,300,price20+di+volatility+body,188,0.03562421,0.04787234,0.01224813,1.34381472
d1,bull,300,price20+di+bb+body,581,0.03562421,0.03614458,0.00052037,1.01460710
d1,bull,300,price20+volatility+bb+body,192,0.03562421,0.04166667,0.00604245,1.16961652
d1,bull,300,price200+momentum+macd+adx,341,0.03562421,0.03812317,0.00249896,1.07014767
d1,bull,300,price200+momentum+macd+di,965,0.03562421,0.04352332,0.00789910,1.22173415
d1,bull,300,price200+momentum+macd+volatility,312,0.03562421,0.06089744,0.02527322,1.70943953
d1,bull,300,price200+momentum+macd+bb,1009,0.03562421,0.04360753,0.00798332,1.22409816
d1,bull,300,price200+momentum+macd+body,369,0.03562421,0.04336043,0.00773622,1.21716191
d1,bull,300,price200+momentum+adx+di,482,0.03562421,0.03319502,-0.00242919,0.93181067
d1,bull,300,price200+momentum+adx+volatility,216,0.03562421,0.03703704,0.00141283,1.03965913
d1,bull,300,price200+momentum+adx+bb,444,0.03562421,0.02927928,-0.00634493,0.82189269
d1,bull,300,price200+momentum+adx+body,202,0.03562421,0.03465347,-0.00097075,0.97275037
d1,bull,300,price200+momentum+di+volatility,383,0.03562421,0.04438642,0.00876221,1.24596224
d1,bull,300,price200+momentum+di+bb,1135,0.03562421,0.03700441,0.00138019,1.03874313
d1,bull,300,price200+momentum+di+body,459,0.03562421,0.03921569,0.00359147,1.10081555
d1,bull,300,price200+momentum+volatility+bb,357,0.03562421,0.05042017,0.01479596,1.41533428
d1,bull,300,price200+momentum+volatility+body,177,0.03562421,0.05084746,0.01522325,1.42732863
d1,bull,300,price200+momentum+bb+body,415,0.03562421,0.03614458,0.00052037,1.01460710
d1,bull,300,price200+macd+adx+di,518,0.03562421,0.04440154,0.00877733,1.24638672
d1,bull,300,price200+macd+adx+volatility,218,0.03562421,0.06880734,0.03318313,1.93147682
d1,bull,300,price200+macd+adx+bb,537,0.03562421,0.04469274,0.00906853,1.25456074
d1,bull,300,price200+macd+adx+body,202,0.03562421,0.03465347,-0.00097075,0.97275037
d1,bull,300,price200+macd+di+volatility,384,0.03562421,0.06250000,0.02687579,1.75442478
d1,bull,300,price200+macd+di+bb,1236,0.03562421,0.04611650,0.01049229,1.29452702
d1,bull,300,price200+macd+di+body,455,0.03562421,0.03956044,0.00393623,1.11049305
d1,bull,300,price200+macd+volatility+bb,402,0.03562421,0.06467662,0.02905241,1.81552415
d1,bull,300,price200+macd+volatility+body,158,0.03562421,0.05696203,0.02133781,1.59896942
d1,bull,300,price200+macd+bb+body,464,0.03562421,0.03879310,0.00316889,1.08895331
d1,bull,300,price200+adx+di+volatility,274,0.03562421,0.05109489,0.01547068,1.43427427
d1,bull,300,price200+adx+di+bb,624,0.03562421,0.03685897,0.00123476,1.03466077
d1,bull,300,price200+adx+di+body,261,0.03562421,0.03448276,-0.00114145,0.96795850
d1,bull,300,price200+adx+volatility+bb,249,0.03562421,0.05622490,0.02060069,1.57827771
d1,bull,300,price200+adx+volatility+body,150,0.03562421,0.02666667,-0.00895755,0.74855457
d1,bull,300,price200+adx+bb+body,230,0.03562421,0.02608696,-0.00953726,0.73228165
d1,bull,300,price200+di+volatility+bb,426,0.03562421,0.05399061,0.01836640,1.51555943
d1,bull,300,price200+di+volatility+body,186,0.03562421,0.03763441,0.00201020,1.05642782
d1,bull,300,price200+di+bb+body,498,0.03562421,0.03413655,-0.00148767,0.95824004
d1,bull,300,price200+volatility+bb+body,163,0.03562421,0.04294479,0.00732057,1.20549433
d1,bull,300,momentum+macd+adx+di,408,0.03562421,0.02941176,-0.00621245,0.82561166
d1,bull,300,momentum+macd+adx+volatility,196,0.03562421,0.03571429,0.00009007,1.00252845
d1,bull,300,momentum+macd+adx+bb,449,0.03562421,0.02895323,-0.00667098,0.81274021
d1,bull,300,momentum+macd+adx+body,161,0.03562421,0.01863354,-0.01699067,0.52305832
d1,bull,300,momentum+macd+di+volatility,414,0.03562421,0.05797101,0.02234680,1.62729255
d1,bull,300,momentum+macd+di+bb,1274,0.03562421,0.04003140,0.00440719,1.12371320
d1,bull,300,momentum+macd+di+body,451,0.03562421,0.03991131,0.00428710,1.12034221
d1,bull,300,momentum+macd+volatility+bb,457,0.03562421,0.05908096,0.02345675,1.65844968
d1,bull,300,momentum+macd+volatility+body,170,0.03562421,0.05882353,0.02319932,1.65122332
d1,bull,300,momentum+macd+bb+body,470,0.03562421,0.04042553,0.00480132,1.13477688
d1,bull,300,momentum+adx+di+volatility,231,0.03562421,0.03030303,-0.00532118,0.85063020
d1,bull,300,momentum+adx+di+bb,509,0.03562421,0.02357564,-0.01204857,0.66178695
d1,bull,300,momentum+adx+di+body,211,0.03562421,0.02843602,-0.00718819,0.79822170
d1,bull,300,momentum+adx+volatility+bb,224,0.03562421,0.03125000,-0.00437421,0.87721239
d1,bull,300,momentum+adx+volatility+body,100,0.03562421,0.01000000,-0.02562421,0.28070796
d1,bull,300,momentum+adx+bb+body,189,0.03562421,0.01587302,-0.01975120,0.44556820
d1,bull,300,momentum+di+volatility+bb,450,0.03562421,0.05111111,0.01548690,1.43472960
d1,bull,300,momentum+di+volatility+body,183,0.03562421,0.04371585,0.00809164,1.22713864
d1,bull,300,momentum+di+bb+body,490,0.03562421,0.03469388,-0.00093033,0.97388478
d1,bull,300,momentum+volatility+bb+body,172,0.03562421,0.05232558,0.01670137,1.46882075
d1,bull,300,macd+adx+di+volatility,249,0.03562421,0.05220884,0.01658462,1.46554359
d1,bull,300,macd+adx+di+bb,604,0.03562421,0.03807947,0.00245526,1.06892106
d1,bull,300,macd+adx+di+body,220,0.03562421,0.02727273,-0.00835148,0.76556718
d1,bull,300,macd+adx+volatility+bb,282,0.03562421,0.04964539,0.01402118,1.39358564
d1,bull,300,macd+adx+volatility+body,123,0.03562421,0.03252033,-0.00310389,0.91287143
d1,bull,300,macd+adx+bb+body,229,0.03562421,0.02620087,-0.00942334,0.73547938
d1,bull,300,macd+di+volatility+bb,505,0.03562421,0.06138614,0.02576193,1.72315780
d1,bull,300,macd+di+volatility+body,181,0.03562421,0.04972376,0.01409955,1.39578546
d1,bull,300,macd+di+bb+body,543,0.03562421,0.03867403,0.00304982,1.08561091
d1,bull,300,macd+volatility+bb+body,194,0.03562421,0.05154639,0.01592218,1.44694827
d1,bull,300,adx+di+volatility+bb,278,0.03562421,0.04676259,0.01113838,1.31266314
d1,bull,300,adx+di+volatility+body,115,0.03562421,0.01739130,-0.01823291,0.48818776
d1,bull,300,adx+di+bb+body,248,0.03562421,0.02419355,-0.01143066,0.67913217
d1,bull,300,adx+volatility+bb+body,104,0.03562421,0.01923077,-0.01639344,0.53982301
d1,bull,300,di+volatility+bb+body,185,0.03562421,0.04324324,0.00761903,1.21387228
d1,bear,100,trend,922,0.27770224,0.27331887,-0.00438337,0.98421557
d1,bear,100,price20,1529,0.27770224,0.29496403,0.01726179,1.06215933
d1,bear,100,price200,1263,0.27770224,0.28186857,0.00416632,1.01500284
d1,bear,100,momentum,1719,0.27770224,0.27283304,-0.00486920,0.98246611
d1,bear,100,rsi_extreme,125,0.27770224,0.32800000,0.05029776,1.18112118
d1,bear,100,macd,1738,0.27770224,0.29516686,0.01746462,1.06288972
d1,bear,100,adx,1099,0.27770224,0.29299363,0.01529139,1.05506397
d1,bear,100,di,1620,0.27770224,0.31049383,0.03279158,1.11808181
d1,bear,100,volatility,1103,0.27770224,0.35358114,0.07587890,1.27323834
d1,bear,100,bb,1577,0.27770224,0.29613190,0.01842965,1.06636480
d1,bear,100,body,1295,0.27770224,0.31660232,0.03890007,1.14007835
d1,bear,100,trend+price20,623,0.27770224,0.27287319,-0.00482905,0.98261069
d1,bear,100,trend+price200,877,0.27770224,0.26795895,-0.00974329,0.96491461
d1,bear,100,trend+momentum,660,0.27770224,0.25757576,-0.02012649,0.92752494
d1,bear,100,trend+macd,510,0.27770224,0.30000000,0.02229776,1.08029376
d1,bear,100,trend+adx,338,0.27770224,0.28994083,0.01223859,1.04407089
d1,bear,100,trend+di,664,0.27770224,0.28313253,0.00543029,1.01955435
d1,bear,100,trend+volatility,391,0.27770224,0.34015345,0.06245121,1.22488551
d1,bear,100,trend+bb,600,0.27770224,0.27666667,-0.00103558,0.99627091
d1,bear,100,trend+body,384,0.27770224,0.28906250,0.01136026,1.04090805
d1,bear,100,price20+price200,958,0.27770224,0.28810021,0.01039797,1.03744286
d1,bear,100,price20+momentum,1327,0.27770224,0.28636021,0.00865797,1.03117716
d1,bear,100,price20+macd,1325,0.27770224,0.31245283,0.03475059,1.12513614
d1,bear,100,price20+adx,621,0.27770224,0.30434783,0.02664558,1.09595019
d1,bear,100,price20+di,1393,0.27770224,0.31155779,0.03385555,1.12191312
d1,bear,100,price20+volatility,636,0.27770224,0.37106918,0.09336694,1.33621240
d1,bear,100,price20+bb,1465,0.27770224,0.29965870,0.02195646,1.07906475
d1,bear,100,price20+body,512,0.27770224,0.28906250,0.01136026,1.04090805
d1,bear,100,price200+momentum,928,0.27770224,0.27370690,-0.00399535,0.98561284
d1,bear,100,price200+macd,834,0.27770224,0.30815348,0.03045123,1.10965426
d1,bear,100,price200+adx,482,0.27770224,0.29460581,0.01690357,1.06086939
d1,bear,100,price200+di,995,0.27770224,0.29748744,0.01978519,1.07124607
d1,bear,100,price200+volatility,529,0.27770224,0.35538752,0.07768528,1.27974308
d1,bear,100,price200+bb,935,0.27770224,0.29304813,0.01534588,1.05526021
d1,bear,100,price200+body,486,0.27770224,0.28189300,0.00419076,1.01509084
d1,bear,100,momentum+macd,1296,0.27770224,0.29706790,0.01936566,1.06973533
d1,bear,100,momentum+adx,594,0.27770224,0.29966330,0.02196106,1.07908131
d1,bear,100,momentum+di,1382,0.27770224,0.30246020,0.02475796,1.08915290
d1,bear,100,momentum+volatility,659,0.27770224,0.35356601,0.07586377,1.27318384
d1,bear,100,momentum+bb,1376,0.27770224,0.28851744,0.01081520,1.03894530
d1,bear,100,momentum+body,631,0.27770224,0.28367670,0.00597446,1.02151391
d1,bear,100,rsi_extreme+adx,93,0.27770224,0.36559140,0.08788915,1.31648702
d1,bear,100,rsi_extreme+volatility,50,0.27770224,0.40000000,0.12229776,1.44039168
d1,bear,100,rsi_extreme+body,84,0.27770224,0.40476190,0.12705966,1.45753920
d1,bear,100,macd+adx,664,0.27770224,0.30421687,0.02651462,1.09547861
d1,bear,100,macd+di,1328,0.27770224,0.32906627,0.05136402,1.18496077
d1,bear,100,macd+volatility,660,0.27770224,0.36969697,0.09199473,1.33127110
d1,bear,100,macd+bb,1412,0.27770224,0.30878187,0.03107963,1.11191709
d1,bear,100,macd+body,677,0.27770224,0.29689808,0.01919584,1.06912381
d1,bear,100,adx+di,641,0.27770224,0.32449298,0.04679074,1.16849247
d1,bear,100,adx+volatility,534,0.27770224,0.34644195,0.06873970,1.24753024
d1,bear,100,adx+bb,640,0.27770224,0.30937500,0.03167276,1.11405294
d1,bear,100,adx+body,476,0.27770224,0.33403361,0.05633137,1.20284809
d1,bear,100,di+volatility,686,0.27770224,0.37317784,0.09547560,1.34380565
d1,bear,100,di+bb,1421,0.27770224,0.31527094,0.03756869,1.13528408
d1,bear,100,di+body,604,0.27770224,0.30794702,0.03024478,1.10891081
d1,bear,100,volatility+bb,651,0.27770224,0.37173579,0.09403355,1.33861285
d1,bear,100,volatility+body,490,0.27770224,0.37551020,0.09780796,1.35220443
d1,bear,100,bb+body,544,0.27770224,0.29227941,0.01457717,1.05249208
d1,bear,100,trend+price20+price200,623,0.27770224,0.27287319,-0.00482905,0.98261069
d1,bear,100,trend+price20+momentum,516,0.27770224,0.26162791,-0.01607434,0.94211665
d1,bear,100,trend+price20+macd,482,0.27770224,0.30082988,0.02312763,1.08328212
d1,bear,100,trend+price20+adx,276,0.27770224,0.27173913,-0.00596311,0.97852695
d1,bear,100,trend+price20+di,580,0.27770224,0.28103448,0.00333224,1.01199932
d1,bear,100,trend+price20+volatility,261,0.27770224,0.32950192,0.05179967,1.18652954
d1,bear,100,trend+price20+bb,586,0.27770224,0.27645051,-0.00125173,0.99549254
d1,bear,100,trend+price20+body,203,0.27770224,0.26108374,-0.01661850,0.94015713
d1,bear,100,trend+price200+momentum,655,0.27770224,0.25648855,-0.02121369,0.92360993
d1,bear,100,trend+price200+macd,507,0.27770224,0.29980276,0.02210052,1.07958351
d1,bear,100,trend+price200+adx,333,0.27770224,0.28828829,0.01058604,1.03812013
d1,bear,100,trend+price200+di,663,0.27770224,0.28205128,0.00434904,1.01566080
d1,bear,100,trend+price200+volatility,374,0.27770224,0.33155080,0.05384856,1.19390754
d1,bear,100,trend+price200+bb,600,0.27770224,0.27666667,-0.00103558,0.99627091
d1,bear,100,trend+price200+body,352,0.27770224,0.26988636,-0.00781588,0.97185518
d1,bear,100,trend+momentum+macd,394,0.27770224,0.29187817,0.01417593,1.05104723
d1,bear,100,trend+momentum+adx,251,0.27770224,0.28286853,0.00516628,1.01860368
d1,bear,100,trend+momentum+di,557,0.27770224,0.27109515,-0.00660709,0.97620800
d1,bear,100,trend+momentum+volatility,258,0.27770224,0.33720930,0.05950706,1.21428368
d1,bear,100,trend+momentum+bb,502,0.27770224,0.26693227,-0.01076997,0.96121755
d1,bear,100,trend+momentum+body,249,0.27770224,0.26506024,-0.01264200,0.95447641
d1,bear,100,trend+macd+adx,198,0.27770224,0.32323232,0.04553008,1.16395287
d1,bear,100,trend+macd+di,472,0.27770224,0.30932203,0.03161979,1.11386221
d1,bear,100,trend+macd+volatility,210,0.27770224,0.34761905,0.06991680,1.25176896
d1,bear,100,trend+macd+bb,482,0.27770224,0.30082988,0.02312763,1.08328212
d1,bear,100,trend+macd+body,181,0.27770224,0.27071823,-0.00698401,0.97485072
d1,bear,100,trend+adx+di,296,0.27770224,0.28716216,0.00945992,1.03406497
d1,bear,100,trend+adx+volatility,169,0.27770224,0.31360947,0.03590722,1.12930117
d1,bear,100,trend+adx+bb,266,0.27770224,0.28571429,0.00801204,1.02885120
d1,bear,100,trend+adx+body,134,0.27770224,0.24626866,-0.03143359,0.88680831
d1,bear,100,trend+di+volatility,288,0.27770224,0.34375000,0.06604776,1.23783660
d1,bear,100,trend+di+bb,570,0.27770224,0.28421053,0.00650828,1.02343619
d1,bear,100,trend+di+body,253,0.27770224,0.26482213,-0.01288011,0.95361900
d1,bear,100,trend+volatility+bb,250,0.27770224,0.33200000,0.05429776,1.19552509
d1,bear,100,trend+volatility+body,161,0.27770224,0.37267081,0.09496856,1.34197982
d1,bear,100,trend+bb+body,201,0.27770224,0.24875622,-0.02894602,0.89576597
d1,bear,100,price20+price200+momentum,771,0.27770224,0.27885863,0.00115638,1.00416411
d1,bear,100,price20+price200+macd,796,0.27770224,0.30904523,0.03134298,1.11286543
d1,bear,100,price20+price200+adx,413,0.27770224,0.28329298,0.00559073,1.02013212
d1,bear,100,price20+price200+di,901,0.27770224,0.29744728,0.01974504,1.07110147
d1,bear,100,price20+price200+volatility,394,0.27770224,0.36294416,0.08524192,1.30695438
d1,bear,100,price20+price200+bb,914,0.27770224,0.29321663,0.01551439,1.05586698
d1,bear,100,price20+price200+body,311,0.27770224,0.26688103,-0.01082121,0.96103303
d1,bear,100,price20+momentum+macd,1125,0.27770224,0.30488889,0.02718665,1.09789854
d1,bear,100,price20+momentum+adx,496,0.27770224,0.29637097,0.01866872,1.06722569
d1,bear,100,price20+momentum+di,1203,0.27770224,0.30423940,0.02653716,1.09555975
d1,bear,100,price20+momentum+volatility,524,0.27770224,0.36259542,0.08489318,1.30569856
d1,bear,100,price20+momentum+bb,1276,0.27770224,0.29075235,0.01305011,1.04699317
d1,bear,100,price20+momentum+body,441,0.27770224,0.28344671,0.00574447,1.02068571
d1,bear,100,price20+macd+adx,515,0.27770224,0.32621359,0.04851135,1.17468836
d1,bear,100,price20+macd+di,1218,0.27770224,0.32758621,0.04988396,1.17963111
d1,bear,100,price20+macd+volatility,545,0.27770224,0.38899083,0.11128858,1.40074787
d1,bear,100,price20+macd+bb,1308,0.27770224,0.31345566,0.03575341,1.12874730
d1,bear,100,price20+macd+body,449,0.27770224,0.30066815,0.02296591,1.08269976
d1,bear,100,price20+adx+di,580,0.27770224,0.31551724,0.03781500,1.13617102
d1,bear,100,price20+adx+volatility,338,0.27770224,0.34615385,0.06845160,1.24649280
d1,bear,100,price20+adx+bb,599,0.27770224,0.31051753,0.03281529,1.11816716
d1,bear,100,price20+adx+body,215,0.27770224,0.30232558,0.02462334,1.08866813
d1,bear,100,price20+di+volatility,598,0.27770224,0.37959866,0.10189642,1.36692688
d1,bear,100,price20+di+bb,1355,0.27770224,0.31439114,0.03668890,1.13211597
d1,bear,100,price20+di+body,473,0.27770224,0.29598309,0.01828084,1.06582894
d1,bear,100,price20+volatility+bb,608,0.27770224,0.37664474,0.09894249,1.35628986
d1,bear,100,price20+volatility+body,217,0.27770224,0.35944700,0.08174476,1.29436118
d1,bear,100,price20+bb+body,489,0.27770224,0.28834356,0.01064131,1.03831915
d1,bear,100,price200+momentum+macd,638,0.27770224,0.30094044,0.02323820,1.08368026
d1,bear,100,price200+momentum+adx,343,0.27770224,0.29446064,0.01675840,1.06034664
d1,bear,100,price200+momentum+di,813,0.27770224,0.28782288,0.01012063,1.03644420
d1,bear,100,price200+momentum+volatility,355,0.27770224,0.36901408,0.09131184,1.32881204
d1,bear,100,price200+momentum+bb,761,0.27770224,0.28383706,0.00613481,1.02209133
d1,bear,100,price200+momentum+body,334,0.27770224,0.26946108,-0.00824117,0.97032373
d1,bear,100,price200+macd+adx,321,0.27770224,0.31464174,0.03693950,1.13301838
d1,bear,100,price200+macd+di,777,0.27770224,0.31660232,0.03890007,1.14007835
d1,bear,100,price200+macd+volatility,334,0.27770224,0.37724551,0.09954327,1.35845323
d1,bear,100,price200+macd+bb,799,0.27770224,0.31038798,0.03268574,1.11770068
d1,bear,100,price200+macd+body,288,0.27770224,0.27777778,0.00007553,1.00027200
d1,bear,100,price200+adx+di,436,0.27770224,0.29816514,0.02046289,1.07368646
d1,bear,100,price200+adx+volatility,251,0.27770224,0.33067729,0.05297505,1.19076204
d1,bear,100,price200+adx+bb,402,0.27770224,0.29353234,0.01583009,1.05700384
d1,bear,100,price200+adx+body,177,0.27770224,0.27118644,-0.00651580,0.97653673
d1,bear,100,price200+di+volatility,421,0.27770224,0.37529691,0.09759467,1.35143637
d1,bear,100,price200+di+bb,893,0.27770224,0.30011198,0.02240974,1.08069700
d1,bear,100,price200+di+body,363,0.27770224,0.27548209,-0.00222015,0.99200529
d1,bear,100,price200+volatility+bb,384,0.27770224,0.36718750,0.08948526,1.32223455
d1,bear,100,price200+volatility+body,201,0.27770224,0.35323383,0.07553159,1.27198767
d1,bear,100,price200+bb+body,307,0.27770224,0.26384365,-0.01385860,0.95009549
d1,bear,100,momentum+macd+adx,432,0.27770224,0.31712963,0.03942739,1.14197720
d1,bear,100,momentum+macd+di,1115,0.27770224,0.32286996,0.04516771,1.16264799
d1,bear,100,momentum+macd+volatility,488,0.27770224,0.37090164,0.09319940,1.33560909
d1,bear,100,momentum+macd+bb,1211,0.27770224,0.30222956,0.02452732,1.08832237
d1,bear,100,momentum+macd+body,465,0.27770224,0.29462366,0.01692141,1.06093365
d1,bear,100,momentum+adx+di,507,0.27770224,0.32149901,0.04379677,1.15771126
d1,bear,100,momentum+adx+volatility,306,0.27770224,0.34313725,0.06543501,1.23563011
d1,bear,100,momentum+adx+bb,507,0.27770224,0.30374753,0.02604529,1.09378855
d1,bear,100,momentum+adx+body,229,0.27770224,0.31441048,0.03670824,1.13218560
d1,bear,100,momentum+di+volatility,557,0.27770224,0.36804309,0.09034084,1.32531550
d1,bear,100,momentum+di+bb,1227,0.27770224,0.30888346,0.03118121,1.11228290
d1,bear,100,momentum+di+body,519,0.27770224,0.29865125,0.02094901,1.07543695
d1,bear,100,momentum+volatility+bb,534,0.27770224,0.36516854,0.08746630,1.31496431
d1,bear,100,momentum+volatility+body,248,0.27770224,0.35080645,0.07310421,1.26324673
d1,bear,100,momentum+bb+body,474,0.27770224,0.28902954,0.01132729,1.04078934
d1,bear,100,rsi_extreme+adx+body,62,0.27770224,0.43548387,0.15778163,1.56816836
d1,bear,100,macd+adx+di,503,0.27770224,0.33996024,0.06225800,1.22418975
d1,bear,100,macd+adx+volatility,335,0.27770224,0.35522388,0.07752164,1.27915380
d1,bear,100,macd+adx+bb,551,0.27770224,0.32304900,0.04534676,1.16329273
d1,bear,100,macd+adx+body,255,0.27770224,0.32156863,0.04386638,1.15796194
d1,bear,100,macd+di+volatility,553,0.27770224,0.39059675,0.11289450,1.40653075
d1,bear,100,macd+di+bb,1272,0.27770224,0.32940252,0.05170027,1.18617160
d1,bear,100,macd+di+body,478,0.27770224,0.32008368,0.04238144,1.15261468
d1,bear,100,macd+volatility+bb,581,0.27770224,0.38382100,0.10611875,1.38213143
d1,bear,100,macd+volatility+body,252,0.27770224,0.35317460,0.07547236,1.27177440
d1,bear,100,macd+bb+body,491,0.27770224,0.30549898,0.02779674,1.10009548
d1,bear,100,adx+di+volatility,359,0.27770224,0.35933148,0.08162923,1.29394517
d1,bear,100,adx+di+bb,583,0.27770224,0.32418525,0.04648301,1.16738434
d1,bear,100,adx+di+body,243,0.27770224,0.32921811,0.05151586,1.18550755
d1,bear,100,adx+volatility+bb,343,0.27770224,0.35568513,0.07798289,1.28081476
d1,bear,100,adx+volatility+body,234,0.27770224,0.39743590,0.11973365,1.43115840
d1,bear,100,adx+bb+body,227,0.27770224,0.31277533,0.03507309,1.12629746
d1,bear,100,di+volatility+bb,599,0.27770224,0.38230384,0.10460160,1.37666817
d1,bear,100,di+volatility+body,258,0.27770224,0.35658915,0.07888690,1.28407010
d1,bear,100,di+bb+body,500,0.27770224,0.30200000,0.02429776,1.08749572
d1,bear,100,volatility+bb+body,223,0.27770224,0.35874439,0.08104215,1.29183110
d1,bear,100,trend+price20+price200+momentum,516,0.27770224,0.26162791,-0.01607434,0.94211665
d1,bear,100,trend+price20+price200+macd,482,0.27770224,0.30082988,0.02312763,1.08328212
d1,bear,100,trend+price20+price200+adx,276,0.27770224,0.27173913,-0.00596311,0.97852695
d1,bear,100,trend+price20+price200+di,580,0.27770224,0.28103448,0.00333224,1.01199932
d1,bear,100,trend+price20+price200+volatility,261,0.27770224,0.32950192,0.05179967,1.18652954
d1,bear,100,trend+price20+price200+bb,586,0.27770224,0.27645051,-0.00125173,0.99549254
d1,bear,100,trend+price20+price200+body,203,0.27770224,0.26108374,-0.01661850,0.94015713
d1,bear,100,trend+price20+momentum+macd,376,0.27770224,0.29255319,0.01485095,1.05347796
d1,bear,100,trend+price20+momentum+adx,213,0.27770224,0.26760563,-0.01009661,0.96364232
d1,bear,100,trend+price20+momentum+di,481,0.27770224,0.27234927,-0.00535297,0.98072406
d1,bear,100,trend+price20+momentum+volatility,203,0.27770224,0.32512315,0.04742091,1.17076171
d1,bear,100,trend+price20+momentum+bb,488,0.27770224,0.26639344,-0.01130880,0.95927724
d1,bear,100,trend+price20+momentum+body,168,0.27770224,0.26785714,-0.00984510,0.96454800
d1,bear,100,trend+price20+macd+adx,196,0.27770224,0.32142857,0.04372633,1.15745760
d1,bear,100,trend+price20+macd+di,456,0.27770224,0.30701754,0.02931530,1.10556379
d1,bear,100,trend+price20+macd+volatility,198,0.27770224,0.35353535,0.07583311,1.27307345
d1,bear,100,trend+price20+macd+bb,473,0.27770224,0.30021142,0.02250917,1.08105506
d1,bear,100,trend+price20+macd+body,158,0.27770224,0.27215190,-0.00555034,0.98001332
d1,bear,100,trend+price20+adx+di,271,0.27770224,0.27306273,-0.00463951,0.98329321
d1,bear,100,trend+price20+adx+volatility,137,0.27770224,0.29197080,0.01426856,1.05138079
d1,bear,100,trend+price20+adx+bb,262,0.27770224,0.28244275,0.00474050,1.01707046
d1,bear,100,trend+price20+adx+body,98,0.27770224,0.21428571,-0.06341653,0.77163840
d1,bear,100,trend+price20+di+volatility,250,0.27770224,0.33600000,0.05829776,1.20992901
d1,bear,100,trend+price20+di+bb,556,0.27770224,0.28417266,0.00647042,1.02329984
d1,bear,100,trend+price20+di+body,192,0.27770224,0.25520833,-0.02249391,0.91899990
d1,bear,100,trend+price20+volatility+bb,243,0.27770224,0.33333333,0.05563109,1.20032640
d1,bear,100,trend+price20+volatility+body,81,0.27770224,0.34567901,0.06797677,1.24478293
d1,bear,100,trend+price20+bb+body,189,0.27770224,0.24867725,-0.02902499,0.89548160
d1,bear,100,trend+price200+momentum+macd,394,0.27770224,0.29187817,0.01417593,1.05104723
d1,bear,100,trend+price200+momentum+adx,251,0.27770224,0.28286853,0.00516628,1.01860368
d1,bear,100,trend+price200+momentum+di,557,0.27770224,0.27109515,-0.00660709,0.97620800
d1,bear,100,trend+price200+momentum+volatility,257,0.27770224,0.33852140,0.06081916,1.21900852
d1,bear,100,trend+price200+momentum+bb,502,0.27770224,0.26693227,-0.01076997,0.96121755
d1,bear,100,trend+price200+momentum+body,246,0.27770224,0.26422764,-0.01347460,0.95147824
d1,bear,100,trend+price200+macd+adx,198,0.27770224,0.32323232,0.04553008,1.16395287
d1,bear,100,trend+price200+macd+di,471,0.27770224,0.30785563,0.03015338,1.10858170
d1,bear,100,trend+price200+macd+volatility,210,0.27770224,0.34761905,0.06991680,1.25176896
d1,bear,100,trend+price200+macd+bb,482,0.27770224,0.30082988,0.02312763,1.08328212
d1,bear,100,trend+price200+macd+body,178,0.27770224,0.26966292,-0.00803932,0.97105057
d1,bear,100,trend+price200+adx+di,296,0.27770224,0.28716216,0.00945992,1.03406497
d1,bear,100,trend+price200+adx+volatility,167,0.27770224,0.30538922,0.02768698,1.09970023
d1,bear,100,trend+price200+adx+bb,266,0.27770224,0.28571429,0.00801204,1.02885120
d1,bear,100,trend+price200+adx+body,130,0.27770224,0.23846154,-0.03924070,0.85869504
d1,bear,100,trend+price200+di+volatility,288,0.27770224,0.34375000,0.06604776,1.23783660
d1,bear,100,trend+price200+di+bb,570,0.27770224,0.28421053,0.00650828,1.02343619
d1,bear,100,trend+price200+di+body,252,0.27770224,0.26190476,-0.01579748,0.94311360
d1,bear,100,trend+price200+volatility+bb,250,0.27770224,0.33200000,0.05429776,1.19552509
d1,bear,100,trend+price200+volatility+body,148,0.27770224,0.34459459,0.06689235,1.24087796
d1,bear,100,trend+price200+bb+body,201,0.27770224,0.24875622,-0.02894602,0.89576597
d1,bear,100,trend+momentum+macd+adx,135,0.27770224,0.34074074,0.06303850,1.22700032
d1,bear,100,trend+momentum+macd+di,371,0.27770224,0.30188679,0.02418455,1.08708806
d1,bear,100,trend+momentum+macd+volatility,148,0.27770224,0.35135135,0.07364911,1.26520891
d1,bear,100,trend+momentum+macd+bb,384,0.27770224,0.29427083,0.01656859,1.05966315
d1,bear,100,trend+momentum+macd+body,136,0.27770224,0.27941176,0.00170952,1.00615595
d1,bear,100,trend+momentum+adx+di,232,0.27770224,0.28448276,0.00678052,1.02441649
d1,bear,100,trend+momentum+adx+volatility,118,0.27770224,0.31355932,0.03585708,1.12912059
d1,bear,100,trend+momentum+adx+bb,203,0.27770224,0.28571429,0.00801204,1.02885120
d1,bear,100,trend+momentum+adx+body,101,0.27770224,0.25742574,-0.02027650,0.92698474
d1,bear,100,trend+momentum+di+volatility,227,0.27770224,0.33480176,0.05709952,1.20561418
d1,bear,100,trend+momentum+di+bb,472,0.27770224,0.27542373,-0.00227851,0.99179512
d1,bear,100,trend+momentum+di+body,215,0.27770224,0.26976744,-0.00793480,0.97142694
d1,bear,100,trend+momentum+volatility+bb,192,0.27770224,0.32812500,0.05042276,1.18157130
d1,bear,100,trend+momentum+volatility+body,95,0.27770224,0.37894737,0.10124513,1.36458159
d1,bear,100,trend+momentum+bb+body,170,0.27770224,0.26470588,-0.01299636,0.95320037
d1,bear,100,trend+macd+adx+di,196,0.27770224,0.32142857,0.04372633,1.15745760
d1,bear,100,trend+macd+adx+volatility,100,0.27770224,0.34000000,0.06229776,1.22433293
d1,bear,100,trend+macd+adx+bb,198,0.27770224,0.32323232,0.04553008,1.16395287
d1,bear,100,trend+macd+adx+body,70,0.27770224,0.27142857,-0.00627367,0.97740864
d1,bear,100,trend+macd+di+volatility,201,0.27770224,0.35323383,0.07553159,1.27198767
d1,bear,100,trend+macd+di+bb,463,0.27770224,0.30885529,0.03115305,1.11218148
d1,bear,100,trend+macd+di+body,163,0.27770224,0.27607362,-0.00162862,0.99413536
d1,bear,100,trend+macd+volatility+bb,203,0.27770224,0.34975369,0.07205145,1.25945578
d1,bear,100,trend+macd+volatility+body,68,0.27770224,0.33823529,0.06053305,1.21797826
d1,bear,100,trend+macd+bb+body,161,0.27770224,0.26708075,-0.01062150,0.96175221
d1,bear,100,trend+adx+di+volatility,149,0.27770224,0.32214765,0.04444541,1.16004699
d1,bear,100,trend+adx+di+bb,262,0.27770224,0.28625954,0.00855730,1.03081465
d1,bear,100,trend+adx+di+body,114,0.27770224,0.24561404,-0.03208821,0.88445103
d1,bear,100,trend+adx+volatility+bb,128,0.27770224,0.31250000,0.03479776,1.12530600
d1,bear,100,trend+adx+volatility+body,63,0.27770224,0.28571429,0.00801204,1.02885120
d1,bear,100,trend+adx+bb+body,96,0.27770224,0.22916667,-0.04853558,0.82522440
d1,bear,100,trend+di+volatility+bb,241,0.27770224,0.33609959,0.05839734,1.21028761
d1,bear,100,trend+di+volatility+body,103,0.27770224,0.35922330,0.08152106,1.29355563
d1,bear,100,trend+di+bb+body,194,0.27770224,0.25257732,-0.02512492,0.90952567
d1,bear,100,trend+volatility+bb+body,78,0.27770224,0.33333333,0.05563109,1.20032640
d1,bear,100,price20+price200+momentum+macd,611,0.27770224,0.30278232,0.02508008,1.09031285
d1,bear,100,price20+price200+momentum+adx,301,0.27770224,0.27906977,0.00136752,1.00492443
d1,bear,100,price20+price200+momentum+di,726,0.27770224,0.28925620,0.01155395,1.04160555
d1,bear,100,price20+price200+momentum+volatility,294,0.27770224,0.36054422,0.08284197,1.29831223
d1,bear,100,price20+price200+momentum+bb,740,0.27770224,0.28378378,0.00608154,1.02189950
d1,bear,100,price20+price200+momentum+body,246,0.27770224,0.26422764,-0.01347460,0.95147824
d1,bear,100,price20+price200+macd+adx,319,0.27770224,0.31347962,0.03577738,1.12883360
d1,bear,100,price20+price200+macd+di,758,0.27770224,0.31662269,0.03892045,1.14015172
d1,bear,100,price20+price200+macd+volatility,320,0.27770224,0.38125000,0.10354776,1.37287332
d1,bear,100,price20+price200+macd+bb,783,0.27770224,0.31034483,0.03264258,1.11754527
d1,bear,100,price20+price200+macd+body,262,0.27770224,0.27480916,-0.00289308,0.98958207
d1,bear,100,price20+price200+adx+di,407,0.27770224,0.28501229,0.00731004,1.02632331
d1,bear,100,price20+price200+adx+volatility,214,0.27770224,0.32242991,0.04472766,1.16106338
d1,bear,100,price20+price200+adx+bb,398,0.27770224,0.29145729,0.01375504,1.04953162
d1,bear,100,price20+price200+adx+body,139,0.27770224,0.24460432,-0.03309793,0.88081505
d1,bear,100,price20+price200+di+volatility,380,0.27770224,0.37105263,0.09335039,1.33615281
d1,bear,100,price20+price200+di+bb,876,0.27770224,0.30022831,0.02252607,1.08111590
d1,bear,100,price20+price200+di+body,294,0.27770224,0.26870748,-0.00899476,0.96761006
d1,bear,100,price20+price200+volatility+bb,375,0.27770224,0.36800000,0.09029776,1.32516034
d1,bear,100,price20+price200+volatility+body,123,0.27770224,0.34959350,0.07189125,1.25887890
d1,bear,100,price20+price200+bb+body,292,0.27770224,0.26369863,-0.01400361,0.94957328
d1,bear,100,price20+momentum+macd+adx,390,0.27770224,0.32307692,0.04537468,1.16339328
d1,bear,100,price20+momentum+macd+di,1028,0.27770224,0.32198444,0.04428219,1.15945925
d1,bear,100,price20+momentum+macd+volatility,433,0.27770224,0.38337182,0.10566958,1.38051396
d1,bear,100,price20+momentum+macd+bb,1119,0.27770224,0.30563003,0.02792778,1.10056737
d1,bear,100,price20+momentum+macd+body,378,0.27770224,0.29629630,0.01859405,1.06695680
d1,bear,100,price20+momentum+adx+di,455,0.27770224,0.30989011,0.03218787,1.11590784
d1,bear,100,price20+momentum+adx+volatility,252,0.27770224,0.33333333,0.05563109,1.20032640
d1,bear,100,price20+momentum+adx+bb,474,0.27770224,0.30379747,0.02609522,1.09396836
d1,bear,100,price20+momentum+adx+body,176,0.27770224,0.30681818,0.02911594,1.10484589
d1,bear,100,price20+momentum+di+volatility,486,0.27770224,0.37242798,0.09472574,1.34110542
d1,bear,100,price20+momentum+di+bb,1166,0.27770224,0.30703259,0.02933035,1.10561797
d1,bear,100,price20+momentum+di+body,409,0.27770224,0.29339853,0.01569629,1.05652201
d1,bear,100,price20+momentum+volatility+bb,496,0.27770224,0.36895161,0.09124937,1.32858708
d1,bear,100,price20+momentum+volatility+body,180,0.27770224,0.35555556,0.07785331,1.28034816
d1,bear,100,price20+momentum+bb+body,425,0.27770224,0.28470588,0.00700364,1.02521996
d1,bear,100,price20+macd+adx+di,478,0.27770224,0.33891213,0.06120989,1.22041554
d1,bear,100,price20+macd+adx+volatility,283,0.27770224,0.36749117,0.08978892,1.32332804
d1,bear,100,price20+macd+adx+bb,515,0.27770224,0.32621359,0.04851135,1.17468836
d1,bear,100,price20+macd+adx+body,178,0.27770224,0.33146067,0.05375843,1.19358299
d1,bear,100,price20+macd+di+volatility,517,0.27770224,0.39458414,0.11688190,1.42088928
d1,bear,100,price20+macd+di+bb,1214,0.27770224,0.32866557,0.05096332,1.18351787
d1,bear,100,price20+macd+di+body,416,0.27770224,0.30769231,0.02999006,1.10799360
d1,bear,100,price20+macd+volatility+bb,543,0.27770224,0.39042357,0.11272133,1.40590716
d1,bear,100,price20+macd+volatility+body,186,0.27770224,0.36559140,0.08788915,1.31648702
d1,bear,100,price20+macd+bb+body,440,0.27770224,0.30000000,0.02229776,1.08029376
d1,bear,100,price20+adx+di+volatility,321,0.27770224,0.34890966,0.07120741,1.25641642
d1,bear,100,price20+adx+di+bb,560,0.27770224,0.32142857,0.04372633,1.15745760
d1,bear,100,price20+adx+di+body,203,0.27770224,0.30541872,0.02771648,1.09980645
d1,bear,100,price20+adx+volatility+bb,322,0.27770224,0.35714286,0.07944061,1.28606400
d1,bear,100,price20+adx+volatility+body,112,0.27770224,0.36607143,0.08836919,1.31821560
d1,bear,100,price20+adx+bb+body,206,0.27770224,0.31067961,0.03297737,1.11875082
d1,bear,100,price20+di+volatility+bb,574,0.27770224,0.38327526,0.10557302,1.38016624
d1,bear,100,price20+di+volatility+body,207,0.27770224,0.35748792,0.07978568,1.28730657
d1,bear,100,price20+di+bb+body,459,0.27770224,0.29629630,0.01859405,1.06695680
d1,bear,100,price20+volatility+bb+body,205,0.27770224,0.36097561,0.08327337,1.29986566
d1,bear,100,price200+momentum+macd+adx,209,0.27770224,0.32535885,0.04765661,1.17161045
d1,bear,100,price200+momentum+macd+di,601,0.27770224,0.31114809,0.03344584,1.12043779
d1,bear,100,price200+momentum+macd+volatility,230,0.27770224,0.38260870,0.10490645,1.37776595
d1,bear,100,price200+momentum+macd+bb,625,0.27770224,0.30400000,0.02629776,1.09469767
d1,bear,100,price200+momentum+macd+body,213,0.27770224,0.27230047,-0.00540177,0.98054832
d1,bear,100,price200+momentum+adx+di,323,0.27770224,0.29721362,0.01951138,1.07026007
d1,bear,100,price200+momentum+adx+volatility,163,0.27770224,0.34355828,0.06585604,1.23714623
d1,bear,100,price200+momentum+adx+bb,290,0.27770224,0.29310345,0.01540120,1.05545942
d1,bear,100,price200+momentum+adx+body,130,0.27770224,0.29230769,0.01460545,1.05259392
d1,bear,100,price200+momentum+di+volatility,318,0.27770224,0.37106918,0.09336694,1.33621240
d1,bear,100,price200+momentum+di+bb,719,0.27770224,0.29207232,0.01437008,1.05174636
d1,bear,100,price200+momentum+di+body,299,0.27770224,0.27424749,-0.00345475,0.98755951
d1,bear,100,price200+momentum+volatility+bb,284,0.27770224,0.36619718,0.08849494,1.31866844
d1,bear,100,price200+momentum+volatility+body,123,0.27770224,0.38211382,0.10441158,1.37598392
d1,bear,100,price200+momentum+bb+body,249,0.27770224,0.26506024,-0.01264200,0.95447641
d1,bear,100,price200+macd+adx+di,318,0.27770224,0.31446541,0.03676317,1.13238339
d1,bear,100,price200+macd+adx+volatility,168,0.27770224,0.34523810,0.06753585,1.24319520
d1,bear,100,price200+macd+adx+bb,321,0.27770224,0.31464174,0.03693950,1.13301838
d1,bear,100,price200+macd+adx+body,108,0.27770224,0.28703704,0.00933479,1.03361440
d1,bear,100,price200+macd+di+volatility,320,0.27770224,0.38437500,0.10667276,1.38412638
d1,bear,100,price200+macd+di+bb,768,0.27770224,0.31770833,0.04000609,1.14406110
d1,bear,100,price200+macd+di+body,263,0.27770224,0.28136882,0.00366658,1.01320327
d1,bear,100,price200+macd+volatility+bb,326,0.27770224,0.38036810,0.10266585,1.36969761
d1,bear,100,price200+macd+volatility+body,109,0.27770224,0.33944954,0.06174730,1.22235073
d1,bear,100,price200+macd+bb+body,264,0.27770224,0.27651515,-0.00118709,0.99572531
d1,bear,100,price200+adx+di+volatility,228,0.27770224,0.34649123,0.06878898,1.24770770
d1,bear,100,price200+adx+di+bb,397,0.27770224,0.29471033,0.01700808,1.06124576
d1,bear,100,price200+adx+di+body,159,0.27770224,0.27672956,-0.00097268,0.99649739
d1,bear,100,price200+adx+volatility+bb,205,0.27770224,0.33658537,0.05888312,1.21203690
d1,bear,100,price200+adx+volatility+body,88,0.27770224,0.30681818,0.02911594,1.10484589
d1,bear,100,price200+adx+bb+body,136,0.27770224,0.25735294,-0.02034930,0.92672259
d1,bear,100,price200+di+volatility+bb,371,0.27770224,0.37196765,0.09426541,1.33944779
d1,bear,100,price200+di+volatility+body,147,0.27770224,0.36734694,0.08964470,1.32280868
d1,bear,100,price200+di+bb+body,298,0.27770224,0.26845638,-0.00924587,0.96670582
d1,bear,100,price200+volatility+bb+body,119,0.27770224,0.34453782,0.06683557,1.24067350
d1,bear,100,momentum+macd+adx+di,374,0.27770224,0.34224599,0.06454375,1.23242069
d1,bear,100,momentum+macd+adx+volatility,219,0.27770224,0.35616438,0.07846214,1.28254053
d1,bear,100,momentum+macd+adx+bb,418,0.27770224,0.32057416,0.04287192,1.15438089
d1,bear,100,momentum+macd+adx+body,165,0.27770224,0.33939394,0.06169170,1.22215051
d1,bear,100,momentum+macd+di+volatility,434,0.27770224,0.38709677,0.10939453,1.39392743
d1,bear,100,momentum+macd+di+bb,1078,0.27770224,0.32467532,0.04697308,1.16914909
d1,bear,100,momentum+macd+di+body,404,0.27770224,0.31435644,0.03665419,1.13199098
d1,bear,100,momentum+macd+volatility+bb,464,0.27770224,0.37931034,0.10160810,1.36588866
d1,bear,100,momentum+macd+volatility+body,180,0.27770224,0.34444444,0.06674220,1.24033728
d1,bear,100,momentum+macd+bb+body,421,0.27770224,0.30403800,0.02633576,1.09483453
d1,bear,100,momentum+adx+di+volatility,267,0.27770224,0.35580524,0.07810300,1.28124728
d1,bear,100,momentum+adx+di+bb,456,0.27770224,0.32017544,0.04247320,1.15294509
d1,bear,100,momentum+adx+di+body,198,0.27770224,0.33333333,0.05563109,1.20032640
d1,bear,100,momentum+adx+volatility+bb,253,0.27770224,0.34782609,0.07012384,1.25251450
d1,bear,100,momentum+adx+volatility+body,120,0.27770224,0.37500000,0.09729776,1.35036720
d1,bear,100,momentum+adx+bb+body,183,0.27770224,0.31693989,0.03923765,1.14129395
d1,bear,100,momentum+di+volatility+bb,486,0.27770224,0.37654321,0.09884097,1.35592426
d1,bear,100,momentum+di+volatility+body,213,0.27770224,0.34741784,0.06971560,1.25104441
d1,bear,100,momentum+di+bb+body,434,0.27770224,0.29953917,0.02183693,1.07863432
d1,bear,100,momentum+volatility+bb+body,184,0.27770224,0.35326087,0.07555863,1.27208504
d1,bear,100,macd+adx+di+volatility,282,0.27770224,0.36879433,0.09109208,1.32802069
d1,bear,100,macd+adx+di+bb,496,0.27770224,0.34072581,0.06302356,1.22694654
d1,bear,100,macd+adx+di+body,183,0.27770224,0.34426230,0.06656005,1.23968136
d1,bear,100,macd+adx+volatility+bb,299,0.27770224,0.36454849,0.08684625,1.31273154
d1,bear,100,macd+adx+volatility+body,124,0.27770224,0.38709677,0.10939453,1.39392743
d1,bear,100,macd+adx+bb+body,198,0.27770224,0.33333333,0.05563109,1.20032640
d1,bear,100,macd+di+volatility+bb,536,0.27770224,0.39365672,0.11595447,1.41754964
d1,bear,100,macd+di+volatility+body,203,0.27770224,0.35467980,0.07697756,1.27719459
d1,bear,100,macd+di+bb+body,452,0.27770224,0.31637168,0.03866944,1.13924784
d1,bear,100,macd+volatility+bb+body,202,0.27770224,0.36633663,0.08863439,1.31917060
d1,bear,100,adx+di+volatility+bb,319,0.27770224,0.36050157,0.08279932,1.29815864
d1,bear,100,adx+di+volatility+body,133,0.27770224,0.36842105,0.09071881,1.32667654
d1,bear,100,adx+di+bb+body,206,0.27770224,0.32038835,0.04268611,1.15371178
d1,bear,100,adx+volatility+bb+body,114,0.27770224,0.37719298,0.09949074,1.35826408
d1,bear,100,di+volatility+bb+body,210,0.27770224,0.35238095,0.07467871,1.26891648
d1,bear,150,trend,922,0.13222298,0.13232104,0.00009806,1.00074165
d1,bear,150,price20,1529,0.13222298,0.15565729,0.02343431,1.17723330
d1,bear,150,price200,1263,0.13222298,0.14489311,0.01267013,1.09582400
d1,bear,150,momentum,1719,0.13222298,0.14426992,0.01204695,1.09111084
d1,bear,150,rsi_extreme,125,0.13222298,0.12000000,-0.01222298,0.90755784
d1,bear,150,macd,1738,0.13222298,0.15880322,0.02658024,1.20102591
d1,bear,150,adx,1099,0.13222298,0.13466788,0.00244490,1.01849075
d1,bear,150,di,1620,0.13222298,0.16604938,0.03382641,1.25582849
d1,bear,150,volatility,1103,0.13222298,0.16863101,0.03640803,1.27535327
d1,bear,150,bb,1577,0.13222298,0.16106531,0.02884234,1.21813407
d1,bear,150,body,1295,0.13222298,0.14826255,0.01603957,1.12130698
d1,bear,150,trend+price20,623,0.13222298,0.13483146,0.00260848,1.01972791
d1,bear,150,trend+price200,877,0.13222298,0.12884835,-0.00337463,0.97447773
d1,bear,150,trend+momentum,660,0.13222298,0.12878788,-0.00343510,0.97402041
d1,bear,150,trend+macd,510,0.13222298,0.15882353,0.02660055,1.20117949
d1,bear,150,trend+adx,338,0.13222298,0.15088757,0.01866460,1.14116001
d1,bear,150,trend+di,664,0.13222298,0.14307229,0.01084931,1.08205315
d1,bear,150,trend+volatility,391,0.13222298,0.16624041,0.03401743,1.25727322
d1,bear,150,trend+bb,600,0.13222298,0.14000000,0.00777702,1.05881748
d1,bear,150,trend+body,384,0.13222298,0.15364583,0.02142286,1.16202067
d1,bear,150,price20+price200,958,0.13222298,0.15657620,0.02435322,1.18418299
d1,bear,150,price20+momentum,1327,0.13222298,0.15146948,0.01924650,1.14556095
d1,bear,150,price20+macd,1325,0.13222298,0.16981132,0.03758834,1.28427996
d1,bear,150,price20+adx,621,0.13222298,0.15458937,0.02236639,1.16915664
d1,bear,150,price20+di,1393,0.13222298,0.16511127,0.03288829,1.24873357
d1,bear,150,price20+volatility,636,0.13222298,0.20283019,0.07060721,1.53400107
d1,bear,150,price20+bb,1465,0.13222298,0.16109215,0.02886917,1.21833703
d1,bear,150,price20+body,512,0.13222298,0.16992188,0.03769890,1.28511608
d1,bear,150,price200+momentum,928,0.13222298,0.14547414,0.01325116,1.10021829
d1,bear,150,price200+macd,834,0.13222298,0.17745803,0.04523506,1.34211191
d1,bear,150,price200+adx,482,0.13222298,0.15352697,0.02130399,1.16112172
d1,bear,150,price200+di,995,0.13222298,0.16281407,0.03059109,1.23135988
d1,bear,150,price200+volatility,529,0.13222298,0.17769376,0.04547078,1.34389472
d1,bear,150,price200+bb,935,0.13222298,0.16256684,0.03034387,1.22949012
d1,bear,150,price200+body,486,0.13222298,0.15637860,0.02415562,1.18268854
d1,bear,150,momentum+macd,1296,0.13222298,0.16589506,0.03367208,1.25466137
d1,bear,150,momentum+adx,594,0.13222298,0.14141414,0.00919116,1.06951261
d1,bear,150,momentum+di,1382,0.13222298,0.16280753,0.03058455,1.23131038
d1,bear,150,momentum+volatility,659,0.13222298,0.18968134,0.05745836,1.43455653
d1,bear,150,momentum+bb,1376,0.13222298,0.15552326,0.02330028,1.17621959
d1,bear,150,momentum+body,631,0.13222298,0.16640254,0.03417956,1.25849938
d1,bear,150,rsi_extreme+adx,93,0.13222298,0.15053763,0.01831466,1.13851342
d1,bear,150,rsi_extreme+volatility,50,0.13222298,0.18000000,0.04777702,1.36133676
d1,bear,150,rsi_extreme+body,84,0.13222298,0.15476190,0.02253893,1.17046150
d1,bear,150,macd+adx,664,0.13222298,0.15662651,0.02440353,1.18456345
d1,bear,150,macd+di,1328,0.13222298,0.18298193,0.05075895,1.38388903
d1,bear,150,macd+volatility,660,0.13222298,0.21363636,0.08141339,1.61572797
d1,bear,150,macd+bb,1412,0.13222298,0.17138810,0.03916512,1.29620513
d1,bear,150,macd+body,677,0.13222298,0.16395864,0.03173566,1.24001625
d1,bear,150,adx+di,641,0.13222298,0.16848674,0.03626376,1.27426218
d1,bear,150,adx+volatility,534,0.13222298,0.17415730,0.04193433,1.31714855
d1,bear,150,adx+bb,640,0.13222298,0.15781250,0.02558952,1.19353310
d1,bear,150,adx+body,476,0.13222298,0.14915966,0.01693669,1.12809185
d1,bear,150,di+volatility,686,0.13222298,0.20553936,0.07331638,1.55449047
d1,bear,150,di+bb,1421,0.13222298,0.16959887,0.03737590,1.28267323
d1,bear,150,di+body,604,0.13222298,0.18708609,0.05486312,1.41492875
d1,bear,150,volatility+bb,651,0.13222298,0.20737327,0.07515029,1.56836032
d1,bear,150,volatility+body,490,0.13222298,0.18775510,0.05553212,1.41998846
d1,bear,150,bb+body,544,0.13222298,0.17095588,0.03873290,1.29293626
d1,bear,150,trend+price20+price200,623,0.13222298,0.13483146,0.00260848,1.01972791
d1,bear,150,trend+price20+momentum,516,0.13222298,0.13178295,-0.00044003,0.99667205
d1,bear,150,trend+price20+macd,482,0.13222298,0.15767635,0.02545337,1.19250339
d1,bear,150,trend+price20+adx,276,0.13222298,0.14492754,0.01270456,1.09608435
d1,bear,150,trend+price20+di,580,0.13222298,0.13965517,0.00743219,1.05620956
d1,bear,150,trend+price20+volatility,261,0.13222298,0.17624521,0.04402223,1.33293936
d1,bear,150,trend+price20+bb,586,0.13222298,0.13993174,0.00770876,1.05830124
d1,bear,150,trend+price20+body,203,0.13222298,0.15763547,0.02541249,1.19219421
d1,bear,150,trend+price200+momentum,655,0.13222298,0.12977099,-0.00245199,0.98145568
d1,bear,150,trend+price200+macd,507,0.13222298,0.15976331,0.02754034,1.20828707
d1,bear,150,trend+price200+adx,333,0.13222298,0.15015015,0.01792717,1.13558288
d1,bear,150,trend+price200+di,663,0.13222298,0.14328808,0.01106511,1.08368520
d1,bear,150,trend+price200+volatility,374,0.13222298,0.15775401,0.02553103,1.19309074
d1,bear,150,trend+price200+bb,600,0.13222298,0.14000000,0.00777702,1.05881748
d1,bear,150,trend+price200+body,352,0.13222298,0.14488636,0.01266339,1.09577296
d1,bear,150,trend+momentum+macd,394,0.13222298,0.16243655,0.03021357,1.22850469
d1,bear,150,trend+momentum+adx,251,0.13222298,0.13944223,0.00721925,1.05459908
d1,bear,150,trend+momentum+di,557,0.13222298,0.13824057,0.00601760,1.04551098
d1,bear,150,trend+momentum+volatility,258,0.13222298,0.18217054,0.04994757,1.37775254
d1,bear,150,trend+momentum+bb,502,0.13222298,0.13545817,0.00323519,1.02446768
d1,bear,150,trend+momentum+body,249,0.13222298,0.16064257,0.02841959,1.21493687
d1,bear,150,trend+macd+adx,198,0.13222298,0.18181818,0.04959520,1.37508764
d1,bear,150,trend+macd+di,472,0.13222298,0.16949153,0.03726855,1.28186136
d1,bear,150,trend+macd+volatility,210,0.13222298,0.20476190,0.07253893,1.54861060
d1,bear,150,trend+macd+bb,482,0.13222298,0.16182573,0.02960275,1.22388505
d1,bear,150,trend+macd+body,181,0.13222298,0.16574586,0.03352288,1.25353293
d1,bear,150,trend+adx+di,296,0.13222298,0.15540541,0.02318243,1.17532828
d1,bear,150,trend+adx+volatility,169,0.13222298,0.18343195,0.05120898,1.38729256
d1,bear,150,trend+adx+bb,266,0.13222298,0.15037594,0.01815296,1.13729053
d1,bear,150,trend+adx+body,134,0.13222298,0.15671642,0.02449344,1.18524345
d1,bear,150,trend+di+volatility,288,0.13222298,0.18402778,0.05180480,1.39179877
d1,bear,150,trend+di+bb,570,0.13222298,0.14210526,0.00988229,1.07473955
d1,bear,150,trend+di+body,253,0.13222298,0.16600791,0.03378493,1.25551480
d1,bear,150,trend+volatility+bb,250,0.13222298,0.18000000,0.04777702,1.36133676
d1,bear,150,trend+volatility+body,161,0.13222298,0.21739130,0.08516833,1.64412652
d1,bear,150,trend+bb+body,201,0.13222298,0.15920398,0.02698100,1.20405684
d1,bear,150,price20+price200+momentum,771,0.13222298,0.15045396,0.01823098,1.13788056
d1,bear,150,price20+price200+macd,796,0.13222298,0.17713568,0.04491270,1.33967395
d1,bear,150,price20+price200+adx,413,0.13222298,0.15496368,0.02274070,1.17198753
d1,bear,150,price20+price200+di,901,0.13222298,0.16315205,0.03092908,1.23391604
d1,bear,150,price20+price200+volatility,394,0.13222298,0.20304569,0.07082271,1.53563086
d1,bear,150,price20+price200+bb,914,0.13222298,0.16192560,0.02970262,1.22464041
d1,bear,150,price20+price200+body,311,0.13222298,0.17363344,0.04141046,1.31318659
d1,bear,150,price20+momentum+macd,1125,0.13222298,0.16711111,0.03488813,1.26385833
d1,bear,150,price20+momentum+adx,496,0.13222298,0.14112903,0.00890605,1.06735633
d1,bear,150,price20+momentum+di,1203,0.13222298,0.16043225,0.02820928,1.21334624
d1,bear,150,price20+momentum+volatility,524,0.13222298,0.20038168,0.06815870,1.51548304
d1,bear,150,price20+momentum+bb,1276,0.13222298,0.15595611,0.02373314,1.17949328
d1,bear,150,price20+momentum+body,441,0.13222298,0.17006803,0.03784505,1.28622143
d1,bear,150,price20+macd+adx,515,0.13222298,0.17087379,0.03865081,1.29231537
d1,bear,150,price20+macd+di,1218,0.13222298,0.17980296,0.04757998,1.35984652
d1,bear,150,price20+macd+volatility,545,0.13222298,0.22385321,0.09163023,1.69299781
d1,bear,150,price20+macd+bb,1308,0.13222298,0.17201835,0.03979537,1.30097168
d1,bear,150,price20+macd+body,449,0.13222298,0.18040089,0.04817791,1.36436869
d1,bear,150,price20+adx+di,580,0.13222298,0.16034483,0.02812185,1.21268505
d1,bear,150,price20+adx+volatility,338,0.13222298,0.19230769,0.06008471,1.45441962
d1,bear,150,price20+adx+bb,599,0.13222298,0.15859766,0.02637469,1.19947127
d1,bear,150,price20+adx+body,215,0.13222298,0.15813953,0.02591656,1.19600646
d1,bear,150,price20+di+volatility,598,0.13222298,0.20903010,0.07680712,1.58089089
d1,bear,150,price20+di+bb,1355,0.13222298,0.16826568,0.03604271,1.27259033
d1,bear,150,price20+di+body,473,0.13222298,0.17970402,0.04748104,1.35909825
d1,bear,150,price20+volatility+bb,608,0.13222298,0.20888158,0.07665860,1.57976762
d1,bear,150,price20+volatility+body,217,0.13222298,0.24423963,0.11201665,1.84717994
d1,bear,150,price20+bb+body,489,0.13222298,0.17382413,0.04160115,1.31462877
d1,bear,150,price200+momentum+macd,638,0.13222298,0.17711599,0.04489301,1.33952503
d1,bear,150,price200+momentum+adx,343,0.13222298,0.13702624,0.00480326,1.03632698
d1,bear,150,price200+momentum+di,813,0.13222298,0.15498155,0.02275857,1.17212267
d1,bear,150,price200+momentum+volatility,355,0.13222298,0.19436620,0.06214322,1.46998805
d1,bear,150,price200+momentum+bb,761,0.13222298,0.15505913,0.02283616,1.17270943
d1,bear,150,price200+momentum+body,334,0.13222298,0.16467066,0.03244768,1.24540123
d1,bear,150,price200+macd+adx,321,0.13222298,0.18380062,0.05157765,1.39008080
d1,bear,150,price200+macd+di,777,0.13222298,0.18790219,0.05567921,1.42110087
d1,bear,150,price200+macd+volatility,334,0.13222298,0.23053892,0.09831594,1.74356172
d1,bear,150,price200+macd+bb,799,0.13222298,0.18147685,0.04925387,1.37250612
d1,bear,150,price200+macd+body,288,0.13222298,0.18402778,0.05180480,1.39179877
d1,bear,150,price200+adx+di,436,0.13222298,0.16055046,0.02832748,1.21424023
d1,bear,150,price200+adx+volatility,251,0.13222298,0.19123506,0.05901208,1.44630732
d1,bear,150,price200+adx+bb,402,0.13222298,0.15920398,0.02698100,1.20405684
d1,bear,150,price200+adx+body,177,0.13222298,0.15819209,0.02596911,1.19640393
d1,bear,150,price200+di+volatility,421,0.13222298,0.20665083,0.07442785,1.56289652
d1,bear,150,price200+di+bb,893,0.13222298,0.16573348,0.03351051,1.25343935
d1,bear,150,price200+di+body,363,0.13222298,0.17906336,0.04684038,1.35425298
d1,bear,150,price200+volatility+bb,384,0.13222298,0.20833333,0.07611036,1.57562125
d1,bear,150,price200+volatility+body,201,0.13222298,0.20895522,0.07673225,1.58032460
d1,bear,150,price200+bb+body,307,0.13222298,0.17915309,0.04693012,1.35493163
d1,bear,150,momentum+macd+adx,432,0.13222298,0.15972222,0.02749924,1.20797629
d1,bear,150,momentum+macd+di,1115,0.13222298,0.18026906,0.04804608,1.36337164
d1,bear,150,momentum+macd+volatility,488,0.13222298,0.22131148,0.08908850,1.67377471
d1,bear,150,momentum+macd+bb,1211,0.13222298,0.16680429,0.03458132,1.26153787
d1,bear,150,momentum+macd+body,465,0.13222298,0.18064516,0.04842218,1.36621610
d1,bear,150,momentum+adx+di,507,0.13222298,0.15581854,0.02359556,1.17845282
d1,bear,150,momentum+adx+volatility,306,0.13222298,0.18627451,0.05405153,1.40879077
d1,bear,150,momentum+adx+bb,507,0.13222298,0.14398422,0.01176124,1.08895007
d1,bear,150,momentum+adx+body,229,0.13222298,0.16157205,0.02934907,1.22196652
d1,bear,150,momentum+di+volatility,557,0.13222298,0.20466786,0.07244489,1.54789937
d1,bear,150,momentum+di+bb,1227,0.13222298,0.16381418,0.03159120,1.23892370
d1,bear,150,momentum+di+body,519,0.13222298,0.18689788,0.05467490,1.41350531
d1,bear,150,momentum+volatility+bb,534,0.13222298,0.20599251,0.07376953,1.55791764
d1,bear,150,momentum+volatility+body,248,0.13222298,0.22177419,0.08955122,1.67727424
d1,bear,150,momentum+bb+body,474,0.13222298,0.16877637,0.03655339,1.27645266
d1,bear,150,rsi_extreme+adx+body,62,0.13222298,0.19354839,0.06132541,1.46380297
d1,bear,150,macd+adx+di,503,0.13222298,0.18489066,0.05266768,1.39832470
d1,bear,150,macd+adx+volatility,335,0.13222298,0.20298507,0.07076210,1.53517247
d1,bear,150,macd+adx+bb,551,0.13222298,0.16878403,0.03656105,1.27651057
d1,bear,150,macd+adx+body,255,0.13222298,0.16470588,0.03248290,1.24566762
d1,bear,150,macd+di+volatility,553,0.13222298,0.23146474,0.09924176,1.75056365
d1,bear,150,macd+di+bb,1272,0.13222298,0.18160377,0.04938080,1.37346607
d1,bear,150,macd+di+body,478,0.13222298,0.19874477,0.06652179,1.50310312
d1,bear,150,macd+volatility+bb,581,0.13222298,0.22203098,0.08980800,1.67921631
d1,bear,150,macd+volatility+body,252,0.13222298,0.23412698,0.10190401,1.77069817
d1,bear,150,macd+bb+body,491,0.13222298,0.18126273,0.04903975,1.37088676
d1,bear,150,adx+di+volatility,359,0.13222298,0.20334262,0.07111964,1.53787656
d1,bear,150,adx+di+bb,583,0.13222298,0.16809605,0.03587308,1.27130744
d1,bear,150,adx+di+body,243,0.13222298,0.18106996,0.04884698,1.36942884
d1,bear,150,adx+volatility+bb,343,0.13222298,0.19825073,0.06602775,1.49936669
d1,bear,150,adx+volatility+body,234,0.13222298,0.19658120,0.06435822,1.48674005
d1,bear,150,adx+bb+body,227,0.13222298,0.15859031,0.02636733,1.19941565
d1,bear,150,di+volatility+bb,599,0.13222298,0.21535893,0.08313595,1.62875572
d1,bear,150,di+volatility+body,258,0.13222298,0.24031008,0.10808710,1.81746079
d1,bear,150,di+bb+body,500,0.13222298,0.18200000,0.04977702,1.37646272
d1,bear,150,volatility+bb+body,223,0.13222298,0.23766816,0.10544518,1.79748003
d1,bear,150,trend+price20+price200+momentum,516,0.13222298,0.13178295,-0.00044003,0.99667205
d1,bear,150,trend+price20+price200+macd,482,0.13222298,0.15767635,0.02545337,1.19250339
d1,bear,150,trend+price20+price200+adx,276,0.13222298,0.14492754,0.01270456,1.09608435
d1,bear,150,trend+price20+price200+di,580,0.13222298,0.13965517,0.00743219,1.05620956
d1,bear,150,trend+price20+price200+volatility,261,0.13222298,0.17624521,0.04402223,1.33293936
d1,bear,150,trend+price20+price200+bb,586,0.13222298,0.13993174,0.00770876,1.05830124
d1,bear,150,trend+price20+price200+body,203,0.13222298,0.15763547,0.02541249,1.19219421
d1,bear,150,trend+price20+momentum+macd,376,0.13222298,0.15957447,0.02735149,1.20685883
d1,bear,150,trend+price20+momentum+adx,213,0.13222298,0.13615023,0.00392726,1.02970178
d1,bear,150,trend+price20+momentum+di,481,0.13222298,0.13513514,0.00291216,1.02202460
d1,bear,150,trend+price20+momentum+volatility,203,0.13222298,0.18719212,0.05496914,1.41573062
d1,bear,150,trend+price20+momentum+bb,488,0.13222298,0.13524590,0.00302292,1.02286232
d1,bear,150,trend+price20+momentum+body,168,0.13222298,0.17261905,0.04039607,1.30551475
d1,bear,150,trend+price20+macd+adx,196,0.13222298,0.17857143,0.04634845,1.35053250
d1,bear,150,trend+price20+macd+di,456,0.13222298,0.16447368,0.03225071,1.24391151
d1,bear,150,trend+price20+macd+volatility,198,0.13222298,0.20707071,0.07484773,1.56607203
d1,bear,150,trend+price20+macd+bb,473,0.13222298,0.16067653,0.02845356,1.21519373
d1,bear,150,trend+price20+macd+body,158,0.13222298,0.17088608,0.03866310,1.29240832
d1,bear,150,trend+price20+adx+di,271,0.13222298,0.14760148,0.01537850,1.11630731
d1,bear,150,trend+price20+adx+volatility,137,0.13222298,0.18248175,0.05025877,1.38010621
d1,bear,150,trend+price20+adx+bb,262,0.13222298,0.14885496,0.01663198,1.12578740
d1,bear,150,trend+price20+adx+body,98,0.13222298,0.14285714,0.01063417,1.08042600
d1,bear,150,trend+price20+di+volatility,250,0.13222298,0.18400000,0.05177702,1.39158869
d1,bear,150,trend+price20+di+bb,556,0.13222298,0.14208633,0.00986335,1.07459636
d1,bear,150,trend+price20+di+body,192,0.13222298,0.16145833,0.02923536,1.22110647
d1,bear,150,trend+price20+volatility+bb,243,0.13222298,0.18106996,0.04884698,1.36942884
d1,bear,150,trend+price20+volatility+body,81,0.13222298,0.24691358,0.11469060,1.86740296
d1,bear,150,trend+price20+bb+body,189,0.13222298,0.15873016,0.02650718,1.20047333
d1,bear,150,trend+price200+momentum+macd,394,0.13222298,0.16243655,0.03021357,1.22850469
d1,bear,150,trend+price200+momentum+adx,251,0.13222298,0.13944223,0.00721925,1.05459908
d1,bear,150,trend+price200+momentum+di,557,0.13222298,0.13824057,0.00601760,1.04551098
d1,bear,150,trend+price200+momentum+volatility,257,0.13222298,0.18287938,0.05065640,1.38311344
d1,bear,150,trend+price200+momentum+bb,502,0.13222298,0.13545817,0.00323519,1.02446768
d1,bear,150,trend+price200+momentum+body,246,0.13222298,0.16260163,0.03037865,1.22975317
d1,bear,150,trend+price200+macd+adx,198,0.13222298,0.18181818,0.04959520,1.37508764
d1,bear,150,trend+price200+macd+di,471,0.13222298,0.16985138,0.03762840,1.28458293
d1,bear,150,trend+price200+macd+volatility,210,0.13222298,0.20476190,0.07253893,1.54861060
d1,bear,150,trend+price200+macd+bb,482,0.13222298,0.16182573,0.02960275,1.22388505
d1,bear,150,trend+price200+macd+body,178,0.13222298,0.16853933,0.03631635,1.27465989
d1,bear,150,trend+price200+adx+di,296,0.13222298,0.15540541,0.02318243,1.17532828
d1,bear,150,trend+price200+adx+volatility,167,0.13222298,0.17964072,0.04741774,1.35861952
d1,bear,150,trend+price200+adx+bb,266,0.13222298,0.15037594,0.01815296,1.13729053
d1,bear,150,trend+price200+adx+body,130,0.13222298,0.15384615,0.02162318,1.16353569
d1,bear,150,trend+price200+di+volatility,288,0.13222298,0.18402778,0.05180480,1.39179877
d1,bear,150,trend+price200+di+bb,570,0.13222298,0.14210526,0.00988229,1.07473955
d1,bear,150,trend+price200+di+body,252,0.13222298,0.16666667,0.03444369,1.26049700
d1,bear,150,trend+price200+volatility+bb,250,0.13222298,0.18000000,0.04777702,1.36133676
d1,bear,150,trend+price200+volatility+body,148,0.13222298,0.19594595,0.06372297,1.48193566
d1,bear,150,trend+price200+bb+body,201,0.13222298,0.15920398,0.02698100,1.20405684
d1,bear,150,trend+momentum+macd+adx,135,0.13222298,0.18518519,0.05296221,1.40055222
d1,bear,150,trend+momentum+macd+di,371,0.13222298,0.16981132,0.03758834,1.28427996
d1,bear,150,trend+momentum+macd+volatility,148,0.13222298,0.22972973,0.09750675,1.73744181
d1,bear,150,trend+momentum+macd+bb,384,0.13222298,0.16145833,0.02923536,1.22110647
d1,bear,150,trend+momentum+macd+body,136,0.13222298,0.19117647,0.05895349,1.44586421
d1,bear,150,trend+momentum+adx+di,232,0.13222298,0.14655172,0.01432875,1.10836805
d1,bear,150,trend+momentum+adx+volatility,118,0.13222298,0.19491525,0.06269228,1.47414056
d1,bear,150,trend+momentum+adx+bb,203,0.13222298,0.14285714,0.01063417,1.08042600
d1,bear,150,trend+momentum+adx+body,101,0.13222298,0.16831683,0.03609385,1.27297717
d1,bear,150,trend+momentum+di+volatility,227,0.13222298,0.19383260,0.06160962,1.46595246
d1,bear,150,trend+momentum+di+bb,472,0.13222298,0.13771186,0.00548889,1.04151235
d1,bear,150,trend+momentum+di+body,215,0.13222298,0.17209302,0.03987005,1.30153644
d1,bear,150,trend+momentum+volatility+bb,192,0.13222298,0.19270833,0.06048536,1.45744966
d1,bear,150,trend+momentum+volatility+body,95,0.13222298,0.25263158,0.12040860,1.91064809
d1,bear,150,trend+momentum+bb+body,170,0.13222298,0.17058824,0.03836526,1.29015575
d1,bear,150,trend+macd+adx+di,196,0.13222298,0.18367347,0.05145049,1.38911914
d1,bear,150,trend+macd+adx+volatility,100,0.13222298,0.21000000,0.07777702,1.58822622
d1,bear,150,trend+macd+adx+bb,198,0.13222298,0.18181818,0.04959520,1.37508764
d1,bear,150,trend+macd+adx+body,70,0.13222298,0.17142857,0.03920559,1.29651120
d1,bear,150,trend+macd+di+volatility,201,0.13222298,0.21393035,0.08170737,1.61795137
d1,bear,150,trend+macd+di+bb,463,0.13222298,0.16630670,0.03408372,1.25777455
d1,bear,150,trend+macd+di+body,163,0.13222298,0.18404908,0.05182610,1.39195988
d1,bear,150,trend+macd+volatility+bb,203,0.13222298,0.20689655,0.07467357,1.56475490
d1,bear,150,trend+macd+volatility+body,68,0.13222298,0.26470588,0.13248290,2.00196582
d1,bear,150,trend+macd+bb+body,161,0.13222298,0.18012422,0.04790125,1.36227626
d1,bear,150,trend+adx+di+volatility,149,0.13222298,0.19463087,0.06240789,1.47198979
d1,bear,150,trend+adx+di+bb,262,0.13222298,0.15267176,0.02044878,1.15465374
d1,bear,150,trend+adx+di+body,114,0.13222298,0.16666667,0.03444369,1.26049700
d1,bear,150,trend+adx+volatility+bb,128,0.13222298,0.18750000,0.05527702,1.41805913
d1,bear,150,trend+adx+volatility+body,63,0.13222298,0.20634921,0.07412623,1.56061533
d1,bear,150,trend+adx+bb+body,96,0.13222298,0.14583333,0.01361036,1.10293488
d1,bear,150,trend+di+volatility+bb,241,0.13222298,0.18672199,0.05449901,1.41217506
d1,bear,150,trend+di+volatility+body,103,0.13222298,0.25242718,0.12020421,1.90910225
d1,bear,150,trend+di+bb+body,194,0.13222298,0.15979381,0.02757084,1.20851774
d1,bear,150,trend+volatility+bb+body,78,0.13222298,0.24358974,0.11136677,1.84226485
d1,bear,150,price20+price200+momentum+macd,611,0.13222298,0.17512275,0.04289977,1.32445020
d1,bear,150,price20+price200+momentum+adx,301,0.13222298,0.13621262,0.00398965,1.03017363
d1,bear,150,price20+price200+momentum+di,726,0.13222298,0.15564738,0.02342441,1.17715836
d1,bear,150,price20+price200+momentum+volatility,294,0.13222298,0.20068027,0.06845729,1.51774129
d1,bear,150,price20+price200+momentum+bb,740,0.13222298,0.15405405,0.02183108,1.16510804
d1,bear,150,price20+price200+momentum+body,246,0.13222298,0.17479675,0.04257377,1.32198466
d1,bear,150,price20+price200+macd+adx,319,0.13222298,0.18181818,0.04959520,1.37508764
d1,bear,150,price20+price200+macd+di,758,0.13222298,0.18469657,0.05247359,1.39685683
d1,bear,150,price20+price200+macd+volatility,320,0.13222298,0.23125000,0.09902702,1.74893959
d1,bear,150,price20+price200+macd+bb,783,0.13222298,0.18007663,0.04785365,1.36191630
d1,bear,150,price20+price200+macd+body,262,0.13222298,0.18702290,0.05479992,1.41445083
d1,bear,150,price20+price200+adx+di,407,0.13222298,0.15724816,0.02502518,1.18926498
d1,bear,150,price20+price200+adx+volatility,214,0.13222298,0.20093458,0.06871160,1.51966461
d1,bear,150,price20+price200+adx+bb,398,0.13222298,0.15829146,0.02606848,1.19715544
d1,bear,150,price20+price200+adx+body,139,0.13222298,0.15827338,0.02605040,1.19701873
d1,bear,150,price20+price200+di+volatility,380,0.13222298,0.21052632,0.07830334,1.59220674
d1,bear,150,price20+price200+di+bb,876,0.13222298,0.16552511,0.03330214,1.25186346
d1,bear,150,price20+price200+di+body,294,0.13222298,0.18027211,0.04804913,1.36339472
d1,bear,150,price20+price200+volatility+bb,375,0.13222298,0.20800000,0.07577702,1.57310026
d1,bear,150,price20+price200+volatility+body,123,0.13222298,0.26829268,0.13606971,2.02909273
d1,bear,150,price20+price200+bb+body,292,0.13222298,0.17808219,0.04585921,1.34683241
d1,bear,150,price20+momentum+macd+adx,390,0.13222298,0.15897436,0.02675138,1.20232022
d1,bear,150,price20+momentum+macd+di,1028,0.13222298,0.17704280,0.04481982,1.33897152
d1,bear,150,price20+momentum+macd+volatility,433,0.13222298,0.22632794,0.09410497,1.71171417
d1,bear,150,price20+momentum+macd+bb,1119,0.13222298,0.16800715,0.03578417,1.27063505
d1,bear,150,price20+momentum+macd+body,378,0.13222298,0.18253968,0.05031670,1.38054433
d1,bear,150,price20+momentum+adx+di,455,0.13222298,0.14725275,0.01502977,1.11366988
d1,bear,150,price20+momentum+adx+volatility,252,0.13222298,0.17857143,0.04634845,1.35053250
d1,bear,150,price20+momentum+adx+bb,474,0.13222298,0.14556962,0.01334664,1.10094042
d1,bear,150,price20+momentum+adx+body,176,0.13222298,0.15340909,0.02118611,1.16023019
d1,bear,150,price20+momentum+di+volatility,486,0.13222298,0.20781893,0.07559595,1.57173083
d1,bear,150,price20+momentum+di+bb,1166,0.13222298,0.16380789,0.03158491,1.23887613
d1,bear,150,price20+momentum+di+body,409,0.13222298,0.17848411,0.04626113,1.34987209
d1,bear,150,price20+momentum+volatility+bb,496,0.13222298,0.20766129,0.07543831,1.57053860
d1,bear,150,price20+momentum+volatility+body,180,0.13222298,0.23888889,0.10666591,1.80671237
d1,bear,150,price20+momentum+bb+body,425,0.13222298,0.17176471,0.03954173,1.29905338
d1,bear,150,price20+macd+adx+di,478,0.13222298,0.17782427,0.04560129,1.34488174
d1,bear,150,price20+macd+adx+volatility,283,0.13222298,0.20848057,0.07625759,1.57673476
d1,bear,150,price20+macd+adx+bb,515,0.13222298,0.17087379,0.03865081,1.29231537
d1,bear,150,price20+macd+adx+body,178,0.13222298,0.16853933,0.03631635,1.27465989
d1,bear,150,price20+macd+di+volatility,517,0.13222298,0.22823985,0.09601687,1.72617384
d1,bear,150,price20+macd+di+bb,1214,0.13222298,0.18039539,0.04817241,1.36432707
d1,bear,150,price20+macd+di+body,416,0.13222298,0.19230769,0.06008471,1.45441962
d1,bear,150,price20+macd+volatility+bb,543,0.13222298,0.22467772,0.09245474,1.69923353
d1,bear,150,price20+macd+volatility+body,186,0.13222298,0.25806452,0.12584154,1.95173729
d1,bear,150,price20+macd+bb+body,440,0.13222298,0.18409091,0.05186793,1.39227623
d1,bear,150,price20+adx+di+volatility,321,0.13222298,0.19314642,0.06092344,1.46076288
d1,bear,150,price20+adx+di+bb,560,0.13222298,0.16428571,0.03206274,1.24248990
d1,bear,150,price20+adx+di+body,203,0.13222298,0.16256158,0.03033860,1.22945028
d1,bear,150,price20+adx+volatility+bb,322,0.13222298,0.19875776,0.06653479,1.50320139
d1,bear,150,price20+adx+volatility+body,112,0.13222298,0.23214286,0.09991988,1.75569225
d1,bear,150,price20+adx+bb+body,206,0.13222298,0.16019417,0.02797120,1.21154566
d1,bear,150,price20+di+volatility+bb,574,0.13222298,0.21428571,0.08206274,1.62063900
d1,bear,150,price20+di+volatility+body,207,0.13222298,0.25120773,0.11898475,1.89987954
d1,bear,150,price20+di+bb+body,459,0.13222298,0.18082789,0.04860491,1.36759805
d1,bear,150,price20+volatility+bb+body,205,0.13222298,0.24878049,0.11655751,1.88152235
d1,bear,150,price200+momentum+macd+adx,209,0.13222298,0.17224880,0.04002583,1.30271460
d1,bear,150,price200+momentum+macd+di,601,0.13222298,0.18469218,0.05246920,1.39682363
d1,bear,150,price200+momentum+macd+volatility,230,0.13222298,0.23913043,0.10690746,1.80853918
d1,bear,150,price200+momentum+macd+bb,625,0.13222298,0.17760000,0.04537702,1.34318560
d1,bear,150,price200+momentum+macd+body,213,0.13222298,0.19248826,0.06026529,1.45578527
d1,bear,150,price200+momentum+adx+di,323,0.13222298,0.14241486,0.01019188,1.07708103
d1,bear,150,price200+momentum+adx+volatility,163,0.13222298,0.19018405,0.05796107,1.43835854
d1,bear,150,price200+momentum+adx+bb,290,0.13222298,0.14137931,0.00915633,1.06924918
d1,bear,150,price200+momentum+adx+body,130,0.13222298,0.15384615,0.02162318,1.16353569
d1,bear,150,price200+momentum+di+volatility,318,0.13222298,0.20440252,0.07217954,1.54589255
d1,bear,150,price200+momentum+di+bb,719,0.13222298,0.15855355,0.02633057,1.19913762
d1,bear,150,price200+momentum+di+body,299,0.13222298,0.17391304,0.04169007,1.31530122
d1,bear,150,price200+momentum+volatility+bb,284,0.13222298,0.20774648,0.07552350,1.57118288
d1,bear,150,price200+momentum+volatility+body,123,0.13222298,0.24390244,0.11167946,1.84462976
d1,bear,150,price200+momentum+bb+body,249,0.13222298,0.17670683,0.04448385,1.33643056
d1,bear,150,price200+macd+adx+di,318,0.13222298,0.18553459,0.05331161,1.40319477
d1,bear,150,price200+macd+adx+volatility,168,0.13222298,0.22619048,0.09396750,1.71067450
d1,bear,150,price200+macd+adx+bb,321,0.13222298,0.18380062,0.05157765,1.39008080
d1,bear,150,price200+macd+adx+body,108,0.13222298,0.18518519,0.05296221,1.40055222
d1,bear,150,price200+macd+di+volatility,320,0.13222298,0.23750000,0.10527702,1.79620823
d1,bear,150,price200+macd+di+bb,768,0.13222298,0.18619792,0.05397494,1.40821149
d1,bear,150,price200+macd+di+body,263,0.13222298,0.20152091,0.06929793,1.52409904
d1,bear,150,price200+macd+volatility+bb,326,0.13222298,0.23312883,0.10090586,1.76314918
d1,bear,150,price200+macd+volatility+body,109,0.13222298,0.28440367,0.15218069,2.15093984
d1,bear,150,price200+macd+bb+body,264,0.13222298,0.19696970,0.06474672,1.48967827
d1,bear,150,price200+adx+di+volatility,228,0.13222298,0.20614035,0.07391737,1.55903576
d1,bear,150,price200+adx+di+bb,397,0.13222298,0.16120907,0.02898609,1.21922128
d1,bear,150,price200+adx+di+body,159,0.13222298,0.16981132,0.03758834,1.28427996
d1,bear,150,price200+adx+volatility+bb,205,0.13222298,0.20487805,0.07265507,1.54948900
d1,bear,150,price200+adx+volatility+body,88,0.13222298,0.20454545,0.07232248,1.54697359
d1,bear,150,price200+adx+bb+body,136,0.13222298,0.16176471,0.02954173,1.22342356
d1,bear,150,price200+di+volatility+bb,371,0.13222298,0.21293801,0.08071503,1.61044630
d1,bear,150,price200+di+volatility+body,147,0.13222298,0.26530612,0.13308314,2.00650543
d1,bear,150,price200+di+bb+body,298,0.13222298,0.18120805,0.04898508,1.37047325
d1,bear,150,price200+volatility+bb+body,119,0.13222298,0.26890756,0.13668459,2.03374306
d1,bear,150,momentum+macd+adx+di,374,0.13222298,0.17379679,0.04157381,1.31442201
d1,bear,150,momentum+macd+adx+volatility,219,0.13222298,0.20547945,0.07325647,1.55403740
d1,bear,150,momentum+macd+adx+bb,418,0.13222298,0.15550239,0.02327941,1.17606180
d1,bear,150,momentum+macd+adx+body,165,0.13222298,0.17575758,0.04353460,1.32925138
d1,bear,150,momentum+macd+di+volatility,434,0.13222298,0.23271889,0.10049592,1.76004881
d1,bear,150,momentum+macd+di+bb,1078,0.13222298,0.17717996,0.04495699,1.34000887
d1,bear,150,momentum+macd+di+body,404,0.13222298,0.20049505,0.06827207,1.51634045
d1,bear,150,momentum+macd+volatility+bb,464,0.13222298,0.22413793,0.09191495,1.69515114
d1,bear,150,momentum+macd+volatility+body,180,0.13222298,0.24444444,0.11222147,1.84872893
d1,bear,150,momentum+macd+bb+body,421,0.13222298,0.18052257,0.04829959,1.36528891
d1,bear,150,momentum+adx+di+volatility,267,0.13222298,0.19475655,0.06253358,1.47294032
d1,bear,150,momentum+adx+di+bb,456,0.13222298,0.15350877,0.02128579,1.16098408
d1,bear,150,momentum+adx+di+body,198,0.13222298,0.17676768,0.04454470,1.33689076
d1,bear,150,momentum+adx+volatility+bb,253,0.13222298,0.18577075,0.05354777,1.40498085
d1,bear,150,momentum+adx+volatility+body,120,0.13222298,0.22500000,0.09277702,1.70167095
d1,bear,150,momentum+adx+bb+body,183,0.13222298,0.15300546,0.02078249,1.15717757
d1,bear,150,momentum+di+volatility+bb,486,0.13222298,0.21399177,0.08176879,1.61841590
d1,bear,150,momentum+di+volatility+body,213,0.13222298,0.23943662,0.10721364,1.81085485
d1,bear,150,momentum+di+bb+body,434,0.13222298,0.17972350,0.04750052,1.35924561
d1,bear,150,momentum+volatility+bb+body,184,0.13222298,0.23369565,0.10147267,1.76743601
d1,bear,150,macd+adx+di+volatility,282,0.13222298,0.21985816,0.08763518,1.66278328
d1,bear,150,macd+adx+di+bb,496,0.13222298,0.18145161,0.04922864,1.37231528
d1,bear,150,macd+adx+di+body,183,0.13222298,0.19125683,0.05903385,1.44647197
d1,bear,150,macd+adx+volatility+bb,299,0.13222298,0.20735786,0.07513488,1.56824376
d1,bear,150,macd+adx+volatility+body,124,0.13222298,0.23387097,0.10164799,1.76876192
d1,bear,150,macd+adx+bb+body,198,0.13222298,0.16666667,0.03444369,1.26049700
d1,bear,150,macd+di+volatility+bb,536,0.13222298,0.22947761,0.09725463,1.73553505
d1,bear,150,macd+di+volatility+body,203,0.13222298,0.26108374,0.12886077,1.97457166
d1,bear,150,macd+di+bb+body,452,0.13222298,0.19469027,0.06246729,1.47243897
d1,bear,150,macd+volatility+bb+body,202,0.13222298,0.24752475,0.11530177,1.87202525
d1,bear,150,adx+di+volatility+bb,319,0.13222298,0.20376176,0.07153878,1.54104649
d1,bear,150,adx+di+volatility+body,133,0.13222298,0.24060150,0.10837853,1.81966484
d1,bear,150,adx+di+bb+body,206,0.13222298,0.16990291,0.03767994,1.28497267
d1,bear,150,adx+volatility+bb+body,114,0.13222298,0.22807018,0.09584720,1.72489063
d1,bear,150,di+volatility+bb+body,210,0.13222298,0.24761905,0.11539607,1.87273840
d1,bear,200,trend,922,0.06254249,0.04880694,-0.01373555,0.78038055
d1,bear,200,price20,1529,0.06254249,0.07652060,0.01397811,1.22349788
d1,bear,200,price200,1263,0.06254249,0.06492478,0.00238229,1.03809081
d1,bear,200,momentum,1719,0.06254249,0.06806283,0.00552034,1.08826542
d1,bear,200,rsi_extreme,125,0.06254249,0.05600000,-0.00654249,0.89539130
d1,bear,200,macd,1738,0.06254249,0.07825086,0.01570837,1.25116326
d1,bear,200,adx,1099,0.06254249,0.06369427,0.00115178,1.01841595
d1,bear,200,di,1620,0.06254249,0.08148148,0.01893899,1.30281804
d1,bear,200,volatility,1103,0.06254249,0.08975521,0.02721272,1.43510781
d1,bear,200,bb,1577,0.06254249,0.07799620,0.01545371,1.24709134
d1,bear,200,body,1295,0.06254249,0.06795367,0.00541118,1.08652006
d1,bear,200,trend+price20,623,0.06254249,0.04815409,-0.01438840,0.76994208
d1,bear,200,trend+price200,877,0.06254249,0.04675029,-0.01579220,0.74749641
d1,bear,200,trend+momentum,660,0.06254249,0.04242424,-0.02011825,0.67832675
d1,bear,200,trend+macd,510,0.06254249,0.05686275,-0.00567974,0.90918585
d1,bear,200,trend+adx,338,0.06254249,0.04733728,-0.01520521,0.75688191
d1,bear,200,trend+di,664,0.06254249,0.05421687,-0.00832562,0.86688057
d1,bear,200,trend+volatility,391,0.06254249,0.06649616,0.00395368,1.06321583
d1,bear,200,trend+bb,600,0.06254249,0.05166667,-0.01087582,0.82610507
d1,bear,200,trend+body,384,0.06254249,0.05989583,-0.00264665,0.95768229
d1,bear,200,price20+price200,958,0.06254249,0.07202505,0.00948256,1.15161795
d1,bear,200,price20+momentum,1327,0.06254249,0.07083647,0.00829399,1.13261361
d1,bear,200,price20+macd,1325,0.06254249,0.08452830,0.02198581,1.35153404
d1,bear,200,price20+adx,621,0.06254249,0.08212560,0.01958312,1.31311699
d1,bear,200,price20+di,1393,0.06254249,0.08183776,0.01929527,1.30851462
d1,bear,200,price20+volatility,636,0.06254249,0.10691824,0.04437575,1.70952967
d1,bear,200,price20+bb,1465,0.06254249,0.07849829,0.01595581,1.25511945
d1,bear,200,price20+body,512,0.06254249,0.07617188,0.01362939,1.21792204
d1,bear,200,price200+momentum,928,0.06254249,0.06142241,-0.00112007,0.98209099
d1,bear,200,price200+macd,834,0.06254249,0.08153477,0.01899228,1.30367011
d1,bear,200,price200+adx,482,0.06254249,0.06224066,-0.00030182,0.99517409
d1,bear,200,price200+di,995,0.06254249,0.07638191,0.01383942,1.22128031
d1,bear,200,price200+volatility,529,0.06254249,0.08695652,0.02441403,1.39035917
d1,bear,200,price200+bb,935,0.06254249,0.07593583,0.01339334,1.21414787
d1,bear,200,price200+body,486,0.06254249,0.06790123,0.00535875,1.08568170
d1,bear,200,momentum+macd,1296,0.06254249,0.08024691,0.01770443,1.28307837
d1,bear,200,momentum+adx,594,0.06254249,0.07239057,0.00984808,1.15746230
d1,bear,200,momentum+di,1382,0.06254249,0.07742402,0.01488154,1.23794281
d1,bear,200,momentum+volatility,659,0.06254249,0.09559939,0.03305690,1.52855116
d1,bear,200,momentum+bb,1376,0.06254249,0.07194767,0.00940519,1.15038075
d1,bear,200,momentum+body,631,0.06254249,0.07131537,0.00877288,1.14027079
d1,bear,200,rsi_extreme+adx,93,0.06254249,0.05376344,-0.00877905,0.85963067
d1,bear,200,rsi_extreme+volatility,50,0.06254249,0.06000000,-0.00254249,0.95934783
d1,bear,200,rsi_extreme+body,84,0.06254249,0.08333333,0.02079085,1.33242754
d1,bear,200,macd+adx,664,0.06254249,0.08433735,0.02179486,1.34848088
d1,bear,200,macd+di,1328,0.06254249,0.09111446,0.02857197,1.45684095
d1,bear,200,macd+volatility,660,0.06254249,0.11666667,0.05412418,1.86539855
d1,bear,200,macd+bb,1412,0.06254249,0.08498584,0.02244335,1.35884961
d1,bear,200,macd+body,677,0.06254249,0.07680945,0.01426697,1.22811637
d1,bear,200,adx+di,641,0.06254249,0.08580343,0.02326094,1.37192227
d1,bear,200,adx+volatility,534,0.06254249,0.09176030,0.02921781,1.46716740
d1,bear,200,adx+bb,640,0.06254249,0.07968750,0.01714501,1.27413383
d1,bear,200,adx+body,476,0.06254249,0.06932773,0.00678524,1.10849014
d1,bear,200,di+volatility,686,0.06254249,0.11078717,0.04824468,1.77139054
d1,bear,200,di+bb,1421,0.06254249,0.08304011,0.02049762,1.32773919
d1,bear,200,di+body,604,0.06254249,0.08443709,0.02189460,1.35007558
d1,bear,200,volatility+bb,651,0.06254249,0.10906298,0.04652049,1.74382221
d1,bear,200,volatility+body,490,0.06254249,0.09591837,0.03337588,1.53365129
d1,bear,200,bb+body,544,0.06254249,0.07720588,0.01466339,1.23445492
d1,bear,200,trend+price20+price200,623,0.06254249,0.04815409,-0.01438840,0.76994208
d1,bear,200,trend+price20+momentum,516,0.06254249,0.04069767,-0.02184481,0.65072042
d1,bear,200,trend+price20+macd,482,0.06254249,0.05809129,-0.00445120,0.92882915
d1,bear,200,trend+price20+adx,276,0.06254249,0.05072464,-0.01181785,0.81104285
d1,bear,200,trend+price20+di,580,0.06254249,0.05172414,-0.01081835,0.82702399
d1,bear,200,trend+price20+volatility,261,0.06254249,0.05747126,-0.00507122,0.91891554
d1,bear,200,trend+price20+bb,586,0.06254249,0.05119454,-0.01134795,0.81855617
d1,bear,200,trend+price20+body,203,0.06254249,0.05418719,-0.00835530,0.86640608
d1,bear,200,trend+price200+momentum,655,0.06254249,0.04274809,-0.01979440,0.68350481
d1,bear,200,trend+price200+macd,507,0.06254249,0.05719921,-0.00534328,0.91456565
d1,bear,200,trend+price200+adx,333,0.06254249,0.04804805,-0.01449444,0.76824651
d1,bear,200,trend+price200+di,663,0.06254249,0.05429864,-0.00824385,0.86818808
d1,bear,200,trend+price200+volatility,374,0.06254249,0.06149733,-0.00104516,0.98328877
d1,bear,200,trend+price200+bb,600,0.06254249,0.05166667,-0.01087582,0.82610507
d1,bear,200,trend+price200+body,352,0.06254249,0.05397727,-0.00856522,0.86304965
d1,bear,200,trend+momentum+macd,394,0.06254249,0.05076142,-0.01178107,0.81163099
d1,bear,200,trend+momentum+adx,251,0.06254249,0.04780876,-0.01473372,0.76442058
d1,bear,200,trend+momentum+di,557,0.06254249,0.04847397,-0.01406852,0.77505659
d1,bear,200,trend+momentum+volatility,258,0.06254249,0.06201550,-0.00052698,0.99157398
d1,bear,200,trend+momentum+bb,502,0.06254249,0.04382470,-0.01871779,0.70071886
d1,bear,200,trend+momentum+body,249,0.06254249,0.05622490,-0.00631759,0.89898725
d1,bear,200,trend+macd+adx,198,0.06254249,0.06060606,-0.00193643,0.96903821
d1,bear,200,trend+macd+di,472,0.06254249,0.06144068,-0.00110181,0.98238301
d1,bear,200,trend+macd+volatility,210,0.06254249,0.06666667,0.00412418,1.06594203
d1,bear,200,trend+macd+bb,482,0.06254249,0.06016598,-0.00237651,0.96200162
d1,bear,200,trend+macd+body,181,0.06254249,0.06077348,-0.00176901,0.97171511
d1,bear,200,trend+adx+di,296,0.06254249,0.05405405,-0.00848843,0.86427732
d1,bear,200,trend+adx+volatility,169,0.06254249,0.05917160,-0.00337089,0.94610239
d1,bear,200,trend+adx+bb,266,0.06254249,0.05263158,-0.00991091,0.84153318
d1,bear,200,trend+adx+body,134,0.06254249,0.04477612,-0.01776637,0.71593121
d1,bear,200,trend+di+volatility,288,0.06254249,0.06944444,0.00690196,1.11035628
d1,bear,200,trend+di+bb,570,0.06254249,0.05438596,-0.00815652,0.86958429
d1,bear,200,trend+di+body,253,0.06254249,0.05928854,-0.00325395,0.94797216
d1,bear,200,trend+volatility+bb,250,0.06254249,0.06400000,0.00145751,1.02330435
d1,bear,200,trend+volatility+body,161,0.06254249,0.09316770,0.03062521,1.48967054
d1,bear,200,trend+bb+body,201,0.06254249,0.05970149,-0.00284100,0.95457495
d1,bear,200,price20+price200+momentum,771,0.06254249,0.06355383,0.00101134,1.01617042
d1,bear,200,price20+price200+macd,796,0.06254249,0.08291457,0.02037208,1.32573192
d1,bear,200,price20+price200+adx,413,0.06254249,0.06779661,0.00525412,1.08400884
d1,bear,200,price20+price200+di,901,0.06254249,0.07658158,0.01403909,1.22447281
d1,bear,200,price20+price200+volatility,394,0.06254249,0.09390863,0.03136614,1.50151733
d1,bear,200,price20+price200+bb,914,0.06254249,0.07549234,0.01294985,1.20705689
d1,bear,200,price20+price200+body,311,0.06254249,0.07395498,0.01141250,1.18247588
d1,bear,200,price20+momentum+macd,1125,0.06254249,0.07911111,0.01656862,1.26491787
d1,bear,200,price20+momentum+adx,496,0.06254249,0.07459677,0.01205429,1.19273755
d1,bear,200,price20+momentum+di,1203,0.06254249,0.07564422,0.01310173,1.20948534
d1,bear,200,price20+momentum+volatility,524,0.06254249,0.09923664,0.03669415,1.58670760
d1,bear,200,price20+momentum+bb,1276,0.06254249,0.07210031,0.00955783,1.15282132
d1,bear,200,price20+momentum+body,441,0.06254249,0.06802721,0.00548472,1.08769595
d1,bear,200,price20+macd+adx,515,0.06254249,0.09126214,0.02871965,1.45920220
d1,bear,200,price20+macd+di,1218,0.06254249,0.08949097,0.02694848,1.43088277
d1,bear,200,price20+macd+volatility,545,0.06254249,0.11743119,0.05488870,1.87762266
d1,bear,200,price20+macd+bb,1308,0.06254249,0.08562691,0.02308442,1.36909985
d1,bear,200,price20+macd+body,449,0.06254249,0.08240535,0.01986286,1.31758981
d1,bear,200,price20+adx+di,580,0.06254249,0.08448276,0.02194027,1.35080585
d1,bear,200,price20+adx+volatility,338,0.06254249,0.10650888,0.04396639,1.70298431
d1,bear,200,price20+adx+bb,599,0.06254249,0.08347245,0.02092997,1.33465196
d1,bear,200,price20+adx+body,215,0.06254249,0.08837209,0.02582960,1.41299292
d1,bear,200,price20+di+volatility,598,0.06254249,0.11036789,0.04782540,1.76468664
d1,bear,200,price20+di+bb,1355,0.06254249,0.08265683,0.02011434,1.32161078
d1,bear,200,price20+di+body,473,0.06254249,0.08245243,0.01990994,1.31834268
d1,bear,200,price20+volatility+bb,608,0.06254249,0.11019737,0.04765488,1.76196010
d1,bear,200,price20+volatility+body,217,0.06254249,0.11520737,0.05266489,1.84206572
d1,bear,200,price20+bb+body,489,0.06254249,0.07770961,0.01516712,1.24250911
d1,bear,200,price200+momentum+macd,638,0.06254249,0.07523511,0.01269262,1.20294398
d1,bear,200,price200+momentum+adx,343,0.06254249,0.05539359,-0.00714890,0.88569527
d1,bear,200,price200+momentum+di,813,0.06254249,0.06888069,0.00633820,1.10134232
d1,bear,200,price200+momentum+volatility,355,0.06254249,0.08169014,0.01914765,1.30615432
d1,bear,200,price200+momentum+bb,761,0.06254249,0.06701708,0.00447459,1.07154488
d1,bear,200,price200+momentum+body,334,0.06254249,0.06287425,0.00033176,1.00530461
d1,bear,200,price200+macd+adx,321,0.06254249,0.07788162,0.01533913,1.24525938
d1,bear,200,price200+macd+di,777,0.06254249,0.08751609,0.02497360,1.39930614
d1,bear,200,price200+macd+volatility,334,0.06254249,0.10479042,0.04224793,1.67550768
d1,bear,200,price200+macd+bb,799,0.06254249,0.08510638,0.02256389,1.36077706
d1,bear,200,price200+macd+body,288,0.06254249,0.08333333,0.02079085,1.33242754
d1,bear,200,price200+adx+di,436,0.06254249,0.06880734,0.00626485,1.10016953
d1,bear,200,price200+adx+volatility,251,0.06254249,0.08764940,0.02510691,1.40143773
d1,bear,200,price200+adx+bb,402,0.06254249,0.06965174,0.00710925,1.11367078
d1,bear,200,price200+adx+body,177,0.06254249,0.05649718,-0.00604531,0.90334070
d1,bear,200,price200+di+volatility,421,0.06254249,0.09976247,0.03721998,1.59511515
d1,bear,200,price200+di+bb,893,0.06254249,0.07950728,0.01696479,1.27125225
d1,bear,200,price200+di+body,363,0.06254249,0.07713499,0.01459250,1.23332136
d1,bear,200,price200+volatility+bb,384,0.06254249,0.09895833,0.03641585,1.58225770
d1,bear,200,price200+volatility+body,201,0.06254249,0.09452736,0.03198488,1.51141034
d1,bear,200,price200+bb+body,307,0.06254249,0.08143322,0.01889074,1.30204645
d1,bear,200,momentum+macd+adx,432,0.06254249,0.08564815,0.02310566,1.36943941
d1,bear,200,momentum+macd+di,1115,0.06254249,0.08699552,0.02445303,1.39098265
d1,bear,200,momentum+macd+volatility,488,0.06254249,0.11270492,0.05016243,1.80205364
d1,bear,200,momentum+macd+bb,1211,0.06254249,0.07927333,0.01673084,1.26751158
d1,bear,200,momentum+macd+body,465,0.06254249,0.08172043,0.01917794,1.30663862
d1,bear,200,momentum+adx+di,507,0.06254249,0.07889546,0.01635298,1.26146986
d1,bear,200,momentum+adx+volatility,306,0.06254249,0.10130719,0.03876470,1.61981387
d1,bear,200,momentum+adx+bb,507,0.06254249,0.07100592,0.00846343,1.13532287
d1,bear,200,momentum+adx+body,229,0.06254249,0.08296943,0.02042694,1.32660908
d1,bear,200,momentum+di+volatility,557,0.06254249,0.10592460,0.04338211,1.69364218
d1,bear,200,momentum+di+bb,1227,0.06254249,0.07660962,0.01406713,1.22492116
d1,bear,200,momentum+di+body,519,0.06254249,0.08092486,0.01838237,1.29391807
d1,bear,200,momentum+volatility+bb,534,0.06254249,0.10112360,0.03858111,1.61687836
d1,bear,200,momentum+volatility+body,248,0.06254249,0.10080645,0.03826396,1.61180750
d1,bear,200,momentum+bb+body,474,0.06254249,0.06962025,0.00707777,1.11316731
d1,bear,200,rsi_extreme+adx+body,62,0.06254249,0.08064516,0.01810267,1.28944600
d1,bear,200,macd+adx+di,503,0.06254249,0.09741551,0.03487302,1.55758925
d1,bear,200,macd+adx+volatility,335,0.06254249,0.11641791,0.05387542,1.86142116
d1,bear,200,macd+adx+bb,551,0.06254249,0.08711434,0.02457185,1.39288251
d1,bear,200,macd+adx+body,255,0.06254249,0.09019608,0.02765359,1.44215686
d1,bear,200,macd+di+volatility,553,0.06254249,0.12296564,0.06042315,1.96611369
d1,bear,200,macd+di+bb,1272,0.06254249,0.09040881,0.02786632,1.44555818
d1,bear,200,macd+di+body,478,0.06254249,0.09623431,0.03369182,1.53870293
d1,bear,200,macd+volatility+bb,581,0.06254249,0.11703959,0.05449710,1.87136122
d1,bear,200,macd+volatility+body,252,0.06254249,0.12698413,0.06444164,2.03036577
d1,bear,200,macd+bb+body,491,0.06254249,0.08350305,0.02096057,1.33514124
d1,bear,200,adx+di+volatility,359,0.06254249,0.11420613,0.05166364,1.82605668
d1,bear,200,adx+di+bb,583,0.06254249,0.08404803,0.02150554,1.34385487
d1,bear,200,adx+di+body,243,0.06254249,0.09465021,0.03210772,1.51337449
d1,bear,200,adx+volatility+bb,343,0.06254249,0.10495627,0.04241378,1.67815946
d1,bear,200,adx+volatility+body,234,0.06254249,0.10683761,0.04429512,1.70824043
d1,bear,200,adx+bb+body,227,0.06254249,0.07929515,0.01675267,1.26786056
d1,bear,200,di+volatility+bb,599,0.06254249,0.11352254,0.05098005,1.81512666
d1,bear,200,di+volatility+body,258,0.06254249,0.12015504,0.05761255,1.92117459
d1,bear,200,di+bb+body,500,0.06254249,0.08400000,0.02145751,1.34308696
d1,bear,200,volatility+bb+body,223,0.06254249,0.11210762,0.04956514,1.79250341
d1,bear,200,trend+price20+price200+momentum,516,0.06254249,0.04069767,-0.02184481,0.65072042
d1,bear,200,trend+price20+price200+macd,482,0.06254249,0.05809129,-0.00445120,0.92882915
d1,bear,200,trend+price20+price200+adx,276,0.06254249,0.05072464,-0.01181785,0.81104285
d1,bear,200,trend+price20+price200+di,580,0.06254249,0.05172414,-0.01081835,0.82702399
d1,bear,200,trend+price20+price200+volatility,261,0.06254249,0.05747126,-0.00507122,0.91891554
d1,bear,200,trend+price20+price200+bb,586,0.06254249,0.05119454,-0.01134795,0.81855617
d1,bear,200,trend+price20+price200+body,203,0.06254249,0.05418719,-0.00835530,0.86640608
d1,bear,200,trend+price20+momentum+macd,376,0.06254249,0.05053191,-0.01201057,0.80796138
d1,bear,200,trend+price20+momentum+adx,213,0.06254249,0.04694836,-0.01559413,0.75066340
d1,bear,200,trend+price20+momentum+di,481,0.06254249,0.04365904,-0.01888344,0.69807014
d1,bear,200,trend+price20+momentum+volatility,203,0.06254249,0.05418719,-0.00835530,0.86640608
d1,bear,200,trend+price20+momentum+bb,488,0.06254249,0.04303279,-0.01950970,0.68805684
d1,bear,200,trend+price20+momentum+body,168,0.06254249,0.05357143,-0.00897106,0.85656056
d1,bear,200,trend+price20+macd+adx,196,0.06254249,0.06122449,-0.00131800,0.97892635
d1,bear,200,trend+price20+macd+di,456,0.06254249,0.06140351,-0.00113898,0.98178871
d1,bear,200,trend+price20+macd+volatility,198,0.06254249,0.06565657,0.00311408,1.04979139
d1,bear,200,trend+price20+macd+bb,473,0.06254249,0.05919662,-0.00334587,0.94650244
d1,bear,200,trend+price20+macd+body,158,0.06254249,0.06329114,0.00074865,1.01197028
d1,bear,200,trend+price20+adx+di,271,0.06254249,0.05166052,-0.01088197,0.82600674
d1,bear,200,trend+price20+adx+volatility,137,0.06254249,0.05839416,-0.00414833,0.93367185
d1,bear,200,trend+price20+adx+bb,262,0.06254249,0.05343511,-0.00910737,0.85438102
d1,bear,200,trend+price20+adx+body,98,0.06254249,0.05102041,-0.01152208,0.81577196
d1,bear,200,trend+price20+di+volatility,250,0.06254249,0.06000000,-0.00254249,0.95934783
d1,bear,200,trend+price20+di+bb,556,0.06254249,0.05395683,-0.00858565,0.86272287
d1,bear,200,trend+price20+di+body,192,0.06254249,0.05729167,-0.00525082,0.91604393
d1,bear,200,trend+price20+volatility+bb,243,0.06254249,0.06172840,-0.00081409,0.98698336
d1,bear,200,trend+price20+volatility+body,81,0.06254249,0.08641975,0.02387726,1.38177670
d1,bear,200,trend+price20+bb+body,189,0.06254249,0.05820106,-0.00434143,0.93058431
d1,bear,200,trend+price200+momentum+macd,394,0.06254249,0.05076142,-0.01178107,0.81163099
d1,bear,200,trend+price200+momentum+adx,251,0.06254249,0.04780876,-0.01473372,0.76442058
d1,bear,200,trend+price200+momentum+di,557,0.06254249,0.04847397,-0.01406852,0.77505659
d1,bear,200,trend+price200+momentum+volatility,257,0.06254249,0.06225681,-0.00028568,0.99543224
d1,bear,200,trend+price200+momentum+bb,502,0.06254249,0.04382470,-0.01871779,0.70071886
d1,bear,200,trend+price200+momentum+body,246,0.06254249,0.05691057,-0.00563192,0.90995051
d1,bear,200,trend+price200+macd+adx,198,0.06254249,0.06060606,-0.00193643,0.96903821
d1,bear,200,trend+price200+macd+di,471,0.06254249,0.06157113,-0.00097136,0.98446875
d1,bear,200,trend+price200+macd+volatility,210,0.06254249,0.06666667,0.00412418,1.06594203
d1,bear,200,trend+price200+macd+bb,482,0.06254249,0.06016598,-0.00237651,0.96200162
d1,bear,200,trend+price200+macd+body,178,0.06254249,0.06179775,-0.00074474,0.98809233
d1,bear,200,trend+price200+adx+di,296,0.06254249,0.05405405,-0.00848843,0.86427732
d1,bear,200,trend+price200+adx+volatility,167,0.06254249,0.05988024,-0.00266225,0.95743296
d1,bear,200,trend+price200+adx+bb,266,0.06254249,0.05263158,-0.00991091,0.84153318
d1,bear,200,trend+price200+adx+body,130,0.06254249,0.04615385,-0.01638864,0.73795987
d1,bear,200,trend+price200+di+volatility,288,0.06254249,0.06944444,0.00690196,1.11035628
d1,bear,200,trend+price200+di+bb,570,0.06254249,0.05438596,-0.00815652,0.86958429
d1,bear,200,trend+price200+di+body,252,0.06254249,0.05952381,-0.00301868,0.95173395
d1,bear,200,trend+price200+volatility+bb,250,0.06254249,0.06400000,0.00145751,1.02330435
d1,bear,200,trend+price200+volatility+body,148,0.06254249,0.08108108,0.01853859,1.29641598
d1,bear,200,trend+price200+bb+body,201,0.06254249,0.05970149,-0.00284100,0.95457495
d1,bear,200,trend+momentum+macd+adx,135,0.06254249,0.05925926,-0.00328323,0.94750403
d1,bear,200,trend+momentum+macd+di,371,0.06254249,0.05390836,-0.00863413,0.86194773
d1,bear,200,trend+momentum+macd+volatility,148,0.06254249,0.06756757,0.00502508,1.08034665
d1,bear,200,trend+momentum+macd+bb,384,0.06254249,0.05208333,-0.01045915,0.83276721
d1,bear,200,trend+momentum+macd+body,136,0.06254249,0.06617647,0.00363398,1.05810422
d1,bear,200,trend+momentum+adx+di,232,0.06254249,0.05172414,-0.01081835,0.82702399
d1,bear,200,trend+momentum+adx+volatility,118,0.06254249,0.07627119,0.01372870,1.21950995
d1,bear,200,trend+momentum+adx+bb,203,0.06254249,0.04926108,-0.01328140,0.78764189
d1,bear,200,trend+momentum+adx+body,101,0.06254249,0.04950495,-0.01303754,0.79154111
d1,bear,200,trend+momentum+di+volatility,227,0.06254249,0.07048458,0.00794209,1.12698717
d1,bear,200,trend+momentum+di+bb,472,0.06254249,0.04661017,-0.01593232,0.74525608
d1,bear,200,trend+momentum+di+body,215,0.06254249,0.06046512,-0.00207737,0.96678463
d1,bear,200,trend+momentum+volatility+bb,192,0.06254249,0.06250000,-0.00004249,0.99932065
d1,bear,200,trend+momentum+volatility+body,95,0.06254249,0.09473684,0.03219435,1.51475973
d1,bear,200,trend+momentum+bb+body,170,0.06254249,0.05882353,-0.00371896,0.94053708
d1,bear,200,trend+macd+adx+di,196,0.06254249,0.06122449,-0.00131800,0.97892635
d1,bear,200,trend+macd+adx+volatility,100,0.06254249,0.06000000,-0.00254249,0.95934783
d1,bear,200,trend+macd+adx+bb,198,0.06254249,0.06060606,-0.00193643,0.96903821
d1,bear,200,trend+macd+adx+body,70,0.06254249,0.05714286,-0.00539963,0.91366460
d1,bear,200,trend+macd+di+volatility,201,0.06254249,0.06965174,0.00710925,1.11367078
d1,bear,200,trend+macd+di+bb,463,0.06254249,0.06263499,0.00009250,1.00147901
d1,bear,200,trend+macd+di+body,163,0.06254249,0.06748466,0.00494217,1.07902107
d1,bear,200,trend+macd+volatility+bb,203,0.06254249,0.06896552,0.00642303,1.10269865
d1,bear,200,trend+macd+volatility+body,68,0.06254249,0.10294118,0.04039869,1.64593990
d1,bear,200,trend+macd+bb+body,161,0.06254249,0.06832298,0.00578049,1.09242506
d1,bear,200,trend+adx+di+volatility,149,0.06254249,0.06711409,0.00457161,1.07309600
d1,bear,200,trend+adx+di+bb,262,0.06254249,0.05343511,-0.00910737,0.85438102
d1,bear,200,trend+adx+di+body,114,0.06254249,0.05263158,-0.00991091,0.84153318
d1,bear,200,trend+adx+volatility+bb,128,0.06254249,0.06250000,-0.00004249,0.99932065
d1,bear,200,trend+adx+volatility+body,63,0.06254249,0.06349206,0.00094958,1.01518288
d1,bear,200,trend+adx+bb+body,96,0.06254249,0.05208333,-0.01045915,0.83276721
d1,bear,200,trend+di+volatility+bb,241,0.06254249,0.06639004,0.00384755,1.06151903
d1,bear,200,trend+di+volatility+body,103,0.06254249,0.09708738,0.03454489,1.55234276
d1,bear,200,trend+di+bb+body,194,0.06254249,0.06185567,-0.00068682,0.98901838
d1,bear,200,trend+volatility+bb+body,78,0.06254249,0.10256410,0.04002161,1.63991081
d1,bear,200,price20+price200+momentum+macd,611,0.06254249,0.07528642,0.01274393,1.20376432
d1,bear,200,price20+price200+momentum+adx,301,0.06254249,0.05647841,-0.00606408,0.90304059
d1,bear,200,price20+price200+momentum+di,726,0.06254249,0.06749311,0.00495062,1.07915619
d1,bear,200,price20+price200+momentum+volatility,294,0.06254249,0.08163265,0.01909016,1.30523514
d1,bear,200,price20+price200+momentum+bb,740,0.06254249,0.06621622,0.00367373,1.05873972
d1,bear,200,price20+price200+momentum+body,246,0.06254249,0.06097561,-0.00156688,0.97494698
d1,bear,200,price20+price200+macd+adx,319,0.06254249,0.07836991,0.01582742,1.25306665
d1,bear,200,price20+price200+macd+di,758,0.06254249,0.08707124,0.02452875,1.39219342
d1,bear,200,price20+price200+macd+volatility,320,0.06254249,0.10625000,0.04370751,1.69884511
d1,bear,200,price20+price200+macd+bb,783,0.06254249,0.08429119,0.02174870,1.34774280
d1,bear,200,price20+price200+macd+body,262,0.06254249,0.08396947,0.02142698,1.34259874
d1,bear,200,price20+price200+adx+di,407,0.06254249,0.06879607,0.00625358,1.09998932
d1,bear,200,price20+price200+adx+volatility,214,0.06254249,0.09345794,0.03091546,1.49431126
d1,bear,200,price20+price200+adx+bb,398,0.06254249,0.07035176,0.00780927,1.12486345
d1,bear,200,price20+price200+adx+body,139,0.06254249,0.06474820,0.00220571,1.03526744
d1,bear,200,price20+price200+di+volatility,380,0.06254249,0.09736842,0.03482593,1.55683638
d1,bear,200,price20+price200+di+bb,876,0.06254249,0.07876712,0.01622464,1.25941781
d1,bear,200,price20+price200+di+body,294,0.06254249,0.07823129,0.01568880,1.25085034
d1,bear,200,price20+price200+volatility+bb,375,0.06254249,0.09866667,0.03612418,1.57759420
d1,bear,200,price20+price200+volatility+body,123,0.06254249,0.10569106,0.04314857,1.68990809
d1,bear,200,price20+price200+bb+body,292,0.06254249,0.07876712,0.01622464,1.25941781
d1,bear,200,price20+momentum+macd+adx,390,0.06254249,0.08461538,0.02207290,1.35292642
d1,bear,200,price20+momentum+macd+di,1028,0.06254249,0.08365759,0.02111510,1.33761208
d1,bear,200,price20+momentum+macd+volatility,433,0.06254249,0.11085450,0.04831202,1.77246712
d1,bear,200,price20+momentum+macd+bb,1119,0.06254249,0.07953530,0.01699281,1.27170028
d1,bear,200,price20+momentum+macd+body,378,0.06254249,0.07407407,0.01153159,1.18438003
d1,bear,200,price20+momentum+adx+di,455,0.06254249,0.07692308,0.01438059,1.22993311
d1,bear,200,price20+momentum+adx+volatility,252,0.06254249,0.09920635,0.03666386,1.58622326
d1,bear,200,price20+momentum+adx+bb,474,0.06254249,0.07594937,0.01340688,1.21436434
d1,bear,200,price20+momentum+adx+body,176,0.06254249,0.07954545,0.01700297,1.27186265
d1,bear,200,price20+momentum+di+volatility,486,0.06254249,0.10288066,0.04033817,1.64497227
d1,bear,200,price20+momentum+di+bb,1166,0.06254249,0.07632933,0.01378684,1.22043963
d1,bear,200,price20+momentum+di+body,409,0.06254249,0.07334963,0.01080715,1.17279685
d1,bear,200,price20+momentum+volatility+bb,496,0.06254249,0.10282258,0.04028009,1.64404365
d1,bear,200,price20+momentum+volatility+body,180,0.06254249,0.10000000,0.03745751,1.59891304
d1,bear,200,price20+momentum+bb+body,425,0.06254249,0.06823529,0.00569281,1.09102302
d1,bear,200,price20+macd+adx+di,478,0.06254249,0.09414226,0.03159977,1.50525287
d1,bear,200,price20+macd+adx+volatility,283,0.06254249,0.11307420,0.05053172,1.80795821
d1,bear,200,price20+macd+adx+bb,515,0.06254249,0.09126214,0.02871965,1.45920220
d1,bear,200,price20+macd+adx+body,178,0.06254249,0.09550562,0.03296313,1.52705178
d1,bear,200,price20+macd+di+volatility,517,0.06254249,0.11992263,0.05738014,1.91745858
d1,bear,200,price20+macd+di+bb,1214,0.06254249,0.08978583,0.02724334,1.43559738
d1,bear,200,price20+macd+di+body,416,0.06254249,0.08894231,0.02639982,1.42211016
d1,bear,200,price20+macd+volatility+bb,543,0.06254249,0.11786372,0.05532123,1.88453839
d1,bear,200,price20+macd+volatility+body,186,0.06254249,0.12365591,0.06111343,1.97715054
d1,bear,200,price20+macd+bb+body,440,0.06254249,0.08409091,0.02154842,1.34454051
d1,bear,200,price20+adx+di+volatility,321,0.06254249,0.10903427,0.04649178,1.74336313
d1,bear,200,price20+adx+di+bb,560,0.06254249,0.08571429,0.02317180,1.37049689
d1,bear,200,price20+adx+di+body,203,0.06254249,0.09359606,0.03105357,1.49651960
d1,bear,200,price20+adx+volatility+bb,322,0.06254249,0.10869565,0.04615316,1.73794896
d1,bear,200,price20+adx+volatility+body,112,0.06254249,0.13392857,0.07138608,2.14140140
d1,bear,200,price20+adx+bb+body,206,0.06254249,0.08737864,0.02483615,1.39710848
d1,bear,200,price20+di+volatility+bb,574,0.06254249,0.11324042,0.05069793,1.81061582
d1,bear,200,price20+di+volatility+body,207,0.06254249,0.12077295,0.05823046,1.93105440
d1,bear,200,price20+di+bb+body,459,0.06254249,0.08278867,0.02024618,1.32371886
d1,bear,200,price20+volatility+bb+body,205,0.06254249,0.11707317,0.05453068,1.87189820
d1,bear,200,price200+momentum+macd+adx,209,0.06254249,0.06698565,0.00444316,1.07104223
d1,bear,200,price200+momentum+macd+di,601,0.06254249,0.07986689,0.01732440,1.27700210
d1,bear,200,price200+momentum+macd+volatility,230,0.06254249,0.09565217,0.03310969,1.52939509
d1,bear,200,price200+momentum+macd+bb,625,0.06254249,0.07680000,0.01425751,1.22796522
d1,bear,200,price200+momentum+macd+body,213,0.06254249,0.07511737,0.01257488,1.20106144
d1,bear,200,price200+momentum+adx+di,323,0.06254249,0.05882353,-0.00371896,0.94053708
d1,bear,200,price200+momentum+adx+volatility,163,0.06254249,0.08588957,0.02334708,1.37329955
d1,bear,200,price200+momentum+adx+bb,290,0.06254249,0.05862069,-0.00392180,0.93729385
d1,bear,200,price200+momentum+adx+body,130,0.06254249,0.04615385,-0.01638864,0.73795987
d1,bear,200,price200+momentum+di+volatility,318,0.06254249,0.09119497,0.02865248,1.45812825
d1,bear,200,price200+momentum+di+bb,719,0.06254249,0.07093185,0.00838936,1.13413860
d1,bear,200,price200+momentum+di+body,299,0.06254249,0.06688963,0.00434714,1.06950705
d1,bear,200,price200+momentum+volatility+bb,284,0.06254249,0.08802817,0.02548568,1.40749388
d1,bear,200,price200+momentum+volatility+body,123,0.06254249,0.08130081,0.01875832,1.29992930
d1,bear,200,price200+momentum+bb+body,249,0.06254249,0.06827309,0.00573060,1.09162738
d1,bear,200,price200+macd+adx+di,318,0.06254249,0.07861635,0.01607386,1.25700711
d1,bear,200,price200+macd+adx+volatility,168,0.06254249,0.10119048,0.03864799,1.61794772
d1,bear,200,price200+macd+adx+bb,321,0.06254249,0.07788162,0.01533913,1.24525938
d1,bear,200,price200+macd+adx+body,108,0.06254249,0.07407407,0.01153159,1.18438003
d1,bear,200,price200+macd+di+volatility,320,0.06254249,0.10937500,0.04683251,1.74881114
d1,bear,200,price200+macd+di+bb,768,0.06254249,0.08854167,0.02599918,1.41570426
d1,bear,200,price200+macd+di+body,263,0.06254249,0.09125475,0.02871226,1.45908415
d1,bear,200,price200+macd+volatility+bb,326,0.06254249,0.10736196,0.04481948,1.71662443
d1,bear,200,price200+macd+volatility+body,109,0.06254249,0.11926606,0.05672357,1.90696051
d1,bear,200,price200+macd+bb+body,264,0.06254249,0.09090909,0.02836660,1.45355731
d1,bear,200,price200+adx+di+volatility,228,0.06254249,0.09649123,0.03394874,1.54281083
d1,bear,200,price200+adx+di+bb,397,0.06254249,0.07052897,0.00798648,1.12769686
d1,bear,200,price200+adx+di+body,159,0.06254249,0.06289308,0.00035059,1.00560569
d1,bear,200,price200+adx+volatility+bb,205,0.06254249,0.09756098,0.03501849,1.55991516
d1,bear,200,price200+adx+volatility+body,88,0.06254249,0.07954545,0.01700297,1.27186265
d1,bear,200,price200+adx+bb+body,136,0.06254249,0.06617647,0.00363398,1.05810422
d1,bear,200,price200+di+volatility+bb,371,0.06254249,0.10242588,0.03988339,1.63770069
d1,bear,200,price200+di+volatility+body,147,0.06254249,0.10884354,0.04630105,1.74031352
d1,bear,200,price200+di+bb+body,298,0.06254249,0.08389262,0.02135013,1.34137000
d1,bear,200,price200+volatility+bb+body,119,0.06254249,0.11764706,0.05510457,1.88107417
d1,bear,200,momentum+macd+adx+di,374,0.06254249,0.09090909,0.02836660,1.45355731
d1,bear,200,momentum+macd+adx+volatility,219,0.06254249,0.11415525,0.05161276,1.82524320
d1,bear,200,momentum+macd+adx+bb,418,0.06254249,0.07894737,0.01640488,1.26229977
d1,bear,200,momentum+macd+adx+body,165,0.06254249,0.09696970,0.03442721,1.55046113
d1,bear,200,momentum+macd+di+volatility,434,0.06254249,0.11751152,0.05496903,1.87890703
d1,bear,200,momentum+macd+di+bb,1078,0.06254249,0.08441558,0.02187310,1.34973179
d1,bear,200,momentum+macd+di+body,404,0.06254249,0.09158416,0.02904167,1.46435105
d1,bear,200,momentum+macd+volatility+bb,464,0.06254249,0.10991379,0.04737131,1.75742597
d1,bear,200,momentum+macd+volatility+body,180,0.06254249,0.11666667,0.05412418,1.86539855
d1,bear,200,momentum+macd+bb+body,421,0.06254249,0.07600950,0.01346701,1.21532583
d1,bear,200,momentum+adx+di+volatility,267,0.06254249,0.10861423,0.04607174,1.73664713
d1,bear,200,momentum+adx+di+bb,456,0.06254249,0.07456140,0.01201892,1.19217201
d1,bear,200,momentum+adx+di+body,198,0.06254249,0.09090909,0.02836660,1.45355731
d1,bear,200,momentum+adx+volatility+bb,253,0.06254249,0.09486166,0.03231917,1.51675546
d1,bear,200,momentum+adx+volatility+body,120,0.06254249,0.13333333,0.07079085,2.13188406
d1,bear,200,momentum+adx+bb+body,183,0.06254249,0.07103825,0.00849576,1.13583987
d1,bear,200,momentum+di+volatility+bb,486,0.06254249,0.10493827,0.04239578,1.67787171
d1,bear,200,momentum+di+volatility+body,213,0.06254249,0.11267606,0.05013357,1.80159216
d1,bear,200,momentum+di+bb+body,434,0.06254249,0.07603687,0.01349438,1.21576337
d1,bear,200,momentum+volatility+bb+body,184,0.06254249,0.09782609,0.03528360,1.56415406
d1,bear,200,macd+adx+di+volatility,282,0.06254249,0.12411348,0.06157099,1.98446654
d1,bear,200,macd+adx+di+bb,496,0.06254249,0.09274194,0.03019945,1.48286290
d1,bear,200,macd+adx+di+body,183,0.06254249,0.10928962,0.04674713,1.74744595
d1,bear,200,macd+adx+volatility+bb,299,0.06254249,0.11036789,0.04782540,1.76468664
d1,bear,200,macd+adx+volatility+body,124,0.06254249,0.15322581,0.09068332,2.44994741
d1,bear,200,macd+adx+bb+body,198,0.06254249,0.08585859,0.02331610,1.37280413
d1,bear,200,macd+di+volatility+bb,536,0.06254249,0.12126866,0.05872617,1.93898037
d1,bear,200,macd+di+volatility+body,203,0.06254249,0.13300493,0.07046244,2.12663311
d1,bear,200,macd+di+bb+body,452,0.06254249,0.09070796,0.02816548,1.45034148
d1,bear,200,macd+volatility+bb+body,202,0.06254249,0.11881188,0.05626939,1.89969867
d1,bear,200,adx+di+volatility+bb,319,0.06254249,0.10971787,0.04717538,1.75429331
d1,bear,200,adx+di+volatility+body,133,0.06254249,0.14285714,0.08031465,2.28416149
d1,bear,200,adx+di+bb+body,206,0.06254249,0.08737864,0.02483615,1.39710848
d1,bear,200,adx+volatility+bb+body,114,0.06254249,0.12280702,0.06026453,1.96357742
d1,bear,200,di+volatility+bb+body,210,0.06254249,0.11904762,0.05650513,1.90346791
d1,bear,300,trend,922,0.02413324,0.01518438,-0.00894886,0.62918945
d1,bear,300,price20,1529,0.02413324,0.03139307,0.00725982,1.30082259
d1,bear,300,price200,1263,0.02413324,0.02296120,-0.00117204,0.95143466
d1,bear,300,momentum,1719,0.02413324,0.02268761,-0.00144563,0.94009783
d1,bear,300,rsi_extreme,125,0.02413324,0.01600000,-0.00813324,0.66298592
d1,bear,300,macd,1738,0.02413324,0.03164557,0.00751233,1.31128543
d1,bear,300,adx,1099,0.02413324,0.02638763,0.00225438,1.09341399
d1,bear,300,di,1620,0.02413324,0.03148148,0.00734824,1.30448618
d1,bear,300,volatility,1103,0.02413324,0.03717135,0.01303811,1.54025513
d1,bear,300,bb,1577,0.02413324,0.03107166,0.00693841,1.28750435
d1,bear,300,body,1295,0.02413324,0.02548263,0.00134938,1.05591386
d1,bear,300,trend+price20,623,0.02413324,0.01765650,-0.00647674,0.73162571
d1,bear,300,trend+price200,877,0.02413324,0.01482326,-0.00930998,0.61422583
d1,bear,300,trend+momentum,660,0.02413324,0.00757576,-0.01655749,0.31391379
d1,bear,300,trend+macd,510,0.02413324,0.01764706,-0.00648618,0.73123447
d1,bear,300,trend+adx,338,0.02413324,0.01479290,-0.00934034,0.61296775
d1,bear,300,trend+di,664,0.02413324,0.01656627,-0.00756698,0.68645003
d1,bear,300,trend+volatility,391,0.02413324,0.02557545,0.00144220,1.05976010
d1,bear,300,trend+bb,600,0.02413324,0.01833333,-0.00579991,0.75967136
d1,bear,300,trend+body,384,0.02413324,0.01041667,-0.01371658,0.43163146
d1,bear,300,price20+price200,958,0.02413324,0.02713987,0.00300663,1.12458467
d1,bear,300,price20+momentum,1327,0.02413324,0.02562170,0.00148846,1.06167677
d1,bear,300,price20+macd,1325,0.02413324,0.03396226,0.00982902,1.40728142
d1,bear,300,price20+adx,621,0.02413324,0.03542673,0.01129349,1.46796398
d1,bear,300,price20+di,1393,0.02413324,0.03374013,0.00960689,1.39807690
d1,bear,300,price20+volatility,636,0.02413324,0.04874214,0.02460890,2.01970945
d1,bear,300,price20+bb,1465,0.02413324,0.03276451,0.00863126,1.35765034
d1,bear,300,price20+body,512,0.02413324,0.03125000,0.00711676,1.29489437
d1,bear,300,price200+momentum,928,0.02413324,0.01724138,-0.00689186,0.71442448
d1,bear,300,price200+macd,834,0.02413324,0.02757794,0.00344469,1.14273652
d1,bear,300,price200+adx,482,0.02413324,0.02489627,0.00076302,1.03161709
d1,bear,300,price200+di,995,0.02413324,0.02713568,0.00300244,1.12441079
d1,bear,300,price200+volatility,529,0.02413324,0.03591682,0.01178358,1.48827179
d1,bear,300,price200+bb,935,0.02413324,0.02780749,0.00367424,1.15224825
d1,bear,300,price200+body,486,0.02413324,0.01440329,-0.00972995,0.59682374
d1,bear,300,momentum+macd,1296,0.02413324,0.02700617,0.00287293,1.11904451
d1,bear,300,momentum+adx,594,0.02413324,0.02693603,0.00280278,1.11613790
d1,bear,300,momentum+di,1382,0.02413324,0.02677279,0.00263955,1.10937404
d1,bear,300,momentum+volatility,659,0.02413324,0.03641882,0.01228557,1.50907265
d1,bear,300,momentum+bb,1376,0.02413324,0.02543605,0.00130280,1.05398379
d1,bear,300,momentum+body,631,0.02413324,0.02694136,0.00280812,1.11635901
d1,bear,300,rsi_extreme+adx,93,0.02413324,0.00000000,-0.02413324,0.00000000
d1,bear,300,rsi_extreme+volatility,50,0.02413324,0.00000000,-0.02413324,0.00000000
d1,bear,300,rsi_extreme+body,84,0.02413324,0.02380952,-0.00032372,0.98658618
d1,bear,300,macd+adx,664,0.02413324,0.03614458,0.01201134,1.49770915
d1,bear,300,macd+di,1328,0.02413324,0.03539157,0.01125832,1.46650687
d1,bear,300,macd+volatility,660,0.02413324,0.05000000,0.02586676,2.07183099
d1,bear,300,macd+bb,1412,0.02413324,0.03257790,0.00844466,1.34991821
d1,bear,300,macd+body,677,0.02413324,0.03397341,0.00984017,1.40774336
d1,bear,300,adx+di,641,0.02413324,0.03744150,0.01330825,1.55144910
d1,bear,300,adx+volatility,534,0.02413324,0.04307116,0.01893792,1.78472332
d1,bear,300,adx+bb,640,0.02413324,0.03437500,0.01024176,1.42438380
d1,bear,300,adx+body,476,0.02413324,0.03361345,0.00948020,1.39282755
d1,bear,300,di+volatility,686,0.02413324,0.04810496,0.02397171,1.99330678
d1,bear,300,di+bb,1421,0.02413324,0.03377903,0.00964579,1.39968877
d1,bear,300,di+body,604,0.02413324,0.03311258,0.00897934,1.37207350
d1,bear,300,volatility+bb,651,0.02413324,0.04761905,0.02348580,1.97317237
d1,bear,300,volatility+body,490,0.02413324,0.03469388,0.01056063,1.43759701
d1,bear,300,bb+body,544,0.02413324,0.03125000,0.00711676,1.29489437
d1,bear,300,trend+price20+price200,623,0.02413324,0.01765650,-0.00647674,0.73162571
d1,bear,300,trend+price20+momentum,516,0.02413324,0.00968992,-0.01444332,0.40151763
d1,bear,300,trend+price20+macd,482,0.02413324,0.01867220,-0.00546104,0.77371282
d1,bear,300,trend+price20+adx,276,0.02413324,0.01811594,-0.00601730,0.75066340
d1,bear,300,trend+price20+di,580,0.02413324,0.01896552,-0.00516773,0.78586693
d1,bear,300,trend+price20+volatility,261,0.02413324,0.03065134,0.00651810,1.27008796
d1,bear,300,trend+price20+bb,586,0.02413324,0.01877133,-0.00536191,0.77782051
d1,bear,300,trend+price20+body,203,0.02413324,0.00492611,-0.01920713,0.20412128
d1,bear,300,trend+price200+momentum,655,0.02413324,0.00763359,-0.01649965,0.31631007
d1,bear,300,trend+price200+macd,507,0.02413324,0.01775148,-0.00638176,0.73556130
d1,bear,300,trend+price200+adx,333,0.02413324,0.01501502,-0.00911823,0.62217147
d1,bear,300,trend+price200+di,663,0.02413324,0.01659125,-0.00754199,0.68748540
d1,bear,300,trend+price200+volatility,374,0.02413324,0.02406417,-0.00006907,0.99713791
d1,bear,300,trend+price200+bb,600,0.02413324,0.01833333,-0.00579991,0.75967136
d1,bear,300,trend+price200+body,352,0.02413324,0.00852273,-0.01561052,0.35315301
d1,bear,300,trend+momentum+macd,394,0.02413324,0.00761421,-0.01651903,0.31550726
d1,bear,300,trend+momentum+adx,251,0.02413324,0.00796813,-0.01616512,0.33017227
d1,bear,300,trend+momentum+di,557,0.02413324,0.00897666,-0.01515658,0.37196248
d1,bear,300,trend+momentum+volatility,258,0.02413324,0.01937984,-0.00475340,0.80303527
d1,bear,300,trend+momentum+bb,502,0.02413324,0.00996016,-0.01417308,0.41271534
d1,bear,300,trend+momentum+body,249,0.02413324,0.00401606,-0.02011718,0.16641213
d1,bear,300,trend+macd+adx,198,0.02413324,0.01515152,-0.00898173,0.62782757
d1,bear,300,trend+macd+di,472,0.02413324,0.01906780,-0.00506545,0.79010504
d1,bear,300,trend+macd+volatility,210,0.02413324,0.02857143,0.00443819,1.18390342
d1,bear,300,trend+macd+bb,482,0.02413324,0.01867220,-0.00546104,0.77371282
d1,bear,300,trend+macd+body,181,0.02413324,0.00552486,-0.01860838,0.22893160
d1,bear,300,trend+adx+di,296,0.02413324,0.01689189,-0.00724135,0.69994290
d1,bear,300,trend+adx+volatility,169,0.02413324,0.02366864,-0.00046460,0.98074840
d1,bear,300,trend+adx+bb,266,0.02413324,0.01879699,-0.00533625,0.77888383
d1,bear,300,trend+adx+body,134,0.02413324,0.00000000,-0.02413324,0.00000000
d1,bear,300,trend+di+volatility,288,0.02413324,0.02777778,0.00364454,1.15101721
d1,bear,300,trend+di+bb,570,0.02413324,0.01929825,-0.00483500,0.79965406
d1,bear,300,trend+di+body,253,0.02413324,0.00395257,-0.02018067,0.16378111
d1,bear,300,trend+volatility+bb,250,0.02413324,0.03200000,0.00786676,1.32597183
d1,bear,300,trend+volatility+body,161,0.02413324,0.01863354,-0.00549970,0.77211093
d1,bear,300,trend+bb+body,201,0.02413324,0.00497512,-0.01915812,0.20615234
d1,bear,300,price20+price200+momentum,771,0.02413324,0.01945525,-0.00467799,0.80615992
d1,bear,300,price20+price200+macd,796,0.02413324,0.02889447,0.00476123,1.19728926
d1,bear,300,price20+price200+adx,413,0.02413324,0.02663438,0.00250114,1.10363878
d1,bear,300,price20+price200+di,901,0.02413324,0.02885683,0.00472358,1.19572931
d1,bear,300,price20+price200+volatility,394,0.02413324,0.04314721,0.01901397,1.78787445
d1,bear,300,price20+price200+bb,914,0.02413324,0.02844639,0.00431315,1.17872222
d1,bear,300,price20+price200+body,311,0.02413324,0.01286174,-0.01127151,0.53294688
d1,bear,300,price20+momentum+macd,1125,0.02413324,0.02755556,0.00342231,1.14180908
d1,bear,300,price20+momentum+adx,496,0.02413324,0.02620968,0.00207643,1.08604044
d1,bear,300,price20+momentum+di,1203,0.02413324,0.02743142,0.00329818,1.13666538
d1,bear,300,price20+momentum+volatility,524,0.02413324,0.04007634,0.01594309,1.66062789
d1,bear,300,price20+momentum+bb,1276,0.02413324,0.02664577,0.00251253,1.10411056
d1,bear,300,price20+momentum+body,441,0.02413324,0.02947846,0.00534522,1.22148766
d1,bear,300,price20+macd+adx,515,0.02413324,0.03689320,0.01275996,1.52872966
d1,bear,300,price20+macd+di,1218,0.02413324,0.03612479,0.01199155,1.49688938
d1,bear,300,price20+macd+volatility,545,0.02413324,0.05137615,0.02724290,2.12885386
d1,bear,300,price20+macd+bb,1308,0.02413324,0.03440367,0.01027043,1.42557178
d1,bear,300,price20+macd+body,449,0.02413324,0.03563474,0.01150150,1.47658333
d1,bear,300,price20+adx+di,580,0.02413324,0.03620690,0.01207365,1.50029140
d1,bear,300,price20+adx+volatility,338,0.02413324,0.05325444,0.02912120,2.20668389
d1,bear,300,price20+adx+bb,599,0.02413324,0.03672788,0.01259464,1.52187919
d1,bear,300,price20+adx+body,215,0.02413324,0.04651163,0.02237839,1.92728464
d1,bear,300,price20+di+volatility,598,0.02413324,0.05016722,0.02603398,2.07876019
d1,bear,300,price20+di+bb,1355,0.02413324,0.03468635,0.01055310,1.43728496
d1,bear,300,price20+di+body,473,0.02413324,0.03382664,0.00969340,1.40166155
d1,bear,300,price20+volatility+bb,608,0.02413324,0.05098684,0.02685360,2.11272239
d1,bear,300,price20+volatility+body,217,0.02413324,0.04608295,0.02194971,1.90952165
d1,bear,300,price20+bb+body,489,0.02413324,0.03271984,0.00858659,1.35579942
d1,bear,300,price200+momentum+macd,638,0.02413324,0.01880878,-0.00532447,0.77937216
d1,bear,300,price200+momentum+adx,343,0.02413324,0.01749271,-0.00664053,0.72483883
d1,bear,300,price200+momentum+di,813,0.02413324,0.01968020,-0.00445305,0.81548083
d1,bear,300,price200+momentum+volatility,355,0.02413324,0.03098592,0.00685267,1.28395160
d1,bear,300,price200+momentum+bb,761,0.02413324,0.01971091,-0.00442234,0.81675335
d1,bear,300,price200+momentum+body,334,0.02413324,0.01197605,-0.01215719,0.49624694
d1,bear,300,price200+macd+adx,321,0.02413324,0.02492212,0.00078888,1.03268834
d1,bear,300,price200+macd+di,777,0.02413324,0.02960103,0.00546779,1.22656661
d1,bear,300,price200+macd+volatility,334,0.02413324,0.04191617,0.01778292,1.73686430
d1,bear,300,price200+macd+bb,799,0.02413324,0.02878598,0.00465274,1.19279381
d1,bear,300,price200+macd+body,288,0.02413324,0.01388889,-0.01024435,0.57550861
d1,bear,300,price200+adx+di,436,0.02413324,0.02752294,0.00338969,1.14045742
d1,bear,300,price200+adx+volatility,251,0.02413324,0.03984064,0.01570739,1.65086134
d1,bear,300,price200+adx+bb,402,0.02413324,0.02736318,0.00322994,1.13383785
d1,bear,300,price200+adx+body,177,0.02413324,0.01694915,-0.00718409,0.70231559
d1,bear,300,price200+di+volatility,421,0.02413324,0.04275534,0.01862210,1.77163695
d1,bear,300,price200+di+bb,893,0.02413324,0.02911534,0.00498210,1.20644134
d1,bear,300,price200+di+body,363,0.02413324,0.01377410,-0.01035914,0.57075234
d1,bear,300,price200+volatility+bb,384,0.02413324,0.04427083,0.02013759,1.83443369
d1,bear,300,price200+volatility+body,201,0.02413324,0.01990050,-0.00423275,0.82460935
d1,bear,300,price200+bb+body,307,0.02413324,0.01302932,-0.01110393,0.53989081
d1,bear,300,momentum+macd+adx,432,0.02413324,0.02777778,0.00364454,1.15101721
d1,bear,300,momentum+macd+di,1115,0.02413324,0.02959641,0.00546317,1.22637529
d1,bear,300,momentum+macd+volatility,488,0.02413324,0.04098361,0.01685036,1.69822212
d1,bear,300,momentum+macd+bb,1211,0.02413324,0.02642444,0.00229120,1.09493958
d1,bear,300,momentum+macd+body,465,0.02413324,0.03440860,0.01027536,1.42577616
d1,bear,300,momentum+adx+di,507,0.02413324,0.02958580,0.00545256,1.22593549
d1,bear,300,momentum+adx+volatility,306,0.02413324,0.04248366,0.01835042,1.76037927
d1,bear,300,momentum+adx+bb,507,0.02413324,0.02564103,0.00150778,1.06247743
d1,bear,300,momentum+adx+body,229,0.02413324,0.04366812,0.01953488,1.80945938
d1,bear,300,momentum+di+volatility,557,0.02413324,0.04129264,0.01715940,1.71102739
d1,bear,300,momentum+di+bb,1227,0.02413324,0.02770986,0.00357662,1.14820299
d1,bear,300,momentum+di+body,519,0.02413324,0.03275530,0.00862206,1.35726885
d1,bear,300,momentum+volatility+bb,534,0.02413324,0.03932584,0.01519260,1.62952999
d1,bear,300,momentum+volatility+body,248,0.02413324,0.04032258,0.01618934,1.67083144
d1,bear,300,momentum+bb+body,474,0.02413324,0.02953586,0.00540262,1.22386641
d1,bear,300,rsi_extreme+adx+body,62,0.02413324,0.00000000,-0.02413324,0.00000000
d1,bear,300,macd+adx+di,503,0.02413324,0.03976143,0.01562819,1.64757931
d1,bear,300,macd+adx+volatility,335,0.02413324,0.05671642,0.03258318,2.35013664
d1,bear,300,macd+adx+bb,551,0.02413324,0.03448276,0.01034952,1.42884896
d1,bear,300,macd+adx+body,255,0.02413324,0.05490196,0.03076872,2.27495167
d1,bear,300,macd+di+volatility,553,0.02413324,0.05244123,0.02830799,2.17298729
d1,bear,300,macd+di+bb,1272,0.02413324,0.03537736,0.01124412,1.46591815
d1,bear,300,macd+di+body,478,0.02413324,0.03974895,0.01561571,1.64706229
d1,bear,300,macd+volatility+bb,581,0.02413324,0.04819277,0.02405953,1.99694553
d1,bear,300,macd+volatility+body,252,0.02413324,0.05555556,0.03142231,2.30203443
d1,bear,300,macd+bb+body,491,0.02413324,0.03462322,0.01048998,1.43466911
d1,bear,300,adx+di+volatility,359,0.02413324,0.05571031,0.03157706,2.30844678
d1,bear,300,adx+di+bb,583,0.02413324,0.03602058,0.01188734,1.49257121
d1,bear,300,adx+di+body,243,0.02413324,0.05349794,0.02936470,2.21677389
d1,bear,300,adx+volatility+bb,343,0.02413324,0.05247813,0.02834489,2.17451649
d1,bear,300,adx+volatility+body,234,0.02413324,0.05128205,0.02714881,2.12495486
d1,bear,300,adx+bb+body,227,0.02413324,0.04405286,0.01991962,1.82540175
d1,bear,300,di+volatility+bb,599,0.02413324,0.05008347,0.02595023,2.07528980
d1,bear,300,di+volatility+body,258,0.02413324,0.05038760,0.02625435,2.08789169
d1,bear,300,di+bb+body,500,0.02413324,0.03400000,0.00986676,1.40884507
d1,bear,300,volatility+bb+body,223,0.02413324,0.04484305,0.02070981,1.85814438
d1,bear,300,trend+price20+price200+momentum,516,0.02413324,0.00968992,-0.01444332,0.40151763
d1,bear,300,trend+price20+price200+macd,482,0.02413324,0.01867220,-0.00546104,0.77371282
d1,bear,300,trend+price20+price200+adx,276,0.02413324,0.01811594,-0.00601730,0.75066340
d1,bear,300,trend+price20+price200+di,580,0.02413324,0.01896552,-0.00516773,0.78586693
d1,bear,300,trend+price20+price200+volatility,261,0.02413324,0.03065134,0.00651810,1.27008796
d1,bear,300,trend+price20+price200+bb,586,0.02413324,0.01877133,-0.00536191,0.77782051
d1,bear,300,trend+price20+price200+body,203,0.02413324,0.00492611,-0.01920713,0.20412128
d1,bear,300,trend+price20+momentum+macd,376,0.02413324,0.00797872,-0.01615452,0.33061133
d1,bear,300,trend+price20+momentum+adx,213,0.02413324,0.00938967,-0.01474357,0.38907624
d1,bear,300,trend+price20+momentum+di,481,0.02413324,0.01039501,-0.01373823,0.43073409
d1,bear,300,trend+price20+momentum+volatility,203,0.02413324,0.02463054,0.00049730,1.02060640
d1,bear,300,trend+price20+momentum+bb,488,0.02413324,0.01024590,-0.01388734,0.42455553
d1,bear,300,trend+price20+momentum+body,168,0.02413324,0.00595238,-0.01818086,0.24664655
d1,bear,300,trend+price20+macd+adx,196,0.02413324,0.01530612,-0.00882712,0.63423398
d1,bear,300,trend+price20+macd+di,456,0.02413324,0.01973684,-0.00439640,0.81782802
d1,bear,300,trend+price20+macd+volatility,198,0.02413324,0.03030303,0.00616979,1.25565514
d1,bear,300,trend+price20+macd+bb,473,0.02413324,0.01902748,-0.00510576,0.78843462
d1,bear,300,trend+price20+macd+body,158,0.02413324,0.00632911,-0.01780413,0.26225709
d1,bear,300,trend+price20+adx+di,271,0.02413324,0.01845018,-0.00568306,0.76451328
d1,bear,300,trend+price20+adx+volatility,137,0.02413324,0.02919708,0.00506384,1.20982831
d1,bear,300,trend+price20+adx+bb,262,0.02413324,0.01908397,-0.00504927,0.79077519
d1,bear,300,trend+price20+adx+body,98,0.02413324,0.00000000,-0.02413324,0.00000000
d1,bear,300,trend+price20+di+volatility,250,0.02413324,0.03200000,0.00786676,1.32597183
d1,bear,300,trend+price20+di+bb,556,0.02413324,0.01978417,-0.00434907,0.81978924
d1,bear,300,trend+price20+di+body,192,0.02413324,0.00520833,-0.01892491,0.21581573
d1,bear,300,trend+price20+volatility+bb,243,0.02413324,0.03292181,0.00878857,1.36416855
d1,bear,300,trend+price20+volatility+body,81,0.02413324,0.01234568,-0.01178756,0.51156321
d1,bear,300,trend+price20+bb+body,189,0.02413324,0.00529101,-0.01884224,0.21924137
d1,bear,300,trend+price200+momentum+macd,394,0.02413324,0.00761421,-0.01651903,0.31550726
d1,bear,300,trend+price200+momentum+adx,251,0.02413324,0.00796813,-0.01616512,0.33017227
d1,bear,300,trend+price200+momentum+di,557,0.02413324,0.00897666,-0.01515658,0.37196248
d1,bear,300,trend+price200+momentum+volatility,257,0.02413324,0.01945525,-0.00467799,0.80615992
d1,bear,300,trend+price200+momentum+bb,502,0.02413324,0.00996016,-0.01417308,0.41271534
d1,bear,300,trend+price200+momentum+body,246,0.02413324,0.00406504,-0.02006820,0.16844154
d1,bear,300,trend+price200+macd+adx,198,0.02413324,0.01515152,-0.00898173,0.62782757
d1,bear,300,trend+price200+macd+di,471,0.02413324,0.01910828,-0.00502496,0.79178254
d1,bear,300,trend+price200+macd+volatility,210,0.02413324,0.02857143,0.00443819,1.18390342
d1,bear,300,trend+price200+macd+bb,482,0.02413324,0.01867220,-0.00546104,0.77371282
d1,bear,300,trend+price200+macd+body,178,0.02413324,0.00561798,-0.01851527,0.23279000
d1,bear,300,trend+price200+adx+di,296,0.02413324,0.01689189,-0.00724135,0.69994290
d1,bear,300,trend+price200+adx+volatility,167,0.02413324,0.02395210,-0.00018115,0.99249389
d1,bear,300,trend+price200+adx+bb,266,0.02413324,0.01879699,-0.00533625,0.77888383
d1,bear,300,trend+price200+adx+body,130,0.02413324,0.00000000,-0.02413324,0.00000000
d1,bear,300,trend+price200+di+volatility,288,0.02413324,0.02777778,0.00364454,1.15101721
d1,bear,300,trend+price200+di+bb,570,0.02413324,0.01929825,-0.00483500,0.79965406
d1,bear,300,trend+price200+di+body,252,0.02413324,0.00396825,-0.02016499,0.16443103
d1,bear,300,trend+price200+volatility+bb,250,0.02413324,0.03200000,0.00786676,1.32597183
d1,bear,300,trend+price200+volatility+body,148,0.02413324,0.01351351,-0.01061973,0.55995432
d1,bear,300,trend+price200+bb+body,201,0.02413324,0.00497512,-0.01915812,0.20615234
d1,bear,300,trend+momentum+macd+adx,135,0.02413324,0.00000000,-0.02413324,0.00000000
d1,bear,300,trend+momentum+macd+di,371,0.02413324,0.00808625,-0.01604699,0.33506701
d1,bear,300,trend+momentum+macd+volatility,148,0.02413324,0.02027027,-0.00386297,0.83993148
d1,bear,300,trend+momentum+macd+bb,384,0.02413324,0.00781250,-0.01632074,0.32372359
d1,bear,300,trend+momentum+macd+body,136,0.02413324,0.00735294,-0.01678030,0.30468103
d1,bear,300,trend+momentum+adx+di,232,0.02413324,0.00862069,-0.01551255,0.35721224
d1,bear,300,trend+momentum+adx+volatility,118,0.02413324,0.01694915,-0.00718409,0.70231559
d1,bear,300,trend+momentum+adx+bb,203,0.02413324,0.00985222,-0.01428103,0.40824256
d1,bear,300,trend+momentum+adx+body,101,0.02413324,0.00000000,-0.02413324,0.00000000
d1,bear,300,trend+momentum+di+volatility,227,0.02413324,0.02202643,-0.00210681,0.91270087
d1,bear,300,trend+momentum+di+bb,472,0.02413324,0.01059322,-0.01354002,0.43894724
d1,bear,300,trend+momentum+di+body,215,0.02413324,0.00465116,-0.01948208,0.19272846
d1,bear,300,trend+momentum+volatility+bb,192,0.02413324,0.02604167,0.00190842,1.07907864
d1,bear,300,trend+momentum+volatility+body,95,0.02413324,0.01052632,-0.01360693,0.43617494
d1,bear,300,trend+momentum+bb+body,170,0.02413324,0.00588235,-0.01825089,0.24374482
d1,bear,300,trend+macd+adx+di,196,0.02413324,0.01530612,-0.00882712,0.63423398
d1,bear,300,trend+macd+adx+volatility,100,0.02413324,0.02000000,-0.00413324,0.82873239
d1,bear,300,trend+macd+adx+bb,198,0.02413324,0.01515152,-0.00898173,0.62782757
d1,bear,300,trend+macd+adx+body,70,0.02413324,0.00000000,-0.02413324,0.00000000
d1,bear,300,trend+macd+di+volatility,201,0.02413324,0.02985075,0.00571750,1.23691402
d1,bear,300,trend+macd+di+bb,463,0.02413324,0.01943844,-0.00469480,0.80546345
d1,bear,300,trend+macd+di+body,163,0.02413324,0.00613497,-0.01799827,0.25421239
d1,bear,300,trend+macd+volatility+bb,203,0.02413324,0.02955665,0.00542341,1.22472768
d1,bear,300,trend+macd+volatility+body,68,0.02413324,0.01470588,-0.00942736,0.60936205
d1,bear,300,trend+macd+bb+body,161,0.02413324,0.00621118,-0.01792206,0.25737031
d1,bear,300,trend+adx+di+volatility,149,0.02413324,0.02684564,0.00271239,1.11239248
d1,bear,300,trend+adx+di+bb,262,0.02413324,0.01908397,-0.00504927,0.79077519
d1,bear,300,trend+adx+di+body,114,0.02413324,0.00000000,-0.02413324,0.00000000
d1,bear,300,trend+adx+volatility+bb,128,0.02413324,0.03125000,0.00711676,1.29489437
d1,bear,300,trend+adx+volatility+body,63,0.02413324,0.00000000,-0.02413324,0.00000000
d1,bear,300,trend+adx+bb+body,96,0.02413324,0.00000000,-0.02413324,0.00000000
d1,bear,300,trend+di+volatility+bb,241,0.02413324,0.03319502,0.00906178,1.37548945
d1,bear,300,trend+di+volatility+body,103,0.02413324,0.00970874,-0.01442450,0.40229728
d1,bear,300,trend+di+bb+body,194,0.02413324,0.00515464,-0.01897860,0.21359082
d1,bear,300,trend+volatility+bb+body,78,0.02413324,0.01282051,-0.01131273,0.53123871
d1,bear,300,price20+price200+momentum+macd,611,0.02413324,0.01963993,-0.00449331,0.81381250
d1,bear,300,price20+price200+momentum+adx,301,0.02413324,0.01661130,-0.00752195,0.68831594
d1,bear,300,price20+price200+momentum+di,726,0.02413324,0.02066116,-0.00347209,0.85612851
d1,bear,300,price20+price200+momentum+volatility,294,0.02413324,0.03401361,0.00988036,1.40940883
d1,bear,300,price20+price200+momentum+bb,740,0.02413324,0.02027027,-0.00386297,0.83993148
d1,bear,300,price20+price200+momentum+body,246,0.02413324,0.01219512,-0.01193812,0.50532463
d1,bear,300,price20+price200+macd+adx,319,0.02413324,0.02507837,0.00094513,1.03916288
d1,bear,300,price20+price200+macd+di,758,0.02413324,0.03034301,0.00620977,1.25731168
d1,bear,300,price20+price200+macd+volatility,320,0.02413324,0.04375000,0.01961676,1.81285211
d1,bear,300,price20+price200+macd+bb,783,0.02413324,0.02937420,0.00524096,1.21716763
d1,bear,300,price20+price200+macd+body,262,0.02413324,0.01526718,-0.00886607,0.63262015
d1,bear,300,price20+price200+adx+di,407,0.02413324,0.02702703,0.00289378,1.11990864
d1,bear,300,price20+price200+adx+volatility,214,0.02413324,0.04205607,0.01792283,1.74266158
d1,bear,300,price20+price200+adx+bb,398,0.02413324,0.02763819,0.00350495,1.14523321
d1,bear,300,price20+price200+adx+body,139,0.02413324,0.01438849,-0.00974475,0.59621036
d1,bear,300,price20+price200+di+volatility,380,0.02413324,0.04473684,0.02060360,1.85374351
d1,bear,300,price20+price200+di+bb,876,0.02413324,0.02968037,0.00554712,1.22985401
d1,bear,300,price20+price200+di+body,294,0.02413324,0.01360544,-0.01052780,0.56376353
d1,bear,300,price20+price200+volatility+bb,375,0.02413324,0.04533333,0.02120009,1.87846009
d1,bear,300,price20+price200+volatility+body,123,0.02413324,0.01626016,-0.00787308,0.67376617
d1,bear,300,price20+price200+bb+body,292,0.02413324,0.01369863,-0.01043461,0.56762493
d1,bear,300,price20+momentum+macd+adx,390,0.02413324,0.02564103,0.00150778,1.06247743
d1,bear,300,price20+momentum+macd+di,1028,0.02413324,0.02918288,0.00504964,1.20923988
d1,bear,300,price20+momentum+macd+volatility,433,0.02413324,0.04157044,0.01743720,1.72253846
d1,bear,300,price20+momentum+macd+bb,1119,0.02413324,0.02770331,0.00357006,1.14793138
d1,bear,300,price20+momentum+macd+body,378,0.02413324,0.03439153,0.01025829,1.42506893
d1,bear,300,price20+momentum+adx+di,455,0.02413324,0.02637363,0.00224038,1.09283393
d1,bear,300,price20+momentum+adx+volatility,252,0.02413324,0.03968254,0.01554930,1.64431031
d1,bear,300,price20+momentum+adx+bb,474,0.02413324,0.02742616,0.00329292,1.13644738
d1,bear,300,price20+momentum+adx+body,176,0.02413324,0.03977273,0.01563948,1.64804738
d1,bear,300,price20+momentum+di+volatility,486,0.02413324,0.04115226,0.01701902,1.70521069
d1,bear,300,price20+momentum+di+bb,1166,0.02413324,0.02830189,0.00416864,1.17273452
d1,bear,300,price20+momentum+di+body,409,0.02413324,0.03178484,0.00765160,1.31705637
d1,bear,300,price20+momentum+volatility+bb,496,0.02413324,0.04233871,0.01820547,1.75437301
d1,bear,300,price20+momentum+volatility+body,180,0.02413324,0.03888889,0.01475565,1.61142410
d1,bear,300,price20+momentum+bb+body,425,0.02413324,0.03058824,0.00645499,1.26747307
d1,bear,300,price20+macd+adx+di,478,0.02413324,0.03765690,0.01352366,1.56037480
d1,bear,300,price20+macd+adx+volatility,283,0.02413324,0.05300353,0.02887029,2.19628726
d1,bear,300,price20+macd+adx+bb,515,0.02413324,0.03689320,0.01275996,1.52872966
d1,bear,300,price20+macd+adx+body,178,0.02413324,0.05617978,0.03204653,2.32789998
d1,bear,300,price20+macd+di+volatility,517,0.02413324,0.05222437,0.02809113,2.16400142
d1,bear,300,price20+macd+di+bb,1214,0.02413324,0.03624382,0.01211058,1.50182147
d1,bear,300,price20+macd+di+body,416,0.02413324,0.03846154,0.01432830,1.59371614
d1,bear,300,price20+macd+volatility+bb,543,0.02413324,0.05156538,0.02743213,2.13669494
d1,bear,300,price20+macd+volatility+body,186,0.02413324,0.05376344,0.02963020,2.22777525
d1,bear,300,price20+macd+bb+body,440,0.02413324,0.03636364,0.01223039,1.50678617
d1,bear,300,price20+adx+di+volatility,321,0.02413324,0.05295950,0.02882626,2.19446273
d1,bear,300,price20+adx+di+bb,560,0.02413324,0.03750000,0.01336676,1.55387324
d1,bear,300,price20+adx+di+body,203,0.02413324,0.04926108,0.02512784,2.04121279
d1,bear,300,price20+adx+volatility+bb,322,0.02413324,0.05590062,0.03176738,2.31633278
d1,bear,300,price20+adx+volatility+body,112,0.02413324,0.06250000,0.03836676,2.58978873
d1,bear,300,price20+adx+bb+body,206,0.02413324,0.04854369,0.02441045,2.01148639
d1,bear,300,price20+di+volatility+bb,574,0.02413324,0.05226481,0.02813157,2.16567699
d1,bear,300,price20+di+volatility+body,207,0.02413324,0.04830918,0.02417594,2.00176907
d1,bear,300,price20+di+bb+body,459,0.02413324,0.03485839,0.01072515,1.44441376
d1,bear,300,price20+volatility+bb+body,205,0.02413324,0.04878049,0.02464725,2.02129852
d1,bear,300,price200+momentum+macd+adx,209,0.02413324,0.00956938,-0.01456386,0.39652268
d1,bear,300,price200+momentum+macd+di,601,0.02413324,0.01996672,-0.00416652,0.82735347
d1,bear,300,price200+momentum+macd+volatility,230,0.02413324,0.03043478,0.00630154,1.26111451
d1,bear,300,price200+momentum+macd+bb,625,0.02413324,0.01920000,-0.00493324,0.79558310
d1,bear,300,price200+momentum+macd+body,213,0.02413324,0.01408451,-0.01004874,0.58361436
d1,bear,300,price200+momentum+adx+di,323,0.02413324,0.01857585,-0.00555739,0.76972049
d1,bear,300,price200+momentum+adx+volatility,163,0.02413324,0.03067485,0.00654160,1.27106195
d1,bear,300,price200+momentum+adx+bb,290,0.02413324,0.01724138,-0.00689186,0.71442448
d1,bear,300,price200+momentum+adx+body,130,0.02413324,0.01538462,-0.00874863,0.63748646
d1,bear,300,price200+momentum+di+volatility,318,0.02413324,0.03459119,0.01045795,1.43334219
d1,bear,300,price200+momentum+di+bb,719,0.02413324,0.02086231,-0.00327093,0.86446355
d1,bear,300,price200+momentum+di+body,299,0.02413324,0.01337793,-0.01075532,0.55433605
d1,bear,300,price200+momentum+volatility+bb,284,0.02413324,0.03521127,0.01107802,1.45903591
d1,bear,300,price200+momentum+volatility+body,123,0.02413324,0.01626016,-0.00787308,0.67376617
d1,bear,300,price200+momentum+bb+body,249,0.02413324,0.01204819,-0.01208505,0.49923638
d1,bear,300,price200+macd+adx+di,318,0.02413324,0.02515723,0.00102399,1.04243068
d1,bear,300,price200+macd+adx+volatility,168,0.02413324,0.03571429,0.01158104,1.47987928
d1,bear,300,price200+macd+adx+bb,321,0.02413324,0.02492212,0.00078888,1.03268834
d1,bear,300,price200+macd+adx+body,108,0.02413324,0.01851852,-0.00561472,0.76734481
d1,bear,300,price200+macd+di+volatility,320,0.02413324,0.04375000,0.01961676,1.81285211
d1,bear,300,price200+macd+di+bb,768,0.02413324,0.02994792,0.00581467,1.24094043
d1,bear,300,price200+macd+di+body,263,0.02413324,0.01520913,-0.00892412,0.63021475
d1,bear,300,price200+macd+volatility+bb,326,0.02413324,0.04294479,0.01881154,1.77948674
d1,bear,300,price200+macd+volatility+body,109,0.02413324,0.01834862,-0.00578462,0.76030495
d1,bear,300,price200+macd+bb+body,264,0.02413324,0.01515152,-0.00898173,0.62782757
d1,bear,300,price200+adx+di+volatility,228,0.02413324,0.04385965,0.01972641,1.81739560
d1,bear,300,price200+adx+di+bb,397,0.02413324,0.02770781,0.00357457,1.14811793
d1,bear,300,price200+adx+di+body,159,0.02413324,0.01886792,-0.00526532,0.78182301
d1,bear,300,price200+adx+volatility+bb,205,0.02413324,0.04390244,0.01976920,1.81916867
d1,bear,300,price200+adx+volatility+body,88,0.02413324,0.02272727,-0.00140597,0.94174136
d1,bear,300,price200+adx+bb+body,136,0.02413324,0.01470588,-0.00942736,0.60936205
d1,bear,300,price200+di+volatility+bb,371,0.02413324,0.04582210,0.02168886,1.89871303
d1,bear,300,price200+di+volatility+body,147,0.02413324,0.02040816,-0.00372508,0.84564530
d1,bear,300,price200+di+bb+body,298,0.02413324,0.01342282,-0.01071042,0.55619624
d1,bear,300,price200+volatility+bb+body,119,0.02413324,0.01680672,-0.00732652,0.69641378
d1,bear,300,momentum+macd+adx+di,374,0.02413324,0.02941176,0.00527852,1.21872411
d1,bear,300,momentum+macd+adx+volatility,219,0.02413324,0.04109589,0.01696265,1.70287478
d1,bear,300,momentum+macd+adx+bb,418,0.02413324,0.02392344,-0.00020980,0.99130669
d1,bear,300,momentum+macd+adx+body,165,0.02413324,0.05454545,0.03041221,2.26017926
d1,bear,300,momentum+macd+di+volatility,434,0.02413324,0.04377880,0.01964556,1.81404556
d1,bear,300,momentum+macd+di+bb,1078,0.02413324,0.02875696,0.00462371,1.19159111
d1,bear,300,momentum+macd+di+body,404,0.02413324,0.03960396,0.01547072,1.64105425
d1,bear,300,momentum+macd+volatility+bb,464,0.02413324,0.03879310,0.01465986,1.60745508
d1,bear,300,momentum+macd+volatility+body,180,0.02413324,0.05000000,0.02586676,2.07183099
d1,bear,300,momentum+macd+bb+body,421,0.02413324,0.03325416,0.00912091,1.37793985
d1,bear,300,momentum+adx+di+volatility,267,0.02413324,0.04494382,0.02081058,1.86231999
d1,bear,300,momentum+adx+di+bb,456,0.02413324,0.02631579,0.00218255,1.09043736
d1,bear,300,momentum+adx+di+body,198,0.02413324,0.05050505,0.02637181,2.09275857
d1,bear,300,momentum+adx+volatility+bb,253,0.02413324,0.03952569,0.01539245,1.63781106
d1,bear,300,momentum+adx+volatility+body,120,0.02413324,0.05833333,0.03420009,2.41713615
d1,bear,300,momentum+adx+bb+body,183,0.02413324,0.03825137,0.01411812,1.58500731
d1,bear,300,momentum+di+volatility+bb,486,0.02413324,0.04115226,0.01701902,1.70521069
d1,bear,300,momentum+di+volatility+body,213,0.02413324,0.04694836,0.02281511,1.94538121
d1,bear,300,momentum+di+bb+body,434,0.02413324,0.03225806,0.00812482,1.33666515
d1,bear,300,momentum+volatility+bb+body,184,0.02413324,0.03804348,0.01391024,1.57639314
d1,bear,300,macd+adx+di+volatility,282,0.02413324,0.05673759,0.03260435,2.35101388
d1,bear,300,macd+adx+di+bb,496,0.02413324,0.03629032,0.01215708,1.50374830
d1,bear,300,macd+adx+di+body,183,0.02413324,0.06557377,0.04144053,2.71715539
d1,bear,300,macd+adx+volatility+bb,299,0.02413324,0.05016722,0.02603398,2.07876019
d1,bear,300,macd+adx+volatility+body,124,0.02413324,0.08870968,0.06457643,3.67582917
d1,bear,300,macd+adx+bb+body,198,0.02413324,0.05050505,0.02637181,2.09275857
d1,bear,300,macd+di+volatility+bb,536,0.02413324,0.05037313,0.02623989,2.08729241
d1,bear,300,macd+di+volatility+body,203,0.02413324,0.05911330,0.03498006,2.44945535
d1,bear,300,macd+di+bb+body,452,0.02413324,0.03761062,0.01347738,1.55845694
d1,bear,300,macd+volatility+bb+body,202,0.02413324,0.04950495,0.02537171,2.05131781
d1,bear,300,adx+di+volatility+bb,319,0.02413324,0.05329154,0.02915829,2.20822111
d1,bear,300,adx+di+volatility+body,133,0.02413324,0.07518797,0.05105473,3.11553532
d1,bear,300,adx+di+bb+body,206,0.02413324,0.04854369,0.02441045,2.01148639
d1,bear,300,adx+volatility+bb+body,114,0.02413324,0.06140351,0.03727027,2.54435384
d1,bear,300,di+volatility+bb+body,210,0.02413324,0.04761905,0.02348580,1.97317237
