timeframe,direction,horizon_bars,feature,disc_true_n,disc_false_n,disc_true_hit,disc_false_hit,disc_diff,disc_true_false_ratio,disc_ratio,val_true_n,val_false_n,val_true_hit,val_false_hit,val_diff,val_true_false_ratio,val_ratio,oos_true_n,oos_false_n,oos_true_hit,oos_false_hit,oos_diff,oos_true_false_ratio,oos_ratio,oos_base_lift
h4,bear,1,atr_expand,4895,74564,0.08110317,0.05241135,0.02869182,1.54743513,1.54743513,940.00000000,18636.00000000,0.07553191,0.05773771,0.01779420,1.30819030,1.30819030,740.00000000,13251.00000000,0.09729730,0.04022338,0.05707392,2.41892399,2.41892399,2.25006031
d1,bear,1,atr_expand,649,14668,0.33590139,0.24904554,0.08685585,1.34875487,1.34875487,147.00000000,3609.00000000,0.41496599,0.24771405,0.16725194,1.67518148,1.67518148,140.00000000,2586.00000000,0.45000000,0.19876257,0.25123743,2.26400778,2.26400778,2.12599653
h4,bull,1,atr_expand,4895,74564,0.07456588,0.04822703,0.02633886,1.54614309,1.54614309,940.00000000,18636.00000000,0.07659574,0.05086929,0.02572646,1.50573660,1.50573660,740.00000000,13251.00000000,0.06756757,0.02980907,0.03775850,2.26667807,2.26667807,2.12435469
h4,bear,1,breakout20_down,4118,75341,0.08256435,0.05262739,0.02993696,1.56884762,1.56884762,896.00000000,18680.00000000,0.06919643,0.05808351,0.01111292,1.19132653,1.19132653,640.00000000,13351.00000000,0.08437500,0.04127032,0.04310468,2.04444760,2.04444760,1.95122417
h4,bear,3,atr_expand,4895,74564,0.19182840,0.16352395,0.02830444,1.17309051,1.17309051,940.00000000,18636.00000000,0.18297872,0.17122773,0.01175099,1.06862786,1.06862786,740.00000000,13251.00000000,0.21891892,0.12972606,0.08919286,1.68754776,1.68754776,1.62833312
h4,bear,1,rsi40,16985,62474,0.06299676,0.05178154,0.01121522,1.21658723,1.21658723,3553.00000000,16023.00000000,0.06867436,0.05635649,0.01231787,1.21857062,1.21857062,2790.00000000,11201.00000000,0.06881720,0.03687171,0.03194550,1.86639590,1.86639590,1.59144050
h4,bear,1,adx_up3,13589,65870,0.06593568,0.05175345,0.01418223,1.27403446,1.27403446,3261.00000000,16315.00000000,0.05826434,0.05865768,-0.00039334,0.99329430,0.99329430,2573.00000000,11418.00000000,0.06801399,0.03765984,0.03035416,1.80600873,1.80600873,1.57286571
d1,bear,3,atr_expand,649,14668,0.53775039,0.47300245,0.06474793,1.13688709,1.13688709,147.00000000,3609.00000000,0.65986395,0.44472153,0.21514242,1.48376883,1.48376883,140.00000000,2586.00000000,0.64285714,0.39984532,0.24301182,1.60776458,1.60776458,1.55910015
h4,bear,1,bb_lower,15951,63508,0.06413391,0.05167853,0.01245538,1.24101656,1.24101656,3886.00000000,15690.00000000,0.06973752,0.05583174,0.01390578,1.24906584,1.24906584,2575.00000000,11416.00000000,0.06679612,0.03792922,0.02886689,1.76107267,1.76107267,1.54470160
h4,bear,1,volatility,24772,54687,0.07141127,0.04637300,0.02503828,1.53993224,1.53993224,5376.00000000,14200.00000000,0.09095982,0.04633803,0.04462179,1.96296271,1.96296271,3939.00000000,10052.00000000,0.06651434,0.03412256,0.03239178,1.94927750,1.94927750,1.53818543
d1,bear,1,macd_cross_down,611,14706,0.22258592,0.25397797,-0.03139204,0.87639856,0.87639856,169.00000000,3587.00000000,0.29585799,0.25229997,0.04355802,1.17264376,1.17264376,111.00000000,2615.00000000,0.32432432,0.20688337,0.11744096,1.56766748,1.56766748,1.53224975
h4,bull,1,volatility,24772,54687,0.06519457,0.04289868,0.02229590,1.51973389,1.51973389,5376.00000000,14200.00000000,0.07645089,0.04288732,0.03356357,1.78259882,1.78259882,3939.00000000,10052.00000000,0.04772785,0.02556705,0.02216080,1.86677177,1.86677177,1.50058505
h4,bear,6,atr_expand,4895,74564,0.36261491,0.28401105,0.07860386,1.27676339,1.27676339,940.00000000,18636.00000000,0.31914894,0.27629320,0.04285574,1.15510965,1.15510965,740.00000000,13251.00000000,0.33243243,0.23062410,0.10180833,1.44144704,1.44144704,1.40855910
d1,bull,1,volatility,4573,10744,0.30658211,0.23119881,0.07538330,1.32605403,1.32605403,852.00000000,2904.00000000,0.34272300,0.22348485,0.11923816,1.53354022,1.53354022,788.00000000,1938.00000000,0.27791878,0.16460268,0.11331610,1.68842194,1.68842194,1.40819070
h4,bull,1,adx_up3,13589,65870,0.05379351,0.04903598,0.00475753,1.09702120,1.09702120,3261.00000000,16315.00000000,0.05765103,0.05099602,0.00665501,1.13050061,1.13050061,2573.00000000,11418.00000000,0.04469491,0.02890173,0.01579317,1.54644384,1.54644384,1.40522802
h4,bear,1,adx_cross25_up,1464,77995,0.07103825,0.05386243,0.01717582,1.31888322,1.31888322,345.00000000,19231.00000000,0.06956522,0.05839530,0.01116992,1.19128112,1.19128112,247.00000000,13744.00000000,0.06072874,0.04292782,0.01780092,1.41467097,1.41467097,1.40438987
h4,bear,3,breakout20_down,4118,75341,0.19645459,0.16356300,0.03289159,1.20109431,1.20109431,896.00000000,18680.00000000,0.17299107,0.17173448,0.00125660,1.00731709,1.00731709,640.00000000,13351.00000000,0.18750000,0.13190023,0.05559977,1.42152896,1.42152896,1.39463716
d1,bear,5,atr_expand,649,14668,0.63174114,0.58003818,0.05170296,1.08913717,1.08913717,147.00000000,3609.00000000,0.68027211,0.54336381,0.13690830,1.25196432,1.25196432,140.00000000,2586.00000000,0.67857143,0.48801237,0.19055905,1.39047996,1.39047996,1.36314349
d1,bear,1,volatility,4573,10744,0.28886945,0.23734177,0.05152768,1.21710329,1.21710329,852.00000000,2904.00000000,0.33685446,0.23002755,0.10682691,1.46440921,1.46440921,788.00000000,1938.00000000,0.28426396,0.18214654,0.10211742,1.56063330,1.56063330,1.34298709
h4,bear,1,bb_expand,18448,61011,0.06358413,0.05133501,0.01224912,1.23861151,1.23861151,4476.00000000,15100.00000000,0.06009830,0.05814570,0.00195261,1.03358128,1.03358128,3307.00000000,10684.00000000,0.05805866,0.03865593,0.01940273,1.50193404,1.50193404,1.34264258
d1,bear,1,rsi_cross45_down,790,14527,0.25569620,0.25256419,0.00313201,1.01240085,1.01240085,184.00000000,3572.00000000,0.30978261,0.25139978,0.05838283,1.23223104,1.23223104,135.00000000,2591.00000000,0.28148148,0.20802779,0.07345369,1.35309558,1.35309558,1.32984145
h4,bear,3,adx_up3,13589,65870,0.18632718,0.16092303,0.02540415,1.15786520,1.15786520,3261.00000000,16315.00000000,0.17540632,0.17106957,0.00433675,1.02535079,1.02535079,2573.00000000,11418.00000000,0.17877963,0.12445262,0.05432702,1.43652770,1.43652770,1.32977452
h4,bear,3,adx_cross25_up,1464,77995,0.18032787,0.16498493,0.01534293,1.09299597,1.09299597,345.00000000,19231.00000000,0.19420290,0.17138994,0.02281296,1.13310556,1.13310556,247.00000000,13744.00000000,0.17813765,0.13365832,0.04447933,1.33278383,1.33278383,1.32499941
d1,bear,1,rsi_cross50_down,843,14474,0.23250297,0.25390355,-0.02140059,0.91571372,0.91571372,230.00000000,3526.00000000,0.26956522,0.25326149,0.01630373,1.06437509,1.06437509,168.00000000,2558.00000000,0.27976190,0.20719312,0.07256879,1.35024708,1.35024708,1.32171742
h4,bear,1,rsi_down3,19314,60145,0.06404681,0.05101006,0.01303675,1.25557207,1.25557207,4776.00000000,14800.00000000,0.07223618,0.05418919,0.01804699,1.33303675,1.33303675,3384.00000000,10607.00000000,0.05614657,0.03912511,0.01702147,1.43505227,1.43505227,1.29842428
h4,bear,1,momentum_bear,25035,54424,0.05660076,0.05306482,0.00353593,1.06663425,1.06663425,5838.00000000,13738.00000000,0.06783145,0.05466589,0.01316556,1.24083682,1.24083682,3961.00000000,10030.00000000,0.05554153,0.03838485,0.01715668,1.44696505,1.44696505,1.28443231
h4,bull,3,atr_expand,4895,74564,0.17793667,0.15939327,0.01854340,1.11633739,1.11633739,940.00000000,18636.00000000,0.20212766,0.16248122,0.03964644,1.24400630,1.24400630,740.00000000,13251.00000000,0.15405405,0.11863256,0.03542150,1.29858160,1.29858160,1.27839281
h4,bear,1,di_strong_bear,30076,49383,0.05958239,0.05088796,0.00869443,1.17085445,1.17085445,7285.00000000,12291.00000000,0.06643789,0.05394191,0.01249598,1.23165620,1.23165620,5789.00000000,8202.00000000,0.05510451,0.03486954,0.02023496,1.58030482,1.58030482,1.27432592
h4,bear,3,volatility,24772,54687,0.19481673,0.15188253,0.04293420,1.28268028,1.28268028,5376.00000000,14200.00000000,0.22116815,0.15309859,0.06806956,1.44461260,1.44461260,3939.00000000,10052.00000000,0.17085555,0.12017509,0.05068046,1.42172182,1.42172182,1.27083464
h4,bear,1,price20_bear,38132,41327,0.05724851,0.05134658,0.00590193,1.11494297,1.11494297,9170.00000000,10406.00000000,0.06706652,0.05112435,0.01594217,1.31183124,1.31183124,6233.00000000,7758.00000000,0.05486924,0.03390049,0.02096875,1.61853839,1.61853839,1.26888529
h4,bear,1,ema20_falling,38132,41327,0.05724851,0.05134658,0.00590193,1.11494297,1.11494297,9170.00000000,10406.00000000,0.06706652,0.05112435,0.01594217,1.31183124,1.31183124,6233.00000000,7758.00000000,0.05486924,0.03390049,0.02096875,1.61853839,1.61853839,1.26888529
h4,bear,1,di_spread_down3,19779,59680,0.06319834,0.05118968,0.01200866,1.23459150,1.23459150,4956.00000000,14620.00000000,0.06961259,0.05485636,0.01475623,1.26899760,1.26899760,3491.00000000,10500.00000000,0.05442567,0.03952381,0.01490186,1.37703492,1.37703492,1.25862726
h4,bear,1,price200_cross_down,1600,77859,0.06062500,0.05404642,0.00657858,1.12172098,1.12172098,428.00000000,19148.00000000,0.06775701,0.05838730,0.00936971,1.16047515,1.16047515,277.00000000,13714.00000000,0.05415162,0.04302173,0.01112989,1.25870403,1.25870403,1.25228988
d1,bear,1,di_cross_down,725,14592,0.23724138,0.25349507,-0.01625369,0.93588165,0.93588165,193.00000000,3563.00000000,0.29533679,0.25203480,0.04330199,1.17180955,1.17180955,140.00000000,2586.00000000,0.26428571,0.20881671,0.05546901,1.26563492,1.26563492,1.24860114
h4,bull,3,volatility,24772,54687,0.18286775,0.15041966,0.03244809,1.21571710,1.21571710,5376.00000000,14200.00000000,0.20238095,0.15000000,0.05238095,1.34920635,1.34920635,3939.00000000,10052.00000000,0.15003808,0.10893355,0.04110454,1.37733588,1.37733588,1.24506690
h4,bear,3,rsi40,16985,62474,0.16950250,0.16411627,0.00538623,1.03281960,1.03281960,3553.00000000,16023.00000000,0.17984802,0.17000562,0.00984240,1.05789455,1.05789455,2790.00000000,11201.00000000,0.16630824,0.12650656,0.03980168,1.31462148,1.31462148,1.23701150
h4,bear,6,adx_cross25_up,1464,77995,0.28620219,0.28890313,-0.00270095,0.99065102,0.99065102,345.00000000,19231.00000000,0.31304348,0.27772867,0.03531481,1.12715580,1.12715580,247.00000000,13744.00000000,0.29149798,0.23501164,0.05648633,1.24035547,1.24035547,1.23511453
h4,bear,1,macd_bear,39322,40137,0.05610091,0.05229589,0.00380502,1.07275952,1.07275952,9904.00000000,9672.00000000,0.06411551,0.05293631,0.01117920,1.21118204,1.21118204,6829.00000000,7162.00000000,0.05330209,0.03364982,0.01965228,1.58402323,1.58402323,1.23264396
h4,bear,1,bb_bear,38151,41308,0.05703651,0.05153965,0.00549686,1.10665302,1.10665302,9223.00000000,10353.00000000,0.06678955,0.05128948,0.01550007,1.30220751,1.30220751,6313.00000000,7678.00000000,0.05322351,0.03503517,0.01818834,1.51914531,1.51914531,1.23082659
d1,bull,1,atr_expand,649,14668,0.32203390,0.25068176,0.07135214,1.28463237,1.28463237,147.00000000,3609.00000000,0.44897959,0.24244943,0.20653016,1.85184840,1.85184840,140.00000000,2586.00000000,0.24285714,0.19489559,0.04796155,1.24608844,1.24608844,1.23053638
h4,bear,1,ema20_slope_down3,38099,41360,0.05648442,0.05205513,0.00442930,1.08508857,1.08508857,9176.00000000,10400.00000000,0.06484307,0.05307692,0.01176615,1.22168101,1.22168101,6202.00000000,7789.00000000,0.05304740,0.03543459,0.01761282,1.49705156,1.49705156,1.22675410
d1,bear,1,price20_cross_down,1020,14297,0.23529412,0.25396936,-0.01867525,0.92646654,0.92646654,266.00000000,3490.00000000,0.26691729,0.25329513,0.01362216,1.05377981,1.05377981,185.00000000,2541.00000000,0.25945946,0.20818575,0.05127371,1.24628825,1.24628825,1.22579980
d1,bear,3,rsi_cross45_down,790,14527,0.47594937,0.47573484,0.00021453,1.00045094,1.00045094,184.00000000,3572.00000000,0.47826087,0.45184770,0.02641317,1.05845590,1.05845590,135.00000000,2591.00000000,0.50370370,0.40756465,0.09613906,1.23588664,1.23588664,1.22161592
d1,bull,3,volatility,4573,10744,0.55324732,0.47524200,0.07800533,1.16413812,1.16413812,852.00000000,2904.00000000,0.58098592,0.45557851,0.12540740,1.27527067,1.27527067,788.00000000,1938.00000000,0.53553299,0.40247678,0.13305621,1.33059352,1.33059352,1.21452824
h4,bear,6,breakout20_down,4118,75341,0.31544439,0.28739995,0.02804444,1.09757982,1.09757982,896.00000000,18680.00000000,0.28794643,0.27789079,0.01005564,1.03618557,1.03618557,640.00000000,13351.00000000,0.28437500,0.23369036,0.05068464,1.21688802,1.21688802,1.20493356
h4,bear,1,di_bear,41436,38023,0.05652090,0.05162665,0.00489425,1.09480090,1.09480090,10129.00000000,9447.00000000,0.06269128,0.05419710,0.00849418,1.15672763,1.15672763,7715.00000000,6276.00000000,0.05197667,0.03250478,0.01947189,1.59904693,1.59904693,1.20199268
h4,bear,3,bb_lower,15951,63508,0.17585104,0.16260944,0.01324161,1.08143198,1.08143198,3886.00000000,15690.00000000,0.17833248,0.17017208,0.00816039,1.04795376,1.04795376,2575.00000000,11416.00000000,0.16116505,0.12841626,0.03274879,1.25502060,1.25502060,1.19875608
h4,bear,6,price200_cross_down,1600,77859,0.29562500,0.28871421,0.00691079,1.02393642,1.02393642,428.00000000,19148.00000000,0.25000000,0.27898475,-0.02898475,0.89610633,0.89610633,277.00000000,13714.00000000,0.28158845,0.23508823,0.04650022,1.19779900,1.19779900,1.19312658
d1,bear,3,volatility,4573,10744,0.50382681,0.46379375,0.04003306,1.08631652,1.08631652,852.00000000,2904.00000000,0.53403756,0.42940771,0.10462985,1.24366084,1.24366084,788.00000000,1938.00000000,0.48984772,0.38080495,0.10904276,1.28634807,1.28634807,1.18801145
h4,bear,1,adx25,34632,44827,0.06092631,0.04896602,0.01196029,1.24425683,1.24425683,7832.00000000,11744.00000000,0.06294688,0.05568801,0.00725887,1.13034895,1.13034895,6156.00000000,7835.00000000,0.05133203,0.03688577,0.01444626,1.39164874,1.39164874,1.18708510
h4,bear,1,adx_rising,37723,41736,0.05649074,0.05208932,0.00440141,1.08449739,1.08449739,9209.00000000,10367.00000000,0.05896406,0.05826179,0.00070226,1.01205361,1.01205361,6596.00000000,7395.00000000,0.05109157,0.03624070,0.01485087,1.40978420,1.40978420,1.18152424
h4,bear,3,price200_cross_down,1600,77859,0.16437500,0.16528597,-0.00091097,0.99448855,0.99448855,428.00000000,19148.00000000,0.15887850,0.17208064,-0.01320213,0.92327940,0.92327940,277.00000000,13714.00000000,0.15884477,0.13395071,0.02489406,1.18584492,1.18584492,1.18149767
d1,bear,10,atr_expand,649,14668,0.73651772,0.69300518,0.04351254,1.06278819,1.06278819,147.00000000,3609.00000000,0.72789116,0.67082294,0.05706821,1.08507195,1.08507195,140.00000000,2586.00000000,0.72857143,0.61368910,0.11488233,1.18719957,1.18719957,1.17589444
h4,bull,3,adx_cross25_up,1464,77995,0.15437158,0.16065132,-0.00627974,0.96091075,0.96091075,345.00000000,19231.00000000,0.15942029,0.16447403,-0.00505374,0.96927335,0.96927335,247.00000000,13744.00000000,0.14170040,0.12012515,0.02157526,1.17960652,1.17960652,1.17587803
h4,bull,1,breakout20_up,5109,74350,0.06576629,0.04875588,0.01701041,1.34888938,1.34888938,1251.00000000,18325.00000000,0.06155076,0.05145975,0.01009100,1.19609509,1.19609509,963.00000000,13028.00000000,0.03738318,0.03139392,0.00598926,1.19077760,1.19077760,1.17534390
d1,bull,5,volatility,4573,10744,0.65711787,0.58842144,0.06869642,1.11674697,1.11674697,852.00000000,2904.00000000,0.68544601,0.57747934,0.10796667,1.18696196,1.18696196,788.00000000,1938.00000000,0.66370558,0.52579979,0.13790579,1.26227814,1.26227814,1.17332128
h4,bear,1,macd_cross_down,3155,76304,0.06148970,0.05387660,0.00761310,1.14130625,1.14130625,726.00000000,18850.00000000,0.08815427,0.05745358,0.03070069,1.53435641,1.53435641,494.00000000,13497.00000000,0.05060729,0.04297251,0.00763478,1.17766648,1.17766648,1.17032489
h4,bear,6,adx_up3,13589,65870,0.30730738,0.28504630,0.02226108,1.07809636,1.07809636,3261.00000000,16315.00000000,0.29285495,0.27545204,0.01740291,1.06317947,1.06317947,2573.00000000,11418.00000000,0.27594248,0.22700998,0.04893250,1.21555217,1.21555217,1.16920389
h4,bull,1,adx_rising,37723,41736,0.05116242,0.04866302,0.00249940,1.05136130,1.05136130,9209.00000000,10367.00000000,0.05766098,0.04716890,0.01049208,1.22243644,1.22243644,6596.00000000,7395.00000000,0.03714372,0.02704530,0.01009842,1.37338918,1.37338918,1.16781536
h4,bull,6,volatility,24772,54687,0.32116906,0.27944484,0.04172422,1.14931112,1.14931112,5376.00000000,14200.00000000,0.33426339,0.26401408,0.07024931,1.26608167,1.26608167,3939.00000000,10052.00000000,0.26834222,0.21547951,0.05286271,1.24532594,1.24532594,1.16486999
h4,bull,1,di_spread_up3,20043,59416,0.05328544,0.04869059,0.00459485,1.09436830,1.09436830,4948.00000000,14628.00000000,0.06123686,0.04901559,0.01222128,1.24933450,1.24933450,3597.00000000,10394.00000000,0.03697526,0.03001732,0.00695794,1.23179751,1.23179751,1.16251870
h4,bear,12,atr_expand,4895,74564,0.48621042,0.42562094,0.06058948,1.14235548,1.14235548,940.00000000,18636.00000000,0.43829787,0.40679330,0.03150457,1.07744613,1.07744613,740.00000000,13251.00000000,0.42432432,0.36284054,0.06148378,1.16945125,1.16945125,1.15906318
d1,bear,3,macd_cross_down,611,14706,0.46481178,0.47620019,-0.01138841,0.97608483,0.97608483,169.00000000,3587.00000000,0.44378698,0.45358238,-0.00979540,0.97840437,0.97840437,111.00000000,2615.00000000,0.47747748,0.40956023,0.06791725,1.16582970,1.16582970,1.15801032
h4,bear,6,volatility,24772,54687,0.33073632,0.26988132,0.06085499,1.22548796,1.22548796,5376.00000000,14200.00000000,0.32440476,0.26091549,0.06348927,1.24333269,1.24333269,3939.00000000,10052.00000000,0.27316578,0.22144847,0.05171731,1.23354106,1.23354106,1.15743864
h4,bear,1,rsi_down1,16665,62794,0.06624662,0.05097621,0.01527042,1.29955968,1.29955968,4264.00000000,15312.00000000,0.06988743,0.05544671,0.01444072,1.26044325,1.26044325,2947.00000000,11044.00000000,0.04988124,0.04147048,0.00841075,1.20281302,1.20281302,1.15353448
h4,bull,1,bb_expand,18448,61011,0.05729618,0.04759797,0.00969821,1.20375257,1.20375257,4476.00000000,15100.00000000,0.05786416,0.05039735,0.00746681,1.14815885,1.14815885,3307.00000000,10684.00000000,0.03658905,0.03032572,0.00626333,1.20653533,1.20653533,1.15037629
h4,bear,3,di_strong_bear,30076,49383,0.16664450,0.16442905,0.00221545,1.01347357,1.01347357,7285.00000000,12291.00000000,0.17776253,0.16825319,0.00950933,1.05651799,1.05651799,5789.00000000,8202.00000000,0.15425808,0.12045842,0.03379965,1.28059184,1.28059184,1.14738157
h4,bull,1,adx_cross25_up,1464,77995,0.05191257,0.04981089,0.00210168,1.04219325,1.04219325,345.00000000,19231.00000000,0.05797101,0.05199938,0.00597164,1.11484058,1.11484058,247.00000000,13744.00000000,0.03643725,0.03172293,0.00471431,1.14860900,1.14860900,1.14560342
d1,bull,10,volatility,4573,10744,0.74830527,0.70197319,0.04633208,1.06600263,1.06600263,852.00000000,2904.00000000,0.79225352,0.71694215,0.07531137,1.10504526,1.10504526,788.00000000,1938.00000000,0.77918782,0.64396285,0.13522497,1.20998877,1.20998877,1.14074436
h4,bear,3,bb_expand,18448,61011,0.18446444,0.15946305,0.02500139,1.15678487,1.15678487,4476.00000000,15100.00000000,0.17515639,0.17079470,0.00436169,1.02553761,1.02553761,3307.00000000,10684.00000000,0.15331116,0.12860352,0.02470764,1.19212257,1.19212257,1.14033834
h4,bear,1,price200_bear,37403,42056,0.05344491,0.05483165,-0.00138674,0.97470909,0.97470909,7673.00000000,11903.00000000,0.06737912,0.05292783,0.01445129,1.27303759,1.27303759,5764.00000000,8227.00000000,0.04909785,0.03913942,0.00995843,1.25443479,1.25443479,1.13541818
h4,bear,1,ema200_falling,37403,42056,0.05344491,0.05483165,-0.00138674,0.97470909,0.97470909,7673.00000000,11903.00000000,0.06737912,0.05292783,0.01445129,1.27303759,1.27303759,5764.00000000,8227.00000000,0.04909785,0.03913942,0.00995843,1.25443479,1.25443479,1.13541818
h4,bear,1,rsi_cross50_down,4234,75225,0.06376949,0.05363908,0.01013040,1.18886233,1.18886233,1099.00000000,18477.00000000,0.07734304,0.05747686,0.01986618,1.34563779,1.34563779,755.00000000,13236.00000000,0.04900662,0.04291327,0.00609336,1.14199235,1.14199235,1.13330852
h4,bull,3,adx_up3,13589,65870,0.17057914,0.15846364,0.01211550,1.07645605,1.07645605,3261.00000000,16315.00000000,0.17049985,0.16316273,0.00733711,1.04496807,1.04496807,2573.00000000,11418.00000000,0.13641663,0.11692065,0.01949598,1.16674542,1.16674542,1.13203151
d1,bull,1,di_cross_up,724,14593,0.22651934,0.25505379,-0.02853446,0.88812377,0.88812377,196.00000000,3560.00000000,0.31122449,0.24719101,0.06403348,1.25904453,1.25904453,139.00000000,2587.00000000,0.22302158,0.19597990,0.02704168,1.13798192,1.13798192,1.13003129
h4,bear,3,di_spread_down3,19779,59680,0.17584307,0.16176273,0.01408033,1.08704311,1.08704311,4956.00000000,14620.00000000,0.17998386,0.16901505,0.01096881,1.06489842,1.06489842,3491.00000000,10500.00000000,0.15153251,0.12876190,0.02277061,1.17684274,1.17684274,1.12710865
d1,bear,5,volatility,4573,10744,0.60463591,0.57269173,0.03194417,1.05577900,1.05577900,852.00000000,2904.00000000,0.63028169,0.52479339,0.10548830,1.20100920,1.20100920,788.00000000,1938.00000000,0.55964467,0.47265222,0.08699245,1.18405171,1.18405171,1.12423830
d1,bull,5,atr_expand,649,14668,0.67334361,0.60608127,0.06726234,1.11097908,1.11097908,147.00000000,3609.00000000,0.78911565,0.59434746,0.19476818,1.32770087,1.32770087,140.00000000,2586.00000000,0.63571429,0.56187162,0.07384267,1.13142267,1.13142267,1.12383732
h4,bear,6,di_cross_down,3507,75952,0.28771029,0.28890615,-0.00119586,0.99586074,0.99586074,892.00000000,18684.00000000,0.27466368,0.27852708,-0.00386340,0.98612916,0.98612916,601.00000000,13390.00000000,0.26455907,0.23472741,0.02983166,1.12709065,1.12709065,1.12097090
h4,bear,3,adx_rising,37723,41736,0.16819977,0.16261740,0.00558237,1.03432823,1.03432823,9209.00000000,10367.00000000,0.17233141,0.17131282,0.00101860,1.00594582,1.00594582,6596.00000000,7395.00000000,0.15069739,0.11994591,0.03075148,1.25637792,1.25637792,1.12089698
h4,bull,6,atr_expand,4895,74564,0.34075587,0.28928169,0.05147418,1.17793792,1.17793792,940.00000000,18636.00000000,0.35106383,0.27988839,0.07117544,1.25429937,1.25429937,740.00000000,13251.00000000,0.25810811,0.22881292,0.02929519,1.12803118,1.12803118,1.12044385
h4,bear,3,momentum_bear,25035,54424,0.16133413,0.16707702,-0.00574289,0.96562728,0.96562728,5838.00000000,13738.00000000,0.18293936,0.16705488,0.01588448,1.09508539,1.09508539,3961.00000000,10030.00000000,0.15046705,0.12811565,0.02235140,1.17446268,1.17446268,1.11918371
h4,bear,3,rsi_down3,19314,60145,0.17707363,0.16147643,0.01559719,1.09659114,1.09659114,4776.00000000,14800.00000000,0.18634841,0.16709459,0.01925381,1.11522703,1.11522703,3384.00000000,10607.00000000,0.15041371,0.12934854,0.02106517,1.16285586,1.16285586,1.11878694
h4,bear,1,di_cross_down,3507,75952,0.06387226,0.05373130,0.01014095,1.18873451,1.18873451,892.00000000,18684.00000000,0.06390135,0.05833869,0.00556266,1.09535113,1.09535113,601.00000000,13390.00000000,0.04825291,0.04301718,0.00523573,1.12171265,1.12171265,1.11587849
h4,bear,3,price20_bear,38132,41327,0.16521557,0.16531565,-0.00010009,0.99939458,0.99939458,9170.00000000,10406.00000000,0.18178844,0.16298289,0.01880555,1.11538356,1.11538356,6233.00000000,7758.00000000,0.14904540,0.12271204,0.02633336,1.21459479,1.21459479,1.10860938
h4,bear,3,ema20_falling,38132,41327,0.16521557,0.16531565,-0.00010009,0.99939458,0.99939458,9170.00000000,10406.00000000,0.18178844,0.16298289,0.01880555,1.11538356,1.11538356,6233.00000000,7758.00000000,0.14904540,0.12271204,0.02633336,1.21459479,1.21459479,1.10860938
d1,bear,20,price20_cross_down,1020,14297,0.73921569,0.78317129,-0.04395561,0.94387485,0.94387485,266.00000000,3490.00000000,0.75939850,0.76389685,-0.00449835,0.99411131,0.99411131,185.00000000,2541.00000000,0.80000000,0.71664699,0.08335301,1.11630972,1.11630972,1.10756729
h4,bear,12,adx_cross25_up,1464,77995,0.44467213,0.42906597,0.01560617,1.03637242,1.03637242,345.00000000,19231.00000000,0.45217391,0.40751911,0.04465480,1.10957720,1.10957720,247.00000000,13744.00000000,0.40485830,0.36539581,0.03946249,1.10799930,1.10799930,1.10589076
h4,bear,3,di_bear,41436,38023,0.16553239,0.16497909,0.00055330,1.00335373,1.00335373,10129.00000000,9447.00000000,0.17454833,0.16883667,0.00571166,1.03382949,1.03382949,7715.00000000,6276.00000000,0.14854180,0.11711281,0.03142899,1.26836510,1.26836510,1.10486356
h4,bear,6,bb_lower,15951,63508,0.28969971,0.28864080,0.00105890,1.00366859,1.00366859,3886.00000000,15690.00000000,0.29001544,0.27546208,0.01455336,1.05283254,1.05283254,2575.00000000,11416.00000000,0.26058252,0.23046601,0.03011651,1.13067659,1.13067659,1.10412177
h4,bear,6,rsi40,16985,62474,0.27806888,0.29178538,-0.01371650,0.95299114,0.95299114,3553.00000000,16023.00000000,0.27920068,0.27816264,0.00103803,1.00373175,1.00373175,2790.00000000,11201.00000000,0.26057348,0.22989019,0.03068329,1.13346933,1.13346933,1.10408344
d1,bull,20,volatility,4573,10744,0.81718784,0.78657856,0.03060929,1.03891447,1.03891447,852.00000000,2904.00000000,0.85915493,0.82644628,0.03270865,1.03957746,1.03957746,788.00000000,1938.00000000,0.85152284,0.73942208,0.11210076,1.15160591,1.15160591,1.10325631
d1,bear,5,rsi_cross45_down,790,14527,0.59367089,0.58160666,0.01206422,1.02074292,1.02074292,184.00000000,3572.00000000,0.55978261,0.54815230,0.01163031,1.02121730,1.02121730,135.00000000,2591.00000000,0.54814815,0.49517561,0.05297254,1.10697728,1.10697728,1.10114359
h4,bear,3,bb_bear,38151,41308,0.16505465,0.16546432,-0.00040967,0.99752415,0.99752415,9223.00000000,10353.00000000,0.18432180,0.16062977,0.02369204,1.14749467,1.14749467,6313.00000000,7678.00000000,0.14794868,0.12333941,0.02460927,1.19952476,1.19952476,1.10045186
h4,bull,1,rsi_up1,17172,62287,0.05829257,0.04752195,0.01077061,1.22664502,1.22664502,4336.00000000,15240.00000000,0.05350554,0.05170604,0.00179950,1.03480248,1.03480248,3095.00000000,10896.00000000,0.03489499,0.03092878,0.00396621,1.12823689,1.12823689,1.09711423
h4,bear,1,macd_falling,39626,39833,0.05683137,0.05154018,0.00529119,1.10266152,1.10266152,9755.00000000,9821.00000000,0.06355715,0.05366052,0.00989663,1.18443031,1.18443031,7025.00000000,6966.00000000,0.04740214,0.03904680,0.00835534,1.21398263,1.21398263,1.09620376
h4,bear,1,macd_accel_down,39626,39833,0.05683137,0.05154018,0.00529119,1.10266152,1.10266152,9755.00000000,9821.00000000,0.06355715,0.05366052,0.00989663,1.18443031,1.18443031,7025.00000000,6966.00000000,0.04740214,0.03904680,0.00835534,1.21398263,1.21398263,1.09620376
d1,bear,1,rsi_down3,3742,11575,0.24505612,0.25520518,-0.01014906,0.96023175,0.96023175,954.00000000,2802.00000000,0.26205451,0.25160600,0.01044851,1.04152728,1.04152728,673.00000000,2053.00000000,0.23179792,0.20506576,0.02673216,1.13035898,1.13035898,1.09511461
d1,bear,1,di_spread_down3,3994,11323,0.24111167,0.25682240,-0.01571073,0.93882648,0.93882648,1010.00000000,2746.00000000,0.27920792,0.24508376,0.03412416,1.13923470,1.13923470,738.00000000,1988.00000000,0.23170732,0.20422535,0.02748196,1.13456686,1.13456686,1.09468656
h4,bear,3,macd_bear,39322,40137,0.16542902,0.16510950,0.00031952,1.00193521,1.00193521,9904.00000000,9672.00000000,0.18346123,0.15984285,0.02361838,1.14776002,1.14776002,6829.00000000,7162.00000000,0.14716650,0.12231220,0.02485429,1.20320370,1.20320370,1.09463394
h4,bear,3,adx25,34632,44827,0.17524255,0.15756129,0.01768126,1.11221829,1.11221829,7832.00000000,11744.00000000,0.18220123,0.16485014,0.01735109,1.10525372,1.10525372,6156.00000000,7835.00000000,0.14684860,0.12469687,0.02215173,1.17764463,1.17764463,1.09226943
h4,bull,3,rsi_up1,17172,62287,0.16160028,0.16024211,0.00135817,1.00847577,1.00847577,4336.00000000,15240.00000000,0.17112546,0.16246719,0.00865827,1.05329242,1.05329242,3095.00000000,10896.00000000,0.13150242,0.11738253,0.01411990,1.12028960,1.12028960,1.09125172
d1,bear,10,price20_cross_down,1020,14297,0.67254902,0.69643981,-0.02389079,0.96569583,0.96569583,266.00000000,3490.00000000,0.67669173,0.67277937,0.00391236,1.00581522,1.00581522,185.00000000,2541.00000000,0.67567568,0.61550571,0.06016997,1.09775696,1.09775696,1.09052214
d1,bull,1,body_bull,3093,12224,0.26349822,0.25122709,0.01227113,1.04884476,1.04884476,760.00000000,2996.00000000,0.26315789,0.24732977,0.01582812,1.06399602,1.06399602,581.00000000,2145.00000000,0.21514630,0.19254079,0.02260551,1.11740633,1.11740633,1.09012790
h4,bear,12,adx_up3,13589,65870,0.44344691,0.42644603,0.01700088,1.03986642,1.03986642,3261.00000000,16315.00000000,0.42072984,0.40582286,0.01490698,1.03673271,1.03673271,2573.00000000,11418.00000000,0.39875632,0.35873183,0.04002449,1.11157217,1.11157217,1.08922288
h4,bear,3,ema20_slope_down3,38099,41360,0.16485997,0.16564313,-0.00078316,0.99527198,0.99527198,9176.00000000,10400.00000000,0.18047079,0.16413462,0.01633618,1.09952915,1.09952915,6202.00000000,7789.00000000,0.14640439,0.12491976,0.02148463,1.17198742,1.17198742,1.08896532
d1,bull,10,atr_expand,649,14668,0.75654854,0.71400327,0.04254526,1.05958693,1.05958693,147.00000000,3609.00000000,0.86394558,0.72873372,0.13521186,1.18554357,1.18554357,140.00000000,2586.00000000,0.74285714,0.67981439,0.06304276,1.09273525,1.09273525,1.08755562
d1,bear,20,rsi_cross45_down,790,14527,0.77088608,0.78075308,-0.00986700,0.98736220,0.98736220,184.00000000,3572.00000000,0.75000000,0.76427772,-0.01427772,0.98131868,0.98131868,135.00000000,2591.00000000,0.78518519,0.71902740,0.06615778,1.09201010,1.09201010,1.08705679
d1,bear,5,macd_cross_down,611,14706,0.56301146,0.58302734,-0.02001588,0.96566906,0.96566906,169.00000000,3587.00000000,0.52071006,0.55004182,-0.02933176,0.94667358,0.94667358,111.00000000,2615.00000000,0.54054054,0.49598470,0.04455584,1.08983309,1.08983309,1.08586110
d1,bull,1,price20_cross_up,1019,14298,0.25417076,0.25367184,0.00049891,1.00196677,1.00196677,268.00000000,3488.00000000,0.30223881,0.24655963,0.05567917,1.22582437,1.22582437,182.00000000,2544.00000000,0.21428571,0.19614780,0.01813792,1.09247066,1.09247066,1.08576739
h4,bull,6,adx_up3,13589,65870,0.29832953,0.29124032,0.00708921,1.02434144,1.02434144,3261.00000000,16315.00000000,0.29438822,0.28109102,0.01329720,1.04730569,1.04730569,2573.00000000,11418.00000000,0.24990284,0.22595901,0.02394383,1.10596535,1.10596535,1.08482488
d1,bear,1,di_strong_bear,4789,10528,0.25495928,0.25170973,0.00324956,1.01290993,1.01290993,986.00000000,2770.00000000,0.26572008,0.25018051,0.01553958,1.06211346,1.06211346,833.00000000,1893.00000000,0.22929172,0.20390914,0.02538258,1.12447984,1.12447984,1.08327421
h4,bull,3,body_bull,12279,67180,0.16980210,0.15884192,0.01096018,1.06900058,1.06900058,2993.00000000,16583.00000000,0.16772469,0.16378219,0.00394250,1.02407163,1.02407163,2237.00000000,11754.00000000,0.13008494,0.11868300,0.01140193,1.09607049,1.09607049,1.07948893
h4,bear,24,atr_expand,4895,74564,0.60755873,0.56913524,0.03842349,1.06751206,1.06751206,940.00000000,18636.00000000,0.53404255,0.53664950,-0.00260694,0.99514219,0.99514219,740.00000000,13251.00000000,0.53378378,0.49286846,0.04091532,1.08301469,1.08301469,1.07828024
h4,bull,1,rsi_cross55_up,4036,75423,0.05872151,0.04937486,0.00934665,1.18929973,1.18929973,1058.00000000,18518.00000000,0.05860113,0.05173345,0.00686769,1.13275136,1.13275136,759.00000000,13232.00000000,0.03425560,0.03166566,0.00258994,1.08179020,1.08179020,1.07701144
h4,bull,12,volatility,24772,54687,0.46302277,0.43375939,0.02926337,1.06746453,1.06746453,5376.00000000,14200.00000000,0.45982143,0.41190141,0.04792002,1.11633857,1.11633857,3939.00000000,10052.00000000,0.41051028,0.36977716,0.04073312,1.11015587,1.11015587,1.07676216
d1,bull,3,adx25,5701,9616,0.51096299,0.49116057,0.01980242,1.04031762,1.04031762,1181.00000000,2575.00000000,0.45639289,0.49669903,-0.04030614,0.91885198,0.91885198,1026.00000000,1700.00000000,0.47368421,0.42117647,0.05250774,1.12466921,1.12466921,1.07426219
d1,bear,1,rsi_down1,3389,11928,0.26674535,0.24874245,0.01800290,1.07237565,1.07237565,856.00000000,2900.00000000,0.27453271,0.24827586,0.02625685,1.10575675,1.10575675,608.00000000,2118.00000000,0.22697368,0.20727101,0.01970267,1.09505755,1.09505755,1.07232281
h4,bear,6,di_strong_bear,30076,49383,0.28128741,0.29346131,-0.01217391,0.95851614,0.95851614,7285.00000000,12291.00000000,0.27961565,0.27760150,0.00201415,1.00725555,1.00725555,5789.00000000,8202.00000000,0.25289342,0.22409168,0.02880173,1.12852656,1.12852656,1.07154204
h4,bear,12,breakout20_down,4118,75341,0.43467703,0.42906253,0.00561450,1.01308550,1.01308550,896.00000000,18680.00000000,0.41183036,0.40813704,0.00369331,1.00904920,1.00904920,640.00000000,13351.00000000,0.39218750,0.36484158,0.02734592,1.07495285,1.07495285,1.07127983
d1,bull,3,adx_up3,2418,12899,0.51364764,0.49569734,0.01795030,1.03621222,1.03621222,542.00000000,3214.00000000,0.47785978,0.48506534,-0.00720556,0.98514518,0.98514518,487.00000000,2239.00000000,0.47227926,0.43412238,0.03815688,1.08789431,1.08789431,1.07107593
h4,bear,1,body_bear,11452,68007,0.06487950,0.05237696,0.01250254,1.23870296,1.23870296,2743.00000000,16833.00000000,0.07291287,0.05625854,0.01665433,1.29603202,1.29603202,1987.00000000,12004.00000000,0.04630096,0.04273575,0.00356520,1.08342432,1.08342432,1.07073831
h4,bear,6,adx_rising,37723,41736,0.29273918,0.28534119,0.00739799,1.02592680,1.02592680,9209.00000000,10367.00000000,0.28939081,0.26854442,0.02084639,1.07762736,1.07762736,6596.00000000,7395.00000000,0.25257732,0.22123056,0.03134676,1.14169271,1.14169271,1.07020269
h4,bull,1,adx25,34632,44827,0.05593093,0.04515136,0.01077957,1.23874300,1.23874300,7832.00000000,11744.00000000,0.05541369,0.04989782,0.00551587,1.11054325,1.11054325,6156.00000000,7835.00000000,0.03395062,0.03012125,0.00382937,1.12713172,1.12713172,1.06742267
d1,bull,1,adx25,5701,9616,0.26749693,0.24552829,0.02196864,1.08947500,1.08947500,1181.00000000,2575.00000000,0.23370025,0.25825243,-0.02455217,0.90492956,0.90492956,1026.00000000,1700.00000000,0.21052632,0.18941176,0.02111455,1.11147434,1.11147434,1.06671884
h4,bear,12,bb_lower,15951,63508,0.42223058,0.43114253,-0.00891195,0.97932945,0.97932945,3886.00000000,15690.00000000,0.40298507,0.40962396,-0.00663889,0.98379272,0.98379272,2575.00000000,11416.00000000,0.39029126,0.36063420,0.02965706,1.08223586,1.08223586,1.06610017
d1,bear,1,adx_rising,7133,8184,0.25725501,0.24877810,0.00847691,1.03407417,1.03407417,1795.00000000,1961.00000000,0.26740947,0.24222336,0.02518612,1.10397889,1.10397889,1255.00000000,1471.00000000,0.22549801,0.19986404,0.02563397,1.12825704,1.12825704,1.06535107
h4,bear,6,rsi_down3,19314,60145,0.30894688,0.28240086,0.02654601,1.09400118,1.09400118,4776.00000000,14800.00000000,0.29752931,0.27216216,0.02536715,1.09320602,1.09320602,3384.00000000,10607.00000000,0.25118203,0.23116810,0.02001394,1.08657742,1.08657742,1.06429068
d1,bear,5,price20_cross_down,1020,14297,0.55686275,0.58403861,-0.02717586,0.95346906,0.95346906,266.00000000,3490.00000000,0.55639098,0.54813754,0.00825344,1.01505725,1.01505725,185.00000000,2541.00000000,0.52972973,0.49547422,0.03425551,1.06913681,1.06913681,1.06414388
d1,bear,10,rsi_cross45_down,790,14527,0.69240506,0.69498176,-0.00257669,0.99629243,0.99629243,184.00000000,3572.00000000,0.63043478,0.67525196,-0.04481718,0.93362896,0.93362896,135.00000000,2591.00000000,0.65925926,0.61752219,0.04173707,1.06758796,1.06758796,1.06402649
h4,bull,3,price200_cross_up,1599,77860,0.15259537,0.16069869,-0.00810332,0.94957446,0.94957446,430.00000000,19146.00000000,0.16511628,0.16436854,0.00074774,1.00454918,1.00454918,273.00000000,13718.00000000,0.12820513,0.12035282,0.00785231,1.06524406,1.06524406,1.06388965
h4,bull,12,body_bull,12279,67180,0.45769199,0.44017565,0.01751635,1.03979399,1.03979399,2993.00000000,16583.00000000,0.43635149,0.42302358,0.01332791,1.03150630,1.03150630,2237.00000000,11754.00000000,0.40545373,0.37663774,0.02881599,1.07650851,1.07650851,1.06349891
d1,bull,5,adx25,5701,9616,0.61427820,0.60576123,0.00851697,1.01405994,1.01405994,1181.00000000,2575.00000000,0.58594412,0.60932039,-0.02337627,0.96163550,0.96163550,1026.00000000,1700.00000000,0.60136452,0.54411765,0.05724688,1.10521047,1.10521047,1.06311264
d1,bear,20,rsi_cross50_down,843,14474,0.74733096,0.78216112,-0.03483016,0.95546933,0.95546933,230.00000000,3526.00000000,0.75217391,0.76432218,-0.01214827,0.98410583,0.98410583,168.00000000,2558.00000000,0.76785714,0.71931196,0.04854518,1.06748835,1.06748835,1.06306682
h4,bull,24,rsi_cross50_up,4232,75227,0.57419660,0.59094474,-0.01674814,0.97165870,0.97165870,1102.00000000,18474.00000000,0.58166969,0.57648587,0.00518382,1.00899210,1.00899210,756.00000000,13235.00000000,0.57142857,0.53600302,0.03542555,1.06609207,1.06609207,1.06229832
d1,bear,3,price20_cross_down,1020,14297,0.44901961,0.47765265,-0.02863305,0.94005467,0.94005467,266.00000000,3490.00000000,0.47744361,0.45128940,0.02615421,1.05795441,1.05795441,185.00000000,2541.00000000,0.43783784,0.41046832,0.02736952,1.06667876,1.06667876,1.06187362
d1,bear,10,volatility,4573,10744,0.71025585,0.68829114,0.02196471,1.03191195,1.03191195,852.00000000,2904.00000000,0.73239437,0.65564738,0.07674698,1.11705527,1.11705527,788.00000000,1938.00000000,0.65736041,0.60423117,0.05312924,1.08792867,1.08792867,1.06096179
h4,bull,3,adx_rising,37723,41736,0.15876256,0.16213820,-0.00337564,0.97918046,0.97918046,9209.00000000,10367.00000000,0.16983386,0.15954471,0.01028915,1.06449069,1.06449069,6596.00000000,7395.00000000,0.12765312,0.11413117,0.01352195,1.11847730,1.11847730,1.05930892
h4,bull,1,price20_cross_up,4894,74565,0.05067430,0.04979548,0.00087881,1.01764848,1.01764848,1281.00000000,18295.00000000,0.04918033,0.05230937,-0.00312905,0.94018192,0.94018192,861.00000000,13130.00000000,0.03368177,0.03168317,0.00199860,1.06308072,1.06308072,1.05896984
h4,bear,6,di_bear,41436,38023,0.28366638,0.29450596,-0.01083958,0.96319402,0.96319402,10129.00000000,9447.00000000,0.27643400,0.28040648,-0.00397248,0.98583315,0.98583315,7715.00000000,6276.00000000,0.24977317,0.21908859,0.03068458,1.14005557,1.14005557,1.05832114
d1,bear,20,atr_expand,649,14668,0.79815100,0.77945187,0.01869913,1.02399011,1.02399011,147.00000000,3609.00000000,0.79591837,0.76226101,0.03365735,1.04415463,1.04415463,140.00000000,2586.00000000,0.76428571,0.72003094,0.04425478,1.06146233,1.06146233,1.05812232
h4,bull,24,macd_cross_up,3150,76309,0.57079365,0.59084774,-0.02005409,0.96605879,0.96605879,731.00000000,18845.00000000,0.59917921,0.57590873,0.02327048,1.04040654,1.04040654,496.00000000,13495.00000000,0.56854839,0.53679140,0.03175698,1.05916075,1.05916075,1.05694399
h4,bear,6,macd_bear,39322,40137,0.28322568,0.29436679,-0.01114112,0.96215226,0.96215226,9904.00000000,9672.00000000,0.29230614,0.26406121,0.02824493,1.10696358,1.10696358,6829.00000000,7162.00000000,0.24937765,0.22326166,0.02611600,1.11697483,1.11697483,1.05664529
d1,bull,1,trend_bull,6631,8686,0.27477002,0.23762376,0.03714626,1.15632383,1.15632383,1747.00000000,2009.00000000,0.24613623,0.25435540,-0.00821917,0.96768629,0.96768629,1459.00000000,1267.00000000,0.20836189,0.18468824,0.02367365,1.12818170,1.12818170,1.05575189
h4,bull,6,rsi_up1,17172,62287,0.29821803,0.29086326,0.00735477,1.02528600,1.02528600,4336.00000000,15240.00000000,0.28736162,0.28215223,0.00520939,1.01846306,1.01846306,3095.00000000,10896.00000000,0.24297254,0.22678047,0.01619207,1.07139974,1.07139974,1.05474054
d1,bear,3,rsi_cross50_down,843,14474,0.43179122,0.47830593,-0.04651471,0.90275114,0.90275114,230.00000000,3526.00000000,0.49130435,0.45065230,0.04065205,1.09020713,1.09020713,168.00000000,2558.00000000,0.43452381,0.41086787,0.02365594,1.05757555,1.05757555,1.05383621
h4,bear,12,macd_bear,39322,40137,0.41938355,0.43912101,-0.01973746,0.95505235,0.95505235,9904.00000000,9672.00000000,0.42114297,0.39516129,0.02598168,1.06574956,1.06574956,6829.00000000,7162.00000000,0.38541514,0.34766825,0.03774689,1.10857158,1.10857158,1.05278080
h4,bear,3,di_cross_down,3507,75952,0.16595381,0.16523594,0.00071787,1.00434450,1.00434450,892.00000000,18684.00000000,0.16591928,0.17207236,-0.00615308,0.96424133,0.96424133,601.00000000,13390.00000000,0.14143095,0.13412995,0.00730100,1.05443229,1.05443229,1.05197257
h4,bull,24,body_bull,12279,67180,0.59573255,0.58901459,0.00671796,1.01140543,1.01140543,2993.00000000,16583.00000000,0.57400601,0.57727794,-0.00327192,0.99433216,0.99433216,2237.00000000,11754.00000000,0.56548949,0.53266973,0.03281977,1.06161372,1.06161372,1.05125744
h4,bear,6,di_spread_down3,19779,59680,0.30845847,0.28235590,0.02610257,1.09244563,1.09244563,4956.00000000,14620.00000000,0.29297821,0.27339261,0.01958560,1.07163908,1.07163908,3491.00000000,10500.00000000,0.24806646,0.23200000,0.01606646,1.06925197,1.06925197,1.05108958
h4,bear,12,adx_rising,37723,41736,0.43302494,0.42603508,0.00698987,1.01640679,1.01640679,9209.00000000,10367.00000000,0.42545336,0.39307418,0.03237918,1.08237423,1.08237423,6596.00000000,7395.00000000,0.38447544,0.34969574,0.03477970,1.09945703,1.09945703,1.05021395
d1,bull,10,adx25,5701,9616,0.72022452,0.71318636,0.00703817,1.00986862,1.00986862,1181.00000000,2575.00000000,0.73327688,0.73436893,-0.00109205,0.99851294,0.99851294,1026.00000000,1700.00000000,0.71734893,0.66235294,0.05499599,1.08303124,1.08303124,1.05021116
h4,bear,12,rsi40,16985,62474,0.41465999,0.43334827,-0.01868828,0.95687469,0.95687469,3553.00000000,16023.00000000,0.38418238,0.41365537,-0.02947299,0.92874989,0.92874989,2790.00000000,11201.00000000,0.38351254,0.36175341,0.02175913,1.06014907,1.06014907,1.04758376
h4,bull,12,price200_cross_up,1599,77860,0.45090682,0.44271770,0.00818912,1.01849738,1.01849738,430.00000000,19146.00000000,0.39767442,0.42567638,-0.02800196,0.93421772,0.93421772,273.00000000,13718.00000000,0.39926740,0.38088643,0.01838097,1.04825841,1.04825841,1.04727225
h4,bear,24,adx_cross25_up,1464,77995,0.56420765,0.57163921,-0.00743156,0.98699957,0.98699957,345.00000000,19231.00000000,0.59710145,0.53543757,0.06166387,1.11516539,1.11516539,247.00000000,13744.00000000,0.51821862,0.49461583,0.02360279,1.04771944,1.04771944,1.04683753
h4,bull,1,rsi_up3,19664,59795,0.05065094,0.04958609,0.00106485,1.02147477,1.02147477,4877.00000000,14699.00000000,0.06171827,0.04891489,0.01280338,1.26174804,1.26174804,3515.00000000,10476.00000000,0.03328592,0.03130966,0.00197626,1.06311973,1.06311973,1.04652421
d1,bear,1,breakout20_down,824,14493,0.26577670,0.25198372,0.01379298,1.05473760,1.05473760,133.00000000,3623.00000000,0.27819549,0.25338118,0.02481431,1.09793274,1.09793274,131.00000000,2595.00000000,0.22137405,0.21117534,0.01019871,1.04829498,1.04829498,1.04586768
d1,bull,5,adx_up3,2418,12899,0.61621175,0.60756648,0.00864527,1.01422934,1.01422934,542.00000000,3214.00000000,0.59963100,0.60236465,-0.00273366,0.99546179,0.99546179,487.00000000,2239.00000000,0.59137577,0.56007146,0.03130431,1.05589342,1.05589342,1.04545418
h4,bull,24,volatility,24772,54687,0.60653157,0.58258818,0.02394338,1.04109830,1.04109830,5376.00000000,14200.00000000,0.60081845,0.56767606,0.03314240,1.05838259,1.05838259,3939.00000000,10052.00000000,0.56207159,0.52845205,0.03361954,1.06361891,1.06361891,1.04490349
h4,bear,6,price20_bear,38132,41327,0.28238750,0.29481937,-0.01243187,0.95783224,0.95783224,9170.00000000,10406.00000000,0.28516903,0.27234288,0.01282615,1.04709560,1.04709560,6233.00000000,7758.00000000,0.24659073,0.22750709,0.01908364,1.08388151,1.08388151,1.04483672
h4,bear,6,ema20_falling,38132,41327,0.28238750,0.29481937,-0.01243187,0.95783224,0.95783224,9170.00000000,10406.00000000,0.28516903,0.27234288,0.01282615,1.04709560,1.04709560,6233.00000000,7758.00000000,0.24659073,0.22750709,0.01908364,1.08388151,1.08388151,1.04483672
h4,bull,3,breakout20_up,5109,74350,0.17498532,0.15954270,0.01544262,1.09679300,1.09679300,1251.00000000,18325.00000000,0.16227018,0.16452933,-0.00225915,0.98626903,0.98626903,963.00000000,13028.00000000,0.12564901,0.12012588,0.00552313,1.04597786,1.04597786,1.04267814
h4,bull,3,macd_rising,39821,39638,0.16051832,0.16055300,-0.00003469,0.99978396,0.99978396,9821.00000000,9755.00000000,0.17085836,0.15786776,0.01299060,1.08228789,1.08228789,6966.00000000,7025.00000000,0.12546655,0.11558719,0.00987936,1.08547109,1.08547109,1.04116401
h4,bull,3,macd_accel_up,39821,39638,0.16051832,0.16055300,-0.00003469,0.99978396,0.99978396,9821.00000000,9755.00000000,0.17085836,0.15786776,0.01299060,1.08228789,1.08228789,6966.00000000,7025.00000000,0.12546655,0.11558719,0.00987936,1.08547109,1.08547109,1.04116401
h4,bear,12,di_strong_bear,30076,49383,0.41810746,0.43620274,-0.01809528,0.95851635,0.95851635,7285.00000000,12291.00000000,0.39437200,0.41656497,-0.02219297,0.94672387,0.94672387,5789.00000000,8202.00000000,0.38106754,0.35552304,0.02554450,1.07185047,1.07185047,1.04090511
h4,bull,12,rsi_cross50_up,4232,75227,0.43974480,0.44305901,-0.00331421,0.99251972,0.99251972,1102.00000000,18474.00000000,0.43557169,0.42443434,0.01113735,1.02624045,1.02624045,756.00000000,13235.00000000,0.39682540,0.38035512,0.01647028,1.04330237,1.04330237,1.04086692
h4,bull,24,macd_bull,40125,39334,0.57909034,0.60123557,-0.02214523,0.96316713,0.96316713,9672.00000000,9904.00000000,0.57464847,0.57885703,-0.00420856,0.99272954,0.99272954,7162.00000000,6829.00000000,0.55989947,0.51486308,0.04503639,1.08747255,1.08747255,1.04086546
h4,bear,12,di_cross_down,3507,75952,0.42514970,0.42954761,-0.00439791,0.98976153,0.98976153,892.00000000,18684.00000000,0.39686099,0.40885249,-0.01199151,0.97067033,0.97067033,601.00000000,13390.00000000,0.38103161,0.36542196,0.01560966,1.04271680,1.04271680,1.04080697
d1,bull,1,adx_up3,2418,12899,0.27171216,0.25032948,0.02138268,1.08541813,1.08541813,542.00000000,3214.00000000,0.22878229,0.25420037,-0.02541809,0.90000768,0.90000768,487.00000000,2239.00000000,0.20533881,0.19562305,0.00971576,1.04966574,1.04966574,1.04043419
h4,bear,3,macd_cross_down,3155,76304,0.17115689,0.16502411,0.00613278,1.03716293,1.03716293,726.00000000,18850.00000000,0.19559229,0.17087533,0.02471695,1.14464905,1.14464905,494.00000000,13497.00000000,0.13967611,0.13425206,0.00542406,1.04040204,1.04040204,1.03891999
h4,bull,3,bb_expand,18448,61011,0.16711839,0.15854518,0.00857321,1.05407422,1.05407422,4476.00000000,15100.00000000,0.17359249,0.16165563,0.01193686,1.07384131,1.07384131,3307.00000000,10684.00000000,0.12518899,0.11905653,0.00613246,1.05150881,1.05150881,1.03886074
d1,bear,20,di_cross_down,725,14592,0.76137931,0.78118147,-0.01980216,0.97465101,0.97465101,193.00000000,3563.00000000,0.73056995,0.76536626,-0.03479632,0.95453639,0.95453639,140.00000000,2586.00000000,0.75000000,0.72080433,0.02919567,1.04050429,1.04050429,1.03834434
h4,bear,6,bb_expand,18448,61011,0.31363833,0.28135910,0.03227924,1.11472611,1.11472611,4476.00000000,15100.00000000,0.28708668,0.27576159,0.01132510,1.04106843,1.04106843,3307.00000000,10684.00000000,0.24493499,0.23324598,0.01168901,1.05011452,1.05011452,1.03782114
d1,bull,20,adx25,5701,9616,0.80108753,0.79253328,0.00855425,1.01079355,1.01079355,1181.00000000,2575.00000000,0.84335309,0.82951456,0.01383853,1.01668268,1.01668268,1026.00000000,1700.00000000,0.80019493,0.75470588,0.04548905,1.06027388,1.06027388,1.03675446
d1,bull,3,atr_expand,649,14668,0.54853621,0.49631852,0.05221769,1.10521004,1.10521004,147.00000000,3609.00000000,0.68707483,0.47575506,0.21131977,1.44417767,1.44417767,140.00000000,2586.00000000,0.45714286,0.44006187,0.01708099,1.03881496,1.03881496,1.03674828
h4,bull,6,di_spread_up3,20043,59416,0.29701143,0.29091491,0.00609652,1.02095637,1.02095637,4948.00000000,14628.00000000,0.29668553,0.27878042,0.01790511,1.06422656,1.06422656,3597.00000000,10394.00000000,0.23881012,0.22743891,0.01137121,1.04999678,1.04999678,1.03667154
d1,bear,1,adx25,5701,9616,0.28503771,0.23356905,0.05146866,1.22035737,1.22035737,1181.00000000,2575.00000000,0.24047417,0.26058252,-0.02010835,0.92283308,0.92283308,1026.00000000,1700.00000000,0.21929825,0.20705882,0.01223942,1.05911085,1.05911085,1.03606069
h4,bear,24,macd_bear,39322,40137,0.56406083,0.57879264,-0.01473180,0.97454735,0.97454735,9904.00000000,9672.00000000,0.54493134,0.52791563,0.01701571,1.03223187,1.03223187,6829.00000000,7162.00000000,0.51252013,0.47835800,0.03416213,1.07141541,1.07141541,1.03532619
h4,bear,12,di_bear,41436,38023,0.42120378,0.43823475,-0.01703097,0.96113734,0.96113734,10129.00000000,9447.00000000,0.39312864,0.42457923,-0.03145059,0.92592527,0.92592527,7715.00000000,6276.00000000,0.37887233,0.35038241,0.02848992,1.08131092,1.08131092,1.03490877
h4,bear,3,rsi_down1,16665,62794,0.17551755,0.16254738,0.01297017,1.07979320,1.07979320,4264.00000000,15312.00000000,0.18245779,0.16882184,0.01363595,1.08077123,1.08077123,2947.00000000,11044.00000000,0.13912453,0.13319449,0.00593004,1.04452165,1.04452165,1.03481730
d1,bear,1,bb_expand,3389,11928,0.27058129,0.24765258,0.02292871,1.09258418,1.09258418,787.00000000,2969.00000000,0.27445997,0.24890536,0.02555462,1.10266802,1.10266802,603.00000000,2123.00000000,0.21890547,0.20960904,0.00929643,1.04435128,1.04435128,1.03420506
h4,bear,12,macd_cross_down,3155,76304,0.44564184,0.42868002,0.01696182,1.03956756,1.03956756,726.00000000,18850.00000000,0.42424242,0.40769231,0.01655012,1.04059463,1.04059463,494.00000000,13497.00000000,0.37854251,0.36563681,0.01290570,1.03529651,1.03529651,1.03400786
d1,bull,1,bb_expand,3389,11928,0.26704042,0.24991616,0.01712426,1.06852002,1.06852002,787.00000000,2969.00000000,0.27191868,0.24486359,0.02705509,1.11049045,1.11049045,603.00000000,2123.00000000,0.20398010,0.19547810,0.00850200,1.04349338,1.04349338,1.03354972
d1,bear,1,macd_bear,7532,7785,0.25836431,0.24727039,0.01109392,1.04486554,1.04486554,1864.00000000,1892.00000000,0.24839056,0.26004228,-0.01165173,0.95519296,0.95519296,1367.00000000,1359.00000000,0.21872714,0.20456218,0.01416496,1.06924526,1.06924526,1.03336254
h4,bull,6,body_bull,12279,67180,0.30482938,0.29019053,0.01463885,1.05044565,1.05044565,2993.00000000,16583.00000000,0.29301704,0.28155340,0.01146364,1.04071569,1.04071569,2237.00000000,11754.00000000,0.23781851,0.22894334,0.00887517,1.03876579,1.03876579,1.03236697
h4,bear,12,volatility,24772,54687,0.46661553,0.41247463,0.05414091,1.13125875,1.13125875,5376.00000000,14200.00000000,0.44047619,0.39612676,0.04434943,1.11195767,1.11195767,3939.00000000,10052.00000000,0.37776085,0.36152010,0.01624076,1.04492353,1.04492353,1.03187272
h4,bull,6,bb_expand,18448,61011,0.29688855,0.29111144,0.00577711,1.01984502,1.01984502,4476.00000000,15100.00000000,0.29200179,0.28072848,0.01127331,1.04015735,1.04015735,3307.00000000,10684.00000000,0.23767765,0.22809809,0.00957956,1.04199756,1.04199756,1.03175552
h4,bear,3,macd_falling,39626,39833,0.17069601,0.15986745,0.01082856,1.06773462,1.06773462,9755.00000000,9821.00000000,0.17672988,0.16688728,0.00984260,1.05897753,1.05897753,7025.00000000,6966.00000000,0.13864769,0.13020385,0.00844384,1.06485092,1.06485092,1.03127049
h4,bear,3,macd_accel_down,39626,39833,0.17069601,0.15986745,0.01082856,1.06773462,1.06773462,9755.00000000,9821.00000000,0.17672988,0.16688728,0.00984260,1.05897753,1.05897753,7025.00000000,6966.00000000,0.13864769,0.13020385,0.00844384,1.06485092,1.06485092,1.03127049
h4,bull,12,macd_cross_up,3150,76309,0.43841270,0.44306700,-0.00465431,0.98949526,0.98949526,731.00000000,18845.00000000,0.45964432,0.42371982,0.03592450,1.08478363,1.08478363,496.00000000,13495.00000000,0.39314516,0.38080771,0.01233745,1.03239812,1.03239812,1.03121371
d1,bear,1,body_bear,2085,13232,0.24700240,0.25362757,-0.00662517,0.97387835,0.97387835,488.00000000,3268.00000000,0.28278689,0.25000000,0.03278689,1.13114754,1.13114754,353.00000000,2373.00000000,0.21813031,0.21070375,0.00742656,1.03524646,1.03524646,1.03054286
h4,bull,6,macd_bull,40125,39334,0.28697819,0.29803732,-0.01105913,0.96289348,0.96289348,9672.00000000,9904.00000000,0.28618693,0.28049273,0.00569420,1.02030071,1.02030071,7162.00000000,6829.00000000,0.23736386,0.22301948,0.01434439,1.06431900,1.06431900,1.03039337
d1,bear,5,body_expand,4489,10828,0.59434172,0.57720724,0.01713448,1.02968515,1.02968515,1148.00000000,2608.00000000,0.57926829,0.53527607,0.04399222,1.08218604,1.08218604,780.00000000,1946.00000000,0.51282051,0.49177801,0.02104251,1.04278863,1.04278863,1.03017592
h4,bear,6,momentum_bear,25035,54424,0.27269822,0.29628473,-0.02358650,0.92039244,0.92039244,5838.00000000,13738.00000000,0.28879753,0.27391178,0.01488576,1.05434507,1.05434507,3961.00000000,10030.00000000,0.24312042,0.23320040,0.00992003,1.04253863,1.04253863,1.03013260
d1,bear,5,adx_rising,7133,8184,0.58138231,0.58296676,-0.00158446,0.99728208,0.99728208,1795.00000000,1961.00000000,0.55710306,0.54105048,0.01605258,1.02966928,1.02966928,1255.00000000,1471.00000000,0.51235060,0.48538409,0.02696651,1.05555704,1.05555704,1.02923193
d1,bull,5,body_expand,4489,10828,0.60436623,0.61082379,-0.00645756,0.98942811,0.98942811,1148.00000000,2608.00000000,0.60017422,0.60276074,-0.00258652,0.99570888,0.99570888,780.00000000,1946.00000000,0.58205128,0.55909558,0.02295570,1.04105863,1.04105863,1.02897004
h4,bull,6,breakout20_up,5109,74350,0.30436485,0.29163416,0.01273068,1.04365292,1.04365292,1251.00000000,18325.00000000,0.28457234,0.28321965,0.00135270,1.00477614,1.00477614,963.00000000,13028.00000000,0.23676012,0.22988947,0.00687066,1.02988678,1.02988678,1.02777254
h4,bear,24,adx_up3,13589,65870,0.57288984,0.57121603,0.00167381,1.00293025,1.00293025,3261.00000000,16315.00000000,0.54492487,0.53484523,0.01007964,1.01884589,1.01884589,2573.00000000,11418.00000000,0.50874466,0.49194255,0.01680211,1.03415462,1.03415462,1.02769946
h4,bear,12,price20_bear,38132,41327,0.41938529,0.43855107,-0.01916578,0.95629751,0.95629751,9170.00000000,10406.00000000,0.40283533,0.41312704,-0.01029171,0.97508827,0.97508827,6233.00000000,7758.00000000,0.37622333,0.35795308,0.01827025,1.05104090,1.05104090,1.02767290
h4,bear,12,ema20_falling,38132,41327,0.41938529,0.43855107,-0.01916578,0.95629751,0.95629751,9170.00000000,10406.00000000,0.40283533,0.41312704,-0.01029171,0.97508827,0.97508827,6233.00000000,7758.00000000,0.37622333,0.35795308,0.01827025,1.05104090,1.05104090,1.02767290
d1,bull,1,price200_bull,8725,6592,0.27255014,0.22876214,0.04378801,1.19141283,1.19141283,2249.00000000,1507.00000000,0.23566029,0.27272727,-0.03706698,0.86408774,0.86408774,1943.00000000,783.00000000,0.20277921,0.18390805,0.01887116,1.10261194,1.10261194,1.02746491
d1,bull,1,ema200_rising,8725,6592,0.27255014,0.22876214,0.04378801,1.19141283,1.19141283,2249.00000000,1507.00000000,0.23566029,0.27272727,-0.03706698,0.86408774,0.86408774,1943.00000000,783.00000000,0.20277921,0.18390805,0.01887116,1.10261194,1.10261194,1.02746491
d1,bear,10,adx25,5701,9616,0.73215225,0.67273295,0.05941931,1.08832525,1.08832525,1181.00000000,2575.00000000,0.68924640,0.66563107,0.02361533,1.03547811,1.03547811,1026.00000000,1700.00000000,0.63645224,0.60941176,0.02704048,1.04437144,1.04437144,1.02721658
h4,bear,6,adx25,34632,44827,0.29513167,0.28400294,0.01112873,1.03918525,1.03918525,7832.00000000,11744.00000000,0.28651685,0.27290531,0.01361154,1.04987642,1.04987642,6156.00000000,7835.00000000,0.24236517,0.23101468,0.01135049,1.04913322,1.04913322,1.02693250
d1,bull,3,body_bull,3093,12224,0.50792111,0.49615510,0.01176601,1.02371437,1.02371437,760.00000000,2996.00000000,0.49473684,0.48130841,0.01342843,1.02789985,1.02789985,581.00000000,2145.00000000,0.45266781,0.43776224,0.01490558,1.03404948,1.03404948,1.02659939
d1,bear,10,body_expand,4489,10828,0.69971040,0.69283339,0.00687701,1.00992592,1.00992592,1148.00000000,2608.00000000,0.69337979,0.66411043,0.02926936,1.04407303,1.04407303,780.00000000,1946.00000000,0.63589744,0.61305242,0.02284502,1.03726438,1.03726438,1.02632114
d1,bear,3,adx_rising,7133,8184,0.47539605,0.47605083,-0.00065478,0.99862455,0.99862455,1795.00000000,1961.00000000,0.46629526,0.44110148,0.02519379,1.05711562,1.05711562,1255.00000000,1471.00000000,0.42310757,0.40312712,0.01998045,1.04956363,1.04956363,1.02614879
d1,bear,5,adx25,5701,9616,0.62217155,0.55854825,0.06362330,1.11390833,1.11390833,1181.00000000,2575.00000000,0.56308213,0.54213592,0.02094621,1.03863646,1.03863646,1026.00000000,1700.00000000,0.51072125,0.49000000,0.02072125,1.04228826,1.04228826,1.02595882
h4,bear,12,price200_cross_down,1600,77859,0.42562500,0.42943012,-0.00380512,0.99113913,0.99113913,428.00000000,19148.00000000,0.39953271,0.40850219,-0.00896948,0.97804300,0.97804300,277.00000000,13714.00000000,0.37545126,0.36590346,0.00954781,1.02609379,1.02609379,1.02556396
h4,bear,6,ema20_slope_down3,38099,41360,0.28124098,0.29586557,-0.01462459,0.95057014,0.95057014,9176.00000000,10400.00000000,0.28389276,0.27346154,0.01043123,1.03814513,1.03814513,6202.00000000,7789.00000000,0.24201870,0.23122352,0.01079518,1.04668722,1.04668722,1.02546447
h4,bear,6,bb_bear,38151,41308,0.28114597,0.29597172,-0.01482575,0.94990821,0.94990821,9223.00000000,10353.00000000,0.28938523,0.26852120,0.02086403,1.07769975,1.07769975,6313.00000000,7678.00000000,0.24188183,0.23117999,0.01070184,1.04629223,1.04629223,1.02488452
d1,bull,3,adx_rising,7133,8184,0.49249965,0.50378788,-0.01128823,0.97759329,0.97759329,1795.00000000,1961.00000000,0.46406685,0.50229475,-0.03822790,0.92389350,0.92389350,1255.00000000,1471.00000000,0.45179283,0.43167913,0.02011370,1.04659410,1.04659410,1.02461502
h4,bull,12,atr_expand,4895,74564,0.46843718,0.44120487,0.02723231,1.06172260,1.06172260,940.00000000,18636.00000000,0.47234043,0.42267654,0.04966389,1.11749856,1.11749856,740.00000000,13251.00000000,0.39054054,0.38072598,0.00981456,1.02577853,1.02577853,1.02438183
h4,bull,3,di_spread_up3,20043,59416,0.15576511,0.16214488,-0.00637977,0.96065388,0.96065388,4948.00000000,14628.00000000,0.16996766,0.16249658,0.00747108,1.04597686,1.04597686,3597.00000000,10394.00000000,0.12343620,0.11949201,0.00394418,1.03300791,1.03300791,1.02431544
h4,bull,3,body_expand,23176,56283,0.16538661,0.15853810,0.00684850,1.04319785,1.04319785,5825.00000000,13751.00000000,0.17218884,0.16107919,0.01110965,1.06897009,1.06897009,4190.00000000,9801.00000000,0.12338902,0.11927354,0.00411548,1.03450453,1.03450453,1.02392396
h4,bull,6,rsi_cross55_up,4036,75423,0.29980178,0.29205945,0.00774233,1.02650944,1.02650944,1058.00000000,18518.00000000,0.28166352,0.28339994,-0.00173642,0.99387290,0.99387290,759.00000000,13232.00000000,0.23583663,0.23004837,0.00578826,1.02516105,1.02516105,1.02376365
h4,bear,12,rsi_down3,19314,60145,0.44252874,0.42512262,0.01740612,1.04094375,1.04094375,4776.00000000,14800.00000000,0.42462312,0.40304054,0.02158258,1.05354939,1.05354939,3384.00000000,10607.00000000,0.37470449,0.36334496,0.01135953,1.03126376,1.03126376,1.02352412
d1,bull,3,body_expand,4489,10828,0.49743818,0.49898412,-0.00154593,0.99690184,0.99690184,1148.00000000,2608.00000000,0.47909408,0.48619632,-0.00710224,0.98539223,0.98539223,780.00000000,1946.00000000,0.45128205,0.43679342,0.01448863,1.03317044,1.03317044,1.02345663
h4,bull,3,macd_bull,40125,39334,0.15872897,0.16237860,-0.00364963,0.97752394,0.97752394,9672.00000000,9904.00000000,0.16780397,0.16104604,0.00675793,1.04196271,1.04196271,7162.00000000,6829.00000000,0.12328958,0.11758676,0.00570282,1.04849884,1.04849884,1.02309880
h4,bull,1,macd_bull,40125,39334,0.04894704,0.05077033,-0.00182329,0.96408758,0.96408758,9672.00000000,9904.00000000,0.05303970,0.05119144,0.00184826,1.03610495,1.03610495,7162.00000000,6829.00000000,0.03253281,0.03104408,0.00148874,1.04795554,1.04795554,1.02284623
d1,bear,20,adx25,5701,9616,0.81196281,0.76143927,0.05052355,1.06635269,1.06635269,1181.00000000,2575.00000000,0.77222693,0.75961165,0.01261528,1.01660753,1.01660753,1026.00000000,1700.00000000,0.73879142,0.71235294,0.02643848,1.03711430,1.03711430,1.02282652
d1,bull,3,trend_bull,6631,8686,0.52465691,0.47858623,0.04607068,1.09626412,1.09626412,1747.00000000,2009.00000000,0.49398970,0.47536088,0.01862882,1.03918880,1.03918880,1459.00000000,1267.00000000,0.45099383,0.42936069,0.02163314,1.05038453,1.05038453,1.02280298
d1,bear,3,di_spread_down3,3994,11323,0.46770155,0.47858341,-0.01088186,0.97726235,0.97726235,1010.00000000,2746.00000000,0.43861386,0.45848507,-0.01987121,0.95665899,0.95665899,738.00000000,1988.00000000,0.42140921,0.40895372,0.01245549,1.03045697,1.03045697,1.02202982
h4,bull,3,adx25,34632,44827,0.16868792,0.15423740,0.01445052,1.09369010,1.09369010,7832.00000000,11744.00000000,0.16751788,0.16229564,0.00522224,1.03217730,1.03217730,6156.00000000,7835.00000000,0.12313190,0.11844288,0.00468902,1.03958886,1.03958886,1.02179031
d1,bull,5,price200_bull,8725,6592,0.62762178,0.58419296,0.04342882,1.07433985,1.07433985,2249.00000000,1507.00000000,0.59715429,0.60915727,-0.01200298,0.98029577,0.98029577,1943.00000000,783.00000000,0.57797221,0.53512133,0.04285088,1.08007694,1.08007694,1.02175891
d1,bull,5,ema200_rising,8725,6592,0.62762178,0.58419296,0.04342882,1.07433985,1.07433985,2249.00000000,1507.00000000,0.59715429,0.60915727,-0.01200298,0.98029577,0.98029577,1943.00000000,783.00000000,0.57797221,0.53512133,0.04285088,1.08007694,1.08007694,1.02175891
h4,bull,24,price200_cross_up,1599,77860,0.58599124,0.59013614,-0.00414490,0.99297637,0.99297637,430.00000000,19146.00000000,0.54883721,0.57740520,-0.02856799,0.95052349,0.95052349,273.00000000,13718.00000000,0.54945055,0.53768771,0.01176284,1.02187671,1.02187671,1.02144069
h4,bull,12,macd_bull,40125,39334,0.43232399,0.45365333,-0.02132934,0.95298317,0.95298317,9672.00000000,9904.00000000,0.42762614,0.42255654,0.00506959,1.01199743,1.01199743,7162.00000000,6829.00000000,0.38941636,0.37267536,0.01674101,1.04492116,1.04492116,1.02143314
h4,bull,12,rsi_up1,17172,62287,0.44974377,0.44099090,0.00875287,1.01984819,1.01984819,4336.00000000,15240.00000000,0.42896679,0.42395013,0.00501666,1.01183313,1.01183313,3095.00000000,10896.00000000,0.38933764,0.37894640,0.01039124,1.02742140,1.02742140,1.02122665
d1,bear,3,adx25,5701,9616,0.51324329,0.45351498,0.05972832,1.13170087,1.13170087,1181.00000000,2575.00000000,0.45300593,0.45320388,-0.00019796,0.99956321,0.99956321,1026.00000000,1700.00000000,0.42105263,0.40705882,0.01399381,1.03437785,1.03437785,1.02116501
d1,bull,20,bb_expand,3389,11928,0.79905577,0.79476861,0.00428716,1.00539422,1.00539422,787.00000000,2969.00000000,0.85006353,0.82957225,0.02049129,1.02470103,1.02470103,603.00000000,2123.00000000,0.78772803,0.76731041,0.02041762,1.02660933,1.02660933,1.02060200
d1,bear,20,body_expand,4489,10828,0.77968367,0.78047654,-0.00079287,0.99898412,0.99898412,1148.00000000,2608.00000000,0.77090592,0.76035276,0.01055316,1.01387930,1.01387930,780.00000000,1946.00000000,0.73717949,0.71634121,0.02083827,1.02908987,1.02908987,1.02059486
d1,bull,20,di_spread_up3,4181,11136,0.79741689,0.79507902,0.00233786,1.00294042,1.00294042,1008.00000000,2748.00000000,0.79067460,0.84970888,-0.05903428,0.93052412,0.93052412,762.00000000,1964.00000000,0.78740157,0.76578411,0.02161746,1.02822918,1.02822918,1.02017904
h4,bear,3,price200_bear,37403,42056,0.15827607,0.17148564,-0.01320956,0.92296985,0.92296985,7673.00000000,11903.00000000,0.17737521,0.16819289,0.00918232,1.05459398,1.05459398,5764.00000000,8227.00000000,0.13705760,0.13261213,0.00444547,1.03352233,1.03352233,1.01944331
h4,bear,3,ema200_falling,37403,42056,0.15827607,0.17148564,-0.01320956,0.92296985,0.92296985,7673.00000000,11903.00000000,0.17737521,0.16819289,0.00918232,1.05459398,1.05459398,5764.00000000,8227.00000000,0.13705760,0.13261213,0.00444547,1.03352233,1.03352233,1.01944331
h4,bull,24,breakout20_up,5109,74350,0.59170092,0.58993948,0.00176144,1.00298581,1.00298581,1251.00000000,18325.00000000,0.55555556,0.57822647,-0.02267091,0.96079233,0.96079233,963.00000000,13028.00000000,0.54828660,0.53715075,0.01113585,1.02073133,1.02073133,1.01927689
d1,bull,3,price200_bull,8725,6592,0.52103152,0.46875000,0.05228152,1.11153391,1.11153391,2249.00000000,1507.00000000,0.48065807,0.48905109,-0.00839302,0.98283814,0.98283814,1943.00000000,783.00000000,0.44930520,0.42017880,0.02912640,1.06931906,1.06931906,1.01897335
d1,bull,3,ema200_rising,8725,6592,0.52103152,0.46875000,0.05228152,1.11153391,1.11153391,2249.00000000,1507.00000000,0.48065807,0.48905109,-0.00839302,0.98283814,0.98283814,1943.00000000,783.00000000,0.44930520,0.42017880,0.02912640,1.06931906,1.06931906,1.01897335
d1,bull,3,macd_rising,7675,7642,0.49133550,0.50575766,-0.01442215,0.97148407,0.97148407,1869.00000000,1887.00000000,0.46334938,0.50450450,-0.04115512,0.91842467,0.91842467,1396.00000000,1330.00000000,0.44914040,0.43233083,0.01680957,1.03888128,1.03888128,1.01859961
d1,bull,3,macd_accel_up,7675,7642,0.49133550,0.50575766,-0.01442215,0.97148407,0.97148407,1869.00000000,1887.00000000,0.46334938,0.50450450,-0.04115512,0.91842467,0.91842467,1396.00000000,1330.00000000,0.44914040,0.43233083,0.01680957,1.03888128,1.03888128,1.01859961
d1,bear,10,rsi_cross50_down,843,14474,0.66785291,0.69642117,-0.02856826,0.95897847,0.95897847,230.00000000,3526.00000000,0.66521739,0.67356778,-0.00835039,0.98760275,0.98760275,168.00000000,2558.00000000,0.63095238,0.61884285,0.01210953,1.01956803,1.01956803,1.01833996
d1,bull,20,atr_expand,649,14668,0.82896764,0.79424598,0.03472166,1.04371651,1.04371651,147.00000000,3609.00000000,0.91156463,0.83070103,0.08086360,1.09734381,1.09734381,140.00000000,2586.00000000,0.78571429,0.77107502,0.01463927,1.01898553,1.01898553,1.01799294
d1,bull,5,rsi_cross50_up,846,14471,0.61820331,0.60838919,0.00981412,1.01613131,1.01613131,232.00000000,3524.00000000,0.59051724,0.60272418,-0.01220694,0.97974706,0.97974706,165.00000000,2561.00000000,0.57575758,0.56501367,0.01074391,1.01901531,1.01901531,1.01784381
h4,bull,6,price200_cross_up,1599,77860,0.29831144,0.29233239,0.00597905,1.02045293,1.02045293,430.00000000,19146.00000000,0.27674419,0.28345346,-0.00670928,0.97633024,0.97633024,273.00000000,13718.00000000,0.23443223,0.23028138,0.00415085,1.01802513,1.01802513,1.01766720
d1,bull,1,adx_rising,7133,8184,0.25164727,0.25549853,-0.00385126,0.98492649,0.98492649,1795.00000000,1961.00000000,0.23899721,0.26109128,-0.02209407,0.91537800,0.91537800,1255.00000000,1471.00000000,0.20079681,0.19442556,0.00637125,1.03276962,1.03276962,1.01742028
d1,bull,10,bb_expand,3389,11928,0.73207436,0.71118377,0.02089059,1.02937439,1.02937439,787.00000000,2969.00000000,0.73824651,0.73290670,0.00533980,1.00728579,1.00728579,603.00000000,2123.00000000,0.69485904,0.67969854,0.01516050,1.02230474,1.02230474,1.01728557
d1,bear,3,rsi_down1,3389,11928,0.47772204,0.47518444,0.00253760,1.00534025,1.00534025,856.00000000,2900.00000000,0.44859813,0.45448276,-0.00588463,0.98705203,0.98705203,608.00000000,2118.00000000,0.41940789,0.41029273,0.00911517,1.02221625,1.02221625,1.01717609
d1,bear,3,macd_bear,7532,7785,0.48300584,0.46872190,0.01428394,1.03047423,1.03047423,1864.00000000,1892.00000000,0.42757511,0.47832981,-0.05075470,0.89389183,0.89389183,1367.00000000,1359.00000000,0.41916606,0.40544518,0.01372088,1.03384151,1.03384151,1.01658957
h4,bear,12,momentum_bear,25035,54424,0.40930697,0.43857489,-0.02926792,0.93326585,0.93326585,5838.00000000,13738.00000000,0.40339157,0.41039453,-0.00700295,0.98293605,0.98293605,3961.00000000,10030.00000000,0.37187579,0.36380857,0.00806721,1.02217434,1.02217434,1.01579738
d1,bull,10,body_bull,3093,12224,0.71807307,0.71523233,0.00284074,1.00397177,1.00397177,760.00000000,2996.00000000,0.74473684,0.73130841,0.01342843,1.01836220,1.01836220,581.00000000,2145.00000000,0.69363167,0.68018648,0.01344519,1.01976692,1.01976692,1.01548868
h4,bull,12,body_expand,23176,56283,0.44559027,0.44176750,0.00382277,1.00865335,1.00865335,5825.00000000,13751.00000000,0.42952790,0.42316922,0.00635867,1.01502631,1.01502631,4190.00000000,9801.00000000,0.38711217,0.37873686,0.00837531,1.02211379,1.02211379,1.01538928
d1,bull,5,trend_bull,6631,8686,0.62946765,0.59325351,0.03621414,1.06104328,1.06104328,1747.00000000,2009.00000000,0.60389239,0.60029866,0.00359373,1.00598657,1.00598657,1459.00000000,1267.00000000,0.57436600,0.55564325,0.01872275,1.03369564,1.03369564,1.01538374
h4,bear,12,ema20_slope_down3,38099,41360,0.41867241,0.43919246,-0.02052005,0.95327777,0.95327777,9176.00000000,10400.00000000,0.40311683,0.41288462,-0.00976779,0.97634257,0.97634257,6202.00000000,7789.00000000,0.37165431,0.36166388,0.00999042,1.02762349,1.02762349,1.01519238
h4,bull,12,price20_cross_up,4894,74565,0.44483040,0.44275464,0.00207576,1.00468829,1.00468829,1281.00000000,18295.00000000,0.42779079,0.42487018,0.00292061,1.00687411,1.00687411,861.00000000,13130.00000000,0.38675958,0.38088347,0.00587611,1.01542758,1.01542758,1.01446444
h4,bear,24,volatility,24772,54687,0.59946714,0.55883482,0.04063232,1.07270899,1.07270899,5376.00000000,14200.00000000,0.54873512,0.53190141,0.01683371,1.03164818,1.03164818,3939.00000000,10052.00000000,0.50215791,0.49224035,0.00991756,1.02014780,1.02014780,1.01439378
d1,bull,5,di_spread_up3,4181,11136,0.60224827,0.61144037,-0.00919211,0.98496647,0.98496647,1008.00000000,2748.00000000,0.56944444,0.61390102,-0.04445657,0.92758348,0.92758348,762.00000000,1964.00000000,0.57349081,0.56262729,0.01086352,1.01930856,1.01930856,1.01383655
d1,bull,10,body_expand,4489,10828,0.71018044,0.71813816,-0.00795772,0.98891896,0.98891896,1148.00000000,2608.00000000,0.73519164,0.73351227,0.00167937,1.00228949,1.00228949,780.00000000,1946.00000000,0.69230769,0.67934224,0.01296545,1.01908530,1.01908530,1.01355036
h4,bull,24,rsi_up1,17172,62287,0.58612858,0.59113459,-0.00500601,0.99153153,0.99153153,4336.00000000,15240.00000000,0.57818266,0.57637795,0.00180470,1.00313111,1.00313111,3095.00000000,10896.00000000,0.54507270,0.53588473,0.00918797,1.01714542,1.01714542,1.01330217
d1,bear,20,rsi_down1,3389,11928,0.77958100,0.78043260,-0.00085160,0.99890881,0.99890881,856.00000000,2900.00000000,0.76752336,0.76241379,0.00510957,1.00670183,1.00670183,608.00000000,2118.00000000,0.73190789,0.71954674,0.01236115,1.01717908,1.01717908,1.01329656
d1,bull,5,body_bull,3093,12224,0.61170385,0.60822971,0.00347414,1.00571188,1.00571188,760.00000000,2996.00000000,0.60789474,0.60046729,0.00742745,1.01236945,1.01236945,581.00000000,2145.00000000,0.57314974,0.56363636,0.00951338,1.01687857,1.01687857,1.01323359
h4,bear,24,breakout20_down,4118,75341,0.56629432,0.57178694,-0.00549262,0.99039393,0.99039393,896.00000000,18680.00000000,0.51227679,0.53768737,-0.02541058,0.95274098,0.95274098,640.00000000,13351.00000000,0.50156250,0.49471950,0.00684300,1.01383209,1.01383209,1.01319101
h4,bear,6,body_bear,11452,68007,0.29662941,0.28754393,0.00908548,1.03159684,1.03159684,2743.00000000,16833.00000000,0.28764127,0.27683717,0.01080410,1.03902693,1.03902693,1987.00000000,12004.00000000,0.23905385,0.23550483,0.00354902,1.01506983,1.01506983,1.01290200
h4,bull,6,adx_rising,37723,41736,0.28900140,0.29557217,-0.00657076,0.97776934,0.97776934,9209.00000000,10367.00000000,0.28971658,0.27761165,0.01210493,1.04360382,1.04360382,6596.00000000,7395.00000000,0.23332323,0.22772143,0.00560179,1.02459932,1.02459932,1.01285301
d1,bull,10,rsi_up1,3363,11954,0.70770146,0.71808600,-0.01038454,0.98553859,0.98553859,847.00000000,2909.00000000,0.72491145,0.73667927,-0.01176782,0.98402586,0.98402586,626.00000000,2100.00000000,0.69169329,0.68047619,0.01121710,1.01648419,1.01648419,1.01265086
h4,bull,24,price20_cross_up,4894,74565,0.58152840,0.59061222,-0.00908382,0.98461966,0.98461966,1281.00000000,18295.00000000,0.58079625,0.57649631,0.00429994,1.00745875,1.00745875,861.00000000,13130.00000000,0.54471545,0.53747144,0.00724401,1.01347794,1.01347794,1.01263803
h4,bull,24,di_spread_up3,20043,59416,0.58449334,0.59192810,-0.00743476,0.98743976,0.98743976,4948.00000000,14628.00000000,0.59801940,0.56959256,0.02842684,1.04990732,1.04990732,3597.00000000,10394.00000000,0.54462052,0.53559746,0.00902306,1.01684671,1.01684671,1.01246155
h4,bear,6,macd_cross_down,3155,76304,0.31220285,0.28788792,0.02431493,1.08445971,1.08445971,726.00000000,18850.00000000,0.30578512,0.27729443,0.02849069,1.10274528,1.10274528,494.00000000,13497.00000000,0.23886640,0.23590428,0.00296212,1.01255646,1.01255646,1.01210774
d1,bull,20,rsi_up1,3363,11954,0.79125781,0.79697172,-0.00571392,0.99283046,0.99283046,847.00000000,2909.00000000,0.81582054,0.83911997,-0.02329943,0.97223349,0.97223349,626.00000000,2100.00000000,0.78115016,0.76904762,0.01210254,1.01573705,1.01573705,1.01207953
h4,bull,6,macd_rising,39821,39638,0.29363903,0.29126091,0.00237812,1.00816492,1.00816492,9821.00000000,9755.00000000,0.28418695,0.28241927,0.00176767,1.00625904,1.00625904,6966.00000000,7025.00000000,0.23313236,0.22761566,0.00551670,1.02423690,1.02423690,1.01202445
h4,bull,6,macd_accel_up,39821,39638,0.29363903,0.29126091,0.00237812,1.00816492,1.00816492,9821.00000000,9755.00000000,0.28418695,0.28241927,0.00176767,1.00625904,1.00625904,6966.00000000,7025.00000000,0.23313236,0.22761566,0.00551670,1.02423690,1.02423690,1.01202445
h4,bear,24,di_cross_down,3507,75952,0.56258911,0.57191384,-0.00932473,0.98369556,0.98369556,892.00000000,18684.00000000,0.52802691,0.53692999,-0.00890309,0.98341853,0.98341853,601.00000000,13390.00000000,0.50083195,0.49477222,0.00605973,1.01224751,1.01224751,1.01171524
h4,bear,12,di_spread_down3,19779,59680,0.44299510,0.42483244,0.01816266,1.04275252,1.04275252,4956.00000000,14620.00000000,0.42312349,0.40328317,0.01984031,1.04919698,1.04919698,3491.00000000,10500.00000000,0.37038098,0.36466667,0.00571431,1.01566996,1.01566996,1.01171423
d1,bull,3,bb_expand,3389,11928,0.51873709,0.49279007,0.02594702,1.05265329,1.05265329,787.00000000,2969.00000000,0.49682338,0.48063321,0.01619017,1.03368508,1.03368508,603.00000000,2123.00000000,0.44610282,0.43947244,0.00663037,1.01508712,1.01508712,1.01171072
d1,bull,20,macd_rising,7675,7642,0.79205212,0.79939806,-0.00734595,0.99081065,0.99081065,1869.00000000,1887.00000000,0.81647940,0.85108638,-0.03460698,0.95933788,0.95933788,1396.00000000,1330.00000000,0.78080229,0.76240602,0.01839628,1.02412924,1.02412924,1.01162883
d1,bull,20,macd_accel_up,7675,7642,0.79205212,0.79939806,-0.00734595,0.99081065,0.99081065,1869.00000000,1887.00000000,0.81647940,0.85108638,-0.03460698,0.95933788,0.95933788,1396.00000000,1330.00000000,0.78080229,0.76240602,0.01839628,1.02412924,1.02412924,1.01162883
d1,bull,20,macd_cross_up,612,14705,0.78594771,0.79612377,-0.01017606,0.98721800,0.98721800,164.00000000,3592.00000000,0.79878049,0.83546771,-0.03668722,0.95608781,0.95608781,114.00000000,2612.00000000,0.78070175,0.77143951,0.00926224,1.01200644,1.01200644,1.01149857
d1,bull,10,macd_rising,7675,7642,0.71296417,0.71866004,-0.00569587,0.99207432,0.99207432,1869.00000000,1887.00000000,0.71268058,0.75516693,-0.04248635,0.94373912,0.94373912,1396.00000000,1330.00000000,0.69054441,0.67518797,0.01535644,1.02274395,1.02274395,1.01096889
d1,bull,10,macd_accel_up,7675,7642,0.71296417,0.71866004,-0.00569587,0.99207432,0.99207432,1869.00000000,1887.00000000,0.71268058,0.75516693,-0.04248635,0.94373912,0.94373912,1396.00000000,1330.00000000,0.69054441,0.67518797,0.01535644,1.02274395,1.02274395,1.01096889
h4,bear,24,bb_expand,18448,61011,0.58288161,0.56806150,0.01482012,1.02608893,1.02608893,4476.00000000,15100.00000000,0.54669348,0.53350993,0.01318354,1.02471096,1.02471096,3307.00000000,10684.00000000,0.50045358,0.49335455,0.00709903,1.01438932,1.01438932,1.01095092
d1,bull,5,macd_rising,7675,7642,0.60312704,0.61476053,-0.01163350,0.98107637,0.98107637,1869.00000000,1887.00000000,0.58212948,0.62162162,-0.03949214,0.93646917,0.93646917,1396.00000000,1330.00000000,0.57163324,0.55939850,0.01223474,1.02187125,1.02187125,1.01055266
d1,bull,5,macd_accel_up,7675,7642,0.60312704,0.61476053,-0.01163350,0.98107637,0.98107637,1869.00000000,1887.00000000,0.58212948,0.62162162,-0.03949214,0.93646917,0.93646917,1396.00000000,1330.00000000,0.57163324,0.55939850,0.01223474,1.02187125,1.02187125,1.01055266
d1,bear,10,di_spread_down3,3994,11323,0.70130195,0.69257264,0.00872931,1.01260418,1.01260418,1010.00000000,2746.00000000,0.64653465,0.68281136,-0.03627671,0.94687155,0.94687155,738.00000000,1988.00000000,0.62601626,0.61720322,0.00881304,1.01427899,1.01427899,1.01037319
d1,bear,20,macd_cross_down,611,14706,0.76923077,0.78070175,-0.01147099,0.98530683,0.98530683,169.00000000,3587.00000000,0.74556213,0.76442710,-0.01886497,0.97532143,0.97532143,111.00000000,2615.00000000,0.72972973,0.72198853,0.00774120,1.01072206,1.01072206,1.01028098
d1,bull,10,adx_up3,2418,12899,0.72580645,0.71393131,0.01187514,1.01663345,1.01663345,542.00000000,3214.00000000,0.72509225,0.73553205,-0.01043980,0.98580647,0.98580647,487.00000000,2239.00000000,0.68993840,0.68155427,0.00838413,1.01230149,1.01230149,1.01008167
d1,bear,5,di_spread_down3,3994,11323,0.58212318,0.58226618,-0.00014300,0.99975441,0.99975441,1010.00000000,2746.00000000,0.52772277,0.55644574,-0.02872297,0.94838137,0.94838137,738.00000000,1988.00000000,0.50271003,0.49597586,0.00673417,1.01357762,1.01357762,1.00986554
d1,bear,10,macd_bear,7532,7785,0.70021243,0.68965960,0.01055283,1.01530150,1.01530150,1864.00000000,1892.00000000,0.65450644,0.69133192,-0.03682549,0.94673255,0.94673255,1367.00000000,1359.00000000,0.62545721,0.61368653,0.01177067,1.01918027,1.01918027,1.00947090
d1,bear,1,adx_up3,2418,12899,0.29156328,0.24544538,0.04611789,1.18789472,1.18789472,542.00000000,3214.00000000,0.24907749,0.25513379,-0.00605630,0.97626226,0.97626226,487.00000000,2239.00000000,0.21355236,0.21125502,0.00229734,1.01087471,1.01087471,1.00891462
d1,bull,5,adx_rising,7133,8184,0.60283191,0.61424731,-0.01141540,0.98141562,0.98141562,1795.00000000,1961.00000000,0.58607242,0.61652218,-0.03044976,0.95061044,0.95061044,1255.00000000,1471.00000000,0.57051793,0.56152277,0.00899515,1.01601922,1.01601922,1.00858098
h4,bear,24,adx_rising,37723,41736,0.57058028,0.57233563,-0.00175535,0.99693300,0.99693300,9209.00000000,10367.00000000,0.55109132,0.52358445,0.02750687,1.05253570,1.05253570,6596.00000000,7395.00000000,0.49924196,0.49127789,0.00796407,1.01621094,1.01621094,1.00850337
d1,bull,20,body_bull,3093,12224,0.79922405,0.79482984,0.00439421,1.00552849,1.00552849,760.00000000,2996.00000000,0.82631579,0.83578104,-0.00946525,0.98867496,0.98867496,581.00000000,2145.00000000,0.77796902,0.77016317,0.00780585,1.01013532,1.01013532,1.00795796
h4,bear,3,body_bear,11452,68007,0.17761090,0.16318908,0.01442181,1.08837487,1.08837487,2743.00000000,16833.00000000,0.18446956,0.16972613,0.01474343,1.08686597,1.08686597,1987.00000000,12004.00000000,0.13537997,0.13428857,0.00109140,1.00812727,1.00812727,1.00696500
d1,bear,20,volatility,4573,10744,0.78876011,0.77661951,0.01214061,1.01563263,1.01563263,852.00000000,2904.00000000,0.81103286,0.74965565,0.06137722,1.08187388,1.08187388,788.00000000,1938.00000000,0.72715736,0.72033024,0.00682712,1.00947777,1.00947777,1.00671964
h4,bull,6,rsi_up3,19664,59795,0.29210740,0.29256627,-0.00045886,0.99843159,0.99843159,4877.00000000,14699.00000000,0.29567357,0.27920267,0.01647090,1.05899264,1.05899264,3515.00000000,10476.00000000,0.23186344,0.22985872,0.00200472,1.00872152,1.00872152,1.00651611
h4,bear,24,bb_lower,15951,63508,0.56247257,0.57377023,-0.01129766,0.98030978,0.98030978,3886.00000000,15690.00000000,0.51904272,0.54085405,-0.02181133,0.95967243,0.95967243,2575.00000000,11416.00000000,0.49825243,0.49430624,0.00394619,1.00798329,1.00798329,1.00650443
h4,bear,24,price200_cross_down,1600,77859,0.56687500,0.57159737,-0.00472237,0.99173828,0.99173828,428.00000000,19148.00000000,0.54205607,0.53640067,0.00565541,1.01054325,1.01054325,277.00000000,13714.00000000,0.49819495,0.49496865,0.00322630,1.00651819,1.00651819,1.00638832
h4,bull,6,adx25,34632,44827,0.29507392,0.29042764,0.00464628,1.01599805,1.01599805,7832.00000000,11744.00000000,0.28179265,0.28431540,-0.00252275,0.99112693,0.99112693,6156.00000000,7835.00000000,0.23180637,0.22922782,0.00257854,1.01124883,1.01124883,1.00626835
h4,bear,24,macd_cross_down,3155,76304,0.58129952,0.57109719,0.01020233,1.01786445,1.01786445,726.00000000,18850.00000000,0.54269972,0.53628647,0.00641325,1.01195863,1.01195863,494.00000000,13497.00000000,0.49797571,0.49492480,0.00305091,1.00616439,1.00616439,1.00594544
h4,bull,3,rsi_cross55_up,4036,75423,0.15758176,0.16069369,-0.00311192,0.98063444,0.98063444,1058.00000000,18518.00000000,0.16729679,0.16421860,0.00307819,1.01874446,1.01874446,759.00000000,13232.00000000,0.12121212,0.12046554,0.00074658,1.00619748,1.00619748,1.00585930
d1,bear,10,adx_rising,7133,8184,0.69592037,0.69391496,0.00200541,1.00289000,1.00289000,1795.00000000,1961.00000000,0.66350975,0.68179500,-0.01828525,0.97318072,0.97318072,1255.00000000,1471.00000000,0.62310757,0.61658736,0.00652021,1.01057468,1.01057468,1.00567865
d1,bull,5,bb_expand,3389,11928,0.63145471,0.60253186,0.02892285,1.04800219,1.04800219,787.00000000,2969.00000000,0.63659466,0.59279219,0.04380248,1.07389179,1.07389179,603.00000000,2123.00000000,0.56882255,0.56476684,0.00405571,1.00718122,1.00718122,1.00558384
h4,bear,12,bb_bear,38151,41308,0.41831145,0.43955166,-0.02124021,0.95167755,0.95167755,9223.00000000,10353.00000000,0.41038708,0.40645224,0.00393484,1.00968094,1.00968094,6313.00000000,7678.00000000,0.36812926,0.36441782,0.00371144,1.01018457,1.01018457,1.00556354
d1,bear,1,body_expand,4489,10828,0.26264201,0.24861470,0.01402731,1.05642189,1.05642189,1148.00000000,2608.00000000,0.26480836,0.24961656,0.01519180,1.06086054,1.06086054,780.00000000,1946.00000000,0.21282051,0.21120247,0.00161805,1.00766111,1.00766111,1.00545705
d1,bear,1,macd_falling,7628,7689,0.24501835,0.26037196,-0.01535361,0.94103203,0.94103203,1887.00000000,1869.00000000,0.26762056,0.24077047,0.02685010,1.11151740,1.11151740,1330.00000000,1396.00000000,0.21278195,0.21060172,0.00218024,1.01035241,1.01035241,1.00527489
d1,bear,1,macd_accel_down,7628,7689,0.24501835,0.26037196,-0.01535361,0.94103203,0.94103203,1887.00000000,1869.00000000,0.26762056,0.24077047,0.02685010,1.11151740,1.11151740,1330.00000000,1396.00000000,0.21278195,0.21060172,0.00218024,1.01035241,1.01035241,1.00527489
h4,bear,12,bb_expand,18448,61011,0.44996748,0.42312042,0.02684706,1.06345015,1.06345015,4476.00000000,15100.00000000,0.41175156,0.40728477,0.00446680,1.01096725,1.01096725,3307.00000000,10684.00000000,0.36800726,0.36549981,0.00250744,1.00686032,1.00686032,1.00523029
d1,bull,10,price200_bull,8725,6592,0.72550143,0.70297330,0.02252813,1.03204692,1.03204692,2249.00000000,1507.00000000,0.72876834,0.74187127,-0.01310293,0.98233801,0.98233801,1943.00000000,783.00000000,0.68656716,0.67432950,0.01223766,1.01814790,1.01814790,1.00514613
d1,bull,10,ema200_rising,8725,6592,0.72550143,0.70297330,0.02252813,1.03204692,1.03204692,2249.00000000,1507.00000000,0.72876834,0.74187127,-0.01310293,0.98233801,0.98233801,1943.00000000,783.00000000,0.68656716,0.67432950,0.01223766,1.01814790,1.01814790,1.00514613
h4,bear,6,rsi_down1,16665,62794,0.30093009,0.28564831,0.01528178,1.05349859,1.05349859,4264.00000000,15312.00000000,0.29033771,0.27501306,0.01532465,1.05572335,1.05572335,2947.00000000,11044.00000000,0.23719036,0.23569359,0.00149677,1.00635051,1.00635051,1.00500617
d1,bull,20,body_expand,4489,10828,0.79505458,0.79599187,-0.00093730,0.99882248,0.99882248,1148.00000000,2608.00000000,0.82491289,0.83780675,-0.01289386,0.98460999,0.98460999,780.00000000,1946.00000000,0.77564103,0.77029805,0.00534298,1.00693625,1.00693625,1.00494175
h4,bull,12,di_spread_up3,20043,59416,0.44683930,0.44154773,0.00529156,1.01198413,1.01198413,4948.00000000,14628.00000000,0.44785772,0.41735029,0.03050743,1.07309791,1.07309791,3597.00000000,10394.00000000,0.38309703,0.38060419,0.00249283,1.00654967,1.00654967,1.00485761
d1,bear,5,macd_falling,7628,7689,0.57931306,0.58512160,-0.00580855,0.99007293,0.99007293,1887.00000000,1869.00000000,0.55325914,0.54414125,0.00911789,1.01675648,1.01675648,1330.00000000,1396.00000000,0.50000000,0.49570201,0.00429799,1.00867052,1.00867052,1.00442152
d1,bear,5,macd_accel_down,7628,7689,0.57931306,0.58512160,-0.00580855,0.99007293,0.99007293,1887.00000000,1869.00000000,0.55325914,0.54414125,0.00911789,1.01675648,1.01675648,1330.00000000,1396.00000000,0.50000000,0.49570201,0.00429799,1.00867052,1.00867052,1.00442152
d1,bear,3,body_expand,4489,10828,0.48384941,0.47238641,0.01146300,1.02426616,1.02426616,1148.00000000,2608.00000000,0.47909408,0.44171779,0.03737629,1.08461576,1.08461576,780.00000000,1946.00000000,0.41410256,0.41161357,0.00248900,1.00604693,1.00604693,1.00430924
d1,bear,5,macd_bear,7532,7785,0.58868826,0.57597945,0.01270882,1.02206470,1.02206470,1864.00000000,1892.00000000,0.52199571,0.57505285,-0.05305715,0.90773518,0.90773518,1367.00000000,1359.00000000,0.49963424,0.49595291,0.00368133,1.00742274,1.00742274,1.00368675
d1,bull,10,trend_bull,6631,8686,0.72221384,0.71091411,0.01129973,1.01589465,1.01589465,1747.00000000,2009.00000000,0.73669147,0.73170732,0.00498415,1.00681168,1.00681168,1459.00000000,1267.00000000,0.68540096,0.68034728,0.00505368,1.00742809,1.00742809,1.00343878
h4,bull,24,body_expand,23176,56283,0.58849672,0.59069346,-0.00219674,0.99628108,0.99628108,5825.00000000,13751.00000000,0.57613734,0.57704894,-0.00091160,0.99842023,0.99842023,4190.00000000,9801.00000000,0.53961814,0.53719008,0.00242806,1.00451992,1.00451992,1.00316202
h4,bull,12,adx_up3,13589,65870,0.44432997,0.44258388,0.00174610,1.00394523,1.00394523,3261.00000000,16315.00000000,0.43330267,0.42341404,0.00988863,1.02335452,1.02335452,2573.00000000,11418.00000000,0.38243296,0.38097740,0.00145555,1.00382058,1.00382058,1.00311577
d1,bull,10,di_spread_up3,4181,11136,0.72111935,0.71381106,0.00730829,1.01023840,1.01023840,1008.00000000,2748.00000000,0.69444444,0.74854440,-0.05409995,0.92772646,0.92772646,762.00000000,1964.00000000,0.68503937,0.68228106,0.00275831,1.00404278,1.00404278,1.00290941
h4,bull,6,body_expand,23176,56283,0.29931826,0.28962564,0.00969262,1.03346602,1.03346602,5825.00000000,13751.00000000,0.28755365,0.28150680,0.00604685,1.02148029,1.02148029,4190.00000000,9801.00000000,0.23102625,0.23007856,0.00094769,1.00411898,1.00411898,1.00288188
h4,bull,24,rsi_up3,19664,59795,0.57846827,0.59386236,-0.01539410,0.97407801,0.97407801,4877.00000000,14699.00000000,0.59114210,0.57201170,0.01913039,1.03344406,1.03344406,3515.00000000,10476.00000000,0.53940256,0.53741886,0.00198370,1.00369116,1.00369116,1.00276126
d1,bull,10,rsi_cross50_up,846,14471,0.72576832,0.71522355,0.01054477,1.01474332,1.01474332,232.00000000,3524.00000000,0.75000000,0.73297389,0.01702611,1.02322880,1.02322880,165.00000000,2561.00000000,0.68484848,0.68293635,0.00191213,1.00279987,1.00279987,1.00262995
d1,bear,20,macd_falling,7628,7689,0.77857892,0.78189622,-0.00331730,0.99575737,0.99575737,1887.00000000,1869.00000000,0.75781664,0.76939540,-0.01157876,0.98495083,0.98495083,1330.00000000,1396.00000000,0.72406015,0.72063037,0.00342978,1.00475941,1.00475941,1.00243168
d1,bear,20,macd_accel_down,7628,7689,0.77857892,0.78189622,-0.00331730,0.99575737,0.99575737,1887.00000000,1869.00000000,0.75781664,0.76939540,-0.01157876,0.98495083,0.98495083,1330.00000000,1396.00000000,0.72406015,0.72063037,0.00342978,1.00475941,1.00475941,1.00243168
d1,bear,10,macd_falling,7628,7689,0.69638175,0.69332813,0.00305362,1.00440429,1.00440429,1887.00000000,1869.00000000,0.66242713,0.68378812,-0.02136099,0.96876081,0.96876081,1330.00000000,1396.00000000,0.62105263,0.61819484,0.00285779,1.00462280,1.00462280,1.00236203
d1,bear,10,macd_accel_down,7628,7689,0.69638175,0.69332813,0.00305362,1.00440429,1.00440429,1887.00000000,1869.00000000,0.66242713,0.68378812,-0.02136099,0.96876081,0.96876081,1330.00000000,1396.00000000,0.62105263,0.61819484,0.00285779,1.00462280,1.00462280,1.00236203
h4,bull,6,adx_cross25_up,1464,77995,0.28073770,0.29267261,-0.01193490,0.95922098,0.95922098,345.00000000,19231.00000000,0.29275362,0.28313660,0.00961702,1.03396601,1.03396601,247.00000000,13744.00000000,0.23076923,0.23035506,0.00041417,1.00179795,1.00179795,1.00176615
d1,bear,3,macd_falling,7628,7689,0.47011012,0.48133697,-0.01122685,0.97667569,0.97667569,1887.00000000,1869.00000000,0.45416004,0.45211343,0.00204661,1.00452677,1.00452677,1330.00000000,1396.00000000,0.41278195,0.41189112,0.00089084,1.00216280,1.00216280,1.00110641
d1,bear,3,macd_accel_down,7628,7689,0.47011012,0.48133697,-0.01122685,0.97667569,0.97667569,1887.00000000,1869.00000000,0.45416004,0.45211343,0.00204661,1.00452677,1.00452677,1330.00000000,1396.00000000,0.41278195,0.41189112,0.00089084,1.00216280,1.00216280,1.00110641
d1,bull,20,rsi_up3,3920,11397,0.79923469,0.79450733,0.00472737,1.00595006,1.00595006,967.00000000,2789.00000000,0.79731127,0.84653998,-0.04922871,0.94184716,0.94184716,727.00000000,1999.00000000,0.77166437,0.77188594,-0.00022157,0.99971295,0.99971295,0.99978949
h4,bear,6,body_expand,23176,56283,0.29465827,0.28646305,0.00819521,1.02860828,1.02860828,5825.00000000,13751.00000000,0.28841202,0.27408916,0.01432286,1.05225621,1.05225621,4190.00000000,9801.00000000,0.23579952,0.23609836,-0.00029883,0.99873428,0.99873428,0.99911300
d1,bull,10,rsi_up3,3920,11397,0.72091837,0.71404756,0.00687081,1.00962234,1.00962234,967.00000000,2789.00000000,0.70113754,0.74542847,-0.04429093,0.94058326,0.94058326,727.00000000,1999.00000000,0.68225585,0.68334167,-0.00108582,0.99841101,0.99841101,0.99883428
d1,bear,3,rsi_down3,3742,11575,0.47006948,0.47758099,-0.00751151,0.98427175,0.98427175,954.00000000,2802.00000000,0.43710692,0.45860100,-0.02149408,0.95313119,0.95313119,673.00000000,2053.00000000,0.41158990,0.41256698,-0.00097708,0.99763171,0.99763171,0.99821535
d1,bull,20,rsi_cross55_up,817,14500,0.78090575,0.79655172,-0.01564597,0.98035787,0.98035787,261.00000000,3495.00000000,0.84674330,0.83290415,0.01383915,1.01661553,1.01661553,161.00000000,2565.00000000,0.77018634,0.77192982,-0.00174349,0.99774139,0.99774139,0.99787450
d1,bull,10,adx_rising,7133,8184,0.71666900,0.71505376,0.00161524,1.00225891,1.00225891,1795.00000000,1961.00000000,0.72256267,0.74451810,-0.02195543,0.97051055,0.97051055,1255.00000000,1471.00000000,0.68127490,0.68456832,-0.00329342,0.99518906,0.99518906,0.99739816
d1,bull,20,macd_bull,7771,7546,0.80066915,0.79061755,0.01005161,1.01271362,1.01271362,1892.00000000,1864.00000000,0.81818182,0.84978541,-0.03160359,0.96280992,0.96280992,1359.00000000,1367.00000000,0.76968359,0.77395757,-0.00427398,0.99447776,0.99447776,0.99722313
h4,bear,6,macd_falling,39626,39833,0.29288851,0.28483920,0.00804930,1.02825912,1.02825912,9755.00000000,9821.00000000,0.28231676,0.27441197,0.00790479,1.02880627,1.02880627,7025.00000000,6966.00000000,0.23530249,0.23672122,-0.00141873,0.99400676,0.99400676,0.99700701
h4,bear,6,macd_accel_down,39626,39833,0.29288851,0.28483920,0.00804930,1.02825912,1.02825912,9755.00000000,9821.00000000,0.28231676,0.27441197,0.00790479,1.02880627,1.02880627,7025.00000000,6966.00000000,0.23530249,0.23672122,-0.00141873,0.99400676,0.99400676,0.99700701
h4,bull,24,bb_upper,17834,61625,0.58113715,0.59263286,-0.01149571,0.98060231,0.98060231,4615.00000000,14961.00000000,0.54127844,0.58772809,-0.04644965,0.92096744,0.92096744,3364.00000000,10627.00000000,0.53626635,0.53843982,-0.00217347,0.99596339,0.99596339,0.99693097
d1,bear,20,macd_bear,7532,7785,0.77588954,0.78445729,-0.00856775,0.98907812,0.98907812,1864.00000000,1892.00000000,0.73068670,0.79598309,-0.06529639,0.91796761,0.91796761,1367.00000000,1359.00000000,0.71909290,0.72553348,-0.00644058,0.99112298,0.99112298,0.99555473
d1,bear,1,bb_lower,3133,12184,0.24257900,0.25533487,-0.01275587,0.95004259,0.95004259,599.00000000,3157.00000000,0.27712855,0.24992081,0.02720774,1.10886543,1.10886543,494.00000000,2232.00000000,0.21052632,0.21191756,-0.00139125,0.99343496,0.99343496,0.99461826
d1,bear,5,rsi_down3,3742,11575,0.58417958,0.58159827,0.00258131,1.00443831,1.00443831,954.00000000,2802.00000000,0.53039832,0.55496074,-0.02456242,0.95574026,0.95574026,673.00000000,2053.00000000,0.49479941,0.49878227,-0.00398286,0.99201482,0.99201482,0.99397434
d1,bear,20,rsi_down3,3742,11575,0.77872795,0.78073434,-0.00200639,0.99743013,0.99743013,954.00000000,2802.00000000,0.74633124,0.76945039,-0.02311916,0.96995368,0.96995368,673.00000000,2053.00000000,0.71768202,0.72381880,-0.00613678,0.99152166,0.99152166,0.99360142
h4,bull,24,bb_bull,41080,38379,0.58795034,0.59230308,-0.00435274,0.99265116,0.99265116,10353.00000000,9223.00000000,0.55867864,0.59709422,-0.03841558,0.93566245,0.93566245,7678.00000000,6313.00000000,0.53399323,0.54268969,-0.00869646,0.98397526,0.98397526,0.99270519
h4,bull,12,rsi_up3,19664,59795,0.44039870,0.44369931,-0.00330061,0.99256116,0.99256116,4877.00000000,14699.00000000,0.44187000,0.41948432,0.02238568,1.05336477,1.05336477,3515.00000000,10476.00000000,0.37837838,0.38220695,-0.00382857,0.98998299,0.98998299,0.99248067
h4,bear,24,di_spread_down3,19779,59680,0.57904849,0.56900134,0.01004715,1.01765751,1.01765751,4956.00000000,14620.00000000,0.54499596,0.53365253,0.01134343,1.02125622,1.02125622,3491.00000000,10500.00000000,0.49126325,0.49628571,-0.00502247,0.98987989,0.98987989,0.99238581
h4,bear,24,di_bear,41436,38023,0.56475046,0.57886016,-0.01410971,0.97562502,0.97562502,10129.00000000,9447.00000000,0.51100800,0.56388271,-0.05287472,0.90623100,0.90623100,7715.00000000,6276.00000000,0.49125081,0.49968133,-0.00843052,0.98312822,0.98312822,0.99236068
d1,bull,20,adx_up3,2418,12899,0.81100083,0.79285216,0.01814867,1.02289036,1.02289036,542.00000000,3214.00000000,0.83210332,0.83416304,-0.00205972,0.99753080,0.99753080,487.00000000,2239.00000000,0.76591376,0.77311300,-0.00719924,0.99068799,0.99068799,0.99233883
d1,bull,20,price200_bull,8725,6592,0.80057307,0.78929005,0.01128302,1.01429515,1.01429515,2249.00000000,1507.00000000,0.82703424,0.84406105,-0.01702681,0.97982751,0.97982751,1943.00000000,783.00000000,0.76582604,0.78671775,-0.02089171,0.97344447,0.97344447,0.99222519
d1,bull,20,ema200_rising,8725,6592,0.80057307,0.78929005,0.01128302,1.01429515,1.01429515,2249.00000000,1507.00000000,0.82703424,0.84406105,-0.01702681,0.97982751,0.97982751,1943.00000000,783.00000000,0.76582604,0.78671775,-0.02089171,0.97344447,0.97344447,0.99222519
d1,bull,20,adx_rising,7133,8184,0.79924296,0.79264418,0.00659877,1.00832501,1.00832501,1795.00000000,1961.00000000,0.83175487,0.83579806,-0.00404319,0.99516248,0.99516248,1255.00000000,1471.00000000,0.76573705,0.77702243,-0.01128538,0.98547612,0.98547612,0.99210989
h4,bear,24,rsi_down3,19314,60145,0.57595527,0.57007233,0.00588294,1.01031964,1.01031964,4776.00000000,14800.00000000,0.54836683,0.53270270,0.01566413,1.02940502,1.02940502,3384.00000000,10607.00000000,0.49083924,0.49637032,-0.00553108,0.98885695,0.98885695,0.99152929
d1,bear,5,rsi_down1,3389,11928,0.58660372,0.58098592,0.00561780,1.00966943,1.00966943,856.00000000,2900.00000000,0.54789720,0.54896552,-0.00106832,0.99805394,0.99805394,608.00000000,2118.00000000,0.49342105,0.49905571,-0.00563466,0.98870936,0.98870936,0.99120545
d1,bull,3,di_spread_up3,4181,11136,0.48720402,0.50278376,-0.01557975,0.96901303,0.96901303,1008.00000000,2748.00000000,0.45238095,0.49563319,-0.04325224,0.91273338,0.91273338,762.00000000,1964.00000000,0.43700787,0.44246436,-0.00545648,0.98766797,0.98766797,0.99108441
d1,bull,1,macd_rising,7675,7642,0.24990228,0.25752421,-0.00762193,0.97040306,0.97040306,1869.00000000,1887.00000000,0.24130551,0.25967144,-0.01836593,0.92927245,0.92927245,1396.00000000,1330.00000000,0.19555874,0.19924812,-0.00368938,0.98148348,0.98148348,0.99087941
d1,bull,1,macd_accel_up,7675,7642,0.24990228,0.25752421,-0.00762193,0.97040306,0.97040306,1869.00000000,1887.00000000,0.24130551,0.25967144,-0.01836593,0.92927245,0.92927245,1396.00000000,1330.00000000,0.19555874,0.19924812,-0.00368938,0.98148348,0.98148348,0.99087941
h4,bear,12,rsi_down1,16665,62794,0.43906391,0.42677644,0.01228746,1.02879133,1.02879133,4264.00000000,15312.00000000,0.41885553,0.40536834,0.01348720,1.03327146,1.03327146,2947.00000000,11044.00000000,0.36274177,0.36698660,-0.00424483,0.98843329,0.98843329,0.99084735
h4,bull,24,adx_up3,13589,65870,0.58701891,0.59067861,-0.00365970,0.99380425,0.99380425,3261.00000000,16315.00000000,0.58785649,0.57456329,0.01329320,1.02313618,1.02313618,2573.00000000,11418.00000000,0.53284104,0.53906113,-0.00622009,0.98846125,0.98846125,0.99056325
d1,bear,20,di_spread_down3,3994,11323,0.78092138,0.78000530,0.00091608,1.00117446,1.00117446,1010.00000000,2746.00000000,0.74950495,0.76875455,-0.01924960,0.97496002,0.97496002,738.00000000,1988.00000000,0.71544715,0.72484909,-0.00940194,0.98702911,0.98702911,0.99050734
d1,bear,10,bb_expand,3389,11928,0.70404249,0.69223675,0.01180574,1.01705448,1.01705448,787.00000000,2969.00000000,0.64675985,0.68002695,-0.03326710,0.95107974,0.95107974,603.00000000,2123.00000000,0.61359867,0.62129063,-0.00769195,0.98761940,0.98761940,0.99033155
d1,bull,10,macd_bull,7771,7546,0.72294428,0.70845481,0.01448947,1.02045221,1.02045221,1892.00000000,1864.00000000,0.70771670,0.76072961,-0.05301291,0.93031307,0.93031307,1359.00000000,1367.00000000,0.67623252,0.68983175,-0.01359922,0.98028617,0.98028617,0.99001604
d1,bear,3,di_strong_bear,4789,10528,0.47629985,0.47549392,0.00080593,1.00169494,1.00169494,986.00000000,2770.00000000,0.42292089,0.46389892,-0.04097802,0.91166605,0.91166605,833.00000000,1893.00000000,0.40816327,0.41415742,-0.00599416,0.98552686,0.98552686,0.98990486
d1,bear,3,bb_expand,3389,11928,0.48627914,0.47275319,0.01352595,1.02861102,1.02861102,787.00000000,2969.00000000,0.45997459,0.45133041,0.00864417,1.01915265,1.01915265,603.00000000,2123.00000000,0.40796020,0.41356571,-0.00560551,0.98644590,0.98644590,0.98941237
d1,bull,10,macd_cross_up,612,14705,0.72058824,0.71560694,0.00498130,1.00696094,1.00696094,164.00000000,3592.00000000,0.70121951,0.73552339,-0.03430387,0.95336127,0.95336127,114.00000000,2612.00000000,0.67543860,0.68338438,-0.00794578,0.98837289,0.98837289,0.98885371
d1,bear,10,macd_cross_down,611,14706,0.67594108,0.69563443,-0.01969335,0.97169008,0.97169008,169.00000000,3587.00000000,0.67455621,0.67298578,0.00157043,1.00233353,1.00233353,111.00000000,2615.00000000,0.61261261,0.61988528,-0.00727266,0.98826772,0.98826772,0.98874007
h4,bull,24,macd_rising,39821,39638,0.59044223,0.58966144,0.00078079,1.00132414,1.00132414,9821.00000000,9755.00000000,0.57692699,0.57662737,0.00029962,1.00051961,1.00051961,6966.00000000,7025.00000000,0.53158197,0.54419929,-0.01261732,0.97681489,0.97681489,0.98822261
h4,bull,24,macd_accel_up,39821,39638,0.59044223,0.58966144,0.00078079,1.00132414,1.00132414,9821.00000000,9755.00000000,0.57692699,0.57662737,0.00029962,1.00051961,1.00051961,6966.00000000,7025.00000000,0.53158197,0.54419929,-0.01261732,0.97681489,0.97681489,0.98822261
d1,bear,10,rsi_down3,3742,11575,0.70149653,0.69269978,0.00879674,1.01269921,1.01269921,954.00000000,2802.00000000,0.63522013,0.68593862,-0.05071849,0.92605973,0.92605973,673.00000000,2053.00000000,0.61218425,0.62201656,-0.00983231,0.98419285,0.98419285,0.98804871
h4,bear,6,price200_bear,37403,42056,0.27527204,0.30093209,-0.02566005,0.91473141,0.91473141,7673.00000000,11903.00000000,0.27303532,0.28177770,-0.00874238,0.96897418,0.96897418,5764.00000000,8227.00000000,0.23317141,0.23799684,-0.00482543,0.97972481,0.97972481,0.98797734
h4,bear,6,ema200_falling,37403,42056,0.27527204,0.30093209,-0.02566005,0.91473141,0.91473141,7673.00000000,11903.00000000,0.27303532,0.28177770,-0.00874238,0.96897418,0.96897418,5764.00000000,8227.00000000,0.23317141,0.23799684,-0.00482543,0.97972481,0.97972481,0.98797734
d1,bull,10,bb_bull,7806,7511,0.72700487,0.70416722,0.02283765,1.03243214,1.03243214,2146.00000000,1610.00000000,0.72273998,0.74906832,-0.02632834,0.96485188,0.96485188,1485.00000000,1241.00000000,0.67474747,0.69298952,-0.01824205,0.97367630,0.97367630,0.98784190
h4,bear,24,rsi_down1,16665,62794,0.57461746,0.57067554,0.00394192,1.00690746,1.00690746,4264.00000000,15312.00000000,0.54737336,0.53350313,0.01387022,1.02599839,1.02599839,2947.00000000,11044.00000000,0.48897184,0.49664976,-0.00767793,0.98454056,0.98454056,0.98775700
h4,bear,6,rsi_cross50_down,4234,75225,0.30491261,0.28794948,0.01696313,1.05891008,1.05891008,1099.00000000,18477.00000000,0.28571429,0.27791308,0.00780120,1.02807066,1.02807066,755.00000000,13236.00000000,0.23311258,0.23617407,-0.00306149,0.98703715,0.98703715,0.98772809
h4,bear,12,rsi_cross50_down,4234,75225,0.45134624,0.42811565,0.02323059,1.05426242,1.05426242,1099.00000000,18477.00000000,0.40400364,0.40856200,-0.00455836,0.98884293,0.98884293,755.00000000,13236.00000000,0.36158940,0.36634935,-0.00475995,0.98700708,0.98700708,0.98769960
d1,bear,3,di_cross_down,725,14592,0.44689655,0.47717928,-0.03028272,0.93653806,0.93653806,193.00000000,3563.00000000,0.47668394,0.45186640,0.02481753,1.05492228,1.05492228,140.00000000,2586.00000000,0.40714286,0.41260634,-0.00546348,0.98675860,0.98675860,0.98743010
h4,bull,12,adx_rising,37723,41736,0.43716035,0.44805444,-0.01089408,0.97568580,0.97568580,9209.00000000,10367.00000000,0.43066565,0.42008296,0.01058270,1.02519192,1.02519192,6596.00000000,7395.00000000,0.37628866,0.38566599,-0.00937733,0.97568536,0.97568536,0.98699937
h4,bear,24,body_expand,23176,56283,0.57637211,0.56949701,0.00687510,1.01207224,1.01207224,5825.00000000,13751.00000000,0.54180258,0.53428842,0.00751416,1.01406386,1.01406386,4190.00000000,9801.00000000,0.48854415,0.49780635,-0.00926219,0.98139398,0.98139398,0.98689305
d1,bull,20,bb_bull,7806,7511,0.80463746,0.78644655,0.01819091,1.02313051,1.02313051,2146.00000000,1610.00000000,0.83131407,0.83726708,-0.00595301,0.99288995,0.99288995,1485.00000000,1241.00000000,0.76161616,0.78404512,-0.02242896,0.97139327,0.97139327,0.98677075
h4,bull,12,macd_rising,39821,39638,0.44667387,0.43907362,0.00760025,1.01730974,1.01730974,9821.00000000,9755.00000000,0.42908054,0.42101486,0.00806568,1.01915770,1.01915770,6966.00000000,7025.00000000,0.37611255,0.38633452,-0.01022197,0.97354113,0.97354113,0.98653743
h4,bull,12,macd_accel_up,39821,39638,0.44667387,0.43907362,0.00760025,1.01730974,1.01730974,9821.00000000,9755.00000000,0.42908054,0.42101486,0.00806568,1.01915770,1.01915770,6966.00000000,7025.00000000,0.37611255,0.38633452,-0.01022197,0.97354113,0.97354113,0.98653743
h4,bear,12,body_expand,23176,56283,0.43536417,0.42687845,0.00848572,1.01987853,1.01987853,5825.00000000,13751.00000000,0.41819742,0.40411606,0.01408136,1.03484484,1.03484484,4190.00000000,9801.00000000,0.36109785,0.36822773,-0.00712988,0.98063731,0.98063731,0.98635690
d1,bear,20,adx_rising,7133,8184,0.78270013,0.77810362,0.00459651,1.00590732,1.00590732,1795.00000000,1961.00000000,0.75431755,0.77205507,-0.01773753,0.97702557,0.97702557,1255.00000000,1471.00000000,0.71235060,0.73079538,-0.01844478,0.97476068,0.97476068,0.98622028
h4,bear,12,macd_falling,39626,39833,0.43052541,0.42818768,0.00233773,1.00545959,1.00545959,9755.00000000,9821.00000000,0.40994362,0.40667956,0.00326405,1.00802611,1.00802611,7025.00000000,6966.00000000,0.36085409,0.37137525,-0.01052116,0.97166974,0.97166974,0.98569106
h4,bear,12,macd_accel_down,39626,39833,0.43052541,0.42818768,0.00233773,1.00545959,1.00545959,9755.00000000,9821.00000000,0.40994362,0.40667956,0.00326405,1.00802611,1.00802611,7025.00000000,6966.00000000,0.36085409,0.37137525,-0.01052116,0.97166974,0.97166974,0.98569106
h4,bear,24,di_strong_bear,30076,49383,0.56187658,0.57736468,-0.01548810,0.97317449,0.97317449,7285.00000000,12291.00000000,0.51036376,0.55202994,-0.04166618,0.92452188,0.92452188,5789.00000000,8202.00000000,0.48747625,0.50036576,-0.01288952,0.97423981,0.97423981,0.98473581
d1,bear,20,body_bear,2085,13232,0.77649880,0.78083434,-0.00433554,0.99444755,0.99444755,488.00000000,3268.00000000,0.76639344,0.76315789,0.00323555,1.00423968,1.00423968,353.00000000,2373.00000000,0.71104816,0.72397809,-0.01292993,0.98214044,0.98214044,0.98441711
d1,bear,1,di_bear,6955,8362,0.25017973,0.25484334,-0.00466361,0.98170008,0.98170008,1540.00000000,2216.00000000,0.26038961,0.25000000,0.01038961,1.04155844,1.04155844,1248.00000000,1478.00000000,0.20833333,0.21447903,-0.00614569,0.97134595,0.97134595,0.98425765
h4,bull,1,body_bull,12279,67180,0.05537910,0.04883894,0.00654016,1.13391286,1.13391286,2993.00000000,16583.00000000,0.05045105,0.05240306,-0.00195201,0.96275006,0.96275006,2237.00000000,11754.00000000,0.03129191,0.03190403,-0.00061212,0.98081359,0.98081359,0.98383168
h4,bear,24,macd_falling,39626,39833,0.57250290,0.57050687,0.00199604,1.00349871,1.00349871,9755.00000000,9821.00000000,0.53757048,0.53548518,0.00208529,1.00389421,1.00389421,7025.00000000,6966.00000000,0.48697509,0.50315820,-0.01618311,0.96783694,0.96783694,0.98372343
h4,bear,24,macd_accel_down,39626,39833,0.57250290,0.57050687,0.00199604,1.00349871,1.00349871,9755.00000000,9821.00000000,0.53757048,0.53548518,0.00208529,1.00389421,1.00389421,7025.00000000,6966.00000000,0.48697509,0.50315820,-0.01618311,0.96783694,0.96783694,0.98372343
h4,bear,12,price20_cross_down,4899,74560,0.44008981,0.42864807,0.01144175,1.02669263,1.02669263,1277.00000000,18299.00000000,0.40407204,0.40860156,-0.00452952,0.98891458,0.98891458,861.00000000,13130.00000000,0.36004646,0.36648896,-0.00644250,0.98242103,0.98242103,0.98348496
h4,bull,12,breakout20_up,5109,74350,0.44842435,0.44250168,0.00592267,1.01338451,1.01338451,1251.00000000,18325.00000000,0.41247002,0.42592087,-0.01345085,0.96841937,0.96841937,963.00000000,13028.00000000,0.37487020,0.38171630,-0.00684611,0.98206494,0.98206494,0.98327876
d1,bull,1,rsi_cross50_up,846,14471,0.26241135,0.25319605,0.00921530,1.03639591,1.03639591,232.00000000,3524.00000000,0.27155172,0.24914869,0.02240303,1.08991831,1.08991831,165.00000000,2561.00000000,0.19393939,0.19757907,-0.00363968,0.98157863,0.98157863,0.98267433
d1,bear,20,bb_expand,3389,11928,0.78754795,0.77816901,0.00937894,1.01205257,1.01205257,787.00000000,2969.00000000,0.76111817,0.76423038,-0.00311221,0.99592765,0.99592765,603.00000000,2123.00000000,0.70978441,0.72585963,-0.01607522,0.97785354,0.97785354,0.98266750
h4,bull,12,adx25,34632,44827,0.44294294,0.44283579,0.00010715,1.00024197,1.00024197,7832.00000000,11744.00000000,0.42045455,0.42813351,-0.00767897,0.98206408,0.98206408,6156.00000000,7835.00000000,0.37459389,0.38647096,-0.01187707,0.96926788,0.96926788,0.98255402
d1,bull,5,rsi_up3,3920,11397,0.60357143,0.61077477,-0.00720334,0.98820623,0.98820623,967.00000000,2789.00000000,0.56980352,0.61312298,-0.04331947,0.92934620,0.92934620,727.00000000,1999.00000000,0.55570839,0.56928464,-0.01357625,0.97615209,0.97615209,0.98240018
h4,bull,24,price20_bull,41315,38144,0.59089919,0.58913591,0.00176328,1.00299300,1.00299300,10406.00000000,9170.00000000,0.55362291,0.60305344,-0.04943053,0.91803293,0.91803293,7758.00000000,6233.00000000,0.52835782,0.54981550,-0.02145767,0.96097296,0.96097296,0.98222885
h4,bull,24,ema20_rising,41315,38144,0.59089919,0.58913591,0.00176328,1.00299300,1.00299300,10406.00000000,9170.00000000,0.55362291,0.60305344,-0.04943053,0.91803293,0.91803293,7758.00000000,6233.00000000,0.52835782,0.54981550,-0.02145767,0.96097296,0.96097296,0.98222885
h4,bull,24,adx_rising,37723,41736,0.58839435,0.59155166,-0.00315731,0.99466266,0.99466266,9209.00000000,10367.00000000,0.57943316,0.57441883,0.00501433,1.00872940,1.00872940,6596.00000000,7395.00000000,0.52835052,0.54645030,-0.01809979,0.96687752,0.96687752,0.98221526
d1,bull,5,bb_bull,7806,7511,0.62016398,0.59725736,0.02290662,1.03835302,1.03835302,2146.00000000,1610.00000000,0.58760485,0.62111801,-0.03351317,0.94604380,0.94604380,1485.00000000,1241.00000000,0.55555556,0.57775987,-0.02220432,0.96156826,0.96156826,0.98212999
h4,bear,24,rsi_cross50_down,4234,75225,0.58006613,0.57102027,0.00904586,1.01584157,1.01584157,1099.00000000,18477.00000000,0.54595086,0.53596363,0.00998723,1.01863416,1.01863416,755.00000000,13236.00000000,0.48609272,0.49554246,-0.00944974,0.98093050,0.98093050,0.98194097
h4,bear,12,body_bear,11452,68007,0.43337408,0.42867646,0.00469762,1.01095844,1.01095844,2743.00000000,16833.00000000,0.41122858,0.40782986,0.00339872,1.00833368,1.00833368,1987.00000000,12004.00000000,0.35933568,0.36721093,-0.00787525,0.97855389,0.97855389,0.98154345
d1,bull,20,rsi_cross50_up,846,14471,0.80023641,0.79545297,0.00478343,1.00601347,1.00601347,232.00000000,3524.00000000,0.82758621,0.83427923,-0.00669302,0.99197748,0.99197748,165.00000000,2561.00000000,0.75757576,0.77274502,-0.01516926,0.98036964,0.98036964,0.98153589
h4,bull,12,rsi_cross55_up,4036,75423,0.44598612,0.44271641,0.00326971,1.00738557,1.00738557,1058.00000000,18518.00000000,0.41587902,0.42558592,-0.00970690,0.97719168,0.97719168,759.00000000,13232.00000000,0.37417655,0.38165054,-0.00747400,0.98041665,0.98041665,0.98145933
d1,bear,10,adx_up3,2418,12899,0.71546733,0.69098380,0.02448353,1.03543286,1.03543286,542.00000000,3214.00000000,0.63837638,0.67890479,-0.04052841,0.94030325,0.94030325,487.00000000,2239.00000000,0.60780287,0.62215275,-0.01434987,0.97693513,0.97693513,0.98097729
h4,bull,6,bb_upper,17834,61625,0.28810138,0.29371197,-0.00561059,0.98089765,0.98089765,4615.00000000,14961.00000000,0.26543879,0.28881759,-0.02337881,0.91905339,0.91905339,3364.00000000,10627.00000000,0.22592152,0.23176814,-0.00584662,0.97477386,0.97477386,0.98072231
d1,bear,5,rsi_cross50_down,843,14474,0.55041518,0.58408180,-0.03366662,0.94235976,0.94235976,230.00000000,3526.00000000,0.56521739,0.54764606,0.01757133,1.03208520,1.03208520,168.00000000,2558.00000000,0.48809524,0.49843628,-0.01034104,0.97925303,0.97925303,0.98050672
d1,bear,10,di_cross_down,725,14592,0.67172414,0.69599781,-0.02427367,0.96512393,0.96512393,193.00000000,3563.00000000,0.64766839,0.67443166,-0.02676326,0.96031731,0.96031731,140.00000000,2586.00000000,0.60714286,0.62026295,-0.01312010,0.97884752,0.97884752,0.97991204
d1,bear,10,rsi_down1,3389,11928,0.69814104,0.69391348,0.00422756,1.00609235,1.00609235,856.00000000,2900.00000000,0.66121495,0.67655172,-0.01533677,0.97733097,0.97733097,608.00000000,2118.00000000,0.60690789,0.62322946,-0.01632157,0.97381130,0.97381130,0.97953281
d1,bull,20,trend_bull,6631,8686,0.79701403,0.79472715,0.00228688,1.00287756,1.00287756,1747.00000000,2009.00000000,0.83571837,0.83225485,0.00346352,1.00416161,1.00416161,1459.00000000,1267.00000000,0.75599726,0.79005525,-0.03405799,0.95689163,0.95689163,0.97949074
d1,bear,1,bb_bear,7283,8034,0.24495400,0.25977097,-0.01481697,0.94296141,0.94296141,1610.00000000,2146.00000000,0.24347826,0.26234856,-0.01887029,0.92807167,0.92807167,1241.00000000,1485.00000000,0.20709106,0.21548822,-0.00839716,0.96103193,0.96103193,0.97838859
h4,bull,6,price20_cross_up,4894,74565,0.29403351,0.29234896,0.00168455,1.00576213,1.00576213,1281.00000000,18295.00000000,0.27088212,0.28417600,-0.01329388,0.95321955,0.95321955,861.00000000,13130.00000000,0.22531940,0.23069307,-0.00537367,0.97670639,0.97670639,0.97810849
h4,bull,24,rsi_cross55_up,4036,75423,0.57581764,0.59081447,-0.01499683,0.97461668,0.97461668,1058.00000000,18518.00000000,0.58128544,0.57652014,0.00476530,1.00826563,1.00826563,759.00000000,13232.00000000,0.52569170,0.53861850,-0.01292680,0.97600008,0.97600008,0.97727246
d1,bull,5,macd_cross_up,612,14705,0.57679739,0.61026862,-0.03347123,0.94515328,0.94515328,164.00000000,3592.00000000,0.60365854,0.60189310,0.00176544,1.00293315,1.00293315,114.00000000,2612.00000000,0.55263158,0.56623277,-0.01360119,0.97597950,0.97597950,0.97696088
h4,bull,24,ema20_slope_up3,41324,38135,0.58965734,0.59048119,-0.00082384,0.99860479,0.99860479,10400.00000000,9176.00000000,0.55346154,0.60320401,-0.04974247,0.91753624,0.91753624,7789.00000000,6202.00000000,0.52509950,0.55401483,-0.02891533,0.94780765,0.94780765,0.97617155
d1,bear,5,bb_expand,3389,11928,0.58660372,0.58098592,0.00561780,1.00966943,1.00966943,787.00000000,2969.00000000,0.53240152,0.55304816,-0.02064664,0.96266756,0.96266756,603.00000000,2123.00000000,0.48590381,0.50117758,-0.01527376,0.96952425,0.96952425,0.97610449
h4,bear,24,price20_cross_down,4899,74560,0.57828128,0.57105687,0.00722441,1.01265096,1.01265096,1277.00000000,18299.00000000,0.53406421,0.53669599,-0.00263178,0.99509633,0.99509633,861.00000000,13130.00000000,0.48315912,0.49581112,-0.01265200,0.97448221,0.97448221,0.97601490
d1,bull,1,rsi_cross55_up,817,14500,0.25458996,0.25365517,0.00093479,1.00368528,1.00368528,261.00000000,3495.00000000,0.26819923,0.24921316,0.01898607,1.07618407,1.07618407,161.00000000,2565.00000000,0.19254658,0.19766082,-0.00511423,0.97412621,0.97412621,0.97561708
h4,bull,12,bb_expand,18448,61011,0.43896357,0.44406746,-0.00510389,0.98850650,0.98850650,4476.00000000,15100.00000000,0.42761394,0.42430464,0.00330931,1.00779936,1.00779936,3307.00000000,10684.00000000,0.37193831,0.38412580,-0.01218748,0.96827216,0.96827216,0.97558848
h4,bull,1,body_expand,23176,56283,0.05337418,0.04839827,0.00497591,1.10281167,1.10281167,5825.00000000,13751.00000000,0.05613734,0.05039633,0.00574100,1.11391710,1.11391710,4190.00000000,9801.00000000,0.03102625,0.03213958,-0.00111332,0.96535970,0.96535970,0.97547934
h4,bull,24,adx25,34632,44827,0.58858859,0.59118388,-0.00259530,0.99561000,0.99561000,7832.00000000,11744.00000000,0.56933095,0.58174387,-0.01241292,0.97866257,0.97866257,6156.00000000,7835.00000000,0.52452891,0.54843650,-0.02390759,0.95640774,0.95640774,0.97511082
h4,bull,3,rsi_up3,19664,59795,0.15419040,0.16262229,-0.00843189,0.94815044,0.94815044,4877.00000000,14699.00000000,0.17428747,0.16109939,0.01318808,1.08186298,1.08186298,3515.00000000,10476.00000000,0.11749644,0.12151585,-0.00401940,0.96692282,0.96692282,0.97502535
d1,bull,20,price20_bull,7968,7349,0.80296185,0.78786229,0.01509955,1.01916522,1.01916522,2218.00000000,1538.00000000,0.83002705,0.83940182,-0.00937477,0.98883161,0.98883161,1541.00000000,1185.00000000,0.75210902,0.79746835,-0.04535933,0.94312083,0.94312083,0.97445304
d1,bull,20,ema20_rising,7968,7349,0.80296185,0.78786229,0.01509955,1.01916522,1.01916522,2218.00000000,1538.00000000,0.83002705,0.83940182,-0.00937477,0.98883161,0.98883161,1541.00000000,1185.00000000,0.75210902,0.79746835,-0.04535933,0.94312083,0.94312083,0.97445304
d1,bull,1,body_expand,4489,10828,0.25350858,0.25378648,-0.00027790,0.99890497,0.99890497,1148.00000000,2608.00000000,0.25696864,0.24769939,0.00926925,1.03742139,1.03742139,780.00000000,1946.00000000,0.19230769,0.19938335,-0.00707566,0.96451229,0.96451229,0.97440663
h4,bull,24,di_bull,37867,41592,0.59970423,0.58126563,0.01843860,1.03172147,1.03172147,9447.00000000,10129.00000000,0.56028369,0.59216112,-0.03187743,0.94616764,0.94616764,6276.00000000,7715.00000000,0.52374124,0.54944913,-0.02570789,0.95321152,0.95321152,0.97364651
d1,bull,10,price20_cross_up,1019,14298,0.73012758,0.71478528,0.01534229,1.02146420,1.02146420,268.00000000,3488.00000000,0.75373134,0.73251147,0.02121988,1.02896866,1.02896866,182.00000000,2544.00000000,0.66483516,0.68435535,-0.01952018,0.97147654,0.97147654,0.97333011
h4,bear,24,price20_bear,38132,41327,0.56168048,0.58056476,-0.01888429,0.96747256,0.96747256,9170.00000000,10406.00000000,0.52257361,0.54881799,-0.02624438,0.95218018,0.95218018,6233.00000000,7758.00000000,0.48114872,0.50618716,-0.02503844,0.95053522,0.95053522,0.97195377
h4,bear,24,ema20_falling,38132,41327,0.56168048,0.58056476,-0.01888429,0.96747256,0.96747256,9170.00000000,10406.00000000,0.52257361,0.54881799,-0.02624438,0.95218018,0.95218018,6233.00000000,7758.00000000,0.48114872,0.50618716,-0.02503844,0.95053522,0.95053522,0.97195377
d1,bull,3,rsi_cross55_up,817,14500,0.48837209,0.49910345,-0.01073136,0.97849874,0.97849874,261.00000000,3495.00000000,0.49042146,0.48354793,0.00687353,1.01421479,1.01421479,161.00000000,2565.00000000,0.42857143,0.44171540,-0.01314397,0.97024335,0.97024335,0.97195151
d1,bull,10,price20_bull,7968,7349,0.72515060,0.70567424,0.01947636,1.02759965,1.02759965,2218.00000000,1538.00000000,0.72272317,0.75032510,-0.02760192,0.96321338,0.96321338,1541.00000000,1185.00000000,0.66385464,0.70801688,-0.04416224,0.93762544,0.93762544,0.97189460
d1,bull,10,ema20_rising,7968,7349,0.72515060,0.70567424,0.01947636,1.02759965,1.02759965,2218.00000000,1538.00000000,0.72272317,0.75032510,-0.02760192,0.96321338,0.96321338,1541.00000000,1185.00000000,0.66385464,0.70801688,-0.04416224,0.93762544,0.93762544,0.97189460
h4,bull,24,price200_bull,42044,37415,0.59337837,0.58631565,0.00706272,1.01204593,1.01204593,11903.00000000,7673.00000000,0.57195665,0.58425648,-0.01229983,0.97894789,0.97894789,8227.00000000,5764.00000000,0.52266926,0.55968078,-0.03701152,0.93387031,0.93387031,0.97165368
h4,bull,24,ema200_rising,42044,37415,0.59337837,0.58631565,0.00706272,1.01204593,1.01204593,11903.00000000,7673.00000000,0.57195665,0.58425648,-0.01229983,0.97894789,0.97894789,8227.00000000,5764.00000000,0.52266926,0.55968078,-0.03701152,0.93387031,0.93387031,0.97165368
d1,bull,5,rsi_up1,3363,11954,0.58846268,0.61468964,-0.02622696,0.95733300,0.95733300,847.00000000,2909.00000000,0.59504132,0.60398762,-0.00894630,0.98518794,0.98518794,626.00000000,2100.00000000,0.54952077,0.57047619,-0.02095542,0.96326679,0.96326679,0.97146149
h4,bear,3,rsi_cross45_down,3967,75492,0.17141417,0.16494463,0.00646954,1.03922248,1.03922248,1035.00000000,18541.00000000,0.18743961,0.17091850,0.01652111,1.09666074,1.09666074,636.00000000,13355.00000000,0.13050314,0.13463122,-0.00412808,0.96933787,0.96933787,0.97069085
h4,bull,1,macd_rising,39821,39638,0.04917004,0.05053232,-0.00136228,0.97304138,0.97304138,9821.00000000,9755.00000000,0.05355870,0.05064070,0.00291800,1.05762171,1.05762171,6966.00000000,7025.00000000,0.03086420,0.03274021,-0.00187602,0.94269995,0.94269995,0.97038424
h4,bull,1,macd_accel_up,39821,39638,0.04917004,0.05053232,-0.00136228,0.97304138,0.97304138,9821.00000000,9755.00000000,0.05355870,0.05064070,0.00291800,1.05762171,1.05762171,6966.00000000,7025.00000000,0.03086420,0.03274021,-0.00187602,0.94269995,0.94269995,0.97038424
h4,bear,6,price20_cross_down,4899,74560,0.29720351,0.28830472,0.00889879,1.03086592,1.03086592,1277.00000000,18299.00000000,0.28817541,0.27766545,0.01050996,1.03785118,1.03785118,861.00000000,13130.00000000,0.22880372,0.23648134,-0.00767762,0.96753391,0.96753391,0.96947087
d1,bull,20,momentum_bull,5271,10046,0.79927907,0.79384830,0.00543078,1.00684108,1.00684108,1533.00000000,2223.00000000,0.83365949,0.83400810,-0.00034861,0.99958201,0.99958201,1091.00000000,1635.00000000,0.74793767,0.78776758,-0.03982991,0.94943951,0.94943951,0.96904852
h4,bear,24,bb_bear,38151,41308,0.56189877,0.58037184,-0.01847307,0.96817029,0.96817029,9223.00000000,10353.00000000,0.53041310,0.54196851,-0.01155541,0.97867881,0.97867881,6313.00000000,7678.00000000,0.47964518,0.50768429,-0.02803912,0.94477057,0.94477057,0.96891650
d1,bull,20,di_strong_bull,5925,9392,0.79172996,0.79823254,-0.00650258,0.99185378,0.99185378,1571.00000000,2185.00000000,0.82877148,0.83752860,-0.00875712,0.98954409,0.98954409,1065.00000000,1661.00000000,0.74741784,0.78747742,-0.04005958,0.94912923,0.94912923,0.96837502
d1,bull,20,ema20_slope_up3,7949,7368,0.80374890,0.78705212,0.01669678,1.02121433,1.02121433,2225.00000000,1531.00000000,0.83325843,0.83474853,-0.00149010,0.99821491,0.99821491,1544.00000000,1182.00000000,0.74740933,0.80372250,-0.05631318,0.92993455,0.92993455,0.96836398
h4,bull,24,di_cross_up,3503,75956,0.58521267,0.59027595,-0.00506327,0.99142219,0.99142219,896.00000000,18680.00000000,0.58705357,0.57628480,0.01076877,1.01868655,1.01868655,601.00000000,13390.00000000,0.52079867,0.53868559,-0.01788692,0.96679526,0.96679526,0.96817621
d1,bull,20,price20_cross_up,1019,14298,0.79882237,0.79549587,0.00332650,1.00418167,1.00418167,268.00000000,3488.00000000,0.82462687,0.83457569,-0.00994882,0.98807918,0.98807918,182.00000000,2544.00000000,0.74725275,0.77358491,-0.02633216,0.96596087,0.96596087,0.96816112
h4,bear,24,ema20_slope_down3,38099,41360,0.56145831,0.58075435,-0.01929605,0.96677417,0.96677417,9176.00000000,10400.00000000,0.52016129,0.55096154,-0.03080025,0.94409728,0.94409728,6202.00000000,7789.00000000,0.47920026,0.50763898,-0.02843872,0.94397845,0.94397845,0.96801773
d1,bull,20,di_bull,8206,7111,0.79112844,0.80101252,-0.00988407,0.98766053,0.98766053,2216.00000000,1540.00000000,0.82716606,0.84350649,-0.01634043,0.98062798,0.98062798,1478.00000000,1248.00000000,0.74695535,0.80128205,-0.05432671,0.93220027,0.93220027,0.96777579
h4,bear,12,adx25,34632,44827,0.43104643,0.42804560,0.00300083,1.00701055,1.00701055,7832.00000000,11744.00000000,0.40870787,0.40803815,0.00066972,1.00164131,1.00164131,6156.00000000,7835.00000000,0.35412606,0.37549458,-0.02136852,0.94309233,0.94309233,0.96731309
d1,bull,10,ema20_slope_up3,7949,7368,0.72424204,0.70670467,0.01753737,1.02481570,1.02481570,2225.00000000,1531.00000000,0.72269663,0.75048988,-0.02779325,0.96296653,0.96296653,1544.00000000,1182.00000000,0.66062176,0.71235195,-0.05173018,0.92738114,0.92738114,0.96716161
h4,bull,12,bb_upper,17834,61625,0.43344174,0.44561460,-0.01217286,0.97268298,0.97268298,4615.00000000,14961.00000000,0.39588299,0.43406189,-0.03817890,0.91204272,0.91204272,3364.00000000,10627.00000000,0.36860880,0.38524513,-0.01663633,0.95681625,0.95681625,0.96685521
d1,bear,20,adx_up3,2418,12899,0.79569892,0.77734708,0.01835184,1.02360830,1.02360830,542.00000000,3214.00000000,0.75461255,0.76509023,-0.01047768,0.98630530,0.98630530,487.00000000,2239.00000000,0.69815195,0.72755695,-0.02940499,0.95958393,0.95958393,0.96656283
h4,bull,3,di_cross_up,3503,75956,0.16129032,0.16050082,0.00078951,1.00491902,1.00491902,896.00000000,18680.00000000,0.15959821,0.16461456,-0.00501635,0.96952671,0.96952671,601.00000000,13390.00000000,0.11647255,0.12068708,-0.00421453,0.96507883,0.96507883,0.96652870
d1,bull,5,rsi_cross55_up,817,14500,0.59730722,0.60958621,-0.01227899,0.97985685,0.97985685,261.00000000,3495.00000000,0.59386973,0.60257511,-0.00870538,0.98555304,0.98555304,161.00000000,2565.00000000,0.54658385,0.56686160,-0.02027775,0.96422805,0.96422805,0.96626951
h4,bear,24,body_bear,11452,68007,0.57203982,0.57141177,0.00062805,1.00109912,1.00109912,2743.00000000,16833.00000000,0.53554502,0.53668389,-0.00113887,0.99787795,0.99787795,1987.00000000,12004.00000000,0.47810770,0.49783406,-0.01972636,0.96037564,0.96037564,0.96581069
h4,bull,24,bb_expand,18448,61011,0.58201431,0.59248332,-0.01046901,0.98233028,0.98233028,4476.00000000,15100.00000000,0.57797140,0.57642384,0.00154756,1.00268476,1.00268476,3307.00000000,10684.00000000,0.51950408,0.54361662,-0.02411254,0.95564422,0.95564422,0.96576955
d1,bear,5,adx_up3,2418,12899,0.60835401,0.57733158,0.03102244,1.05373417,1.05373417,542.00000000,3214.00000000,0.51845018,0.55382701,-0.03537682,0.93612297,0.93612297,487.00000000,2239.00000000,0.48049281,0.50156320,-0.02107038,0.95799057,0.95799057,0.96523464
h4,bull,24,momentum_bull,27660,51799,0.58911786,0.59055194,-0.00143408,0.99757163,0.99757163,7189.00000000,12387.00000000,0.54583391,0.59473642,-0.04890250,0.91777449,0.91777449,5271.00000000,8720.00000000,0.51906659,0.54931193,-0.03024534,0.94493960,0.94493960,0.96495624
d1,bull,5,price20_bull,7968,7349,0.61797189,0.59912913,0.01884275,1.03145024,1.03145024,2218.00000000,1538.00000000,0.58476105,0.62678804,-0.04202699,0.93294864,0.93294864,1541.00000000,1185.00000000,0.54574951,0.59156118,-0.04581167,0.92255802,0.92255802,0.96479454
d1,bull,5,ema20_rising,7968,7349,0.61797189,0.59912913,0.01884275,1.03145024,1.03145024,2218.00000000,1538.00000000,0.58476105,0.62678804,-0.04202699,0.93294864,0.93294864,1541.00000000,1185.00000000,0.54574951,0.59156118,-0.04581167,0.92255802,0.92255802,0.96479454
d1,bull,1,di_spread_up3,4181,11136,0.24970103,0.25520833,-0.00550730,0.97842036,0.97842036,1008.00000000,2748.00000000,0.25496032,0.24890830,0.00605202,1.02431426,1.02431426,762.00000000,1964.00000000,0.19028871,0.20010183,-0.00981312,0.95095937,0.95095937,0.96417664
h4,bull,12,bb_bull,41080,38379,0.44242941,0.44336747,-0.00093806,0.99788424,0.99788424,10353.00000000,9223.00000000,0.40992949,0.44204706,-0.03211757,0.92734356,0.92734356,7678.00000000,6313.00000000,0.36754363,0.39790908,-0.03036545,0.92368748,0.92368748,0.96406129
h4,bull,3,bb_upper,17834,61625,0.15694740,0.16157404,-0.00462663,0.97136525,0.97136525,4615.00000000,14961.00000000,0.15341278,0.16776953,-0.01435675,0.91442576,0.91442576,3364.00000000,10627.00000000,0.11593341,0.12195351,-0.00602010,0.95063609,0.95063609,0.96205479
d1,bear,3,body_bear,2085,13232,0.47290168,0.47619407,-0.00329240,0.99308602,0.99308602,488.00000000,3268.00000000,0.45081967,0.45348837,-0.00266870,0.99411517,0.99411517,353.00000000,2373.00000000,0.39660057,0.41466498,-0.01806441,0.95643612,0.95643612,0.96186223
d1,bull,5,price20_cross_up,1019,14298,0.60942100,0.60889635,0.00052465,1.00086164,1.00086164,268.00000000,3488.00000000,0.61194030,0.60120413,0.01073617,1.01785778,1.01785778,182.00000000,2544.00000000,0.54395604,0.56721698,-0.02326094,0.95899111,0.95899111,0.96162398
d1,bull,5,macd_bull,7771,7546,0.61227641,0.60548635,0.00679006,1.01121423,1.01121423,1892.00000000,1864.00000000,0.57716702,0.62714592,-0.04997890,0.92030738,0.92030738,1359.00000000,1367.00000000,0.54378219,0.58741770,-0.04363551,0.92571639,0.92571639,0.96131664
d1,bear,3,adx_up3,2418,12899,0.50496278,0.47026901,0.03469377,1.07377430,1.07377430,542.00000000,3214.00000000,0.43357934,0.45644057,-0.02286124,0.94991410,0.94991410,487.00000000,2239.00000000,0.39630390,0.41581063,-0.01950673,0.95308747,0.95308747,0.96114274
d1,bull,3,bb_bull,7806,7511,0.50768640,0.48901611,0.01867029,1.03817928,1.03817928,2146.00000000,1610.00000000,0.47064306,0.50186335,-0.03122030,0.93779124,0.93779124,1485.00000000,1241.00000000,0.42356902,0.46172442,-0.03815539,0.91736328,0.91736328,0.96060662
d1,bull,10,di_bull,8206,7111,0.70972459,0.72282379,-0.01309920,0.98187774,0.98187774,2216.00000000,1540.00000000,0.71525271,0.76103896,-0.04578625,0.93983718,0.93983718,1478.00000000,1248.00000000,0.65561570,0.71554487,-0.05992917,0.91624680,0.91624680,0.95983265
h4,bull,6,rsi_cross50_up,4232,75227,0.29064272,0.29255453,-0.00191181,0.99346511,0.99346511,1102.00000000,18474.00000000,0.28493648,0.28320883,0.00172765,1.00610025,1.00610025,756.00000000,13235.00000000,0.22089947,0.23090291,-0.01000344,0.95667686,0.95667686,0.95892166
h4,bull,12,price200_bull,42044,37415,0.44812577,0.43699051,0.01113526,1.02548170,1.02548170,11903.00000000,7673.00000000,0.42031421,0.43242539,-0.01211118,0.97199244,0.97199244,8227.00000000,5764.00000000,0.36550383,0.40371270,-0.03820887,0.90535628,0.90535628,0.95871092
h4,bull,12,ema200_rising,42044,37415,0.44812577,0.43699051,0.01113526,1.02548170,1.02548170,11903.00000000,7673.00000000,0.42031421,0.43242539,-0.01211118,0.97199244,0.97199244,8227.00000000,5764.00000000,0.36550383,0.40371270,-0.03820887,0.90535628,0.90535628,0.95871092
d1,bull,5,ema20_slope_up3,7949,7368,0.61869418,0.59839848,0.02029570,1.03391669,1.03391669,2225.00000000,1531.00000000,0.58606742,0.62508165,-0.03901423,0.93758539,0.93758539,1544.00000000,1182.00000000,0.54209845,0.59644670,-0.05434825,0.90887995,0.90887995,0.95834005
d1,bull,10,momentum_bull,5271,10046,0.71959780,0.71381644,0.00578135,1.00809922,1.00809922,1533.00000000,2223.00000000,0.71624266,0.74628880,-0.03004614,0.95973926,0.95973926,1091.00000000,1635.00000000,0.65444546,0.70214067,-0.04769521,0.93207172,0.93207172,0.95811940
h4,bull,24,trend_bull,31203,48256,0.59593629,0.58624834,0.00968795,1.01652533,1.01652533,8827.00000000,10749.00000000,0.56395151,0.58731045,-0.02335894,0.96022728,0.96022728,6052.00000000,7939.00000000,0.51503635,0.55535962,-0.04032327,0.92739251,0.92739251,0.95746394
h4,bull,1,rsi_cross50_up,4232,75227,0.05056711,0.04980924,0.00075786,1.01521532,1.01521532,1102.00000000,18474.00000000,0.05626134,0.05185666,0.00440468,1.08493951,1.08493951,756.00000000,13235.00000000,0.03042328,0.03188515,-0.00146187,0.95415193,0.95415193,0.95652161
h4,bear,24,rsi40,16985,62474,0.55725640,0.57537536,-0.01811895,0.96850933,0.96850933,3553.00000000,16023.00000000,0.49057135,0.54671410,-0.05614275,0.89730876,0.89730876,2790.00000000,11201.00000000,0.47311828,0.50049103,-0.02737275,0.94530821,0.94530821,0.95573171
d1,bear,5,di_strong_bear,4789,10528,0.58446440,0.58121201,0.00325239,1.00559588,1.00559588,986.00000000,2770.00000000,0.50000000,0.56606498,-0.06606498,0.88329082,0.88329082,833.00000000,1893.00000000,0.47539016,0.50765980,-0.03226964,0.93643451,0.93643451,0.95498420
d1,bear,1,price20_bear,7335,7982,0.24103613,0.26346780,-0.02243167,0.91485990,0.91485990,1538.00000000,2218.00000000,0.24902471,0.25788999,-0.00886528,0.96562378,0.96562378,1185.00000000,1541.00000000,0.20168776,0.21933809,-0.01765033,0.91952912,0.91952912,0.95286108
d1,bear,1,ema20_falling,7335,7982,0.24103613,0.26346780,-0.02243167,0.91485990,0.91485990,1538.00000000,2218.00000000,0.24902471,0.25788999,-0.00886528,0.96562378,0.96562378,1185.00000000,1541.00000000,0.20168776,0.21933809,-0.01765033,0.91952912,0.91952912,0.95286108
h4,bull,12,price20_bull,41315,38144,0.44557667,0.43996435,0.00561232,1.01275631,1.01275631,10406.00000000,9170.00000000,0.40505478,0.44776445,-0.04270967,0.90461576,0.90461576,7758.00000000,6233.00000000,0.36310905,0.40381839,-0.04070934,0.89918900,0.89918900,0.95242945
h4,bull,12,ema20_rising,41315,38144,0.44557667,0.43996435,0.00561232,1.01275631,1.01275631,10406.00000000,9170.00000000,0.40505478,0.44776445,-0.04270967,0.90461576,0.90461576,7758.00000000,6233.00000000,0.36310905,0.40381839,-0.04070934,0.89918900,0.89918900,0.95242945
d1,bear,3,di_bear,6955,8362,0.47275341,0.47823487,-0.00548146,0.98853815,0.98853815,1540.00000000,2216.00000000,0.43181818,0.46796029,-0.03614211,0.92276672,0.92276672,1248.00000000,1478.00000000,0.39262821,0.42895805,-0.03632985,0.91530676,0.91530676,0.95222819
d1,bear,3,bb_bear,7283,8034,0.47150899,0.47958676,-0.00807776,0.98315683,0.98315683,1610.00000000,2146.00000000,0.42360248,0.47530289,-0.05170040,0.89122640,0.89122640,1241.00000000,1485.00000000,0.39242546,0.42895623,-0.03653077,0.91483801,0.91483801,0.95173649
d1,bull,10,di_strong_bull,5925,9392,0.71459916,0.71656729,-0.00196814,0.99725338,0.99725338,1571.00000000,2185.00000000,0.71228517,0.74965675,-0.03737158,0.95014841,0.95014841,1065.00000000,1661.00000000,0.64976526,0.70439494,-0.05462968,0.92244452,0.92244452,0.95126750
d1,bull,3,price20_bull,7968,7349,0.50602410,0.49040686,0.01561724,1.03184547,1.03184547,2218.00000000,1538.00000000,0.47294860,0.50000000,-0.02705140,0.94589720,0.94589720,1541.00000000,1185.00000000,0.41920831,0.46919831,-0.04999001,0.89345655,0.89345655,0.95071701
d1,bull,3,ema20_rising,7968,7349,0.50602410,0.49040686,0.01561724,1.03184547,1.03184547,2218.00000000,1538.00000000,0.47294860,0.50000000,-0.02705140,0.94589720,0.94589720,1541.00000000,1185.00000000,0.41920831,0.46919831,-0.04999001,0.89345655,0.89345655,0.95071701
h4,bull,12,ema20_slope_up3,41324,38135,0.44407608,0.44158909,0.00248699,1.00563191,1.00563191,10400.00000000,9176.00000000,0.40394231,0.44899738,-0.04505508,0.89965403,0.89965403,7789.00000000,6202.00000000,0.36243420,0.40486940,-0.04243519,0.89518794,0.89518794,0.95065934
d1,bull,3,rsi_cross50_up,846,14471,0.48581560,0.49927441,-0.01345881,0.97304326,0.97304326,232.00000000,3524.00000000,0.49568966,0.48325766,0.01243199,1.02572539,1.02572539,165.00000000,2561.00000000,0.41818182,0.44240531,-0.02422349,0.94524593,0.94524593,0.94838905
d1,bull,10,di_cross_up,724,14593,0.69889503,0.71664497,-0.01774994,0.97523189,0.97523189,196.00000000,3560.00000000,0.71428571,0.73511236,-0.02082665,0.97166876,0.97166876,139.00000000,2587.00000000,0.64748201,0.68496328,-0.03748126,0.94527989,0.94527989,0.94792480
h4,bull,24,rsi60,19363,60096,0.59515571,0.58840855,0.00674716,1.01146680,1.01146680,4831.00000000,14745.00000000,0.53280894,0.59118345,-0.05837451,0.90125821,0.90125821,3639.00000000,10352.00000000,0.50975543,0.54781685,-0.03806142,0.93052163,0.93052163,0.94764658
d1,bear,3,bb_lower,3133,12184,0.46281519,0.47907091,-0.01625572,0.96606824,0.96606824,599.00000000,3157.00000000,0.41903172,0.45961356,-0.04058184,0.91170444,0.91170444,494.00000000,2232.00000000,0.39068826,0.41711470,-0.02642644,0.93664468,0.93664468,0.94752330
d1,bull,3,ema20_slope_up3,7949,7368,0.50660460,0.48982085,0.01678376,1.03426509,1.03426509,2225.00000000,1531.00000000,0.47505618,0.49706074,-0.02200456,0.95573063,0.95573063,1544.00000000,1182.00000000,0.41774611,0.47123519,-0.05348908,0.88649175,0.88649175,0.94740092
d1,bear,5,di_cross_down,725,14592,0.54620690,0.58401864,-0.03781174,0.93525593,0.93525593,193.00000000,3563.00000000,0.54404145,0.54897558,-0.00493413,0.99101211,0.99101211,140.00000000,2586.00000000,0.47142857,0.49922660,-0.02779803,0.94431780,0.94431780,0.94702600
d1,bull,1,rsi_up1,3363,11954,0.24977698,0.25481011,-0.00503312,0.98024756,0.98024756,847.00000000,2909.00000000,0.25501771,0.24922654,0.00579117,1.02323658,1.02323658,626.00000000,2100.00000000,0.18690096,0.20047619,-0.01357523,0.93228507,0.93228507,0.94701118
h4,bull,12,trend_bull,31203,48256,0.44925167,0.43876409,0.01048758,1.02390256,1.02390256,8827.00000000,10749.00000000,0.41157811,0.43613359,-0.02455548,0.94369734,0.94369734,6052.00000000,7939.00000000,0.36103767,0.39664945,-0.03561178,0.91021851,0.91021851,0.94699627
h4,bear,3,rsi_cross50_down,4234,75225,0.17170524,0.16490528,0.00679996,1.04123554,1.04123554,1099.00000000,18477.00000000,0.18380346,0.17107756,0.01272590,1.07438674,1.07438674,755.00000000,13236.00000000,0.12715232,0.13485947,-0.00770716,0.94285046,0.94285046,0.94576719
d1,bull,10,rsi_cross55_up,817,14500,0.70869033,0.71620690,-0.00751657,0.98950504,0.98950504,261.00000000,3495.00000000,0.75478927,0.73247496,0.02231431,1.03046426,1.03046426,161.00000000,2565.00000000,0.64596273,0.68538012,-0.03941738,0.94248829,0.94248829,0.94570054
h4,bear,1,rsi_cross45_down,3967,75492,0.06654903,0.05352885,0.01302018,1.24323666,1.24323666,1035.00000000,18541.00000000,0.08019324,0.05738633,0.02280690,1.39742745,1.39742745,636.00000000,13355.00000000,0.04088050,0.04335455,-0.00247405,0.94293458,0.94293458,0.94538697
h4,bear,12,rsi_cross45_down,3967,75492,0.44466852,0.42854872,0.01611979,1.03761485,1.03761485,1035.00000000,18541.00000000,0.42028986,0.40763713,0.01265273,1.03103919,1.03103919,636.00000000,13355.00000000,0.34591195,0.36705354,-0.02114159,0.94240189,0.94240189,0.94487585
h4,bear,24,adx25,34632,44827,0.57140795,0.57157517,-0.00016722,0.99970744,0.99970744,7832.00000000,11744.00000000,0.52540858,0.54393733,-0.01852875,0.96593587,0.96593587,6156.00000000,7835.00000000,0.46734893,0.51678366,-0.04943474,0.90434153,0.90434153,0.94407722
d1,bull,5,di_strong_bull,5925,9392,0.60270042,0.61286201,-0.01016159,0.98341945,0.98341945,1571.00000000,2185.00000000,0.57161044,0.62379863,-0.05218819,0.91633808,0.91633808,1065.00000000,1661.00000000,0.53333333,0.58639374,-0.05306041,0.90951403,0.90951403,0.94284479
h4,bull,24,di_strong_bull,26918,52541,0.59722119,0.58638016,0.01084103,1.01848806,1.01848806,6583.00000000,12993.00000000,0.55430655,0.58816286,-0.03385631,0.94243718,0.94243718,4249.00000000,9742.00000000,0.50694281,0.55142681,-0.04448400,0.91932927,0.91932927,0.94241787
d1,bull,3,rsi_up3,3920,11397,0.48775510,0.50223743,-0.01448233,0.97116438,0.97116438,967.00000000,2789.00000000,0.45501551,0.49408390,-0.03906839,0.92092762,0.92092762,727.00000000,1999.00000000,0.41540578,0.45022511,-0.03481934,0.92266239,0.92266239,0.94209330
h4,bull,1,di_cross_up,3503,75956,0.05281188,0.04971299,0.00309888,1.06233549,1.06233549,896.00000000,18680.00000000,0.06026786,0.05171306,0.00855480,1.16542813,1.16542813,601.00000000,13390.00000000,0.02995008,0.03188947,-0.00193939,0.93918411,0.93918411,0.94164408
h4,bear,3,price20_cross_down,4899,74560,0.16738110,0.16512876,0.00225234,1.01363992,1.01363992,1277.00000000,18299.00000000,0.17854346,0.17132084,0.00722262,1.04215847,1.04215847,861.00000000,13130.00000000,0.12659698,0.13495811,-0.00836113,0.93804647,0.93804647,0.94163655
d1,bull,20,di_cross_up,724,14593,0.77762431,0.79661482,-0.01899051,0.97616099,0.97616099,196.00000000,3560.00000000,0.79591837,0.83595506,-0.04003669,0.95210665,0.95210665,139.00000000,2587.00000000,0.72661871,0.77425589,-0.04763719,0.93847358,0.93847358,0.94142709
h4,bear,24,momentum_bear,25035,54424,0.55534252,0.57893576,-0.02359324,0.95924722,0.95924722,5838.00000000,13738.00000000,0.51730045,0.54469355,-0.02739311,0.94970914,0.94970914,3961.00000000,10030.00000000,0.46579147,0.50658026,-0.04078879,0.91948207,0.91948207,0.94093104
h4,bear,1,price20_cross_down,4899,74560,0.06531945,0.05344689,0.01187256,1.22213762,1.22213762,1277.00000000,18299.00000000,0.07439311,0.05748948,0.01690363,1.29402994,1.29402994,861.00000000,13130.00000000,0.04065041,0.04341203,-0.00276163,0.93638568,0.93638568,0.94006585
d1,bull,20,breakout20_up,1039,14278,0.79980751,0.79541953,0.00438798,1.00551656,1.00551656,265.00000000,3491.00000000,0.75471698,0.83987396,-0.08515698,0.89860743,0.89860743,204.00000000,2522.00000000,0.72549020,0.77557494,-0.05008474,0.93542243,0.93542243,0.93996496
d1,bear,1,ema20_slope_down3,7332,7985,0.24659029,0.25835942,-0.01176913,0.95444666,0.95444666,1531.00000000,2225.00000000,0.24624428,0.25977528,-0.01353100,0.94791269,0.94791269,1182.00000000,1544.00000000,0.19881557,0.22150259,-0.02268702,0.89757671,0.89757671,0.93929157
d1,bear,1,momentum_bear,4856,10461,0.23228995,0.26221203,-0.02992208,0.88588595,0.88588595,908.00000000,2848.00000000,0.25881057,0.25280899,0.00600158,1.02373960,1.02373960,740.00000000,1986.00000000,0.19864865,0.21651561,-0.01786696,0.91747957,0.91747957,0.93850297
h4,bull,6,bb_bull,41080,38379,0.29157741,0.29338961,-0.00181220,0.99382322,0.99382322,10353.00000000,9223.00000000,0.27025983,0.29795078,-0.02769095,0.90706201,0.90706201,7678.00000000,6313.00000000,0.21607189,0.24774275,-0.03167086,0.87216232,0.87216232,0.93796521
d1,bull,5,di_bull,8206,7111,0.60260785,0.61622838,-0.01362053,0.97789694,0.97789694,2216.00000000,1540.00000000,0.58032491,0.63311688,-0.05279197,0.91661575,0.91661575,1478.00000000,1248.00000000,0.53044655,0.60737179,-0.07692525,0.87334735,0.87334735,0.93774144
h4,bear,3,body_expand,23176,56283,0.16875216,0.16383277,0.00491938,1.03002686,1.03002686,5825.00000000,13751.00000000,0.17991416,0.16835139,0.01156277,1.06868236,1.06868236,4190.00000000,9801.00000000,0.12601432,0.13804714,-0.01203282,0.91283544,0.91283544,0.93730268
h4,bull,6,price200_bull,42044,37415,0.29583294,0.28865428,0.00717865,1.02486938,1.02486938,11903.00000000,7673.00000000,0.27766109,0.29206308,-0.01440198,0.95068879,0.95068879,8227.00000000,5764.00000000,0.21587456,0.25104094,-0.03516638,0.85991773,0.85991773,0.93710858
h4,bull,6,ema200_rising,42044,37415,0.29583294,0.28865428,0.00717865,1.02486938,1.02486938,11903.00000000,7673.00000000,0.27766109,0.29206308,-0.01440198,0.95068879,0.95068879,8227.00000000,5764.00000000,0.21587456,0.25104094,-0.03516638,0.85991773,0.85991773,0.93710858
d1,bull,3,di_strong_bull,5925,9392,0.49215190,0.50255537,-0.01040347,0.97929886,0.97929886,1571.00000000,2185.00000000,0.45703374,0.50343249,-0.04639876,0.90783519,0.90783519,1065.00000000,1661.00000000,0.41314554,0.45875978,-0.04561424,0.90057053,0.90057053,0.93696734
d1,bull,5,momentum_bull,5271,10046,0.61240751,0.60710731,0.00530021,1.00873026,1.00873026,1533.00000000,2223.00000000,0.57208089,0.62258210,-0.05050121,0.91888426,0.91888426,1091.00000000,1635.00000000,0.52978918,0.58960245,-0.05981326,0.89855323,0.89855323,0.93657932
d1,bull,3,macd_bull,7771,7546,0.50070776,0.49628942,0.00441833,1.00890274,1.00890274,1892.00000000,1864.00000000,0.45771670,0.51072961,-0.05301291,0.89620161,0.89620161,1359.00000000,1367.00000000,0.41280353,0.46891002,-0.05610649,0.88034700,0.88034700,0.93619170
d1,bull,3,macd_cross_up,612,14705,0.48529412,0.49908194,-0.01378783,0.97237362,0.97237362,164.00000000,3592.00000000,0.46341463,0.48496659,-0.02155196,0.95555991,0.95555991,114.00000000,2612.00000000,0.41228070,0.44218989,-0.02990919,0.93236121,0.93236121,0.93500598
d1,bear,20,bb_bear,7283,8034,0.76863930,0.79076425,-0.02212495,0.97202080,0.97202080,1610.00000000,2146.00000000,0.74409938,0.77819199,-0.03409261,0.95618998,0.95618998,1241.00000000,1485.00000000,0.67526189,0.76161616,-0.08635428,0.88661706,0.88661706,0.93487247
h4,bull,6,ema20_slope_up3,41324,38135,0.29244507,0.29246099,-0.00001593,0.99994555,0.99994555,10400.00000000,9176.00000000,0.26538462,0.30361813,-0.03823352,0.87407367,0.87407367,7789.00000000,6202.00000000,0.21517525,0.24943567,-0.03426042,0.86264828,0.86264828,0.93407288
h4,bull,6,trend_bull,31203,48256,0.29503573,0.29078249,0.00425324,1.01462688,1.01462688,8827.00000000,10749.00000000,0.27381896,0.29109685,-0.01727788,0.94064559,0.94064559,6052.00000000,7939.00000000,0.21513549,0.24197002,-0.02683453,0.88909978,0.88909978,0.93390030
d1,bear,5,body_bear,2085,13232,0.58800959,0.58131802,0.00669158,1.01151104,1.01151104,488.00000000,3268.00000000,0.55737705,0.54742962,0.00994743,1.01817116,1.01817116,353.00000000,2373.00000000,0.46458924,0.50273915,-0.03814991,0.92411589,0.92411589,0.93328685
d1,bear,20,di_bear,6955,8362,0.76434220,0.79347046,-0.02912826,0.96329005,0.96329005,1540.00000000,2216.00000000,0.74740260,0.77481949,-0.02741690,0.96461512,0.96461512,1248.00000000,1478.00000000,0.67387821,0.76319350,-0.08931530,0.88297162,0.88297162,0.93295682
d1,bull,10,breakout20_up,1039,14278,0.72377286,0.71522622,0.00854664,1.01194956,1.01194956,265.00000000,3491.00000000,0.63018868,0.74190776,-0.11171908,0.84941648,0.84941648,204.00000000,2522.00000000,0.63725490,0.68675654,-0.04950164,0.92791967,0.92791967,0.93295213
h4,bull,6,price20_bull,41315,38144,0.29284763,0.29202496,0.00082268,1.00281714,1.00281714,10406.00000000,9170.00000000,0.26455891,0.30458015,-0.04002124,0.86860193,0.86860193,7758.00000000,6233.00000000,0.21487497,0.24963902,-0.03476405,0.86074272,0.86074272,0.93276937
h4,bull,6,ema20_rising,41315,38144,0.29284763,0.29202496,0.00082268,1.00281714,1.00281714,10406.00000000,9170.00000000,0.26455891,0.30458015,-0.04002124,0.86860193,0.86860193,7758.00000000,6233.00000000,0.21487497,0.24963902,-0.03476405,0.86074272,0.86074272,0.93276937
d1,bear,10,body_bear,2085,13232,0.69784173,0.69437727,0.00346446,1.00498930,1.00498930,488.00000000,3268.00000000,0.67213115,0.67319461,-0.00106347,0.99842027,0.99842027,353.00000000,2373.00000000,0.57790368,0.62579014,-0.04788646,0.92347841,0.92347841,0.93272080
h4,bear,6,rsi_cross45_down,3967,75492,0.30148727,0.28818948,0.01329779,1.04614253,1.04614253,1035.00000000,18541.00000000,0.29468599,0.27743919,0.01724680,1.06216426,1.06216426,636.00000000,13355.00000000,0.22012579,0.23676526,-0.01663947,0.92972166,0.92972166,0.93270136
d1,bear,10,bb_bear,7283,8034,0.69408211,0.69554394,-0.00146183,0.99789829,0.99789829,1610.00000000,2146.00000000,0.64161491,0.69664492,-0.05503001,0.92100708,0.92100708,1241.00000000,1485.00000000,0.57775987,0.65454545,-0.07678558,0.88268869,0.88268869,0.93248870
h4,bull,24,atr_expand,4895,74564,0.59632278,0.58964111,0.00668166,1.01133175,1.01133175,940.00000000,18636.00000000,0.60744681,0.57523074,0.03221607,1.05600548,1.05600548,740.00000000,13251.00000000,0.50135135,0.53995925,-0.03860790,0.92849850,0.92849850,0.93202322
h4,bear,1,trend_bear,26705,52754,0.05291144,0.05482049,-0.00190905,0.96517638,0.96517638,5086.00000000,14490.00000000,0.07589461,0.05251898,0.02337563,1.44508927,1.44508927,3923.00000000,10068.00000000,0.04027530,0.04439809,-0.00412279,0.90714030,0.90714030,0.93139127
h4,bear,12,price200_bear,37403,42056,0.41341604,0.44352768,-0.03011164,0.93210877,0.93210877,7673.00000000,11903.00000000,0.38798384,0.42140637,-0.03342253,0.92068813,0.92068813,5764.00000000,8227.00000000,0.34090909,0.38373648,-0.04282739,0.88839376,0.88839376,0.93121029
h4,bear,12,ema200_falling,37403,42056,0.41341604,0.44352768,-0.03011164,0.93210877,0.93210877,7673.00000000,11903.00000000,0.38798384,0.42140637,-0.03342253,0.92068813,0.92068813,5764.00000000,8227.00000000,0.34090909,0.38373648,-0.04282739,0.88839376,0.88839376,0.93121029
d1,bear,5,di_bear,6955,8362,0.57814522,0.58562545,-0.00748023,0.98722694,0.98722694,1540.00000000,2216.00000000,0.51168831,0.57445848,-0.06277017,0.89073158,0.89073158,1248.00000000,1478.00000000,0.46314103,0.52706360,-0.06392257,0.87871943,0.87871943,0.93037762
h4,bull,6,macd_cross_up,3150,76309,0.28984127,0.29256051,-0.00271924,0.99070537,0.99070537,731.00000000,18845.00000000,0.29822161,0.28272751,0.01549410,1.05480224,1.05480224,496.00000000,13495.00000000,0.21370968,0.23097443,-0.01726476,0.92525252,0.92525252,0.92771086
h4,bull,24,adx_cross25_up,1464,77995,0.59289617,0.58999936,0.00289682,1.00490986,1.00490986,345.00000000,19231.00000000,0.58840580,0.57656908,0.01183672,1.02052957,1.02052957,247.00000000,13744.00000000,0.49797571,0.53863504,-0.04065933,0.92451413,0.92451413,0.92574783
d1,bear,3,breakout20_down,824,14493,0.47451456,0.47581591,-0.00130135,0.99726502,0.99726502,133.00000000,3623.00000000,0.41353383,0.45459564,-0.04106180,0.90967400,0.90967400,131.00000000,2595.00000000,0.38167939,0.41387283,-0.03219344,0.92221417,0.92221417,0.92567439
h4,bear,24,rsi_cross45_down,3967,75492,0.57852281,0.57113337,0.00738945,1.01293822,1.01293822,1035.00000000,18541.00000000,0.54589372,0.53600129,0.00989243,1.01845597,1.01845597,636.00000000,13355.00000000,0.45754717,0.49681767,-0.03927050,0.92095591,0.92095591,0.92427699
d1,bear,20,di_strong_bear,4789,10528,0.77176864,0.78409954,-0.01233091,0.98427380,0.98427380,986.00000000,2770.00000000,0.73732252,0.77292419,-0.03560167,0.95393899,0.95393899,833.00000000,1893.00000000,0.66746699,0.74643423,-0.07896724,0.89420736,0.89420736,0.92408075
d1,bull,3,rsi_up1,3363,11954,0.47338686,0.50560482,-0.03221796,0.93627837,0.93627837,847.00000000,2909.00000000,0.47933884,0.48539017,-0.00605133,0.98753307,0.98753307,626.00000000,2100.00000000,0.40734824,0.45095238,-0.04360414,0.90330656,0.90330656,0.92381973
h4,bull,12,di_bull,37867,41592,0.44991681,0.43647817,0.01343865,1.03078881,1.03078881,9447.00000000,10129.00000000,0.41060654,0.43854280,-0.02793626,0.93629754,0.93629754,6276.00000000,7715.00000000,0.35213512,0.40492547,-0.05279035,0.86962946,0.86962946,0.92364500
d1,bull,20,bb_upper,3521,11796,0.80403295,0.79323499,0.01079795,1.01361255,1.01361255,901.00000000,2855.00000000,0.81798002,0.83887916,-0.02089914,0.97508683,0.97508683,664.00000000,2062.00000000,0.71234940,0.79097963,-0.07863023,0.90059133,0.90059133,0.92293938
d1,bear,5,bb_bear,7283,8034,0.57956886,0.58464028,-0.00507142,0.99132557,0.99132557,1610.00000000,2146.00000000,0.51118012,0.57688723,-0.06570711,0.88610060,0.88610060,1241.00000000,1485.00000000,0.45930701,0.52996633,-0.07065932,0.86667206,0.86667206,0.92267569
d1,bull,1,di_bull,8206,7111,0.24530831,0.26339474,-0.01808643,0.93133337,0.93133337,2216.00000000,1540.00000000,0.23962094,0.26623377,-0.02661283,0.90003962,0.90003962,1478.00000000,1248.00000000,0.18200271,0.21554487,-0.03354217,0.84438430,0.84438430,0.92219215
h4,bull,1,price200_cross_up,1599,77860,0.06504065,0.04953763,0.01550302,1.31295438,1.31295438,430.00000000,19146.00000000,0.04651163,0.05223023,-0.00571860,0.89051163,0.89051163,273.00000000,13718.00000000,0.02930403,0.03185596,-0.00255193,0.91989170,0.91989170,0.92133185
d1,bear,10,di_strong_bear,4789,10528,0.69972854,0.69262918,0.00709937,1.01024988,1.01024988,986.00000000,2770.00000000,0.62576065,0.68989170,-0.06413105,0.90704186,0.90704186,833.00000000,1893.00000000,0.57022809,0.64131009,-0.07108200,0.88916127,0.88916127,0.92033261
h4,bull,3,macd_cross_up,3150,76309,0.14793651,0.16105571,-0.01311920,0.91854247,0.91854247,731.00000000,18845.00000000,0.16963064,0.16418148,0.00544916,1.03318987,1.03318987,496.00000000,13495.00000000,0.11088710,0.12085958,-0.00997248,0.91748705,0.91748705,0.92017875
h4,bull,12,momentum_bull,27660,51799,0.43756327,0.44572289,-0.00815962,0.98169351,0.98169351,7189.00000000,12387.00000000,0.40130755,0.43884718,-0.03753963,0.91445855,0.91445855,5271.00000000,8720.00000000,0.35078733,0.39965596,-0.04886864,0.87772324,0.87772324,0.92010977
h4,bull,6,di_bull,37867,41592,0.29534951,0.28981535,0.00553416,1.01909548,1.01909548,9447.00000000,10129.00000000,0.26950355,0.29617929,-0.02667574,0.90993381,0.90993381,6276.00000000,7715.00000000,0.21191842,0.24536617,-0.03344775,0.86368231,0.86368231,0.91993503
d1,bear,20,price20_bear,7335,7982,0.76428085,0.79491356,-0.03063271,0.96146410,0.96146410,1538.00000000,2218.00000000,0.74447334,0.77682597,-0.03235263,0.95835280,0.95835280,1185.00000000,1541.00000000,0.66413502,0.76703439,-0.10289937,0.86584777,0.86584777,0.91946778
d1,bear,20,ema20_falling,7335,7982,0.76428085,0.79491356,-0.03063271,0.96146410,0.96146410,1538.00000000,2218.00000000,0.74447334,0.77682597,-0.03235263,0.95835280,0.95835280,1185.00000000,1541.00000000,0.66413502,0.76703439,-0.10289937,0.86584777,0.86584777,0.91946778
d1,bear,20,ema20_slope_down3,7332,7985,0.76527550,0.79398873,-0.02871322,0.96383674,0.96383674,1531.00000000,2225.00000000,0.73742652,0.78157303,-0.04414652,0.94351582,0.94351582,1182.00000000,1544.00000000,0.66412860,0.76683938,-0.10271078,0.86605959,0.86605959,0.91945889
d1,bear,3,ema20_slope_down3,7332,7985,0.47244954,0.47877270,-0.00632316,0.98679298,0.98679298,1531.00000000,2225.00000000,0.41672110,0.47820225,-0.06148115,0.87143275,0.87143275,1182.00000000,1544.00000000,0.37901861,0.43782383,-0.05880522,0.86568748,0.86568748,0.91922130
d1,bull,1,di_strong_bull,5925,9392,0.24573840,0.25873083,-0.01299244,0.94978396,0.94978396,1571.00000000,2185.00000000,0.23169955,0.26407323,-0.03237367,0.87740646,0.87740646,1065.00000000,1661.00000000,0.18122066,0.20770620,-0.02648554,0.87248554,0.87248554,0.91822958
d1,bull,1,price20_bull,7968,7349,0.25652610,0.25064635,0.00587976,1.02345838,1.02345838,2218.00000000,1538.00000000,0.24165915,0.26332900,-0.02166985,0.91770809,0.91770809,1541.00000000,1185.00000000,0.18105127,0.21856540,-0.03751414,0.82836197,0.82836197,0.91737128
d1,bull,1,ema20_rising,7968,7349,0.25652610,0.25064635,0.00587976,1.02345838,1.02345838,2218.00000000,1538.00000000,0.24165915,0.26332900,-0.02166985,0.91770809,0.91770809,1541.00000000,1185.00000000,0.18105127,0.21856540,-0.03751414,0.82836197,0.82836197,0.91737128
d1,bear,10,di_bear,6955,8362,0.69115744,0.69791916,-0.00676172,0.99031160,0.99031160,1540.00000000,2216.00000000,0.63961039,0.69629964,-0.05668925,0.91858498,0.91858498,1248.00000000,1478.00000000,0.56810897,0.66305819,-0.09494921,0.85680109,0.85680109,0.91691241
h4,bull,3,price20_cross_up,4894,74565,0.15304454,0.16102729,-0.00798275,0.95042612,0.95042612,1281.00000000,18295.00000000,0.15846995,0.16479913,-0.00632918,0.96159458,0.96159458,861.00000000,13130.00000000,0.11033682,0.12117289,-0.01083607,0.91057349,0.91057349,0.91561235
d1,bear,10,ema20_slope_down3,7332,7985,0.68971631,0.69956168,-0.00984537,0.98592638,0.98592638,1531.00000000,2225.00000000,0.62769432,0.70426966,-0.07657535,0.89126985,0.89126985,1182.00000000,1544.00000000,0.56683587,0.65997409,-0.09313822,0.85887594,0.85887594,0.91485766
d1,bear,3,price20_bear,7335,7982,0.46775733,0.48308695,-0.01532962,0.96826737,0.96826737,1538.00000000,2218.00000000,0.42327698,0.47385032,-0.05057333,0.89327150,0.89327150,1185.00000000,1541.00000000,0.37721519,0.43932511,-0.06210992,0.85862424,0.85862424,0.91484752
d1,bear,3,ema20_falling,7335,7982,0.46775733,0.48308695,-0.01532962,0.96826737,0.96826737,1538.00000000,2218.00000000,0.42327698,0.47385032,-0.05057333,0.89327150,0.89327150,1185.00000000,1541.00000000,0.37721519,0.43932511,-0.06210992,0.85862424,0.85862424,0.91484752
d1,bull,3,di_bull,8206,7111,0.49281014,0.50513289,-0.01232275,0.97560493,0.97560493,2216.00000000,1540.00000000,0.47021661,0.50389610,-0.03367950,0.93316182,0.93316182,1478.00000000,1248.00000000,0.40324763,0.48557692,-0.08232929,0.83045057,0.83045057,0.91452000
d1,bull,1,bb_bull,7806,7511,0.25915962,0.24803621,0.01112341,1.04484590,1.04484590,2146.00000000,1610.00000000,0.23811743,0.26708075,-0.02896332,0.89155595,0.89155595,1485.00000000,1241.00000000,0.18047138,0.21756648,-0.03709510,0.82949994,0.82949994,0.91443305
d1,bull,20,rsi60,3648,11669,0.79331140,0.79646928,-0.00315787,0.99603516,0.99603516,917.00000000,2839.00000000,0.81134133,0.84114125,-0.02979992,0.96457204,0.96457204,683.00000000,2043.00000000,0.70571010,0.79393049,-0.08822039,0.88888147,0.88888147,0.91433733
h4,bull,12,adx_cross25_up,1464,77995,0.43306011,0.44306686,-0.01000675,0.97741480,0.97741480,345.00000000,19231.00000000,0.44057971,0.42478290,0.01579681,1.03718796,1.03718796,247.00000000,13744.00000000,0.34817814,0.38183935,-0.03366121,0.91184457,0.91184457,0.91326590
h4,bull,12,di_cross_up,3503,75956,0.45047102,0.44253252,0.00793851,1.01793881,1.01793881,896.00000000,18680.00000000,0.42075893,0.42526767,-0.00450874,0.98939788,0.98939788,601.00000000,13390.00000000,0.34775374,0.38274832,-0.03499458,0.90857027,0.90857027,0.91215272
d1,bull,3,momentum_bull,5271,10046,0.50711440,0.49402747,0.01308693,1.02649028,1.02649028,1533.00000000,2223.00000000,0.45662100,0.50292398,-0.04630297,0.90793246,0.90793246,1091.00000000,1635.00000000,0.40146654,0.46727829,-0.06581174,0.85915942,0.85915942,0.91048070
d1,bull,10,rsi60,3648,11669,0.71491228,0.71608535,-0.00117307,0.99836182,0.99836182,917.00000000,2839.00000000,0.69247546,0.74744628,-0.05497082,0.92645516,0.92645516,683.00000000,2043.00000000,0.62079063,0.70386686,-0.08307623,0.88197167,0.88197167,0.90884815
h4,bull,6,di_strong_bull,26918,52541,0.29069767,0.29335186,-0.00265418,0.99095222,0.99095222,6583.00000000,12993.00000000,0.26887437,0.29061803,-0.02174365,0.92518134,0.92518134,4249.00000000,9742.00000000,0.20875500,0.23978649,-0.03103149,0.87058700,0.87058700,0.90620267
h4,bull,6,momentum_bull,27660,51799,0.28485177,0.29651152,-0.01165974,0.96067693,0.96067693,7189.00000000,12387.00000000,0.26262345,0.29530960,-0.03268615,0.88931567,0.88931567,5271.00000000,8720.00000000,0.20868905,0.24346330,-0.03477425,0.85716841,0.85716841,0.90591640
d1,bear,10,price20_bear,7335,7982,0.69107021,0.69832122,-0.00725101,0.98961651,0.98961651,1538.00000000,2218.00000000,0.63719116,0.69792606,-0.06073490,0.91297803,0.91297803,1185.00000000,1541.00000000,0.56033755,0.66515250,-0.10481495,0.84241968,0.84241968,0.90436955
d1,bear,10,ema20_falling,7335,7982,0.69107021,0.69832122,-0.00725101,0.98961651,0.98961651,1538.00000000,2218.00000000,0.63719116,0.69792606,-0.06073490,0.91297803,0.91297803,1185.00000000,1541.00000000,0.56033755,0.66515250,-0.10481495,0.84241968,0.84241968,0.90436955
d1,bull,5,di_cross_up,724,14593,0.58287293,0.61022408,-0.02735115,0.95517851,0.95517851,196.00000000,3560.00000000,0.60204082,0.60196629,0.00007452,1.00012380,1.00012380,139.00000000,2587.00000000,0.51079137,0.56861229,-0.05782093,0.89831221,0.89831221,0.90299434
h4,bull,3,bb_bull,41080,38379,0.15927459,0.16188541,-0.00261082,0.98387242,0.98387242,10353.00000000,9223.00000000,0.15753888,0.17206983,-0.01453095,0.91555203,0.91555203,7678.00000000,6313.00000000,0.10875228,0.13480120,-0.02604892,0.80676045,0.80676045,0.90246331
d1,bull,1,ema20_slope_up3,7949,7368,0.25550384,0.25176439,0.00373945,1.01485298,1.01485298,2225.00000000,1531.00000000,0.24089888,0.26453298,-0.02363411,0.91065723,0.91065723,1544.00000000,1182.00000000,0.17810881,0.22250423,-0.04439542,0.80047381,0.80047381,0.90246210
h4,bull,3,price20_bull,41315,38144,0.15979668,0.16133599,-0.00153931,0.99045900,0.99045900,10406.00000000,9170.00000000,0.15356525,0.17666303,-0.02309778,0.86925515,0.86925515,7758.00000000,6233.00000000,0.10853313,0.13540831,-0.02687518,0.80152486,0.80152486,0.90064471
h4,bull,3,ema20_rising,41315,38144,0.15979668,0.16133599,-0.00153931,0.99045900,0.99045900,10406.00000000,9170.00000000,0.15356525,0.17666303,-0.02309778,0.86925515,0.86925515,7758.00000000,6233.00000000,0.10853313,0.13540831,-0.02687518,0.80152486,0.80152486,0.90064471
d1,bull,1,rsi_up3,3920,11397,0.24056122,0.25822585,-0.01766462,0.93159235,0.93159235,967.00000000,2789.00000000,0.25542916,0.24883471,0.00659445,1.02650135,1.02650135,727.00000000,1999.00000000,0.17744154,0.20460230,-0.02716076,0.86725095,0.86725095,0.89908111
d1,bear,5,ema20_slope_down3,7332,7985,0.57719585,0.58685034,-0.00965449,0.98354863,0.98354863,1531.00000000,2225.00000000,0.49575441,0.58516854,-0.08941413,0.84719935,0.84719935,1182.00000000,1544.00000000,0.44754653,0.53626943,-0.08872290,0.83455537,0.83455537,0.89905073
d1,bear,3,momentum_bear,4856,10461,0.46190280,0.48217188,-0.02026908,0.95796297,0.95796297,908.00000000,2848.00000000,0.41299559,0.46594101,-0.05294542,0.88636884,0.88636884,740.00000000,1986.00000000,0.37027027,0.42799597,-0.05772570,0.86512560,0.86512560,0.89800423
h4,bull,3,di_bull,37867,41592,0.16090527,0.16019908,0.00070620,1.00440825,1.00440825,9447.00000000,10129.00000000,0.15528739,0.17286998,-0.01758258,0.89829012,0.89829012,6276.00000000,7715.00000000,0.10818993,0.13052495,-0.02233502,0.82888313,0.82888313,0.89779674
h4,bull,12,di_strong_bull,26918,52541,0.44312356,0.44275899,0.00036457,1.00082341,1.00082341,6583.00000000,12993.00000000,0.40634969,0.43454168,-0.02819199,0.93512248,0.93512248,4249.00000000,9742.00000000,0.34196281,0.39837816,-0.05641534,0.85838746,0.85838746,0.89696321
h4,bear,6,trend_bear,26705,52754,0.27433065,0.29620503,-0.02187438,0.92615123,0.92615123,5086.00000000,14490.00000000,0.27742823,0.27867495,-0.00124671,0.99552628,0.99552628,3923.00000000,10068.00000000,0.21157278,0.24553039,-0.03395762,0.86169689,0.86169689,0.89646115
d1,bear,5,bb_lower,3133,12184,0.56878391,0.58568615,-0.01690223,0.97114114,0.97114114,599.00000000,3157.00000000,0.48580968,0.56065885,-0.07484917,0.86649784,0.86649784,494.00000000,2232.00000000,0.44534413,0.50940860,-0.06406447,0.87423755,0.87423755,0.89462645
h4,bear,24,price200_bear,37403,42056,0.55749539,0.58395948,-0.02646409,0.95468163,0.95468163,7673.00000000,11903.00000000,0.49784960,0.56145510,-0.06360549,0.88671313,0.88671313,5764.00000000,8227.00000000,0.44240111,0.53190714,-0.08950602,0.83172622,0.83172622,0.89368090
h4,bear,24,ema200_falling,37403,42056,0.55749539,0.58395948,-0.02646409,0.95468163,0.95468163,7673.00000000,11903.00000000,0.49784960,0.56145510,-0.06360549,0.88671313,0.88671313,5764.00000000,8227.00000000,0.44240111,0.53190714,-0.08950602,0.83172622,0.83172622,0.89368090
h4,bull,12,rsi60,19363,60096,0.43748386,0.44462194,-0.00713808,0.98394574,0.98394574,4831.00000000,14745.00000000,0.38459946,0.43831807,-0.05371861,0.87744377,0.87744377,3639.00000000,10352.00000000,0.34047815,0.39557573,-0.05509758,0.86071547,0.86071547,0.89306896
h4,bear,3,trend_bear,26705,52754,0.15746115,0.16921940,-0.01175825,0.93051479,0.93051479,5086.00000000,14490.00000000,0.18698388,0.16645963,0.02052425,1.12329867,1.12329867,3923.00000000,10068.00000000,0.12006118,0.14004768,-0.01998650,0.85728790,0.85728790,0.89302283
h4,bull,3,di_strong_bull,26918,52541,0.15985586,0.16088388,-0.00102802,0.99361016,0.99361016,6583.00000000,12993.00000000,0.15600790,0.16862926,-0.01262136,0.92515319,0.92515319,4249.00000000,9742.00000000,0.10731937,0.12625744,-0.01893807,0.85000431,0.85000431,0.89057254
d1,bear,5,price20_bear,7335,7982,0.57518746,0.58869957,-0.01351212,0.97704752,0.97704752,1538.00000000,2218.00000000,0.50520156,0.57889991,-0.07369835,0.87269242,0.87269242,1185.00000000,1541.00000000,0.44303797,0.53990915,-0.09687118,0.82057875,0.82057875,0.88999375
d1,bear,5,ema20_falling,7335,7982,0.57518746,0.58869957,-0.01351212,0.97704752,0.97704752,1538.00000000,2218.00000000,0.50520156,0.57889991,-0.07369835,0.87269242,0.87269242,1185.00000000,1541.00000000,0.44303797,0.53990915,-0.09687118,0.82057875,0.82057875,0.88999375
d1,bear,5,breakout20_down,824,14493,0.58616505,0.58200511,0.00415994,1.00714761,1.00714761,133.00000000,3623.00000000,0.47368421,0.55147668,-0.07779247,0.85893789,0.85893789,131.00000000,2595.00000000,0.44274809,0.50057803,-0.05782994,0.88447367,0.88447367,0.88941142
h4,bull,3,rsi_cross50_up,4232,75227,0.14839319,0.16121871,-0.01282552,0.92044648,0.92044648,1102.00000000,18474.00000000,0.17150635,0.16396016,0.00754619,1.04602455,1.04602455,756.00000000,13235.00000000,0.10714286,0.12126936,-0.01412650,0.88351135,0.88351135,0.88910778
d1,bull,10,bb_upper,3521,11796,0.72564612,0.71286877,0.01277735,1.01792385,1.01792385,901.00000000,2855.00000000,0.70477248,0.74325744,-0.03848497,0.94822121,0.94822121,664.00000000,2062.00000000,0.60692771,0.70756547,-0.10063776,0.85776898,0.85776898,0.88855260
h4,bull,3,ema20_slope_up3,41324,38135,0.15981028,0.16132162,-0.00151134,0.99063150,0.99063150,10400.00000000,9176.00000000,0.15432692,0.17578466,-0.02145773,0.87793171,0.87793171,7789.00000000,6202.00000000,0.10707408,0.13737504,-0.03030096,0.77942892,0.77942892,0.88853703
h4,bull,1,di_strong_bull,26918,52541,0.04966937,0.04994195,-0.00027258,0.99454199,0.99454199,6583.00000000,12993.00000000,0.04952149,0.05341338,-0.00389188,0.92713657,0.92713657,4249.00000000,9742.00000000,0.02824194,0.03336071,-0.00511877,0.84656299,0.84656299,0.88793926
d1,bull,5,rsi60,3648,11669,0.60855263,0.60904962,-0.00049699,0.99918400,0.99918400,917.00000000,2839.00000000,0.54089422,0.62169778,-0.08080356,0.87002759,0.87002759,683.00000000,2043.00000000,0.50073206,0.58737151,-0.08663945,0.85249634,0.85249634,0.88521116
d1,bull,3,price20_cross_up,1019,14298,0.48184495,0.49972024,-0.01787529,0.96422940,0.96422940,268.00000000,3488.00000000,0.51865672,0.48136468,0.03729204,1.07747149,1.07747149,182.00000000,2544.00000000,0.39010989,0.44457547,-0.05446558,0.87748856,0.87748856,0.88472509
d1,bear,1,rsi40,3051,12266,0.24024910,0.25582912,-0.01558002,0.93909989,0.93909989,513.00000000,3243.00000000,0.27680312,0.25069380,0.02610932,1.10414823,1.10414823,433.00000000,2293.00000000,0.18706697,0.21631051,-0.02924354,0.86480761,0.86480761,0.88378609
h4,bear,1,body_expand,23176,56283,0.05967380,0.05191621,0.00775759,1.14942523,1.14942523,5825.00000000,13751.00000000,0.06403433,0.05628682,0.00774752,1.13764359,1.13764359,4190.00000000,9801.00000000,0.03818616,0.04540353,-0.00721737,0.84103939,0.84103939,0.88307856
h4,bull,3,price200_bull,42044,37415,0.16004662,0.16108513,-0.00103851,0.99355305,0.99355305,11903.00000000,7673.00000000,0.15760733,0.17489900,-0.01729167,0.90113339,0.90113339,8227.00000000,5764.00000000,0.10635712,0.14070090,-0.03434379,0.75590927,0.75590927,0.88258744
h4,bull,3,ema200_rising,42044,37415,0.16004662,0.16108513,-0.00103851,0.99355305,0.99355305,11903.00000000,7673.00000000,0.15760733,0.17489900,-0.01729167,0.90113339,0.90113339,8227.00000000,5764.00000000,0.10635712,0.14070090,-0.03434379,0.75590927,0.75590927,0.88258744
h4,bull,3,trend_bull,31203,48256,0.16065763,0.16045673,0.00020090,1.00125204,1.00125204,8827.00000000,10749.00000000,0.15463918,0.17238813,-0.01774895,0.89704074,0.89704074,6052.00000000,7939.00000000,0.10624587,0.13137675,-0.02513088,0.80871137,0.80871137,0.88166427
h4,bull,6,di_cross_up,3503,75956,0.30516700,0.29186634,0.01330066,1.04557105,1.04557105,896.00000000,18680.00000000,0.28906250,0.28302998,0.00603252,1.02131407,1.02131407,601.00000000,13390.00000000,0.20299501,0.23159074,-0.02859573,0.87652472,0.87652472,0.88119862
d1,bull,3,di_cross_up,724,14593,0.47237569,0.49982868,-0.02745299,0.94507519,0.94507519,196.00000000,3560.00000000,0.50000000,0.48314607,0.01685393,1.03488372,1.03488372,139.00000000,2587.00000000,0.38848921,0.44375725,-0.05526804,0.87545434,0.87545434,0.88104957
d1,bear,20,bb_lower,3133,12184,0.77210342,0.78233749,-0.01023408,0.98691859,0.98691859,599.00000000,3157.00000000,0.73121870,0.76971809,-0.03849939,0.94998248,0.94998248,494.00000000,2232.00000000,0.63562753,0.74148746,-0.10585992,0.85723302,0.85723302,0.88000033
h4,bull,3,momentum_bull,27660,51799,0.15271150,0.16471360,-0.01200211,0.92713348,0.92713348,7189.00000000,12387.00000000,0.15287244,0.17106644,-0.01819400,0.89364368,0.89364368,5271.00000000,8720.00000000,0.10586227,0.12935780,-0.02349553,0.81836787,0.81836787,0.87848099
d1,bear,10,bb_lower,3133,12184,0.69358442,0.69517400,-0.00158957,0.99771341,0.99771341,599.00000000,3157.00000000,0.61435726,0.68419385,-0.06983659,0.89792865,0.89792865,494.00000000,2232.00000000,0.54251012,0.63664875,-0.09413862,0.85213412,0.85213412,0.87559656
d1,bear,10,breakout20_down,824,14493,0.69781553,0.69468019,0.00313534,1.00451336,1.00451336,133.00000000,3623.00000000,0.56390977,0.67706321,-0.11315343,0.83287612,0.83287612,131.00000000,2595.00000000,0.54198473,0.62350674,-0.08152201,0.86925240,0.86925240,0.87474860
d1,bear,3,rsi40,3051,12266,0.45853818,0.48002609,-0.02148790,0.95523597,0.95523597,513.00000000,3243.00000000,0.41910331,0.45852606,-0.03942274,0.91402290,0.91402290,433.00000000,2293.00000000,0.36027714,0.42215438,-0.06187725,0.85342508,0.85342508,0.87376821
h4,bull,6,rsi60,19363,60096,0.28549295,0.29469515,-0.00920220,0.96877382,0.96877382,4831.00000000,14745.00000000,0.25212171,0.29352323,-0.04140151,0.85894979,0.85894979,3639.00000000,10352.00000000,0.20032976,0.24091963,-0.04058987,0.83152112,0.83152112,0.86962882
h4,bull,1,bb_upper,17834,61625,0.05018504,0.04975254,0.00043250,1.00869311,1.00869311,4615.00000000,14961.00000000,0.05070423,0.05253660,-0.00183237,0.96512203,0.96512203,3364.00000000,10627.00000000,0.02764566,0.03312318,-0.00547752,0.83463190,0.83463190,0.86919197
d1,bull,5,bb_upper,3521,11796,0.61715422,0.60647677,0.01067745,1.01760570,1.01760570,901.00000000,2855.00000000,0.56492786,0.61366025,-0.04873239,0.92058735,0.92058735,664.00000000,2062.00000000,0.49096386,0.58971872,-0.09875486,0.83253904,0.83253904,0.86794259
h4,bear,12,trend_bear,26705,52754,0.41261936,0.43782462,-0.02520526,0.94243069,0.94243069,5086.00000000,14490.00000000,0.38065277,0.41801242,-0.03735965,0.91062550,0.91062550,3923.00000000,10068.00000000,0.31761407,0.38498212,-0.06736805,0.82500992,0.82500992,0.86757877
d1,bear,20,breakout20_down,824,14493,0.78519417,0.77996274,0.00523143,1.00670729,1.00670729,133.00000000,3623.00000000,0.69172932,0.76621584,-0.07448652,0.90278651,0.90278651,131.00000000,2595.00000000,0.62595420,0.72716763,-0.10121343,0.86081142,0.86081142,0.86660800
d1,bull,1,momentum_bull,5271,10046,0.25801556,0.25144336,0.00657220,1.02613788,1.02613788,1533.00000000,2223.00000000,0.23874755,0.25865947,-0.01991192,0.92301880,0.92301880,1091.00000000,1635.00000000,0.17048579,0.21529052,-0.04480473,0.79188713,0.79188713,0.86383694
d1,bull,1,macd_bull,7771,7546,0.24990349,0.25761993,-0.00771644,0.97004718,0.97004718,1892.00000000,1864.00000000,0.23572939,0.26555794,-0.02982855,0.88767591,0.88767591,1359.00000000,1367.00000000,0.16997792,0.22457937,-0.05460145,0.75687239,0.75687239,0.86126361
d1,bull,5,breakout20_up,1039,14278,0.62271415,0.60792828,0.01478587,1.02432173,1.02432173,265.00000000,3491.00000000,0.49811321,0.60985391,-0.11174070,0.81677464,0.81677464,204.00000000,2522.00000000,0.48529412,0.57216495,-0.08687083,0.84817170,0.84817170,0.85791943
d1,bull,3,breakout20_up,1039,14278,0.49951877,0.49845917,0.00105960,1.00212575,1.00212575,265.00000000,3491.00000000,0.39622642,0.49069035,-0.09446393,0.80748769,0.80748769,204.00000000,2522.00000000,0.37745098,0.44607454,-0.06862356,0.84616122,0.84616122,0.85601612
d1,bear,20,momentum_bear,4856,10461,0.76420923,0.78768760,-0.02347838,0.97019329,0.97019329,908.00000000,2848.00000000,0.73568282,0.77247191,-0.03678909,0.95237485,0.95237485,740.00000000,1986.00000000,0.61216216,0.76334340,-0.15118124,0.80194858,0.80194858,0.84751349
d1,bear,5,momentum_bear,4856,10461,0.57104613,0.58741994,-0.01637381,0.97212588,0.97212588,908.00000000,2848.00000000,0.49008811,0.56741573,-0.07732762,0.86371963,0.86371963,740.00000000,1986.00000000,0.42162162,0.52618328,-0.10456166,0.80128281,0.80128281,0.84697166
d1,bull,1,macd_cross_up,612,14705,0.23366013,0.25453927,-0.02087914,0.91797281,0.91797281,164.00000000,3592.00000000,0.23170732,0.25139198,-0.01968467,0.92169732,0.92169732,114.00000000,2612.00000000,0.16666667,0.19869832,-0.03203165,0.83879255,0.83879255,0.84448575
d1,bull,3,bb_upper,3521,11796,0.50127805,0.49771109,0.00356696,1.00716672,1.00716672,901.00000000,2855.00000000,0.44173141,0.49737303,-0.05564162,0.88812900,0.88812900,664.00000000,2062.00000000,0.37198795,0.46314258,-0.09115463,0.80318236,0.80318236,0.84362659
d1,bull,3,rsi60,3648,11669,0.49972588,0.49815751,0.00156837,1.00314833,1.00314833,917.00000000,2839.00000000,0.42966194,0.50158507,-0.07192312,0.85660832,0.85660832,683.00000000,2043.00000000,0.37188873,0.46402349,-0.09213477,0.80144374,0.80144374,0.84340155
h4,bear,24,trend_bear,26705,52754,0.55255570,0.58109338,-0.02853768,0.95088969,0.95088969,5086.00000000,14490.00000000,0.48328746,0.55521049,-0.07192303,0.87045808,0.87045808,3923.00000000,10068.00000000,0.41549834,0.52602304,-0.11052470,0.78988620,0.78988620,0.83933545
d1,bear,10,momentum_bear,4856,10461,0.69151565,0.69639614,-0.00488049,0.99299179,0.99299179,908.00000000,2848.00000000,0.61123348,0.69276685,-0.08153337,0.88230763,0.88230763,740.00000000,1986.00000000,0.51486486,0.65861027,-0.14374541,0.78174436,0.78174436,0.83097787
d1,bear,5,rsi40,3051,12266,0.56571616,0.58633621,-0.02062006,0.96483237,0.96483237,513.00000000,3243.00000000,0.49707602,0.55689177,-0.05981574,0.89259000,0.89259000,433.00000000,2293.00000000,0.41108545,0.51417357,-0.10308812,0.79950716,0.79950716,0.82580614
d1,bull,1,bb_upper,3521,11796,0.24907697,0.25508647,-0.00600950,0.97644131,0.97644131,901.00000000,2855.00000000,0.21864595,0.26059545,-0.04194950,0.83902444,0.83902444,664.00000000,2062.00000000,0.16114458,0.20902037,-0.04787579,0.77095156,0.77095156,0.81650580
h4,bull,1,bb_bull,41080,38379,0.04839338,0.05140832,-0.00301494,0.94135301,0.94135301,10353.00000000,9223.00000000,0.04926108,0.05529654,-0.00603546,0.89085289,0.89085289,7678.00000000,6313.00000000,0.02591821,0.03896721,-0.01304900,0.66512864,0.66512864,0.81488010
h4,bull,1,di_bull,37867,41592,0.04880239,0.05080304,-0.00200065,0.96061945,0.96061945,9447.00000000,10129.00000000,0.04805758,0.05587916,-0.00782157,0.86002698,0.86002698,6276.00000000,7715.00000000,0.02581262,0.03668179,-0.01086917,0.70369032,0.70369032,0.81156036
d1,bull,1,rsi60,3648,11669,0.25000000,0.25486331,-0.00486331,0.98091796,0.98091796,917.00000000,2839.00000000,0.20937841,0.26382529,-0.05444688,0.79362523,0.79362523,683.00000000,2043.00000000,0.15959004,0.20998532,-0.05039527,0.76000573,0.76000573,0.80862911
h4,bull,3,rsi60,19363,60096,0.15483138,0.16237354,-0.00754216,0.95355058,0.95355058,4831.00000000,14745.00000000,0.14489754,0.17076975,-0.02587222,0.84849650,0.84849650,3639.00000000,10352.00000000,0.09700467,0.12876739,-0.03176272,0.75333260,0.75333260,0.80497768
d1,bear,20,rsi40,3051,12266,0.76860046,0.78314039,-0.01453993,0.98143382,0.98143382,513.00000000,3243.00000000,0.73489279,0.76811594,-0.03322315,0.95674721,0.95674721,433.00000000,2293.00000000,0.57736721,0.74967292,-0.17230571,0.77015881,0.77015881,0.79934129
h4,bull,1,ema20_slope_up3,41324,38135,0.04922079,0.05053101,-0.00131022,0.97407104,0.97407104,10400.00000000,9176.00000000,0.04721154,0.05765039,-0.01043885,0.81892831,0.81892831,7789.00000000,6202.00000000,0.02529208,0.03998710,-0.01469502,0.63250593,0.63250593,0.79519432
h4,bull,1,price20_bull,41315,38144,0.04862641,0.05117450,-0.00254809,0.95020782,0.95020782,10406.00000000,9170.00000000,0.04776091,0.05703381,-0.00927290,0.83741399,0.83741399,7758.00000000,6233.00000000,0.02526424,0.03994866,-0.01468442,0.63241779,0.63241779,0.79431917
h4,bull,1,ema20_rising,41315,38144,0.04862641,0.05117450,-0.00254809,0.95020782,0.95020782,10406.00000000,9170.00000000,0.04776091,0.05703381,-0.00927290,0.83741399,0.83741399,7758.00000000,6233.00000000,0.02526424,0.03994866,-0.01468442,0.63241779,0.63241779,0.79431917
d1,bear,10,rsi40,3051,12266,0.69255982,0.69541823,-0.00285841,0.99588965,0.99588965,513.00000000,3243.00000000,0.61793372,0.68177613,-0.06384241,0.90635869,0.90635869,433.00000000,2293.00000000,0.49191686,0.64369821,-0.15178135,0.76420417,0.76420417,0.79394041
d1,bull,1,breakout20_up,1039,14278,0.28007700,0.25178596,0.02829103,1.11236144,1.11236144,265.00000000,3491.00000000,0.25283019,0.25035806,0.00247213,1.00987436,1.00987436,204.00000000,2522.00000000,0.15196078,0.20103093,-0.04907014,0.75590749,0.75590749,0.76997230
h4,bull,1,momentum_bull,27660,51799,0.04663774,0.05156470,-0.00492696,0.90445096,0.90445096,7189.00000000,12387.00000000,0.04687717,0.05513845,-0.00826128,0.85017210,0.85017210,5271.00000000,8720.00000000,0.02428382,0.03635321,-0.01206939,0.66799648,0.66799648,0.76349412
d1,bear,20,price200_bear,6578,8739,0.75159623,0.80180799,-0.05021176,0.93737683,0.93737683,1507.00000000,2249.00000000,0.78699403,0.74788795,0.03910608,1.05228869,1.05228869,783.00000000,1943.00000000,0.54789272,0.79258878,-0.24469606,0.69126984,0.69126984,0.75853507
d1,bear,20,ema200_falling,6578,8739,0.75159623,0.80180799,-0.05021176,0.93737683,0.93737683,1507.00000000,2249.00000000,0.78699403,0.74788795,0.03910608,1.05228869,1.05228869,783.00000000,1943.00000000,0.54789272,0.79258878,-0.24469606,0.69126984,0.69126984,0.75853507
h4,bull,1,trend_bull,31203,48256,0.04813640,0.05095739,-0.00282100,0.94464009,0.94464009,8827.00000000,10749.00000000,0.04440920,0.05842404,-0.01401484,0.76011860,0.76011860,6052.00000000,7939.00000000,0.02379379,0.03791409,-0.01412031,0.62757102,0.62757102,0.74808736
d1,bear,10,price200_bear,6578,8739,0.66114320,0.72021970,-0.05907650,0.91797434,0.91797434,1507.00000000,2249.00000000,0.67816855,0.66963095,0.00853760,1.01274971,1.01274971,783.00000000,1943.00000000,0.45721584,0.68502316,-0.22780732,0.66744581,0.66744581,0.73793391
d1,bear,10,ema200_falling,6578,8739,0.66114320,0.72021970,-0.05907650,0.91797434,0.91797434,1507.00000000,2249.00000000,0.67816855,0.66963095,0.00853760,1.01274971,1.01274971,783.00000000,1943.00000000,0.45721584,0.68502316,-0.22780732,0.66744581,0.66744581,0.73793391
d1,bear,3,price200_bear,6578,8739,0.43523867,0.50623641,-0.07099774,0.85975379,0.85975379,1507.00000000,2249.00000000,0.46516257,0.44508671,0.02007587,1.04510552,1.04510552,783.00000000,1943.00000000,0.30140485,0.45702522,-0.15562037,0.65949283,0.65949283,0.73098721
d1,bear,3,ema200_falling,6578,8739,0.43523867,0.50623641,-0.07099774,0.85975379,0.85975379,1507.00000000,2249.00000000,0.46516257,0.44508671,0.02007587,1.04510552,1.04510552,783.00000000,1943.00000000,0.30140485,0.45702522,-0.15562037,0.65949283,0.65949283,0.73098721
d1,bear,20,trend_bear,4913,10404,0.74638714,0.79623222,-0.04984508,0.93739881,0.93739881,1028.00000000,2728.00000000,0.78599222,0.75513196,0.03086025,1.04086736,1.04086736,457.00000000,2269.00000000,0.52735230,0.76156897,-0.23421668,0.69245507,0.69245507,0.73009770
h4,bull,1,price200_bull,42044,37415,0.04873466,0.05110250,-0.00236784,0.95366489,0.95366489,11903.00000000,7673.00000000,0.04536671,0.06255702,-0.01719030,0.72520583,0.72520583,8227.00000000,5764.00000000,0.02309469,0.04424011,-0.02114542,0.52203052,0.52203052,0.72610738
h4,bull,1,ema200_rising,42044,37415,0.04873466,0.05110250,-0.00236784,0.95366489,0.95366489,11903.00000000,7673.00000000,0.04536671,0.06255702,-0.01719030,0.72520583,0.72520583,8227.00000000,5764.00000000,0.02309469,0.04424011,-0.02114542,0.52203052,0.52203052,0.72610738
d1,bear,5,price200_bear,6578,8739,0.54089389,0.61334249,-0.07244860,0.88187905,0.88187905,1507.00000000,2249.00000000,0.55607167,0.54379724,0.01227442,1.02257169,1.02257169,783.00000000,1943.00000000,0.36015326,0.55326814,-0.19311489,0.65095607,0.65095607,0.72349136
d1,bear,5,ema200_falling,6578,8739,0.54089389,0.61334249,-0.07244860,0.88187905,0.88187905,1507.00000000,2249.00000000,0.55607167,0.54379724,0.01227442,1.02257169,1.02257169,783.00000000,1943.00000000,0.36015326,0.55326814,-0.19311489,0.65095607,0.65095607,0.72349136
d1,bear,10,trend_bear,4913,10404,0.64400570,0.71885813,-0.07485243,0.89587315,0.89587315,1028.00000000,2728.00000000,0.67509728,0.67228739,0.00280989,1.00417959,1.00417959,457.00000000,2269.00000000,0.44201313,0.65535478,-0.21334165,0.67446388,0.67446388,0.71339715
h4,bull,1,rsi60,19363,60096,0.04771988,0.05053581,-0.00281593,0.94427850,0.94427850,4831.00000000,14745.00000000,0.04553923,0.05425568,-0.00871645,0.83934486,0.83934486,3639.00000000,10352.00000000,0.02253366,0.03506569,-0.01253202,0.64261289,0.64261289,0.70846850
d1,bear,5,trend_bear,4913,10404,0.52635864,0.60861207,-0.08225343,0.86485080,0.86485080,1028.00000000,2728.00000000,0.56809339,0.54142229,0.02667110,1.04926117,1.04926117,457.00000000,2269.00000000,0.33260394,0.53107096,-0.19846702,0.62628908,0.62628908,0.66814911
d1,bear,1,price200_bear,6578,8739,0.21723928,0.27943701,-0.06219772,0.77741773,0.77741773,1507.00000000,2249.00000000,0.26940942,0.24410849,0.02530093,1.10364625,1.10364625,783.00000000,1943.00000000,0.13920817,0.24086464,-0.10165647,0.57795188,0.57795188,0.65768021
d1,bear,1,ema200_falling,6578,8739,0.21723928,0.27943701,-0.06219772,0.77741773,0.77741773,1507.00000000,2249.00000000,0.26940942,0.24410849,0.02530093,1.10364625,1.10364625,783.00000000,1943.00000000,0.13920817,0.24086464,-0.10165647,0.57795188,0.57795188,0.65768021
d1,bear,3,trend_bear,4913,10404,0.42336658,0.50048058,-0.07711401,0.84592008,0.84592008,1028.00000000,2728.00000000,0.49124514,0.43878299,0.05246214,1.11956285,1.11956285,457.00000000,2269.00000000,0.25164114,0.44468929,-0.19304815,0.56588081,0.56588081,0.61029692
h4,bull,1,macd_cross_up,3150,76309,0.05142857,0.04978443,0.00164414,1.03302523,1.03302523,731.00000000,18845.00000000,0.05471956,0.05200318,0.00271638,1.05223485,1.05223485,496.00000000,13495.00000000,0.01814516,0.03230826,-0.01416310,0.56162604,0.56162604,0.57049203
d1,bear,1,trend_bear,4913,10404,0.20496642,0.27527874,-0.07031232,0.74457772,0.74457772,1028.00000000,2728.00000000,0.29182879,0.24010264,0.05172615,1.21543351,1.21543351,457.00000000,2269.00000000,0.08971554,0.23622741,-0.14651188,0.37978461,0.37978461,0.42385538
d1,bull,1,adx_cross25_up,262,15055,0.30534351,0.25280638,0.05253713,1.20781570,1.20781570,,,,,,,,,,,,,,,
d1,bull,1,price200_cross_up,377,14940,0.26525199,0.25341365,0.01183833,1.04671546,1.04671546,,,,,,,,,,,,,,,
d1,bull,3,adx_cross25_up,262,15055,0.53816794,0.49784125,0.04032669,1.08100311,1.08100311,,,,,,,,,,,,,,,
d1,bull,3,price200_cross_up,377,14940,0.46949602,0.49926372,-0.02976770,0.94037680,0.94037680,,,,,,,,,,,,,,,
d1,bull,5,adx_cross25_up,262,15055,0.61832061,0.60876785,0.00955276,1.01569196,1.01569196,,,,,,,,,,,,,,,
d1,bull,5,price200_cross_up,377,14940,0.58355438,0.60957162,-0.02601724,0.95731881,0.95731881,,,,,,,,,,,,,,,
d1,bull,10,adx_cross25_up,262,15055,0.70992366,0.71590834,-0.00598467,0.99164045,0.99164045,,,,,,,,,,,,,,,
d1,bull,10,price200_cross_up,377,14940,0.70557029,0.71606426,-0.01049397,0.98534494,0.98534494,,,,,,,,,,,,,,,
d1,bull,20,adx_cross25_up,262,15055,0.79007634,0.79581534,-0.00573901,0.99278852,0.99278852,,,,,,,,,,,,,,,
d1,bull,20,price200_cross_up,377,14940,0.79045093,0.79585007,-0.00539914,0.99321588,0.99321588,,,,,,,,,,,,,,,
d1,bear,1,adx_cross25_up,262,15055,0.25954198,0.25260711,0.00693488,1.02745322,1.02745322,,,,,,,,,,,,,,,
d1,bear,1,price200_cross_down,379,14938,0.21108179,0.25378230,-0.04270051,0.83174356,0.83174356,,,,,,,,,,,,,,,
d1,bear,3,adx_cross25_up,262,15055,0.45801527,0.47605447,-0.01803920,0.96210686,0.96210686,,,,,,,,,,,,,,,
d1,bear,3,price200_cross_down,379,14938,0.41952507,0.47717231,-0.05764725,0.87918988,0.87918988,,,,,,,,,,,,,,,
d1,bear,5,adx_cross25_up,262,15055,0.59923664,0.58193291,0.01730373,1.02973492,1.02973492,,,,,,,,,,,,,,,
d1,bear,5,price200_cross_down,379,14938,0.53562005,0.58341143,-0.04779138,0.91808289,0.91808289,,,,,,,,,,,,,,,
d1,bear,10,adx_cross25_up,262,15055,0.74427481,0.69398871,0.05028610,1.07245954,1.07245954,,,,,,,,,,,,,,,
d1,bear,10,price200_cross_down,379,14938,0.66226913,0.69567546,-0.03340633,0.95198001,0.95198001,,,,,,,,,,,,,,,
d1,bear,20,adx_cross25_up,262,15055,0.83206107,0.77934241,0.05271866,1.06764505,1.06764505,,,,,,,,,,,,,,,
d1,bear,20,price200_cross_down,379,14938,0.74142480,0.78122908,-0.03980428,0.94904916,0.94904916,,,,,,,,,,,,,,,
