timeframe,direction,horizon_bars,conditions,samples,base_rate,hit50_rate,rate_diff,lift
h4,bull,1,trend,46082,0.04800665,0.04422551,-0.00378114,0.92123712
h4,bull,1,price20,59479,0.04800665,0.04542780,-0.00257886,0.94628129
h4,bull,1,price200,62174,0.04800665,0.04469714,-0.00330951,0.93106137
h4,bull,1,ema20_rising,59479,0.04800665,0.04542780,-0.00257886,0.94628129
h4,bull,1,ema200_rising,62174,0.04800665,0.04469714,-0.00330951,0.93106137
h4,bull,1,momentum,68022,0.04800665,0.04452971,-0.00347694,0.92757374
h4,bull,1,rsi55,43003,0.04800665,0.04474106,-0.00326559,0.93197633
h4,bull,1,rsi60,27833,0.04800665,0.04404843,-0.00395822,0.91754848
h4,bull,1,rsi_lt45,37204,0.04800665,0.05453715,0.00653049,1.13603309
h4,bull,1,macd,56959,0.04800665,0.04757808,-0.00042857,0.99107268
h4,bull,1,macd_rising,56608,0.04800665,0.04767877,-0.00032788,0.99317011
h4,bull,1,adx25,48620,0.04800665,0.05306458,0.00505793,1.10535892
h4,bull,1,adx_rising,53528,0.04800665,0.05055298,0.00254633,1.05304115
h4,bull,1,di,53590,0.04800665,0.04597873,-0.00202793,0.95775740
h4,bull,1,di_strong,37750,0.04800665,0.04723179,-0.00077487,0.98385921
h4,bull,1,volatility,34087,0.04800665,0.06495145,0.01694479,1.35296763
h4,bull,1,bb,59111,0.04800665,0.04562603,-0.00238063,0.95041046
h4,bull,1,bb_upper,25813,0.04800665,0.04734049,-0.00066617,0.98612347
h4,bull,1,body,33691,0.04800665,0.05304087,0.00503422,1.10486501
h4,bull,1,trend+price20,31774,0.04800665,0.04286524,-0.00514142,0.89290198
h4,bull,1,trend+price200,45042,0.04800665,0.04402558,-0.00398108,0.91707239
h4,bull,1,trend+ema20_rising,31774,0.04800665,0.04286524,-0.00514142,0.89290198
h4,bull,1,trend+ema200_rising,45042,0.04800665,0.04402558,-0.00398108,0.91707239
h4,bull,1,trend+momentum,33652,0.04800665,0.04115654,-0.00685011,0.85730916
h4,bull,1,trend+rsi55,26472,0.04800665,0.04276216,-0.00524449,0.89075494
h4,bull,1,trend+rsi60,18572,0.04800665,0.04334482,-0.00466183,0.90289194
h4,bull,1,trend+rsi_lt45,6512,0.04800665,0.05482187,0.00681521,1.14196395
h4,bull,1,trend+macd,20919,0.04800665,0.04526985,-0.00273680,0.94299117
h4,bull,1,trend+macd_rising,20539,0.04800665,0.04372170,-0.00428495,0.91074251
h4,bull,1,trend+adx25,18166,0.04800665,0.04712100,-0.00088566,0.98155135
h4,bull,1,trend+adx_rising,21444,0.04800665,0.04737922,-0.00062743,0.98693029
h4,bull,1,trend+di,30136,0.04800665,0.04449827,-0.00350838,0.92691890
h4,bull,1,trend+di_strong,22647,0.04800665,0.04587804,-0.00212861,0.95566006
h4,bull,1,trend+volatility,13063,0.04800665,0.05649545,0.00848879,1.17682532
h4,bull,1,trend+bb,29905,0.04800665,0.04276877,-0.00523789,0.89089251
h4,bull,1,trend+bb_upper,13691,0.04800665,0.04572347,-0.00228319,0.95244023
h4,bull,1,trend+body,13525,0.04800665,0.04953789,0.00153124,1.03189640
h4,bull,1,price20+price200,43555,0.04800665,0.04353117,-0.00447549,0.90677363
h4,bull,1,price20+ema20_rising,59479,0.04800665,0.04542780,-0.00257886,0.94628129
h4,bull,1,price20+ema200_rising,43555,0.04800665,0.04353117,-0.00447549,0.90677363
h4,bull,1,price20+momentum,51750,0.04800665,0.04514010,-0.00286656,0.94028835
h4,bull,1,price20+rsi55,42989,0.04800665,0.04473237,-0.00327428,0.93179529
h4,bull,1,price20+rsi60,27833,0.04800665,0.04404843,-0.00395822,0.91754848
h4,bull,1,price20+macd,44138,0.04800665,0.04701165,-0.00099501,0.97927354
h4,bull,1,price20+macd_rising,32844,0.04800665,0.04758860,-0.00041805,0.99129178
h4,bull,1,price20+adx25,23833,0.04800665,0.04699366,-0.00101299,0.97889899
h4,bull,1,price20+adx_rising,26035,0.04800665,0.04659113,-0.00141553,0.97051396
h4,bull,1,price20+di,48043,0.04800665,0.04679142,-0.00121524,0.97468606
h4,bull,1,price20+di_strong,36365,0.04800665,0.04801320,0.00000655,1.00013636
h4,bull,1,price20+volatility,16332,0.04800665,0.05504531,0.00703866,1.14661835
h4,bull,1,price20+bb,55639,0.04800665,0.04545373,-0.00255292,0.94682144
h4,bull,1,price20+bb_upper,25799,0.04800665,0.04736618,-0.00064048,0.98665859
h4,bull,1,price20+body,17574,0.04800665,0.05172414,0.00371748,1.07743686
h4,bull,1,price200+ema20_rising,43555,0.04800665,0.04353117,-0.00447549,0.90677363
h4,bull,1,price200+ema200_rising,62174,0.04800665,0.04469714,-0.00330951,0.93106137
h4,bull,1,price200+momentum,45540,0.04800665,0.04268775,-0.00531891,0.88920481
h4,bull,1,price200+rsi55,35157,0.04800665,0.04309241,-0.00491424,0.89763420
h4,bull,1,price200+rsi60,24434,0.04800665,0.04305476,-0.00495189,0.89684985
h4,bull,1,price200+rsi_lt45,9119,0.04800665,0.05296633,0.00495968,1.10331236
h4,bull,1,price200+macd,32621,0.04800665,0.04506300,-0.00294366,0.93868231
h4,bull,1,price200+macd_rising,30824,0.04800665,0.04490008,-0.00310658,0.93528865
h4,bull,1,price200+adx25,24809,0.04800665,0.04611230,-0.00189436,0.96053973
h4,bull,1,price200+adx_rising,29019,0.04800665,0.04800303,-0.00000362,0.99992458
h4,bull,1,price200+di,40205,0.04800665,0.04452183,-0.00348483,0.92740948
h4,bull,1,price200+di_strong,30185,0.04800665,0.04601623,-0.00199042,0.95853866
h4,bull,1,price200+volatility,17701,0.04800665,0.05666347,0.00865681,1.18032525
h4,bull,1,price200+bb,41751,0.04800665,0.04335226,-0.00465440,0.90304681
h4,bull,1,price200+bb_upper,19911,0.04800665,0.04570338,-0.00230327,0.95202179
h4,bull,1,price200+body,18294,0.04800665,0.04996174,0.00195508,1.04072525
h4,bull,1,ema20_rising+ema200_rising,43555,0.04800665,0.04353117,-0.00447549,0.90677363
h4,bull,1,ema20_rising+momentum,51750,0.04800665,0.04514010,-0.00286656,0.94028835
h4,bull,1,ema20_rising+rsi55,42989,0.04800665,0.04473237,-0.00327428,0.93179529
h4,bull,1,ema20_rising+rsi60,27833,0.04800665,0.04404843,-0.00395822,0.91754848
h4,bull,1,ema20_rising+macd,44138,0.04800665,0.04701165,-0.00099501,0.97927354
h4,bull,1,ema20_rising+macd_rising,32844,0.04800665,0.04758860,-0.00041805,0.99129178
h4,bull,1,ema20_rising+adx25,23833,0.04800665,0.04699366,-0.00101299,0.97889899
h4,bull,1,ema20_rising+adx_rising,26035,0.04800665,0.04659113,-0.00141553,0.97051396
h4,bull,1,ema20_rising+di,48043,0.04800665,0.04679142,-0.00121524,0.97468606
h4,bull,1,ema20_rising+di_strong,36365,0.04800665,0.04801320,0.00000655,1.00013636
h4,bull,1,ema20_rising+volatility,16332,0.04800665,0.05504531,0.00703866,1.14661835
h4,bull,1,ema20_rising+bb,55639,0.04800665,0.04545373,-0.00255292,0.94682144
h4,bull,1,ema20_rising+bb_upper,25799,0.04800665,0.04736618,-0.00064048,0.98665859
h4,bull,1,ema20_rising+body,17574,0.04800665,0.05172414,0.00371748,1.07743686
h4,bull,1,ema200_rising+momentum,45540,0.04800665,0.04268775,-0.00531891,0.88920481
h4,bull,1,ema200_rising+rsi55,35157,0.04800665,0.04309241,-0.00491424,0.89763420
h4,bull,1,ema200_rising+rsi60,24434,0.04800665,0.04305476,-0.00495189,0.89684985
h4,bull,1,ema200_rising+rsi_lt45,9119,0.04800665,0.05296633,0.00495968,1.10331236
h4,bull,1,ema200_rising+macd,32621,0.04800665,0.04506300,-0.00294366,0.93868231
h4,bull,1,ema200_rising+macd_rising,30824,0.04800665,0.04490008,-0.00310658,0.93528865
h4,bull,1,ema200_rising+adx25,24809,0.04800665,0.04611230,-0.00189436,0.96053973
h4,bull,1,ema200_rising+adx_rising,29019,0.04800665,0.04800303,-0.00000362,0.99992458
h4,bull,1,ema200_rising+di,40205,0.04800665,0.04452183,-0.00348483,0.92740948
h4,bull,1,ema200_rising+di_strong,30185,0.04800665,0.04601623,-0.00199042,0.95853866
h4,bull,1,ema200_rising+volatility,17701,0.04800665,0.05666347,0.00865681,1.18032525
h4,bull,1,ema200_rising+bb,41751,0.04800665,0.04335226,-0.00465440,0.90304681
h4,bull,1,ema200_rising+bb_upper,19911,0.04800665,0.04570338,-0.00230327,0.95202179
h4,bull,1,ema200_rising+body,18294,0.04800665,0.04996174,0.00195508,1.04072525
h4,bull,1,momentum+rsi55,35371,0.04800665,0.04427356,-0.00373310,0.92223795
h4,bull,1,momentum+rsi60,20201,0.04800665,0.04296817,-0.00503848,0.89504614
h4,bull,1,momentum+macd,42029,0.04800665,0.04691998,-0.00108667,0.97736419
h4,bull,1,momentum+macd_rising,34986,0.04800665,0.04547533,-0.00253132,0.94727147
h4,bull,1,momentum+adx25,22578,0.04800665,0.04641687,-0.00158979,0.96688402
h4,bull,1,momentum+adx_rising,22657,0.04800665,0.04453370,-0.00347296,0.92765680
h4,bull,1,momentum+di,45029,0.04800665,0.04568167,-0.00232498,0.95156960
h4,bull,1,momentum+di_strong,30178,0.04800665,0.04692160,-0.00108505,0.97739782
h4,bull,1,momentum+volatility,18044,0.04800665,0.05519840,0.00719175,1.14980737
h4,bull,1,momentum+bb,50803,0.04800665,0.04535165,-0.00265500,0.94469515
h4,bull,1,momentum+bb_upper,19057,0.04800665,0.04664953,-0.00135713,0.97173041
h4,bull,1,momentum+body,19549,0.04800665,0.04869814,0.00069149,1.01440404
h4,bull,1,rsi55+rsi60,27833,0.04800665,0.04404843,-0.00395822,0.91754848
h4,bull,1,rsi55+macd,32955,0.04800665,0.04618419,-0.00182246,0.96203729
h4,bull,1,rsi55+macd_rising,23037,0.04800665,0.04727178,-0.00073487,0.98469226
h4,bull,1,rsi55+adx25,19279,0.04800665,0.04564552,-0.00236113,0.95081656
h4,bull,1,rsi55+adx_rising,23703,0.04800665,0.04682952,-0.00117714,0.97547969
h4,bull,1,rsi55+di,39424,0.04800665,0.04641843,-0.00158823,0.96691650
h4,bull,1,rsi55+di_strong,33002,0.04800665,0.04769408,-0.00031257,0.99348894
h4,bull,1,rsi55+volatility,11907,0.04800665,0.05240615,0.00439949,1.09164343
h4,bull,1,rsi55+bb,42190,0.04800665,0.04467883,-0.00332782,0.93068004
h4,bull,1,rsi55+bb_upper,24448,0.04800665,0.04724313,-0.00076353,0.98409543
h4,bull,1,rsi55+body,12901,0.04800665,0.05177893,0.00377228,1.07857824
h4,bull,1,rsi60+macd,22842,0.04800665,0.04513615,-0.00287050,0.94020619
h4,bull,1,rsi60+macd_rising,15204,0.04800665,0.04847409,0.00046743,1.00973683
h4,bull,1,rsi60+adx25,14950,0.04800665,0.04528428,-0.00272237,0.94329177
h4,bull,1,rsi60+adx_rising,19379,0.04800665,0.04623562,-0.00177104,0.96310850
h4,bull,1,rsi60+di,26841,0.04800665,0.04508029,-0.00292637,0.93904250
h4,bull,1,rsi60+di_strong,24747,0.04800665,0.04606619,-0.00194046,0.95957928
h4,bull,1,rsi60+volatility,8029,0.04800665,0.05268402,0.00467737,1.09743164
h4,bull,1,rsi60+bb,27763,0.04800665,0.04394338,-0.00406328,0.91536016
h4,bull,1,rsi60+bb_upper,19898,0.04800665,0.04653734,-0.00146931,0.96939356
h4,bull,1,rsi60+body,8584,0.04800665,0.05300559,0.00499894,1.10413012
h4,bull,1,rsi_lt45+macd,7919,0.04800665,0.05089026,0.00288361,1.06006689
h4,bull,1,rsi_lt45+macd_rising,17064,0.04800665,0.05004688,0.00204023,1.04249888
h4,bull,1,rsi_lt45+adx25,20266,0.04800665,0.06177835,0.01377169,1.28687054
h4,bull,1,rsi_lt45+adx_rising,24092,0.04800665,0.05661630,0.00860965,1.17934287
h4,bull,1,rsi_lt45+di,1017,0.04800665,0.04523107,-0.00277558,0.94218340
h4,bull,1,rsi_lt45+di_strong,153,0.04800665,0.04575163,-0.00225502,0.95302694
h4,bull,1,rsi_lt45+volatility,13331,0.04800665,0.08056410,0.03255745,1.67818611
h4,bull,1,rsi_lt45+bb,686,0.04800665,0.05102041,0.00301375,1.06277786
h4,bull,1,rsi_lt45+body,11502,0.04800665,0.05929404,0.01128738,1.23512121
h4,bull,1,macd+macd_rising,30100,0.04800665,0.04867110,0.00066444,1.01384064
h4,bull,1,macd+adx25,24487,0.04800665,0.04978152,0.00177486,1.03697120
h4,bull,1,macd+adx_rising,25637,0.04800665,0.04723642,-0.00077024,0.98395562
h4,bull,1,macd+di,38186,0.04800665,0.04784476,-0.00016189,0.99662769
h4,bull,1,macd+di_strong,29186,0.04800665,0.04861920,0.00061255,1.01275964
h4,bull,1,macd+volatility,16554,0.04800665,0.06216020,0.01415355,1.29482475
h4,bull,1,macd+bb,46837,0.04800665,0.04720627,-0.00080038,0.98332763
h4,bull,1,macd+bb_upper,24161,0.04800665,0.04751459,-0.00049206,0.98975009
h4,bull,1,macd+body,17022,0.04800665,0.05381271,0.00580606,1.12094281
h4,bull,1,macd_rising+adx25,24702,0.04800665,0.05315359,0.00514694,1.10721300
h4,bull,1,macd_rising+adx_rising,26567,0.04800665,0.05021267,0.00220602,1.04595231
h4,bull,1,macd_rising+di,26850,0.04800665,0.04837989,0.00037323,1.00777465
h4,bull,1,macd_rising+di_strong,19015,0.04800665,0.05117013,0.00316348,1.06589661
h4,bull,1,macd_rising+volatility,17344,0.04800665,0.06319188,0.01518523,1.31631508
h4,bull,1,macd_rising+bb,31391,0.04800665,0.04781625,-0.00019040,0.99603388
h4,bull,1,macd_rising+bb_upper,18291,0.04800665,0.04947789,0.00147123,1.03064642
h4,bull,1,macd_rising+body,17173,0.04800665,0.05188377,0.00387712,1.08076209
h4,bull,1,adx25+adx_rising,25659,0.04800665,0.05393819,0.00593154,1.12355654
h4,bull,1,adx25+di,21840,0.04800665,0.04684066,-0.00116599,0.97571183
h4,bull,1,adx25+di_strong,18800,0.04800665,0.04579787,-0.00220878,0.95399011
h4,bull,1,adx25+volatility,18689,0.04800665,0.07491038,0.02690372,1.56041652
h4,bull,1,adx25+bb,24121,0.04800665,0.04726172,-0.00074493,0.98448275
h4,bull,1,adx25+bb_upper,11255,0.04800665,0.04886717,0.00086052,1.01792495
h4,bull,1,adx25+body,14415,0.04800665,0.06021505,0.01220840,1.25430643
h4,bull,1,adx_rising+di,25132,0.04800665,0.04719083,-0.00081582,0.98300609
h4,bull,1,adx_rising+di_strong,24916,0.04800665,0.04711832,-0.00088834,0.98149557
h4,bull,1,adx_rising+volatility,16789,0.04800665,0.06867592,0.02066927,1.43055002
h4,bull,1,adx_rising+bb,25991,0.04800665,0.04640068,-0.00160598,0.96654680
h4,bull,1,adx_rising+bb_upper,17709,0.04800665,0.04873228,0.00072563,1.01511519
h4,bull,1,adx_rising+body,16335,0.04800665,0.05779002,0.00978337,1.20379192
h4,bull,1,di+di_strong,37750,0.04800665,0.04723179,-0.00077487,0.98385921
h4,bull,1,di+volatility,14894,0.04800665,0.05411575,0.00610910,1.12725524
h4,bull,1,di+bb,46918,0.04800665,0.04637879,-0.00162786,0.96609085
h4,bull,1,di+bb_upper,23855,0.04800665,0.04833368,0.00032703,1.00681217
h4,bull,1,di+body,15970,0.04800665,0.05209768,0.00409103,1.08521798
h4,bull,1,di_strong+volatility,10948,0.04800665,0.05425649,0.00624983,1.13018679
h4,bull,1,di_strong+bb,35750,0.04800665,0.04791608,-0.00009057,0.99811340
h4,bull,1,di_strong+bb_upper,20923,0.04800665,0.04913253,0.00112588,1.02345259
h4,bull,1,di_strong+body,11486,0.04800665,0.05572001,0.00771335,1.16067260
h4,bull,1,volatility+bb,16358,0.04800665,0.05611933,0.00811268,1.16899067
h4,bull,1,volatility+bb_upper,7646,0.04800665,0.05650013,0.00849348,1.17692292
h4,bull,1,volatility+body,11676,0.04800665,0.06817403,0.02016738,1.42009550
h4,bull,1,bb+bb_upper,25813,0.04800665,0.04734049,-0.00066617,0.98612347
h4,bull,1,bb+body,17486,0.04800665,0.05158412,0.00357747,1.07452032
h4,bull,1,bb_upper+body,8905,0.04800665,0.05659742,0.00859076,1.17894944
h4,bull,1,price20+price200+macd,30241,0.04800665,0.04467445,-0.00333220,0.93058869
h4,bull,1,price20+price200+volatility,11983,0.04800665,0.05357590,0.00556925,1.11600988
h4,bull,1,price20+price200+macd+volatility,8834,0.04800665,0.05546751,0.00746086,1.15541301
h4,bull,1,price200+macd+volatility,9435,0.04800665,0.05680975,0.00880310,1.18337245
h4,bull,1,price200+macd+di+volatility,8128,0.04800665,0.05536417,0.00735752,1.15326042
h4,bull,1,price200+volatility+bb,11570,0.04800665,0.05410545,0.00609879,1.12704055
h4,bull,1,trend+volatility+body,4427,0.04800665,0.06211882,0.01411216,1.29396265
h4,bull,1,trend+price20+macd+volatility,5743,0.04800665,0.05624238,0.00823573,1.17155390
h4,bull,1,macd+di+volatility+bb,10853,0.04800665,0.05620566,0.00819900,1.17078891
h4,bull,3,trend,46082,0.15624724,0.15235884,-0.00388840,0.97511382
h4,bull,3,price20,59479,0.15624724,0.15202004,-0.00422719,0.97294548
h4,bull,3,price200,62174,0.15624724,0.15247531,-0.00377192,0.97585926
h4,bull,3,ema20_rising,59479,0.15624724,0.15202004,-0.00422719,0.97294548
h4,bull,3,ema200_rising,62174,0.15624724,0.15247531,-0.00377192,0.97585926
h4,bull,3,momentum,68022,0.15624724,0.15012790,-0.00611934,0.96083556
h4,bull,3,rsi55,43003,0.15624724,0.14926866,-0.00697858,0.95533630
h4,bull,3,rsi60,27833,0.15624724,0.14554665,-0.01070058,0.93151506
h4,bull,3,rsi_lt45,37204,0.15624724,0.16740135,0.01115412,1.07138763
h4,bull,3,macd,56959,0.15624724,0.15581383,-0.00043340,0.99722616
h4,bull,3,macd_rising,56608,0.15624724,0.15799887,0.00175163,1.01121066
h4,bull,3,adx25,48620,0.15624724,0.16273139,0.00648415,1.04149930
h4,bull,3,adx_rising,53528,0.15624724,0.15683381,0.00058657,1.00375412
h4,bull,3,di,53590,0.15624724,0.15374137,-0.00250587,0.98396218
h4,bull,3,di_strong,37750,0.15624724,0.15327152,-0.00297571,0.98095511
h4,bull,3,volatility,34087,0.15624724,0.18215155,0.02590432,1.16579057
h4,bull,3,bb,59111,0.15624724,0.15240818,-0.00383905,0.97542962
h4,bull,3,bb_upper,25813,0.15624724,0.15097044,-0.00527679,0.96622792
h4,bull,3,body,33691,0.15624724,0.16657268,0.01032544,1.06608399
h4,bull,3,trend+price20,31774,0.15624724,0.15116133,-0.00508591,0.96744961
h4,bull,3,trend+price200,45042,0.15624724,0.15247991,-0.00376733,0.97588868
h4,bull,3,trend+ema20_rising,31774,0.15624724,0.15116133,-0.00508591,0.96744961
h4,bull,3,trend+ema200_rising,45042,0.15624724,0.15247991,-0.00376733,0.97588868
h4,bull,3,trend+momentum,33652,0.15624724,0.14641032,-0.00983692,0.93704261
h4,bull,3,trend+rsi55,26472,0.15624724,0.15098972,-0.00525751,0.96635134
h4,bull,3,trend+rsi60,18572,0.15624724,0.14920310,-0.00704413,0.95491675
h4,bull,3,trend+rsi_lt45,6512,0.15624724,0.17137592,0.01512869,1.09682531
h4,bull,3,trend+macd,20919,0.15624724,0.15435728,-0.00188995,0.98790409
h4,bull,3,trend+macd_rising,20539,0.15624724,0.15560641,-0.00064083,0.99589863
h4,bull,3,trend+adx25,18166,0.15624724,0.15567544,-0.00057180,0.99634043
h4,bull,3,trend+adx_rising,21444,0.15624724,0.15393583,-0.00231140,0.98520676
h4,bull,3,trend+di,30136,0.15624724,0.15463233,-0.00161490,0.98966445
h4,bull,3,trend+di_strong,22647,0.15624724,0.15569391,-0.00055332,0.99645866
h4,bull,3,trend+volatility,13063,0.15624724,0.17086427,0.01461704,1.09355070
h4,bull,3,trend+bb,29905,0.15624724,0.15024243,-0.00600480,0.96156860
h4,bull,3,trend+bb_upper,13691,0.15624724,0.15418888,-0.00205835,0.98682631
h4,bull,3,trend+body,13525,0.15624724,0.16650647,0.01025923,1.06566026
h4,bull,3,price20+price200,43555,0.15624724,0.14978762,-0.00645961,0.95865776
h4,bull,3,price20+ema20_rising,59479,0.15624724,0.15202004,-0.00422719,0.97294548
h4,bull,3,price20+ema200_rising,43555,0.15624724,0.14978762,-0.00645961,0.95865776
h4,bull,3,price20+momentum,51750,0.15624724,0.15143961,-0.00480762,0.96923068
h4,bull,3,price20+rsi55,42989,0.15624724,0.14924748,-0.00699975,0.95520079
h4,bull,3,price20+rsi60,27833,0.15624724,0.14554665,-0.01070058,0.93151506
h4,bull,3,price20+macd,44138,0.15624724,0.15374507,-0.00250216,0.98398587
h4,bull,3,price20+macd_rising,32844,0.15624724,0.15317866,-0.00306857,0.98036079
h4,bull,3,price20+adx25,23833,0.15624724,0.15046364,-0.00578359,0.96298435
h4,bull,3,price20+adx_rising,26035,0.15624724,0.15018245,-0.00606479,0.96118467
h4,bull,3,price20+di,48043,0.15624724,0.15490290,-0.00134434,0.99139610
h4,bull,3,price20+di_strong,36365,0.15624724,0.15451671,-0.00173053,0.98892442
h4,bull,3,price20+volatility,16332,0.15624724,0.16501347,0.00876624,1.05610490
h4,bull,3,price20+bb,55639,0.15624724,0.15208756,-0.00415967,0.97337764
h4,bull,3,price20+bb_upper,25799,0.15624724,0.15101361,-0.00523363,0.96650418
h4,bull,3,price20+body,17574,0.15624724,0.16262661,0.00637937,1.04082871
h4,bull,3,price200+ema20_rising,43555,0.15624724,0.14978762,-0.00645961,0.95865776
h4,bull,3,price200+ema200_rising,62174,0.15624724,0.15247531,-0.00377192,0.97585926
h4,bull,3,price200+momentum,45540,0.15624724,0.14797980,-0.00826744,0.94708747
h4,bull,3,price200+rsi55,35157,0.15624724,0.14816395,-0.00808328,0.94826606
h4,bull,3,price200+rsi60,24434,0.15624724,0.14557584,-0.01067140,0.93170184
h4,bull,3,price200+rsi_lt45,9119,0.15624724,0.17238732,0.01614009,1.10329839
h4,bull,3,price200+macd,32621,0.15624724,0.15198798,-0.00425925,0.97274031
h4,bull,3,price200+macd_rising,30824,0.15624724,0.15410070,-0.00214653,0.98626194
h4,bull,3,price200+adx25,24809,0.15624724,0.15135636,-0.00489087,0.96869786
h4,bull,3,price200+adx_rising,29019,0.15624724,0.15424377,-0.00200346,0.98717760
h4,bull,3,price200+di,40205,0.15624724,0.15189653,-0.00435070,0.97215500
h4,bull,3,price200+di_strong,30185,0.15624724,0.15265861,-0.00358863,0.97703236
h4,bull,3,price200+volatility,17701,0.15624724,0.17055534,0.01430810,1.09157346
h4,bull,3,price200+bb,41751,0.15624724,0.14895452,-0.00729272,0.95332577
h4,bull,3,price200+bb_upper,19911,0.15624724,0.14986691,-0.00638033,0.95916518
h4,bull,3,price200+body,18294,0.15624724,0.16245764,0.00621040,1.03974727
h4,bull,3,ema20_rising+ema200_rising,43555,0.15624724,0.14978762,-0.00645961,0.95865776
h4,bull,3,ema20_rising+momentum,51750,0.15624724,0.15143961,-0.00480762,0.96923068
h4,bull,3,ema20_rising+rsi55,42989,0.15624724,0.14924748,-0.00699975,0.95520079
h4,bull,3,ema20_rising+rsi60,27833,0.15624724,0.14554665,-0.01070058,0.93151506
h4,bull,3,ema20_rising+macd,44138,0.15624724,0.15374507,-0.00250216,0.98398587
h4,bull,3,ema20_rising+macd_rising,32844,0.15624724,0.15317866,-0.00306857,0.98036079
h4,bull,3,ema20_rising+adx25,23833,0.15624724,0.15046364,-0.00578359,0.96298435
h4,bull,3,ema20_rising+adx_rising,26035,0.15624724,0.15018245,-0.00606479,0.96118467
h4,bull,3,ema20_rising+di,48043,0.15624724,0.15490290,-0.00134434,0.99139610
h4,bull,3,ema20_rising+di_strong,36365,0.15624724,0.15451671,-0.00173053,0.98892442
h4,bull,3,ema20_rising+volatility,16332,0.15624724,0.16501347,0.00876624,1.05610490
h4,bull,3,ema20_rising+bb,55639,0.15624724,0.15208756,-0.00415967,0.97337764
h4,bull,3,ema20_rising+bb_upper,25799,0.15624724,0.15101361,-0.00523363,0.96650418
h4,bull,3,ema20_rising+body,17574,0.15624724,0.16262661,0.00637937,1.04082871
h4,bull,3,ema200_rising+momentum,45540,0.15624724,0.14797980,-0.00826744,0.94708747
h4,bull,3,ema200_rising+rsi55,35157,0.15624724,0.14816395,-0.00808328,0.94826606
h4,bull,3,ema200_rising+rsi60,24434,0.15624724,0.14557584,-0.01067140,0.93170184
h4,bull,3,ema200_rising+rsi_lt45,9119,0.15624724,0.17238732,0.01614009,1.10329839
h4,bull,3,ema200_rising+macd,32621,0.15624724,0.15198798,-0.00425925,0.97274031
h4,bull,3,ema200_rising+macd_rising,30824,0.15624724,0.15410070,-0.00214653,0.98626194
h4,bull,3,ema200_rising+adx25,24809,0.15624724,0.15135636,-0.00489087,0.96869786
h4,bull,3,ema200_rising+adx_rising,29019,0.15624724,0.15424377,-0.00200346,0.98717760
h4,bull,3,ema200_rising+di,40205,0.15624724,0.15189653,-0.00435070,0.97215500
h4,bull,3,ema200_rising+di_strong,30185,0.15624724,0.15265861,-0.00358863,0.97703236
h4,bull,3,ema200_rising+volatility,17701,0.15624724,0.17055534,0.01430810,1.09157346
h4,bull,3,ema200_rising+bb,41751,0.15624724,0.14895452,-0.00729272,0.95332577
h4,bull,3,ema200_rising+bb_upper,19911,0.15624724,0.14986691,-0.00638033,0.95916518
h4,bull,3,ema200_rising+body,18294,0.15624724,0.16245764,0.00621040,1.03974727
h4,bull,3,momentum+rsi55,35371,0.15624724,0.14811569,-0.00813155,0.94795718
h4,bull,3,momentum+rsi60,20201,0.15624724,0.14212168,-0.01412556,0.90959483
h4,bull,3,momentum+macd,42029,0.15624724,0.15363202,-0.00261522,0.98326230
h4,bull,3,momentum+macd_rising,34986,0.15624724,0.15108901,-0.00515823,0.96698676
h4,bull,3,momentum+adx25,22578,0.15624724,0.14731154,-0.00893569,0.94281055
h4,bull,3,momentum+adx_rising,22657,0.15624724,0.14441453,-0.01183271,0.92426935
h4,bull,3,momentum+di,45029,0.15624724,0.15332341,-0.00292382,0.98128721
h4,bull,3,momentum+di_strong,30178,0.15624724,0.15193187,-0.00431536,0.97238118
h4,bull,3,momentum+volatility,18044,0.15624724,0.16182665,0.00557941,1.03570886
h4,bull,3,momentum+bb,50803,0.15624724,0.15154617,-0.00470107,0.96991264
h4,bull,3,momentum+bb_upper,19057,0.15624724,0.14797712,-0.00827011,0.94707033
h4,bull,3,momentum+body,19549,0.15624724,0.15770628,0.00145904,1.00933803
h4,bull,3,rsi55+rsi60,27833,0.15624724,0.14554665,-0.01070058,0.93151506
h4,bull,3,rsi55+macd,32955,0.15624724,0.14996207,-0.00628517,0.95977423
h4,bull,3,rsi55+macd_rising,23037,0.15624724,0.14962886,-0.00661838,0.95764164
h4,bull,3,rsi55+adx25,19279,0.15624724,0.14985217,-0.00639506,0.95907086
h4,bull,3,rsi55+adx_rising,23703,0.15624724,0.15019196,-0.00605528,0.96124555
h4,bull,3,rsi55+di,39424,0.15624724,0.15257204,-0.00367520,0.97647832
h4,bull,3,rsi55+di_strong,33002,0.15624724,0.15353615,-0.00271109,0.98264874
h4,bull,3,rsi55+volatility,11907,0.15624724,0.15906610,0.00281886,1.01804103
h4,bull,3,rsi55+bb,42190,0.15624724,0.14908746,-0.00715977,0.95417664
h4,bull,3,rsi55+bb_upper,24448,0.15624724,0.15093259,-0.00531464,0.96598568
h4,bull,3,rsi55+body,12901,0.15624724,0.16045268,0.00420544,1.02691531
h4,bull,3,rsi60+macd,22842,0.15624724,0.14604676,-0.01020048,0.93471578
h4,bull,3,rsi60+macd_rising,15204,0.15624724,0.14818469,-0.00806255,0.94839879
h4,bull,3,rsi60+adx25,14950,0.15624724,0.14903010,-0.00721713,0.95380952
h4,bull,3,rsi60+adx_rising,19379,0.15624724,0.14959492,-0.00665231,0.95742444
h4,bull,3,rsi60+di,26841,0.15624724,0.14831787,-0.00792936,0.94925118
h4,bull,3,rsi60+di_strong,24747,0.15624724,0.15015962,-0.00608762,0.96103854
h4,bull,3,rsi60+volatility,8029,0.15624724,0.15767842,0.00143118,1.00915972
h4,bull,3,rsi60+bb,27763,0.15624724,0.14540936,-0.01083788,0.93063636
h4,bull,3,rsi60+bb_upper,19898,0.15624724,0.14855764,-0.00768959,0.95078575
h4,bull,3,rsi60+body,8584,0.15624724,0.16018173,0.00393450,1.02518123
h4,bull,3,rsi_lt45+macd,7919,0.15624724,0.16757166,0.01132443,1.07247762
h4,bull,3,rsi_lt45+macd_rising,17064,0.15624724,0.16942100,0.01317377,1.08431361
h4,bull,3,rsi_lt45+adx25,20266,0.15624724,0.18045001,0.02420278,1.15490053
h4,bull,3,rsi_lt45+adx_rising,24092,0.15624724,0.16769052,0.01144328,1.07323832
h4,bull,3,rsi_lt45+di,1017,0.15624724,0.14945919,-0.00678804,0.95655577
h4,bull,3,rsi_lt45+di_strong,153,0.15624724,0.15686275,0.00061551,1.00393933
h4,bull,3,rsi_lt45+volatility,13331,0.15624724,0.21168705,0.05543981,1.35482106
h4,bull,3,rsi_lt45+bb,686,0.15624724,0.18950437,0.03325714,1.21284945
h4,bull,3,rsi_lt45+body,11502,0.15624724,0.17936011,0.02311288,1.14792502
h4,bull,3,macd+macd_rising,30100,0.15624724,0.15621262,-0.00003461,0.99977849
h4,bull,3,macd+adx25,24487,0.15624724,0.15669539,0.00044815,1.00286824
h4,bull,3,macd+adx_rising,25637,0.15624724,0.15224090,-0.00400633,0.97435901
h4,bull,3,macd+di,38186,0.15624724,0.15573770,-0.00050953,0.99673895
h4,bull,3,macd+di_strong,29186,0.15624724,0.15414925,-0.00209799,0.98657266
h4,bull,3,macd+volatility,16554,0.15624724,0.17747976,0.02123253,1.13589058
h4,bull,3,macd+bb,46837,0.15624724,0.15430109,-0.00194615,0.98754443
h4,bull,3,macd+bb_upper,24161,0.15624724,0.15111130,-0.00513594,0.96712940
h4,bull,3,macd+body,17022,0.15624724,0.16690166,0.01065442,1.06818950
h4,bull,3,macd_rising+adx25,24702,0.15624724,0.16614039,0.00989316,1.06331733
h4,bull,3,macd_rising+adx_rising,26567,0.15624724,0.15816615,0.00191891,1.01228125
h4,bull,3,macd_rising+di,26850,0.15624724,0.15504655,-0.00120068,0.99231551
h4,bull,3,macd_rising+di_strong,19015,0.15624724,0.15508809,-0.00115915,0.99258133
h4,bull,3,macd_rising+volatility,17344,0.15624724,0.18565498,0.02940775,1.18821291
h4,bull,3,macd_rising+bb,31391,0.15624724,0.15370648,-0.00254076,0.98373886
h4,bull,3,macd_rising+bb_upper,18291,0.15624724,0.15083921,-0.00540802,0.96538803
h4,bull,3,macd_rising+body,17173,0.15624724,0.16694812,0.01070088,1.06848685
h4,bull,3,adx25+adx_rising,25659,0.15624724,0.16290580,0.00665857,1.04261559
h4,bull,3,adx25+di,21840,0.15624724,0.15027473,-0.00597251,0.96177526
h4,bull,3,adx25+di_strong,18800,0.15624724,0.14989362,-0.00635362,0.95933612
h4,bull,3,adx25+volatility,18689,0.15624724,0.20322115,0.04697391,1.30063835
h4,bull,3,adx25+bb,24121,0.15624724,0.15136188,-0.00488535,0.96873320
h4,bull,3,adx25+bb_upper,11255,0.15624724,0.15335406,-0.00289317,0.98148338
h4,bull,3,adx25+body,14415,0.15624724,0.17870274,0.02245551,1.14371778
h4,bull,3,adx_rising+di,25132,0.15624724,0.15239535,-0.00385188,0.97534752
h4,bull,3,adx_rising+di_strong,24916,0.15624724,0.15191042,-0.00433682,0.97224389
h4,bull,3,adx_rising+volatility,16789,0.15624724,0.18589553,0.02964829,1.18975242
h4,bull,3,adx_rising+bb,25991,0.15624724,0.15016737,-0.00607987,0.96108815
h4,bull,3,adx_rising+bb_upper,17709,0.15624724,0.15421537,-0.00203186,0.98699584
h4,bull,3,adx_rising+body,16335,0.15624724,0.16981941,0.01357217,1.08686343
h4,bull,3,di+di_strong,37750,0.15624724,0.15327152,-0.00297571,0.98095511
h4,bull,3,di+volatility,14894,0.15624724,0.16254868,0.00630144,1.04032994
h4,bull,3,di+bb,46918,0.15624724,0.15437572,-0.00187152,0.98802209
h4,bull,3,di+bb_upper,23855,0.15624724,0.15309160,-0.00315564,0.97980355
h4,bull,3,di+body,15970,0.15624724,0.16412023,0.00787299,1.05038803
h4,bull,3,di_strong+volatility,10948,0.15624724,0.16313482,0.00688758,1.04408132
h4,bull,3,di_strong+bb,35750,0.15624724,0.15429371,-0.00195353,0.98749719
h4,bull,3,di_strong+bb_upper,20923,0.15624724,0.15384983,-0.00239740,0.98465634
h4,bull,3,di_strong+body,11486,0.15624724,0.16811771,0.01187047,1.07597237
h4,bull,3,volatility+bb,16358,0.15624724,0.16695195,0.01070471,1.06851139
h4,bull,3,volatility+bb_upper,7646,0.15624724,0.16021449,0.00396726,1.02539089
h4,bull,3,volatility+body,11676,0.15624724,0.18670778,0.03046054,1.19495092
h4,bull,3,bb+bb_upper,25813,0.15624724,0.15097044,-0.00527679,0.96622792
h4,bull,3,bb+body,17486,0.15624724,0.16413131,0.00788407,1.05045894
h4,bull,3,bb_upper+body,8905,0.15624724,0.16316676,0.00691953,1.04428574
h4,bull,3,price20+price200+macd,30241,0.15624724,0.15108627,-0.00516096,0.96696926
h4,bull,3,price20+price200+volatility,11983,0.15624724,0.16456647,0.00831923,1.05324404
h4,bull,3,price20+price200+macd+volatility,8834,0.15624724,0.16594974,0.00970250,1.06209713
h4,bull,3,price200+macd+volatility,9435,0.15624724,0.16788553,0.01163830,1.07448642
h4,bull,3,price200+macd+di+volatility,8128,0.15624724,0.16424705,0.00799981,1.05119970
h4,bull,3,price200+volatility+bb,11570,0.15624724,0.16447710,0.00822986,1.05267204
h4,bull,3,trend+volatility+body,4427,0.15624724,0.18319404,0.02694680,1.17246258
h4,bull,3,trend+price20+macd+volatility,5743,0.15624724,0.17203552,0.01578829,1.10104682
h4,bull,3,macd+di+volatility+bb,10853,0.15624724,0.16318069,0.00693345,1.04437488
h4,bull,6,trend,46082,0.28318263,0.28047828,-0.00270435,0.99045015
h4,bull,6,price20,59479,0.28318263,0.27772827,-0.00545436,0.98073908
h4,bull,6,price200,62174,0.28318263,0.28177373,-0.00140890,0.99502477
h4,bull,6,ema20_rising,59479,0.28318263,0.27772827,-0.00545436,0.98073908
h4,bull,6,ema200_rising,62174,0.28318263,0.28177373,-0.00140890,0.99502477
h4,bull,6,momentum,68022,0.28318263,0.27671930,-0.00646333,0.97717609
h4,bull,6,rsi55,43003,0.28318263,0.27393438,-0.00924825,0.96734173
h4,bull,6,rsi60,27833,0.28318263,0.26856609,-0.01461654,0.94838476
h4,bull,6,rsi_lt45,37204,0.28318263,0.29574777,0.01256514,1.04437115
h4,bull,6,macd,56959,0.28318263,0.28060535,-0.00257728,0.99089887
h4,bull,6,macd_rising,56608,0.28318263,0.28455342,0.00137079,1.00484066
h4,bull,6,adx25,48620,0.28318263,0.28492390,0.00174127,1.00614893
h4,bull,6,adx_rising,53528,0.28318263,0.28226349,-0.00091914,0.99675424
h4,bull,6,di,53590,0.28318263,0.28102258,-0.00216005,0.99237223
h4,bull,6,di_strong,37750,0.28318263,0.27766887,-0.00551376,0.98052933
h4,bull,6,volatility,34087,0.28318263,0.31712970,0.03394707,1.11987694
h4,bull,6,bb,59111,0.28318263,0.27803624,-0.00514639,0.98182659
h4,bull,6,bb_upper,25813,0.28318263,0.27594623,-0.00723640,0.97444617
h4,bull,6,body,33691,0.28318263,0.29562791,0.01244528,1.04394790
h4,bull,6,trend+price20,31774,0.28318263,0.27670422,-0.00647841,0.97712287
h4,bull,6,trend+price200,45042,0.28318263,0.28058257,-0.00260006,0.99081842
h4,bull,6,trend+ema20_rising,31774,0.28318263,0.27670422,-0.00647841,0.97712287
h4,bull,6,trend+ema200_rising,45042,0.28318263,0.28058257,-0.00260006,0.99081842
h4,bull,6,trend+momentum,33652,0.28318263,0.27267324,-0.01050939,0.96288831
h4,bull,6,trend+rsi55,26472,0.28318263,0.27629193,-0.00689070,0.97566694
h4,bull,6,trend+rsi60,18572,0.28318263,0.27331467,-0.00986796,0.96515336
h4,bull,6,trend+rsi_lt45,6512,0.28318263,0.31004300,0.02686037,1.09485175
h4,bull,6,trend+macd,20919,0.28318263,0.27902863,-0.00415400,0.98533103
h4,bull,6,trend+macd_rising,20539,0.28318263,0.28370417,0.00052154,1.00184172
h4,bull,6,trend+adx25,18166,0.28318263,0.27766157,-0.00552106,0.98050352
h4,bull,6,trend+adx_rising,21444,0.28318263,0.28217683,-0.00100580,0.99644824
h4,bull,6,trend+di,30136,0.28318263,0.28225378,-0.00092885,0.99671997
h4,bull,6,trend+di_strong,22647,0.28318263,0.28043449,-0.00274814,0.99029554
h4,bull,6,trend+volatility,13063,0.28318263,0.29885937,0.01567674,1.05535913
h4,bull,6,trend+bb,29905,0.28318263,0.27570640,-0.00747623,0.97359927
h4,bull,6,trend+bb_upper,13691,0.28318263,0.28018406,-0.00299857,0.98941119
h4,bull,6,trend+body,13525,0.28318263,0.29634011,0.01315748,1.04646288
h4,bull,6,price20+price200,43555,0.28318263,0.27670761,-0.00647502,0.97713483
h4,bull,6,price20+ema20_rising,59479,0.28318263,0.27772827,-0.00545436,0.98073908
h4,bull,6,price20+ema200_rising,43555,0.28318263,0.27670761,-0.00647502,0.97713483
h4,bull,6,price20+momentum,51750,0.28318263,0.27764251,-0.00554012,0.98043623
h4,bull,6,price20+rsi55,42989,0.28318263,0.27390728,-0.00927535,0.96724604
h4,bull,6,price20+rsi60,27833,0.28318263,0.26856609,-0.01461654,0.94838476
h4,bull,6,price20+macd,44138,0.28318263,0.27849019,-0.00469244,0.98342963
h4,bull,6,price20+macd_rising,32844,0.28318263,0.28078188,-0.00240075,0.99152225
h4,bull,6,price20+adx25,23833,0.28318263,0.26958419,-0.01359844,0.95197996
h4,bull,6,price20+adx_rising,26035,0.28318263,0.27516804,-0.00801459,0.97169817
h4,bull,6,price20+di,48043,0.28318263,0.28160190,-0.00158073,0.99441798
h4,bull,6,price20+di_strong,36365,0.28318263,0.27870205,-0.00448058,0.98417777
h4,bull,6,price20+volatility,16332,0.28318263,0.29145236,0.00826973,1.02920283
h4,bull,6,price20+bb,55639,0.28318263,0.27789860,-0.00528403,0.98134054
h4,bull,6,price20+bb_upper,25799,0.28318263,0.27601845,-0.00716418,0.97470120
h4,bull,6,price20+body,17574,0.28318263,0.28894958,0.00576695,1.02036479
h4,bull,6,price200+ema20_rising,43555,0.28318263,0.27670761,-0.00647502,0.97713483
h4,bull,6,price200+ema200_rising,62174,0.28318263,0.28177373,-0.00140890,0.99502477
h4,bull,6,price200+momentum,45540,0.28318263,0.27667984,-0.00650279,0.97703677
h4,bull,6,price200+rsi55,35157,0.28318263,0.27456836,-0.00861427,0.96958053
h4,bull,6,price200+rsi60,24434,0.28318263,0.27019727,-0.01298536,0.95414491
h4,bull,6,price200+rsi_lt45,9119,0.28318263,0.30957342,0.02639079,1.09319353
h4,bull,6,price200+macd,32621,0.28318263,0.27788848,-0.00529415,0.98130481
h4,bull,6,price200+macd_rising,30824,0.28318263,0.28312354,-0.00005909,0.99979133
h4,bull,6,price200+adx25,24809,0.28318263,0.27373131,-0.00945132,0.96662464
h4,bull,6,price200+adx_rising,29019,0.28318263,0.28253903,-0.00064360,0.99772725
h4,bull,6,price200+di,40205,0.28318263,0.28018903,-0.00299360,0.98942873
h4,bull,6,price200+di_strong,30185,0.28318263,0.27854895,-0.00463368,0.98363712
h4,bull,6,price200+volatility,17701,0.28318263,0.30246879,0.01928616,1.06810501
h4,bull,6,price200+bb,41751,0.28318263,0.27537065,-0.00781198,0.97241363
h4,bull,6,price200+bb_upper,19911,0.28318263,0.27637989,-0.00680274,0.97597755
h4,bull,6,price200+body,18294,0.28318263,0.29452279,0.01134016,1.04004541
h4,bull,6,ema20_rising+ema200_rising,43555,0.28318263,0.27670761,-0.00647502,0.97713483
h4,bull,6,ema20_rising+momentum,51750,0.28318263,0.27764251,-0.00554012,0.98043623
h4,bull,6,ema20_rising+rsi55,42989,0.28318263,0.27390728,-0.00927535,0.96724604
h4,bull,6,ema20_rising+rsi60,27833,0.28318263,0.26856609,-0.01461654,0.94838476
h4,bull,6,ema20_rising+macd,44138,0.28318263,0.27849019,-0.00469244,0.98342963
h4,bull,6,ema20_rising+macd_rising,32844,0.28318263,0.28078188,-0.00240075,0.99152225
h4,bull,6,ema20_rising+adx25,23833,0.28318263,0.26958419,-0.01359844,0.95197996
h4,bull,6,ema20_rising+adx_rising,26035,0.28318263,0.27516804,-0.00801459,0.97169817
h4,bull,6,ema20_rising+di,48043,0.28318263,0.28160190,-0.00158073,0.99441798
h4,bull,6,ema20_rising+di_strong,36365,0.28318263,0.27870205,-0.00448058,0.98417777
h4,bull,6,ema20_rising+volatility,16332,0.28318263,0.29145236,0.00826973,1.02920283
h4,bull,6,ema20_rising+bb,55639,0.28318263,0.27789860,-0.00528403,0.98134054
h4,bull,6,ema20_rising+bb_upper,25799,0.28318263,0.27601845,-0.00716418,0.97470120
h4,bull,6,ema20_rising+body,17574,0.28318263,0.28894958,0.00576695,1.02036479
h4,bull,6,ema200_rising+momentum,45540,0.28318263,0.27667984,-0.00650279,0.97703677
h4,bull,6,ema200_rising+rsi55,35157,0.28318263,0.27456836,-0.00861427,0.96958053
h4,bull,6,ema200_rising+rsi60,24434,0.28318263,0.27019727,-0.01298536,0.95414491
h4,bull,6,ema200_rising+rsi_lt45,9119,0.28318263,0.30957342,0.02639079,1.09319353
h4,bull,6,ema200_rising+macd,32621,0.28318263,0.27788848,-0.00529415,0.98130481
h4,bull,6,ema200_rising+macd_rising,30824,0.28318263,0.28312354,-0.00005909,0.99979133
h4,bull,6,ema200_rising+adx25,24809,0.28318263,0.27373131,-0.00945132,0.96662464
h4,bull,6,ema200_rising+adx_rising,29019,0.28318263,0.28253903,-0.00064360,0.99772725
h4,bull,6,ema200_rising+di,40205,0.28318263,0.28018903,-0.00299360,0.98942873
h4,bull,6,ema200_rising+di_strong,30185,0.28318263,0.27854895,-0.00463368,0.98363712
h4,bull,6,ema200_rising+volatility,17701,0.28318263,0.30246879,0.01928616,1.06810501
h4,bull,6,ema200_rising+bb,41751,0.28318263,0.27537065,-0.00781198,0.97241363
h4,bull,6,ema200_rising+bb_upper,19911,0.28318263,0.27637989,-0.00680274,0.97597755
h4,bull,6,ema200_rising+body,18294,0.28318263,0.29452279,0.01134016,1.04004541
h4,bull,6,momentum+rsi55,35371,0.28318263,0.27350089,-0.00968174,0.96581097
h4,bull,6,momentum+rsi60,20201,0.28318263,0.26577892,-0.01740371,0.93854246
h4,bull,6,momentum+macd,42029,0.28318263,0.27909301,-0.00408962,0.98555835
h4,bull,6,momentum+macd_rising,34986,0.28318263,0.27902590,-0.00415673,0.98532136
h4,bull,6,momentum+adx25,22578,0.28318263,0.26685269,-0.01632994,0.94233424
h4,bull,6,momentum+adx_rising,22657,0.28318263,0.26932074,-0.01386189,0.95104964
h4,bull,6,momentum+di,45029,0.28318263,0.28139643,-0.00178620,0.99369242
h4,bull,6,momentum+di_strong,30178,0.28318263,0.27665849,-0.00652414,0.97696138
h4,bull,6,momentum+volatility,18044,0.28318263,0.29272888,0.00954625,1.03371059
h4,bull,6,momentum+bb,50803,0.28318263,0.27777887,-0.00540376,0.98091776
h4,bull,6,momentum+bb_upper,19057,0.28318263,0.27402005,-0.00916259,0.96764425
h4,bull,6,momentum+body,19549,0.28318263,0.28487391,0.00169128,1.00597239
h4,bull,6,rsi55+rsi60,27833,0.28318263,0.26856609,-0.01461654,0.94838476
h4,bull,6,rsi55+macd,32955,0.28318263,0.27276589,-0.01041674,0.96321548
h4,bull,6,rsi55+macd_rising,23037,0.28318263,0.27698919,-0.00619344,0.97812917
h4,bull,6,rsi55+adx25,19279,0.28318263,0.26868614,-0.01449650,0.94880867
h4,bull,6,rsi55+adx_rising,23703,0.28318263,0.27405814,-0.00912449,0.96777876
h4,bull,6,rsi55+di,39424,0.28318263,0.27762277,-0.00555986,0.98036651
h4,bull,6,rsi55+di_strong,33002,0.28318263,0.27722562,-0.00595701,0.97896408
h4,bull,6,rsi55+volatility,11907,0.28318263,0.28344671,0.00026408,1.00093255
h4,bull,6,rsi55+bb,42190,0.28318263,0.27364304,-0.00953959,0.96631295
h4,bull,6,rsi55+bb_upper,24448,0.28318263,0.27523724,-0.00794539,0.97194252
h4,bull,6,rsi55+body,12901,0.28318263,0.28563677,0.00245414,1.00866629
h4,bull,6,rsi60+macd,22842,0.28318263,0.26753349,-0.01564914,0.94473835
h4,bull,6,rsi60+macd_rising,15204,0.28318263,0.27374375,-0.00943888,0.96666858
h4,bull,6,rsi60+adx25,14950,0.28318263,0.26923077,-0.01395186,0.95073193
h4,bull,6,rsi60+adx_rising,19379,0.28318263,0.27354353,-0.00963910,0.96596153
h4,bull,6,rsi60+di,26841,0.28318263,0.27148765,-0.01169498,0.95870163
h4,bull,6,rsi60+di_strong,24747,0.28318263,0.27276033,-0.01042230,0.96319585
h4,bull,6,rsi60+volatility,8029,0.28318263,0.27849047,-0.00469216,0.98343063
h4,bull,6,rsi60+bb,27763,0.28318263,0.26834276,-0.01483987,0.94759611
h4,bull,6,rsi60+bb_upper,19898,0.28318263,0.27218816,-0.01099447,0.96117533
h4,bull,6,rsi60+body,8584,0.28318263,0.28133737,-0.00184526,0.99348386
h4,bull,6,rsi_lt45+macd,7919,0.28318263,0.29208233,0.00889970,1.03142743
h4,bull,6,rsi_lt45+macd_rising,17064,0.28318263,0.29371777,0.01053514,1.03720263
h4,bull,6,rsi_lt45+adx25,20266,0.28318263,0.30519096,0.02200833,1.07771780
h4,bull,6,rsi_lt45+adx_rising,24092,0.28318263,0.29399801,0.01081538,1.03819223
h4,bull,6,rsi_lt45+di,1017,0.28318263,0.28318584,0.00000321,1.00001134
h4,bull,6,rsi_lt45+di_strong,153,0.28318263,0.31372549,0.03054286,1.10785570
h4,bull,6,rsi_lt45+volatility,13331,0.28318263,0.35608732,0.07290468,1.25744759
h4,bull,6,rsi_lt45+bb,686,0.28318263,0.31632653,0.03314390,1.11704072
h4,bull,6,rsi_lt45+body,11502,0.28318263,0.31246740,0.02928477,1.10341300
h4,bull,6,macd+macd_rising,30100,0.28318263,0.28332226,0.00013963,1.00049307
h4,bull,6,macd+adx25,24487,0.28318263,0.27528893,-0.00789370,0.97212505
h4,bull,6,macd+adx_rising,25637,0.28318263,0.27483715,-0.00834548,0.97052969
h4,bull,6,macd+di,38186,0.28318263,0.28054784,-0.00263479,0.99069581
h4,bull,6,macd+di_strong,29186,0.28318263,0.27725622,-0.00592641,0.97907212
h4,bull,6,macd+volatility,16554,0.28318263,0.30910958,0.02592695,1.09155558
h4,bull,6,macd+bb,46837,0.28318263,0.27905289,-0.00412975,0.98541667
h4,bull,6,macd+bb_upper,24161,0.28318263,0.27565084,-0.00753179,0.97340307
h4,bull,6,macd+body,17022,0.28318263,0.29215133,0.00896870,1.03167109
h4,bull,6,macd_rising+adx25,24702,0.28318263,0.28823577,0.00505314,1.01784410
h4,bull,6,macd_rising+adx_rising,26567,0.28318263,0.28369782,0.00051519,1.00181929
h4,bull,6,macd_rising+di,26850,0.28318263,0.28357542,0.00039279,1.00138705
h4,bull,6,macd_rising+di_strong,19015,0.28318263,0.28167236,-0.00151027,0.99466681
h4,bull,6,macd_rising+volatility,17344,0.28318263,0.32189806,0.03871543,1.13671542
h4,bull,6,macd_rising+bb,31391,0.28318263,0.28192794,-0.00125469,0.99556933
h4,bull,6,macd_rising+bb_upper,18291,0.28318263,0.27811492,-0.00506771,0.98210444
h4,bull,6,macd_rising+body,17173,0.28318263,0.29668666,0.01350403,1.04768664
h4,bull,6,adx25+adx_rising,25659,0.28318263,0.28169453,-0.00148810,0.99474509
h4,bull,6,adx25+di,21840,0.28318263,0.27000916,-0.01317347,0.95348065
h4,bull,6,adx25+di_strong,18800,0.28318263,0.26691489,-0.01626774,0.94255390
h4,bull,6,adx25+volatility,18689,0.28318263,0.33891594,0.05573331,1.19681048
h4,bull,6,adx25+bb,24121,0.28318263,0.27109158,-0.01209105,0.95730299
h4,bull,6,adx25+bb_upper,11255,0.28318263,0.27356730,-0.00961533,0.96604549
h4,bull,6,adx25+body,14415,0.28318263,0.30322581,0.02004318,1.07077827
h4,bull,6,adx_rising+di,25132,0.28318263,0.27789273,-0.00528990,0.98131981
h4,bull,6,adx_rising+di_strong,24916,0.28318263,0.27737197,-0.00581066,0.97948087
h4,bull,6,adx_rising+volatility,16789,0.28318263,0.31949491,0.03631228,1.12822918
h4,bull,6,adx_rising+bb,25991,0.28318263,0.27444115,-0.00874148,0.96913131
h4,bull,6,adx_rising+bb_upper,17709,0.28318263,0.27934948,-0.00383315,0.98646405
h4,bull,6,adx_rising+body,16335,0.28318263,0.29788797,0.01470534,1.05192882
h4,bull,6,di+di_strong,37750,0.28318263,0.27766887,-0.00551376,0.98052933
h4,bull,6,di+volatility,14894,0.28318263,0.29045253,0.00726990,1.02567213
h4,bull,6,di+bb,46918,0.28318263,0.28042542,-0.00275721,0.99026350
h4,bull,6,di+bb_upper,23855,0.28318263,0.27763572,-0.00554691,0.98041224
h4,bull,6,di+body,15970,0.28318263,0.29023168,0.00704905,1.02489225
h4,bull,6,di_strong+volatility,10948,0.28318263,0.28772379,0.00454115,1.01603613
h4,bull,6,di_strong+bb,35750,0.28318263,0.27806993,-0.00511270,0.98194557
h4,bull,6,di_strong+bb_upper,20923,0.28318263,0.27773264,-0.00544999,0.98075450
h4,bull,6,di_strong+body,11486,0.28318263,0.29113704,0.00795441,1.02808931
h4,bull,6,volatility+bb,16358,0.28318263,0.29587969,0.01269706,1.04483701
h4,bull,6,volatility+bb_upper,7646,0.28318263,0.28904002,0.00585739,1.02068414
h4,bull,6,volatility+body,11676,0.28318263,0.32476876,0.04158613,1.14685267
h4,bull,6,bb+bb_upper,25813,0.28318263,0.27594623,-0.00723640,0.97444617
h4,bull,6,bb+body,17486,0.28318263,0.29006062,0.00687799,1.02428818
h4,bull,6,bb_upper+body,8905,0.28318263,0.28804043,0.00485780,1.01715429
h4,bull,6,price20+price200+macd,30241,0.28318263,0.27710724,-0.00607539,0.97854603
h4,bull,6,price20+price200+volatility,11983,0.28318263,0.28732371,0.00414108,1.01462335
h4,bull,6,price20+price200+macd+volatility,8834,0.28318263,0.28854426,0.00536163,1.01893347
h4,bull,6,price200+macd+volatility,9435,0.28318263,0.29189189,0.00870926,1.03075493
h4,bull,6,price200+macd+di+volatility,8128,0.28318263,0.28567913,0.00249650,1.00881588
h4,bull,6,price200+volatility+bb,11570,0.28318263,0.28755402,0.00437139,1.01543664
h4,bull,6,trend+volatility+body,4427,0.28318263,0.31285295,0.02967032,1.10477450
h4,bull,6,trend+price20+macd+volatility,5743,0.28318263,0.29113704,0.00795441,1.02808931
h4,bull,6,macd+di+volatility+bb,10853,0.28318263,0.28775454,0.00457191,1.01614473
h4,bull,12,trend,46082,0.43216605,0.43045007,-0.00171598,0.99602934
h4,bull,12,price20,59479,0.43216605,0.42773080,-0.00443525,0.98973715
h4,bull,12,price200,62174,0.43216605,0.43186863,-0.00029742,0.99931178
h4,bull,12,ema20_rising,59479,0.43216605,0.42773080,-0.00443525,0.98973715
h4,bull,12,ema200_rising,62174,0.43216605,0.43186863,-0.00029742,0.99931178
h4,bull,12,momentum,68022,0.43216605,0.42762636,-0.00453969,0.98949549
h4,bull,12,rsi55,43003,0.43216605,0.42236588,-0.00980017,0.97732314
h4,bull,12,rsi60,27833,0.43216605,0.41562174,-0.01654431,0.96171771
h4,bull,12,rsi_lt45,37204,0.43216605,0.44266746,0.01050140,1.02429947
h4,bull,12,macd,56959,0.43216605,0.42613108,-0.00603497,0.98603552
h4,bull,12,macd_rising,56608,0.43216605,0.43493852,0.00277247,1.00641530
h4,bull,12,adx25,48620,0.43216605,0.43066639,-0.00149966,0.99652990
h4,bull,12,adx_rising,53528,0.43216605,0.42854207,-0.00362398,0.99161438
h4,bull,12,di,53590,0.43216605,0.43153573,-0.00063032,0.99854150
h4,bull,12,di_strong,37750,0.43216605,0.42532450,-0.00684155,0.98416917
h4,bull,12,volatility,34087,0.43216605,0.45644967,0.02428362,1.05619049
h4,bull,12,bb,59111,0.43216605,0.42701020,-0.00515585,0.98806975
h4,bull,12,bb_upper,25813,0.43216605,0.41827761,-0.01388844,0.96786319
h4,bull,12,body,33691,0.43216605,0.44451040,0.01234435,1.02856391
h4,bull,12,trend+price20,31774,0.43216605,0.42682697,-0.00533908,0.98764576
h4,bull,12,trend+price200,45042,0.43216605,0.43030949,-0.00185656,0.99570406
h4,bull,12,trend+ema20_rising,31774,0.43216605,0.42682697,-0.00533908,0.98764576
h4,bull,12,trend+ema200_rising,45042,0.43216605,0.43030949,-0.00185656,0.99570406
h4,bull,12,trend+momentum,33652,0.43216605,0.42410555,-0.00806050,0.98134861
h4,bull,12,trend+rsi55,26472,0.43216605,0.42527954,-0.00688651,0.98406513
h4,bull,12,trend+rsi60,18572,0.43216605,0.42235624,-0.00980982,0.97730082
h4,bull,12,trend+rsi_lt45,6512,0.43216605,0.45823096,0.02606491,1.06031225
h4,bull,12,trend+macd,20919,0.43216605,0.42430326,-0.00786279,0.98180610
h4,bull,12,trend+macd_rising,20539,0.43216605,0.43152052,-0.00064553,0.99850630
h4,bull,12,trend+adx25,18166,0.43216605,0.42607068,-0.00609537,0.98589577
h4,bull,12,trend+adx_rising,21444,0.43216605,0.42645962,-0.00570643,0.98679574
h4,bull,12,trend+di,30136,0.43216605,0.43323600,0.00106995,1.00247578
h4,bull,12,trend+di_strong,22647,0.43216605,0.42778293,-0.00438312,0.98985779
h4,bull,12,trend+volatility,13063,0.43216605,0.43420348,0.00203743,1.00471445
h4,bull,12,trend+bb,29905,0.43216605,0.42628323,-0.00588282,0.98638759
h4,bull,12,trend+bb_upper,13691,0.43216605,0.42202907,-0.01013698,0.97654378
h4,bull,12,trend+body,13525,0.43216605,0.44088725,0.00872120,1.02018020
h4,bull,12,price20+price200,43555,0.43216605,0.42739066,-0.00477539,0.98895009
h4,bull,12,price20+ema20_rising,59479,0.43216605,0.42773080,-0.00443525,0.98973715
h4,bull,12,price20+ema200_rising,43555,0.43216605,0.42739066,-0.00477539,0.98895009
h4,bull,12,price20+momentum,51750,0.43216605,0.42892754,-0.00323851,0.99250632
h4,bull,12,price20+rsi55,42989,0.43216605,0.42236386,-0.00980219,0.97731846
h4,bull,12,price20+rsi60,27833,0.43216605,0.41562174,-0.01654431,0.96171771
h4,bull,12,price20+macd,44138,0.43216605,0.42503059,-0.00713546,0.98348907
h4,bull,12,price20+macd_rising,32844,0.43216605,0.42884545,-0.00332060,0.99231638
h4,bull,12,price20+adx25,23833,0.43216605,0.41799186,-0.01417419,0.96720198
h4,bull,12,price20+adx_rising,26035,0.43216605,0.42101018,-0.01115587,0.97418615
h4,bull,12,price20+di,48043,0.43216605,0.43088483,-0.00128122,0.99703536
h4,bull,12,price20+di_strong,36365,0.43216605,0.42604152,-0.00612453,0.98582830
h4,bull,12,price20+volatility,16332,0.43216605,0.42946363,-0.00270242,0.99374680
h4,bull,12,price20+bb,55639,0.43216605,0.42761372,-0.00455233,0.98946626
h4,bull,12,price20+bb_upper,25799,0.43216605,0.41819450,-0.01397155,0.96767088
h4,bull,12,price20+body,17574,0.43216605,0.43854558,0.00637953,1.01476175
h4,bull,12,price200+ema20_rising,43555,0.43216605,0.42739066,-0.00477539,0.98895009
h4,bull,12,price200+ema200_rising,62174,0.43216605,0.43186863,-0.00029742,0.99931178
h4,bull,12,price200+momentum,45540,0.43216605,0.42874396,-0.00342209,0.99208154
h4,bull,12,price200+rsi55,35157,0.43216605,0.42364252,-0.00852353,0.98027718
h4,bull,12,price200+rsi60,24434,0.43216605,0.41843333,-0.01373272,0.96822351
h4,bull,12,price200+rsi_lt45,9119,0.43216605,0.45619037,0.02402432,1.05559049
h4,bull,12,price200+macd,32621,0.43216605,0.42469575,-0.00747030,0.98271428
h4,bull,12,price200+macd_rising,30824,0.43216605,0.43264988,0.00048383,1.00111955
h4,bull,12,price200+adx25,24809,0.43216605,0.42137934,-0.01078671,0.97504035
h4,bull,12,price200+adx_rising,29019,0.43216605,0.42813329,-0.00403276,0.99066850
h4,bull,12,price200+di,40205,0.43216605,0.43238403,0.00021798,1.00050439
h4,bull,12,price200+di_strong,30185,0.43216605,0.42723207,-0.00493398,0.98858314
h4,bull,12,price200+volatility,17701,0.43216605,0.43941020,0.00724415,1.01676243
h4,bull,12,price200+bb,41751,0.43216605,0.42624129,-0.00592476,0.98629054
h4,bull,12,price200+bb_upper,19911,0.43216605,0.41795992,-0.01420613,0.96712808
h4,bull,12,price200+body,18294,0.43216605,0.44282278,0.01065673,1.02465889
h4,bull,12,ema20_rising+ema200_rising,43555,0.43216605,0.42739066,-0.00477539,0.98895009
h4,bull,12,ema20_rising+momentum,51750,0.43216605,0.42892754,-0.00323851,0.99250632
h4,bull,12,ema20_rising+rsi55,42989,0.43216605,0.42236386,-0.00980219,0.97731846
h4,bull,12,ema20_rising+rsi60,27833,0.43216605,0.41562174,-0.01654431,0.96171771
h4,bull,12,ema20_rising+macd,44138,0.43216605,0.42503059,-0.00713546,0.98348907
h4,bull,12,ema20_rising+macd_rising,32844,0.43216605,0.42884545,-0.00332060,0.99231638
h4,bull,12,ema20_rising+adx25,23833,0.43216605,0.41799186,-0.01417419,0.96720198
h4,bull,12,ema20_rising+adx_rising,26035,0.43216605,0.42101018,-0.01115587,0.97418615
h4,bull,12,ema20_rising+di,48043,0.43216605,0.43088483,-0.00128122,0.99703536
h4,bull,12,ema20_rising+di_strong,36365,0.43216605,0.42604152,-0.00612453,0.98582830
h4,bull,12,ema20_rising+volatility,16332,0.43216605,0.42946363,-0.00270242,0.99374680
h4,bull,12,ema20_rising+bb,55639,0.43216605,0.42761372,-0.00455233,0.98946626
h4,bull,12,ema20_rising+bb_upper,25799,0.43216605,0.41819450,-0.01397155,0.96767088
h4,bull,12,ema20_rising+body,17574,0.43216605,0.43854558,0.00637953,1.01476175
h4,bull,12,ema200_rising+momentum,45540,0.43216605,0.42874396,-0.00342209,0.99208154
h4,bull,12,ema200_rising+rsi55,35157,0.43216605,0.42364252,-0.00852353,0.98027718
h4,bull,12,ema200_rising+rsi60,24434,0.43216605,0.41843333,-0.01373272,0.96822351
h4,bull,12,ema200_rising+rsi_lt45,9119,0.43216605,0.45619037,0.02402432,1.05559049
h4,bull,12,ema200_rising+macd,32621,0.43216605,0.42469575,-0.00747030,0.98271428
h4,bull,12,ema200_rising+macd_rising,30824,0.43216605,0.43264988,0.00048383,1.00111955
h4,bull,12,ema200_rising+adx25,24809,0.43216605,0.42137934,-0.01078671,0.97504035
h4,bull,12,ema200_rising+adx_rising,29019,0.43216605,0.42813329,-0.00403276,0.99066850
h4,bull,12,ema200_rising+di,40205,0.43216605,0.43238403,0.00021798,1.00050439
h4,bull,12,ema200_rising+di_strong,30185,0.43216605,0.42723207,-0.00493398,0.98858314
h4,bull,12,ema200_rising+volatility,17701,0.43216605,0.43941020,0.00724415,1.01676243
h4,bull,12,ema200_rising+bb,41751,0.43216605,0.42624129,-0.00592476,0.98629054
h4,bull,12,ema200_rising+bb_upper,19911,0.43216605,0.41795992,-0.01420613,0.96712808
h4,bull,12,ema200_rising+body,18294,0.43216605,0.44282278,0.01065673,1.02465889
h4,bull,12,momentum+rsi55,35371,0.43216605,0.42368042,-0.00848563,0.98036488
h4,bull,12,momentum+rsi60,20201,0.43216605,0.41537548,-0.01679057,0.96114786
h4,bull,12,momentum+macd,42029,0.43216605,0.42570606,-0.00645999,0.98505206
h4,bull,12,momentum+macd_rising,34986,0.43216605,0.43040073,-0.00176532,0.99591518
h4,bull,12,momentum+adx25,22578,0.43216605,0.41620161,-0.01596444,0.96305948
h4,bull,12,momentum+adx_rising,22657,0.43216605,0.41686896,-0.01529709,0.96460367
h4,bull,12,momentum+di,45029,0.43216605,0.43312088,0.00095483,1.00220940
h4,bull,12,momentum+di_strong,30178,0.43216605,0.42570747,-0.00645858,0.98505532
h4,bull,12,momentum+volatility,18044,0.43216605,0.43244292,0.00027687,1.00064065
h4,bull,12,momentum+bb,50803,0.43216605,0.42845895,-0.00370710,0.99142204
h4,bull,12,momentum+bb_upper,19057,0.43216605,0.41732697,-0.01483908,0.96566347
h4,bull,12,momentum+body,19549,0.43216605,0.43490716,0.00274111,1.00634271
h4,bull,12,rsi55+rsi60,27833,0.43216605,0.41562174,-0.01654431,0.96171771
h4,bull,12,rsi55+macd,32955,0.43216605,0.41699287,-0.01517318,0.96489039
h4,bull,12,rsi55+macd_rising,23037,0.43216605,0.42192994,-0.01023611,0.97631440
h4,bull,12,rsi55+adx25,19279,0.43216605,0.41755278,-0.01461327,0.96618598
h4,bull,12,rsi55+adx_rising,23703,0.43216605,0.42019997,-0.01196608,0.97231139
h4,bull,12,rsi55+di,39424,0.43216605,0.42489347,-0.00727258,0.98317178
h4,bull,12,rsi55+di_strong,33002,0.43216605,0.42315617,-0.00900988,0.97915181
h4,bull,12,rsi55+volatility,11907,0.43216605,0.42008902,-0.01207703,0.97205466
h4,bull,12,rsi55+bb,42190,0.43216605,0.42258829,-0.00957776,0.97783778
h4,bull,12,rsi55+bb_upper,24448,0.43216605,0.41602585,-0.01614020,0.96265278
h4,bull,12,rsi55+body,12901,0.43216605,0.43298969,0.00082364,1.00190584
h4,bull,12,rsi60+macd,22842,0.43216605,0.40999037,-0.02217568,0.94868713
h4,bull,12,rsi60+macd_rising,15204,0.43216605,0.41600895,-0.01615711,0.96261366
h4,bull,12,rsi60+adx25,14950,0.43216605,0.41685619,-0.01530986,0.96457412
h4,bull,12,rsi60+adx_rising,19379,0.43216605,0.41952629,-0.01263976,0.97075254
h4,bull,12,rsi60+di,26841,0.43216605,0.41797996,-0.01418609,0.96717444
h4,bull,12,rsi60+di_strong,24747,0.43216605,0.41855578,-0.01361027,0.96850686
h4,bull,12,rsi60+volatility,8029,0.43216605,0.41088554,-0.02128051,0.95075849
h4,bull,12,rsi60+bb,27763,0.43216605,0.41573317,-0.01643288,0.96197554
h4,bull,12,rsi60+bb_upper,19898,0.43216605,0.41285556,-0.01931049,0.95531697
h4,bull,12,rsi60+body,8584,0.43216605,0.42975303,-0.00241302,0.99441645
h4,bull,12,rsi_lt45+macd,7919,0.43216605,0.43705013,0.00488408,1.01130140
h4,bull,12,rsi_lt45+macd_rising,17064,0.43216605,0.44579231,0.01362626,1.03153015
h4,bull,12,rsi_lt45+adx25,20266,0.43216605,0.44675812,0.01459207,1.03376495
h4,bull,12,rsi_lt45+adx_rising,24092,0.43216605,0.44085174,0.00868568,1.02009803
h4,bull,12,rsi_lt45+di,1017,0.43216605,0.45722714,0.02506109,1.05798949
h4,bull,12,rsi_lt45+di_strong,153,0.43216605,0.54248366,0.11031761,1.25526672
h4,bull,12,rsi_lt45+volatility,13331,0.43216605,0.49718701,0.06502096,1.15045364
h4,bull,12,rsi_lt45+bb,686,0.43216605,0.43294461,0.00077856,1.00180152
h4,bull,12,rsi_lt45+body,11502,0.43216605,0.46139802,0.02923197,1.06764059
h4,bull,12,macd+macd_rising,30100,0.43216605,0.42906977,-0.00309628,0.99283543
h4,bull,12,macd+adx25,24487,0.43216605,0.42005962,-0.01210643,0.97198663
h4,bull,12,macd+adx_rising,25637,0.43216605,0.42013496,-0.01203109,0.97216096
h4,bull,12,macd+di,38186,0.43216605,0.42740795,-0.00475810,0.98899011
h4,bull,12,macd+di_strong,29186,0.43216605,0.42266840,-0.00949765,0.97802315
h4,bull,12,macd+volatility,16554,0.43216605,0.44611574,0.01394969,1.03227855
h4,bull,12,macd+bb,46837,0.43216605,0.42451481,-0.00765124,0.98229559
h4,bull,12,macd+bb_upper,24161,0.43216605,0.41757378,-0.01459227,0.96623457
h4,bull,12,macd+body,17022,0.43216605,0.43643520,0.00426915,1.00987850
h4,bull,12,macd_rising+adx25,24702,0.43216605,0.43320379,0.00103774,1.00240125
h4,bull,12,macd_rising+adx_rising,26567,0.43216605,0.43136222,-0.00080383,0.99813999
h4,bull,12,macd_rising+di,26850,0.43216605,0.43217877,0.00001272,1.00002943
h4,bull,12,macd_rising+di_strong,19015,0.43216605,0.42766237,-0.00450368,0.98957882
h4,bull,12,macd_rising+volatility,17344,0.43216605,0.46575185,0.03358579,1.07771502
h4,bull,12,macd_rising+bb,31391,0.43216605,0.42907203,-0.00309402,0.99284066
h4,bull,12,macd_rising+bb_upper,18291,0.43216605,0.42140944,-0.01075661,0.97511000
h4,bull,12,macd_rising+body,17173,0.43216605,0.44878588,0.01661983,1.03845706
h4,bull,12,adx25+adx_rising,25659,0.43216605,0.42690674,-0.00525931,0.98783034
h4,bull,12,adx25+di,21840,0.43216605,0.41895604,-0.01321001,0.96943303
h4,bull,12,adx25+di_strong,18800,0.43216605,0.41611702,-0.01604903,0.96286374
h4,bull,12,adx25+volatility,18689,0.43216605,0.48012200,0.04795595,1.11096648
h4,bull,12,adx25+bb,24121,0.43216605,0.42038058,-0.01178547,0.97272930
h4,bull,12,adx25+bb_upper,11255,0.43216605,0.41892492,-0.01324113,0.96936102
h4,bull,12,adx25+body,14415,0.43216605,0.44890739,0.01674134,1.03873821
h4,bull,12,adx_rising+di,25132,0.43216605,0.42392169,-0.00824436,0.98092317
h4,bull,12,adx_rising+di_strong,24916,0.43216605,0.42342270,-0.00874335,0.97976854
h4,bull,12,adx_rising+volatility,16789,0.43216605,0.45625112,0.02408507,1.05573105
h4,bull,12,adx_rising+bb,25991,0.43216605,0.42003001,-0.01213604,0.97191811
h4,bull,12,adx_rising+bb_upper,17709,0.43216605,0.42340053,-0.00876552,0.97971724
h4,bull,12,adx_rising+body,16335,0.43216605,0.44640343,0.01423738,1.03294423
h4,bull,12,di+di_strong,37750,0.43216605,0.42532450,-0.00684155,0.98416917
h4,bull,12,di+volatility,14894,0.43216605,0.42728616,-0.00487989,0.98870829
h4,bull,12,di+bb,46918,0.43216605,0.43015474,-0.00201131,0.99534597
h4,bull,12,di+bb_upper,23855,0.43216605,0.41957661,-0.01258944,0.97086897
h4,bull,12,di+body,15970,0.43216605,0.43857232,0.00640627,1.01482364
h4,bull,12,di_strong+volatility,10948,0.43216605,0.42117282,-0.01099323,0.97456248
h4,bull,12,di_strong+bb,35750,0.43216605,0.42604196,-0.00612409,0.98582931
h4,bull,12,di_strong+bb_upper,20923,0.43216605,0.41934713,-0.01281892,0.97033797
h4,bull,12,di_strong+body,11486,0.43216605,0.43827268,0.00610663,1.01413029
h4,bull,12,volatility+bb,16358,0.43216605,0.43348820,0.00132215,1.00305936
h4,bull,12,volatility+bb_upper,7646,0.43216605,0.42021972,-0.01194633,0.97235709
h4,bull,12,volatility+body,11676,0.43216605,0.46445701,0.03229096,1.07471886
h4,bull,12,bb+bb_upper,25813,0.43216605,0.41827761,-0.01388844,0.96786319
h4,bull,12,bb+body,17486,0.43216605,0.43846506,0.00629901,1.01457543
h4,bull,12,bb_upper+body,8905,0.43216605,0.43346435,0.00129830,1.00300416
h4,bull,12,price20+price200+macd,30241,0.43216605,0.42422539,-0.00794066,0.98162590
h4,bull,12,price20+price200+volatility,11983,0.43216605,0.42218142,-0.00998463,0.97689632
h4,bull,12,price20+price200+macd+volatility,8834,0.43216605,0.41928911,-0.01287694,0.97020372
h4,bull,12,price200+macd+volatility,9435,0.43216605,0.42034976,-0.01181629,0.97265799
h4,bull,12,price200+macd+di+volatility,8128,0.43216605,0.41547736,-0.01668869,0.96138362
h4,bull,12,price200+volatility+bb,11570,0.43216605,0.42178047,-0.01038558,0.97596853
h4,bull,12,trend+volatility+body,4427,0.43216605,0.44522250,0.01305645,1.03021165
h4,bull,12,trend+price20+macd+volatility,5743,0.43216605,0.41546230,-0.01670375,0.96134877
h4,bull,12,macd+di+volatility+bb,10853,0.43216605,0.42246383,-0.00970222,0.97754980
h4,bull,24,trend,46082,0.58129988,0.57918493,-0.00211495,0.99636169
h4,bull,24,price20,59479,0.58129988,0.57622018,-0.00507970,0.99126148
h4,bull,24,price200,62174,0.58129988,0.57992087,-0.00137901,0.99762771
h4,bull,24,ema20_rising,59479,0.58129988,0.57622018,-0.00507970,0.99126148
h4,bull,24,ema200_rising,62174,0.58129988,0.57992087,-0.00137901,0.99762771
h4,bull,24,momentum,68022,0.58129988,0.57744553,-0.00385435,0.99336944
h4,bull,24,rsi55,43003,0.58129988,0.57337860,-0.00792128,0.98637317
h4,bull,24,rsi60,27833,0.58129988,0.57316854,-0.00813134,0.98601180
h4,bull,24,rsi_lt45,37204,0.58129988,0.59028599,0.00898611,1.01545865
h4,bull,24,macd,56959,0.58129988,0.57592303,-0.00537685,0.99075031
h4,bull,24,macd_rising,56608,0.58129988,0.58085430,-0.00044558,0.99923347
h4,bull,24,adx25,48620,0.58129988,0.57737557,-0.00392431,0.99324907
h4,bull,24,adx_rising,53528,0.58129988,0.57945374,-0.00184613,0.99682413
h4,bull,24,di,53590,0.58129988,0.58385893,0.00255905,1.00440229
h4,bull,24,di_strong,37750,0.58129988,0.57957616,-0.00172372,0.99703472
h4,bull,24,volatility,34087,0.58129988,0.60049286,0.01919298,1.03301734
h4,bull,24,bb,59111,0.58129988,0.57581499,-0.00548489,0.99056445
h4,bull,24,bb_upper,25813,0.58129988,0.56816333,-0.01313655,0.97740142
h4,bull,24,body,33691,0.58129988,0.58787213,0.00657225,1.01130613
h4,bull,24,trend+price20,31774,0.58129988,0.57370806,-0.00759181,0.98693993
h4,bull,24,trend+price200,45042,0.58129988,0.57863772,-0.00266216,0.99542033
h4,bull,24,trend+ema20_rising,31774,0.58129988,0.57370806,-0.00759181,0.98693993
h4,bull,24,trend+ema200_rising,45042,0.58129988,0.57863772,-0.00266216,0.99542033
h4,bull,24,trend+momentum,33652,0.58129988,0.57348746,-0.00781242,0.98656043
h4,bull,24,trend+rsi55,26472,0.58129988,0.57460713,-0.00669275,0.98848659
h4,bull,24,trend+rsi60,18572,0.58129988,0.57635150,-0.00494838,0.99148739
h4,bull,24,trend+rsi_lt45,6512,0.58129988,0.60810811,0.02680823,1.04611773
h4,bull,24,trend+macd,20919,0.58129988,0.57354558,-0.00775430,0.98666042
h4,bull,24,trend+macd_rising,20539,0.58129988,0.57962900,-0.00167088,0.99712562
h4,bull,24,trend+adx25,18166,0.58129988,0.57233293,-0.00896695,0.98457432
h4,bull,24,trend+adx_rising,21444,0.58129988,0.57936952,-0.00193036,0.99667924
h4,bull,24,trend+di,30136,0.58129988,0.58348819,0.00218831,1.00376451
h4,bull,24,trend+di_strong,22647,0.58129988,0.57879631,-0.00250357,0.99569315
h4,bull,24,trend+volatility,13063,0.58129988,0.57873383,-0.00256605,0.99558567
h4,bull,24,trend+bb,29905,0.58129988,0.57361645,-0.00768343,0.98678234
h4,bull,24,trend+bb_upper,13691,0.58129988,0.57388065,-0.00741923,0.98723683
h4,bull,24,trend+body,13525,0.58129988,0.58491682,0.00361694,1.00622216
h4,bull,24,price20+price200,43555,0.58129988,0.57479049,-0.00650938,0.98880202
h4,bull,24,price20+ema20_rising,59479,0.58129988,0.57622018,-0.00507970,0.99126148
h4,bull,24,price20+ema200_rising,43555,0.58129988,0.57479049,-0.00650938,0.98880202
h4,bull,24,price20+momentum,51750,0.58129988,0.57731401,-0.00398587,0.99314318
h4,bull,24,price20+rsi55,42989,0.58129988,0.57337924,-0.00792064,0.98637426
h4,bull,24,price20+rsi60,27833,0.58129988,0.57316854,-0.00813134,0.98601180
h4,bull,24,price20+macd,44138,0.58129988,0.57544519,-0.00585468,0.98992829
h4,bull,24,price20+macd_rising,32844,0.58129988,0.57279868,-0.00850119,0.98537555
h4,bull,24,price20+adx25,23833,0.58129988,0.57025972,-0.01104015,0.98100782
h4,bull,24,price20+adx_rising,26035,0.58129988,0.57595544,-0.00534443,0.99080606
h4,bull,24,price20+di,48043,0.58129988,0.58156235,0.00026247,1.00045153
h4,bull,24,price20+di_strong,36365,0.58129988,0.57937577,-0.00192410,0.99669000
h4,bull,24,price20+volatility,16332,0.58129988,0.57482243,-0.00647744,0.98885697
h4,bull,24,price20+bb,55639,0.58129988,0.57625047,-0.00504941,0.99131360
h4,bull,24,price20+bb_upper,25799,0.58129988,0.56808403,-0.01321584,0.97726502
h4,bull,24,price20+body,17574,0.58129988,0.58097189,-0.00032799,0.99943577
h4,bull,24,price200+ema20_rising,43555,0.58129988,0.57479049,-0.00650938,0.98880202
h4,bull,24,price200+ema200_rising,62174,0.58129988,0.57992087,-0.00137901,0.99762771
h4,bull,24,price200+momentum,45540,0.58129988,0.57736056,-0.00393932,0.99322326
h4,bull,24,price200+rsi55,35157,0.58129988,0.57348465,-0.00781522,0.98655561
h4,bull,24,price200+rsi60,24434,0.58129988,0.57366784,-0.00763204,0.98687074
h4,bull,24,price200+rsi_lt45,9119,0.58129988,0.60149139,0.02019151,1.03473511
h4,bull,24,price200+macd,32621,0.58129988,0.57392477,-0.00737511,0.98731274
h4,bull,24,price200+macd_rising,30824,0.58129988,0.57802362,-0.00327626,0.99436391
h4,bull,24,price200+adx25,24809,0.58129988,0.57120400,-0.01009588,0.98263224
h4,bull,24,price200+adx_rising,29019,0.58129988,0.57910335,-0.00219653,0.99622134
h4,bull,24,price200+di,40205,0.58129988,0.58316130,0.00186142,1.00320217
h4,bull,24,price200+di_strong,30185,0.58129988,0.57866490,-0.00263498,0.99546709
h4,bull,24,price200+volatility,17701,0.58129988,0.58250946,0.00120958,1.00208083
h4,bull,24,price200+bb,41751,0.58129988,0.57390242,-0.00739746,0.98727429
h4,bull,24,price200+bb_upper,19911,0.58129988,0.56943398,-0.01186590,0.97958731
h4,bull,24,price200+body,18294,0.58129988,0.58664043,0.00534055,1.00918726
h4,bull,24,ema20_rising+ema200_rising,43555,0.58129988,0.57479049,-0.00650938,0.98880202
h4,bull,24,ema20_rising+momentum,51750,0.58129988,0.57731401,-0.00398587,0.99314318
h4,bull,24,ema20_rising+rsi55,42989,0.58129988,0.57337924,-0.00792064,0.98637426
h4,bull,24,ema20_rising+rsi60,27833,0.58129988,0.57316854,-0.00813134,0.98601180
h4,bull,24,ema20_rising+macd,44138,0.58129988,0.57544519,-0.00585468,0.98992829
h4,bull,24,ema20_rising+macd_rising,32844,0.58129988,0.57279868,-0.00850119,0.98537555
h4,bull,24,ema20_rising+adx25,23833,0.58129988,0.57025972,-0.01104015,0.98100782
h4,bull,24,ema20_rising+adx_rising,26035,0.58129988,0.57595544,-0.00534443,0.99080606
h4,bull,24,ema20_rising+di,48043,0.58129988,0.58156235,0.00026247,1.00045153
h4,bull,24,ema20_rising+di_strong,36365,0.58129988,0.57937577,-0.00192410,0.99669000
h4,bull,24,ema20_rising+volatility,16332,0.58129988,0.57482243,-0.00647744,0.98885697
h4,bull,24,ema20_rising+bb,55639,0.58129988,0.57625047,-0.00504941,0.99131360
h4,bull,24,ema20_rising+bb_upper,25799,0.58129988,0.56808403,-0.01321584,0.97726502
h4,bull,24,ema20_rising+body,17574,0.58129988,0.58097189,-0.00032799,0.99943577
h4,bull,24,ema200_rising+momentum,45540,0.58129988,0.57736056,-0.00393932,0.99322326
h4,bull,24,ema200_rising+rsi55,35157,0.58129988,0.57348465,-0.00781522,0.98655561
h4,bull,24,ema200_rising+rsi60,24434,0.58129988,0.57366784,-0.00763204,0.98687074
h4,bull,24,ema200_rising+rsi_lt45,9119,0.58129988,0.60149139,0.02019151,1.03473511
h4,bull,24,ema200_rising+macd,32621,0.58129988,0.57392477,-0.00737511,0.98731274
h4,bull,24,ema200_rising+macd_rising,30824,0.58129988,0.57802362,-0.00327626,0.99436391
h4,bull,24,ema200_rising+adx25,24809,0.58129988,0.57120400,-0.01009588,0.98263224
h4,bull,24,ema200_rising+adx_rising,29019,0.58129988,0.57910335,-0.00219653,0.99622134
h4,bull,24,ema200_rising+di,40205,0.58129988,0.58316130,0.00186142,1.00320217
h4,bull,24,ema200_rising+di_strong,30185,0.58129988,0.57866490,-0.00263498,0.99546709
h4,bull,24,ema200_rising+volatility,17701,0.58129988,0.58250946,0.00120958,1.00208083
h4,bull,24,ema200_rising+bb,41751,0.58129988,0.57390242,-0.00739746,0.98727429
h4,bull,24,ema200_rising+bb_upper,19911,0.58129988,0.56943398,-0.01186590,0.97958731
h4,bull,24,ema200_rising+body,18294,0.58129988,0.58664043,0.00534055,1.00918726
h4,bull,24,momentum+rsi55,35371,0.58129988,0.57482118,-0.00647870,0.98885481
h4,bull,24,momentum+rsi60,20201,0.58129988,0.57561507,-0.00568481,0.99022052
h4,bull,24,momentum+macd,42029,0.58129988,0.57515049,-0.00614939,0.98942132
h4,bull,24,momentum+macd_rising,34986,0.58129988,0.57731664,-0.00398324,0.99314771
h4,bull,24,momentum+adx25,22578,0.58129988,0.57033395,-0.01096592,0.98113551
h4,bull,24,momentum+adx_rising,22657,0.58129988,0.57434788,-0.00695199,0.98804061
h4,bull,24,momentum+di,45029,0.58129988,0.58553377,0.00423389,1.00728349
h4,bull,24,momentum+di_strong,30178,0.58129988,0.58115183,-0.00014805,0.99974532
h4,bull,24,momentum+volatility,18044,0.58129988,0.57980492,-0.00149496,0.99742825
h4,bull,24,momentum+bb,50803,0.58129988,0.57665886,-0.00464102,0.99201614
h4,bull,24,momentum+bb_upper,19057,0.58129988,0.56834759,-0.01295229,0.97771840
h4,bull,24,momentum+body,19549,0.58129988,0.58038774,-0.00091213,0.99843087
h4,bull,24,rsi55+rsi60,27833,0.58129988,0.57316854,-0.00813134,0.98601180
h4,bull,24,rsi55+macd,32955,0.58129988,0.57120316,-0.01009672,0.98263079
h4,bull,24,rsi55+macd_rising,23037,0.58129988,0.56582888,-0.01547099,0.97338552
h4,bull,24,rsi55+adx25,19279,0.58129988,0.57248820,-0.00881168,0.98484142
h4,bull,24,rsi55+adx_rising,23703,0.58129988,0.57406235,-0.00723752,0.98754942
h4,bull,24,rsi55+di,39424,0.58129988,0.57700893,-0.00429095,0.99261836
h4,bull,24,rsi55+di_strong,33002,0.58129988,0.57566208,-0.00563780,0.99030140
h4,bull,24,rsi55+volatility,11907,0.58129988,0.56596960,-0.01533028,0.97362759
h4,bull,24,rsi55+bb,42190,0.58129988,0.57390377,-0.00739611,0.98727660
h4,bull,24,rsi55+bb_upper,24448,0.58129988,0.56728567,-0.01401421,0.97589160
h4,bull,24,rsi55+body,12901,0.58129988,0.57910240,-0.00219748,0.99621971
h4,bull,24,rsi60+macd,22842,0.58129988,0.56991507,-0.01138481,0.98041491
h4,bull,24,rsi60+macd_rising,15204,0.58129988,0.56386477,-0.01743511,0.97000669
h4,bull,24,rsi60+adx25,14950,0.58129988,0.57645485,-0.00484503,0.99166518
h4,bull,24,rsi60+adx_rising,19379,0.58129988,0.57459105,-0.00670883,0.98845892
h4,bull,24,rsi60+di,26841,0.58129988,0.57501583,-0.00628404,0.98918967
h4,bull,24,rsi60+di_strong,24747,0.58129988,0.57392815,-0.00737172,0.98731855
h4,bull,24,rsi60+volatility,8029,0.58129988,0.56457840,-0.01672147,0.97123434
h4,bull,24,rsi60+bb,27763,0.58129988,0.57338904,-0.00791083,0.98639113
h4,bull,24,rsi60+bb_upper,19898,0.58129988,0.56739371,-0.01390617,0.97607746
h4,bull,24,rsi60+body,8584,0.58129988,0.57991612,-0.00138375,0.99761955
h4,bull,24,rsi_lt45+macd,7919,0.58129988,0.58656396,0.00526408,1.00905571
h4,bull,24,rsi_lt45+macd_rising,17064,0.58129988,0.59188936,0.01058948,1.01821690
h4,bull,24,rsi_lt45+adx25,20266,0.58129988,0.58496990,0.00367002,1.00631348
h4,bull,24,rsi_lt45+adx_rising,24092,0.58129988,0.58695833,0.00565845,1.00973413
h4,bull,24,rsi_lt45+di,1017,0.58129988,0.62635202,0.04505214,1.07750240
h4,bull,24,rsi_lt45+di_strong,153,0.58129988,0.69281046,0.11151058,1.19182970
h4,bull,24,rsi_lt45+volatility,13331,0.58129988,0.63678644,0.05548656,1.09545256
h4,bull,24,rsi_lt45+bb,686,0.58129988,0.60641399,0.02511412,1.04320337
h4,bull,24,rsi_lt45+body,11502,0.58129988,0.60276474,0.02146486,1.03692562
h4,bull,24,macd+macd_rising,30100,0.58129988,0.57481728,-0.00648260,0.98884809
h4,bull,24,macd+adx25,24487,0.58129988,0.57585658,-0.00544330,0.99063598
h4,bull,24,macd+adx_rising,25637,0.58129988,0.57346803,-0.00783184,0.98652702
h4,bull,24,macd+di,38186,0.58129988,0.58063165,-0.00066823,0.99885045
h4,bull,24,macd+di_strong,29186,0.58129988,0.57942164,-0.00187824,0.99676890
h4,bull,24,macd+volatility,16554,0.58129988,0.59182071,0.01052083,1.01809880
h4,bull,24,macd+bb,46837,0.58129988,0.57495143,-0.00634845,0.98907887
h4,bull,24,macd+bb_upper,24161,0.58129988,0.56860229,-0.01269758,0.97815657
h4,bull,24,macd+body,17022,0.58129988,0.58130654,0.00000667,1.00001147
h4,bull,24,macd_rising+adx25,24702,0.58129988,0.57213991,-0.00915997,0.98424226
h4,bull,24,macd_rising+adx_rising,26567,0.58129988,0.57906425,-0.00223563,0.99615409
h4,bull,24,macd_rising+di,26850,0.58129988,0.57880819,-0.00249168,0.99571360
h4,bull,24,macd_rising+di_strong,19015,0.58129988,0.57517749,-0.00612239,0.98946777
h4,bull,24,macd_rising+volatility,17344,0.58129988,0.60251384,0.02121396,1.03649400
h4,bull,24,macd_rising+bb,31391,0.58129988,0.57280749,-0.00849239,0.98539070
h4,bull,24,macd_rising+bb_upper,18291,0.58129988,0.56601607,-0.01528380,0.97370754
h4,bull,24,macd_rising+body,17173,0.58129988,0.58982123,0.00852135,1.01465913
h4,bull,24,adx25+adx_rising,25659,0.58129988,0.57539265,-0.00590723,0.98983790
h4,bull,24,adx25+di,21840,0.58129988,0.57422161,-0.00707827,0.98782338
h4,bull,24,adx25+di_strong,18800,0.58129988,0.57335106,-0.00794881,0.98632579
h4,bull,24,adx25+volatility,18689,0.58129988,0.61763604,0.03633616,1.06250847
h4,bull,24,adx25+bb,24121,0.58129988,0.57348369,-0.00781619,0.98655394
h4,bull,24,adx25+bb_upper,11255,0.58129988,0.57005775,-0.01124213,0.98066037
h4,bull,24,adx25+body,14415,0.58129988,0.58591745,0.00461757,1.00794352
h4,bull,24,adx_rising+di,25132,0.58129988,0.57866465,-0.00263523,0.99546666
h4,bull,24,adx_rising+di_strong,24916,0.58129988,0.57870445,-0.00259543,0.99553513
h4,bull,24,adx_rising+volatility,16789,0.58129988,0.59777235,0.01647247,1.02833731
h4,bull,24,adx_rising+bb,25991,0.58129988,0.57481436,-0.00648552,0.98884308
h4,bull,24,adx_rising+bb_upper,17709,0.58129988,0.57400192,-0.00729796,0.98744545
h4,bull,24,adx_rising+body,16335,0.58129988,0.58965412,0.00835424,1.01437165
h4,bull,24,di+di_strong,37750,0.58129988,0.57957616,-0.00172372,0.99703472
h4,bull,24,di+volatility,14894,0.58129988,0.57560091,-0.00569896,0.99019617
h4,bull,24,di+bb,46918,0.58129988,0.58169572,0.00039585,1.00068097
h4,bull,24,di+bb_upper,23855,0.58129988,0.57073989,-0.01055999,0.98183383
h4,bull,24,di+body,15970,0.58129988,0.58678773,0.00548785,1.00944065
h4,bull,24,di_strong+volatility,10948,0.58129988,0.56859700,-0.01270287,0.97814747
h4,bull,24,di_strong+bb,35750,0.58129988,0.58002797,-0.00127191,0.99781196
h4,bull,24,di_strong+bb_upper,20923,0.58129988,0.57114181,-0.01015807,0.98252525
h4,bull,24,di_strong+body,11486,0.58129988,0.58549539,0.00419551,1.00721746
h4,bull,24,volatility+bb,16358,0.58129988,0.57916616,-0.00213372,0.99632940
h4,bull,24,volatility+bb_upper,7646,0.58129988,0.56238556,-0.01891432,0.96746203
h4,bull,24,volatility+body,11676,0.58129988,0.60131894,0.02001907,1.03443845
h4,bull,24,bb+bb_upper,25813,0.58129988,0.56816333,-0.01313655,0.97740142
h4,bull,24,bb+body,17486,0.58129988,0.58086469,-0.00043519,0.99925136
h4,bull,24,bb_upper+body,8905,0.58129988,0.58001123,-0.00128865,0.99778316
h4,bull,24,price20+price200+macd,30241,0.58129988,0.57422043,-0.00707945,0.98782135
h4,bull,24,price20+price200+volatility,11983,0.58129988,0.56705333,-0.01424655,0.97549191
h4,bull,24,price20+price200+macd+volatility,8834,0.58129988,0.56678741,-0.01451247,0.97503446
h4,bull,24,price200+macd+volatility,9435,0.58129988,0.56693164,-0.01436824,0.97528257
h4,bull,24,price200+macd+di+volatility,8128,0.58129988,0.56422244,-0.01707744,0.97062198
h4,bull,24,price200+volatility+bb,11570,0.58129988,0.56750216,-0.01379772,0.97626403
h4,bull,24,trend+volatility+body,4427,0.58129988,0.57917326,-0.00212662,0.99634161
h4,bull,24,trend+price20+macd+volatility,5743,0.58129988,0.56416507,-0.01713481,0.97052329
h4,bull,24,macd+di+volatility+bb,10853,0.58129988,0.57385055,-0.00744933,0.98718505
h4,bear,1,trend,66944,0.04800665,0.05060946,0.00260281,1.05421772
h4,bear,1,price20,53547,0.04800665,0.05087120,0.00286454,1.05966973
h4,bear,1,price200,50852,0.04800665,0.05205302,0.00404636,1.08428755
h4,bear,1,ema20_rising,53547,0.04800665,0.05087120,0.00286454,1.05966973
h4,bear,1,ema200_rising,50852,0.04800665,0.05205302,0.00404636,1.08428755
h4,bear,1,momentum,45004,0.04800665,0.05326193,0.00525528,1.10946980
h4,bear,1,rsi55,70023,0.04800665,0.05001214,0.00200549,1.04177516
h4,bear,1,rsi60,85193,0.04800665,0.04929983,0.00129317,1.02693734
h4,bear,1,rsi_lt45,75822,0.04800665,0.04480230,-0.00320435,0.93325189
h4,bear,1,macd,56067,0.04800665,0.04844204,0.00043539,1.00906935
h4,bear,1,macd_rising,56418,0.04800665,0.04833564,0.00032898,1.00685289
h4,bear,1,adx25,64406,0.04800665,0.04418843,-0.00381822,0.92046470
h4,bear,1,adx_rising,59498,0.04800665,0.04571582,-0.00229083,0.95228097
h4,bear,1,di,59436,0.04800665,0.04983512,0.00182846,1.03808771
h4,bear,1,di_strong,75276,0.04800665,0.04839524,0.00038859,1.00809441
h4,bear,1,volatility,78939,0.04800665,0.04068965,-0.00731701,0.84758348
h4,bear,1,bb,53915,0.04800665,0.05061671,0.00261006,1.05436868
h4,bear,1,bb_upper,87213,0.04800665,0.04820382,0.00019717,1.00410713
h4,bear,1,body,79335,0.04800665,0.04586878,-0.00213787,0.95546723
h4,bear,1,trend+price20,39239,0.04800665,0.05219297,0.00418632,1.08720287
h4,bear,1,trend+price200,49812,0.04800665,0.05203565,0.00402900,1.08392588
h4,bear,1,trend+ema20_rising,39239,0.04800665,0.05219297,0.00418632,1.08720287
h4,bear,1,trend+ema200_rising,49812,0.04800665,0.05203565,0.00402900,1.08392588
h4,bear,1,trend+momentum,32574,0.04800665,0.05353963,0.00553298,1.11525443
h4,bear,1,trend+rsi55,50413,0.04800665,0.05149465,0.00348800,1.07265661
h4,bear,1,trend+rsi60,57683,0.04800665,0.05143630,0.00342965,1.07144104
h4,bear,1,trend+rsi_lt45,36252,0.04800665,0.04733532,-0.00067133,0.98601582
h4,bear,1,trend+macd,30904,0.04800665,0.05258219,0.00457554,1.09531047
h4,bear,1,trend+macd_rising,30875,0.04800665,0.05140081,0.00339416,1.07070179
h4,bear,1,trend+adx25,36490,0.04800665,0.04560153,-0.00240512,0.94990031
h4,bear,1,trend+adx_rising,34860,0.04800665,0.04870912,0.00070247,1.01463274
h4,bear,1,trend+di,43490,0.04800665,0.05208094,0.00407428,1.08486917
h4,bear,1,trend+di_strong,51841,0.04800665,0.05100210,0.00299545,1.06239654
h4,bear,1,trend+volatility,45920,0.04800665,0.04163763,-0.00636902,0.86733042
h4,bear,1,trend+bb,37738,0.04800665,0.05220202,0.00419537,1.08739145
h4,bear,1,trend+bb_upper,54822,0.04800665,0.05092846,0.00292181,1.06086252
h4,bear,1,trend+body,46778,0.04800665,0.04854846,0.00054181,1.01128614
h4,bear,1,price20+price200,34928,0.04800665,0.05270843,0.00470178,1.09794008
h4,bear,1,price20+ema20_rising,53547,0.04800665,0.05087120,0.00286454,1.05966973
h4,bear,1,price20+ema200_rising,34928,0.04800665,0.05270843,0.00470178,1.09794008
h4,bear,1,price20+momentum,37275,0.04800665,0.05448692,0.00648027,1.13498688
h4,bear,1,price20+rsi55,53533,0.04800665,0.05086582,0.00285917,1.05955774
h4,bear,1,price20+rsi60,53547,0.04800665,0.05087120,0.00286454,1.05966973
h4,bear,1,price20+rsi_lt45,16380,0.04800665,0.04255189,-0.00545476,0.88637490
h4,bear,1,price20+macd,40726,0.04800665,0.05129401,0.00328736,1.06847718
h4,bear,1,price20+macd_rising,29783,0.04800665,0.05331901,0.00531235,1.11065871
h4,bear,1,price20+adx25,28760,0.04800665,0.04394993,-0.00405672,0.91549665
h4,bear,1,price20+adx_rising,26054,0.04800665,0.04724802,-0.00075863,0.98419740
h4,bear,1,price20+di,48000,0.04800665,0.05225000,0.00424335,1.08839080
h4,bear,1,price20+di_strong,52162,0.04800665,0.05151260,0.00350594,1.07303034
h4,bear,1,price20+volatility,35792,0.04800665,0.03936634,-0.00864031,0.82001840
h4,bear,1,price20+bb,50075,0.04800665,0.05104343,0.00303678,1.06325751
h4,bear,1,price20+bb_upper,53533,0.04800665,0.05088450,0.00287785,1.05994685
h4,bear,1,price20+body,37430,0.04800665,0.04931873,0.00131207,1.02733111
h4,bear,1,price200+ema20_rising,34928,0.04800665,0.05270843,0.00470178,1.09794008
h4,bear,1,price200+ema200_rising,50852,0.04800665,0.05205302,0.00404636,1.08428755
h4,bear,1,price200+momentum,28370,0.04800665,0.05505816,0.00705151,1.14688603
h4,bear,1,price200+rsi55,43006,0.04800665,0.05203925,0.00403260,1.08400079
h4,bear,1,price200+rsi60,47453,0.04800665,0.05211472,0.00410807,1.08557295
h4,bear,1,price200+rsi_lt45,22767,0.04800665,0.04835947,0.00035281,1.00734928
h4,bear,1,price200+macd,26514,0.04800665,0.05306630,0.00505965,1.10539479
h4,bear,1,price200+macd_rising,25068,0.04800665,0.05313547,0.00512882,1.10683557
h4,bear,1,price200+adx25,27041,0.04800665,0.04478385,-0.00322281,0.93286750
h4,bear,1,price200+adx_rising,26343,0.04800665,0.05063964,0.00263299,1.05484626
h4,bear,1,price200+di,37467,0.04800665,0.05265967,0.00465302,1.09692449
h4,bear,1,price200+di_strong,43287,0.04800665,0.05204796,0.00404131,1.08418220
h4,bear,1,price200+volatility,34466,0.04800665,0.04166425,-0.00634240,0.86788489
h4,bear,1,price200+bb,33492,0.04800665,0.05254986,0.00454321,1.09463708
h4,bear,1,price200+bb_upper,44950,0.04800665,0.05194661,0.00393995,1.08207100
h4,bear,1,price200+body,35455,0.04800665,0.05003526,0.00202860,1.04225670
h4,bear,1,ema20_rising+ema200_rising,34928,0.04800665,0.05270843,0.00470178,1.09794008
h4,bear,1,ema20_rising+momentum,37275,0.04800665,0.05448692,0.00648027,1.13498688
h4,bear,1,ema20_rising+rsi55,53533,0.04800665,0.05086582,0.00285917,1.05955774
h4,bear,1,ema20_rising+rsi60,53547,0.04800665,0.05087120,0.00286454,1.05966973
h4,bear,1,ema20_rising+rsi_lt45,16380,0.04800665,0.04255189,-0.00545476,0.88637490
h4,bear,1,ema20_rising+macd,40726,0.04800665,0.05129401,0.00328736,1.06847718
h4,bear,1,ema20_rising+macd_rising,29783,0.04800665,0.05331901,0.00531235,1.11065871
h4,bear,1,ema20_rising+adx25,28760,0.04800665,0.04394993,-0.00405672,0.91549665
h4,bear,1,ema20_rising+adx_rising,26054,0.04800665,0.04724802,-0.00075863,0.98419740
h4,bear,1,ema20_rising+di,48000,0.04800665,0.05225000,0.00424335,1.08839080
h4,bear,1,ema20_rising+di_strong,52162,0.04800665,0.05151260,0.00350594,1.07303034
h4,bear,1,ema20_rising+volatility,35792,0.04800665,0.03936634,-0.00864031,0.82001840
h4,bear,1,ema20_rising+bb,50075,0.04800665,0.05104343,0.00303678,1.06325751
h4,bear,1,ema20_rising+bb_upper,53533,0.04800665,0.05088450,0.00287785,1.05994685
h4,bear,1,ema20_rising+body,37430,0.04800665,0.04931873,0.00131207,1.02733111
h4,bear,1,ema200_rising+momentum,28370,0.04800665,0.05505816,0.00705151,1.14688603
h4,bear,1,ema200_rising+rsi55,43006,0.04800665,0.05203925,0.00403260,1.08400079
h4,bear,1,ema200_rising+rsi60,47453,0.04800665,0.05211472,0.00410807,1.08557295
h4,bear,1,ema200_rising+rsi_lt45,22767,0.04800665,0.04835947,0.00035281,1.00734928
h4,bear,1,ema200_rising+macd,26514,0.04800665,0.05306630,0.00505965,1.10539479
h4,bear,1,ema200_rising+macd_rising,25068,0.04800665,0.05313547,0.00512882,1.10683557
h4,bear,1,ema200_rising+adx25,27041,0.04800665,0.04478385,-0.00322281,0.93286750
h4,bear,1,ema200_rising+adx_rising,26343,0.04800665,0.05063964,0.00263299,1.05484626
h4,bear,1,ema200_rising+di,37467,0.04800665,0.05265967,0.00465302,1.09692449
h4,bear,1,ema200_rising+di_strong,43287,0.04800665,0.05204796,0.00404131,1.08418220
h4,bear,1,ema200_rising+volatility,34466,0.04800665,0.04166425,-0.00634240,0.86788489
h4,bear,1,ema200_rising+bb,33492,0.04800665,0.05254986,0.00454321,1.09463708
h4,bear,1,ema200_rising+bb_upper,44950,0.04800665,0.05194661,0.00393995,1.08207100
h4,bear,1,ema200_rising+body,35455,0.04800665,0.05003526,0.00202860,1.04225670
h4,bear,1,momentum+rsi55,37372,0.04800665,0.05455956,0.00655291,1.13650004
h4,bear,1,momentum+rsi60,37372,0.04800665,0.05455956,0.00655291,1.13650004
h4,bear,1,momentum+rsi_lt45,7800,0.04800665,0.04717949,-0.00082717,0.98276976
h4,bear,1,momentum+macd,30074,0.04800665,0.05516393,0.00715728,1.14908924
h4,bear,1,momentum+macd_rising,23382,0.04800665,0.05512788,0.00712122,1.14833825
h4,bear,1,momentum+adx25,18962,0.04800665,0.04561755,-0.00238910,0.95023393
h4,bear,1,momentum+adx_rising,14133,0.04800665,0.04952947,0.00152282,1.03172095
h4,bear,1,momentum+di,36443,0.04800665,0.05460582,0.00659917,1.13746364
h4,bear,1,momentum+di_strong,37432,0.04800665,0.05423167,0.00622502,1.12966995
h4,bear,1,momentum+volatility,28961,0.04800665,0.04070992,-0.00729673,0.84800580
h4,bear,1,momentum+bb,36696,0.04800665,0.05461086,0.00660420,1.13756850
h4,bear,1,momentum+bb_upper,38248,0.04800665,0.05396361,0.00595695,1.12408598
h4,bear,1,momentum+body,30862,0.04800665,0.05061240,0.00260575,1.05427894
h4,bear,1,rsi55+rsi60,70023,0.04800665,0.05001214,0.00200549,1.04177516
h4,bear,1,rsi55+rsi_lt45,32819,0.04800665,0.04488254,-0.00312412,0.93492327
h4,bear,1,rsi55+macd,46019,0.04800665,0.05028358,0.00227693,1.04742937
h4,bear,1,rsi55+macd_rising,36452,0.04800665,0.05190387,0.00389722,1.08118084
h4,bear,1,rsi55+adx25,40682,0.04800665,0.04429477,-0.00371188,0.92267990
h4,bear,1,rsi55+adx_rising,40198,0.04800665,0.04741529,-0.00059136,0.98768173
h4,bear,1,rsi55+di,55857,0.04800665,0.05134540,0.00333875,1.06954758
h4,bear,1,rsi55+di_strong,65275,0.04800665,0.05044810,0.00244145,1.05085651
h4,bear,1,rsi55+volatility,47843,0.04800665,0.03996405,-0.00804260,0.83246897
h4,bear,1,rsi55+bb,53102,0.04800665,0.05065723,0.00265057,1.05521260
h4,bear,1,rsi55+bb_upper,68658,0.04800665,0.05003059,0.00202393,1.04215943
h4,bear,1,rsi55+body,49233,0.04800665,0.04840249,0.00039584,1.00824554
h4,bear,1,rsi60+rsi_lt45,47989,0.04800665,0.04523953,-0.00276712,0.94235967
h4,bear,1,rsi60+macd,51076,0.04800665,0.04935782,0.00135117,1.02814540
h4,bear,1,rsi60+macd_rising,43789,0.04800665,0.05110873,0.00310207,1.06461756
h4,bear,1,rsi60+adx25,51523,0.04800665,0.04458203,-0.00342462,0.92866360
h4,bear,1,rsi60+adx_rising,51044,0.04800665,0.04682235,-0.00118430,0.97533042
h4,bear,1,rsi60+di,58444,0.04800665,0.05040723,0.00240057,1.05000503
h4,bear,1,rsi60+di_strong,72190,0.04800665,0.04927275,0.00126610,1.02637341
h4,bear,1,rsi60+volatility,59135,0.04800665,0.04073730,-0.00726936,0.84857604
h4,bear,1,rsi60+bb,53845,0.04800665,0.05057108,0.00256443,1.05341823
h4,bear,1,rsi60+bb_upper,79278,0.04800665,0.04924443,0.00123778,1.02578346
h4,bear,1,rsi60+body,60086,0.04800665,0.04773158,-0.00027507,0.99427020
h4,bear,1,rsi_lt45+macd,26782,0.04800665,0.04069898,-0.00730768,0.84777784
h4,bear,1,rsi_lt45+macd_rising,36278,0.04800665,0.04278075,-0.00522590,0.89114207
h4,bear,1,rsi_lt45+adx25,47468,0.04800665,0.04358726,-0.00441939,0.90794204
h4,bear,1,rsi_lt45+adx_rising,46386,0.04800665,0.04430216,-0.00370449,0.92283375
h4,bear,1,rsi_lt45+di,23249,0.04800665,0.04210934,-0.00589732,0.87715629
h4,bear,1,rsi_lt45+di_strong,38225,0.04800665,0.04240680,-0.00559985,0.88335260
h4,bear,1,rsi_lt45+volatility,55066,0.04800665,0.04098718,-0.00701947,0.85378122
h4,bear,1,rsi_lt45+bb,17397,0.04800665,0.04224866,-0.00575799,0.88005850
h4,bear,1,rsi_lt45+bb_upper,50030,0.04800665,0.04347392,-0.00453274,0.90558105
h4,bear,1,rsi_lt45+body,53633,0.04800665,0.04273488,-0.00527177,0.89018668
h4,bear,1,macd+macd_rising,29559,0.04800665,0.05013701,0.00213036,1.04437637
h4,bear,1,macd+adx25,31934,0.04800665,0.04243126,-0.00557539,0.88386216
h4,bear,1,macd+adx_rising,28176,0.04800665,0.04333475,-0.00467190,0.90268223
h4,bear,1,macd+di,40663,0.04800665,0.05112756,0.00312091,1.06500989
h4,bear,1,macd+di_strong,47503,0.04800665,0.04951266,0.00150601,1.03137084
h4,bear,1,macd+volatility,38534,0.04800665,0.03973115,-0.00827551,0.82761750
h4,bear,1,macd+bb,43793,0.04800665,0.05092138,0.00291473,1.06071506
h4,bear,1,macd+bb_upper,54415,0.04800665,0.04855279,0.00054614,1.01137624
h4,bear,1,macd+body,39398,0.04800665,0.04682979,-0.00117687,0.97548538
h4,bear,1,macd_rising+adx25,32500,0.04800665,0.04492308,-0.00308358,0.93576773
h4,bear,1,macd_rising+adx_rising,29457,0.04800665,0.04599925,-0.00200740,0.95818496
h4,bear,1,macd_rising+di,29678,0.04800665,0.05263158,0.00462493,1.09633926
h4,bear,1,macd_rising+di_strong,37683,0.04800665,0.05087175,0.00286509,1.05968116
h4,bear,1,macd_rising+volatility,39675,0.04800665,0.04055451,-0.00745215,0.84476843
h4,bear,1,macd_rising+bb,28698,0.04800665,0.05334867,0.00534201,1.11127649
h4,bear,1,macd_rising+bb_upper,48896,0.04800665,0.04928829,0.00128163,1.02669697
h4,bear,1,macd_rising+body,39900,0.04800665,0.04588972,-0.00211693,0.95590342
h4,bear,1,adx25+adx_rising,36537,0.04800665,0.04171114,-0.00629551,0.86886169
h4,bear,1,adx25+di,32656,0.04800665,0.04302425,-0.00498240,0.89621438
h4,bear,1,adx25+di_strong,45456,0.04800665,0.04232665,-0.00568001,0.88168290
h4,bear,1,adx25+volatility,49008,0.04800665,0.04146262,-0.00654403,0.86368483
h4,bear,1,adx25+bb,29416,0.04800665,0.04381969,-0.00418696,0.91278369
h4,bear,1,adx25+bb_upper,49848,0.04800665,0.04361258,-0.00439407,0.90846954
h4,bear,1,adx25+body,45130,0.04800665,0.04269887,-0.00530778,0.88943650
h4,bear,1,adx_rising+di,31040,0.04800665,0.04645619,-0.00155047,0.96770306
h4,bear,1,adx_rising+di_strong,46664,0.04800665,0.04523830,-0.00276835,0.94233395
h4,bear,1,adx_rising+volatility,42200,0.04800665,0.03931280,-0.00869386,0.81890308
h4,bear,1,adx_rising+bb,26378,0.04800665,0.04659186,-0.00141480,0.97052916
h4,bear,1,adx_rising+bb_upper,51394,0.04800665,0.04593921,-0.00206744,0.95693433
h4,bear,1,adx_rising+body,42142,0.04800665,0.04453989,-0.00346676,0.92778575
h4,bear,1,di+di_strong,59436,0.04800665,0.04983512,0.00182846,1.03808771
h4,bear,1,di+volatility,40243,0.04800665,0.03861541,-0.00939124,0.80437624
h4,bear,1,di+bb,47243,0.04800665,0.05166903,0.00366238,1.07628895
h4,bear,1,di+bb_upper,57478,0.04800665,0.05033230,0.00232565,1.04844428
h4,bear,1,di+body,41715,0.04800665,0.04811219,0.00010554,1.00219837
h4,bear,1,di_strong+volatility,52137,0.04800665,0.03880162,-0.00920503,0.80825503
h4,bear,1,di_strong+bb,51915,0.04800665,0.05121834,0.00321168,1.06690082
h4,bear,1,di_strong+bb_upper,70386,0.04800665,0.04900122,0.00099457,1.02071731
h4,bear,1,di_strong+body,53071,0.04800665,0.04703134,-0.00097532,0.97968369
h4,bear,1,volatility+bb,36186,0.04800665,0.03960095,-0.00840570,0.82490546
h4,bear,1,volatility+bb_upper,60772,0.04800665,0.03985388,-0.00815277,0.83017410
h4,bear,1,volatility+body,56924,0.04800665,0.03901693,-0.00898972,0.81274015
h4,bear,1,bb+bb_upper,53915,0.04800665,0.05061671,0.00261006,1.05436868
h4,bear,1,bb+body,37710,0.04800665,0.04889950,0.00089284,1.01859831
h4,bear,1,bb_upper+body,62427,0.04800665,0.04679065,-0.00121600,0.97467014
h4,bear,1,price20+price200+macd,24487,0.04800665,0.05411034,0.00610369,1.12714260
h4,bear,1,price20+price200+volatility,22891,0.04800665,0.03874885,-0.00925780,0.80715590
h4,bear,1,price20+price200+macd+volatility,15628,0.04800665,0.03986435,-0.00814231,0.83039211
h4,bear,1,price200+macd+volatility,17247,0.04800665,0.03994898,-0.00805768,0.83215500
h4,bear,1,price200+macd+di+volatility,15319,0.04800665,0.04014622,-0.00786043,0.83626374
h4,bear,1,price200+volatility+bb,21894,0.04800665,0.03841235,-0.00959430,0.80014639
h4,bear,1,trend+volatility+body,33003,0.04800665,0.03987516,-0.00813149,0.83061743
h4,bear,1,trend+price20+macd+volatility,17535,0.04800665,0.04083262,-0.00717403,0.85056170
h4,bear,1,macd+di+volatility+bb,24985,0.04800665,0.04046428,-0.00754237,0.84288897
h4,bear,3,trend,66944,0.15624724,0.15892388,0.00267664,1.01713081
h4,bear,3,price20,53547,0.15624724,0.16094272,0.00469549,1.03005166
h4,bear,3,price200,50852,0.15624724,0.16085896,0.00461173,1.02951558
h4,bear,3,ema20_rising,53547,0.15624724,0.16094272,0.00469549,1.03005166
h4,bear,3,ema200_rising,50852,0.15624724,0.16085896,0.00461173,1.02951558
h4,bear,3,momentum,45004,0.15624724,0.16549640,0.00924917,1.05919570
h4,bear,3,rsi55,70023,0.15624724,0.16053297,0.00428573,1.02742917
h4,bear,3,rsi60,85193,0.15624724,0.15974317,0.00349594,1.02237439
h4,bear,3,rsi_lt45,75822,0.15624724,0.15077418,-0.00547305,0.96497184
h4,bear,3,macd,56067,0.15624724,0.15668753,0.00044030,1.00281797
h4,bear,3,macd_rising,56418,0.15624724,0.15448970,-0.00175753,0.98875159
h4,bear,3,adx25,64406,0.15624724,0.15135236,-0.00489488,0.96867223
h4,bear,3,adx_rising,59498,0.15624724,0.15571952,-0.00052772,0.99662256
h4,bear,3,di,59436,0.15624724,0.15850663,0.00225939,1.01446038
h4,bear,3,di_strong,75276,0.15624724,0.15773952,0.00149228,1.00955078
h4,bear,3,volatility,78939,0.15624724,0.14506138,-0.01118586,0.92840924
h4,bear,3,bb,53915,0.15624724,0.16045627,0.00420904,1.02693832
h4,bear,3,bb_upper,87213,0.15624724,0.15780904,0.00156181,1.00999574
h4,bear,3,body,79335,0.15624724,0.15186236,-0.00438488,0.97193628
h4,bear,3,trend+price20,39239,0.15624724,0.16310304,0.00685580,1.04387790
h4,bear,3,trend+price200,49812,0.15624724,0.16114591,0.00489867,1.03135206
h4,bear,3,trend+ema20_rising,39239,0.15624724,0.16310304,0.00685580,1.04387790
h4,bear,3,trend+ema200_rising,49812,0.15624724,0.16114591,0.00489867,1.03135206
h4,bear,3,trend+momentum,32574,0.15624724,0.16436422,0.00811698,1.05194960
h4,bear,3,trend+rsi55,50413,0.15624724,0.16299367,0.00674644,1.04317796
h4,bear,3,trend+rsi60,57683,0.15624724,0.16224884,0.00600161,1.03841097
h4,bear,3,trend+rsi_lt45,36252,0.15624724,0.15246055,-0.00378668,0.97576481
h4,bear,3,trend+macd,30904,0.15624724,0.16156485,0.00531761,1.03403331
h4,bear,3,trend+macd_rising,30875,0.15624724,0.15841296,0.00216572,1.01386086
h4,bear,3,trend+adx25,36490,0.15624724,0.15223349,-0.00401375,0.97431157
h4,bear,3,trend+adx_rising,34860,0.15624724,0.15906483,0.00281760,1.01803293
h4,bear,3,trend+di,43490,0.15624724,0.16233617,0.00608893,1.03896987
h4,bear,3,trend+di_strong,51841,0.15624724,0.16162883,0.00538159,1.03444279
h4,bear,3,trend+volatility,45920,0.15624724,0.14507840,-0.01116884,0.92851817
h4,bear,3,trend+bb,37738,0.15624724,0.16225025,0.00600302,1.03841999
h4,bear,3,trend+bb_upper,54822,0.15624724,0.16148626,0.00523903,1.03353038
h4,bear,3,trend+body,46778,0.15624724,0.15560734,-0.00063990,0.99590458
h4,bear,3,price20+price200,34928,0.15624724,0.16210490,0.00585767,1.03748973
h4,bear,3,price20+ema20_rising,53547,0.15624724,0.16094272,0.00469549,1.03005166
h4,bear,3,price20+ema200_rising,34928,0.15624724,0.16210490,0.00585767,1.03748973
h4,bear,3,price20+momentum,37275,0.15624724,0.16748491,0.01123767,1.07192239
h4,bear,3,price20+rsi55,53533,0.15624724,0.16092877,0.00468154,1.02996237
h4,bear,3,price20+rsi60,53547,0.15624724,0.16094272,0.00469549,1.03005166
h4,bear,3,price20+rsi_lt45,16380,0.15624724,0.14633700,-0.00991024,0.93657335
h4,bear,3,price20+macd,40726,0.15624724,0.16031528,0.00406804,1.02603593
h4,bear,3,price20+macd_rising,29783,0.15624724,0.15797603,0.00172879,1.01106446
h4,bear,3,price20+adx25,28760,0.15624724,0.14923505,-0.00701219,0.95512121
h4,bear,3,price20+adx_rising,26054,0.15624724,0.15863207,0.00238484,1.01526322
h4,bear,3,price20+di,48000,0.15624724,0.16293750,0.00669026,1.04281845
h4,bear,3,price20+di_strong,52162,0.15624724,0.16201449,0.00576726,1.03691111
h4,bear,3,price20+volatility,35792,0.15624724,0.14260170,-0.01364554,0.91266702
h4,bear,3,price20+bb,50075,0.15624724,0.16117823,0.00493100,1.03155894
h4,bear,3,price20+bb_upper,53533,0.15624724,0.16096613,0.00471890,1.03020148
h4,bear,3,price20+body,37430,0.15624724,0.15666578,0.00041854,1.00267871
h4,bear,3,price200+ema20_rising,34928,0.15624724,0.16210490,0.00585767,1.03748973
h4,bear,3,price200+ema200_rising,50852,0.15624724,0.16085896,0.00461173,1.02951558
h4,bear,3,price200+momentum,28370,0.15624724,0.16591470,0.00966746,1.06187286
h4,bear,3,price200+rsi55,43006,0.15624724,0.16207041,0.00582317,1.03726897
h4,bear,3,price200+rsi60,47453,0.15624724,0.16197079,0.00572356,1.03663141
h4,bear,3,price200+rsi_lt45,22767,0.15624724,0.15478544,-0.00146180,0.99064431
h4,bear,3,price200+macd,26514,0.15624724,0.16078298,0.00453575,1.02902930
h4,bear,3,price200+macd_rising,25068,0.15624724,0.15900750,0.00276026,1.01766601
h4,bear,3,price200+adx25,27041,0.15624724,0.14877408,-0.00747315,0.95217099
h4,bear,3,price200+adx_rising,26343,0.15624724,0.16175075,0.00550351,1.03522312
h4,bear,3,price200+di,37467,0.15624724,0.16142205,0.00517482,1.03311941
h4,bear,3,price200+di_strong,43287,0.15624724,0.16175757,0.00551034,1.03526678
h4,bear,3,price200+volatility,34466,0.15624724,0.14478036,-0.01146687,0.92661072
h4,bear,3,price200+bb,33492,0.15624724,0.16093395,0.00468672,1.02999553
h4,bear,3,price200+bb_upper,44950,0.15624724,0.16166852,0.00542129,1.03469684
h4,bear,3,price200+body,35455,0.15624724,0.15625441,0.00000717,1.00004590
h4,bear,3,ema20_rising+ema200_rising,34928,0.15624724,0.16210490,0.00585767,1.03748973
h4,bear,3,ema20_rising+momentum,37275,0.15624724,0.16748491,0.01123767,1.07192239
h4,bear,3,ema20_rising+rsi55,53533,0.15624724,0.16092877,0.00468154,1.02996237
h4,bear,3,ema20_rising+rsi60,53547,0.15624724,0.16094272,0.00469549,1.03005166
h4,bear,3,ema20_rising+rsi_lt45,16380,0.15624724,0.14633700,-0.00991024,0.93657335
h4,bear,3,ema20_rising+macd,40726,0.15624724,0.16031528,0.00406804,1.02603593
h4,bear,3,ema20_rising+macd_rising,29783,0.15624724,0.15797603,0.00172879,1.01106446
h4,bear,3,ema20_rising+adx25,28760,0.15624724,0.14923505,-0.00701219,0.95512121
h4,bear,3,ema20_rising+adx_rising,26054,0.15624724,0.15863207,0.00238484,1.01526322
h4,bear,3,ema20_rising+di,48000,0.15624724,0.16293750,0.00669026,1.04281845
h4,bear,3,ema20_rising+di_strong,52162,0.15624724,0.16201449,0.00576726,1.03691111
h4,bear,3,ema20_rising+volatility,35792,0.15624724,0.14260170,-0.01364554,0.91266702
h4,bear,3,ema20_rising+bb,50075,0.15624724,0.16117823,0.00493100,1.03155894
h4,bear,3,ema20_rising+bb_upper,53533,0.15624724,0.16096613,0.00471890,1.03020148
h4,bear,3,ema20_rising+body,37430,0.15624724,0.15666578,0.00041854,1.00267871
h4,bear,3,ema200_rising+momentum,28370,0.15624724,0.16591470,0.00966746,1.06187286
h4,bear,3,ema200_rising+rsi55,43006,0.15624724,0.16207041,0.00582317,1.03726897
h4,bear,3,ema200_rising+rsi60,47453,0.15624724,0.16197079,0.00572356,1.03663141
h4,bear,3,ema200_rising+rsi_lt45,22767,0.15624724,0.15478544,-0.00146180,0.99064431
h4,bear,3,ema200_rising+macd,26514,0.15624724,0.16078298,0.00453575,1.02902930
h4,bear,3,ema200_rising+macd_rising,25068,0.15624724,0.15900750,0.00276026,1.01766601
h4,bear,3,ema200_rising+adx25,27041,0.15624724,0.14877408,-0.00747315,0.95217099
h4,bear,3,ema200_rising+adx_rising,26343,0.15624724,0.16175075,0.00550351,1.03522312
h4,bear,3,ema200_rising+di,37467,0.15624724,0.16142205,0.00517482,1.03311941
h4,bear,3,ema200_rising+di_strong,43287,0.15624724,0.16175757,0.00551034,1.03526678
h4,bear,3,ema200_rising+volatility,34466,0.15624724,0.14478036,-0.01146687,0.92661072
h4,bear,3,ema200_rising+bb,33492,0.15624724,0.16093395,0.00468672,1.02999553
h4,bear,3,ema200_rising+bb_upper,44950,0.15624724,0.16166852,0.00542129,1.03469684
h4,bear,3,ema200_rising+body,35455,0.15624724,0.15625441,0.00000717,1.00004590
h4,bear,3,momentum+rsi55,37372,0.15624724,0.16771915,0.01147191,1.07342154
h4,bear,3,momentum+rsi60,37372,0.15624724,0.16771915,0.01147191,1.07342154
h4,bear,3,momentum+rsi_lt45,7800,0.15624724,0.15641026,0.00016302,1.00104335
h4,bear,3,momentum+macd,30074,0.15624724,0.16725411,0.01100687,1.07044522
h4,bear,3,momentum+macd_rising,23382,0.15624724,0.16209050,0.00584326,1.03739754
h4,bear,3,momentum+adx25,18962,0.15624724,0.15093345,-0.00531379,0.96599115
h4,bear,3,momentum+adx_rising,14133,0.15624724,0.16450860,0.00826136,1.05287365
h4,bear,3,momentum+di,36443,0.15624724,0.16774140,0.01149417,1.07356398
h4,bear,3,momentum+di_strong,37432,0.15624724,0.16688929,0.01064206,1.06811037
h4,bear,3,momentum+volatility,28961,0.15624724,0.14360692,-0.01264032,0.91910055
h4,bear,3,momentum+bb,36696,0.15624724,0.16726619,0.01101895,1.07052254
h4,bear,3,momentum+bb_upper,38248,0.15624724,0.16657080,0.01032357,1.06607199
h4,bear,3,momentum+body,30862,0.15624724,0.15938695,0.00313971,1.02009452
h4,bear,3,rsi55+rsi60,70023,0.15624724,0.16053297,0.00428573,1.02742917
h4,bear,3,rsi55+rsi_lt45,32819,0.15624724,0.15274688,-0.00350035,0.97759736
h4,bear,3,rsi55+macd,46019,0.15624724,0.15880397,0.00255674,1.01636341
h4,bear,3,rsi55+macd_rising,36452,0.15624724,0.15757709,0.00132985,1.00851121
h4,bear,3,rsi55+adx25,40682,0.15624724,0.15284401,-0.00340323,0.97821897
h4,bear,3,rsi55+adx_rising,40198,0.15624724,0.15936116,0.00311393,1.01992949
h4,bear,3,rsi55+di,55857,0.15624724,0.16143008,0.00518285,1.03317080
h4,bear,3,rsi55+di_strong,65275,0.15624724,0.16119494,0.00494771,1.03166590
h4,bear,3,rsi55+volatility,47843,0.15624724,0.14476517,-0.01148207,0.92651348
h4,bear,3,rsi55+bb,53102,0.15624724,0.16048360,0.00423636,1.02711320
h4,bear,3,rsi55+bb_upper,68658,0.15624724,0.16070960,0.00446237,1.02855967
h4,bear,3,rsi55+body,49233,0.15624724,0.15637885,0.00013162,1.00084236
h4,bear,3,rsi60+rsi_lt45,47989,0.15624724,0.15380608,-0.00244115,0.98437633
h4,bear,3,rsi60+macd,51076,0.15624724,0.15799984,0.00175261,1.01121689
h4,bear,3,rsi60+macd_rising,43789,0.15624724,0.15798488,0.00173765,1.01112114
h4,bear,3,rsi60+adx25,51523,0.15624724,0.15381480,-0.00243243,0.98443215
h4,bear,3,rsi60+adx_rising,51044,0.15624724,0.15894131,0.00269407,1.01724236
h4,bear,3,rsi60+di,58444,0.15624724,0.15999932,0.00375208,1.02401374
h4,bear,3,rsi60+di_strong,72190,0.15624724,0.15984208,0.00359485,1.02300744
h4,bear,3,rsi60+volatility,59135,0.15624724,0.14654604,-0.00970120,0.93791124
h4,bear,3,rsi60+bb,53845,0.15624724,0.16040487,0.00415763,1.02660931
h4,bear,3,rsi60+bb_upper,79278,0.15624724,0.15979212,0.00354489,1.02268769
h4,bear,3,rsi60+body,60086,0.15624724,0.15597643,-0.00027080,0.99826684
h4,bear,3,rsi_lt45+macd,26782,0.15624724,0.14502278,-0.01122446,0.92816219
h4,bear,3,rsi_lt45+macd_rising,36278,0.15624724,0.14827168,-0.00797556,0.94895554
h4,bear,3,rsi_lt45+adx25,47468,0.15624724,0.15119660,-0.00505064,0.96767533
h4,bear,3,rsi_lt45+adx_rising,46386,0.15624724,0.15256759,-0.00367965,0.97644982
h4,bear,3,rsi_lt45+di,23249,0.15624724,0.14387716,-0.01237008,0.92083009
h4,bear,3,rsi_lt45+di_strong,38225,0.15624724,0.14833224,-0.00791499,0.94934316
h4,bear,3,rsi_lt45+volatility,55066,0.15624724,0.14609741,-0.01014982,0.93503997
h4,bear,3,rsi_lt45+bb,17397,0.15624724,0.14674944,-0.00949780,0.93921303
h4,bear,3,rsi_lt45+bb_upper,50030,0.15624724,0.15064961,-0.00559762,0.96417457
h4,bear,3,rsi_lt45+body,53633,0.15624724,0.14698040,-0.00926683,0.94069123
h4,bear,3,macd+macd_rising,29559,0.15624724,0.15369261,-0.00255462,0.98365014
h4,bear,3,macd+adx25,31934,0.15624724,0.14749170,-0.00875553,0.94396359
h4,bear,3,macd+adx_rising,28176,0.15624724,0.15236371,-0.00388352,0.97514502
h4,bear,3,macd+di,40663,0.15624724,0.15967833,0.00343110,1.02195941
h4,bear,3,macd+di_strong,47503,0.15624724,0.15784266,0.00159543,1.01021092
h4,bear,3,macd+volatility,38534,0.15624724,0.14309441,-0.01315283,0.91582043
h4,bear,3,macd+bb,43793,0.15624724,0.15991140,0.00366417,1.02345108
h4,bear,3,macd+bb_upper,54415,0.15624724,0.15692364,0.00067641,1.00432908
h4,bear,3,macd+body,39398,0.15624724,0.15264734,-0.00359989,0.97696028
h4,bear,3,macd_rising+adx25,32500,0.15624724,0.15101538,-0.00523185,0.96651556
h4,bear,3,macd_rising+adx_rising,29457,0.15624724,0.15354585,-0.00270139,0.98271081
h4,bear,3,macd_rising+di,29678,0.15624724,0.15634477,0.00009753,1.00062422
h4,bear,3,macd_rising+di_strong,37683,0.15624724,0.15601199,-0.00023524,0.99849444
h4,bear,3,macd_rising+volatility,39675,0.15624724,0.14434783,-0.01189941,0.92384243
h4,bear,3,macd_rising+bb,28698,0.15624724,0.15792041,0.00167318,1.01070852
h4,bear,3,macd_rising+bb_upper,48896,0.15624724,0.15498200,-0.00126523,0.99190237
h4,bear,3,macd_rising+body,39900,0.15624724,0.14964912,-0.00659811,0.95777133
h4,bear,3,adx25+adx_rising,36537,0.15624724,0.15143553,-0.00481170,0.96920455
h4,bear,3,adx25+di,32656,0.15624724,0.14671117,-0.00953606,0.93896811
h4,bear,3,adx25+di_strong,45456,0.15624724,0.14915523,-0.00709201,0.95461034
h4,bear,3,adx25+volatility,49008,0.15624724,0.14971025,-0.00653698,0.95816256
h4,bear,3,adx25+bb,29416,0.15624724,0.14923851,-0.00700873,0.95514336
h4,bear,3,adx25+bb_upper,49848,0.15624724,0.15200209,-0.00424515,0.97283057
h4,bear,3,adx25+body,45130,0.15624724,0.14872590,-0.00752133,0.95186262
h4,bear,3,adx_rising+di,31040,0.15624724,0.15644330,0.00019606,1.00125483
h4,bear,3,adx_rising+di_strong,46664,0.15624724,0.15566604,-0.00058120,0.99628027
h4,bear,3,adx_rising+volatility,42200,0.15624724,0.14637441,-0.00987283,0.93681279
h4,bear,3,adx_rising+bb,26378,0.15624724,0.15766927,0.00142203,1.00910118
h4,bear,3,adx_rising+bb_upper,51394,0.15624724,0.15758649,0.00133925,1.00857137
h4,bear,3,adx_rising+body,42142,0.15624724,0.15250819,-0.00373905,0.97606967
h4,bear,3,di+di_strong,59436,0.15624724,0.15850663,0.00225939,1.01446038
h4,bear,3,di+volatility,40243,0.15624724,0.13997465,-0.01627258,0.89585364
h4,bear,3,di+bb,47243,0.15624724,0.16203459,0.00578735,1.03703971
h4,bear,3,di+bb_upper,57478,0.15624724,0.15964369,0.00339645,1.02173769
h4,bear,3,di+body,41715,0.15624724,0.15414120,-0.00210604,0.98652111
h4,bear,3,di_strong+volatility,52137,0.15624724,0.14291194,-0.01333529,0.91465262
h4,bear,3,di_strong+bb,51915,0.15624724,0.16143696,0.00518973,1.03321485
h4,bear,3,di_strong+bb_upper,70386,0.15624724,0.15906572,0.00281849,1.01803864
h4,bear,3,di_strong+body,53071,0.15624724,0.15437810,-0.00186914,0.98803731
h4,bear,3,volatility+bb,36186,0.15624724,0.14295584,-0.01329140,0.91493356
h4,bear,3,volatility+bb_upper,60772,0.15624724,0.14445797,-0.01178926,0.92454739
h4,bear,3,volatility+body,56924,0.15624724,0.14087204,-0.01537520,0.90159701
h4,bear,3,bb+bb_upper,53915,0.15624724,0.16045627,0.00420904,1.02693832
h4,bear,3,bb+body,37710,0.15624724,0.15669584,0.00044860,1.00287110
h4,bear,3,bb_upper+body,62427,0.15624724,0.15384369,-0.00240355,0.98461704
h4,bear,3,price20+price200+macd,24487,0.15624724,0.16180014,0.00555290,1.03553921
h4,bear,3,price20+price200+volatility,22891,0.15624724,0.13957451,-0.01667273,0.89329264
h4,bear,3,price20+price200+macd+volatility,15628,0.15624724,0.14051702,-0.01573021,0.89932485
h4,bear,3,price200+macd+volatility,17247,0.15624724,0.14072013,-0.01552711,0.90062474
h4,bear,3,price200+macd+di+volatility,15319,0.15624724,0.14067498,-0.01557226,0.90033580
h4,bear,3,price200+volatility+bb,21894,0.15624724,0.13830273,-0.01794450,0.88515314
h4,bear,3,trend+volatility+body,33003,0.15624724,0.14153259,-0.01471465,0.90582459
h4,bear,3,trend+price20+macd+volatility,17535,0.15624724,0.14337040,-0.01287683,0.91758681
h4,bear,3,macd+di+volatility+bb,24985,0.15624724,0.14384631,-0.01240093,0.92063266
h4,bear,6,trend,66944,0.28318263,0.28504422,0.00186159,1.00657380
h4,bear,6,price20,53547,0.28318263,0.28924123,0.00605860,1.02139466
h4,bear,6,price200,50852,0.28318263,0.28490522,0.00172258,1.00608295
h4,bear,6,ema20_rising,53547,0.28318263,0.28924123,0.00605860,1.02139466
h4,bear,6,ema200_rising,50852,0.28318263,0.28490522,0.00172258,1.00608295
h4,bear,6,momentum,45004,0.28318263,0.29295174,0.00976911,1.03449755
h4,bear,6,rsi55,70023,0.28318263,0.28886223,0.00567960,1.02005632
h4,bear,6,rsi60,85193,0.28318263,0.28795793,0.00477530,1.01686297
h4,bear,6,rsi_lt45,75822,0.28318263,0.27701722,-0.00616541,0.97822816
h4,bear,6,macd,56067,0.28318263,0.28580092,0.00261829,1.00924593
h4,bear,6,macd_rising,56418,0.28318263,0.28180722,-0.00137541,0.99514304
h4,bear,6,adx25,64406,0.28318263,0.28186815,-0.00131448,0.99535818
h4,bear,6,adx_rising,59498,0.28318263,0.28400955,0.00082692,1.00292008
h4,bear,6,di,59436,0.28318263,0.28513022,0.00194759,1.00687752
h4,bear,6,di_strong,75276,0.28318263,0.28594771,0.00276508,1.00976431
h4,bear,6,volatility,78939,0.28318263,0.26852380,-0.01465883,0.94823541
h4,bear,6,bb,53915,0.28318263,0.28882500,0.00564237,1.01992485
h4,bear,6,bb_upper,87213,0.28318263,0.28532444,0.00214181,1.00756333
h4,bear,6,body,79335,0.28318263,0.27789752,-0.00528511,0.98133675
h4,bear,6,trend+price20,39239,0.28318263,0.28938046,0.00619783,1.02188635
h4,bear,6,trend+price200,49812,0.28318263,0.28509195,0.00190932,1.00674235
h4,bear,6,trend+ema20_rising,39239,0.28318263,0.28938046,0.00619783,1.02188635
h4,bear,6,trend+ema200_rising,49812,0.28318263,0.28509195,0.00190932,1.00674235
h4,bear,6,trend+momentum,32574,0.28318263,0.28964819,0.00646556,1.02283175
h4,bear,6,trend+rsi55,50413,0.28318263,0.28992522,0.00674259,1.02381003
h4,bear,6,trend+rsi60,57683,0.28318263,0.28921866,0.00603603,1.02131497
h4,bear,6,trend+rsi_lt45,36252,0.28318263,0.27855015,-0.00463248,0.98364136
h4,bear,6,trend+macd,30904,0.28318263,0.28915351,0.00597088,1.02108490
h4,bear,6,trend+macd_rising,30875,0.28318263,0.28505263,0.00187000,1.00660352
h4,bear,6,trend+adx25,36490,0.28318263,0.28152919,-0.00165344,0.99416121
h4,bear,6,trend+adx_rising,34860,0.28318263,0.28755020,0.00436757,1.01542316
h4,bear,6,trend+di,43490,0.28318263,0.28806622,0.00488359,1.01724538
h4,bear,6,trend+di_strong,51841,0.28318263,0.28840107,0.00521844,1.01842783
h4,bear,6,trend+volatility,45920,0.28318263,0.26515679,-0.01802584,0.93634554
h4,bear,6,trend+bb,37738,0.28318263,0.28862155,0.00543892,1.01920640
h4,bear,6,trend+bb_upper,54822,0.28318263,0.28811426,0.00493163,1.01741502
h4,bear,6,trend+body,46778,0.28318263,0.28068750,-0.00249513,0.99118898
h4,bear,6,price20+price200,34928,0.28318263,0.28690449,0.00372186,1.01314296
h4,bear,6,price20+ema20_rising,53547,0.28318263,0.28924123,0.00605860,1.02139466
h4,bear,6,price20+ema200_rising,34928,0.28318263,0.28690449,0.00372186,1.01314296
h4,bear,6,price20+momentum,37275,0.28318263,0.29598927,0.01280664,1.04522395
h4,bear,6,price20+rsi55,53533,0.28318263,0.28922347,0.00604084,1.02133195
h4,bear,6,price20+rsi60,53547,0.28318263,0.28924123,0.00605860,1.02139466
h4,bear,6,price20+rsi_lt45,16380,0.28318263,0.27478632,-0.00839631,0.97035021
h4,bear,6,price20+macd,40726,0.28318263,0.28966753,0.00648490,1.02290008
h4,bear,6,price20+macd_rising,29783,0.28318263,0.28882248,0.00563985,1.01991595
h4,bear,6,price20+adx25,28760,0.28318263,0.28025035,-0.00293228,0.98964526
h4,bear,6,price20+adx_rising,26054,0.28318263,0.28951409,0.00633146,1.02235821
h4,bear,6,price20+di,48000,0.28318263,0.29077083,0.00758820,1.02679614
h4,bear,6,price20+di_strong,52162,0.28318263,0.29026878,0.00708615,1.02502324
h4,bear,6,price20+volatility,35792,0.28318263,0.26369021,-0.01949242,0.93116661
h4,bear,6,price20+bb,50075,0.28318263,0.28986520,0.00668257,1.02359810
h4,bear,6,price20+bb_upper,53533,0.28318263,0.28927951,0.00609688,1.02152985
h4,bear,6,price20+body,37430,0.28318263,0.28335560,0.00017297,1.00061080
h4,bear,6,price200+ema20_rising,34928,0.28318263,0.28690449,0.00372186,1.01314296
h4,bear,6,price200+ema200_rising,50852,0.28318263,0.28490522,0.00172258,1.00608295
h4,bear,6,price200+momentum,28370,0.28318263,0.29132887,0.00814624,1.02876673
h4,bear,6,price200+rsi55,43006,0.28318263,0.28742501,0.00424238,1.01498107
h4,bear,6,price200+rsi60,47453,0.28318263,0.28691547,0.00373284,1.01318175
h4,bear,6,price200+rsi_lt45,22767,0.28318263,0.27706769,-0.00611494,0.97840636
h4,bear,6,price200+macd,26514,0.28318263,0.28550954,0.00232691,1.00821700
h4,bear,6,price200+macd_rising,25068,0.28318263,0.28350886,0.00032623,1.00115200
h4,bear,6,price200+adx25,27041,0.28318263,0.27462002,-0.00856261,0.96976294
h4,bear,6,price200+adx_rising,26343,0.28318263,0.28766655,0.00448392,1.01583403
h4,bear,6,price200+di,37467,0.28318263,0.28539782,0.00221519,1.00782246
h4,bear,6,price200+di_strong,43287,0.28318263,0.28678356,0.00360093,1.01271593
h4,bear,6,price200+volatility,34466,0.28318263,0.26205536,-0.02112727,0.92539348
h4,bear,6,price200+bb,33492,0.28318263,0.28514272,0.00196009,1.00692165
h4,bear,6,price200+bb_upper,44950,0.28318263,0.28627364,0.00309101,1.01091524
h4,bear,6,price200+body,35455,0.28318263,0.27967847,-0.00350416,0.98762578
h4,bear,6,ema20_rising+ema200_rising,34928,0.28318263,0.28690449,0.00372186,1.01314296
h4,bear,6,ema20_rising+momentum,37275,0.28318263,0.29598927,0.01280664,1.04522395
h4,bear,6,ema20_rising+rsi55,53533,0.28318263,0.28922347,0.00604084,1.02133195
h4,bear,6,ema20_rising+rsi60,53547,0.28318263,0.28924123,0.00605860,1.02139466
h4,bear,6,ema20_rising+rsi_lt45,16380,0.28318263,0.27478632,-0.00839631,0.97035021
h4,bear,6,ema20_rising+macd,40726,0.28318263,0.28966753,0.00648490,1.02290008
h4,bear,6,ema20_rising+macd_rising,29783,0.28318263,0.28882248,0.00563985,1.01991595
h4,bear,6,ema20_rising+adx25,28760,0.28318263,0.28025035,-0.00293228,0.98964526
h4,bear,6,ema20_rising+adx_rising,26054,0.28318263,0.28951409,0.00633146,1.02235821
h4,bear,6,ema20_rising+di,48000,0.28318263,0.29077083,0.00758820,1.02679614
h4,bear,6,ema20_rising+di_strong,52162,0.28318263,0.29026878,0.00708615,1.02502324
h4,bear,6,ema20_rising+volatility,35792,0.28318263,0.26369021,-0.01949242,0.93116661
h4,bear,6,ema20_rising+bb,50075,0.28318263,0.28986520,0.00668257,1.02359810
h4,bear,6,ema20_rising+bb_upper,53533,0.28318263,0.28927951,0.00609688,1.02152985
h4,bear,6,ema20_rising+body,37430,0.28318263,0.28335560,0.00017297,1.00061080
h4,bear,6,ema200_rising+momentum,28370,0.28318263,0.29132887,0.00814624,1.02876673
h4,bear,6,ema200_rising+rsi55,43006,0.28318263,0.28742501,0.00424238,1.01498107
h4,bear,6,ema200_rising+rsi60,47453,0.28318263,0.28691547,0.00373284,1.01318175
h4,bear,6,ema200_rising+rsi_lt45,22767,0.28318263,0.27706769,-0.00611494,0.97840636
h4,bear,6,ema200_rising+macd,26514,0.28318263,0.28550954,0.00232691,1.00821700
h4,bear,6,ema200_rising+macd_rising,25068,0.28318263,0.28350886,0.00032623,1.00115200
h4,bear,6,ema200_rising+adx25,27041,0.28318263,0.27462002,-0.00856261,0.96976294
h4,bear,6,ema200_rising+adx_rising,26343,0.28318263,0.28766655,0.00448392,1.01583403
h4,bear,6,ema200_rising+di,37467,0.28318263,0.28539782,0.00221519,1.00782246
h4,bear,6,ema200_rising+di_strong,43287,0.28318263,0.28678356,0.00360093,1.01271593
h4,bear,6,ema200_rising+volatility,34466,0.28318263,0.26205536,-0.02112727,0.92539348
h4,bear,6,ema200_rising+bb,33492,0.28318263,0.28514272,0.00196009,1.00692165
h4,bear,6,ema200_rising+bb_upper,44950,0.28318263,0.28627364,0.00309101,1.01091524
h4,bear,6,ema200_rising+body,35455,0.28318263,0.27967847,-0.00350416,0.98762578
h4,bear,6,momentum+rsi55,37372,0.28318263,0.29642513,0.01324250,1.04676311
h4,bear,6,momentum+rsi60,37372,0.28318263,0.29642513,0.01324250,1.04676311
h4,bear,6,momentum+rsi_lt45,7800,0.28318263,0.27961538,-0.00356725,0.98740302
h4,bear,6,momentum+macd,30074,0.28318263,0.29696748,0.01378485,1.04867830
h4,bear,6,momentum+macd_rising,23382,0.28318263,0.29244718,0.00926455,1.03271582
h4,bear,6,momentum+adx25,18962,0.28318263,0.28245966,-0.00072297,0.99744697
h4,bear,6,momentum+adx_rising,14133,0.28318263,0.29554942,0.01236679,1.04367073
h4,bear,6,momentum+di,36443,0.28318263,0.29621601,0.01303338,1.04602464
h4,bear,6,momentum+di_strong,37432,0.28318263,0.29522868,0.01204605,1.04253810
h4,bear,6,momentum+volatility,28961,0.28318263,0.26435551,-0.01882712,0.93351599
h4,bear,6,momentum+bb,36696,0.28318263,0.29597231,0.01278968,1.04516408
h4,bear,6,momentum+bb_upper,38248,0.28318263,0.29499582,0.01181319,1.04171579
h4,bear,6,momentum+body,30862,0.28318263,0.28491349,0.00173086,1.00611215
h4,bear,6,rsi55+rsi60,70023,0.28318263,0.28886223,0.00567960,1.02005632
h4,bear,6,rsi55+rsi_lt45,32819,0.28318263,0.28105670,-0.00212593,0.99249274
h4,bear,6,rsi55+macd,46019,0.28318263,0.28755514,0.00437251,1.01544060
h4,bear,6,rsi55+macd_rising,36452,0.28318263,0.28805004,0.00486741,1.01718823
h4,bear,6,rsi55+adx25,40682,0.28318263,0.28400767,0.00082504,1.00291345
h4,bear,6,rsi55+adx_rising,40198,0.28318263,0.28891985,0.00573722,1.02025977
h4,bear,6,rsi55+di,55857,0.28318263,0.28845087,0.00526824,1.01860367
h4,bear,6,rsi55+di_strong,65275,0.28318263,0.28945232,0.00626969,1.02214008
h4,bear,6,rsi55+volatility,47843,0.28318263,0.26737454,-0.01580809,0.94417704
h4,bear,6,rsi55+bb,53102,0.28318263,0.28882151,0.00563888,1.01991253
h4,bear,6,rsi55+bb_upper,68658,0.28318263,0.28886656,0.00568393,1.02007159
h4,bear,6,rsi55+body,49233,0.28318263,0.28338716,0.00020453,1.00072225
h4,bear,6,rsi60+rsi_lt45,47989,0.28318263,0.28191877,-0.00126386,0.99553695
h4,bear,6,rsi60+macd,51076,0.28318263,0.28702326,0.00384063,1.01356237
h4,bear,6,rsi60+macd_rising,43789,0.28318263,0.28742378,0.00424115,1.01497674
h4,bear,6,rsi60+adx25,51523,0.28318263,0.28538711,0.00220448,1.00778465
h4,bear,6,rsi60+adx_rising,51044,0.28318263,0.28845702,0.00527439,1.01862539
h4,bear,6,rsi60+di,58444,0.28318263,0.28675313,0.00357050,1.01260847
h4,bear,6,rsi60+di_strong,72190,0.28318263,0.28812855,0.00494592,1.01746547
h4,bear,6,rsi60+volatility,59135,0.28318263,0.26985711,-0.01332552,0.95294371
h4,bear,6,rsi60+bb,53845,0.28318263,0.28873619,0.00555356,1.01961122
h4,bear,6,rsi60+bb_upper,79278,0.28318263,0.28791090,0.00472827,1.01669688
h4,bear,6,rsi60+body,60086,0.28318263,0.28271145,-0.00047118,0.99833611
h4,bear,6,rsi_lt45+macd,26782,0.28318263,0.27384064,-0.00934199,0.96701072
h4,bear,6,rsi_lt45+macd_rising,36278,0.28318263,0.27311318,-0.01006945,0.96444186
h4,bear,6,rsi_lt45+adx25,47468,0.28318263,0.28094716,-0.00223547,0.99210592
h4,bear,6,rsi_lt45+adx_rising,46386,0.28318263,0.27978269,-0.00339994,0.98799383
h4,bear,6,rsi_lt45+di,23249,0.28318263,0.26805454,-0.01512809,0.94657832
h4,bear,6,rsi_lt45+di_strong,38225,0.28318263,0.27652060,-0.00666203,0.97647444
h4,bear,6,rsi_lt45+volatility,55066,0.28318263,0.27132895,-0.01185368,0.95814122
h4,bear,6,rsi_lt45+bb,17397,0.28318263,0.27510490,-0.00807773,0.97147520
h4,bear,6,rsi_lt45+bb_upper,50030,0.28318263,0.27759344,-0.00558919,0.98026296
h4,bear,6,rsi_lt45+body,53633,0.28318263,0.27292898,-0.01025365,0.96379139
h4,bear,6,macd+macd_rising,29559,0.28318263,0.28566596,0.00248333,1.00876934
h4,bear,6,macd+adx25,31934,0.28318263,0.27907559,-0.00410704,0.98549686
h4,bear,6,macd+adx_rising,28176,0.28318263,0.28254543,-0.00063720,0.99774986
h4,bear,6,macd+di,40663,0.28318263,0.28716524,0.00398261,1.01406374
h4,bear,6,macd+di_strong,47503,0.28318263,0.28701345,0.00383082,1.01352774
h4,bear,6,macd+volatility,38534,0.28318263,0.26810090,-0.01508173,0.94674203
h4,bear,6,macd+bb,43793,0.28318263,0.28906446,0.00588183,1.02077045
h4,bear,6,macd+bb_upper,54415,0.28318263,0.28596894,0.00278631,1.00983928
h4,bear,6,macd+body,39398,0.28318263,0.28014112,-0.00304151,0.98925956
h4,bear,6,macd_rising+adx25,32500,0.28318263,0.28203077,-0.00115186,0.99593244
h4,bear,6,macd_rising+adx_rising,29457,0.28318263,0.28268323,-0.00049940,0.99823648
h4,bear,6,macd_rising+di,29678,0.28318263,0.28482378,0.00164114,1.00579536
h4,bear,6,macd_rising+di_strong,37683,0.28318263,0.28588488,0.00270225,1.00954243
h4,bear,6,macd_rising+volatility,39675,0.28318263,0.26898551,-0.01419712,0.94986584
h4,bear,6,macd_rising+bb,28698,0.28318263,0.28970660,0.00652397,1.02303803
h4,bear,6,macd_rising+bb_upper,48896,0.28318263,0.28352012,0.00033749,1.00119179
h4,bear,6,macd_rising+body,39900,0.28318263,0.27654135,-0.00664128,0.97654772
h4,bear,6,adx25+adx_rising,36537,0.28318263,0.28116704,-0.00201559,0.99288235
h4,bear,6,adx25+di,32656,0.28318263,0.27532460,-0.00785803,0.97225100
h4,bear,6,adx25+di_strong,45456,0.28318263,0.27917107,-0.00401156,0.98583400
h4,bear,6,adx25+volatility,49008,0.28318263,0.27909729,-0.00408534,0.98557348
h4,bear,6,adx25+bb,29416,0.28318263,0.28073157,-0.00245106,0.99134461
h4,bear,6,adx25+bb_upper,49848,0.28318263,0.28306050,-0.00012213,0.99956874
h4,bear,6,adx25+body,45130,0.28318263,0.27841790,-0.00476473,0.98317437
h4,bear,6,adx_rising+di,31040,0.28318263,0.28421392,0.00103129,1.00364177
h4,bear,6,adx_rising+di_strong,46664,0.28318263,0.28559489,0.00241226,1.00851839
h4,bear,6,adx_rising+volatility,42200,0.28318263,0.27137441,-0.01180822,0.95830174
h4,bear,6,adx_rising+bb,26378,0.28318263,0.28796725,0.00478461,1.01689586
h4,bear,6,adx_rising+bb_upper,51394,0.28318263,0.28645367,0.00327104,1.01155099
h4,bear,6,adx_rising+body,42142,0.28318263,0.28010061,-0.00308202,0.98911650
h4,bear,6,di+di_strong,59436,0.28318263,0.28513022,0.00194759,1.00687752
h4,bear,6,di+volatility,40243,0.28318263,0.25999553,-0.02318710,0.91811961
h4,bear,6,di+bb,47243,0.28318263,0.28933387,0.00615124,1.02172181
h4,bear,6,di+bb_upper,57478,0.28318263,0.28614426,0.00296163,1.01045839
h4,bear,6,di+body,41715,0.28318263,0.27860482,-0.00457781,0.98383442
h4,bear,6,di_strong+volatility,52137,0.28318263,0.26593398,-0.01724865,0.93909002
h4,bear,6,di_strong+bb,51915,0.28318263,0.28953096,0.00634833,1.02241781
h4,bear,6,di_strong+bb_upper,70386,0.28318263,0.28717359,0.00399096,1.01409322
h4,bear,6,di_strong+body,53071,0.28318263,0.28092555,-0.00225708,0.99202960
h4,bear,6,volatility+bb,36186,0.28318263,0.26535124,-0.01783139,0.93703219
h4,bear,6,volatility+bb_upper,60772,0.28318263,0.26795235,-0.01523028,0.94621745
h4,bear,6,volatility+body,56924,0.28318263,0.26401869,-0.01916394,0.93232657
h4,bear,6,bb+bb_upper,53915,0.28318263,0.28882500,0.00564237,1.01992485
h4,bear,6,bb+body,37710,0.28318263,0.28332007,0.00013744,1.00048535
h4,bear,6,bb_upper+body,62427,0.28318263,0.28015122,-0.00303141,0.98929520
h4,bear,6,price20+price200+macd,24487,0.28318263,0.28647854,0.00329591,1.01163881
h4,bear,6,price20+price200+volatility,22891,0.28318263,0.25695688,-0.02622575,0.90738928
h4,bear,6,price20+price200+macd+volatility,15628,0.28318263,0.25895828,-0.02422435,0.91445679
h4,bear,6,price200+macd+volatility,17247,0.28318263,0.25958138,-0.02360125,0.91665713
h4,bear,6,price200+macd+di+volatility,15319,0.28318263,0.25902474,-0.02415789,0.91469148
h4,bear,6,price200+volatility+bb,21894,0.28318263,0.25609756,-0.02708507,0.90435476
h4,bear,6,trend+volatility+body,33003,0.28318263,0.26152168,-0.02166095,0.92350890
h4,bear,6,trend+price20+macd+volatility,17535,0.28318263,0.26284574,-0.02033689,0.92818453
h4,bear,6,macd+di+volatility+bb,24985,0.28318263,0.26539924,-0.01778339,0.93720169
h4,bear,12,trend,66944,0.43216605,0.43334728,0.00118123,1.00273327
h4,bear,12,price20,53547,0.43216605,0.43709265,0.00492660,1.01139978
h4,bear,12,price200,50852,0.43216605,0.43252969,0.00036364,1.00084144
h4,bear,12,ema20_rising,53547,0.43216605,0.43709265,0.00492660,1.01139978
h4,bear,12,ema200_rising,50852,0.43216605,0.43252969,0.00036364,1.00084144
h4,bear,12,momentum,45004,0.43216605,0.43902764,0.00686159,1.01587721
h4,bear,12,rsi55,70023,0.43216605,0.43818460,0.00601855,1.01392647
h4,bear,12,rsi60,85193,0.43216605,0.43757116,0.00540511,1.01250703
h4,bear,12,rsi_lt45,75822,0.43216605,0.42701327,-0.00515278,0.98807685
h4,bear,12,macd,56067,0.43216605,0.43829704,0.00613099,1.01418665
h4,bear,12,macd_rising,56418,0.43216605,0.42938424,-0.00278181,0.99356310
h4,bear,12,adx25,64406,0.43216605,0.43329814,0.00113209,1.00261957
h4,bear,12,adx_rising,59498,0.43216605,0.43542640,0.00326035,1.00754421
h4,bear,12,di,59436,0.43216605,0.43273437,0.00056832,1.00131505
h4,bear,12,di_strong,75276,0.43216605,0.43559700,0.00343095,1.00793897
h4,bear,12,volatility,78939,0.43216605,0.42168003,-0.01048602,0.97573613
h4,bear,12,bb,53915,0.43216605,0.43781879,0.00565274,1.01308002
h4,bear,12,bb_upper,87213,0.43216605,0.43627670,0.00411065,1.00951174
h4,bear,12,body,79335,0.43216605,0.42692380,-0.00524225,0.98786983
h4,bear,12,trend+price20,39239,0.43216605,0.43658095,0.00441490,1.01021575
h4,bear,12,trend+price200,49812,0.43216605,0.43244600,0.00027995,1.00064778
h4,bear,12,trend+ema20_rising,39239,0.43216605,0.43658095,0.00441490,1.01021575
h4,bear,12,trend+ema200_rising,49812,0.43216605,0.43244600,0.00027995,1.00064778
h4,bear,12,trend+momentum,32574,0.43216605,0.43574630,0.00358025,1.00828443
h4,bear,12,trend+rsi55,50413,0.43216605,0.43847817,0.00631212,1.01460577
h4,bear,12,trend+rsi60,57683,0.43216605,0.43836139,0.00619534,1.01433555
h4,bear,12,trend+rsi_lt45,36252,0.43216605,0.42825223,-0.00391382,0.99094372
h4,bear,12,trend+macd,30904,0.43216605,0.44052550,0.00835945,1.01934314
h4,bear,12,trend+macd_rising,30875,0.43216605,0.42921457,-0.00295148,0.99317051
h4,bear,12,trend+adx25,36490,0.43216605,0.43329679,0.00113074,1.00261646
h4,bear,12,trend+adx_rising,34860,0.43216605,0.43648881,0.00432276,1.01000255
h4,bear,12,trend+di,43490,0.43216605,0.43550241,0.00333636,1.00772010
h4,bear,12,trend+di_strong,51841,0.43216605,0.43675855,0.00459250,1.01062670
h4,bear,12,trend+volatility,45920,0.43216605,0.41644164,-0.01572441,0.96361488
h4,bear,12,trend+bb,37738,0.43216605,0.43767555,0.00550950,1.01274858
h4,bear,12,trend+bb_upper,54822,0.43216605,0.43761629,0.00545024,1.01261144
h4,bear,12,trend+body,46778,0.43216605,0.42748728,-0.00467877,0.98917368
h4,bear,12,price20+price200,34928,0.43216605,0.43429340,0.00212735,1.00492254
h4,bear,12,price20+ema20_rising,53547,0.43216605,0.43709265,0.00492660,1.01139978
h4,bear,12,price20+ema200_rising,34928,0.43216605,0.43429340,0.00212735,1.00492254
h4,bear,12,price20+momentum,37275,0.43216605,0.44303152,0.01086547,1.02514189
h4,bear,12,price20+rsi55,53533,0.43216605,0.43709488,0.00492883,1.01140494
h4,bear,12,price20+rsi60,53547,0.43216605,0.43709265,0.00492660,1.01139978
h4,bear,12,price20+rsi_lt45,16380,0.43216605,0.42478632,-0.00737973,0.98292387
h4,bear,12,price20+macd,40726,0.43216605,0.43935078,0.00718473,1.01662494
h4,bear,12,price20+macd_rising,29783,0.43216605,0.43209213,-0.00007392,0.99982896
h4,bear,12,price20+adx25,28760,0.43216605,0.43212796,-0.00003809,0.99991185
h4,bear,12,price20+adx_rising,26054,0.43216605,0.43858908,0.00642303,1.01486242
h4,bear,12,price20+di,48000,0.43216605,0.43708333,0.00491728,1.01137823
h4,bear,12,price20+di_strong,52162,0.43216605,0.43790499,0.00573894,1.01327947
h4,bear,12,price20+volatility,35792,0.43216605,0.41517658,-0.01698947,0.96068762
h4,bear,12,price20+bb,50075,0.43216605,0.43846231,0.00629626,1.01456907
h4,bear,12,price20+bb_upper,53533,0.43216605,0.43705752,0.00489147,1.01131849
h4,bear,12,price20+body,37430,0.43216605,0.43109805,-0.00106800,0.99752873
h4,bear,12,price200+ema20_rising,34928,0.43216605,0.43429340,0.00212735,1.00492254
h4,bear,12,price200+ema200_rising,50852,0.43216605,0.43252969,0.00036364,1.00084144
h4,bear,12,price200+momentum,28370,0.43216605,0.43820938,0.00604333,1.01398381
h4,bear,12,price200+rsi55,43006,0.43216605,0.43542761,0.00326156,1.00754702
h4,bear,12,price200+rsi60,47453,0.43216605,0.43518850,0.00302245,1.00699373
h4,bear,12,price200+rsi_lt45,22767,0.43216605,0.42544033,-0.00672572,0.98443719
h4,bear,12,price200+macd,26514,0.43216605,0.43663725,0.00447120,1.01034602
h4,bear,12,price200+macd_rising,25068,0.43216605,0.42723791,-0.00492814,0.98859666
h4,bear,12,price200+adx25,27041,0.43216605,0.42564994,-0.00651611,0.98492220
h4,bear,12,price200+adx_rising,26343,0.43216605,0.43578939,0.00362334,1.00838415
h4,bear,12,price200+di,37467,0.43216605,0.43379507,0.00162902,1.00376944
h4,bear,12,price200+di_strong,43287,0.43216605,0.43511909,0.00295304,1.00683311
h4,bear,12,price200+volatility,34466,0.43216605,0.41240643,-0.01975962,0.95427771
h4,bear,12,price200+bb,33492,0.43216605,0.43443210,0.00226605,1.00524348
h4,bear,12,price200+bb_upper,44950,0.43216605,0.43426029,0.00209424,1.00484591
h4,bear,12,price200+body,35455,0.43216605,0.42645607,-0.00570998,0.98678753
h4,bear,12,ema20_rising+ema200_rising,34928,0.43216605,0.43429340,0.00212735,1.00492254
h4,bear,12,ema20_rising+momentum,37275,0.43216605,0.44303152,0.01086547,1.02514189
h4,bear,12,ema20_rising+rsi55,53533,0.43216605,0.43709488,0.00492883,1.01140494
h4,bear,12,ema20_rising+rsi60,53547,0.43216605,0.43709265,0.00492660,1.01139978
h4,bear,12,ema20_rising+rsi_lt45,16380,0.43216605,0.42478632,-0.00737973,0.98292387
h4,bear,12,ema20_rising+macd,40726,0.43216605,0.43935078,0.00718473,1.01662494
h4,bear,12,ema20_rising+macd_rising,29783,0.43216605,0.43209213,-0.00007392,0.99982896
h4,bear,12,ema20_rising+adx25,28760,0.43216605,0.43212796,-0.00003809,0.99991185
h4,bear,12,ema20_rising+adx_rising,26054,0.43216605,0.43858908,0.00642303,1.01486242
h4,bear,12,ema20_rising+di,48000,0.43216605,0.43708333,0.00491728,1.01137823
h4,bear,12,ema20_rising+di_strong,52162,0.43216605,0.43790499,0.00573894,1.01327947
h4,bear,12,ema20_rising+volatility,35792,0.43216605,0.41517658,-0.01698947,0.96068762
h4,bear,12,ema20_rising+bb,50075,0.43216605,0.43846231,0.00629626,1.01456907
h4,bear,12,ema20_rising+bb_upper,53533,0.43216605,0.43705752,0.00489147,1.01131849
h4,bear,12,ema20_rising+body,37430,0.43216605,0.43109805,-0.00106800,0.99752873
h4,bear,12,ema200_rising+momentum,28370,0.43216605,0.43820938,0.00604333,1.01398381
h4,bear,12,ema200_rising+rsi55,43006,0.43216605,0.43542761,0.00326156,1.00754702
h4,bear,12,ema200_rising+rsi60,47453,0.43216605,0.43518850,0.00302245,1.00699373
h4,bear,12,ema200_rising+rsi_lt45,22767,0.43216605,0.42544033,-0.00672572,0.98443719
h4,bear,12,ema200_rising+macd,26514,0.43216605,0.43663725,0.00447120,1.01034602
h4,bear,12,ema200_rising+macd_rising,25068,0.43216605,0.42723791,-0.00492814,0.98859666
h4,bear,12,ema200_rising+adx25,27041,0.43216605,0.42564994,-0.00651611,0.98492220
h4,bear,12,ema200_rising+adx_rising,26343,0.43216605,0.43578939,0.00362334,1.00838415
h4,bear,12,ema200_rising+di,37467,0.43216605,0.43379507,0.00162902,1.00376944
h4,bear,12,ema200_rising+di_strong,43287,0.43216605,0.43511909,0.00295304,1.00683311
h4,bear,12,ema200_rising+volatility,34466,0.43216605,0.41240643,-0.01975962,0.95427771
h4,bear,12,ema200_rising+bb,33492,0.43216605,0.43443210,0.00226605,1.00524348
h4,bear,12,ema200_rising+bb_upper,44950,0.43216605,0.43426029,0.00209424,1.00484591
h4,bear,12,ema200_rising+body,35455,0.43216605,0.42645607,-0.00570998,0.98678753
h4,bear,12,momentum+rsi55,37372,0.43216605,0.44367441,0.01150836,1.02662948
h4,bear,12,momentum+rsi60,37372,0.43216605,0.44367441,0.01150836,1.02662948
h4,bear,12,momentum+rsi_lt45,7800,0.43216605,0.42166667,-0.01049938,0.97570521
h4,bear,12,momentum+macd,30074,0.43216605,0.44483607,0.01267002,1.02931748
h4,bear,12,momentum+macd_rising,23382,0.43216605,0.43601916,0.00385311,1.00891581
h4,bear,12,momentum+adx25,18962,0.43216605,0.43328763,0.00112158,1.00259525
h4,bear,12,momentum+adx_rising,14133,0.43216605,0.44321800,0.01105195,1.02557339
h4,bear,12,momentum+di,36443,0.43216605,0.44274621,0.01058016,1.02448169
h4,bear,12,momentum+di_strong,37432,0.43216605,0.44210836,0.00994231,1.02300575
h4,bear,12,momentum+volatility,28961,0.43216605,0.41441939,-0.01774666,0.95893556
h4,bear,12,momentum+bb,36696,0.43216605,0.44375409,0.01158804,1.02681385
h4,bear,12,momentum+bb_upper,38248,0.43216605,0.44221920,0.01005315,1.02326224
h4,bear,12,momentum+body,30862,0.43216605,0.43043225,-0.00173380,0.99598811
h4,bear,12,rsi55+rsi60,70023,0.43216605,0.43818460,0.00601855,1.01392647
h4,bear,12,rsi55+rsi_lt45,32819,0.43216605,0.43310278,0.00093673,1.00216751
h4,bear,12,rsi55+macd,46019,0.43216605,0.43792781,0.00576176,1.01333229
h4,bear,12,rsi55+macd_rising,36452,0.43216605,0.43295292,0.00078687,1.00182077
h4,bear,12,rsi55+adx25,40682,0.43216605,0.43739246,0.00522641,1.01209352
h4,bear,12,rsi55+adx_rising,40198,0.43216605,0.44041992,0.00825387,1.01909884
h4,bear,12,rsi55+di,55857,0.43216605,0.43518270,0.00301665,1.00698030
h4,bear,12,rsi55+di_strong,65275,0.43216605,0.43802375,0.00585770,1.01355427
h4,bear,12,rsi55+volatility,47843,0.43216605,0.42066760,-0.01149845,0.97339344
h4,bear,12,rsi55+bb,53102,0.43216605,0.43823208,0.00606603,1.01403634
h4,bear,12,rsi55+bb_upper,68658,0.43216605,0.43777855,0.00561250,1.01298692
h4,bear,12,rsi55+body,49233,0.43216605,0.43249447,0.00032841,1.00075993
h4,bear,12,rsi60+rsi_lt45,47989,0.43216605,0.43362020,0.00145415,1.00336480
h4,bear,12,rsi60+macd,51076,0.43216605,0.43799436,0.00582831,1.01348628
h4,bear,12,rsi60+macd_rising,43789,0.43216605,0.43348786,0.00132181,1.00305857
h4,bear,12,rsi60+adx25,51523,0.43216605,0.43807620,0.00591015,1.01367564
h4,bear,12,rsi60+adx_rising,51044,0.43216605,0.44018886,0.00802281,1.01856418
h4,bear,12,rsi60+di,58444,0.43216605,0.43410786,0.00194181,1.00449321
h4,bear,12,rsi60+di_strong,72190,0.43216605,0.43745671,0.00529066,1.01224220
h4,bear,12,rsi60+volatility,59135,0.43216605,0.42306587,-0.00910018,0.97894285
h4,bear,12,rsi60+bb,53845,0.43216605,0.43790510,0.00573905,1.01327973
h4,bear,12,rsi60+bb_upper,79278,0.43216605,0.43764979,0.00548374,1.01268896
h4,bear,12,rsi60+body,60086,0.43216605,0.43256333,0.00039728,1.00091927
h4,bear,12,rsi_lt45+macd,26782,0.43216605,0.43185722,-0.00030883,0.99928538
h4,bear,12,rsi_lt45+macd_rising,36278,0.43216605,0.42347979,-0.00868626,0.97990065
h4,bear,12,rsi_lt45+adx25,47468,0.43216605,0.43170136,-0.00046469,0.99892473
h4,bear,12,rsi_lt45+adx_rising,46386,0.43216605,0.43243651,0.00027046,1.00062583
h4,bear,12,rsi_lt45+di,23249,0.43216605,0.41791045,-0.01425560,0.96701360
h4,bear,12,rsi_lt45+di_strong,38225,0.43216605,0.42914323,-0.00302282,0.99300542
h4,bear,12,rsi_lt45+volatility,55066,0.43216605,0.42577997,-0.00638608,0.98522309
h4,bear,12,rsi_lt45+bb,17397,0.43216605,0.42725757,-0.00490848,0.98864215
h4,bear,12,rsi_lt45+bb_upper,50030,0.43216605,0.43156106,-0.00060499,0.99860011
h4,bear,12,rsi_lt45+body,53633,0.43216605,0.42339604,-0.00877001,0.97970686
h4,bear,12,macd+macd_rising,29559,0.43216605,0.43533272,0.00316667,1.00732745
h4,bear,12,macd+adx25,31934,0.43216605,0.43593036,0.00376431,1.00871032
h4,bear,12,macd+adx_rising,28176,0.43216605,0.44030380,0.00813775,1.01883016
h4,bear,12,macd+di,40663,0.43216605,0.43698202,0.00481597,1.01114380
h4,bear,12,macd+di_strong,47503,0.43216605,0.43900385,0.00683780,1.01582216
h4,bear,12,macd+volatility,38534,0.43216605,0.42559817,-0.00656788,0.98480242
h4,bear,12,macd+bb,43793,0.43216605,0.43879159,0.00662554,1.01533100
h4,bear,12,macd+bb_upper,54415,0.43216605,0.43859230,0.00642625,1.01486986
h4,bear,12,macd+body,39398,0.43216605,0.43217930,0.00001325,1.00003066
h4,bear,12,macd_rising+adx25,32500,0.43216605,0.43036923,-0.00179682,0.99584229
h4,bear,12,macd_rising+adx_rising,29457,0.43216605,0.43269851,0.00053246,1.00123207
h4,bear,12,macd_rising+di,29678,0.43216605,0.42802750,-0.00413856,0.99042369
h4,bear,12,macd_rising+di_strong,37683,0.43216605,0.43258233,0.00041628,1.00096324
h4,bear,12,macd_rising+volatility,39675,0.43216605,0.42202899,-0.01013706,0.97654359
h4,bear,12,macd_rising+bb,28698,0.43216605,0.43393268,0.00176663,1.00408785
h4,bear,12,macd_rising+bb_upper,48896,0.43216605,0.43226440,0.00009835,1.00022757
h4,bear,12,macd_rising+body,39900,0.43216605,0.42496241,-0.00720364,0.98333130
h4,bear,12,adx25+adx_rising,36537,0.43216605,0.43577743,0.00361138,1.00835647
h4,bear,12,adx25+di,32656,0.43216605,0.42659848,-0.00556757,0.98711706
h4,bear,12,adx25+di_strong,45456,0.43216605,0.43281415,0.00064810,1.00149965
h4,bear,12,adx25+volatility,49008,0.43216605,0.43505142,0.00288537,1.00667653
h4,bear,12,adx25+bb,29416,0.43216605,0.43534131,0.00317526,1.00734732
h4,bear,12,adx25+bb_upper,49848,0.43216605,0.43783101,0.00566496,1.01310829
h4,bear,12,adx25+body,45130,0.43216605,0.42991358,-0.00225247,0.99478796
h4,bear,12,adx_rising+di,31040,0.43216605,0.43282861,0.00066256,1.00153311
h4,bear,12,adx_rising+di_strong,46664,0.43216605,0.43718927,0.00502322,1.01162335
h4,bear,12,adx_rising+volatility,42200,0.43216605,0.42672986,-0.00543619,0.98742106
h4,bear,12,adx_rising+bb,26378,0.43216605,0.43911593,0.00694988,1.01608150
h4,bear,12,adx_rising+bb_upper,51394,0.43216605,0.43989571,0.00772966,1.01788585
h4,bear,12,adx_rising+body,42142,0.43216605,0.43241896,0.00025291,1.00058522
h4,bear,12,di+di_strong,59436,0.43216605,0.43273437,0.00056832,1.00131505
h4,bear,12,di+volatility,40243,0.43216605,0.41063042,-0.02153563,0.95016816
h4,bear,12,di+bb,47243,0.43216605,0.43733463,0.00516858,1.01195971
h4,bear,12,di+bb_upper,57478,0.43216605,0.43376596,0.00159991,1.00370208
h4,bear,12,di+body,41715,0.43216605,0.42545847,-0.00670758,0.98447916
h4,bear,12,di_strong+volatility,52137,0.43216605,0.41893473,-0.01323132,0.96938371
h4,bear,12,di_strong+bb,51915,0.43216605,0.43879418,0.00662813,1.01533700
h4,bear,12,di_strong+bb_upper,70386,0.43216605,0.43711818,0.00495213,1.01145885
h4,bear,12,di_strong+body,53071,0.43216605,0.43051761,-0.00164844,0.99618563
h4,bear,12,volatility+bb,36186,0.43216605,0.41831095,-0.01385510,0.96794033
h4,bear,12,volatility+bb_upper,60772,0.43216605,0.42294149,-0.00922456,0.97865505
h4,bear,12,volatility+body,56924,0.43216605,0.41694189,-0.01522416,0.96477242
h4,bear,12,bb+bb_upper,53915,0.43216605,0.43781879,0.00565274,1.01308002
h4,bear,12,bb+body,37710,0.43216605,0.43214002,-0.00002603,0.99993976
h4,bear,12,bb_upper+body,62427,0.43216605,0.43143191,-0.00073414,0.99830126
h4,bear,12,price20+price200+macd,24487,0.43216605,0.43623147,0.00406542,1.00940708
h4,bear,12,price20+price200+volatility,22891,0.43216605,0.40815168,-0.02401437,0.94443253
h4,bear,12,price20+price200+macd+volatility,15628,0.43216605,0.41656002,-0.01560603,0.96388881
h4,bear,12,price200+macd+volatility,17247,0.43216605,0.41833362,-0.01383243,0.96799280
h4,bear,12,price200+macd+di+volatility,15319,0.43216605,0.41830407,-0.01386198,0.96792440
h4,bear,12,price200+volatility+bb,21894,0.43216605,0.41015803,-0.02200802,0.94907509
h4,bear,12,trend+volatility+body,33003,0.43216605,0.41093234,-0.02123371,0.95086678
h4,bear,12,trend+price20+macd+volatility,17535,0.43216605,0.41904762,-0.01311843,0.96964493
h4,bear,12,macd+di+volatility+bb,24985,0.43216605,0.41889133,-0.01327472,0.96928330
h4,bear,24,trend,66944,0.58129988,0.58275574,0.00145586,1.00250449
h4,bear,24,price20,53547,0.58129988,0.58694231,0.00564243,1.00970658
h4,bear,24,price200,50852,0.58129988,0.58298592,0.00168604,1.00290047
h4,bear,24,ema20_rising,53547,0.58129988,0.58694231,0.00564243,1.00970658
h4,bear,24,ema200_rising,50852,0.58129988,0.58298592,0.00168604,1.00290047
h4,bear,24,momentum,45004,0.58129988,0.58712559,0.00582571,1.01002187
h4,bear,24,rsi55,70023,0.58129988,0.58616455,0.00486467,1.00836860
h4,bear,24,rsi60,85193,0.58129988,0.58395643,0.00265655,1.00457002
h4,bear,24,rsi_lt45,75822,0.58129988,0.57689061,-0.00440927,0.99241482
h4,bear,24,macd,56067,0.58129988,0.58676227,0.00546239,1.00939685
h4,bear,24,macd_rising,56418,0.58129988,0.58174696,0.00044708,1.00076911
h4,bear,24,adx25,64406,0.58129988,0.58426234,0.00296246,1.00509626
h4,bear,24,adx_rising,59498,0.58129988,0.58296077,0.00166089,1.00285721
h4,bear,24,di,59436,0.58129988,0.57899253,-0.00230735,0.99603071
h4,bear,24,di_strong,75276,0.58129988,0.58216430,0.00086442,1.00148705
h4,bear,24,volatility,78939,0.58129988,0.57301207,-0.00828781,0.98574263
h4,bear,24,bb,53915,0.58129988,0.58731336,0.00601349,1.01034489
h4,bear,24,bb_upper,87213,0.58129988,0.58518799,0.00388811,1.00668865
h4,bear,24,body,79335,0.58129988,0.57850885,-0.00279102,0.99519865
h4,bear,24,trend+price20,39239,0.58129988,0.58533602,0.00403614,1.00694330
h4,bear,24,trend+price200,49812,0.58129988,0.58257046,0.00127059,1.00218577
h4,bear,24,trend+ema20_rising,39239,0.58129988,0.58533602,0.00403614,1.00694330
h4,bear,24,trend+ema200_rising,49812,0.58129988,0.58257046,0.00127059,1.00218577
h4,bear,24,trend+momentum,32574,0.58129988,0.58426966,0.00296979,1.00510887
h4,bear,24,trend+rsi55,50413,0.58129988,0.58647571,0.00517583,1.00890389
h4,bear,24,trend+rsi60,57683,0.58129988,0.58531976,0.00401989,1.00691534
h4,bear,24,trend+rsi_lt45,36252,0.58129988,0.57958182,-0.00171806,0.99704445
h4,bear,24,trend+macd,30904,0.58129988,0.58911468,0.00781480,1.01344366
h4,bear,24,trend+macd_rising,30875,0.58129988,0.58416194,0.00286207,1.00492356
h4,bear,24,trend+adx25,36490,0.58129988,0.58473554,0.00343567,1.00591032
h4,bear,24,trend+adx_rising,34860,0.58129988,0.58574297,0.00444309,1.00764338
h4,bear,24,trend+di,43490,0.58129988,0.58190389,0.00060401,1.00103906
h4,bear,24,trend+di_strong,51841,0.58129988,0.58334137,0.00204149,1.00351194
h4,bear,24,trend+volatility,45920,0.58129988,0.56844512,-0.01285476,0.97788619
h4,bear,24,trend+bb,37738,0.58129988,0.58638508,0.00508520,1.00874798
h4,bear,24,trend+bb_upper,54822,0.58129988,0.58741016,0.00611029,1.01051142
h4,bear,24,trend+body,46778,0.58129988,0.57969558,-0.00160429,0.99724016
h4,bear,24,price20+price200,34928,0.58129988,0.58428768,0.00298780,1.00513986
h4,bear,24,price20+ema20_rising,53547,0.58129988,0.58694231,0.00564243,1.00970658
h4,bear,24,price20+ema200_rising,34928,0.58129988,0.58428768,0.00298780,1.00513986
h4,bear,24,price20+momentum,37275,0.58129988,0.59090543,0.00960555,1.01652427
h4,bear,24,price20+rsi55,53533,0.58129988,0.58694637,0.00564649,1.00971356
h4,bear,24,price20+rsi60,53547,0.58129988,0.58694231,0.00564243,1.00970658
h4,bear,24,price20+rsi_lt45,16380,0.58129988,0.57967033,-0.00162955,0.99719672
h4,bear,24,price20+macd,40726,0.58129988,0.58989343,0.00859356,1.01478334
h4,bear,24,price20+macd_rising,29783,0.58129988,0.58291643,0.00161655,1.00278092
h4,bear,24,price20+adx25,28760,0.58129988,0.58929068,0.00799080,1.01374644
h4,bear,24,price20+adx_rising,26054,0.58129988,0.59134874,0.01004886,1.01728688
h4,bear,24,price20+di,48000,0.58129988,0.58500000,0.00370012,1.00636526
h4,bear,24,price20+di_strong,52162,0.58129988,0.58699820,0.00569832,1.00980272
h4,bear,24,price20+volatility,35792,0.58129988,0.56850693,-0.01279295,0.97799251
h4,bear,24,price20+bb,50075,0.58129988,0.58819770,0.00689783,1.01186621
h4,bear,24,price20+bb_upper,53533,0.58129988,0.58690901,0.00560913,1.00964929
h4,bear,24,price20+body,37430,0.58129988,0.58330216,0.00200229,1.00344450
h4,bear,24,price200+ema20_rising,34928,0.58129988,0.58428768,0.00298780,1.00513986
h4,bear,24,price200+ema200_rising,50852,0.58129988,0.58298592,0.00168604,1.00290047
h4,bear,24,price200+momentum,28370,0.58129988,0.58724004,0.00594016,1.01021876
h4,bear,24,price200+rsi55,43006,0.58129988,0.58482537,0.00352550,1.00606485
h4,bear,24,price200+rsi60,47453,0.58129988,0.58394622,0.00264634,1.00455246
h4,bear,24,price200+rsi_lt45,22767,0.58129988,0.57846884,-0.00283104,0.99512981
h4,bear,24,price200+macd,26514,0.58129988,0.58701064,0.00571076,1.00982412
h4,bear,24,price200+macd_rising,25068,0.58129988,0.58169778,0.00039790,1.00068451
h4,bear,24,price200+adx25,27041,0.58129988,0.58226397,0.00096409,1.00165851
h4,bear,24,price200+adx_rising,26343,0.58129988,0.58588619,0.00458632,1.00788976
h4,bear,24,price200+di,37467,0.58129988,0.58192543,0.00062555,1.00107612
h4,bear,24,price200+di_strong,43287,0.58129988,0.58294638,0.00164650,1.00283245
h4,bear,24,price200+volatility,34466,0.58129988,0.56542680,-0.01587308,0.97269382
h4,bear,24,price200+bb,33492,0.58129988,0.58431864,0.00301877,1.00519313
h4,bear,24,price200+bb_upper,44950,0.58129988,0.58549499,0.00419512,1.00721679
h4,bear,24,price200+body,35455,0.58129988,0.58022846,-0.00107142,0.99815686
h4,bear,24,ema20_rising+ema200_rising,34928,0.58129988,0.58428768,0.00298780,1.00513986
h4,bear,24,ema20_rising+momentum,37275,0.58129988,0.59090543,0.00960555,1.01652427
h4,bear,24,ema20_rising+rsi55,53533,0.58129988,0.58694637,0.00564649,1.00971356
h4,bear,24,ema20_rising+rsi60,53547,0.58129988,0.58694231,0.00564243,1.00970658
h4,bear,24,ema20_rising+rsi_lt45,16380,0.58129988,0.57967033,-0.00162955,0.99719672
h4,bear,24,ema20_rising+macd,40726,0.58129988,0.58989343,0.00859356,1.01478334
h4,bear,24,ema20_rising+macd_rising,29783,0.58129988,0.58291643,0.00161655,1.00278092
h4,bear,24,ema20_rising+adx25,28760,0.58129988,0.58929068,0.00799080,1.01374644
h4,bear,24,ema20_rising+adx_rising,26054,0.58129988,0.59134874,0.01004886,1.01728688
h4,bear,24,ema20_rising+di,48000,0.58129988,0.58500000,0.00370012,1.00636526
h4,bear,24,ema20_rising+di_strong,52162,0.58129988,0.58699820,0.00569832,1.00980272
h4,bear,24,ema20_rising+volatility,35792,0.58129988,0.56850693,-0.01279295,0.97799251
h4,bear,24,ema20_rising+bb,50075,0.58129988,0.58819770,0.00689783,1.01186621
h4,bear,24,ema20_rising+bb_upper,53533,0.58129988,0.58690901,0.00560913,1.00964929
h4,bear,24,ema20_rising+body,37430,0.58129988,0.58330216,0.00200229,1.00344450
h4,bear,24,ema200_rising+momentum,28370,0.58129988,0.58724004,0.00594016,1.01021876
h4,bear,24,ema200_rising+rsi55,43006,0.58129988,0.58482537,0.00352550,1.00606485
h4,bear,24,ema200_rising+rsi60,47453,0.58129988,0.58394622,0.00264634,1.00455246
h4,bear,24,ema200_rising+rsi_lt45,22767,0.58129988,0.57846884,-0.00283104,0.99512981
h4,bear,24,ema200_rising+macd,26514,0.58129988,0.58701064,0.00571076,1.00982412
h4,bear,24,ema200_rising+macd_rising,25068,0.58129988,0.58169778,0.00039790,1.00068451
h4,bear,24,ema200_rising+adx25,27041,0.58129988,0.58226397,0.00096409,1.00165851
h4,bear,24,ema200_rising+adx_rising,26343,0.58129988,0.58588619,0.00458632,1.00788976
h4,bear,24,ema200_rising+di,37467,0.58129988,0.58192543,0.00062555,1.00107612
h4,bear,24,ema200_rising+di_strong,43287,0.58129988,0.58294638,0.00164650,1.00283245
h4,bear,24,ema200_rising+volatility,34466,0.58129988,0.56542680,-0.01587308,0.97269382
h4,bear,24,ema200_rising+bb,33492,0.58129988,0.58431864,0.00301877,1.00519313
h4,bear,24,ema200_rising+bb_upper,44950,0.58129988,0.58549499,0.00419512,1.00721679
h4,bear,24,ema200_rising+body,35455,0.58129988,0.58022846,-0.00107142,0.99815686
h4,bear,24,momentum+rsi55,37372,0.58129988,0.59129830,0.00999842,1.01720011
h4,bear,24,momentum+rsi60,37372,0.58129988,0.59129830,0.00999842,1.01720011
h4,bear,24,momentum+rsi_lt45,7800,0.58129988,0.57205128,-0.00924860,0.98408980
h4,bear,24,momentum+macd,30074,0.58129988,0.59160737,0.01030749,1.01773180
h4,bear,24,momentum+macd_rising,23382,0.58129988,0.58763151,0.00633163,1.01089220
h4,bear,24,momentum+adx25,18962,0.58129988,0.59213163,0.01083175,1.01863368
h4,bear,24,momentum+adx_rising,14133,0.58129988,0.59569801,0.01439813,1.02476886
h4,bear,24,momentum+di,36443,0.58129988,0.58996241,0.00866253,1.01490200
h4,bear,24,momentum+di_strong,37432,0.58129988,0.58992306,0.00862318,1.01483431
h4,bear,24,momentum+volatility,28961,0.58129988,0.56683126,-0.01446862,0.97510988
h4,bear,24,momentum+bb,36696,0.58129988,0.59085459,0.00955471,1.01643680
h4,bear,24,momentum+bb_upper,38248,0.58129988,0.59056683,0.00926695,1.01594177
h4,bear,24,momentum+body,30862,0.58129988,0.58204264,0.00074276,1.00127776
h4,bear,24,rsi55+rsi60,70023,0.58129988,0.58616455,0.00486467,1.00836860
h4,bear,24,rsi55+rsi_lt45,32819,0.58129988,0.58149243,0.00019255,1.00033124
h4,bear,24,rsi55+macd,46019,0.58129988,0.58812664,0.00682677,1.01174397
h4,bear,24,rsi55+macd_rising,36452,0.58129988,0.58155931,0.00025943,1.00044630
h4,bear,24,rsi55+adx25,40682,0.58129988,0.59018731,0.00888743,1.01528889
h4,bear,24,rsi55+adx_rising,40198,0.58129988,0.58796458,0.00666470,1.01146516
h4,bear,24,rsi55+di,55857,0.58129988,0.58191453,0.00061465,1.00105738
h4,bear,24,rsi55+di_strong,65275,0.58129988,0.58466488,0.00336500,1.00578875
h4,bear,24,rsi55+volatility,47843,0.58129988,0.57092992,-0.01036996,0.98216074
h4,bear,24,rsi55+bb,53102,0.58129988,0.58794396,0.00664408,1.01142969
h4,bear,24,rsi55+bb_upper,68658,0.58129988,0.58620991,0.00491003,1.00844664
h4,bear,24,rsi55+body,49233,0.58129988,0.58314545,0.00184557,1.00317491
h4,bear,24,rsi60+rsi_lt45,47989,0.58129988,0.57904937,-0.00225051,0.99612848
h4,bear,24,rsi60+macd,51076,0.58129988,0.58663560,0.00533572,1.00917895
h4,bear,24,rsi60+macd_rising,43789,0.58129988,0.58099066,-0.00030922,0.99946806
h4,bear,24,rsi60+adx25,51523,0.58129988,0.58798983,0.00668995,1.01150861
h4,bear,24,rsi60+adx_rising,51044,0.58129988,0.58512264,0.00382276,1.00657623
h4,bear,24,rsi60+di,58444,0.58129988,0.57993977,-0.00136011,0.99766023
h4,bear,24,rsi60+di_strong,72190,0.58129988,0.58280925,0.00150938,1.00259655
h4,bear,24,rsi60+volatility,59135,0.58129988,0.57179335,-0.00950652,0.98364609
h4,bear,24,rsi60+bb,53845,0.58129988,0.58744545,0.00614557,1.01057211
h4,bear,24,rsi60+bb_upper,79278,0.58129988,0.58494160,0.00364172,1.00626479
h4,bear,24,rsi60+body,60086,0.58129988,0.58118364,-0.00011624,0.99980003
h4,bear,24,rsi_lt45+macd,26782,0.58129988,0.58180868,0.00050880,1.00087528
h4,bear,24,rsi_lt45+macd_rising,36278,0.58129988,0.57776063,-0.00353925,0.99391149
h4,bear,24,rsi_lt45+adx25,47468,0.58129988,0.57984326,-0.00145662,0.99749421
h4,bear,24,rsi_lt45+adx_rising,46386,0.58129988,0.57916182,-0.00213806,0.99632193
h4,bear,24,rsi_lt45+di,23249,0.58129988,0.56299196,-0.01830792,0.96850520
h4,bear,24,rsi_lt45+di_strong,38225,0.58129988,0.57470242,-0.00659746,0.98865051
h4,bear,24,rsi_lt45+volatility,55066,0.58129988,0.57678059,-0.00451929,0.99222555
h4,bear,24,rsi_lt45+bb,17397,0.58129988,0.58170949,0.00040961,1.00070465
h4,bear,24,rsi_lt45+bb_upper,50030,0.58129988,0.58143114,0.00013126,1.00022581
h4,bear,24,rsi_lt45+body,53633,0.58129988,0.57554118,-0.00575870,0.99009341
h4,bear,24,macd+macd_rising,29559,0.58129988,0.58591292,0.00461304,1.00793574
h4,bear,24,macd+adx25,31934,0.58129988,0.59269118,0.01139130,1.01959625
h4,bear,24,macd+adx_rising,28176,0.58129988,0.58855054,0.00725066,1.01247319
h4,bear,24,macd+di,40663,0.58129988,0.58483142,0.00353154,1.00607525
h4,bear,24,macd+di_strong,47503,0.58129988,0.58796287,0.00666299,1.01146222
h4,bear,24,macd+volatility,38534,0.58129988,0.57678933,-0.00451055,0.99224058
h4,bear,24,macd+bb,43793,0.58129988,0.58890690,0.00760703,1.01308623
h4,bear,24,macd+bb_upper,54415,0.58129988,0.58752182,0.00622195,1.01070350
h4,bear,24,macd+body,39398,0.58129988,0.58345601,0.00215614,1.00370916
h4,bear,24,macd_rising+adx25,32500,0.58129988,0.58098462,-0.00031526,0.99945766
h4,bear,24,macd_rising+adx_rising,29457,0.58129988,0.58349459,0.00219471,1.00377552
h4,bear,24,macd_rising+di,29678,0.58129988,0.57527461,-0.00602526,0.98963484
h4,bear,24,macd_rising+di_strong,37683,0.58129988,0.58060664,-0.00069324,0.99880743
h4,bear,24,macd_rising+volatility,39675,0.58129988,0.57471960,-0.00658028,0.98868006
h4,bear,24,macd_rising+bb,28698,0.58129988,0.58418705,0.00288717,1.00496675
h4,bear,24,macd_rising+bb_upper,48896,0.58129988,0.58303338,0.00173350,1.00298211
h4,bear,24,macd_rising+body,39900,0.58129988,0.58005013,-0.00124975,0.99785007
h4,bear,24,adx25+adx_rising,36537,0.58129988,0.58507814,0.00377826,1.00649968
h4,bear,24,adx25+di,32656,0.58129988,0.57820921,-0.00309067,0.99468318
h4,bear,24,adx25+di_strong,45456,0.58129988,0.58364132,0.00234145,1.00402795
h4,bear,24,adx25+volatility,49008,0.58129988,0.58570029,0.00440042,1.00756996
h4,bear,24,adx25+bb,29416,0.58129988,0.59239869,0.01109882,1.01909310
h4,bear,24,adx25+bb_upper,49848,0.58129988,0.58939175,0.00809187,1.01392031
h4,bear,24,adx25+body,45130,0.58129988,0.58209617,0.00079629,1.00136984
h4,bear,24,adx_rising+di,31040,0.58129988,0.57793170,-0.00336818,0.99420578
h4,bear,24,adx_rising+di_strong,46664,0.58129988,0.58342620,0.00212632,1.00365787
h4,bear,24,adx_rising+volatility,42200,0.58129988,0.57469194,-0.00660793,0.98863249
h4,bear,24,adx_rising+bb,26378,0.58129988,0.59094700,0.00964712,1.01659578
h4,bear,24,adx_rising+bb_upper,51394,0.58129988,0.58730591,0.00600603,1.01033207
h4,bear,24,adx_rising+body,42142,0.58129988,0.58162878,0.00032890,1.00056580
h4,bear,24,di+di_strong,59436,0.58129988,0.57899253,-0.00230735,0.99603071
h4,bear,24,di+volatility,40243,0.58129988,0.55952588,-0.02177400,0.96254257
h4,bear,24,di+bb,47243,0.58129988,0.58565290,0.00435302,1.00748843
h4,bear,24,di+bb_upper,57478,0.58129988,0.58043077,-0.00086910,0.99850489
h4,bear,24,di+body,41715,0.58129988,0.57480523,-0.00649465,0.98882736
h4,bear,24,di_strong+volatility,52137,0.58129988,0.56733222,-0.01396766,0.97597168
h4,bear,24,di_strong+bb,51915,0.58129988,0.58792257,0.00662269,1.01139289
h4,bear,24,di_strong+bb_upper,70386,0.58129988,0.58402239,0.00272251,1.00468349
h4,bear,24,di_strong+body,53071,0.58129988,0.57926174,-0.00203813,0.99649383
h4,bear,24,volatility+bb,36186,0.58129988,0.57121539,-0.01008449,0.98265183
h4,bear,24,volatility+bb_upper,60772,0.58129988,0.57373461,-0.00756526,0.98698561
h4,bear,24,volatility+body,56924,0.58129988,0.57002319,-0.01127669,0.98060091
h4,bear,24,bb+bb_upper,53915,0.58129988,0.58731336,0.00601349,1.01034489
h4,bear,24,bb+body,37710,0.58129988,0.58382392,0.00252404,1.00434206
h4,bear,24,bb_upper+body,62427,0.58129988,0.58300095,0.00170107,1.00292632
h4,bear,24,price20+price200+macd,24487,0.58129988,0.58643362,0.00513374,1.00883148
h4,bear,24,price20+price200+volatility,22891,0.58129988,0.56105019,-0.02024968,0.96516482
h4,bear,24,price20+price200+macd+volatility,15628,0.58129988,0.56865882,-0.01264106,0.97825381
h4,bear,24,price200+macd+volatility,17247,0.58129988,0.57134574,-0.00995414,0.98287607
h4,bear,24,price200+macd+di+volatility,15319,0.58129988,0.56811802,-0.01318185,0.97732349
h4,bear,24,price200+volatility+bb,21894,0.58129988,0.56271125,-0.01858863,0.96802230
h4,bear,24,trend+volatility+body,33003,0.58129988,0.56555465,-0.01574523,0.97291375
h4,bear,24,trend+price20+macd+volatility,17535,0.58129988,0.57028800,-0.01101188,0.98105645
h4,bear,24,macd+di+volatility+bb,24985,0.58129988,0.57038223,-0.01091765,0.98121856
d1,bull,1,trend,9837,0.24611221,0.25983532,0.01372311,1.05575956
d1,bull,1,price20,11727,0.24611221,0.24379637,-0.00231584,0.99059031
d1,bull,1,price200,12917,0.24611221,0.25563211,0.00951991,1.03868116
d1,bull,1,ema20_rising,11727,0.24611221,0.24379637,-0.00231584,0.99059031
d1,bull,1,ema200_rising,12917,0.24611221,0.25563211,0.00951991,1.03868116
d1,bull,1,momentum,13736,0.24611221,0.24810716,0.00199496,1.00810588
d1,bull,1,rsi55,8320,0.24611221,0.24170673,-0.00440548,0.98209972
d1,bull,1,rsi60,5248,0.24611221,0.23113567,-0.01497654,0.93914753
d1,bull,1,rsi_lt45,6744,0.24611221,0.24540332,-0.00070889,0.99711967
d1,bull,1,macd,11022,0.24611221,0.23761568,-0.00849653,0.96547701
d1,bull,1,macd_rising,10940,0.24611221,0.24149909,-0.00461312,0.98125602
d1,bull,1,adx25,7908,0.24611221,0.25505817,0.00894596,1.03634912
d1,bull,1,adx_rising,10183,0.24611221,0.24315035,-0.00296186,0.98796541
d1,bull,1,di,11900,0.24611221,0.23638655,-0.00972565,0.96048285
d1,bull,1,di_strong,8561,0.24611221,0.23513608,-0.01097612,0.95540195
d1,bull,1,volatility,6213,0.24611221,0.30790278,0.06179058,1.25106669
d1,bull,1,bb,11437,0.24611221,0.24499432,-0.00111789,0.99545780
d1,bull,1,bb_upper,5086,0.24611221,0.23220606,-0.01390615,0.94349670
d1,bull,1,body,7360,0.24611221,0.24850543,0.00239323,1.00972413
d1,bull,1,trend+price20,6763,0.24611221,0.25521218,0.00909998,1.03697491
d1,bull,1,trend+price200,9567,0.24611221,0.26121041,0.01509820,1.06134683
d1,bull,1,trend+ema20_rising,6763,0.24611221,0.25521218,0.00909998,1.03697491
d1,bull,1,trend+ema200_rising,9567,0.24611221,0.26121041,0.01509820,1.06134683
d1,bull,1,trend+momentum,7465,0.24611221,0.26188881,0.01577661,1.06410331
d1,bull,1,trend+rsi55,5386,0.24611221,0.25659116,0.01047896,1.04257796
d1,bull,1,trend+rsi60,3622,0.24611221,0.24986195,0.00374975,1.01523593
d1,bull,1,trend+rsi_lt45,1355,0.24611221,0.26715867,0.02104646,1.08551573
d1,bull,1,trend+macd,4635,0.24611221,0.25393743,0.00782523,1.03179536
d1,bull,1,trend+macd_rising,4532,0.24611221,0.25639894,0.01028673,1.04179693
d1,bull,1,trend+adx25,3914,0.24611221,0.25421564,0.00810343,1.03292575
d1,bull,1,trend+adx_rising,4520,0.24611221,0.25995575,0.01384355,1.05624892
d1,bull,1,trend+di,6892,0.24611221,0.24956471,0.00345251,1.01402818
d1,bull,1,trend+di_strong,5263,0.24611221,0.24890747,0.00279526,1.01135767
d1,bull,1,trend+volatility,2715,0.24611221,0.31491713,0.06880492,1.27956728
d1,bull,1,trend+bb,6277,0.24611221,0.25872232,0.01261011,1.05123725
d1,bull,1,trend+bb_upper,2935,0.24611221,0.25621806,0.01010585,1.04106197
d1,bull,1,trend+body,3359,0.24611221,0.26972313,0.02361092,1.09593561
d1,bull,1,price20+price200,9134,0.24611221,0.24720823,0.00109603,1.00445336
d1,bull,1,price20+ema20_rising,11727,0.24611221,0.24379637,-0.00231584,0.99059031
d1,bull,1,price20+ema200_rising,9134,0.24611221,0.24720823,0.00109603,1.00445336
d1,bull,1,price20+momentum,10458,0.24611221,0.24564926,-0.00046294,0.99811897
d1,bull,1,price20+rsi55,8299,0.24611221,0.24195686,-0.00415534,0.98311606
d1,bull,1,price20+rsi60,5232,0.24611221,0.23126911,-0.01484309,0.93968973
d1,bull,1,price20+macd,8757,0.24611221,0.23798104,-0.00813116,0.96696156
d1,bull,1,price20+macd_rising,6719,0.24611221,0.23991665,-0.00619555,0.97482631
d1,bull,1,price20+adx25,4400,0.24611221,0.23431818,-0.01179403,0.95207867
d1,bull,1,price20+adx_rising,5855,0.24611221,0.23057216,-0.01554005,0.93685788
d1,bull,1,price20+di,10279,0.24611221,0.24019846,-0.00591374,0.97597135
d1,bull,1,price20+di_strong,8123,0.24611221,0.23525791,-0.01085430,0.95589696
d1,bull,1,price20+volatility,3057,0.24611221,0.29636899,0.05025678,1.20420272
d1,bull,1,price20+bb,10857,0.24611221,0.24399005,-0.00212215,0.99137729
d1,bull,1,price20+bb_upper,5086,0.24611221,0.23220606,-0.01390615,0.94349670
d1,bull,1,price20+body,4053,0.24611221,0.24500370,-0.00110851,0.99549593
d1,bull,1,price200+ema20_rising,9134,0.24611221,0.24720823,0.00109603,1.00445336
d1,bull,1,price200+ema200_rising,12917,0.24611221,0.25563211,0.00951991,1.03868116
d1,bull,1,price200+momentum,9962,0.24611221,0.25607308,0.00996087,1.04047288
d1,bull,1,price200+rsi55,7097,0.24611221,0.24545583,-0.00065638,0.99733300
d1,bull,1,price200+rsi60,4737,0.24611221,0.23706988,-0.00904233,0.96325931
d1,bull,1,price200+rsi_lt45,1741,0.24611221,0.27570362,0.02959141,1.12023545
d1,bull,1,price200+macd,6859,0.24611221,0.24332993,-0.00278228,0.98869509
d1,bull,1,price200+macd_rising,6529,0.24611221,0.24919590,0.00308369,1.01252960
d1,bull,1,price200+adx25,4985,0.24611221,0.24874624,0.00263403,1.01070256
d1,bull,1,price200+adx_rising,6128,0.24611221,0.24967363,0.00356142,1.01447073
d1,bull,1,price200+di,9149,0.24611221,0.24341458,-0.00269763,0.98903904
d1,bull,1,price200+di_strong,7042,0.24611221,0.23998864,-0.00612357,0.97511880
d1,bull,1,price200+volatility,3466,0.24611221,0.31736872,0.07125652,1.28952858
d1,bull,1,price200+bb,8592,0.24611221,0.24825419,0.00214198,1.00870328
d1,bull,1,price200+bb_upper,4138,0.24611221,0.23779604,-0.00831617,0.96620984
d1,bull,1,price200+body,4388,0.24611221,0.26139471,0.01528251,1.06209568
d1,bull,1,ema20_rising+ema200_rising,9134,0.24611221,0.24720823,0.00109603,1.00445336
d1,bull,1,ema20_rising+momentum,10458,0.24611221,0.24564926,-0.00046294,0.99811897
d1,bull,1,ema20_rising+rsi55,8299,0.24611221,0.24195686,-0.00415534,0.98311606
d1,bull,1,ema20_rising+rsi60,5232,0.24611221,0.23126911,-0.01484309,0.93968973
d1,bull,1,ema20_rising+macd,8757,0.24611221,0.23798104,-0.00813116,0.96696156
d1,bull,1,ema20_rising+macd_rising,6719,0.24611221,0.23991665,-0.00619555,0.97482631
d1,bull,1,ema20_rising+adx25,4400,0.24611221,0.23431818,-0.01179403,0.95207867
d1,bull,1,ema20_rising+adx_rising,5855,0.24611221,0.23057216,-0.01554005,0.93685788
d1,bull,1,ema20_rising+di,10279,0.24611221,0.24019846,-0.00591374,0.97597135
d1,bull,1,ema20_rising+di_strong,8123,0.24611221,0.23525791,-0.01085430,0.95589696
d1,bull,1,ema20_rising+volatility,3057,0.24611221,0.29636899,0.05025678,1.20420272
d1,bull,1,ema20_rising+bb,10857,0.24611221,0.24399005,-0.00212215,0.99137729
d1,bull,1,ema20_rising+bb_upper,5086,0.24611221,0.23220606,-0.01390615,0.94349670
d1,bull,1,ema20_rising+body,4053,0.24611221,0.24500370,-0.00110851,0.99549593
d1,bull,1,ema200_rising+momentum,9962,0.24611221,0.25607308,0.00996087,1.04047288
d1,bull,1,ema200_rising+rsi55,7097,0.24611221,0.24545583,-0.00065638,0.99733300
d1,bull,1,ema200_rising+rsi60,4737,0.24611221,0.23706988,-0.00904233,0.96325931
d1,bull,1,ema200_rising+rsi_lt45,1741,0.24611221,0.27570362,0.02959141,1.12023545
d1,bull,1,ema200_rising+macd,6859,0.24611221,0.24332993,-0.00278228,0.98869509
d1,bull,1,ema200_rising+macd_rising,6529,0.24611221,0.24919590,0.00308369,1.01252960
d1,bull,1,ema200_rising+adx25,4985,0.24611221,0.24874624,0.00263403,1.01070256
d1,bull,1,ema200_rising+adx_rising,6128,0.24611221,0.24967363,0.00356142,1.01447073
d1,bull,1,ema200_rising+di,9149,0.24611221,0.24341458,-0.00269763,0.98903904
d1,bull,1,ema200_rising+di_strong,7042,0.24611221,0.23998864,-0.00612357,0.97511880
d1,bull,1,ema200_rising+volatility,3466,0.24611221,0.31736872,0.07125652,1.28952858
d1,bull,1,ema200_rising+bb,8592,0.24611221,0.24825419,0.00214198,1.00870328
d1,bull,1,ema200_rising+bb_upper,4138,0.24611221,0.23779604,-0.00831617,0.96620984
d1,bull,1,ema200_rising+body,4388,0.24611221,0.26139471,0.01528251,1.06209568
d1,bull,1,momentum+rsi55,7169,0.24611221,0.24354861,-0.00256359,0.98958363
d1,bull,1,momentum+rsi60,4097,0.24611221,0.23138882,-0.01472339,0.94017613
d1,bull,1,momentum+macd,8479,0.24611221,0.23894327,-0.00716894,0.97087127
d1,bull,1,momentum+macd_rising,7195,0.24611221,0.24211258,-0.00399963,0.98374876
d1,bull,1,momentum+adx25,4307,0.24611221,0.24053866,-0.00557355,0.97735363
d1,bull,1,momentum+adx_rising,5241,0.24611221,0.23774089,-0.00837132,0.96598577
d1,bull,1,momentum+di,10348,0.24611221,0.23859683,-0.00751538,0.96946362
d1,bull,1,momentum+di_strong,7328,0.24611221,0.23567140,-0.01044081,0.95757703
d1,bull,1,momentum+volatility,3574,0.24611221,0.30190263,0.05579042,1.22668694
d1,bull,1,momentum+bb,10185,0.24611221,0.24516446,-0.00094775,0.99614912
d1,bull,1,momentum+bb_upper,4002,0.24611221,0.23188406,-0.01422815,0.94218837
d1,bull,1,momentum+body,4566,0.24611221,0.25339466,0.00728245,1.02958996
d1,bull,1,rsi55+rsi60,5248,0.24611221,0.23113567,-0.01497654,0.93914753
d1,bull,1,rsi55+macd,6549,0.24611221,0.23591388,-0.01019833,0.95856229
d1,bull,1,rsi55+macd_rising,4668,0.24611221,0.23886033,-0.00725188,0.97053425
d1,bull,1,rsi55+adx25,3666,0.24611221,0.23267867,-0.01343354,0.94541702
d1,bull,1,rsi55+adx_rising,5279,0.24611221,0.22958894,-0.01652327,0.93286286
d1,bull,1,rsi55+di,7987,0.24611221,0.23938901,-0.00672320,0.97268238
d1,bull,1,rsi55+di_strong,7060,0.24611221,0.23427762,-0.01183459,0.95191386
d1,bull,1,rsi55+volatility,2193,0.24611221,0.29320565,0.04709345,1.19134950
d1,bull,1,rsi55+bb,8199,0.24611221,0.24137090,-0.00474131,0.98073518
d1,bull,1,rsi55+bb_upper,4836,0.24611221,0.22973532,-0.01637689,0.93345763
d1,bull,1,rsi55+body,2987,0.24611221,0.24305323,-0.00305898,0.98757081
d1,bull,1,rsi60+macd,4495,0.24611221,0.22825362,-0.01785859,0.92743720
d1,bull,1,rsi60+macd_rising,3056,0.24611221,0.23134817,-0.01476404,0.94001094
d1,bull,1,rsi60+adx25,2749,0.24611221,0.22553656,-0.02057565,0.91639729
d1,bull,1,rsi60+adx_rising,4104,0.24611221,0.22490253,-0.02120967,0.91382113
d1,bull,1,rsi60+di,5186,0.24611221,0.23042808,-0.01568413,0.93627244
d1,bull,1,rsi60+di_strong,4988,0.24611221,0.22814755,-0.01796465,0.92700625
d1,bull,1,rsi60+volatility,1412,0.24611221,0.27053824,0.02442604,1.09924756
d1,bull,1,rsi60+bb,5222,0.24611221,0.23152049,-0.01459172,0.94071112
d1,bull,1,rsi60+bb_upper,3909,0.24611221,0.22844717,-0.01766503,0.92822366
d1,bull,1,rsi60+body,1925,0.24611221,0.23688312,-0.00922909,0.96250048
d1,bull,1,rsi_lt45+macd,1359,0.24611221,0.23988227,-0.00622994,0.97468658
d1,bull,1,rsi_lt45+macd_rising,2934,0.24611221,0.24539877,-0.00071343,0.99710118
d1,bull,1,rsi_lt45+adx25,2730,0.24611221,0.28644689,0.04033468,1.16388736
d1,bull,1,rsi_lt45+adx_rising,3840,0.24611221,0.25468750,0.00857529,1.03484302
d1,bull,1,rsi_lt45+di,402,0.24611221,0.19900498,-0.04710723,0.80859449
d1,bull,1,rsi_lt45+di_strong,90,0.24611221,0.26666667,0.02055446,1.08351662
d1,bull,1,rsi_lt45+volatility,2270,0.24611221,0.32290749,0.07679528,1.31203362
d1,bull,1,rsi_lt45+bb,113,0.24611221,0.36283186,0.11671965,1.47425381
d1,bull,1,rsi_lt45+body,2253,0.24611221,0.24589436,-0.00021784,0.99911486
d1,bull,1,macd+macd_rising,5937,0.24611221,0.23210376,-0.01400845,0.94308104
d1,bull,1,macd+adx25,3985,0.24611221,0.23563363,-0.01047858,0.95742356
d1,bull,1,macd+adx_rising,5642,0.24611221,0.22846508,-0.01764712,0.92829643
d1,bull,1,macd+di,8302,0.24611221,0.23403999,-0.01207222,0.95094832
d1,bull,1,macd+di_strong,6601,0.24611221,0.23314649,-0.01296571,0.94731788
d1,bull,1,macd+volatility,3000,0.24611221,0.30500000,0.05888779,1.23927213
d1,bull,1,macd+bb,9113,0.24611221,0.24119390,-0.00491831,0.98001599
d1,bull,1,macd+bb_upper,4784,0.24611221,0.22930602,-0.01680619,0.93171331
d1,bull,1,macd+body,3803,0.24611221,0.24165133,-0.00446088,0.98187461
d1,bull,1,macd_rising+adx25,3817,0.24611221,0.25517422,0.00906201,1.03682066
d1,bull,1,macd_rising+adx_rising,5243,0.24611221,0.23898531,-0.00712689,0.97104210
d1,bull,1,macd_rising+di,6148,0.24611221,0.22983084,-0.01628137,0.93384575
d1,bull,1,macd_rising+di_strong,4469,0.24611221,0.23092414,-0.01518806,0.93828806
d1,bull,1,macd_rising+volatility,3195,0.24611221,0.30015649,0.05404429,1.21959206
d1,bull,1,macd_rising+bb,6301,0.24611221,0.23996191,-0.00615030,0.97501019
d1,bull,1,macd_rising+bb_upper,3682,0.24611221,0.23709940,-0.00901280,0.96337929
d1,bull,1,macd_rising+body,3836,0.24611221,0.25260688,0.00649468,1.02638908
d1,bull,1,adx25+adx_rising,4165,0.24611221,0.24873950,0.00262729,1.01067517
d1,bull,1,adx25+di,4462,0.24611221,0.23016584,-0.01594636,0.93520694
d1,bull,1,adx25+di_strong,3922,0.24611221,0.22667007,-0.01944214,0.92100294
d1,bull,1,adx25+volatility,3103,0.24611221,0.31002256,0.06391035,1.25967973
d1,bull,1,adx25+bb,4336,0.24611221,0.23662362,-0.00948859,0.96144608
d1,bull,1,adx25+bb_upper,2025,0.24611221,0.22419753,-0.02191468,0.91095657
d1,bull,1,adx25+body,2660,0.24611221,0.25751880,0.01140659,1.04634711
d1,bull,1,adx_rising+di,5867,0.24611221,0.23010056,-0.01601164,0.93494169
d1,bull,1,adx_rising+di_strong,5812,0.24611221,0.22986924,-0.01624297,0.93400177
d1,bull,1,adx_rising+volatility,2982,0.24611221,0.30382294,0.05771073,1.23448951
d1,bull,1,adx_rising+bb,5827,0.24611221,0.23030719,-0.01580502,0.93578126
d1,bull,1,adx_rising+bb_upper,3963,0.24611221,0.22836235,-0.01774986,0.92787901
d1,bull,1,adx_rising+body,3576,0.24611221,0.24972036,0.00360815,1.01466059
d1,bull,1,di+di_strong,8561,0.24611221,0.23513608,-0.01097612,0.95540195
d1,bull,1,di+volatility,3044,0.24611221,0.27923784,0.03312564,1.13459567
d1,bull,1,di+bb,10006,0.24611221,0.24005597,-0.00605624,0.97539236
d1,bull,1,di+bb_upper,4936,0.24611221,0.23014587,-0.01596634,0.93512577
d1,bull,1,di+body,4062,0.24611221,0.24052191,-0.00559030,0.97728558
d1,bull,1,di_strong+volatility,2279,0.24611221,0.26941641,0.02330420,1.09468935
d1,bull,1,di_strong+bb,7948,0.24611221,0.23616004,-0.00995217,0.95956248
d1,bull,1,di_strong+bb_upper,4540,0.24611221,0.22885463,-0.01725758,0.92987921
d1,bull,1,di_strong+body,3018,0.24611221,0.24320742,-0.00290478,0.98819732
d1,bull,1,volatility+bb,3057,0.24611221,0.30356559,0.05745338,1.23344385
d1,bull,1,volatility+bb_upper,1373,0.24611221,0.28113620,0.03502399,1.14230904
d1,bull,1,volatility+body,2325,0.24611221,0.30494624,0.05883403,1.23905368
d1,bull,1,bb+bb_upper,5086,0.24611221,0.23220606,-0.01390615,0.94349670
d1,bull,1,bb+body,3948,0.24611221,0.24797366,0.00186145,1.00756342
d1,bull,1,bb_upper+body,2022,0.24611221,0.24480712,-0.00130509,0.99469719
d1,bull,1,price20+price200+macd,6419,0.24611221,0.24193800,-0.00417421,0.98303940
d1,bull,1,price20+price200+volatility,2259,0.24611221,0.30588756,0.05977535,1.24287846
d1,bull,1,price20+price200+macd+volatility,1546,0.24611221,0.31953428,0.07342208,1.29832764
d1,bull,1,price200+macd+volatility,1663,0.24611221,0.32471437,0.07860216,1.31937532
d1,bull,1,price200+macd+di+volatility,1489,0.24611221,0.31161854,0.06550633,1.26616449
d1,bull,1,price200+volatility+bb,2144,0.24611221,0.31063433,0.06452212,1.26216547
d1,bull,1,trend+volatility+body,1047,0.24611221,0.31805158,0.07193937,1.29230313
d1,bull,1,trend+price20+macd+volatility,1075,0.24611221,0.32279070,0.07667849,1.31155907
d1,bull,1,macd+di+volatility+bb,2073,0.24611221,0.29184756,0.04573536,1.18583132
d1,bull,3,trend,9837,0.48882976,0.50828505,0.01945528,1.03979971
d1,bull,3,price20,11727,0.48882976,0.48836019,-0.00046957,0.99903940
d1,bull,3,price200,12917,0.48882976,0.50321282,0.01438306,1.02942345
d1,bull,3,ema20_rising,11727,0.48882976,0.48836019,-0.00046957,0.99903940
d1,bull,3,ema200_rising,12917,0.48882976,0.50321282,0.01438306,1.02942345
d1,bull,3,momentum,13736,0.48882976,0.49170064,0.00287088,1.00587296
d1,bull,3,rsi55,8320,0.48882976,0.48377404,-0.00505572,0.98965749
d1,bull,3,rsi60,5248,0.48882976,0.47084604,-0.01798373,0.96321066
d1,bull,3,rsi_lt45,6744,0.48882976,0.48606168,-0.00276808,0.99433734
d1,bull,3,macd,11022,0.48882976,0.48248957,-0.00634020,0.98702985
d1,bull,3,macd_rising,10940,0.48882976,0.48117002,-0.00765974,0.98433045
d1,bull,3,adx25,7908,0.48882976,0.49797673,0.00914697,1.01871197
d1,bull,3,adx_rising,10183,0.48882976,0.48247078,-0.00635898,0.98699143
d1,bull,3,di,11900,0.48882976,0.47747899,-0.01135077,0.97677971
d1,bull,3,di_strong,8561,0.48882976,0.47587899,-0.01295078,0.97350657
d1,bull,3,volatility,6213,0.48882976,0.55480444,0.06597468,1.13496453
d1,bull,3,bb,11437,0.48882976,0.48981376,0.00098400,1.00201297
d1,bull,3,bb_upper,5086,0.48882976,0.47384978,-0.01497998,0.96935543
d1,bull,3,body,7360,0.48882976,0.49307065,0.00424089,1.00867560
d1,bull,3,trend+price20,6763,0.48882976,0.50731924,0.01848947,1.03782395
d1,bull,3,trend+price200,9567,0.48882976,0.51019128,0.02136152,1.04369930
d1,bull,3,trend+ema20_rising,6763,0.48882976,0.50731924,0.01848947,1.03782395
d1,bull,3,trend+ema200_rising,9567,0.48882976,0.51019128,0.02136152,1.04369930
d1,bull,3,trend+momentum,7465,0.48882976,0.51306095,0.02423119,1.04956979
d1,bull,3,trend+rsi55,5386,0.48882976,0.50686966,0.01803990,1.03690426
d1,bull,3,trend+rsi60,3622,0.48882976,0.49641082,0.00758106,1.01550859
d1,bull,3,trend+rsi_lt45,1355,0.48882976,0.51291513,0.02408537,1.04927148
d1,bull,3,trend+macd,4635,0.48882976,0.50636462,0.01753485,1.03587109
d1,bull,3,trend+macd_rising,4532,0.48882976,0.50397176,0.01514199,1.03097601
d1,bull,3,trend+adx25,3914,0.48882976,0.49386817,0.00503840,1.01030707
d1,bull,3,trend+adx_rising,4520,0.48882976,0.50818584,0.01935608,1.03959677
d1,bull,3,trend+di,6892,0.48882976,0.49738828,0.00855851,1.01750817
d1,bull,3,trend+di_strong,5263,0.48882976,0.49800494,0.00917518,1.01876968
d1,bull,3,trend+volatility,2715,0.48882976,0.56758748,0.07875771,1.16111481
d1,bull,3,trend+bb,6277,0.48882976,0.51202804,0.02319828,1.04745676
d1,bull,3,trend+bb_upper,2935,0.48882976,0.50528109,0.01645133,1.03365451
d1,bull,3,trend+body,3359,0.48882976,0.52188151,0.03305175,1.06761403
d1,bull,3,price20+price200,9134,0.48882976,0.49540180,0.00657203,1.01344442
d1,bull,3,price20+ema20_rising,11727,0.48882976,0.48836019,-0.00046957,0.99903940
d1,bull,3,price20+ema200_rising,9134,0.48882976,0.49540180,0.00657203,1.01344442
d1,bull,3,price20+momentum,10458,0.48882976,0.49082042,0.00199066,1.00407230
d1,bull,3,price20+rsi55,8299,0.48882976,0.48439571,-0.00443405,0.99092925
d1,bull,3,price20+rsi60,5232,0.48882976,0.47133028,-0.01749949,0.96420126
d1,bull,3,price20+macd,8757,0.48882976,0.48247117,-0.00635860,0.98699221
d1,bull,3,price20+macd_rising,6719,0.48882976,0.48429826,-0.00453150,0.99072989
d1,bull,3,price20+adx25,4400,0.48882976,0.47795455,-0.01087522,0.97775255
d1,bull,3,price20+adx_rising,5855,0.48882976,0.46729291,-0.02153685,0.95594202
d1,bull,3,price20+di,10279,0.48882976,0.48351007,-0.00531969,0.98911749
d1,bull,3,price20+di_strong,8123,0.48882976,0.47740982,-0.01141994,0.97663821
d1,bull,3,price20+volatility,3057,0.48882976,0.55282957,0.06399981,1.13092453
d1,bull,3,price20+bb,10857,0.48882976,0.49019066,0.00136090,1.00278399
d1,bull,3,price20+bb_upper,5086,0.48882976,0.47384978,-0.01497998,0.96935543
d1,bull,3,price20+body,4053,0.48882976,0.48976067,0.00093091,1.00190436
d1,bull,3,price200+ema20_rising,9134,0.48882976,0.49540180,0.00657203,1.01344442
d1,bull,3,price200+ema200_rising,12917,0.48882976,0.50321282,0.01438306,1.02942345
d1,bull,3,price200+momentum,9962,0.48882976,0.50371411,0.01488435,1.03044895
d1,bull,3,price200+rsi55,7097,0.48882976,0.49105256,0.00222279,1.00454718
d1,bull,3,price200+rsi60,4737,0.48882976,0.48047287,-0.00835689,0.98290429
d1,bull,3,price200+rsi_lt45,1741,0.48882976,0.52958070,0.04075094,1.08336427
d1,bull,3,price200+macd,6859,0.48882976,0.49278320,0.00395344,1.00808756
d1,bull,3,price200+macd_rising,6529,0.48882976,0.49486905,0.00603928,1.01235457
d1,bull,3,price200+adx25,4985,0.48882976,0.48706118,-0.00176858,0.99638201
d1,bull,3,price200+adx_rising,6128,0.48882976,0.49428851,0.00545875,1.01116697
d1,bull,3,price200+di,9149,0.48882976,0.48726637,-0.00156339,0.99680176
d1,bull,3,price200+di_strong,7042,0.48882976,0.48409543,-0.00473434,0.99031496
d1,bull,3,price200+volatility,3466,0.48882976,0.57212926,0.08329949,1.17040594
d1,bull,3,price200+bb,8592,0.48882976,0.49755587,0.00872610,1.01785101
d1,bull,3,price200+bb_upper,4138,0.48882976,0.48139198,-0.00743779,0.98478451
d1,bull,3,price200+body,4388,0.48882976,0.51002735,0.02119758,1.04336394
d1,bull,3,ema20_rising+ema200_rising,9134,0.48882976,0.49540180,0.00657203,1.01344442
d1,bull,3,ema20_rising+momentum,10458,0.48882976,0.49082042,0.00199066,1.00407230
d1,bull,3,ema20_rising+rsi55,8299,0.48882976,0.48439571,-0.00443405,0.99092925
d1,bull,3,ema20_rising+rsi60,5232,0.48882976,0.47133028,-0.01749949,0.96420126
d1,bull,3,ema20_rising+macd,8757,0.48882976,0.48247117,-0.00635860,0.98699221
d1,bull,3,ema20_rising+macd_rising,6719,0.48882976,0.48429826,-0.00453150,0.99072989
d1,bull,3,ema20_rising+adx25,4400,0.48882976,0.47795455,-0.01087522,0.97775255
d1,bull,3,ema20_rising+adx_rising,5855,0.48882976,0.46729291,-0.02153685,0.95594202
d1,bull,3,ema20_rising+di,10279,0.48882976,0.48351007,-0.00531969,0.98911749
d1,bull,3,ema20_rising+di_strong,8123,0.48882976,0.47740982,-0.01141994,0.97663821
d1,bull,3,ema20_rising+volatility,3057,0.48882976,0.55282957,0.06399981,1.13092453
d1,bull,3,ema20_rising+bb,10857,0.48882976,0.49019066,0.00136090,1.00278399
d1,bull,3,ema20_rising+bb_upper,5086,0.48882976,0.47384978,-0.01497998,0.96935543
d1,bull,3,ema20_rising+body,4053,0.48882976,0.48976067,0.00093091,1.00190436
d1,bull,3,ema200_rising+momentum,9962,0.48882976,0.50371411,0.01488435,1.03044895
d1,bull,3,ema200_rising+rsi55,7097,0.48882976,0.49105256,0.00222279,1.00454718
d1,bull,3,ema200_rising+rsi60,4737,0.48882976,0.48047287,-0.00835689,0.98290429
d1,bull,3,ema200_rising+rsi_lt45,1741,0.48882976,0.52958070,0.04075094,1.08336427
d1,bull,3,ema200_rising+macd,6859,0.48882976,0.49278320,0.00395344,1.00808756
d1,bull,3,ema200_rising+macd_rising,6529,0.48882976,0.49486905,0.00603928,1.01235457
d1,bull,3,ema200_rising+adx25,4985,0.48882976,0.48706118,-0.00176858,0.99638201
d1,bull,3,ema200_rising+adx_rising,6128,0.48882976,0.49428851,0.00545875,1.01116697
d1,bull,3,ema200_rising+di,9149,0.48882976,0.48726637,-0.00156339,0.99680176
d1,bull,3,ema200_rising+di_strong,7042,0.48882976,0.48409543,-0.00473434,0.99031496
d1,bull,3,ema200_rising+volatility,3466,0.48882976,0.57212926,0.08329949,1.17040594
d1,bull,3,ema200_rising+bb,8592,0.48882976,0.49755587,0.00872610,1.01785101
d1,bull,3,ema200_rising+bb_upper,4138,0.48882976,0.48139198,-0.00743779,0.98478451
d1,bull,3,ema200_rising+body,4388,0.48882976,0.51002735,0.02119758,1.04336394
d1,bull,3,momentum+rsi55,7169,0.48882976,0.48556284,-0.00326692,0.99331685
d1,bull,3,momentum+rsi60,4097,0.48882976,0.47034415,-0.01848561,0.96218395
d1,bull,3,momentum+macd,8479,0.48882976,0.48390140,-0.00492836,0.98991805
d1,bull,3,momentum+macd_rising,7195,0.48882976,0.48492008,-0.00390968,0.99200196
d1,bull,3,momentum+adx25,4307,0.48882976,0.48223822,-0.00659155,0.98651566
d1,bull,3,momentum+adx_rising,5241,0.48882976,0.47433696,-0.01449280,0.97035204
d1,bull,3,momentum+di,10348,0.48882976,0.47893313,-0.00989664,0.97975443
d1,bull,3,momentum+di_strong,7328,0.48882976,0.47557314,-0.01325662,0.97288091
d1,bull,3,momentum+volatility,3574,0.48882976,0.54644656,0.05761680,1.11786679
d1,bull,3,momentum+bb,10185,0.48882976,0.49032892,0.00149915,1.00306682
d1,bull,3,momentum+bb_upper,4002,0.48882976,0.47251374,-0.01631602,0.96662229
d1,bull,3,momentum+body,4566,0.48882976,0.49496277,0.00613301,1.01254630
d1,bull,3,rsi55+rsi60,5248,0.48882976,0.47084604,-0.01798373,0.96321066
d1,bull,3,rsi55+macd,6549,0.48882976,0.47717209,-0.01165768,0.97615187
d1,bull,3,rsi55+macd_rising,4668,0.48882976,0.48264781,-0.00618195,0.98735358
d1,bull,3,rsi55+adx25,3666,0.48882976,0.46917621,-0.01965355,0.95979470
d1,bull,3,rsi55+adx_rising,5279,0.48882976,0.46732336,-0.02150641,0.95600430
d1,bull,3,rsi55+di,7987,0.48882976,0.48165769,-0.00717207,0.98532808
d1,bull,3,rsi55+di_strong,7060,0.48882976,0.47634561,-0.01248415,0.97446114
d1,bull,3,rsi55+volatility,2193,0.48882976,0.55084359,0.06201383,1.12686181
d1,bull,3,rsi55+bb,8199,0.48882976,0.48322966,-0.00560010,0.98854386
d1,bull,3,rsi55+bb_upper,4836,0.48882976,0.47125724,-0.01757253,0.96405185
d1,bull,3,rsi55+body,2987,0.48882976,0.48711081,-0.00171895,0.99648354
d1,bull,3,rsi60+macd,4495,0.48882976,0.46740823,-0.02142153,0.95617793
d1,bull,3,rsi60+macd_rising,3056,0.48882976,0.47251309,-0.01631667,0.96662095
d1,bull,3,rsi60+adx25,2749,0.48882976,0.46198618,-0.02684359,0.94508602
d1,bull,3,rsi60+adx_rising,4104,0.48882976,0.46661793,-0.02221183,0.95456122
d1,bull,3,rsi60+di,5186,0.48882976,0.47126880,-0.01756096,0.96407551
d1,bull,3,rsi60+di_strong,4988,0.48882976,0.46992783,-0.01890194,0.96133227
d1,bull,3,rsi60+volatility,1412,0.48882976,0.53399433,0.04516457,1.09239325
d1,bull,3,rsi60+bb,5222,0.48882976,0.47184987,-0.01697990,0.96526419
d1,bull,3,rsi60+bb_upper,3909,0.48882976,0.46866206,-0.02016770,0.95874289
d1,bull,3,rsi60+body,1925,0.48882976,0.47688312,-0.01194665,0.97556072
d1,bull,3,rsi_lt45+macd,1359,0.48882976,0.48638705,-0.00244271,0.99500294
d1,bull,3,rsi_lt45+macd_rising,2934,0.48882976,0.47955010,-0.00927966,0.98101658
d1,bull,3,rsi_lt45+adx25,2730,0.48882976,0.53333333,0.04450357,1.09104104
d1,bull,3,rsi_lt45+adx_rising,3840,0.48882976,0.49583333,0.00700357,1.01432722
d1,bull,3,rsi_lt45+di,402,0.48882976,0.45771144,-0.03111832,0.93634119
d1,bull,3,rsi_lt45+di_strong,90,0.48882976,0.56666667,0.07783690,1.15923111
d1,bull,3,rsi_lt45+volatility,2270,0.48882976,0.56651982,0.07769006,1.15893071
d1,bull,3,rsi_lt45+bb,113,0.48882976,0.58407080,0.09524103,1.19483477
d1,bull,3,rsi_lt45+body,2253,0.48882976,0.49578340,0.00695364,1.01422507
d1,bull,3,macd+macd_rising,5937,0.48882976,0.47987199,-0.00895777,0.98167507
d1,bull,3,macd+adx25,3985,0.48882976,0.47904642,-0.00978334,0.97998620
d1,bull,3,macd+adx_rising,5642,0.48882976,0.46703297,-0.02179680,0.95541025
d1,bull,3,macd+di,8302,0.48882976,0.47795712,-0.01087264,0.97775781
d1,bull,3,macd+di_strong,6601,0.48882976,0.47538252,-0.01344725,0.97249094
d1,bull,3,macd+volatility,3000,0.48882976,0.55633333,0.06750357,1.13809219
d1,bull,3,macd+bb,9113,0.48882976,0.48491166,-0.00391810,0.99198474
d1,bull,3,macd+bb_upper,4784,0.48882976,0.47387124,-0.01495853,0.96939932
d1,bull,3,macd+body,3803,0.48882976,0.48540626,-0.00342350,0.99299653
d1,bull,3,macd_rising+adx25,3817,0.48882976,0.49724915,0.00841939,1.01722355
d1,bull,3,macd_rising+adx_rising,5243,0.48882976,0.47320237,-0.01562740,0.96803100
d1,bull,3,macd_rising+di,6148,0.48882976,0.46958360,-0.01924616,0.96062810
d1,bull,3,macd_rising+di_strong,4469,0.48882976,0.46945625,-0.01937351,0.96036758
d1,bull,3,macd_rising+volatility,3195,0.48882976,0.55461659,0.06578683,1.13458024
d1,bull,3,macd_rising+bb,6301,0.48882976,0.48563720,-0.00319256,0.99346897
d1,bull,3,macd_rising+bb_upper,3682,0.48882976,0.48207496,-0.00675480,0.98618169
d1,bull,3,macd_rising+body,3836,0.48882976,0.49296142,0.00413166,1.00845214
d1,bull,3,adx25+adx_rising,4165,0.48882976,0.48907563,0.00024587,1.00050297
d1,bull,3,adx25+di,4462,0.48882976,0.46952039,-0.01930937,0.96049879
d1,bull,3,adx25+di_strong,3922,0.48882976,0.46557879,-0.02325098,0.95243543
d1,bull,3,adx25+volatility,3103,0.48882976,0.56106993,0.07224017,1.14778186
d1,bull,3,adx25+bb,4336,0.48882976,0.47693727,-0.01189249,0.97567150
d1,bull,3,adx25+bb_upper,2025,0.48882976,0.45580247,-0.03302729,0.93243600
d1,bull,3,adx25+body,2660,0.48882976,0.50526316,0.01643340,1.03361783
d1,bull,3,adx_rising+di,5867,0.48882976,0.46650758,-0.02232218,0.95433548
d1,bull,3,adx_rising+di_strong,5812,0.48882976,0.46627667,-0.02255309,0.95386309
d1,bull,3,adx_rising+volatility,2982,0.48882976,0.55767941,0.06884965,1.14084586
d1,bull,3,adx_rising+bb,5827,0.48882976,0.46885190,-0.01997787,0.95913124
d1,bull,3,adx_rising+bb_upper,3963,0.48882976,0.46328539,-0.02554437,0.94774383
d1,bull,3,adx_rising+body,3576,0.48882976,0.49217002,0.00334026,1.00683318
d1,bull,3,di+di_strong,8561,0.48882976,0.47587899,-0.01295078,0.97350657
d1,bull,3,di+volatility,3044,0.48882976,0.53219448,0.04336472,1.08871129
d1,bull,3,di+bb,10006,0.48882976,0.48350989,-0.00531987,0.98911713
d1,bull,3,di+bb_upper,4936,0.48882976,0.47123177,-0.01759800,0.96399974
d1,bull,3,di+body,4062,0.48882976,0.48301329,-0.00581647,0.98810124
d1,bull,3,di_strong+volatility,2279,0.48882976,0.52523036,0.03640060,1.07446478
d1,bull,3,di_strong+bb,7948,0.48882976,0.47873679,-0.01009297,0.97935278
d1,bull,3,di_strong+bb_upper,4540,0.48882976,0.47004405,-0.01878571,0.96157004
d1,bull,3,di_strong+body,3018,0.48882976,0.48674619,-0.00208357,0.99573763
d1,bull,3,volatility+bb,3057,0.48882976,0.55348381,0.06465404,1.13226291
d1,bull,3,volatility+bb_upper,1373,0.48882976,0.54624909,0.05741933,1.11746283
d1,bull,3,volatility+body,2325,0.48882976,0.54881720,0.05998744,1.12271643
d1,bull,3,bb+bb_upper,5086,0.48882976,0.47384978,-0.01497998,0.96935543
d1,bull,3,bb+body,3948,0.48882976,0.49113475,0.00230499,1.00471532
d1,bull,3,bb_upper+body,2022,0.48882976,0.48615232,-0.00267744,0.99452276
d1,bull,3,price20+price200+macd,6419,0.48882976,0.49088643,0.00205667,1.00420733
d1,bull,3,price20+price200+volatility,2259,0.48882976,0.57060646,0.08177670,1.16729076
d1,bull,3,price20+price200+macd+volatility,1546,0.48882976,0.59120310,0.10237334,1.20942535
d1,bull,3,price200+macd+volatility,1663,0.48882976,0.59230307,0.10347330,1.21167554
d1,bull,3,price200+macd+di+volatility,1489,0.48882976,0.58697112,0.09814136,1.20076797
d1,bull,3,price200+volatility+bb,2144,0.48882976,0.57369403,0.08486427,1.17360700
d1,bull,3,trend+volatility+body,1047,0.48882976,0.57115568,0.08232592,1.16841430
d1,bull,3,trend+price20+macd+volatility,1075,0.48882976,0.59348837,0.10465861,1.21410032
d1,bull,3,macd+di+volatility+bb,2073,0.48882976,0.55185721,0.06302745,1.12893538
d1,bull,5,trend,9837,0.60232121,0.61675308,0.01443187,1.02396042
d1,bull,5,price20,11727,0.60232121,0.60220005,-0.00012116,0.99979885
d1,bull,5,price200,12917,0.60232121,0.61484865,0.01252744,1.02079861
d1,bull,5,ema20_rising,11727,0.60232121,0.60220005,-0.00012116,0.99979885
d1,bull,5,ema200_rising,12917,0.60232121,0.61484865,0.01252744,1.02079861
d1,bull,5,momentum,13736,0.60232121,0.60548923,0.00316802,1.00525968
d1,bull,5,rsi55,8320,0.60232121,0.59423077,-0.00809044,0.98656790
d1,bull,5,rsi60,5248,0.60232121,0.58269817,-0.01962304,0.96742098
d1,bull,5,rsi_lt45,6744,0.60232121,0.60201661,-0.00030460,0.99949429
d1,bull,5,macd,11022,0.60232121,0.59780439,-0.00451682,0.99250098
d1,bull,5,macd_rising,10940,0.60232121,0.59552102,-0.00680018,0.98871004
d1,bull,5,adx25,7908,0.60232121,0.60837127,0.00605006,1.01004458
d1,bull,5,adx_rising,10183,0.60232121,0.59589512,-0.00642609,0.98933113
d1,bull,5,di,11900,0.60232121,0.58949580,-0.01282541,0.97870670
d1,bull,5,di_strong,8561,0.60232121,0.58836585,-0.01395536,0.97683070
d1,bull,5,volatility,6213,0.60232121,0.66183808,0.05951687,1.09881252
d1,bull,5,bb,11437,0.60232121,0.60566582,0.00334461,1.00555287
d1,bull,5,bb_upper,5086,0.60232121,0.59142745,-0.01089376,0.98191370
d1,bull,5,body,7360,0.60232121,0.60557065,0.00324944,1.00539487
d1,bull,5,trend+price20,6763,0.60232121,0.61392873,0.01160752,1.01927132
d1,bull,5,trend+price200,9567,0.60232121,0.61827114,0.01594993,1.02648078
d1,bull,5,trend+ema20_rising,6763,0.60232121,0.61392873,0.01160752,1.01927132
d1,bull,5,trend+ema200_rising,9567,0.60232121,0.61827114,0.01594993,1.02648078
d1,bull,5,trend+momentum,7465,0.60232121,0.62103148,0.01871027,1.03106361
d1,bull,5,trend+rsi55,5386,0.60232121,0.61102859,0.00870739,1.01445638
d1,bull,5,trend+rsi60,3622,0.60232121,0.60463832,0.00231711,1.00384697
d1,bull,5,trend+rsi_lt45,1355,0.60232121,0.63763838,0.03531717,1.05863511
d1,bull,5,trend+macd,4635,0.60232121,0.61467098,0.01234977,1.02050364
d1,bull,5,trend+macd_rising,4532,0.60232121,0.61473963,0.01241842,1.02061761
d1,bull,5,trend+adx25,3914,0.60232121,0.60015330,-0.00216791,0.99640074
d1,bull,5,trend+adx_rising,4520,0.60232121,0.61615044,0.01382924,1.02295990
d1,bull,5,trend+di,6892,0.60232121,0.60345328,0.00113207,1.00187952
d1,bull,5,trend+di_strong,5263,0.60232121,0.60573817,0.00341696,1.00567299
d1,bull,5,trend+volatility,2715,0.60232121,0.67513812,0.07281691,1.12089382
d1,bull,5,trend+bb,6277,0.60232121,0.62036004,0.01803884,1.02994887
d1,bull,5,trend+bb_upper,2935,0.60232121,0.61396934,0.01164813,1.01933873
d1,bull,5,trend+body,3359,0.60232121,0.62786544,0.02554423,1.04240965
d1,bull,5,price20+price200,9134,0.60232121,0.60729144,0.00497023,1.00825180
d1,bull,5,price20+ema20_rising,11727,0.60232121,0.60220005,-0.00012116,0.99979885
d1,bull,5,price20+ema200_rising,9134,0.60232121,0.60729144,0.00497023,1.00825180
d1,bull,5,price20+momentum,10458,0.60232121,0.60652132,0.00420012,1.00697322
d1,bull,5,price20+rsi55,8299,0.60232121,0.59513194,-0.00718926,0.98806407
d1,bull,5,price20+rsi60,5232,0.60232121,0.58352446,-0.01879674,0.96879283
d1,bull,5,price20+macd,8757,0.60232121,0.59735069,-0.00497052,0.99174773
d1,bull,5,price20+macd_rising,6719,0.60232121,0.60202411,-0.00029710,0.99950675
d1,bull,5,price20+adx25,4400,0.60232121,0.58840909,-0.01391212,0.97690250
d1,bull,5,price20+adx_rising,5855,0.60232121,0.58052946,-0.02179175,0.96382039
d1,bull,5,price20+di,10279,0.60232121,0.59645880,-0.00586241,0.99026697
d1,bull,5,price20+di_strong,8123,0.60232121,0.59054537,-0.01177584,0.98044923
d1,bull,5,price20+volatility,3057,0.60232121,0.66437684,0.06205563,1.10302747
d1,bull,5,price20+bb,10857,0.60232121,0.60449480,0.00217359,1.00360869
d1,bull,5,price20+bb_upper,5086,0.60232121,0.59142745,-0.01089376,0.98191370
d1,bull,5,price20+body,4053,0.60232121,0.60621762,0.00389641,1.00646899
d1,bull,5,price200+ema20_rising,9134,0.60232121,0.60729144,0.00497023,1.00825180
d1,bull,5,price200+ema200_rising,12917,0.60232121,0.61484865,0.01252744,1.02079861
d1,bull,5,price200+momentum,9962,0.60232121,0.61523790,0.01291670,1.02144486
d1,bull,5,price200+rsi55,7097,0.60232121,0.60067634,-0.00164487,0.99726912
d1,bull,5,price200+rsi60,4737,0.60232121,0.59235803,-0.00996317,0.98345870
d1,bull,5,price200+rsi_lt45,1741,0.60232121,0.65192418,0.04960297,1.08235303
d1,bull,5,price200+macd,6859,0.60232121,0.60416970,0.00184850,1.00306895
d1,bull,5,price200+macd_rising,6529,0.60232121,0.60897534,0.00665413,1.01104748
d1,bull,5,price200+adx25,4985,0.60232121,0.59699097,-0.00533023,0.99115051
d1,bull,5,price200+adx_rising,6128,0.60232121,0.60819191,0.00587070,1.00974679
d1,bull,5,price200+di,9149,0.60232121,0.59722374,-0.00509747,0.99153696
d1,bull,5,price200+di_strong,7042,0.60232121,0.59585345,-0.00646776,0.98926195
d1,bull,5,price200+volatility,3466,0.60232121,0.68234276,0.08002155,1.13285528
d1,bull,5,price200+bb,8592,0.60232121,0.61091713,0.00859592,1.01427133
d1,bull,5,price200+bb_upper,4138,0.60232121,0.59690672,-0.00541449,0.99101063
d1,bull,5,price200+body,4388,0.60232121,0.62032817,0.01800696,1.02989594
d1,bull,5,ema20_rising+ema200_rising,9134,0.60232121,0.60729144,0.00497023,1.00825180
d1,bull,5,ema20_rising+momentum,10458,0.60232121,0.60652132,0.00420012,1.00697322
d1,bull,5,ema20_rising+rsi55,8299,0.60232121,0.59513194,-0.00718926,0.98806407
d1,bull,5,ema20_rising+rsi60,5232,0.60232121,0.58352446,-0.01879674,0.96879283
d1,bull,5,ema20_rising+macd,8757,0.60232121,0.59735069,-0.00497052,0.99174773
d1,bull,5,ema20_rising+macd_rising,6719,0.60232121,0.60202411,-0.00029710,0.99950675
d1,bull,5,ema20_rising+adx25,4400,0.60232121,0.58840909,-0.01391212,0.97690250
d1,bull,5,ema20_rising+adx_rising,5855,0.60232121,0.58052946,-0.02179175,0.96382039
d1,bull,5,ema20_rising+di,10279,0.60232121,0.59645880,-0.00586241,0.99026697
d1,bull,5,ema20_rising+di_strong,8123,0.60232121,0.59054537,-0.01177584,0.98044923
d1,bull,5,ema20_rising+volatility,3057,0.60232121,0.66437684,0.06205563,1.10302747
d1,bull,5,ema20_rising+bb,10857,0.60232121,0.60449480,0.00217359,1.00360869
d1,bull,5,ema20_rising+bb_upper,5086,0.60232121,0.59142745,-0.01089376,0.98191370
d1,bull,5,ema20_rising+body,4053,0.60232121,0.60621762,0.00389641,1.00646899
d1,bull,5,ema200_rising+momentum,9962,0.60232121,0.61523790,0.01291670,1.02144486
d1,bull,5,ema200_rising+rsi55,7097,0.60232121,0.60067634,-0.00164487,0.99726912
d1,bull,5,ema200_rising+rsi60,4737,0.60232121,0.59235803,-0.00996317,0.98345870
d1,bull,5,ema200_rising+rsi_lt45,1741,0.60232121,0.65192418,0.04960297,1.08235303
d1,bull,5,ema200_rising+macd,6859,0.60232121,0.60416970,0.00184850,1.00306895
d1,bull,5,ema200_rising+macd_rising,6529,0.60232121,0.60897534,0.00665413,1.01104748
d1,bull,5,ema200_rising+adx25,4985,0.60232121,0.59699097,-0.00533023,0.99115051
d1,bull,5,ema200_rising+adx_rising,6128,0.60232121,0.60819191,0.00587070,1.00974679
d1,bull,5,ema200_rising+di,9149,0.60232121,0.59722374,-0.00509747,0.99153696
d1,bull,5,ema200_rising+di_strong,7042,0.60232121,0.59585345,-0.00646776,0.98926195
d1,bull,5,ema200_rising+volatility,3466,0.60232121,0.68234276,0.08002155,1.13285528
d1,bull,5,ema200_rising+bb,8592,0.60232121,0.61091713,0.00859592,1.01427133
d1,bull,5,ema200_rising+bb_upper,4138,0.60232121,0.59690672,-0.00541449,0.99101063
d1,bull,5,ema200_rising+body,4388,0.60232121,0.62032817,0.01800696,1.02989594
d1,bull,5,momentum+rsi55,7169,0.60232121,0.59715441,-0.00516679,0.99142187
d1,bull,5,momentum+rsi60,4097,0.60232121,0.58457408,-0.01774713,0.97053544
d1,bull,5,momentum+macd,8479,0.60232121,0.60172190,-0.00059931,0.99900501
d1,bull,5,momentum+macd_rising,7195,0.60232121,0.60166782,-0.00065338,0.99891523
d1,bull,5,momentum+adx25,4307,0.60232121,0.59600650,-0.00631471,0.98951605
d1,bull,5,momentum+adx_rising,5241,0.60232121,0.58652929,-0.01579192,0.97378157
d1,bull,5,momentum+di,10348,0.60232121,0.59306146,-0.00925975,0.98462656
d1,bull,5,momentum+di_strong,7328,0.60232121,0.58979258,-0.01252863,0.97919942
d1,bull,5,momentum+volatility,3574,0.60232121,0.65668719,0.05436598,1.09026077
d1,bull,5,momentum+bb,10185,0.60232121,0.60706922,0.00474801,1.00788286
d1,bull,5,momentum+bb_upper,4002,0.60232121,0.59295352,-0.00936768,0.98444736
d1,bull,5,momentum+body,4566,0.60232121,0.60950504,0.00718383,1.01192691
d1,bull,5,rsi55+rsi60,5248,0.60232121,0.58269817,-0.01962304,0.96742098
d1,bull,5,rsi55+macd,6549,0.60232121,0.58970835,-0.01261285,0.97905959
d1,bull,5,rsi55+macd_rising,4668,0.60232121,0.59854327,-0.00377793,0.99372771
d1,bull,5,rsi55+adx25,3666,0.60232121,0.57528642,-0.02703479,0.95511566
d1,bull,5,rsi55+adx_rising,5279,0.60232121,0.57889752,-0.02342369,0.96111097
d1,bull,5,rsi55+di,7987,0.60232121,0.59246275,-0.00985846,0.98363256
d1,bull,5,rsi55+di_strong,7060,0.60232121,0.58753541,-0.01478580,0.97545197
d1,bull,5,rsi55+volatility,2193,0.60232121,0.66073871,0.05841751,1.09698730
d1,bull,5,rsi55+bb,8199,0.60232121,0.59434077,-0.00798043,0.98675053
d1,bull,5,rsi55+bb_upper,4836,0.60232121,0.58995037,-0.01237084,0.97946140
d1,bull,5,rsi55+body,2987,0.60232121,0.59859391,-0.00372730,0.99381177
d1,bull,5,rsi60+macd,4495,0.60232121,0.58086763,-0.02145358,0.96438183
d1,bull,5,rsi60+macd_rising,3056,0.60232121,0.59096859,-0.01135262,0.98115188
d1,bull,5,rsi60+adx25,2749,0.60232121,0.56747908,-0.03484212,0.94215358
d1,bull,5,rsi60+adx_rising,4104,0.60232121,0.57797271,-0.02434850,0.95957556
d1,bull,5,rsi60+di,5186,0.60232121,0.58310837,-0.01921284,0.96810201
d1,bull,5,rsi60+di_strong,4988,0.60232121,0.58139535,-0.02092586,0.96525797
d1,bull,5,rsi60+volatility,1412,0.60232121,0.64660057,0.04427936,1.07351453
d1,bull,5,rsi60+bb,5222,0.60232121,0.58406741,-0.01825380,0.96969424
d1,bull,5,rsi60+bb_upper,3909,0.60232121,0.58685086,-0.01547035,0.97431545
d1,bull,5,rsi60+body,1925,0.60232121,0.58857143,-0.01374978,0.97717202
d1,bull,5,rsi_lt45+macd,1359,0.60232121,0.60044150,-0.00187971,0.99687923
d1,bull,5,rsi_lt45+macd_rising,2934,0.60232121,0.59236537,-0.00995584,0.98347089
d1,bull,5,rsi_lt45+adx25,2730,0.60232121,0.64065934,0.03833813,1.06365064
d1,bull,5,rsi_lt45+adx_rising,3840,0.60232121,0.61328125,0.01096004,1.01819634
d1,bull,5,rsi_lt45+di,402,0.60232121,0.53731343,-0.06500777,0.89207125
d1,bull,5,rsi_lt45+di_strong,90,0.60232121,0.64444444,0.04212324,1.06993484
d1,bull,5,rsi_lt45+volatility,2270,0.60232121,0.66872247,0.06640126,1.11024227
d1,bull,5,rsi_lt45+bb,113,0.60232121,0.74336283,0.14104162,1.23416347
d1,bull,5,rsi_lt45+body,2253,0.60232121,0.60541500,0.00309379,1.00513645
d1,bull,5,macd+macd_rising,5937,0.60232121,0.59760822,-0.00471299,0.99217529
d1,bull,5,macd+adx25,3985,0.60232121,0.59171895,-0.01060226,0.98239766
d1,bull,5,macd+adx_rising,5642,0.60232121,0.58294931,-0.01937190,0.96783793
d1,bull,5,macd+di,8302,0.60232121,0.59298964,-0.00933157,0.98450733
d1,bull,5,macd+di_strong,6601,0.60232121,0.59081957,-0.01150163,0.98090448
d1,bull,5,macd+volatility,3000,0.60232121,0.66433333,0.06201213,1.10295524
d1,bull,5,macd+bb,9113,0.60232121,0.60254581,0.00022461,1.00037290
d1,bull,5,macd+bb_upper,4784,0.60232121,0.59051003,-0.01181117,0.98039057
d1,bull,5,macd+body,3803,0.60232121,0.59952669,-0.00279452,0.99536042
d1,bull,5,macd_rising+adx25,3817,0.60232121,0.61199895,0.00967774,1.01606741
d1,bull,5,macd_rising+adx_rising,5243,0.60232121,0.58802212,-0.01429908,0.97626004
d1,bull,5,macd_rising+di,6148,0.60232121,0.58474301,-0.01757820,0.97081590
d1,bull,5,macd_rising+di_strong,4469,0.60232121,0.58335198,-0.01896923,0.96850646
d1,bull,5,macd_rising+volatility,3195,0.60232121,0.65821596,0.05589476,1.09279892
d1,bull,5,macd_rising+bb,6301,0.60232121,0.60355499,0.00123378,1.00204838
d1,bull,5,macd_rising+bb_upper,3682,0.60232121,0.60021727,-0.00210393,0.99650696
d1,bull,5,macd_rising+body,3836,0.60232121,0.60453597,0.00221477,1.00367705
d1,bull,5,adx25+adx_rising,4165,0.60232121,0.60000000,-0.00232121,0.99614623
d1,bull,5,adx25+di,4462,0.60232121,0.58157777,-0.02074344,0.96556083
d1,bull,5,adx25+di_strong,3922,0.60232121,0.57827639,-0.02404482,0.96007974
d1,bull,5,adx25+volatility,3103,0.60232121,0.66484048,0.06251927,1.10379722
d1,bull,5,adx25+bb,4336,0.60232121,0.58925277,-0.01306844,0.97830320
d1,bull,5,adx25+bb_upper,2025,0.60232121,0.57086420,-0.03145701,0.94777370
d1,bull,5,adx25+body,2660,0.60232121,0.61390977,0.01158857,1.01923985
d1,bull,5,adx_rising+di,5867,0.60232121,0.57814897,-0.02417224,0.95986819
d1,bull,5,adx_rising+di_strong,5812,0.60232121,0.57759807,-0.02472313,0.95895357
d1,bull,5,adx_rising+volatility,2982,0.60232121,0.66633132,0.06401011,1.10627239
d1,bull,5,adx_rising+bb,5827,0.60232121,0.58263257,-0.01968863,0.96731207
d1,bull,5,adx_rising+bb_upper,3963,0.60232121,0.57860207,-0.02371914,0.96062045
d1,bull,5,adx_rising+body,3576,0.60232121,0.60123043,-0.00109078,0.99818904
d1,bull,5,di+di_strong,8561,0.60232121,0.58836585,-0.01395536,0.97683070
d1,bull,5,di+volatility,3044,0.60232121,0.64421813,0.04189693,1.06955911
d1,bull,5,di+bb,10006,0.60232121,0.59824106,-0.00408015,0.99322595
d1,bull,5,di+bb_upper,4936,0.60232121,0.58914100,-0.01318020,0.97811765
d1,bull,5,di+body,4062,0.60232121,0.59650419,-0.00581702,0.99034233
d1,bull,5,di_strong+volatility,2279,0.60232121,0.64326459,0.04094338,1.06797599
d1,bull,5,di_strong+bb,7948,0.60232121,0.59260191,-0.00971929,0.98386360
d1,bull,5,di_strong+bb_upper,4540,0.60232121,0.58678414,-0.01553707,0.97420468
d1,bull,5,di_strong+body,3018,0.60232121,0.59940358,-0.00291763,0.99515603
d1,bull,5,volatility+bb,3057,0.60232121,0.66666667,0.06434546,1.10682914
d1,bull,5,volatility+bb_upper,1373,0.60232121,0.66569556,0.06337435,1.10521687
d1,bull,5,volatility+body,2325,0.60232121,0.65161290,0.04929170,1.08183623
d1,bull,5,bb+bb_upper,5086,0.60232121,0.59142745,-0.01089376,0.98191370
d1,bull,5,bb+body,3948,0.60232121,0.60942249,0.00710129,1.01178986
d1,bull,5,bb_upper+body,2022,0.60232121,0.59396637,-0.00835484,0.98612893
d1,bull,5,price20+price200+macd,6419,0.60232121,0.60305344,0.00073223,1.00121568
d1,bull,5,price20+price200+volatility,2259,0.60232121,0.67950421,0.07718300,1.12814259
d1,bull,5,price20+price200+macd+volatility,1546,0.60232121,0.70051746,0.09819626,1.16302972
d1,bull,5,price200+macd+volatility,1663,0.60232121,0.69873722,0.09641601,1.16007408
d1,bull,5,price200+macd+di+volatility,1489,0.60232121,0.69375420,0.09143299,1.15180105
d1,bull,5,price200+volatility+bb,2144,0.60232121,0.68423507,0.08191387,1.13599698
d1,bull,5,trend+volatility+body,1047,0.60232121,0.67144222,0.06912101,1.11475772
d1,bull,5,trend+price20+macd+volatility,1075,0.60232121,0.69953488,0.09721368,1.16139840
d1,bull,5,macd+di+volatility+bb,2073,0.60232121,0.66763145,0.06531024,1.10843092
d1,bull,10,trend,9837,0.71484931,0.71932500,0.00447569,1.00626103
d1,bull,10,price20,11727,0.71484931,0.71663682,0.00178752,1.00250055
d1,bull,10,price200,12917,0.71484931,0.72021367,0.00536437,1.00750419
d1,bull,10,ema20_rising,11727,0.71484931,0.71663682,0.00178752,1.00250055
d1,bull,10,ema200_rising,12917,0.71484931,0.72021367,0.00536437,1.00750419
d1,bull,10,momentum,13736,0.71484931,0.71789458,0.00304528,1.00426003
d1,bull,10,rsi55,8320,0.71484931,0.70877404,-0.00607527,0.99150133
d1,bull,10,rsi60,5248,0.71484931,0.69874238,-0.01610693,0.97746808
d1,bull,10,rsi_lt45,6744,0.71484931,0.71841637,0.00356707,1.00498995
d1,bull,10,macd,11022,0.71484931,0.71457086,-0.00027845,0.99961048
d1,bull,10,macd_rising,10940,0.71484931,0.71005484,-0.00479446,0.99329305
d1,bull,10,adx25,7908,0.71484931,0.72180071,0.00695140,1.00972429
d1,bull,10,adx_rising,10183,0.71484931,0.71334577,-0.00150353,0.99789671
d1,bull,10,di,11900,0.71484931,0.70403361,-0.01081569,0.98486997
d1,bull,10,di_strong,8561,0.71484931,0.70610910,-0.00874021,0.98777336
d1,bull,10,volatility,6213,0.71484931,0.75824883,0.04339953,1.06071144
d1,bull,10,bb,11437,0.71484931,0.71941943,0.00457012,1.00639313
d1,bull,10,bb_upper,5086,0.71484931,0.70644908,-0.00840023,0.98824895
d1,bull,10,body,7360,0.71484931,0.71820652,0.00335722,1.00469640
d1,bull,10,trend+price20,6763,0.71484931,0.72068609,0.00583678,1.00816505
d1,bull,10,trend+price200,9567,0.71484931,0.72060207,0.00575276,1.00804752
d1,bull,10,trend+ema20_rising,6763,0.71484931,0.72068609,0.00583678,1.00816505
d1,bull,10,trend+ema200_rising,9567,0.71484931,0.72060207,0.00575276,1.00804752
d1,bull,10,trend+momentum,7465,0.71484931,0.72578701,0.01093770,1.01530071
d1,bull,10,trend+rsi55,5386,0.71484931,0.71778685,0.00293755,1.00410933
d1,bull,10,trend+rsi60,3622,0.71484931,0.71424627,-0.00060303,0.99915642
d1,bull,10,trend+rsi_lt45,1355,0.71484931,0.73800738,0.02315808,1.03239574
d1,bull,10,trend+macd,4635,0.71484931,0.72233010,0.00748079,1.01046485
d1,bull,10,trend+macd_rising,4532,0.71484931,0.71160635,-0.00324295,0.99546345
d1,bull,10,trend+adx25,3914,0.71484931,0.71027082,-0.00457848,0.99359518
d1,bull,10,trend+adx_rising,4520,0.71484931,0.72743363,0.01258432,1.01760416
d1,bull,10,trend+di,6892,0.71484931,0.71024376,-0.00460554,0.99355732
d1,bull,10,trend+di_strong,5263,0.71484931,0.71537146,0.00052216,1.00073044
d1,bull,10,trend+volatility,2715,0.71484931,0.76464088,0.04979158,1.06965325
d1,bull,10,trend+bb,6277,0.71484931,0.72566513,0.01081582,1.01513021
d1,bull,10,trend+bb_upper,2935,0.71484931,0.71925043,0.00440112,1.00615671
d1,bull,10,trend+body,3359,0.71484931,0.73146770,0.01661839,1.02324741
d1,bull,10,price20+price200,9134,0.71484931,0.71819575,0.00334645,1.00468133
d1,bull,10,price20+ema20_rising,11727,0.71484931,0.71663682,0.00178752,1.00250055
d1,bull,10,price20+ema200_rising,9134,0.71484931,0.71819575,0.00334645,1.00468133
d1,bull,10,price20+momentum,10458,0.71484931,0.72327405,0.00842474,1.01178534
d1,bull,10,price20+rsi55,8299,0.71484931,0.70996506,-0.00488425,0.99316744
d1,bull,10,price20+rsi60,5232,0.71484931,0.69992355,-0.01492576,0.97912041
d1,bull,10,price20+macd,8757,0.71484931,0.71417152,-0.00067779,0.99905185
d1,bull,10,price20+macd_rising,6719,0.71484931,0.71528501,0.00043571,1.00060951
d1,bull,10,price20+adx25,4400,0.71484931,0.70909091,-0.00575840,0.99194460
d1,bull,10,price20+adx_rising,5855,0.71484931,0.70264731,-0.01220200,0.98293068
d1,bull,10,price20+di,10279,0.71484931,0.71096410,-0.00388520,0.99456500
d1,bull,10,price20+di_strong,8123,0.71484931,0.70835898,-0.00649032,0.99092071
d1,bull,10,price20+volatility,3057,0.71484931,0.77396140,0.05911210,1.08269169
d1,bull,10,price20+bb,10857,0.71484931,0.71806208,0.00321277,1.00449434
d1,bull,10,price20+bb_upper,5086,0.71484931,0.70644908,-0.00840023,0.98824895
d1,bull,10,price20+body,4053,0.71484931,0.72218110,0.00733180,1.01025642
d1,bull,10,price200+ema20_rising,9134,0.71484931,0.71819575,0.00334645,1.00468133
d1,bull,10,price200+ema200_rising,12917,0.71484931,0.72021367,0.00536437,1.00750419
d1,bull,10,price200+momentum,9962,0.71484931,0.72244529,0.00759599,1.01062600
d1,bull,10,price200+rsi55,7097,0.71484931,0.71170917,-0.00314013,0.99560728
d1,bull,10,price200+rsi60,4737,0.71484931,0.70360988,-0.01123943,0.98427721
d1,bull,10,price200+rsi_lt45,1741,0.71484931,0.75358989,0.03874059,1.05419406
d1,bull,10,price200+macd,6859,0.71484931,0.71424406,-0.00060525,0.99915332
d1,bull,10,price200+macd_rising,6529,0.71484931,0.71220708,-0.00264223,0.99630380
d1,bull,10,price200+adx25,4985,0.71484931,0.70912738,-0.00572192,0.99199562
d1,bull,10,price200+adx_rising,6128,0.71484931,0.72160574,0.00675644,1.00945156
d1,bull,10,price200+di,9149,0.71484931,0.70739972,-0.00744959,0.98957880
d1,bull,10,price200+di_strong,7042,0.71484931,0.70917353,-0.00567577,0.99206018
d1,bull,10,price200+volatility,3466,0.71484931,0.77120600,0.05635670,1.07883717
d1,bull,10,price200+bb,8592,0.71484931,0.72078678,0.00593747,1.00830591
d1,bull,10,price200+bb_upper,4138,0.71484931,0.70758821,-0.00726110,0.98984248
d1,bull,10,price200+body,4388,0.71484931,0.72880583,0.01395653,1.01952374
d1,bull,10,ema20_rising+ema200_rising,9134,0.71484931,0.71819575,0.00334645,1.00468133
d1,bull,10,ema20_rising+momentum,10458,0.71484931,0.72327405,0.00842474,1.01178534
d1,bull,10,ema20_rising+rsi55,8299,0.71484931,0.70996506,-0.00488425,0.99316744
d1,bull,10,ema20_rising+rsi60,5232,0.71484931,0.69992355,-0.01492576,0.97912041
d1,bull,10,ema20_rising+macd,8757,0.71484931,0.71417152,-0.00067779,0.99905185
d1,bull,10,ema20_rising+macd_rising,6719,0.71484931,0.71528501,0.00043571,1.00060951
d1,bull,10,ema20_rising+adx25,4400,0.71484931,0.70909091,-0.00575840,0.99194460
d1,bull,10,ema20_rising+adx_rising,5855,0.71484931,0.70264731,-0.01220200,0.98293068
d1,bull,10,ema20_rising+di,10279,0.71484931,0.71096410,-0.00388520,0.99456500
d1,bull,10,ema20_rising+di_strong,8123,0.71484931,0.70835898,-0.00649032,0.99092071
d1,bull,10,ema20_rising+volatility,3057,0.71484931,0.77396140,0.05911210,1.08269169
d1,bull,10,ema20_rising+bb,10857,0.71484931,0.71806208,0.00321277,1.00449434
d1,bull,10,ema20_rising+bb_upper,5086,0.71484931,0.70644908,-0.00840023,0.98824895
d1,bull,10,ema20_rising+body,4053,0.71484931,0.72218110,0.00733180,1.01025642
d1,bull,10,ema200_rising+momentum,9962,0.71484931,0.72244529,0.00759599,1.01062600
d1,bull,10,ema200_rising+rsi55,7097,0.71484931,0.71170917,-0.00314013,0.99560728
d1,bull,10,ema200_rising+rsi60,4737,0.71484931,0.70360988,-0.01123943,0.98427721
d1,bull,10,ema200_rising+rsi_lt45,1741,0.71484931,0.75358989,0.03874059,1.05419406
d1,bull,10,ema200_rising+macd,6859,0.71484931,0.71424406,-0.00060525,0.99915332
d1,bull,10,ema200_rising+macd_rising,6529,0.71484931,0.71220708,-0.00264223,0.99630380
d1,bull,10,ema200_rising+adx25,4985,0.71484931,0.70912738,-0.00572192,0.99199562
d1,bull,10,ema200_rising+adx_rising,6128,0.71484931,0.72160574,0.00675644,1.00945156
d1,bull,10,ema200_rising+di,9149,0.71484931,0.70739972,-0.00744959,0.98957880
d1,bull,10,ema200_rising+di_strong,7042,0.71484931,0.70917353,-0.00567577,0.99206018
d1,bull,10,ema200_rising+volatility,3466,0.71484931,0.77120600,0.05635670,1.07883717
d1,bull,10,ema200_rising+bb,8592,0.71484931,0.72078678,0.00593747,1.00830591
d1,bull,10,ema200_rising+bb_upper,4138,0.71484931,0.70758821,-0.00726110,0.98984248
d1,bull,10,ema200_rising+body,4388,0.71484931,0.72880583,0.01395653,1.01952374
d1,bull,10,momentum+rsi55,7169,0.71484931,0.71530199,0.00045269,1.00063327
d1,bull,10,momentum+rsi60,4097,0.71484931,0.70734684,-0.00750247,0.98950483
d1,bull,10,momentum+macd,8479,0.71484931,0.72083972,0.00599042,1.00837997
d1,bull,10,momentum+macd_rising,7195,0.71484931,0.71480195,-0.00004736,0.99993375
d1,bull,10,momentum+adx25,4307,0.71484931,0.71302531,-0.00182400,0.99744842
d1,bull,10,momentum+adx_rising,5241,0.71484931,0.71131463,-0.00353467,0.99505536
d1,bull,10,momentum+di,10348,0.71484931,0.70873599,-0.00611332,0.99144810
d1,bull,10,momentum+di_strong,7328,0.71484931,0.71138100,-0.00346830,0.99514821
d1,bull,10,momentum+volatility,3574,0.71484931,0.76133184,0.04648254,1.06502424
d1,bull,10,momentum+bb,10185,0.71484931,0.72371134,0.00886204,1.01239707
d1,bull,10,momentum+bb_upper,4002,0.71484931,0.71389305,-0.00095625,0.99866230
d1,bull,10,momentum+body,4566,0.71484931,0.72317127,0.00832196,1.01164156
d1,bull,10,rsi55+rsi60,5248,0.71484931,0.69874238,-0.01610693,0.97746808
d1,bull,10,rsi55+macd,6549,0.71484931,0.70789434,-0.00695497,0.99027072
d1,bull,10,rsi55+macd_rising,4668,0.71484931,0.70994002,-0.00490929,0.99313242
d1,bull,10,rsi55+adx25,3666,0.71484931,0.69776323,-0.01708608,0.97609835
d1,bull,10,rsi55+adx_rising,5279,0.71484931,0.69767001,-0.01717929,0.97596795
d1,bull,10,rsi55+di,7987,0.71484931,0.70714912,-0.00770019,0.98922824
d1,bull,10,rsi55+di_strong,7060,0.71484931,0.70382436,-0.01102494,0.98457725
d1,bull,10,rsi55+volatility,2193,0.71484931,0.76972184,0.05487254,1.07676099
d1,bull,10,rsi55+bb,8199,0.71484931,0.70959873,-0.00525057,0.99265499
d1,bull,10,rsi55+bb_upper,4836,0.71484931,0.70388751,-0.01096179,0.98466559
d1,bull,10,rsi55+body,2987,0.71484931,0.71509876,0.00024946,1.00034896
d1,bull,10,rsi60+macd,4495,0.71484931,0.70055617,-0.01429313,0.98000539
d1,bull,10,rsi60+macd_rising,3056,0.71484931,0.69829843,-0.01655088,0.97684704
d1,bull,10,rsi60+adx25,2749,0.71484931,0.68934158,-0.02550773,0.96431734
d1,bull,10,rsi60+adx_rising,4104,0.71484931,0.69493177,-0.01991753,0.97213744
d1,bull,10,rsi60+di,5186,0.71484931,0.69957578,-0.01527352,0.97863392
d1,bull,10,rsi60+di_strong,4988,0.71484931,0.69847634,-0.01637296,0.97709593
d1,bull,10,rsi60+volatility,1412,0.71484931,0.75708215,0.04223285,1.05907937
d1,bull,10,rsi60+bb,5222,0.71484931,0.70068939,-0.01415991,0.98019175
d1,bull,10,rsi60+bb_upper,3909,0.71484931,0.69710924,-0.01774007,0.97518348
d1,bull,10,rsi60+body,1925,0.71484931,0.71116883,-0.00368047,0.99485140
d1,bull,10,rsi_lt45+macd,1359,0.71484931,0.72259014,0.00774083,1.01082862
d1,bull,10,rsi_lt45+macd_rising,2934,0.71484931,0.71370143,-0.00114787,0.99839424
d1,bull,10,rsi_lt45+adx25,2730,0.71484931,0.75201465,0.03716535,1.05199046
d1,bull,10,rsi_lt45+adx_rising,3840,0.71484931,0.72734375,0.01249444,1.01747843
d1,bull,10,rsi_lt45+di,402,0.71484931,0.68159204,-0.03325727,0.95347654
d1,bull,10,rsi_lt45+di_strong,90,0.71484931,0.75555556,0.04070625,1.05694382
d1,bull,10,rsi_lt45+volatility,2270,0.71484931,0.75330396,0.03845466,1.05379408
d1,bull,10,rsi_lt45+bb,113,0.71484931,0.80530973,0.09046043,1.12654475
d1,bull,10,rsi_lt45+body,2253,0.71484931,0.71859743,0.00374812,1.00524323
d1,bull,10,macd+macd_rising,5937,0.71484931,0.71568132,0.00083202,1.00116390
d1,bull,10,macd+adx25,3985,0.71484931,0.71191970,-0.00292961,0.99590179
d1,bull,10,macd+adx_rising,5642,0.71484931,0.70311946,-0.01172984,0.98359117
d1,bull,10,macd+di,8302,0.71484931,0.70970850,-0.00514080,0.99280855
d1,bull,10,macd+di_strong,6601,0.71484931,0.71080139,-0.00404791,0.99433739
d1,bull,10,macd+volatility,3000,0.71484931,0.77066667,0.05581736,1.07808270
d1,bull,10,macd+bb,9113,0.71484931,0.71842423,0.00357492,1.00500095
d1,bull,10,macd+bb_upper,4784,0.71484931,0.70756689,-0.00728242,0.98981266
d1,bull,10,macd+body,3803,0.71484931,0.71706547,0.00221617,1.00310019
d1,bull,10,macd_rising+adx25,3817,0.71484931,0.72177102,0.00692172,1.00968277
d1,bull,10,macd_rising+adx_rising,5243,0.71484931,0.70780088,-0.00704843,0.99013998
d1,bull,10,macd_rising+di,6148,0.71484931,0.69941444,-0.01543486,0.97840823
d1,bull,10,macd_rising+di_strong,4469,0.71484931,0.70038040,-0.01446891,0.97975950
d1,bull,10,macd_rising+volatility,3195,0.71484931,0.75837246,0.04352315,1.06088437
d1,bull,10,macd_rising+bb,6301,0.71484931,0.71655293,0.00170362,1.00238319
d1,bull,10,macd_rising+bb_upper,3682,0.71484931,0.71129821,-0.00355110,0.99503238
d1,bull,10,macd_rising+body,3836,0.71484931,0.71845673,0.00360742,1.00504641
d1,bull,10,adx25+adx_rising,4165,0.71484931,0.72172869,0.00687939,1.00962355
d1,bull,10,adx25+di,4462,0.71484931,0.70013447,-0.01471484,0.97941547
d1,bull,10,adx25+di_strong,3922,0.71484931,0.69887812,-0.01597118,0.97765797
d1,bull,10,adx25+volatility,3103,0.71484931,0.76216565,0.04731634,1.06619065
d1,bull,10,adx25+bb,4336,0.71484931,0.70779520,-0.00705410,0.99013204
d1,bull,10,adx25+bb_upper,2025,0.71484931,0.68543210,-0.02941721,0.95884838
d1,bull,10,adx25+body,2660,0.71484931,0.72330827,0.00845897,1.01183322
d1,bull,10,adx_rising+di,5867,0.71484931,0.70018749,-0.01466182,0.97948964
d1,bull,10,adx_rising+di_strong,5812,0.71484931,0.69958706,-0.01526224,0.97864970
d1,bull,10,adx_rising+volatility,2982,0.71484931,0.77297116,0.05812186,1.08130644
d1,bull,10,adx_rising+bb,5827,0.71484931,0.70310623,-0.01174308,0.98357266
d1,bull,10,adx_rising+bb_upper,3963,0.71484931,0.69568509,-0.01916422,0.97319125
d1,bull,10,adx_rising+body,3576,0.71484931,0.71840045,0.00355114,1.00496768
d1,bull,10,di+di_strong,8561,0.71484931,0.70610910,-0.00874021,0.98777336
d1,bull,10,di+volatility,3044,0.71484931,0.75558476,0.04073545,1.05698467
d1,bull,10,di+bb,10006,0.71484931,0.71237258,-0.00247673,0.99653531
d1,bull,10,di+bb_upper,4936,0.71484931,0.70360616,-0.01124315,0.98427201
d1,bull,10,di+body,4062,0.71484931,0.71097981,-0.00386949,0.99458698
d1,bull,10,di_strong+volatility,2279,0.71484931,0.76349276,0.04864345,1.06804715
d1,bull,10,di_strong+bb,7948,0.71484931,0.70973830,-0.00511101,0.99285023
d1,bull,10,di_strong+bb_upper,4540,0.71484931,0.70176211,-0.01308719,0.98169238
d1,bull,10,di_strong+body,3018,0.71484931,0.71305500,-0.00179430,0.99748996
d1,bull,10,volatility+bb,3057,0.71484931,0.77526987,0.06042057,1.08452210
d1,bull,10,volatility+bb_upper,1373,0.71484931,0.76766205,0.05281275,1.07387956
d1,bull,10,volatility+body,2325,0.71484931,0.74881720,0.03396790,1.04751757
d1,bull,10,bb+bb_upper,5086,0.71484931,0.70644908,-0.00840023,0.98824895
d1,bull,10,bb+body,3948,0.71484931,0.72467072,0.00982141,1.01373914
d1,bull,10,bb_upper+body,2022,0.71484931,0.71216617,-0.00268313,0.99624658
d1,bull,10,price20+price200+macd,6419,0.71484931,0.71522044,0.00037113,1.00051918
d1,bull,10,price20+price200+volatility,2259,0.71484931,0.77777778,0.06292847,1.08803040
d1,bull,10,price20+price200+macd+volatility,1546,0.71484931,0.80012937,0.08528006,1.11929796
d1,bull,10,price200+macd+volatility,1663,0.71484931,0.79675286,0.08190355,1.11457457
d1,bull,10,price200+macd+di+volatility,1489,0.71484931,0.79314976,0.07830046,1.10953422
d1,bull,10,price200+volatility+bb,2144,0.71484931,0.78125000,0.06640069,1.09288768
d1,bull,10,trend+volatility+body,1047,0.71484931,0.75835721,0.04350791,1.06086305
d1,bull,10,trend+price20+macd+volatility,1075,0.71484931,0.79906977,0.08422046,1.11781569
d1,bull,10,macd+di+volatility+bb,2073,0.71484931,0.78195851,0.06710921,1.09387882
d1,bull,20,trend,9837,0.79930272,0.79780421,-0.00149851,0.99812523
d1,bull,20,price20,11727,0.79930272,0.80139848,0.00209576,1.00262199
d1,bull,20,price200,12917,0.79930272,0.79995355,0.00065083,1.00081425
d1,bull,20,ema20_rising,11727,0.79930272,0.80139848,0.00209576,1.00262199
d1,bull,20,ema200_rising,12917,0.79930272,0.79995355,0.00065083,1.00081425
d1,bull,20,momentum,13736,0.79930272,0.80154339,0.00224067,1.00280328
d1,bull,20,rsi55,8320,0.79930272,0.79639423,-0.00290849,0.99636122
d1,bull,20,rsi60,5248,0.79930272,0.78506098,-0.01424174,0.98218229
d1,bull,20,rsi_lt45,6744,0.79930272,0.80204626,0.00274354,1.00343242
d1,bull,20,macd,11022,0.79930272,0.79985484,0.00055212,1.00069075
d1,bull,20,macd_rising,10940,0.79930272,0.79478976,-0.00451296,0.99435388
d1,bull,20,adx25,7908,0.79930272,0.80728376,0.00798104,1.00998501
d1,bull,20,adx_rising,10183,0.79930272,0.80084454,0.00154182,1.00192896
d1,bull,20,di,11900,0.79930272,0.79235294,-0.00694978,0.99130520
d1,bull,20,di_strong,8561,0.79930272,0.79301483,-0.00628789,0.99213329
d1,bull,20,volatility,6213,0.79930272,0.82729760,0.02799488,1.03502413
d1,bull,20,bb,11437,0.79930272,0.80405701,0.00475429,1.00594804
d1,bull,20,bb_upper,5086,0.79930272,0.79453401,-0.00476871,0.99403392
d1,bull,20,body,7360,0.79930272,0.80258152,0.00327880,1.00410208
d1,bull,20,trend+price20,6763,0.79930272,0.80171522,0.00241249,1.00301825
d1,bull,20,trend+price200,9567,0.79930272,0.79847392,-0.00082880,0.99896310
d1,bull,20,trend+ema20_rising,6763,0.79930272,0.80171522,0.00241249,1.00301825
d1,bull,20,trend+ema200_rising,9567,0.79930272,0.79847392,-0.00082880,0.99896310
d1,bull,20,trend+momentum,7465,0.79930272,0.80375084,0.00444812,1.00556500
d1,bull,20,trend+rsi55,5386,0.79930272,0.80226513,0.00296241,1.00370624
d1,bull,20,trend+rsi60,3622,0.79930272,0.79983435,0.00053163,1.00066511
d1,bull,20,trend+rsi_lt45,1355,0.79930272,0.79778598,-0.00151674,0.99810242
d1,bull,20,trend+macd,4635,0.79930272,0.80064725,0.00134453,1.00168213
d1,bull,20,trend+macd_rising,4532,0.79930272,0.79126214,-0.00804058,0.98994050
d1,bull,20,trend+adx25,3914,0.79930272,0.78819622,-0.01110650,0.98610476
d1,bull,20,trend+adx_rising,4520,0.79930272,0.80243363,0.00313091,1.00391705
d1,bull,20,trend+di,6892,0.79930272,0.79062681,-0.00867591,0.98914566
d1,bull,20,trend+di_strong,5263,0.79930272,0.79479384,-0.00450888,0.99435899
d1,bull,20,trend+volatility,2715,0.79930272,0.82467772,0.02537500,1.03174642
d1,bull,20,trend+bb,6277,0.79930272,0.80548032,0.00617760,1.00772874
d1,bull,20,trend+bb_upper,2935,0.79930272,0.80068143,0.00137871,1.00172489
d1,bull,20,trend+body,3359,0.79930272,0.80559690,0.00629418,1.00787459
d1,bull,20,price20+price200,9134,0.79930272,0.80194876,0.00264604,1.00331044
d1,bull,20,price20+ema20_rising,11727,0.79930272,0.80139848,0.00209576,1.00262199
d1,bull,20,price20+ema200_rising,9134,0.79930272,0.80194876,0.00264604,1.00331044
d1,bull,20,price20+momentum,10458,0.79930272,0.80608147,0.00677875,1.00848083
d1,bull,20,price20+rsi55,8299,0.79930272,0.79780696,-0.00149576,0.99812867
d1,bull,20,price20+rsi60,5232,0.79930272,0.78650612,-0.01279660,0.98399029
d1,bull,20,price20+macd,8757,0.79930272,0.79958890,0.00028618,1.00035804
d1,bull,20,price20+macd_rising,6719,0.79930272,0.80130972,0.00200700,1.00251094
d1,bull,20,price20+adx25,4400,0.79930272,0.79477273,-0.00452999,0.99433257
d1,bull,20,price20+adx_rising,5855,0.79930272,0.79368061,-0.00562211,0.99296624
d1,bull,20,price20+di,10279,0.79930272,0.79735383,-0.00194889,0.99756176
d1,bull,20,price20+di_strong,8123,0.79930272,0.79490336,-0.00439936,0.99449600
d1,bull,20,price20+volatility,3057,0.79930272,0.84232908,0.04302636,1.05382987
d1,bull,20,price20+bb,10857,0.79930272,0.80252372,0.00322100,1.00402976
d1,bull,20,price20+bb_upper,5086,0.79930272,0.79453401,-0.00476871,0.99403392
d1,bull,20,price20+body,4053,0.79930272,0.80582285,0.00652013,1.00815727
d1,bull,20,price200+ema20_rising,9134,0.79930272,0.80194876,0.00264604,1.00331044
d1,bull,20,price200+ema200_rising,12917,0.79930272,0.79995355,0.00065083,1.00081425
d1,bull,20,price200+momentum,9962,0.79930272,0.80385465,0.00455193,1.00569487
d1,bull,20,price200+rsi55,7097,0.79930272,0.79921093,-0.00009179,0.99988517
d1,bull,20,price200+rsi60,4737,0.79930272,0.79037365,-0.00892907,0.98882893
d1,bull,20,price200+rsi_lt45,1741,0.79930272,0.80930500,0.01000228,1.01251375
d1,bull,20,price200+macd,6859,0.79930272,0.79734655,-0.00195617,0.99755266
d1,bull,20,price200+macd_rising,6529,0.79930272,0.79353653,-0.00576619,0.99278597
d1,bull,20,price200+adx25,4985,0.79930272,0.78776329,-0.01153943,0.98556313
d1,bull,20,price200+adx_rising,6128,0.79930272,0.80107702,0.00177430,1.00221981
d1,bull,20,price200+di,9149,0.79930272,0.79188982,-0.00741290,0.99072580
d1,bull,20,price200+di_strong,7042,0.79930272,0.79352457,-0.00577815,0.99277101
d1,bull,20,price200+volatility,3466,0.79930272,0.83410271,0.03479999,1.04353794
d1,bull,20,price200+bb,8592,0.79930272,0.80365456,0.00435184,1.00544455
d1,bull,20,price200+bb_upper,4138,0.79930272,0.79337844,-0.00592428,0.99258819
d1,bull,20,price200+body,4388,0.79930272,0.80606199,0.00675927,1.00845645
d1,bull,20,ema20_rising+ema200_rising,9134,0.79930272,0.80194876,0.00264604,1.00331044
d1,bull,20,ema20_rising+momentum,10458,0.79930272,0.80608147,0.00677875,1.00848083
d1,bull,20,ema20_rising+rsi55,8299,0.79930272,0.79780696,-0.00149576,0.99812867
d1,bull,20,ema20_rising+rsi60,5232,0.79930272,0.78650612,-0.01279660,0.98399029
d1,bull,20,ema20_rising+macd,8757,0.79930272,0.79958890,0.00028618,1.00035804
d1,bull,20,ema20_rising+macd_rising,6719,0.79930272,0.80130972,0.00200700,1.00251094
d1,bull,20,ema20_rising+adx25,4400,0.79930272,0.79477273,-0.00452999,0.99433257
d1,bull,20,ema20_rising+adx_rising,5855,0.79930272,0.79368061,-0.00562211,0.99296624
d1,bull,20,ema20_rising+di,10279,0.79930272,0.79735383,-0.00194889,0.99756176
d1,bull,20,ema20_rising+di_strong,8123,0.79930272,0.79490336,-0.00439936,0.99449600
d1,bull,20,ema20_rising+volatility,3057,0.79930272,0.84232908,0.04302636,1.05382987
d1,bull,20,ema20_rising+bb,10857,0.79930272,0.80252372,0.00322100,1.00402976
d1,bull,20,ema20_rising+bb_upper,5086,0.79930272,0.79453401,-0.00476871,0.99403392
d1,bull,20,ema20_rising+body,4053,0.79930272,0.80582285,0.00652013,1.00815727
d1,bull,20,ema200_rising+momentum,9962,0.79930272,0.80385465,0.00455193,1.00569487
d1,bull,20,ema200_rising+rsi55,7097,0.79930272,0.79921093,-0.00009179,0.99988517
d1,bull,20,ema200_rising+rsi60,4737,0.79930272,0.79037365,-0.00892907,0.98882893
d1,bull,20,ema200_rising+rsi_lt45,1741,0.79930272,0.80930500,0.01000228,1.01251375
d1,bull,20,ema200_rising+macd,6859,0.79930272,0.79734655,-0.00195617,0.99755266
d1,bull,20,ema200_rising+macd_rising,6529,0.79930272,0.79353653,-0.00576619,0.99278597
d1,bull,20,ema200_rising+adx25,4985,0.79930272,0.78776329,-0.01153943,0.98556313
d1,bull,20,ema200_rising+adx_rising,6128,0.79930272,0.80107702,0.00177430,1.00221981
d1,bull,20,ema200_rising+di,9149,0.79930272,0.79188982,-0.00741290,0.99072580
d1,bull,20,ema200_rising+di_strong,7042,0.79930272,0.79352457,-0.00577815,0.99277101
d1,bull,20,ema200_rising+volatility,3466,0.79930272,0.83410271,0.03479999,1.04353794
d1,bull,20,ema200_rising+bb,8592,0.79930272,0.80365456,0.00435184,1.00544455
d1,bull,20,ema200_rising+bb_upper,4138,0.79930272,0.79337844,-0.00592428,0.99258819
d1,bull,20,ema200_rising+body,4388,0.79930272,0.80606199,0.00675927,1.00845645
d1,bull,20,momentum+rsi55,7169,0.79930272,0.80178547,0.00248274,1.00310614
d1,bull,20,momentum+rsi60,4097,0.79930272,0.79131072,-0.00799201,0.99000128
d1,bull,20,momentum+macd,8479,0.79930272,0.80516570,0.00586298,1.00733512
d1,bull,20,momentum+macd_rising,7195,0.79930272,0.79847116,-0.00083156,0.99895964
d1,bull,20,momentum+adx25,4307,0.79930272,0.79614581,-0.00315691,0.99605042
d1,bull,20,momentum+adx_rising,5241,0.79930272,0.79946575,0.00016303,1.00020397
d1,bull,20,momentum+di,10348,0.79930272,0.79454967,-0.00475305,0.99405351
d1,bull,20,momentum+di_strong,7328,0.79930272,0.79653384,-0.00276888,0.99653588
d1,bull,20,momentum+volatility,3574,0.79930272,0.83631785,0.03701513,1.04630928
d1,bull,20,momentum+bb,10185,0.79930272,0.80697104,0.00766832,1.00959376
d1,bull,20,momentum+bb_upper,4002,0.79930272,0.79985007,0.00054735,1.00068479
d1,bull,20,momentum+body,4566,0.79930272,0.80749014,0.00818742,1.01024321
d1,bull,20,rsi55+rsi60,5248,0.79930272,0.78506098,-0.01424174,0.98218229
d1,bull,20,rsi55+macd,6549,0.79930272,0.79325088,-0.00605184,0.99242860
d1,bull,20,rsi55+macd_rising,4668,0.79930272,0.79691517,-0.00238755,0.99701295
d1,bull,20,rsi55+adx25,3666,0.79930272,0.78505183,-0.01425089,0.98217084
d1,bull,20,rsi55+adx_rising,5279,0.79930272,0.78897518,-0.01032754,0.98707932
d1,bull,20,rsi55+di,7987,0.79930272,0.79541755,-0.00388517,0.99513930
d1,bull,20,rsi55+di_strong,7060,0.79930272,0.79135977,-0.00794295,0.99006265
d1,bull,20,rsi55+volatility,2193,0.79930272,0.83994528,0.04064256,1.05084752
d1,bull,20,rsi55+bb,8199,0.79930272,0.79729235,-0.00201037,0.99748485
d1,bull,20,rsi55+bb_upper,4836,0.79930272,0.78990902,-0.00939370,0.98824763
d1,bull,20,rsi55+body,2987,0.79930272,0.80180783,0.00250511,1.00313412
d1,bull,20,rsi60+macd,4495,0.79930272,0.78020022,-0.01910250,0.97610105
d1,bull,20,rsi60+macd_rising,3056,0.79930272,0.78501309,-0.01428963,0.98212238
d1,bull,20,rsi60+adx25,2749,0.79930272,0.77991997,-0.01938275,0.97575043
d1,bull,20,rsi60+adx_rising,4104,0.79930272,0.77972710,-0.01957562,0.97550912
d1,bull,20,rsi60+di,5186,0.79930272,0.78596221,-0.01334051,0.98330981
d1,bull,20,rsi60+di_strong,4988,0.79930272,0.78388132,-0.01542141,0.98070643
d1,bull,20,rsi60+volatility,1412,0.79930272,0.83073654,0.03143382,1.03932656
d1,bull,20,rsi60+bb,5222,0.79930272,0.78743776,-0.01186496,0.98515587
d1,bull,20,rsi60+bb_upper,3909,0.79930272,0.78076234,-0.01854038,0.97680431
d1,bull,20,rsi60+body,1925,0.79930272,0.79376623,-0.00553649,0.99307335
d1,bull,20,rsi_lt45+macd,1359,0.79930272,0.79764533,-0.00165739,0.99792645
d1,bull,20,rsi_lt45+macd_rising,2934,0.79930272,0.79720518,-0.00209754,0.99737579
d1,bull,20,rsi_lt45+adx25,2730,0.79930272,0.83992674,0.04062402,1.05082432
d1,bull,20,rsi_lt45+adx_rising,3840,0.79930272,0.81119792,0.01189520,1.01488197
d1,bull,20,rsi_lt45+di,402,0.79930272,0.81343284,0.01413012,1.01767805
d1,bull,20,rsi_lt45+di_strong,90,0.79930272,0.86666667,0.06736395,1.08427839
d1,bull,20,rsi_lt45+volatility,2270,0.79930272,0.81541850,0.01611578,1.02016230
d1,bull,20,rsi_lt45+bb,113,0.79930272,0.90265487,0.10335215,1.12930288
d1,bull,20,rsi_lt45+body,2253,0.79930272,0.80071016,0.00140744,1.00176084
d1,bull,20,macd+macd_rising,5937,0.79930272,0.79939363,0.00009091,1.00011374
d1,bull,20,macd+adx25,3985,0.79930272,0.79723965,-0.00206307,0.99741891
d1,bull,20,macd+adx_rising,5642,0.79930272,0.79032258,-0.00898014,0.98876503
d1,bull,20,macd+di,8302,0.79930272,0.79812093,-0.00118179,0.99852148
d1,bull,20,macd+di_strong,6601,0.79930272,0.79594001,-0.00336271,0.99579294
d1,bull,20,macd+volatility,3000,0.79930272,0.84166667,0.04236395,1.05300113
d1,bull,20,macd+bb,9113,0.79930272,0.80313837,0.00383565,1.00479875
d1,bull,20,macd+bb_upper,4784,0.79930272,0.79264214,-0.00666058,0.99166701
d1,bull,20,macd+body,3803,0.79930272,0.80541678,0.00611406,1.00764924
d1,bull,20,macd_rising+adx25,3817,0.79930272,0.80979827,0.01049555,1.01313088
d1,bull,20,macd_rising+adx_rising,5243,0.79930272,0.79782567,-0.00147705,0.99815208
d1,bull,20,macd_rising+di,6148,0.79930272,0.78822381,-0.01107891,0.98613928
d1,bull,20,macd_rising+di_strong,4469,0.79930272,0.78675319,-0.01254953,0.98429940
d1,bull,20,macd_rising+volatility,3195,0.79930272,0.83129890,0.03199618,1.04003012
d1,bull,20,macd_rising+bb,6301,0.79930272,0.80272973,0.00342701,1.00428749
d1,bull,20,macd_rising+bb_upper,3682,0.79930272,0.79956545,0.00026273,1.00032870
d1,bull,20,macd_rising+body,3836,0.79930272,0.79979145,0.00048873,1.00061144
d1,bull,20,adx25+adx_rising,4165,0.79930272,0.81464586,0.01534314,1.01919565
d1,bull,20,adx25+di,4462,0.79930272,0.78440161,-0.01490111,0.98135737
d1,bull,20,adx25+di_strong,3922,0.79930272,0.78352881,-0.01577391,0.98026541
d1,bull,20,adx25+volatility,3103,0.79930272,0.83048663,0.03118391,1.03901389
d1,bull,20,adx25+bb,4336,0.79930272,0.79381919,-0.00548353,0.99313961
d1,bull,20,adx25+bb_upper,2025,0.79930272,0.77135802,-0.02794470,0.96503866
d1,bull,20,adx25+body,2660,0.79930272,0.80789474,0.00859202,1.01074939
d1,bull,20,adx_rising+di,5867,0.79930272,0.79222771,-0.00707501,0.99114853
d1,bull,20,adx_rising+di_strong,5812,0.79930272,0.79181005,-0.00749267,0.99062599
d1,bull,20,adx_rising+volatility,2982,0.79930272,0.83735748,0.03805476,1.04760994
d1,bull,20,adx_rising+bb,5827,0.79930272,0.79457697,-0.00472575,0.99408766
d1,bull,20,adx_rising+bb_upper,3963,0.79930272,0.78274035,-0.01656237,0.97927897
d1,bull,20,adx_rising+body,3576,0.79930272,0.80145414,0.00215142,1.00269162
d1,bull,20,di+di_strong,8561,0.79930272,0.79301483,-0.00628789,0.99213329
d1,bull,20,di+volatility,3044,0.79930272,0.82621551,0.02691279,1.03367033
d1,bull,20,di+bb,10006,0.79930272,0.79972017,0.00041745,1.00052226
d1,bull,20,di+bb_upper,4936,0.79930272,0.79173420,-0.00756852,0.99053109
d1,bull,20,di+body,4062,0.79930272,0.79886755,-0.00043517,0.99945557
d1,bull,20,di_strong+volatility,2279,0.79930272,0.83238262,0.03307990,1.04138595
d1,bull,20,di_strong+bb,7948,0.79930272,0.79705586,-0.00224686,0.99718898
d1,bull,20,di_strong+bb_upper,4540,0.79930272,0.78722467,-0.01207805,0.98488927
d1,bull,20,di_strong+body,3018,0.79930272,0.79821074,-0.00109198,0.99863383
d1,bull,20,volatility+bb,3057,0.79930272,0.84298332,0.04368060,1.05464838
d1,bull,20,volatility+bb_upper,1373,0.79930272,0.84195193,0.04264921,1.05335802
d1,bull,20,volatility+body,2325,0.79930272,0.81892473,0.01962201,1.02454891
d1,bull,20,bb+bb_upper,5086,0.79930272,0.79453401,-0.00476871,0.99403392
d1,bull,20,bb+body,3948,0.79930272,0.80775076,0.00844804,1.01056926
d1,bull,20,bb_upper+body,2022,0.79930272,0.79970326,0.00040054,1.00050112
d1,bull,20,price20+price200+macd,6419,0.79930272,0.79825518,-0.00104754,0.99868943
d1,bull,20,price20+price200+volatility,2259,0.79930272,0.84417884,0.04487612,1.05614409
d1,bull,20,price20+price200+macd+volatility,1546,0.79930272,0.85963777,0.06033505,1.07548461
d1,bull,20,price200+macd+volatility,1663,0.79930272,0.85868912,0.05938640,1.07429775
d1,bull,20,price200+macd+di+volatility,1489,0.79930272,0.85493620,0.05563348,1.06960251
d1,bull,20,price200+volatility+bb,2144,0.79930272,0.84514925,0.04584653,1.05735816
d1,bull,20,trend+volatility+body,1047,0.79930272,0.82139446,0.02209174,1.02763877
d1,bull,20,trend+price20+macd+volatility,1075,0.79930272,0.85302326,0.05372054,1.06720925
d1,bull,20,macd+di+volatility+bb,2073,0.79930272,0.84804631,0.04874359,1.06098264
d1,bear,1,trend,11962,0.24611221,0.23482695,-0.01128525,0.95414590
d1,bear,1,price20,10072,0.24611221,0.24880858,0.00269637,1.01095586
d1,bear,1,price200,8882,0.24611221,0.23226751,-0.01384470,0.94374639
d1,bear,1,ema20_rising,10072,0.24611221,0.24880858,0.00269637,1.01095586
d1,bear,1,ema200_rising,8882,0.24611221,0.23226751,-0.01384470,0.94374639
d1,bear,1,momentum,8063,0.24611221,0.24271363,-0.00339858,0.98619095
d1,bear,1,rsi55,13479,0.24611221,0.24883152,0.00271931,1.01104906
d1,bear,1,rsi60,16551,0.24611221,0.25086098,0.00474877,1.01929513
d1,bear,1,rsi_lt45,15055,0.24611221,0.24642976,0.00031755,1.00129027
d1,bear,1,macd,10777,0.24611221,0.25480189,0.00868969,1.03530782
d1,bear,1,macd_rising,10859,0.24611221,0.25075974,0.00464753,1.01888379
d1,bear,1,adx25,13891,0.24611221,0.24101937,-0.00509284,0.97930683
d1,bear,1,adx_rising,11616,0.24611221,0.24870868,0.00259647,1.01054995
d1,bear,1,di,9899,0.24611221,0.25780382,0.01169161,1.04750521
d1,bear,1,di_strong,13238,0.24611221,0.25321045,0.00709825,1.02884151
d1,bear,1,volatility,15586,0.24611221,0.22148082,-0.02463139,0.89991804
d1,bear,1,bb,10362,0.24611221,0.24734607,0.00123387,1.00501343
d1,bear,1,bb_upper,16713,0.24611221,0.25034404,0.00423184,1.01719474
d1,bear,1,body,14439,0.24611221,0.24489231,-0.00121990,0.99504331
d1,bear,1,trend+price20,6998,0.24611221,0.23949700,-0.00661521,0.97312117
d1,bear,1,trend+price200,8612,0.24611221,0.23293079,-0.01318141,0.94644145
d1,bear,1,trend+ema20_rising,6998,0.24611221,0.23949700,-0.00661521,0.97312117
d1,bear,1,trend+ema200_rising,8612,0.24611221,0.23293079,-0.01318141,0.94644145
d1,bear,1,trend+momentum,5691,0.24611221,0.23827095,-0.00784125,0.96813952
d1,bear,1,trend+rsi55,9028,0.24611221,0.24147098,-0.00464123,0.98114182
d1,bear,1,trend+rsi60,10336,0.24611221,0.24196981,-0.00414239,0.98316868
d1,bear,1,trend+rsi_lt45,6573,0.24611221,0.23064050,-0.01547171,0.93713555
d1,bear,1,trend+macd,5575,0.24611221,0.24520179,-0.00091041,0.99630082
d1,bear,1,trend+macd_rising,5554,0.24611221,0.23928700,-0.00682521,0.97226791
d1,bear,1,trend+adx25,7968,0.24611221,0.22427209,-0.02184012,0.91125951
d1,bear,1,trend+adx_rising,6299,0.24611221,0.23940308,-0.00670913,0.97273956
d1,bear,1,trend+di,6954,0.24611221,0.24676445,0.00065225,1.00265019
d1,bear,1,trend+di_strong,8664,0.24611221,0.24307479,-0.00303741,0.98765841
d1,bear,1,trend+volatility,8464,0.24611221,0.20687618,-0.03923603,0.84057668
d1,bear,1,trend+bb,6802,0.24611221,0.23978242,-0.00632979,0.97428088
d1,bear,1,trend+bb_upper,9811,0.24611221,0.24258485,-0.00352735,0.98566770
d1,bear,1,trend+body,7961,0.24611221,0.23690491,-0.00920730,0.96258903
d1,bear,1,price20+price200,6289,0.24611221,0.23246939,-0.01364282,0.94456668
d1,bear,1,price20+ema20_rising,10072,0.24611221,0.24880858,0.00269637,1.01095586
d1,bear,1,price20+ema200_rising,6289,0.24611221,0.23246939,-0.01364282,0.94456668
d1,bear,1,price20+momentum,6794,0.24611221,0.24536356,-0.00074865,0.99695809
d1,bear,1,price20+rsi55,10051,0.24611221,0.24902995,0.00291774,1.01185533
d1,bear,1,price20+rsi60,10056,0.24611221,0.24890613,0.00279392,1.01135222
d1,bear,1,price20+rsi_lt45,3372,0.24611221,0.25711744,0.01100523,1.04471631
d1,bear,1,price20+macd,7807,0.24611221,0.25246574,0.00635353,1.02581558
d1,bear,1,price20+macd_rising,5851,0.24611221,0.25226457,0.00615236,1.02499820
d1,bear,1,price20+adx25,6564,0.24611221,0.23156612,-0.01454609,0.94089652
d1,bear,1,price20+adx_rising,5744,0.24611221,0.24025070,-0.00586151,0.97618358
d1,bear,1,price20+di,8451,0.24611221,0.25582771,0.00971551,1.03947592
d1,bear,1,price20+di_strong,9634,0.24611221,0.24953290,0.00342070,1.01389893
d1,bear,1,price20+volatility,6916,0.24611221,0.21674378,-0.02936842,0.88067059
d1,bear,1,price20+bb,9492,0.24611221,0.24789296,0.00178076,1.00723554
d1,bear,1,price20+bb_upper,10072,0.24611221,0.24880858,0.00269637,1.01095586
d1,bear,1,price20+body,6765,0.24611221,0.24685883,0.00074663,1.00303368
d1,bear,1,price200+ema20_rising,6289,0.24611221,0.23246939,-0.01364282,0.94456668
d1,bear,1,price200+ema200_rising,8882,0.24611221,0.23226751,-0.01384470,0.94374639
d1,bear,1,price200+momentum,5108,0.24611221,0.23610023,-0.01001197,0.95931948
d1,bear,1,price200+rsi55,7659,0.24611221,0.23423423,-0.01187797,0.95173757
d1,bear,1,price200+rsi60,8371,0.24611221,0.23569466,-0.01041755,0.95767156
d1,bear,1,price200+rsi_lt45,3879,0.24611221,0.22892498,-0.01718723,0.93016508
d1,bear,1,price200+macd,4719,0.24611221,0.23585505,-0.01025715,0.95832327
d1,bear,1,price200+macd_rising,4471,0.24611221,0.23439946,-0.01171274,0.95240893
d1,bear,1,price200+adx25,5959,0.24611221,0.21580802,-0.03030419,0.87686842
d1,bear,1,price200+adx_rising,4827,0.24611221,0.23140667,-0.01470554,0.94024865
d1,bear,1,price200+di,6131,0.24611221,0.24090687,-0.00520534,0.97884973
d1,bear,1,price200+di_strong,7363,0.24611221,0.23631672,-0.00979549,0.96019910
d1,bear,1,price200+volatility,6135,0.24611221,0.20374898,-0.04236323,0.82787028
d1,bear,1,price200+bb,6037,0.24611221,0.23090939,-0.01520281,0.93822812
d1,bear,1,price200+bb_upper,7934,0.24611221,0.23519032,-0.01092189,0.95562233
d1,bear,1,price200+body,5910,0.24611221,0.23367174,-0.01244046,0.94945206
d1,bear,1,ema20_rising+ema200_rising,6289,0.24611221,0.23246939,-0.01364282,0.94456668
d1,bear,1,ema20_rising+momentum,6794,0.24611221,0.24536356,-0.00074865,0.99695809
d1,bear,1,ema20_rising+rsi55,10051,0.24611221,0.24902995,0.00291774,1.01185533
d1,bear,1,ema20_rising+rsi60,10056,0.24611221,0.24890613,0.00279392,1.01135222
d1,bear,1,ema20_rising+rsi_lt45,3372,0.24611221,0.25711744,0.01100523,1.04471631
d1,bear,1,ema20_rising+macd,7807,0.24611221,0.25246574,0.00635353,1.02581558
d1,bear,1,ema20_rising+macd_rising,5851,0.24611221,0.25226457,0.00615236,1.02499820
d1,bear,1,ema20_rising+adx25,6564,0.24611221,0.23156612,-0.01454609,0.94089652
d1,bear,1,ema20_rising+adx_rising,5744,0.24611221,0.24025070,-0.00586151,0.97618358
d1,bear,1,ema20_rising+di,8451,0.24611221,0.25582771,0.00971551,1.03947592
d1,bear,1,ema20_rising+di_strong,9634,0.24611221,0.24953290,0.00342070,1.01389893
d1,bear,1,ema20_rising+volatility,6916,0.24611221,0.21674378,-0.02936842,0.88067059
d1,bear,1,ema20_rising+bb,9492,0.24611221,0.24789296,0.00178076,1.00723554
d1,bear,1,ema20_rising+bb_upper,10072,0.24611221,0.24880858,0.00269637,1.01095586
d1,bear,1,ema20_rising+body,6765,0.24611221,0.24685883,0.00074663,1.00303368
d1,bear,1,ema200_rising+momentum,5108,0.24611221,0.23610023,-0.01001197,0.95931948
d1,bear,1,ema200_rising+rsi55,7659,0.24611221,0.23423423,-0.01187797,0.95173757
d1,bear,1,ema200_rising+rsi60,8371,0.24611221,0.23569466,-0.01041755,0.95767156
d1,bear,1,ema200_rising+rsi_lt45,3879,0.24611221,0.22892498,-0.01718723,0.93016508
d1,bear,1,ema200_rising+macd,4719,0.24611221,0.23585505,-0.01025715,0.95832327
d1,bear,1,ema200_rising+macd_rising,4471,0.24611221,0.23439946,-0.01171274,0.95240893
d1,bear,1,ema200_rising+adx25,5959,0.24611221,0.21580802,-0.03030419,0.87686842
d1,bear,1,ema200_rising+adx_rising,4827,0.24611221,0.23140667,-0.01470554,0.94024865
d1,bear,1,ema200_rising+di,6131,0.24611221,0.24090687,-0.00520534,0.97884973
d1,bear,1,ema200_rising+di_strong,7363,0.24611221,0.23631672,-0.00979549,0.96019910
d1,bear,1,ema200_rising+volatility,6135,0.24611221,0.20374898,-0.04236323,0.82787028
d1,bear,1,ema200_rising+bb,6037,0.24611221,0.23090939,-0.01520281,0.93822812
d1,bear,1,ema200_rising+bb_upper,7934,0.24611221,0.23519032,-0.01092189,0.95562233
d1,bear,1,ema200_rising+body,5910,0.24611221,0.23367174,-0.01244046,0.94945206
d1,bear,1,momentum+rsi55,6912,0.24611221,0.24479167,-0.00132054,0.99463440
d1,bear,1,momentum+rsi60,6912,0.24611221,0.24479167,-0.00132054,0.99463440
d1,bear,1,momentum+rsi_lt45,1319,0.24611221,0.22896133,-0.01715087,0.93031279
d1,bear,1,momentum+macd,5520,0.24611221,0.24710145,0.00098924,1.00401948
d1,bear,1,momentum+macd_rising,4318,0.24611221,0.24478925,-0.00132295,0.99462460
d1,bear,1,momentum+adx25,4462,0.24611221,0.21873599,-0.02737621,0.88876531
d1,bear,1,momentum+adx_rising,3121,0.24611221,0.23293816,-0.01317405,0.94647138
d1,bear,1,momentum+di,6511,0.24611221,0.24773460,0.00162240,1.00659210
d1,bear,1,momentum+di_strong,6830,0.24611221,0.24465593,-0.00145628,0.99408287
d1,bear,1,momentum+volatility,5424,0.24611221,0.20704277,-0.03906943,0.84125357
d1,bear,1,momentum+bb,6811,0.24611221,0.24254882,-0.00356339,0.98552128
d1,bear,1,momentum+bb_upper,6979,0.24611221,0.24416105,-0.00195115,0.99207210
d1,bear,1,momentum+body,5269,0.24611221,0.24387929,-0.00223291,0.99092726
d1,bear,1,rsi55+rsi60,13479,0.24611221,0.24883152,0.00271931,1.01104906
d1,bear,1,rsi55+rsi_lt45,6735,0.24611221,0.25226429,0.00615208,1.02499707
d1,bear,1,rsi55+macd,9006,0.24611221,0.25316456,0.00705235,1.02865502
d1,bear,1,rsi55+macd_rising,7207,0.24611221,0.25350354,0.00739133,1.03003236
d1,bear,1,rsi55+adx25,9237,0.24611221,0.23708996,-0.00902224,0.96334094
d1,bear,1,rsi55+adx_rising,8575,0.24611221,0.24373178,-0.00238043,0.99032787
d1,bear,1,rsi55+di,9566,0.24611221,0.25642902,0.01031681,1.04191914
d1,bear,1,rsi55+di_strong,11978,0.24611221,0.25004174,0.00392954,1.01596644
d1,bear,1,rsi55+volatility,9459,0.24611221,0.22031927,-0.02579293,0.89519848
d1,bear,1,rsi55+bb,10241,0.24611221,0.24714383,0.00103163,1.00419169
d1,bear,1,rsi55+bb_upper,13229,0.24611221,0.24824250,0.00213029,1.00865577
d1,bear,1,rsi55+body,9106,0.24611221,0.24719965,0.00108744,1.00441848
d1,bear,1,rsi60+rsi_lt45,9807,0.24611221,0.25461405,0.00850184,1.03454459
d1,bear,1,rsi60+macd,10024,0.24611221,0.25528731,0.00917510,1.03728016
d1,bear,1,rsi60+macd_rising,8667,0.24611221,0.25579785,0.00968565,1.03935460
d1,bear,1,rsi60+adx25,11392,0.24611221,0.24183638,-0.00427583,0.98262650
d1,bear,1,rsi60+adx_rising,10472,0.24611221,0.24818564,0.00207343,1.00842474
d1,bear,1,rsi60+di,9837,0.24611221,0.25759886,0.01148665,1.04667243
d1,bear,1,rsi60+di_strong,12978,0.24611221,0.25250424,0.00639203,1.02597202
d1,bear,1,rsi60+volatility,11750,0.24611221,0.22306383,-0.02304838,0.90635013
d1,bear,1,rsi60+bb,10336,0.24611221,0.24758127,0.00146906,1.00596908
d1,bear,1,rsi60+bb_upper,15374,0.24611221,0.25133342,0.00522121,1.02121477
d1,bear,1,rsi60+body,11116,0.24611221,0.25000000,0.00388779,1.01579683
d1,bear,1,rsi_lt45+macd,5392,0.24611221,0.26279674,0.01668453,1.06779237
d1,bear,1,rsi_lt45+macd_rising,7049,0.24611221,0.25365300,0.00754079,1.03063966
d1,bear,1,rsi_lt45+adx25,9877,0.24611221,0.25058216,0.00446995,1.01816226
d1,bear,1,rsi_lt45+adx_rising,8712,0.24611221,0.25390266,0.00779046,1.03165408
d1,bear,1,rsi_lt45+di,3557,0.24611221,0.27466967,0.02855746,1.11603430
d1,bear,1,rsi_lt45+di_strong,6584,0.24611221,0.26139125,0.01527904,1.06208162
d1,bear,1,rsi_lt45+volatility,11112,0.24611221,0.22768179,-0.01843042,0.92511374
d1,bear,1,rsi_lt45+bb,3731,0.24611221,0.25435540,0.00824319,1.03349364
d1,bear,1,rsi_lt45+bb_upper,9982,0.24611221,0.25395712,0.00784492,1.03187536
d1,bear,1,rsi_lt45+body,9948,0.24611221,0.24477282,-0.00133939,0.99455781
d1,bear,1,macd+macd_rising,5774,0.24611221,0.25666782,0.01055561,1.04288944
d1,bear,1,macd+adx25,6854,0.24611221,0.24336154,-0.00275067,0.98882353
d1,bear,1,macd+adx_rising,6236,0.24611221,0.25000000,0.00388779,1.01579683
d1,bear,1,macd+di,7179,0.24611221,0.26131773,0.01520553,1.06178290
d1,bear,1,macd+di_strong,8817,0.24611221,0.25768402,0.01157181,1.04701844
d1,bear,1,macd+volatility,7564,0.24611221,0.23109466,-0.01501755,0.93898089
d1,bear,1,macd+bb,8453,0.24611221,0.25340116,0.00728895,1.02961638
d1,bear,1,macd+bb_upper,10475,0.24611221,0.25412888,0.00801667,1.03257324
d1,bear,1,macd+body,7220,0.24611221,0.25429363,0.00818142,1.03324265
d1,bear,1,macd_rising+adx25,6768,0.24611221,0.24822695,0.00211474,1.00859260
d1,bear,1,macd_rising+adx_rising,5919,0.24611221,0.25342119,0.00730898,1.02969775
d1,bear,1,macd_rising+di,5107,0.24611221,0.25905620,0.01294399,1.05259386
d1,bear,1,macd_rising+di_strong,6767,0.24611221,0.25742574,0.01131354,1.04596901
d1,bear,1,macd_rising+volatility,7841,0.24611221,0.22560898,-0.02050323,0.91669154
d1,bear,1,macd_rising+bb,5723,0.24611221,0.25039315,0.00428094,1.01739428
d1,bear,1,macd_rising+bb_upper,9455,0.24611221,0.25542041,0.00930821,1.03782098
d1,bear,1,macd_rising+body,7335,0.24611221,0.25398773,0.00787552,1.03199973
d1,bear,1,adx25+adx_rising,7873,0.24611221,0.24234726,-0.00376494,0.98470233
d1,bear,1,adx25+di,6453,0.24611221,0.24205796,-0.00405425,0.98352683
d1,bear,1,adx25+di_strong,9252,0.24611221,0.24038046,-0.00573175,0.97671083
d1,bear,1,adx25+volatility,10781,0.24611221,0.22233559,-0.02377662,0.90339115
d1,bear,1,adx25+bb,6790,0.24611221,0.23151694,-0.01459527,0.94069668
d1,bear,1,adx25+bb_upper,10830,0.24611221,0.24201293,-0.00409928,0.98334386
d1,bear,1,adx25+body,9191,0.24611221,0.23979980,-0.00631240,0.97435152
d1,bear,1,adx_rising+di,5583,0.24611221,0.25541823,0.00930603,1.03781213
d1,bear,1,adx_rising+di_strong,8867,0.24611221,0.24946431,0.00335210,1.01362021
d1,bear,1,adx_rising+volatility,8385,0.24611221,0.22444842,-0.02166379,0.91197597
d1,bear,1,adx_rising+bb,6006,0.24611221,0.23792874,-0.00818347,0.96674903
d1,bear,1,adx_rising+bb_upper,10493,0.24611221,0.24902316,0.00291095,1.01182774
d1,bear,1,adx_rising+body,7832,0.24611221,0.24936159,0.00324939,1.01320287
d1,bear,1,di+di_strong,9899,0.24611221,0.25780382,0.01169161,1.04750521
d1,bear,1,di+volatility,6730,0.24611221,0.22124814,-0.02486406,0.89897265
d1,bear,1,di+bb,8468,0.24611221,0.25413321,0.00802100,1.03259083
d1,bear,1,di+bb_upper,9749,0.24611221,0.25715458,0.01104237,1.04486723
d1,bear,1,di+body,6601,0.24611221,0.25753674,0.01142453,1.04642000
d1,bear,1,di_strong+volatility,9304,0.24611221,0.22065778,-0.02545443,0.89657390
d1,bear,1,di_strong+bb,9749,0.24611221,0.24894861,0.00283640,1.01152484
d1,bear,1,di_strong+bb_upper,12692,0.24611221,0.25291522,0.00680302,1.02764193
d1,bear,1,di_strong+body,8896,0.24611221,0.25370953,0.00759733,1.03086936
d1,bear,1,volatility+bb,7206,0.24611221,0.21898418,-0.02712803,0.88977374
d1,bear,1,volatility+bb_upper,11873,0.24611221,0.22378506,-0.02232715,0.90928061
d1,bear,1,volatility+body,10551,0.24611221,0.22102170,-0.02509050,0.89805259
d1,bear,1,bb+bb_upper,10362,0.24611221,0.24734607,0.00123387,1.00501343
d1,bear,1,bb+body,6950,0.24611221,0.24647482,0.00036261,1.00147337
d1,bear,1,bb_upper+body,11375,0.24611221,0.25054945,0.00443724,1.01802935
d1,bear,1,price20+price200+macd,4464,0.24611221,0.23364695,-0.01246525,0.94935134
d1,bear,1,price20+price200+volatility,4340,0.24611221,0.19907834,-0.04703387,0.80889259
d1,bear,1,price20+price200+macd+volatility,3111,0.24611221,0.20090003,-0.04521217,0.81629446
d1,bear,1,price200+macd+volatility,3309,0.24611221,0.20398912,-0.04212309,0.82884601
d1,bear,1,price200+macd+di+volatility,2881,0.24611221,0.20305449,-0.04305771,0.82504845
d1,bear,1,price200+volatility+bb,4203,0.24611221,0.20057102,-0.04554119,0.81495763
d1,bear,1,trend+volatility+body,5741,0.24611221,0.20971956,-0.03639265,0.85212986
d1,bear,1,trend+price20+macd+volatility,3410,0.24611221,0.20938416,-0.03672804,0.85076708
d1,bear,1,macd+di+volatility+bb,4655,0.24611221,0.22663802,-0.01947418,0.92087275
d1,bear,3,trend,11962,0.48882976,0.47283063,-0.01599913,0.96727054
d1,bear,3,price20,10072,0.48882976,0.48937649,0.00054673,1.00111844
d1,bear,3,price200,8882,0.48882976,0.46791263,-0.02091713,0.95720979
d1,bear,3,ema20_rising,10072,0.48882976,0.48937649,0.00054673,1.00111844
d1,bear,3,ema200_rising,8882,0.48882976,0.46791263,-0.02091713,0.95720979
d1,bear,3,momentum,8063,0.48882976,0.48393898,-0.00489078,0.98999492
d1,bear,3,rsi55,13479,0.48882976,0.49195044,0.00312068,1.00638398
d1,bear,3,rsi60,16551,0.48882976,0.49453205,0.00570229,1.01166518
d1,bear,3,rsi_lt45,15055,0.48882976,0.49006974,0.00123998,1.00253663
d1,bear,3,macd,10777,0.48882976,0.49531409,0.00648433,1.01326501
d1,bear,3,macd_rising,10859,0.48882976,0.49654664,0.00771688,1.01578644
d1,bear,3,adx25,13891,0.48882976,0.48362249,-0.00520727,0.98934747
d1,bear,3,adx_rising,11616,0.48882976,0.49440427,0.00557451,1.01140378
d1,bear,3,di,9899,0.48882976,0.50247500,0.01364523,1.02791408
d1,bear,3,di_strong,13238,0.48882976,0.49720502,0.00837525,1.01713327
d1,bear,3,volatility,15586,0.48882976,0.46253048,-0.02629929,0.94619950
d1,bear,3,bb,10362,0.48882976,0.48774368,-0.00108608,0.99777820
d1,bear,3,bb_upper,16713,0.48882976,0.49338838,0.00455862,1.00932557
d1,bear,3,body,14439,0.48882976,0.48666805,-0.00216171,0.99557778
d1,bear,3,trend+price20,6998,0.48882976,0.48013718,-0.00869258,0.98221757
d1,bear,3,trend+price200,8612,0.48882976,0.46876451,-0.02006525,0.95895248
d1,bear,3,trend+ema20_rising,6998,0.48882976,0.48013718,-0.00869258,0.98221757
d1,bear,3,trend+ema200_rising,8612,0.48882976,0.46876451,-0.02006525,0.95895248
d1,bear,3,trend+momentum,5691,0.48882976,0.48005623,-0.00877353,0.98205196
d1,bear,3,trend+rsi55,9028,0.48882976,0.48305272,-0.00577704,0.98818190
d1,bear,3,trend+rsi60,10336,0.48882976,0.48210139,-0.00672837,0.98623576
d1,bear,3,trend+rsi_lt45,6573,0.48882976,0.46751864,-0.02131113,0.95640379
d1,bear,3,trend+macd,5575,0.48882976,0.48161435,-0.00721541,0.98523942
d1,bear,3,trend+macd_rising,5554,0.48882976,0.48181491,-0.00701485,0.98564970
d1,bear,3,trend+adx25,7968,0.48882976,0.45820783,-0.03062193,0.93735665
d1,bear,3,trend+adx_rising,6299,0.48882976,0.48261629,-0.00621347,0.98728908
d1,bear,3,trend+di,6954,0.48882976,0.48921484,0.00038508,1.00078775
d1,bear,3,trend+di_strong,8664,0.48882976,0.48511080,-0.00371896,0.99239212
d1,bear,3,trend+volatility,8464,0.48882976,0.44305293,-0.04577683,0.90635424
d1,bear,3,trend+bb,6802,0.48882976,0.48044693,-0.00838284,0.98285122
d1,bear,3,trend+bb_upper,9811,0.48882976,0.48200999,-0.00681977,0.98604877
d1,bear,3,trend+body,7961,0.48882976,0.47481472,-0.01401504,0.97132940
d1,bear,3,price20+price200,6289,0.48882976,0.46970902,-0.01912075,0.96088465
d1,bear,3,price20+ema20_rising,10072,0.48882976,0.48937649,0.00054673,1.00111844
d1,bear,3,price20+ema200_rising,6289,0.48882976,0.46970902,-0.01912075,0.96088465
d1,bear,3,price20+momentum,6794,0.48882976,0.48690021,-0.00192956,0.99605270
d1,bear,3,price20+rsi55,10051,0.48882976,0.48990150,0.00107174,1.00219246
d1,bear,3,price20+rsi60,10056,0.48882976,0.48965792,0.00082815,1.00169415
d1,bear,3,price20+rsi_lt45,3372,0.48882976,0.49822064,0.00939088,1.01921094
d1,bear,3,price20+macd,7807,0.48882976,0.49135391,0.00252415,1.00516366
d1,bear,3,price20+macd_rising,5851,0.48882976,0.49888908,0.01005932,1.02057836
d1,bear,3,price20+adx25,6564,0.48882976,0.47135893,-0.01747084,0.96425988
d1,bear,3,price20+adx_rising,5744,0.48882976,0.47910864,-0.00972113,0.98011347
d1,bear,3,price20+di,8451,0.48882976,0.49899420,0.01016444,1.02079341
d1,bear,3,price20+di_strong,9634,0.48882976,0.49128088,0.00245112,1.00501426
d1,bear,3,price20+volatility,6916,0.48882976,0.45864662,-0.03018315,0.93825428
d1,bear,3,price20+bb,9492,0.48882976,0.48978087,0.00095111,1.00194568
d1,bear,3,price20+bb_upper,10072,0.48882976,0.48937649,0.00054673,1.00111844
d1,bear,3,price20+body,6765,0.48882976,0.48558758,-0.00324218,0.99336747
d1,bear,3,price200+ema20_rising,6289,0.48882976,0.46970902,-0.01912075,0.96088465
d1,bear,3,price200+ema200_rising,8882,0.48882976,0.46791263,-0.02091713,0.95720979
d1,bear,3,price200+momentum,5108,0.48882976,0.47376664,-0.01506312,0.96918534
d1,bear,3,price200+rsi55,7659,0.48882976,0.47212430,-0.01670546,0.96582560
d1,bear,3,price200+rsi60,8371,0.48882976,0.47318122,-0.01564854,0.96798775
d1,bear,3,price200+rsi_lt45,3879,0.48882976,0.46403712,-0.02479264,0.94928165
d1,bear,3,price200+macd,4719,0.48882976,0.47001483,-0.01881493,0.96151026
d1,bear,3,price200+macd_rising,4471,0.48882976,0.47483784,-0.01399192,0.97137670
d1,bear,3,price200+adx25,5959,0.48882976,0.44403423,-0.04479553,0.90836170
d1,bear,3,price200+adx_rising,4827,0.48882976,0.47068573,-0.01814404,0.96288271
d1,bear,3,price200+di,6131,0.48882976,0.47822541,-0.01060435,0.97830666
d1,bear,3,price200+di_strong,7363,0.48882976,0.47412739,-0.01470237,0.96992333
d1,bear,3,price200+volatility,6135,0.48882976,0.43879381,-0.05003596,0.89764135
d1,bear,3,price200+bb,6037,0.48882976,0.46861024,-0.02021953,0.95863688
d1,bear,3,price200+bb_upper,7934,0.48882976,0.47113688,-0.01769288,0.96380563
d1,bear,3,price200+body,5910,0.48882976,0.46785110,-0.02097866,0.95708391
d1,bear,3,ema20_rising+ema200_rising,6289,0.48882976,0.46970902,-0.01912075,0.96088465
d1,bear,3,ema20_rising+momentum,6794,0.48882976,0.48690021,-0.00192956,0.99605270
d1,bear,3,ema20_rising+rsi55,10051,0.48882976,0.48990150,0.00107174,1.00219246
d1,bear,3,ema20_rising+rsi60,10056,0.48882976,0.48965792,0.00082815,1.00169415
d1,bear,3,ema20_rising+rsi_lt45,3372,0.48882976,0.49822064,0.00939088,1.01921094
d1,bear,3,ema20_rising+macd,7807,0.48882976,0.49135391,0.00252415,1.00516366
d1,bear,3,ema20_rising+macd_rising,5851,0.48882976,0.49888908,0.01005932,1.02057836
d1,bear,3,ema20_rising+adx25,6564,0.48882976,0.47135893,-0.01747084,0.96425988
d1,bear,3,ema20_rising+adx_rising,5744,0.48882976,0.47910864,-0.00972113,0.98011347
d1,bear,3,ema20_rising+di,8451,0.48882976,0.49899420,0.01016444,1.02079341
d1,bear,3,ema20_rising+di_strong,9634,0.48882976,0.49128088,0.00245112,1.00501426
d1,bear,3,ema20_rising+volatility,6916,0.48882976,0.45864662,-0.03018315,0.93825428
d1,bear,3,ema20_rising+bb,9492,0.48882976,0.48978087,0.00095111,1.00194568
d1,bear,3,ema20_rising+bb_upper,10072,0.48882976,0.48937649,0.00054673,1.00111844
d1,bear,3,ema20_rising+body,6765,0.48882976,0.48558758,-0.00324218,0.99336747
d1,bear,3,ema200_rising+momentum,5108,0.48882976,0.47376664,-0.01506312,0.96918534
d1,bear,3,ema200_rising+rsi55,7659,0.48882976,0.47212430,-0.01670546,0.96582560
d1,bear,3,ema200_rising+rsi60,8371,0.48882976,0.47318122,-0.01564854,0.96798775
d1,bear,3,ema200_rising+rsi_lt45,3879,0.48882976,0.46403712,-0.02479264,0.94928165
d1,bear,3,ema200_rising+macd,4719,0.48882976,0.47001483,-0.01881493,0.96151026
d1,bear,3,ema200_rising+macd_rising,4471,0.48882976,0.47483784,-0.01399192,0.97137670
d1,bear,3,ema200_rising+adx25,5959,0.48882976,0.44403423,-0.04479553,0.90836170
d1,bear,3,ema200_rising+adx_rising,4827,0.48882976,0.47068573,-0.01814404,0.96288271
d1,bear,3,ema200_rising+di,6131,0.48882976,0.47822541,-0.01060435,0.97830666
d1,bear,3,ema200_rising+di_strong,7363,0.48882976,0.47412739,-0.01470237,0.96992333
d1,bear,3,ema200_rising+volatility,6135,0.48882976,0.43879381,-0.05003596,0.89764135
d1,bear,3,ema200_rising+bb,6037,0.48882976,0.46861024,-0.02021953,0.95863688
d1,bear,3,ema200_rising+bb_upper,7934,0.48882976,0.47113688,-0.01769288,0.96380563
d1,bear,3,ema200_rising+body,5910,0.48882976,0.46785110,-0.02097866,0.95708391
d1,bear,3,momentum+rsi55,6912,0.48882976,0.48582176,-0.00300800,0.99384652
d1,bear,3,momentum+rsi60,6912,0.48882976,0.48582176,-0.00300800,0.99384652
d1,bear,3,momentum+rsi_lt45,1319,0.48882976,0.47308567,-0.01574409,0.96779228
d1,bear,3,momentum+macd,5520,0.48882976,0.48677536,-0.00205440,0.99579731
d1,bear,3,momentum+macd_rising,4318,0.48882976,0.49258916,0.00375940,1.00769061
d1,bear,3,momentum+adx25,4462,0.48882976,0.45741820,-0.03141156,0.93574130
d1,bear,3,momentum+adx_rising,3121,0.48882976,0.47260493,-0.01622483,0.96680884
d1,bear,3,momentum+di,6511,0.48882976,0.48778989,-0.00103987,0.99787274
d1,bear,3,momentum+di_strong,6830,0.48882976,0.48506589,-0.00376388,0.99230023
d1,bear,3,momentum+volatility,5424,0.48882976,0.44395280,-0.04487696,0.90819511
d1,bear,3,momentum+bb,6811,0.48882976,0.48362942,-0.00520034,0.98936165
d1,bear,3,momentum+bb_upper,6979,0.48882976,0.48473993,-0.00408983,0.99163343
d1,bear,3,momentum+body,5269,0.48882976,0.48073638,-0.00809338,0.98344336
d1,bear,3,rsi55+rsi60,13479,0.48882976,0.49195044,0.00312068,1.00638398
d1,bear,3,rsi55+rsi_lt45,6735,0.48882976,0.49784707,0.00901730,1.01844672
d1,bear,3,rsi55+macd,9006,0.48882976,0.49278259,0.00395283,1.00808630
d1,bear,3,rsi55+macd_rising,7207,0.48882976,0.50228944,0.01345968,1.02753449
d1,bear,3,rsi55+adx25,9237,0.48882976,0.47775252,-0.01107725,0.97733926
d1,bear,3,rsi55+adx_rising,8575,0.48882976,0.48804665,-0.00078312,0.99839798
d1,bear,3,rsi55+di,9566,0.48882976,0.50135898,0.01252922,1.02563104
d1,bear,3,rsi55+di_strong,11978,0.48882976,0.49423944,0.00540968,1.01106659
d1,bear,3,rsi55+volatility,9459,0.48882976,0.46431970,-0.02451007,0.94985971
d1,bear,3,rsi55+bb,10241,0.48882976,0.48735475,-0.00147501,0.99698256
d1,bear,3,rsi55+bb_upper,13229,0.48882976,0.49134477,0.00251501,1.00514496
d1,bear,3,rsi55+body,9106,0.48882976,0.48945750,0.00062774,1.00128416
d1,bear,3,rsi60+rsi_lt45,9807,0.48882976,0.50035689,0.01152713,1.02358106
d1,bear,3,rsi60+macd,10024,0.48882976,0.49561053,0.00678077,1.01387144
d1,bear,3,rsi60+macd_rising,8667,0.48882976,0.50363448,0.01480471,1.03028603
d1,bear,3,rsi60+adx25,11392,0.48882976,0.48428722,-0.00454254,0.99070731
d1,bear,3,rsi60+adx_rising,10472,0.48882976,0.49532086,0.00649109,1.01327884
d1,bear,3,rsi60+di,9837,0.48882976,0.50289722,0.01406746,1.02877783
d1,bear,3,rsi60+di_strong,12978,0.48882976,0.49738018,0.00855042,1.01749161
d1,bear,3,rsi60+volatility,11750,0.48882976,0.46740426,-0.02142551,0.95616980
d1,bear,3,rsi60+bb,10336,0.48882976,0.48829334,-0.00053642,0.99890265
d1,bear,3,rsi60+bb_upper,15374,0.48882976,0.49479641,0.00596665,1.01220598
d1,bear,3,rsi60+body,11116,0.48882976,0.49244332,0.00361356,1.00739227
d1,bear,3,rsi_lt45+macd,5392,0.48882976,0.50463650,0.01580674,1.03233587
d1,bear,3,rsi_lt45+macd_rising,7049,0.48882976,0.49950348,0.01067371,1.02183524
d1,bear,3,rsi_lt45+adx25,9877,0.48882976,0.49569707,0.00686731,1.01404847
d1,bear,3,rsi_lt45+adx_rising,8712,0.48882976,0.50149219,0.01266243,1.02590356
d1,bear,3,rsi_lt45+di,3557,0.48882976,0.52853528,0.03970552,1.08122566
d1,bear,3,rsi_lt45+di_strong,6584,0.48882976,0.50956865,0.02073889,1.04242558
d1,bear,3,rsi_lt45+volatility,11112,0.48882976,0.46949244,-0.01933732,0.96044160
d1,bear,3,rsi_lt45+bb,3731,0.48882976,0.49370142,0.00487166,1.00996596
d1,bear,3,rsi_lt45+bb_upper,9982,0.48882976,0.49879784,0.00996807,1.02039171
d1,bear,3,rsi_lt45+body,9948,0.48882976,0.48914355,0.00031378,1.00064191
d1,bear,3,macd+macd_rising,5774,0.48882976,0.50623485,0.01740508,1.03560561
d1,bear,3,macd+adx25,6854,0.48882976,0.48278378,-0.00604599,0.98763171
d1,bear,3,macd+adx_rising,6236,0.48882976,0.49069917,0.00186940,1.00382424
d1,bear,3,macd+di,7179,0.48882976,0.50480568,0.01597592,1.03268197
d1,bear,3,macd+di_strong,8817,0.48882976,0.49926279,0.01043302,1.02134286
d1,bear,3,macd+volatility,7564,0.48882976,0.47065045,-0.01817931,0.96281054
d1,bear,3,macd+bb,8453,0.48882976,0.49154146,0.00271170,1.00554733
d1,bear,3,macd+bb_upper,10475,0.48882976,0.49594272,0.00711296,1.01455099
d1,bear,3,macd+body,7220,0.48882976,0.49238227,0.00355251,1.00726737
d1,bear,3,macd_rising+adx25,6768,0.48882976,0.49527187,0.00644210,1.01317863
d1,bear,3,macd_rising+adx_rising,5919,0.48882976,0.50008447,0.01125471,1.02302378
d1,bear,3,macd_rising+di,5107,0.48882976,0.50851772,0.01968796,1.04027569
d1,bear,3,macd_rising+di_strong,6767,0.48882976,0.50480272,0.01597296,1.03267591
d1,bear,3,macd_rising+volatility,7841,0.48882976,0.47404668,-0.01478309,0.96975821
d1,bear,3,macd_rising+bb,5723,0.48882976,0.49799056,0.00916080,1.01874027
d1,bear,3,macd_rising+bb_upper,9455,0.48882976,0.50312004,0.01429028,1.02923365
d1,bear,3,macd_rising+body,7335,0.48882976,0.49815951,0.00932975,1.01908588
d1,bear,3,adx25+adx_rising,7873,0.48882976,0.48799695,-0.00083281,0.99829632
d1,bear,3,adx25+di,6453,0.48882976,0.48520068,-0.00362908,0.99257598
d1,bear,3,adx25+di_strong,9252,0.48882976,0.48313878,-0.00569098,0.98835795
d1,bear,3,adx25+volatility,10781,0.48882976,0.46489194,-0.02393782,0.95103035
d1,bear,3,adx25+bb,6790,0.48882976,0.46892489,-0.01990487,0.95928056
d1,bear,3,adx25+bb_upper,10830,0.48882976,0.48301016,-0.00581961,0.98809482
d1,bear,3,adx25+body,9191,0.48882976,0.48231966,-0.00651010,0.98668227
d1,bear,3,adx_rising+di,5583,0.48882976,0.50116425,0.01233449,1.02523268
d1,bear,3,adx_rising+di_strong,8867,0.48882976,0.49385361,0.00502385,1.01027730
d1,bear,3,adx_rising+volatility,8385,0.48882976,0.47215265,-0.01667711,0.96588360
d1,bear,3,adx_rising+bb,6006,0.48882976,0.47835498,-0.01047478,0.97857171
d1,bear,3,adx_rising+bb_upper,10493,0.48882976,0.49261412,0.00378436,1.00774167
d1,bear,3,adx_rising+body,7832,0.48882976,0.49463739,0.00580762,1.01188066
d1,bear,3,di+di_strong,9899,0.48882976,0.50247500,0.01364523,1.02791408
d1,bear,3,di+volatility,6730,0.48882976,0.46760773,-0.02122204,0.95658604
d1,bear,3,di+bb,8468,0.48882976,0.49716580,0.00833604,1.01705305
d1,bear,3,di+bb_upper,9749,0.48882976,0.50158991,0.01276014,1.02610345
d1,bear,3,di+body,6601,0.48882976,0.50098470,0.01215494,1.02486538
d1,bear,3,di_strong+volatility,9304,0.48882976,0.46560619,-0.02322357,0.95249149
d1,bear,3,di_strong+bb,9749,0.48882976,0.49081957,0.00198981,1.00407055
d1,bear,3,di_strong+bb_upper,12692,0.48882976,0.49684841,0.00801865,1.01640376
d1,bear,3,di_strong+body,8896,0.48882976,0.49707734,0.00824758,1.01687208
d1,bear,3,volatility+bb,7206,0.48882976,0.45781293,-0.03101683,0.93654881
d1,bear,3,volatility+bb_upper,11873,0.48882976,0.46736292,-0.02146684,0.95608525
d1,bear,3,volatility+body,10551,0.48882976,0.46024074,-0.02858903,0.94151537
d1,bear,3,bb+bb_upper,10362,0.48882976,0.48774368,-0.00108608,0.99777820
d1,bear,3,bb+body,6950,0.48882976,0.48402878,-0.00480099,0.99017861
d1,bear,3,bb_upper+body,11375,0.48882976,0.49230769,0.00347793,1.00711481
d1,bear,3,price20+price200+macd,4464,0.48882976,0.46818996,-0.02063980,0.95777712
d1,bear,3,price20+price200+volatility,4340,0.48882976,0.43571429,-0.05311548,0.89134156
d1,bear,3,price20+price200+macd+volatility,3111,0.48882976,0.43137255,-0.05745721,0.88245967
d1,bear,3,price200+macd+volatility,3309,0.48882976,0.43457238,-0.05425738,0.88900556
d1,bear,3,price200+macd+di+volatility,2881,0.48882976,0.43283582,-0.05599394,0.88545308
d1,bear,3,price200+volatility+bb,4203,0.48882976,0.43468951,-0.05414026,0.88924517
d1,bear,3,trend+volatility+body,5741,0.48882976,0.44452186,-0.04430790,0.90935924
d1,bear,3,trend+price20+macd+volatility,3410,0.48882976,0.44310850,-0.04572126,0.90646793
d1,bear,3,macd+di+volatility+bb,4655,0.48882976,0.46809882,-0.02073094,0.95759067
d1,bear,5,trend,11962,0.60232121,0.59045310,-0.01186811,0.98029605
d1,bear,5,price20,10072,0.60232121,0.60246227,0.00014106,1.00023420
d1,bear,5,price200,8882,0.60232121,0.58410268,-0.01821853,0.96975280
d1,bear,5,ema20_rising,10072,0.60232121,0.60246227,0.00014106,1.00023420
d1,bear,5,ema200_rising,8882,0.60232121,0.58410268,-0.01821853,0.96975280
d1,bear,5,momentum,8063,0.60232121,0.59692422,-0.00539699,0.99103969
d1,bear,5,rsi55,13479,0.60232121,0.60731508,0.00499388,1.00829105
d1,bear,5,rsi60,16551,0.60232121,0.60854329,0.00622208,1.01033017
d1,bear,5,rsi_lt45,15055,0.60232121,0.60245766,0.00013645,1.00022654
d1,bear,5,macd,10777,0.60232121,0.60694071,0.00461950,1.00766950
d1,bear,5,macd_rising,10859,0.60232121,0.60917212,0.00685091,1.01137418
d1,bear,5,adx25,13891,0.60232121,0.59887697,-0.00344424,0.99428173
d1,bear,5,adx_rising,11616,0.60232121,0.60795455,0.00563334,1.00935271
d1,bear,5,di,9899,0.60232121,0.61773917,0.01541796,1.02559757
d1,bear,5,di_strong,13238,0.60232121,0.61134612,0.00902492,1.01498356
d1,bear,5,volatility,15586,0.60232121,0.57859618,-0.02372503,0.96061067
d1,bear,5,bb,10362,0.60232121,0.59862961,-0.00369160,0.99387105
d1,bear,5,bb_upper,16713,0.60232121,0.60563633,0.00331512,1.00550391
d1,bear,5,body,14439,0.60232121,0.60066487,-0.00165634,0.99725007
d1,bear,5,trend+price20,6998,0.60232121,0.59345527,-0.00886593,0.98528039
d1,bear,5,trend+price200,8612,0.60232121,0.58476544,-0.01755576,0.97085315
d1,bear,5,trend+ema20_rising,6998,0.60232121,0.59345527,-0.00886593,0.98528039
d1,bear,5,trend+ema200_rising,8612,0.60232121,0.58476544,-0.01755576,0.97085315
d1,bear,5,trend+momentum,5691,0.60232121,0.59427166,-0.00804955,0.98663578
d1,bear,5,trend+rsi55,9028,0.60232121,0.59924679,-0.00307442,0.99489571
d1,bear,5,trend+rsi60,10336,0.60232121,0.59936146,-0.00295975,0.99508609
d1,bear,5,trend+rsi_lt45,6573,0.60232121,0.58831584,-0.01400537,0.97674767
d1,bear,5,trend+macd,5575,0.60232121,0.59605381,-0.00626740,0.98959460
d1,bear,5,trend+macd_rising,5554,0.60232121,0.60028808,-0.00203313,0.99662451
d1,bear,5,trend+adx25,7968,0.60232121,0.57743474,-0.02488647,0.95868240
d1,bear,5,trend+adx_rising,6299,0.60232121,0.60009525,-0.00222595,0.99630437
d1,bear,5,trend+di,6954,0.60232121,0.60497555,0.00265435,1.00440686
d1,bear,5,trend+di_strong,8664,0.60232121,0.60180055,-0.00052065,0.99913559
d1,bear,5,trend+volatility,8464,0.60232121,0.56521739,-0.03710382,0.93839862
d1,bear,5,trend+bb,6802,0.60232121,0.59247280,-0.00984841,0.98364925
d1,bear,5,trend+bb_upper,9811,0.60232121,0.59698298,-0.00533823,0.99113724
d1,bear,5,trend+body,7961,0.60232121,0.59226228,-0.01005893,0.98329973
d1,bear,5,price20+price200,6289,0.60232121,0.58403562,-0.01828559,0.96964146
d1,bear,5,price20+ema20_rising,10072,0.60232121,0.60246227,0.00014106,1.00023420
d1,bear,5,price20+ema200_rising,6289,0.60232121,0.58403562,-0.01828559,0.96964146
d1,bear,5,price20+momentum,6794,0.60232121,0.60259052,0.00026931,1.00044713
d1,bear,5,price20+rsi55,10051,0.60232121,0.60322356,0.00090235,1.00149812
d1,bear,5,price20+rsi60,10056,0.60232121,0.60292363,0.00060242,1.00100016
d1,bear,5,price20+rsi_lt45,3372,0.60232121,0.60527877,0.00295756,1.00491027
d1,bear,5,price20+macd,7807,0.60232121,0.60330473,0.00098352,1.00163288
d1,bear,5,price20+macd_rising,5851,0.60232121,0.61493762,0.01261641,1.02094632
d1,bear,5,price20+adx25,6564,0.60232121,0.58592322,-0.01639799,0.97277534
d1,bear,5,price20+adx_rising,5744,0.60232121,0.59174791,-0.01057330,0.98244575
d1,bear,5,price20+di,8451,0.60232121,0.61341853,0.01109732,1.01842426
d1,bear,5,price20+di_strong,9634,0.60232121,0.60494083,0.00261963,1.00434922
d1,bear,5,price20+volatility,6916,0.60232121,0.57648930,-0.02583191,0.95711274
d1,bear,5,price20+bb,9492,0.60232121,0.60092710,-0.00139411,0.99768544
d1,bear,5,price20+bb_upper,10072,0.60232121,0.60246227,0.00014106,1.00023420
d1,bear,5,price20+body,6765,0.60232121,0.60133038,-0.00099083,0.99835498
d1,bear,5,price200+ema20_rising,6289,0.60232121,0.58403562,-0.01828559,0.96964146
d1,bear,5,price200+ema200_rising,8882,0.60232121,0.58410268,-0.01821853,0.96975280
d1,bear,5,price200+momentum,5108,0.60232121,0.58731402,-0.01500719,0.97508441
d1,bear,5,price200+rsi55,7659,0.60232121,0.58845802,-0.01386318,0.97698374
d1,bear,5,price200+rsi60,8371,0.60232121,0.58965476,-0.01266645,0.97897061
d1,bear,5,price200+rsi_lt45,3879,0.60232121,0.58339778,-0.01892342,0.96858250
d1,bear,5,price200+macd,4719,0.60232121,0.58126722,-0.02105399,0.96504525
d1,bear,5,price200+macd_rising,4471,0.60232121,0.59248490,-0.00983630,0.98366934
d1,bear,5,price200+adx25,5959,0.60232121,0.56267830,-0.03964291,0.93418311
d1,bear,5,price200+adx_rising,4827,0.60232121,0.58980733,-0.01251387,0.97922392
d1,bear,5,price200+di,6131,0.60232121,0.59321481,-0.00910640,0.98488116
d1,bear,5,price200+di_strong,7363,0.60232121,0.59038435,-0.01193685,0.98018191
d1,bear,5,price200+volatility,6135,0.60232121,0.56088020,-0.04144101,0.93119782
d1,bear,5,price200+bb,6037,0.60232121,0.58141461,-0.02090660,0.96528995
d1,bear,5,price200+bb_upper,7934,0.60232121,0.58608520,-0.01623600,0.97304428
d1,bear,5,price200+body,5910,0.60232121,0.58426396,-0.01805725,0.97002057
d1,bear,5,ema20_rising+ema200_rising,6289,0.60232121,0.58403562,-0.01828559,0.96964146
d1,bear,5,ema20_rising+momentum,6794,0.60232121,0.60259052,0.00026931,1.00044713
d1,bear,5,ema20_rising+rsi55,10051,0.60232121,0.60322356,0.00090235,1.00149812
d1,bear,5,ema20_rising+rsi60,10056,0.60232121,0.60292363,0.00060242,1.00100016
d1,bear,5,ema20_rising+rsi_lt45,3372,0.60232121,0.60527877,0.00295756,1.00491027
d1,bear,5,ema20_rising+macd,7807,0.60232121,0.60330473,0.00098352,1.00163288
d1,bear,5,ema20_rising+macd_rising,5851,0.60232121,0.61493762,0.01261641,1.02094632
d1,bear,5,ema20_rising+adx25,6564,0.60232121,0.58592322,-0.01639799,0.97277534
d1,bear,5,ema20_rising+adx_rising,5744,0.60232121,0.59174791,-0.01057330,0.98244575
d1,bear,5,ema20_rising+di,8451,0.60232121,0.61341853,0.01109732,1.01842426
d1,bear,5,ema20_rising+di_strong,9634,0.60232121,0.60494083,0.00261963,1.00434922
d1,bear,5,ema20_rising+volatility,6916,0.60232121,0.57648930,-0.02583191,0.95711274
d1,bear,5,ema20_rising+bb,9492,0.60232121,0.60092710,-0.00139411,0.99768544
d1,bear,5,ema20_rising+bb_upper,10072,0.60232121,0.60246227,0.00014106,1.00023420
d1,bear,5,ema20_rising+body,6765,0.60232121,0.60133038,-0.00099083,0.99835498
d1,bear,5,ema200_rising+momentum,5108,0.60232121,0.58731402,-0.01500719,0.97508441
d1,bear,5,ema200_rising+rsi55,7659,0.60232121,0.58845802,-0.01386318,0.97698374
d1,bear,5,ema200_rising+rsi60,8371,0.60232121,0.58965476,-0.01266645,0.97897061
d1,bear,5,ema200_rising+rsi_lt45,3879,0.60232121,0.58339778,-0.01892342,0.96858250
d1,bear,5,ema200_rising+macd,4719,0.60232121,0.58126722,-0.02105399,0.96504525
d1,bear,5,ema200_rising+macd_rising,4471,0.60232121,0.59248490,-0.00983630,0.98366934
d1,bear,5,ema200_rising+adx25,5959,0.60232121,0.56267830,-0.03964291,0.93418311
d1,bear,5,ema200_rising+adx_rising,4827,0.60232121,0.58980733,-0.01251387,0.97922392
d1,bear,5,ema200_rising+di,6131,0.60232121,0.59321481,-0.00910640,0.98488116
d1,bear,5,ema200_rising+di_strong,7363,0.60232121,0.59038435,-0.01193685,0.98018191
d1,bear,5,ema200_rising+volatility,6135,0.60232121,0.56088020,-0.04144101,0.93119782
d1,bear,5,ema200_rising+bb,6037,0.60232121,0.58141461,-0.02090660,0.96528995
d1,bear,5,ema200_rising+bb_upper,7934,0.60232121,0.58608520,-0.01623600,0.97304428
d1,bear,5,ema200_rising+body,5910,0.60232121,0.58426396,-0.01805725,0.97002057
d1,bear,5,momentum+rsi55,6912,0.60232121,0.60040509,-0.00191611,0.99681878
d1,bear,5,momentum+rsi60,6912,0.60232121,0.60040509,-0.00191611,0.99681878
d1,bear,5,momentum+rsi_lt45,1319,0.60232121,0.57088704,-0.03143417,0.94781161
d1,bear,5,momentum+macd,5520,0.60232121,0.60253623,0.00021502,1.00035699
d1,bear,5,momentum+macd_rising,4318,0.60232121,0.60838351,0.00606230,1.01006490
d1,bear,5,momentum+adx25,4462,0.60232121,0.57575078,-0.02657042,0.95588662
d1,bear,5,momentum+adx_rising,3121,0.60232121,0.58282602,-0.01949519,0.96763323
d1,bear,5,momentum+di,6511,0.60232121,0.60436185,0.00204064,1.00338796
d1,bear,5,momentum+di_strong,6830,0.60232121,0.60000000,-0.00232121,0.99614623
d1,bear,5,momentum+volatility,5424,0.60232121,0.56194690,-0.04037430,0.93296881
d1,bear,5,momentum+bb,6811,0.60232121,0.59741594,-0.00490526,0.99185607
d1,bear,5,momentum+bb_upper,6979,0.60232121,0.59865310,-0.00366811,0.99391005
d1,bear,5,momentum+body,5269,0.60232121,0.59574872,-0.00657249,0.98908807
d1,bear,5,rsi55+rsi60,13479,0.60232121,0.60731508,0.00499388,1.00829105
d1,bear,5,rsi55+rsi_lt45,6735,0.60232121,0.61262064,0.01029943,1.01709957
d1,bear,5,rsi55+macd,9006,0.60232121,0.60615145,0.00383025,1.00635914
d1,bear,5,rsi55+macd_rising,7207,0.60232121,0.61953656,0.01721535,1.02858168
d1,bear,5,rsi55+adx25,9237,0.60232121,0.59369925,-0.00862195,0.98568545
d1,bear,5,rsi55+adx_rising,8575,0.60232121,0.60338192,0.00106072,1.00176105
d1,bear,5,rsi55+di,9566,0.60232121,0.61708133,0.01476012,1.02450540
d1,bear,5,rsi55+di_strong,11978,0.60232121,0.60920020,0.00687899,1.01142080
d1,bear,5,rsi55+volatility,9459,0.60232121,0.58388836,-0.01843285,0.96939698
d1,bear,5,rsi55+bb,10241,0.60232121,0.59876965,-0.00355156,0.99410355
d1,bear,5,rsi55+bb_upper,13229,0.60232121,0.60707536,0.00475416,1.00789306
d1,bear,5,rsi55+body,9106,0.60232121,0.60586427,0.00354306,1.00588234
d1,bear,5,rsi60+rsi_lt45,9807,0.60232121,0.61303151,0.01071030,1.01778171
d1,bear,5,rsi60+macd,10024,0.60232121,0.60794094,0.00561973,1.00933013
d1,bear,5,rsi60+macd_rising,8667,0.60232121,0.61878389,0.01646269,1.02733207
d1,bear,5,rsi60+adx25,11392,0.60232121,0.59875351,-0.00356770,0.99407675
d1,bear,5,rsi60+adx_rising,10472,0.60232121,0.60886173,0.00654052,1.01085886
d1,bear,5,rsi60+di,9837,0.60232121,0.61817627,0.01585507,1.02632327
d1,bear,5,rsi60+di_strong,12978,0.60232121,0.61141933,0.00909812,1.01510509
d1,bear,5,rsi60+volatility,11750,0.60232121,0.58493617,-0.01738504,0.97113660
d1,bear,5,rsi60+bb,10336,0.60232121,0.59936146,-0.00295975,0.99508609
d1,bear,5,rsi60+bb_upper,15374,0.60232121,0.60869000,0.00636879,1.01057374
d1,bear,5,rsi60+body,11116,0.60232121,0.60705290,0.00473169,1.00785576
d1,bear,5,rsi_lt45+macd,5392,0.60232121,0.61146142,0.00914022,1.01517499
d1,bear,5,rsi_lt45+macd_rising,7049,0.60232121,0.60902256,0.00670135,1.01112587
d1,bear,5,rsi_lt45+adx25,9877,0.60232121,0.60828187,0.00596066,1.00989615
d1,bear,5,rsi_lt45+adx_rising,8712,0.60232121,0.61489899,0.01257778,1.02088218
d1,bear,5,rsi_lt45+di,3557,0.60232121,0.63845938,0.03613817,1.05999817
d1,bear,5,rsi_lt45+di_strong,6584,0.60232121,0.62135480,0.01903359,1.03160040
d1,bear,5,rsi_lt45+volatility,11112,0.60232121,0.58279338,-0.01952783,0.96757904
d1,bear,5,rsi_lt45+bb,3731,0.60232121,0.59689091,-0.00543029,0.99098439
d1,bear,5,rsi_lt45+bb_upper,9982,0.60232121,0.60839511,0.00607390,1.01008416
d1,bear,5,rsi_lt45+body,9948,0.60232121,0.60082429,-0.00149692,0.99751475
d1,bear,5,macd+macd_rising,5774,0.60232121,0.61898164,0.01666043,1.02766038
d1,bear,5,macd+adx25,6854,0.60232121,0.59644004,-0.00588117,0.99023582
d1,bear,5,macd+adx_rising,6236,0.60232121,0.60327133,0.00095012,1.00157743
d1,bear,5,macd+di,7179,0.60232121,0.61972420,0.01740299,1.02889320
d1,bear,5,macd+di_strong,8817,0.60232121,0.61290688,0.01058568,1.01757480
d1,bear,5,macd+volatility,7564,0.60232121,0.58461132,-0.01770989,0.97059727
d1,bear,5,macd+bb,8453,0.60232121,0.60392760,0.00160639,1.00266700
d1,bear,5,macd+bb_upper,10475,0.60232121,0.60696897,0.00464777,1.00771642
d1,bear,5,macd+body,7220,0.60232121,0.60443213,0.00211093,1.00350465
d1,bear,5,macd_rising+adx25,6768,0.60232121,0.61170213,0.00938092,1.01557461
d1,bear,5,macd_rising+adx_rising,5919,0.60232121,0.61327927,0.01095806,1.01819305
d1,bear,5,macd_rising+di,5107,0.60232121,0.62561191,0.02329070,1.03866823
d1,bear,5,macd_rising+di_strong,6767,0.60232121,0.61844244,0.01612123,1.02676518
d1,bear,5,macd_rising+volatility,7841,0.60232121,0.58742507,-0.01489613,0.97526879
d1,bear,5,macd_rising+bb,5723,0.60232121,0.60999476,0.00767355,1.01273996
d1,bear,5,macd_rising+bb_upper,9455,0.60232121,0.61523004,0.01290883,1.02143180
d1,bear,5,macd_rising+body,7335,0.60232121,0.61036128,0.00804007,1.01334848
d1,bear,5,adx25+adx_rising,7873,0.60232121,0.60332783,0.00100662,1.00167124
d1,bear,5,adx25+di,6453,0.60232121,0.60421509,0.00189389,1.00314431
d1,bear,5,adx25+di_strong,9252,0.60232121,0.59987030,-0.00245091,0.99593089
d1,bear,5,adx25+volatility,10781,0.60232121,0.58157870,-0.02074250,0.96556239
d1,bear,5,adx25+bb,6790,0.60232121,0.58129602,-0.02102518,0.96509307
d1,bear,5,adx25+bb_upper,10830,0.60232121,0.59713758,-0.00518363,0.99139392
d1,bear,5,adx25+body,9191,0.60232121,0.59786748,-0.00445373,0.99260573
d1,bear,5,adx_rising+di,5583,0.60232121,0.61597707,0.01365587,1.02267207
d1,bear,5,adx_rising+di_strong,8867,0.60232121,0.60696966,0.00464846,1.00771757
d1,bear,5,adx_rising+volatility,8385,0.60232121,0.58878951,-0.01353170,0.97753408
d1,bear,5,adx_rising+bb,6006,0.60232121,0.58774559,-0.01457562,0.97580092
d1,bear,5,adx_rising+bb_upper,10493,0.60232121,0.60487944,0.00255824,1.00424730
d1,bear,5,adx_rising+body,7832,0.60232121,0.60712462,0.00480341,1.00797483
d1,bear,5,di+di_strong,9899,0.60232121,0.61773917,0.01541796,1.02559757
d1,bear,5,di+volatility,6730,0.60232121,0.58900446,-0.01331675,0.97789095
d1,bear,5,di+bb,8468,0.60232121,0.61100614,0.00868493,1.01441911
d1,bear,5,di+bb_upper,9749,0.60232121,0.61698636,0.01466515,1.02434772
d1,bear,5,di+body,6601,0.60232121,0.61823966,0.01591845,1.02642851
d1,bear,5,di_strong+volatility,9304,0.60232121,0.58544712,-0.01687409,0.97198490
d1,bear,5,di_strong+bb,9749,0.60232121,0.60272848,0.00040728,1.00067618
d1,bear,5,di_strong+bb_upper,12692,0.60232121,0.61054207,0.00822087,1.01364864
d1,bear,5,di_strong+body,8896,0.60232121,0.61207284,0.00975163,1.01619009
d1,bear,5,volatility+bb,7206,0.60232121,0.57299473,-0.02932648,0.95131089
d1,bear,5,volatility+bb_upper,11873,0.60232121,0.58317190,-0.01914930,0.96820749
d1,bear,5,volatility+body,10551,0.60232121,0.57586959,-0.02645162,0.95608386
d1,bear,5,bb+bb_upper,10362,0.60232121,0.59862961,-0.00369160,0.99387105
d1,bear,5,bb+body,6950,0.60232121,0.59741007,-0.00491114,0.99184632
d1,bear,5,bb_upper+body,11375,0.60232121,0.60360440,0.00128319,1.00213041
d1,bear,5,price20+price200+macd,4464,0.60232121,0.57974910,-0.02257210,0.96252481
d1,bear,5,price20+price200+volatility,4340,0.60232121,0.55806452,-0.04425669,0.92652311
d1,bear,5,price20+price200+macd+volatility,3111,0.60232121,0.54869817,-0.05362304,0.91097269
d1,bear,5,price200+macd+volatility,3309,0.60232121,0.55213055,-0.05019065,0.91667128
d1,bear,5,price200+macd+di+volatility,2881,0.60232121,0.55223881,-0.05008240,0.91685101
d1,bear,5,price200+volatility+bb,4203,0.60232121,0.55531763,-0.04700358,0.92196261
d1,bear,5,trend+volatility+body,5741,0.60232121,0.56575509,-0.03656611,0.93929134
d1,bear,5,trend+price20+macd+volatility,3410,0.60232121,0.55953079,-0.04279042,0.92895748
d1,bear,5,macd+di+volatility+bb,4655,0.60232121,0.58796992,-0.01435128,0.97617337
d1,bear,10,trend,11962,0.71484931,0.71116870,-0.00368060,0.99485122
d1,bear,10,price20,10072,0.71484931,0.71276807,-0.00208124,0.99708857
d1,bear,10,price200,8882,0.71484931,0.70704796,-0.00780134,0.98908673
d1,bear,10,ema20_rising,10072,0.71484931,0.71276807,-0.00208124,0.99708857
d1,bear,10,ema200_rising,8882,0.71484931,0.70704796,-0.00780134,0.98908673
d1,bear,10,momentum,8063,0.71484931,0.70966142,-0.00518789,0.99274268
d1,bear,10,rsi55,13479,0.71484931,0.71859930,0.00375000,1.00524586
d1,bear,10,rsi60,16551,0.71484931,0.71995650,0.00510719,1.00714443
d1,bear,10,rsi_lt45,15055,0.71484931,0.71325141,-0.00159789,0.99776471
d1,bear,10,macd,10777,0.71484931,0.71513408,0.00028478,1.00039837
d1,bear,10,macd_rising,10859,0.71484931,0.71967953,0.00483022,1.00675698
d1,bear,10,adx25,13891,0.71484931,0.71089194,-0.00395736,0.99446406
d1,bear,10,adx_rising,11616,0.71484931,0.71616736,0.00131805,1.00184382
d1,bear,10,di,9899,0.71484931,0.72785130,0.01300199,1.01818844
d1,bear,10,di_strong,13238,0.71484931,0.72050159,0.00565228,1.00790696
d1,bear,10,volatility,15586,0.71484931,0.69754908,-0.01730022,0.97579878
d1,bear,10,bb,10362,0.71484931,0.70980506,-0.00504425,0.99294362
d1,bear,10,bb_upper,16713,0.71484931,0.71740561,0.00255631,1.00357601
d1,bear,10,body,14439,0.71484931,0.71313803,-0.00171128,0.99760610
d1,bear,10,trend+price20,6998,0.71484931,0.71120320,-0.00364610,0.99489948
d1,bear,10,trend+price200,8612,0.71484931,0.70808175,-0.00676756,0.99053289
d1,bear,10,trend+ema20_rising,6998,0.71484931,0.71120320,-0.00364610,0.99489948
d1,bear,10,trend+ema200_rising,8612,0.71484931,0.70808175,-0.00676756,0.99053289
d1,bear,10,trend+momentum,5691,0.71484931,0.71411000,-0.00073931,0.99896579
d1,bear,10,trend+rsi55,9028,0.71484931,0.71732388,0.00247458,1.00346168
d1,bear,10,trend+rsi60,10336,0.71484931,0.71855650,0.00370720,1.00518598
d1,bear,10,trend+rsi_lt45,6573,0.71484931,0.70926518,-0.00558413,0.99218838
d1,bear,10,trend+macd,5575,0.71484931,0.71372197,-0.00112733,0.99842298
d1,bear,10,trend+macd_rising,5554,0.71484931,0.71371984,-0.00112946,0.99842000
d1,bear,10,trend+adx25,7968,0.71484931,0.70017570,-0.01467360,0.97947315
d1,bear,10,trend+adx_rising,6299,0.71484931,0.71932053,0.00447122,1.00625478
d1,bear,10,trend+di,6954,0.71484931,0.72246189,0.00761259,1.01064922
d1,bear,10,trend+di_strong,8664,0.71484931,0.71872114,0.00387184,1.00541630
d1,bear,10,trend+volatility,8464,0.71484931,0.69376181,-0.02108749,0.97050079
d1,bear,10,trend+bb,6802,0.71484931,0.71067333,-0.00417597,0.99415825
d1,bear,10,trend+bb_upper,9811,0.71484931,0.71603302,0.00118372,1.00165590
d1,bear,10,trend+body,7961,0.71484931,0.71322698,-0.00162232,0.99773054
d1,bear,10,price20+price200,6289,0.71484931,0.70535856,-0.00949074,0.98672344
d1,bear,10,price20+ema20_rising,10072,0.71484931,0.71276807,-0.00208124,0.99708857
d1,bear,10,price20+ema200_rising,6289,0.71484931,0.70535856,-0.00949074,0.98672344
d1,bear,10,price20+momentum,6794,0.71484931,0.71857521,0.00372591,1.00521216
d1,bear,10,price20+rsi55,10051,0.71484931,0.71375982,-0.00108948,0.99847593
d1,bear,10,price20+rsi60,10056,0.71484931,0.71340493,-0.00144437,0.99797947
d1,bear,10,price20+rsi_lt45,3372,0.71484931,0.70284698,-0.01200233,0.98320999
d1,bear,10,price20+macd,7807,0.71484931,0.71179711,-0.00305220,0.99573029
d1,bear,10,price20+macd_rising,5851,0.71484931,0.72073150,0.00588219,1.00822858
d1,bear,10,price20+adx25,6564,0.71484931,0.69942108,-0.01542822,0.97841752
d1,bear,10,price20+adx_rising,5744,0.71484931,0.70142758,-0.01342173,0.98122439
d1,bear,10,price20+di,8451,0.71484931,0.72287303,0.00802373,1.01122436
d1,bear,10,price20+di_strong,9634,0.71484931,0.71496782,0.00011852,1.00016579
d1,bear,10,price20+volatility,6916,0.71484931,0.69895894,-0.01589037,0.97777102
d1,bear,10,price20+bb,9492,0.71484931,0.71080910,-0.00404020,0.99434818
d1,bear,10,price20+bb_upper,10072,0.71484931,0.71276807,-0.00208124,0.99708857
d1,bear,10,price20+body,6765,0.71484931,0.71249076,-0.00235854,0.99670064
d1,bear,10,price200+ema20_rising,6289,0.71484931,0.70535856,-0.00949074,0.98672344
d1,bear,10,price200+ema200_rising,8882,0.71484931,0.70704796,-0.00780134,0.98908673
d1,bear,10,price200+momentum,5108,0.71484931,0.70790916,-0.00694014,0.99029146
d1,bear,10,price200+rsi55,7659,0.71484931,0.70949210,-0.00535720,0.99250583
d1,bear,10,price200+rsi60,8371,0.71484931,0.71030940,-0.00453990,0.99364915
d1,bear,10,price200+rsi_lt45,3879,0.71484931,0.70817221,-0.00667710,0.99065944
d1,bear,10,price200+macd,4719,0.71484931,0.69993643,-0.01491288,0.97913843
d1,bear,10,price200+macd_rising,4471,0.71484931,0.70722433,-0.00762497,0.98933346
d1,bear,10,price200+adx25,5959,0.71484931,0.68920960,-0.02563971,0.96413271
d1,bear,10,price200+adx_rising,4827,0.71484931,0.71224363,-0.00260568,0.99635493
d1,bear,10,price200+di,6131,0.71484931,0.71342359,-0.00142572,0.99800557
d1,bear,10,price200+di_strong,7363,0.71484931,0.71017248,-0.00467682,0.99345761
d1,bear,10,price200+volatility,6135,0.71484931,0.69144254,-0.02340676,0.96725637
d1,bear,10,price200+bb,6037,0.71484931,0.70316382,-0.01168548,0.98365322
d1,bear,10,price200+bb_upper,7934,0.71484931,0.70771364,-0.00713567,0.99001794
d1,bear,10,price200+body,5910,0.71484931,0.70930626,-0.00554304,0.99224586
d1,bear,10,ema20_rising+ema200_rising,6289,0.71484931,0.70535856,-0.00949074,0.98672344
d1,bear,10,ema20_rising+momentum,6794,0.71484931,0.71857521,0.00372591,1.00521216
d1,bear,10,ema20_rising+rsi55,10051,0.71484931,0.71375982,-0.00108948,0.99847593
d1,bear,10,ema20_rising+rsi60,10056,0.71484931,0.71340493,-0.00144437,0.99797947
d1,bear,10,ema20_rising+rsi_lt45,3372,0.71484931,0.70284698,-0.01200233,0.98320999
d1,bear,10,ema20_rising+macd,7807,0.71484931,0.71179711,-0.00305220,0.99573029
d1,bear,10,ema20_rising+macd_rising,5851,0.71484931,0.72073150,0.00588219,1.00822858
d1,bear,10,ema20_rising+adx25,6564,0.71484931,0.69942108,-0.01542822,0.97841752
d1,bear,10,ema20_rising+adx_rising,5744,0.71484931,0.70142758,-0.01342173,0.98122439
d1,bear,10,ema20_rising+di,8451,0.71484931,0.72287303,0.00802373,1.01122436
d1,bear,10,ema20_rising+di_strong,9634,0.71484931,0.71496782,0.00011852,1.00016579
d1,bear,10,ema20_rising+volatility,6916,0.71484931,0.69895894,-0.01589037,0.97777102
d1,bear,10,ema20_rising+bb,9492,0.71484931,0.71080910,-0.00404020,0.99434818
d1,bear,10,ema20_rising+bb_upper,10072,0.71484931,0.71276807,-0.00208124,0.99708857
d1,bear,10,ema20_rising+body,6765,0.71484931,0.71249076,-0.00235854,0.99670064
d1,bear,10,ema200_rising+momentum,5108,0.71484931,0.70790916,-0.00694014,0.99029146
d1,bear,10,ema200_rising+rsi55,7659,0.71484931,0.70949210,-0.00535720,0.99250583
d1,bear,10,ema200_rising+rsi60,8371,0.71484931,0.71030940,-0.00453990,0.99364915
d1,bear,10,ema200_rising+rsi_lt45,3879,0.71484931,0.70817221,-0.00667710,0.99065944
d1,bear,10,ema200_rising+macd,4719,0.71484931,0.69993643,-0.01491288,0.97913843
d1,bear,10,ema200_rising+macd_rising,4471,0.71484931,0.70722433,-0.00762497,0.98933346
d1,bear,10,ema200_rising+adx25,5959,0.71484931,0.68920960,-0.02563971,0.96413271
d1,bear,10,ema200_rising+adx_rising,4827,0.71484931,0.71224363,-0.00260568,0.99635493
d1,bear,10,ema200_rising+di,6131,0.71484931,0.71342359,-0.00142572,0.99800557
d1,bear,10,ema200_rising+di_strong,7363,0.71484931,0.71017248,-0.00467682,0.99345761
d1,bear,10,ema200_rising+volatility,6135,0.71484931,0.69144254,-0.02340676,0.96725637
d1,bear,10,ema200_rising+bb,6037,0.71484931,0.70316382,-0.01168548,0.98365322
d1,bear,10,ema200_rising+bb_upper,7934,0.71484931,0.70771364,-0.00713567,0.99001794
d1,bear,10,ema200_rising+body,5910,0.71484931,0.70930626,-0.00554304,0.99224586
d1,bear,10,momentum+rsi55,6912,0.71484931,0.71657986,0.00173056,1.00242087
d1,bear,10,momentum+rsi60,6912,0.71484931,0.71657986,0.00173056,1.00242087
d1,bear,10,momentum+rsi_lt45,1319,0.71484931,0.66489765,-0.04995166,0.93012282
d1,bear,10,momentum+macd,5520,0.71484931,0.71702899,0.00217968,1.00304915
d1,bear,10,momentum+macd_rising,4318,0.71484931,0.71723020,0.00238089,1.00333062
d1,bear,10,momentum+adx25,4462,0.71484931,0.69139399,-0.02345531,0.96718845
d1,bear,10,momentum+adx_rising,3121,0.71484931,0.70041653,-0.01443277,0.97981005
d1,bear,10,momentum+di,6511,0.71484931,0.71847642,0.00362712,1.00507396
d1,bear,10,momentum+di_strong,6830,0.71484931,0.71595900,0.00110970,1.00155235
d1,bear,10,momentum+volatility,5424,0.71484931,0.68805310,-0.02679621,0.96251489
d1,bear,10,momentum+bb,6811,0.71484931,0.71428571,-0.00056359,0.99921160
d1,bear,10,momentum+bb_upper,6979,0.71484931,0.71442900,-0.00042030,0.99941204
d1,bear,10,momentum+body,5269,0.71484931,0.70943253,-0.00541678,0.99242249
d1,bear,10,rsi55+rsi60,13479,0.71484931,0.71859930,0.00375000,1.00524586
d1,bear,10,rsi55+rsi_lt45,6735,0.71484931,0.71878248,0.00393317,1.00550210
d1,bear,10,rsi55+macd,9006,0.71484931,0.71574506,0.00089575,1.00125307
d1,bear,10,rsi55+macd_rising,7207,0.71484931,0.72596087,0.01111157,1.01554393
d1,bear,10,rsi55+adx25,9237,0.71484931,0.70758904,-0.00726026,0.98984365
d1,bear,10,rsi55+adx_rising,8575,0.71484931,0.71195335,-0.00289595,0.99594886
d1,bear,10,rsi55+di,9566,0.71484931,0.72715869,0.01230938,1.01721955
d1,bear,10,rsi55+di_strong,11978,0.71484931,0.71881783,0.00396853,1.00555156
d1,bear,10,rsi55+volatility,9459,0.71484931,0.70440850,-0.01044081,0.98539440
d1,bear,10,rsi55+bb,10241,0.71484931,0.71047749,-0.00437181,0.99388429
d1,bear,10,rsi55+bb_upper,13229,0.71484931,0.71789251,0.00304320,1.00425713
d1,bear,10,rsi55+body,9106,0.71484931,0.71776850,0.00291920,1.00408366
d1,bear,10,rsi60+rsi_lt45,9807,0.71484931,0.72101560,0.00616630,1.00862601
d1,bear,10,rsi60+macd,10024,0.71484931,0.71717877,0.00232947,1.00325868
d1,bear,10,rsi60+macd_rising,8667,0.71484931,0.72481828,0.00996897,1.01394556
d1,bear,10,rsi60+adx25,11392,0.71484931,0.71128862,-0.00356068,0.99501898
d1,bear,10,rsi60+adx_rising,10472,0.71484931,0.71657754,0.00172824,1.00241762
d1,bear,10,rsi60+di,9837,0.71484931,0.72847413,0.01362482,1.01905971
d1,bear,10,rsi60+di_strong,12978,0.71484931,0.72083526,0.00598595,1.00837373
d1,bear,10,rsi60+volatility,11750,0.71484931,0.70417021,-0.01067909,0.98506106
d1,bear,10,rsi60+bb,10336,0.71484931,0.71081656,-0.00403274,0.99435861
d1,bear,10,rsi60+bb_upper,15374,0.71484931,0.71861584,0.00376654,1.00526900
d1,bear,10,rsi60+body,11116,0.71484931,0.71959338,0.00474407,1.00663647
d1,bear,10,rsi_lt45+macd,5392,0.71484931,0.71290801,-0.00194129,0.99728433
d1,bear,10,rsi_lt45+macd_rising,7049,0.71484931,0.71839977,0.00355047,1.00496674
d1,bear,10,rsi_lt45+adx25,9877,0.71484931,0.71712058,0.00227128,1.00317728
d1,bear,10,rsi_lt45+adx_rising,8712,0.71484931,0.71935262,0.00450331,1.00629967
d1,bear,10,rsi_lt45+di,3557,0.71484931,0.74051167,0.02566236,1.03589898
d1,bear,10,rsi_lt45+di_strong,6584,0.71484931,0.72311665,0.00826734,1.01156515
d1,bear,10,rsi_lt45+volatility,11112,0.71484931,0.69627430,-0.01857501,0.97401549
d1,bear,10,rsi_lt45+bb,3731,0.71484931,0.69713214,-0.01771717,0.97521552
d1,bear,10,rsi_lt45+bb_upper,9982,0.71484931,0.71699058,0.00214128,1.00299543
d1,bear,10,rsi_lt45+body,9948,0.71484931,0.71079614,-0.00405317,0.99433004
d1,bear,10,macd+macd_rising,5774,0.71484931,0.72532040,0.01047110,1.01464798
d1,bear,10,macd+adx25,6854,0.71484931,0.70557339,-0.00927592,0.98702395
d1,bear,10,macd+adx_rising,6236,0.71484931,0.70718409,-0.00766521,0.98927716
d1,bear,10,macd+di,7179,0.71484931,0.72726006,0.01241076,1.01736136
d1,bear,10,macd+di_strong,8817,0.71484931,0.72065328,0.00580398,1.00811916
d1,bear,10,macd+volatility,7564,0.71484931,0.70174511,-0.01310420,0.98166859
d1,bear,10,macd+bb,8453,0.71484931,0.71288300,-0.00196630,0.99724934
d1,bear,10,macd+bb_upper,10475,0.71484931,0.71589499,0.00104568,1.00146280
d1,bear,10,macd+body,7220,0.71484931,0.71301939,-0.00182991,0.99744014
d1,bear,10,macd_rising+adx25,6768,0.71484931,0.71838061,0.00353131,1.00493994
d1,bear,10,macd_rising+adx_rising,5919,0.71484931,0.72005406,0.00520476,1.00728092
d1,bear,10,macd_rising+di,5107,0.71484931,0.73174075,0.01689144,1.02362938
d1,bear,10,macd_rising+di_strong,6767,0.71484931,0.72410226,0.00925296,1.01294393
d1,bear,10,macd_rising+volatility,7841,0.71484931,0.70488458,-0.00996472,0.98606039
d1,bear,10,macd_rising+bb,5723,0.71484931,0.71675695,0.00190764,1.00266859
d1,bear,10,macd_rising+bb_upper,9455,0.71484931,0.72353252,0.00868322,1.01214692
d1,bear,10,macd_rising+body,7335,0.71484931,0.72051806,0.00566876,1.00793001
d1,bear,10,adx25+adx_rising,7873,0.71484931,0.71345104,-0.00139827,0.99804397
d1,bear,10,adx25+di,6453,0.71484931,0.71610104,0.00125173,1.00175104
d1,bear,10,adx25+di_strong,9252,0.71484931,0.71022482,-0.00462449,0.99353082
d1,bear,10,adx25+volatility,10781,0.71484931,0.69835822,-0.01649108,0.97693069
d1,bear,10,adx25+bb,6790,0.71484931,0.69455081,-0.02029849,0.97160451
d1,bear,10,adx25+bb_upper,10830,0.71484931,0.70821791,-0.00663139,0.99072337
d1,bear,10,adx25+body,9191,0.71484931,0.70862801,-0.00622130,0.99129705
d1,bear,10,adx_rising+di,5583,0.71484931,0.72523733,0.01038802,1.01453177
d1,bear,10,adx_rising+di_strong,8867,0.71484931,0.71501071,0.00016141,1.00022579
d1,bear,10,adx_rising+volatility,8385,0.71484931,0.70518784,-0.00966147,0.98648461
d1,bear,10,adx_rising+bb,6006,0.71484931,0.69730270,-0.01754661,0.97545412
d1,bear,10,adx_rising+bb_upper,10493,0.71484931,0.71314209,-0.00170721,0.99761179
d1,bear,10,adx_rising+body,7832,0.71484931,0.71527068,0.00042138,1.00058947
d1,bear,10,di+di_strong,9899,0.71484931,0.72785130,0.01300199,1.01818844
d1,bear,10,di+volatility,6730,0.71484931,0.71233284,-0.00251647,0.99647972
d1,bear,10,di+bb,8468,0.71484931,0.72094946,0.00610015,1.00853348
d1,bear,10,di+bb_upper,9749,0.71484931,0.72674120,0.01189190,1.01663553
d1,bear,10,di+body,6601,0.71484931,0.72822300,0.01337369,1.01870841
d1,bear,10,di_strong+volatility,9304,0.71484931,0.70582545,-0.00902385,0.98737657
d1,bear,10,di_strong+bb,9749,0.71484931,0.71299620,-0.00185310,0.99740771
d1,bear,10,di_strong+bb_upper,12692,0.71484931,0.71942956,0.00458026,1.00640730
d1,bear,10,di_strong+body,8896,0.71484931,0.71987410,0.00502480,1.00702917
d1,bear,10,volatility+bb,7206,0.71484931,0.69580905,-0.01904026,0.97336466
d1,bear,10,volatility+bb_upper,11873,0.71484931,0.70184452,-0.01300478,0.98180766
d1,bear,10,volatility+body,10551,0.71484931,0.69443655,-0.02041276,0.97144467
d1,bear,10,bb+bb_upper,10362,0.71484931,0.70980506,-0.00504425,0.99294362
d1,bear,10,bb+body,6950,0.71484931,0.70935252,-0.00549679,0.99231057
d1,bear,10,bb_upper+body,11375,0.71484931,0.71595604,0.00110674,1.00154821
d1,bear,10,price20+price200+macd,4464,0.71484931,0.69937276,-0.01547655,0.97834992
d1,bear,10,price20+price200+volatility,4340,0.71484931,0.69285714,-0.02199216,0.96923525
d1,bear,10,price20+price200+macd+volatility,3111,0.71484931,0.68113147,-0.03371784,0.95283225
d1,bear,10,price200+macd+volatility,3309,0.71484931,0.68056815,-0.03428116,0.95204422
d1,bear,10,price200+macd+di+volatility,2881,0.71484931,0.68205484,-0.03279446,0.95412395
d1,bear,10,price200+volatility+bb,4203,0.71484931,0.69045920,-0.02439011,0.96588077
d1,bear,10,trend+volatility+body,5741,0.71484931,0.69500087,-0.01984843,0.97223410
d1,bear,10,trend+price20+macd+volatility,3410,0.71484931,0.69237537,-0.02247394,0.96856129
d1,bear,10,macd+di+volatility+bb,4655,0.71484931,0.70934479,-0.00550451,0.99229976
d1,bear,20,trend,11962,0.79930272,0.80053503,0.00123231,1.00154173
d1,bear,20,price20,10072,0.79930272,0.79686259,-0.00244013,0.99694718
d1,bear,20,price200,8882,0.79930272,0.79835623,-0.00094649,0.99881585
d1,bear,20,ema20_rising,10072,0.79930272,0.79686259,-0.00244013,0.99694718
d1,bear,20,ema200_rising,8882,0.79930272,0.79835623,-0.00094649,0.99881585
d1,bear,20,momentum,8063,0.79930272,0.79548555,-0.00381717,0.99522438
d1,bear,20,rsi55,13479,0.79930272,0.80109800,0.00179528,1.00224606
d1,bear,20,rsi60,16551,0.79930272,0.80381850,0.00451578,1.00564965
d1,bear,20,rsi_lt45,15055,0.79930272,0.79807373,-0.00122899,0.99846242
d1,bear,20,macd,10777,0.79930272,0.79873805,-0.00056467,0.99929355
d1,bear,20,macd_rising,10859,0.79930272,0.80384934,0.00454662,1.00568823
d1,bear,20,adx25,13891,0.79930272,0.79475920,-0.00454352,0.99431564
d1,bear,20,adx_rising,11616,0.79930272,0.79795110,-0.00135162,0.99830900
d1,bear,20,di,9899,0.79930272,0.80765734,0.00835462,1.01045238
d1,bear,20,di_strong,13238,0.79930272,0.80336909,0.00406637,1.00508740
d1,bear,20,volatility,15586,0.79930272,0.78814321,-0.01115951,0.98603844
d1,bear,20,bb,10362,0.79930272,0.79405520,-0.00524752,0.99343488
d1,bear,20,bb_upper,16713,0.79930272,0.80075390,0.00145118,1.00181556
d1,bear,20,body,14439,0.79930272,0.79763141,-0.00167131,0.99790905
d1,bear,20,trend+price20,6998,0.79930272,0.80022864,0.00092592,1.00115841
d1,bear,20,trend+price200,8612,0.79930272,0.79911751,-0.00018521,0.99976829
d1,bear,20,trend+ema20_rising,6998,0.79930272,0.80022864,0.00092592,1.00115841
d1,bear,20,trend+ema200_rising,8612,0.79930272,0.79911751,-0.00018521,0.99976829
d1,bear,20,trend+momentum,5691,0.79930272,0.80231945,0.00301673,1.00377420
d1,bear,20,trend+rsi55,9028,0.79930272,0.80538325,0.00608053,1.00760730
d1,bear,20,trend+rsi60,10336,0.79930272,0.80814628,0.00884356,1.01106410
d1,bear,20,trend+rsi_lt45,6573,0.79930272,0.79841777,-0.00088495,0.99889285
d1,bear,20,trend+macd,5575,0.79930272,0.80197309,0.00267037,1.00334088
d1,bear,20,trend+macd_rising,5554,0.79930272,0.80428520,0.00498248,1.00623353
d1,bear,20,trend+adx25,7968,0.79930272,0.78777610,-0.01152662,0.98557916
d1,bear,20,trend+adx_rising,6299,0.79930272,0.80139705,0.00209433,1.00262019
d1,bear,20,trend+di,6954,0.79930272,0.80471671,0.00541399,1.00677339
d1,bear,20,trend+di_strong,8664,0.79930272,0.80447830,0.00517558,1.00647512
d1,bear,20,trend+volatility,8464,0.79930272,0.78863422,-0.01066850,0.98665274
d1,bear,20,trend+bb,6802,0.79930272,0.79917671,-0.00012601,0.99984235
d1,bear,20,trend+bb_upper,9811,0.79930272,0.80368974,0.00438702,1.00548855
d1,bear,20,trend+body,7961,0.79930272,0.80077880,0.00147608,1.00184670
d1,bear,20,price20+price200,6289,0.79930272,0.79790110,-0.00140162,0.99824644
d1,bear,20,price20+ema20_rising,10072,0.79930272,0.79686259,-0.00244013,0.99694718
d1,bear,20,price20+ema200_rising,6289,0.79930272,0.79790110,-0.00140162,0.99824644
d1,bear,20,price20+momentum,6794,0.79930272,0.80158964,0.00228692,1.00286114
d1,bear,20,price20+rsi55,10051,0.79930272,0.79803005,-0.00127267,0.99840777
d1,bear,20,price20+rsi60,10056,0.79930272,0.79763325,-0.00166947,0.99791135
d1,bear,20,price20+rsi_lt45,3372,0.79930272,0.78825623,-0.01104649,0.98617984
d1,bear,20,price20+macd,7807,0.79930272,0.79569617,-0.00360655,0.99548788
d1,bear,20,price20+macd_rising,5851,0.79930272,0.80584515,0.00654243,1.00818518
d1,bear,20,price20+adx25,6564,0.79930272,0.78290676,-0.01639596,0.97948718
d1,bear,20,price20+adx_rising,5744,0.79930272,0.78655989,-0.01274283,0.98405756
d1,bear,20,price20+di,8451,0.79930272,0.80381020,0.00450748,1.00563926
d1,bear,20,price20+di_strong,9634,0.79930272,0.79862985,-0.00067287,0.99915818
d1,bear,20,price20+volatility,6916,0.79930272,0.78961828,-0.00968444,0.98788388
d1,bear,20,price20+bb,9492,0.79930272,0.79466920,-0.00463353,0.99420304
d1,bear,20,price20+bb_upper,10072,0.79930272,0.79686259,-0.00244013,0.99694718
d1,bear,20,price20+body,6765,0.79930272,0.79600887,-0.00329385,0.99587909
d1,bear,20,price200+ema20_rising,6289,0.79930272,0.79790110,-0.00140162,0.99824644
d1,bear,20,price200+ema200_rising,8882,0.79930272,0.79835623,-0.00094649,0.99881585
d1,bear,20,price200+momentum,5108,0.79930272,0.80050901,0.00120629,1.00150917
d1,bear,20,price200+rsi55,7659,0.79930272,0.80127954,0.00197682,1.00247318
d1,bear,20,price200+rsi60,8371,0.79930272,0.80217417,0.00287145,1.00359245
d1,bear,20,price200+rsi_lt45,3879,0.79930272,0.79685486,-0.00244786,0.99693750
d1,bear,20,price200+macd,4719,0.79930272,0.79338843,-0.00591429,0.99260069
d1,bear,20,price200+macd_rising,4471,0.79930272,0.80004473,0.00074201,1.00092832
d1,bear,20,price200+adx25,5959,0.79930272,0.77764726,-0.02165546,0.97290706
d1,bear,20,price200+adx_rising,4827,0.79930272,0.79656101,-0.00274171,0.99656987
d1,bear,20,price200+di,6131,0.79930272,0.80035883,0.00105611,1.00132129
d1,bear,20,price200+di_strong,7363,0.79930272,0.79994567,0.00064295,1.00080439
d1,bear,20,price200+volatility,6135,0.79930272,0.78924205,-0.01006067,0.98741320
d1,bear,20,price200+bb,6037,0.79930272,0.79509690,-0.00420582,0.99473814
d1,bear,20,price200+bb_upper,7934,0.79930272,0.79821023,-0.00109249,0.99863320
d1,bear,20,price200+body,5910,0.79930272,0.79881557,-0.00048715,0.99939053
d1,bear,20,ema20_rising+ema200_rising,6289,0.79930272,0.79790110,-0.00140162,0.99824644
d1,bear,20,ema20_rising+momentum,6794,0.79930272,0.80158964,0.00228692,1.00286114
d1,bear,20,ema20_rising+rsi55,10051,0.79930272,0.79803005,-0.00127267,0.99840777
d1,bear,20,ema20_rising+rsi60,10056,0.79930272,0.79763325,-0.00166947,0.99791135
d1,bear,20,ema20_rising+rsi_lt45,3372,0.79930272,0.78825623,-0.01104649,0.98617984
d1,bear,20,ema20_rising+macd,7807,0.79930272,0.79569617,-0.00360655,0.99548788
d1,bear,20,ema20_rising+macd_rising,5851,0.79930272,0.80584515,0.00654243,1.00818518
d1,bear,20,ema20_rising+adx25,6564,0.79930272,0.78290676,-0.01639596,0.97948718
d1,bear,20,ema20_rising+adx_rising,5744,0.79930272,0.78655989,-0.01274283,0.98405756
d1,bear,20,ema20_rising+di,8451,0.79930272,0.80381020,0.00450748,1.00563926
d1,bear,20,ema20_rising+di_strong,9634,0.79930272,0.79862985,-0.00067287,0.99915818
d1,bear,20,ema20_rising+volatility,6916,0.79930272,0.78961828,-0.00968444,0.98788388
d1,bear,20,ema20_rising+bb,9492,0.79930272,0.79466920,-0.00463353,0.99420304
d1,bear,20,ema20_rising+bb_upper,10072,0.79930272,0.79686259,-0.00244013,0.99694718
d1,bear,20,ema20_rising+body,6765,0.79930272,0.79600887,-0.00329385,0.99587909
d1,bear,20,ema200_rising+momentum,5108,0.79930272,0.80050901,0.00120629,1.00150917
d1,bear,20,ema200_rising+rsi55,7659,0.79930272,0.80127954,0.00197682,1.00247318
d1,bear,20,ema200_rising+rsi60,8371,0.79930272,0.80217417,0.00287145,1.00359245
d1,bear,20,ema200_rising+rsi_lt45,3879,0.79930272,0.79685486,-0.00244786,0.99693750
d1,bear,20,ema200_rising+macd,4719,0.79930272,0.79338843,-0.00591429,0.99260069
d1,bear,20,ema200_rising+macd_rising,4471,0.79930272,0.80004473,0.00074201,1.00092832
d1,bear,20,ema200_rising+adx25,5959,0.79930272,0.77764726,-0.02165546,0.97290706
d1,bear,20,ema200_rising+adx_rising,4827,0.79930272,0.79656101,-0.00274171,0.99656987
d1,bear,20,ema200_rising+di,6131,0.79930272,0.80035883,0.00105611,1.00132129
d1,bear,20,ema200_rising+di_strong,7363,0.79930272,0.79994567,0.00064295,1.00080439
d1,bear,20,ema200_rising+volatility,6135,0.79930272,0.78924205,-0.01006067,0.98741320
d1,bear,20,ema200_rising+bb,6037,0.79930272,0.79509690,-0.00420582,0.99473814
d1,bear,20,ema200_rising+bb_upper,7934,0.79930272,0.79821023,-0.00109249,0.99863320
d1,bear,20,ema200_rising+body,5910,0.79930272,0.79881557,-0.00048715,0.99939053
d1,bear,20,momentum+rsi55,6912,0.79930272,0.80092593,0.00162321,1.00203078
d1,bear,20,momentum+rsi60,6912,0.79930272,0.80092593,0.00162321,1.00203078
d1,bear,20,momentum+rsi_lt45,1319,0.79930272,0.76194086,-0.03736186,0.95325694
d1,bear,20,momentum+macd,5520,0.79930272,0.80163043,0.00232771,1.00291218
d1,bear,20,momentum+macd_rising,4318,0.79930272,0.80222325,0.00292053,1.00365385
d1,bear,20,momentum+adx25,4462,0.79930272,0.77521291,-0.02408981,0.96986147
d1,bear,20,momentum+adx_rising,3121,0.79930272,0.78468440,-0.01461832,0.98171115
d1,bear,20,momentum+di,6511,0.79930272,0.79972354,0.00042082,1.00052649
d1,bear,20,momentum+di_strong,6830,0.79930272,0.79970717,0.00040445,1.00050601
d1,bear,20,momentum+volatility,5424,0.79930272,0.78595133,-0.01335139,0.98329620
d1,bear,20,momentum+bb,6811,0.79930272,0.79826751,-0.00103521,0.99870486
d1,bear,20,momentum+bb_upper,6979,0.79930272,0.79868176,-0.00062096,0.99922312
d1,bear,20,momentum+body,5269,0.79930272,0.79597647,-0.00332625,0.99583856
d1,bear,20,rsi55+rsi60,13479,0.79930272,0.80109800,0.00179528,1.00224606
d1,bear,20,rsi55+rsi_lt45,6735,0.79930272,0.80014848,0.00084576,1.00105812
d1,bear,20,rsi55+macd,9006,0.79930272,0.79691317,-0.00238955,0.99701046
d1,bear,20,rsi55+macd_rising,7207,0.79930272,0.80796448,0.00866176,1.01083664
d1,bear,20,rsi55+adx25,9237,0.79930272,0.78943380,-0.00986892,0.98765309
d1,bear,20,rsi55+adx_rising,8575,0.79930272,0.79393586,-0.00536686,0.99328557
d1,bear,20,rsi55+di,9566,0.79930272,0.80723395,0.00793123,1.00992269
d1,bear,20,rsi55+di_strong,11978,0.79930272,0.80113541,0.00183269,1.00229287
d1,bear,20,rsi55+volatility,9459,0.79930272,0.79289565,-0.00640707,0.99198418
d1,bear,20,rsi55+bb,10241,0.79930272,0.79474661,-0.00455611,0.99429989
d1,bear,20,rsi55+bb_upper,13229,0.79930272,0.79953133,0.00022861,1.00028601
d1,bear,20,rsi55+body,9106,0.79930272,0.80013178,0.00082906,1.00103723
d1,bear,20,rsi60+rsi_lt45,9807,0.79930272,0.80503722,0.00573450,1.00717438
d1,bear,20,rsi60+macd,10024,0.79930272,0.79758579,-0.00171693,0.99785197
d1,bear,20,rsi60+macd_rising,8667,0.79930272,0.80858429,0.00928156,1.01161208
d1,bear,20,rsi60+adx25,11392,0.79930272,0.79564607,-0.00365665,0.99542520
d1,bear,20,rsi60+adx_rising,10472,0.79930272,0.79726891,-0.00203381,0.99745552
d1,bear,20,rsi60+di,9837,0.79930272,0.80827488,0.00897216,1.01122498
d1,bear,20,rsi60+di_strong,12978,0.79930272,0.80328248,0.00397976,1.00497904
d1,bear,20,rsi60+volatility,11750,0.79930272,0.79463830,-0.00466442,0.99416439
d1,bear,20,rsi60+bb,10336,0.79930272,0.79527864,-0.00402408,0.99496551
d1,bear,20,rsi60+bb_upper,15374,0.79930272,0.80102771,0.00172499,1.00215812
d1,bear,20,rsi60+body,11116,0.79930272,0.80289673,0.00359401,1.00449643
d1,bear,20,rsi_lt45+macd,5392,0.79930272,0.79432493,-0.00497779,0.99377233
d1,bear,20,rsi_lt45+macd_rising,7049,0.79930272,0.80280891,0.00350619,1.00438656
d1,bear,20,rsi_lt45+adx25,9877,0.79930272,0.80226790,0.00296517,1.00370970
d1,bear,20,rsi_lt45+adx_rising,8712,0.79930272,0.80061983,0.00131711,1.00164783
d1,bear,20,rsi_lt45+di,3557,0.79930272,0.81894855,0.01964583,1.02457871
d1,bear,20,rsi_lt45+di_strong,6584,0.79930272,0.80558931,0.00628659,1.00786509
d1,bear,20,rsi_lt45+volatility,11112,0.79930272,0.78527718,-0.01402554,0.98245278
d1,bear,20,rsi_lt45+bb,3731,0.79930272,0.78290003,-0.01640269,0.97947875
d1,bear,20,rsi_lt45+bb_upper,9982,0.79930272,0.80014025,0.00083753,1.00104783
d1,bear,20,rsi_lt45+body,9948,0.79930272,0.79533575,-0.00396697,0.99503696
d1,bear,20,macd+macd_rising,5774,0.79930272,0.80689297,0.00759025,1.00949609
d1,bear,20,macd+adx25,6854,0.79930272,0.78800700,-0.01129572,0.98586804
d1,bear,20,macd+adx_rising,6236,0.79930272,0.78768441,-0.01161831,0.98546445
d1,bear,20,macd+di,7179,0.79930272,0.80860844,0.00930572,1.01164230
d1,bear,20,macd+di_strong,8817,0.79930272,0.80220029,0.00289757,1.00362513
d1,bear,20,macd+volatility,7564,0.79930272,0.79230566,-0.00699706,0.99124604
d1,bear,20,macd+bb,8453,0.79930272,0.79628534,-0.00301738,0.99622499
d1,bear,20,macd+bb_upper,10475,0.79930272,0.79799523,-0.00130749,0.99836421
d1,bear,20,macd+body,7220,0.79930272,0.79833795,-0.00096477,0.99879299
d1,bear,20,macd_rising+adx25,6768,0.79930272,0.80319149,0.00388877,1.00486520
d1,bear,20,macd_rising+adx_rising,5919,0.79930272,0.80368305,0.00438033,1.00548019
d1,bear,20,macd_rising+di,5107,0.79930272,0.81182690,0.01252418,1.01566889
d1,bear,20,macd_rising+di_strong,6767,0.79930272,0.80626570,0.00696298,1.00871132
d1,bear,20,macd_rising+volatility,7841,0.79930272,0.79645453,-0.00284819,0.99643666
d1,bear,20,macd_rising+bb,5723,0.79930272,0.80220164,0.00289892,1.00362681
d1,bear,20,macd_rising+bb_upper,9455,0.79930272,0.80719196,0.00788924,1.00987015
d1,bear,20,macd_rising+body,7335,0.79930272,0.80299932,0.00369660,1.00462478
d1,bear,20,adx25+adx_rising,7873,0.79930272,0.79740887,-0.00189385,0.99763062
d1,bear,20,adx25+di,6453,0.79930272,0.79203471,-0.00726801,0.99090706
d1,bear,20,adx25+di_strong,9252,0.79930272,0.79161262,-0.00769010,0.99037899
d1,bear,20,adx25+volatility,10781,0.79930272,0.78629070,-0.01301202,0.98372078
d1,bear,20,adx25+bb,6790,0.79930272,0.77849779,-0.02080493,0.97397115
d1,bear,20,adx25+bb_upper,10830,0.79930272,0.79048938,-0.00881334,0.98897372
d1,bear,20,adx25+body,9191,0.79930272,0.79229681,-0.00700591,0.99123498
d1,bear,20,adx_rising+di,5583,0.79930272,0.80386889,0.00456617,1.00571269
d1,bear,20,adx_rising+di_strong,8867,0.79930272,0.79869178,-0.00061094,0.99923566
d1,bear,20,adx_rising+volatility,8385,0.79930272,0.79022063,-0.00908209,0.98863749
d1,bear,20,adx_rising+bb,6006,0.79930272,0.78305028,-0.01625244,0.97966673
d1,bear,20,adx_rising+bb_upper,10493,0.79930272,0.79386258,-0.00544015,0.99319389
d1,bear,20,adx_rising+body,7832,0.79930272,0.79519918,-0.00410354,0.99486610
d1,bear,20,di+di_strong,9899,0.79930272,0.80765734,0.00835462,1.01045238
d1,bear,20,di+volatility,6730,0.79930272,0.79791976,-0.00138296,0.99826979
d1,bear,20,di+bb,8468,0.79930272,0.80314124,0.00383852,1.00480233
d1,bear,20,di+bb_upper,9749,0.79930272,0.80644169,0.00713897,1.00893149
d1,bear,20,di+body,6601,0.79930272,0.80790789,0.00860517,1.01076585
d1,bear,20,di_strong+volatility,9304,0.79930272,0.79449699,-0.00480573,0.99398760
d1,bear,20,di_strong+bb,9749,0.79930272,0.79741512,-0.00188760,0.99763844
d1,bear,20,di_strong+bb_upper,12692,0.79930272,0.80113457,0.00183185,1.00229181
d1,bear,20,di_strong+body,8896,0.79930272,0.80227068,0.00296796,1.00371319
d1,bear,20,volatility+bb,7206,0.79930272,0.78615043,-0.01315229,0.98354530
d1,bear,20,volatility+bb_upper,11873,0.79930272,0.79162806,-0.00767466,0.99039831
d1,bear,20,volatility+body,10551,0.79930272,0.78485452,-0.01444820,0.98192399
d1,bear,20,bb+bb_upper,10362,0.79930272,0.79405520,-0.00524752,0.99343488
d1,bear,20,bb+body,6950,0.79930272,0.79280576,-0.00649696,0.99187171
d1,bear,20,bb_upper+body,11375,0.79930272,0.79938462,0.00008190,1.00010246
d1,bear,20,price20+price200+macd,4464,0.79930272,0.79502688,-0.00427584,0.99465054
d1,bear,20,price20+price200+volatility,4340,0.79930272,0.79193548,-0.00736724,0.99078292
d1,bear,20,price20+price200+macd+volatility,3111,0.79930272,0.78592093,-0.01338179,0.98325816
d1,bear,20,price200+macd+volatility,3309,0.79930272,0.78331822,-0.01598450,0.98000195
d1,bear,20,price200+macd+di+volatility,2881,0.79930272,0.78479695,-0.01450577,0.98185196
d1,bear,20,price200+volatility+bb,4203,0.79930272,0.78896027,-0.01034245,0.98706065
d1,bear,20,trend+volatility+body,5741,0.79930272,0.78697091,-0.01233181,0.98457179
d1,bear,20,trend+price20+macd+volatility,3410,0.79930272,0.79149560,-0.00780712,0.99023259
d1,bear,20,macd+di+volatility+bb,4655,0.79930272,0.80021482,0.00091210,1.00114112
