timeframe,direction,horizon_bars,feature,disc_true_n,disc_false_n,disc_true_hit,disc_false_hit,disc_diff,disc_true_false_ratio,val_true_n,val_false_n,val_true_hit,val_false_hit,val_diff,val_true_false_ratio,oos_true_n,oos_false_n,oos_true_hit,oos_false_hit,oos_diff,oos_true_false_ratio,oos_base_lift
h4,bear,1,pin_bear,869,78590,0.15880322,0.05302201,0.10578121,2.99504325,262,19314,0.16030534,0.05721238,0.10309296,2.80193430,146,13845,0.17123288,0.04189238,0.12934050,4.08744686,3.95986641
h4,bear,1,superbb_bear,336,79123,0.14880952,0.05377703,0.09503249,2.76715769,78,19498,,,,,81,13910,,,,,2.56951331
h4,bull,1,horizontal_support_near,4165,75294,0.06026411,0.04927351,0.01099059,1.22305271,799,18777,0.08135169,0.05086009,0.03049159,1.59951903,564,13427,0.07446809,0.03001415,0.04445393,2.48109920,2.34131006
h4,bear,3,pin_bear,869,78590,0.33601841,0.16337956,0.17263885,2.05667344,262,19314,0.39694656,0.16873770,0.22820886,2.35244736,146,13845,0.30821918,0.13261105,0.17560813,2.32423449,2.29255424
h4,bear,1,horizontal_break_down,2555,76904,0.09510763,0.05281910,0.04228853,1.80062958,496,19080,0.08669355,0.05786164,0.02883191,1.49829067,376,13615,0.09840426,0.04171869,0.05668556,2.35875693,2.27565940
h4,bull,1,superbb_bull,361,79098,0.08864266,0.04967256,0.03897010,1.78453985,80,19496,,,,,59,13932,,,,,2.13155589
d1,bear,1,superbb_bear,48,15269,,,,,12,3744,,,,,12,2714,,,,,1.96851531
h4,bear,1,channel_breakout_down,4118,75341,0.08256435,0.05262739,0.02993696,1.56884762,896,18680,0.06919643,0.05808351,0.01111292,1.19132653,640,13351,0.08437500,0.04127032,0.04310468,2.04444760,1.95122417
h4,bear,1,breakout_down20,4118,75341,0.08256435,0.05262739,0.02993696,1.56884762,896,18680,0.06919643,0.05808351,0.01111292,1.19132653,640,13351,0.08437500,0.04127032,0.04310468,2.04444760,1.95122417
h4,bear,6,pin_bear,869,78590,0.47986191,0.28674132,0.19312059,1.67350111,262,19314,0.51526718,0.27513721,0.24012997,1.87276444,146,13845,0.45890411,0.23365836,0.22524575,1.96399610,1.94443592
h4,bear,1,retest_down,4115,75344,0.08262454,0.05262529,0.02999925,1.57005389,889,18687,0.06749156,0.05816878,0.00932278,1.16027125,632,13359,0.08386076,0.04132046,0.04254030,2.02952153,1.93933204
h4,bear,1,horizontal_support_near,4165,75294,0.07779112,0.05287274,0.02491838,1.47128971,799,18777,0.07759700,0.05778346,0.01981354,1.34289290,564,13427,0.08333333,0.04155805,0.04177528,2.00522700,1.92713499
h4,bull,3,pin_bull,1349,78110,0.33061527,0.15759826,0.17301701,2.09783581,387,19189,0.31524548,0.16134244,0.15390304,1.95389066,278,13713,0.21942446,0.11850069,0.10092377,1.85167239,1.82085862
d1,bear,3,superbb_bear,48,15269,,,,,12,3744,,,,,12,2714,,,,,1.81895018
d1,bull,3,superbb_bull,34,15283,,,,,8,3748,,,,,5,2721,,,,,1.81430948
h4,bear,3,superbb_bear,336,79123,0.24107143,0.16494572,0.07612571,1.46151978,78,19498,,,,,81,13910,,,,,1.74473126
h4,bull,6,pin_bull,1349,78110,0.48554485,0.28911791,0.19642694,1.67940079,387,19189,0.44444444,0.28005628,0.16438816,1.58698259,278,13713,0.39928058,0.22693794,0.17234263,1.75942626,1.73327165
d1,bull,1,pin_bull,433,14884,0.44572748,0.24811879,0.19760870,1.79642780,113,3643,0.45132743,0.24430414,0.20702329,1.84739982,89,2637,,,,,1.70794871
h4,bear,1,inside_2,1938,77521,0.02786378,0.05483675,-0.02697298,0.50812229,318,19258,0.01886792,0.05924810,-0.04038018,0.31845617,234,13757,0.07264957,0.04274188,0.02990770,1.69972818,1.68006640
h4,bear,12,pin_bear,869,78590,0.59493671,0.42752259,0.16741412,1.39159130,262,19314,0.60305344,0.40566428,0.19738915,1.48658252,146,13845,0.59589041,0.36366919,0.23222122,1.63855069,1.62770456
h4,bear,1,ll20,8702,70757,0.07124799,0.05207965,0.01916834,1.36805806,2058,17518,0.07434402,0.05674164,0.01760239,1.31021992,1322,12669,0.06959153,0.04049254,0.02909899,1.71862586,1.60934722
h4,bear,1,elliott_wave5_bear,4544,74915,0.07372359,0.05299339,0.02073020,1.39118460,1004,18572,0.06872510,0.05804437,0.01068073,1.18400979,694,13297,0.06916427,0.04188915,0.02727512,1.65112609,1.59946650
h4,bear,1,elliott_wave3_bear,4367,75092,0.07373483,0.05304160,0.02069323,1.39013201,964,18612,0.08506224,0.05722115,0.02784109,1.48655251,682,13309,0.06891496,0.04192652,0.02698844,1.64370815,1.59370107
h4,bull,1,pin_bull,1349,78110,0.12601927,0.04853412,0.07748515,2.59650896,387,19189,0.11369509,0.05086247,0.06283262,2.23534333,278,13713,0.05035971,0.03143003,0.01892968,1.60228012,1.58333199
h4,bull,3,vertical_week_open,2497,76962,0.21105326,0.15889660,0.05215667,1.32824281,624,18952,0.23878205,0.16193542,0.07684664,1.47455114,444,13547,0.18693694,0.11832878,0.06860816,1.57980954,1.55126612
h4,bear,1,bb_lower,15951,63508,0.06413391,0.05167853,0.01245538,1.24101656,3886,15690,0.06973752,0.05583174,0.01390578,1.24906584,2575,11416,0.06679612,0.03792922,0.02886689,1.76107267,1.54470160
d1,bear,5,superbb_bear,48,15269,,,,,12,3744,,,,,12,2714,,,,,1.50663228
h4,bear,3,horizontal_break_down,2555,76904,0.21330724,0.16367159,0.04963565,1.30326369,496,19080,0.18951613,0.17133124,0.01818489,1.10613880,376,13615,0.19946809,0.13264781,0.06682027,1.50374196,1.48365655
d1,bull,3,pin_bull,433,14884,0.69284065,0.49287826,0.19996239,1.40570341,113,3643,0.71681416,0.47680483,0.24000933,1.50337017,89,2637,,,,,1.47794874
h4,bull,12,pin_bull,1349,78110,0.61823573,0.43985405,0.17838168,1.40554743,387,19189,0.58397933,0.42185627,0.16212306,1.38430875,278,13713,0.56115108,0.37759790,0.18355318,1.48610752,1.47189065
d1,bull,10,superbb_bull,34,15283,,,,,8,3748,,,,,5,2721,,,,,1.46401719
h4,bear,3,inside_2,1938,77521,0.14189886,0.16585183,-0.02395297,0.85557610,318,19258,0.16352201,0.17192855,-0.00840654,0.95110448,234,13757,0.19658120,0.13338664,0.06319456,1.47376977,1.46218369
h4,bear,1,dmi_adx_strong_bear,19842,59617,0.06057857,0.05204891,0.00852966,1.16387775,4783,14793,0.06544010,0.05637802,0.00906208,1.16073790,3771,10220,0.06311323,0.03590998,0.02720325,1.75754015,1.45953262
h4,bear,1,dmi_adx_bear,18828,60631,0.06458466,0.05094754,0.01363713,1.26766999,4222,15354,0.06489815,0.05685815,0.00804000,1.14140462,3730,10261,0.06300268,0.03605886,0.02694382,1.74721759,1.45697605
h4,bear,1,elliott_impulse_bear,6002,73457,0.07080973,0.05282002,0.01798971,1.34058514,1360,18216,0.07867647,0.05709267,0.02158380,1.37804864,921,13070,0.06297503,0.04185157,0.02112346,1.50472323,1.45633654
d1,bear,1,inside_2,308,15009,0.16558442,0.25451396,-0.08892954,0.65059071,83,3673,,,,,52,2674,,,,,1.45367284
h4,bear,1,rci_strong_bear,10361,69098,0.06119100,0.05312744,0.00806356,1.15177773,2282,17294,0.06091148,0.05828611,0.00262537,1.04504281,1554,12437,0.06241956,0.04084586,0.02157370,1.52817342,1.44349107
d1,bull,3,inside_2,308,15009,0.54870130,0.49750150,0.05119980,1.10291386,83,3673,,,,,52,2674,,,,,1.43923589
d1,bull,5,superbb_bull,34,15283,,,,,8,3748,,,,,5,2721,,,,,1.41426719
h4,bear,6,superbb_bear,336,79123,0.35416667,0.28857601,0.06559065,1.22729073,78,19498,,,,,81,13910,,,,,1.41237634
h4,bull,6,inside_2,1938,77521,0.31475748,0.29189510,0.02286238,1.07832397,318,19258,0.30817610,0.28289542,0.02528068,1.08936405,234,13757,0.32478632,0.22875627,0.09603006,1.41979201,1.40989310
h4,bear,1,channel_lower,16810,62649,0.05925045,0.05281808,0.00643236,1.12178338,3796,15780,0.06902002,0.05608365,0.01293637,1.23066207,2449,11542,0.06084116,0.03950788,0.02133328,1.53997514,1.40698953
d1,bear,1,rci_cross_down,542,14775,0.23247232,0.25346870,-0.02099637,0.91716384,152,3604,0.25000000,0.25443951,-0.00443951,0.98255180,111,2615,0.29729730,0.20803059,0.08926670,1.42910374,1.40456227
h4,bear,3,channel_breakout_down,4118,75341,0.19645459,0.16356300,0.03289159,1.20109431,896,18680,0.17299107,0.17173448,0.00125660,1.00731709,640,13351,0.18750000,0.13190023,0.05559977,1.42152896,1.39463716
h4,bear,3,breakout_down20,4118,75341,0.19645459,0.16356300,0.03289159,1.20109431,896,18680,0.17299107,0.17173448,0.00125660,1.00731709,640,13351,0.18750000,0.13190023,0.05559977,1.42152896,1.39463716
h4,bull,24,triangle_breakout_up,325,79134,0.64615385,0.58982233,0.05633152,1.09550591,54,19522,,,,,40,13951,,,,,1.39426654
d1,bear,1,pin_bear,321,14996,0.38629283,0.24986663,0.13642620,1.54599609,63,3693,,,,,34,2692,,,,,1.38954022
h4,bear,3,retest_down,4115,75344,0.19659781,0.16355649,0.03304133,1.20201782,889,18687,0.17097863,0.17183068,-0.00085206,0.99504130,632,13359,0.18670886,0.13197096,0.05473790,1.41477236,1.38875262
h4,bear,24,pin_bear,869,78590,0.70080552,0.57007253,0.13073300,1.22932695,262,19314,0.71755725,0.53406855,0.18348870,1.34356769,146,13845,0.68493151,0.49302997,0.19190153,1.38922894,1.38360911
h4,bull,1,range_tight,4165,75294,0.04609844,0.05005711,-0.00395867,0.92091693,1420,18156,0.04647887,0.05254461,-0.00606574,0.88456019,879,13112,0.04323094,0.03104027,0.01219068,1.39273745,1.35920032
d1,bear,3,pin_bear,321,14996,0.63551402,0.47232595,0.16318807,1.34549883,63,3693,,,,,34,2692,,,,,1.35529621
h4,bull,3,horizontal_support_near,4165,75294,0.16182473,0.16046431,0.00136042,1.00847800,799,18777,0.19148936,0.16323161,0.02825775,1.17311444,564,13427,0.16312057,0.11871602,0.04440455,1.37404006,1.35362981
h4,bull,3,vertical_day_open,12868,66591,0.22272303,0.14851857,0.07420447,1.49963089,3166,16410,0.21446620,0.15472273,0.05974347,1.38613249,2258,11733,0.16297609,0.11233274,0.05064335,1.45083339,1.35243085
d1,bear,1,range_tight,870,14447,0.21149425,0.25520869,-0.04371444,0.82871100,327,3429,0.21712538,0.25780111,-0.04067573,0.84222052,172,2554,0.28488372,0.20673453,0.07814919,1.37801709,1.34591512
h4,bear,1,superbb_expand,18448,61011,0.06358413,0.05133501,0.01224912,1.23861151,4476,15100,0.06009830,0.05814570,0.00195261,1.03358128,3307,10684,0.05805866,0.03865593,0.01940273,1.50193404,1.34264258
h4,bull,24,pin_bull,1349,78110,0.74128984,0.58744079,0.15384906,1.26189713,387,19189,0.69767442,0.57433947,0.12333495,1.21474226,278,13713,0.71942446,0.53423758,0.18518688,1.34663768,1.33742594
h4,bull,3,range_tight,4165,75294,0.14909964,0.16116822,-0.01206858,0.92511811,1420,18156,0.15563380,0.16506940,-0.00943560,0.94283861,879,13112,0.16040956,0.11783099,0.04257856,1.36135282,1.33113292
h4,bull,3,stoch_recover_up,4858,74601,0.15376698,0.16097639,-0.00720941,0.95521448,1248,18328,0.17067308,0.16395679,0.00671629,1.04096378,794,13197,0.15994962,0.11813291,0.04181671,1.35398022,1.32731623
h4,bull,6,squeeze_release_up,659,78800,0.31107739,0.29229695,0.01878044,1.06425122,154,19422,0.24675325,0.28359592,-0.03684268,0.87008743,112,13879,0.30357143,0.22977160,0.07379983,1.32118779,1.31779952
h4,bull,6,range_tight,4165,75294,0.28307323,0.29297155,-0.00989832,0.96621405,1420,18156,0.26478873,0.28475435,-0.01996562,0.92988476,879,13112,0.30261661,0.22551861,0.07709800,1.34186980,1.31365467
h4,bull,12,triangle_breakout_up,325,79134,0.48923077,0.44269214,0.04653863,1.10512639,54,19522,,,,,40,13951,,,,,1.31149231
d1,bull,5,pin_bull,433,14884,0.76905312,0.60427304,0.16478007,1.27269142,113,3643,0.79646018,0.59593741,0.20052276,1.33648292,89,2637,,,,,1.31097801
d1,bull,1,vertical_week_open,2508,12809,0.29665072,0.24529628,0.05135444,1.20935679,624,3132,0.28525641,0.24361430,0.04164211,1.17093457,444,2282,0.25675676,0.18580193,0.07095483,1.38188424,1.30096453
d1,bull,20,superbb_bull,34,15283,,,,,8,3748,,,,,5,2721,,,,,1.29562738
h4,bull,1,elliott_wave5_bull,5615,73844,0.06001781,0.04907643,0.01094138,1.22294567,1274,18302,0.06200942,0.05141515,0.01059427,1.20605355,1044,12947,0.04118774,0.03104966,0.01013808,1.32651160,1.29496104
d1,bull,5,inside_2,308,15009,0.65259740,0.60803518,0.04456222,1.07328889,83,3673,,,,,52,2674,,,,,1.29187868
h4,bear,3,squeeze_release_down,427,79032,0.15690867,0.16531278,-0.00840412,0.94916231,121,19455,0.19008264,0.17167823,0.01840441,1.10720295,58,13933,,,,,1.28242498
d1,bear,20,superbb_bear,48,15269,,,,,12,3744,,,,,12,2714,,,,,1.26908752
h4,bear,3,elliott_wave5_bear,4544,74915,0.18551937,0.16403924,0.02148012,1.13094502,1004,18572,0.17231076,0.17176395,0.00054681,1.00318350,694,13297,0.17002882,0.13258630,0.03744252,1.28240113,1.26468538
h4,bull,12,squeeze_release_up,659,78800,0.48861912,0.44250000,0.04611912,1.10422400,154,19422,0.40909091,0.42518793,-0.01609702,0.96214139,112,13879,0.48214286,0.38043087,0.10171199,1.26735998,1.26465330
d1,bull,3,horizontal_support_near,752,14565,0.49734043,0.49859252,-0.00125209,0.99748875,133,3623,0.55639098,0.48136903,0.07502195,1.15585121,99,2627,,,,,1.25993714
d1,bull,3,nr7,1550,13767,0.52451613,0.49560543,0.02891070,1.05833410,364,3392,0.50824176,0.48142689,0.02681487,1.05569874,314,2412,0.55414013,0.42620232,0.12793781,1.30018092,1.25672711
h4,bear,3,elliott_wave3_bear,4367,75092,0.17013968,0.16498429,0.00515540,1.03124781,964,18612,0.19605809,0.17053514,0.02552295,1.14966389,682,13309,0.16862170,0.13269216,0.03592954,1.27077362,1.25421915
d1,bear,1,horizontal_resistance_near,1032,14285,0.31782946,0.24802240,0.06980706,1.28145464,309,3447,0.26860841,0.25297360,0.01563481,1.06180413,196,2530,0.26530612,0.20750988,0.05779624,1.27852284,1.25342199
h4,bear,3,horizontal_support_near,4165,75294,0.19111645,0.16383776,0.02727869,1.16649819,799,18777,0.17897372,0.17148639,0.00748732,1.04366133,564,13427,0.16843972,0.13301557,0.03542415,1.26631583,1.25286553
h4,bear,3,dmi_adx_strong_bear,19842,59617,0.16742264,0.16455038,0.00287226,1.01745519,4783,14793,0.17185867,0.17177043,0.00008823,1.00051367,3771,10220,0.16839035,0.12191781,0.04647254,1.38117925,1.25249833
h4,bear,6,inside_2,1938,77521,0.28689370,0.28890236,-0.00200866,0.99304728,318,19258,0.26729560,0.27853360,-0.01123800,0.95965299,234,13757,0.29487179,0.23500763,0.05986416,1.25473284,1.24940984
d1,bull,1,fib_time_13,1187,14130,0.26200505,0.25300778,0.00899727,1.03556124,289,3467,0.21453287,0.25353331,-0.03900044,0.84617232,207,2519,0.24637681,0.19333069,0.05304612,1.27438026,1.24837024
h4,bear,3,dmi_adx_bear,18828,60631,0.17362439,0.16267256,0.01095183,1.06732438,4222,15354,0.17574609,0.17070470,0.00504139,1.02953281,3730,10261,0.16782842,0.12230777,0.04552065,1.37218119,1.24831866
h4,bull,3,triangle_breakout_up,325,79134,0.25538462,0.16014608,0.09523853,1.59469787,54,19522,,,,,40,13951,,,,,1.24475089
d1,bear,5,pin_bear,321,14996,0.70716511,0.57955455,0.12761056,1.22018732,63,3693,,,,,34,2692,,,,,1.24075599
h4,bear,6,horizontal_break_down,2555,76904,0.32994129,0.28748830,0.04245299,1.14766860,496,19080,0.28024194,0.27830189,0.00194005,1.00697102,376,13615,0.29255319,0.23444730,0.05810589,1.24784201,1.23958562
d1,bear,1,elliott_wave2_bear,1508,13809,0.27254642,0.25056123,0.02198519,1.08774379,386,3370,0.31088083,0.24777448,0.06310635,1.25469269,263,2463,0.26235741,0.20625254,0.05610488,1.27202030,1.23949101
h4,bear,3,ll20,8702,70757,0.17777522,0.16372938,0.01404584,1.08578693,2058,17518,0.17055394,0.17193744,-0.00138350,0.99195347,1322,12669,0.16565809,0.13118636,0.03447173,1.26276919,1.23217565
h4,bear,1,sma20_bear,38151,41308,0.05703651,0.05153965,0.00549686,1.10665302,9223,10353,0.06678955,0.05128948,0.01550007,1.30220751,6313,7678,0.05322351,0.03503517,0.01818834,1.51914531,1.23082659
h4,bear,1,bb_bear,38151,41308,0.05703651,0.05153965,0.00549686,1.10665302,9223,10353,0.06678955,0.05128948,0.01550007,1.30220751,6313,7678,0.05322351,0.03503517,0.01818834,1.51914531,1.23082659
d1,bull,3,ellipse_compression,440,14877,0.54772727,0.49707602,0.05065125,1.10189840,101,3655,0.53465347,0.48262654,0.05202693,1.10779956,98,2628,,,,,1.22651024
h4,bear,1,span_model_bear,25292,54167,0.05669777,0.05300275,0.00369502,1.06971373,5597,13979,0.06181883,0.05730024,0.00451860,1.07885823,3943,10048,0.05249810,0.03960987,0.01288823,1.32537911,1.21405105
h4,bear,12,superbb_bear,336,79123,0.47619048,0.42915461,0.04703587,1.10960122,78,19498,,,,,81,13910,,,,,1.21402230
h4,bear,3,elliott_impulse_bear,6002,73457,0.17827391,0.16420491,0.01406900,1.08567953,1360,18216,0.18382353,0.17089372,0.01292981,1.07565995,921,13070,0.16286645,0.13244070,0.03042575,1.22973108,1.21141121
h4,bear,1,sma50_bear,37893,41566,0.05742485,0.05121975,0.00620511,1.12114678,8843,10733,0.06468393,0.05357309,0.01111084,1.20739588,6147,7844,0.05238328,0.03607853,0.01630475,1.45192375,1.21139574
d1,bear,1,elliott_wave3_bear,888,14429,0.24436937,0.25324000,-0.00887063,0.96497144,162,3594,0.24691358,0.25459098,-0.00767740,0.96984416,117,2609,0.25641026,0.20965887,0.04675138,1.22298786,1.21139404
d1,bull,1,elliott_wave2_bull,1498,13819,0.25033378,0.25407048,-0.00373670,0.98529265,364,3392,0.25000000,0.25058962,-0.00058962,0.99764706,293,2433,0.23890785,0.19235512,0.04655273,1.24201453,1.21052565
d1,bear,10,superbb_bear,48,15269,,,,,12,3744,,,,,12,2714,,,,,1.21047957
d1,bull,1,nr7,1550,13767,0.21354839,0.25822619,-0.04467781,0.82698190,364,3392,0.24175824,0.25147406,-0.00971581,0.96136454,314,2412,0.23885350,0.19195688,0.04689662,1.24430810,1.21025028
d1,bull,10,ellipse_compression,440,14877,0.75454545,0.71466021,0.03988524,1.05581008,101,3655,0.78217822,0.73269494,0.04948328,1.06753599,98,2628,,,,,1.21005502
h4,bull,1,elliott_impulse_bull,7054,72405,0.05911540,0.04894690,0.01016850,1.20774555,1643,17933,0.06086427,0.05130207,0.00956220,1.18639022,1274,12717,0.03846154,0.03113942,0.00732212,1.23513986,1.20924806
h4,bear,6,retest_down,4115,75344,0.31567436,0.28738851,0.02828585,1.09842374,889,18687,0.28683915,0.27794724,0.00889191,1.03199136,632,13359,0.28481013,0.23370013,0.05111000,1.21869907,1.20677725
h4,bear,6,channel_breakout_down,4118,75341,0.31544439,0.28739995,0.02804444,1.09757982,896,18680,0.28794643,0.27789079,0.01005564,1.03618557,640,13351,0.28437500,0.23369036,0.05068464,1.21688802,1.20493356
h4,bear,6,breakout_down20,4118,75341,0.31544439,0.28739995,0.02804444,1.09757982,896,18680,0.28794643,0.27789079,0.01005564,1.03618557,640,13351,0.28437500,0.23369036,0.05068464,1.21688802,1.20493356
h4,bull,1,vertical_week_open,2497,76962,0.04805767,0.04990775,-0.00185008,0.96293005,624,18952,0.06089744,0.05181511,0.00908232,1.17528330,444,13547,0.03828829,0.03159371,0.00669458,1.21189589,1.20380099
h4,bull,12,range_tight,4165,75294,0.42881152,0.44366085,-0.01484932,0.96653001,1420,18156,0.38098592,0.42850848,-0.04752257,0.88909772,879,13112,0.45847554,0.37606772,0.08240782,1.21913025,1.20257429
h4,bear,3,bb_lower,15951,63508,0.17585104,0.16260944,0.01324161,1.08143198,3886,15690,0.17833248,0.17017208,0.00816039,1.04795376,2575,11416,0.16116505,0.12841626,0.03274879,1.25502060,1.19875608
h4,bear,1,channel_mid_bear,37489,41970,0.05662994,0.05198952,0.00464043,1.08925700,8970,10606,0.06588629,0.05242316,0.01346313,1.25681649,5967,8024,0.05178482,0.03688933,0.01489548,1.40378840,1.19755598
h4,bear,1,squeeze_release_down,427,79032,0.04918033,0.05420589,-0.00502556,0.90728751,121,19455,0.07438017,0.05849396,0.01588620,1.27158710,58,13933,,,,,1.19615275
h4,bull,6,vertical_week_open,2497,76962,0.28914698,0.29255996,-0.00341299,0.98833406,624,18952,0.30769231,0.28250317,0.02518914,1.08916410,444,13547,0.27477477,0.22890677,0.04586801,1.20037855,1.19279363
h4,bull,1,elliott_wave3_bull,4693,74766,0.05689325,0.04940748,0.00748576,1.15151066,1065,18511,0.06384977,0.05142888,0.01242089,1.24151576,792,13199,0.03787879,0.03144178,0.00643701,1.20472800,1.19092612
d1,bear,10,pin_bear,321,14996,0.78816199,0.69285143,0.09531057,1.13756278,63,3693,,,,,34,2692,,,,,1.18674468
d1,bear,10,horizontal_resistance_near,1032,14285,0.75872093,0.69023451,0.06848642,1.09922196,309,3447,0.76375405,0.66492602,0.09882802,1.14863010,196,2530,0.73469388,0.61067194,0.12402194,1.20309095,1.18577591
h4,bull,3,squeeze_release_up,659,78800,0.16084977,0.16053299,0.00031678,1.00197329,154,19422,0.11038961,0.16481310,-0.05442349,0.66978663,112,13879,0.14285714,0.12032567,0.02253147,1.18725406,1.18547704
d1,bear,3,range_tight,870,14447,0.40574713,0.47996124,-0.07421411,0.84537478,327,3429,0.38226300,0.45990085,-0.07763785,0.83118568,172,2554,0.48837209,0.40720439,0.08116771,1.19932916,1.18443267
h4,bear,1,rci_bear,37757,41702,0.05514209,0.05330680,0.00183530,1.03442895,9242,10334,0.06643584,0.05157732,0.01485852,1.28808243,6413,7578,0.05114611,0.03655318,0.01459293,1.39922461,1.18278548
d1,bear,20,pin_bear,321,14996,0.84735202,0.77880768,0.06854434,1.08801190,63,3693,,,,,34,2692,,,,,1.18086219
h4,bull,1,retest_up,5106,74353,0.06560909,0.04876737,0.01684172,1.34534817,1240,18336,0.05806452,0.05170157,0.00636295,1.12307064,959,13032,0.03753910,0.03138428,0.00615482,1.19611148,1.18024628
h4,bear,1,ichimoku_bear,32353,47106,0.05702717,0.05222265,0.00480452,1.09200074,7186,12390,0.06512664,0.05480226,0.01032438,1.18839324,5036,8955,0.05103257,0.03886097,0.01217159,1.31320869,1.18015971
d1,bull,1,horizontal_support_near,752,14565,0.23138298,0.25485754,-0.02347456,0.90789146,133,3623,0.30075188,0.24868893,0.05206295,1.20934968,99,2627,,,,,1.17716195
h4,bull,12,vertical_week_open,2497,76962,0.45494594,0.44249110,0.01245484,1.02814709,624,18952,0.45192308,0.42417687,0.02774621,1.06541189,444,13547,0.44819820,0.37905071,0.06914749,1.18242278,1.17561698
h4,bull,1,channel_breakout_up,5109,74350,0.06576629,0.04875588,0.01701041,1.34888938,1251,18325,0.06155076,0.05145975,0.01009100,1.19609509,963,13028,0.03738318,0.03139392,0.00598926,1.19077760,1.17534390
h4,bull,1,breakout_up20,5109,74350,0.06576629,0.04875588,0.01701041,1.34888938,1251,18325,0.06155076,0.05145975,0.01009100,1.19609509,963,13028,0.03738318,0.03139392,0.00598926,1.19077760,1.17534390
d1,bull,5,ellipse_compression,440,14877,0.62500000,0.60845601,0.01654399,1.02719012,101,3655,0.65346535,0.60054720,0.05291815,1.08811656,98,2628,,,,,1.17254295
h4,bear,24,superbb_bear,336,79123,0.58928571,0.57142677,0.01785895,1.03125326,78,19498,,,,,81,13910,,,,,1.17213898
h4,bull,6,stoch_recover_up,4858,74601,0.30032935,0.29193979,0.00838957,1.02873732,1248,18328,0.28605769,0.28311873,0.00293897,1.01038069,794,13197,0.26952141,0.22800637,0.04151505,1.18207845,1.16998885
d1,bull,10,pin_bull,433,14884,0.83140878,0.71244289,0.11896588,1.16698305,113,3643,0.92035398,0.72824595,0.19210803,1.26379554,89,2637,,,,,1.16792382
h4,bear,3,rci_strong_bear,10361,69098,0.16928868,0.16466468,0.00462400,1.02808131,2282,17294,0.18317266,0.17029027,0.01288238,1.07564954,1554,12437,0.15701416,0.13162338,0.02539078,1.19290475,1.16788148
d1,bull,1,stoch_recover_up,948,14369,0.25000000,0.25394947,-0.00394947,0.98444779,229,3527,0.24890830,0.25063794,-0.00172964,0.99309905,152,2574,0.23026316,0.19541570,0.03484746,1.17832479,1.16672373
h4,bear,3,vertical_day_open,12868,66591,0.22746348,0.15324894,0.07421454,1.48427440,3166,16410,0.20909665,0.16459476,0.04450189,1.27037248,2258,11733,0.15677591,0.13014574,0.02663017,1.20461803,1.16610937
d1,bull,1,sma_stack_bull,4558,10759,0.28872312,0.23886978,0.04985334,1.20870509,1511,2245,0.25148908,0.24988864,0.00160044,1.00640461,1139,1587,0.23002634,0.17391304,0.05611330,1.32265145,1.16552379
h4,bear,1,trendline_down,38169,41290,0.05541146,0.05303948,0.00237198,1.04472108,9325,10251,0.06305630,0.05453127,0.00852504,1.15633298,6258,7733,0.05001598,0.03776025,0.01225573,1.32456702,1.15665053
d1,bull,3,nr4,3717,11600,0.51197202,0.49422414,0.01774788,1.03591059,965,2791,0.51295337,0.47402365,0.03892972,1.08212611,695,2031,0.50935252,0.41752831,0.09182421,1.21992331,1.15515388
h4,bear,1,fib_below618,29444,50015,0.05603858,0.05308407,0.00295451,1.05565712,6614,12962,0.06395525,0.05585558,0.00809967,1.14501092,4590,9401,0.04989107,0.03999575,0.00989532,1.24740938,1.15376186
h4,bear,1,fib_fan_down,29444,50015,0.05603858,0.05308407,0.00295451,1.05565712,6614,12962,0.06395525,0.05585558,0.00809967,1.14501092,4590,9401,0.04989107,0.03999575,0.00989532,1.24740938,1.15376186
d1,bear,3,elliott_wave2_bear,1508,13809,0.49867374,0.47324209,0.02543165,1.05373920,386,3370,0.50000000,0.44777448,0.05222552,1.11663353,263,2463,0.47528517,0.40560292,0.06968225,1.17179918,1.15269340
h4,bear,3,elliott_wave2_bear,7736,71723,0.16804550,0.16496800,0.00307750,1.01865513,2070,17506,0.17632850,0.17125557,0.00507293,1.02962200,1439,12552,0.15496873,0.13209050,0.02287822,1.17320113,1.15266745
d1,bear,20,horizontal_resistance_near,1032,14285,0.84883721,0.77528876,0.07354844,1.09486587,309,3447,0.83171521,0.75747026,0.07424495,1.09801698,196,2530,0.83163265,0.71383399,0.11779866,1.16502249,1.15136141
d1,bear,3,horizontal_resistance_near,1032,14285,0.52810078,0.47196360,0.05613718,1.11894387,309,3447,0.56310680,0.44328402,0.11982278,1.27030702,196,2530,0.47448980,0.40750988,0.06697991,1.16436390,1.15076440
h4,bull,1,superbb_expand,18448,61011,0.05729618,0.04759797,0.00969821,1.20375257,4476,15100,0.05786416,0.05039735,0.00746681,1.14815885,3307,10684,0.03658905,0.03032572,0.00626333,1.20653533,1.15037629
d1,bull,3,compression,1482,13835,0.53171390,0.49497651,0.03673739,1.07422047,354,3402,0.49435028,0.48295121,0.01139908,1.02360296,314,2412,0.50636943,0.43242123,0.07394820,1.17100964,1.14838857
h4,bull,1,stoch_recover_up,4858,74601,0.05269658,0.04966421,0.00303237,1.06105743,1248,18328,0.05128205,0.05216063,-0.00087858,0.98315631,794,13197,0.03652393,0.03152232,0.00500161,1.15866898,1.14832876
h4,bear,1,fib_below500,37479,41980,0.05624483,0.05233444,0.00391039,1.07471915,8649,10927,0.06289744,0.05518441,0.00771304,1.13976846,5955,8036,0.04953820,0.03857641,0.01096180,1.28415807,1.14560165
h4,bear,1,fib_arc_bear,37479,41980,0.05624483,0.05233444,0.00391039,1.07471915,8649,10927,0.06289744,0.05518441,0.00771304,1.13976846,5955,8036,0.04953820,0.03857641,0.01096180,1.28415807,1.14560165
d1,bull,5,horizontal_support_near,752,14565,0.61702128,0.60851356,0.00850772,1.01398115,133,3623,0.73684211,0.59701904,0.13982306,1.23420201,99,2627,,,,,1.14284217
h4,bear,3,superbb_expand,18448,61011,0.18446444,0.15946305,0.02500139,1.15678487,4476,15100,0.17515639,0.17079470,0.00436169,1.02553761,3307,10684,0.15331116,0.12860352,0.02470764,1.19212257,1.14033834
h4,bear,1,stoch_bear,38909,40550,0.05566835,0.05274969,0.00291866,1.05533042,9674,9902,0.06264213,0.05463543,0.00800671,1.14654789,6882,7109,0.04925894,0.03741736,0.01184158,1.31647285,1.13914344
d1,bear,5,elliott_wave2_bear,1508,13809,0.59350133,0.58099790,0.01250343,1.02152061,386,3370,0.56476684,0.54688427,0.01788257,1.03269900,263,2463,0.56653992,0.49045879,0.07608113,1.15512238,1.13808978
d1,bear,5,horizontal_resistance_near,1032,14285,0.62984496,0.57878894,0.05105602,1.08821181,309,3447,0.66019417,0.53872933,0.12146484,1.22546544,196,2530,0.56632653,0.49249012,0.07383641,1.14992466,1.13766111
d1,bull,5,nr7,1550,13767,0.64451613,0.60492482,0.03959131,1.06544831,364,3392,0.64285714,0.59758255,0.04527460,1.07576291,314,2412,0.64331210,0.55555556,0.08775655,1.15796178,1.13726899
h4,bear,6,elliott_wave3_bear,4367,75092,0.31646439,0.28724764,0.02921675,1.10171276,964,18612,0.33921162,0.27519880,0.06401282,1.23260575,682,13309,0.26832845,0.23435269,0.03397575,1.14497701,1.13694224
h4,bull,3,inside_2,1938,77521,0.15634675,0.16064034,-0.00429359,0.97327201,318,19258,0.17610063,0.16419150,0.01190912,1.07253191,234,13757,0.13675214,0.12022970,0.01652244,1.13742391,1.13481563
h4,bull,12,inside_2,1938,77521,0.46646027,0.44229306,0.02416721,1.05464072,318,19258,0.43710692,0.42486239,0.01224452,1.02881997,234,13757,0.43162393,0.38038817,0.05123577,1.13469337,1.13214294
h4,bear,12,squeeze_release_down,427,79032,0.40281030,0.42949691,-0.02668661,0.93786542,121,19455,0.47107438,0.40791570,0.06315868,1.15483267,58,13933,,,,,1.13029662
h4,bear,1,fib_below382,45560,33899,0.05557507,0.05230243,0.00327264,1.06257144,10670,8906,0.06326148,0.05299798,0.01026350,1.19365836,7454,6537,0.04883284,0.03686706,0.01196578,1.32456550,1.12928973
h4,bear,6,dmi_adx_strong_bear,19842,59617,0.27986090,0.29184629,-0.01198538,0.95893254,4783,14793,0.27535020,0.27932130,-0.00397110,0.98578303,3771,10220,0.26650756,0.22475538,0.04175218,1.18576719,1.12922690
d1,bull,3,vertical_week_open,2508,12809,0.55741627,0.48700133,0.07041494,1.14458881,624,3132,0.52564103,0.47573436,0.04990667,1.10490449,444,2282,0.49774775,0.42988606,0.06786168,1.15785969,1.12883557
h4,bear,6,dmi_adx_bear,18828,60631,0.28441683,0.29023107,-0.00581424,0.97996685,4222,15354,0.26693510,0.28149017,-0.01455506,0.94829282,3730,10261,0.26621984,0.22502680,0.04119304,1.18305837,1.12800780
d1,bull,10,inside_2,308,15009,0.74350649,0.71523752,0.02826897,1.03952389,83,3673,,,,,52,2674,,,,,1.12616707
h4,bear,1,sma200_bear,36593,42866,0.05593966,0.05267578,0.00326388,1.06196169,7643,11933,0.06659689,0.05346518,0.01313171,1.24561229,6065,7926,0.04863974,0.03911178,0.00952795,1.24360822,1.12482405
d1,bull,20,ellipse_compression,440,14877,0.84545455,0.79424615,0.05120839,1.06447421,101,3655,0.89108911,0.83228454,0.05880457,1.07065440,98,2628,,,,,1.12375844
h4,bull,1,squeeze_release_up,659,78800,0.06373293,0.04973350,0.01399943,1.28148884,154,19422,0.06493506,0.05200288,0.01293218,1.24868201,112,13879,0.03571429,0.03177462,0.00393966,1.12398769,1.12287319
h4,bear,6,elliott_impulse_bear,6002,73457,0.30923026,0.28718842,0.02204183,1.07675042,1360,18216,0.31029412,0.27596618,0.03432793,1.12439181,921,13070,0.26492942,0.23397093,0.03095850,1.13231772,1.12254015
d1,bear,5,range_tight,870,14447,0.49310345,0.58759604,-0.09449259,0.83918783,327,3429,0.46788991,0.55643045,-0.08854054,0.84087762,172,2554,0.55813953,0.49373532,0.06440422,1.13044280,1.12121472
d1,bull,20,pin_bull,433,14884,0.88221709,0.79320075,0.08901634,1.11222422,113,3643,0.96460177,0.82981060,0.13479117,1.16243607,89,2637,,,,,1.12093604
h4,bear,6,rci_strong_bear,10361,69098,0.28028183,0.29013864,-0.00985682,0.96602722,2282,17294,0.28965819,0.27685903,0.01279917,1.04622991,1554,12437,0.26447876,0.23245156,0.03202721,1.13778014,1.12063065
h4,bull,12,stoch_recover_up,4858,74601,0.45594895,0.44203161,0.01391734,1.03148495,1248,18328,0.42067308,0.42536010,-0.00468703,0.98898104,794,13197,0.42695214,0.37849511,0.04845703,1.12802551,1.11988890
d1,bear,3,vertical_week_open,2508,12809,0.54784689,0.46162854,0.08621835,1.18676997,624,3132,0.53365385,0.43710089,0.09655295,1.22089397,444,2282,0.46171171,0.40271691,0.05899480,1.14649198,1.11977413
h4,bear,6,horizontal_support_near,4165,75294,0.29915966,0.28828326,0.01087640,1.03772817,799,18777,0.26408010,0.27895830,-0.01487820,0.94666515,564,13427,0.26418440,0.23482535,0.02935905,1.12502502,1.11938337
h4,bear,1,compression,10205,69254,0.06242038,0.05296445,0.00945593,1.17853357,2300,17276,0.06217391,0.05811530,0.00405861,1.06983717,1635,12356,0.04831804,0.04257041,0.00574763,1.13501471,1.11738469
d1,bull,1,elliott_pullback_bull,2791,12526,0.25223934,0.25403161,-0.00179227,0.99294468,735,3021,0.23809524,0.25355842,-0.01546319,0.93901529,522,2204,0.22030651,0.19192377,0.02838274,1.14788547,1.11627427
d1,bull,1,engulf_bull,1017,14300,0.24778761,0.25412587,-0.00633826,0.97505857,266,3490,0.23308271,0.25186246,-0.01877976,0.92543646,159,2567,0.22012579,0.19594858,0.02417721,1.12338547,1.11535854
d1,bull,3,elliott_wave2_bull,1498,13819,0.50534045,0.49779289,0.00754756,1.01516205,364,3392,0.48901099,0.48349057,0.00552042,1.01141785,293,2433,0.49146758,0.43485409,0.05661349,1.13018962,1.11459286
d1,bull,5,nr4,3717,11600,0.64164649,0.59844828,0.04319821,1.07218370,965,2791,0.63005181,0.59226084,0.03779098,1.06380799,695,2031,0.63021583,0.54357459,0.08664123,1.15939162,1.11411696
d1,bear,1,elliott_pullback_bear,2796,12521,0.25536481,0.25213641,0.00322840,1.01280416,729,3027,0.27297668,0.24975223,0.02322445,1.09298996,488,2238,0.23565574,0.20643432,0.02922142,1.14155312,1.11334063
d1,bull,1,stoch_cross_up,2975,12342,0.25344538,0.25376762,-0.00032224,0.99873016,730,3026,0.24794521,0.25115664,-0.00321144,0.98721341,547,2179,0.21937843,0.19183112,0.02754731,1.14360190,1.11157174
h4,bear,6,elliott_wave5_bear,4544,74915,0.30655810,0.28777948,0.01877862,1.06525349,1004,18572,0.29780876,0.27729916,0.02050960,1.07396202,694,13297,0.26224784,0.23463939,0.02760845,1.11766330,1.11117793
h4,bear,1,elliott_wave4_bear,6701,72758,0.05506641,0.05409714,0.00096926,1.01791710,1697,17879,0.06540955,0.05794508,0.00746447,1.12881977,1188,12803,0.04797980,0.04280247,0.00517733,1.12095867,1.10956257
d1,bull,5,compression,1482,13835,0.62618084,0.60708348,0.01909735,1.03145754,354,3402,0.62429379,0.59964727,0.02464652,1.04110169,314,2412,0.62738854,0.55762852,0.06976001,1.12510122,1.10911877
h4,bear,12,inside_2,1938,77521,0.43292054,0.42926433,0.00365621,1.00851738,318,19258,0.39308176,0.40855748,-0.01547572,0.96212107,234,13757,0.40598291,0.36541397,0.04056893,1.11102185,1.10896268
d1,bear,1,ellipse_compression,440,14877,0.32272727,0.25065537,0.07207190,1.28753383,101,3655,0.34653465,0.25170999,0.09482467,1.37672191,98,2628,,,,,1.10879638
h4,bear,6,bb_lower,15951,63508,0.28969971,0.28864080,0.00105890,1.00366859,3886,15690,0.29001544,0.27546208,0.01455336,1.05283254,2575,11416,0.26058252,0.23046601,0.03011651,1.13067659,1.10412177
h4,bear,1,stoch_cross_down,15645,63814,0.05803771,0.05323283,0.00480488,1.09026156,3929,15647,0.06413846,0.05719946,0.00693899,1.12131223,2744,11247,0.04774052,0.04214457,0.00559595,1.13277992,1.10402923
d1,bull,1,fib_time_8,1919,13398,0.28504429,0.24921630,0.03582799,1.14376264,472,3284,0.26059322,0.24908648,0.01150674,1.04619576,340,2386,0.21764706,0.19446773,0.02317933,1.11919371,1.10279904
h4,bear,3,sma20_bear,38151,41308,0.16505465,0.16546432,-0.00040967,0.99752415,9223,10353,0.18432180,0.16062977,0.02369204,1.14749467,6313,7678,0.14794868,0.12333941,0.02460927,1.19952476,1.10045186
h4,bear,3,bb_bear,38151,41308,0.16505465,0.16546432,-0.00040967,0.99752415,9223,10353,0.18432180,0.16062977,0.02369204,1.14749467,6313,7678,0.14794868,0.12333941,0.02460927,1.19952476,1.10045186
h4,bear,1,elliott_pullback_bear,14437,65022,0.05638291,0.05368952,0.00269338,1.05016593,3767,15809,0.06291479,0.05756215,0.00535264,1.09298885,2627,11364,0.04758279,0.04223865,0.00534415,1.12652265,1.10038161
d1,bear,1,engulf_bear,1179,14138,0.27565734,0.25081341,0.02484393,1.09905342,297,3459,0.28956229,0.25122868,0.03833361,1.15258453,219,2507,0.23287671,0.20981252,0.02306419,1.10992760,1.10021130
h4,bear,3,span_model_bear,25292,54167,0.16305551,0.16630052,-0.00324500,0.98048711,5597,13979,0.17098446,0.17211532,-0.00113086,0.99342964,3943,10048,0.14785696,0.12917994,0.01867703,1.14458147,1.09976967
d1,bull,20,horizontal_support_near,752,14565,0.82180851,0.79437007,0.02743845,1.03454114,133,3623,0.90977444,0.83107922,0.07869522,1.09469040,99,2627,,,,,1.09932020
h4,bear,12,dmi_adx_strong_bear,19842,59617,0.41507913,0.43410437,-0.01902524,0.95617358,4783,14793,0.39201338,0.41357399,-0.02156061,0.94786759,3771,10220,0.40175020,0.35293542,0.04881478,1.13831079,1.09740083
d1,bull,20,inside_2,308,15009,0.83116883,0.79498967,0.03617916,1.04550897,83,3673,,,,,52,2674,,,,,1.09630009
d1,bull,3,shape_triangle_proxy,584,14733,0.38527397,0.50302043,-0.11774646,0.76592112,143,3613,0.41258741,0.48685303,-0.07426562,0.84745783,178,2548,0.48314607,0.43799058,0.04515549,1.10309694,1.09572062
d1,bull,10,compression,1482,13835,0.73279352,0.71398627,0.01880726,1.02634120,354,3402,0.74858757,0.73251029,0.01607728,1.02194820,314,2412,0.74840764,0.67454395,0.07386370,1.10950168,1.09568165
d1,bear,1,dmi_adx_strong_bear,3079,12238,0.24455992,0.25478019,-0.01022027,0.95988593,684,3072,0.26608187,0.25162760,0.01445427,1.05744309,553,2173,0.23146474,0.20662678,0.02483795,1.12020685,1.09354051
h4,bear,3,channel_lower,16810,62649,0.16698394,0.16480710,0.00217684,1.01320840,3796,15780,0.17650158,0.17065906,0.00584252,1.03423503,2449,11542,0.14699878,0.13177959,0.01521919,1.11548972,1.09338642
h4,bull,6,horizontal_support_near,4165,75294,0.29171669,0.29249343,-0.00077674,0.99734442,799,18777,0.32916145,0.28135485,0.04780660,1.16991569,564,13427,0.25177305,0.22946302,0.02231003,1.09722711,1.09294345
h4,bear,1,elliott_wave2_bear,7736,71723,0.05752327,0.05381816,0.00370511,1.06884491,2070,17506,0.06086957,0.05832286,0.00254670,1.04366563,1439,12552,0.04725504,0.04278203,0.00447301,1.10455352,1.09280205
d1,bull,5,shape_triangle_proxy,584,14733,0.49828767,0.61331704,-0.11502937,0.81244713,143,3613,0.52447552,0.60503737,-0.08056184,0.86684816,178,2548,0.61797753,0.56200942,0.05596811,1.09958571,1.09248167
h4,bear,1,ichimoku_tk_bear,36422,43037,0.05535116,0.05318679,0.00216437,1.04069372,8777,10799,0.05935969,0.05796833,0.00139136,1.02400207,5897,8094,0.04714261,0.04040030,0.00674232,1.16688784,1.09020219
h4,bear,6,ll20,8702,70757,0.29510457,0.28808457,0.00702000,1.02436785,2058,17518,0.28571429,0.27748601,0.00822827,1.02965292,1322,12669,0.25718608,0.23379904,0.02338704,1.10003054,1.08973061
d1,bear,20,ellipse_compression,440,14877,0.82272727,0.77898770,0.04373957,1.05614925,101,3655,0.69306931,0.76552668,-0.07245737,0.90534965,98,2628,,,,,1.08778931
h4,bull,24,range_tight,4165,75294,0.54741897,0.59241108,-0.04499211,0.92405254,1420,18156,0.55070423,0.57881692,-0.02811269,0.95143077,879,13112,0.58475540,0.53477730,0.04997810,1.09345591,1.08707319
h4,bear,12,rci_strong_bear,10361,69098,0.41636908,0.43130047,-0.01493140,0.96538053,2282,17294,0.41673970,0.40719325,0.00954646,1.02344453,1554,12437,0.39768340,0.36214521,0.03553819,1.09813242,1.08629215
h4,bull,6,triangle_breakout_up,325,79134,0.33846154,0.29226376,0.04619778,1.15806881,54,19522,,,,,40,13951,,,,,1.08524666
h4,bull,3,stoch_cross_up,15634,63825,0.16483306,0.15948296,0.00535009,1.03354650,3924,15652,0.16946993,0.16311015,0.00635978,1.03899073,2741,11250,0.13060927,0.11804444,0.01256482,1.10644145,1.08384001
d1,bull,1,compression,1482,13835,0.31376518,0.24727141,0.06649377,1.26891005,354,3402,0.24858757,0.25073486,-0.00214729,0.99143601,314,2412,0.21337580,0.19527363,0.01810216,1.09270153,1.08115692
h4,bear,24,ellipse_compression,4550,74909,0.56505495,0.57189390,-0.00683895,0.98804157,808,18768,0.55321782,0.53580563,0.01741220,1.03249722,654,13337,0.53516820,0.49306441,0.04210379,1.08539207,1.08107684
d1,bear,10,elliott_wave2_bear,1508,13809,0.69363395,0.69498153,-0.00134758,0.99806098,386,3370,0.67357513,0.67299703,0.00057810,1.00085899,263,2463,0.66920152,0.61429151,0.05491001,1.08938754,1.08007303
h4,bear,24,squeeze_release_down,427,79032,0.55737705,0.57157860,-0.01420155,0.97515381,121,19455,0.57851240,0.53626317,0.04224923,1.07878450,58,13933,,,,,1.07969221
h4,bull,24,squeeze_release_up,659,78800,0.62822458,0.58973350,0.03849108,1.06526860,154,19422,0.53246753,0.57712903,-0.04466150,0.92261436,112,13879,0.58035714,0.53757475,0.04278239,1.07958408,1.07889673
d1,bull,3,elliott_pullback_bull,2791,12526,0.50304550,0.49752515,0.00552036,1.01109563,735,3021,0.45578231,0.49089705,-0.03511474,0.92846822,522,2204,0.47509579,0.43284936,0.04224642,1.09760075,1.07746349
d1,bull,20,range_tight,870,14447,0.81379310,0.79462864,0.01916446,1.02411751,327,3429,0.90214067,0.82735491,0.07478576,1.09039139,172,2554,0.83139535,0.76781519,0.06358016,1.08280659,1.07717857
h4,bull,24,vertical_week_open,2497,76962,0.61834201,0.58913490,0.02920711,1.04957627,624,18952,0.59615385,0.57613972,0.02001412,1.03473832,444,13547,0.57882883,0.53657636,0.04225247,1.07874455,1.07605556
h4,bull,1,inside_2,1938,77521,0.02631579,0.05043795,-0.02412216,0.52174586,318,19258,0.05660377,0.05203033,0.00457345,1.08789967,234,13757,0.03418803,0.03176565,0.00242239,1.07625809,1.07488716
h4,bear,3,sma50_bear,37893,41566,0.16667986,0.16398018,0.00269969,1.01646349,8843,10733,0.17731539,0.16724122,0.01007417,1.06023738,6147,7844,0.14446071,0.12659357,0.01786714,1.14113779,1.07450815
h4,bear,3,ichimoku_bear,32353,47106,0.16409607,0.16607226,-0.00197620,0.98810038,7186,12390,0.17408851,0.17046005,0.00362846,1.02128626,5036,8955,0.14436060,0.12886655,0.01549405,1.12023328,1.07376353
d1,bear,3,inside_2,308,15009,0.45454545,0.47618096,-0.02163550,0.95456453,83,3673,,,,,52,2674,,,,,1.07271421
h4,bear,24,horizontal_resistance_near,5230,74229,0.57112811,0.57152865,-0.00040054,0.99929918,1270,18306,0.62283465,0.53053644,0.09229821,1.17397148,1006,12985,0.53081511,0.49226030,0.03855481,1.07832200,1.07228331
h4,bear,12,retest_down,4115,75344,0.43450790,0.42907199,0.00543591,1.01266899,889,18687,0.41169854,0.40814470,0.00355384,1.00870730,632,13359,0.39240506,0.36484767,0.02755740,1.07553124,1.07187412
d1,bull,1,inside_2,308,15009,0.24025974,0.25398094,-0.01372120,0.94597546,83,3673,,,,,52,2674,,,,,1.07184730
h4,bear,12,channel_breakout_down,4118,75341,0.43467703,0.42906253,0.00561450,1.01308550,896,18680,0.41183036,0.40813704,0.00369331,1.00904920,640,13351,0.39218750,0.36484158,0.02734592,1.07495285,1.07127983
h4,bear,12,breakout_down20,4118,75341,0.43467703,0.42906253,0.00561450,1.01308550,896,18680,0.41183036,0.40813704,0.00369331,1.00904920,640,13351,0.39218750,0.36484158,0.02734592,1.07495285,1.07127983
d1,bear,3,rci_cross_down,542,14775,0.44280443,0.47695431,-0.03414989,0.92840009,152,3604,0.39473684,0.45560488,-0.06086804,0.86640169,111,2615,0.44144144,0.41108987,0.03035158,1.07383197,1.07061332
h4,bear,3,rci_bear,37757,41702,0.16338692,0.16697041,-0.00358349,0.97853819,9242,10334,0.18816274,0.15715115,0.03101158,1.19733603,6413,7578,0.14392640,0.12641858,0.01750782,1.13849087,1.07053389
h4,bear,3,elliott_pullback_bear,14437,65022,0.16651659,0.16499031,0.00152628,1.00925072,3767,15809,0.18290417,0.16914416,0.01376001,1.08135078,2627,11364,0.14389037,0.13225977,0.01163060,1.08793756,1.07026590
d1,bear,10,range_tight,870,14447,0.60114943,0.70049145,-0.09934203,0.85818239,327,3429,0.57186544,0.68270633,-0.11084088,0.83764485,172,2554,0.66279070,0.61667972,0.04611098,1.07477298,1.06972613
d1,bull,10,shape_triangle_proxy,584,14733,0.63698630,0.71893029,-0.08194399,0.88601956,143,3613,0.69230769,0.73567672,-0.04336903,0.94104879,178,2548,0.73033708,0.67974882,0.05058826,1.07442198,1.06922603
h4,bear,12,bb_lower,15951,63508,0.42223058,0.43114253,-0.00891195,0.97932945,3886,15690,0.40298507,0.40962396,-0.00663889,0.98379272,2575,11416,0.39029126,0.36063420,0.02965706,1.08223586,1.06610017
h4,bull,3,elliott_wave5_bull,5615,73844,0.15903829,0.16064948,-0.00161119,0.98997079,1274,18302,0.16797488,0.16413507,0.00383982,1.02339424,1044,12947,0.12835249,0.11987333,0.00847916,1.07073434,1.06511251
d1,bear,1,elliott_impulse_bear,1216,14101,0.23848684,0.25395362,-0.01546678,0.93909605,226,3530,0.24778761,0.25467422,-0.00688661,0.97295914,173,2553,0.22543353,0.21073247,0.01470105,1.06976169,1.06504643
h4,bull,12,horizontal_support_near,4165,75294,0.43457383,0.44334210,-0.00876827,0.98022234,799,18777,0.48060075,0.42269798,0.05790277,1.13698378,564,13427,0.40602837,0.38020407,0.02582430,1.06792222,1.06500617
d1,bull,1,ichimoku_cloud_bull,7734,7583,0.26907163,0.23803244,0.03103919,1.13039899,2167,1589,0.25103830,0.24984267,0.00119563,1.00478555,1613,1113,0.21016739,0.17879605,0.03137134,1.17545882,1.06490020
d1,bear,3,stoch_fall_down,1033,14284,0.49564376,0.47430692,0.02133684,1.04498530,283,3473,0.43816254,0.45436222,-0.01619968,0.96434633,212,2514,0.43867925,0.41010342,0.02857582,1.06967956,1.06391426
h4,bear,12,horizontal_resistance_near,5230,74229,0.44799235,0.42804025,0.01995210,1.04661267,1270,18306,0.43622047,0.40636950,0.02985098,1.07345772,1006,12985,0.38866799,0.36434347,0.02432452,1.06676260,1.06166612
h4,bear,6,inside_bar,13185,66274,0.29381873,0.28786553,0.00595321,1.02068051,3015,16561,0.27197347,0.27951211,-0.00753864,0.97302929,2227,11764,0.25056129,0.23325400,0.01730730,1.07419936,1.06166052
h4,bear,1,ellipse_compression,4550,74909,0.04681319,0.05462628,-0.00781309,0.85697190,808,18768,0.06064356,0.05850384,0.00213973,1.03657415,654,13337,0.04587156,0.04311314,0.00275842,1.06398085,1.06080825
d1,bear,20,rci_cross_down,542,14775,0.75461255,0.78118443,-0.02657189,0.96598513,152,3604,0.73684211,0.76470588,-0.02786378,0.96356275,111,2615,0.76576577,0.72045889,0.04530687,1.06288613,1.06017140
d1,bear,5,vertical_week_open,2508,12809,0.60964912,0.57686002,0.03278910,1.05684066,624,3132,0.56891026,0.54469987,0.02421038,1.04444720,444,2282,0.52702703,0.49211218,0.03491484,1.07094895,1.05871457
d1,bear,3,elliott_pullback_bear,2796,12521,0.49356223,0.47176743,0.02179480,1.04619819,729,3027,0.45130316,0.45358441,-0.00228125,0.99497061,488,2238,0.43647541,0.40705987,0.02941553,1.07226341,1.05856937
h4,bull,24,stoch_recover_up,4858,74601,0.58727872,0.59023337,-0.00295466,0.99499408,1248,18328,0.57532051,0.57687691,-0.00155640,0.99730203,794,13197,0.56926952,0.53603092,0.03323861,1.06200875,1.05828460
d1,bull,5,inside_bar,3028,12289,0.62978864,0.60379201,0.02599663,1.04305561,724,3032,0.62707182,0.59597625,0.03109557,1.05217585,518,2208,0.59845560,0.55797101,0.04048458,1.07255679,1.05797014
d1,bear,20,stoch_fall_down,1033,14284,0.79670862,0.77905349,0.01765513,1.02266228,283,3473,0.77738516,0.76245321,0.01493195,1.01958409,212,2514,0.76415094,0.71877486,0.04537608,1.06312976,1.05793574
h4,bear,24,compression,10205,69254,0.56805488,0.57201028,-0.00395541,0.99308508,2300,17276,0.54521739,0.53536698,0.00985041,1.01839936,1635,12356,0.52354740,0.49125931,0.03228809,1.06572515,1.05760203
h4,bear,12,elliott_wave3_bear,4367,75092,0.45156858,0.42806158,0.02350700,1.05491501,964,18612,0.44294606,0.40651193,0.03643413,1.08962623,682,13309,0.38709677,0.36501615,0.02208062,1.06049217,1.05737426
h4,bear,1,rci_cross_down,2913,76546,0.06522485,0.05375852,0.01146633,1.21329324,688,18888,0.07267442,0.05807920,0.01459521,1.25129847,525,13466,0.04571429,0.04314570,0.00256859,1.05953283,1.05717119
d1,bear,3,elliott_wave3_bear,888,14429,0.43243243,0.47841153,-0.04597910,0.90389216,162,3594,0.40123457,0.45548136,-0.05424679,0.88090228,117,2609,0.43589744,0.41126869,0.02462875,1.05988482,1.05716762
d1,bull,3,ichimoku_cloud_bull,7734,7583,0.51629170,0.48041672,0.03587498,1.07467471,2167,1589,0.49100138,0.47451227,0.01648911,1.03474960,1613,1113,0.46559206,0.40521114,0.06038092,1.14901101,1.05591012
h4,bull,6,stoch_cross_up,15634,63825,0.29832417,0.29101449,0.00730967,1.02511790,3924,15652,0.28465851,0.28296703,0.00169148,1.00597765,2741,11250,0.24297702,0.22728889,0.01568813,1.06902285,1.05475998
d1,bull,10,nr7,1550,13767,0.73032258,0.71417157,0.01615101,1.02261503,364,3392,0.75000000,0.73231132,0.01768868,1.02415459,314,2412,0.71974522,0.67827529,0.04146993,1.06114027,1.05371938
d1,bull,1,shape_triangle_proxy,584,14733,0.19863014,0.25588814,-0.05725801,0.77623815,143,3613,0.16083916,0.25408248,-0.09324332,0.63301949,178,2548,0.20786517,0.19662480,0.01124036,1.05716657,1.05323504
d1,bear,20,elliott_wave2_bear,1508,13809,0.76591512,0.78180897,-0.01589385,0.97967042,386,3370,0.77979275,0.76172107,0.01807168,1.02372480,263,2463,0.76045627,0.71822980,0.04222647,1.05879243,1.05282062
h4,bear,12,ellipse_compression,4550,74909,0.38659341,0.43195077,-0.04535736,0.89499414,808,18768,0.41460396,0.40803495,0.00656901,1.01609913,654,13337,0.38532110,0.36514958,0.02017152,1.05524179,1.05252392
d1,bull,3,fib_time_13,1187,14130,0.50800337,0.49773531,0.01026805,1.02062955,289,3467,0.45674740,0.48629939,-0.02955199,0.93923087,207,2519,0.46376812,0.43906312,0.02470500,1.05626753,1.05177361
h4,bear,3,fib_below382,45560,33899,0.16468393,0.16605210,-0.00136816,0.99176064,10670,8906,0.17469541,0.16831350,0.00638191,1.03791681,7454,6537,0.14140059,0.12651063,0.01488996,1.11769729,1.05174676
d1,bull,20,engulf_bull,1017,14300,0.79547689,0.79573427,-0.00025737,0.99967656,266,3490,0.84962406,0.83266476,0.01695930,1.02036751,159,2567,0.81132075,0.76938060,0.04194015,1.05451158,1.05116938
h4,bear,3,fib_below500,37479,41980,0.16345153,0.16688899,-0.00343746,0.97940270,8649,10927,0.17250549,0.17122724,0.00127826,1.00746526,5955,8036,0.14122586,0.12941762,0.01180824,1.09124136,1.05044711
h4,bear,3,fib_arc_bear,37479,41980,0.16345153,0.16688899,-0.00343746,0.97940270,8649,10927,0.17250549,0.17122724,0.00127826,1.00746526,5955,8036,0.14122586,0.12941762,0.01180824,1.09124136,1.05044711
d1,bull,5,fib_time_8,1919,13398,0.60760813,0.60912076,-0.00151264,0.99751669,472,3284,0.58686441,0.60414129,-0.01727688,0.97140258,340,2386,0.59411765,0.56160939,0.03250826,1.05788411,1.05030137
d1,bear,1,fib_time_13,1187,14130,0.25526537,0.25251238,0.00275299,1.01090240,289,3467,0.27681661,0.25237958,0.02443703,1.09682650,207,2519,0.22222222,0.21079794,0.01142429,1.05419544,1.04987483
d1,bull,3,sma_stack_bull,4558,10759,0.53949100,0.48117855,0.05831246,1.12118673,1511,2245,0.49834547,0.47438753,0.02395794,1.05050288,1139,1587,0.46268657,0.42533081,0.03735575,1.08782753,1.04932078
d1,bull,5,ichimoku_cloud_bull,7734,7583,0.62529092,0.59224581,0.03304511,1.05579627,2167,1589,0.59898477,0.60604154,-0.00705676,0.98835597,1613,1113,0.59330440,0.52560647,0.06769793,1.12879966,1.04886368
h4,bear,1,structure_bear_transition,26394,53065,0.05804349,0.05225667,0.00578683,1.11073857,6514,13062,0.06309487,0.05634665,0.00674822,1.11976253,4655,9336,0.04532760,0.04220223,0.00312538,1.07405715,1.04822895
h4,bear,24,shape_triangle_proxy,9430,70029,0.55620361,0.57356238,-0.01735878,0.96973516,2178,17398,0.54407713,0.53557880,0.00849833,1.01586757,1565,12426,0.51884984,0.49203283,0.02681701,1.05450247,1.04811264
h4,bull,6,rci_cross_up,2910,76549,0.29003436,0.29254464,-0.00251028,0.99141915,694,18882,0.31556196,0.28212054,0.03344142,1.11853593,526,13465,0.24144487,0.22992945,0.01151542,1.05008241,1.04810895
d1,bear,5,fib_time_13,1187,14130,0.57540017,0.58280255,-0.00740238,0.98729865,289,3467,0.57093426,0.54687049,0.02406376,1.04400267,207,2519,0.52173913,0.49583168,0.02590745,1.05225050,1.04809202
d1,bull,20,nr7,1550,13767,0.80903226,0.79421806,0.01481420,1.01865256,364,3392,0.83791209,0.83343160,0.00448048,1.00537595,314,2412,0.80891720,0.76699834,0.04191886,1.05465312,1.04805527
h4,bull,3,retest_up,5106,74353,0.17489228,0.15954972,0.01534257,1.09616168,1240,18336,0.15806452,0.16481239,-0.00674787,0.95905724,959,13032,0.12617310,0.12008901,0.00608409,1.05066313,1.04702716
h4,bear,12,elliott_impulse_bear,6002,73457,0.43835388,0.42861810,0.00973578,1.02271434,1360,18216,0.42279412,0.40722442,0.01556970,1.03823371,921,13070,0.38327904,0.36488141,0.01839764,1.05042087,1.04694594
d1,bear,10,rci_cross_down,542,14775,0.66605166,0.69590525,-0.02985358,0.95710108,152,3604,0.65131579,0.67397336,-0.02265757,0.96638209,111,2615,0.64864865,0.61835564,0.03029301,1.04898962,1.04690125
d1,bear,1,channel_breakout_down,824,14493,0.26577670,0.25198372,0.01379298,1.05473760,133,3623,0.27819549,0.25338118,0.02481431,1.09793274,131,2595,0.22137405,0.21117534,0.01019871,1.04829498,1.04586768
d1,bear,1,breakout_down20,824,14493,0.26577670,0.25198372,0.01379298,1.05473760,133,3623,0.27819549,0.25338118,0.02481431,1.09793274,131,2595,0.22137405,0.21117534,0.01019871,1.04829498,1.04586768
h4,bear,3,trendline_down,38169,41290,0.16288087,0.16747396,-0.00459309,0.97257429,9325,10251,0.18026810,0.16408155,0.01618654,1.09864938,6258,7733,0.14030042,0.12970387,0.01059655,1.08169802,1.04356359
h4,bear,3,channel_mid_bear,37489,41970,0.16631545,0.16433167,0.00198379,1.01207185,8970,10606,0.18093645,0.16405808,0.01687837,1.10288048,5967,8024,0.14027149,0.13010967,0.01016182,1.07810197,1.04334846
d1,bear,3,fib_time_13,1187,14130,0.47430497,0.47586695,-0.00156198,0.99671761,289,3467,0.48096886,0.45082204,0.03014682,1.06687078,207,2519,0.42995169,0.41087733,0.01907436,1.04642349,1.04274761
h4,bull,3,channel_breakout_up,5109,74350,0.17498532,0.15954270,0.01544262,1.09679300,1251,18325,0.16227018,0.16452933,-0.00225915,0.98626903,963,13028,0.12564901,0.12012588,0.00552313,1.04597786,1.04267814
h4,bull,3,breakout_up20,5109,74350,0.17498532,0.15954270,0.01544262,1.09679300,1251,18325,0.16227018,0.16452933,-0.00225915,0.98626903,963,13028,0.12564901,0.12012588,0.00552313,1.04597786,1.04267814
d1,bear,5,stoch_fall_down,1033,14284,0.61084221,0.58015962,0.03068259,1.05288646,283,3473,0.55830389,0.54794126,0.01036263,1.01891193,212,2514,0.51886792,0.49602228,0.02284565,1.04605771,1.04232422
d1,bear,1,rectangle_range,7923,7394,0.24687618,0.25899378,-0.01211760,0.95321279,2085,1671,0.24172662,0.26989826,-0.02817165,0.89562124,1356,1370,0.22050147,0.20291971,0.01758177,1.08664396,1.04174527
h4,bull,12,superbb_squeeze,17574,61885,0.45772163,0.43866850,0.01905314,1.04343402,4532,15044,0.39849956,0.43306302,-0.03456346,0.92018839,2990,11001,0.39698997,0.37696573,0.02002424,1.05311951,1.04129858
d1,bull,20,superbb_squeeze,3146,12171,0.79720280,0.79533317,0.00186963,1.00235075,952,2804,0.87815126,0.81883024,0.05932102,1.07244605,611,2115,0.80360065,0.76264775,0.04095290,1.05369832,1.04116701
h4,bull,12,stoch_cross_up,15634,63825,0.45094026,0.44090873,0.01003152,1.02275193,3924,15652,0.42354740,0.42544084,-0.00189344,0.99554947,2741,11250,0.39693543,0.37742222,0.01951320,1.05170126,1.04115552
h4,bull,6,superbb_squeeze,17574,61885,0.30033003,0.29021572,0.01011431,1.03485101,4532,15044,0.25838482,0.29081361,-0.03242879,0.88848942,2990,11001,0.23979933,0.22779747,0.01200186,1.05268653,1.04096570
h4,bull,6,inside_bar,13185,66274,0.30367842,0.29021939,0.01345903,1.04637536,3015,16561,0.29021559,0.28204819,0.00816740,1.02895747,2227,11764,0.23978446,0.22857871,0.01120575,1.04902359,1.04090116
h4,bear,3,stoch_bear,38909,40550,0.16867563,0.16199753,0.00667809,1.04122343,9674,9902,0.17417821,0.16946072,0.00471749,1.02783828,6882,7109,0.13993025,0.12913209,0.01079817,1.08362110,1.04081030
h4,bull,3,elliott_wave4_bull,6776,72683,0.16086187,0.16050521,0.00035666,1.00222210,1817,17759,0.13318657,0.16757700,-0.03439043,0.79477833,1308,12683,0.12538226,0.12000315,0.00537911,1.04482473,1.04046456
d1,bear,20,superbb_squeeze,3146,12171,0.76509854,0.78415907,-0.01906053,0.97569303,952,2804,0.71953782,0.77853067,-0.05899286,0.92422539,611,2115,0.75122750,0.71394799,0.03727951,1.05221600,1.04004376
d1,bull,20,compression,1482,13835,0.81578947,0.79356704,0.02222243,1.02800322,354,3402,0.85593220,0.83156966,0.02436254,1.02929705,314,2412,0.80254777,0.76782753,0.03472024,1.04521880,1.03980286
d1,bear,3,ellipse_compression,440,14877,0.52727273,0.47422195,0.05305077,1.11186908,101,3655,0.49504950,0.45198358,0.04306592,1.09528205,98,2628,,,,,1.03940010
h4,bull,6,rectangle_range,39635,39824,0.29330138,0.29160808,0.00169330,1.00580676,10157,9419,0.28354829,0.28304491,0.00050338,1.00177845,7224,6767,0.23934109,0.22077730,0.01856378,1.08408375,1.03897646
h4,bull,3,superbb_expand,18448,61011,0.16711839,0.15854518,0.00857321,1.05407422,4476,15100,0.17359249,0.16165563,0.01193686,1.07384131,3307,10684,0.12518899,0.11905653,0.00613246,1.05150881,1.03886074
d1,bear,20,inside_2,308,15009,0.75974026,0.78066493,-0.02092467,0.97319634,83,3673,,,,,52,2674,,,,,1.03834434
h4,bear,6,superbb_expand,18448,61011,0.31363833,0.28135910,0.03227924,1.11472611,4476,15100,0.28708668,0.27576159,0.01132510,1.04106843,3307,10684,0.24493499,0.23324598,0.01168901,1.05011452,1.03782114
d1,bull,5,sma_stack_bull,4558,10759,0.64414217,0.59401431,0.05012785,1.08438829,1511,2245,0.60092654,0.60267261,-0.00174607,0.99710279,1139,1587,0.58647937,0.55072464,0.03575473,1.06492306,1.03679816
d1,bull,10,nr4,3717,11600,0.72962066,0.71137931,0.01824135,1.02564223,965,2791,0.75544041,0.72662128,0.02881913,1.03966183,695,2031,0.70791367,0.67454456,0.03336911,1.04946910,1.03639778
d1,bear,10,vertical_week_open,2508,12809,0.72009569,0.68990554,0.03019016,1.04375984,624,3132,0.70833333,0.66602810,0.04230524,1.06351870,444,2282,0.64189189,0.61524978,0.02664211,1.04330292,1.03599603
d1,bear,1,fib_time_5,3066,12251,0.25668624,0.25173455,0.00495168,1.01967026,756,3000,0.27248677,0.24966667,0.02282011,1.09140229,543,2183,0.21915285,0.20980302,0.00934983,1.04456481,1.03537380
d1,bull,3,rectangle_range,7923,7394,0.49678152,0.50040573,-0.00362421,0.99275745,2085,1671,0.48776978,0.47935368,0.00841610,1.01755719,1356,1370,0.45648968,0.42554745,0.03094223,1.07271159,1.03526693
d1,bull,10,horizontal_support_near,752,14565,0.72473404,0.71534501,0.00938904,1.01312519,133,3623,0.84210526,0.73005796,0.11204730,1.15347727,99,2627,,,,,1.03516367
h4,bear,1,shape_triangle_proxy,9430,70029,0.05514316,0.05404904,0.00109412,1.02024316,2178,17398,0.05922865,0.05851247,0.00071618,1.01223974,1565,12426,0.04472843,0.04305488,0.00167355,1.03887014,1.03437277
d1,bear,1,superbb_expand,3389,11928,0.27058129,0.24765258,0.02292871,1.09258418,787,2969,0.27445997,0.24890536,0.02555462,1.10266802,603,2123,0.21890547,0.20960904,0.00929643,1.04435128,1.03420506
h4,bull,24,strong_close_bull,13844,65615,0.58848599,0.59038330,-0.00189731,0.99678631,3536,16040,0.55825792,0.58086035,-0.02260243,0.96108801,2688,11303,0.55617560,0.53357516,0.02260044,1.04235662,1.03394270
d1,bull,3,fib_time_8,1919,13398,0.51016154,0.49686520,0.01329634,1.02676045,472,3284,0.47457627,0.48538368,-0.01080741,0.97773430,340,2386,0.45588235,0.43880972,0.01707263,1.03890668,1.03388960
d1,bull,1,superbb_expand,3389,11928,0.26704042,0.24991616,0.01712426,1.06852002,787,2969,0.27191868,0.24486359,0.02705509,1.11049045,603,2123,0.20398010,0.19547810,0.00850200,1.04349338,1.03354972
d1,bull,1,sma200_bull,7189,8128,0.28446237,0.22650098,0.05796139,1.25589906,2245,1511,0.23207127,0.27796161,-0.04589035,0.83490402,1874,852,0.20384205,0.18309859,0.02074346,1.11329119,1.03285023
h4,bull,6,elliott_impulse_bull,7054,72405,0.29330876,0.29236931,0.00093945,1.00321323,1643,17933,0.29032258,0.28266325,0.00765933,1.02709703,1274,12717,0.23783359,0.22961390,0.00821969,1.03579789,1.03243246
h4,bull,6,vertical_day_open,12868,66591,0.29538390,0.29188629,0.00349761,1.01198277,3166,16410,0.28806064,0.28238879,0.00567186,1.02008528,2258,11733,0.23782108,0.22892696,0.00889412,1.03885135,1.03237814
h4,bear,6,horizontal_resistance_near,5230,74229,0.30191205,0.28793329,0.01397876,1.04854860,1270,18306,0.26299213,0.27941658,-0.01642446,0.94121874,1006,12985,0.24353877,0.23542549,0.00811328,1.03446218,1.03190518
h4,bull,6,superbb_expand,18448,61011,0.29688855,0.29111144,0.00577711,1.01984502,4476,15100,0.29200179,0.28072848,0.01127331,1.04015735,3307,10684,0.23767765,0.22809809,0.00957956,1.04199756,1.03175552
h4,bear,12,horizontal_break_down,2555,76904,0.43992172,0.42900239,0.01091933,1.02545284,496,19080,0.38911290,0.40880503,-0.01969213,0.95183002,376,13615,0.37765957,0.36577304,0.01188653,1.03249701,1.03159608
h4,bull,6,elliott_wave5_bull,5615,73844,0.29385574,0.29234603,0.00150972,1.00516414,1274,18302,0.30141287,0.28204568,0.01936719,1.06866687,1044,12947,0.23754789,0.22978296,0.00776493,1.03379246,1.03119223
d1,bull,1,range_tight,870,14447,0.23103448,0.25507026,-0.02403577,0.90576803,327,3429,0.25382263,0.25021872,0.00360391,1.01440303,172,2554,0.20348837,0.19694597,0.00654240,1.03321929,1.03105818
d1,bear,20,engulf_bear,1179,14138,0.78456319,0.77988400,0.00467919,1.00599985,297,3459,0.75084175,0.76467187,-0.01383012,0.98191365,219,2507,0.74429224,0.72038293,0.02390931,1.03318972,1.03044217
h4,bull,3,stoch_bull,39592,39867,0.16222974,0.15885319,0.00337656,1.02125583,9803,9773,0.16698970,0.16177223,0.00521747,1.03225193,7056,6935,0.12414966,0.11679885,0.00735081,1.06293567,1.03023600
d1,bear,5,elliott_wave3_bear,888,14429,0.55968468,0.58361633,-0.02393164,0.95899422,162,3594,0.50000000,0.55091820,-0.05091820,0.90757576,117,2609,0.51282051,0.49712534,0.01569518,1.03157187,1.03017592
d1,bull,3,elliott_wave4_bull,1293,14024,0.50038670,0.49835995,0.00202674,1.00406683,371,3385,0.42318059,0.49069424,-0.06751365,0.86241199,229,2497,0.45414847,0.43972767,0.01442080,1.03279484,1.02995735
d1,bull,5,rectangle_range,7923,7394,0.61214187,0.60549094,0.00665093,1.01098435,2085,1671,0.60239808,0.60143627,0.00096182,1.00159920,1356,1370,0.58259587,0.54890511,0.03369076,1.06137811,1.02993278
d1,bear,1,ll20,1702,13615,0.26145711,0.25163423,0.00982288,1.03903635,327,3429,0.28134557,0.25167687,0.02966869,1.11788406,257,2469,0.21789883,0.21101661,0.00688223,1.03261462,1.02944925
d1,bull,10,ichimoku_cloud_bull,7734,7583,0.72291182,0.70855862,0.01435320,1.02025690,2167,1589,0.73096447,0.73820013,-0.00723566,0.99019824,1613,1113,0.70303782,0.65408805,0.04894977,1.07483666,1.02925945
h4,bear,3,ichimoku_tk_bear,36422,43037,0.16410411,0.16625229,-0.00214818,0.98707879,8777,10799,0.17363564,0.17029355,0.00334209,1.01962548,5897,8094,0.13837545,0.13157895,0.00679650,1.05165338,1.02924554
h4,bull,24,elliott_wave5_bull,5615,73844,0.58788958,0.59021721,-0.00232763,0.99605631,1274,18302,0.57535322,0.57687684,-0.00152363,0.99735884,1044,12947,0.55363985,0.53664942,0.01699043,1.03166020,1.02922869
h4,bear,3,fib_below618,29444,50015,0.16020242,0.16824953,-0.00804711,0.95217159,6614,12962,0.17402480,0.17065268,0.00337212,1.01976013,4590,9401,0.13834423,0.13253909,0.00580513,1.04379942,1.02901333
h4,bear,3,fib_fan_down,29444,50015,0.16020242,0.16824953,-0.00804711,0.95217159,6614,12962,0.17402480,0.17065268,0.00337212,1.01976013,4590,9401,0.13834423,0.13253909,0.00580513,1.04379942,1.02901333
h4,bull,24,ellipse_compression,4550,74909,0.60351648,0.58923494,0.01428155,1.02423744,808,18768,0.51113861,0.57960358,-0.06846497,0.88187622,654,13337,0.55351682,0.53715228,0.01636454,1.03046536,1.02899998
d1,bull,3,inside_bar,3028,12289,0.51519155,0.49442591,0.02076564,1.04199949,724,3032,0.50828729,0.47823219,0.03005510,1.06284626,518,2208,0.45366795,0.43795290,0.01571506,1.03588298,1.02886759
h4,bear,12,elliott_wave2_bear,7736,71723,0.43691830,0.42853757,0.00838074,1.01955660,2070,17506,0.41690821,0.40728893,0.00961928,1.02361784,1439,12552,0.37665045,0.36488209,0.01176836,1.03225250,1.02883961
h4,bear,6,span_model_bear,25292,54167,0.27609521,0.29481049,-0.01871529,0.93651757,5597,13979,0.26460604,0.28385435,-0.01924831,0.93218947,3943,10048,0.24270860,0.23337978,0.00932882,1.03997270,1.02838764
h4,bull,6,channel_breakout_up,5109,74350,0.30436485,0.29163416,0.01273068,1.04365292,1251,18325,0.28457234,0.28321965,0.00135270,1.00477614,963,13028,0.23676012,0.22988947,0.00687066,1.02988678,1.02777254
h4,bull,6,breakout_up20,5109,74350,0.30436485,0.29163416,0.01273068,1.04365292,1251,18325,0.28457234,0.28321965,0.00135270,1.00477614,963,13028,0.23676012,0.22988947,0.00687066,1.02988678,1.02777254
h4,bull,6,retest_up,5106,74353,0.30415198,0.29164929,0.01250268,1.04286890,1240,18336,0.28145161,0.28343150,-0.00197989,0.99301458,959,13032,0.23670490,0.22989564,0.00680926,1.02961891,1.02753282
h4,bull,6,structure_bull_transition,26921,52538,0.30281193,0.28714454,0.01566739,1.05456272,6681,12895,0.28887891,0.28041877,0.00846014,1.03016968,4919,9072,0.23663346,0.22696208,0.00967138,1.04261232,1.02722270
h4,bull,12,inside_bar,13185,66274,0.45324232,0.44082144,0.01242088,1.02817668,3015,16561,0.43051410,0.42406859,0.00644550,1.01519920,2227,11764,0.39155815,0.37929276,0.01226539,1.03233753,1.02705101
d1,bull,5,elliott_wave4_bull,1293,14024,0.59783449,0.60995436,-0.01211987,0.98012987,371,3385,0.53908356,0.60886263,-0.06977907,0.88539439,229,2497,0.58078603,0.56427713,0.01650889,1.02925671,1.02673327
d1,bull,5,elliott_pullback_bull,2791,12526,0.60874239,0.60897334,-0.00023095,0.99962076,735,3021,0.56598639,0.61072493,-0.04473853,0.92674520,522,2204,0.58045977,0.56215971,0.01830006,1.03255313,1.02615651
h4,bull,12,rectangle_range,39635,39824,0.44160464,0.44415428,-0.00254964,0.99425957,10157,9419,0.42729152,0.42265633,0.00463519,1.01096681,7224,6767,0.39105759,0.37076991,0.02028767,1.05471769,1.02573804
d1,bull,5,elliott_wave2_bull,1498,13819,0.61815754,0.60793111,0.01022643,1.01682170,364,3392,0.59340659,0.60288915,-0.00948256,0.98427147,293,2433,0.58020478,0.56391286,0.01629191,1.02889083,1.02570572
d1,bear,1,retest_down,821,14496,0.26674787,0.25193157,0.01481630,1.05881082,130,3626,0.27692308,0.25344732,0.02347575,1.09262576,129,2597,0.21705426,0.21139777,0.00565650,1.02675760,1.02545914
h4,bull,24,structure_bull_transition,26921,52538,0.59288288,0.58860254,0.00428034,1.00727205,6681,12895,0.57386619,0.57828616,-0.00441997,0.99235678,4919,9072,0.55153486,0.53053351,0.02100136,1.03958535,1.02531548
d1,bull,1,strong_close_bull,2931,12386,0.26987376,0.24987890,0.01999487,1.08001823,697,3059,0.25968436,0.24844720,0.01123716,1.04522956,514,2212,0.20233463,0.19620253,0.00613210,1.03125392,1.02521227
h4,bull,6,fib_time_5,15895,63564,0.29241900,0.29246114,-0.00004214,0.99985591,3916,15660,0.28472932,0.28295019,0.00177912,1.00628776,2799,11192,0.23615577,0.22891351,0.00724226,1.03163754,1.02514905
d1,bear,5,elliott_pullback_bear,2796,12521,0.59442060,0.57950643,0.01491417,1.02573599,729,3027,0.53360768,0.55236207,-0.01875439,0.96604692,488,2238,0.51024590,0.49508490,0.01516100,1.03062304,1.02500393
h4,bear,6,sma20_bear,38151,41308,0.28114597,0.29597172,-0.01482575,0.94990821,9223,10353,0.28938523,0.26852120,0.02086403,1.07769975,6313,7678,0.24188183,0.23117999,0.01070184,1.04629223,1.02488452
h4,bear,6,bb_bear,38151,41308,0.28114597,0.29597172,-0.01482575,0.94990821,9223,10353,0.28938523,0.26852120,0.02086403,1.07769975,6313,7678,0.24188183,0.23117999,0.01070184,1.04629223,1.02488452
h4,bear,12,ll20,8702,70757,0.42438520,0.42996453,-0.00557933,0.98702375,2058,17518,0.40330418,0.40889371,-0.00558953,0.98633011,1322,12669,0.37518911,0.36514326,0.01004584,1.02751206,1.02484787
d1,bear,3,rectangle_range,7923,7394,0.47115991,0.48065999,-0.00950008,0.98023534,2085,1671,0.44028777,0.46918013,-0.02889236,0.93841947,1356,1370,0.42256637,0.40218978,0.02037659,1.05066412,1.02483624
d1,bull,3,superbb_squeeze,3146,12171,0.47774952,0.50390272,-0.02615320,0.94809872,952,2804,0.53781513,0.46576320,0.07205193,1.15469649,611,2115,0.45171849,0.43782506,0.01389344,1.03173285,1.02444644
d1,bull,10,sma_stack_bull,4558,10759,0.73935937,0.70582768,0.03353169,1.04750691,1511,2245,0.73792191,0.73140312,0.00651879,1.00891272,1139,1587,0.69973661,0.67107750,0.02865911,1.04270610,1.02442642
h4,bull,12,fib_time_8,9937,69522,0.44439972,0.44266563,0.00173409,1.00391737,2448,17128,0.42156863,0.42556049,-0.00399186,0.99061976,1749,12242,0.39050886,0.37992158,0.01058728,1.02786702,1.02429874
h4,bull,24,engulf_bull,6251,73208,0.59670453,0.58948476,0.00721977,1.01224760,1475,18101,0.56813559,0.57748191,-0.00934631,0.98381540,1002,12989,0.55089820,0.53691585,0.01398235,1.02604198,1.02413191
h4,bear,6,rci_bear,37757,41702,0.27978918,0.29706009,-0.01727091,0.94186054,9242,10334,0.29723004,0.26146700,0.03576303,1.13677839,6413,7578,0.24169655,0.23119557,0.01050099,1.04542037,1.02409948
d1,bull,10,rectangle_range,7923,7394,0.71866717,0.71274006,0.00592711,1.00831595,2085,1671,0.73525180,0.73249551,0.00275629,1.00376287,1356,1370,0.69911504,0.66715328,0.03196176,1.04790767,1.02351644
d1,bull,20,nr4,3717,11600,0.80279796,0.79344828,0.00934968,1.01178360,965,2791,0.84248705,0.83088499,0.01160206,1.01396350,695,2031,0.78992806,0.76563269,0.02429536,1.03173240,1.02345242
h4,bear,12,elliott_pullback_bear,14437,65022,0.42744337,0.42977761,-0.00233424,0.99456873,3767,15809,0.41544996,0.40660383,0.00884613,1.02175613,2627,11364,0.37457175,0.36413235,0.01043941,1.02866927,1.02316154
d1,bull,5,engulf_bull,1017,14300,0.60176991,0.60944056,-0.00767065,0.98741362,266,3490,0.60526316,0.60171920,0.00354396,1.00588972,159,2567,0.57861635,0.56486171,0.01375465,1.02435047,1.02289765
h4,bull,3,elliott_impulse_bull,7054,72405,0.15452226,0.16112147,-0.00659921,0.95904200,1643,17933,0.16250761,0.16455696,-0.00204935,0.98754623,1274,12717,0.12323391,0.12023276,0.00300115,1.02496116,1.02263679
h4,bear,24,fib_time_13,6117,73342,0.58198463,0.57062802,0.01135662,1.01990196,1507,18069,0.53417386,0.53672035,-0.00254649,0.99525545,1075,12916,0.50604651,0.49411583,0.01193069,1.02414553,1.02224902
h4,bear,3,stoch_cross_down,15645,63814,0.17200384,0.16361613,0.00838770,1.05126451,3929,15647,0.17612624,0.17070365,0.00542259,1.03176611,2744,11247,0.13739067,0.13372455,0.00366612,1.02741547,1.02192072
h4,bear,3,vertical_week_open,2497,76962,0.18141770,0.16474364,0.01667406,1.10121217,624,18952,0.18750000,0.17127480,0.01622520,1.09473198,444,13547,0.13738739,0.13434709,0.00304030,1.02263019,1.02189630
h4,bull,6,stoch_bull,39592,39867,0.29796424,0.28697921,0.01098503,1.03827814,9803,9773,0.28226053,0.28435486,-0.00209432,0.99263483,7056,6935,0.23540249,0.22523432,0.01016818,1.04514488,1.02187909
d1,bear,3,dmi_adx_strong_bear,3079,12238,0.45501786,0.48096094,-0.02594308,0.94605991,684,3072,0.42105263,0.46028646,-0.03923383,0.91476215,553,2173,0.42133816,0.41003221,0.01130594,1.02757330,1.02185748
h4,bear,6,elliott_wave2_bear,7736,71723,0.29201138,0.28851275,0.00349862,1.01212641,2070,17506,0.28357488,0.27773335,0.00584153,1.02103287,1439,12552,0.24113968,0.23542065,0.00571903,1.02429281,1.02173994
h4,bull,12,structure_bull_transition,26921,52538,0.45299209,0.43770223,0.01528985,1.03493209,6681,12895,0.42942673,0.42279953,0.00662720,1.01567456,4919,9072,0.38951006,0.37676367,0.01274639,1.03383127,1.02167891
h4,bear,12,dmi_adx_bear,18828,60631,0.41677289,0.43326021,-0.01648732,0.96194591,4222,15354,0.36736144,0.41956493,-0.05220349,0.87557708,3730,10261,0.37399464,0.36321996,0.01077468,1.02966434,1.02158512
h4,bull,24,stoch_cross_up,15634,63825,0.59306639,0.58931453,0.00375186,1.00636648,3924,15652,0.57339450,0.57762586,-0.00423137,0.99267455,2741,11250,0.54943451,0.53511111,0.01432340,1.02676715,1.02141088
h4,bull,3,rectangle_range,39635,39824,0.15670493,0.16434813,-0.00764320,0.95349385,10157,9419,0.16560008,0.16307464,0.00252544,1.01548642,7224,6767,0.12306202,0.11777745,0.00528457,1.04486908,1.02121036
d1,bull,20,superbb_expand,3389,11928,0.79905577,0.79476861,0.00428716,1.00539422,787,2969,0.85006353,0.82957225,0.02049129,1.02470103,603,2123,0.78772803,0.76731041,0.02041762,1.02660933,1.02060200
d1,bull,10,fib_time_8,1919,13398,0.70922355,0.71674877,-0.00752521,0.98950090,472,3284,0.73940678,0.73325213,0.00615465,1.00839363,340,2386,0.69705882,0.68105616,0.01600266,1.02349683,1.02050610
d1,bear,10,stoch_fall_down,1033,14284,0.71636012,0.69329320,0.02306692,1.03327152,283,3473,0.68197880,0.67232940,0.00964940,1.01435219,212,2514,0.63207547,0.61853620,0.01353927,1.02188922,1.02015260
h4,bear,3,rci_cross_down,2913,76546,0.17645039,0.16484206,0.01160834,1.07042098,688,18888,0.18604651,0.17127277,0.01477375,1.08625858,525,13466,0.13714286,0.13433833,0.00280452,1.02087657,1.02007747
h4,bull,3,horizontal_break_up,3267,76192,0.18640955,0.15942619,0.02698336,1.16925302,757,18819,0.16512550,0.16435517,0.00077032,1.00468694,635,13356,0.12283465,0.12039533,0.00243932,1.02026090,1.01932356
h4,bull,24,channel_breakout_up,5109,74350,0.59170092,0.58993948,0.00176144,1.00298581,1251,18325,0.55555556,0.57822647,-0.02267091,0.96079233,963,13028,0.54828660,0.53715075,0.01113585,1.02073133,1.01927689
h4,bull,24,breakout_up20,5109,74350,0.59170092,0.58993948,0.00176144,1.00298581,1251,18325,0.55555556,0.57822647,-0.02267091,0.96079233,963,13028,0.54828660,0.53715075,0.01113585,1.02073133,1.01927689
d1,bear,5,rectangle_range,7923,7394,0.57793765,0.58682716,-0.00888951,0.98485157,2085,1671,0.53237410,0.56912029,-0.03674619,0.93543336,1356,1370,0.50737463,0.48832117,0.01905346,1.03901830,1.01923599
d1,bear,10,rectangle_range,7923,7394,0.68383188,0.70665404,-0.02282216,0.96770391,2085,1671,0.65995204,0.68940754,-0.02945550,0.95727418,1356,1370,0.63126844,0.60802920,0.02323924,1.03822060,1.01885006
d1,bear,3,engulf_bear,1179,14138,0.48176421,0.47524402,0.00652018,1.01371965,297,3459,0.43771044,0.45446661,-0.01675617,0.96313003,219,2507,0.42009132,0.41164739,0.00844394,1.02051255,1.01883359
h4,bull,12,strong_close_bull,13844,65615,0.45001445,0.44137773,0.00863671,1.01956762,3536,16040,0.41063348,0.42824190,-0.01760841,0.95888209,2688,11303,0.38839286,0.37954525,0.00884760,1.02331106,1.01874849
h4,bear,24,inside_2,1938,77521,0.57791538,0.57134196,0.00657342,1.01150522,318,19258,0.51886792,0.53681587,-0.01794794,0.96656592,234,13757,0.50427350,0.49487534,0.00939817,1.01899098,1.01866743
d1,bull,20,elliott_wave4_bull,1293,14024,0.79814385,0.79549344,0.00265041,1.00333178,371,3385,0.80323450,0.83722304,-0.03398854,0.95940324,229,2497,0.78602620,0.77052463,0.01550157,1.02011820,1.01839706
h4,bear,12,inside_bar,13185,66274,0.43208191,0.42881069,0.00327122,1.00762858,3015,16561,0.40298507,0.40927480,-0.00628973,0.98463202,2227,11764,0.37269870,0.36484189,0.00785681,1.02153483,1.01804519
h4,bear,3,engulf_bear,6066,73393,0.17738213,0.16426635,0.01311578,1.07984461,1483,18093,0.20836143,0.16879456,0.03956687,1.23440843,1118,12873,0.13685152,0.13423444,0.00261708,1.01949631,1.01791049
h4,bull,12,fib_time_5,15895,63564,0.44083045,0.44339563,-0.00256518,0.99421469,3916,15660,0.42236977,0.42573436,-0.00336459,0.99209697,2799,11192,0.38799571,0.37955683,0.00843889,1.02223353,1.01770679
d1,bull,20,elliott_wave3_bull,863,14454,0.77520278,0.79694202,-0.02173924,0.97272168,202,3554,0.78712871,0.83652223,-0.04939352,0.94095373,177,2549,0.78531073,0.77089055,0.01442019,1.01870588,1.01747009
d1,bull,10,inside_bar,3028,12289,0.72523118,0.71348360,0.01174757,1.01646509,724,3032,0.75966851,0.72790237,0.03176613,1.04364065,518,2208,0.69498069,0.68025362,0.01472707,1.02164938,1.01746368
h4,bear,12,compression,10205,69254,0.41234689,0.43185953,-0.01951264,0.95481715,2300,17276,0.40869565,0.40825423,0.00044143,1.00108125,1635,12356,0.37247706,0.36524765,0.00722941,1.01979318,1.01743979
d1,bear,5,fib_time_5,3066,12251,0.57729941,0.58346257,-0.00616316,0.98943692,756,3000,0.54497354,0.54966667,-0.00469312,0.99146188,543,2183,0.50644567,0.49564819,0.01079748,1.02178457,1.01736986
d1,bull,10,superbb_expand,3389,11928,0.73207436,0.71118377,0.02089059,1.02937439,787,2969,0.73824651,0.73290670,0.00533980,1.00728579,603,2123,0.69485904,0.67969854,0.01516050,1.02230474,1.01728557
d1,bear,10,superbb_squeeze,3146,12171,0.68213605,0.69813491,-0.01599887,0.97708342,952,2804,0.63340336,0.68651926,-0.05311590,0.92263014,611,2115,0.63011457,0.61654846,0.01356610,1.02200330,1.01698775
h4,bear,6,rci_cross_down,2913,76546,0.30175077,0.28836255,0.01338822,1.04642842,688,18888,0.31104651,0.27716010,0.03388641,1.12226294,525,13466,0.24000000,0.23585326,0.00414674,1.01758186,1.01691096
h4,bull,3,fib_time_5,15895,63564,0.15690469,0.16144358,-0.00453890,0.97188555,3916,15660,0.16521961,0.16417625,0.00104337,1.00635516,2799,11192,0.12254377,0.11999643,0.00254734,1.02122846,1.01690974
h4,bear,6,sma50_bear,37893,41566,0.28527696,0.29211375,-0.00683678,0.97659548,8843,10733,0.27875155,0.27802106,0.00073050,1.00262749,6147,7844,0.23995445,0.23291688,0.00703757,1.03021494,1.01671796
d1,bear,20,fib_time_13,1187,14130,0.77085088,0.78103326,-0.01018238,0.98696294,289,3467,0.79584775,0.76088838,0.03495937,1.04594547,207,2519,0.73429952,0.72131798,0.01298153,1.01799696,1.01660766
d1,bull,10,elliott_wave4_bull,1293,14024,0.72003094,0.71541643,0.00461451,1.00645010,371,3385,0.69272237,0.73855244,-0.04583007,0.93794609,229,2497,0.69432314,0.68201842,0.01230472,1.01804163,1.01650102
h4,bear,12,elliott_wave4_bear,6701,72758,0.41650500,0.43053685,-0.01403185,0.96740848,1697,17879,0.41367118,0.40779686,0.00587433,1.01440503,1188,12803,0.37205387,0.36553933,0.00651455,1.01782174,1.01628382
h4,bull,24,gap_proxy_up,391,79068,0.59335038,0.59003642,0.00331396,1.00561653,120,19456,0.60833333,0.57658306,0.03175027,1.05506626,75,13916,,,,,1.01626539
h4,bull,1,stoch_bull,39592,39867,0.05056577,0.04913839,0.00142739,1.02904828,9803,9773,0.05335101,0.05085439,0.00249662,1.04909350,7056,6935,0.03231293,0.03129056,0.00102237,1.03267344,1.01593289
h4,bull,1,hh20,10015,69444,0.05921118,0.04849951,0.01071167,1.22086146,2615,16961,0.05621415,0.05147102,0.00474313,1.09215141,1857,12134,0.03231018,0.03172903,0.00058115,1.01831609,1.01584651
h4,bull,24,retest_up,5106,74353,0.59146103,0.58995602,0.00150501,1.00255105,1240,18336,0.55403226,0.57831588,-0.02428362,0.95800976,959,13032,0.54640250,0.53729282,0.00910968,1.01695479,1.01577430
h4,bull,3,structure_bull_transition,26921,52538,0.16188106,0.15984621,0.00203485,1.01273007,6681,12895,0.16958539,0.16169058,0.00789481,1.04882668,4919,9072,0.12238260,0.11948854,0.00289406,1.02422042,1.01557232
d1,bull,10,elliott_pullback_bull,2791,12526,0.71873880,0.71515248,0.00358632,1.00501476,735,3021,0.70068027,0.74213836,-0.04145809,0.94413698,522,2204,0.69348659,0.68058076,0.01290583,1.01896296,1.01527629
h4,bull,3,ellipse_compression,4550,74909,0.13164835,0.16229025,-0.03064189,0.81119079,808,18768,0.14727723,0.16512148,-0.01784426,0.89193256,654,13337,0.12232416,0.12041689,0.00190727,1.01583892,1.01508737
h4,bull,24,fib_time_8,9937,69522,0.58891013,0.59021605,-0.00130591,0.99778740,2448,17128,0.57352941,0.57724194,-0.00371253,0.99356850,1749,12242,0.54602630,0.53675870,0.00926760,1.01726586,1.01507494
d1,bear,1,stoch_bear,7295,8022,0.24482522,0.25991025,-0.01508502,0.94196064,1882,1874,0.26089267,0.24759872,0.01329395,1.05369151,1299,1427,0.21478060,0.20882971,0.00595089,1.02849637,1.01471736
h4,bear,6,stoch_bear,38909,40550,0.29242592,0.28542540,0.00700052,1.02452661,9674,9902,0.28064916,0.27610584,0.00454333,1.01645501,6882,7109,0.23946527,0.23266282,0.00680245,1.02923737,1.01464525
h4,bear,24,stoch_cross_down,15645,63814,0.57078939,0.57167706,-0.00088767,0.99844725,3929,15647,0.53754136,0.53626893,0.00127243,1.00237274,2744,11247,0.50218659,0.49328710,0.00889949,1.01804120,1.01445171
d1,bull,10,elliott_wave2_bull,1498,13819,0.71762350,0.71560894,0.00201455,1.00281516,364,3392,0.70879121,0.73673349,-0.02794228,0.96207274,293,2433,0.69283276,0.68187423,0.01095854,1.01607120,1.01431907
d1,bull,5,sma200_bull,7189,8128,0.64209209,0.57960138,0.06249071,1.10781670,2245,1511,0.59064588,0.61879550,-0.02814962,0.95450901,1874,852,0.57363927,0.54812207,0.02551721,1.04655388,1.01409900
d1,bear,20,nr7,1550,13767,0.76645161,0.78179705,-0.01534544,0.98037158,364,3392,0.76648352,0.76326651,0.00321701,1.00421479,314,2412,0.73248408,0.72097844,0.01150564,1.01595836,1.01409426
h4,bear,6,fib_below382,45560,33899,0.28439421,0.29484646,-0.01045225,0.96455019,10670,8906,0.27497657,0.28239389,-0.00741732,0.97373413,7454,6537,0.23933459,0.23221661,0.00711797,1.03065230,1.01409152
h4,bear,12,shape_triangle_proxy,9430,70029,0.39766702,0.43362036,-0.03595334,0.91708568,2178,17398,0.40404040,0.40884010,-0.00479969,0.98826022,1565,12426,0.37124601,0.36544343,0.00580258,1.01587819,1.01407709
h4,bear,12,fib_time_13,6117,73342,0.43763283,0.42866298,0.00896985,1.02092518,1507,18069,0.40875912,0.40826830,0.00049082,1.00120220,1075,12916,0.37116279,0.36567049,0.00549230,1.01501982,1.01384979
d1,bull,20,rectangle_range,7923,7394,0.79793008,0.79334596,0.00458412,1.00577821,2085,1671,0.82925659,0.83961700,-0.01036040,0.98766056,1356,1370,0.78244838,0.76131387,0.02113451,1.02776057,1.01376154
d1,bear,10,fib_time_13,1187,14130,0.68491997,0.69568294,-0.01076298,0.98452890,289,3467,0.69896194,0.67089703,0.02806491,1.04183192,207,2519,0.62801932,0.61889639,0.00912294,1.01474065,1.01360608
d1,bear,10,fib_time_5,3066,12251,0.69960861,0.69365766,0.00595095,1.00857909,756,3000,0.66798942,0.67433333,-0.00634392,0.99059232,543,2183,0.62799263,0.61749885,0.01049378,1.01699401,1.01356301
d1,bull,10,superbb_squeeze,3146,12171,0.70502225,0.71859338,-0.01357113,0.98111432,952,2804,0.79411765,0.71362340,0.08049425,1.11279654,611,2115,0.69230769,0.68037825,0.01192944,1.01753354,1.01355036
d1,bear,5,rci_cross_down,542,14775,0.54981550,0.58341794,-0.03360244,0.94240417,152,3604,0.51315789,0.55022198,-0.03706408,0.93263795,111,2615,0.50450450,0.49751434,0.00699016,1.01405018,1.01347036
d1,bull,1,superbb_bull,34,15283,,,,,8,3748,,,,,5,2721,,,,,1.01338290
h4,bull,24,nr7,12186,67273,0.59568357,0.58903275,0.00665082,1.01129109,3004,16572,0.55992011,0.57983345,-0.01991335,0.96565678,2086,11905,0.54506232,0.53666527,0.00839705,1.01564672,1.01328288
h4,bear,24,retest_down,4115,75344,0.56597813,0.57180399,-0.00582586,0.98981143,889,18687,0.51293588,0.53764649,-0.02471061,0.95403930,632,13359,0.50158228,0.49472266,0.00685962,1.01386559,1.01323096
h4,bear,24,channel_breakout_down,4118,75341,0.56629432,0.57178694,-0.00549262,0.99039393,896,18680,0.51227679,0.53768737,-0.02541058,0.95274098,640,13351,0.50156250,0.49471950,0.00684300,1.01383209,1.01319101
h4,bear,24,breakout_down20,4118,75341,0.56629432,0.57178694,-0.00549262,0.99039393,896,18680,0.51227679,0.53768737,-0.02541058,0.95274098,640,13351,0.50156250,0.49471950,0.00684300,1.01383209,1.01319101
h4,bear,3,sma200_bear,36593,42866,0.16437570,0.16602902,-0.00165332,0.99004198,7643,11933,0.17349208,0.17070309,0.00278899,1.01633826,6065,7926,0.13619126,0.13310623,0.00308503,1.02317719,1.01299944
d1,bull,20,inside_bar,3028,12289,0.79689564,0.79542680,0.00146884,1.00184660,724,3032,0.85911602,0.82783641,0.03127961,1.03778477,518,2208,0.78185328,0.76947464,0.01237864,1.01608714,1.01299052
h4,bear,24,dmi_adx_strong_bear,19842,59617,0.55866344,0.57577537,-0.01711192,0.97028021,4783,14793,0.49989546,0.54836747,-0.04847201,0.91160670,3771,10220,0.50145850,0.49266145,0.00879705,1.01785618,1.01298092
d1,bull,10,engulf_bull,1017,14300,0.70698132,0.71643357,-0.00945225,0.98680652,266,3490,0.76315789,0.73180516,0.03135274,1.04284301,159,2567,0.69182390,0.68250877,0.00931513,1.01364837,1.01284208
h4,bull,3,strong_close_bull,13844,65615,0.15775787,0.16112169,-0.00336382,0.97912248,3536,16040,0.16006787,0.16533666,-0.00526879,0.96813299,2688,11303,0.12202381,0.12014509,0.00187872,1.01563705,1.01259497
h4,bull,12,rci_cross_up,2910,76549,0.44845361,0.44267071,0.00578290,1.01306366,694,18882,0.45389049,0.42400169,0.02988880,1.07049216,526,13465,0.38593156,0.38106201,0.00486955,1.01277888,1.01229255
d1,bull,10,vertical_week_open,2508,12809,0.72488038,0.71402920,0.01085118,1.01519712,624,3132,0.73397436,0.73403576,-0.00006140,0.99991635,444,2282,0.69144144,0.68141981,0.01002163,1.01470699,1.01228215
d1,bear,5,inside_bar,3028,12289,0.60204756,0.57734559,0.02470196,1.04278540,724,3032,0.54972376,0.54848285,0.00124091,1.00226244,518,2208,0.50386100,0.49637681,0.00748419,1.01507764,1.01217767
d1,bear,10,elliott_pullback_bear,2796,12521,0.70064378,0.69355483,0.00708895,1.01022118,729,3027,0.65980796,0.67624711,-0.01643915,0.97569061,488,2238,0.62704918,0.61796247,0.00908671,1.01470431,1.01204030
d1,bull,3,superbb_expand,3389,11928,0.51873709,0.49279007,0.02594702,1.05265329,787,2969,0.49682338,0.48063321,0.01619017,1.03368508,603,2123,0.44610282,0.43947244,0.00663037,1.01508712,1.01171072
d1,bear,3,fib_time_zone,5417,9900,0.47258630,0.47747475,-0.00488845,0.98976188,1342,2414,0.45976155,0.44946147,0.01030008,1.02291648,959,1767,0.41710115,0.40973401,0.00736713,1.01798029,1.01158161
h4,bear,24,superbb_expand,18448,61011,0.58288161,0.56806150,0.01482012,1.02608893,4476,15100,0.54669348,0.53350993,0.01318354,1.02471096,3307,10684,0.50045358,0.49335455,0.00709903,1.01438932,1.01095092
h4,bull,1,fib_time_5,15895,63564,0.05026738,0.04974514,0.00052224,1.01049833,3916,15660,0.05158325,0.05223499,-0.00065175,0.98752282,2799,11192,0.03215434,0.03171909,0.00043526,1.01372220,1.01094693
h4,bull,24,inside_bar,13185,66274,0.59848312,0.58837553,0.01010759,1.01717881,3015,16561,0.58606965,0.57508605,0.01098361,1.01909907,2227,11764,0.54378087,0.53680721,0.00697366,1.01299100,1.01090063
h4,bull,3,fib_time_zone,28118,51341,0.15982645,0.16092402,-0.00109757,0.99317956,6930,12646,0.16075036,0.16637672,-0.00562636,0.96618301,4950,9041,0.12181818,0.11978763,0.00203055,1.01695123,1.01088860
h4,bear,1,stoch_fall_down,5373,74086,0.06197655,0.05361337,0.00836318,1.15599059,1334,18242,0.05922039,0.05854621,0.00067418,1.01151531,984,13007,0.04369919,0.04320750,0.00049168,1.01137958,1.01057079
h4,bear,6,ichimoku_bear,32353,47106,0.28056131,0.29454847,-0.01398716,0.95251322,7186,12390,0.26816031,0.28426150,-0.01610119,0.94335783,5036,8955,0.23848292,0.23461753,0.00386539,1.01647529,1.01048291
h4,bear,12,stoch_cross_down,15645,63814,0.42972196,0.42926317,0.00045878,1.00106877,3929,15647,0.41206414,0.40736243,0.00470170,1.01154182,2744,11247,0.36989796,0.36516404,0.00473392,1.01296380,1.01039484
h4,bear,24,triangle_breakout_down,194,79265,0.57731959,0.57148805,0.00583154,1.01020414,42,19534,,,,,22,13969,,,,,1.01003465
h4,bull,12,fib_time_zone,28118,51341,0.44242122,0.44313512,-0.00071389,0.99838900,6930,12646,0.42005772,0.42780326,-0.00774554,0.98189463,4950,9041,0.38505051,0.37916160,0.00588891,1.01553139,1.00998156
h4,bull,24,elliott_impulse_bull,7054,72405,0.58293167,0.59074650,-0.00781483,0.98677127,1643,17933,0.58003652,0.57647912,0.00355740,1.00617091,1274,12717,0.54317111,0.53739089,0.00578022,1.01075608,1.00976708
d1,bear,20,compression,1482,13835,0.80296896,0.77780990,0.02515906,1.03234602,354,3402,0.75423729,0.76455026,-0.01031298,0.98651106,314,2412,0.72929936,0.72139303,0.00790633,1.01095981,1.00968515
d1,bull,20,vertical_week_open,2508,12809,0.79864434,0.79514404,0.00350030,1.00440209,624,3132,0.83173077,0.83429119,-0.00256042,0.99693103,444,2282,0.77927928,0.77037686,0.00890242,1.01155592,1.00965557
h4,bear,6,trendline_down,38169,41290,0.28007021,0.29697263,-0.01690242,0.94308426,9325,10251,0.28718499,0.27031509,0.01686990,1.06240826,6258,7733,0.23825503,0.23419113,0.00406390,1.01735294,1.00951732
h4,bear,24,fib_time_8,9937,69522,0.57069538,0.57161762,-0.00092224,0.99838662,2448,17128,0.54084967,0.53590612,0.00494355,1.00922467,1749,12242,0.49971412,0.49436367,0.00535046,1.01082292,1.00945716
h4,bear,12,range_compression,62805,16654,0.42958363,0.42848565,0.00109798,1.00256247,15685,3891,0.41039209,0.39989720,0.01049490,1.02624398,11265,2726,0.36955171,0.35179751,0.01775420,1.05046711,1.00944904
d1,bull,3,sma200_bull,7189,8128,0.53428850,0.46690453,0.06738397,1.14432066,2245,1511,0.47260579,0.50099272,-0.02838693,0.94333864,1874,852,0.44503735,0.43192488,0.01311247,1.03035822,1.00929436
d1,bear,20,stoch_cross_down,2979,12338,0.78818395,0.77832712,0.00985683,1.01266413,726,3030,0.76721763,0.76270627,0.00451136,1.00591494,546,2180,0.72893773,0.72064220,0.00829553,1.01151130,1.00918448
h4,bull,24,inside_2,1938,77521,0.60887513,0.58958218,0.01929295,1.03272309,318,19258,0.59119497,0.57653962,0.01465535,1.02541950,234,13757,0.54273504,0.53783528,0.00489976,1.00911015,1.00895642
h4,bull,6,elliott_wave4_bull,6776,72683,0.28837072,0.29283326,-0.00446254,0.98476081,1817,17759,0.24931205,0.28678417,-0.03747211,0.86933688,1308,12683,0.23241590,0.23015060,0.00226531,1.00984272,1.00891433
d1,bear,20,rectangle_range,7923,7394,0.76776474,0.79361645,-0.02585171,0.96742544,2085,1671,0.75827338,0.77019749,-0.01192411,0.98451812,1356,1370,0.72861357,0.71605839,0.01255518,1.01753373,1.00873570
h4,bull,12,elliott_wave4_bull,6776,72683,0.43978749,0.44317103,-0.00338355,0.99236515,1817,17759,0.40781508,0.42682583,-0.01901075,0.95546016,1308,12683,0.38455657,0.38090357,0.00365300,1.00959036,1.00868598
h4,bear,3,inside_bar,13185,66274,0.14531665,0.16923680,-0.02392016,0.85865866,3015,16561,0.16318408,0.17335910,-0.01017502,0.94130670,2227,11764,0.13560844,0.13422305,0.00138539,1.01032154,1.00866439
h4,bull,24,compression,10205,69254,0.59853013,0.58880353,0.00972660,1.01651926,2300,17276,0.55869565,0.57918500,-0.02048934,0.96462383,1635,12356,0.54250765,0.53730981,0.00519784,1.00967382,1.00853368
h4,bull,24,rectangle_range,39635,39824,0.58143055,0.59863399,-0.01720344,0.97126218,10157,9419,0.58196318,0.57118590,0.01077728,1.01886825,7224,6767,0.54249723,0.53302793,0.00946930,1.01776511,1.00851432
h4,bear,6,channel_mid_bear,37489,41970,0.28261623,0.29442459,-0.01180835,0.95989345,8970,10606,0.28506132,0.27267584,0.01238547,1.04542196,5967,8024,0.23797553,0.23454636,0.00342917,1.01462044,1.00833303
h4,bull,24,rci_strong_bull,12232,67227,0.59115435,0.58985229,0.00130206,1.00220743,3042,16534,0.52662722,0.58600460,-0.05937738,0.89867421,2398,11593,0.54211843,0.53704822,0.00507021,1.00944089,1.00781012
h4,bull,24,stoch_bull,39592,39867,0.59274601,0.58737803,0.00536798,1.00913888,9803,9773,0.57482403,0.57873734,-0.00391330,0.99323820,7056,6935,0.54209184,0.53366979,0.00842205,1.01578138,1.00776068
d1,bull,5,fib_time_13,1187,14130,0.62931761,0.60721868,0.02209892,1.03639368,289,3467,0.57785467,0.60398039,-0.02612572,0.95674410,207,2519,0.57004831,0.56530369,0.00474462,1.00839304,1.00775077
h4,bull,6,fib_time_8,9937,69522,0.29767535,0.29170622,0.00596913,1.02046282,2448,17128,0.28104575,0.28362915,-0.00258339,0.99089165,1749,12242,0.23213265,0.23010946,0.00202319,1.00879229,1.00768472
d1,bear,5,fib_time_zone,5417,9900,0.57522614,0.58606061,-0.01083447,0.98151306,1342,2414,0.54918033,0.54846727,0.00071305,1.00130008,959,1767,0.50156413,0.49575552,0.00580861,1.01171669,1.00756361
h4,bull,12,stoch_bull,39592,39867,0.44865124,0.43715354,0.01149771,1.02630130,9803,9773,0.42446190,0.42566254,-0.00120064,0.99717936,7056,6935,0.38407029,0.37837058,0.00569971,1.01506383,1.00741048
h4,bull,24,rci_cross_up,2910,76549,0.58350515,0.59030164,-0.00679648,0.98848642,694,18882,0.59942363,0.57594534,0.02347829,1.04076478,526,13465,0.54182510,0.53776457,0.00406052,1.00755074,1.00726480
h4,bear,24,elliott_wave3_bear,4367,75092,0.57865812,0.57108613,0.00757198,1.01325892,964,18612,0.55497925,0.53556845,0.01941080,1.03624336,682,13309,0.49853372,0.49485311,0.00368062,1.00743780,1.00707267
h4,bear,12,stoch_bear,38909,40550,0.43216222,0.42665845,0.00550378,1.01289973,9674,9902,0.41172214,0.40496869,0.00675345,1.01667647,6882,7109,0.36864284,0.36362358,0.00501926,1.01380345,1.00696640
h4,bear,24,inside_bar,13185,66274,0.57155859,0.57149108,0.00006751,1.00011812,3015,16561,0.52802653,0.53807137,-0.01004484,0.98133177,2227,11764,0.49842838,0.49438966,0.00403872,1.00816909,1.00685987
h4,bear,24,elliott_wave2_bear,7736,71723,0.57419855,0.57121147,0.00298709,1.00522939,2070,17506,0.54685990,0.53530218,0.01155772,1.02159102,1439,12552,0.49826268,0.49466221,0.00360048,1.00727866,1.00652515
h4,bear,24,bb_lower,15951,63508,0.56247257,0.57377023,-0.01129766,0.98030978,3886,15690,0.51904272,0.54085405,-0.02181133,0.95967243,2575,11416,0.49825243,0.49430624,0.00394619,1.00798329,1.00650443
d1,bear,10,shape_triangle_proxy,584,14733,0.66609589,0.69598860,-0.02989271,0.95705001,143,3613,0.58041958,0.67672294,-0.09630336,0.85769159,178,2548,0.62359551,0.61930926,0.00428624,1.00692101,1.00646616
d1,bear,20,range_tight,870,14447,0.71609195,0.78410743,-0.06801547,0.91325746,327,3429,0.66360856,0.77311169,-0.10950313,0.85836053,172,2554,0.72674419,0.72200470,0.00473949,1.00656434,1.00614761
d1,bull,20,fib_time_8,1919,13398,0.79520584,0.79579042,-0.00058458,0.99926541,472,3284,0.83262712,0.83404385,-0.00141673,0.99830137,340,2386,0.77647059,0.77116513,0.00530546,1.00687980,1.00601655
h4,bull,12,vertical_day_open,12868,66591,0.44303699,0.44285264,0.00018435,1.00041629,3166,16410,0.42924826,0.42425350,0.00499476,1.01177305,2258,11733,0.38352524,0.38080627,0.00271897,1.00714004,1.00598082
d1,bull,20,ichimoku_cloud_bull,7734,7583,0.79712956,0.79427667,0.00285289,1.00359180,2167,1589,0.82371943,0.84770296,-0.02398353,0.97170762,1613,1113,0.77619343,0.76549865,0.01069478,1.01397099,1.00565746
d1,bull,5,superbb_expand,3389,11928,0.63145471,0.60253186,0.02892285,1.04800219,787,2969,0.63659466,0.59279219,0.04380248,1.07389179,603,2123,0.56882255,0.56476684,0.00405571,1.00718122,1.00558384
h4,bear,12,sma20_bear,38151,41308,0.41831145,0.43955166,-0.02124021,0.95167755,9223,10353,0.41038708,0.40645224,0.00393484,1.00968094,6313,7678,0.36812926,0.36441782,0.00371144,1.01018457,1.00556354
h4,bear,12,bb_bear,38151,41308,0.41831145,0.43955166,-0.02124021,0.95167755,9223,10353,0.41038708,0.40645224,0.00393484,1.00968094,6313,7678,0.36812926,0.36441782,0.00371144,1.01018457,1.00556354
h4,bear,3,horizontal_resistance_near,5230,74229,0.16730402,0.16512414,0.00217987,1.01320142,1270,18306,0.13858268,0.17409592,-0.03551325,0.79601333,1006,12985,0.13518887,0.13438583,0.00080304,1.00597561,1.00554356
h4,bear,6,range_compression,62805,16654,0.28903750,0.28815900,0.00087850,1.00304865,15685,3891,0.27752630,0.28167566,-0.00414936,0.98526900,11265,2726,0.23728362,0.23074101,0.00654261,1.02835477,1.00540132
h4,bear,3,compression,10205,69254,0.15316022,0.16705172,-0.01389151,0.91684308,2300,17276,0.18347826,0.17023617,0.01324210,1.07778662,1635,12356,0.13516820,0.13434769,0.00082051,1.00610737,1.00538981
h4,bull,24,trendline_up,41062,38397,0.58618674,0.59418705,-0.00800030,0.98653571,10251,9325,0.55136084,0.60471850,-0.05335766,0.91176447,7733,6258,0.54079917,0.53435602,0.00644315,1.01205778,1.00535759
h4,bear,12,superbb_expand,18448,61011,0.44996748,0.42312042,0.02684706,1.06345015,4476,15100,0.41175156,0.40728477,0.00446680,1.01096725,3307,10684,0.36800726,0.36549981,0.00250744,1.00686032,1.00523029
d1,bull,10,structure_bull_transition,5634,9683,0.70855520,0.72002479,-0.01146959,0.98407057,1447,2309,0.72149274,0.74187960,-0.02038686,0.97251999,1088,1638,0.68658088,0.68070818,0.00587270,1.00862734,1.00516621
d1,bear,20,inside_bar,3028,12289,0.78434610,0.77923346,0.00511264,1.00656112,724,3032,0.77071823,0.76187335,0.00884488,1.01160939,518,2208,0.72586873,0.72146739,0.00440133,1.00610053,1.00493557
d1,bull,10,sma200_bull,7189,8128,0.73793295,0.69623524,0.04169772,1.05989027,2245,1511,0.72293987,0.75049636,-0.02755649,0.96328231,1874,852,0.68623266,0.67605634,0.01017632,1.01505247,1.00465640
h4,bull,24,fib_time_zone,28118,51341,0.58930223,0.59046376,-0.00116154,0.99803284,6930,12646,0.57734488,0.57646687,0.00087801,1.00152309,4950,9041,0.54040404,0.53655569,0.00384835,1.00717232,1.00462303
d1,bull,20,shape_triangle_proxy,584,14733,0.75342466,0.79739361,-0.04396895,0.94485917,143,3613,0.83216783,0.83393302,-0.00176519,0.99788330,178,2548,0.77528090,0.77158556,0.00369534,1.00478928,1.00447516
d1,bear,5,nr7,1550,13767,0.58064516,0.58240721,-0.00176204,0.99697455,364,3392,0.53571429,0.55011792,-0.01440364,0.97381718,314,2412,0.50000000,0.49751244,0.00248756,1.00500000,1.00442152
d1,bear,5,inside_2,308,15009,0.57792208,0.58231728,-0.00439520,0.99245223,83,3673,,,,,52,2674,,,,,1.00442152
d1,bull,10,range_tight,870,14447,0.71379310,0.71592718,-0.00213408,0.99701914,327,3429,0.82568807,0.72528434,0.10040373,1.13843362,172,2554,0.68604651,0.68285043,0.00319608,1.00468050,1.00438388
d1,bear,3,compression,1482,13835,0.48178138,0.47509939,0.00668199,1.01406441,354,3402,0.46892655,0.45149912,0.01742744,1.03859905,314,2412,0.41401274,0.41210614,0.00190660,1.00462649,1.00409139
h4,bull,24,range_compression,62805,16654,0.59097206,0.58658581,0.00438625,1.00747760,15685,3891,0.57953459,0.56566435,0.01387023,1.02452025,11265,2726,0.54007989,0.52898019,0.01109970,1.02098321,1.00402043
d1,bull,5,superbb_squeeze,3146,12171,0.59090909,0.61358968,-0.02268059,0.96303623,952,2804,0.66176471,0.58166904,0.08009566,1.13769972,611,2115,0.56792144,0.56501182,0.00290962,1.00514966,1.00399082
d1,bull,1,rci_cross_up,544,14773,0.25000000,0.25384147,-0.00384147,0.98486667,155,3601,0.24516129,0.25076368,-0.00560239,0.97765870,106,2620,0.19811321,0.19732824,0.00078496,1.00397796,1.00382268
h4,bear,12,ichimoku_tk_bear,36422,43037,0.42065235,0.43671724,-0.01606489,0.96321444,8777,10799,0.39808591,0.41661265,-0.01852674,0.95553005,5897,8094,0.36747499,0.36508525,0.00238974,1.00654570,1.00377637
h4,bear,12,elliott_wave5_bear,4544,74915,0.43595951,0.42895281,0.00700669,1.01633442,1004,18572,0.41832669,0.40776438,0.01056232,1.02590299,694,13297,0.36743516,0.36602241,0.00141275,1.00385973,1.00366757
h4,bull,24,fib_time_5,15895,63564,0.58930481,0.59023976,-0.00093495,0.99841599,3916,15660,0.58171604,0.57554278,0.00617325,1.01072597,2799,11192,0.53983566,0.53743746,0.00239820,1.00446229,1.00356639
h4,bear,24,range_compression,62805,16654,0.57108510,0.57307554,-0.00199043,0.99652675,15685,3891,0.53866752,0.52788486,0.01078265,1.02042615,11265,2726,0.49658233,0.48862803,0.00795431,1.01627886,1.00313073
h4,bear,12,rci_bear,37757,41702,0.41579045,0.44163349,-0.02584305,0.94148305,9242,10334,0.42360961,0.39461970,0.02898991,1.07346290,6413,7578,0.36722283,0.36513592,0.00208691,1.00571543,1.00308758
h4,bull,6,hh20,10015,69444,0.29875187,0.29154427,0.00720761,1.02472217,2615,16961,0.26730402,0.28577324,-0.01846923,0.93537103,1857,12134,0.23101777,0.23026207,0.00075570,1.00328190,1.00284506
d1,bear,5,dmi_adx_strong_bear,3079,12238,0.56122118,0.58751430,-0.02629312,0.95524684,684,3072,0.48976608,0.56184896,-0.07208288,0.87170417,553,2173,0.49909584,0.49746894,0.00162690,1.00327036,1.00260520
h4,bull,6,fib_time_zone,28118,51341,0.29454442,0.29130714,0.00323728,1.01111294,6930,12646,0.28008658,0.28507038,-0.00498380,0.98251731,4950,9041,0.23090909,0.23006305,0.00084604,1.00367745,1.00237328
h4,bull,24,elliott_wave4_bull,6776,72683,0.58234947,0.59077088,-0.00842141,0.98574504,1817,17759,0.56521739,0.57796047,-0.01274308,0.97795164,1308,12683,0.53899083,0.53780651,0.00118431,1.00220212,1.00199583
h4,bear,24,vertical_session,51403,28056,0.57053090,0.57328201,-0.00275110,0.99520113,12631,6945,0.53542871,0.53851692,-0.00308821,0.99426534,9032,4959,0.49590345,0.49344626,0.00245720,1.00497966,1.00175935
d1,bull,10,stoch_recover_up,948,14369,0.69620253,0.71709931,-0.02089678,0.97085930,229,3527,0.74672489,0.73320102,0.01352387,1.01844497,152,2574,0.68421053,0.68298368,0.00122684,1.00179630,1.00169597
h4,bull,24,superbb_squeeze,17574,61885,0.60048936,0.58708896,0.01340040,1.02282517,4532,15044,0.56575463,0.58009838,-0.01434374,0.97527360,2990,11001,0.53879599,0.53767839,0.00111759,1.00207855,1.00163362
h4,bear,6,ichimoku_tk_bear,36422,43037,0.28095656,0.29553640,-0.01457983,0.95066654,8777,10799,0.27685997,0.27956292,-0.00270295,0.99033152,5897,8094,0.23639139,0.23573017,0.00066121,1.00280497,1.00162080
d1,bull,10,stoch_cross_up,2975,12342,0.71462185,0.71609140,-0.00146955,0.99794782,730,3026,0.74657534,0.73099802,0.01557733,1.02130967,547,2179,0.68372943,0.68288206,0.00084738,1.00124088,1.00099164
d1,bear,3,fib_time_5,3066,12251,0.46901500,0.47743041,-0.00841541,0.98237353,756,3000,0.45238095,0.45333333,-0.00095238,0.99789916,543,2183,0.41252302,0.41227668,0.00024634,1.00059750,1.00047843
d1,bull,3,fib_time_zone,5417,9900,0.50987632,0.49232323,0.01755308,1.03565357,1342,2414,0.48360656,0.48425849,-0.00065193,0.99865375,959,1767,0.44108446,0.44086022,0.00022425,1.00050866,1.00032966
d1,bull,20,elliott_pullback_bull,2791,12526,0.79792189,0.79522593,0.00269596,1.00339018,735,3021,0.82312925,0.83647799,-0.01334874,0.98404174,522,2204,0.77203065,0.77177858,0.00025207,1.00032661,1.00026405
h4,bear,6,elliott_pullback_bear,14437,65022,0.28877191,0.28887146,-0.00009955,0.99965537,3767,15809,0.28510751,0.27674110,0.00836642,1.03023192,2627,11364,0.23601066,0.23600845,0.00000221,1.00000937,1.00000761
d1,bull,1,vertical_session,15317,0,,,,,3756,0,,,,,2726,0,,,,,1.00000000
d1,bull,1,vertical_day_open,15317,0,,,,,3756,0,,,,,2726,0,,,,,1.00000000
d1,bull,3,vertical_session,15317,0,,,,,3756,0,,,,,2726,0,,,,,1.00000000
d1,bull,3,vertical_day_open,15317,0,,,,,3756,0,,,,,2726,0,,,,,1.00000000
d1,bull,5,vertical_session,15317,0,,,,,3756,0,,,,,2726,0,,,,,1.00000000
d1,bull,5,vertical_day_open,15317,0,,,,,3756,0,,,,,2726,0,,,,,1.00000000
d1,bull,10,vertical_session,15317,0,,,,,3756,0,,,,,2726,0,,,,,1.00000000
d1,bull,10,vertical_day_open,15317,0,,,,,3756,0,,,,,2726,0,,,,,1.00000000
d1,bull,20,vertical_session,15317,0,,,,,3756,0,,,,,2726,0,,,,,1.00000000
d1,bull,20,vertical_day_open,15317,0,,,,,3756,0,,,,,2726,0,,,,,1.00000000
d1,bear,1,vertical_session,15317,0,,,,,3756,0,,,,,2726,0,,,,,1.00000000
d1,bear,1,vertical_day_open,15317,0,,,,,3756,0,,,,,2726,0,,,,,1.00000000
d1,bear,3,vertical_session,15317,0,,,,,3756,0,,,,,2726,0,,,,,1.00000000
d1,bear,3,vertical_day_open,15317,0,,,,,3756,0,,,,,2726,0,,,,,1.00000000
d1,bear,5,vertical_session,15317,0,,,,,3756,0,,,,,2726,0,,,,,1.00000000
d1,bear,5,vertical_day_open,15317,0,,,,,3756,0,,,,,2726,0,,,,,1.00000000
d1,bear,10,vertical_session,15317,0,,,,,3756,0,,,,,2726,0,,,,,1.00000000
d1,bear,10,vertical_day_open,15317,0,,,,,3756,0,,,,,2726,0,,,,,1.00000000
d1,bear,20,vertical_session,15317,0,,,,,3756,0,,,,,2726,0,,,,,1.00000000
d1,bear,20,vertical_day_open,15317,0,,,,,3756,0,,,,,2726,0,,,,,1.00000000
h4,bull,24,rci_bull,41545,37914,0.58575039,0.59476710,-0.00901671,0.98483993,10333,9243,0.56237298,0.59288110,-0.03050812,0.94854260,7578,6413,0.53787279,0.53796975,-0.00009696,0.99981977,0.99991738
d1,bear,5,engulf_bear,1179,14138,0.59372349,0.58127034,0.01245316,1.02142404,297,3459,0.52861953,0.55044811,-0.02182858,0.96034399,219,2507,0.49771689,0.49780614,-0.00008925,0.99982072,0.99983512
d1,bull,10,strong_close_bull,2931,12386,0.71545548,0.71588891,-0.00043343,0.99939456,697,3059,0.73170732,0.73455378,-0.00284646,0.99612491,514,2212,0.68287938,0.68309222,-0.00021285,0.99968841,0.99974714
h4,bear,24,fib_time_zone,28118,51341,0.57351163,0.57040182,0.00310981,1.00545196,6930,12646,0.54069264,0.53424008,0.00645256,1.01207802,4950,9041,0.49474747,0.49518859,-0.00044111,0.99910921,0.99942419
d1,bull,5,vertical_week_open,2508,12809,0.61244019,0.60824420,0.00419599,1.00689853,624,3132,0.58493590,0.60536398,-0.02042809,0.96625487,444,2282,0.56531532,0.56573181,-0.00041650,0.99926379,0.99938362
h4,bull,1,vertical_session,51403,28056,0.05028889,0.04904477,0.00124413,1.02536715,12631,6945,0.05130235,0.05356371,-0.00226136,0.95778180,9032,4959,0.03177591,0.03186126,-0.00008535,0.99732106,0.99904883
h4,bear,12,vertical_session,51403,28056,0.42892438,0.43013972,-0.00121534,0.99717455,12631,6945,0.40741034,0.40993521,-0.00252487,0.99384082,9032,4959,0.36569973,0.36680782,-0.00110809,0.99697910,0.99892717
h4,bear,12,channel_mid_bear,37489,41970,0.42097682,0.43683584,-0.01585902,0.96369571,8970,10606,0.40423634,0.41174807,-0.00751172,0.98175651,5967,8024,0.36567790,0.36640080,-0.00072290,0.99802702,0.99886752
h4,bear,12,trendline_down,38169,41290,0.41989573,0.43809639,-0.01820066,0.95845511,9325,10251,0.40750670,0.40903327,-0.00152656,0.99626788,6258,7733,0.36561202,0.36648131,-0.00086930,0.99762799,0.99868757
h4,bear,6,nr4,22625,56834,0.27200000,0.29556252,-0.02356252,0.92027908,5385,14191,0.26555246,0.28320767,-0.01765521,0.93765986,3857,10134,0.23567540,0.23613578,-0.00046039,0.99805034,0.99858706
h4,bear,6,channel_lower,16810,62649,0.27989292,0.29125764,-0.01136472,0.96098052,3796,15780,0.28371970,0.27705957,0.00666014,1.02403864,2449,11542,0.23560637,0.23609426,-0.00048789,0.99793348,0.99829459
d1,bear,20,range_compression,12385,2932,0.78772709,0.74863574,0.03909135,1.05221678,2999,757,0.77492497,0.71862616,0.05629882,1.07834229,2151,575,0.72105997,0.72695652,-0.00589655,0.99188872,0.99827805
h4,bull,24,channel_mid_bull,41719,37740,0.58898823,0.59122946,-0.00224123,0.99620920,10602,8974,0.55555556,0.60184979,-0.04629423,0.92308009,8023,5968,0.53683161,0.53937668,-0.00254507,0.99528147,0.99798180
h4,bear,12,nr4,22625,56834,0.41387845,0.43551395,-0.02163550,0.95032191,5385,14191,0.39312906,0.41406525,-0.02093619,0.94943746,3857,10134,0.36530983,0.36639037,-0.00108054,0.99705084,0.99786212
h4,bull,24,vertical_day_open,12868,66591,0.58563879,0.59090568,-0.00526688,0.99108676,3166,16410,0.57738471,0.57666057,0.00072414,1.00125575,2258,11733,0.53675819,0.53814029,-0.00138209,0.99743172,0.99784532
h4,bear,6,vertical_session,51403,28056,0.28916600,0.28828058,0.00088542,1.00307138,12631,6945,0.27828359,0.27847372,-0.00019013,0.99931723,9032,4959,0.23549601,0.23694293,-0.00144692,0.99389339,0.99782699
h4,bull,12,engulf_bull,6251,73208,0.45896657,0.44150912,0.01745744,1.03954038,1475,18101,0.41016949,0.42627479,-0.01610530,0.96221850,1002,12989,0.38023952,0.38132266,-0.00108314,0.99715953,0.99736242
d1,bull,20,stoch_recover_up,948,14369,0.78586498,0.79636718,-0.01050220,0.98681236,229,3527,0.82096070,0.83470371,-0.01374302,0.98353546,152,2574,0.76973684,0.77195027,-0.00221343,0.99713268,0.99729213
d1,bull,20,stoch_cross_up,2975,12342,0.79764706,0.79525199,0.00239507,1.00301172,730,3026,0.85205479,0.82947786,0.02257694,1.02721825,547,2179,0.76965265,0.77237265,-0.00272000,0.99647839,0.99718304
d1,bull,3,strong_close_bull,2931,12386,0.50119413,0.49790086,0.00329328,1.00661432,697,3059,0.47919656,0.48512586,-0.00592930,0.98777781,514,2212,0.43968872,0.44122966,-0.00154094,0.99650762,0.99716426
h4,bull,24,channel_upper,20255,59204,0.60024685,0.58656510,0.01368176,1.02332521,5214,14362,0.54449559,0.58849742,-0.04400183,0.92523020,3878,10113,0.53635895,0.53851478,-0.00215584,0.99599670,0.99710311
h4,bull,24,bb_upper,17834,61625,0.58113715,0.59263286,-0.01149571,0.98060231,4615,14961,0.54127844,0.58772809,-0.04644965,0.92096744,3364,10627,0.53626635,0.53843982,-0.00217347,0.99596339,0.99693097
h4,bear,6,engulf_bear,6066,73393,0.29327399,0.28848800,0.00478598,1.01658989,1483,18093,0.30546190,0.27612889,0.02933301,1.10622942,1118,12873,0.23524150,0.23607551,-0.00083400,0.99646721,0.99674860
h4,bear,24,fib_time_5,15895,63564,0.57250708,0.57125102,0.00125606,1.00219878,3916,15660,0.53932584,0.53582375,0.00350209,1.00653590,2799,11192,0.49339050,0.49544317,-0.00205268,0.99585689,0.99668300
d1,bear,1,structure_bear_transition,4489,10828,0.23746937,0.25905061,-0.02158124,0.91669103,1177,2579,0.27697536,0.24389298,0.03308238,1.13564301,844,1882,0.21090047,0.21200850,-0.00110803,0.99477366,0.99638595
h4,bull,3,fib_time_8,9937,69522,0.16151756,0.16039527,0.00112229,1.00699703,2448,17128,0.15522876,0.16569360,-0.01046484,0.93684220,1749,12242,0.12006861,0.12056853,-0.00049992,0.99585361,0.99637007
d1,bull,20,sma200_bull,7189,8128,0.81666435,0.77718996,0.03947439,1.05079117,2245,1511,0.82227171,0.85109199,-0.02882028,0.96613729,1874,852,0.76894344,0.77816901,-0.00922558,0.98814451,0.99626417
h4,bear,24,stoch_bear,38909,40550,0.57148732,0.57151665,-0.00002933,0.99994868,9674,9902,0.54134794,0.53181176,0.00953619,1.01793151,6882,7109,0.49317059,0.49683500,-0.00366441,0.99262450,0.99623877
d1,bear,1,strong_close_bear,2129,13188,0.24612494,0.25379133,-0.00766638,0.96979257,470,3286,0.25957447,0.25349970,0.00607477,1.02396363,313,2413,0.21086262,0.21176958,-0.00090696,0.99571722,0.99620711
d1,bull,1,elliott_wave4_bull,1293,14024,0.25444702,0.25363662,0.00081040,1.00319512,371,3385,0.22641509,0.25317578,-0.02676068,0.89429999,229,2497,0.19650655,0.19743692,-0.00093037,0.99528774,0.99568189
d1,bear,20,shape_triangle_proxy,584,14733,0.77226027,0.78056065,-0.00830037,0.98936614,143,3613,0.66433566,0.76750623,-0.10317056,0.86557690,178,2548,0.71910112,0.72252747,-0.00342635,0.99525783,0.99556611
d1,bear,20,strong_close_bear,2129,13188,0.76514796,0.78268123,-0.01753327,0.97759846,470,3286,0.77234043,0.76232502,0.01001541,1.01313798,313,2413,0.71884984,0.72275176,-0.00390192,0.99460130,0.99521821
h4,bear,6,compression,10205,69254,0.25458109,0.29390360,-0.03932251,0.86620608,2300,17276,0.27217391,0.27917342,-0.00699951,0.97492775,1635,12356,0.23486239,0.23616057,-0.00129818,0.99450296,0.99514223
h4,bear,24,range_tight,4165,75294,0.55438175,0.57244933,-0.01806758,0.96843812,1420,18156,0.51760563,0.53800397,-0.02039833,0.96208516,879,13112,0.49260523,0.49519524,-0.00259001,0.99476972,0.99509671
d1,bear,1,stoch_cross_down,2979,12338,0.26686808,0.24931107,0.01755701,1.07042208,726,3030,0.26446281,0.25181518,0.01264763,1.05022584,546,2180,0.21062271,0.21192661,-0.00130389,0.99384742,0.99507367
h4,bear,12,fib_time_8,9937,69522,0.42729194,0.42964817,-0.00235623,0.99451591,2448,17128,0.41584967,0.40722793,0.00862174,1.02117179,1749,12242,0.36420812,0.36636171,-0.00215359,0.99412169,0.99485275
d1,bear,20,vertical_week_open,2508,12809,0.79306220,0.77773441,0.01532780,1.01970826,624,3132,0.77243590,0.76181354,0.01062236,1.01394352,444,2282,0.71846847,0.72304996,-0.00458149,0.99366366,0.99469022
d1,bear,1,bb_lower,3133,12184,0.24257900,0.25533487,-0.01275587,0.95004259,599,3157,0.27712855,0.24992081,0.02720774,1.10886543,494,2232,0.21052632,0.21191756,-0.00139125,0.99343496,0.99461826
h4,bear,12,fib_time_5,15895,63564,0.43019818,0.42914228,0.00105589,1.00246047,3916,15660,0.41292135,0.40715198,0.00576937,1.01417006,2799,11192,0.36405859,0.36660114,-0.00254255,0.99306453,0.99444431
h4,bull,24,fib_time_13,6117,73342,0.58656204,0.59034387,-0.00378183,0.99359386,1507,18069,0.57597877,0.57684432,-0.00086555,0.99849950,1075,12916,0.53488372,0.53816971,-0.00328599,0.99389414,0.99436064
d1,bull,20,fib_time_zone,5417,9900,0.80173528,0.79242424,0.00931104,1.01175006,1342,2414,0.83233979,0.83471417,-0.00237438,0.99715546,959,1767,0.76746611,0.77419355,-0.00672744,0.99131039,0.99435010
d1,bull,20,sma_stack_bull,4558,10759,0.81439228,0.78780556,0.02658672,1.03374782,1511,2245,0.82660490,0.83875278,-0.01214789,0.98551673,1139,1587,0.76733977,0.77504726,-0.00770749,0.99005546,0.99418642
h4,bear,24,horizontal_break_down,2555,76904,0.57612524,0.57134869,0.00477655,1.00836013,496,19080,0.45564516,0.53862683,-0.08298167,0.84593847,376,13615,0.49202128,0.49511568,-0.00309440,0.99375014,0.99391708
h4,bear,12,fib_below382,45560,33899,0.42482441,0.43544057,-0.01061617,0.97561971,10670,8906,0.39325211,0.42634179,-0.03308968,0.92238696,7454,6537,0.36383150,0.36867064,-0.00483914,0.98687407,0.99382400
h4,bear,24,elliott_impulse_bear,6002,73457,0.57014329,0.57161332,-0.00147004,0.99742826,1360,18216,0.53750000,0.53645147,0.00104853,1.00195456,921,13070,0.49185668,0.49525631,-0.00339963,0.99313561,0.99358458
h4,bear,6,fib_time_13,6117,73342,0.29916626,0.28799324,0.01117302,1.03879612,1507,18069,0.27471798,0.27865405,-0.00393607,0.98587472,1075,12916,0.23441860,0.23614122,-0.00172262,0.99270515,0.99326187
d1,bear,10,fib_time_zone,5417,9900,0.69392653,0.69535354,-0.00142701,0.99794780,1342,2414,0.66989568,0.67481359,-0.00491791,0.99271220,959,1767,0.61522419,0.62195812,-0.00673393,0.98917302,0.99295509
h4,bear,6,stoch_cross_down,15645,63814,0.29274529,0.28789921,0.00484608,1.01683255,3929,15647,0.28455078,0.27679427,0.00775650,1.02802263,2744,11247,0.23432945,0.23641860,-0.00208915,0.99116332,0.99288409
d1,bull,5,structure_bull_transition,5634,9683,0.60028399,0.61396261,-0.01367862,0.97772075,1447,2309,0.58396683,0.61325249,-0.02928566,0.95224534,1088,1638,0.56158088,0.56837607,-0.00679519,0.98804456,0.99278177
h4,bull,24,sma20_bull,41080,38379,0.58795034,0.59230308,-0.00435274,0.99265116,10352,9224,0.55863601,0.59713790,-0.03850189,0.93552262,7678,6313,0.53399323,0.54268969,-0.00869646,0.98397526,0.99270519
h4,bull,24,bb_bull,41080,38379,0.58795034,0.59230308,-0.00435274,0.99265116,10353,9223,0.55867864,0.59709422,-0.03841558,0.93566245,7678,6313,0.53399323,0.54268969,-0.00869646,0.98397526,0.99270519
h4,bull,24,vertical_session,51403,28056,0.58700854,0.59563017,-0.00862163,0.98552520,12631,6945,0.57358879,0.58257739,-0.00898860,0.98457097,9032,4959,0.53399026,0.54506957,-0.01107931,0.97967358,0.99269967
h4,bull,12,range_compression,62805,16654,0.44356341,0.44031464,0.00324877,1.00737830,15685,3891,0.43047498,0.40323824,0.02723673,1.06754502,11265,2726,0.37842876,0.39288335,-0.01445458,0.96320897,0.99261282
d1,bull,20,fib_time_5,3066,12251,0.80789302,0.79266999,0.01522303,1.01920476,756,3000,0.83730159,0.83300000,0.00430159,1.00516397,543,2183,0.76611418,0.77324782,-0.00713364,0.99077444,0.99259851
h4,bear,24,nr4,22625,56834,0.56450829,0.57428652,-0.00977823,0.98297325,5385,14191,0.52571959,0.54062434,-0.01490475,0.97243049,3857,10134,0.49131449,0.49644760,-0.00513311,0.98966032,0.99248933
h4,bull,24,nr4,22625,56834,0.58983425,0.59013971,-0.00030545,0.99948241,5385,14191,0.56100279,0.58276372,-0.02176094,0.96265907,3857,10134,0.53383459,0.53947109,-0.00563650,0.98955180,0.99241027
h4,bear,12,fib_time_zone,28118,51341,0.43121844,0.42833213,0.00288630,1.00673847,6930,12646,0.41443001,0.40495018,0.00947983,1.02340987,4950,9041,0.36323232,0.36765844,-0.00442612,0.98796132,0.99218732
d1,bull,20,channel_mid_bull,7897,7420,0.80397619,0.78692722,0.01704897,1.02166524,2180,1576,0.83302752,0.83502538,-0.00199786,0.99760743,1520,1206,0.76578947,0.77943615,-0.01364668,0.98249160,0.99217781
d1,bear,3,elliott_wave5_bear,885,14432,0.46214689,0.47657982,-0.01443293,0.96971561,172,3584,0.44186047,0.45368304,-0.01182257,0.97394090,132,2594,0.40909091,0.41249036,-0.00339945,0.99175871,0.99215464
d1,bear,10,nr7,1550,13767,0.68000000,0.69652067,-0.01652067,0.97628116,364,3392,0.68956044,0.67128538,0.01827506,1.02722398,314,2412,0.61464968,0.62023217,-0.00558249,0.99099935,0.99202785
d1,bull,20,structure_bull_transition,5634,9683,0.78718495,0.80068161,-0.01349666,0.98314354,1447,2309,0.82031790,0.84235600,-0.02203810,0.97383755,1088,1638,0.76562500,0.77594628,-0.01032128,0.98669847,0.99196471
d1,bear,1,dmi_adx_bear,2576,12741,0.28998447,0.24519269,0.04479179,1.18267995,408,3348,0.28431373,0.25059737,0.03371635,1.13454392,462,2264,0.20995671,0.21201413,-0.00205742,0.99029582,0.99192719
d1,bull,5,fib_time_zone,5417,9900,0.61639284,0.60484848,0.01154435,1.01908635,1342,2414,0.60208644,0.60190555,0.00018089,1.00030052,959,1767,0.56100104,0.56819468,-0.00719364,0.98733948,0.99175671
d1,bull,1,nr4,3717,11600,0.21818671,0.26508621,-0.04689950,0.82307832,965,2791,0.23730570,0.25510570,-0.01780000,0.93022501,695,2031,0.19568345,0.19793205,-0.00224860,0.98863954,0.99151133
d1,bull,20,stoch_bull,7840,7477,0.79604592,0.79537248,0.00067344,1.00084670,1874,1882,0.82870864,0.83900106,-0.01029242,0.98773253,1427,1299,0.76524177,0.77906082,-0.01381905,0.98226191,0.99146818
h4,bull,24,elliott_pullback_bull,14193,65266,0.58852956,0.59038397,-0.00185441,0.99685898,3753,15823,0.57287503,0.57770334,-0.00482831,0.99164223,2614,11377,0.53328233,0.53898216,-0.00569983,0.98942482,0.99138361
h4,bull,6,vertical_session,51403,28056,0.29103360,0.29505275,-0.00401915,0.98637818,12631,6945,0.27962948,0.28999280,-0.01036332,0.96426354,9032,4959,0.22829938,0.23411978,-0.00582040,0.97513921,0.99104456
h4,bull,3,superbb_squeeze,17574,61885,0.15670877,0.16162236,-0.00491359,0.96959833,4532,15044,0.14474846,0.17030045,-0.02555200,0.84995931,2990,11001,0.11939799,0.12080720,-0.00140921,0.98833508,0.99080506
d1,bull,20,strong_close_bull,2931,12386,0.79460935,0.79597933,-0.00136998,0.99827887,697,3059,0.80918221,0.83949003,-0.03030782,0.96389734,514,2212,0.76459144,0.77350814,-0.00891670,0.98847239,0.99062560
h4,bull,24,ichimoku_tk_bull,39353,40106,0.59177191,0.58836583,0.00340608,1.00578905,10018,9558,0.54541825,0.60964637,-0.06422812,0.89464692,7430,6561,0.53283984,0.54366712,-0.01082729,0.98008472,0.99056101
h4,bear,6,fib_below500,37479,41980,0.28130420,0.29559314,-0.01428894,0.95166010,8649,10927,0.27032027,0.28470761,-0.01438734,0.94946627,5955,8036,0.23375315,0.23768044,-0.00392729,0.98347660,0.99044225
h4,bear,6,fib_arc_bear,37479,41980,0.28130420,0.29559314,-0.01428894,0.95166010,8649,10927,0.27032027,0.28470761,-0.01438734,0.94946627,5955,8036,0.23375315,0.23768044,-0.00392729,0.98347660,0.99044225
h4,bear,6,fib_time_zone,28118,51341,0.29130806,0.28750901,0.00379905,1.01321367,6930,12646,0.28196248,0.27637198,0.00559051,1.02022820,4950,9041,0.23373737,0.23725252,-0.00351514,0.98518396,0.99037541
d1,bear,10,superbb_expand,3389,11928,0.70404249,0.69223675,0.01180574,1.01705448,787,2969,0.64675985,0.68002695,-0.03326710,0.95107974,603,2123,0.61359867,0.62129063,-0.00769195,0.98761940,0.99033155
h4,bull,1,horizontal_break_up,3267,76192,0.06703398,0.04911277,0.01792121,1.36489917,757,18819,0.06208719,0.05170307,0.01038412,1.20084148,635,13356,0.03149606,0.03182090,-0.00032484,0.98979157,0.99025038
h4,bear,12,sma50_bear,37893,41566,0.42551395,0.43285377,-0.00733983,0.98304317,8843,10733,0.39353161,0.42047890,-0.02694729,0.93591286,6147,7844,0.36245323,0.36894442,-0.00649119,0.98240606,0.99005918
d1,bear,10,range_compression,12385,2932,0.70149374,0.66678035,0.03471339,1.05206120,2999,757,0.68722908,0.61690885,0.07032023,1.11398803,2151,575,0.61320316,0.64347826,-0.03027510,0.95295086,0.98969320
h4,bear,1,fib_time_13,6117,73342,0.05018800,0.05451174,-0.00432374,0.92068243,1507,18069,0.06303915,0.05822126,0.00481789,1.08275134,1075,12916,0.04279070,0.04327965,-0.00048896,0.98870242,0.98956141
h4,bull,12,vertical_session,51403,28056,0.44100539,0.44632164,-0.00531625,0.98808874,12631,6945,0.42348191,0.42793377,-0.00445186,0.98959686,9032,4959,0.37721435,0.38858641,-0.01137206,0.97073480,0.98942744
d1,bear,3,superbb_expand,3389,11928,0.48627914,0.47275319,0.01352595,1.02861102,787,2969,0.45997459,0.45133041,0.00864417,1.01915265,603,2123,0.40796020,0.41356571,-0.00560551,0.98644590,0.98941237
h4,bull,12,elliott_pullback_bull,14193,65266,0.44860142,0.44163883,0.00696259,1.01576535,3753,15823,0.41966427,0.42634140,-0.00667713,0.98433853,2614,11377,0.37719969,0.38217456,-0.00497487,0.98698273,0.98938900
h4,bear,12,span_model_bear,25292,54167,0.41578365,0.43568963,-0.01990598,0.95431156,5597,13979,0.37716634,0.42077402,-0.04360768,0.89636319,3943,10048,0.36216079,0.36763535,-0.00547456,0.98510873,0.98926037
h4,bull,24,hh20,10015,69444,0.59410884,0.58946777,0.00464106,1.00787331,2615,16961,0.53613767,0.58304345,-0.04690579,0.91955010,1857,12134,0.53204093,0.53881655,-0.00677562,0.98742499,0.98907582
h4,bear,24,trendline_down,38169,41290,0.56286515,0.57948656,-0.01662141,0.97131701,9325,10251,0.52021448,0.55136084,-0.03114637,0.94351002,6258,7733,0.48961329,0.49941808,-0.00980478,0.98036758,0.98905279
d1,bear,20,fib_time_zone,5417,9900,0.77884438,0.78101010,-0.00216572,0.99722702,1342,2414,0.76005961,0.76553438,-0.00547477,0.99284843,959,1767,0.71428571,0.72665535,-0.01236963,0.98297730,0.98889937
h4,bear,6,fib_time_5,15895,63564,0.29009122,0.28854383,0.00154739,1.00536277,3916,15660,0.28319714,0.27713921,0.00605793,1.02185880,2799,11192,0.23329761,0.23668692,-0.00338931,0.98568018,0.98851206
d1,bear,10,ellipse_compression,440,14877,0.76818182,0.69267998,0.07550184,1.10899960,101,3655,0.66336634,0.67332421,-0.00995788,0.98521087,98,2628,,,,,0.98814659
d1,bull,1,fib_time_zone,5417,9900,0.26601440,0.24696970,0.01904470,1.07711352,1342,2414,0.25484352,0.24813587,0.00670764,1.02703214,959,1767,0.19499479,0.19864177,-0.00364698,0.98164042,0.98802191
d1,bull,10,sma20_bull,7806,7511,0.72700487,0.70416722,0.02283765,1.03243214,2146,1610,0.72273998,0.74906832,-0.02632834,0.96485188,1485,1241,0.67474747,0.69298952,-0.01824205,0.97367630,0.98784190
d1,bull,10,bb_bull,7806,7511,0.72700487,0.70416722,0.02283765,1.03243214,2146,1610,0.72273998,0.74906832,-0.02632834,0.96485188,1485,1241,0.67474747,0.69298952,-0.01824205,0.97367630,0.98784190
h4,bear,24,rci_bear,37757,41702,0.56087613,0.58112321,-0.02024708,0.96515872,9242,10334,0.53916901,0.53415909,0.00500992,1.00937909,6413,7578,0.48900671,0.50013196,-0.01112526,0.97775536,0.98782743
d1,bear,20,elliott_pullback_bear,2796,12521,0.77038627,0.78244549,-0.01205923,0.98458778,729,3027,0.75308642,0.76610505,-0.01301863,0.98300672,488,2238,0.71311475,0.72430742,-0.01119266,0.98454708,0.98727822
d1,bear,5,range_compression,12385,2932,0.58748486,0.56002729,0.02745758,1.04902900,2999,757,0.55918640,0.50726552,0.05192087,1.10235443,2151,575,0.49139935,0.52173913,-0.03033978,0.94184875,0.98714416
h4,bull,24,ichimoku_cloud_bull,40316,39143,0.59494990,0.58500881,0.00994108,1.01699305,10787,8789,0.57912302,0.57389919,0.00522383,1.00910234,7879,6112,0.53090494,0.54695681,-0.01605187,0.97065240,0.98696399
h4,bear,12,rectangle_range,39635,39824,0.43239561,0.42632583,0.00606978,1.01423741,10157,9419,0.40297332,0.41405669,-0.01108338,0.97323223,7224,6767,0.36129568,0.37121324,-0.00991756,0.97328339,0.98689728
d1,bull,20,sma20_bull,7806,7511,0.80463746,0.78644655,0.01819091,1.02313051,2146,1610,0.83131407,0.83726708,-0.00595301,0.99288995,1485,1241,0.76161616,0.78404512,-0.02242896,0.97139327,0.98677075
d1,bull,20,bb_bull,7806,7511,0.80463746,0.78644655,0.01819091,1.02313051,2146,1610,0.83131407,0.83726708,-0.00595301,0.99288995,1485,1241,0.76161616,0.78404512,-0.02242896,0.97139327,0.98677075
h4,bear,6,structure_bear_transition,26394,53065,0.29627946,0.28515971,0.01111975,1.03899481,6514,13062,0.28446423,0.27530240,0.00916183,1.03327914,4655,9336,0.23286788,0.23757498,-0.00470709,0.98018691,0.98669127
h4,bear,3,fib_time_8,9937,69522,0.16272517,0.16563102,-0.00290585,0.98245585,2448,17128,0.17769608,0.17094816,0.00674792,1.03947351,1749,12242,0.13264723,0.13470021,-0.00205299,0.98475886,0.98663868
d1,bull,20,range_compression,12385,2932,0.79467097,0.80013643,-0.00546545,0.99316935,2999,757,0.82727576,0.85997358,-0.03269782,0.96197811,2151,575,0.76150628,0.81043478,-0.04892851,0.93962684,0.98662838
h4,bear,6,rectangle_range,39635,39824,0.29317522,0.28455203,0.00862319,1.03030446,10157,9419,0.27586886,0.28102771,-0.00515885,0.98164291,7224,6767,0.23283499,0.23939707,-0.00656208,0.97258914,0.98655191
d1,bull,10,fib_time_zone,5417,9900,0.72235555,0.71222222,0.01013333,1.01422776,1342,2414,0.72801788,0.73736537,-0.00934748,0.98732313,959,1767,0.67361835,0.68817204,-0.01455369,0.97885167,0.98618884
d1,bull,20,elliott_wave2_bull,1498,13819,0.79773031,0.79549895,0.00223136,1.00280498,364,3392,0.84340659,0.83284198,0.01056461,1.01268501,293,2433,0.76109215,0.77311961,-0.01202746,0.98444296,0.98609183
h4,bear,6,fib_time_8,9937,69522,0.28670625,0.28916027,-0.00245402,0.99151330,2448,17128,0.27900327,0.27825782,0.00074544,1.00267897,1749,12242,0.23270440,0.23648097,-0.00377656,0.98403015,0.98599858
d1,bull,10,trendline_up,7876,7441,0.72384459,0.70729741,0.01654718,1.02339495,2152,1604,0.74024164,0.72568579,0.01455585,1.02005806,1485,1241,0.67340067,0.69460113,-0.02120045,0.96947823,0.98587016
d1,bear,20,structure_bear_transition,4489,10828,0.77032747,0.78435537,-0.01402791,0.98211537,1177,2579,0.76890399,0.76114773,0.00775626,1.01019022,844,1882,0.71208531,0.72688629,-0.01480098,0.97963783,0.98585300
d1,bull,10,range_compression,12385,2932,0.71425111,0.72237381,-0.00812270,0.98875555,2999,757,0.72124041,0.78467635,-0.06343594,0.91915655,2151,575,0.67317527,0.72000000,-0.04682473,0.93496565,0.98554016
d1,bull,10,channel_mid_bull,7897,7420,0.72685830,0.70404313,0.02281517,1.03240593,2180,1576,0.72522936,0.74619289,-0.02096354,0.97190601,1520,1206,0.67302632,0.69568823,-0.02266191,0.96742519,0.98532209
d1,bull,1,squeeze_release_up,110,15207,0.30909091,0.25330440,0.05578651,1.22023506,36,3720,,,,,36,2690,,,,,0.98523337
d1,bear,3,trendline_down,7213,8104,0.47608485,0.47544423,0.00064062,1.00134742,1604,2152,0.43703242,0.46514870,-0.02811628,0.93955421,1241,1485,0.40612409,0.41750842,-0.01138432,0.97273271,0.98495932
h4,bull,3,superbb_bull,361,79098,0.17728532,0.16045918,0.01682614,1.10486244,80,19496,,,,,59,13932,,,,,0.98454873
h4,bear,3,structure_bear_transition,26394,53065,0.16939456,0.16321493,0.00617963,1.03786194,6514,13062,0.17377955,0.17080080,0.00297876,1.01743994,4655,9336,0.13233083,0.13549700,-0.00316617,0.97663289,0.98428527
h4,bear,24,elliott_wave5_bear,4544,74915,0.57020246,0.57158113,-0.00137866,0.99758799,1004,18572,0.53386454,0.53666810,-0.00280356,0.99477599,694,13297,0.48703170,0.49545010,-0.00841840,0.98300858,0.98383779
h4,bull,24,shape_triangle_proxy,9430,70029,0.58589608,0.59061246,-0.00471638,0.99201442,2178,17398,0.55188246,0.57989424,-0.02801178,0.95169502,1565,12426,0.52907348,0.53903106,-0.00995758,0.98152689,0.98355927
h4,bull,12,channel_breakout_up,5109,74350,0.44842435,0.44250168,0.00592267,1.01338451,1251,18325,0.41247002,0.42592087,-0.01345085,0.96841937,963,13028,0.37487020,0.38171630,-0.00684611,0.98206494,0.98327876
h4,bull,12,breakout_up20,5109,74350,0.44842435,0.44250168,0.00592267,1.01338451,1251,18325,0.41247002,0.42592087,-0.01345085,0.96841937,963,13028,0.37487020,0.38171630,-0.00684611,0.98206494,0.98327876
h4,bull,6,range_compression,62805,16654,0.29306584,0.29014051,0.00292533,1.01008247,15685,3891,0.28536819,0.27499357,0.01037461,1.03772674,11265,2726,0.22645362,0.24651504,-0.02006142,0.91861988,0.98303213
h4,bear,12,structure_bear_transition,26394,53065,0.43623551,0.42593046,0.01030505,1.02419420,6514,13062,0.40696960,0.40897259,-0.00200299,0.99510239,4655,9336,0.35982814,0.36921594,-0.00938780,0.97457370,0.98288862
h4,bear,24,elliott_pullback_bear,14437,65022,0.57255663,0.57126819,0.00128844,1.00225540,3767,15809,0.54207592,0.53520147,0.00687445,1.01284461,2627,11364,0.48648649,0.49700810,-0.01052161,0.97883010,0.98273642
d1,bear,20,superbb_expand,3389,11928,0.78754795,0.77816901,0.00937894,1.01205257,787,2969,0.76111817,0.76423038,-0.00311221,0.99592765,603,2123,0.70978441,0.72585963,-0.01607522,0.97785354,0.98266750
d1,bull,5,stoch_cross_up,2975,12342,0.60571429,0.60970669,-0.00399241,0.99345192,730,3026,0.61643836,0.59847984,0.01795851,1.03000688,547,2179,0.55575868,0.56815053,-0.01239184,0.97818915,0.98248909
d1,bull,20,rci_bull,7904,7413,0.80554150,0.78524214,0.02029936,1.02585108,2102,1654,0.82873454,0.84038694,-0.01165240,0.98613448,1542,1184,0.75810636,0.78969595,-0.03158959,0.95999778,0.98222335
h4,bear,12,engulf_bear,6066,73393,0.42202440,0.42995926,-0.00793486,0.98154508,1483,18093,0.43088334,0.40645554,0.02442781,1.06009959,1118,12873,0.35957066,0.36665890,-0.00708824,0.98066804,0.98218530
d1,bear,20,elliott_wave3_bear,888,14429,0.76689189,0.78106591,-0.01417402,0.98185298,162,3594,0.73456790,0.76488592,-0.03031802,0.96036269,117,2609,0.70940171,0.72288233,-0.01348062,0.98135157,0.98213766
d1,bull,5,sma20_bull,7806,7511,0.62016398,0.59725736,0.02290662,1.03835302,2146,1610,0.58760485,0.62111801,-0.03351317,0.94604380,1485,1241,0.55555556,0.57775987,-0.02220432,0.96156826,0.98212999
d1,bull,5,bb_bull,7806,7511,0.62016398,0.59725736,0.02290662,1.03835302,2146,1610,0.58760485,0.62111801,-0.03351317,0.94604380,1485,1241,0.55555556,0.57775987,-0.02220432,0.96156826,0.98212999
h4,bear,1,strong_close_bear,11770,67689,0.05828377,0.05346511,0.00481866,1.09012718,2909,16667,0.06153317,0.05807884,0.00345433,1.05947665,2025,11966,0.04246914,0.04337289,-0.00090375,0.97916316,0.98212509
d1,bear,1,shape_triangle_proxy,584,14733,0.17979452,0.25561664,-0.07582212,0.70337564,143,3613,0.15384615,0.25823415,-0.10438800,0.59576222,178,2548,0.20786517,0.21193093,-0.00406576,0.98081565,0.98204584
h4,bull,6,strong_close_bull,13844,65615,0.29709621,0.29147299,0.00562323,1.01929245,3536,16040,0.27007919,0.28622195,-0.01614276,0.94360055,2688,11303,0.22619048,0.23135451,-0.00516403,0.97767914,0.98188984
d1,bear,20,stoch_bear,7295,8022,0.77984921,0.78060334,-0.00075413,0.99903392,1882,1874,0.76301807,0.76414088,-0.00112281,0.99853063,1299,1427,0.70900693,0.73440785,-0.02540092,0.96541306,0.98159111
d1,bear,3,elliott_impulse_bear,1216,14101,0.44325658,0.47854762,-0.03529104,0.92625386,226,3530,0.41150442,0.45580737,-0.04430294,0.90280337,173,2553,0.40462428,0.41284763,-0.00822335,0.98008139,0.98132187
h4,bull,24,elliott_wave2_bull,7417,72042,0.59417554,0.58962827,0.00454727,1.00771210,1936,17640,0.58006198,0.57641723,0.00364475,1.00632311,1306,12685,0.52756508,0.53898305,-0.01141797,0.97881572,0.98075513
h4,bull,6,bb_upper,17834,61625,0.28810138,0.29371197,-0.00561059,0.98089765,4615,14961,0.26543879,0.28881759,-0.02337881,0.91905339,3364,10627,0.22592152,0.23176814,-0.00584662,0.97477386,0.98072231
d1,bear,5,structure_bear_transition,4489,10828,0.57674315,0.58450314,-0.00775999,0.98672378,1177,2579,0.56584537,0.54090733,0.02493804,1.04610409,844,1882,0.48815166,0.50212540,-0.01397374,0.97217082,0.98062006
d1,bear,1,stoch_fall_down,1033,14284,0.27589545,0.25105013,0.02484532,1.09896559,283,3473,0.26148410,0.25367118,0.00781292,1.03079940,212,2514,0.20754717,0.21201273,-0.00446556,0.97893731,0.98054347
d1,bull,5,channel_mid_bull,7897,7420,0.62365455,0.59326146,0.03039310,1.05123053,2180,1576,0.58807339,0.62119289,-0.03311950,0.94668403,1520,1206,0.55460526,0.57960199,-0.02499673,0.95687260,0.98045003
d1,bear,1,fib_time_zone,5417,9900,0.25770722,0.25000000,0.00770722,1.03082887,1342,2414,0.25484352,0.25393538,0.00090814,1.00357626,959,1767,0.20750782,0.21392190,-0.00641408,0.97001672,0.98035757
h4,bear,3,rectangle_range,39635,39824,0.16394601,0.16658297,-0.00263696,0.98417030,10157,9419,0.17091661,0.17273596,-0.00181935,0.98946745,7224,6767,0.13178295,0.13728388,-0.00550093,0.95993024,0.98021010
d1,bear,10,engulf_bear,1179,14138,0.70992366,0.69359174,0.01633193,1.02354689,297,3459,0.65319865,0.67476149,-0.02156284,0.96804376,219,2507,0.60730594,0.62066215,-0.01335621,0.97848071,0.98017524
h4,bear,6,shape_triangle_proxy,9430,70029,0.23849417,0.29563467,-0.05714050,0.80671922,2178,17398,0.26400367,0.28014714,-0.01614347,0.94237503,1565,12426,0.23130990,0.23660068,-0.00529077,0.97763839,0.98008991
h4,bull,12,elliott_wave5_bull,5615,73844,0.44238646,0.44292021,-0.00053375,0.99879494,1274,18302,0.42778650,0.42487160,0.00291490,1.00686066,1044,12947,0.37356322,0.38186452,-0.00830131,0.97826112,0.97985058
d1,bull,20,trendline_up,7876,7441,0.80256475,0.78846929,0.01409546,1.01787700,2152,1604,0.84107807,0.82418953,0.01688854,1.02049109,1485,1241,0.75622896,0.79049154,-0.03426258,0.95665661,0.97979094
d1,bull,10,stoch_bull,7840,7477,0.71607143,0.71552762,0.00054381,1.00076001,1874,1882,0.73159018,0.73645058,-0.00486040,0.99340023,1427,1299,0.66923616,0.69822941,-0.02899325,0.95847604,0.97977324
d1,bull,5,range_compression,12385,2932,0.60734760,0.61562074,-0.00827314,0.98656131,2999,757,0.58552851,0.66710700,-0.08157849,0.87771303,2151,575,0.55416086,0.60869565,-0.05453480,0.91040712,0.97966439
h4,bear,6,sma200_bear,36593,42866,0.28341486,0.29349601,-0.01008115,0.96565149,7643,11933,0.26717258,0.28551077,-0.01833819,0.93577058,6065,7926,0.23116241,0.23971739,-0.00855498,0.96431223,0.97946494
d1,bull,5,span_model_bull,5482,9835,0.61966436,0.60294865,0.01671570,1.02772326,1664,2092,0.60216346,0.60181644,0.00034702,1.00057662,1157,1569,0.55401901,0.57425112,-0.02023210,0.96476785,0.97941364
h4,bull,24,dmi_adx_strong_bull,17881,61578,0.59409429,0.58887915,0.00521514,1.00885605,4426,15150,0.54948034,0.58475248,-0.03527213,0.93968024,2825,11166,0.52672566,0.54074870,-0.01402304,0.97406737,0.97919463
d1,bull,1,rectangle_range,7923,7394,0.25053641,0.25710035,-0.00656394,0.97446935,2085,1671,0.24412470,0.25852783,-0.01440313,0.94428790,1356,1370,0.19321534,0.20145985,-0.00824451,0.95907614,0.97900560
d1,bear,3,range_compression,12385,2932,0.47791683,0.46657572,0.01134112,1.02430713,2999,757,0.45415138,0.44914135,0.00501004,1.01115470,2151,575,0.40353324,0.44521739,-0.04168415,0.90637349,0.97867581
h4,bear,3,range_compression,62805,16654,0.16313988,0.17329170,-0.01015182,0.94141771,15685,3891,0.16984380,0.17964534,-0.00980154,0.94543952,11265,2726,0.13155792,0.14636831,-0.01481038,0.89881428,0.97853636
d1,bear,10,stoch_cross_down,2979,12338,0.70124203,0.69330524,0.00793679,1.01144776,726,3030,0.66666667,0.67458746,-0.00792079,0.98825832,546,2180,0.60622711,0.62293578,-0.01670867,0.97317753,0.97843404
d1,bear,1,sma20_bear,7283,8034,0.24495400,0.25977097,-0.01481697,0.94296141,1610,2146,0.24347826,0.26234856,-0.01887029,0.92807167,1241,1485,0.20709106,0.21548822,-0.00839716,0.96103193,0.97838859
d1,bear,1,bb_bear,7283,8034,0.24495400,0.25977097,-0.01481697,0.94296141,1610,2146,0.24347826,0.26234856,-0.01887029,0.92807167,1241,1485,0.20709106,0.21548822,-0.00839716,0.96103193,0.97838859
h4,bear,6,ellipse_compression,4550,74909,0.22285714,0.29286201,-0.07000486,0.76096297,808,18768,0.26237624,0.27903879,-0.01666255,0.94028589,654,13337,0.23088685,0.23626003,-0.00537318,0.97725735,0.97829737
h4,bear,12,channel_lower,16810,62649,0.41796550,0.43240914,-0.01444364,0.96659728,3796,15780,0.39541623,0.41140684,-0.01599062,0.96113187,2449,11542,0.35810535,0.36778721,-0.00968186,0.97367537,0.97818273
h4,bear,12,rci_cross_down,2913,76546,0.43494679,0.42914065,0.00580614,1.01352970,688,18888,0.42587209,0.40766624,0.01820585,1.04465871,525,13466,0.35809524,0.36640428,-0.00830904,0.97732276,0.97815511
d1,bear,1,compression,1482,13835,0.28340081,0.24943983,0.03396098,1.13614900,354,3402,0.27118644,0.25249853,0.01868791,1.07401196,314,2412,0.20700637,0.21227197,-0.00526560,0.97519407,0.97798850
d1,bull,20,rci_cross_up,544,14773,0.81985294,0.79482840,0.02502454,1.03148420,155,3601,0.81290323,0.83476812,-0.02186489,0.97380722,106,2620,0.75471698,0.77251908,-0.01780210,0.97695578,0.97783198
h4,bear,24,vertical_day_open,12868,66591,0.57250544,0.57130844,0.00119700,1.00209520,3166,16410,0.53379659,0.53705058,-0.00325399,0.99394100,2258,11733,0.48405669,0.49714481,-0.01308812,0.97367343,0.97782806
h4,bear,24,structure_bear_transition,26394,53065,0.57482761,0.56984830,0.00497931,1.00873796,6514,13062,0.52993552,0.53981014,-0.00987461,0.98170725,4655,9336,0.48399570,0.50053556,-0.01653986,0.96695568,0.97770486
h4,bear,24,engulf_bear,6066,73393,0.56577646,0.57197553,-0.00619907,0.98916200,1483,18093,0.54956170,0.53545570,0.01410600,1.02634391,1118,12873,0.48389982,0.49599938,-0.01209956,0.97560570,0.97751117
h4,bear,6,stoch_fall_down,5373,74086,0.29797134,0.28819210,0.00977924,1.03393305,1334,18242,0.26086957,0.27962943,-0.01875986,0.93291171,984,13007,0.23069106,0.23641116,-0.00572011,0.97580442,0.97746777
d1,bull,5,trendline_up,7876,7441,0.61947689,0.59776912,0.02170777,1.03631465,2152,1604,0.59990706,0.60473815,-0.00483109,0.99201127,1485,1241,0.55286195,0.58098308,-0.02812113,0.95159734,0.97736815
h4,bear,24,stoch_fall_down,5373,74086,0.57788945,0.57103906,0.00685038,1.01199635,1334,18242,0.53223388,0.53683807,-0.00460418,0.99142352,984,13007,0.48373984,0.49588683,-0.01214699,0.97550451,0.97718800
h4,bear,3,nr7,12186,67273,0.13827343,0.17015742,-0.03188399,0.81262063,3004,16572,0.16378162,0.17324403,-0.00946240,0.94538108,2086,11905,0.13135187,0.13498530,-0.00363343,0.97308277,0.97700373
d1,bear,20,fib_time_5,3066,12251,0.78571429,0.77887519,0.00683909,1.00878073,756,3000,0.74206349,0.76900000,-0.02693651,0.96497203,543,2183,0.70534070,0.72652313,-0.02118243,0.97084410,0.97651536
h4,bear,24,rectangle_range,39635,39824,0.57275136,0.57025914,0.00249222,1.00437032,10157,9419,0.52613961,0.54772269,-0.02158308,0.96059488,7224,6767,0.48338870,0.50746269,-0.02407398,0.95256009,0.97647868
h4,bull,12,retest_up,5106,74353,0.44829612,0.44251073,0.00578540,1.01307403,1240,18336,0.41048387,0.42604712,-0.01556325,0.96347059,959,13032,0.37226277,0.38190608,-0.00964330,0.97474954,0.97643953
h4,bear,24,ichimoku_tk_bear,36422,43037,0.56507056,0.57694542,-0.01187486,0.97941771,8777,10799,0.50415860,0.56282989,-0.05867130,0.89575661,5897,8094,0.48329659,0.50358290,-0.02028631,0.95971605,0.97629261
h4,bear,24,nr7,12186,67273,0.55530937,0.57443551,-0.01912614,0.96670446,3004,16572,0.52729694,0.53819696,-0.01090002,0.97974715,2086,11905,0.48322148,0.49710206,-0.01388058,0.97207700,0.97614087
d1,bear,5,superbb_expand,3389,11928,0.58660372,0.58098592,0.00561780,1.00966943,787,2969,0.53240152,0.55304816,-0.02064664,0.96266756,603,2123,0.48590381,0.50117758,-0.01527376,0.96952425,0.97610449
d1,bear,20,nr4,3717,11600,0.76594027,0.78482759,-0.01888731,0.97593444,965,2791,0.76165803,0.76424221,-0.00258418,0.99661864,695,2031,0.70503597,0.72821270,-0.02317673,0.96817313,0.97609348
d1,bull,10,fib_time_5,3066,12251,0.72961513,0.71235001,0.01726512,1.02423685,756,3000,0.72751323,0.73566667,-0.00815344,0.98891694,543,2183,0.66666667,0.68712781,-0.02046114,0.97022222,0.97601146
h4,bull,6,nr7,12186,67273,0.26473002,0.29747447,-0.03274445,0.88992517,3004,16572,0.25832224,0.28783490,-0.02951267,0.89746669,2086,11905,0.22483221,0.23133137,-0.00649916,0.97190542,0.97599364
d1,bull,3,range_tight,870,14447,0.47241379,0.50010383,-0.02769003,0.94463143,327,3429,0.56574924,0.47623214,0.08951710,1.18796946,172,2554,0.43023256,0.44166014,-0.01142758,0.97412585,0.97571876
h4,bear,3,fib_time_13,6117,73342,0.17394147,0.16454419,0.00939728,1.05711101,1507,18069,0.16987392,0.17195196,-0.00207804,0.98791500,1075,12916,0.13116279,0.13471663,-0.00355384,0.97361989,0.97559734
h4,bull,12,superbb_expand,18448,61011,0.43896357,0.44406746,-0.00510389,0.98850650,4476,15100,0.42761394,0.42430464,0.00330931,1.00779936,3307,10684,0.37193831,0.38412580,-0.01218748,0.96827216,0.97558848
h4,bull,12,channel_mid_bull,41719,37740,0.44207675,0.44377318,-0.00169643,0.99617725,10602,8974,0.40671571,0.44673501,-0.04001930,0.91041826,8023,5968,0.37193070,0.39376676,-0.02183606,0.94454571,0.97556851
d1,bull,10,rci_bull,7904,7413,0.72558198,0.70538244,0.02019955,1.02863631,2102,1654,0.71408183,0.75937122,-0.04528939,0.94035935,1542,1184,0.66601816,0.70523649,-0.03921833,0.94438982,0.97506203
h4,bull,12,trendline_up,41062,38397,0.43770396,0.44842045,-0.01071649,0.97610169,10251,9325,0.40113160,0.45136729,-0.05023570,0.88870329,7733,6258,0.37165395,0.39309684,-0.02144289,0.94545139,0.97484260
h4,bear,6,fib_below618,29444,50015,0.27445320,0.29733080,-0.02287760,0.92305674,6614,12962,0.26942849,0.28290387,-0.01347539,0.95236761,4590,9401,0.23006536,0.23891075,-0.00884539,0.96297616,0.97481661
h4,bear,6,fib_fan_down,29444,50015,0.27445320,0.29733080,-0.02287760,0.92305674,6614,12962,0.26942849,0.28290387,-0.01347539,0.95236761,4590,9401,0.23006536,0.23891075,-0.00884539,0.96297616,0.97481661
h4,bull,6,engulf_bull,6251,73208,0.31258999,0.29073325,0.02185673,1.07517796,1475,18101,0.27186441,0.28423844,-0.01237403,0.95646601,1002,12989,0.22455090,0.23081069,-0.00625979,0.97287913,0.97477245
d1,bear,1,rci_bear,7253,8064,0.24927616,0.25582837,-0.00655221,0.97438825,1654,2102,0.23821040,0.26688868,-0.02867828,0.89254592,1183,1543,0.20625528,0.21581335,-0.00955807,0.95571142,0.97444004
h4,bull,24,fib_above618,49415,30044,0.59639785,0.57961656,0.01678129,1.02895240,12962,6614,0.55616417,0.61717569,-0.06101152,0.90114401,9401,4590,0.52409318,0.56623094,-0.04213776,0.92558203,0.97430078
h4,bull,1,range_compression,62805,16654,0.04986864,0.04977783,0.00009081,1.00182430,15685,3891,0.05215174,0.05191467,0.00023706,1.00456639,11265,2726,0.03098091,0.03521643,-0.00423552,0.87972888,0.97405387
d1,bear,3,inside_bar,3028,12289,0.47457067,0.47603548,-0.00146481,0.99692291,724,3032,0.45580110,0.45250660,0.00329451,1.00728058,518,2208,0.40154440,0.41485507,-0.01331067,0.96791489,0.97385235
h4,bull,12,elliott_impulse_bull,7054,72405,0.44216048,0.44295283,-0.00079236,0.99821119,1643,17933,0.43031041,0.42458038,0.00573003,1.01349574,1274,12717,0.37127159,0.38224424,-0.01097265,0.97129413,0.97383966
h4,bear,3,fib_time_zone,28118,51341,0.16669038,0.16448842,0.00220196,1.01338669,6930,12646,0.17243867,0.17143761,0.00100106,1.00583923,4950,9041,0.13090909,0.13637872,-0.00546963,0.95989383,0.97371031
h4,bear,6,elliott_wave4_bear,6701,72758,0.28503208,0.28920531,-0.00417323,0.98557002,1697,17879,0.28697702,0.27753230,0.00944472,1.03403106,1188,12803,0.22979798,0.23658518,-0.00678720,0.97131183,0.97368369
h4,bear,24,rci_strong_bear,10361,69098,0.56094972,0.57308460,-0.01213489,0.97882531,2282,17294,0.52103418,0.53856829,-0.01753411,0.96744311,1554,12437,0.48198198,0.49666318,-0.01468120,0.97044033,0.97363701
d1,bull,10,ichimoku_tk_bull,7652,7665,0.71902771,0.71258969,0.00643801,1.00903467,2106,1650,0.73884141,0.72787879,0.01096262,1.01506105,1477,1249,0.66486121,0.70456365,-0.03970245,0.94364960,0.97336823
h4,bull,12,hh20,10015,69444,0.44672991,0.44232763,0.00440227,1.00995252,2615,16961,0.39655832,0.42945581,-0.03289749,0.92339726,1857,12134,0.37102854,0.38280864,-0.01178010,0.96922719,0.97320216
d1,bear,20,fib_time_8,1919,13398,0.77488275,0.78101209,-0.00612934,0.99215206,472,3284,0.76483051,0.76339829,0.00143221,1.00187610,340,2386,0.70294118,0.72506287,-0.02212169,0.96948997,0.97319332
d1,bear,3,stoch_cross_down,2979,12338,0.47432024,0.47609013,-0.00176989,0.99628246,726,3030,0.46418733,0.45049505,0.01369228,1.03039385,546,2180,0.40109890,0.41513761,-0.01403871,0.96618299,0.97277189
h4,bull,3,fib_time_13,6117,73342,0.15906490,0.16065829,-0.00159338,0.99008215,1507,18069,0.15792966,0.16492335,-0.00699369,0.95759431,1075,12916,0.11720930,0.12078043,-0.00357113,0.97043292,0.97264256
h4,bear,1,engulf_bear,6066,73393,0.06577646,0.05322033,0.01255612,1.23592720,1483,18093,0.07417397,0.05731498,0.01685899,1.29414626,1118,12873,0.04203936,0.04334654,-0.00130718,0.96984342,0.97218616
h4,bull,1,fib_time_zone,28118,51341,0.05117718,0.04912253,0.00205465,1.04182700,6930,12646,0.05108225,0.05266487,-0.00158262,0.96994917,4950,9041,0.03090909,0.03229731,-0.00138822,0.95701743,0.97179571
h4,bull,6,elliott_pullback_bull,14193,65266,0.29923202,0.29097846,0.00825356,1.02836484,3753,15823,0.26085798,0.28863047,-0.02777249,0.90377837,2614,11377,0.22379495,0.23187132,-0.00807637,0.96516874,0.97149089
d1,bear,10,compression,1482,13835,0.71255061,0.69295266,0.01959795,1.02828180,354,3402,0.70621469,0.66960611,0.03660858,1.05467181,314,2412,0.60191083,0.62189055,-0.01997972,0.96787261,0.97146768
h4,bear,6,nr7,12186,67273,0.25143607,0.29563123,-0.04419516,0.85050578,3004,16572,0.26597870,0.28059377,-0.01461508,0.94791375,2086,11905,0.22914669,0.23721126,-0.00806456,0.96600261,0.97092410
h4,bull,6,horizontal_break_up,3267,76192,0.32078359,0.29123793,0.02954567,1.10144856,757,18819,0.27476882,0.28364950,-0.00888068,0.96869136,635,13356,0.22362205,0.23068284,-0.00706079,0.96939178,0.97074032
d1,bull,10,span_model_bull,5482,9835,0.72035753,0.71326894,0.00708860,1.00993818,1664,2092,0.74218750,0.72753346,0.01465404,1.02014208,1157,1569,0.66292135,0.69789675,-0.03497540,0.94988456,0.97052825
h4,bear,3,elliott_wave4_bear,6701,72758,0.16475153,0.16531515,-0.00056362,0.99659060,1697,17879,0.19092516,0.16997595,0.02094921,1.12324810,1188,12803,0.13047138,0.13481215,-0.00434077,0.96780132,0.97045459
d1,bull,1,superbb_squeeze,3146,12171,0.23808010,0.25774382,-0.01966372,0.92370829,952,2804,0.25945378,0.24750357,0.01195022,1.04828300,611,2115,0.19148936,0.19905437,-0.00756501,0.96199525,0.97026022
d1,bull,10,fib_above618,9349,5968,0.71708204,0.71380697,0.00327507,1.00458817,2716,1040,0.73784978,0.72403846,0.01381132,1.01907539,1939,787,0.66271274,0.73316391,-0.07045118,0.90390802,0.97022284
h4,bull,6,elliott_wave3_bull,4693,74766,0.29298956,0.29241901,0.00057054,1.00195112,1065,18511,0.29295775,0.28275080,0.01020695,1.03609875,792,13199,0.22348485,0.23077506,-0.00729021,0.96840989,0.97014475
h4,bull,12,elliott_wave2_bull,7417,72042,0.45665363,0.44146470,0.01518893,1.03440577,1936,17640,0.43078512,0.42443311,0.00635202,1.01496589,1306,12685,0.36983155,0.38242018,-0.01258863,0.96708167,0.97006246
d1,bull,5,strong_close_bull,2931,12386,0.61173661,0.60826740,0.00346921,1.00570343,697,3059,0.59540890,0.60346518,-0.00805629,0.98664995,514,2212,0.54863813,0.56962025,-0.02098212,0.96316472,0.96990113
h4,bear,3,shape_triangle_proxy,9430,70029,0.14050901,0.16860158,-0.02809257,0.83337899,2178,17398,0.17493113,0.17139901,0.00353212,1.02060758,1565,12426,0.13035144,0.13495896,-0.00460752,0.96585985,0.96956245
h4,bull,24,elliott_wave3_bull,4693,74766,0.57212870,0.59117781,-0.01904911,0.96777770,1065,18511,0.58497653,0.57630598,0.00867055,1.01504504,792,13199,0.52146465,0.53890446,-0.01743982,0.96763839,0.96941428
h4,bear,12,ichimoku_bear,32353,47106,0.41996105,0.43580436,-0.01584330,0.96364584,7186,12390,0.37559143,0.42728006,-0.05168864,0.87902867,5036,8955,0.35484512,0.37241764,-0.01757253,0.95281499,0.96927724
d1,bear,10,inside_bar,3028,12289,0.70607662,0.69208235,0.01399427,1.02022052,724,3032,0.67817680,0.67183377,0.00634302,1.00944136,518,2208,0.60038610,0.62409420,-0.02370810,0.96201198,0.96900681
h4,bull,3,engulf_bull,6251,73208,0.17597184,0.15921757,0.01675427,1.10522879,1475,18101,0.16338983,0.16446605,-0.00107622,0.99345627,1002,12989,0.11676647,0.12079452,-0.00402805,0.96665369,0.96896776
d1,bull,3,range_compression,12385,2932,0.49697214,0.50511596,-0.00814382,0.98387733,2999,757,0.46548850,0.55746367,-0.09197518,0.83501135,2151,575,0.42724314,0.49217391,-0.06493077,0.86807352,0.96893911
h4,bear,24,sma20_bear,38151,41308,0.56189877,0.58037184,-0.01847307,0.96817029,9223,10353,0.53041310,0.54196851,-0.01155541,0.97867881,6313,7678,0.47964518,0.50768429,-0.02803912,0.94477057,0.96891650
h4,bear,24,bb_bear,38151,41308,0.56189877,0.58037184,-0.01847307,0.96817029,9223,10353,0.53041310,0.54196851,-0.01155541,0.97867881,6313,7678,0.47964518,0.50768429,-0.02803912,0.94477057,0.96891650
h4,bear,12,stoch_fall_down,5373,74086,0.44165271,0.42846152,0.01319119,1.03078734,1334,18242,0.39580210,0.40922048,-0.01341838,0.96720990,984,13007,0.35467480,0.36695625,-0.01228146,0.96653155,0.96881200
h4,bear,24,ll20,8702,70757,0.56665134,0.57209887,-0.00544753,0.99047799,2058,17518,0.50728863,0.53995890,-0.03267027,0.93949490,1322,12669,0.47957640,0.49664535,-0.01706896,0.96563150,0.96877756
d1,bull,20,ichimoku_tk_bull,7652,7665,0.79678515,0.79465101,0.00213414,1.00268564,2106,1650,0.84520418,0.81939394,0.02581024,1.03149918,1477,1249,0.74746107,0.80064051,-0.05317944,0.93357888,0.96843102
d1,bear,1,vertical_week_open,2508,12809,0.31100478,0.24131470,0.06969008,1.28879336,624,3132,0.31410256,0.24233716,0.07176540,1.29613864,444,2282,0.20495495,0.21297108,-0.00801612,0.96236051,0.96829672
d1,bull,5,fib_above618,9349,5968,0.61589475,0.59802279,0.01787196,1.02988508,2716,1040,0.60272459,0.60000000,0.00272459,1.00454099,1939,787,0.54770500,0.60991105,-0.06220605,0.89800799,0.96825152
d1,bull,10,elliott_wave3_bull,863,14454,0.70451912,0.71647987,-0.01196075,0.98330623,202,3554,0.66831683,0.73776027,-0.06944344,0.90587262,177,2549,0.66101695,0.68458219,-0.02356524,0.96557719,0.96774017
d1,bull,20,fib_above618,9349,5968,0.79420259,0.79808981,-0.00388722,0.99512934,2716,1040,0.83726068,0.82500000,0.01226068,1.01486143,1939,787,0.74677669,0.83354511,-0.08676842,0.89590435,0.96754432
d1,bull,5,ichimoku_tk_bull,7652,7665,0.61918453,0.59869537,0.02048916,1.03422301,2106,1650,0.59829060,0.60666667,-0.00837607,0.98619329,1477,1249,0.54705484,0.58767014,-0.04061530,0.93088760,0.96710214
d1,bear,1,trendline_down,7213,8104,0.25287675,0.25259131,0.00028544,1.00113004,1604,2152,0.24750623,0.25929368,-0.01178745,0.95454017,1241,1485,0.20467365,0.21750842,-0.01283477,0.94099186,0.96696771
h4,bull,12,bb_upper,17834,61625,0.43344174,0.44561460,-0.01217286,0.97268298,4615,14961,0.39588299,0.43406189,-0.03817890,0.91204272,3364,10627,0.36860880,0.38524513,-0.01663633,0.95681625,0.96685521
h4,bear,12,vertical_day_open,12868,66591,0.43433323,0.42839122,0.00594201,1.01387051,3166,16410,0.40903348,0.40816575,0.00086773,1.00212592,2258,11733,0.35385297,0.36844797,-0.01459500,0.96038789,0.96656713
h4,bull,12,nr4,22625,56834,0.43606630,0.44559595,-0.00952965,0.97861370,5385,14191,0.40631383,0.43217532,-0.02586149,0.94015973,3857,10134,0.36842105,0.38612591,-0.01770486,0.95414744,0.96636276
h4,bull,12,fib_time_13,6117,73342,0.43730587,0.44334760,-0.00604174,0.98637246,1507,18069,0.41539482,0.42586751,-0.01047268,0.97540859,1075,12916,0.36837209,0.38231651,-0.01394441,0.96352652,0.96623434
d1,bear,5,compression,1482,13835,0.58636977,0.58178533,0.00458444,1.00787996,354,3402,0.57909605,0.54556143,0.03353461,1.06146807,314,2412,0.48089172,0.50000000,-0.01910828,0.96178344,0.96603598
d1,bear,1,elliott_wave4_bear,1288,14029,0.23524845,0.25433032,-0.01908187,0.92497210,343,3413,0.23032070,0.25666569,-0.02634499,0.89735679,225,2501,0.20444444,0.21231507,-0.00787063,0.96292948,0.96588484
h4,bull,24,superbb_expand,18448,61011,0.58201431,0.59248332,-0.01046901,0.98233028,4476,15100,0.57797140,0.57642384,0.00154756,1.00268476,3307,10684,0.51950408,0.54361662,-0.02411254,0.95564422,0.96576955
h4,bull,24,horizontal_support_near,4165,75294,0.59135654,0.58998061,0.00137593,1.00233217,799,18777,0.67459324,0.57261543,0.10197781,1.17809127,564,13427,0.51950355,0.53869070,-0.01918715,0.96438188,0.96576855
h4,bull,3,range_compression,62805,16654,0.15928668,0.16524559,-0.00595891,0.96393909,15685,3891,0.16359579,0.16756618,-0.00397039,0.97630556,11265,2726,0.11637816,0.13756420,-0.02118603,0.84599166,0.96574547
d1,bear,10,elliott_wave3_bear,888,14429,0.67792793,0.69589022,-0.01796229,0.97418804,162,3594,0.62345679,0.67529215,-0.05183536,0.92324009,117,2609,0.59829060,0.62054427,-0.02225367,0.96413846,0.96562473
d1,bull,10,fib_above382,6251,9066,0.71796513,0.71431723,0.00364790,1.00510683,1930,1826,0.75077720,0.71631982,0.03445738,1.04810334,1307,1419,0.65952563,0.70472163,-0.04519600,0.93586687,0.96555686
d1,bull,10,fib_fan_up,6251,9066,0.71796513,0.71431723,0.00364790,1.00510683,1930,1826,0.75077720,0.71631982,0.03445738,1.04810334,1307,1419,0.65952563,0.70472163,-0.04519600,0.93586687,0.96555686
h4,bear,1,vertical_session,51403,28056,0.05489952,0.05285857,0.00204095,1.03861154,12631,6945,0.05613174,0.06306695,-0.00693522,0.89003409,9032,4959,0.04174048,0.04597701,-0.00423653,0.90785540,0.96527443
h4,bear,24,channel_mid_bear,37489,41970,0.56408547,0.57812723,-0.01404177,0.97571163,8970,10606,0.52385730,0.54723741,-0.02338011,0.95727611,5967,8024,0.47779454,0.50785145,-0.03005691,0.94081555,0.96517808
h4,bull,12,channel_upper,20255,59204,0.44734633,0.44135531,0.00599102,1.01357414,5214,14362,0.39355581,0.43649909,-0.04294328,0.90161885,3878,10113,0.36771532,0.38643330,-0.01871799,0.95156218,0.96451162
d1,bear,10,strong_close_bear,2129,13188,0.68248004,0.69684562,-0.01436558,0.97938485,470,3286,0.68085106,0.67194157,0.00890949,1.01325933,313,2413,0.59744409,0.62246167,-0.02501758,0.95980865,0.96425849
h4,bear,3,nr4,22625,56834,0.13644199,0.17674279,-0.04030081,0.77198049,5385,14191,0.15450325,0.17835248,-0.02384923,0.86628037,3857,10134,0.12963443,0.13627393,-0.00663950,0.95127829,0.96422931
d1,bull,5,ichimoku_bull,6894,8423,0.61952422,0.60026119,0.01926303,1.03209109,2121,1635,0.61103253,0.59021407,0.02081846,1.03527274,1443,1283,0.54539155,0.58846454,-0.04307299,0.92680444,0.96416171
h4,bull,12,ichimoku_tk_bull,39353,40106,0.44065256,0.44507056,-0.00441801,0.99007347,10018,9558,0.39548812,0.45605775,-0.06056963,0.86718868,7430,6561,0.36756393,0.39673830,-0.02917437,0.92646444,0.96411454
h4,bull,12,sma20_bull,41080,38379,0.44242941,0.44336747,-0.00093806,0.99788424,10352,9224,0.40996909,0.44199913,-0.03203004,0.92753369,7678,6313,0.36754363,0.39790908,-0.03036545,0.92368748,0.96406129
h4,bull,12,bb_bull,41080,38379,0.44242941,0.44336747,-0.00093806,0.99788424,10353,9223,0.40992949,0.44204706,-0.03211757,0.92734356,7678,6313,0.36754363,0.39790908,-0.03036545,0.92368748,0.96406129
h4,bull,12,rci_bull,41545,37914,0.43817547,0.44804030,-0.00986483,0.97798227,10333,9243,0.41488435,0.43643839,-0.02155403,0.95061380,7578,6413,0.36751122,0.39747388,-0.02996266,0.92461727,0.96397627
h4,bear,12,horizontal_support_near,4165,75294,0.42665066,0.42950301,-0.00285235,0.99335894,799,18777,0.36545682,0.41012941,-0.04467259,0.89107684,564,13427,0.35283688,0.36664929,-0.01381241,0.96232801,0.96379164
d1,bear,5,elliott_impulse_bear,1216,14101,0.56825658,0.58343380,-0.01517722,0.97398639,226,3530,0.50884956,0.55127479,-0.04242523,0.92304159,173,2553,0.47976879,0.49902076,-0.01925197,0.96142050,0.96378018
h4,bear,12,nr7,12186,67273,0.39602823,0.43539013,-0.03936190,0.90959396,3004,16572,0.39513981,0.41069273,-0.01555292,0.96213003,2086,11905,0.35282838,0.36841663,-0.01558825,0.95768852,0.96376842
h4,bear,12,fib_below500,37479,41980,0.42277008,0.43523106,-0.01246098,0.97136928,8649,10927,0.38883108,0.42372106,-0.03488998,0.91765814,5955,8036,0.35281276,0.37593330,-0.02312054,0.93849830,0.96372576
h4,bear,12,fib_arc_bear,37479,41980,0.42277008,0.43523106,-0.01246098,0.97136928,8649,10927,0.38883108,0.42372106,-0.03488998,0.91765814,5955,8036,0.35281276,0.37593330,-0.02312054,0.93849830,0.96372576
d1,bull,3,trendline_up,7876,7441,0.51015744,0.48622497,0.02393247,1.04922098,2152,1604,0.48141264,0.48753117,-0.00611853,0.98744997,1485,1241,0.42491582,0.46011281,-0.03519699,0.92350357,0.96366101
h4,bull,6,dmi_adx_strong_bull,17881,61578,0.28745596,0.29390367,-0.00644771,0.97806183,4426,15150,0.27496611,0.28574257,-0.01077646,0.96228611,2825,11166,0.22194690,0.23249149,-0.01054459,0.95464527,0.96346854
d1,bull,20,hh20,2014,13303,0.79791460,0.79538450,0.00253010,1.00318097,503,3253,0.79324056,0.84014756,-0.04690700,0.94416814,390,2336,0.74358974,0.77654110,-0.03295135,0.95756651,0.96341523
d1,bear,5,superbb_squeeze,3146,12171,0.57596949,0.58384685,-0.00787736,0.98650782,952,2804,0.51995798,0.55848787,-0.03852989,0.93101034,611,2115,0.47954173,0.50307329,-0.02353155,0.95322441,0.96332407
h4,bull,24,ichimoku_bull,36107,43352,0.60157310,0.58045765,0.02111545,1.03637725,9542,10034,0.54516873,0.60683676,-0.06166803,0.89837790,6955,7036,0.51818835,0.55741899,-0.03923063,0.92962092,0.96332358
d1,bear,1,gap_proxy_down,429,14888,0.24242424,0.25302257,-0.01059833,0.95811312,90,3666,,,,,103,2623,0.20388350,0.21197103,-0.00808753,0.96184606,0.96323468
h4,bear,12,strong_close_bear,11770,67689,0.42939677,0.42934598,0.00005079,1.00011830,2909,16667,0.40220007,0.40937181,-0.00717174,0.98248110,2025,11966,0.35259259,0.36837707,-0.01578448,0.95715131,0.96312436
h4,bull,12,ichimoku_cloud_bull,40316,39143,0.45145848,0.43404951,0.01740897,1.04010825,10787,8789,0.42977658,0.41927409,0.01050249,1.02504922,7879,6112,0.36717858,0.39937827,-0.03219970,0.91937544,0.96310376
d1,bull,10,ichimoku_bull,6894,8423,0.71961126,0.71269144,0.00691982,1.00970941,2121,1635,0.73974540,0.72660550,0.01313990,1.01808395,1443,1283,0.65765766,0.71161341,-0.05395575,0.92417829,0.96282211
d1,bull,5,stoch_bull,7840,7477,0.60599490,0.61201016,-0.00601527,0.99017130,1874,1882,0.60405550,0.59989373,0.00416177,1.00693751,1427,1299,0.54449895,0.58891455,-0.04441560,0.92458057,0.96258374
d1,bull,3,channel_mid_bull,7897,7420,0.51348613,0.48261456,0.03087158,1.06396736,2180,1576,0.47201835,0.50063452,-0.02861617,0.94284020,1520,1206,0.42434211,0.46185738,-0.03751527,0.91877303,0.96235988
h4,bull,3,bb_upper,17834,61625,0.15694740,0.16157404,-0.00462663,0.97136525,4615,14961,0.15341278,0.16776953,-0.01435675,0.91442576,3364,10627,0.11593341,0.12195351,-0.00602010,0.95063609,0.96205479
d1,bull,3,stoch_cross_up,2975,12342,0.49109244,0.50032410,-0.00923166,0.98154864,730,3026,0.48630137,0.48347654,0.00282483,1.00584275,547,2179,0.42413163,0.44515833,-0.02102670,0.95276579,0.96188254
d1,bull,3,ichimoku_bull,6894,8423,0.51421526,0.48569393,0.02852133,1.05872284,2121,1635,0.50306459,0.45932722,0.04373738,1.09522052,1443,1283,0.42411642,0.45985970,-0.03574328,0.92227351,0.96184806
d1,bear,10,stoch_bear,7295,8022,0.69540781,0.69434056,0.00106725,1.00153707,1882,1874,0.66737513,0.67876201,-0.01138687,0.98322406,1299,1427,0.59584296,0.64120533,-0.04536237,0.92925453,0.96167430
h4,bull,1,compression,10205,69254,0.06173444,0.04809830,0.01363614,1.28350561,2300,17276,0.06260870,0.05070618,0.01190251,1.23473496,1635,12356,0.03058104,0.03196827,-0.00138723,0.95660589,0.96148163
h4,bull,24,fib_above500,41367,38092,0.59789204,0.58153943,0.01635261,1.02811952,10924,8652,0.54952398,0.61118816,-0.06166418,0.89910770,8036,5955,0.51704828,0.56607893,-0.04903064,0.91338550,0.96120416
h4,bull,24,fib_arc_bull,41367,38092,0.59789204,0.58153943,0.01635261,1.02811952,10924,8652,0.54952398,0.61118816,-0.06166418,0.89910770,8036,5955,0.51704828,0.56607893,-0.04903064,0.91338550,0.96120416
h4,bull,6,nr4,22625,56834,0.28110497,0.29697012,-0.01586515,0.94657661,5385,14191,0.26443825,0.29046579,-0.02602753,0.91039381,3857,10134,0.22141561,0.23376752,-0.01235191,0.94716158,0.96116220
d1,bear,3,strong_close_bear,2129,13188,0.46312823,0.47778283,-0.01465460,0.96932790,470,3286,0.44680851,0.45404747,-0.00723896,0.98405681,313,2413,0.39616613,0.41442188,-0.01825575,0.95594888,0.96080861
d1,bull,10,fib_above500,7758,7559,0.71281258,0.71887816,-0.00606558,0.99156244,2361,1395,0.74121135,0.72186380,0.01934755,1.02680222,1629,1097,0.65623082,0.72288058,-0.06664977,0.90779975,0.96073319
d1,bull,10,fib_arc_bull,7758,7559,0.71281258,0.71887816,-0.00606558,0.99156244,2361,1395,0.74121135,0.72186380,0.01934755,1.02680222,1629,1097,0.65623082,0.72288058,-0.06664977,0.90779975,0.96073319
d1,bull,3,sma20_bull,7806,7511,0.50768640,0.48901611,0.01867029,1.03817928,2146,1610,0.47064306,0.50186335,-0.03122030,0.93779124,1485,1241,0.42356902,0.46172442,-0.03815539,0.91736328,0.96060662
d1,bull,3,bb_bull,7806,7511,0.50768640,0.48901611,0.01867029,1.03817928,2146,1610,0.47064306,0.50186335,-0.03122030,0.93779124,1485,1241,0.42356902,0.46172442,-0.03815539,0.91736328,0.96060662
d1,bull,5,fib_above500,7758,7559,0.61446249,0.60325440,0.01120809,1.01857938,2361,1395,0.60694621,0.59354839,0.01339782,1.02257242,1629,1097,0.54327808,0.59890611,-0.05562802,0.90711729,0.96042546
d1,bull,5,fib_arc_bull,7758,7559,0.61446249,0.60325440,0.01120809,1.01857938,2361,1395,0.60694621,0.59354839,0.01339782,1.02257242,1629,1097,0.54327808,0.59890611,-0.05562802,0.90711729,0.96042546
d1,bull,20,elliott_impulse_bull,1384,13933,0.80057803,0.79523434,0.00534370,1.00671965,356,3400,0.76966292,0.84058824,-0.07092531,0.91562419,278,2448,0.74100719,0.77532680,-0.03431960,0.95573531,0.96006921
d1,bear,5,nr4,3717,11600,0.58003766,0.58293103,-0.00289337,0.99503651,965,2791,0.55233161,0.54747402,0.00485758,1.00887272,695,2031,0.47769784,0.50467750,-0.02697966,0.94654080,0.95961998
d1,bull,5,rci_bull,7904,7413,0.62031883,0.59678942,0.02352940,1.03942664,2102,1654,0.58420552,0.62454655,-0.04034104,0.93540748,1542,1184,0.54280156,0.59543919,-0.05263763,0.91159864,0.95958304
d1,bull,20,span_model_bull,5482,9835,0.79770157,0.79461108,0.00309049,1.00388931,1664,2092,0.85096154,0.82026769,0.03069385,1.03741931,1157,1569,0.73984443,0.79541109,-0.05556666,0.93014095,0.95856269
d1,bull,3,span_model_bull,5482,9835,0.51459321,0.48957804,0.02501518,1.05109538,1664,2092,0.49399038,0.47609943,0.01789096,1.03757820,1157,1569,0.42264477,0.45442957,-0.03178480,0.93005560,0.95851052
h4,bull,12,nr7,12186,67273,0.43115050,0.44500766,-0.01385715,0.96886086,3004,16572,0.40446072,0.42879556,-0.02433484,0.94324839,2086,11905,0.36529243,0.38404032,-0.01874789,0.95118249,0.95815642
d1,bull,10,sma50_bull,7748,7569,0.71566856,0.71594662,-0.00027806,0.99961161,2301,1455,0.73229031,0.73676976,-0.00447945,0.99392015,1565,1161,0.65431310,0.72179156,-0.06747846,0.90651254,0.95792562
d1,bull,3,fib_above618,9349,5968,0.50850358,0.48290885,0.02559474,1.05300117,2716,1040,0.48895434,0.47115385,0.01780050,1.03778065,1939,787,0.42238267,0.48665820,-0.06427552,0.86792471,0.95791611
d1,bear,1,inside_bar,3028,12289,0.22457067,0.25966311,-0.03509244,0.86485397,724,3032,0.22928177,0.26022427,-0.03094251,0.88109293,518,2208,0.20270270,0.21376812,-0.01106541,0.94823637,0.95765610
d1,bull,5,fib_above382,6251,9066,0.61974084,0.60147805,0.01826279,1.03036319,1930,1826,0.60829016,0.59529025,0.01299990,1.02183792,1307,1419,0.54169855,0.58773784,-0.04603930,0.92166695,0.95763310
d1,bull,5,fib_fan_up,6251,9066,0.61974084,0.60147805,0.01826279,1.03036319,1930,1826,0.60829016,0.59529025,0.01299990,1.02183792,1307,1419,0.54169855,0.58773784,-0.04603930,0.92166695,0.95763310
h4,bull,24,horizontal_break_up,3267,76192,0.60453015,0.58943196,0.01509819,1.02561481,757,18819,0.53236460,0.57856422,-0.04619962,0.92014781,635,13356,0.51496063,0.53900869,-0.02404806,0.95538466,0.95732317
d1,bull,10,hh20,2014,13303,0.71350546,0.71615425,-0.00264879,0.99630137,503,3253,0.67793241,0.74269905,-0.06476664,0.91279558,390,2336,0.65384615,0.68792808,-0.03408193,0.95045713,0.95724201
h4,bull,24,sma50_bull,40976,38483,0.59786216,0.58173739,0.01612477,1.02771830,10733,8843,0.54681822,0.61314034,-0.06632211,0.89183208,7844,6147,0.51491586,0.56726859,-0.05235273,0.90771087,0.95723994
h4,bear,24,fib_below382,45560,33899,0.56780070,0.57647718,-0.00867648,0.98494914,10670,8906,0.51059044,0.56759488,-0.05700444,0.89956844,7454,6537,0.47370539,0.51935138,-0.04564599,0.91210962,0.95691772
d1,bear,3,structure_bear_transition,4489,10828,0.46112720,0.48180643,-0.02067923,0.95707980,1177,2579,0.46304163,0.44862350,0.01441813,1.03213861,844,1882,0.39454976,0.42029756,-0.02574779,0.93873913,0.95688848
h4,bear,24,superbb_squeeze,17574,61885,0.56651872,0.57291751,-0.00639879,0.98883122,4532,15044,0.53265666,0.53768944,-0.00503278,0.99063999,2990,11001,0.47357860,0.50086356,-0.02728496,0.94552416,0.95666158
h4,bull,6,superbb_bull,361,79098,0.32963989,0.29228299,0.03735690,1.12781072,80,19496,,,,,59,13932,,,,,0.95648859
d1,bull,3,fib_above500,7758,7559,0.50786285,0.48895357,0.01890929,1.03867297,2361,1395,0.49512918,0.46523297,0.02989621,1.06426072,1629,1097,0.42173112,0.46946217,-0.04773105,0.89832824,0.95643847
d1,bull,3,fib_arc_bull,7758,7559,0.50786285,0.48895357,0.01890929,1.03867297,2361,1395,0.49512918,0.46523297,0.02989621,1.06426072,1629,1097,0.42173112,0.46946217,-0.04773105,0.89832824,0.95643847
h4,bull,3,hh20,10015,69444,0.16555167,0.15981222,0.00573945,1.03591371,2615,16961,0.15487572,0.16585107,-0.01097535,0.93382404,1857,12134,0.11523963,0.12131202,-0.00607238,0.94994410,0.95629758
d1,bear,5,strong_close_bear,2129,13188,0.57632691,0.58318168,-0.00685477,0.98824592,470,3286,0.55531915,0.54777845,0.00754069,1.01376596,313,2413,0.47603834,0.50062163,-0.02458329,0.95089446,0.95628630
d1,bear,10,structure_bear_transition,4489,10828,0.69035420,0.69671223,-0.00635803,0.99087424,1177,2579,0.67034834,0.67429236,-0.00394402,0.99415088,844,1882,0.59241706,0.63177471,-0.03935765,0.93770304,0.95614500
h4,bear,3,vertical_session,51403,28056,0.15501041,0.18406045,-0.02905004,0.84217119,12631,6945,0.16546592,0.18329734,-0.01783142,0.90271861,9032,4959,0.12854296,0.14519056,-0.01664760,0.88533963,0.95611086
d1,bear,1,channel_mid_bear,7180,8137,0.24345404,0.26090697,-0.01745293,0.93310670,1576,2180,0.24746193,0.25917431,-0.01171238,0.95480886,1206,1520,0.20232172,0.21907895,-0.01675722,0.92351058,0.95585619
d1,bear,3,fib_time_8,1919,13398,0.48097968,0.47499627,0.00598341,1.01259675,472,3284,0.44067797,0.45493301,-0.01425504,0.96866562,340,2386,0.39411765,0.41492037,-0.02080272,0.94986334,0.95584049
h4,bull,12,fib_above618,49415,30044,0.44666599,0.43665957,0.01000643,1.02291585,12962,6614,0.40896467,0.45660720,-0.04764253,0.89565970,9401,4590,0.36432294,0.41590414,-0.05158120,0.87597816,0.95561348
d1,bull,20,fib_above382,6251,9066,0.79523276,0.79605118,-0.00081842,0.99897190,1930,1826,0.84922280,0.81763417,0.03158862,1.03863418,1307,1419,0.73756695,0.80338266,-0.06581572,0.91807675,0.95561193
d1,bull,20,fib_fan_up,6251,9066,0.79523276,0.79605118,-0.00081842,0.99897190,1930,1826,0.84922280,0.81763417,0.03158862,1.03863418,1307,1419,0.73756695,0.80338266,-0.06581572,0.91807675,0.95561193
h4,bear,3,ellipse_compression,4550,74909,0.12747253,0.16756331,-0.04009078,0.76074248,808,18768,0.17450495,0.17167519,0.00282976,1.01648321,654,13337,0.12844037,0.13473795,-0.00629758,0.95326053,0.95534778
d1,bull,3,stoch_bull,7840,7477,0.49502551,0.50220677,-0.00718126,0.98570060,1874,1882,0.48612593,0.48193411,0.00419182,1.00869791,1427,1299,0.42116328,0.46266359,-0.04150031,0.91030133,0.95515067
d1,bull,1,stoch_bull,7840,7477,0.25535714,0.25197272,0.00338443,1.01343172,1874,1882,0.25133404,0.24973433,0.00159972,1.00640569,1427,1299,0.18850736,0.20708237,-0.01857501,0.91030133,0.95515067
d1,bull,1,ichimoku_bull,6894,8423,0.26660865,0.24314377,0.02346487,1.09650616,2121,1635,0.25931165,0.23914373,0.02016791,1.08433386,1443,1283,0.18849619,0.20732658,-0.01883039,0.90917522,0.95509407
h4,bull,3,dmi_adx_strong_bull,17881,61578,0.15614339,0.16181104,-0.00566764,0.96497369,4426,15150,0.16109354,0.16534653,-0.00425300,0.97427828,2825,11166,0.11504425,0.12188787,-0.00684363,0.94385310,0.95467620
h4,bull,12,ellipse_compression,4550,74909,0.41912088,0.44432578,-0.02520490,0.94327382,808,18768,0.36262376,0.42774936,-0.06512560,0.84774823,654,13337,0.36391437,0.38209492,-0.01818055,0.95241876,0.95454181
h4,bull,24,span_model_bull,28615,50844,0.60174734,0.58347101,0.01827633,1.03132345,7432,12144,0.53673305,0.60128458,-0.06455154,0.89264395,5549,8442,0.51342584,0.55401564,-0.04058979,0.92673529,0.95446997
d1,bear,10,nr4,3717,11600,0.68200161,0.69896552,-0.01696390,0.97572999,965,2791,0.67461140,0.67251881,0.00209259,1.00311157,695,2031,0.59136691,0.62924668,-0.03787977,0.93980140,0.95445008
d1,bull,20,fib_above500,7758,7559,0.79040990,0.80116418,-0.01075428,0.98657669,2361,1395,0.84328674,0.81792115,0.02536560,1.03101228,1629,1097,0.73664825,0.82406563,-0.08741738,0.89391939,0.95442164
d1,bull,20,fib_arc_bull,7758,7559,0.79040990,0.80116418,-0.01075428,0.98657669,2361,1395,0.84328674,0.81792115,0.02536560,1.03101228,1629,1097,0.73664825,0.82406563,-0.08741738,0.89391939,0.95442164
d1,bear,20,gap_proxy_down,429,14888,0.76456876,0.78069586,-0.01612710,0.97934266,90,3666,,,,,103,2623,0.68932039,0.72359893,-0.03427854,0.95262770,0.95433590
d1,bull,20,dmi_adx_strong_bull,4054,11263,0.79427726,0.79623546,-0.00195820,0.99754067,1111,2645,0.81998200,0.83969754,-0.01971554,0.97652066,702,2024,0.73646724,0.78409091,-0.04762367,0.93926256,0.95418711
d1,bear,5,stoch_bear,7295,8022,0.57930089,0.58489155,-0.00559066,0.99044155,1882,1874,0.55738576,0.54002134,0.01736442,1.03215505,1299,1427,0.47498075,0.51857043,-0.04358967,0.91594262,0.95416178
h4,bear,24,elliott_wave4_bear,6701,72758,0.57066110,0.57157976,-0.00091866,0.99839277,1697,17879,0.53624042,0.53655126,-0.00031084,0.99942068,1188,12803,0.47222222,0.49714911,-0.02492688,0.94986035,0.95392162
d1,bear,3,shape_triangle_proxy,584,14733,0.39554795,0.47892486,-0.08337692,0.82590815,143,3613,0.35664336,0.45696097,-0.10031762,0.78046787,178,2548,0.39325843,0.41365777,-0.02039934,0.95068546,0.95375665
d1,bear,5,trendline_down,7213,8104,0.57742964,0.58650049,-0.00907085,0.98453394,1604,2152,0.51683292,0.57249071,-0.05565779,0.90277958,1241,1485,0.47461724,0.51717172,-0.04255447,0.91771694,0.95343155
h4,bear,6,vertical_day_open,12868,66591,0.29600560,0.28747128,0.00853432,1.02968754,3166,16410,0.27795325,0.27842779,-0.00047453,0.99829566,2258,11733,0.22497786,0.23813177,-0.01315391,0.94476206,0.95326020
d1,bear,3,ll20,1702,13615,0.46122209,0.47756151,-0.01633942,0.96578572,327,3429,0.43425076,0.45494313,-0.02069237,0.95451658,257,2469,0.39299611,0.41433779,-0.02134168,0.94849208,0.95312046
d1,bull,20,sma50_bull,7748,7569,0.79323696,0.79825604,-0.00501908,0.99371244,2301,1455,0.83355063,0.83436426,-0.00081363,0.99902485,1565,1161,0.73546326,0.82084410,-0.08538084,0.89598410,0.95288633
h4,bear,6,strong_close_bear,11770,67689,0.28937978,0.28876184,0.00061794,1.00213997,2909,16667,0.27810244,0.27839443,-0.00029199,0.99895116,2025,11966,0.22469136,0.23792412,-0.01323276,0.94438243,0.95204627
h4,bull,1,stoch_cross_up,15634,63825,0.05353716,0.04894634,0.00459082,1.09379302,3924,15652,0.04689093,0.05341170,-0.00652078,0.87791483,2741,11250,0.03028092,0.03217778,-0.00189686,0.94105067,0.95204571
d1,bear,3,sma20_bear,7283,8034,0.47150899,0.47958676,-0.00807776,0.98315683,1610,2146,0.42360248,0.47530289,-0.05170040,0.89122640,1241,1485,0.39242546,0.42895623,-0.03653077,0.91483801,0.95173649
d1,bear,3,bb_bear,7283,8034,0.47150899,0.47958676,-0.00807776,0.98315683,1610,2146,0.42360248,0.47530289,-0.05170040,0.89122640,1241,1485,0.39242546,0.42895623,-0.03653077,0.91483801,0.95173649
d1,bull,20,ichimoku_bull,6894,8423,0.79692486,0.79472872,0.00219614,1.00276339,2121,1635,0.84064121,0.82507645,0.01556475,1.01886462,1443,1283,0.73388773,0.81449727,-0.08060954,0.90103154,0.95084504
d1,bull,5,fib_time_5,3066,12251,0.61839530,0.60656273,0.01183257,1.01950758,756,3000,0.61243386,0.59933333,0.01310053,1.02185850,543,2183,0.53775322,0.57260650,-0.03485328,0.93913223,0.95065842
h4,bear,24,rci_cross_down,2913,76546,0.57294885,0.57144723,0.00150162,1.00262774,688,18888,0.55668605,0.53578992,0.02089613,1.03900060,525,13466,0.47047619,0.49598990,-0.02551371,0.94856002,0.95039451
d1,bull,1,span_model_bull,5482,9835,0.26596133,0.24687341,0.01908792,1.07731864,1664,2092,0.25360577,0.24808795,0.00551782,1.02224137,1157,1569,0.18755402,0.20458891,-0.01703489,0.91673600,0.95032018
h4,bear,24,strong_close_bear,11770,67689,0.56448598,0.57272230,-0.00823632,0.98561900,2909,16667,0.51873496,0.53962921,-0.02089425,0.96128036,2025,11966,0.47012346,0.49924787,-0.02912441,0.94166342,0.94968196
h4,bull,6,channel_mid_bull,41719,37740,0.29204919,0.29289878,-0.00084959,0.99709936,10602,8974,0.26740238,0.30209494,-0.03469256,0.88516006,8023,5968,0.21874610,0.24597855,-0.02723245,0.88928934,0.94957392
d1,bear,5,stoch_cross_down,2979,12338,0.58610272,0.58129356,0.00480915,1.00827319,726,3030,0.56198347,0.54554455,0.01643892,1.03013304,546,2180,0.47252747,0.50412844,-0.03160097,0.93731564,0.94923352
d1,bull,10,dmi_adx_strong_bull,4054,11263,0.70794277,0.71863624,-0.01069347,0.98511977,1111,2645,0.70477048,0.74631380,-0.04154332,0.94433531,702,2024,0.64814815,0.69515810,-0.04700995,0.93237516,0.94890003
d1,bear,3,superbb_squeeze,3146,12171,0.46789574,0.47777504,-0.00987930,0.97932228,952,2804,0.43697479,0.45863053,-0.02165574,0.95278173,611,2115,0.39116203,0.41843972,-0.02727769,0.93481095,0.94867232
d1,bear,3,elliott_wave4_bear,1288,14029,0.48757764,0.47465963,0.01291801,1.02721530,343,3413,0.39650146,0.45883387,-0.06233241,0.86415037,225,2501,0.39111111,0.41423431,-0.02312320,0.94417846,0.94854883
d1,bear,10,dmi_adx_strong_bear,3079,12238,0.68203962,0.69807158,-0.01603196,0.97703394,684,3072,0.60818713,0.68750000,-0.07931287,0.88463583,553,2173,0.58770344,0.62770364,-0.04000020,0.93627534,0.94853734
h4,bull,24,sma200_bull,40478,38981,0.59585454,0.58402812,0.01182642,1.02024975,11933,7643,0.56984832,0.58759649,-0.01774817,0.96979530,7926,6065,0.51021953,0.57411377,-0.06389424,0.88870806,0.94850936
h4,bear,3,gap_proxy_down,1372,78087,0.15889213,0.16537964,-0.00648751,0.96077200,391,19185,0.20204604,0.17117540,0.03087064,1.18034507,298,13693,0.12751678,0.13459432,-0.00707754,0.94741576,0.94847807
d1,bull,3,fib_time_5,3066,12251,0.50717547,0.49636764,0.01080783,1.02177384,756,3000,0.49603175,0.48100000,0.01503175,1.03125103,543,2183,0.41804788,0.44663307,-0.02858519,0.93599849,0.94808530
d1,bull,5,sma50_bull,7748,7569,0.61486835,0.60285375,0.01201461,1.01992956,2301,1455,0.59713168,0.60962199,-0.01249031,0.97951138,1565,1161,0.53610224,0.60551249,-0.06941025,0.88536941,0.94773975
h4,bull,6,ichimoku_cloud_bull,40316,39143,0.30069947,0.28395882,0.01674066,1.05895452,10787,8789,0.28478724,0.28148822,0.00329902,1.01171992,7879,6112,0.21830181,0.24590969,-0.02760787,0.88773167,0.94764527
d1,bear,3,bb_lower,3133,12184,0.46281519,0.47907091,-0.01625572,0.96606824,599,3157,0.41903172,0.45961356,-0.04058184,0.91170444,494,2232,0.39068826,0.41711470,-0.02642644,0.93664468,0.94752330
d1,bull,10,dmi_adx_bull,3125,12192,0.70912000,0.71751969,-0.00839969,0.98829344,773,2983,0.70245796,0.74220583,-0.03974788,0.94644629,564,2162,0.64716312,0.69241443,-0.04525131,0.93464707,0.94745793
h4,bull,6,channel_upper,20255,59204,0.29597630,0.29124721,0.00472909,1.01623737,5214,14362,0.26198696,0.29104582,-0.02905886,0.90015710,3878,10113,0.21815369,0.23504400,-0.01689032,0.92813977,0.94700225
h4,bull,6,rci_bull,41545,37914,0.29033578,0.29477238,-0.00443660,0.98494907,10333,9243,0.27746056,0.28984096,-0.01238040,0.95728555,7578,6413,0.21813143,0.24481522,-0.02668379,0.89100438,0.94690564
d1,bull,5,dmi_adx_strong_bull,4054,11263,0.59077454,0.61546657,-0.02469203,0.95988080,1111,2645,0.55895590,0.62003781,-0.06108191,0.90148680,702,2024,0.53561254,0.57608696,-0.04047442,0.92974251,0.94687404
h4,bull,3,rci_cross_up,2910,76549,0.15360825,0.16079897,-0.00719072,0.95528132,694,18882,0.17579251,0.16396568,0.01182683,1.07212988,526,13465,0.11406844,0.12075752,-0.00668908,0.94460735,0.94657862
h4,bull,1,dmi_adx_strong_bull,17881,61578,0.04843130,0.05026146,-0.00183016,0.96358718,4426,15150,0.05309535,0.05181518,0.00128016,1.02470635,2825,11166,0.03008850,0.03224073,-0.00215224,0.93324484,0.94599582
d1,bull,3,fib_above382,6251,9066,0.51351784,0.48819766,0.02532018,1.05186460,1930,1826,0.49481865,0.47261774,0.02220091,1.04697435,1307,1419,0.41698546,0.46300211,-0.04601665,0.90061244,0.94567585
d1,bull,3,fib_fan_up,6251,9066,0.51351784,0.48819766,0.02532018,1.05186460,1930,1826,0.49481865,0.47261774,0.02220091,1.04697435,1307,1419,0.41698546,0.46300211,-0.04601665,0.90061244,0.94567585
h4,bear,12,fib_below618,29444,50015,0.41682516,0.43672898,-0.01990382,0.95442523,6614,12962,0.37995162,0.42277426,-0.04282265,0.89871038,4590,9401,0.34618736,0.37581108,-0.02962372,0.92117391,0.94562815
h4,bear,12,fib_fan_down,29444,50015,0.41682516,0.43672898,-0.01990382,0.95442523,6614,12962,0.37995162,0.42277426,-0.04282265,0.89871038,4590,9401,0.34618736,0.37581108,-0.02962372,0.92117391,0.94562815
d1,bull,5,range_tight,870,14447,0.58735632,0.61023050,-0.02287418,0.96251552,327,3429,0.68501529,0.59405074,0.09096455,1.15312589,172,2554,0.53488372,0.56773688,-0.03285316,0.94213312,0.94558562
d1,bear,5,fib_time_8,1919,13398,0.56852527,0.58419167,-0.01566640,0.97318278,472,3284,0.53813559,0.55024361,-0.01210801,0.97799518,340,2386,0.47058824,0.50167645,-0.03108821,0.93803135,0.94533790
h4,bull,6,fib_time_13,6117,73342,0.28706882,0.29290175,-0.00583292,0.98008573,1507,18069,0.27339084,0.28413305,-0.01074220,0.96219305,1075,12916,0.21767442,0.23141840,-0.01374398,0.94060983,0.94492175
h4,bear,24,ichimoku_cloud_bear,37811,41648,0.56184708,0.58026796,-0.01842088,0.96825453,8678,10898,0.51820696,0.55111030,-0.03290334,0.94029628,6012,7979,0.46773120,0.51560346,-0.04787225,0.90715296,0.94484945
d1,bear,3,stoch_bear,7295,8022,0.47018506,0.48080279,-0.01061773,0.97791665,1882,1874,0.45589798,0.45037353,0.00552445,1.01226637,1299,1427,0.38953041,0.43307638,-0.04354598,0.89944966,0.94471521
d1,bear,1,range_compression,12385,2932,0.25215987,0.25511596,-0.00295609,0.98841276,2999,757,0.25075025,0.26816380,-0.01741355,0.93506374,2151,575,0.19990702,0.25565217,-0.05574515,0.78194923,0.94444807
h4,bull,1,shape_triangle_proxy,9430,70029,0.05227996,0.04952234,0.00275762,1.05568430,2178,17398,0.05922865,0.05121278,0.00801587,1.15652083,1565,12426,0.03003195,0.03202962,-0.00199767,0.93763065,0.94421797
h4,bull,3,compression,10205,69254,0.15629593,0.16116037,-0.00486443,0.96981620,2300,17276,0.16521739,0.16427414,0.00094325,1.00574195,1635,12356,0.11376147,0.12139851,-0.00763704,0.93709113,0.94403126
d1,bear,20,elliott_wave5_bear,885,14432,0.78079096,0.78021064,0.00058032,1.00074380,172,3584,0.69186047,0.76702009,-0.07515962,0.90201088,132,2594,0.68181818,0.72436392,-0.04254573,0.94126470,0.94394940
h4,bear,6,ichimoku_cloud_bear,37811,41648,0.28377985,0.29345947,-0.00967962,0.96701549,8678,10898,0.27448721,0.28142778,-0.00694058,0.97533799,6012,7979,0.22272122,0.24602080,-0.02329958,0.90529427,0.94369856
d1,bear,5,elliott_wave5_bear,885,14432,0.57401130,0.58273282,-0.00872152,0.98503342,172,3584,0.50000000,0.55106027,-0.05106027,0.90734177,132,2594,0.46969697,0.49922899,-0.02953202,0.94084474,0.94354749
h4,bull,12,compression,10205,69254,0.42890740,0.44494181,-0.01603441,0.96396291,2300,17276,0.41086957,0.42695068,-0.01608112,0.96233495,1635,12356,0.35963303,0.38410489,-0.02447186,0.93628860,0.94331190
d1,bull,1,dmi_adx_bull,3125,12192,0.24384000,0.25623360,-0.01239360,0.95163165,773,2983,0.20698577,0.26181696,-0.05483119,0.79057433,564,2162,0.18617021,0.20027752,-0.01410731,0.92956120,0.94330855
d1,bear,5,ellipse_compression,440,14877,0.63636364,0.58062781,0.05573582,1.09599234,101,3655,0.56435644,0.54829001,0.01606642,1.02930278,98,2628,,,,,0.94292632
d1,bear,10,trendline_down,7213,8104,0.68917233,0.69990128,-0.01072896,0.98467076,1604,2152,0.65523691,0.68633829,-0.03110138,0.95468505,1241,1485,0.58340048,0.64983165,-0.06643117,0.89777173,0.94159249
d1,bull,10,rci_strong_bull,2537,12780,0.71856523,0.71525822,0.00330702,1.00462353,539,3217,0.67717996,0.74354989,-0.06636993,0.91073911,479,2247,0.64300626,0.69158879,-0.04858252,0.92975230,0.94137222
h4,bear,24,dmi_adx_bear,18828,60631,0.56076057,0.57483795,-0.01407738,0.97551069,4222,15354,0.47465656,0.55353654,-0.07887998,0.85749816,3730,10261,0.46595174,0.50560374,-0.03965200,0.92157495,0.94125481
d1,bull,20,elliott_wave5_bull,1101,14216,0.80290645,0.79516038,0.00774607,1.00974151,285,3471,0.75438596,0.84039182,-0.08600585,0.89765982,219,2507,0.72602740,0.77582768,-0.04980029,0.93581012,0.94066097
h4,bear,1,range_compression,62805,16654,0.05389698,0.05524198,-0.00134500,0.97565255,15685,3891,0.05661460,0.06656387,-0.00994927,0.85053053,11265,2726,0.04065690,0.05392517,-0.01326826,0.75395044,0.94021606
d1,bull,3,stoch_recover_up,948,14369,0.47468354,0.50010439,-0.02542085,0.94916892,229,3527,0.51528384,0.48199603,0.03328781,1.06906242,152,2574,0.41447368,0.44250194,-0.02802826,0.93665958,0.93997942
d1,bull,20,channel_breakout_up,1039,14278,0.79980751,0.79541953,0.00438798,1.00551656,265,3491,0.75471698,0.83987396,-0.08515698,0.89860743,204,2522,0.72549020,0.77557494,-0.05008474,0.93542243,0.93996496
d1,bull,20,breakout_up20,1039,14278,0.79980751,0.79541953,0.00438798,1.00551656,265,3491,0.75471698,0.83987396,-0.08515698,0.89860743,204,2522,0.72549020,0.77557494,-0.05008474,0.93542243,0.93996496
d1,bull,1,range_compression,12385,2932,0.25078724,0.26603001,-0.01524277,0.94270281,2999,757,0.23441147,0.31439894,-0.07998747,0.74558606,2151,575,0.18549512,0.24173913,-0.05624401,0.76733592,0.93988791
d1,bull,20,dmi_adx_bull,3125,12192,0.78464000,0.79855643,-0.01391643,0.98257302,773,2983,0.82664942,0.83573584,-0.00908642,0.98912764,564,2162,0.72517730,0.78399630,-0.05881899,0.92497542,0.93955957
h4,bull,24,fib_above382,33299,46160,0.59899697,0.58360052,0.01539645,1.02638183,8906,10670,0.54581181,0.60262418,-0.05681237,0.90572504,6537,7454,0.50527765,0.56654145,-0.06126380,0.89186351,0.93932230
h4,bull,24,fib_fan_up,33299,46160,0.59899697,0.58360052,0.01539645,1.02638183,8906,10670,0.54581181,0.60262418,-0.05681237,0.90572504,6537,7454,0.50527765,0.56654145,-0.06126380,0.89186351,0.93932230
d1,bear,3,rci_bear,7253,8064,0.47428650,0.47705853,-0.00277203,0.99418933,1654,2102,0.42200726,0.47764034,-0.05563309,0.88352515,1183,1543,0.38715131,0.43162670,-0.04447539,0.89695867,0.93894526
d1,bull,5,elliott_wave3_bull,863,14454,0.58400927,0.61041926,-0.02640999,0.95673467,202,3554,0.52475248,0.60635903,-0.08160656,0.86541545,177,2549,0.53107345,0.56806591,-0.03699246,0.93487998,0.93884969
h4,bull,24,horizontal_resistance_near,5230,74229,0.60344168,0.58910938,0.01433230,1.02432877,1270,18306,0.51653543,0.58095706,-0.06442163,0.88911120,1006,12985,0.50497018,0.54046977,-0.03549959,0.93431715,0.93875070
h4,bear,12,ichimoku_cloud_bear,37811,41648,0.42146465,0.43651556,-0.01505091,0.96552035,8678,10898,0.39928555,0.41548908,-0.01620353,0.96100131,6012,7979,0.34347971,0.38313072,-0.03965101,0.89650788,0.93823205
h4,bull,3,vertical_session,51403,28056,0.14820147,0.18313373,-0.03493227,0.80925270,12631,6945,0.15366954,0.18387329,-0.03020375,0.83573608,9032,4959,0.11304252,0.13409962,-0.02105710,0.84297419,0.93806514
h4,bull,6,sma20_bull,41080,38379,0.29157741,0.29338961,-0.00181220,0.99382322,10352,9224,0.27028594,0.29791847,-0.02763254,0.90724799,7678,6313,0.21607189,0.24774275,-0.03167086,0.87216232,0.93796521
h4,bull,6,bb_bull,41080,38379,0.29157741,0.29338961,-0.00181220,0.99382322,10353,9223,0.27025983,0.29795078,-0.02769095,0.90706201,7678,6313,0.21607189,0.24774275,-0.03167086,0.87216232,0.93796521
h4,bull,12,horizontal_break_up,3267,76192,0.46495256,0.44193616,0.02301639,1.05208081,757,18819,0.38837517,0.42653701,-0.03816185,0.91053099,635,13356,0.35748031,0.38237496,-0.02489465,0.93489467,0.93766537
d1,bull,3,sma50_bull,7748,7569,0.50916366,0.48764698,0.02151667,1.04412346,2301,1455,0.48717949,0.47903780,0.00814169,1.01699592,1565,1161,0.41341853,0.47803618,-0.06461765,0.86482687,0.93758645
h4,bear,1,vertical_week_open,2497,76962,0.04084902,0.05461137,-0.01376235,0.74799481,624,18952,0.04166667,0.05914943,-0.01748276,0.70443057,444,13547,0.04054054,0.04333063,-0.00279009,0.93560937,0.93752513
d1,bull,20,channel_upper,3948,11369,0.80015198,0.79417715,0.00597483,1.00752329,1039,2717,0.82386910,0.83768863,-0.01381952,0.98350279,785,1941,0.72356688,0.79134467,-0.06777779,0.91435111,0.93747306
h4,bear,3,stoch_fall_down,5373,74086,0.16936535,0.16497044,0.00439491,1.02664056,1334,18242,0.16116942,0.17256880,-0.01139938,0.93394297,984,13007,0.12601626,0.13508111,-0.00906485,0.93289328,0.93731712
h4,bull,3,channel_upper,20255,59204,0.16203407,0.16002297,0.00201109,1.01256753,5214,14362,0.15093978,0.16926612,-0.01832634,0.89173060,3878,10113,0.11294482,0.12340552,-0.01046070,0.91523312,0.93725441
h4,bull,12,elliott_wave3_bull,4693,74766,0.43724696,0.44323623,-0.00598927,0.98648742,1065,18511,0.44507042,0.42391011,0.02116032,1.04991699,792,13199,0.35732323,0.38268051,-0.02535727,0.93373774,0.93725335
d1,bull,5,dmi_adx_bull,3125,12192,0.60160000,0.61081037,-0.00921037,0.98492107,773,2983,0.53816300,0.61850486,-0.08034186,0.87010311,564,2162,0.53014184,0.57493062,-0.04478878,0.92209708,0.93720277
h4,bull,6,trendline_up,41062,38397,0.28788174,0.29734094,-0.00945920,0.96818737,10251,9325,0.26612038,0.30219839,-0.03607801,0.88061481,7733,6258,0.21582827,0.24832215,-0.03249388,0.86914627,0.93690763
d1,bull,3,ichimoku_tk_bull,7652,7665,0.50980136,0.48727984,0.02252152,1.04621885,2106,1650,0.48385565,0.48424242,-0.00038677,0.99920128,1477,1249,0.41299932,0.47397918,-0.06097986,0.87134486,0.93663574
h4,bull,3,elliott_pullback_bull,14193,65266,0.16761784,0.15899550,0.00862234,1.05423012,3753,15823,0.14681588,0.16855211,-0.02173623,0.87104150,2614,11377,0.11285386,0.12226422,-0.00941035,0.92303264,0.93649965
d1,bull,20,retest_up,1037,14280,0.79942141,0.79544818,0.00397323,1.00499496,263,3493,0.75665399,0.83967936,-0.08302537,0.90112254,202,2524,0.72277228,0.77575277,-0.05298050,0.93170441,0.93644355
d1,bear,20,elliott_impulse_bear,1216,14101,0.77220395,0.78093752,-0.00873357,0.98881655,226,3530,0.72566372,0.76600567,-0.04034195,0.94733466,173,2553,0.67630058,0.72542107,-0.04912050,0.93228692,0.93631050
d1,bull,3,structure_bull_transition,5634,9683,0.49556266,0.50025818,-0.00469553,0.99061379,1447,2309,0.47062889,0.49242096,-0.02179207,0.95574503,1088,1638,0.41268382,0.45970696,-0.04702314,0.89771063,0.93592022
d1,bull,20,rci_strong_bull,2537,12780,0.79897517,0.79507042,0.00390474,1.00491119,539,3217,0.81632653,0.83680448,-0.02047795,0.97552840,479,2247,0.72233820,0.78237650,-0.06003830,0.92326163,0.93588115
d1,bull,20,squeeze_release_up,110,15207,0.79090909,0.79575196,-0.00484287,0.99391410,36,3720,,,,,36,2690,,,,,0.93573088
d1,bull,1,fib_above618,9349,5968,0.26345064,0.23843834,0.02501230,1.10490049,2716,1040,0.24889543,0.25480769,-0.00591226,0.97679718,1939,787,0.18463125,0.22871665,-0.04408539,0.80724887,0.93551077
d1,bear,20,sma20_bear,7283,8034,0.76863930,0.79076425,-0.02212495,0.97202080,1610,2146,0.74409938,0.77819199,-0.03409261,0.95618998,1241,1485,0.67526189,0.76161616,-0.08635428,0.88661706,0.93487247
d1,bear,20,bb_bear,7283,8034,0.76863930,0.79076425,-0.02212495,0.97202080,1610,2146,0.74409938,0.77819199,-0.03409261,0.95618998,1241,1485,0.67526189,0.76161616,-0.08635428,0.88661706,0.93487247
h4,bull,6,ichimoku_tk_bull,39353,40106,0.28912662,0.29571635,-0.00658973,0.97771605,10018,9558,0.26322619,0.30435237,-0.04112618,0.86487314,7430,6561,0.21534320,0.24737083,-0.03202762,0.87052788,0.93480197
h4,bull,12,sma200_bull,40478,38981,0.45039281,0.43508376,0.01530905,1.03518644,11933,7643,0.42026314,0.43255266,-0.01228953,0.97158837,7926,6065,0.35629574,0.41384996,-0.05755422,0.86092974,0.93455824
d1,bear,10,rci_bear,7253,8064,0.69543637,0.69432044,0.00111593,1.00160723,1654,2102,0.63966143,0.69933397,-0.05967254,0.91467233,1183,1543,0.57903635,0.65068049,-0.07164414,0.88989351,0.93454890
h4,bull,6,elliott_wave2_bull,7417,72042,0.30915464,0.29073318,0.01842146,1.06336209,1936,17640,0.27169421,0.28458050,-0.01288628,0.95471832,1306,12685,0.21516080,0.23192747,-0.01676668,0.92770724,0.93401015
h4,bear,24,span_model_bear,25292,54167,0.55938637,0.57715953,-0.01777316,0.96920581,5597,13979,0.48168662,0.55848058,-0.07679396,0.86249484,3943,10048,0.46233832,0.50786226,-0.04552394,0.91036164,0.93395545
h4,bear,12,superbb_squeeze,17574,61885,0.41282577,0.43404702,-0.02122126,0.95110839,4532,15044,0.40203001,0.41019676,-0.00816675,0.98009066,2990,11001,0.34180602,0.37269339,-0.03088737,0.91712391,0.93366029
h4,bull,12,superbb_bull,361,79098,0.43490305,0.44291891,-0.00801586,0.98190219,80,19496,,,,,59,13932,,,,,0.93360470
d1,bull,10,fib_time_13,1187,14130,0.72704297,0.71486200,0.01218097,1.01703961,289,3467,0.73356401,0.73406403,-0.00050002,0.99931884,207,2519,0.63768116,0.68678047,-0.04909931,0.92850800,0.93357618
d1,bear,3,channel_mid_bear,7180,8137,0.46824513,0.48236451,-0.01411938,0.97072881,1576,2180,0.42956853,0.47018349,-0.04061496,0.91361892,1206,1520,0.38474295,0.43421053,-0.04946757,0.88607468,0.93310435
h4,bull,12,ichimoku_bull,36107,43352,0.45071593,0.43635818,0.01435774,1.03290357,9542,10034,0.39666737,0.45206299,-0.05539562,0.87746039,6955,7036,0.35571531,0.40648096,-0.05076564,0.87510942,0.93303580
d1,bull,10,channel_breakout_up,1039,14278,0.72377286,0.71522622,0.00854664,1.01194956,265,3491,0.63018868,0.74190776,-0.11171908,0.84941648,204,2522,0.63725490,0.68675654,-0.04950164,0.92791967,0.93295213
d1,bull,10,breakout_up20,1039,14278,0.72377286,0.71522622,0.00854664,1.01194956,265,3491,0.63018868,0.74190776,-0.11171908,0.84941648,204,2522,0.63725490,0.68675654,-0.04950164,0.92791967,0.93295213
h4,bear,24,channel_lower,16810,62649,0.56377156,0.57357659,-0.00980503,0.98290546,3796,15780,0.51027397,0.54283904,-0.03256506,0.94000972,2449,11542,0.46182115,0.50207936,-0.04025821,0.91981704,0.93291073
d1,bear,10,elliott_wave4_bear,1288,14029,0.70885093,0.69356333,0.01528760,1.02204211,343,3413,0.64431487,0.67594492,-0.03163005,0.95320618,225,2501,0.57777778,0.62335066,-0.04557288,0.92689046,0.93251760
h4,bull,3,elliott_wave3_bull,4693,74766,0.14383124,0.16158414,-0.01775290,0.89013214,1065,18511,0.16056338,0.16460483,-0.00404145,0.97544757,792,13199,0.11237374,0.12099401,-0.00862028,0.92875451,0.93251540
d1,bear,10,sma20_bear,7283,8034,0.69408211,0.69554394,-0.00146183,0.99789829,1610,2146,0.64161491,0.69664492,-0.05503001,0.92100708,1241,1485,0.57775987,0.65454545,-0.07678558,0.88268869,0.93248870
d1,bear,10,bb_bear,7283,8034,0.69408211,0.69554394,-0.00146183,0.99789829,1610,2146,0.64161491,0.69664492,-0.05503001,0.92100708,1241,1485,0.57775987,0.65454545,-0.07678558,0.88268869,0.93248870
h4,bull,3,ichimoku_cloud_bull,40316,39143,0.16482290,0.15611987,0.00870303,1.05574583,10787,8789,0.16556967,0.16293094,0.00263873,1.01619539,7879,6112,0.11232390,0.13105366,-0.01872977,0.85708323,0.93210182
h4,bear,1,vertical_day_open,12868,66591,0.05160087,0.05467706,-0.00307619,0.94373896,3166,16410,0.05527479,0.05923218,-0.00395738,0.93318866,2258,11733,0.04030115,0.04380806,-0.00350691,0.91994827,0.93198911
d1,bear,1,sma50_bear,6980,8337,0.24011461,0.26328415,-0.02316954,0.91199796,1455,2301,0.25910653,0.25119513,0.00791140,1.03149502,1161,1565,0.19724376,0.22236422,-0.02512046,0.88703011,0.93186565
d1,bear,20,rci_bear,7253,8064,0.77085344,0.78869048,-0.01783704,0.97738398,1654,2102,0.73821040,0.78353949,-0.04532909,0.94214831,1183,1543,0.67286560,0.76020739,-0.08734179,0.88510794,0.93155491
d1,bear,10,inside_2,308,15009,0.67857143,0.69518289,-0.01661146,0.97610490,83,3673,,,,,52,2674,,,,,0.93113813
d1,bull,1,ellipse_compression,440,14877,0.32727273,0.25152921,0.07574352,1.30113211,101,3655,0.29702970,0.24924761,0.04778210,1.19170534,98,2628,,,,,0.93065776
d1,bear,1,elliott_wave5_bear,885,14432,0.24745763,0.25304878,-0.00559115,0.97790484,172,3584,0.27325581,0.25334821,0.01990760,1.07857801,132,2594,0.19696970,0.21241326,-0.01544356,0.92729473,0.93057087
h4,bear,12,sma200_bear,36593,42866,0.42141940,0.43612653,-0.01470714,0.96627782,7643,11933,0.37733874,0.42814045,-0.05080171,0.88134335,6065,7926,0.34064303,0.38556649,-0.04492346,0.88348714,0.93048354
h4,bull,12,sma50_bull,40976,38483,0.44757907,0.43788166,0.00969741,1.02214619,10733,8843,0.39830430,0.45753703,-0.05923274,0.87054001,7844,6147,0.35466599,0.41516187,-0.06049588,0.85428363,0.93028343
h4,bull,12,fib_above500,41367,38092,0.44975464,0.43541951,0.01433512,1.03292256,10924,8652,0.40259978,0.45342117,-0.05082139,0.88791570,8036,5955,0.35465406,0.41712846,-0.06247441,0.85022742,0.93025214
h4,bull,12,fib_arc_bull,41367,38092,0.44975464,0.43541951,0.01433512,1.03292256,10924,8652,0.40259978,0.45342117,-0.05082139,0.88791570,8036,5955,0.35465406,0.41712846,-0.06247441,0.85022742,0.93025214
h4,bear,24,sma50_bear,37893,41566,0.56907608,0.57371409,-0.00463801,0.99191582,8843,10733,0.50525840,0.56228454,-0.05702615,0.89858134,6147,7844,0.46038718,0.52218256,-0.06179538,0.88165943,0.93001401
h4,bull,6,fib_above618,49415,30044,0.29349388,0.29074025,0.00275363,1.00947110,12962,6614,0.27040580,0.30858784,-0.03818204,0.87626848,9401,4590,0.21412616,0.26361656,-0.04949040,0.81226369,0.92951879
h4,bear,3,strong_close_bear,11770,67689,0.16550552,0.16522626,0.00027927,1.00169021,2909,16667,0.16947405,0.17219656,-0.00272251,0.98418952,2025,11966,0.12493827,0.13605215,-0.01111388,0.91831164,0.92929897
d1,bear,3,dmi_adx_bear,2576,12741,0.51513975,0.46778118,0.04735857,1.10124087,408,3348,0.46078431,0.45221027,0.00857404,1.01896029,462,2264,0.38311688,0.41828622,-0.03516934,0.91592040,0.92916070
d1,bear,1,fib_below382,8466,6851,0.23990078,0.26857393,-0.02867315,0.89323926,1826,1930,0.24534502,0.26269430,-0.01734928,0.93395637,1419,1307,0.19661734,0.22800306,-0.03138572,0.86234516,0.92890617
h4,bull,12,dmi_adx_strong_bull,17881,61578,0.43767127,0.44439573,-0.00672445,0.98486832,4426,15150,0.41301401,0.42858086,-0.01556685,0.96367815,2825,11166,0.35398230,0.38814258,-0.03416027,0.91199039,0.92849013
h4,bull,12,horizontal_resistance_near,5230,74229,0.44990440,0.44238775,0.00751665,1.01699109,1270,18306,0.37322835,0.42865727,-0.05542892,0.87069174,1006,12985,0.35387674,0.38336542,-0.02948868,0.92307944,0.92821325
d1,bull,1,trendline_up,7876,7441,0.26168106,0.24526273,0.01641832,1.06694178,2152,1604,0.23884758,0.26620948,-0.02736189,0.89721668,1485,1241,0.18316498,0.21434327,-0.03117829,0.85454039,0.92808131
d1,bull,3,rci_bull,7904,7413,0.50910931,0.48725212,0.02185719,1.04485806,2102,1654,0.46955281,0.50241838,-0.03286557,0.93458525,1542,1184,0.40920882,0.48226351,-0.07305469,0.84851706,0.92803930
h4,bull,6,horizontal_resistance_near,5230,74229,0.30688337,0.29143596,0.01544740,1.05300445,1270,18306,0.25196850,0.28548017,-0.03351167,0.88261298,1006,12985,0.21371769,0.23165191,-0.01793421,0.92258120,0.92774566
d1,bull,10,retest_up,1037,14280,0.72324012,0.71526611,0.00797401,1.01114831,263,3493,0.63117871,0.74176925,-0.11059055,0.85090977,202,2524,0.63366337,0.68700475,-0.05334139,0.92235660,0.92769406
d1,bull,3,dmi_adx_strong_bull,4054,11263,0.48125308,0.50475007,-0.02349698,0.95344828,1111,2645,0.44914491,0.49867675,-0.04953183,0.90067346,702,2024,0.40883191,0.45207510,-0.04324319,0.90434512,0.92718451
d1,bear,20,trendline_down,7213,8104,0.76944406,0.78985686,-0.02041280,0.97415633,1604,2152,0.76246883,0.76440520,-0.00193638,0.99746682,1241,1485,0.66962127,0.76632997,-0.09670869,0.87380280,0.92706328
d1,bull,10,elliott_impulse_bull,1384,13933,0.72760116,0.71463432,0.01296683,1.01814471,356,3400,0.65168539,0.74264706,-0.09096167,0.87751697,278,2448,0.63309353,0.68872549,-0.05563197,0.91922476,0.92685980
d1,bear,3,nr7,1550,13767,0.45806452,0.47773662,-0.01967210,0.95882229,364,3392,0.45329670,0.45312500,0.00017170,1.00037893,314,2412,0.38216561,0.41625207,-0.03408647,0.91811100,0.92685359
d1,bull,20,fib_time_13,1187,14130,0.80707666,0.79476292,0.01231375,1.01549361,289,3467,0.83044983,0.83415056,-0.00370074,0.99556347,207,2519,0.71497585,0.77649861,-0.06152277,0.92076900,0.92634228
d1,bear,3,channel_breakout_down,824,14493,0.47451456,0.47581591,-0.00130135,0.99726502,133,3623,0.41353383,0.45459564,-0.04106180,0.90967400,131,2595,0.38167939,0.41387283,-0.03219344,0.92221417,0.92567439
d1,bear,3,breakout_down20,824,14493,0.47451456,0.47581591,-0.00130135,0.99726502,133,3623,0.41353383,0.45459564,-0.04106180,0.90967400,131,2595,0.38167939,0.41387283,-0.03219344,0.92221417,0.92567439
d1,bull,10,rci_cross_up,544,14773,0.73897059,0.71495295,0.02401763,1.03359331,155,3601,0.69032258,0.73590669,-0.04558411,0.93805721,106,2620,0.63207547,0.68511450,-0.05303903,0.92258370,0.92536935
h4,bear,1,rectangle_range,39635,39824,0.04940078,0.05893431,-0.00953353,0.83823466,10157,9419,0.05798956,0.05924196,-0.00125239,0.97885968,7224,6767,0.04000554,0.04669721,-0.00669167,0.85670085,0.92515284
h4,bull,12,rci_strong_bull,12232,67227,0.43688685,0.44397340,-0.00708655,0.98403835,3042,16534,0.38823143,0.43183743,-0.04360600,0.89902219,2398,11593,0.35237698,0.38721642,-0.03483944,0.91002592,0.92427940
h4,bear,24,horizontal_support_near,4165,75294,0.57190876,0.57147980,0.00042896,1.00075062,799,18777,0.43679599,0.54076796,-0.10397197,0.80773276,564,13427,0.45744681,0.49661131,-0.03916450,0.92113652,0.92407426
h4,bear,24,vertical_week_open,2497,76962,0.56307569,0.57177568,-0.00869999,0.98478426,624,18952,0.54326923,0.53630224,0.00696699,1.01299080,444,13547,0.45720721,0.49627224,-0.03906503,0.92128306,0.92359024
d1,bull,10,channel_upper,3948,11369,0.71985816,0.71439880,0.00545935,1.00764188,1039,2717,0.71511068,0.74125874,-0.02614806,0.96472479,785,1941,0.63057325,0.70427615,-0.07370290,0.89534943,0.92317007
d1,bull,20,bb_upper,3521,11796,0.80403295,0.79323499,0.01079795,1.01361255,901,2855,0.81798002,0.83887916,-0.02089914,0.97508683,664,2062,0.71234940,0.79097963,-0.07863023,0.90059133,0.92293938
d1,bear,5,sma20_bear,7283,8034,0.57956886,0.58464028,-0.00507142,0.99132557,1610,2146,0.51118012,0.57688723,-0.06570711,0.88610060,1241,1485,0.45930701,0.52996633,-0.07065932,0.86667206,0.92267569
d1,bear,5,bb_bear,7283,8034,0.57956886,0.58464028,-0.00507142,0.99132557,1610,2146,0.51118012,0.57688723,-0.06570711,0.88610060,1241,1485,0.45930701,0.52996633,-0.07065932,0.86667206,0.92267569
h4,bull,3,shape_triangle_proxy,9430,70029,0.14125133,0.16313242,-0.02188109,0.86586914,2178,17398,0.15932048,0.16501897,-0.00569849,0.96546767,1565,12426,0.11118211,0.12168035,-0.01049824,0.91372281,0.92262686
d1,bull,10,elliott_wave5_bull,1101,14216,0.72570391,0.71503939,0.01066451,1.01491458,285,3471,0.62105263,0.74330164,-0.12224901,0.83553244,219,2507,0.63013699,0.68767451,-0.05753753,0.91633029,0.92253138
d1,bear,3,ichimoku_tk_bear,6976,8341,0.46774656,0.48243616,-0.01468960,0.96955121,1517,2239,0.43506922,0.46538633,-0.03031712,0.93485602,1124,1602,0.37989324,0.43508115,-0.05518791,0.87315490,0.92134250
d1,bear,10,fib_time_8,1919,13398,0.69098489,0.69540230,-0.00441741,0.99364769,472,3284,0.66525424,0.67417783,-0.00892359,0.98676374,340,2386,0.57058824,0.62657167,-0.05598343,0.91065119,0.92091387
d1,bull,1,fib_above500,7758,7559,0.26424336,0.24288927,0.02135409,1.08791698,2361,1395,0.25540025,0.24229391,0.01310635,1.05409276,1629,1097,0.18170657,0.22060164,-0.03889507,0.82368639,0.92069165
d1,bull,1,fib_arc_bull,7758,7559,0.26424336,0.24288927,0.02135409,1.08791698,2361,1395,0.25540025,0.24229391,0.01310635,1.05409276,1629,1097,0.18170657,0.22060164,-0.03889507,0.82368639,0.92069165
h4,bull,6,sma200_bull,40478,38981,0.29707495,0.28765296,0.00942200,1.03275473,11933,7643,0.27704684,0.29307863,-0.01603179,0.94529868,7926,6065,0.21208680,0.25424567,-0.04215887,0.83418058,0.92066598
h4,bull,1,structure_bull_transition,26921,52538,0.05048104,0.04952606,0.00095498,1.01928237,6681,12895,0.05388415,0.05118263,0.00270152,1.05278197,4919,9072,0.02927424,0.03317901,-0.00390477,0.88231206,0.92039535
d1,bear,5,rci_bear,7253,8064,0.58169034,0.58271329,-0.00102296,0.99824449,1654,2102,0.50604595,0.58230257,-0.07625662,0.86904296,1183,1543,0.45815723,0.52819183,-0.07003461,0.86740687,0.92036596
d1,bull,1,sma50_bull,7748,7569,0.26316469,0.24402167,0.01914302,1.07844804,2301,1455,0.25032595,0.25085911,-0.00053316,0.99787466,1565,1161,0.18146965,0.21877692,-0.03730727,0.82947347,0.91949119
h4,bull,3,rci_bull,41545,37914,0.15893609,0.16228834,-0.00335224,0.97934390,10333,9243,0.16229556,0.16672076,-0.00442520,0.97345739,7578,6413,0.11071523,0.13207547,-0.02136024,0.83827244,0.91875253
d1,bear,10,channel_mid_bear,7180,8137,0.69038997,0.69878334,-0.00839336,0.98798860,1576,2180,0.64022843,0.69678899,-0.05656056,0.91882684,1206,1520,0.56882255,0.65986842,-0.09104587,0.86202421,0.91806411
h4,bear,3,ichimoku_cloud_bear,37811,41648,0.16336516,0.16699481,-0.00362966,0.97826486,8678,10898,0.17492510,0.16929712,0.00562798,1.03324321,6012,7979,0.12341983,0.14274972,-0.01932989,0.86458894,0.91800468
d1,bear,20,channel_mid_bear,7180,8137,0.76727019,0.79169227,-0.02442207,0.96915206,1576,2180,0.74428934,0.77752294,-0.03323360,0.95725709,1206,1520,0.66252073,0.76973684,-0.10721611,0.86071069,0.91723286
h4,bear,24,fib_below500,37479,41980,0.56583687,0.57656027,-0.01072340,0.98140108,8649,10927,0.49936409,0.56593759,-0.06657350,0.88236601,5955,8036,0.45390428,0.52551020,-0.07160592,0.86374019,0.91691811
h4,bear,24,fib_arc_bear,37479,41980,0.56583687,0.57656027,-0.01072340,0.98140108,8649,10927,0.49936409,0.56593759,-0.06657350,0.88236601,5955,8036,0.45390428,0.52551020,-0.07160592,0.86374019,0.91691811
h4,bear,3,fib_time_5,15895,63564,0.16483171,0.16537663,-0.00054492,0.99670497,3916,15660,0.16751788,0.17286079,-0.00534292,0.96909122,2799,11192,0.12325831,0.13724089,-0.01398258,0.89811651,0.91680328
h4,bull,1,fib_time_8,9937,69522,0.05071953,0.04972527,0.00099427,1.01999519,2448,17128,0.05228758,0.05207847,0.00020911,1.00401536,1749,12242,0.02915952,0.03218428,-0.00302476,0.90601736,0.91678841
d1,bear,20,ichimoku_tk_bear,6976,8341,0.76161124,0.79582784,-0.03421660,0.95700502,1517,2239,0.75807515,0.76730683,-0.00923169,0.98796872,1124,1602,0.66192171,0.76466916,-0.10274746,0.86563149,0.91640354
h4,bear,1,fib_time_zone,28118,51341,0.05380895,0.05438149,-0.00057254,0.98947178,6930,12646,0.05786436,0.05899099,-0.00112663,0.98090170,4950,9041,0.03959596,0.04523836,-0.00564240,0.87527401,0.91568111
h4,bear,1,ichimoku_cloud_bear,37811,41648,0.05434926,0.05402420,0.00032506,1.00601694,8678,10898,0.06118921,0.05652413,0.00466508,1.08253256,6012,7979,0.03958749,0.04599574,-0.00640825,0.86067737,0.91548528
h4,bear,24,ichimoku_bear,32353,47106,0.56492443,0.57602004,-0.01109561,0.98073745,7186,12390,0.48872808,0.56424536,-0.07551728,0.86616234,5036,8955,0.45313741,0.51859296,-0.06545555,0.87378241,0.91536897
d1,bear,5,ll20,1702,13615,0.56639248,0.58420859,-0.01781611,0.96950385,327,3429,0.48318043,0.55497230,-0.07179187,0.87063883,257,2469,0.45525292,0.50222762,-0.04697470,0.90646730,0.91453165
d1,bull,1,sma20_bull,7806,7511,0.25915962,0.24803621,0.01112341,1.04484590,2146,1610,0.23811743,0.26708075,-0.02896332,0.89155595,1485,1241,0.18047138,0.21756648,-0.03709510,0.82949994,0.91443305
d1,bull,1,bb_bull,7806,7511,0.25915962,0.24803621,0.01112341,1.04484590,2146,1610,0.23811743,0.26708075,-0.02896332,0.89155595,1485,1241,0.18047138,0.21756648,-0.03709510,0.82949994,0.91443305
d1,bull,20,horizontal_break_up,617,14700,0.77957861,0.79639456,-0.01681595,0.97888490,185,3571,0.75675676,0.83786054,-0.08110379,0.90320133,129,2597,0.70542636,0.77512514,-0.06969879,0.91008060,0.91396970
h4,bull,24,superbb_bull,361,79098,0.55124654,0.59022984,-0.03898330,0.93395233,80,19496,,,,,59,13932,,,,,0.91375660
h4,bear,12,range_tight,4165,75294,0.40768307,0.43055224,-0.02286916,0.94688412,1420,18156,0.37816901,0.41066314,-0.03249413,0.92087401,879,13112,0.33447099,0.36821232,-0.03374133,0.90836446,0.91362429
d1,bull,3,engulf_bull,1017,14300,0.48967552,0.49916084,-0.00948532,0.98099746,266,3490,0.48496241,0.48395415,0.00100825,1.00208336,159,2567,0.40251572,0.44331905,-0.04080333,0.90795946,0.91286012
d1,bull,3,dmi_adx_bull,3125,12192,0.49408000,0.49967192,-0.00559192,0.98880882,773,2983,0.41914618,0.50083808,-0.08169190,0.83688960,564,2162,0.40248227,0.45097132,-0.04848905,0.89247863,0.91278425
d1,bull,1,ichimoku_tk_bull,7652,7665,0.26097752,0.24644488,0.01453264,1.05896914,2106,1650,0.24833808,0.25333333,-0.00499525,0.98028190,1477,1249,0.18009479,0.21777422,-0.03767943,0.82697937,0.91252489
d1,bear,1,superbb_squeeze,3146,12171,0.25015893,0.25338920,-0.00323027,0.98725174,952,2804,0.24789916,0.25641940,-0.00852024,0.96677224,611,2115,0.19312602,0.21702128,-0.02389525,0.88989442,0.91241168
h4,bear,1,fib_time_8,9937,69522,0.04941129,0.05486033,-0.00544904,0.90067430,2448,17128,0.05596405,0.05896777,-0.00300372,0.94906167,1749,12242,0.03945111,0.04378370,-0.00433258,0.90104580,0.91233149
h4,bull,12,shape_triangle_proxy,9430,70029,0.41049841,0.44724328,-0.03674488,0.91784141,2178,17398,0.40036731,0.42815266,-0.02778535,0.93510410,1565,12426,0.34760383,0.38548205,-0.03787822,0.90173805,0.91175951
d1,bull,5,rci_strong_bull,2537,12780,0.60859283,0.60899844,-0.00040561,0.99933397,539,3217,0.52875696,0.61423687,-0.08547991,0.86083559,479,2247,0.51565762,0.57632399,-0.06066637,0.89473565,0.91159706
h4,bull,3,channel_mid_bull,41719,37740,0.15911216,0.16210917,-0.00299701,0.98151238,10602,8974,0.15638559,0.17383552,-0.01744994,0.89961812,8023,5968,0.10980930,0.13488606,-0.02507676,0.81408931,0.91123481
d1,bull,1,fib_above382,6251,9066,0.26539754,0.24564306,0.01975447,1.08041943,1930,1826,0.25492228,0.24589266,0.00902962,1.03672179,1307,1419,0.17980107,0.21353066,-0.03372958,0.84203868,0.91103665
d1,bull,1,fib_fan_up,6251,9066,0.26539754,0.24564306,0.01975447,1.08041943,1930,1826,0.25492228,0.24589266,0.00902962,1.03672179,1307,1419,0.17980107,0.21353066,-0.03372958,0.84203868,0.91103665
h4,bull,24,sma_stack_bull,25555,53904,0.59761299,0.58646854,0.01114445,1.01900265,7348,12228,0.56042461,0.58660451,-0.02617991,0.95537043,5002,8989,0.49000400,0.56457893,-0.07457493,0.86791053,0.91092824
d1,bear,1,nr4,3717,11600,0.20096852,0.26931034,-0.06834182,0.74623395,965,2791,0.21554404,0.26764601,-0.05210196,0.80533256,695,2031,0.19280576,0.21811915,-0.02531340,0.88394693,0.91089859
h4,bull,12,span_model_bull,28615,50844,0.45053294,0.43857682,0.01195611,1.02726116,7432,12144,0.38805167,0.44771080,-0.05965914,0.86674627,5549,8442,0.34726978,0.40357735,-0.05630757,0.86047886,0.91088329
d1,bear,20,elliott_wave4_bear,1288,14029,0.77562112,0.78066862,-0.00504750,0.99353439,343,3413,0.72303207,0.76765309,-0.04462102,0.94187346,225,2501,0.65777778,0.72810876,-0.07033098,0.90340594,0.91066644
d1,bear,10,ll20,1702,13615,0.68683901,0.69585017,-0.00901115,0.98705015,327,3429,0.59633028,0.68037329,-0.08404301,0.87647515,257,2469,0.56420233,0.62535439,-0.06115206,0.90221215,0.91060720
h4,bull,6,ichimoku_bull,36107,43352,0.29415349,0.29103617,0.00311732,1.01071111,9542,10034,0.26262838,0.30296990,-0.04034152,0.86684644,6955,7036,0.20963336,0.25085276,-0.04121940,0.83568289,0.91001561
h4,bull,1,rectangle_range,39635,39824,0.04337076,0.05629771,-0.01292695,0.77038228,10157,9419,0.04666732,0.05796794,-0.01130061,0.80505406,7224,6767,0.02893134,0.03487513,-0.00594379,0.82956940,0.90961433
h4,bull,12,sma_stack_bull,25555,53904,0.45556643,0.43686925,0.01869718,1.04279811,7348,12228,0.40269461,0.43850180,-0.03580719,0.91834198,5002,8989,0.34666134,0.40048949,-0.05382815,0.86559410,0.90928735
h4,bear,1,nr7,12186,67273,0.03257837,0.05809166,-0.02551329,0.56080977,3004,16572,0.04460719,0.06112720,-0.01652001,0.72974369,2086,11905,0.03930968,0.04393112,-0.00462144,0.89480264,0.90906080
d1,bear,20,dmi_adx_strong_bear,3079,12238,0.75673920,0.78615787,-0.02941867,0.96257919,684,3072,0.72076023,0.77311198,-0.05235175,0.93228440,553,2173,0.65641953,0.73907041,-0.08265088,0.88816914,0.90878600
d1,bear,20,dmi_adx_bear,2576,12741,0.79464286,0.77733302,0.01730984,1.02226824,408,3348,0.77941176,0.76164875,0.01776302,1.02332180,462,2264,0.65584416,0.73586572,-0.08002157,0.89125520,0.90798942
d1,bull,10,horizontal_break_up,617,14700,0.70016207,0.71646259,-0.01630051,0.97724862,185,3571,0.60540541,0.74068888,-0.13528348,0.81735452,129,2597,0.62015504,0.68617636,-0.06602132,0.90378375,0.90791763
h4,bull,24,dmi_adx_bull,15804,63655,0.59763351,0.58817061,0.00946290,1.01608870,3610,15966,0.52963989,0.58743580,-0.05779591,0.90161323,2426,11565,0.48804617,0.54837873,-0.06033256,0.88998012,0.90728859
d1,bull,1,channel_mid_bull,7897,7420,0.26022540,0.24676550,0.01345990,1.05454532,2180,1576,0.24036697,0.26459391,-0.02422694,0.90843729,1520,1206,0.17894737,0.22056385,-0.04161648,0.81131777,0.90671102
d1,bear,5,ichimoku_tk_bear,6976,8341,0.57110092,0.59153579,-0.02043487,0.96545455,1517,2239,0.51746869,0.56989728,-0.05242859,0.90800344,1124,1602,0.45106762,0.53058677,-0.07951915,0.85012979,0.90612404
d1,bull,20,horizontal_resistance_near,1032,14285,0.78391473,0.79656983,-0.01265510,0.98411301,309,3447,0.77993528,0.83870032,-0.05876504,0.92993320,196,2530,0.69897959,0.77747036,-0.07849076,0.89904340,0.90561709
d1,bear,1,channel_lower,3272,12045,0.23257946,0.25819842,-0.02561896,0.90077801,581,3175,0.26161790,0.25291339,0.00870451,1.03441698,480,2246,0.19166667,0.21593945,-0.02427278,0.88759450,0.90551704
d1,bear,10,elliott_impulse_bear,1216,14101,0.68338816,0.69583717,-0.01244902,0.98210930,226,3530,0.61946903,0.67648725,-0.05701823,0.91571426,173,2553,0.56069364,0.62358010,-0.06288646,0.89915255,0.90494427
d1,bear,10,elliott_wave5_bear,885,14432,0.68248588,0.69560698,-0.01312111,0.98113718,172,3584,0.58139535,0.67745536,-0.09606001,0.85820467,132,2594,0.56060606,0.62259059,-0.06198453,0.90044094,0.90480291
d1,bear,20,fib_below382,8466,6851,0.76446964,0.79973726,-0.03526762,0.95590099,1826,1930,0.75355969,0.77305699,-0.01949730,0.97477896,1419,1307,0.65327696,0.79724560,-0.14396865,0.81941745,0.90443524
h4,bull,1,superbb_squeeze,17574,61885,0.04381473,0.05156338,-0.00774866,0.84972558,4532,15044,0.04126214,0.05537091,-0.01410878,0.74519517,2990,11001,0.02876254,0.03263340,-0.00387086,0.88138363,0.90430724
h4,bear,1,inside_bar,13185,66274,0.03723929,0.05754896,-0.02030968,0.64708875,3015,16561,0.04776119,0.06056398,-0.01280278,0.78860731,2227,11764,0.03906601,0.04403264,-0.00496663,0.88720564,0.90342565
d1,bear,5,shape_triangle_proxy,584,14733,0.51883562,0.58474174,-0.06590612,0.88729021,143,3613,0.45454545,0.55244949,-0.09790403,0.82278193,178,2548,0.44943820,0.50117739,-0.05173919,0.89676471,0.90285080
d1,bear,5,channel_mid_bear,7180,8137,0.57465181,0.58891483,-0.01426302,0.97578084,1576,2180,0.51142132,0.57568807,-0.06426675,0.88836532,1206,1520,0.44941957,0.53618421,-0.08676464,0.83818128,0.90281337
d1,bear,1,nr7,1550,13767,0.18903226,0.25989685,-0.07086460,0.72733569,364,3392,0.25824176,0.25383255,0.00440921,1.01737055,314,2412,0.19108280,0.21434494,-0.02326214,0.89147335,0.90275861
h4,bull,3,sma20_bull,41080,38379,0.15927459,0.16188541,-0.00261082,0.98387242,10352,9224,0.15755410,0.17205117,-0.01449708,0.91573975,7678,6313,0.10875228,0.13480120,-0.02604892,0.80676045,0.90246331
h4,bull,3,bb_bull,41080,38379,0.15927459,0.16188541,-0.00261082,0.98387242,10353,9223,0.15753888,0.17206983,-0.01453095,0.91555203,7678,6313,0.10875228,0.13480120,-0.02604892,0.80676045,0.90246331
d1,bear,3,retest_down,821,14496,0.47259440,0.47592439,-0.00333000,0.99300310,130,3626,0.41538462,0.45449531,-0.03911070,0.91394698,129,2597,0.37209302,0.41432422,-0.04223120,0.89807210,0.90242489
d1,bear,3,sma50_bear,6980,8337,0.46189112,0.48734557,-0.02545445,0.94776920,1455,2301,0.43848797,0.46240765,-0.02391968,0.94827145,1161,1565,0.37209302,0.44217252,-0.07007950,0.84151096,0.90242489
h4,bear,24,sma200_bear,36593,42866,0.56264859,0.57906033,-0.01641173,0.97165799,7643,11933,0.48174800,0.57160815,-0.08986014,0.84279416,6065,7926,0.44666117,0.53204643,-0.08538526,0.83951540,0.90228652
h4,bull,6,sma50_bull,40976,38483,0.29285435,0.29202505,0.00082930,1.00283984,10733,8843,0.26227523,0.30883184,-0.04655662,0.84924929,7844,6147,0.20754717,0.25947617,-0.05192900,0.79986988,0.90095950
d1,bear,3,fib_below382,8466,6851,0.46102055,0.49394249,-0.03292194,0.93334864,1826,1930,0.43099671,0.47409326,-0.04309655,0.90909689,1419,1307,0.37138830,0.45677123,-0.08538293,0.81307288,0.90071576
d1,bull,5,rci_cross_up,544,14773,0.63419118,0.60800108,0.02619009,1.04307573,155,3601,0.60000000,0.60205498,-0.00205498,0.99658672,106,2620,0.50943396,0.56793893,-0.05850497,0.89698722,0.90059467
h4,bull,12,fib_above382,33299,46160,0.45004354,0.43771664,0.01232691,1.02816184,8906,10670,0.39905682,0.44676664,-0.04770982,0.89321087,6537,7454,0.34327673,0.41454253,-0.07126580,0.82808568,0.90040959
h4,bull,12,fib_fan_up,33299,46160,0.45004354,0.43771664,0.01232691,1.02816184,8906,10670,0.39905682,0.44676664,-0.04770982,0.89321087,6537,7454,0.34327673,0.41454253,-0.07126580,0.82808568,0.90040959
d1,bear,20,ll20,1702,13615,0.77085781,0.78141755,-0.01055974,0.98648643,327,3429,0.74006116,0.76582094,-0.02575978,0.96636319,257,2469,0.64980545,0.72985014,-0.08004469,0.89032722,0.89962908
h4,bull,6,sma_stack_bull,25555,53904,0.30009783,0.28882829,0.01126954,1.03901813,7348,12228,0.26796407,0.29252535,-0.02456128,0.91603709,5002,8989,0.20711715,0.24329736,-0.03618021,0.85129222,0.89909280
d1,bull,5,hh20,2014,13303,0.60923535,0.60888521,0.00035014,1.00057505,503,3253,0.54870775,0.61020596,-0.06149821,0.89921729,390,2336,0.50769231,0.57534247,-0.06765016,0.88241758,0.89751571
d1,bear,10,ichimoku_tk_bear,6976,8341,0.67975917,0.70746913,-0.02770995,0.96083228,1517,2239,0.65919578,0.68244752,-0.02325174,0.96592890,1124,1602,0.55604982,0.66416979,-0.10811997,0.83721035,0.89744927
d1,bear,5,gap_proxy_down,429,14888,0.61771562,0.58120634,0.03650928,1.06281638,90,3666,,,,,103,2623,0.44660194,0.49980938,-0.05320744,0.89354454,0.89715320
h4,bear,6,range_tight,4165,75294,0.27322929,0.28971764,-0.01648835,0.94308821,1420,18156,0.25281690,0.28034809,-0.02753119,0.90179640,879,13112,0.21160410,0.23764491,-0.02604081,0.89042134,0.89659385
d1,bear,5,dmi_adx_bear,2576,12741,0.62305901,0.57397379,0.04908522,1.08551823,408,3348,0.55637255,0.54778973,0.00858282,1.01566810,462,2264,0.44588745,0.50839223,-0.06250478,0.87705402,0.89571789
h4,bull,6,fib_above500,41367,38092,0.29409916,0.29066471,0.00343445,1.01181586,10924,8652,0.26656902,0.30443828,-0.03786926,0.87560941,8036,5955,0.20619711,0.26297229,-0.05677518,0.78410205,0.89509892
h4,bull,6,fib_arc_bull,41367,38092,0.29409916,0.29066471,0.00343445,1.01181586,10924,8652,0.26656902,0.30443828,-0.03786926,0.87560941,8036,5955,0.20619711,0.26297229,-0.05677518,0.78410205,0.89509892
d1,bear,20,ichimoku_cloud_bear,6642,8675,0.77732611,0.78247839,-0.00515228,0.99341544,1570,2186,0.78152866,0.75068618,0.03084248,1.04108571,1083,1643,0.64635272,0.77236762,-0.12601490,0.83684596,0.89484892
d1,bear,3,gap_proxy_down,429,14888,0.51282051,0.47467759,0.03814292,1.08035543,90,3666,,,,,103,2623,0.36893204,0.41402974,-0.04509770,0.89107619,0.89475866
d1,bull,10,squeeze_release_up,110,15207,0.70000000,0.71592030,-0.01592030,0.97776247,36,3720,,,,,36,2690,,,,,0.89467717
d1,bear,5,bb_lower,3133,12184,0.56878391,0.58568615,-0.01690223,0.97114114,599,3157,0.48580968,0.56065885,-0.07484917,0.86649784,494,2232,0.44534413,0.50940860,-0.06406447,0.87423755,0.89462645
d1,bear,10,gap_proxy_down,429,14888,0.68531469,0.69512359,-0.00980890,0.98588898,90,3666,,,,,103,2623,0.55339806,0.62218833,-0.06879028,0.88943818,0.89316939
h4,bull,3,trendline_up,41062,38397,0.15798061,0.16326796,-0.00528735,0.96761551,10251,9325,0.15393620,0.17587131,-0.02193511,0.87527749,7733,6258,0.10759084,0.13646532,-0.02887448,0.78841160,0.89282533
d1,bear,5,elliott_wave4_bear,1288,14029,0.59549689,0.58101076,0.01448613,1.02493264,343,3413,0.49854227,0.55376502,-0.05522274,0.90027766,225,2501,0.44444444,0.50259896,-0.05815452,0.88429241,0.89281913
d1,bear,1,fib_below500,6958,8359,0.23440644,0.26797464,-0.03356820,0.87473367,1395,2361,0.26093190,0.25031766,0.01061424,1.04240307,1097,1629,0.18869644,0.22713321,-0.03843677,0.83077435,0.89148442
d1,bear,1,fib_arc_bear,6958,8359,0.23440644,0.26797464,-0.03356820,0.87473367,1395,2361,0.26093190,0.25031766,0.01061424,1.04240307,1097,1629,0.18869644,0.22713321,-0.03843677,0.83077435,0.89148442
d1,bear,1,ichimoku_tk_bear,6976,8341,0.24770642,0.25692363,-0.00921721,0.96412472,1517,2239,0.25379038,0.25457794,-0.00078756,0.99690641,1124,1602,0.18861210,0.22784020,-0.03922810,0.82782626,0.89108593
d1,bull,1,rci_bull,7904,7413,0.25898279,0.24807770,0.01090509,1.04395837,2102,1654,0.24072312,0.26299879,-0.02227567,0.91530125,1542,1184,0.17574578,0.22550676,-0.04976097,0.77933711,0.89048886
d1,bear,3,nr4,3717,11600,0.44982513,0.48405172,-0.03422660,0.92929145,965,2791,0.44352332,0.45646722,-0.01294390,0.97164331,695,2031,0.36690647,0.42786805,-0.06096157,0.85752250,0.88984613
h4,bull,6,ellipse_compression,4550,74909,0.23032967,0.29622609,-0.06589642,0.77754688,808,18768,0.24876238,0.28479327,-0.03603089,0.87348406,654,13337,0.20489297,0.23161131,-0.02671834,0.88464147,0.88943763
d1,bear,5,channel_breakout_down,824,14493,0.58616505,0.58200511,0.00415994,1.00714761,133,3623,0.47368421,0.55147668,-0.07779247,0.85893789,131,2595,0.44274809,0.50057803,-0.05782994,0.88447367,0.88941142
d1,bear,5,breakout_down20,824,14493,0.58616505,0.58200511,0.00415994,1.00714761,133,3623,0.47368421,0.55147668,-0.07779247,0.85893789,131,2595,0.44274809,0.50057803,-0.05782994,0.88447367,0.88941142
h4,bull,1,elliott_wave4_bull,6776,72683,0.04899646,0.04992914,-0.00093269,0.98131980,1817,17759,0.03907540,0.05343769,-0.01436229,0.73123289,1308,12683,0.02828746,0.03216905,-0.00388158,0.87933794,0.88937051
d1,bull,10,bb_upper,3521,11796,0.72564612,0.71286877,0.01277735,1.01792385,901,2855,0.70477248,0.74325744,-0.03848497,0.94822121,664,2062,0.60692771,0.70756547,-0.10063776,0.85776898,0.88855260
d1,bear,10,fib_below382,8466,6851,0.68166785,0.71113706,-0.02946921,0.95856043,1826,1930,0.64676889,0.69792746,-0.05115857,0.92669931,1419,1307,0.54827343,0.69701607,-0.14874264,0.78660085,0.88489839
h4,bull,3,ichimoku_tk_bull,39353,40106,0.15853937,0.16249439,-0.00395502,0.97566060,10018,9558,0.15142743,0.17796610,-0.02653867,0.85087794,7430,6561,0.10659489,0.13625972,-0.02966483,0.78229200,0.88456052
d1,bull,5,elliott_impulse_bull,1384,13933,0.61416185,0.60841168,0.00575017,1.00945111,356,3400,0.51685393,0.61088235,-0.09402842,0.84607769,278,2448,0.50000000,0.57312092,-0.07312092,0.87241625,0.88391699
h4,bull,1,channel_upper,20255,59204,0.04917304,0.05008108,-0.00090803,0.98186876,5214,14362,0.04871500,0.05333519,-0.00462019,0.91337442,3878,10113,0.02810727,0.03322456,-0.00511729,0.84597869,0.88370526
d1,bear,20,sma50_bear,6980,8337,0.76074499,0.79656951,-0.03582452,0.95502649,1455,2301,0.75738832,0.76749239,-0.01010408,0.98683495,1161,1565,0.63824289,0.78466454,-0.14642164,0.81339587,0.88362119
h4,bear,24,fib_below618,29444,50015,0.56269529,0.57668699,-0.01399171,0.97573778,6614,12962,0.48835803,0.56110168,-0.07274365,0.87035567,4590,9401,0.43725490,0.52324221,-0.08598731,0.83566443,0.88328521
h4,bear,24,fib_fan_down,29444,50015,0.56269529,0.57668699,-0.01399171,0.97573778,6614,12962,0.48835803,0.56110168,-0.07274365,0.87035567,4590,9401,0.43725490,0.52324221,-0.08598731,0.83566443,0.88328521
d1,bull,5,channel_upper,3948,11369,0.61575481,0.60656170,0.00919311,1.01515610,1039,2717,0.57844081,0.61096798,-0.03252717,0.94676125,785,1941,0.49936306,0.59247810,-0.09311505,0.84283800,0.88279098
h4,bull,3,horizontal_resistance_near,5230,74229,0.17762906,0.15933126,0.01829780,1.11484127,1270,18306,0.15354331,0.16513711,-0.01159381,0.92979285,1006,12985,0.10636183,0.12160185,-0.01524002,0.87467280,0.88262654
d1,bear,3,fib_below500,6958,8359,0.45286002,0.49479603,-0.04193601,0.91524586,1395,2361,0.44874552,0.45573909,-0.00699357,0.98465443,1097,1629,0.36371923,0.44505832,-0.08133908,0.81723949,0.88211622
d1,bear,3,fib_arc_bear,6958,8359,0.45286002,0.49479603,-0.04193601,0.91524586,1395,2361,0.44874552,0.45573909,-0.00699357,0.98465443,1097,1629,0.36371923,0.44505832,-0.08133908,0.81723949,0.88211622
d1,bear,5,fib_below382,8466,6851,0.56555634,0.60283170,-0.03727536,0.93816622,1826,1930,0.51423877,0.58134715,-0.06710838,0.88456402,1419,1307,0.43904158,0.56159143,-0.12254985,0.78178112,0.88196562
h4,bull,1,ichimoku_cloud_bull,40316,39143,0.05055065,0.04912756,0.00142309,1.02896728,10787,8789,0.05228516,0.05188304,0.00040212,1.00775056,7879,6112,0.02804924,0.03664921,-0.00859997,0.76534368,0.88188086
h4,bear,3,range_tight,4165,75294,0.14861945,0.16618854,-0.01756909,0.89428216,1420,18156,0.13873239,0.17437762,-0.03564522,0.79558602,879,13112,0.11831627,0.13552471,-0.01720844,0.87302359,0.88004408
d1,bear,20,bb_lower,3133,12184,0.77210342,0.78233749,-0.01023408,0.98691859,599,3157,0.73121870,0.76971809,-0.03849939,0.94998248,494,2232,0.63562753,0.74148746,-0.10585992,0.85723302,0.88000033
d1,bear,5,sma50_bear,6980,8337,0.56547278,0.59625765,-0.03078487,0.94836986,1455,2301,0.52027491,0.56671013,-0.04643521,0.91806179,1161,1565,0.43755383,0.54249201,-0.10493818,0.80656272,0.87897697
h4,bull,1,elliott_pullback_bull,14193,65266,0.05157472,0.04947446,0.00210026,1.04245143,3753,15823,0.04289901,0.05428806,-0.01138905,0.79021083,2614,11377,0.02792655,0.03269755,-0.00477100,0.85408697,0.87802326
h4,bull,1,strong_close_bull,13844,65615,0.05013002,0.04979044,0.00033958,1.00682010,3536,16040,0.04892534,0.05280549,-0.00388015,0.92652000,2688,11303,0.02790179,0.03273467,-0.00483289,0.85236185,0.87724468
d1,bull,3,rci_cross_up,544,14773,0.52022059,0.49773235,0.02248824,1.04518139,155,3601,0.45806452,0.48514302,-0.02707850,0.94418450,106,2620,0.38679245,0.44312977,-0.05633732,0.87286497,0.87720152
d1,bull,5,horizontal_break_up,617,14700,0.60453809,0.60911565,-0.00457756,0.99248491,185,3571,0.49189189,0.60767292,-0.11578103,0.80946818,129,2597,0.49612403,0.56911821,-0.07299418,0.87174162,0.87706492
h4,bull,3,fib_above618,49415,30044,0.15962764,0.16202902,-0.00240138,0.98517932,12962,6614,0.15553155,0.18173571,-0.02620416,0.85581173,9401,4590,0.10562706,0.15098039,-0.04535333,0.69960781,0.87652919
d1,bear,10,bb_lower,3133,12184,0.69358442,0.69517400,-0.00158957,0.99771341,599,3157,0.61435726,0.68419385,-0.06983659,0.89792865,494,2232,0.54251012,0.63664875,-0.09413862,0.85213412,0.87559656
d1,bull,1,structure_bull_transition,5634,9683,0.25931842,0.25043891,0.00887951,1.03545579,1447,2309,0.24049758,0.25682113,-0.01632355,0.93643999,1088,1638,0.17279412,0.21367521,-0.04088110,0.80867647,0.87553302
h4,bull,3,sma200_bull,40478,38981,0.16132220,0.15971884,0.00160336,1.01003866,11933,7643,0.15788151,0.17453879,-0.01665729,0.90456398,7926,6065,0.10547565,0.14014839,-0.03467274,0.75259978,0.87527273
d1,bear,10,channel_breakout_down,824,14493,0.69781553,0.69468019,0.00313534,1.00451336,133,3623,0.56390977,0.67706321,-0.11315343,0.83287612,131,2595,0.54198473,0.62350674,-0.08152201,0.86925240,0.87474860
d1,bear,10,breakout_down20,824,14493,0.69781553,0.69468019,0.00313534,1.00451336,133,3623,0.56390977,0.67706321,-0.11315343,0.83287612,131,2595,0.54198473,0.62350674,-0.08152201,0.86925240,0.87474860
d1,bull,5,stoch_recover_up,948,14369,0.58755274,0.61034171,-0.02278897,0.96266196,229,3527,0.65502183,0.59852566,0.05649617,1.09439224,152,2574,0.49342105,0.56993007,-0.07650902,0.86575718,0.87228650
d1,bear,5,retest_down,821,14496,0.58465286,0.58209161,0.00256125,1.00440008,130,3626,0.46923077,0.55157198,-0.08234121,0.85071538,129,2597,0.43410853,0.50096265,-0.06685412,0.86654869,0.87205589
d1,bear,10,ichimoku_cloud_bear,6642,8675,0.68352906,0.70351585,-0.01998679,0.97159013,1570,2186,0.67388535,0.67246112,0.00142423,1.00211794,1083,1643,0.54016620,0.67194157,-0.13177537,0.80388865,0.87181354
d1,bull,5,elliott_wave5_bull,1101,14216,0.61580381,0.60839899,0.00740483,1.01217101,285,3471,0.50877193,0.60962259,-0.10085066,0.83456870,219,2507,0.49315068,0.57199840,-0.07884772,0.86215395,0.87180854
d1,bull,3,rci_strong_bull,2537,12780,0.49704375,0.49882629,-0.00178254,0.99642653,539,3217,0.40445269,0.49735779,-0.09290510,0.81320269,479,2247,0.38413361,0.45304851,-0.06891490,0.84788627,0.87117157
d1,bull,1,inside_bar,3028,12289,0.23546896,0.25819839,-0.02272943,0.91196912,724,3032,0.23342541,0.25461741,-0.02119200,0.91676924,518,2208,0.17181467,0.20335145,-0.03153678,0.84491491,0.87057025
d1,bear,10,sma50_bear,6980,8337,0.67936963,0.70780856,-0.02843894,0.95982115,1455,2301,0.65292096,0.68578879,-0.03286783,0.95207296,1161,1565,0.53919035,0.67923323,-0.14004287,0.79382211,0.87023855
d1,bull,3,elliott_wave5_bull,1101,14216,0.49318801,0.49894485,-0.00575684,0.98846197,285,3471,0.39298246,0.49150101,-0.09851855,0.79955575,219,2507,0.38356164,0.44595134,-0.06238969,0.86009753,0.86987441
h4,bull,1,bb_upper,17834,61625,0.05018504,0.04975254,0.00043250,1.00869311,4615,14961,0.05070423,0.05253660,-0.00183237,0.96512203,3364,10627,0.02764566,0.03312318,-0.00547752,0.83463190,0.86919197
h4,bear,12,triangle_breakout_down,194,79265,0.40206186,0.42942030,-0.02735844,0.93628982,42,19534,,,,,22,13969,,,,,0.86912960
d1,bear,3,channel_lower,3272,12045,0.45843521,0.48044832,-0.02201311,0.95418215,581,3175,0.40791738,0.46141732,-0.05349994,0.88405303,480,2246,0.35833333,0.42386465,-0.06553131,0.84539566,0.86905397
h4,bull,3,inside_bar,13185,66274,0.14592340,0.16344268,-0.01751928,0.89281086,3015,16561,0.15555556,0.16599239,-0.01043684,0.93712461,2227,11764,0.10462506,0.12351241,-0.01888735,0.84708132,0.86821421
h4,bull,6,compression,10205,69254,0.26046056,0.29716695,-0.03670639,0.87647889,2300,17276,0.28173913,0.28351470,-0.00177557,0.99373728,1635,12356,0.20000000,0.23438006,-0.03438006,0.85331492,0.86819733
d1,bull,5,bb_upper,3521,11796,0.61715422,0.60647677,0.01067745,1.01760570,901,2855,0.56492786,0.61366025,-0.04873239,0.92058735,664,2062,0.49096386,0.58971872,-0.09875486,0.83253904,0.86794259
d1,bull,3,horizontal_resistance_near,1032,14285,0.51259690,0.49751488,0.01508202,1.03031472,309,3447,0.40776699,0.49086162,-0.08309463,0.83071679,196,2530,0.38265306,0.44545455,-0.06280148,0.85901708,0.86781385
h4,bear,24,gap_proxy_down,1372,78087,0.58819242,0.57120904,0.01698338,1.02973234,391,19185,0.57033248,0.53583529,0.03449719,1.06438022,298,13693,0.42953020,0.49645804,-0.06692784,0.86518933,0.86768077
h4,bear,6,superbb_squeeze,17574,61885,0.26766815,0.29486952,-0.02720137,0.90775116,4532,15044,0.26941748,0.28104228,-0.01162480,0.95863683,2990,11001,0.20468227,0.24452323,-0.03984095,0.83706680,0.86726520
h4,bull,6,span_model_bull,28615,50844,0.29411148,0.29151916,0.00259232,1.00889246,7432,12144,0.25820775,0.29866601,-0.04045826,0.86453679,5549,8442,0.19967562,0.25053305,-0.05085743,0.79700310,0.86678919
h4,bull,1,elliott_wave2_bull,7417,72042,0.05393016,0.04942950,0.00450066,1.09105213,1936,17640,0.04648760,0.05272109,-0.00623349,0.88176486,1306,12685,0.02756508,0.03224281,-0.00467772,0.85492199,0.86665864
d1,bear,20,channel_breakout_down,824,14493,0.78519417,0.77996274,0.00523143,1.00670729,133,3623,0.69172932,0.76621584,-0.07448652,0.90278651,131,2595,0.62595420,0.72716763,-0.10121343,0.86081142,0.86660800
d1,bear,20,breakout_down20,824,14493,0.78519417,0.77996274,0.00523143,1.00670729,133,3623,0.69172932,0.76621584,-0.07448652,0.90278651,131,2595,0.62595420,0.72716763,-0.10121343,0.86081142,0.86660800
d1,bull,3,hh20,2014,13303,0.49453823,0.49913553,-0.00459730,0.99078947,503,3253,0.42743539,0.49277590,-0.06534051,0.86740319,390,2336,0.38205128,0.45077055,-0.06871927,0.84755156,0.86644908
h4,bull,6,dmi_adx_bull,15804,63655,0.28688940,0.29383395,-0.00694455,0.97636572,3610,15966,0.24376731,0.29224602,-0.04847871,0.83411679,2426,11565,0.19909316,0.23692175,-0.03782859,0.84033298,0.86426074
d1,bull,20,triangle_breakout_up,89,15228,,,,,15,3741,,,,,12,2714,,,,,0.86375158
d1,bear,10,retest_down,821,14496,0.69671133,0.69474338,0.00196795,1.00283263,130,3626,0.56153846,0.67705461,-0.11551614,0.82938430,129,2597,0.53488372,0.62379669,-0.08891297,0.85746483,0.86328776
d1,bull,3,horizontal_break_up,617,14700,0.49918963,0.49850340,0.00068623,1.00137657,185,3571,0.40000000,0.48837861,-0.08837861,0.81903670,129,2597,0.37984496,0.44397382,-0.06412885,0.85555712,0.86144539
h4,bull,6,shape_triangle_proxy,9430,70029,0.24252386,0.29917606,-0.05665220,0.81063927,2178,17398,0.27318641,0.28457294,-0.01138653,0.95998731,1565,12426,0.19808307,0.23442781,-0.03634475,0.84496402,0.85987595
h4,bull,6,rci_strong_bull,12232,67227,0.28515370,0.29378077,-0.00862708,0.97063430,3042,16534,0.26035503,0.28752873,-0.02717370,0.90549223,2398,11593,0.19808173,0.23703959,-0.03895786,0.83564831,0.85987017
d1,bear,10,dmi_adx_bear,2576,12741,0.72593168,0.68856448,0.03736720,1.05426827,408,3348,0.68137255,0.67204301,0.00932954,1.01388235,462,2264,0.53246753,0.63736749,-0.10489996,0.83541684,0.85938810
h4,bull,1,ichimoku_tk_bull,39353,40106,0.04825553,0.05141375,-0.00315822,0.93857246,10018,9558,0.04681573,0.05764804,-0.01083231,0.81209576,7430,6561,0.02732167,0.03688462,-0.00956295,0.74073335,0.85900555
d1,bull,10,horizontal_resistance_near,1032,14285,0.69961240,0.71697585,-0.01736345,0.97578238,309,3447,0.64724919,0.74180447,-0.09455528,0.87253342,196,2530,0.58673469,0.69051383,-0.10377914,0.84970737,0.85898968
d1,bull,1,dmi_adx_strong_bull,4054,11263,0.23951653,0.25881204,-0.01929551,0.92544585,1111,2645,0.23402340,0.25746692,-0.02344352,0.90894552,702,2024,0.16951567,0.20701581,-0.03750014,0.81885374,0.85892140
d1,bear,20,retest_down,821,14496,0.78440926,0.78000828,0.00440098,1.00564222,130,3626,0.68461538,0.76640927,-0.08179388,0.89327650,129,2597,0.62015504,0.72737774,-0.10722270,0.85259007,0.85857930
d1,bull,5,channel_breakout_up,1039,14278,0.62271415,0.60792828,0.01478587,1.02432173,265,3491,0.49811321,0.60985391,-0.11174070,0.81677464,204,2522,0.48529412,0.57216495,-0.08687083,0.84817170,0.85791943
d1,bull,5,breakout_up20,1039,14278,0.62271415,0.60792828,0.01478587,1.02432173,265,3491,0.49811321,0.60985391,-0.11174070,0.81677464,204,2522,0.48529412,0.57216495,-0.08687083,0.84817170,0.85791943
d1,bear,5,fib_below500,6958,8359,0.55863754,0.60186625,-0.04322871,0.92817555,1395,2361,0.53333333,0.55781449,-0.02448115,0.95611238,1097,1629,0.42661805,0.54573358,-0.11911553,0.78173319,0.85700870
d1,bear,5,fib_arc_bear,6958,8359,0.55863754,0.60186625,-0.04322871,0.92817555,1395,2361,0.53333333,0.55781449,-0.02448115,0.95611238,1097,1629,0.42661805,0.54573358,-0.11911553,0.78173319,0.85700870
d1,bull,5,horizontal_resistance_near,1032,14285,0.61337209,0.60861043,0.00476166,1.00782383,309,3447,0.51456311,0.60980563,-0.09524252,0.84381495,196,2530,0.48469388,0.57193676,-0.08724288,0.84746062,0.85685831
h4,bull,12,dmi_adx_bull,15804,63655,0.44311567,0.44282460,0.00029107,1.00065729,3610,15966,0.37534626,0.43630214,-0.06095588,0.86028975,2426,11565,0.32646331,0.39273671,-0.06627339,0.83125236,0.85630825
d1,bull,3,channel_breakout_up,1039,14278,0.49951877,0.49845917,0.00105960,1.00212575,265,3491,0.39622642,0.49069035,-0.09446393,0.80748769,204,2522,0.37745098,0.44607454,-0.06862356,0.84616122,0.85601612
d1,bull,3,breakout_up20,1039,14278,0.49951877,0.49845917,0.00105960,1.00212575,265,3491,0.39622642,0.49069035,-0.09446393,0.80748769,204,2522,0.37745098,0.44607454,-0.06862356,0.84616122,0.85601612
d1,bear,20,fib_below500,6958,8359,0.75653924,0.79997607,-0.04343684,0.94570233,1395,2361,0.77132616,0.75900042,0.01232574,1.01623944,1097,1629,0.61713765,0.79312462,-0.17598697,0.77810931,0.85440184
d1,bear,20,fib_arc_bear,6958,8359,0.75653924,0.79997607,-0.04343684,0.94570233,1395,2361,0.77132616,0.75900042,0.01232574,1.01623944,1097,1629,0.61713765,0.79312462,-0.17598697,0.77810931,0.85440184
d1,bull,10,triangle_breakout_up,89,15228,,,,,15,3741,,,,,12,2714,,,,,0.85401003
h4,bull,6,fib_above382,33299,46160,0.29397279,0.29135615,0.00261664,1.00898090,8906,10670,0.26319335,0.30009372,-0.03690037,0.87703719,6537,7454,0.19642038,0.26012879,-0.06370841,0.75508896,0.85265823
h4,bull,6,fib_fan_up,33299,46160,0.29397279,0.29135615,0.00261664,1.00898090,8906,10670,0.26319335,0.30009372,-0.03690037,0.87703719,6537,7454,0.19642038,0.26012879,-0.06370841,0.75508896,0.85265823
h4,bull,3,sma50_bull,40976,38483,0.15914194,0.16201959,-0.00287766,0.98223884,10733,8843,0.15075002,0.18093407,-0.03018405,0.83317653,7844,6147,0.10249873,0.14348463,-0.04098590,0.71435336,0.85056920
d1,bear,10,fib_below500,6958,8359,0.67576890,0.71073095,-0.03496205,0.95080832,1395,2361,0.66738351,0.67640830,-0.00902479,0.98665778,1097,1629,0.52689152,0.68201351,-0.15512198,0.77255292,0.85038857
d1,bear,10,fib_arc_bear,6958,8359,0.67576890,0.71073095,-0.03496205,0.95080832,1395,2361,0.66738351,0.67640830,-0.00902479,0.98665778,1097,1629,0.52689152,0.68201351,-0.15512198,0.77255292,0.85038857
h4,bull,3,sma_stack_bull,25555,53904,0.16403835,0.15887504,0.00516331,1.03249920,7348,12228,0.15051715,0.17271835,-0.02220120,0.87146008,5002,8989,0.10235906,0.13060407,-0.02824502,0.78373557,0.84941018
d1,bull,3,channel_upper,3948,11369,0.50278622,0.49705339,0.00573283,1.01153363,1039,2717,0.46198268,0.49245491,-0.03047224,0.93812177,785,1941,0.37452229,0.46780010,-0.09327781,0.80060327,0.84937419
d1,bull,5,retest_up,1037,14280,0.62198650,0.60798319,0.01400331,1.02303239,263,3493,0.49809886,0.60979101,-0.11169215,0.81683536,202,2524,0.48019802,0.57250396,-0.09230594,0.83876803,0.84891038
d1,bull,3,elliott_impulse_bull,1384,13933,0.48554913,0.49982057,-0.01427144,0.97144688,356,3400,0.39887640,0.49294118,-0.09406477,0.80917648,278,2448,0.37410072,0.44852941,-0.07442869,0.83406062,0.84841810
d1,bear,20,channel_lower,3272,12045,0.76955990,0.78314653,-0.01358663,0.98265123,581,3175,0.72461274,0.77070866,-0.04609592,0.94019021,480,2246,0.61250000,0.74577026,-0.13327026,0.82129851,0.84798121
d1,bear,5,ichimoku_cloud_bear,6642,8675,0.57226739,0.58985591,-0.01758852,0.97018167,1570,2186,0.55605096,0.54345837,0.01259258,1.02317120,1083,1643,0.42197599,0.54777845,-0.12580246,0.77034062,0.84768353
d1,bear,3,horizontal_break_down,450,14867,0.44222222,0.47676061,-0.03453839,0.92755612,76,3680,,,,,63,2663,,,,,0.84691860
h4,bull,1,rci_bull,41545,37914,0.04854977,0.05127394,-0.00272417,0.94687027,10333,9243,0.04974354,0.05474413,-0.00500059,0.90865522,7578,6413,0.02692003,0.03757992,-0.01065988,0.71634093,0.84637789
d1,bull,3,elliott_wave3_bull,863,14454,0.44611819,0.50166044,-0.05554225,0.88928318,202,3554,0.41584158,0.48790096,-0.07205937,0.85230738,177,2549,0.37288136,0.44566497,-0.07278361,0.83668537,0.84565273
h4,bull,1,horizontal_resistance_near,5230,74229,0.05908222,0.04919910,0.00988312,1.20088005,1270,18306,0.05511811,0.05189555,0.00322256,1.06209697,1006,12985,0.02683897,0.03219099,-0.00535202,0.83374157,0.84382916
d1,bull,3,bb_upper,3521,11796,0.50127805,0.49771109,0.00356696,1.00716672,901,2855,0.44173141,0.49737303,-0.05564162,0.88812900,664,2062,0.37198795,0.46314258,-0.09115463,0.80318236,0.84362659
h4,bull,3,nr7,12186,67273,0.13909404,0.16441960,-0.02532556,0.84596994,3004,16572,0.14613848,0.16769249,-0.02155401,0.87146705,2086,11905,0.10162991,0.12381352,-0.02218361,0.82083048,0.84335950
d1,bull,3,retest_up,1037,14280,0.49855352,0.49852941,0.00002411,1.00004836,263,3493,0.39543726,0.49069568,-0.09525841,0.80587069,202,2524,0.37128713,0.44651347,-0.07522634,0.83152503,0.84203720
h4,bear,1,range_tight,4165,75294,0.04657863,0.05459930,-0.00802067,0.85309936,1420,18156,0.05211268,0.05909892,-0.00698624,0.88178728,879,13112,0.03640501,0.04370043,-0.00729542,0.83305835,0.84188832
h4,bull,1,trendline_up,41062,38397,0.04851201,0.05128005,-0.00276804,0.94602108,10251,9325,0.04750756,0.05715818,-0.00965062,0.83115947,7733,6258,0.02676840,0.03803132,-0.01126292,0.70385133,0.84161038
d1,bear,3,fib_below618,5368,9949,0.44951565,0.48989848,-0.04038283,0.91756898,1040,2716,0.44326923,0.45692194,-0.01365271,0.97012025,787,1939,0.34688691,0.43888602,-0.09199911,0.79038040,0.84129335
d1,bear,3,fib_fan_down,5368,9949,0.44951565,0.48989848,-0.04038283,0.91756898,1040,2716,0.44326923,0.45692194,-0.01365271,0.97012025,787,1939,0.34688691,0.43888602,-0.09199911,0.79038040,0.84129335
d1,bull,1,fib_time_5,3066,12251,0.26190476,0.25165293,0.01025184,1.04073799,756,3000,0.26587302,0.24666667,0.01920635,1.07786358,543,2183,0.16574586,0.20522217,-0.03947631,0.80764108,0.83982008
h4,bull,1,rci_strong_bull,12232,67227,0.04839765,0.05011379,-0.00171615,0.96575498,3042,16534,0.04339250,0.05370751,-0.01031501,0.80794108,2398,11593,0.02668891,0.03286466,-0.00617575,0.81208531,0.83911124
d1,bear,5,channel_lower,3272,12045,0.56662592,0.58646741,-0.01984150,0.96616778,581,3175,0.48537005,0.56031496,-0.07494491,0.86624503,480,2246,0.41666667,0.51513802,-0.09847136,0.80884471,0.83701793
h4,bull,3,elliott_wave2_bull,7417,72042,0.17378994,0.15917104,0.01461890,1.09184399,1936,17640,0.15960744,0.16490930,-0.00530186,0.96784985,1306,12685,0.10030628,0.12258573,-0.02227945,0.81825411,0.83237553
d1,bear,20,ichimoku_bear,5854,9463,0.75572258,0.79541372,-0.03969113,0.95010001,1224,2532,0.78022876,0.75552923,0.02469953,1.03269170,909,1817,0.60066007,0.78315905,-0.18249899,0.76697072,0.83158930
d1,bear,20,squeeze_release_down,81,15236,,,,,22,3734,,,,,15,2711,,,,,0.83067547
d1,bear,10,channel_lower,3272,12045,0.69223716,0.69555832,-0.00332116,0.99522519,581,3175,0.62134251,0.68251969,-0.06117717,0.91036570,480,2246,0.51458333,0.64203028,-0.12744694,0.80149387,0.83052349
h4,bull,3,nr4,22625,56834,0.13516022,0.17063729,-0.03547707,0.79209074,5385,14191,0.13946147,0.17384258,-0.03438111,0.80222849,3857,10134,0.10007778,0.12828103,-0.02820325,0.78014479,0.83047938
d1,bear,5,horizontal_break_down,450,14867,0.54888889,0.58323804,-0.03434916,0.94110611,76,3680,,,,,63,2663,,,,,0.82904633
d1,bear,1,fib_below618,5368,9949,0.23043964,0.26475023,-0.03431058,0.87040395,1040,2716,0.26442308,0.25036819,0.01405489,1.05613688,787,1939,0.17534943,0.22640536,-0.05105594,0.77449326,0.82842728
d1,bear,1,fib_fan_down,5368,9949,0.23043964,0.26475023,-0.03431058,0.87040395,1040,2716,0.26442308,0.25036819,0.01405489,1.05613688,787,1939,0.17534943,0.22640536,-0.05105594,0.77449326,0.82842728
h4,bull,3,fib_above500,41367,38092,0.16022433,0.16087367,-0.00064934,0.99596366,10924,8652,0.15168436,0.18042071,-0.02873635,0.84072590,8036,5955,0.09980090,0.14844668,-0.04864579,0.67230128,0.82818169
h4,bull,3,fib_arc_bull,41367,38092,0.16022433,0.16087367,-0.00064934,0.99596366,10924,8652,0.15168436,0.18042071,-0.02873635,0.84072590,8036,5955,0.09980090,0.14844668,-0.04864579,0.67230128,0.82818169
h4,bull,3,ichimoku_bull,36107,43352,0.15971972,0.16121517,-0.00149545,0.99072391,9542,10034,0.15007336,0.17799482,-0.02792146,0.84313331,6955,7036,0.09978433,0.14098920,-0.04120487,0.70774449,0.82804421
h4,bear,1,fib_time_5,15895,63564,0.05504876,0.05396136,0.00108740,1.02015138,3916,15660,0.05694586,0.05900383,-0.00205797,0.96512145,2799,11192,0.03572705,0.04512152,-0.00939447,0.79179622,0.82621007
d1,bull,1,horizontal_break_up,617,14700,0.27066451,0.25299320,0.01767131,1.06984895,185,3571,0.26486486,0.24978997,0.01507489,1.06035026,129,2597,0.16279070,0.19907586,-0.03628516,0.81773200,0.82484655
d1,bear,5,fib_below618,5368,9949,0.55290611,0.59805006,-0.04514394,0.92451477,1040,2716,0.53653846,0.55338733,-0.01684887,0.96955320,787,1939,0.40914867,0.53378030,-0.12463163,0.76651137,0.82191545
d1,bear,5,fib_fan_down,5368,9949,0.55290611,0.59805006,-0.04514394,0.92451477,1040,2716,0.53653846,0.55338733,-0.01684887,0.96955320,787,1939,0.40914867,0.53378030,-0.12463163,0.76651137,0.82191545
d1,bear,1,fib_time_8,1919,13398,0.27410109,0.24966413,0.02443697,1.09787936,472,3284,0.22457627,0.25852619,-0.03394992,0.86867900,340,2386,0.17352941,0.21709975,-0.04357034,0.79930729,0.81982873
d1,bear,10,horizontal_break_down,450,14867,0.66000000,0.69590368,-0.03590368,0.94840711,76,3680,,,,,63,2663,,,,,0.81979569
d1,bull,3,squeeze_release_up,110,15207,0.46363636,0.49878345,-0.03514709,0.92953437,36,3720,,,,,36,2690,,,,,0.81895914
h4,bull,1,ellipse_compression,4550,74909,0.04351648,0.05023428,-0.00671780,0.86627060,808,18768,0.04702970,0.05232310,-0.00529340,0.89883245,654,13337,0.02599388,0.03209117,-0.00609729,0.81000100,0.81725939
d1,bull,1,bb_upper,3521,11796,0.24907697,0.25508647,-0.00600950,0.97644131,901,2855,0.21864595,0.26059545,-0.04194950,0.83902444,664,2062,0.16114458,0.20902037,-0.04787579,0.77095156,0.81650580
h4,bear,12,sma_stack_bear,21818,57641,0.42189935,0.43217501,-0.01027567,0.97622337,4287,15289,0.36808957,0.41958271,-0.05149313,0.87727537,3108,10883,0.29890605,0.38527979,-0.08637375,0.77581553,0.81647687
d1,bear,3,ichimoku_bear,5854,9463,0.44431158,0.49519180,-0.05088022,0.89725149,1224,2532,0.46078431,0.44944708,0.01133724,1.02522485,909,1817,0.33663366,0.45019263,-0.11355896,0.74775473,0.81642648
h4,bear,1,nr4,22625,56834,0.03001105,0.06379984,-0.03378879,0.47039382,5385,14191,0.04531105,0.06363188,-0.01832083,0.71208095,3857,10134,0.03526057,0.04627985,-0.01101928,0.76189887,0.81542243
h4,bull,1,channel_mid_bull,41719,37740,0.04889858,0.05090090,-0.00200232,0.96066243,10602,8974,0.04895303,0.05582795,-0.00687492,0.87685523,8023,5968,0.02592546,0.03971180,-0.01378633,0.65284038,0.81510825
h4,bull,1,sma20_bull,41080,38379,0.04839338,0.05140832,-0.00301494,0.94135301,10352,9224,0.04926584,0.05529055,-0.00602470,0.89103555,7678,6313,0.02591821,0.03896721,-0.01304900,0.66512864,0.81488010
h4,bull,1,bb_bull,41080,38379,0.04839338,0.05140832,-0.00301494,0.94135301,10353,9223,0.04926108,0.05529654,-0.00603546,0.89085289,7678,6313,0.02591821,0.03896721,-0.01304900,0.66512864,0.81488010
d1,bear,5,horizontal_support_near,752,14565,0.53457447,0.58468932,-0.05011486,0.91428806,133,3623,0.52631579,0.54954458,-0.02322879,0.95773084,99,2627,,,,,0.81165375
h4,bear,24,sma_stack_bear,21818,57641,0.56338803,0.57457365,-0.01118563,0.98053230,4287,15289,0.45906228,0.55824449,-0.09918221,0.82233195,3108,10883,0.40122265,0.52182303,-0.12060038,0.76888644,0.81049756
d1,bear,20,span_model_bear,4699,10618,0.75313897,0.79223959,-0.03910063,0.95064545,960,2796,0.79166667,0.75393419,0.03773247,1.05004744,691,2035,0.58465991,0.76904177,-0.18438186,0.76024468,0.80943775
d1,bear,3,ichimoku_cloud_bear,6642,8675,0.46251129,0.48587896,-0.02336767,0.95190640,1570,2186,0.45350318,0.45288198,0.00062121,1.00137168,1083,1643,0.33240997,0.46500304,-0.13259307,0.71485548,0.80618290
d1,bull,1,hh20,2014,13303,0.26464747,0.25204841,0.01259906,1.04998666,503,3253,0.24453280,0.25146019,-0.00692739,0.97245136,390,2336,0.15897436,0.20376712,-0.04479276,0.78017669,0.80550948
h4,bear,6,sma_stack_bear,21818,57641,0.28118984,0.29175413,-0.01056429,0.96379044,4287,15289,0.27105202,0.28039767,-0.00934565,0.96667000,3108,10883,0.18983269,0.24919599,-0.05936330,0.76178066,0.80434560
h4,bear,6,squeeze_release_down,427,79032,0.29039813,0.28884502,0.00155310,1.00537694,121,19455,0.35537190,0.27787201,0.07749989,1.27890498,58,13933,,,,,0.80359343
d1,bull,1,elliott_wave3_bull,863,14454,0.22247972,0.25556939,-0.03308967,0.87052569,202,3554,0.22772277,0.25182893,-0.02410615,0.90427568,177,2549,0.15819209,0.20007846,-0.04188637,0.79065027,0.80154580
d1,bear,10,horizontal_support_near,752,14565,0.65425532,0.69694473,-0.04268941,0.93874778,133,3623,0.65413534,0.67375104,-0.01961570,0.97088584,99,2627,,,,,0.79883500
d1,bear,5,ichimoku_bear,5854,9463,0.55056372,0.60181761,-0.05125389,0.91483485,1224,2532,0.54575163,0.55015798,-0.00440634,0.99199077,909,1817,0.39713971,0.54815630,-0.15101659,0.72450086,0.79779135
d1,bear,10,fib_below618,5368,9949,0.67436662,0.70590009,-0.03153347,0.95532870,1040,2716,0.68269231,0.66936672,0.01332559,1.01990776,787,1939,0.49428208,0.67044868,-0.17616660,0.73724074,0.79775782
d1,bear,10,fib_fan_down,5368,9949,0.67436662,0.70590009,-0.03153347,0.95532870,1040,2716,0.68269231,0.66936672,0.01332559,1.01990776,787,1939,0.49428208,0.67044868,-0.17616660,0.73724074,0.79775782
d1,bear,10,ichimoku_bear,5854,9463,0.67014008,0.71013421,-0.03999413,0.94368088,1224,2532,0.67238562,0.67338073,-0.00099511,0.99852222,909,1817,0.49394939,0.68244359,-0.18849419,0.72379520,0.79722087
h4,bear,6,gap_proxy_down,1372,78087,0.26676385,0.28924149,-0.02247764,0.92228764,391,19185,0.27621483,0.27839458,-0.00217975,0.99217030,298,13693,0.18791946,0.23705543,-0.04913597,0.79272372,0.79623901
h4,bear,1,sma_stack_bear,21818,57641,0.05674214,0.05320865,0.00353349,1.06640811,4287,15289,0.07557733,0.05382955,0.02174778,1.40401185,3108,10883,0.03442728,0.04575944,-0.01133216,0.75235369,0.79615229
d1,bear,1,ichimoku_bear,5854,9463,0.22975743,0.26693438,-0.03717695,0.86072627,1224,2532,0.27532680,0.24407583,0.03125097,1.12803795,909,1817,0.16831683,0.23335168,-0.06503485,0.72130114,0.79520222
d1,bear,20,fib_below618,5368,9949,0.75242176,0.79525580,-0.04283405,0.94613803,1040,2716,0.78653846,0.75478645,0.03175201,1.04206754,787,1939,0.57433291,0.78236204,-0.20802913,0.73410119,0.79514043
d1,bear,20,fib_fan_down,5368,9949,0.75242176,0.79525580,-0.04283405,0.94613803,1040,2716,0.78653846,0.75478645,0.03175201,1.04206754,787,1939,0.57433291,0.78236204,-0.20802913,0.73410119,0.79514043
h4,bull,1,vertical_day_open,12868,66591,0.04406279,0.05096785,-0.00690506,0.86452132,3166,16410,0.04390398,0.05368678,-0.00978280,0.81778015,2258,11733,0.02524358,0.03306912,-0.00782554,0.76335800,0.79366945
h4,bull,1,fib_above618,49415,30044,0.04891227,0.05139129,-0.00247902,0.95176188,12962,6614,0.04790927,0.06032658,-0.01241731,0.79416525,9401,4590,0.02521008,0.04531590,-0.02010582,0.55631868,0.79261637
h4,bear,3,sma_stack_bear,21818,57641,0.16261802,0.16627054,-0.00365251,0.97803270,4287,15289,0.18357826,0.16848715,0.01509111,1.08956833,3108,10883,0.10649936,0.14242396,-0.03592461,0.74776290,0.79214912
h4,bull,3,rci_strong_bull,12232,67227,0.15761936,0.16106624,-0.00344688,0.97859962,3042,16534,0.14365549,0.16819886,-0.02454337,0.85408122,2398,11593,0.09507923,0.12576555,-0.03068632,0.75600380,0.78899973
h4,bear,3,superbb_squeeze,17574,61885,0.14686469,0.17049366,-0.02362897,0.86140850,4532,15044,0.15600177,0.17654879,-0.02054702,0.88361843,2990,11001,0.10602007,0.14216889,-0.03614883,0.74573322,0.78858413
d1,bear,3,span_model_bear,4699,10618,0.44562673,0.48907516,-0.04344843,0.91116207,960,2796,0.45104167,0.45386266,-0.00282099,0.99378448,691,2035,0.32416787,0.44226044,-0.11809257,0.73297958,0.78619361
h4,bull,1,triangle_breakout_up,325,79134,0.10769231,0.04961205,0.05808026,2.17068851,54,19522,,,,,40,13951,,,,,0.78601124
d1,bear,3,horizontal_support_near,752,14565,0.44015957,0.47758325,-0.03742367,0.92163948,133,3623,0.47368421,0.45238752,0.02129669,1.04707620,99,2627,,,,,0.78392466
h4,bear,1,horizontal_resistance_near,5230,74229,0.05506692,0.05411632,0.00095061,1.01756598,1270,18306,0.04094488,0.05981645,-0.01887157,0.68450868,1006,12985,0.03379722,0.04397382,-0.01017660,0.76857593,0.78158158
d1,bull,1,channel_upper,3948,11369,0.25481256,0.25332043,0.00149213,1.00589029,1039,2717,0.23002887,0.25837321,-0.02834433,0.89029694,785,1941,0.15414013,0.21483771,-0.06069759,0.71747239,0.78101485
h4,bull,3,fib_above382,33299,46160,0.15940419,0.16135182,-0.00194763,0.98792927,8906,10670,0.15203234,0.17469541,-0.02266307,0.87027095,6537,7454,0.09407985,0.14368124,-0.04960139,0.65478172,0.78070654
h4,bull,3,fib_fan_up,33299,46160,0.15940419,0.16135182,-0.00194763,0.98792927,8906,10670,0.15203234,0.17469541,-0.02266307,0.87027095,6537,7454,0.09407985,0.14368124,-0.04960139,0.65478172,0.78070654
d1,bull,1,retest_up,1037,14280,0.27868852,0.25189076,0.02679777,1.10638647,263,3493,0.25095057,0.25050100,0.00044957,1.00179468,202,2524,0.15346535,0.20087163,-0.04740629,0.76399711,0.77759579
d1,bull,1,horizontal_resistance_near,1032,14285,0.26356589,0.25299265,0.01057324,1.04179268,309,3447,0.23624595,0.25181317,-0.01556722,0.93817950,196,2530,0.15306122,0.20079051,-0.04772929,0.76229311,0.77554814
d1,bull,1,channel_breakout_up,1039,14278,0.28007700,0.25178596,0.02829103,1.11236144,265,3491,0.25283019,0.25035806,0.00247213,1.00987436,204,2522,0.15196078,0.20103093,-0.04907014,0.75590749,0.76997230
d1,bull,1,breakout_up20,1039,14278,0.28007700,0.25178596,0.02829103,1.11236144,265,3491,0.25283019,0.25035806,0.00247213,1.00987436,204,2522,0.15196078,0.20103093,-0.04907014,0.75590749,0.76997230
h4,bear,12,gap_proxy_down,1372,78087,0.42565598,0.42941847,-0.00376249,0.99123817,391,19185,0.41943734,0.40807923,0.01135811,1.02783310,298,13693,0.28187919,0.36792522,-0.08604602,0.76613176,0.76996716
d1,bear,20,horizontal_support_near,752,14565,0.74601064,0.78201167,-0.03600103,0.95396356,133,3623,0.76691729,0.76345570,0.00346159,1.00453411,99,2627,,,,,0.76914395
d1,bear,20,horizontal_break_down,450,14867,0.76666667,0.78065514,-0.01398848,0.98208111,76,3680,,,,,63,2663,,,,,0.76914395
h4,bear,12,vertical_week_open,2497,76962,0.40448538,0.43016034,-0.02567496,0.94031306,624,18952,0.40705128,0.40834740,-0.00129612,0.99682593,444,13547,0.28153153,0.36886396,-0.08733242,0.76323948,0.76901750
h4,bull,3,span_model_bull,28615,50844,0.16047528,0.16056959,-0.00009431,0.99941265,7432,12144,0.14733584,0.17481884,-0.02748300,0.84279157,5549,8442,0.09244909,0.13894812,-0.04649903,0.66534972,0.76717391
h4,bull,3,dmi_adx_bull,15804,63655,0.16116173,0.16038017,0.00078156,1.00487315,3610,15966,0.14155125,0.16954779,-0.02799654,0.83487521,2426,11565,0.09233306,0.12641591,-0.03408285,0.73039112,0.76621105
d1,bear,1,ichimoku_cloud_bear,6642,8675,0.23501957,0.26628242,-0.03126285,0.88259515,1570,2186,0.25859873,0.25114364,0.00745508,1.02968455,1083,1643,0.16158818,0.24467438,-0.08308620,0.66042135,0.76341314
d1,bear,20,sma200_bear,5740,9577,0.75278746,0.79670043,-0.04391297,0.94488145,1511,2245,0.77895433,0.75322940,0.02572494,1.03415286,852,1874,0.54929577,0.80096051,-0.25166474,0.68579632,0.76047754
d1,bear,5,span_model_bear,4699,10618,0.55373484,0.59483895,-0.04110412,0.93089875,960,2796,0.53750000,0.55257511,-0.01507511,0.97271845,691,2035,0.37626628,0.53906634,-0.16280006,0.69799625,0.75585990
h4,bull,1,engulf_bull,6251,73208,0.05647096,0.04928423,0.00718673,1.14582217,1475,18101,0.04271186,0.05287001,-0.01015814,0.80786568,1002,12989,0.02395210,0.03241204,-0.00845995,0.73898758,0.75306466
d1,bear,1,span_model_bear,4699,10618,0.23153863,0.26210209,-0.03056347,0.88339099,960,2796,0.27604167,0.24678112,0.02926055,1.11856884,691,2035,0.15918958,0.22948403,-0.07029445,0.69368479,0.75208110
d1,bull,1,rci_strong_bull,2537,12780,0.24517146,0.25539906,-0.01022760,0.95995444,539,3217,0.20037106,0.25893690,-0.05856584,0.77382196,479,2247,0.14822547,0.20783267,-0.05960720,0.71319621,0.75104578
d1,bear,20,rci_strong_bear,2087,13230,0.79348347,0.77815571,0.01532776,1.01969755,295,3461,0.71864407,0.76740826,-0.04876420,0.93645599,238,2488,0.54201681,0.73954984,-0.19753303,0.73290099,0.75040011
d1,bull,20,gap_proxy_up,152,15165,0.81578947,0.79551599,0.02027348,1.02548470,34,3722,,,,,19,2707,,,,,0.75010006
d1,bear,1,horizontal_break_down,450,14867,0.27555556,0.25203471,0.02352085,1.09332384,76,3680,,,,,63,2663,,,,,0.74991059
d1,bear,10,rci_strong_bear,2087,13230,0.71873503,0.69108088,0.02765415,1.04001579,295,3461,0.60677966,0.67870558,-0.07192592,0.89402486,238,2488,0.46218487,0.63464630,-0.17246143,0.72825584,0.74595380
d1,bear,10,span_model_bear,4699,10618,0.66822728,0.70663025,-0.03840297,0.94565338,960,2796,0.67812500,0.67131617,0.00680883,1.01014251,691,2035,0.46020260,0.67371007,-0.21350747,0.68308702,0.74275447
h4,bull,1,fib_time_13,6117,73342,0.05133235,0.04972594,0.00160641,1.03230529,1507,18069,0.04910418,0.05235486,-0.00325068,0.93791061,1075,12916,0.02325581,0.03251781,-0.00926199,0.71517165,0.73117324
d1,bear,10,sma200_bear,5740,9577,0.66358885,0.71358463,-0.04999578,0.92993714,1511,2245,0.67968233,0.66859688,0.01108545,1.01658017,852,1874,0.45187793,0.69583778,-0.24395985,0.64940126,0.72931868
d1,bull,1,elliott_impulse_bull,1384,13933,0.26156069,0.25292471,0.00863598,1.03414448,356,3400,0.22471910,0.25323529,-0.02851619,0.88739250,278,2448,0.14388489,0.20343137,-0.05954648,0.70728959,0.72905245
h4,bull,1,sma_stack_bull,25555,53904,0.04934455,0.05008905,-0.00074450,0.98513655,7348,12228,0.04286881,0.05765456,-0.01478576,0.74354579,5002,8989,0.02299080,0.03671154,-0.01372073,0.62625556,0.72284120
h4,bull,1,sma50_bull,40976,38483,0.04773526,0.05210093,-0.00436567,0.91620748,10733,8843,0.04602627,0.05948208,-0.01345580,0.77378392,7844,6147,0.02294748,0.04311046,-0.02016298,0.53229484,0.72147895
h4,bull,1,fib_above500,41367,38092,0.04871032,0.05108684,-0.00237652,0.95348083,10924,8652,0.04577078,0.06010171,-0.01433093,0.76155536,8036,5955,0.02289696,0.04382872,-0.02093175,0.52241923,0.71989083
h4,bull,1,fib_arc_bull,41367,38092,0.04871032,0.05108684,-0.00237652,0.95348083,10924,8652,0.04577078,0.06010171,-0.01433093,0.76155536,8036,5955,0.02289696,0.04382872,-0.02093175,0.52241923,0.71989083
d1,bear,20,sma_stack_bear,3332,11985,0.74699880,0.78948686,-0.04248806,0.94618269,832,2924,0.78125000,0.75854993,0.02270007,1.02992561,424,2302,0.51886792,0.75977411,-0.24090618,0.68292393,0.71835143
d1,bear,1,horizontal_support_near,752,14565,0.24468085,0.25314109,-0.00846024,0.96657895,133,3623,0.32330827,0.25172509,0.07158318,1.28437047,99,2627,,,,,0.71582375
h4,bear,6,vertical_week_open,2497,76962,0.23988787,0.29044204,-0.05055417,0.82594059,624,18952,0.24519231,0.27944280,-0.03425050,0.87743290,444,13547,0.16891892,0.23820772,-0.06928880,0.70912445,0.71573125
h4,bear,1,superbb_squeeze,17574,61885,0.04472516,0.05686354,-0.01213838,0.78653500,4532,15044,0.05030891,0.06108748,-0.01077856,0.82355529,2990,11001,0.03076923,0.04663212,-0.01586289,0.65982906,0.71155753
d1,bear,5,sma200_bear,5740,9577,0.55139373,0.60071003,-0.04931631,0.91790331,1511,2245,0.56187955,0.53986637,0.02201318,1.04077524,852,1874,0.35328638,0.56350053,-0.21021415,0.62694951,0.70969689
h4,bull,1,sma200_bull,40478,38981,0.04884135,0.05089659,-0.00205524,0.95961921,11933,7643,0.04634208,0.06110166,-0.01475959,0.75844217,7926,6065,0.02245773,0.04402308,-0.02156535,0.51013542,0.70608125
h4,bull,1,ichimoku_bull,36107,43352,0.04752541,0.05178538,-0.00425997,0.91773791,9542,10034,0.04506393,0.05880008,-0.01373615,0.76639229,6955,7036,0.02228613,0.04121660,-0.01893048,0.54070750,0.70068579
d1,bear,5,rci_strong_bear,2087,13230,0.58792525,0.58133031,0.00659494,1.01134457,295,3461,0.42711864,0.55908697,-0.13196833,0.76395743,238,2488,0.34873950,0.51205788,-0.16331838,0.68105484,0.70056291
h4,bull,12,gap_proxy_up,391,79068,0.47058824,0.44274548,0.02784275,1.06288658,120,19456,0.45000000,0.42490748,0.02509252,1.05905407,75,13916,,,,,0.69946257
h4,bear,1,gap_proxy_down,1372,78087,0.05029155,0.05424719,-0.00395564,0.92708118,391,19185,0.09207161,0.05790983,0.03416179,1.58991347,298,13693,0.03020134,0.04352589,-0.01332455,0.69387077,0.69842476
d1,bear,3,sma200_bear,5740,9577,0.44965157,0.49138561,-0.04173404,0.91506865,1511,2245,0.46988749,0.44187082,0.02801667,1.06340466,852,1874,0.28755869,0.46905016,-0.18149147,0.61306596,0.69740656
h4,bull,6,gap_proxy_up,391,79068,0.28388747,0.29249507,-0.00860760,0.97057181,120,19456,0.28333333,0.28330592,0.00002741,1.00009676,75,13916,,,,,0.69455787
h4,bull,1,nr7,12186,67273,0.02831118,0.05375113,-0.02543996,0.52670846,3004,16572,0.03561917,0.05509293,-0.01947375,0.64652898,2086,11905,0.02205177,0.03351533,-0.01146356,0.65796082,0.69331768
d1,bull,5,squeeze_release_up,110,15207,0.60000000,0.60899586,-0.00899586,0.98522838,36,3720,,,,,36,2690,,,,,0.68749099
h4,bull,1,span_model_bull,28615,50844,0.04759741,0.05111714,-0.00351973,0.93114387,7432,12144,0.04467169,0.05665349,-0.01198180,0.78850727,5549,8442,0.02162552,0.03849799,-0.01687247,0.56173115,0.67991601
d1,bear,3,rci_strong_bear,2087,13230,0.47101102,0.47649282,-0.00548180,0.98849553,295,3461,0.36949153,0.46027160,-0.09078007,0.80276847,238,2488,0.27731092,0.42524116,-0.14793023,0.65212626,0.67255301
d1,bear,10,sma_stack_bear,3332,11985,0.65666267,0.70546516,-0.04880250,0.93082224,832,2924,0.68750000,0.66894665,0.01855335,1.02773517,424,2302,0.41273585,0.65768897,-0.24495312,0.62755477,0.66614442
h4,bull,3,gap_proxy_up,391,79068,0.17391304,0.16046947,0.01344357,1.08377652,120,19456,0.20833333,0.16411390,0.04421944,1.26944357,75,13916,,,,,0.66386714
h4,bull,1,dmi_adx_bull,15804,63655,0.05144267,0.04945409,0.00198858,1.04021072,3610,15966,0.04404432,0.05392710,-0.00988277,0.81673825,2426,11565,0.02102226,0.03406831,-0.01304605,0.61706199,0.66094927
h4,bull,1,inside_bar,13185,66274,0.03640501,0.05252437,-0.01611936,0.69310697,3015,16561,0.04079602,0.05416340,-0.01336738,0.75320277,2227,11764,0.02065559,0.03391704,-0.01326144,0.60900342,0.64942105
d1,bull,1,elliott_wave5_bull,1101,14216,0.26702997,0.25267304,0.01435693,1.05682018,285,3471,0.21754386,0.25324114,-0.03569728,0.85903838,219,2507,0.12785388,0.20343039,-0.07557651,0.62848957,0.64782468
h4,bull,1,nr4,22625,56834,0.02603315,0.05933068,-0.03329753,0.43878055,5385,14191,0.03528319,0.05848777,-0.02320458,0.60325760,3857,10134,0.02022297,0.03621472,-0.01599175,0.55841850,0.63581930
d1,bear,5,sma_stack_bear,3332,11985,0.54171669,0.59349186,-0.05177518,0.91276177,832,2924,0.58653846,0.53796170,0.04857677,1.09029781,424,2302,0.31367925,0.53171156,-0.21803231,0.58994250,0.63013237
h4,bull,1,fib_above382,33299,46160,0.04828974,0.05097487,-0.00268513,0.94732441,8906,10670,0.04614866,0.05707591,-0.01092725,0.80854884,6537,7454,0.02003977,0.04212503,-0.02208526,0.47572125,0.63005949
h4,bull,1,fib_fan_up,33299,46160,0.04828974,0.05097487,-0.00268513,0.94732441,8906,10670,0.04614866,0.05707591,-0.01092725,0.80854884,6537,7454,0.02003977,0.04212503,-0.02208526,0.47572125,0.63005949
d1,bear,1,sma200_bear,5740,9577,0.23205575,0.26511434,-0.03305859,0.87530441,1511,2245,0.27531436,0.24008909,0.03522527,1.14671752,852,1874,0.13028169,0.24866596,-0.11838427,0.52392250,0.61550760
h4,bull,1,rci_cross_up,2910,76549,0.04707904,0.04995493,-0.00287589,0.94243025,694,18882,0.05331412,0.05206016,0.00125396,1.02408671,526,13465,0.01901141,0.03230598,-0.01329457,0.58847952,0.59772718
d1,bull,5,triangle_breakout_up,89,15228,,,,,15,3741,,,,,12,2714,,,,,0.58927799
d1,bear,3,sma_stack_bear,3332,11985,0.44447779,0.48443888,-0.03996109,0.91751056,832,2924,0.51201923,0.43638851,0.07563072,1.17331053,424,2302,0.24292453,0.44352737,-0.20060284,0.54771035,0.58915682
d1,bear,1,rci_strong_bear,2087,13230,0.24868232,0.25336357,-0.00468125,0.98152359,295,3461,0.24067797,0.25541751,-0.01473954,0.94229235,238,2488,0.12184874,0.22025723,-0.09840850,0.55321107,0.57566666
d1,bull,3,triangle_breakout_up,89,15228,,,,,15,3741,,,,,12,2714,,,,,0.56697171
d1,bear,10,squeeze_release_down,81,15236,,,,,22,3734,,,,,15,2711,,,,,0.53799092
d1,bull,1,gap_proxy_up,152,15165,0.26973684,0.25354435,0.01619250,1.06386455,34,3722,,,,,19,2707,,,,,0.53335942
d1,bull,3,gap_proxy_up,152,15165,0.55921053,0.49792285,0.06128768,1.12308669,34,3722,,,,,19,2707,,,,,0.47744986
d1,bear,1,sma_stack_bear,3332,11985,0.22118848,0.26149353,-0.04030506,0.84586595,832,2924,0.30889423,0.23871409,0.07018014,1.29399245,424,2302,0.09905660,0.23240660,-0.13335000,0.42622113,0.46798666
d1,bull,5,gap_proxy_up,152,15165,0.66447368,0.60837455,0.05609914,1.09221151,34,3722,,,,,19,2707,,,,,0.46521947
d1,bull,1,triangle_breakout_up,89,15228,,,,,15,3741,,,,,12,2714,,,,,0.42224287
h4,bull,1,gap_proxy_up,391,79068,0.05882353,0.04980523,0.00901830,1.18107131,120,19456,0.06666667,0.05201480,0.01465186,1.28168643,75,13916,,,,,0.41920599
d1,bull,10,gap_proxy_up,152,15165,0.76315789,0.71533136,0.04782654,1.06685928,34,3722,,,,,19,2707,,,,,0.38526768
h4,bear,6,triangle_breakout_down,194,79265,0.27319588,0.28889169,-0.01569582,0.94566886,42,19534,,,,,22,13969,,,,,0.38519355
h4,bear,3,triangle_breakout_down,194,79265,0.15979381,0.16528102,-0.00548720,0.96680076,42,19534,,,,,22,13969,,,,,0.33809386
d1,bear,1,squeeze_release_down,81,15236,,,,,22,3734,,,,,15,2711,,,,,0.31496245
d1,bear,5,squeeze_release_down,81,15236,,,,,22,3734,,,,,15,2711,,,,,0.26784574
d1,bear,3,squeeze_release_down,81,15236,,,,,22,3734,,,,,15,2711,,,,,0.16168446
h4,bear,1,triangle_breakout_down,194,79265,0.07216495,0.05413486,0.01803008,1.33305864,42,19534,,,,,22,13969,,,,,0.00000000
d1,bear,1,triangle_breakout_down,49,15268,,,,,10,3746,,,,,6,2720,,,,,0.00000000
d1,bear,3,triangle_breakout_down,49,15268,,,,,10,3746,,,,,6,2720,,,,,0.00000000
d1,bear,5,triangle_breakout_down,49,15268,,,,,10,3746,,,,,6,2720,,,,,0.00000000
d1,bear,10,triangle_breakout_down,49,15268,,,,,10,3746,,,,,6,2720,,,,,0.00000000
d1,bear,20,triangle_breakout_down,49,15268,,,,,10,3746,,,,,6,2720,,,,,0.00000000
h4,bull,1,fib_retrace38_bull,0,79459,,,,,0,19576,,,,,0,13991,,,,,
h4,bull,1,fib_retrace62_bull,0,79459,,,,,0,19576,,,,,0,13991,,,,,
h4,bull,1,range_expansion,0,79459,,,,,0,19576,,,,,0,13991,,,,,
h4,bull,3,fib_retrace38_bull,0,79459,,,,,0,19576,,,,,0,13991,,,,,
h4,bull,3,fib_retrace62_bull,0,79459,,,,,0,19576,,,,,0,13991,,,,,
h4,bull,3,range_expansion,0,79459,,,,,0,19576,,,,,0,13991,,,,,
h4,bull,6,fib_retrace38_bull,0,79459,,,,,0,19576,,,,,0,13991,,,,,
h4,bull,6,fib_retrace62_bull,0,79459,,,,,0,19576,,,,,0,13991,,,,,
h4,bull,6,range_expansion,0,79459,,,,,0,19576,,,,,0,13991,,,,,
h4,bull,12,fib_retrace38_bull,0,79459,,,,,0,19576,,,,,0,13991,,,,,
h4,bull,12,fib_retrace62_bull,0,79459,,,,,0,19576,,,,,0,13991,,,,,
h4,bull,12,range_expansion,0,79459,,,,,0,19576,,,,,0,13991,,,,,
h4,bull,24,fib_retrace38_bull,0,79459,,,,,0,19576,,,,,0,13991,,,,,
h4,bull,24,fib_retrace62_bull,0,79459,,,,,0,19576,,,,,0,13991,,,,,
h4,bull,24,range_expansion,0,79459,,,,,0,19576,,,,,0,13991,,,,,
h4,bear,1,fib_retrace38_bear,0,79459,,,,,0,19576,,,,,0,13991,,,,,
h4,bear,1,fib_retrace62_bear,0,79459,,,,,0,19576,,,,,0,13991,,,,,
h4,bear,1,range_expansion,0,79459,,,,,0,19576,,,,,0,13991,,,,,
h4,bear,3,fib_retrace38_bear,0,79459,,,,,0,19576,,,,,0,13991,,,,,
h4,bear,3,fib_retrace62_bear,0,79459,,,,,0,19576,,,,,0,13991,,,,,
h4,bear,3,range_expansion,0,79459,,,,,0,19576,,,,,0,13991,,,,,
h4,bear,6,fib_retrace38_bear,0,79459,,,,,0,19576,,,,,0,13991,,,,,
h4,bear,6,fib_retrace62_bear,0,79459,,,,,0,19576,,,,,0,13991,,,,,
h4,bear,6,range_expansion,0,79459,,,,,0,19576,,,,,0,13991,,,,,
h4,bear,12,fib_retrace38_bear,0,79459,,,,,0,19576,,,,,0,13991,,,,,
h4,bear,12,fib_retrace62_bear,0,79459,,,,,0,19576,,,,,0,13991,,,,,
h4,bear,12,range_expansion,0,79459,,,,,0,19576,,,,,0,13991,,,,,
h4,bear,24,fib_retrace38_bear,0,79459,,,,,0,19576,,,,,0,13991,,,,,
h4,bear,24,fib_retrace62_bear,0,79459,,,,,0,19576,,,,,0,13991,,,,,
h4,bear,24,range_expansion,0,79459,,,,,0,19576,,,,,0,13991,,,,,
d1,bull,1,fib_retrace38_bull,0,15317,,,,,0,3756,,,,,0,2726,,,,,
d1,bull,1,fib_retrace62_bull,0,15317,,,,,0,3756,,,,,0,2726,,,,,
d1,bull,1,range_expansion,0,15317,,,,,0,3756,,,,,0,2726,,,,,
d1,bull,3,fib_retrace38_bull,0,15317,,,,,0,3756,,,,,0,2726,,,,,
d1,bull,3,fib_retrace62_bull,0,15317,,,,,0,3756,,,,,0,2726,,,,,
d1,bull,3,range_expansion,0,15317,,,,,0,3756,,,,,0,2726,,,,,
d1,bull,5,fib_retrace38_bull,0,15317,,,,,0,3756,,,,,0,2726,,,,,
d1,bull,5,fib_retrace62_bull,0,15317,,,,,0,3756,,,,,0,2726,,,,,
d1,bull,5,range_expansion,0,15317,,,,,0,3756,,,,,0,2726,,,,,
d1,bull,10,fib_retrace38_bull,0,15317,,,,,0,3756,,,,,0,2726,,,,,
d1,bull,10,fib_retrace62_bull,0,15317,,,,,0,3756,,,,,0,2726,,,,,
d1,bull,10,range_expansion,0,15317,,,,,0,3756,,,,,0,2726,,,,,
d1,bull,20,fib_retrace38_bull,0,15317,,,,,0,3756,,,,,0,2726,,,,,
d1,bull,20,fib_retrace62_bull,0,15317,,,,,0,3756,,,,,0,2726,,,,,
d1,bull,20,range_expansion,0,15317,,,,,0,3756,,,,,0,2726,,,,,
d1,bear,1,fib_retrace38_bear,0,15317,,,,,0,3756,,,,,0,2726,,,,,
d1,bear,1,fib_retrace62_bear,0,15317,,,,,0,3756,,,,,0,2726,,,,,
d1,bear,1,range_expansion,0,15317,,,,,0,3756,,,,,0,2726,,,,,
d1,bear,3,fib_retrace38_bear,0,15317,,,,,0,3756,,,,,0,2726,,,,,
d1,bear,3,fib_retrace62_bear,0,15317,,,,,0,3756,,,,,0,2726,,,,,
d1,bear,3,range_expansion,0,15317,,,,,0,3756,,,,,0,2726,,,,,
d1,bear,5,fib_retrace38_bear,0,15317,,,,,0,3756,,,,,0,2726,,,,,
d1,bear,5,fib_retrace62_bear,0,15317,,,,,0,3756,,,,,0,2726,,,,,
d1,bear,5,range_expansion,0,15317,,,,,0,3756,,,,,0,2726,,,,,
d1,bear,10,fib_retrace38_bear,0,15317,,,,,0,3756,,,,,0,2726,,,,,
d1,bear,10,fib_retrace62_bear,0,15317,,,,,0,3756,,,,,0,2726,,,,,
d1,bear,10,range_expansion,0,15317,,,,,0,3756,,,,,0,2726,,,,,
d1,bear,20,fib_retrace38_bear,0,15317,,,,,0,3756,,,,,0,2726,,,,,
d1,bear,20,fib_retrace62_bear,0,15317,,,,,0,3756,,,,,0,2726,,,,,
d1,bear,20,range_expansion,0,15317,,,,,0,3756,,,,,0,2726,,,,,
