timeframe,direction,horizon_bars,conditions,discovery_samples,discovery_hit_rate,discovery_lift,validation_samples,validation_hit_rate,validation_lift,validation_wilson95_lower,oos_samples,oos_hit_rate,oos_lift,oos_wilson95_lower
h4,bull,1,atr_expand+mtf_volatility,1172,0.13993174,2.80707806,192,0.16145833,3.09873366,0.11613945,172,0.14534884,4.56983277,0.10042961
h4,bull,1,macd_cross_up+mtf_trend_bull+structure_breakout20_up,238,0.10084034,2.02289126,54,0.05555556,1.06623094,0.01907327,43,0.02325581,0.73117324,0.00411709
h4,bull,1,atr_expand+mtf_trend_bull+range_expand,1627,0.10079902,2.02206237,292,0.08904110,1.70889068,0.06148793,292,0.10273973,3.23018316,0.07291798
h4,bull,1,atr_expand+mtf_price200_bull+range_expand,2102,0.10038059,2.01366859,355,0.07605634,1.45968517,0.05279422,368,0.08695652,2.73395213,0.06226796
h4,bull,1,adx_up3+mtf_trend_bull+range_expand,2232,0.09946237,1.99524870,521,0.07869482,1.51032328,0.05853690,568,0.06161972,1.93735164,0.04463705
h4,bull,1,atr_expand+mtf_adx25,1886,0.09915164,1.98901552,283,0.06007067,1.15288575,0.03783994,262,0.09541985,3.00004289,0.06546883
h4,bull,1,mtf_volatility+range_expand,8716,0.09866911,1.97933581,1628,0.11732187,2.25165968,0.10258327,1480,0.07229730,2.27305952,0.06018102
h4,bull,1,bb_expand+mtf_trend_bull+range_expand,3271,0.09721798,1.95022549,800,0.08250000,1.58335294,0.06537159,756,0.04497354,1.41398847,0.03235973
h4,bull,1,adx_cross25_up+atr_expand,196,0.09693878,1.94462463,38,0.05263158,1.01011352,0.01455421,38,0.07894737,2.48214075,0.02721460
h4,bull,1,adx25+atr_expand,2444,0.09656301,1.93708668,473,0.08245243,1.58244000,0.06090060,347,0.06051873,1.90273613,0.03992031
h4,bull,1,adx_up3+atr_expand,1626,0.09594096,1.92460810,337,0.07121662,1.36680049,0.04832126,330,0.08787879,2.76294859,0.06188288
h4,bull,1,bb_expand+mtf_price200_bull+range_expand,4351,0.09446104,1.89492049,1020,0.07254902,1.39237216,0.05818321,999,0.04604605,1.44770838,0.03469737
h4,bull,1,adx_up3+mtf_price200_bull+range_expand,2860,0.09405594,1.88679406,673,0.07280832,1.39734872,0.05550927,708,0.06073446,1.90951882,0.04539995
h4,bull,1,volatility+atr_expand,2864,0.09287709,1.86314595,605,0.10413223,1.99852212,0.08224061,491,0.07739308,2.43327307,0.05690261
h4,bull,1,price200_cross_up+mtf_price20_bull+structure_breakout20_up,151,0.09271523,1.85989892,43,0.09302326,1.78531692,0.03677164,28,0.10714286,3.36861958,0.03711837
h4,bull,1,atr_expand+mtf_trend_bull,2370,0.09156118,1.83674827,379,0.08970976,1.72172383,0.06490692,401,0.09476309,2.97939421,0.06982005
h4,bull,1,price200_cross_up+mtf_price200_bull+range_expand,515,0.09126214,1.83074932,110,0.06363636,1.22131907,0.03116452,102,0.03921569,1.23295880,0.01535407
h4,bull,1,volatility+mtf_volatility,9620,0.09116424,1.82878552,1647,0.13418336,2.57526816,0.11857047,1395,0.07956989,2.50171318,0.06649567
h4,bull,1,breakout20_up+mtf_volatility,1437,0.09116214,1.82874344,272,0.08823529,1.69342561,0.06001007,264,0.06818182,2.14366701,0.04356005
h4,bull,1,mtf_volatility+structure_breakout20_up,1437,0.09116214,1.82874344,272,0.08823529,1.69342561,0.06001007,264,0.06818182,2.14366701,0.04356005
h4,bull,1,atr_expand+mtf_adx_rising+range_expand,1729,0.09080393,1.82155761,342,0.07894737,1.51517028,0.05482222,244,0.09426230,2.96364892,0.06363413
h4,bull,1,breakout20_up+mtf_trend_bull+range_expand,1477,0.09072444,1.81996299,366,0.08469945,1.62556520,0.06031036,304,0.02631579,0.82738025,0.01339368
h4,bull,1,atr_expand+mtf_price200_bull,3055,0.09001637,1.80575877,460,0.07826087,1.50199488,0.05706318,513,0.07602339,2.39020961,0.05610902
h4,bull,1,mtf_volatility+impulse_bull,4049,0.08989874,1.80339915,758,0.10686016,2.05087692,0.08681580,731,0.07797538,2.45158087,0.06066984
h4,bull,1,rsi_cross55_up+breakout20_up,547,0.08957952,1.79699557,136,0.08823529,1.69342561,0.05119459,102,0.07843137,2.46591760,0.04027669
h4,bull,1,rsi_cross55_up+structure_breakout20_up,547,0.08957952,1.79699557,136,0.08823529,1.69342561,0.05119459,102,0.07843137,2.46591760,0.04027669
h4,bull,1,atr_expand+mtf_price200_bull+structure_hh,985,0.08934010,1.79219266,166,0.11445783,2.19669265,0.07451044,121,0.04132231,1.29919213,0.01777749
h4,bull,1,atr_expand+bb_expand,2638,0.08908264,1.78702786,511,0.06849315,1.31453129,0.04965789,470,0.07234043,2.27441549,0.05222650
h4,bull,1,bb_expand+mtf_adx_rising+range_expand,3355,0.08882265,1.78181246,786,0.06997455,1.34296263,0.05415270,611,0.04909984,1.54372092,0.03460677
h4,bull,1,breakout20_up+mtf_trend_bull+impulse_bull,1736,0.08870968,1.77954614,415,0.07951807,1.52612332,0.05717936,356,0.03089888,0.97147456,0.01733942
h4,bull,1,breakout20_up+mtf_price200_bull+range_expand,2086,0.08772771,1.75984751,493,0.07707911,1.47931432,0.05666964,456,0.03289474,1.03422531,0.02003424
h4,bull,1,price200_cross_up+mtf_price20_bull+range_expand,365,0.08767123,1.75871459,100,0.02000000,0.38384314,0.00550197,66,0.07575758,2.38185223,0.03279204
h4,bull,1,atr_expand+mtf_rsi60,1369,0.08765522,1.75839342,197,0.08629442,1.65617597,0.05457499,194,0.06701031,2.10683424,0.03957597
h4,bull,1,bb_expand+mtf_volatility,5030,0.08727634,1.75079294,996,0.11244980,2.15815419,0.09430021,903,0.06644518,2.08906641,0.05196801
h4,bull,1,macd_cross_up+mtf_di_strong_bull+structure_breakout20_up,298,0.08724832,1.75023086,69,0.08695652,1.66888321,0.04046362,46,0.02173913,0.68348803,0.00384785
h4,bull,1,atr_expand+mtf_adx_rising+structure_hh,828,0.08695652,1.74437724,158,0.07594937,1.45763217,0.04397745,87,0.06896552,2.16830686,0.03198884
h4,bull,1,adx_up3+mtf_adx_rising+range_expand,2612,0.08690658,1.74337550,648,0.08024691,1.54011135,0.06171863,510,0.06666667,2.09602996,0.04809649
h4,bull,1,price200_cross_up+mtf_price200_bull+structure_hh,415,0.08674699,1.74017392,92,0.07608696,1.46027280,0.03734356,95,0.03157895,0.99285630,0.01079714
h4,bull,1,rsi_up1+mtf_volatility,4734,0.08618504,1.72890115,931,0.09774436,1.87592511,0.08028907,859,0.06519208,2.04966842,0.05054273
h4,bull,1,bb_expand+mtf_di_strong_bull+range_expand,2888,0.08587258,1.72263293,696,0.06752874,1.29602209,0.05116032,535,0.04112150,1.29287829,0.02731055
h4,bull,1,atr_expand+mtf_trend_bull+impulse_bull,735,0.08571429,1.71945757,122,0.06557377,1.25850209,0.03359887,112,0.06250000,1.96502809,0.03060192
h4,bull,1,price200_cross_up+mtf_macd_bull+structure_breakout20_up,175,0.08571429,1.71945757,46,0.04347826,0.83444160,0.01200545,30,0.06666667,2.09602996,0.01847702
h4,bull,1,adx25+mtf_volatility,11278,0.08547615,1.71468045,1982,0.10645812,2.04316100,0.09363297,1979,0.06366852,2.00176687,0.05373380
h4,bull,1,adx_rising+atr_expand,3127,0.08538535,1.71285907,620,0.08709677,1.67157495,0.06736664,565,0.07256637,2.28151934,0.05393962
h4,bull,1,mtf_adx25+range_expand,11727,0.08527330,1.71061126,2417,0.05750931,1.10372768,0.04891081,2059,0.04759592,1.49643713,0.03921207
h4,bull,1,atr_expand+mtf_price200_bull+structure_breakout20_up,458,0.08515284,1.70819475,81,0.12345679,2.36940208,0.06846116,60,0.06666667,2.09602996,0.02622870
h4,bull,1,price200_cross_up+mtf_price200_bull+impulse_bull,611,0.08510638,1.70726283,147,0.03401361,0.65279445,0.01461442,121,0.02479339,0.77951528,0.00846731
h4,bull,1,mtf_adx25+mtf_volatility,11657,0.08501330,1.70539549,1838,0.06692057,1.28435000,0.05637615,2194,0.05879672,1.84859525,0.04970282
h4,bull,1,rsi_cross55_up+mtf_volatility,1025,0.08487805,1.70268237,194,0.10824742,2.07750152,0.07189759,186,0.09139785,2.87358946,0.05784765
h4,bull,1,price200_cross_up+mtf_price20_bull+structure_hh,295,0.08474576,1.70002867,75,0.05333333,1.02358170,0.02093343,58,0.06896552,2.16830686,0.02714425
h4,bull,1,price200_cross_up+mtf_trend_bull+range_expand,380,0.08421053,1.68929165,84,0.08333333,1.59934641,0.04095255,57,0.01754386,0.55158683,0.00310366
h4,bull,1,adx_up3+mtf_trend_bull+structure_breakout20_up,820,0.08414634,1.68800408,188,0.07446809,1.42920317,0.04487442,134,0.05970149,1.87704176,0.03055903
h4,bull,1,atr_expand+mtf_di_strong_bull+range_expand,1452,0.08402204,1.68551052,249,0.07630522,1.46446177,0.04939142,208,0.10576923,3.32543215,0.07089160
h4,bull,1,mtf_volatility+structure_hh,5538,0.08396533,1.68437293,1097,0.09206928,1.76700806,0.07635429,980,0.06122449,1.92492548,0.04785947
h4,bull,1,body_bull+mtf_volatility,3533,0.08378149,1.68068501,664,0.09337349,1.79203874,0.07352212,668,0.05089820,1.60026240,0.03664920
h4,bull,1,atr_expand+mtf_price200_bull+impulse_bull,955,0.08376963,1.68044719,147,0.06122449,1.17503001,0.03254150,150,0.05333333,1.67682397,0.02726954
h4,bull,1,bb_expand+mtf_trend_bull+structure_breakout20_up,1352,0.08357988,1.67664070,334,0.07185629,1.37907714,0.04875958,305,0.02622951,0.82466753,0.01334958
h4,bull,1,di_strong_bull+price200_cross_up,683,0.08345534,1.67414243,145,0.07586207,1.45595673,0.04288573,99,0.05050505,1.58790149,0.02176323
h4,bull,1,atr_expand+mtf_adx_rising+impulse_bull,828,0.08333333,1.67169486,145,0.08275862,1.58831643,0.04797375,105,0.07619048,2.39546281,0.03911065
h4,bull,1,breakout20_up+mtf_adx25,1818,0.08305831,1.66617771,335,0.06268657,1.20309043,0.04136304,370,0.04054054,1.27461282,0.02471959
h4,bull,1,mtf_adx25+structure_breakout20_up,1818,0.08305831,1.66617771,335,0.06268657,1.20309043,0.04136304,370,0.04054054,1.27461282,0.02471959
h4,bull,1,price20_cross_up+mtf_volatility,1290,0.08294574,1.66391953,245,0.10204082,1.95838335,0.07007593,221,0.07239819,2.27623163,0.04505190
h4,bull,1,atr_expand+mtf_di_strong_bull+structure_hh,736,0.08288043,1.66260956,129,0.13178295,2.52919897,0.08393284,83,0.04819277,1.51520238,0.01889862
h4,bull,1,price200_cross_up+mtf_trend_bull+structure_hh,290,0.08275862,1.66016593,72,0.09722222,1.86590414,0.04789632,45,0.02222222,0.69867665,0.00393360
h4,bull,1,atr_expand+mtf_di_strong_bull+structure_breakout20_up,375,0.08266667,1.65832130,75,0.16000000,3.07074510,0.09396514,48,0.08333333,2.62003745,0.03288376
h4,bull,1,bb_expand+mtf_trend_bull+impulse_bull,1730,0.08265896,1.65816669,418,0.06220096,1.19377052,0.04279780,394,0.03299492,1.03737524,0.01938205
h4,bull,1,breakout20_up+mtf_price200_bull+impulse_bull,2445,0.08261759,1.65733674,564,0.07092199,1.36114588,0.05251305,535,0.03738318,1.17534390,0.02432815
h4,bull,1,atr_expand+mtf_trend_bull+structure_breakout20_up,339,0.08259587,1.65690110,66,0.13636364,2.61711230,0.07343320,34,0.08823529,2.77415730,0.03046594
h4,bull,1,atr_expand+mtf_adx_rising,2496,0.08253205,1.65562087,458,0.07860262,1.50855381,0.05731476,371,0.08625337,2.71184470,0.06175890
h4,bull,1,atr_expand+mtf_price200_bull+close_near_high,862,0.08236659,1.65230165,127,0.08661417,1.66231280,0.04905186,140,0.05000000,1.57202247,0.02442827
h4,bull,1,adx25+di_cross_up,681,0.08223201,1.64960197,154,0.10389610,1.99399032,0.06496888,106,0.00943396,0.29660801,0.00166727
h4,bull,1,atr_expand+mtf_trend_bull+structure_hh,742,0.08221024,1.64916528,138,0.13043478,2.50332481,0.08412360,72,0.05555556,1.74669164,0.02181422
h4,bull,1,breakout20_up+mtf_di_strong_bull+range_expand,1657,0.08207604,1.64647315,394,0.07868020,1.51004280,0.05598100,293,0.03071672,0.96574759,0.01624274
h4,bull,1,adx_up3+range_expand,4973,0.08204303,1.64581098,1184,0.07770270,1.49128246,0.06378349,990,0.05757576,1.81020769,0.04470309
h4,bull,1,bb_expand+mtf_price20_bull+range_expand,3938,0.08202133,1.64537564,965,0.06839378,1.31262420,0.05411876,833,0.03601441,1.13230910,0.02534180
h4,bull,1,macd_cross_up+mtf_adx_rising+structure_breakout20_up,244,0.08196721,1.64429002,62,0.06451613,1.23820367,0.02537291,35,0.05714286,1.79659711,0.01581316
h4,bull,1,atr_expand+mtf_trend_bull+pullback_bull,806,0.08188586,1.64265797,123,0.08130081,1.56033796,0.04475887,126,0.07142857,2.24574639,0.03803114
h4,bull,1,atr_expand+range_expand,3434,0.08182877,1.64151283,688,0.08139535,1.56215230,0.06321198,510,0.07843137,2.46591760,0.05812465
h4,bull,1,atr_expand+mtf_price20_bull+range_expand,1902,0.08149317,1.63478046,333,0.06906907,1.32558441,0.04646201,303,0.08250825,2.59409649,0.05650931
h4,bull,1,rsi_cross55_up+price200_cross_up,381,0.08136483,1.63220600,97,0.09278351,1.78071559,0.04958322,53,0.03773585,1.18643205,0.01041029
h4,bull,3,atr_expand+mtf_volatility,1172,0.29266212,1.82303536,192,0.34375000,2.09112803,0.28022437,172,0.25000000,2.07458482,0.19122773
h4,bull,3,adx_up3+mtf_trend_bull+structure_breakout20_up,820,0.25000000,1.55728677,188,0.19680851,1.19724158,0.14629192,134,0.15671642,1.30048600,0.10484593
h4,bull,3,adx_cross25_up+atr_expand,196,0.24489796,1.52550540,38,0.07894737,0.48025907,0.02721460,38,0.21052632,1.74701879,0.11074792
h4,bull,3,mtf_adx25+mtf_volatility,11657,0.23436562,1.45989790,1838,0.20130577,1.22459966,0.18360596,2194,0.19234275,1.59612542,0.17639383
h4,bull,3,adx_up3+mtf_trend_bull+structure_hh,1590,0.23207547,1.44563224,380,0.17631579,1.07257859,0.14129385,259,0.13127413,1.08935728,0.09548341
h4,bull,3,volatility+mtf_volatility,9620,0.23160083,1.44267564,1647,0.32240437,1.96127656,0.30026724,1395,0.23082437,1.91545896,0.20947027
h4,bull,3,adx_up3+mtf_trend_bull+range_expand,2232,0.23073477,1.43728080,521,0.19769674,1.20264491,0.16576518,568,0.16021127,1.32948745,0.13234368
h4,bull,3,adx_up3+atr_expand,1626,0.22755228,1.41745659,337,0.19584570,1.19138452,0.15700375,330,0.19090909,1.58422841,0.15215703
h4,bull,3,body_bull+mtf_volatility,3533,0.22615341,1.40874286,664,0.25000000,1.52082039,0.21856587,668,0.19610778,1.62736893,0.16777166
h4,bull,3,adx25+mtf_volatility,11278,0.22468523,1.39959733,1982,0.26337033,1.60215589,0.24445025,1979,0.21374432,1.77372284,0.19624635
h4,bull,3,breakout20_up+mtf_trend_bull+impulse_bull,1736,0.22465438,1.39940516,415,0.18554217,1.12870525,0.15108593,356,0.15730337,1.30535674,0.12316620
h4,bull,3,mtf_volatility+impulse_bull,4049,0.22375895,1.39382742,758,0.25593668,1.55693485,0.22615536,731,0.21477428,1.78226986,0.18653590
h4,bull,3,breakout20_up+mtf_volatility,1437,0.22338205,1.39147962,272,0.22058824,1.34190034,0.17539294,264,0.18939394,1.57165516,0.14671352
h4,bull,3,mtf_volatility+structure_breakout20_up,1437,0.22338205,1.39147962,272,0.22058824,1.34190034,0.17539294,264,0.18939394,1.57165516,0.14671352
h4,bull,3,adx_up3+mtf_trend_bull+impulse_bull,1147,0.22319093,1.39028915,256,0.19921875,1.21190374,0.15489814,280,0.21071429,1.74857863,0.16702492
h4,bull,3,mtf_price200_bull+mtf_volatility,12886,0.22287754,1.38833698,2129,0.19210897,1.16865296,0.17593498,2553,0.20368194,1.69022186,0.18851033
h4,bull,3,macd_cross_up+mtf_trend_bull+structure_breakout20_up,238,0.22268908,1.38716300,54,0.12962963,0.78857353,0.06423721,43,0.18604651,1.54387707,0.09741751
h4,bull,3,mtf_volatility+pullback_bull,9884,0.22258195,1.38649571,1962,0.24974516,1.51927011,0.23109301,1706,0.19695193,1.63437397,0.17877007
h4,bull,3,mtf_trend_bull+mtf_volatility,10188,0.21996466,1.37019224,1648,0.19053398,1.15907185,0.17230133,1919,0.19332986,1.60431676,0.17628071
h4,bull,3,bb_expand+mtf_volatility,5030,0.21988072,1.36966932,996,0.27108434,1.64908235,0.24439653,903,0.20487265,1.70010273,0.17982415
h4,bull,3,adx_up3+mtf_trend_bull+close_near_high,1492,0.21983914,1.36941035,353,0.18130312,1.10291790,0.14461326,371,0.18598383,1.54335690,0.14968138
h4,bull,3,body_expand+mtf_volatility,6625,0.21871698,1.36242024,1278,0.25821596,1.57080040,0.23497101,1136,0.19278169,1.59976787,0.17089268
h4,bull,3,rsi_up1+mtf_volatility,4734,0.21715251,1.35267494,931,0.25993555,1.58126115,0.23278917,859,0.21769499,1.80650692,0.19138756
h4,bull,3,adx_up3+mtf_price200_bull+structure_breakout20_up,1182,0.21573604,1.34385152,283,0.19081272,1.16076750,0.14929213,203,0.13300493,1.10372000,0.09304386
h4,bull,3,price20_cross_up+mtf_volatility,1290,0.21550388,1.34240534,245,0.25714286,1.56427240,0.20645932,221,0.19004525,1.57705995,0.14378573
h4,bull,3,mtf_trend_bull+breakout20_up+cross_group_bull,1425,0.21543860,1.34199870,361,0.18559557,1.12903009,0.14887556,316,0.17721519,1.47059177,0.13906485
h4,bull,3,breakout20_up+mtf_trend_bull+range_expand,1477,0.21530129,1.34114338,366,0.18579235,1.13022717,0.14928291,304,0.14802632,1.22837259,0.11250564
h4,bull,3,adx_up3+mtf_price200_bull+range_expand,2860,0.21503497,1.33948442,673,0.17682021,1.07564711,0.14985391,708,0.15395480,1.27756918,0.12924410
h4,bull,3,adx_up3+mtf_volatility,4001,0.21419645,1.33426119,705,0.29219858,1.77752624,0.25982712,753,0.21381142,1.77427971,0.18601839
h4,bull,3,bb_expand+mtf_trend_bull+structure_breakout20_up,1352,0.21375740,1.33152626,334,0.16167665,0.98352456,0.12607819,305,0.13770492,1.14272213,0.10351684
h4,bull,3,rsi_up3+mtf_volatility,5637,0.21270179,1.32495074,1083,0.26962142,1.64018302,0.24404062,974,0.20636550,1.71249096,0.18212738
h4,bull,3,volatility+mtf_trend_bull,11318,0.21213995,1.32145097,2559,0.18679172,1.13630660,0.17216466,2160,0.18240741,1.51367855,0.16669006
h4,bull,3,di_spread_up3+mtf_volatility,5950,0.21193277,1.32016041,1112,0.27068345,1.64664365,0.24539128,1013,0.21026654,1.74486304,0.18629071
h4,bull,3,bb_expand+mtf_trend_bull+range_expand,3271,0.21186182,1.31971841,800,0.19125000,1.16342759,0.16549788,756,0.14021164,1.16352376,0.11727632
h4,bull,3,macd_rising+mtf_volatility,11659,0.21168196,1.31859808,2141,0.26623073,1.61955651,0.24793966,1977,0.20839656,1.72934536,0.19106676
h4,bull,3,macd_accel_up+mtf_volatility,11659,0.21168196,1.31859808,2141,0.26623073,1.61955651,0.24793966,1977,0.20839656,1.72934536,0.19106676
h4,bull,3,mtf_adx_rising+mtf_volatility,10972,0.21153846,1.31770419,2008,0.24402390,1.48446611,0.22573816,1945,0.20925450,1.73646482,0.19175860
h4,bull,3,di_cross_up+mtf_volatility,904,0.21128319,1.31611404,185,0.21081081,1.28242151,0.15822188,151,0.19205298,1.59372079,0.13717929
h4,bull,3,mtf_volatility,22922,0.21093273,1.31393099,4310,0.24756381,1.50600033,0.23490727,3968,0.19480847,1.61658676,0.18278308
h4,bull,3,atr_expand+mtf_trend_bull+range_expand,1627,0.21081746,1.31321293,292,0.21232877,1.29165567,0.16931364,292,0.19863014,1.64830026,0.15691232
h4,bull,3,mtf_volatility+structure_hl,11891,0.21074762,1.31277795,2208,0.24637681,1.49877951,0.22885430,2082,0.18683958,1.55045820,0.17067892
h4,bull,3,mtf_macd_rising+mtf_volatility,11795,0.21068249,1.31237223,2278,0.23617208,1.43670126,0.21918378,2197,0.18297679,1.51840345,0.16736708
h4,bull,3,breakout20_up+mtf_price200_bull+impulse_bull,2445,0.21063395,1.31206983,564,0.17198582,1.04623814,0.14308719,535,0.14953271,1.24087316,0.12181749
h4,bull,3,breakout20_up+mtf_trend_bull+structure_hl,2116,0.21030246,1.31000494,528,0.16666667,1.01388026,0.13730982,454,0.14317181,1.18808822,0.11394398
h4,bull,3,rsi_cross50_up+mtf_volatility,1123,0.21015138,1.30906385,226,0.27433628,1.66886485,0.22030235,201,0.17910448,1.48626972,0.13226931
h4,bull,3,breakout20_up+mtf_rsi60,2157,0.21001391,1.30820752,469,0.17910448,1.08954296,0.14705222,380,0.11578947,0.96086034,0.08739459
h4,bull,3,mtf_rsi60+structure_breakout20_up,2157,0.21001391,1.30820752,469,0.17910448,1.08954296,0.14705222,380,0.11578947,0.96086034,0.08739459
h4,bull,3,adx_up3+mtf_price200_bull+structure_hh,2287,0.20988194,1.30738548,573,0.16753927,1.01918853,0.13919682,393,0.11959288,0.99242225,0.09113835
h4,bull,3,atr_expand+mtf_trend_bull,2370,0.20970464,1.30628105,379,0.22427441,1.36432436,0.18516820,401,0.19451372,1.61414080,0.15874603
h4,bull,3,volatility+mtf_adx25,10494,0.20964361,1.30590085,1814,0.18853363,1.14690314,0.17119936,1602,0.19912609,1.65241587,0.18030075
h4,bull,3,breakout20_up+mtf_trend_bull,2446,0.20932134,1.30389342,609,0.16748768,1.01887474,0.13993475,509,0.14145383,1.17383188,0.11385920
h4,bull,3,mtf_trend_bull+structure_breakout20_up,2446,0.20932134,1.30389342,609,0.16748768,1.01887474,0.13993475,509,0.14145383,1.17383188,0.11385920
h4,bull,3,breakout20_up+mtf_trend_bull+structure_hh,2446,0.20932134,1.30389342,609,0.16748768,1.01887474,0.13993475,509,0.14145383,1.17383188,0.11385920
h4,bull,3,breakout20_up+mtf_trend_bull+structure_breakout20_up,2446,0.20932134,1.30389342,609,0.16748768,1.01887474,0.13993475,509,0.14145383,1.17383188,0.11385920
h4,bull,3,bb_expand+mtf_trend_bull+impulse_bull,1730,0.20924855,1.30344002,418,0.16746411,1.01873136,0.13473223,394,0.14974619,1.24264471,0.11790274
h4,bull,3,macd_accel_up+mtf_trend_bull+structure_breakout20_up,2288,0.20891608,1.30136901,564,0.16666667,1.01388026,0.13818617,494,0.14170040,1.17587803,0.11370635
h4,bull,3,mtf_macd_bull+mtf_volatility,11189,0.20824024,1.29715906,2013,0.24987581,1.52006489,0.23145147,1782,0.15824916,1.31320520,0.14204098
h4,bull,3,adx25+volatility,13559,0.20768493,1.29369999,2791,0.21390183,1.30122504,0.19908747,2339,0.16460026,1.36590877,0.15012466
h4,bull,3,atr_expand+mtf_price200_bull+range_expand,2102,0.20742150,1.29205905,355,0.19154930,1.16524830,0.15400176,368,0.17934783,1.48828911,0.14352609
h4,bull,3,bb_expand+mtf_trend_bull+structure_hh,2409,0.20713989,1.29030485,598,0.17056856,1.03761658,0.14254763,505,0.12277228,1.01880601,0.09696394
h4,bull,3,atr_expand+mtf_price200_bull+structure_hh,985,0.20710660,1.29009746,166,0.21686747,1.31926588,0.16096288,121,0.13223140,1.09730106,0.08305918
h4,bull,3,macd_bull+mtf_volatility,11888,0.20701548,1.28952986,2227,0.24651998,1.49965046,0.22906669,2144,0.18470149,1.53271565,0.16884452
h4,bull,3,mtf_volatility+close_near_high,5271,0.20660216,1.28695526,996,0.24799197,1.50860496,0.22217490,972,0.18827160,1.56234165,0.16494040
h4,bull,3,atr_expand+mtf_price200_bull,3055,0.20654664,1.28660943,460,0.20434783,1.24310536,0.17001951,513,0.18323587,1.52055339,0.15215516
h4,bull,3,adx_up3+mtf_trend_bull,6089,0.20627361,1.28490864,1437,0.17466945,1.06256344,0.15591284,1428,0.17507003,1.45279049,0.15623840
h4,bull,3,adx25+atr_expand,2444,0.20621931,1.28457043,473,0.19450317,1.18321755,0.16135230,347,0.12680115,1.05223898,0.09582989
h4,bull,3,adx_up3+mtf_price200_bull+impulse_bull,1504,0.20611702,1.28393324,342,0.19005848,1.15617924,0.15200768,368,0.19021739,1.57848845,0.15339823
h4,bull,3,bb_bull+mtf_volatility,11822,0.20563356,1.28092172,2284,0.23423818,1.42493679,0.21732423,2137,0.16471689,1.36687666,0.14959463
h4,bull,3,atr_expand+mtf_rsi60,1369,0.20525931,1.27859045,197,0.22335025,1.35870248,0.17079852,194,0.16494845,1.36879823,0.11933107
h4,bull,3,bb_expand+mtf_di_strong_bull+structure_breakout20_up,1528,0.20484293,1.27599675,354,0.19209040,1.16853996,0.15444559,294,0.11904762,0.98789753,0.08685593
h4,bull,3,adx_up3+mtf_trend_bull+structure_hl,3266,0.20453154,1.27405702,793,0.17150063,1.04328662,0.14686416,752,0.16888298,1.40144825,0.14380392
h4,bull,3,mtf_volatility+range_expand,8716,0.20422212,1.27212962,1628,0.25859951,1.57313362,0.23791554,1480,0.19459459,1.61481196,0.17522660
h4,bull,3,atr_expand+mtf_price200_bull+close_near_high,862,0.20417633,1.27184441,127,0.25984252,1.58069520,0.19141968,140,0.16428571,1.36329859,0.11203834
h4,bull,3,di_bull+mtf_volatility,10789,0.20400408,1.27077141,2083,0.23571771,1.43393722,0.21798702,1724,0.16357309,1.35738496,0.14686424
h4,bull,3,adx_rising+mtf_volatility,10662,0.20380792,1.26954948,1981,0.25441696,1.54769000,0.23572590,1791,0.20268007,1.68190796,0.18470793
h4,bull,3,di_strong_bull+mtf_volatility,7730,0.20375162,1.26919879,1471,0.23181509,1.41019647,0.21096560,1214,0.15403624,1.27824501,0.13482415
h4,bull,3,atr_expand+mtf_adx25,1886,0.20307529,1.26498586,283,0.17314488,1.05328903,0.13351681,262,0.18320611,1.52030643,0.14105799
h4,bull,3,breakout20_up+mtf_price200_bull+range_expand,2086,0.20278044,1.26314919,493,0.17241379,1.04884165,0.14163537,456,0.14254386,1.18287731,0.11343685
h4,bull,3,ema20_slope_up3+mtf_volatility,11773,0.20266712,1.26244329,2257,0.23083739,1.40424886,0.21391970,2085,0.16642686,1.38106653,0.15105581
h4,bull,3,mtf_volatility+mtf_bb_bull,11296,0.20237252,1.26060820,2243,0.21756576,1.32351377,0.20098173,1840,0.15434783,1.28083063,0.13856179
h4,bull,6,atr_expand+mtf_volatility,1172,0.46075085,1.57547130,192,0.46875000,1.65457086,0.39947015,172,0.37209302,1.61525085,0.30338948
h4,bull,6,adx_cross25_up+atr_expand,196,0.40306122,1.37820991,38,0.23684211,0.83599370,0.12993707,38,0.23684211,1.02812842,0.12993707
h4,bull,6,atr_expand+mtf_di_strong_bull+structure_breakout20_up,375,0.39466667,1.34950592,75,0.44000000,1.55309052,0.33331457,48,0.22916667,0.99480944,0.13307826
h4,bull,6,adx_up3+atr_expand,1626,0.39360394,1.34587207,337,0.37685460,1.33020296,0.32677757,330,0.26969697,1.17075095,0.22466669
h4,bull,6,macd_cross_up+mtf_trend_bull+structure_breakout20_up,238,0.39075630,1.33613500,54,0.33333333,1.17658372,0.22241417,43,0.32558140,1.41334449,0.20493297
h4,bull,6,adx_up3+mtf_trend_bull+structure_breakout20_up,820,0.38780488,1.32604302,188,0.35106383,1.23916796,0.28643881,134,0.27611940,1.19863064,0.20746374
h4,bull,6,atr_expand+mtf_adx_rising+close_near_high,737,0.38534600,1.31763524,105,0.33333333,1.17658372,0.25045910,113,0.16814159,0.72990041,0.11036732
h4,bull,6,atr_expand+mtf_trend_bull+range_expand,1627,0.38475722,1.31562200,292,0.34931507,1.23299527,0.29690986,292,0.32191781,1.39744091,0.27094070
h4,bull,6,atr_expand+mtf_trend_bull,2370,0.38185654,1.30570354,379,0.36411609,1.28523921,0.31726024,401,0.30673317,1.33152459,0.26360999
h4,bull,6,atr_expand+mtf_price200_bull+impulse_bull,955,0.38010471,1.29971341,147,0.36054422,1.27263137,0.28738815,150,0.27333333,1.18653635,0.20834143
h4,bull,6,atr_expand+mtf_price200_bull+close_near_high,862,0.37935035,1.29713397,127,0.38582677,1.36187250,0.30570174,140,0.23571429,1.02323257,0.17305134
h4,bull,6,atr_expand+mtf_macd_bull+structure_breakout20_up,425,0.37882353,1.29533259,76,0.28947368,1.02177008,0.19961017,50,0.24000000,1.04183680,0.14297391
h4,bull,6,atr_expand+mtf_price200_bull+range_expand,2102,0.37868696,1.29486563,355,0.34084507,1.20309829,0.29347717,368,0.30163043,1.30937369,0.25698502
h4,bull,6,atr_expand+mtf_rsi60,1369,0.37764792,1.29131276,197,0.32994924,1.16463871,0.26809271,194,0.26288660,1.14118721,0.20597847
h4,bull,6,atr_expand+mtf_trend_bull+impulse_bull,735,0.37687075,1.28865534,122,0.36065574,1.27302501,0.28090393,112,0.27678571,1.20152309,0.20237780
h4,bull,6,mtf_price200_bull+mtf_volatility,12886,0.37676548,1.28829540,2129,0.34147487,1.20532133,0.32163344,2553,0.33411673,1.45039625,0.31608138
h4,bull,6,volatility+mtf_volatility,9620,0.37619543,1.28634617,1647,0.45962356,1.62235679,0.43567676,1395,0.35483871,1.54035010,0.33016076
h4,bull,6,mtf_adx25+mtf_volatility,11657,0.37565411,1.28449523,1838,0.32644178,1.15225827,0.30538599,2194,0.31768459,1.37906459,0.29853626
h4,bull,6,atr_expand+mtf_price200_bull+structure_breakout20_up,458,0.37554585,1.28412505,81,0.40740741,1.43804677,0.30696278,60,0.25000000,1.08524666,0.15776523
h4,bull,6,di_cross_up+mtf_volatility,904,0.37500000,1.28225859,185,0.38378378,1.35466126,0.31674757,151,0.32450331,1.40866454,0.25498497
h4,bull,6,atr_expand+mtf_price200_bull,3055,0.37479542,1.28155904,460,0.35652174,1.25843303,0.31410518,513,0.29239766,1.26929434,0.25469544
h4,bull,6,atr_expand+mtf_adx_rising+structure_breakout20_up,385,0.37402597,1.27892804,71,0.35211268,1.24287013,0.25122748,43,0.25581395,1.11048496,0.14929517
h4,bull,6,mtf_volatility+impulse_bull,4049,0.37342554,1.27687494,758,0.39709763,1.40165581,0.36286797,731,0.34610123,1.50242083,0.31250033
h4,bull,6,body_bull+mtf_volatility,3533,0.37333711,1.27657256,664,0.38403614,1.35555203,0.34781000,668,0.33682635,1.46215868,0.30200907
h4,bull,6,atr_expand+mtf_adx_rising+impulse_bull,828,0.37318841,1.27606410,145,0.32413793,1.14412624,0.25334644,105,0.24761905,1.07491098,0.17494984
h4,bull,6,atr_expand+mtf_price200_bull+structure_hh,985,0.37258883,1.27401394,166,0.36746988,1.29707724,0.29789887,121,0.24793388,1.07627768,0.17954720
h4,bull,6,atr_expand+mtf_di_strong_bull+close_near_high,612,0.37254902,1.27387781,91,0.41758242,1.47396203,0.32161298,84,0.23809524,1.03356825,0.15974691
h4,bull,6,mtf_trend_bull+mtf_volatility,10188,0.37210444,1.27235762,1648,0.33616505,1.18657897,0.31376200,1919,0.31787389,1.37988633,0.29742150
h4,bull,6,atr_expand+mtf_trend_bull+close_near_high,676,0.37130178,1.26961304,108,0.39814815,1.40536389,0.31085681,104,0.24038462,1.04350641,0.16845379
h4,bull,6,mtf_macd_bull+adx_up3+atr_expand,765,0.37124183,1.26940806,148,0.25000000,0.88243779,0.18716127,168,0.27976190,1.21444270,0.21739040
h4,bull,6,adx_up3+mtf_trend_bull+range_expand,2232,0.36962366,1.26387495,521,0.32821497,1.15851718,0.28928019,568,0.31161972,1.35273704,0.27490317
h4,bull,6,atr_expand+mtf_trend_bull+structure_breakout20_up,339,0.36873156,1.26082457,66,0.42424242,1.49747019,0.31242510,34,0.26470588,1.14908470,0.14601191
h4,bull,6,atr_expand+mtf_price20_bull+structure_breakout20_up,481,0.36798337,1.25826622,95,0.40000000,1.41190047,0.30722900,65,0.24615385,1.06855056,0.15757987
h4,bull,6,adx_up3+mtf_trend_bull+impulse_bull,1147,0.36704446,1.25505577,256,0.35156250,1.24092815,0.29566191,280,0.31785714,1.37981362,0.26609555
h4,bull,6,di_spread_up3+mtf_volatility,5950,0.36672269,1.25395551,1112,0.39208633,1.38396719,0.36380978,1013,0.35241856,1.52984426,0.32360796
h4,bull,6,mtf_trend_bull+breakout20_up+cross_group_bull,1425,0.36631579,1.25256418,361,0.34626039,1.22221301,0.29903207,316,0.31962025,1.38746725,0.27063461
h4,bull,6,mtf_volatility+pullback_bull,9884,0.36554027,1.24991239,1962,0.38990826,1.37627913,0.36856212,1706,0.32590856,1.41476470,0.30407965
h4,bull,6,macd_cross_up+mtf_price200_bull+structure_breakout20_up,323,0.36532508,1.24917658,72,0.31944444,1.12755940,0.22325610,65,0.27692308,1.20211938,0.18293584
h4,bull,6,price200_cross_up+mtf_volatility,386,0.36528497,1.24903945,85,0.40000000,1.41190047,0.30236232,75,0.30666667,1.33123591,0.21386867
h4,bull,6,body_expand+mtf_volatility,6625,0.36528302,1.24903277,1278,0.39123631,1.38096681,0.36484405,1136,0.33802817,1.46737577,0.31110726
h4,bull,6,atr_expand+mtf_trend_bull+structure_hh,742,0.36522911,1.24884843,138,0.37681159,1.33005117,0.30033039,72,0.25000000,1.08524666,0.16439051
h4,bull,6,price20_cross_up+mtf_volatility,1290,0.36511628,1.24846262,245,0.37959184,1.33986473,0.32112662,221,0.34389140,1.49282799,0.28441318
h4,bull,6,rsi_up1+mtf_volatility,4734,0.36480777,1.24740773,931,0.40279270,1.42175799,0.37174961,859,0.35972061,1.56154235,0.32831694
h4,bull,6,rsi_up3+mtf_volatility,5637,0.36420082,1.24533233,1083,0.39704524,1.40147092,0.36831796,974,0.34394251,1.49304983,0.31477591
h4,bull,6,adx25+atr_expand,2444,0.36333879,1.24238475,473,0.33615222,1.18653369,0.29505189,347,0.21613833,0.93825360,0.17606407
h4,bull,6,mtf_macd_bull+mtf_volatility,11189,0.36330324,1.24226321,2013,0.38996523,1.37648021,0.36888737,1782,0.28226712,1.22531778,0.26185466
h4,bull,6,atr_expand+mtf_macd_bull+close_near_high,713,0.36325386,1.24209434,103,0.23300971,0.82246629,0.16187608,93,0.21505376,0.93354552,0.14375022
h4,bull,6,mtf_volatility+structure_hl,11891,0.36287949,1.24081424,2208,0.38088768,1.34443874,0.36085611,2082,0.32853026,1.42614547,0.30868739
h4,bull,6,breakout20_up+mtf_trend_bull+impulse_bull,1736,0.36232719,1.23892573,415,0.33012048,1.16524316,0.28661581,356,0.26404494,1.14621558,0.22094755
h4,bull,6,adx_up3+mtf_trend_bull+structure_hh,1590,0.36226415,1.23871018,380,0.31052632,1.09608063,0.26609448,259,0.28957529,1.25704247,0.23773163
h4,bull,6,atr_expand+mtf_adx_rising+structure_hh,828,0.36111111,1.23476753,158,0.33544304,1.18403046,0.26650326,87,0.18390805,0.79834237,0.11649467
h4,bull,6,bb_expand+mtf_trend_bull+structure_breakout20_up,1352,0.36094675,1.23420550,334,0.28443114,1.00397114,0.23871314,305,0.26885246,1.16708494,0.22219704
h4,bull,6,rsi_cross50_up+mtf_volatility,1123,0.36064114,1.23316053,226,0.41150442,1.45250823,0.34934644,201,0.33830846,1.46859250,0.27647750
h4,bull,6,macd_rising+mtf_volatility,11659,0.36049404,1.23265754,2141,0.38907053,1.37332215,0.36863535,1977,0.33383915,1.44919130,0.31339152
h4,bull,6,macd_accel_up+mtf_volatility,11659,0.36049404,1.23265754,2141,0.38907053,1.37332215,0.36863535,1977,0.33383915,1.44919130,0.31339152
h4,bull,6,breakout20_up+mtf_volatility,1437,0.36047321,1.23258631,272,0.34558824,1.21984048,0.29157671,264,0.33333333,1.44699555,0.27921806
h4,bull,6,mtf_volatility+structure_breakout20_up,1437,0.36047321,1.23258631,272,0.34558824,1.21984048,0.29157671,264,0.33333333,1.44699555,0.27921806
h4,bull,6,atr_expand+mtf_macd_bull+structure_hh,880,0.36022727,1.23174537,146,0.26027397,0.91870236,0.19589557,96,0.26041667,1.13046528,0.18305900
h4,bull,6,rsi_cross55_up+mtf_volatility,1025,0.36000000,1.23096824,194,0.41237113,1.45556749,0.34545767,186,0.33870968,1.47033419,0.27457149
h4,bull,6,adx_up3+mtf_trend_bull+close_near_high,1492,0.35991957,1.23069323,353,0.30594901,1.07992387,0.26018107,371,0.28301887,1.22858113,0.23958615
h4,bull,6,atr_expand+mtf_price20_bull+close_near_high,768,0.35937500,1.22883114,114,0.36842105,1.30043464,0.28551141,113,0.24778761,1.07564271,0.17736019
h4,bull,6,macd_cross_up+mtf_di_strong_bull+structure_breakout20_up,298,0.35906040,1.22775542,69,0.31884058,1.12542791,0.22094760,46,0.30434783,1.32116985,0.19079841
h4,bull,6,adx25+mtf_volatility,11278,0.35884022,1.22700254,1982,0.39455096,1.39266671,0.37325755,1979,0.35320869,1.53327422,0.33245328
h4,bull,6,adx_rising+atr_expand,3127,0.35881036,1.22690044,620,0.38064516,1.34358270,0.34327163,565,0.25132743,1.09100904,0.21732059
h4,bull,6,bb_expand+mtf_volatility,5030,0.35864811,1.22634565,996,0.40562249,1.43174646,0.37554784,903,0.33333333,1.44699555,0.30334976
h4,bull,6,atr_expand+mtf_adx25,1886,0.35843054,1.22560170,283,0.33215548,1.17242618,0.27985207,262,0.31297710,1.35862941,0.25987264
h4,bull,6,bb_expand+mtf_trend_bull+impulse_bull,1730,0.35780347,1.22345752,418,0.31100478,1.09776950,0.26851850,394,0.26649746,1.15686193,0.22524858
h4,bull,6,di_bull+mtf_volatility,10789,0.35740106,1.22208153,2083,0.36341815,1.28277563,0.34303164,1724,0.28364269,1.23128914,0.26286397
h4,bull,6,mtf_volatility+mtf_bb_bull,11296,0.35738314,1.22202028,2243,0.35800267,1.26366036,0.33842086,1840,0.27717391,1.20320826,0.25720236
h4,bull,6,adx_up3+mtf_price200_bull+structure_breakout20_up,1182,0.35702200,1.22078539,283,0.33922261,1.19737142,0.28654402,203,0.23645320,1.02644020,0.18323581
h4,bull,6,adx_up3+mtf_price200_bull+range_expand,2860,0.35699301,1.22068626,673,0.31797920,1.12238745,0.28391357,708,0.29096045,1.26305544,0.25870312
h4,bull,6,mtf_volatility,22922,0.35681878,1.22009051,4310,0.38561485,1.36112447,0.37119145,3968,0.32358871,1.40469427,0.30920862
h4,bull,6,mtf_macd_rising+mtf_volatility,11795,0.35667656,1.21960421,2278,0.37181738,1.31242285,0.35220244,2197,0.31087847,1.34951929,0.29186841
h4,bull,6,mtf_volatility+close_near_high,5271,0.35666856,1.21957687,996,0.36746988,1.29707724,0.33809106,972,0.31069959,1.34874277,0.28239947
h4,bull,6,mtf_volatility+structure_hh,5538,0.35662694,1.21943455,1097,0.36827712,1.29992659,0.34024019,980,0.31224490,1.35545094,0.28401195
h4,bull,6,atr_expand+mtf_price20_bull+structure_hh,960,0.35625000,1.21814566,166,0.37349398,1.31834080,0.30354942,111,0.22522523,0.97769970,0.15746530
h4,bull,6,price200_bull+mtf_volatility,11246,0.35585986,1.21681163,2371,0.34036272,1.20139570,0.32156220,1925,0.28259740,1.22675155,0.26293176
h4,bull,6,ema200_rising+mtf_volatility,11246,0.35585986,1.21681163,2371,0.34036272,1.20139570,0.32156220,1925,0.28259740,1.22675155,0.26293176
h4,bull,6,atr_expand+mtf_adx_rising+range_expand,1729,0.35569693,1.21625453,342,0.29824561,1.05273281,0.25221879,244,0.27049180,1.17420131,0.21863123
h4,bull,6,atr_expand+mtf_price200_bull+structure_hl,1550,0.35548387,1.21552599,238,0.37815126,1.33477985,0.31893968,270,0.29259259,1.27014054,0.24153898
h4,bull,12,atr_expand+mtf_volatility,1172,0.57849829,1.30621170,192,0.55208333,1.29883227,0.48140813,172,0.44767442,1.17424312,0.37531222
h4,bull,12,price200_cross_up+mtf_volatility,386,0.55440415,1.25180867,85,0.51764706,1.21781743,0.41297546,75,0.46666667,1.22405949,0.35815696
h4,bull,12,adx_up3+mtf_trend_bull+structure_breakout20_up,820,0.53536585,1.20882144,188,0.40425532,0.95105181,0.33670205,134,0.43283582,1.13532170,0.35197335
h4,bull,12,rsi_cross55_up+mtf_volatility,1025,0.53268293,1.20276357,194,0.54123711,1.27331543,0.47099697,186,0.49462366,1.29739025,0.42361143
h4,bull,12,mtf_price200_bull+mtf_volatility,12886,0.53034301,1.19748018,2129,0.50211367,1.18127355,0.48089037,2553,0.47982765,1.25858056,0.46049316
h4,bull,12,mtf_volatility+impulse_bull,4049,0.52852556,1.19337651,758,0.53298153,1.25389333,0.49738747,731,0.50889193,1.33481571,0.47270005
h4,bull,12,body_bull+mtf_volatility,3533,0.52703085,1.19000155,664,0.53614458,1.26133473,0.49811417,668,0.50748503,1.33112543,0.46963836
h4,bull,12,mtf_trend_bull+mtf_volatility,10188,0.52650177,1.18880691,1648,0.48907767,1.15060503,0.46499677,1919,0.45179781,1.18505871,0.42964960
h4,bull,12,mtf_adx25+mtf_volatility,11657,0.52534958,1.18620533,1838,0.46191513,1.08670238,0.43922623,2194,0.48860529,1.28160416,0.46772708
h4,bull,12,adx_up3+mtf_trend_bull+range_expand,2232,0.52374552,1.18258348,521,0.45681382,1.07470104,0.41451222,568,0.45246479,1.18680819,0.41198770
h4,bull,12,di_cross_up+mtf_volatility,904,0.52212389,1.17892195,185,0.54054054,1.27167668,0.46863275,151,0.47019868,1.23332390,0.39232022
h4,bull,12,price20_cross_up+mtf_volatility,1290,0.52170543,1.17797708,245,0.51836735,1.21951198,0.45600147,221,0.50226244,1.31742667,0.43686928
h4,bull,12,rsi_up1+mtf_volatility,4734,0.52112379,1.17666377,931,0.54027927,1.27106201,0.50816594,859,0.51455180,1.34966147,0.48113905
h4,bull,12,macd_cross_up+mtf_trend_bull+structure_breakout20_up,238,0.52100840,1.17640325,54,0.48148148,1.13273422,0.35393973,43,0.48837209,1.28099249,0.34617448
h4,bull,12,trend_bull+mtf_volatility,8134,0.51905582,1.17199443,1548,0.48191214,1.13374740,0.45709637,1277,0.42991386,1.12765745,0.40301126
h4,bull,12,adx_up3+mtf_trend_bull+impulse_bull,1147,0.51787271,1.16932306,256,0.44531250,1.04764301,0.38568588,280,0.47857143,1.25528550,0.42074669
h4,bull,12,di_bull+mtf_volatility,10789,0.51784225,1.16925427,2083,0.50504081,1.18815994,0.48358034,1724,0.45069606,1.18216883,0.42734453
h4,bull,12,mtf_macd_bull+mtf_volatility,11189,0.51765126,1.16882305,2013,0.53651267,1.26220069,0.51467989,1782,0.44837262,1.17607448,0.42541757
h4,bull,12,volatility+mtf_volatility,9620,0.51735967,1.16816464,1647,0.56709168,1.33414094,0.54303383,1395,0.49677419,1.30303107,0.47058163
h4,bull,12,rsi_cross50_up+mtf_volatility,1123,0.51647373,1.16616425,226,0.53982301,1.26998861,0.47471896,201,0.50248756,1.31801715,0.43397035
h4,bull,12,mtf_volatility+mtf_bb_bull,11296,0.51602337,1.16514737,2243,0.50913955,1.19780264,0.48845302,1840,0.42445652,1.11334293,0.40205321
h4,bull,12,adx_up3+mtf_trend_bull+structure_hh,1590,0.51572327,1.16446976,380,0.40000000,0.94104074,0.35198136,259,0.42084942,1.10388156,0.36231068
h4,bull,12,adx_cross25_up+atr_expand,196,0.51530612,1.16352787,38,0.36842105,0.86674805,0.23384219,38,0.26315789,0.69025911,0.14971621
h4,bull,12,di_strong_bull+mtf_volatility,7730,0.51513583,1.16314337,1471,0.49626105,1.16750466,0.47075357,1214,0.44151565,1.15808876,0.41381063
h4,bull,12,breakout20_up+mtf_volatility,1437,0.51496173,1.16275024,272,0.50367647,1.18495020,0.44462191,264,0.49242424,1.29162122,0.43266003
h4,bull,12,mtf_volatility+structure_breakout20_up,1437,0.51496173,1.16275024,272,0.50367647,1.18495020,0.44462191,264,0.49242424,1.29162122,0.43266003
h4,bull,12,adx_up3+atr_expand,1626,0.51414514,1.16090645,337,0.53709199,1.26356361,0.48373721,330,0.40303030,1.05714229,0.35151767
h4,bull,12,price200_bull+mtf_volatility,11246,0.51396052,1.16048958,2371,0.48924504,1.15099880,0.46915761,1925,0.42909091,1.12549886,0.40714360
h4,bull,12,ema200_rising+mtf_volatility,11246,0.51396052,1.16048958,2371,0.48924504,1.15099880,0.46915761,1925,0.42909091,1.12549886,0.40714360
h4,bull,12,di_spread_up3+mtf_volatility,5950,0.51378151,1.16008540,1112,0.54316547,1.27785208,0.51378894,1013,0.51431392,1.34903750,0.48354035
h4,bull,12,mtf_price20_bull+mtf_volatility,11179,0.51346274,1.15936564,2305,0.50368764,1.18497646,0.48328718,1879,0.42682278,1.11954959,0.40463023
h4,bull,12,mtf_ema20_rising+mtf_volatility,11179,0.51346274,1.15936564,2305,0.50368764,1.18497646,0.48328718,1879,0.42682278,1.11954959,0.40463023
h4,bull,12,mtf_trend_bull+breakout20_up+cross_group_bull,1425,0.51228070,1.15669666,361,0.46537396,1.09483964,0.41455467,316,0.45569620,1.19528413,0.40164502
h4,bull,12,mtf_volatility+structure_hl,11891,0.51198385,1.15602640,2208,0.52264493,1.22957542,0.50178966,2082,0.48366955,1.26865779,0.46225363
h4,bull,12,rsi_up3+mtf_volatility,5637,0.51126486,1.15440295,1083,0.53370268,1.25558991,0.50392502,974,0.49794661,1.30610631,0.46661603
h4,bull,12,macd_cross_up+mtf_price200_bull+structure_breakout20_up,323,0.51083591,1.15343442,72,0.47222222,1.11095087,0.36126510,65,0.49230769,1.29131551,0.37463839
h4,bull,12,mtf_volatility+close_near_high,5271,0.51014988,1.15188540,996,0.51405622,1.20936963,0.48302221,972,0.46296296,1.21434473,0.43182360
h4,bull,12,macd_rising+mtf_volatility,11659,0.51007805,1.15172322,2141,0.53386268,1.25596633,0.51269029,1977,0.49013657,1.28562069,0.46814120
h4,bull,12,macd_accel_up+mtf_volatility,11659,0.51007805,1.15172322,2141,0.53386268,1.25596633,0.51269029,1977,0.49013657,1.28562069,0.46814120
h4,bull,12,macd_cross_up+mtf_di_strong_bull+structure_breakout20_up,298,0.51006711,1.15169853,69,0.44927536,1.05696605,0.33768856,46,0.43478261,1.14042810,0.30209263
h4,bull,12,mtf_macd_rising+mtf_volatility,11795,0.50987707,1.15126941,2278,0.50790167,1.19489040,0.48737574,2197,0.48520710,1.27269077,0.46435276
h4,bull,12,adx_up3+mtf_price200_bull+range_expand,2860,0.50979021,1.15107329,673,0.44427935,1.04521241,0.40716071,708,0.44209040,1.15959631,0.40591828
h4,bull,12,ema20_slope_up3+mtf_volatility,11773,0.50955576,1.15054393,2257,0.50686752,1.19245747,0.48624756,2085,0.46522782,1.22028541,0.44390158
h4,bull,12,price20_bull+mtf_volatility,11816,0.50930941,1.14998768,2276,0.50746924,1.19387308,0.48693477,2110,0.46919431,1.23068947,0.44797588
h4,bull,12,ema20_rising+mtf_volatility,11816,0.50930941,1.14998768,2276,0.50746924,1.19387308,0.48693477,2110,0.46919431,1.23068947,0.44797588
h4,bull,12,bb_bull+mtf_volatility,11822,0.50896633,1.14921304,2284,0.51094571,1.20205182,0.49044397,2137,0.47262518,1.23968857,0.45152601
h4,bull,12,mtf_volatility+structure_hh,5538,0.50848682,1.14813032,1097,0.51595260,1.21383104,0.48637564,980,0.47755102,1.25260899,0.44642685
h4,bull,12,body_expand+mtf_volatility,6625,0.50777358,1.14651989,1278,0.53364632,1.25545733,0.50623570,1136,0.50528169,1.32534611,0.47623892
h4,bull,12,adx_up3+mtf_price200_bull+impulse_bull,1504,0.50731383,1.14548179,342,0.43567251,1.02496396,0.38412386,368,0.47282609,1.24021556,0.42236062
h4,bull,12,mtf_volatility,22922,0.50671844,1.14413743,4310,0.52204176,1.22815642,0.50711604,3968,0.48387097,1.26918611,0.46834495
h4,bull,12,mtf_volatility+distance_high_ok,12598,0.50650897,1.14366447,2523,0.50257630,1.18236193,0.48307738,2384,0.47944631,1.25758030,0.45944164
h4,bull,12,breakout20_up+mtf_trend_bull+impulse_bull,1736,0.50633641,1.14327483,415,0.44819277,1.05441914,0.40103898,356,0.39044944,1.02414287,0.34119966
h4,bull,12,adx_up3+mtf_trend_bull+close_near_high,1492,0.50469169,1.13956116,353,0.42492918,0.99968917,0.37444135,371,0.41778976,1.09585611,0.36869728
h4,bull,12,momentum_bull+mtf_volatility,7847,0.50452402,1.13918258,1535,0.51661238,1.21538324,0.49160301,1395,0.44372760,1.16389067,0.41784618
h4,bull,12,mtf_rsi60+mtf_volatility,5318,0.50432493,1.13873306,918,0.45969499,1.08147928,0.42769078,834,0.38729017,1.01585616,0.35481817
h4,bull,12,mtf_volatility+pullback_bull,9884,0.50414812,1.13833382,1962,0.52344546,1.23145877,0.50132129,1706,0.48534584,1.27305467,0.46168937
h4,bull,12,macd_cross_up+mtf_adx_rising+structure_breakout20_up,244,0.50409836,1.13822147,62,0.45161290,1.06246535,0.33419713,35,0.40000000,1.04919385,0.25550729
h4,bull,12,bb_expand+mtf_volatility,5030,0.50377734,1.13749661,996,0.52610442,1.23771423,0.49505402,903,0.45957918,1.20546913,0.42731386
h4,bull,12,rsi60+mtf_volatility,5649,0.50292087,1.13556277,1090,0.49541284,1.16550917,0.46579956,965,0.43523316,1.14160989,0.40427003
h4,bull,12,mtf_volatility+range_expand,8716,0.50137678,1.13207631,1628,0.53869779,1.26734141,0.51441994,1480,0.50608108,1.32744290,0.48062679
h4,bull,12,mtf_adx_rising+mtf_volatility,10972,0.50072913,1.13061396,2008,0.50747012,1.19387514,0.48560981,1945,0.53059126,1.39173272,0.50837365
h4,bull,12,atr_expand+mtf_adx_rising+close_near_high,737,0.50067843,1.13049948,105,0.38095238,0.89622928,0.29382512,113,0.30973451,0.81242887,0.23191670
h4,bull,12,adx25+mtf_volatility,11278,0.50062068,1.13036908,1982,0.52421796,1.23327615,0.50220583,1979,0.51743305,1.35721893,0.49540496
h4,bull,12,macd_cross_up+mtf_volatility,878,0.49886105,1.12639595,158,0.60759494,1.42942897,0.52977007,125,0.48000000,1.25903262,0.39432767
h4,bull,12,atr_expand+mtf_adx_rising+impulse_bull,828,0.49879227,1.12624066,145,0.40000000,0.94104074,0.32383552,105,0.34285714,0.89930901,0.25905722
h4,bull,12,adx_up3+mtf_price200_bull+structure_breakout20_up,1182,0.49830795,1.12514710,283,0.41342756,0.97263045,0.35758661,203,0.42857143,1.12413627,0.36244428
h4,bull,12,atr_expand+mtf_rsi60,1369,0.49817385,1.12484430,197,0.41624365,0.97925559,0.34965404,194,0.38659794,1.01404045,0.32090758
h4,bull,12,breakout20_up+mtf_trend_bull+range_expand,1477,0.49763033,1.12361708,366,0.46994536,1.10559431,0.41939095,304,0.42434211,1.11304282,0.37006724
h4,bull,12,adx_up3+mtf_trend_bull+structure_hl,3266,0.49755052,1.12343687,793,0.43379571,1.02054860,0.39970287,752,0.44015957,1.15453180,0.40507326
h4,bull,12,macd_cross_up+mtf_macd_bull+pullback_bull,155,0.49677419,1.12168397,38,0.52631579,1.23821150,0.37258971,20,0.30000000,0.78689539,0.14547724
h4,bull,12,macd_bull+mtf_volatility,11888,0.49671938,1.12156021,2227,0.51638976,1.21485951,0.49562431,2144,0.51072761,1.33963067,0.48956783
h4,bull,12,atr_expand+mtf_macd_bull+close_near_high,713,0.49649369,1.12105061,103,0.32038835,0.75374622,0.23813051,93,0.38709677,1.01534889,0.29446055
h4,bull,12,atr_expand+mtf_trend_bull+range_expand,1627,0.49539029,1.11855920,292,0.49657534,1.16824407,0.43964557,292,0.46917808,1.23064690,0.41270969
h4,bull,12,atr_expand+mtf_trend_bull+impulse_bull,735,0.49523810,1.11821556,122,0.45901639,1.07988282,0.37319373,112,0.41964286,1.10071676,0.33240040
h4,bull,12,atr_expand+mtf_trend_bull,2370,0.49493671,1.11753505,379,0.49868074,1.17319723,0.44860904,401,0.47132170,1.23626956,0.42296801
h4,bull,12,adx_up3+mtf_trend_bull,6089,0.49466251,1.11691592,1437,0.43702157,1.02813776,0.41157730,1428,0.43067227,1.12964674,0.40520949
h4,bull,12,bb_upper+mtf_volatility,5052,0.49445764,1.11645334,1034,0.50290135,1.18312666,0.47247159,913,0.49397590,1.29569120,0.46163883
h4,bull,12,breakout20_up+mtf_trend_bull,2446,0.49427637,1.11604405,609,0.43021346,1.01212099,0.39144972,509,0.39292731,1.03064229,0.35145166
h4,bull,12,mtf_trend_bull+structure_breakout20_up,2446,0.49427637,1.11604405,609,0.43021346,1.01212099,0.39144972,509,0.39292731,1.03064229,0.35145166
h4,bull,12,breakout20_up+mtf_trend_bull+structure_hh,2446,0.49427637,1.11604405,609,0.43021346,1.01212099,0.39144972,509,0.39292731,1.03064229,0.35145166
h4,bull,24,adx_up3+mtf_trend_bull+structure_breakout20_up,820,0.68414634,1.15946644,188,0.51063830,0.88532949,0.43968764,134,0.59701493,1.10986391,0.51238334
h4,bull,24,price200_cross_up+mtf_volatility,386,0.68134715,1.15472247,85,0.62352941,1.08105675,0.51729908,75,0.64000000,1.18977412,0.52700661
h4,bull,24,mtf_price200_bull+mtf_volatility,12886,0.67359926,1.14159162,2129,0.64161578,1.11241436,0.62100835,2553,0.63023893,1.17162808,0.61133070
h4,bull,24,atr_expand+mtf_volatility,1172,0.67320819,1.14092886,192,0.64583333,1.11972663,0.57592947,172,0.52906977,0.98355237,0.45465476
h4,bull,24,adx_up3+mtf_trend_bull+structure_hh,1590,0.67295597,1.14050141,380,0.53421053,0.92619832,0.48396437,259,0.59073359,1.09818677,0.52994981
h4,bull,24,trend_bull+mtf_volatility,8134,0.66953528,1.13470415,1548,0.63178295,1.09536648,0.60745732,1277,0.58731402,1.09182971,0.56008929
h4,bull,24,mtf_trend_bull+mtf_volatility,10188,0.66912053,1.13400125,1648,0.63470874,1.10043913,0.61117289,1919,0.59979156,1.11502574,0.57769252
h4,bull,24,di_strong_bull+mtf_volatility,7730,0.66843467,1.13283887,1471,0.63018355,1.09259349,0.60520432,1214,0.60296540,1.12092598,0.57515893
h4,bull,24,mtf_volatility+mtf_bb_bull,11296,0.66713881,1.13064269,2243,0.65403477,1.13394604,0.63410083,1840,0.59402174,1.10429952,0.57140999
h4,bull,24,di_bull+mtf_volatility,10789,0.66632681,1.12926655,2083,0.63802208,1.10618371,0.61714770,1724,0.61600928,1.14517484,0.59281748
h4,bull,24,mtf_price20_bull+mtf_volatility,11179,0.66544414,1.12777062,2305,0.64034707,1.11021471,0.62053722,1879,0.59180415,1.10017697,0.56941547
h4,bull,24,mtf_ema20_rising+mtf_volatility,11179,0.66544414,1.12777062,2305,0.64034707,1.11021471,0.62053722,1879,0.59180415,1.10017697,0.56941547
h4,bull,24,price200_bull+mtf_volatility,11246,0.66423617,1.12572341,2371,0.62673977,1.08662278,0.60708097,1925,0.58961039,1.09609872,0.56747887
h4,bull,24,ema200_rising+mtf_volatility,11246,0.66423617,1.12572341,2371,0.62673977,1.08662278,0.60708097,1925,0.58961039,1.09609872,0.56747887
h4,bull,24,breakout20_up+mtf_volatility,1437,0.66388309,1.12512502,272,0.65073529,1.12822550,0.59233720,264,0.65909091,1.22526454,0.59999566
h4,bull,24,mtf_volatility+structure_breakout20_up,1437,0.66388309,1.12512502,272,0.65073529,1.12822550,0.59233720,264,0.65909091,1.22526454,0.59999566
h4,bull,24,rsi60+mtf_volatility,5649,0.66117897,1.12054217,1090,0.64587156,1.11979290,0.61701304,965,0.61139896,1.13660416,0.58026132
h4,bull,24,mtf_macd_bull+mtf_volatility,11189,0.66055948,1.11949228,2013,0.69249876,1.20063375,0.67198943,1782,0.61054994,1.13502581,0.58769503
h4,bull,24,volatility+mtf_volatility,9620,0.65665281,1.11287140,1647,0.67820279,1.17584783,0.65524885,1395,0.63512545,1.18071222,0.60952465
h4,bull,24,mtf_macd_rising+mtf_volatility,11795,0.65629504,1.11226507,2278,0.63520632,1.10130183,0.61522651,2197,0.63404643,1.17870629,0.61368650
h4,bull,24,ema20_slope_up3+mtf_volatility,11773,0.65565276,1.11117656,2257,0.63801506,1.10617154,0.61796966,2085,0.61151079,1.13681205,0.59040276
h4,bull,24,mtf_trend_bull+breakout20_up+cross_group_bull,1425,0.65543860,1.11081360,361,0.57894737,1.00376173,0.52744714,316,0.57594937,1.07070258,0.52086911
h4,bull,24,mtf_rsi60+mtf_volatility,5318,0.65494547,1.10997786,918,0.61982571,1.07463538,0.58798621,834,0.57074341,1.06102458,0.53690195
h4,bull,24,mtf_volatility+impulse_bull,4049,0.65448259,1.10919339,758,0.65831135,1.14136063,0.62382559,731,0.64842681,1.20543975,0.61312068
h4,bull,24,momentum_bull+mtf_volatility,7847,0.65426278,1.10882086,1535,0.63517915,1.10125473,0.61078800,1395,0.59856631,1.11274797,0.57260640
h4,bull,24,body_bull+mtf_volatility,3533,0.65411831,1.10857603,664,0.66415663,1.15149501,0.62738081,668,0.65119760,1.21059071,0.61428471
h4,bull,24,mtf_adx25+mtf_volatility,11657,0.65411341,1.10856771,1838,0.62132753,1.07723919,0.59892098,2194,0.62762078,1.16676088,0.60718533
h4,bull,24,price20_bull+mtf_volatility,11816,0.65411307,1.10856714,2276,0.63840070,1.10684015,0.61844388,2110,0.61943128,1.15153641,0.59851526
h4,bull,24,ema20_rising+mtf_volatility,11816,0.65411307,1.10856714,2276,0.63840070,1.10684015,0.61844388,2110,0.61943128,1.15153641,0.59851526
h4,bull,24,bb_bull+mtf_volatility,11822,0.65268144,1.10614087,2284,0.63222417,1.09613146,0.61224203,2137,0.62751521,1.16656461,0.60680548
h4,bull,24,mtf_volatility+distance_high_ok,12598,0.65089697,1.10311661,2523,0.64288545,1.11461568,0.62398470,2384,0.63422819,1.17904419,0.61469255
h4,bull,24,mtf_di_strong_bull+mtf_volatility,8235,0.65063752,1.10267691,1616,0.62066832,1.07609627,0.59675110,1494,0.59772423,1.11118253,0.57263943
h4,bull,24,mtf_di_bull+mtf_volatility,10939,0.64969376,1.10107745,2236,0.62254025,1.07934177,0.60225385,1957,0.58099131,1.08007567,0.55899355
h4,bull,24,di_cross_up+mtf_volatility,904,0.64933628,1.10047162,185,0.67567568,1.17146639,0.60524001,151,0.61589404,1.14496060,0.53635533
h4,bear,1,atr_expand+mtf_di_strong_bear+structure_breakout20_down,272,0.15073529,2.78217787,58,0.15517241,2.64834801,0.08384492,61,0.18032787,4.17019374,0.10379140
h4,bear,1,atr_expand+mtf_macd_bear+structure_breakout20_down,459,0.14596950,2.69421380,103,0.12621359,2.15410399,0.07526478,79,0.11392405,2.63456428,0.06110579
h4,bear,1,atr_expand+mtf_volatility,1172,0.14505119,2.67726431,192,0.15104167,2.57784801,0.10726969,172,0.13953488,3.22683067,0.09559298
h4,bear,1,atr_expand+mtf_price20_bear+structure_breakout20_down,443,0.13769752,2.54153473,96,0.12500000,2.13339146,0.07297201,79,0.13924051,3.22002301,0.07956541
h4,bear,1,atr_expand+mtf_di_strong_bear+impulse_bear,500,0.13600000,2.51020302,88,0.09090909,1.55155742,0.04678642,92,0.14130435,3.26775063,0.08447693
h4,bear,1,price200_cross_down+mtf_macd_bear+structure_breakout20_down,193,0.13471503,2.48648577,57,0.03508772,0.59884672,0.00967566,32,0.12500000,2.89070248,0.04970134
h4,bear,1,breakout20_down+mtf_volatility,1020,0.12745098,2.35241056,170,0.14705882,2.50987230,0.10163605,185,0.14054054,3.25008711,0.09774701
h4,bear,1,mtf_volatility+structure_breakout20_down,1020,0.12745098,2.35241056,170,0.14705882,2.50987230,0.10163605,185,0.14054054,3.25008711,0.09774701
h4,bear,1,macd_cross_down+mtf_di_strong_bear+impulse_bear,393,0.12468193,2.30130123,76,0.15789474,2.69481026,0.09269497,46,0.02173913,0.50273087,0.00384785
h4,bear,1,macd_cross_down+mtf_di_strong_bear+structure_breakout20_down,178,0.12359551,2.28124861,33,0.15151515,2.58592904,0.06650457,21,0.04761905,1.10121999,0.00845599
h4,bear,1,macd_cross_down+mtf_di_strong_bear+range_expand,407,0.12285012,2.26749080,68,0.10294118,1.75691061,0.05076577,51,0.03921569,0.90688705,0.01082108
h4,bear,1,macd_cross_down+mtf_macd_bear+structure_breakout20_down,279,0.12186380,2.24928586,64,0.10937500,1.86671752,0.05400113,34,0.05882353,1.36033058,0.01628266
h4,bear,1,adx_up3+price200_cross_down,223,0.12107623,2.23474946,49,0.10204082,1.74154405,0.04437955,58,0.12068966,2.79102308,0.05970966
h4,bear,1,atr_expand+mtf_macd_bear+impulse_bear,837,0.12066906,2.22723404,167,0.10778443,1.83957108,0.06927347,128,0.09375000,2.16802686,0.05444380
h4,bear,1,atr_expand+mtf_di_strong_bear+structure_ll,574,0.12020906,2.21874370,102,0.11764706,2.00789784,0.06859447,97,0.17525773,4.05294368,0.11240054
h4,bear,1,atr_expand+mtf_macd_bear+structure_ll,970,0.11855670,2.18824551,191,0.10994764,1.87649091,0.07304510,145,0.13793103,3.18974067,0.09109583
h4,bear,1,mtf_macd_bear+adx_up3+atr_expand,861,0.11730546,2.16515086,189,0.06349206,1.08362741,0.03668973,162,0.16666667,3.85426997,0.11714482
h4,bear,1,atr_expand+mtf_price20_bear+impulse_bear,755,0.11523179,2.12687634,148,0.08783784,1.49913994,0.05205094,117,0.11111111,2.56951331,0.06609320
h4,bear,1,atr_expand+mtf_di_strong_bear+range_expand,1009,0.11397423,2.10366516,225,0.10222222,1.74464012,0.06908577,158,0.17721519,4.09821111,0.12555027
h4,bear,1,adx_up3+mtf_di_strong_bear+impulse_bear,986,0.11359026,2.09657811,201,0.04975124,0.84911103,0.02724529,200,0.21500000,4.97200826,0.16371876
h4,bear,1,macd_cross_down+atr_expand,354,0.11299435,2.08557911,57,0.12280702,2.09596354,0.06078060,44,0.04545455,1.05116454,0.01255511
h4,bear,1,atr_expand+mtf_price20_bear+structure_ll,894,0.11297539,2.08522918,177,0.10169492,1.73564051,0.06529910,128,0.14843750,3.43270919,0.09713463
h4,bear,1,adx_up3+mtf_macd_bear+structure_breakout20_down,1236,0.11245955,2.07570805,265,0.07547170,1.28808541,0.04938472,241,0.11618257,2.68679401,0.08161713
h4,bear,1,bb_expand+mtf_di_strong_bear+range_expand,2255,0.11175166,2.06264237,463,0.06911447,1.17958577,0.04937957,398,0.10552764,2.44039204,0.07902375
h4,bear,1,bb_expand+mtf_macd_bear+structure_breakout20_down,1616,0.11138614,2.05589575,355,0.08732394,1.49036924,0.06220017,262,0.08778626,2.03011166,0.05920807
h4,bear,1,breakout20_down+mtf_di_strong_bear+impulse_bear,1303,0.11128166,2.05396730,250,0.08400000,1.43363906,0.05559604,192,0.13020833,3.01114842,0.08977422
h4,bear,1,atr_expand+mtf_adx_rising+structure_breakout20_down,354,0.11016949,2.03343963,70,0.15714286,2.68197783,0.09007621,70,0.21428571,4.95548996,0.13438703
h4,bear,1,breakout20_down+mtf_adx25,1520,0.10986842,2.02788266,245,0.06938776,1.18424995,0.04377030,220,0.06818182,1.57674681,0.04175106
h4,bear,1,mtf_adx25+structure_breakout20_down,1520,0.10986842,2.02788266,245,0.06938776,1.18424995,0.04377030,220,0.06818182,1.57674681,0.04175106
h4,bear,1,adx_up3+mtf_di_strong_bear+structure_breakout20_down,865,0.10982659,2.02711057,187,0.06951872,1.18648509,0.04107392,181,0.14364641,3.32191224,0.09995103
h4,bear,1,breakout20_down+mtf_di_strong_bear+range_expand,1103,0.10970082,2.02478911,221,0.07692308,1.31285628,0.04857899,164,0.09146341,2.11514816,0.05621191
h4,bear,1,macd_cross_down+mtf_di_strong_bear+close_near_low,338,0.10946746,2.02048189,59,0.16949153,2.89273418,0.09475839,43,0.02325581,0.53780511,0.00411709
h4,bear,1,breakout20_down+atr_expand,778,0.10925450,2.01655127,150,0.12000000,2.04805580,0.07726903,144,0.13888889,3.21189164,0.09174178
h4,bear,1,atr_expand+structure_breakout20_down,778,0.10925450,2.01655127,150,0.12000000,2.04805580,0.07726903,144,0.13888889,3.21189164,0.09174178
h4,bear,1,bb_expand+mtf_di_strong_bear+impulse_bear,1275,0.10901961,2.01221580,229,0.08733624,1.49057918,0.05724731,213,0.13145540,3.03998758,0.09253885
h4,bear,1,breakout20_down+mtf_macd_bear+impulse_bear,2028,0.10897436,2.01138062,401,0.07481297,1.27684277,0.05290420,297,0.09090909,2.10232908,0.06323021
h4,bear,1,atr_expand+mtf_di_strong_bear+close_near_low,369,0.10840108,2.00079947,71,0.09859155,1.68267495,0.04858282,60,0.15000000,3.46884298,0.08097441
h4,bear,1,atr_expand+mtf_macd_bear+range_expand,1698,0.10836278,2.00009248,390,0.09230769,1.57542754,0.06742154,256,0.12500000,2.89070248,0.08995183
h4,bear,1,macd_cross_down+breakout20_down,351,0.10826211,1.99823435,69,0.11594203,1.97879787,0.05993498,43,0.06976744,1.61341534,0.02401159
h4,bear,1,macd_cross_down+structure_breakout20_down,351,0.10826211,1.99823435,69,0.11594203,1.97879787,0.05993498,43,0.06976744,1.61341534,0.02401159
h4,bear,1,macd_cross_down+mtf_macd_bear+range_expand,739,0.10825440,1.99809203,177,0.07344633,1.25351814,0.04342183,113,0.03539823,0.81860601,0.01385018
h4,bear,1,breakout20_down+mtf_macd_bear+range_expand,1758,0.10807736,1.99482439,359,0.06685237,1.14097816,0.04533282,248,0.07258065,1.67847241,0.04640076
h4,bear,1,atr_expand+mtf_rsi40,944,0.10805085,1.99433503,212,0.11792453,2.01263345,0.08116406,116,0.15517241,3.58845825,0.10046608
h4,bear,1,rsi_cross45_down+atr_expand,491,0.10794297,1.99234396,84,0.09523810,1.62544111,0.04905171,76,0.07894737,1.82570683,0.03668401
h4,bear,1,atr_expand+mtf_di_strong_bear+structure_lh,788,0.10786802,1.99096052,155,0.09677419,1.65165790,0.05952575,153,0.15686275,3.62754821,0.10773492
h4,bear,1,macd_cross_down+mtf_price20_bear+structure_breakout20_down,269,0.10780669,1.98982855,52,0.09615385,1.64107035,0.04177435,30,0.03333333,0.77085399,0.00590859
h4,bear,1,price200_cross_down+mtf_macd_bear+structure_ll,436,0.10779817,1.98967117,126,0.07936508,1.35453426,0.04367887,66,0.06060606,1.40155272,0.02381861
h4,bear,1,atr_expand+mtf_di_strong_bear,1446,0.10719225,1.97848765,309,0.09061489,1.54653620,0.06343737,239,0.14225941,3.28983713,0.10362103
h4,bear,1,adx_cross25_up+atr_expand,196,0.10714286,1.97757591,38,0.10526316,1.79654017,0.04170257,38,0.13157895,3.04284472,0.05753868
h4,bear,1,macd_cross_down+mtf_adx_rising+structure_breakout20_down,159,0.10691824,1.97343005,33,0.15151515,2.58592904,0.06650457,23,0.13043478,3.01638520,0.04537659
h4,bear,1,macd_cross_down+mtf_macd_bear+impulse_bear,713,0.10659187,1.96740605,182,0.09890110,1.68795808,0.06347823,97,0.05154639,1.19204226,0.02221605
h4,bear,1,price200_cross_down+mtf_price20_bear+structure_ll,310,0.10645161,1.96481735,91,0.05494505,0.93775449,0.02369510,45,0.02222222,0.51390266,0.00393360
h4,bear,1,mtf_di_strong_bear+mtf_volatility,9173,0.10639922,1.96385023,1449,0.14492754,2.47349734,0.12774050,1561,0.09545163,2.20737819,0.08185228
h4,bear,1,adx_up3+mtf_di_strong_bear+range_expand,1666,0.10624250,1.96095762,367,0.07629428,1.30212449,0.05331033,335,0.15223881,3.52061675,0.11772717
h4,bear,1,atr_expand+mtf_adx25,1886,0.10604454,1.95730383,283,0.07420495,1.26646560,0.04904395,262,0.10687023,2.47144029,0.07498073
h4,bear,1,rsi40+price20_cross_down,294,0.10544218,1.94618581,50,0.08000000,1.36537053,0.03154951,44,0.13636364,3.15349361,0.06402954
h4,bear,1,bb_expand+mtf_di_strong_bear+structure_breakout20_down,1045,0.10526316,1.94288159,208,0.12019231,2.05133794,0.08275131,181,0.11049724,2.55531711,0.07267710
h4,bear,1,mtf_volatility+impulse_bear,3668,0.10523446,1.94235191,650,0.13692308,2.33688418,0.11262037,632,0.09651899,2.23206141,0.07587455
h4,bear,1,adx_up3+mtf_adx_rising+structure_breakout20_down,770,0.10519481,1.94161998,166,0.07228916,1.23376855,0.04183305,166,0.13855422,3.20415215,0.09413243
h4,bear,1,atr_expand+mtf_macd_bear+close_near_low,637,0.10518053,1.94135657,144,0.07638889,1.30373922,0.04318733,82,0.07317073,1.69211852,0.03396478
h4,bear,1,atr_expand+mtf_price200_bear+structure_breakout20_down,296,0.10472973,1.93303591,73,0.17808219,3.03935221,0.10713373,41,0.02439024,0.56403951,0.00431853
h4,bear,1,adx_up3+mtf_price20_bear+structure_breakout20_down,1347,0.10467706,1.93206377,289,0.07958478,1.35828383,0.05361461,248,0.12096774,2.79745401,0.08606272
h4,bear,1,price20_cross_down+bb_expand,288,0.10416667,1.92264324,54,0.11111111,1.89634796,0.05193022,42,0.11904762,2.75304998,0.05193803
h4,bear,1,volatility+breakout20_down,1855,0.10404313,1.92036302,346,0.11560694,1.97307880,0.08605664,272,0.13602941,3.14576446,0.10032577
h4,bear,1,volatility+structure_breakout20_down,1855,0.10404313,1.92036302,346,0.11560694,1.97307880,0.08605664,272,0.13602941,3.14576446,0.10032577
h4,bear,1,bb_expand+mtf_macd_bear+impulse_bear,2020,0.10396040,1.91883603,442,0.08144796,1.39008312,0.05941020,348,0.08620690,1.99358792,0.06105168
h4,bear,1,bb_lower+atr_expand,1846,0.10346696,1.90972841,347,0.06916427,1.18043562,0.04691544,334,0.14071856,3.25420399,0.10749984
h4,bear,1,rsi40+rsi_cross50_down,261,0.10344828,1.90938364,49,0.10204082,1.74154405,0.04437955,45,0.11111111,2.56951331,0.04840472
h4,bear,1,adx_up3+breakout20_down,1596,0.10338346,1.90818728,347,0.07492795,1.27880525,0.05164302,316,0.12974684,3.00047599,0.09710046
h4,bear,1,adx_up3+structure_breakout20_down,1596,0.10338346,1.90818728,347,0.07492795,1.27880525,0.05164302,316,0.12974684,3.00047599,0.09710046
h4,bear,1,rsi40+atr_expand,1581,0.10309930,1.90294254,317,0.07886435,1.34598830,0.05398665,298,0.14765101,3.41452105,0.11186404
h4,bear,1,mtf_rsi40+mtf_volatility,5389,0.10298757,1.90088016,861,0.15447154,2.63638619,0.13187127,945,0.10793651,2.49609865,0.08971619
h4,bear,1,adx_up3+mtf_di_strong_bear+close_near_low,991,0.10292634,1.89975001,217,0.06451613,1.10110527,0.03881638,186,0.16129032,3.72993868,0.11537775
h4,bear,1,price200_cross_down+mtf_di_strong_bear+structure_lh,176,0.10227273,1.88768609,42,0.04761905,0.81272055,0.01315752,31,0.06451613,1.49197547,0.01787478
h4,bear,1,breakout20_down+mtf_macd_bear+close_near_low,1594,0.10225847,1.88742293,333,0.06906907,1.17881089,0.04646201,233,0.06866953,1.58802540,0.04270723
h4,bear,1,bb_expand+mtf_macd_bear+range_expand,3712,0.10210129,1.88452187,931,0.07089151,1.20991481,0.05610894,660,0.08484848,1.96217380,0.06591766
h4,bear,1,adx_cross25_up+range_expand,629,0.10174881,1.87801591,155,0.08387097,1.43143685,0.04966833,100,0.09000000,2.08130579,0.04807254
h4,bear,1,macd_cross_down+mtf_price20_bear+impulse_bear,613,0.10114192,1.86681445,125,0.12800000,2.18459285,0.08034703,70,0.04285714,0.99109799,0.01468154
h4,bear,1,price20_cross_down+mtf_volatility,1261,0.10071372,1.85891090,236,0.13983051,2.38650570,0.10133040,213,0.04225352,0.97713887,0.02238643
h4,bear,1,atr_expand+mtf_adx_rising+structure_ll,904,0.10066372,1.85798798,173,0.13872832,2.36769456,0.09502936,144,0.17361111,4.01486455,0.12044934
h4,bear,3,atr_expand+mtf_volatility,1172,0.28839590,1.74502362,192,0.36458333,2.12223709,0.29977737,172,0.31395349,2.33520641,0.24930188
h4,bear,3,atr_expand+mtf_macd_bear+structure_breakout20_down,459,0.27233115,1.64781916,103,0.18446602,1.07377544,0.12139537,79,0.26582278,1.97720711,0.18093338
h4,bear,3,atr_expand+mtf_di_strong_bear+structure_breakout20_down,272,0.26470588,1.60168022,58,0.20689655,1.20434341,0.12251484,61,0.39344262,2.92645175,0.28068351
h4,bear,3,macd_cross_down+mtf_adx_rising+structure_breakout20_down,159,0.26415094,1.59832240,33,0.24242424,1.41114986,0.12831713,23,0.34782609,2.58715299,0.18811276
h4,bear,3,price200_cross_down+mtf_macd_bear+structure_breakout20_down,193,0.25906736,1.56756268,57,0.08771930,0.51061344,0.03805167,32,0.18750000,1.39463716,0.08889545
h4,bear,3,mtf_di_strong_bear+mtf_volatility,9173,0.25531451,1.54485498,1449,0.31262940,1.81981360,0.28928280,1561,0.23638693,1.75826133,0.21597367
h4,bear,3,mtf_macd_bear+adx_up3+atr_expand,861,0.25435540,1.53905161,189,0.20105820,1.17035841,0.15013321,162,0.32098765,2.38752699,0.25395996
h4,bear,3,adx_up3+mtf_di_strong_bear+structure_breakout20_down,865,0.25317919,1.53193461,187,0.20320856,1.18287562,0.15178161,181,0.28176796,2.09580833,0.22129248
h4,bear,3,breakout20_down+mtf_volatility,1020,0.25098039,1.51863014,170,0.25294118,1.47236886,0.19355159,185,0.28648649,2.13090507,0.22619963
h4,bear,3,mtf_volatility+structure_breakout20_down,1020,0.25098039,1.51863014,170,0.25294118,1.47236886,0.19355159,185,0.28648649,2.13090507,0.22619963
h4,bear,3,atr_expand+mtf_price20_bear+structure_breakout20_down,443,0.25056433,1.51611266,96,0.17708333,1.03080087,0.11360508,79,0.29113924,2.16551255,0.20251993
h4,bear,3,adx_up3+mtf_di_strong_bear+impulse_bear,986,0.25050710,1.51576634,201,0.17910448,1.04256594,0.13226931,200,0.35000000,2.60332270,0.28728824
h4,bear,3,adx_up3+mtf_volatility,4001,0.24943764,1.50929527,705,0.29078014,1.69262922,0.25846399,753,0.30810093,2.29167470,0.27616676
h4,bear,3,price200_cross_down+mtf_di_strong_bear+impulse_bear,161,0.24844720,1.50330235,36,0.19444444,1.13185978,0.09753095,31,0.12903226,0.95975030,0.05134284
h4,bear,3,adx_up3+mtf_adx_rising+structure_breakout20_down,770,0.24675325,1.49305256,166,0.19277108,1.12211916,0.13998832,166,0.25903614,1.92672764,0.19837343
h4,bear,3,macd_cross_down+atr_expand,354,0.24576271,1.48705904,57,0.24561404,1.42971762,0.15232837,44,0.20454545,1.52142236,0.11153253
h4,bear,3,atr_expand+mtf_di_strong_bear+structure_ll,574,0.24564460,1.48634437,102,0.16666667,0.97016553,0.10674217,97,0.36082474,2.68383784,0.27224493
h4,bear,3,mtf_rsi40+mtf_volatility,5389,0.24457228,1.47985597,861,0.33565621,1.95385252,0.30490578,945,0.23809524,1.77096782,0.21203437
h4,bear,3,price200_cross_down+mtf_di_strong_bear+structure_lh,176,0.24431818,1.47831849,42,0.19047619,1.10876060,0.09982008,31,0.19354839,1.43962546,0.09187008
h4,bear,3,bb_expand+mtf_di_strong_bear+structure_breakout20_down,1045,0.24306220,1.47071881,208,0.22596154,1.31532057,0.17439483,181,0.25966851,1.93143121,0.20125828
h4,bear,3,bb_expand+mtf_di_strong_bear+impulse_bear,1275,0.24235294,1.46642723,229,0.20524017,1.19470165,0.15799967,213,0.25821596,1.92062708,0.20409051
h4,bear,3,mtf_adx25+mtf_volatility,11657,0.24234366,1.46637105,1838,0.20021763,1.16546544,0.18255711,2194,0.19690064,1.46455972,0.18079710
h4,bear,3,breakout20_down+mtf_di_strong_bear+impulse_bear,1303,0.24174981,1.46277780,250,0.18000000,1.04777877,0.13733343,192,0.28125000,2.09195574,0.22242519
h4,bear,3,mtf_volatility+impulse_bear,3668,0.24018539,1.45331181,650,0.29076923,1.69256570,0.25716874,632,0.23575949,1.75359441,0.20432420
h4,bear,3,macd_cross_down+mtf_macd_bear+structure_breakout20_down,279,0.24014337,1.45305757,64,0.20312500,1.18238924,0.12273418,34,0.20588235,1.53136629,0.10349527
h4,bear,3,atr_expand+mtf_di_strong_bear+impulse_bear,500,0.24000000,1.45219007,88,0.12500000,0.72762415,0.07125274,92,0.30434783,2.26375887,0.21973694
h4,bear,3,adx_up3+mtf_macd_bear+structure_breakout20_down,1236,0.23948220,1.44905697,265,0.19245283,1.12026661,0.14951847,241,0.22406639,1.66662034,0.17598820
h4,bear,3,macd_cross_down+breakout20_down,351,0.23931624,1.44805278,69,0.21739130,1.26543330,0.13640766,43,0.23255814,1.72978253,0.13153678
h4,bear,3,macd_cross_down+structure_breakout20_down,351,0.23931624,1.44805278,69,0.21739130,1.26543330,0.13640766,43,0.23255814,1.72978253,0.13153678
h4,bear,3,price200_cross_down+atr_expand,235,0.23829787,1.44189085,61,0.13114754,0.76340894,0.06798077,43,0.18604651,1.38382602,0.09741751
h4,bear,3,price200_cross_down+mtf_di_strong_bear,235,0.23829787,1.44189085,63,0.17460317,1.01636389,0.10039397,50,0.14000000,1.04132908,0.06950833
h4,bear,3,mtf_di_bear+mtf_volatility,11983,0.23825419,1.44162656,2074,0.29508197,1.71767011,0.27584693,2011,0.22824465,1.69769854,0.21042945
h4,bear,3,adx_up3+price200_cross_down,223,0.23766816,1.43808060,49,0.16326531,0.95036623,0.08512698,58,0.25862069,1.92363746,0.16345545
h4,bear,3,adx25+mtf_volatility,11278,0.23709878,1.43463537,1982,0.29919273,1.74159886,0.27943785,1979,0.22486104,1.67253101,0.20701035
h4,bear,3,breakout20_down+mtf_di_strong_bear+structure_lh,1504,0.23603723,1.42821220,291,0.20618557,1.20020478,0.16367647,237,0.23628692,1.75751744,0.18667883
h4,bear,3,macd_cross_down+mtf_di_strong_bear+structure_breakout20_down,178,0.23595506,1.42771496,33,0.27272727,1.58754359,0.15067441,21,0.23809524,1.77096782,0.10628013
h4,bear,3,volatility+mtf_volatility,9620,0.23586279,1.42715665,1647,0.35883424,2.08877168,0.33602231,1395,0.26021505,1.93549645,0.23787180
h4,bear,3,atr_expand+mtf_macd_bear+structure_ll,970,0.23505155,1.42224801,191,0.17801047,1.03619774,0.13027389,145,0.26206897,1.94928596,0.19729505
h4,bear,3,adx_up3+mtf_macd_bear+impulse_bear,1428,0.23459384,1.41947851,305,0.19016393,1.10694296,0.15008181,290,0.25517241,1.89798896,0.20842376
h4,bear,3,bb_expand+mtf_macd_bear+structure_breakout20_down,1616,0.23452970,1.41909044,355,0.18873239,1.09860998,0.15144193,262,0.20992366,1.56142583,0.16498065
h4,bear,3,rsi40+rsi_cross50_down,261,0.23371648,1.41416977,49,0.20408163,1.18795779,0.11481850,45,0.15555556,1.15703231,0.07745423
h4,bear,3,atr_expand+mtf_di_strong_bear+structure_lh,788,0.23350254,1.41287528,155,0.16774194,0.97642466,0.11711903,153,0.31372549,2.33351054,0.24552713
h4,bear,3,adx_up3+mtf_adx_rising+impulse_bear,1255,0.23346614,1.41265502,266,0.19548872,1.13793851,0.15230820,240,0.29583333,2.20042752,0.24167260
h4,bear,3,breakout20_down+mtf_macd_bear+impulse_bear,2028,0.23323471,1.41125473,401,0.17206983,1.00161728,0.13828334,297,0.21548822,1.60281532,0.17251811
h4,bear,3,bb_expand+mtf_volatility,5030,0.23240557,1.40623773,996,0.26807229,1.56044696,0.24149258,903,0.24806202,1.84510136,0.22099947
h4,bear,3,breakout20_down+mtf_adx25,1520,0.23223684,1.40521682,245,0.13469388,0.78405214,0.09754247,220,0.13181818,0.98047219,0.09337152
h4,bear,3,mtf_adx25+structure_breakout20_down,1520,0.23223684,1.40521682,245,0.13469388,0.78405214,0.09754247,220,0.13181818,0.98047219,0.09337152
h4,bear,3,adx_up3+mtf_di_strong_bear+close_near_low,991,0.23208880,1.40432104,217,0.18433180,1.07299413,0.13838833,186,0.24731183,1.83952142,0.19083864
h4,bear,3,atr_expand+mtf_adx_rising+structure_breakout20_down,354,0.23163842,1.40159588,70,0.24285714,1.41366977,0.15751861,70,0.38571429,2.86896787,0.28047691
h4,bear,3,atr_expand+mtf_adx25,1886,0.23117709,1.39880450,283,0.16254417,0.94616850,0.12412831,262,0.25572519,1.90210056,0.20669303
h4,bear,3,breakout20_down+mtf_di_strong_bear,1740,0.23103448,1.39794159,346,0.19942197,1.16083390,0.16072281,277,0.22743682,1.69168984,0.18199880
h4,bear,3,mtf_di_strong_bear+structure_breakout20_down,1740,0.23103448,1.39794159,346,0.19942197,1.16083390,0.16072281,277,0.22743682,1.69168984,0.18199880
h4,bear,3,breakout20_down+mtf_di_strong_bear+structure_ll,1740,0.23103448,1.39794159,346,0.19942197,1.16083390,0.16072281,277,0.22743682,1.69168984,0.18199880
h4,bear,3,breakout20_down+mtf_di_strong_bear+structure_breakout20_down,1740,0.23103448,1.39794159,346,0.19942197,1.16083390,0.16072281,277,0.22743682,1.69168984,0.18199880
h4,bear,3,adx_cross25_up+mtf_adx25,481,0.23076923,1.39633661,88,0.18181818,1.05836239,0.11513100,77,0.12987013,0.96598245,0.07209829
h4,bear,3,atr_expand+mtf_di_strong_bear,1446,0.23029046,1.39343964,309,0.17799353,1.03609911,0.13937719,239,0.30543933,2.27187755,0.25050525
h4,bear,3,bb_expand+mtf_macd_bear+impulse_bear,2020,0.23019802,1.39288033,442,0.21719457,1.26428811,0.18127931,348,0.18965517,1.41066747,0.15194065
h4,bear,3,atr_expand+mtf_price20_bear+structure_ll,894,0.22930649,1.38748585,177,0.15819209,0.92083508,0.11177343,128,0.28906250,2.15006562,0.21758400
h4,bear,3,price20_cross_down+mtf_volatility,1261,0.22918319,1.38673979,236,0.29661017,1.72656577,0.24196953,213,0.19248826,1.43174018,0.14517885
h4,bear,3,macd_accel_down+mtf_di_strong_bear+structure_breakout20_down,1633,0.22902633,1.38579069,323,0.20743034,1.20745059,0.16677706,251,0.24302789,1.80765720,0.19409917
h4,bear,3,mtf_macd_bear+mtf_volatility,11733,0.22867127,1.38364228,2297,0.26469308,1.54077660,0.24705521,2186,0.21454712,1.59581538,0.19784712
h4,bear,3,bb_expand+mtf_di_strong_bear+close_near_low,1305,0.22835249,1.38171341,257,0.21400778,1.24573784,0.16826991,202,0.18811881,1.39923992,0.14023483
h4,bear,3,body_bear+mtf_volatility,3293,0.22805952,1.37994071,585,0.28547009,1.66171942,0.25036408,564,0.20567376,1.52981476,0.17436053
h4,bear,3,atr_expand+mtf_di_strong_bear+range_expand,1009,0.22794846,1.37926873,225,0.19111111,1.11245647,0.14509200,158,0.31012658,2.30674163,0.24322913
h4,bear,3,trend_bear+mtf_volatility,8352,0.22749042,1.37649721,1331,0.35762585,2.08173760,0.33231996,1488,0.20900538,1.55459555,0.18910856
h4,bear,3,volatility+mtf_adx25,10494,0.22736802,1.37575659,1814,0.19680265,1.14558686,0.17915548,1602,0.18976280,1.41146799,0.17131236
h4,bear,3,adx_up3+mtf_price20_bear+structure_breakout20_down,1347,0.22717149,1.37456744,289,0.19377163,1.12794331,0.15234129,248,0.23387097,1.73954743,0.18549444
h4,bear,3,atr_expand+mtf_macd_bear+impulse_bear,837,0.22700119,1.37353700,167,0.19161677,1.11539989,0.13912799,128,0.21093750,1.56896681,0.14921309
h4,bear,3,volatility+mtf_di_strong_bear,8984,0.22684773,1.37260842,1617,0.28200371,1.64154167,0.26060811,1491,0.22266935,1.65622906,0.20227966
h4,bear,3,atr_expand+mtf_rsi40,944,0.22669492,1.37168377,212,0.21226415,1.23558817,0.16259349,116,0.32758621,2.43660745,0.24890298
h4,bear,3,adx_up3+mtf_price20_bear+impulse_bear,1459,0.22618232,1.36858214,312,0.19551282,1.13807879,0.15532150,278,0.28057554,2.08693906,0.23102894
h4,bear,3,price20_cross_down+breakout20_down,186,0.22580645,1.36630786,38,0.18421053,1.07228821,0.09221765,31,0.25806452,1.91950061,0.13701706
h4,bear,3,price20_cross_down+structure_breakout20_down,186,0.22580645,1.36630786,38,0.18421053,1.07228821,0.09221765,31,0.25806452,1.91950061,0.13701706
h4,bear,3,rsi40+atr_expand,1581,0.22454143,1.35865348,317,0.19242902,1.12012802,0.15281981,298,0.31208054,2.32127527,0.26214646
h4,bear,3,volatility+mtf_rsi40,5771,0.22405129,1.35568775,975,0.31589744,1.83883681,0.28748869,928,0.23814655,1.77134950,0.21185614
h4,bear,3,price200_cross_down+mtf_adx25,326,0.22392638,1.35493194,62,0.16129032,0.93886986,0.09004069,83,0.12048193,0.89615239,0.06677690
h4,bear,3,macd_cross_down+mtf_di_strong_bear+impulse_bear,393,0.22391858,1.35488471,76,0.30263158,1.76161635,0.21091335,46,0.17391304,1.29357650,0.09085792
h4,bear,3,breakout20_down+atr_expand,778,0.22365039,1.35326195,150,0.20000000,1.16419863,0.14384082,144,0.27777778,2.06612913,0.21112190
h4,bear,3,atr_expand+structure_breakout20_down,778,0.22365039,1.35326195,150,0.20000000,1.16419863,0.14384082,144,0.27777778,2.06612913,0.21112190
h4,bear,3,rsi_down1+mtf_volatility,4501,0.22350589,1.35238763,873,0.28407789,1.65361547,0.25515922,773,0.21345408,1.58768525,0.18602271
h4,bear,6,atr_expand+mtf_macd_bear+structure_breakout20_down,459,0.45969499,1.59144755,103,0.32038835,1.15102263,0.23813051,79,0.35443038,1.50176725,0.25795398
h4,bear,6,atr_expand+mtf_volatility,1172,0.45307167,1.56851786,192,0.51041667,1.83371567,0.44020020,172,0.46511628,1.97075768,0.39215228
h4,bear,6,atr_expand+mtf_di_strong_bear+structure_breakout20_down,272,0.44485294,1.54006491,58,0.37931034,1.36270496,0.26564273,61,0.45901639,1.94491168,0.34012932
h4,bear,6,price200_cross_down+atr_expand,235,0.44255319,1.53210326,61,0.22950820,0.82452789,0.14193230,43,0.39534884,1.67514403,0.26365315
h4,bear,6,macd_cross_down+atr_expand,354,0.43502825,1.50605218,57,0.42105263,1.51266770,0.30187597,44,0.38636364,1.63707257,0.25721203
h4,bear,6,atr_expand+mtf_price20_bear+structure_breakout20_down,443,0.43340858,1.50044494,96,0.35416667,1.27237414,0.26579840,79,0.37974684,1.60903633,0.28066495
h4,bear,6,price200_cross_down+mtf_di_strong_bear+structure_lh,176,0.42045455,1.45559854,42,0.21428571,0.76983981,0.11705800,31,0.38709677,1.64017897,0.23733101
h4,bear,6,atr_expand+mtf_di_strong_bear+impulse_bear,500,0.41800000,1.44710099,88,0.28409091,1.02062096,0.20044769,92,0.41304348,1.75011851,0.31789098
h4,bear,6,price200_cross_down+mtf_di_strong_bear+impulse_bear,161,0.41614907,1.44069313,36,0.25000000,0.89814645,0.13750478,31,0.22580645,0.95677107,0.11395136
h4,bear,6,mtf_macd_bear+adx_up3+atr_expand,861,0.41463415,1.43544853,189,0.30158730,1.08347826,0.24064381,162,0.42592593,1.80470310,0.35236420
h4,bear,6,atr_expand+mtf_macd_bear+structure_ll,970,0.41237113,1.42761406,191,0.31413613,1.12856098,0.25252201,145,0.35172414,1.49030055,0.27874293
h4,bear,6,atr_expand+mtf_macd_bear+impulse_bear,837,0.41218638,1.42697445,167,0.31137725,1.11864947,0.24605297,128,0.30468750,1.29100025,0.23160562
h4,bear,6,atr_expand+mtf_di_strong_bear+range_expand,1009,0.40535183,1.40331350,225,0.30222222,1.08575926,0.24595165,158,0.41139241,1.74312270,0.33765332
h4,bear,6,atr_expand+mtf_adx25,1886,0.40455992,1.40057190,283,0.28975265,1.04096126,0.23999454,262,0.37022901,1.56870807,0.31402914
h4,bear,6,atr_expand+mtf_di_strong_bear+structure_lh,788,0.40228426,1.39269368,155,0.29032258,1.04300878,0.22462256,153,0.39869281,1.68931287,0.32450636
h4,bear,6,atr_expand+mtf_macd_bear+close_near_low,637,0.40188383,1.39130739,144,0.26388889,0.94804347,0.19871473,82,0.31707317,1.34347993,0.22648066
h4,bear,6,atr_expand+mtf_di_strong_bear+structure_ll,574,0.40069686,1.38719816,102,0.31372549,1.12708574,0.23182975,97,0.44329897,1.87831492,0.34847593
h4,bear,6,atr_expand+mtf_di_strong_bear,1446,0.40041494,1.38622214,309,0.29126214,1.04638421,0.24341341,239,0.39748954,1.68421446,0.33753924
h4,bear,6,price200_cross_down+mtf_di_strong_bear,235,0.40000000,1.38478564,63,0.20634921,0.74132723,0.12475320,50,0.30000000,1.27113870,0.19103554
h4,bear,6,atr_expand+mtf_adx_rising+structure_breakout20_down,354,0.39830508,1.37891790,70,0.40000000,1.43703432,0.29334258,70,0.44285714,1.87644285,0.33249529
h4,bear,6,atr_expand+mtf_macd_bear+range_expand,1698,0.39752650,1.37622248,390,0.31282051,1.12383453,0.26881990,256,0.33593750,1.42341053,0.28088326
h4,bear,6,breakout20_down+atr_expand,778,0.39460154,1.36609637,150,0.36666667,1.31728146,0.29377445,144,0.38194444,1.61834789,0.30663350
h4,bear,6,atr_expand+structure_breakout20_down,778,0.39460154,1.36609637,150,0.36666667,1.31728146,0.29377445,144,0.38194444,1.61834789,0.30663350
h4,bear,6,atr_expand+mtf_price20_bear+structure_ll,894,0.39261745,1.35922752,177,0.33333333,1.19752860,0.26807682,128,0.36718750,1.55582081,0.28868455
h4,bear,6,atr_expand+mtf_rsi40,944,0.38983051,1.34957923,212,0.31603774,1.13539268,0.25720055,116,0.44827586,1.89940266,0.36087984
h4,bear,6,adx25+atr_expand,2444,0.38829787,1.34427329,473,0.32346723,1.16208378,0.28287775,347,0.35734870,1.51413256,0.30874145
h4,bear,6,atr_expand+mtf_macd_bear,2404,0.38810316,1.34359921,525,0.30857143,1.10856933,0.27056999,365,0.32602740,1.38142014,0.27996664
h4,bear,6,adx_cross25_up+atr_expand,196,0.38775510,1.34239424,38,0.39473684,1.41812597,0.25598076,38,0.50000000,2.11856451,0.34849928
h4,bear,6,macd_cross_down+mtf_macd_bear+structure_breakout20_down,279,0.38709677,1.34011514,64,0.37500000,1.34721967,0.26665980,34,0.26470588,1.12159297,0.14601191
h4,bear,6,rsi_cross45_down+atr_expand,491,0.38696538,1.33966024,84,0.28571429,1.02645308,0.20015034,76,0.35526316,1.50529583,0.25701779
h4,bear,6,atr_expand+mtf_macd_bear+structure_lh,1314,0.38660578,1.33841534,268,0.30970149,1.11262918,0.25736065,219,0.33789954,1.43172396,0.27852904
h4,bear,6,atr_expand+bb_expand,2638,0.38627748,1.33727878,511,0.33855186,1.21627660,0.29886242,470,0.33617021,1.42439656,0.29494333
h4,bear,6,volatility+atr_expand,2864,0.38582402,1.33570891,605,0.35537190,1.27670404,0.31825522,491,0.39103870,1.65688141,0.34888106
h4,bear,6,di_spread_down3+atr_expand,2256,0.38563830,1.33506594,408,0.32843137,1.17991788,0.28464581,408,0.38970588,1.65123410,0.34362339
h4,bear,6,atr_expand+mtf_price20_bear+impulse_bear,755,0.38543046,1.33434643,148,0.29054054,1.04379182,0.22343174,117,0.32478632,1.37616156,0.24667583
h4,bear,6,rsi_down3+atr_expand,2211,0.38398915,1.32935664,399,0.34335840,1.23354450,0.29845999,394,0.39593909,1.67764499,0.34887737
h4,bear,6,macd_cross_down+mtf_adx_rising+structure_breakout20_down,159,0.38364780,1.32817491,33,0.45454545,1.63299354,0.29842939,23,0.43478261,1.84223001,0.25634635
h4,bear,6,rsi_cross50_down+breakout20_down,204,0.38235294,1.32369216,54,0.29629630,1.06446987,0.19137425,46,0.28260870,1.19744950,0.17324202
h4,bear,6,rsi_cross50_down+structure_breakout20_down,204,0.38235294,1.32369216,54,0.29629630,1.06446987,0.19137425,46,0.28260870,1.19744950,0.17324202
h4,bear,6,atr_expand+mtf_di_bear,2115,0.38203310,1.32258487,471,0.29299363,1.05260476,0.25369721,348,0.36494253,1.54630858,0.31609256
h4,bear,6,mtf_di_strong_bear+mtf_volatility,9173,0.38100948,1.31904116,1449,0.42581090,1.52976221,0.40058050,1561,0.34913517,1.47933076,0.32588396
h4,bear,6,rsi40+atr_expand,1581,0.38077166,1.31821783,317,0.33438486,1.20130629,0.28470736,298,0.42953020,1.81997488,0.37457645
h4,bear,6,adx_up3+atr_expand,1626,0.37945879,1.31367272,337,0.35311573,1.26859855,0.30400498,330,0.39696970,1.68201182,0.34565795
h4,bear,6,macd_cross_down+breakout20_down,351,0.37891738,1.31179836,69,0.37681159,1.35372798,0.27183529,43,0.34883721,1.47806826,0.22418590
h4,bear,6,macd_cross_down+structure_breakout20_down,351,0.37891738,1.31179836,69,0.37681159,1.35372798,0.27183529,43,0.34883721,1.47806826,0.22418590
h4,bear,6,macd_falling+atr_expand,2587,0.37881716,1.31145142,479,0.32567850,1.17002794,0.28524262,433,0.38337182,1.62439588,0.33879186
h4,bear,6,macd_accel_down+atr_expand,2587,0.37881716,1.31145142,479,0.32567850,1.17002794,0.28524262,433,0.38337182,1.62439588,0.33879186
h4,bear,6,atr_expand+mtf_bb_bear,2208,0.37862319,1.31077989,506,0.30434783,1.09339568,0.26585446,347,0.33429395,1.41644659,0.28671236
h4,bear,6,price200_cross_down+mtf_macd_bear+structure_breakout20_down,193,0.37823834,1.30944756,57,0.19298246,0.69330603,0.11132747,32,0.31250000,1.32410282,0.17952542
h4,bear,6,macd_cross_down+bb_expand,299,0.37792642,1.30836770,50,0.32000000,1.14962745,0.20758216,33,0.30303030,1.28397849,0.17375531
h4,bear,6,mtf_adx25+mtf_volatility,11657,0.37788453,1.30822269,1838,0.32807399,1.17863397,0.30698741,2194,0.31540565,1.33641444,0.29629881
h4,bear,6,di_strong_bear+atr_expand,2257,0.37660611,1.30379685,431,0.30626450,1.10028150,0.26461826,421,0.41330166,1.75121247,0.36725427
h4,bear,6,price20_cross_down+breakout20_down,186,0.37634409,1.30288971,38,0.34210526,1.22904251,0.21212415,31,0.38709677,1.64017897,0.23733101
h4,bear,6,price20_cross_down+structure_breakout20_down,186,0.37634409,1.30288971,38,0.34210526,1.22904251,0.21212415,31,0.38709677,1.64017897,0.23733101
h4,bear,6,bb_lower+atr_expand,1846,0.37594800,1.30151846,347,0.33429395,1.20097969,0.28671236,334,0.42814371,1.81410015,0.37619139
h4,bear,6,adx_rising+atr_expand,3127,0.37448033,1.29643747,620,0.33387097,1.19946010,0.29787319,565,0.35752212,1.51486736,0.31908735
h4,bear,6,atr_expand+body_expand,1867,0.37439743,1.29615046,349,0.31232092,1.12203969,0.26596492,276,0.34420290,1.45843209,0.29063526
h4,bear,6,atr_expand+mtf_price20_bear+range_expand,1532,0.37402089,1.29484689,355,0.30422535,1.09295568,0.25867265,207,0.33816425,1.43284556,0.27718773
h4,bear,6,atr_expand+mtf_price20_bear,2193,0.37300502,1.29132997,496,0.29838710,1.07198125,0.25979498,317,0.33438486,1.41683178,0.28470736
h4,bear,6,atr_expand+mtf_ema20_falling,2193,0.37300502,1.29132997,496,0.29838710,1.07198125,0.25979498,317,0.33438486,1.41683178,0.28470736
h4,bear,6,adx_up3+mtf_volatility,4001,0.37290677,1.29098986,705,0.39574468,1.42174672,0.36030617,753,0.41301461,1.74999618,0.37837476
h4,bear,6,atr_expand+mtf_trend_bear+structure_breakout20_down,169,0.37278107,1.29055466,53,0.37735849,1.35569275,0.25936265,22,0.13636364,0.57779032,0.04749004
h4,bear,6,atr_expand+mtf_price20_bear+structure_lh,1216,0.37171053,1.28684850,256,0.29687500,1.06654891,0.24424522,197,0.36548223,1.54859538,0.30140511
h4,bear,6,atr_expand+mtf_adx_rising+structure_ll,904,0.37168142,1.28674772,173,0.38150289,1.37058186,0.31243716,144,0.39583333,1.67719690,0.31966478
h4,bear,6,atr_expand+impulse_bear,1656,0.37137681,1.28569319,300,0.33666667,1.20950388,0.28555537,271,0.33579336,1.42279978,0.28220785
h4,bear,6,body_bear+atr_expand,1132,0.37102473,1.28447431,190,0.28947368,1.03995905,0.22966572,192,0.32812500,1.39030796,0.26565031
h4,bear,6,atr_expand+mtf_adx_rising+range_expand,1729,0.37073453,1.28346963,342,0.33040936,1.18702396,0.28268486,244,0.37295082,1.58024074,0.31468213
h4,bear,6,macd_bear+atr_expand,2630,0.37072243,1.28342776,500,0.34400000,1.23584951,0.30369297,431,0.41763341,1.76956664,0.37200227
h4,bear,6,volatility+mtf_volatility,9620,0.37037422,1.28222225,1647,0.47662417,1.71231321,0.45258553,1395,0.37849462,1.60373055,0.35340958
h4,bear,6,ema20_slope_down3+atr_expand,2514,0.36913286,1.27792470,494,0.31983806,1.14904566,0.28023391,412,0.41262136,1.74832993,0.36610445
h4,bear,6,price20_cross_down+atr_expand,531,0.36911488,1.27786245,80,0.36250000,1.30231235,0.26570793,69,0.31884058,1.35096867,0.22094760
h4,bear,6,di_bear+atr_expand,2674,0.36910995,1.27784539,506,0.29841897,1.07209576,0.26019121,458,0.41484716,1.75776094,0.37061531
h4,bear,6,atr_expand+mtf_adx_rising+impulse_bear,821,0.36906212,1.27767981,153,0.36601307,1.31493336,0.29383470,134,0.37313433,1.58101829,0.29585453
h4,bear,6,adx25+mtf_volatility,11278,0.36885973,1.27697913,1982,0.41927346,1.50627588,0.39772653,1979,0.33097524,1.40238479,0.31058807
h4,bear,6,atr_expand+mtf_di_strong_bear+close_near_low,369,0.36856369,1.27595425,71,0.23943662,0.86019660,0.15520940,60,0.43333333,1.83608924,0.31572397
h4,bear,6,atr_expand+mtf_price20_bear+close_near_low,589,0.36842105,1.27546046,130,0.26153846,0.93959936,0.19361537,81,0.33333333,1.41237634,0.24028771
h4,bear,6,price20_bear+atr_expand,2595,0.36840077,1.27539024,493,0.31440162,1.12951480,0.27498733,429,0.40792541,1.72843258,0.36243735
h4,bear,6,ema20_falling+atr_expand,2595,0.36840077,1.27539024,493,0.31440162,1.12951480,0.27498733,429,0.40792541,1.72843258,0.36243735
h4,bear,6,bb_expand+mtf_di_strong_bear+impulse_bear,1275,0.36784314,1.27345974,229,0.31004367,1.11385848,0.25368765,213,0.33802817,1.43226896,0.27787101
h4,bear,6,volatility+mtf_adx25,10494,0.36782924,1.27341161,1814,0.29547960,1.06153582,0.27493337,1602,0.29962547,1.26955176,0.27769435
h4,bear,12,atr_expand+mtf_volatility,1172,0.54948805,1.27980336,192,0.66666667,1.63276200,0.59729446,172,0.58139535,1.58811057,0.50667909
h4,bear,12,macd_cross_down+atr_expand,354,0.54519774,1.26981086,57,0.49122807,1.20308779,0.36616282,44,0.50000000,1.36577509,0.35831761
h4,bear,12,atr_expand+mtf_macd_bear+structure_breakout20_down,459,0.53376906,1.24319252,103,0.35922330,0.87978923,0.27317093,79,0.45569620,1.24475704,0.35048458
h4,bear,12,price200_cross_down+mtf_di_strong_bear+structure_lh,176,0.52840909,1.23070870,42,0.28571429,0.69975514,0.17167025,31,0.45161290,1.23360331,0.29161736
h4,bear,12,price200_cross_down+atr_expand,235,0.52765957,1.22896301,61,0.32786885,0.80299770,0.22335120,43,0.51162791,1.39753730,0.36752308
h4,bear,12,atr_expand+mtf_price20_bear+structure_breakout20_down,443,0.52595937,1.22500309,96,0.40625000,0.99496434,0.31345302,79,0.48101266,1.31391021,0.37429730
h4,bear,12,rsi_cross50_down+macd_cross_down,606,0.51650165,1.20297528,159,0.42767296,1.04743223,0.35337225,101,0.42574257,1.16293720,0.33377697
h4,bear,12,price200_cross_down+mtf_di_strong_bear+impulse_bear,161,0.51552795,1.20070745,36,0.33333333,0.81638100,0.20214619,31,0.29032258,0.79303070,0.16095800
h4,bear,12,adx_cross25_up+atr_expand,196,0.51530612,1.20019080,38,0.52631579,1.28902263,0.37258971,38,0.55263158,1.50954089,0.39706297
h4,bear,12,atr_expand+mtf_macd_bear+impulse_bear,837,0.51493429,1.19932476,167,0.38323353,0.93859372,0.31290913,128,0.40625000,1.10969226,0.32510302
h4,bear,12,atr_expand+mtf_di_strong_bear+structure_breakout20_down,272,0.51470588,1.19879279,58,0.41379310,1.01343848,0.29628026,61,0.54098361,1.47772387,0.41724048
h4,bear,12,mtf_macd_bear+adx_up3+atr_expand,861,0.51451800,1.19835520,189,0.37037037,0.90709000,0.30474703,162,0.51851852,1.41635935,0.44204287
h4,bear,12,atr_expand+mtf_adx25,1886,0.51219512,1.19294502,283,0.40636042,0.99523479,0.35076192,262,0.48473282,1.32407203,0.42487659
h4,bear,12,atr_expand+mtf_di_strong_bear+impulse_bear,500,0.51200000,1.19249056,88,0.40909091,1.00192214,0.31226759,92,0.45652174,1.24701204,0.35852667
h4,bear,12,atr_expand+mtf_macd_bear+structure_ll,970,0.51134021,1.19095385,191,0.35602094,0.87194620,0.29156693,145,0.44137931,1.20564973,0.36310588
h4,bear,12,adx_up3+mtf_volatility,4001,0.51087228,1.18986401,705,0.51347518,1.25757414,0.47660734,753,0.50863214,1.38935421,0.47297182
h4,bear,12,atr_expand+mtf_macd_bear+close_near_low,637,0.51020408,1.18830772,144,0.31250000,0.76535719,0.24249765,82,0.45121951,1.23252874,0.34811270
h4,bear,12,rsi40+rsi_cross50_down,261,0.50957854,1.18685079,49,0.46938776,1.14959773,0.33703504,45,0.51111111,1.39612565,0.37004465
h4,bear,12,mtf_adx25+mtf_volatility,11657,0.50870721,1.18482139,1838,0.46082699,1.12863119,0.43814420,2194,0.44895169,1.22633406,0.42824641
h4,bear,12,mtf_di_strong_bear+mtf_volatility,9173,0.50823068,1.18371149,1449,0.53071084,1.29978673,0.50496764,1561,0.45547726,1.24415898,0.43091148
h4,bear,12,atr_expand+mtf_price20_bear+structure_ll,894,0.50782998,1.18277823,177,0.39548023,0.96858763,0.32640244,128,0.42968750,1.17371297,0.34721171
h4,bear,12,atr_expand+bb_expand,2638,0.50682335,1.18043372,511,0.44031311,1.07838978,0.39787517,470,0.42553191,1.16236178,0.38161406
h4,bear,12,price200_cross_down+mtf_di_strong_bear,235,0.50638298,1.17940805,63,0.28571429,0.69975514,0.18903192,50,0.38000000,1.03798907,0.25862789
h4,bear,12,atr_expand+mtf_price20_bear+impulse_bear,755,0.50596026,1.17842352,148,0.41216216,1.00944407,0.33606115,117,0.39316239,1.07394280,0.30940367
h4,bear,12,atr_expand+mtf_macd_bear+range_expand,1698,0.50471143,1.17551487,390,0.40512821,0.99221691,0.35756109,256,0.44140625,1.20572332,0.38189072
h4,bear,12,volatility+mtf_volatility,9620,0.50259875,1.17059427,1647,0.58409229,1.43052554,0.56012003,1395,0.49390681,1.34913123,0.46772352
h4,bear,12,atr_expand+mtf_bb_bear,2208,0.50226449,1.16981576,506,0.43083004,1.05516438,0.38836428,347,0.41210375,1.12568206,0.36155253
h4,bear,12,atr_expand+mtf_macd_bear,2404,0.50166389,1.16841691,525,0.40190476,0.98432223,0.36082512,365,0.42465753,1.15997336,0.37499196
h4,bear,12,atr_expand+mtf_di_strong_bear,1446,0.50138313,1.16776298,309,0.42071197,1.03038379,0.36697208,239,0.44769874,1.22291158,0.38597921
h4,bear,12,adx_up3+atr_expand,1626,0.50123001,1.16740636,337,0.47774481,1.17006535,0.42496631,330,0.48787879,1.33266539,0.43439889
h4,bear,12,adx25+atr_expand,2444,0.50081833,1.16644752,473,0.44820296,1.09771314,0.40398199,347,0.42651297,1.16504157,0.37556013
h4,bear,12,macd_cross_down+mtf_adx_rising+pullback_bear,234,0.50000000,1.16454156,60,0.46666667,1.14293340,0.34627906,34,0.55882353,1.52645451,0.39453899
h4,bear,12,rsi_cross50_down+breakout20_down,204,0.50000000,1.16454156,54,0.40740741,0.99779900,0.28678212,46,0.47826087,1.30639356,0.34124689
h4,bear,12,rsi_cross50_down+structure_breakout20_down,204,0.50000000,1.16454156,54,0.40740741,0.99779900,0.28678212,46,0.47826087,1.30639356,0.34124689
h4,bear,12,atr_expand+mtf_di_bear,2115,0.49929078,1.16288973,471,0.42038217,1.02957604,0.37662325,348,0.43390805,1.18524160,0.38283808
h4,bear,12,atr_expand+mtf_macd_bear+structure_lh,1314,0.49847793,1.16099654,268,0.38805970,0.95041370,0.33169123,219,0.43835616,1.19739186,0.37426319
h4,bear,12,adx_cross25_up+impulse_bear,305,0.49836066,1.16072340,66,0.36363636,0.89059745,0.25806983,59,0.42372881,1.15743652,0.30612727
h4,bear,12,volatility+mtf_adx25,10494,0.49733181,1.15832712,1814,0.42061742,1.03015221,0.39809131,1602,0.42009988,1.14752389,0.39614957
h4,bear,12,rsi_down3+atr_expand,2211,0.49706015,1.15769442,399,0.41854637,1.02507990,0.37114310,394,0.49492386,1.35190935,0.44584353
h4,bear,12,rsi_cross45_down+atr_expand,491,0.49694501,1.15742624,84,0.40476190,0.99131979,0.30619602,76,0.47368421,1.29389219,0.36542100
h4,bear,12,rsi_down1+adx_cross25_up,326,0.49693252,1.15739714,68,0.36764706,0.90042022,0.26300465,66,0.40909091,1.11745234,0.29867418
h4,bear,12,atr_expand+mtf_rsi40,944,0.49682203,1.15713982,212,0.43867925,1.07438820,0.37356134,116,0.50862069,1.38932293,0.41883838
h4,bear,12,atr_expand+body_expand,1867,0.49651848,1.15643281,349,0.42120344,1.03158745,0.37053520,276,0.44565217,1.21732127,0.38815882
h4,bear,12,atr_expand+mtf_di_strong_bear+structure_ll,574,0.49651568,1.15642629,102,0.36274510,0.88841462,0.27599511,97,0.49484536,1.35169493,0.39745823
h4,bear,12,atr_expand+mtf_di_strong_bear+structure_lh,788,0.49619289,1.15567450,155,0.40645161,0.99545812,0.33229717,153,0.45098039,1.23187557,0.37429813
h4,bear,12,breakout20_down+atr_expand,778,0.49614396,1.15556052,150,0.42000000,1.02864006,0.34398004,144,0.47916667,1.30886779,0.39917896
h4,bear,12,atr_expand+structure_breakout20_down,778,0.49614396,1.15556052,150,0.42000000,1.02864006,0.34398004,144,0.47916667,1.30886779,0.39917896
h4,bear,12,atr_expand+mtf_price20_bear,2193,0.49612403,1.15551411,496,0.41935484,1.02705997,0.37671102,317,0.40063091,1.09434345,0.34818803
h4,bear,12,atr_expand+mtf_ema20_falling,2193,0.49612403,1.15551411,496,0.41935484,1.02705997,0.37671102,317,0.40063091,1.09434345,0.34818803
h4,bear,12,macd_falling+atr_expand,2587,0.49594124,1.15508839,479,0.41753653,1.02260668,0.37420041,433,0.48498845,1.32477029,0.43825401
h4,bear,12,macd_accel_down+atr_expand,2587,0.49594124,1.15508839,479,0.41753653,1.02260668,0.37420041,433,0.48498845,1.32477029,0.43825401
h4,bear,12,atr_expand+mtf_price20_bear+close_near_low,589,0.49575552,1.15465581,130,0.36153846,0.88545939,0.28402063,81,0.41975309,1.14657662,0.31830963
h4,bear,12,adx25+mtf_volatility,11278,0.49565526,1.15442230,1982,0.52472250,1.28512044,0.50271048,1979,0.44416372,1.21325548,0.42240161
h4,bear,12,macd_cross_down+bb_expand,299,0.49498328,1.15285720,50,0.42000000,1.02864006,0.29375003,33,0.36363636,0.99329097,0.22187178
h4,bear,12,volatility+atr_expand,2864,0.49476257,1.15234315,605,0.47438017,1.16182486,0.43487761,491,0.46639511,1.27398165,0.42270085
h4,bear,12,body_bear+atr_expand,1132,0.49469965,1.15219660,190,0.36315789,0.88942562,0.29811552,192,0.43750000,1.19505320,0.36923733
h4,bear,12,di_spread_down3+atr_expand,2256,0.49423759,1.15112043,408,0.40931373,1.00246785,0.36266344,408,0.50245098,1.37247006,0.45413915
h4,bear,12,price200_cross_down+mtf_price20_bear+structure_ll,310,0.49354839,1.14951522,91,0.42857143,1.04963271,0.33182664,45,0.26666667,0.72841338,0.15964904
h4,bear,12,macd_cross_down+price20_cross_down,750,0.49333333,1.14901434,200,0.42000000,1.02864006,0.35373599,130,0.45384615,1.23970354,0.37081442
h4,bear,12,volatility+mtf_di_strong_bear,8984,0.49321015,1.14872744,1617,0.48732220,1.19352176,0.46301853,1491,0.43796110,1.19631272,0.41296924
h4,bear,12,atr_expand+impulse_bear,1656,0.49275362,1.14766415,300,0.42666667,1.04496768,0.37197358,271,0.42804428,1.16922443,0.37054450
h4,bear,12,atr_expand+mtf_di_strong_bear+range_expand,1009,0.49256690,1.14722925,225,0.43555556,1.06673784,0.37238713,158,0.46202532,1.26204533,0.38611153
h4,bear,12,macd_cross_down+di_cross_down,516,0.49224806,1.14648666,124,0.45161290,1.10606458,0.36678874,70,0.47142857,1.28773080,0.35904876
h4,bear,12,atr_expand+mtf_price20_bear+structure_lh,1216,0.49177632,1.14538792,256,0.41406250,1.01409827,0.35542977,197,0.43147208,1.17858764,0.36427293
h4,bear,12,mtf_volatility+impulse_bear,3668,0.49154853,1.14485738,650,0.51384615,1.25848271,0.47545444,632,0.46044304,1.25772326,0.42193944
h4,bear,12,bb_expand+mtf_volatility,5030,0.49125249,1.14416787,996,0.50903614,1.24670231,0.47801426,903,0.45736434,1.24931365,0.42512036
h4,bear,12,rsi_cross50_down+atr_expand,493,0.49087221,1.14328218,74,0.50000000,1.22457150,0.38892595,68,0.45588235,1.24526552,0.34304883
h4,bear,12,mtf_rsi40+mtf_volatility,5389,0.49081462,1.14314806,861,0.54123113,1.32555243,0.50783753,945,0.43915344,1.19956965,0.40782105
h4,bear,12,rsi_down1+atr_expand,1679,0.49076831,1.14304020,325,0.43384615,1.06255127,0.38104729,264,0.42803030,1.16918625,0.36979744
h4,bear,12,adx_cross25_up+mtf_adx25,481,0.49064449,1.14275181,88,0.38636364,0.94625980,0.29142099,77,0.37662338,1.02876565,0.27670012
h4,bear,12,adx_rising+atr_expand,3127,0.49024624,1.14182425,620,0.45967742,1.12581573,0.42081706,565,0.44778761,1.22315433,0.40727462
h4,bear,12,price20_cross_down+atr_expand,531,0.48964218,1.14041735,80,0.43750000,1.07150006,0.33413861,69,0.44927536,1.22721819,0.33768856
h4,bear,12,rsi40+atr_expand,1581,0.48956357,1.14023424,317,0.41324921,1.01210641,0.36039687,298,0.51342282,1.40244019,0.45686563
h4,bear,12,mtf_di_bear+mtf_volatility,11983,0.48952683,1.14014868,2074,0.51542912,1.26235963,0.49391213,2011,0.45648931,1.24692345,0.43482272
h4,bear,12,price20_cross_down+breakout20_down,186,0.48924731,1.13949766,38,0.44736842,1.09566924,0.30146401,31,0.54838710,1.49794687,0.37772168
h4,bear,12,price20_cross_down+structure_breakout20_down,186,0.48924731,1.13949766,38,0.44736842,1.09566924,0.30146401,31,0.54838710,1.49794687,0.37772168
h4,bear,12,di_cross_down+atr_expand,370,0.48918919,1.13936229,58,0.48275862,1.18234490,0.35928185,40,0.55000000,1.50235260,0.39829092
h4,bear,12,atr_expand+close_near_low,1278,0.48904538,1.13902735,245,0.40408163,0.98965370,0.34457460,174,0.44252874,1.20878945,0.37076115
h4,bear,12,atr_expand+mtf_adx_rising+structure_breakout20_down,354,0.48870056,1.13822424,70,0.44285714,1.08462047,0.33249529,70,0.52857143,1.44381938,0.41321887
h4,bear,12,adx_cross25_up+mtf_volatility,397,0.48866499,1.13814138,69,0.52173913,1.27781374,0.40587255,69,0.43478261,1.18763051,0.32432803
h4,bear,24,atr_expand+mtf_volatility,1172,0.67150171,1.17497642,192,0.71875000,1.33964105,0.65134356,172,0.69186047,1.39760609,0.61929553
h4,bear,24,macd_cross_down+atr_expand,354,0.66384181,1.16157332,57,0.64912281,1.20986652,0.51941895,44,0.56818182,1.14776665,0.42224147
h4,bear,24,price200_cross_down+atr_expand,235,0.66382979,1.16155229,61,0.45901639,0.85553698,0.34012932,43,0.62790698,1.26841561,0.47859809
h4,bear,24,atr_expand+mtf_adx25,1886,0.64581124,1.13002390,283,0.51943463,0.96814741,0.46135500,262,0.61068702,1.23363011,0.55045254
h4,bear,24,price200_cross_down+mtf_di_strong_bear+structure_lh,176,0.64204545,1.12343463,42,0.35714286,0.66566015,0.22989188,31,0.64516129,1.30327052,0.46947954
h4,bear,24,price200_cross_down+mtf_price20_bear+structure_ll,310,0.63870968,1.11759777,91,0.52747253,0.98312884,0.42587760,45,0.51111111,1.03247987,0.37004465
h4,bear,24,mtf_adx25+mtf_volatility,11657,0.63541220,1.11182792,1838,0.59847661,1.11546968,0.57588301,2194,0.57383774,1.15919200,0.55303393
h4,bear,24,price200_cross_down+mtf_di_strong_bear+impulse_bear,161,0.63354037,1.10855265,36,0.41666667,0.77660351,0.27140562,31,0.51612903,1.04261642,0.34840395
h4,bear,24,atr_expand+mtf_macd_bear+pullback_bear,880,0.63068182,1.10355083,193,0.49740933,0.92709559,0.42761187,138,0.55797101,1.12714012,0.47465664
h4,bear,24,mtf_macd_bear+adx_up3+atr_expand,861,0.63066202,1.10351619,189,0.45502646,0.84810034,0.38563304,162,0.61111111,1.23448680,0.53429781
h4,bear,24,mtf_di_strong_bear+mtf_volatility,9173,0.63043715,1.10312272,1449,0.63354037,1.18082323,0.60840831,1561,0.53875721,1.08832690,0.51396317
h4,bear,24,rsi_cross50_down+macd_cross_down,606,0.63036304,1.10299303,159,0.54716981,1.01984159,0.46959600,101,0.53465347,1.08003705,0.43789671
h4,bear,24,atr_expand+mtf_macd_bear+structure_breakout20_down,459,0.62962963,1.10170973,103,0.40776699,0.76001586,0.31784254,79,0.60759494,1.22738388,0.49733991
h4,bear,24,adx_cross25_up+impulse_bear,305,0.62950820,1.10149725,66,0.45454545,0.84720383,0.34024125,59,0.50847458,1.02715388,0.38435143
h4,bear,24,atr_expand+mtf_macd_bear+structure_ll,970,0.62886598,1.10037352,191,0.42931937,0.80018623,0.36119742,145,0.55862069,1.12845251,0.47732137
h4,bear,24,adx_up3+mtf_volatility,4001,0.62884279,1.10033294,705,0.60425532,1.12624032,0.56768682,753,0.60690571,1.22599160,0.57156084
d1,bull,1,adx_up3+atr_expand,229,0.42794760,1.68679191,38,0.60526316,2.41590693,0.44717868,60,0.21666667,1.09783147,0.13123044
d1,bull,1,volatility+atr_expand,436,0.38761468,1.52781627,112,0.50000000,1.99574920,0.40894871,96,0.28125000,1.42506970,0.20107411
d1,bull,1,adx25+atr_expand,323,0.37461300,1.47656906,47,0.36170213,1.44373347,0.23966213,69,0.28985507,1.46867087,0.19616058
d1,bull,1,atr_expand+bb_expand,313,0.35463259,1.39781455,96,0.52083333,2.07890542,0.42203768,84,0.25000000,1.26672862,0.16972313
d1,bull,1,volatility+adx_up3,853,0.35052755,1.38163419,142,0.36619718,1.46167547,0.29145378,189,0.29100529,1.47449893,0.23092437
d1,bull,1,atr_expand+pullback_bull,261,0.34865900,1.37426916,43,0.46511628,1.85651089,0.32511058,55,0.20000000,1.01338290,0.11552215
d1,bull,1,volatility+rsi_cross55_up,262,0.34732824,1.36902386,62,0.32258065,1.28758013,0.21954491,39,0.25641026,1.29920885,0.14568781
d1,bull,1,adx_rising+atr_expand,401,0.34413965,1.35645575,97,0.44329897,1.76942713,0.34847593,114,0.26315789,1.33339855,0.19099960
d1,bull,1,trend_bull+atr_expand,305,0.33770492,1.33109270,59,0.44067797,1.75896540,0.32150212,84,0.27380952,1.38736945,0.18992826
d1,bull,1,volatility+rsi_cross50_up,261,0.33716475,1.32896358,56,0.50000000,1.99574920,0.37331739,55,0.32727273,1.65826293,0.21813066
d1,bull,1,price200_bull+atr_expand,346,0.33526012,1.32145630,70,0.42857143,1.71064217,0.31935309,89,0.23595506,1.19556410,0.15982439
d1,bull,1,ema200_rising+atr_expand,346,0.33526012,1.32145630,70,0.42857143,1.71064217,0.31935309,89,0.23595506,1.19556410,0.15982439
d1,bull,1,atr_expand+mtf_adx25,485,0.33402062,1.31657072,107,0.44859813,1.79057872,0.35777335,125,0.24800000,1.25659480,0.18056747
d1,bull,1,adx_cross25_up+bb_expand,162,0.33333333,1.31386173,37,0.24324324,0.97090502,0.13361353,32,0.31250000,1.58341078,0.17952542
d1,bull,1,volatility+mtf_volatility,1957,0.32958610,1.29909169,342,0.37719298,1.50556519,0.32745683,274,0.32846715,1.66431498,0.27556371
d1,bull,1,price200_bull+volatility,2538,0.32939322,1.29833145,424,0.29952830,1.19556674,0.25788786,504,0.27182540,1.37731604,0.23481862
d1,bull,1,ema200_rising+volatility,2538,0.32939322,1.29833145,424,0.29952830,1.19556674,0.25788786,504,0.27182540,1.37731604,0.23481862
d1,bull,1,atr_expand+mtf_volatility,612,0.32843137,1.29454023,145,0.44827586,1.78929239,0.36970462,135,0.25185185,1.27611180,0.18618897
d1,bull,1,trend_bull+volatility,2009,0.32702837,1.28901018,327,0.29663609,1.18402246,0.24972094,379,0.26649077,1.35028592,0.22448424
d1,bull,1,adx_up3+mtf_volatility,1060,0.32547170,1.28287442,202,0.27722772,1.10655401,0.22009338,220,0.25909091,1.31279148,0.20567994
d1,bull,1,volatility+mtf_macd_rising,2246,0.32502226,1.28110293,396,0.37121212,1.48169259,0.32507812,378,0.27777778,1.40747625,0.23503255
d1,bull,1,volatility+close_near_high,1221,0.32268632,1.27189563,218,0.33944954,1.35491230,0.27985630,215,0.29767442,1.50829083,0.24054278
d1,bull,1,atr_expand+mtf_macd_rising,342,0.32163743,1.26776131,71,0.45070423,1.79898520,0.34047961,86,0.23255814,1.17835221,0.15589109
d1,bull,1,adx25+volatility,2310,0.31991342,1.26096599,361,0.27977839,1.11673501,0.23597751,432,0.28240741,1.43093419,0.24201870
d1,bull,1,adx_rising+price20_cross_up,172,0.31976744,1.26039061,41,0.36585366,1.46030429,0.23589831,21,0.14285714,0.72384493,0.04981012
d1,bull,1,adx_up3+mtf_macd_bull+pullback_bull,251,0.31474104,1.24057860,55,0.27272727,1.08859047,0.17280752,50,0.28000000,1.41873606,0.17474171
d1,bull,1,trend_bull+mtf_volatility,2054,0.31353457,1.23582320,460,0.28913043,1.15406367,0.24958216,395,0.26075949,1.32124606,0.21991373
d1,bull,1,adx_up3+adx_cross25_up,170,0.31176471,1.22884714,38,0.18421053,0.73527602,0.09221765,37,0.21621622,1.09554908,0.11386512
d1,bull,1,bb_expand+mtf_volatility,1419,0.31148696,1.22775239,342,0.34210526,1.36551261,0.29382861,267,0.26966292,1.36635897,0.21997685
d1,bull,1,trend_bull+breakout20_up,649,0.31124807,1.22681079,172,0.27325581,1.09070015,0.21215705,138,0.18115942,0.91791929,0.12582545
d1,bull,1,trend_bull+structure_breakout20_up,649,0.31124807,1.22681079,172,0.27325581,1.09070015,0.21215705,138,0.18115942,0.91791929,0.12582545
d1,bull,1,volatility+bb_expand,1189,0.31034483,1.22325057,245,0.38775510,1.54772387,0.32892508,229,0.30567686,1.54883849,0.24962217
d1,bull,1,volatility+range_expand,1938,0.30908153,1.21827117,356,0.34269663,1.36787305,0.29530944,333,0.24624625,1.24770868,0.20304106
d1,bull,1,atr_expand+mtf_trend_bull,217,0.30875576,1.21698713,51,0.49019608,1.95661687,0.35857486,32,0.12500000,0.63336431,0.04970134
d1,bull,1,volatility+mtf_adx25,2287,0.30870136,1.21677269,397,0.34256927,1.36736469,0.29759546,395,0.31139241,1.57779869,0.26772751
d1,bull,1,atr_expand+distance_high_ok,269,0.30855019,1.21617684,70,0.38571429,1.53957796,0.28047691,54,0.20370370,1.03214925,0.11774054
d1,bull,1,bb_expand+mtf_adx_rising+close_near_high,545,0.30642202,1.20778849,111,0.31531532,1.25858058,0.23628881,82,0.18292683,0.92687460,0.11411022
d1,bull,1,volatility+mtf_price200_bull,2230,0.30627803,1.20722093,473,0.31289641,1.24892551,0.27275927,368,0.24184783,1.22542226,0.20091017
d1,bull,1,volatility+bb_bull,2250,0.30622222,1.20700097,448,0.34151786,1.36316798,0.29911909,359,0.23955432,1.21380124,0.19830892
d1,bull,1,price200_bull+mtf_volatility,2554,0.30579483,1.20531638,557,0.27827648,1.11074013,0.24267452,484,0.23553719,1.19344680,0.19990765
d1,bull,1,ema200_rising+mtf_volatility,2554,0.30579483,1.20531638,557,0.27827648,1.11074013,0.24267452,484,0.23553719,1.19344680,0.19990765
d1,bull,1,adx25+adx_cross25_up,262,0.30534351,1.20353746,54,0.22222222,0.88699965,0.13195417,55,0.23636364,1.19763434,0.14366656
d1,bull,1,adx_rising+adx_cross25_up,262,0.30534351,1.20353746,54,0.22222222,0.88699965,0.13195417,55,0.23636364,1.19763434,0.14366656
d1,bull,1,macd_bull+volatility,2244,0.30525847,1.20320225,403,0.36724566,1.46586046,0.32164081,353,0.23229462,1.17701697,0.19126638
d1,bull,1,volatility+body_expand,1344,0.30505952,1.20241810,263,0.37262357,1.48732640,0.31641593,205,0.31219512,1.58186599,0.25270764
d1,bull,1,mtf_adx25+mtf_volatility,2518,0.30500397,1.20219913,535,0.29719626,1.18625840,0.26002664,449,0.24944321,1.26390740,0.21165981
d1,bull,1,adx25+mtf_volatility,1932,0.30486542,1.20165304,350,0.25714286,1.02638530,0.21416415,296,0.29729730,1.50637999,0.24809422
d1,bull,1,volatility+body_bull,992,0.30443548,1.19995839,179,0.34078212,1.36023130,0.27534477,185,0.31891892,1.61593489,0.25602849
d1,bull,1,price200_bull+adx_cross25_up,162,0.30246914,1.19220786,36,0.27777778,1.10874956,0.15848338,36,0.25000000,1.26672862,0.13750478
d1,bull,1,ema200_rising+adx_cross25_up,162,0.30246914,1.19220786,36,0.27777778,1.10874956,0.15848338,36,0.25000000,1.26672862,0.13750478
d1,bull,1,trend_bull+bb_expand,1491,0.30181087,1.18961323,359,0.27298050,1.08960124,0.22948273,296,0.22297297,1.12978499,0.17927503
d1,bull,1,volatility+ema20_slope_up3,2204,0.30172414,1.18927139,451,0.31042129,1.23904607,0.26947301,362,0.24033149,1.21773912,0.19918892
d1,bull,1,momentum_bull+volatility,1482,0.30161943,1.18885869,295,0.31864407,1.27186729,0.26809548,238,0.23949580,1.21350473,0.18968713
d1,bull,1,volatility+di_cross_up,209,0.30143541,1.18813333,52,0.40384615,1.61195128,0.28159734,35,0.25714286,1.30292087,0.14163027
d1,bull,1,volatility+mtf_macd_bull,2306,0.30095403,1.18623596,422,0.35545024,1.41877905,0.31127421,409,0.28361858,1.43707110,0.24210476
d1,bull,1,volatility+distance_high_ok,2395,0.30020877,1.18329843,507,0.34122288,1.36199058,0.30128519,417,0.26139089,1.32444528,0.22153256
d1,bull,1,volatility+mtf_bb_bull,2312,0.30017301,1.18315749,449,0.33184855,1.32457297,0.28988223,402,0.23880597,1.21000943,0.19972453
d1,bull,1,adx_cross25_up+mtf_adx25,190,0.30000000,1.18247555,42,0.26190476,1.04539244,0.15302640,41,0.24390244,1.23583280,0.13825003
d1,bull,1,adx_rising+volatility,2194,0.29990884,1.18211625,401,0.33416459,1.33381742,0.28976295,387,0.29457364,1.49257946,0.25135470
d1,bull,1,volatility+mtf_price20_bull,2301,0.29986962,1.18196166,443,0.31828442,1.27043177,0.27662863,398,0.23115578,1.17124657,0.19242728
d1,bull,1,volatility+mtf_ema20_rising,2301,0.29986962,1.18196166,443,0.31828442,1.27043177,0.27662863,398,0.23115578,1.17124657,0.19242728
d1,bull,1,breakout20_up+mtf_trend_bull+close_near_high,624,0.29967949,1.18121222,144,0.27777778,1.10874956,0.21112190,110,0.16363636,0.82913146,0.10608808
d1,bull,1,mtf_macd_rising+mtf_volatility,2304,0.29947917,1.18042264,501,0.28942116,1.15522409,0.25143238,404,0.24257426,1.22910302,0.20332821
d1,bull,1,macd_rising+volatility,2326,0.29879622,1.17773074,441,0.33333333,1.33049947,0.29094239,428,0.27336449,1.38511448,0.23329680
d1,bull,1,volatility+macd_accel_up,2326,0.29879622,1.17773074,441,0.33333333,1.33049947,0.29094239,428,0.27336449,1.38511448,0.23329680
d1,bull,1,price20_bull+volatility,2229,0.29878869,1.17770109,460,0.32826087,1.31025274,0.28692556,368,0.24184783,1.22542226,0.20091017
d1,bull,1,ema20_rising+volatility,2229,0.29878869,1.17770109,460,0.32826087,1.31025274,0.28692556,368,0.24184783,1.22542226,0.20091017
d1,bull,1,atr_expand+mtf_macd_bull,258,0.29844961,1.17636457,73,0.46575342,1.85905405,0.35592042,41,0.14634146,0.74149968,0.06884248
d1,bull,1,volatility+mtf_trend_bull,1629,0.29834254,1.17594254,306,0.30392157,1.21310246,0.25508097,249,0.24899598,1.26164136,0.19937155
d1,bull,1,volatility+mtf_di_bull,2092,0.29827916,1.17569271,397,0.33249370,1.32714808,0.28795193,328,0.24695122,1.25128071,0.20339011
d1,bull,1,breakout20_up+mtf_macd_rising,535,0.29719626,1.17142438,130,0.28461538,1.13604185,0.21410225,101,0.15841584,0.80267952,0.09992757
d1,bull,1,mtf_macd_rising+structure_breakout20_up,535,0.29719626,1.17142438,130,0.28461538,1.13604185,0.21410225,101,0.15841584,0.80267952,0.09992757
d1,bull,1,atr_expand+range_expand,498,0.29718876,1.17139479,100,0.35000000,1.39702444,0.26364248,103,0.24271845,1.22983362,0.17015037
d1,bull,1,volatility+di_spread_up3,1401,0.29693076,1.17037790,257,0.32295720,1.28908314,0.26875801,252,0.25396825,1.28683543,0.20419735
d1,bull,1,breakout20_up+mtf_di_strong_bull+close_near_high,657,0.29680365,1.16987688,144,0.29166667,1.16418704,0.22361258,106,0.15094340,0.76481728,0.09509859
d1,bull,1,volatility+pullback_bull,1813,0.29619415,1.16747448,356,0.36235955,1.44635757,0.31414221,305,0.28196721,1.42870376,0.23442351
d1,bull,1,bb_expand+mtf_di_strong_bull+structure_breakout20_up,575,0.29565217,1.16533823,145,0.24137931,0.96346513,0.17898463,89,0.13483146,0.68317948,0.07884271
d1,bull,1,atr_expand+mtf_adx_rising,359,0.29526462,1.16381067,79,0.46835443,1.86943596,0.36235784,98,0.28571429,1.44768986,0.20568761
d1,bull,1,bb_expand+mtf_trend_bull+structure_breakout20_up,553,0.29475588,1.16180540,147,0.22448980,0.89605066,0.16455201,84,0.13095238,0.66352452,0.07472221
d1,bull,1,adx_up3+mtf_macd_rising,1140,0.29385965,1.15827284,239,0.23849372,0.95194732,0.18887140,241,0.19917012,1.00917799,0.15364276
d1,bull,3,adx_up3+atr_expand,229,0.67685590,1.35770060,38,0.81578947,1.68542644,0.66581142,60,0.46666667,1.05834720,0.34627906
d1,bull,3,adx25+atr_expand,323,0.61609907,1.23582890,47,0.57446809,1.18685486,0.43281919,69,0.57971014,1.31471702,0.46207405
d1,bull,3,volatility+adx_up3,853,0.61313013,1.22987352,142,0.66197183,1.36763817,0.58081488,189,0.62962963,1.42792876,0.55884176
d1,bull,3,trend_bull+atr_expand,305,0.60000000,1.20353588,59,0.64406780,1.33064832,0.51655496,84,0.54761905,1.24193804,0.44143037
d1,bull,3,volatility+atr_expand,436,0.59862385,1.20077548,112,0.71428571,1.47571900,0.62460782,96,0.46875000,1.06307196,0.37206074
d1,bull,3,atr_expand+bb_expand,313,0.59744409,1.19840900,96,0.73958333,1.52798405,0.64378945,84,0.48809524,1.10694477,0.38408354
d1,bull,3,price200_bull+atr_expand,346,0.59248555,1.18846270,70,0.68571429,1.41669024,0.56972862,89,0.50561798,1.14668437,0.40368555
d1,bull,3,ema200_rising+atr_expand,346,0.59248555,1.18846270,70,0.68571429,1.41669024,0.56972862,89,0.50561798,1.14668437,0.40368555
d1,bull,3,trend_bull+volatility,2009,0.58387257,1.17118599,327,0.56574924,1.16884165,0.51157062,379,0.48284960,1.09504827,0.43296576
d1,bull,3,price200_bull+volatility,2538,0.58313633,1.16970916,424,0.57783019,1.19380098,0.53032567,504,0.51190476,1.16094208,0.46834049
d1,bull,3,ema200_rising+volatility,2538,0.58313633,1.16970916,424,0.57783019,1.19380098,0.53032567,504,0.51190476,1.16094208,0.46834049
d1,bull,3,adx_rising+atr_expand,401,0.57855362,1.16051673,97,0.72164948,1.49093260,0.62532365,114,0.45614035,1.03447471,0.36763142
d1,bull,3,adx_up3+mtf_volatility,1060,0.57735849,1.15811943,202,0.53960396,1.11482534,0.47077059,220,0.51363636,1.16486916,0.44792530
d1,bull,3,atr_expand+mtf_adx25,485,0.57525773,1.15390554,107,0.70093458,1.44813547,0.60845157,125,0.45600000,1.03415641,0.37130114
d1,bull,3,atr_expand+mtf_macd_rising,342,0.57309942,1.14957618,71,0.66197183,1.36763817,0.54616618,86,0.47674419,1.08120187,0.37445539
d1,bull,3,volatility+mtf_volatility,1957,0.56974962,1.14285685,342,0.60233918,1.24443672,0.54960930,274,0.52554745,1.19188214,0.46647778
d1,bull,3,adx25+volatility,2310,0.56969697,1.14275124,361,0.51523546,1.06447986,0.46379287,432,0.55324074,1.25468740,0.50609484
d1,bull,3,price200_bull+adx_cross25_up,162,0.56790123,1.13914919,36,0.44444444,0.91822516,0.29541269,36,0.52777778,1.19694028,0.37005938
d1,bull,3,ema200_rising+adx_cross25_up,162,0.56790123,1.13914919,36,0.44444444,0.91822516,0.29541269,36,0.52777778,1.19694028,0.37005938
d1,bull,3,atr_expand+pullback_bull,261,0.56704981,1.13744132,43,0.62790698,1.29725996,0.47859809,55,0.49090909,1.11332627,0.36376778
d1,bull,3,volatility+close_near_high,1221,0.56511057,1.13355140,218,0.59174312,1.22254519,0.52545644,215,0.54883721,1.24470069,0.48204609
d1,bull,3,volatility+ema20_slope_up3,2204,0.56215971,1.12763230,451,0.57206208,1.18188404,0.52597886,362,0.48066298,1.09008926,0.42966838
d1,bull,3,volatility+mtf_trend_bull,1629,0.56108042,1.12546736,306,0.56535948,1.16803641,0.50934743,249,0.47791165,1.08384954,0.41667624
d1,bull,3,volatility+mtf_price200_bull,2230,0.55964126,1.12258055,473,0.56871036,1.17495936,0.52370139,368,0.47826087,1.08464154,0.42771248
d1,bull,3,adx25+mtf_volatility,1932,0.55952381,1.12234497,350,0.47428571,0.97987742,0.42253595,296,0.54391892,1.23354657,0.48697794
d1,bull,3,volatility+bb_bull,2250,0.55911111,1.12151714,448,0.58928571,1.21746818,0.54315872,359,0.47353760,1.07392971,0.42244215
d1,bull,3,macd_bull+volatility,2244,0.55882353,1.12094028,403,0.59801489,1.23550271,0.54943772,353,0.49291785,1.11788191,0.44112157
d1,bull,3,price20_bull+volatility,2229,0.55809780,1.11948455,460,0.58478261,1.20816473,0.53923158,368,0.48097826,1.09080428,0.43039065
d1,bull,3,ema20_rising+volatility,2229,0.55809780,1.11948455,460,0.58478261,1.20816473,0.53923158,368,0.48097826,1.09080428,0.43039065
d1,bull,3,volatility+mtf_macd_rising,2246,0.55788068,1.11904902,396,0.59848485,1.23647365,0.54948063,378,0.51322751,1.16394193,0.46296117
d1,bull,3,trend_bull+mtf_volatility,2054,0.55696203,1.11720630,460,0.50000000,1.03300330,0.45449770,395,0.52405063,1.18848754,0.47480503
d1,bull,3,volatility+mtf_di_bull,2092,0.55688337,1.11704852,397,0.56926952,1.17611459,0.52012549,328,0.51219512,1.16160058,0.45827342
d1,bull,3,trend_bull+bb_expand,1491,0.55600268,1.11528197,359,0.49582173,1.02437096,0.44442079,296,0.45945946,1.04200207,0.40356855
d1,bull,3,adx_cross25_up+bb_expand,162,0.55555556,1.11438508,37,0.48648649,1.00508429,0.33446404,32,0.50000000,1.13394343,0.33630883
d1,bull,3,price200_bull+bb_expand,1892,0.55549683,1.11426728,468,0.47863248,0.98885786,0.43373242,383,0.42819843,0.97110560,0.37959722
d1,bull,3,ema200_rising+bb_expand,1892,0.55549683,1.11426728,468,0.47863248,0.98885786,0.43373242,383,0.42819843,0.97110560,0.37959722
d1,bull,3,momentum_bull+volatility,1482,0.55465587,1.11258040,295,0.57288136,1.18357666,0.51585329,238,0.47478992,1.07676981,0.41225296
d1,bull,3,volatility+body_expand,1344,0.55431548,1.11189761,263,0.59695817,1.23331953,0.53669283,205,0.59512195,1.34966925,0.52677525
d1,bull,3,atr_expand+mtf_volatility,612,0.55392157,1.11110747,145,0.68965517,1.42483214,0.61027614,135,0.46666667,1.05834720,0.38460040
d1,bull,3,macd_rising+volatility,2326,0.55331040,1.10988154,441,0.55328798,1.14309662,0.50662627,428,0.56308411,1.27701106,0.51573837
d1,bull,3,volatility+macd_accel_up,2326,0.55331040,1.10988154,441,0.55328798,1.14309662,0.50662627,428,0.56308411,1.27701106,0.51573837
d1,bull,3,trend_bull+breakout20_up,649,0.55161787,1.10648651,172,0.41860465,0.86483997,0.34744474,138,0.39130435,0.88743399,0.31387785
d1,bull,3,trend_bull+structure_breakout20_up,649,0.55161787,1.10648651,172,0.41860465,0.86483997,0.34744474,138,0.39130435,0.88743399,0.31387785
d1,bull,3,volatility+distance_high_ok,2395,0.55156576,1.10638198,507,0.60157791,1.24286393,0.55835279,417,0.48920863,1.10946983,0.44154777
d1,bull,3,volatility+bb_upper,1031,0.55092144,1.10508953,190,0.57368421,1.18523537,0.50258980,152,0.48026316,1.08918250,0.40230809
d1,bull,3,volatility+bb_expand,1189,0.55088310,1.10501262,245,0.63265306,1.30706540,0.57067288,229,0.60262009,1.36667417,0.53804883
d1,bull,3,volatility+mtf_price20_bull,2301,0.55063016,1.10450526,443,0.56207675,1.16125427,0.51553889,398,0.51005025,1.15673626,0.46107726
d1,bull,3,volatility+mtf_ema20_rising,2301,0.55063016,1.10450526,443,0.56207675,1.16125427,0.51553889,398,0.51005025,1.15673626,0.46107726
d1,bull,3,volatility+di_cross_up,209,0.55023923,1.10372110,52,0.59615385,1.23165778,0.46067575,35,0.40000000,0.90715474,0.25550729
d1,bull,3,trend_bull+body_bull,1406,0.54978663,1.10281323,370,0.48918919,1.01066809,0.43862760,335,0.48059701,1.08993965,0.42761887
d1,bull,3,bb_expand+mtf_trend_bull+structure_breakout20_up,553,0.54972875,1.10269713,147,0.36734694,0.75894120,0.29371875,84,0.42857143,0.97195151,0.32815977
d1,bull,3,volatility+pullback_bull,1813,0.54936569,1.10196887,356,0.57303371,1.18389142,0.52114122,305,0.53442623,1.21201822,0.47836518
d1,bull,3,volatility+mtf_bb_bull,2312,0.54930796,1.10185306,449,0.55902004,1.15493910,0.51278696,402,0.51990050,1.17907550,0.47110512
d1,bull,3,adx_up3+mtf_macd_rising,1140,0.54912281,1.10148167,239,0.47698745,0.98545922,0.41453067,241,0.43983402,0.99749380,0.37859690
d1,bull,3,bb_expand+mtf_volatility,1419,0.54897815,1.10119151,342,0.54970760,1.13569953,0.49671739,267,0.49812734,1.12969645,0.43860723
d1,bull,3,bb_expand+mtf_adx_rising+close_near_high,545,0.54862385,1.10048082,111,0.51351351,1.06092231,0.42164692,82,0.42682927,0.96800049,0.32541949
d1,bull,5,adx_up3+atr_expand,229,0.78602620,1.29082913,38,0.81578947,1.35519914,0.66581142,60,0.60000000,1.06070039,0.47366053
d1,bull,5,atr_expand+bb_expand,313,0.71884984,1.18051067,96,0.86458333,1.43625608,0.78198861,84,0.63095238,1.11541906,0.52415240
d1,bull,5,adx25+atr_expand,323,0.71826625,1.17955229,47,0.72340426,1.20172772,0.58241436,69,0.75362319,1.33228068,0.64039337
d1,bull,5,volatility+atr_expand,436,0.71330275,1.17140112,112,0.79464286,1.32007013,0.71066347,96,0.67708333,1.19697093,0.57829831
d1,bull,5,adx_rising+atr_expand,401,0.70822943,1.16306960,97,0.80412371,1.33581984,0.71421622,114,0.62280702,1.10101941,0.53120219
d1,bull,5,volatility+adx_up3,853,0.70457210,1.15706345,142,0.76760563,1.27515558,0.69164829,189,0.76719577,1.35627475,0.70198807
d1,bull,5,trend_bull+atr_expand,305,0.70163934,1.15224722,59,0.83050847,1.37965052,0.71536779,84,0.76190476,1.34692113,0.66064934
d1,bull,5,price200_bull+atr_expand,346,0.69364162,1.13911318,70,0.87142857,1.44762747,0.77335244,89,0.70786517,1.25138810,0.60636494
d1,bull,5,ema200_rising+atr_expand,346,0.69364162,1.13911318,70,0.87142857,1.44762747,0.77335244,89,0.70786517,1.25138810,0.60636494
d1,bull,5,atr_expand+mtf_adx_rising,359,0.69359331,1.13903386,79,0.83544304,1.38784788,0.73854335,98,0.67346939,1.19058207,0.57561481
d1,bull,5,atr_expand+mtf_adx25,485,0.69278351,1.13770397,107,0.81308411,1.35070496,0.72885170,125,0.62400000,1.10312840,0.53658267
d1,bull,5,price200_bull+volatility,2538,0.68794326,1.12975522,424,0.68160377,1.13228827,0.63580064,504,0.65476190,1.15751035,0.61222376
d1,bull,5,ema200_rising+volatility,2538,0.68794326,1.12975522,424,0.68160377,1.13228827,0.63580064,504,0.65476190,1.15751035,0.61222376
d1,bull,5,trend_bull+volatility,2009,0.68442011,1.12396942,327,0.67584098,1.12271504,0.62332209,379,0.62532982,1.10547930,0.57556979
d1,bull,5,atr_expand+mtf_volatility,612,0.68137255,1.11896465,145,0.79310345,1.31751285,0.72002350,135,0.62962963,1.11308066,0.54563829
d1,bull,5,atr_expand+mtf_macd_rising,342,0.67836257,1.11402161,71,0.73239437,1.21666220,0.61946011,86,0.67441860,1.19226013,0.56977855
d1,bull,5,volatility+mtf_volatility,1957,0.67807869,1.11355541,342,0.69298246,1.15119067,0.64217867,274,0.66788321,1.18070664,0.61013440
d1,bull,5,adx25+mtf_volatility,1932,0.67494824,1.10841452,350,0.59714286,0.99198079,0.54497294,296,0.69932432,1.23628930,0.64480508
d1,bull,5,atr_expand+pullback_bull,261,0.67432950,1.10739841,43,0.79069767,1.31351635,0.64794357,55,0.63636364,1.12498526,0.50422761
d1,bull,5,volatility+ema20_slope_up3,2204,0.67150635,1.10276217,451,0.67627494,1.12343595,0.63176047,362,0.60773481,1.07437424,0.55655869
d1,bull,5,volatility+mtf_price200_bull,2230,0.66995516,1.10021477,473,0.66596195,1.10630388,0.62227038,368,0.60869565,1.07607286,0.55795489
d1,bull,10,adx_up3+atr_expand,229,0.84279476,1.17740673,38,0.86842105,1.18309375,0.72673141,60,0.65000000,0.95161117,0.52362619
d1,bull,10,volatility+adx_up3,853,0.80539273,1.12515510,142,0.81690141,1.11290594,0.74523413,189,0.85185185,1.24712575,0.79421606
d1,bull,10,adx25+atr_expand,323,0.79566563,1.11156608,47,0.80851064,1.10147478,0.67455995,69,0.79710145,1.16697022,0.68775960
d1,bull,10,adx_rising+atr_expand,401,0.79551122,1.11135036,97,0.86597938,1.17976734,0.78410006,114,0.71052632,1.04022274,0.62149339
d1,bull,10,trend_bull+atr_expand,305,0.79016393,1.10388006,59,0.88135593,1.20071559,0.77476360,84,0.85714286,1.25487187,0.76669897
d1,bull,20,adx_up3+atr_expand,229,0.87772926,1.10306687,38,0.92105263,1.10455737,0.79200629,60,0.70000000,0.90693916,0.57491292
d1,bear,1,adx_up3+atr_expand,229,0.42358079,1.67604932,38,0.42105263,1.65599339,0.27852501,60,0.50000000,2.36221837,0.37735024
d1,bear,1,adx25+atr_expand,323,0.38699690,1.53129206,47,0.44680851,1.75729085,0.31410966,69,0.46376812,2.19104313,0.35114184
d1,bear,1,atr_expand+pullback_bear,216,0.38425926,1.52045959,60,0.45000000,1.76984293,0.33093654,39,0.43589744,2.05936986,0.29304754
d1,bear,1,adx_up3+mtf_trend_bear+range_expand,368,0.38043478,1.50532668,58,0.37931034,1.49182163,0.26564273,59,0.18644068,0.88082719,0.10742722
d1,bear,1,adx_up3+mtf_price200_bear+range_expand,376,0.38031915,1.50486913,60,0.36666667,1.44209424,0.25620917,66,0.21212121,1.00215325,0.13077985
d1,bear,1,atr_expand+mtf_adx25,485,0.37319588,1.47668335,107,0.42056075,1.65405881,0.33137271,125,0.47200000,2.22993414,0.38663060
d1,bear,1,atr_expand+mtf_trend_bear+range_expand,204,0.37254902,1.47412383,42,0.54761905,2.15377711,0.39949119,31,0.32258065,1.52401185,0.18569427
d1,bear,1,volatility+atr_expand,436,0.37155963,1.47020896,112,0.49107143,1.93137622,0.40033026,96,0.46875000,2.21457972,0.37206074
d1,bear,1,atr_expand+bb_expand,313,0.36741214,1.45379792,96,0.46875000,1.84358639,0.37206074,84,0.45238095,2.13724519,0.35035720
d1,bear,1,atr_expand+mtf_trend_bear+structure_lh,186,0.36559140,1.44659350,40,0.55000000,2.16314136,0.39829092,44,0.36363636,1.71797700,0.23783530
d1,bear,1,di_strong_bear+atr_expand,320,0.35937500,1.42199609,64,0.54687500,2.15085079,0.42573597,87,0.44827586,2.11785095,0.34817177
d1,bear,1,adx_up3+mtf_macd_bear+structure_breakout20_down,239,0.35564854,1.40725100,29,0.41379310,1.62744178,0.25513177,45,0.26666667,1.25984980,0.15964904
d1,bear,1,adx_rising+atr_expand,401,0.35411471,1.40118188,97,0.41237113,1.62184919,0.31957324,114,0.45614035,2.15500623,0.36763142
d1,bear,1,volatility+adx_up3,853,0.35287222,1.39626549,142,0.35915493,1.41255070,0.28491455,189,0.28571429,1.34983907,0.22607997
d1,bear,1,macd_bear+atr_expand,392,0.35204082,1.39297576,96,0.51041667,2.00746073,0.41196037,99,0.45454545,2.14747125,0.35999360
d1,bear,1,adx_up3+range_expand,921,0.35179153,1.39198938,183,0.32786885,1.28950305,0.26400351,154,0.24675325,1.16577011,0.18537779
d1,bear,1,adx_up3+mtf_volatility,1060,0.35094340,1.38863343,202,0.31683168,1.24609403,0.25660167,220,0.28181818,1.33143217,0.22650784
d1,bear,1,adx_up3+mtf_adx_rising+close_near_low,228,0.35087719,1.38837147,30,0.36666667,1.44209424,0.21873921,44,0.38636364,1.82535056,0.25721203
d1,bear,1,adx_up3+mtf_macd_bear+range_expand,468,0.35042735,1.38659151,98,0.34693878,1.36450475,0.26008592,77,0.31168831,1.47255171,0.21927282
d1,bear,1,bb_expand+mtf_trend_bear+range_expand,531,0.34839925,1.37856659,96,0.37500000,1.47486911,0.28472608,84,0.14285714,0.67491953,0.08365021
d1,bear,1,di_bear+atr_expand,380,0.34736842,1.37448776,78,0.53846154,2.11776077,0.42863644,97,0.43298969,2.04563240,0.33880061
d1,bear,1,atr_expand+mtf_di_strong_bear+structure_ll,242,0.34710744,1.37345508,48,0.52083333,2.04842932,0.38329232,63,0.41269841,1.94976754,0.29958466
d1,bear,1,adx_up3+mtf_di_strong_bear+range_expand,349,0.34670487,1.37186218,53,0.35849057,1.40993777,0.24301953,68,0.22058824,1.04215516,0.13849012
d1,bear,1,di_spread_down3+atr_expand,342,0.34502924,1.36523195,57,0.43859649,1.72499311,0.31772697,95,0.47368421,2.23789109,0.37626742
d1,bear,1,adx_up3+mtf_price20_bear+range_expand,416,0.34375000,1.36017018,74,0.32432432,1.27556247,0.22864075,76,0.25000000,1.18110919,0.16628927
d1,bear,1,adx_up3+mtf_adx_rising+structure_breakout20_down,230,0.34347826,1.35909494,30,0.43333333,1.70429319,0.27377486,45,0.26666667,1.25984980,0.15964904
d1,bear,1,atr_expand+mtf_adx_rising+structure_ll,201,0.34328358,1.35832463,40,0.52500000,2.06481675,0.37497362,58,0.43103448,2.03639515,0.31181799
d1,bear,1,atr_expand+mtf_volatility,612,0.34313725,1.35774563,145,0.41379310,1.62744178,0.33686366,135,0.45925926,2.16974132,0.37748692
d1,bear,1,atr_expand+mtf_trend_bear,280,0.34285714,1.35663727,68,0.51470588,2.02433015,0.39834753,52,0.32692308,1.54452740,0.21522074
d1,bear,1,adx_up3+mtf_di_strong_bear+structure_breakout20_down,249,0.34136546,1.35073490,32,0.40625000,1.59777487,0.25519635,49,0.24489796,1.15700492,0.14602345
d1,bear,1,atr_expand+mtf_price200_bear+structure_ll,223,0.34080717,1.34852583,51,0.49019608,1.92793348,0.35857486,58,0.36206897,1.71057192,0.25054913
d1,bear,1,adx_up3+breakout20_down,250,0.34000000,1.34533196,32,0.40625000,1.59777487,0.25519635,49,0.24489796,1.15700492,0.14602345
d1,bear,1,adx_up3+structure_breakout20_down,250,0.34000000,1.34533196,32,0.40625000,1.59777487,0.25519635,49,0.24489796,1.15700492,0.14602345
d1,bear,1,adx_up3+mtf_price20_bear+structure_breakout20_down,250,0.34000000,1.34533196,32,0.40625000,1.59777487,0.25519635,49,0.24489796,1.15700492,0.14602345
d1,bear,1,adx_up3+mtf_price200_bear+structure_breakout20_down,250,0.34000000,1.34533196,32,0.40625000,1.59777487,0.25519635,49,0.24489796,1.15700492,0.14602345
d1,bear,1,adx_up3+mtf_price200_bear+structure_ll,459,0.33986928,1.34481472,87,0.26436782,1.03975447,0.18310024,98,0.21428571,1.01237930,0.14464543
d1,bear,1,atr_expand+range_expand,498,0.33935743,1.34278940,100,0.39000000,1.53386387,0.30016874,103,0.45631068,2.15581094,0.36342238
d1,bear,1,adx_up3+mtf_price200_bear+impulse_bear,263,0.33840304,1.33901302,34,0.32352941,1.27243609,0.19131644,52,0.32692308,1.54452740,0.21522074
d1,bear,1,volatility+bb_expand,1189,0.33809924,1.33781093,245,0.40408163,1.58924671,0.34457460,229,0.29694323,1.40288951,0.24150969
d1,bear,1,atr_expand+mtf_macd_bear,391,0.33759591,1.33581930,74,0.50000000,1.96649215,0.38892595,99,0.45454545,2.14747125,0.35999360
d1,bear,1,atr_expand+mtf_macd_bear+structure_ll,243,0.33744856,1.33523627,48,0.47916667,1.88455497,0.34471316,62,0.41935484,1.98121541,0.30477586
d1,bear,1,adx_up3+mtf_trend_bear+structure_breakout20_down,246,0.33739837,1.33503769,32,0.40625000,1.59777487,0.25519635,46,0.26086957,1.23246176,0.15600886
d1,bear,1,breakout20_down+mtf_volatility,386,0.33678756,1.33262080,72,0.38888889,1.52949389,0.28465714,71,0.33802817,1.59699270,0.23884988
d1,bear,1,mtf_volatility+structure_breakout20_down,386,0.33678756,1.33262080,72,0.38888889,1.52949389,0.28465714,71,0.33802817,1.59699270,0.23884988
d1,bear,1,adx_up3+mtf_adx_rising+range_expand,494,0.33603239,1.32963268,89,0.33707865,1.32572504,0.24742835,84,0.29761905,1.40608236,0.21044818
d1,bear,1,atr_expand+mtf_price200_bear+range_expand,283,0.33568905,1.32827412,50,0.48000000,1.88783246,0.34797135,65,0.40000000,1.88977470,0.28972030
d1,bear,1,atr_expand+mtf_macd_bear+range_expand,313,0.33546326,1.32738071,49,0.48979592,1.92635965,0.35575110,70,0.47142857,2.22723446,0.35904876
d1,bear,1,bb_expand+mtf_volatility,1419,0.33544750,1.32731835,342,0.36842105,1.44899421,0.31902273,267,0.28089888,1.32708897,0.23039087
d1,bear,1,adx_up3+mtf_macd_bear+close_near_low,370,0.33513514,1.32608237,72,0.25000000,0.98324607,0.16439051,54,0.35185185,1.66230182,0.23823011
d1,bear,1,adx_up3+mtf_trend_bear+structure_ll,448,0.33482143,1.32484108,85,0.27058824,1.06421928,0.18759617,91,0.19780220,0.93450397,0.12894460
d1,bear,1,atr_expand+mtf_price20_bear+structure_ll,251,0.33466135,1.32420769,49,0.51020408,2.00662464,0.37467564,64,0.40625000,1.91930243,0.29456909
d1,bear,1,adx_up3+mtf_adx_rising+impulse_bear,260,0.33461538,1.32402579,37,0.32432432,1.27556247,0.19633267,49,0.36734694,1.73550737,0.24665173
d1,bear,1,adx_up3+mtf_macd_bear+structure_ll,363,0.33333333,1.31895290,57,0.26315789,1.03499587,0.16645787,75,0.28000000,1.32284229,0.19103159
d1,bear,1,adx_up3+mtf_trend_bear+impulse_bear,255,0.33333333,1.31895290,32,0.34375000,1.35196335,0.20410438,46,0.32608696,1.54057720,0.20865943
d1,bear,1,adx_up3+mtf_price200_bear+close_near_low,235,0.33191489,1.31334033,26,0.38461538,1.51268627,0.22428594,45,0.28888889,1.36483728,0.17730082
d1,bear,1,bb_expand+mtf_price200_bear+range_expand,613,0.33115824,1.31034635,117,0.32478632,1.27737951,0.24667583,110,0.23636364,1.11668505,0.16671180
d1,bear,1,bb_lower+atr_expand,275,0.33090909,1.30936051,55,0.58181818,2.28828177,0.45033104,85,0.42352941,2.00093791,0.32403542
d1,bear,1,ema20_slope_down3+atr_expand,381,0.33070866,1.30856744,86,0.51162791,2.01222452,0.40776721,89,0.42696629,2.01717524,0.32932751
d1,bear,1,rsi40+atr_expand,236,0.33050847,1.30777533,50,0.60000000,2.35979058,0.46181438,70,0.40000000,1.88977470,0.29334258
d1,bear,1,atr_expand+mtf_di_strong_bear+range_expand,280,0.32857143,1.30011071,44,0.50000000,1.96649215,0.35831761,71,0.45070423,2.12932360,0.34047961
d1,bear,1,body_bear+adx_up3,332,0.32831325,1.29908915,59,0.27118644,1.06657201,0.17436971,51,0.33333333,1.57481225,0.21969932
d1,bear,1,atr_expand+mtf_di_bear,430,0.32790698,1.29748157,83,0.54216867,2.13234088,0.43550043,108,0.45370370,2.14349445,0.36301304
d1,bear,1,adx_up3+mtf_trend_bear+close_near_low,226,0.32743363,1.29560860,25,0.40000000,1.57319372,0.23403302,41,0.31707317,1.49799214,0.19564614
d1,bear,1,atr_expand+structure_ll,272,0.32720588,1.29470744,59,0.49152542,1.93316177,0.36843837,64,0.40625000,1.91930243,0.29456909
d1,bear,1,adx_up3+mtf_di_strong_bear+structure_ll,454,0.32599119,1.28990107,79,0.26582278,1.04547684,0.18093338,95,0.23157895,1.09408009,0.15819680
d1,bear,1,volatility+range_expand,1938,0.32559340,1.28832706,356,0.39606742,1.55772693,0.34663220,333,0.32132132,1.51806226,0.27344767
d1,bear,1,adx_up3+mtf_di_strong_bear+close_near_low,258,0.32558140,1.28827957,36,0.30555556,1.20174520,0.18004452,54,0.25925926,1.22485397,0.16118653
d1,bear,1,rsi_down3+atr_expand,335,0.32537313,1.28745551,59,0.50847458,1.99982252,0.38435143,91,0.46153846,2.18050927,0.36275434
d1,bear,1,di_strong_bear+volatility,1808,0.32522124,1.28685449,281,0.43772242,1.72155540,0.38094309,308,0.29220779,1.38051723,0.24422722
d1,bear,1,adx_up3+structure_ll,492,0.32520325,1.28678331,91,0.25274725,0.99405098,0.17472717,101,0.21782178,1.02908523,0.14847681
d1,bear,1,atr_expand+mtf_price20_bear+range_expand,320,0.32500000,1.28597908,49,0.48979592,1.92635965,0.35575110,71,0.42253521,1.99624088,0.31453012
d1,bear,1,adx_up3+mtf_macd_bear+impulse_bear,428,0.32476636,1.28505458,81,0.29629630,1.16532868,0.20791957,66,0.34848485,1.64639462,0.24475874
d1,bear,1,atr_expand+mtf_adx_rising+impulse_bear,194,0.32474227,1.28495927,32,0.43750000,1.72068063,0.28165331,51,0.45098039,2.13062833,0.32267519
d1,bear,1,adx_up3+mtf_adx_rising+structure_ll,330,0.32424242,1.28298145,57,0.29824561,1.17299532,0.19532550,73,0.27397260,1.29436623,0.18491445
d1,bear,1,adx25+volatility,2310,0.32337662,1.27955560,361,0.30470914,1.19841627,0.25949020,432,0.27314815,1.29047115,0.23326810
d1,bear,1,atr_expand+mtf_di_strong_bear,368,0.32336957,1.27952768,71,0.52112676,2.04958336,0.40685997,101,0.46534653,2.19850027,0.37112923
d1,bear,1,adx_up3+mtf_price20_bear+impulse_bear,410,0.32195122,1.27391548,71,0.28169014,1.10788290,0.19037091,71,0.30985915,1.46390998,0.21439726
d1,bear,1,adx_up3+mtf_price20_bear+structure_ll,463,0.32181425,1.27337353,82,0.25609756,1.00722768,0.17403576,96,0.22916667,1.08268342,0.15648917
d1,bear,1,adx_up3+close_near_low,451,0.32150776,1.27216078,80,0.27500000,1.08157068,0.18917757,69,0.28985507,1.36940195,0.19616058
d1,bear,1,atr_expand+mtf_adx_rising+range_expand,293,0.32081911,1.26943589,56,0.35714286,1.40463725,0.24456572,72,0.47222222,2.23098402,0.36126510
d1,bear,3,adx25+atr_expand,323,0.60681115,1.27549421,47,0.70212766,1.54946621,0.56022326,69,0.66666667,1.61684460,0.54926475
d1,bear,3,adx_up3+atr_expand,229,0.58515284,1.22996926,38,0.68421053,1.50992640,0.52544240,60,0.66666667,1.61684460,0.54056866
d1,bear,3,bb_lower+atr_expand,275,0.57818182,1.21531644,55,0.81818182,1.80557633,0.69669540,85,0.65882353,1.59782290,0.55313139
d1,bear,3,volatility+atr_expand,436,0.57568807,1.21007468,112,0.72321429,1.59600050,0.63400220,96,0.68750000,1.66737100,0.58908120
d1,bear,3,di_strong_bear+atr_expand,320,0.57500000,1.20862838,64,0.75000000,1.65511163,0.63183724,87,0.68965517,1.67259786,0.58616181
d1,bear,3,macd_bear+atr_expand,392,0.57397959,1.20648352,96,0.70833333,1.56316099,0.61080110,99,0.67676768,1.64134225,0.57952968
d1,bear,3,di_spread_down3+atr_expand,342,0.57309942,1.20463342,57,0.63157895,1.39377822,0.50177798,95,0.71578947,1.73598052,0.61808990
d1,bear,3,atr_expand+mtf_adx25,485,0.56907216,1.19616829,107,0.67289720,1.48495997,0.57935969,125,0.65600000,1.59097509,0.56919106
d1,bear,3,adx_up3+mtf_adx_rising+close_near_low,228,0.56578947,1.18926820,30,0.46666667,1.02984724,0.30232389,44,0.50000000,1.21263345,0.35831761
d1,bear,3,atr_expand+bb_expand,313,0.56549521,1.18864966,96,0.73958333,1.63212397,0.64378945,84,0.63095238,1.53022793,0.52415240
d1,bear,3,di_bear+atr_expand,380,0.56315789,1.18373672,78,0.76923077,1.69755039,0.66444242,97,0.67010309,1.62517885,0.57162727
d1,bear,3,adx_up3+mtf_price200_bear+close_near_low,235,0.56170213,1.18067675,26,0.42307692,0.93365272,0.25544443,45,0.37777778,0.91621194,0.25108085
d1,bear,3,atr_expand+pullback_bear,216,0.56018519,1.17748820,60,0.63333333,1.39764982,0.50683001,39,0.69230769,1.67903093,0.53578746
d1,bear,3,rsi_down3+atr_expand,335,0.55820896,1.17333423,59,0.69491525,1.53354976,0.56853673,91,0.70329670,1.70568222,0.60275965
d1,bear,3,adx_up3+mtf_trend_bear+close_near_low,226,0.55752212,1.17189054,25,0.44000000,0.97099882,0.26665639,41,0.36585366,0.88729277,0.23589831
d1,bear,3,adx_rising+atr_expand,401,0.55610973,1.16892173,97,0.65979381,1.45604322,0.56103587,114,0.64912281,1.57429606,0.55795779
d1,bear,3,atr_expand+mtf_di_bear,430,0.55348837,1.16341175,83,0.75903614,1.67505274,0.65690264,108,0.67592593,1.63930078,0.58293332
d1,bear,3,rsi40+atr_expand,236,0.55084746,1.15786064,50,0.86000000,1.89786134,0.73813806,70,0.62857143,1.52445348,0.51147201
d1,bear,3,atr_expand+mtf_di_strong_bear+structure_ll,242,0.54958678,1.15521074,48,0.72916667,1.60913631,0.59003035,63,0.65079365,1.57834830,0.52751461
d1,bear,3,adx_up3+mtf_volatility,1060,0.54905660,1.15409634,202,0.45544554,1.00508429,0.38823880,220,0.47727273,1.15751375,0.41222832
d1,bear,3,atr_expand+mtf_volatility,612,0.54901961,1.15401857,145,0.66206897,1.46106406,0.58178190,135,0.64444444,1.56294978,0.56072538
d1,bear,3,atr_expand+mtf_di_strong_bear,368,0.54891304,1.15379458,71,0.76056338,1.67842306,0.64958779,101,0.67326733,1.63285297,0.57691616
d1,bear,3,ema20_slope_down3+atr_expand,381,0.54855643,1.15304499,86,0.74418605,1.64228131,0.64292094,89,0.67415730,1.63501140,0.57134228
d1,bear,3,volatility+bb_expand,1189,0.54835997,1.15263203,245,0.56734694,1.25203002,0.50474100,229,0.50218341,1.21792879,0.43792538
d1,bear,3,atr_expand+mtf_adx_rising+impulse_bear,194,0.54639175,1.14849492,32,0.62500000,1.37925969,0.45254407,51,0.66666667,1.61684460,0.52968378
d1,bear,3,atr_expand+mtf_price20_bear,420,0.54523810,1.14606997,75,0.74666667,1.64775558,0.63789673,104,0.65384615,1.58575144,0.55840894
d1,bear,3,atr_expand+mtf_ema20_falling,420,0.54523810,1.14606997,75,0.74666667,1.64775558,0.63789673,104,0.65384615,1.58575144,0.55840894
d1,bear,3,bb_bear+atr_expand,404,0.54455446,1.14463299,89,0.73033708,1.61171919,0.63003358,99,0.67676768,1.64134225,0.57952968
d1,bear,3,atr_expand+mtf_bb_bear,420,0.54285714,1.14106530,73,0.73972603,1.63243887,0.62890512,104,0.66346154,1.60907131,0.56826627
d1,bear,3,volatility+adx_up3,853,0.54279015,1.14092449,142,0.53521127,1.18111253,0.45333200,189,0.47089947,1.14205690,0.40102676
d1,bear,3,di_strong_bear+volatility,1808,0.54258850,1.14050062,281,0.60142349,1.32723068,0.54318108,308,0.48376623,1.17326224,0.42850045
d1,bear,3,rsi_cross45_down+mtf_volatility,317,0.54258675,1.14049695,66,0.53030303,1.17028095,0.41157686,58,0.60344828,1.46352313,0.47493216
d1,bear,3,macd_falling+atr_expand,406,0.54187192,1.13899440,76,0.71052632,1.56800049,0.60040445,104,0.70192308,1.70235081,0.60810070
d1,bear,3,macd_accel_down+atr_expand,406,0.54187192,1.13899440,76,0.71052632,1.56800049,0.60040445,104,0.70192308,1.70235081,0.60810070
d1,bear,3,breakout20_down+mtf_volatility,386,0.53886010,1.13266368,72,0.54166667,1.19535840,0.42739867,71,0.50704225,1.22971280,0.39341308
d1,bear,3,mtf_volatility+structure_breakout20_down,386,0.53886010,1.13266368,72,0.54166667,1.19535840,0.42739867,71,0.50704225,1.22971280,0.39341308
d1,bear,3,atr_expand+mtf_price20_bear+structure_ll,251,0.53784861,1.13053755,49,0.71428571,1.57629679,0.57591116,64,0.64062500,1.55368661,0.51820851
d1,bear,3,atr_expand+mtf_trend_bear+structure_lh,186,0.53763441,1.13008731,40,0.87500000,1.93096357,0.73887880,44,0.59090909,1.43311226,0.44409754
d1,bear,3,volatility+breakout20_down,320,0.53750000,1.12980479,52,0.57692308,1.27316279,0.44194325,59,0.49152542,1.19208034,0.36843837
d1,bear,3,volatility+structure_breakout20_down,320,0.53750000,1.12980479,52,0.57692308,1.27316279,0.44194325,59,0.49152542,1.19208034,0.36843837
d1,bear,3,atr_expand+mtf_price20_bear+range_expand,320,0.53750000,1.12980479,49,0.65306122,1.44118564,0.51311194,71,0.70422535,1.70793444,0.58981462
d1,bear,3,atr_expand+mtf_macd_falling,307,0.53745928,1.12971920,76,0.61842105,1.36474117,0.50601755,54,0.59259259,1.43719520,0.45966849
d1,bear,3,atr_expand+mtf_adx_rising+structure_ll,201,0.53731343,1.12941263,40,0.70000000,1.54477086,0.54569981,58,0.67241379,1.63078292,0.54424055
d1,bear,3,atr_expand+mtf_macd_bear,391,0.53708440,1.12893121,74,0.70270270,1.55073522,0.59067090,99,0.67676768,1.64134225,0.57952968
d1,bear,3,adx25+volatility,2310,0.53679654,1.12832614,361,0.53462604,1.17982104,0.48307759,432,0.47916667,1.16210706,0.43244953
d1,bear,3,atr_expand+mtf_trend_bear,280,0.53571429,1.12605129,68,0.77941176,1.72001797,0.66743261,52,0.53846154,1.30591295,0.40503611
d1,bear,3,atr_expand+mtf_macd_bear+structure_ll,243,0.53497942,1.12450663,48,0.68750000,1.51718566,0.54666929,62,0.66129032,1.60380553,0.53717700
d1,bear,3,adx_up3+mtf_di_strong_bear+close_near_low,258,0.53488372,1.12430547,36,0.36111111,0.79690560,0.22475593,54,0.37037037,0.89824700,0.25423375
d1,bear,3,price20_bear+atr_expand,404,0.53465347,1.12382148,85,0.75294118,1.66160227,0.65165447,97,0.68041237,1.65018160,0.58226633
d1,bear,3,ema20_falling+atr_expand,404,0.53465347,1.12382148,85,0.75294118,1.66160227,0.65165447,97,0.68041237,1.65018160,0.58226633
d1,bear,3,bb_expand+mtf_volatility,1419,0.53417900,1.12282417,342,0.54678363,1.20665059,0.49379635,267,0.47191011,1.14450798,0.41285415
d1,bear,3,atr_expand+mtf_price200_bear,382,0.53403141,1.12251395,78,0.73076923,1.61267287,0.62323100,92,0.64130435,1.55533421,0.53945272
d1,bear,3,momentum_bear+atr_expand,268,0.53358209,1.12156949,53,0.79245283,1.74879720,0.66542255,75,0.66666667,1.61684460,0.55417426
d1,bear,3,volatility+mtf_adx25,2287,0.53301268,1.12037261,397,0.57178841,1.26183154,0.52265504,395,0.48354430,1.17272400,0.43465891
d1,bear,3,adx25+di_spread_down3,1564,0.53260870,1.11952345,335,0.40597015,0.89590122,0.35473743,290,0.41379310,1.00355872,0.35859583
d1,bear,3,adx_up3+mtf_price200_bear+impulse_bear,263,0.53231939,1.11891535,34,0.41176471,0.90868874,0.26365968,52,0.44230769,1.07271421,0.31595057
d1,bear,3,atr_expand+mtf_di_strong_bear+range_expand,280,0.53214286,1.11854428,44,0.68181818,1.50464694,0.53443104,71,0.71830986,1.74209313,0.60457983
d1,bear,3,atr_expand+range_expand,498,0.53212851,1.11851413,100,0.63000000,1.39029377,0.53220530,103,0.68932039,1.67178592,0.59450020
d1,bear,3,atr_expand+mtf_adx_rising,359,0.53203343,1.11831426,79,0.64556962,1.42465305,0.53559274,98,0.69387755,1.68283826,0.59675558
d1,bear,3,adx_up3+mtf_macd_bear+structure_breakout20_down,239,0.53138075,1.11694236,29,0.44827586,0.98926213,0.28413168,45,0.46666667,1.13179122,0.32935132
d1,bear,3,atr_expand+mtf_price20_bear+impulse_bear,271,0.53136531,1.11690991,40,0.65000000,1.43443008,0.49505881,59,0.64406780,1.56203631,0.51655496
d1,bear,3,atr_expand+mtf_macd_bear+range_expand,313,0.53035144,1.11477878,49,0.63265306,1.39614859,0.49267068,70,0.74285714,1.80162684,0.62973870
d1,bear,3,atr_expand+mtf_rsi40,281,0.53024911,1.11456369,54,0.74074074,1.63467816,0.61069109,79,0.67088608,1.62707780,0.56146577
d1,bear,3,body_bear+adx_up3,332,0.53012048,1.11429332,59,0.38983051,0.86028401,0.27579362,51,0.47058824,1.14130207,0.34052990
d1,bear,3,adx_up3+mtf_macd_bear+range_expand,468,0.52991453,1.11386042,98,0.48979592,1.08088923,0.39309210,77,0.50649351,1.22838194,0.39720009
d1,bear,3,atr_expand+mtf_di_strong_bear+structure_lh,287,0.52961672,1.11323444,55,0.76363636,1.68520457,0.63651634,85,0.67058824,1.62635545,0.56520191
d1,bear,3,adx_up3+mtf_trend_bear+impulse_bear,255,0.52941176,1.11280362,32,0.40625000,0.89651880,0.25519635,46,0.39130435,0.94901748,0.26393225
d1,bear,3,atr_expand+mtf_price200_bear+structure_ll,223,0.52914798,1.11224916,51,0.68627451,1.51448123,0.54973000,58,0.62068966,1.50533808,0.49202807
d1,bear,3,adx_up3+mtf_macd_falling,1278,0.52895149,1.11183614,303,0.42904290,0.94681854,0.37454536,246,0.32520325,0.78870468,0.26974160
d1,bear,3,adx25+body_expand,1648,0.52851942,1.11092794,352,0.46590909,1.02817541,0.41444619,286,0.37412587,0.90735510,0.32006085
d1,bear,3,volatility+bb_lower,1101,0.52770209,1.10920995,188,0.57978723,1.27948346,0.50832461,192,0.46875000,1.13684386,0.39947015
d1,bear,3,atr_expand+mtf_macd_bear+impulse_bear,273,0.52747253,1.10872742,38,0.60526316,1.33570413,0.44717868,58,0.65517241,1.58896797,0.52667777
d1,bear,3,adx25+mtf_volatility,1932,0.52743271,1.10864373,350,0.44857143,0.98991439,0.39730595,296,0.48986486,1.18805304,0.43341195
d1,bear,3,body_bear+bb_expand,493,0.52738337,1.10854001,117,0.45299145,0.99966856,0.36572042,86,0.37209302,0.90242489,0.27746251
d1,bear,3,adx_up3+mtf_trend_bear+range_expand,368,0.52717391,1.10809974,58,0.44827586,0.98926213,0.32749854,59,0.40677966,0.98654925,0.29089034
d1,bear,3,adx25+mtf_adx25,2961,0.52684904,1.10741687,524,0.46183206,1.01917816,0.41957874,513,0.41325536,1.00225455,0.37144270
d1,bear,3,atr_expand+mtf_price200_bear+range_expand,283,0.52650177,1.10668692,50,0.66000000,1.45649824,0.52153826,65,0.69230769,1.67903093,0.57202357
d1,bear,3,rsi_down1+atr_expand,285,0.52631579,1.10629600,46,0.69565217,1.53517601,0.55194354,62,0.64516129,1.56468833,0.52081131
d1,bear,3,atr_expand+body_expand,266,0.52631579,1.10629600,62,0.61290323,1.35256435,0.48847844,45,0.71111111,1.72463424,0.56631459
d1,bear,3,adx25+bb_expand,1394,0.52582496,1.10526430,281,0.45551601,1.00523981,0.39827781,259,0.44787645,1.08621993,0.38851626
d1,bear,5,adx25+atr_expand,323,0.69349845,1.19110964,47,0.74468085,1.35711852,0.60491824,69,0.69565217,1.39745603,0.57916430
d1,bear,5,adx_up3+mtf_adx_rising+close_near_low,228,0.67982456,1.16762422,30,0.53333333,0.97195536,0.36142300,44,0.56818182,1.14138809,0.42224147
d1,bear,5,adx_up3+atr_expand,229,0.67248908,1.15502526,38,0.73684211,1.34283307,0.57991154,60,0.68333333,1.37270941,0.55766233
d1,bear,5,volatility+atr_expand,436,0.67201835,1.15421676,112,0.74107143,1.35054065,0.65290824,96,0.70833333,1.42293048,0.61080110
d1,bear,5,di_spread_down3+atr_expand,342,0.66374269,1.14000300,57,0.64912281,1.18297199,0.51941895,95,0.72631579,1.45905442,0.62918566
d1,bear,5,rsi_down3+atr_expand,335,0.66268657,1.13818907,59,0.71186441,1.29731330,0.58619153,91,0.72527473,1.45696308,0.62585218
d1,bear,5,di_strong_bear+atr_expand,320,0.66250000,1.13786864,64,0.75000000,1.36681223,0.63183724,87,0.71264368,1.43158929,0.61016029
d1,bear,5,atr_expand+mtf_trend_bear+structure_lh,186,0.66129032,1.13579097,40,0.87500000,1.59461426,0.73887880,44,0.61363636,1.23269914,0.46623575
d1,bear,5,adx_up3+mtf_price200_bear+close_near_low,235,0.65957447,1.13284393,26,0.46153846,0.84111522,0.28755854,45,0.44444444,0.89281913,0.30938930
d1,bear,5,adx_rising+atr_expand,401,0.65586035,1.12646479,97,0.67010309,1.22120680,0.57162727,114,0.68421053,1.37447155,0.59406571
d1,bear,5,adx_up3+mtf_di_strong_bear+close_near_low,258,0.65503876,1.12505368,36,0.47222222,0.86058548,0.31986042,54,0.42592593,0.85561833,0.30331824
d1,bear,5,adx_up3+mtf_trend_bear+close_near_low,226,0.65486726,1.12475911,25,0.44000000,0.80186317,0.26665639,41,0.43902439,0.88193109,0.29890132
d1,bear,5,bb_lower+atr_expand,275,0.65454545,1.12420641,55,0.81818182,1.49106788,0.69669540,85,0.68235294,1.37073995,0.57733820
d1,bear,5,rsi_cross45_down+mtf_volatility,317,0.65299685,1.12154661,66,0.59090909,1.07688236,0.47049190,58,0.63793103,1.28150332,0.50927524
d1,bear,5,macd_bear+atr_expand,392,0.64795918,1.11289424,96,0.71875000,1.30986172,0.62174104,99,0.69696970,1.40010272,0.60048739
d1,bear,5,atr_expand+mtf_adx25,485,0.64742268,1.11197277,107,0.69158879,1.26036268,0.59871509,125,0.68800000,1.38208401,0.60219824
d1,bear,5,di_bear+atr_expand,380,0.64736842,1.11187958,78,0.76923077,1.40185869,0.66444242,97,0.69072165,1.38755138,0.59295416
d1,bear,5,atr_expand+mtf_di_bear,430,0.64651163,1.11040801,83,0.77108434,1.40523667,0.66991932,108,0.70370370,1.41363028,0.61179210
d1,bear,5,volatility+bb_expand,1189,0.64592094,1.10939348,245,0.62448980,1.13808038,0.56237005,229,0.55458515,1.11407452,0.48983949
d1,bear,5,macd_falling+atr_expand,406,0.64532020,1.10836168,76,0.72368421,1.31885390,0.61424635,104,0.73076923,1.46800068,0.63843045
d1,bear,5,macd_accel_down+atr_expand,406,0.64532020,1.10836168,76,0.72368421,1.31885390,0.61424635,104,0.73076923,1.46800068,0.63843045
d1,bear,5,body_bear+adx_up3,332,0.64457831,1.10708747,59,0.52542373,0.95754077,0.40039795,51,0.52941176,1.06350514,0.39523304
d1,bear,5,rsi40+atr_expand,236,0.64406780,1.10621063,50,0.86000000,1.56727802,0.73813806,70,0.65714286,1.32009685,0.54039550
d1,bear,5,adx25+di_spread_down3,1564,0.64386189,1.10585699,335,0.52238806,0.95200852,0.46894927,290,0.52758621,1.05983788,0.47014238
d1,bear,5,atr_expand+pullback_bear,216,0.64351852,1.10526723,60,0.65000000,1.18457060,0.52362619,39,0.74358974,1.49375508,0.58918344
d1,bear,5,adx_up3+mtf_volatility,1060,0.64339623,1.10505719,202,0.51980198,0.94729560,0.45118015,220,0.52727273,1.05920815,0.46139954
d1,bear,5,adx_up3+mtf_macd_bear+close_near_low,370,0.64324324,1.10479443,72,0.45833333,0.83527414,0.34828627,54,0.53703704,1.07882311,0.40605356
d1,bear,5,atr_expand+bb_expand,313,0.64217252,1.10295543,96,0.75000000,1.36681223,0.65490189,84,0.65476190,1.31531389,0.54833795
d1,bear,5,atr_expand+mtf_price20_bear+structure_ll,251,0.64143426,1.10168744,49,0.73469388,1.33891810,0.59737711,64,0.67187500,1.34969141,0.54999106
d1,bear,5,adx25+volatility,2310,0.64112554,1.10115720,361,0.63711911,1.16109626,0.58631548,432,0.56481481,1.13462431,0.51769494
d1,bear,5,bb_bear+atr_expand,404,0.64108911,1.10109463,89,0.74157303,1.35145479,0.64197059,99,0.69696970,1.40010272,0.60048739
d1,bear,5,atr_expand+mtf_di_strong_bear+structure_ll,242,0.64049587,1.10007571,48,0.75000000,1.36681223,0.61215627,63,0.68253968,1.37111509,0.55996468
d1,bear,5,atr_expand+mtf_price20_bear,420,0.64047619,1.10004192,75,0.76000000,1.38503639,0.65221234,104,0.68269231,1.37142169,0.58810066
d1,bear,5,atr_expand+mtf_ema20_falling,420,0.64047619,1.10004192,75,0.76000000,1.38503639,0.65221234,104,0.68269231,1.37142169,0.58810066
d1,bear,10,adx_up3+atr_expand,229,0.78165939,1.12493440,38,0.76315789,1.13386909,0.60793188,60,0.70000000,1.12978094,0.57491292
d1,bear,10,adx25+atr_expand,323,0.77399381,1.11390239,47,0.80851064,1.20125236,0.67455995,69,0.73913043,1.19293639,0.62489426
d1,bear,10,atr_expand+mtf_adx25,485,0.76494845,1.10088466,107,0.71962617,1.06919141,0.62804709,125,0.74400000,1.20079574,0.66101716
