timeframe,direction,horizon_bars,conditions,discovery_samples,validation_samples,oos_samples,discovery_lift,validation_lift,oos_lift,oos_wilson95_lower,oos_pairs_n_ge5,oos_pairs_above_oos_base,oos_pair_hit_mean,oos_min_pair_hit
h4,bull,1,atr_expand+mtf_volatility,1172,192,172,2.80707806,3.09873366,4.56983277,0.10042961,11,7,0.15344382,0.00000000
h4,bull,1,atr_expand+mtf_trend_bull+range_expand,1627,292,292,2.02206237,1.70889068,3.23018316,0.07291798,11,7,0.08987561,0.00000000
h4,bull,1,atr_expand+mtf_price200_bull+range_expand,2102,355,368,2.01366859,1.45968517,2.73395213,0.06226796,12,7,0.07254178,0.00000000
h4,bull,1,adx_up3+mtf_trend_bull+range_expand,2232,521,568,1.99524870,1.51032328,1.93735164,0.04463705,12,7,0.04584082,0.00000000
h4,bull,1,atr_expand+mtf_adx25,1886,283,262,1.98901552,1.15288575,3.00004289,0.06546883,12,6,0.08841820,0.00000000
h4,bull,1,mtf_volatility+range_expand,8716,1628,1480,1.97933581,2.25165968,2.27305952,0.06018102,12,8,0.07209444,0.00000000
h4,bull,1,bb_expand+mtf_trend_bull+range_expand,3271,800,756,1.95022549,1.58335294,1.41398847,0.03235973,12,8,0.03702699,0.00000000
h4,bull,1,adx25+atr_expand,2444,473,347,1.93708668,1.58244000,1.90273613,0.03992031,12,7,0.06101544,0.00000000
h4,bull,1,adx_up3+atr_expand,1626,337,330,1.92460810,1.36680049,2.76294859,0.06188288,12,7,0.07910477,0.00000000
h4,bull,1,bb_expand+mtf_price200_bull+range_expand,4351,1020,999,1.89492049,1.39237216,1.44770838,0.03469737,12,7,0.03849768,0.00000000
h4,bull,1,adx_up3+mtf_price200_bull+range_expand,2860,673,708,1.88679406,1.39734872,1.90951882,0.04539995,12,6,0.04781429,0.00000000
h4,bull,1,volatility+atr_expand,2864,605,491,1.86314595,1.99852212,2.43327307,0.05690261,12,7,0.07781376,0.00000000
h4,bull,1,atr_expand+mtf_trend_bull,2370,379,401,1.83674827,1.72172383,2.97939421,0.06982005,11,7,0.08081243,0.00000000
h4,bull,1,price200_cross_up+mtf_price200_bull+range_expand,515,110,102,1.83074932,1.22131907,1.23295880,0.01535407,10,2,0.03974359,0.00000000
h4,bull,1,volatility+mtf_volatility,9620,1647,1395,1.82878552,2.57526816,2.50171318,0.06649567,12,8,0.07996697,0.00000000
h4,bull,1,breakout20_up+mtf_volatility,1437,272,264,1.82874344,1.69342561,2.14366701,0.04356005,11,6,0.06860186,0.00000000
h4,bull,1,mtf_volatility+structure_breakout20_up,1437,272,264,1.82874344,1.69342561,2.14366701,0.04356005,11,6,0.06860186,0.00000000
h4,bull,1,atr_expand+mtf_adx_rising+range_expand,1729,342,244,1.82155761,1.51517028,2.96364892,0.06363413,12,6,0.08778810,0.00000000
h4,bull,1,breakout20_up+mtf_trend_bull+range_expand,1477,366,304,1.81996299,1.62556520,0.82738025,0.01339368,11,3,0.04282986,0.00000000
h4,bull,1,atr_expand+mtf_price200_bull,3055,460,513,1.80575877,1.50199488,2.39020961,0.05610902,12,7,0.06200944,0.00000000
h4,bull,1,mtf_volatility+impulse_bull,4049,758,731,1.80339915,2.05087692,2.45158087,0.06066984,12,7,0.07688218,0.00000000
h4,bull,1,rsi_cross55_up+breakout20_up,547,136,102,1.79699557,1.69342561,2.46591760,0.04027669,12,6,0.08806217,0.00000000
h4,bull,1,rsi_cross55_up+structure_breakout20_up,547,136,102,1.79699557,1.69342561,2.46591760,0.04027669,12,6,0.08806217,0.00000000
h4,bull,1,atr_expand+mtf_price200_bull+structure_hh,985,166,121,1.79219266,2.19669265,1.29919213,0.01777749,10,4,0.04797009,0.00000000
h4,bull,1,atr_expand+bb_expand,2638,511,470,1.78702786,1.31453129,2.27441549,0.05222650,12,7,0.06752353,0.00000000
h4,bull,1,bb_expand+mtf_adx_rising+range_expand,3355,786,611,1.78181246,1.34296263,1.54372092,0.03460677,12,5,0.04871066,0.00000000
h4,bull,1,breakout20_up+mtf_trend_bull+impulse_bull,1736,415,356,1.77954614,1.52612332,0.97147456,0.01733942,11,4,0.05707793,0.00000000
h4,bull,1,breakout20_up+mtf_price200_bull+range_expand,2086,493,456,1.75984751,1.47931432,1.03422531,0.02003424,12,5,0.03761797,0.00000000
h4,bull,1,price200_cross_up+mtf_price20_bull+range_expand,365,100,66,1.75871459,0.38384314,2.38185223,0.03279204,7,3,0.06485261,0.00000000
h4,bull,1,atr_expand+mtf_rsi60,1369,197,194,1.75839342,1.65617597,2.10683424,0.03957597,12,5,0.06882197,0.00000000
h4,bull,1,bb_expand+mtf_volatility,5030,996,903,1.75079294,2.15815419,2.08906641,0.05196801,12,8,0.06573948,0.00000000
h4,bull,1,atr_expand+mtf_adx_rising+structure_hh,828,158,87,1.74437724,1.45763217,2.16830686,0.03198884,11,4,0.07445887,0.00000000
h4,bull,1,adx_up3+mtf_adx_rising+range_expand,2612,648,510,1.74337550,1.54011135,2.09602996,0.04809649,12,6,0.06132691,0.00000000
h4,bull,1,price200_cross_up+mtf_price200_bull+structure_hh,415,92,95,1.74017392,1.46027280,0.99285630,0.01079714,8,2,0.04583333,0.00000000
h4,bull,1,rsi_up1+mtf_volatility,4734,931,859,1.72890115,1.87592511,2.04966842,0.05054273,12,7,0.06189596,0.00000000
h4,bull,1,bb_expand+mtf_di_strong_bull+range_expand,2888,696,535,1.72263293,1.29602209,1.29287829,0.02731055,12,6,0.04199392,0.00000000
h4,bull,1,atr_expand+mtf_trend_bull+impulse_bull,735,122,112,1.71945757,1.25850209,1.96502809,0.03060192,8,5,0.08128885,0.00000000
h4,bull,1,adx25+mtf_volatility,11278,1982,1979,1.71468045,2.04316100,2.00176687,0.05373380,12,7,0.05602526,0.00000000
h4,bull,1,adx_rising+atr_expand,3127,620,565,1.71285907,1.67157495,2.28151934,0.05393962,12,7,0.07043001,0.00000000
h4,bull,1,mtf_adx25+range_expand,11727,2417,2059,1.71061126,1.10372768,1.49643713,0.03921207,12,6,0.04683611,0.00000000
h4,bull,1,atr_expand+mtf_price200_bull+structure_breakout20_up,458,81,60,1.70819475,2.36940208,2.09602996,0.02622870,5,2,0.07714286,0.00000000
h4,bull,1,price200_cross_up+mtf_price200_bull+impulse_bull,611,147,121,1.70726283,0.65279445,0.77951528,0.00846731,10,2,0.02361111,0.00000000
h4,bull,1,mtf_adx25+mtf_volatility,11657,1838,2194,1.70539549,1.28435000,1.84859525,0.04970282,12,8,0.05584798,0.00000000
h4,bull,1,rsi_cross55_up+mtf_volatility,1025,194,186,1.70268237,2.07750152,2.87358946,0.05784765,12,8,0.09523810,0.00000000
h4,bull,1,price200_cross_up+mtf_price20_bull+structure_hh,295,75,58,1.70002867,1.02358170,2.16830686,0.02714425,7,3,0.06825397,0.00000000
h4,bull,1,price200_cross_up+mtf_trend_bull+range_expand,380,84,57,1.68929165,1.59934641,0.55158683,0.00310366,6,1,0.01851852,0.00000000
h4,bull,1,adx_up3+mtf_trend_bull+structure_breakout20_up,820,188,134,1.68800408,1.42920317,1.87704176,0.03055903,11,6,0.07066426,0.00000000
h4,bull,1,atr_expand+mtf_di_strong_bull+range_expand,1452,249,208,1.68551052,1.46446177,3.32543215,0.07089160,12,7,0.09780646,0.00000000
h4,bull,1,mtf_volatility+structure_hh,5538,1097,980,1.68437293,1.76700806,1.92492548,0.04785947,12,7,0.06009556,0.00000000
h4,bull,1,body_bull+mtf_volatility,3533,664,668,1.68068501,1.79203874,1.60026240,0.03664920,12,6,0.04735207,0.00000000
h4,bull,1,atr_expand+mtf_price200_bull+impulse_bull,955,147,150,1.68044719,1.17503001,1.67682397,0.02726954,12,6,0.04738375,0.00000000
h4,bull,1,bb_expand+mtf_trend_bull+structure_breakout20_up,1352,334,305,1.67664070,1.37907714,0.82466753,0.01334958,11,4,0.04554468,0.00000000
h4,bull,1,di_strong_bull+price200_cross_up,683,145,99,1.67414243,1.45595673,1.58790149,0.02176323,10,4,0.05462213,0.00000000
h4,bull,1,atr_expand+mtf_adx_rising+impulse_bull,828,145,105,1.67169486,1.58831643,2.39546281,0.03911065,11,4,0.06841139,0.00000000
h4,bull,1,breakout20_up+mtf_adx25,1818,335,370,1.66617771,1.20309043,1.27461282,0.02471959,12,3,0.04971205,0.00000000
h4,bull,1,mtf_adx25+structure_breakout20_up,1818,335,370,1.66617771,1.20309043,1.27461282,0.02471959,12,3,0.04971205,0.00000000
h4,bull,1,price20_cross_up+mtf_volatility,1290,245,221,1.66391953,1.95838335,2.27623163,0.04505190,11,6,0.07857612,0.00000000
h4,bull,1,atr_expand+mtf_di_strong_bull+structure_hh,736,129,83,1.66260956,2.52919897,1.51520238,0.01889862,7,3,0.05918367,0.00000000
h4,bull,1,bb_expand+mtf_trend_bull+impulse_bull,1730,418,394,1.65816669,1.19377052,1.03737524,0.01938205,12,5,0.03393410,0.00000000
h4,bull,1,breakout20_up+mtf_price200_bull+impulse_bull,2445,564,535,1.65733674,1.36114588,1.17534390,0.02432815,12,4,0.04280324,0.00000000
h4,bull,1,atr_expand+mtf_adx_rising,2496,458,371,1.65562087,1.50855381,2.71184470,0.06175890,12,7,0.07595470,0.00000000
h4,bull,1,atr_expand+mtf_price200_bull+close_near_high,862,127,140,1.65230165,1.66231280,1.57202247,0.02442827,11,4,0.04417552,0.00000000
h4,bull,1,adx25+di_cross_up,681,154,106,1.64960197,1.99399032,0.29660801,0.00166727,11,1,0.01818182,0.00000000
h4,bull,1,atr_expand+mtf_trend_bull+structure_hh,742,138,72,1.64916528,2.50332481,1.74669164,0.02181422,7,2,0.06462585,0.00000000
h4,bull,1,breakout20_up+mtf_di_strong_bull+range_expand,1657,394,293,1.64647315,1.51004280,0.96574759,0.01624274,12,6,0.03976990,0.00000000
h4,bull,1,adx_up3+range_expand,4973,1184,990,1.64581098,1.49128246,1.81020769,0.04470309,12,6,0.05505740,0.00000000
h4,bull,1,bb_expand+mtf_price20_bull+range_expand,3938,965,833,1.64537564,1.31262420,1.13230910,0.02534180,12,6,0.03366453,0.00000000
h4,bull,1,atr_expand+mtf_trend_bull+pullback_bull,806,123,126,1.64265797,1.56033796,2.24574639,0.03803114,10,5,0.06532563,0.00000000
h4,bull,1,atr_expand+range_expand,3434,688,510,1.64151283,1.56215230,2.46591760,0.05812465,12,6,0.07994460,0.00000000
h4,bull,1,atr_expand+mtf_price20_bull+range_expand,1902,333,303,1.63478046,1.32558441,2.59409649,0.05650931,12,7,0.07697035,0.00000000
h4,bull,1,rsi_cross55_up+price200_cross_up,381,97,53,1.63220600,1.78071559,1.18643205,0.01041029,5,2,0.06190476,0.00000000
h4,bull,3,atr_expand+mtf_volatility,1172,192,172,1.82303536,2.09112803,2.07458482,0.19122773,11,8,0.26671210,0.00000000
h4,bull,3,adx_up3+mtf_trend_bull+structure_breakout20_up,820,188,134,1.55728677,1.19724158,1.30048600,0.10484593,11,6,0.14818690,0.00000000
h4,bull,3,mtf_adx25+mtf_volatility,11657,1838,2194,1.45989790,1.22459966,1.59612542,0.17639383,12,8,0.18268355,0.00000000
h4,bull,3,adx_up3+mtf_trend_bull+structure_hh,1590,380,259,1.44563224,1.07257859,1.08935728,0.09548341,11,6,0.11774290,0.00000000
h4,bull,3,volatility+mtf_volatility,9620,1647,1395,1.44267564,1.96127656,1.91545896,0.20947027,12,9,0.22840602,0.01234568
h4,bull,3,adx_up3+mtf_trend_bull+range_expand,2232,521,568,1.43728080,1.20264491,1.32948745,0.13234368,12,4,0.11811985,0.00000000
h4,bull,3,adx_up3+atr_expand,1626,337,330,1.41745659,1.19138452,1.58422841,0.15215703,12,6,0.16462101,0.00000000
h4,bull,3,body_bull+mtf_volatility,3533,664,668,1.40874286,1.52082039,1.62736893,0.16777166,12,6,0.18282056,0.00000000
h4,bull,3,adx25+mtf_volatility,11278,1982,1979,1.39959733,1.60215589,1.77372284,0.19624635,12,8,0.19338487,0.02564103
h4,bull,3,breakout20_up+mtf_trend_bull+impulse_bull,1736,415,356,1.39940516,1.12870525,1.30535674,0.12316620,11,6,0.18612638,0.00000000
h4,bull,3,mtf_volatility+impulse_bull,4049,758,731,1.39382742,1.55693485,1.78226986,0.18653590,12,8,0.21081715,0.00000000
h4,bull,3,breakout20_up+mtf_volatility,1437,272,264,1.39147962,1.34190034,1.57165516,0.14671352,11,6,0.20792223,0.00000000
h4,bull,3,mtf_volatility+structure_breakout20_up,1437,272,264,1.39147962,1.34190034,1.57165516,0.14671352,11,6,0.20792223,0.00000000
h4,bull,3,adx_up3+mtf_trend_bull+impulse_bull,1147,256,280,1.39028915,1.21190374,1.74857863,0.16702492,11,6,0.17230514,0.00000000
h4,bull,3,mtf_price200_bull+mtf_volatility,12886,2129,2553,1.38833698,1.16865296,1.69022186,0.18851033,12,7,0.17139045,0.00000000
h4,bull,3,mtf_volatility+pullback_bull,9884,1962,1706,1.38649571,1.51927011,1.63437397,0.17877007,12,7,0.19160893,0.00000000
h4,bull,3,mtf_trend_bull+mtf_volatility,10188,1648,1919,1.37019224,1.15907185,1.60431676,0.17628071,11,6,0.18636369,0.00000000
h4,bull,3,bb_expand+mtf_volatility,5030,996,903,1.36966932,1.64908235,1.70010273,0.17982415,12,9,0.20410833,0.00000000
h4,bull,3,adx_up3+mtf_trend_bull+close_near_high,1492,353,371,1.36941035,1.10291790,1.54335690,0.14968138,12,6,0.14586705,0.00000000
h4,bull,3,body_expand+mtf_volatility,6625,1278,1136,1.36242024,1.57080040,1.59976787,0.17089268,12,7,0.18923538,0.00000000
h4,bull,3,rsi_up1+mtf_volatility,4734,931,859,1.35267494,1.58126115,1.80650692,0.19138756,12,8,0.20394029,0.00000000
h4,bull,3,adx_up3+mtf_price200_bull+structure_breakout20_up,1182,283,203,1.34385152,1.16076750,1.10372000,0.09304386,11,5,0.13315731,0.00000000
h4,bull,3,price20_cross_up+mtf_volatility,1290,245,221,1.34240534,1.56427240,1.57705995,0.14378573,11,7,0.19930575,0.00000000
h4,bull,3,mtf_trend_bull+breakout20_up+cross_group_bull,1425,361,316,1.34199870,1.12903009,1.47059177,0.13906485,9,5,0.19828350,0.04651163
h4,bull,3,breakout20_up+mtf_trend_bull+range_expand,1477,366,304,1.34114338,1.13022717,1.22837259,0.11250564,11,7,0.17319187,0.00000000
h4,bull,3,adx_up3+mtf_price200_bull+range_expand,2860,673,708,1.33948442,1.07564711,1.27756918,0.12924410,12,5,0.12237416,0.00000000
h4,bull,3,adx_up3+mtf_volatility,4001,705,753,1.33426119,1.77752624,1.77427971,0.18601839,12,9,0.20152992,0.00000000
h4,bull,3,bb_expand+mtf_trend_bull+structure_breakout20_up,1352,334,305,1.33152626,0.98352456,1.14272213,0.10351684,11,6,0.15017527,0.00000000
h4,bull,3,rsi_up3+mtf_volatility,5637,1083,974,1.32495074,1.64018302,1.71249096,0.18212738,12,7,0.19167416,0.00000000
h4,bull,3,volatility+mtf_trend_bull,11318,2559,2160,1.32145097,1.13630660,1.51367855,0.16669006,12,7,0.14916466,0.00000000
h4,bull,3,di_spread_up3+mtf_volatility,5950,1112,1013,1.32016041,1.64664365,1.74486304,0.18629071,12,8,0.19814911,0.00000000
h4,bull,3,bb_expand+mtf_trend_bull+range_expand,3271,800,756,1.31971841,1.16342759,1.16352376,0.11727632,12,5,0.11119654,0.00000000
h4,bull,3,macd_rising+mtf_volatility,11659,2141,1977,1.31859808,1.61955651,1.72934536,0.19106676,12,8,0.19744050,0.00000000
h4,bull,3,macd_accel_up+mtf_volatility,11659,2141,1977,1.31859808,1.61955651,1.72934536,0.19106676,12,8,0.19744050,0.00000000
h4,bull,3,mtf_adx_rising+mtf_volatility,10972,2008,1945,1.31770419,1.48446611,1.73646482,0.19175860,12,7,0.20143844,0.01449275
h4,bull,3,di_cross_up+mtf_volatility,904,185,151,1.31611404,1.28242151,1.59372079,0.13717929,11,7,0.19645510,0.00000000
h4,bull,3,mtf_volatility,22922,4310,3968,1.31393099,1.50600033,1.61658676,0.18278308,12,7,0.18910763,0.00800000
h4,bull,3,atr_expand+mtf_trend_bull+range_expand,1627,292,292,1.31321293,1.29165567,1.64830026,0.15691232,11,7,0.15857322,0.00000000
h4,bull,3,mtf_volatility+structure_hl,11891,2208,2082,1.31277795,1.49877951,1.55045820,0.17067892,12,6,0.17684042,0.01612903
h4,bull,3,mtf_macd_rising+mtf_volatility,11795,2278,2197,1.31237223,1.43670126,1.51840345,0.16736708,12,7,0.17241004,0.01250000
h4,bull,3,breakout20_up+mtf_price200_bull+impulse_bull,2445,564,535,1.31206983,1.04623814,1.24087316,0.12181749,12,6,0.14354497,0.00000000
h4,bull,3,breakout20_up+mtf_trend_bull+structure_hl,2116,528,454,1.31000494,1.01388026,1.18808822,0.11394398,11,6,0.15867096,0.00000000
h4,bull,3,rsi_cross50_up+mtf_volatility,1123,226,201,1.30906385,1.66886485,1.48626972,0.13226931,11,7,0.19180961,0.00000000
h4,bull,3,breakout20_up+mtf_rsi60,2157,469,380,1.30820752,1.08954296,0.96086034,0.08739459,11,5,0.13132473,0.00000000
h4,bull,3,mtf_rsi60+structure_breakout20_up,2157,469,380,1.30820752,1.08954296,0.96086034,0.08739459,11,5,0.13132473,0.00000000
h4,bull,3,adx_up3+mtf_price200_bull+structure_hh,2287,573,393,1.30738548,1.01918853,0.99242225,0.09113835,12,5,0.10664944,0.00000000
h4,bull,3,atr_expand+mtf_trend_bull,2370,379,401,1.30628105,1.36432436,1.61414080,0.15874603,11,6,0.15361296,0.00000000
h4,bull,3,volatility+mtf_adx25,10494,1814,1602,1.30590085,1.14690314,1.65241587,0.18030075,12,8,0.19708080,0.00000000
h4,bull,3,breakout20_up+mtf_trend_bull,2446,609,509,1.30389342,1.01887474,1.17383188,0.11385920,11,6,0.15927207,0.00000000
h4,bull,3,mtf_trend_bull+structure_breakout20_up,2446,609,509,1.30389342,1.01887474,1.17383188,0.11385920,11,6,0.15927207,0.00000000
h4,bull,3,breakout20_up+mtf_trend_bull+structure_hh,2446,609,509,1.30389342,1.01887474,1.17383188,0.11385920,11,6,0.15927207,0.00000000
h4,bull,3,breakout20_up+mtf_trend_bull+structure_breakout20_up,2446,609,509,1.30389342,1.01887474,1.17383188,0.11385920,11,6,0.15927207,0.00000000
h4,bull,3,bb_expand+mtf_trend_bull+impulse_bull,1730,418,394,1.30344002,1.01873136,1.24264471,0.11790274,12,6,0.13128444,0.00000000
h4,bull,3,macd_accel_up+mtf_trend_bull+structure_breakout20_up,2288,564,494,1.30136901,1.01388026,1.17587803,0.11370635,11,6,0.15943829,0.00000000
h4,bull,3,mtf_macd_bull+mtf_volatility,11189,2013,1782,1.29715906,1.52006489,1.31320520,0.14204098,12,7,0.17569568,0.01010101
h4,bull,3,adx25+volatility,13559,2791,2339,1.29369999,1.30122504,1.36590877,0.15012466,12,7,0.16620076,0.00896861
h4,bull,3,atr_expand+mtf_price200_bull+range_expand,2102,355,368,1.29205905,1.16524830,1.48828911,0.14352609,12,6,0.13921028,0.00000000
h4,bull,3,bb_expand+mtf_trend_bull+structure_hh,2409,598,505,1.29030485,1.03761658,1.01880601,0.09696394,12,5,0.11771273,0.00000000
h4,bull,3,atr_expand+mtf_price200_bull+structure_hh,985,166,121,1.29009746,1.31926588,1.09730106,0.08305918,10,4,0.14471917,0.00000000
h4,bull,3,macd_bull+mtf_volatility,11888,2227,2144,1.28952986,1.49965046,1.53271565,0.16884452,12,6,0.17230174,0.01694915
h4,bull,3,mtf_volatility+close_near_high,5271,996,972,1.28695526,1.50860496,1.56234165,0.16494040,12,6,0.17636036,0.00000000
h4,bull,3,atr_expand+mtf_price200_bull,3055,460,513,1.28660943,1.24310536,1.52055339,0.15215516,12,6,0.14877644,0.00000000
h4,bull,3,adx_up3+mtf_trend_bull,6089,1437,1428,1.28490864,1.06256344,1.45279049,0.15623840,12,7,0.13679931,0.00000000
h4,bull,3,adx25+atr_expand,2444,473,347,1.28457043,1.18321755,1.05223898,0.09582989,12,6,0.12143634,0.00000000
h4,bull,3,adx_up3+mtf_price200_bull+impulse_bull,1504,342,368,1.28393324,1.15617924,1.57848845,0.15339823,12,6,0.15314146,0.00000000
h4,bull,3,bb_bull+mtf_volatility,11822,2284,2137,1.28092172,1.42493679,1.36687666,0.14959463,12,6,0.16299108,0.01282051
h4,bull,3,atr_expand+mtf_rsi60,1369,197,194,1.27859045,1.35870248,1.36879823,0.11933107,12,7,0.15595906,0.00000000
h4,bull,3,bb_expand+mtf_di_strong_bull+structure_breakout20_up,1528,354,294,1.27599675,1.16853996,0.98789753,0.08685593,12,4,0.10456663,0.00000000
h4,bull,3,adx_up3+mtf_trend_bull+structure_hl,3266,793,752,1.27405702,1.04328662,1.40144825,0.14380392,12,5,0.12800711,0.00000000
h4,bull,3,mtf_volatility+range_expand,8716,1628,1480,1.27212962,1.57313362,1.61481196,0.17522660,12,7,0.19189075,0.02083333
h4,bull,3,atr_expand+mtf_price200_bull+close_near_high,862,127,140,1.27184441,1.58069520,1.36329859,0.11203834,11,5,0.14245454,0.00000000
h4,bull,3,di_bull+mtf_volatility,10789,2083,1724,1.27077141,1.43393722,1.35738496,0.14686424,12,7,0.17377439,0.01587302
h4,bull,3,adx_rising+mtf_volatility,10662,1981,1791,1.26954948,1.54769000,1.68190796,0.18470793,12,7,0.19905955,0.00000000
h4,bull,3,di_strong_bull+mtf_volatility,7730,1471,1214,1.26919879,1.41019647,1.27824501,0.13482415,12,7,0.16593891,0.02040816
h4,bull,3,atr_expand+mtf_adx25,1886,283,262,1.26498586,1.05328903,1.52030643,0.14105799,12,8,0.16040539,0.00000000
h4,bull,3,breakout20_up+mtf_price200_bull+range_expand,2086,493,456,1.26314919,1.04884165,1.18287731,0.11343685,12,5,0.14013201,0.00000000
h4,bull,3,ema20_slope_up3+mtf_volatility,11773,2257,2085,1.26244329,1.40424886,1.38106653,0.15105581,12,7,0.16794876,0.01162791
h4,bull,3,mtf_volatility+mtf_bb_bull,11296,2243,1840,1.26060820,1.32351377,1.28083063,0.13856179,12,7,0.16782555,0.01234568
h4,bull,6,atr_expand+mtf_volatility,1172,192,172,1.57547130,1.65457086,1.61525085,0.30338948,11,8,0.39936327,0.14285714
h4,bull,6,adx_up3+atr_expand,1626,337,330,1.34587207,1.33020296,1.17075095,0.22466669,12,5,0.25337280,0.00000000
h4,bull,6,adx_up3+mtf_trend_bull+structure_breakout20_up,820,188,134,1.32604302,1.23916796,1.19863064,0.20746374,11,6,0.24233550,0.00000000
h4,bull,6,atr_expand+mtf_adx_rising+close_near_high,737,105,113,1.31763524,1.17658372,0.72990041,0.11036732,11,3,0.15432900,0.00000000
h4,bull,6,atr_expand+mtf_trend_bull+range_expand,1627,292,292,1.31562200,1.23299527,1.39744091,0.27094070,11,7,0.28299318,0.07692308
h4,bull,6,atr_expand+mtf_trend_bull,2370,379,401,1.30570354,1.28523921,1.33152459,0.26360999,11,6,0.27168158,0.06250000
h4,bull,6,atr_expand+mtf_price200_bull+impulse_bull,955,147,150,1.29971341,1.27263137,1.18653635,0.20834143,12,5,0.23436737,0.00000000
h4,bull,6,atr_expand+mtf_price200_bull+close_near_high,862,127,140,1.29713397,1.36187250,1.02323257,0.17305134,11,5,0.22140423,0.00000000
h4,bull,6,atr_expand+mtf_macd_bull+structure_breakout20_up,425,76,50,1.29533259,1.02177008,1.04183680,0.14297391,4,2,0.29166667,0.00000000
h4,bull,6,atr_expand+mtf_price200_bull+range_expand,2102,355,368,1.29486563,1.20309829,1.30937369,0.25698502,12,7,0.25629065,0.00000000
h4,bull,6,atr_expand+mtf_rsi60,1369,197,194,1.29131276,1.16463871,1.14118721,0.20597847,12,5,0.26082538,0.00000000
h4,bull,6,atr_expand+mtf_trend_bull+impulse_bull,735,122,112,1.28865534,1.27302501,1.20152309,0.20237780,8,5,0.32808232,0.09090909
h4,bull,6,mtf_price200_bull+mtf_volatility,12886,2129,2553,1.28829540,1.20532133,1.45039625,0.31608138,12,6,0.28215919,0.04597701
h4,bull,6,volatility+mtf_volatility,9620,1647,1395,1.28634617,1.62235679,1.54035010,0.33016076,12,11,0.34825704,0.04938272
h4,bull,6,mtf_adx25+mtf_volatility,11657,1838,2194,1.28449523,1.15225827,1.37906459,0.29853626,12,8,0.30281804,0.00000000
h4,bull,6,atr_expand+mtf_price200_bull+structure_breakout20_up,458,81,60,1.28412505,1.43804677,1.08524666,0.15776523,5,3,0.31428571,0.10000000
h4,bull,6,di_cross_up+mtf_volatility,904,185,151,1.28225859,1.35466126,1.40866454,0.25498497,11,7,0.34045709,0.00000000
h4,bull,6,atr_expand+mtf_price200_bull,3055,460,513,1.28155904,1.25843303,1.26929434,0.25469544,12,6,0.25536004,0.00000000
h4,bull,6,mtf_volatility+impulse_bull,4049,758,731,1.27687494,1.40165581,1.50242083,0.31250033,12,7,0.33893545,0.09090909
h4,bull,6,body_bull+mtf_volatility,3533,664,668,1.27657256,1.35555203,1.46215868,0.30200907,12,7,0.31756215,0.08333333
h4,bull,6,atr_expand+mtf_adx_rising+impulse_bull,828,145,105,1.27606410,1.14412624,1.07491098,0.17494984,11,5,0.23406139,0.00000000
h4,bull,6,atr_expand+mtf_price200_bull+structure_hh,985,166,121,1.27401394,1.29707724,1.07627768,0.17954720,10,5,0.26119048,0.00000000
h4,bull,6,atr_expand+mtf_di_strong_bull+close_near_high,612,91,84,1.27387781,1.47396203,1.03356825,0.15974691,11,3,0.23346653,0.00000000
h4,bull,6,mtf_trend_bull+mtf_volatility,10188,1648,1919,1.27235762,1.18657897,1.37988633,0.29742150,11,6,0.29275562,0.00000000
h4,bull,6,atr_expand+mtf_trend_bull+close_near_high,676,108,104,1.26961304,1.40536389,1.04350641,0.16845379,8,5,0.23317754,0.00000000
h4,bull,6,mtf_macd_bull+adx_up3+atr_expand,765,148,168,1.26940806,0.88243779,1.21444270,0.21739040,11,7,0.27880730,0.00000000
h4,bull,6,adx_up3+mtf_trend_bull+range_expand,2232,521,568,1.26387495,1.15851718,1.35273704,0.27490317,12,7,0.25057313,0.00000000
h4,bull,6,atr_expand+mtf_price20_bull+structure_breakout20_up,481,95,65,1.25826622,1.41190047,1.06855056,0.15757987,6,3,0.24807692,0.00000000
h4,bull,6,adx_up3+mtf_trend_bull+impulse_bull,1147,256,280,1.25505577,1.24092815,1.37981362,0.26609555,11,7,0.26568182,0.00000000
h4,bull,6,di_spread_up3+mtf_volatility,5950,1112,1013,1.25395551,1.38396719,1.52984426,0.32360796,12,9,0.33030038,0.00000000
h4,bull,6,mtf_trend_bull+breakout20_up+cross_group_bull,1425,361,316,1.25256418,1.22221301,1.38746725,0.27063461,9,7,0.32491313,0.08333333
h4,bull,6,mtf_volatility+pullback_bull,9884,1962,1706,1.24991239,1.37627913,1.41476470,0.30407965,12,7,0.31590013,0.03508772
h4,bull,6,macd_cross_up+mtf_price200_bull+structure_breakout20_up,323,72,65,1.24917658,1.12755940,1.20211938,0.18293584,8,5,0.31736111,0.00000000
h4,bull,6,price200_cross_up+mtf_volatility,386,85,75,1.24903945,1.41190047,1.33123591,0.21386867,8,3,0.27217262,0.00000000
h4,bull,6,body_expand+mtf_volatility,6625,1278,1136,1.24903277,1.38096681,1.46737577,0.31110726,12,8,0.32870065,0.02631579
h4,bull,6,atr_expand+mtf_trend_bull+structure_hh,742,138,72,1.24884843,1.33005117,1.08524666,0.16439051,7,3,0.30082033,0.00000000
h4,bull,6,price20_cross_up+mtf_volatility,1290,245,221,1.24846262,1.33986473,1.49282799,0.28441318,11,8,0.36018348,0.04000000
h4,bull,6,rsi_up1+mtf_volatility,4734,931,859,1.24740773,1.42175799,1.56154235,0.32831694,12,9,0.34004437,0.06666667
h4,bull,6,rsi_up3+mtf_volatility,5637,1083,974,1.24533233,1.40147092,1.49304983,0.31477591,12,9,0.31777330,0.00000000
h4,bull,6,adx25+atr_expand,2444,473,347,1.24238475,1.18653369,0.93825360,0.17606407,12,5,0.21708968,0.01818182
h4,bull,6,mtf_macd_bull+mtf_volatility,11189,2013,1782,1.24226321,1.37648021,1.22531778,0.26185466,12,8,0.30222703,0.04040404
h4,bull,6,atr_expand+mtf_macd_bull+close_near_high,713,103,93,1.24209434,0.82246629,0.93354552,0.14375022,10,5,0.24206349,0.00000000
h4,bull,6,mtf_volatility+structure_hl,11891,2208,2082,1.24081424,1.34443874,1.42614547,0.30868739,12,9,0.31202012,0.06451613
h4,bull,6,breakout20_up+mtf_trend_bull+impulse_bull,1736,415,356,1.23892573,1.16524316,1.14621558,0.22094755,11,6,0.27790858,0.00000000
h4,bull,6,adx_up3+mtf_trend_bull+structure_hh,1590,380,259,1.23871018,1.09608063,1.25704247,0.23773163,11,7,0.24984784,0.00000000
h4,bull,6,atr_expand+mtf_adx_rising+structure_hh,828,158,87,1.23476753,1.18403046,0.79834237,0.11649467,11,3,0.19350649,0.00000000
h4,bull,6,bb_expand+mtf_trend_bull+structure_breakout20_up,1352,334,305,1.23420550,1.00397114,1.16708494,0.22219704,11,5,0.25239489,0.00000000
h4,bull,6,rsi_cross50_up+mtf_volatility,1123,226,201,1.23316053,1.45250823,1.46859250,0.27647750,11,8,0.36072172,0.00000000
h4,bull,6,macd_rising+mtf_volatility,11659,2141,1977,1.23265754,1.37332215,1.44919130,0.31339152,12,9,0.31476284,0.00000000
h4,bull,6,macd_accel_up+mtf_volatility,11659,2141,1977,1.23265754,1.37332215,1.44919130,0.31339152,12,9,0.31476284,0.00000000
h4,bull,6,breakout20_up+mtf_volatility,1437,272,264,1.23258631,1.21984048,1.44699555,0.27921806,11,8,0.34483672,0.14285714
h4,bull,6,mtf_volatility+structure_breakout20_up,1437,272,264,1.23258631,1.21984048,1.44699555,0.27921806,11,8,0.34483672,0.14285714
h4,bull,6,atr_expand+mtf_macd_bull+structure_hh,880,146,96,1.23174537,0.91870236,1.13046528,0.18305900,8,3,0.23894300,0.00000000
h4,bull,6,rsi_cross55_up+mtf_volatility,1025,194,186,1.23096824,1.45556749,1.47033419,0.27457149,12,8,0.34932336,0.09523810
h4,bull,6,adx_up3+mtf_trend_bull+close_near_high,1492,353,371,1.23069323,1.07992387,1.22858113,0.23958615,12,7,0.23541840,0.00000000
h4,bull,6,atr_expand+mtf_price20_bull+close_near_high,768,114,113,1.22883114,1.30043464,1.07564271,0.17736019,11,6,0.24519932,0.00000000
h4,bull,6,adx25+mtf_volatility,11278,1982,1979,1.22700254,1.39266671,1.53327422,0.33245328,12,9,0.32739318,0.10256410
h4,bull,6,adx_rising+atr_expand,3127,620,565,1.22690044,1.34358270,1.09100904,0.21732059,12,6,0.24722099,0.00000000
h4,bull,6,bb_expand+mtf_volatility,5030,996,903,1.22634565,1.43174646,1.44699555,0.30334976,12,8,0.32713303,0.00000000
h4,bull,6,atr_expand+mtf_adx25,1886,283,262,1.22560170,1.17242618,1.35862941,0.25987264,12,7,0.28508668,0.00000000
h4,bull,6,bb_expand+mtf_trend_bull+impulse_bull,1730,418,394,1.22345752,1.09776950,1.15686193,0.22524858,12,6,0.22528407,0.00000000
h4,bull,6,di_bull+mtf_volatility,10789,2083,1724,1.22208153,1.28277563,1.23128914,0.26286397,12,7,0.29043605,0.06349206
h4,bull,6,mtf_volatility+mtf_bb_bull,11296,2243,1840,1.22202028,1.26366036,1.20320826,0.25720236,12,6,0.28397553,0.04938272
h4,bull,6,adx_up3+mtf_price200_bull+structure_breakout20_up,1182,283,203,1.22078539,1.19737142,1.02644020,0.18323581,11,6,0.22538591,0.00000000
h4,bull,6,adx_up3+mtf_price200_bull+range_expand,2860,673,708,1.22068626,1.12238745,1.26305544,0.25870312,12,6,0.24630232,0.04761905
h4,bull,6,mtf_volatility,22922,4310,3968,1.22009051,1.36112447,1.40469427,0.30920862,12,8,0.31259767,0.03200000
h4,bull,6,mtf_macd_rising+mtf_volatility,11795,2278,2197,1.21960421,1.31242285,1.34951929,0.29186841,12,7,0.29424407,0.05000000
h4,bull,6,mtf_volatility+close_near_high,5271,996,972,1.21957687,1.29707724,1.34874277,0.28239947,12,7,0.28973355,0.00000000
h4,bull,6,mtf_volatility+structure_hh,5538,1097,980,1.21943455,1.29992659,1.35545094,0.28401195,12,8,0.29542232,0.04761905
h4,bull,6,atr_expand+mtf_price20_bull+structure_hh,960,166,111,1.21814566,1.31834080,0.97769970,0.15746530,11,3,0.20856782,0.00000000
h4,bull,6,price200_bull+mtf_volatility,11246,2371,1925,1.21681163,1.20139570,1.22675155,0.26293176,12,7,0.28584108,0.03225806
h4,bull,6,ema200_rising+mtf_volatility,11246,2371,1925,1.21681163,1.20139570,1.22675155,0.26293176,12,7,0.28584108,0.03225806
h4,bull,6,atr_expand+mtf_adx_rising+range_expand,1729,342,244,1.21625453,1.05273281,1.17420131,0.21863123,12,6,0.25940226,0.00000000
h4,bull,6,atr_expand+mtf_price200_bull+structure_hl,1550,238,270,1.21552599,1.33477985,1.27014054,0.24153898,12,7,0.25405700,0.00000000
h4,bull,12,atr_expand+mtf_volatility,1172,192,172,1.30621170,1.29883227,1.17424312,0.37531222,11,8,0.47323476,0.25000000
h4,bull,12,price200_cross_up+mtf_volatility,386,85,75,1.25180867,1.21781743,1.22405949,0.35815696,8,4,0.43735119,0.00000000
h4,bull,12,adx_up3+mtf_trend_bull+structure_breakout20_up,820,188,134,1.20882144,0.95105181,1.13532170,0.35197335,11,7,0.41561373,0.00000000
h4,bull,12,rsi_cross55_up+mtf_volatility,1025,194,186,1.20276357,1.27331543,1.29739025,0.42361143,12,8,0.50352564,0.14285714
h4,bull,12,mtf_price200_bull+mtf_volatility,12886,2129,2553,1.19748018,1.18127355,1.25858056,0.46049316,12,6,0.42408944,0.10344828
h4,bull,12,mtf_volatility+impulse_bull,4049,758,731,1.19337651,1.25389333,1.33481571,0.47270005,12,10,0.49064799,0.09090909
h4,bull,12,body_bull+mtf_volatility,3533,664,668,1.19000155,1.26133473,1.33112543,0.46963836,12,9,0.47841443,0.08333333
h4,bull,12,mtf_trend_bull+mtf_volatility,10188,1648,1919,1.18880691,1.15060503,1.18505871,0.42964960,11,6,0.40161188,0.00000000
h4,bull,12,mtf_adx25+mtf_volatility,11657,1838,2194,1.18620533,1.08670238,1.28160416,0.46772708,12,8,0.46614140,0.00000000
h4,bull,12,adx_up3+mtf_trend_bull+range_expand,2232,521,568,1.18258348,1.07470104,1.18680819,0.41198770,12,7,0.38105767,0.00000000
h4,bull,12,di_cross_up+mtf_volatility,904,185,151,1.17892195,1.27167668,1.23332390,0.39232022,11,8,0.48179696,0.08333333
h4,bull,12,price20_cross_up+mtf_volatility,1290,245,221,1.17797708,1.21951198,1.31742667,0.43686928,11,8,0.52575831,0.16000000
h4,bull,12,rsi_up1+mtf_volatility,4734,931,859,1.17666377,1.27106201,1.34966147,0.48113905,12,9,0.48480104,0.06666667
h4,bull,12,trend_bull+mtf_volatility,8134,1548,1277,1.17199443,1.13374740,1.12765745,0.40301126,12,6,0.39557007,0.05555556
h4,bull,12,adx_up3+mtf_trend_bull+impulse_bull,1147,256,280,1.16932306,1.04764301,1.25528550,0.42074669,11,7,0.41146937,0.00000000
h4,bull,12,di_bull+mtf_volatility,10789,2083,1724,1.16925427,1.18815994,1.18216883,0.42734453,12,8,0.44802692,0.11111111
h4,bull,12,mtf_macd_bull+mtf_volatility,11189,2013,1782,1.16882305,1.26220069,1.17607448,0.42541757,12,9,0.45809161,0.09090909
h4,bull,12,volatility+mtf_volatility,9620,1647,1395,1.16816464,1.33414094,1.30303107,0.47058163,12,9,0.48669276,0.08641975
h4,bull,12,rsi_cross50_up+mtf_volatility,1123,226,201,1.16616425,1.26998861,1.31801715,0.43397035,11,8,0.52723922,0.13043478
h4,bull,12,mtf_volatility+mtf_bb_bull,11296,2243,1840,1.16514737,1.19780264,1.11334293,0.40205321,12,6,0.42745290,0.11111111
h4,bull,12,adx_up3+mtf_trend_bull+structure_hh,1590,380,259,1.16446976,0.94104074,1.10388156,0.36231068,11,8,0.39986751,0.00000000
h4,bull,12,di_strong_bull+mtf_volatility,7730,1471,1214,1.16314337,1.16750466,1.15808876,0.41381063,12,8,0.44267155,0.14285714
h4,bull,12,breakout20_up+mtf_volatility,1437,272,264,1.16275024,1.18495020,1.29162122,0.43266003,11,9,0.50503433,0.29729730
h4,bull,12,mtf_volatility+structure_breakout20_up,1437,272,264,1.16275024,1.18495020,1.29162122,0.43266003,11,9,0.50503433,0.29729730
h4,bull,12,adx_up3+atr_expand,1626,337,330,1.16090645,1.26356361,1.05714229,0.35151767,12,6,0.40345686,0.00000000
h4,bull,12,price200_bull+mtf_volatility,11246,2371,1925,1.16048958,1.15099880,1.12549886,0.40714360,12,5,0.42367865,0.06451613
h4,bull,12,ema200_rising+mtf_volatility,11246,2371,1925,1.16048958,1.15099880,1.12549886,0.40714360,12,5,0.42367865,0.06451613
h4,bull,12,di_spread_up3+mtf_volatility,5950,1112,1013,1.16008540,1.27785208,1.34903750,0.48354035,12,9,0.48117640,0.00000000
h4,bull,12,mtf_price20_bull+mtf_volatility,11179,2305,1879,1.15936564,1.18497646,1.11954959,0.40463023,12,6,0.42156984,0.12857143
h4,bull,12,mtf_ema20_rising+mtf_volatility,11179,2305,1879,1.15936564,1.18497646,1.11954959,0.40463023,12,6,0.42156984,0.12857143
h4,bull,12,mtf_trend_bull+breakout20_up+cross_group_bull,1425,361,316,1.15669666,1.09483964,1.19528413,0.40164502,9,7,0.44153562,0.08333333
h4,bull,12,mtf_volatility+structure_hl,11891,2208,2082,1.15602640,1.22957542,1.26865779,0.46225363,12,9,0.45712958,0.06451613
h4,bull,12,rsi_up3+mtf_volatility,5637,1083,974,1.15440295,1.25558991,1.30610631,0.46661603,12,9,0.46128439,0.00000000
h4,bull,12,macd_cross_up+mtf_price200_bull+structure_breakout20_up,323,72,65,1.15343442,1.11095087,1.29131551,0.37463839,8,6,0.51770833,0.16666667
h4,bull,12,mtf_volatility+close_near_high,5271,996,972,1.15188540,1.20936963,1.21434473,0.43182360,12,7,0.43545983,0.00000000
h4,bull,12,macd_rising+mtf_volatility,11659,2141,1977,1.15172322,1.25596633,1.28562069,0.46814120,12,9,0.46211601,0.00000000
h4,bull,12,macd_accel_up+mtf_volatility,11659,2141,1977,1.15172322,1.25596633,1.28562069,0.46814120,12,9,0.46211601,0.00000000
h4,bull,12,mtf_macd_rising+mtf_volatility,11795,2278,2197,1.15126941,1.19489040,1.27269077,0.46435276,12,8,0.45905874,0.08750000
h4,bull,12,adx_up3+mtf_price200_bull+range_expand,2860,673,708,1.15107329,1.04521241,1.15959631,0.40591828,12,7,0.39014004,0.04761905
h4,bull,12,ema20_slope_up3+mtf_volatility,11773,2257,2085,1.15054393,1.19245747,1.22028541,0.44390158,12,9,0.45301066,0.08139535
h4,bull,12,price20_bull+mtf_volatility,11816,2276,2110,1.14998768,1.19387308,1.23068947,0.44797588,12,9,0.45461483,0.08536585
h4,bull,12,ema20_rising+mtf_volatility,11816,2276,2110,1.14998768,1.19387308,1.23068947,0.44797588,12,9,0.45461483,0.08536585
h4,bull,12,bb_bull+mtf_volatility,11822,2284,2137,1.14921304,1.20205182,1.23968857,0.45152601,12,8,0.45602926,0.08974359
h4,bull,12,mtf_volatility+structure_hh,5538,1097,980,1.14813032,1.21383104,1.25260899,0.44642685,12,8,0.44811139,0.04761905
h4,bull,12,body_expand+mtf_volatility,6625,1278,1136,1.14651989,1.25545733,1.32534611,0.47623892,12,9,0.48822405,0.05263158
h4,bull,12,adx_up3+mtf_price200_bull+impulse_bull,1504,342,368,1.14548179,1.02496396,1.24021556,0.42236062,12,8,0.40096495,0.00000000
h4,bull,12,mtf_volatility,22922,4310,3968,1.14413743,1.22815642,1.26918611,0.46834495,12,9,0.46528810,0.07200000
h4,bull,12,mtf_volatility+distance_high_ok,12598,2523,2384,1.14366447,1.18236193,1.25758030,0.45944164,12,8,0.46960390,0.09890110
h4,bull,12,breakout20_up+mtf_trend_bull+impulse_bull,1736,415,356,1.14327483,1.05441914,1.02414287,0.34119966,11,7,0.38861180,0.04761905
h4,bull,12,adx_up3+mtf_trend_bull+close_near_high,1492,353,371,1.13956116,0.99968917,1.09585611,0.36869728,12,6,0.36410139,0.12500000
h4,bull,12,momentum_bull+mtf_volatility,7847,1535,1395,1.13918258,1.21538324,1.16389067,0.41784618,12,8,0.42842263,0.08571429
h4,bull,12,mtf_rsi60+mtf_volatility,5318,918,834,1.13873306,1.08147928,1.01585616,0.35481817,12,5,0.33845544,0.00000000
h4,bull,12,mtf_volatility+pullback_bull,9884,1962,1706,1.13833382,1.23145877,1.27305467,0.46168937,12,9,0.46872193,0.10526316
h4,bull,12,bb_expand+mtf_volatility,5030,996,903,1.13749661,1.23771423,1.20546913,0.42731386,12,9,0.44873921,0.06896552
h4,bull,12,rsi60+mtf_volatility,5649,1090,965,1.13556277,1.16550917,1.14160989,0.40427003,12,8,0.42482953,0.02500000
h4,bull,12,mtf_volatility+range_expand,8716,1628,1480,1.13207631,1.26734141,1.32744290,0.48062679,12,9,0.49020022,0.06250000
h4,bull,12,mtf_adx_rising+mtf_volatility,10972,2008,1945,1.13061396,1.19387514,1.39173272,0.50837365,12,11,0.51356665,0.13043478
h4,bull,12,atr_expand+mtf_adx_rising+close_near_high,737,105,113,1.13049948,0.89622928,0.81242887,0.23191670,11,3,0.28203463,0.00000000
h4,bull,12,adx25+mtf_volatility,11278,1982,1979,1.13036908,1.23327615,1.35721893,0.49540496,12,9,0.48646316,0.17948718
h4,bull,12,macd_cross_up+mtf_volatility,878,158,125,1.12639595,1.42942897,1.25903262,0.39432767,11,9,0.49203927,0.08333333
h4,bull,12,atr_expand+mtf_adx_rising+impulse_bull,828,145,105,1.12624066,0.94104074,0.89930901,0.25905722,11,5,0.33902007,0.00000000
h4,bull,12,adx_up3+mtf_price200_bull+structure_breakout20_up,1182,283,203,1.12514710,0.97263045,1.12413627,0.36244428,11,6,0.40941872,0.00000000
h4,bull,12,atr_expand+mtf_rsi60,1369,197,194,1.12484430,0.97925559,1.01404045,0.32090758,12,7,0.39173434,0.00000000
h4,bull,12,breakout20_up+mtf_trend_bull+range_expand,1477,366,304,1.12361708,1.10559431,1.11304282,0.37006724,11,7,0.41970126,0.14285714
h4,bull,12,adx_up3+mtf_trend_bull+structure_hl,3266,793,752,1.12343687,1.02054860,1.15453180,0.40507326,12,6,0.37239249,0.00000000
h4,bull,12,macd_bull+mtf_volatility,11888,2227,2144,1.12156021,1.21485951,1.33963067,0.48956783,12,8,0.48050160,0.13207547
h4,bull,12,atr_expand+mtf_macd_bull+close_near_high,713,103,93,1.12105061,0.75374622,1.01534889,0.29446055,10,5,0.39662698,0.00000000
h4,bull,12,atr_expand+mtf_trend_bull+range_expand,1627,292,292,1.11855920,1.16824407,1.23064690,0.41270969,11,7,0.43490068,0.20000000
h4,bull,12,atr_expand+mtf_trend_bull+impulse_bull,735,122,112,1.11821556,1.07988282,1.10071676,0.33240040,8,5,0.45253586,0.26315789
h4,bull,12,atr_expand+mtf_trend_bull,2370,379,401,1.11753505,1.17319723,1.23626956,0.42296801,11,6,0.43288337,0.23529412
h4,bull,12,adx_up3+mtf_trend_bull,6089,1437,1428,1.11691592,1.02813776,1.12964674,0.40520949,12,6,0.37245306,0.03448276
h4,bull,12,bb_upper+mtf_volatility,5052,1034,913,1.11645334,1.18312666,1.29569120,0.46163883,12,9,0.46368064,0.00000000
h4,bull,12,breakout20_up+mtf_trend_bull,2446,609,509,1.11604405,1.01212099,1.03064229,0.35145166,11,6,0.38385948,0.10344828
h4,bull,12,mtf_trend_bull+structure_breakout20_up,2446,609,509,1.11604405,1.01212099,1.03064229,0.35145166,11,6,0.38385948,0.10344828
h4,bull,12,breakout20_up+mtf_trend_bull+structure_hh,2446,609,509,1.11604405,1.01212099,1.03064229,0.35145166,11,6,0.38385948,0.10344828
h4,bull,24,adx_up3+mtf_trend_bull+structure_breakout20_up,820,188,134,1.15946644,0.88532949,1.10986391,0.51238334,11,8,0.60642053,0.00000000
h4,bull,24,price200_cross_up+mtf_volatility,386,85,75,1.15472247,1.08105675,1.18977412,0.52700661,8,4,0.59305556,0.20000000
h4,bull,24,mtf_price200_bull+mtf_volatility,12886,2129,2553,1.14159162,1.11241436,1.17162808,0.61133070,12,7,0.55892882,0.10344828
h4,bull,24,atr_expand+mtf_volatility,1172,192,172,1.14092886,1.11972663,0.98355237,0.45465476,11,6,0.54304063,0.28571429
h4,bull,24,adx_up3+mtf_trend_bull+structure_hh,1590,380,259,1.14050141,0.92619832,1.09818677,0.52994981,11,9,0.59221346,0.06250000
h4,bull,24,trend_bull+mtf_volatility,8134,1548,1277,1.13470415,1.09536648,1.09182971,0.56008929,12,7,0.55751033,0.05555556
h4,bull,24,mtf_trend_bull+mtf_volatility,10188,1648,1919,1.13400125,1.10043913,1.11502574,0.57769252,11,7,0.54123883,0.00000000
h4,bull,24,di_strong_bull+mtf_volatility,7730,1471,1214,1.13283887,1.09259349,1.12092598,0.57515893,12,7,0.59429137,0.14285714
h4,bull,24,mtf_volatility+mtf_bb_bull,11296,2243,1840,1.13064269,1.13394604,1.10429952,0.57140999,12,7,0.57467963,0.12345679
h4,bull,24,di_bull+mtf_volatility,10789,2083,1724,1.12926655,1.10618371,1.14517484,0.59281748,12,8,0.60213788,0.11111111
h4,bull,24,mtf_price20_bull+mtf_volatility,11179,2305,1879,1.12777062,1.11021471,1.10017697,0.56941547,12,7,0.56955131,0.12857143
h4,bull,24,mtf_ema20_rising+mtf_volatility,11179,2305,1879,1.12777062,1.11021471,1.10017697,0.56941547,12,7,0.56955131,0.12857143
h4,bull,24,price200_bull+mtf_volatility,11246,2371,1925,1.12572341,1.08662278,1.09609872,0.56747887,12,6,0.56085171,0.06451613
h4,bull,24,ema200_rising+mtf_volatility,11246,2371,1925,1.12572341,1.08662278,1.09609872,0.56747887,12,6,0.56085171,0.06451613
h4,bull,24,breakout20_up+mtf_volatility,1437,272,264,1.12512502,1.12822550,1.22526454,0.59999566,11,8,0.66680821,0.43243243
h4,bull,24,mtf_volatility+structure_breakout20_up,1437,272,264,1.12512502,1.12822550,1.22526454,0.59999566,11,8,0.66680821,0.43243243
h4,bull,24,rsi60+mtf_volatility,5649,1090,965,1.12054217,1.11979290,1.13660416,0.58026132,12,9,0.58020682,0.02500000
h4,bull,24,mtf_macd_bull+mtf_volatility,11189,2013,1782,1.11949228,1.20063375,1.13502581,0.58769503,12,10,0.60214563,0.10101010
h4,bull,24,volatility+mtf_volatility,9620,1647,1395,1.11287140,1.17584783,1.18071222,0.60952465,12,9,0.61990627,0.12345679
h4,bull,24,mtf_macd_rising+mtf_volatility,11795,2278,2197,1.11226507,1.10130183,1.17870629,0.61368650,12,9,0.59979865,0.10000000
h4,bull,24,ema20_slope_up3+mtf_volatility,11773,2257,2085,1.11117656,1.10617154,1.13681205,0.59040276,12,8,0.58509200,0.08139535
h4,bull,24,mtf_trend_bull+breakout20_up+cross_group_bull,1425,361,316,1.11081360,1.00376173,1.07070258,0.52086911,9,5,0.54280475,0.08333333
h4,bull,24,mtf_rsi60+mtf_volatility,5318,918,834,1.10997786,1.07463538,1.06102458,0.53690195,12,5,0.48835606,0.00000000
h4,bull,24,mtf_volatility+impulse_bull,4049,758,731,1.10919339,1.14136063,1.20543975,0.61312068,12,9,0.62040801,0.09090909
h4,bull,24,momentum_bull+mtf_volatility,7847,1535,1395,1.10882086,1.10125473,1.11274797,0.57260640,12,7,0.56616160,0.08571429
h4,bull,24,body_bull+mtf_volatility,3533,664,668,1.10857603,1.15149501,1.21059071,0.61428471,12,10,0.61051586,0.08333333
h4,bull,24,mtf_adx25+mtf_volatility,11657,1838,2194,1.10856771,1.07723919,1.16676088,0.60718533,12,8,0.59340615,0.06122449
h4,bull,24,price20_bull+mtf_volatility,11816,2276,2110,1.10856714,1.10684015,1.15153641,0.59851526,12,8,0.58961038,0.08536585
h4,bull,24,ema20_rising+mtf_volatility,11816,2276,2110,1.10856714,1.10684015,1.15153641,0.59851526,12,8,0.58961038,0.08536585
h4,bull,24,bb_bull+mtf_volatility,11822,2284,2137,1.10614087,1.09613146,1.16656461,0.60680548,12,8,0.59590819,0.08974359
h4,bull,24,mtf_volatility+distance_high_ok,12598,2523,2384,1.10311661,1.11461568,1.17904419,0.61469255,12,7,0.61291425,0.10989011
h4,bull,24,mtf_di_strong_bull+mtf_volatility,8235,1616,1494,1.10267691,1.07609627,1.11118253,0.57263943,12,8,0.57956975,0.13043478
h4,bull,24,mtf_di_bull+mtf_volatility,10939,2236,1957,1.10107745,1.07934177,1.08007567,0.55899355,12,6,0.56084055,0.11842105
h4,bull,24,di_cross_up+mtf_volatility,904,185,151,1.10047162,1.17146639,1.14496060,0.53635533,11,8,0.62605997,0.08333333
h4,bear,1,atr_expand+mtf_di_strong_bear+structure_breakout20_down,272,58,61,2.78217787,2.64834801,4.17019374,0.10379140,7,4,0.19863946,0.00000000
h4,bear,1,atr_expand+mtf_macd_bear+structure_breakout20_down,459,103,79,2.69421380,2.15410399,2.63456428,0.06110579,10,4,0.12321429,0.00000000
h4,bear,1,atr_expand+mtf_volatility,1172,192,172,2.67726431,2.57784801,3.22683067,0.09559298,11,8,0.14860296,0.00000000
h4,bear,1,atr_expand+mtf_price20_bear+structure_breakout20_down,443,96,79,2.54153473,2.13339146,3.22002301,0.07956541,10,4,0.13750000,0.00000000
h4,bear,1,atr_expand+mtf_di_strong_bear+impulse_bear,500,88,92,2.51020302,1.55155742,3.26775063,0.08447693,10,5,0.13797386,0.00000000
h4,bear,1,breakout20_down+mtf_volatility,1020,170,185,2.35241056,2.50987230,3.25008711,0.09774701,11,8,0.14908115,0.00000000
h4,bear,1,mtf_volatility+structure_breakout20_down,1020,170,185,2.35241056,2.50987230,3.25008711,0.09774701,11,8,0.14908115,0.00000000
h4,bear,1,macd_cross_down+mtf_di_strong_bear+range_expand,407,68,51,2.26749080,1.75691061,0.90688705,0.01082108,5,0,0.00000000,0.00000000
h4,bear,1,adx_up3+price200_cross_down,223,49,58,2.23474946,1.74154405,2.79102308,0.05970966,8,4,0.15357143,0.00000000
h4,bear,1,atr_expand+mtf_macd_bear+impulse_bear,837,167,128,2.22723404,1.83957108,2.16802686,0.05444380,12,5,0.10205628,0.00000000
h4,bear,1,atr_expand+mtf_di_strong_bear+structure_ll,574,102,97,2.21874370,2.00789784,4.05294368,0.11240054,11,6,0.14545455,0.00000000
h4,bear,1,atr_expand+mtf_macd_bear+structure_ll,970,191,145,2.18824551,1.87649091,3.18974067,0.09109583,12,7,0.13372507,0.00000000
h4,bear,1,mtf_macd_bear+adx_up3+atr_expand,861,189,162,2.16515086,1.08362741,3.85426997,0.11714482,12,7,0.14139659,0.00000000
h4,bear,1,atr_expand+mtf_price20_bear+impulse_bear,755,148,117,2.12687634,1.49913994,2.56951331,0.06609320,11,5,0.12481962,0.00000000
h4,bear,1,atr_expand+mtf_di_strong_bear+range_expand,1009,225,158,2.10366516,1.74464012,4.09821111,0.12555027,11,6,0.16547299,0.00000000
h4,bear,1,adx_up3+mtf_di_strong_bear+impulse_bear,986,201,200,2.09657811,0.84911103,4.97200826,0.16371876,12,8,0.16195573,0.00000000
h4,bear,1,atr_expand+mtf_price20_bear+structure_ll,894,177,128,2.08522918,1.73564051,3.43270919,0.09713463,10,6,0.15322775,0.00000000
h4,bear,1,adx_up3+mtf_macd_bear+structure_breakout20_down,1236,265,241,2.07570805,1.28808541,2.68679401,0.08161713,12,7,0.12201872,0.00000000
h4,bear,1,bb_expand+mtf_di_strong_bear+range_expand,2255,463,398,2.06264237,1.17958577,2.44039204,0.07902375,12,5,0.09276959,0.00000000
h4,bear,1,bb_expand+mtf_macd_bear+structure_breakout20_down,1616,355,262,2.05589575,1.49036924,2.03011166,0.05920807,12,7,0.08718435,0.00000000
h4,bear,1,breakout20_down+mtf_di_strong_bear+impulse_bear,1303,250,192,2.05396730,1.43363906,3.01114842,0.08977422,12,8,0.13078822,0.00000000
h4,bear,1,atr_expand+mtf_adx_rising+structure_breakout20_down,354,70,70,2.03343963,2.68197783,4.95548996,0.13438703,6,3,0.20949074,0.00000000
h4,bear,1,breakout20_down+mtf_adx25,1520,245,220,2.02788266,1.18424995,1.57674681,0.04175106,12,6,0.09472031,0.00000000
h4,bear,1,mtf_adx25+structure_breakout20_down,1520,245,220,2.02788266,1.18424995,1.57674681,0.04175106,12,6,0.09472031,0.00000000
h4,bear,1,adx_up3+mtf_di_strong_bear+structure_breakout20_down,865,187,181,2.02711057,1.18648509,3.32191224,0.09995103,12,7,0.13749730,0.00000000
h4,bear,1,breakout20_down+mtf_di_strong_bear+range_expand,1103,221,164,2.02478911,1.31285628,2.11514816,0.05621191,12,6,0.10043040,0.00000000
h4,bear,1,breakout20_down+atr_expand,778,150,144,2.01655127,2.04805580,3.21189164,0.09174178,12,5,0.10166916,0.00000000
h4,bear,1,atr_expand+structure_breakout20_down,778,150,144,2.01655127,2.04805580,3.21189164,0.09174178,12,5,0.10166916,0.00000000
h4,bear,1,bb_expand+mtf_di_strong_bear+impulse_bear,1275,229,213,2.01221580,1.49057918,3.03998758,0.09253885,12,7,0.10872059,0.00000000
h4,bear,1,breakout20_down+mtf_macd_bear+impulse_bear,2028,401,297,2.01138062,1.27684277,2.10232908,0.06323021,12,7,0.10534310,0.00000000
h4,bear,1,atr_expand+mtf_di_strong_bear+close_near_low,369,71,60,2.00079947,1.68267495,3.46884298,0.08097441,6,2,0.13131313,0.00000000
h4,bear,1,atr_expand+mtf_macd_bear+range_expand,1698,390,256,2.00009248,1.57542754,2.89070248,0.08995183,12,7,0.13111842,0.00000000
h4,bear,1,macd_cross_down+mtf_macd_bear+range_expand,739,177,113,1.99809203,1.25351814,0.81860601,0.01385018,11,2,0.05032468,0.00000000
h4,bear,1,breakout20_down+mtf_macd_bear+range_expand,1758,359,248,1.99482439,1.14097816,1.67847241,0.04640076,12,8,0.09543573,0.00000000
h4,bear,1,atr_expand+mtf_rsi40,944,212,116,1.99433503,2.01263345,3.58845825,0.10046608,11,6,0.17424242,0.00000000
h4,bear,1,rsi_cross45_down+atr_expand,491,84,76,1.99234396,1.62544111,1.82570683,0.03668401,9,3,0.06175214,0.00000000
h4,bear,1,atr_expand+mtf_di_strong_bear+structure_lh,788,155,153,1.99096052,1.65165790,3.62754821,0.10773492,11,6,0.12929185,0.00000000
h4,bear,1,price200_cross_down+mtf_macd_bear+structure_ll,436,126,66,1.98967117,1.35453426,1.40155272,0.02381861,8,2,0.07857143,0.00000000
h4,bear,1,atr_expand+mtf_di_strong_bear,1446,309,239,1.97848765,1.54653620,3.28983713,0.10362103,11,6,0.12444134,0.00000000
h4,bear,1,macd_cross_down+mtf_macd_bear+impulse_bear,713,182,97,1.96740605,1.68795808,1.19204226,0.02221605,12,3,0.06375661,0.00000000
h4,bear,1,mtf_di_strong_bear+mtf_volatility,9173,1449,1561,1.96385023,2.47349734,2.20737819,0.08185228,12,6,0.06515356,0.00000000
h4,bear,1,adx_up3+mtf_di_strong_bear+range_expand,1666,367,335,1.96095762,1.30212449,3.52061675,0.11772717,12,7,0.12127605,0.00000000
h4,bear,1,atr_expand+mtf_adx25,1886,283,262,1.95730383,1.26646560,2.47144029,0.07498073,12,6,0.09080129,0.00000000
h4,bear,1,bb_expand+mtf_di_strong_bear+structure_breakout20_down,1045,208,181,1.94288159,2.05133794,2.55531711,0.07267710,12,6,0.11115276,0.00000000
h4,bear,1,mtf_volatility+impulse_bear,3668,650,632,1.94235191,2.33688418,2.23206141,0.07587455,12,7,0.09538871,0.00000000
h4,bear,1,adx_up3+mtf_adx_rising+structure_breakout20_down,770,166,166,1.94161998,1.23376855,3.20415215,0.09413243,12,6,0.12690781,0.00000000
h4,bear,1,atr_expand+mtf_macd_bear+close_near_low,637,144,82,1.94135657,1.30373922,1.69211852,0.03396478,8,2,0.07738095,0.00000000
h4,bear,1,adx_up3+mtf_price20_bear+structure_breakout20_down,1347,289,248,1.93206377,1.35828383,2.79745401,0.08606272,12,7,0.12806371,0.00000000
h4,bear,1,volatility+breakout20_down,1855,346,272,1.92036302,1.97307880,3.14576446,0.10032577,12,8,0.12797508,0.00000000
h4,bear,1,volatility+structure_breakout20_down,1855,346,272,1.92036302,1.97307880,3.14576446,0.10032577,12,8,0.12797508,0.00000000
h4,bear,1,bb_expand+mtf_macd_bear+impulse_bear,2020,442,348,1.91883603,1.39008312,1.99358792,0.06105168,12,5,0.07877785,0.00000000
h4,bear,1,bb_lower+atr_expand,1846,347,334,1.90972841,1.18043562,3.25420399,0.10749984,12,5,0.10260964,0.00000000
h4,bear,1,adx_up3+breakout20_down,1596,347,316,1.90818728,1.27880525,3.00047599,0.09710046,12,6,0.12801590,0.00000000
h4,bear,1,adx_up3+structure_breakout20_down,1596,347,316,1.90818728,1.27880525,3.00047599,0.09710046,12,6,0.12801590,0.00000000
h4,bear,1,rsi40+atr_expand,1581,317,298,1.90294254,1.34598830,3.41452105,0.11186404,12,7,0.10901885,0.00000000
h4,bear,1,mtf_rsi40+mtf_volatility,5389,861,945,1.90088016,2.63638619,2.49609865,0.08971619,12,6,0.06835306,0.00000000
h4,bear,1,adx_up3+mtf_di_strong_bear+close_near_low,991,217,186,1.89975001,1.10110527,3.72993868,0.11537775,12,7,0.15133484,0.00000000
h4,bear,1,breakout20_down+mtf_macd_bear+close_near_low,1594,333,233,1.88742293,1.17881089,1.58802540,0.04270723,12,6,0.09787851,0.00000000
h4,bear,1,bb_expand+mtf_macd_bear+range_expand,3712,931,660,1.88452187,1.20991481,1.96217380,0.06591766,12,7,0.08240017,0.00000000
h4,bear,1,adx_cross25_up+range_expand,629,155,100,1.87801591,1.43143685,2.08130579,0.04807254,12,7,0.09801888,0.00000000
h4,bear,1,macd_cross_down+mtf_price20_bear+impulse_bear,613,125,70,1.86681445,2.18459285,0.99109799,0.01468154,7,1,0.02857143,0.00000000
h4,bear,1,price20_cross_down+mtf_volatility,1261,236,213,1.85891090,2.38650570,0.97713887,0.02238643,12,5,0.04197573,0.00000000
h4,bear,1,atr_expand+mtf_adx_rising+structure_ll,904,173,144,1.85798798,2.36769456,4.01486455,0.12044934,11,6,0.13530979,0.00000000
h4,bear,3,atr_expand+mtf_volatility,1172,192,172,1.74502362,2.12223709,2.33520641,0.24930188,11,9,0.33193518,0.07142857
h4,bear,3,atr_expand+mtf_macd_bear+structure_breakout20_down,459,103,79,1.64781916,1.07377544,1.97720711,0.18093338,10,6,0.26464286,0.00000000
h4,bear,3,atr_expand+mtf_di_strong_bear+structure_breakout20_down,272,58,61,1.60168022,1.20434341,2.92645175,0.28068351,7,5,0.38707483,0.00000000
h4,bear,3,mtf_di_strong_bear+mtf_volatility,9173,1449,1561,1.54485498,1.81981360,1.75826133,0.21597367,12,7,0.19272448,0.00000000
h4,bear,3,mtf_macd_bear+adx_up3+atr_expand,861,189,162,1.53905161,1.17035841,2.38752699,0.25395996,12,7,0.28828014,0.00000000
h4,bear,3,adx_up3+mtf_di_strong_bear+structure_breakout20_down,865,187,181,1.53193461,1.18287562,2.09580833,0.22129248,12,8,0.28797662,0.00000000
h4,bear,3,breakout20_down+mtf_volatility,1020,170,185,1.51863014,1.47236886,2.13090507,0.22619963,11,7,0.31332911,0.06666667
h4,bear,3,mtf_volatility+structure_breakout20_down,1020,170,185,1.51863014,1.47236886,2.13090507,0.22619963,11,7,0.31332911,0.06666667
h4,bear,3,atr_expand+mtf_price20_bear+structure_breakout20_down,443,96,79,1.51611266,1.03080087,2.16551255,0.20251993,10,6,0.27261905,0.00000000
h4,bear,3,adx_up3+mtf_di_strong_bear+impulse_bear,986,201,200,1.51576634,1.04256594,2.60332270,0.28728824,12,8,0.29515682,0.00000000
h4,bear,3,adx_up3+mtf_volatility,4001,705,753,1.50929527,1.69262922,2.29167470,0.27616676,12,7,0.28364149,0.00000000
h4,bear,3,adx_up3+mtf_adx_rising+structure_breakout20_down,770,166,166,1.49305256,1.12211916,1.92672764,0.19837343,12,8,0.24927885,0.00000000
h4,bear,3,atr_expand+mtf_di_strong_bear+structure_ll,574,102,97,1.48634437,0.97016553,2.68383784,0.27224493,11,7,0.31186869,0.00000000
h4,bear,3,mtf_rsi40+mtf_volatility,5389,861,945,1.47985597,1.95385252,1.77096782,0.21203437,12,6,0.17095818,0.00000000
h4,bear,3,bb_expand+mtf_di_strong_bear+structure_breakout20_down,1045,208,181,1.47071881,1.31532057,1.93143121,0.20125828,12,8,0.29027814,0.00000000
h4,bear,3,bb_expand+mtf_di_strong_bear+impulse_bear,1275,229,213,1.46642723,1.19470165,1.92062708,0.20409051,12,9,0.25381685,0.00000000
h4,bear,3,mtf_adx25+mtf_volatility,11657,1838,2194,1.46637105,1.16546544,1.46455972,0.18079710,12,7,0.18459920,0.00000000
h4,bear,3,breakout20_down+mtf_di_strong_bear+impulse_bear,1303,250,192,1.46277780,1.04777877,2.09195574,0.22242519,12,7,0.30251015,0.00000000
h4,bear,3,mtf_volatility+impulse_bear,3668,650,632,1.45331181,1.69256570,1.75359441,0.20432420,12,8,0.22838412,0.00000000
h4,bear,3,atr_expand+mtf_di_strong_bear+impulse_bear,500,88,92,1.45219007,0.72762415,2.26375887,0.21973694,10,6,0.29889356,0.00000000
h4,bear,3,adx_up3+mtf_macd_bear+structure_breakout20_down,1236,265,241,1.44905697,1.12026661,1.66662034,0.17598820,12,7,0.24557362,0.00000000
h4,bear,3,price200_cross_down+mtf_di_strong_bear,235,63,50,1.44189085,1.01636389,1.04132908,0.06950833,5,3,0.11636364,0.00000000
h4,bear,3,mtf_di_bear+mtf_volatility,11983,2074,2011,1.44162656,1.71767011,1.69769854,0.21042945,12,8,0.19603833,0.00000000
h4,bear,3,adx_up3+price200_cross_down,223,49,58,1.43808060,0.95036623,1.92363746,0.16345545,8,6,0.30575397,0.00000000
h4,bear,3,adx25+mtf_volatility,11278,1982,1979,1.43463537,1.74159886,1.67253101,0.20701035,12,7,0.20200447,0.00000000
h4,bear,3,breakout20_down+mtf_di_strong_bear+structure_lh,1504,291,237,1.42821220,1.20020478,1.75751744,0.18667883,12,7,0.28813830,0.00000000
h4,bear,3,volatility+mtf_volatility,9620,1647,1395,1.42715665,2.08877168,1.93549645,0.23787180,12,7,0.25807124,0.00000000
h4,bear,3,atr_expand+mtf_macd_bear+structure_ll,970,191,145,1.42224801,1.03619774,1.94928596,0.19729505,12,7,0.25890313,0.00000000
h4,bear,3,adx_up3+mtf_macd_bear+impulse_bear,1428,305,290,1.41947851,1.10694296,1.89798896,0.20842376,12,7,0.23912136,0.00000000
h4,bear,3,bb_expand+mtf_macd_bear+structure_breakout20_down,1616,355,262,1.41909044,1.09860998,1.56142583,0.16498065,12,7,0.24042064,0.00000000
h4,bear,3,atr_expand+mtf_di_strong_bear+structure_lh,788,155,153,1.41287528,0.97642466,2.33351054,0.24552713,11,7,0.27550235,0.00000000
h4,bear,3,adx_up3+mtf_adx_rising+impulse_bear,1255,266,240,1.41265502,1.13793851,2.20042752,0.24167260,12,8,0.24862762,0.00000000
h4,bear,3,breakout20_down+mtf_macd_bear+impulse_bear,2028,401,297,1.41125473,1.00161728,1.60281532,0.17251811,12,8,0.25100900,0.00000000
h4,bear,3,bb_expand+mtf_volatility,5030,996,903,1.40623773,1.56044696,1.84510136,0.22099947,12,8,0.23935535,0.00000000
h4,bear,3,breakout20_down+mtf_adx25,1520,245,220,1.40521682,0.78405214,0.98047219,0.09337152,12,5,0.16346754,0.00000000
h4,bear,3,mtf_adx25+structure_breakout20_down,1520,245,220,1.40521682,0.78405214,0.98047219,0.09337152,12,5,0.16346754,0.00000000
h4,bear,3,adx_up3+mtf_di_strong_bear+close_near_low,991,217,186,1.40432104,1.07299413,1.83952142,0.19083864,12,7,0.24155417,0.00000000
h4,bear,3,atr_expand+mtf_adx_rising+structure_breakout20_down,354,70,70,1.40159588,1.41366977,2.86896787,0.28047691,6,4,0.39652778,0.00000000
h4,bear,3,atr_expand+mtf_adx25,1886,283,262,1.39880450,0.94616850,1.90210056,0.20669303,12,7,0.21658258,0.00000000
h4,bear,3,breakout20_down+mtf_di_strong_bear,1740,346,277,1.39794159,1.16083390,1.69168984,0.18199880,12,8,0.26625255,0.00000000
h4,bear,3,mtf_di_strong_bear+structure_breakout20_down,1740,346,277,1.39794159,1.16083390,1.69168984,0.18199880,12,8,0.26625255,0.00000000
h4,bear,3,breakout20_down+mtf_di_strong_bear+structure_ll,1740,346,277,1.39794159,1.16083390,1.69168984,0.18199880,12,8,0.26625255,0.00000000
h4,bear,3,breakout20_down+mtf_di_strong_bear+structure_breakout20_down,1740,346,277,1.39794159,1.16083390,1.69168984,0.18199880,12,8,0.26625255,0.00000000
h4,bear,3,adx_cross25_up+mtf_adx25,481,88,77,1.39633661,1.05836239,0.96598245,0.07209829,8,3,0.16741071,0.00000000
h4,bear,3,atr_expand+mtf_di_strong_bear,1446,309,239,1.39343964,1.03609911,2.27187755,0.25050525,11,7,0.28400498,0.00000000
h4,bear,3,bb_expand+mtf_macd_bear+impulse_bear,2020,442,348,1.39288033,1.26428811,1.41066747,0.15194065,12,6,0.19175980,0.02857143
h4,bear,3,atr_expand+mtf_price20_bear+structure_ll,894,177,128,1.38748585,0.92083508,2.15006562,0.21758400,10,6,0.28872298,0.00000000
h4,bear,3,price20_cross_down+mtf_volatility,1261,236,213,1.38673979,1.72656577,1.43174018,0.14517885,12,7,0.19617433,0.00000000
h4,bear,3,macd_accel_down+mtf_di_strong_bear+structure_breakout20_down,1633,323,251,1.38579069,1.20745059,1.80765720,0.19409917,12,7,0.27506359,0.00000000
h4,bear,3,mtf_macd_bear+mtf_volatility,11733,2297,2186,1.38364228,1.54077660,1.59581538,0.19784712,12,7,0.18651087,0.00000000
h4,bear,3,bb_expand+mtf_di_strong_bear+close_near_low,1305,257,202,1.38171341,1.24573784,1.39923992,0.14023483,12,7,0.19895867,0.00000000
h4,bear,3,body_bear+mtf_volatility,3293,585,564,1.37994071,1.66171942,1.52981476,0.17436053,12,7,0.20793757,0.00000000
h4,bear,3,atr_expand+mtf_di_strong_bear+range_expand,1009,225,158,1.37926873,1.11245647,2.30674163,0.24322913,11,7,0.30813705,0.00000000
h4,bear,3,trend_bear+mtf_volatility,8352,1331,1488,1.37649721,2.08173760,1.55459555,0.18910856,12,7,0.17407287,0.00000000
h4,bear,3,volatility+mtf_adx25,10494,1814,1602,1.37575659,1.14558686,1.41146799,0.17131236,12,7,0.18539483,0.03401361
h4,bear,3,adx_up3+mtf_price20_bear+structure_breakout20_down,1347,289,248,1.37456744,1.12794331,1.73954743,0.18549444,12,7,0.25910447,0.00000000
h4,bear,3,atr_expand+mtf_macd_bear+impulse_bear,837,167,128,1.37353700,1.11539989,1.56896681,0.14921309,12,5,0.22861444,0.00000000
h4,bear,3,volatility+mtf_di_strong_bear,8984,1617,1491,1.37260842,1.64154167,1.65622906,0.20227966,12,6,0.19280433,0.02542373
h4,bear,3,atr_expand+mtf_rsi40,944,212,116,1.37168377,1.23558817,2.43660745,0.24890298,11,7,0.35779221,0.00000000
h4,bear,3,adx_up3+mtf_price20_bear+impulse_bear,1459,312,278,1.36858214,1.13807879,2.08693906,0.23102894,12,7,0.26905983,0.00000000
h4,bear,3,rsi40+atr_expand,1581,317,298,1.35865348,1.12012802,2.32127527,0.26214646,12,7,0.24968591,0.00000000
h4,bear,3,volatility+mtf_rsi40,5771,975,928,1.35568775,1.83883681,1.77134950,0.21185614,12,7,0.19299426,0.00000000
h4,bear,3,price200_cross_down+mtf_adx25,326,62,83,1.35493194,0.93886986,0.89615239,0.06677690,10,2,0.07968254,0.00000000
h4,bear,3,breakout20_down+atr_expand,778,150,144,1.35326195,1.16419863,2.06612913,0.21112190,12,5,0.22301425,0.00000000
h4,bear,3,atr_expand+structure_breakout20_down,778,150,144,1.35326195,1.16419863,2.06612913,0.21112190,12,5,0.22301425,0.00000000
h4,bear,3,rsi_down1+mtf_volatility,4501,873,773,1.35238763,1.65361547,1.58768525,0.18602271,12,7,0.21492625,0.00000000
h4,bear,6,atr_expand+mtf_macd_bear+structure_breakout20_down,459,103,79,1.59144755,1.15102263,1.50176725,0.25795398,10,7,0.36992424,0.00000000
h4,bear,6,atr_expand+mtf_volatility,1172,192,172,1.56851786,1.83371567,1.97075768,0.39215228,11,10,0.48070345,0.14285714
h4,bear,6,atr_expand+mtf_di_strong_bear+structure_breakout20_down,272,58,61,1.54006491,1.36270496,1.94491168,0.34012932,7,5,0.45850340,0.00000000
h4,bear,6,atr_expand+mtf_price20_bear+structure_breakout20_down,443,96,79,1.50044494,1.27237414,1.60903633,0.28066495,10,7,0.37309524,0.00000000
h4,bear,6,atr_expand+mtf_di_strong_bear+impulse_bear,500,88,92,1.44710099,1.02062096,1.75011851,0.31789098,10,7,0.39341737,0.00000000
h4,bear,6,mtf_macd_bear+adx_up3+atr_expand,861,189,162,1.43544853,1.08347826,1.80470310,0.35236420,12,7,0.39745490,0.00000000
h4,bear,6,atr_expand+mtf_macd_bear+structure_ll,970,191,145,1.42761406,1.12856098,1.49030055,0.27874293,12,6,0.35345442,0.00000000
h4,bear,6,atr_expand+mtf_macd_bear+impulse_bear,837,167,128,1.42697445,1.11864947,1.29100025,0.23160562,12,8,0.31419699,0.00000000
h4,bear,6,atr_expand+mtf_di_strong_bear+range_expand,1009,225,158,1.40331350,1.08575926,1.74312270,0.33765332,11,7,0.40940124,0.00000000
h4,bear,6,atr_expand+mtf_adx25,1886,283,262,1.40057190,1.04096126,1.56870807,0.31402914,12,7,0.32914438,0.09090909
h4,bear,6,atr_expand+mtf_di_strong_bear+structure_lh,788,155,153,1.39269368,1.04300878,1.68931287,0.32450636,11,7,0.34609058,0.00000000
h4,bear,6,atr_expand+mtf_macd_bear+close_near_low,637,144,82,1.39130739,0.94804347,1.34347993,0.22648066,8,5,0.31195887,0.09090909
h4,bear,6,atr_expand+mtf_di_strong_bear+structure_ll,574,102,97,1.38719816,1.12708574,1.87831492,0.34847593,11,7,0.37904040,0.00000000
h4,bear,6,atr_expand+mtf_di_strong_bear,1446,309,239,1.38622214,1.04638421,1.68421446,0.33753924,11,7,0.37674971,0.00000000
h4,bear,6,price200_cross_down+mtf_di_strong_bear,235,63,50,1.38478564,0.74132723,1.27113870,0.19103554,5,2,0.26787879,0.16666667
h4,bear,6,atr_expand+mtf_adx_rising+structure_breakout20_down,354,70,70,1.37891790,1.43703432,1.87644285,0.33249529,6,4,0.41736111,0.00000000
h4,bear,6,atr_expand+mtf_macd_bear+range_expand,1698,390,256,1.37622248,1.12383453,1.42341053,0.28088326,12,8,0.34891670,0.03703704
h4,bear,6,breakout20_down+atr_expand,778,150,144,1.36609637,1.31728146,1.61834789,0.30663350,12,6,0.34371809,0.00000000
h4,bear,6,atr_expand+structure_breakout20_down,778,150,144,1.36609637,1.31728146,1.61834789,0.30663350,12,6,0.34371809,0.00000000
h4,bear,6,atr_expand+mtf_price20_bear+structure_ll,894,177,128,1.35922752,1.19752860,1.55582081,0.28868455,10,5,0.36813690,0.00000000
h4,bear,6,atr_expand+mtf_rsi40,944,212,116,1.34957923,1.13539268,1.89940266,0.36087984,11,8,0.46046832,0.00000000
h4,bear,6,adx25+atr_expand,2444,473,347,1.34427329,1.16208378,1.51413256,0.30874145,12,7,0.34495974,0.05454545
h4,bear,6,atr_expand+mtf_macd_bear,2404,525,365,1.34359921,1.10856933,1.38142014,0.27996664,12,6,0.34178387,0.02127660
h4,bear,6,rsi_cross45_down+atr_expand,491,84,76,1.33966024,1.02645308,1.50529583,0.25701779,9,6,0.34932845,0.00000000
h4,bear,6,atr_expand+mtf_macd_bear+structure_lh,1314,268,219,1.33841534,1.11262918,1.43172396,0.27852904,12,6,0.33408517,0.04000000
h4,bear,6,atr_expand+bb_expand,2638,511,470,1.33727878,1.21627660,1.42439656,0.29494333,12,6,0.30664414,0.00000000
h4,bear,6,volatility+atr_expand,2864,605,491,1.33570891,1.27670404,1.65688141,0.34888106,12,9,0.37901637,0.02173913
h4,bear,6,di_spread_down3+atr_expand,2256,408,408,1.33506594,1.17991788,1.65123410,0.34362339,12,7,0.34960165,0.00000000
h4,bear,6,atr_expand+mtf_price20_bear+impulse_bear,755,148,117,1.33434643,1.04379182,1.37616156,0.24667583,11,7,0.35194553,0.00000000
h4,bear,6,rsi_down3+atr_expand,2211,399,394,1.32935664,1.23354450,1.67764499,0.34887737,12,7,0.35019768,0.00000000
h4,bear,6,atr_expand+mtf_di_bear,2115,471,348,1.32258487,1.05260476,1.54630858,0.31609256,12,7,0.34572547,0.00000000
h4,bear,6,mtf_di_strong_bear+mtf_volatility,9173,1449,1561,1.31904116,1.52976221,1.47933076,0.32588396,12,8,0.30485895,0.00000000
h4,bear,6,rsi40+atr_expand,1581,317,298,1.31821783,1.20130629,1.81997488,0.37457645,12,8,0.36672299,0.00000000
h4,bear,6,adx_up3+atr_expand,1626,337,330,1.31367272,1.26859855,1.68201182,0.34565795,12,6,0.35892428,0.04761905
h4,bear,6,macd_falling+atr_expand,2587,479,433,1.31145142,1.17002794,1.62439588,0.33879186,12,8,0.34016582,0.04166667
h4,bear,6,macd_accel_down+atr_expand,2587,479,433,1.31145142,1.17002794,1.62439588,0.33879186,12,8,0.34016582,0.04166667
h4,bear,6,atr_expand+mtf_bb_bear,2208,506,347,1.31077989,1.09339568,1.41644659,0.28671236,12,7,0.36643607,0.01538462
h4,bear,6,mtf_adx25+mtf_volatility,11657,1838,2194,1.30822269,1.17863397,1.33641444,0.29629881,12,7,0.29591356,0.00000000
h4,bear,6,di_strong_bear+atr_expand,2257,431,421,1.30379685,1.10028150,1.75121247,0.36725427,12,9,0.36359027,0.00000000
h4,bear,6,bb_lower+atr_expand,1846,347,334,1.30151846,1.20097969,1.81410015,0.37619139,12,8,0.36881390,0.00000000
h4,bear,6,adx_rising+atr_expand,3127,620,565,1.29643747,1.19946010,1.51486736,0.31908735,12,7,0.34676818,0.02631579
h4,bear,6,atr_expand+body_expand,1867,349,276,1.29615046,1.12203969,1.45843209,0.29063526,12,8,0.34057835,0.03571429
h4,bear,6,atr_expand+mtf_price20_bear+range_expand,1532,355,207,1.29484689,1.09295568,1.43284556,0.27718773,12,8,0.37687516,0.03125000
h4,bear,6,atr_expand+mtf_price20_bear,2193,496,317,1.29132997,1.07198125,1.41683178,0.28470736,12,7,0.36136335,0.01666667
h4,bear,6,atr_expand+mtf_ema20_falling,2193,496,317,1.29132997,1.07198125,1.41683178,0.28470736,12,7,0.36136335,0.01666667
h4,bear,6,adx_up3+mtf_volatility,4001,705,753,1.29098986,1.42174672,1.74999618,0.37837476,12,8,0.37973948,0.00000000
h4,bear,6,atr_expand+mtf_price20_bear+structure_lh,1216,256,197,1.28684850,1.06654891,1.54859538,0.30140511,11,7,0.38647993,0.03125000
h4,bear,6,atr_expand+mtf_adx_rising+structure_ll,904,173,144,1.28674772,1.37058186,1.67719690,0.31966478,11,7,0.35659839,0.00000000
h4,bear,6,atr_expand+impulse_bear,1656,300,271,1.28569319,1.20950388,1.42279978,0.28220785,12,8,0.31622184,0.00000000
h4,bear,6,body_bear+atr_expand,1132,190,192,1.28447431,1.03995905,1.39030796,0.26565031,12,8,0.31004371,0.00000000
h4,bear,6,atr_expand+mtf_adx_rising+range_expand,1729,342,244,1.28346963,1.18702396,1.58024074,0.31468213,12,8,0.34574505,0.03571429
h4,bear,6,macd_bear+atr_expand,2630,500,431,1.28342776,1.23584951,1.76956664,0.37200227,12,8,0.38003340,0.05882353
h4,bear,6,volatility+mtf_volatility,9620,1647,1395,1.28222225,1.71231321,1.60373055,0.35340958,12,8,0.37641270,0.00000000
h4,bear,6,ema20_slope_down3+atr_expand,2514,494,412,1.27792470,1.14904566,1.74832993,0.36610445,12,8,0.37304597,0.00000000
h4,bear,6,price20_cross_down+atr_expand,531,80,69,1.27786245,1.30231235,1.35096867,0.22094760,7,5,0.36802721,0.00000000
h4,bear,6,di_bear+atr_expand,2674,506,458,1.27784539,1.07209576,1.75776094,0.37061531,12,9,0.37263286,0.02564103
h4,bear,6,atr_expand+mtf_adx_rising+impulse_bear,821,153,134,1.27767981,1.31493336,1.58101829,0.29585453,11,8,0.35475863,0.00000000
h4,bear,6,adx25+mtf_volatility,11278,1982,1979,1.27697913,1.50627588,1.40238479,0.31058807,12,7,0.30400598,0.00000000
h4,bear,6,atr_expand+mtf_di_strong_bear+close_near_low,369,71,60,1.27595425,0.86019660,1.83608924,0.31572397,6,4,0.38973064,0.00000000
h4,bear,6,atr_expand+mtf_price20_bear+close_near_low,589,130,81,1.27546046,0.93959936,1.41237634,0.24028771,9,5,0.37905644,0.07142857
h4,bear,6,price20_bear+atr_expand,2595,493,429,1.27539024,1.12951480,1.72843258,0.36243735,12,8,0.36434468,0.00000000
h4,bear,6,ema20_falling+atr_expand,2595,493,429,1.27539024,1.12951480,1.72843258,0.36243735,12,8,0.36434468,0.00000000
h4,bear,6,bb_expand+mtf_di_strong_bear+impulse_bear,1275,229,213,1.27345974,1.11385848,1.43226896,0.27787101,12,7,0.32742872,0.04545455
h4,bear,6,volatility+mtf_adx25,10494,1814,1602,1.27341161,1.06153582,1.26955176,0.27769435,12,7,0.29500258,0.07954545
h4,bear,12,atr_expand+mtf_volatility,1172,192,172,1.27980336,1.63276200,1.58811057,0.50667909,11,10,0.60070315,0.28571429
h4,bear,12,atr_expand+mtf_macd_bear+structure_breakout20_down,459,103,79,1.24319252,0.87978923,1.24475704,0.35048458,10,6,0.48346320,0.00000000
h4,bear,12,atr_expand+mtf_price20_bear+structure_breakout20_down,443,96,79,1.22500309,0.99496434,1.31391021,0.37429730,10,6,0.48250000,0.00000000
h4,bear,12,rsi_cross50_down+macd_cross_down,606,159,101,1.20297528,1.04743223,1.16293720,0.33377697,12,8,0.41009361,0.00000000
h4,bear,12,atr_expand+mtf_macd_bear+impulse_bear,837,167,128,1.19932476,0.93859372,1.10969226,0.32510302,12,7,0.41404235,0.10526316
h4,bear,12,atr_expand+mtf_di_strong_bear+structure_breakout20_down,272,58,61,1.19879279,1.01343848,1.47772387,0.41724048,7,5,0.54489796,0.00000000
h4,bear,12,mtf_macd_bear+adx_up3+atr_expand,861,189,162,1.19835520,0.90709000,1.41635935,0.44204287,12,7,0.49951688,0.05263158
h4,bear,12,atr_expand+mtf_adx25,1886,283,262,1.19294502,0.99523479,1.32407203,0.42487659,12,6,0.43767775,0.18181818
h4,bear,12,atr_expand+mtf_di_strong_bear+impulse_bear,500,88,92,1.19249056,1.00192214,1.24701204,0.35852667,10,7,0.43302988,0.00000000
h4,bear,12,atr_expand+mtf_macd_bear+structure_ll,970,191,145,1.19095385,0.87194620,1.20564973,0.36310588,12,6,0.44145299,0.00000000
h4,bear,12,adx_up3+mtf_volatility,4001,705,753,1.18986401,1.25757414,1.38935421,0.47297182,12,6,0.47203462,0.00000000
h4,bear,12,atr_expand+mtf_macd_bear+close_near_low,637,144,82,1.18830772,0.76535719,1.23252874,0.34811270,8,6,0.45799513,0.18181818
h4,bear,12,mtf_adx25+mtf_volatility,11657,1838,2194,1.18482139,1.12863119,1.22633406,0.42824641,12,7,0.42496481,0.04081633
h4,bear,12,mtf_di_strong_bear+mtf_volatility,9173,1449,1561,1.18371149,1.29978673,1.24415898,0.43091148,12,8,0.40999167,0.00000000
h4,bear,12,atr_expand+mtf_price20_bear+structure_ll,894,177,128,1.18277823,0.96858763,1.17371297,0.34721171,10,5,0.43543561,0.00000000
h4,bear,12,atr_expand+bb_expand,2638,511,470,1.18043372,1.07838978,1.16236178,0.38161406,12,6,0.40545574,0.01612903
h4,bear,12,price200_cross_down+mtf_di_strong_bear,235,63,50,1.17940805,0.69975514,1.03798907,0.25862789,5,2,0.35939394,0.20000000
h4,bear,12,atr_expand+mtf_price20_bear+impulse_bear,755,148,117,1.17842352,1.00944407,1.07394280,0.30940367,11,6,0.41696132,0.00000000
h4,bear,12,atr_expand+mtf_macd_bear+range_expand,1698,390,256,1.17551487,0.99221691,1.20572332,0.38189072,12,7,0.45461656,0.07407407
h4,bear,12,volatility+mtf_volatility,9620,1647,1395,1.17059427,1.43052554,1.34913123,0.46772352,12,8,0.49220678,0.01234568
h4,bear,12,atr_expand+mtf_bb_bear,2208,506,347,1.16981576,1.05516438,1.12568206,0.36155253,12,6,0.44696694,0.04615385
h4,bear,12,atr_expand+mtf_macd_bear,2404,525,365,1.16841691,0.98432223,1.15997336,0.37499196,12,8,0.43976520,0.06382979
h4,bear,12,atr_expand+mtf_di_strong_bear,1446,309,239,1.16776298,1.03038379,1.22291158,0.38597921,11,7,0.43332278,0.03333333
h4,bear,12,adx_up3+atr_expand,1626,337,330,1.16740636,1.17006535,1.33266539,0.43439889,12,6,0.45853016,0.09523810
h4,bear,12,adx25+atr_expand,2444,473,347,1.16644752,1.09771314,1.16504157,0.37556013,12,6,0.41245698,0.07142857
h4,bear,12,atr_expand+mtf_di_bear,2115,471,348,1.16288973,1.02957604,1.18524160,0.38283808,12,6,0.41281926,0.05555556
h4,bear,12,atr_expand+mtf_macd_bear+structure_lh,1314,268,219,1.16099654,0.95041370,1.19739186,0.37426319,12,8,0.43797659,0.08000000
h4,bear,12,adx_cross25_up+impulse_bear,305,66,59,1.16072340,0.89059745,1.15743652,0.30612727,8,3,0.36964286,0.14285714
h4,bear,12,volatility+mtf_adx25,10494,1814,1602,1.15832712,1.03015221,1.14752389,0.39614957,12,7,0.42121381,0.14285714
h4,bear,12,rsi_down3+atr_expand,2211,399,394,1.15769442,1.02507990,1.35190935,0.44584353,12,8,0.46816161,0.07692308
h4,bear,12,rsi_cross45_down+atr_expand,491,84,76,1.15742624,0.99131979,1.29389219,0.36542100,9,7,0.43451363,0.00000000
h4,bear,12,rsi_down1+adx_cross25_up,326,68,66,1.15739714,0.90042022,1.11745234,0.29867418,8,4,0.44464286,0.14285714
h4,bear,12,atr_expand+mtf_rsi40,944,212,116,1.15713982,1.07438820,1.38932293,0.41883838,11,7,0.52868949,0.06666667
h4,bear,12,atr_expand+body_expand,1867,349,276,1.15643281,1.03158745,1.21732127,0.38815882,12,6,0.44696979,0.07142857
h4,bear,12,atr_expand+mtf_di_strong_bear+structure_ll,574,102,97,1.15642629,0.88841462,1.35169493,0.39745823,11,7,0.42777778,0.00000000
h4,bear,12,atr_expand+mtf_di_strong_bear+structure_lh,788,155,153,1.15567450,0.99545812,1.23187557,0.37429813,11,7,0.40273294,0.00000000
h4,bear,12,breakout20_down+atr_expand,778,150,144,1.15556052,1.02864006,1.30886779,0.39917896,12,6,0.45448949,0.00000000
h4,bear,12,atr_expand+structure_breakout20_down,778,150,144,1.15556052,1.02864006,1.30886779,0.39917896,12,6,0.45448949,0.00000000
h4,bear,12,atr_expand+mtf_price20_bear,2193,496,317,1.15551411,1.02705997,1.09434345,0.34818803,12,6,0.42986972,0.05000000
h4,bear,12,atr_expand+mtf_ema20_falling,2193,496,317,1.15551411,1.02705997,1.09434345,0.34818803,12,6,0.42986972,0.05000000
h4,bear,12,macd_falling+atr_expand,2587,479,433,1.15508839,1.02260668,1.32477029,0.43825401,12,8,0.45952525,0.12500000
h4,bear,12,macd_accel_down+atr_expand,2587,479,433,1.15508839,1.02260668,1.32477029,0.43825401,12,8,0.45952525,0.12500000
h4,bear,12,atr_expand+mtf_price20_bear+close_near_low,589,130,81,1.15465581,0.88545939,1.14657662,0.31830963,9,4,0.47473545,0.14285714
h4,bear,12,adx25+mtf_volatility,11278,1982,1979,1.15442230,1.28512044,1.21325548,0.42240161,12,7,0.41224987,0.00000000
h4,bear,12,volatility+atr_expand,2864,605,491,1.15234315,1.16182486,1.27398165,0.42270085,12,7,0.46074784,0.04347826
h4,bear,12,body_bear+atr_expand,1132,190,192,1.15219660,0.88942562,1.19505320,0.36923733,12,8,0.43845210,0.14285714
h4,bear,12,di_spread_down3+atr_expand,2256,408,408,1.15112043,1.00246785,1.37247006,0.45413915,12,9,0.47893044,0.05128205
h4,bear,12,macd_cross_down+price20_cross_down,750,200,130,1.14901434,1.02864006,1.23970354,0.37081442,12,8,0.44312956,0.00000000
h4,bear,12,volatility+mtf_di_strong_bear,8984,1617,1491,1.14872744,1.19352176,1.19631272,0.41296924,12,7,0.40519345,0.06779661
h4,bear,12,atr_expand+impulse_bear,1656,300,271,1.14766415,1.04496768,1.16922443,0.37054450,12,8,0.42778634,0.11111111
h4,bear,12,atr_expand+mtf_di_strong_bear+range_expand,1009,225,158,1.14722925,1.06673784,1.26204533,0.38611153,11,7,0.47057659,0.05263158
h4,bear,12,macd_cross_down+di_cross_down,516,124,70,1.14648666,1.10606458,1.28773080,0.35904876,9,6,0.48915344,0.20000000
h4,bear,12,atr_expand+mtf_price20_bear+structure_lh,1216,256,197,1.14538792,1.01409827,1.17858764,0.36427293,11,6,0.46475944,0.06250000
h4,bear,12,mtf_volatility+impulse_bear,3668,650,632,1.14485738,1.25848271,1.25772326,0.42193944,12,8,0.43788099,0.00000000
h4,bear,12,bb_expand+mtf_volatility,5030,996,903,1.14416787,1.24670231,1.24931365,0.42512036,12,7,0.43712372,0.00000000
h4,bear,12,rsi_cross50_down+atr_expand,493,74,68,1.14328218,1.22457150,1.24526552,0.34304883,8,6,0.44012897,0.16666667
h4,bear,12,mtf_rsi40+mtf_volatility,5389,861,945,1.14314806,1.32555243,1.19956965,0.40782105,12,6,0.35536938,0.00000000
h4,bear,12,rsi_down1+atr_expand,1679,325,264,1.14304020,1.06255127,1.16918625,0.36979744,12,7,0.43158825,0.14285714
h4,bear,12,adx_cross25_up+mtf_adx25,481,88,77,1.14275181,0.94625980,1.02876565,0.27670012,8,5,0.41734307,0.16666667
h4,bear,12,adx_rising+atr_expand,3127,620,565,1.14182425,1.12581573,1.22315433,0.40727462,12,8,0.44309500,0.05263158
h4,bear,12,price20_cross_down+atr_expand,531,80,69,1.14041735,1.07150006,1.22721819,0.33768856,7,4,0.45391156,0.16666667
h4,bear,12,rsi40+atr_expand,1581,317,298,1.14023424,1.01210641,1.40244019,0.45686563,12,8,0.46285204,0.06666667
h4,bear,12,mtf_di_bear+mtf_volatility,11983,2074,2011,1.14014868,1.26235963,1.24692345,0.43482272,12,8,0.41760350,0.04081633
h4,bear,12,atr_expand+close_near_low,1278,245,174,1.13902735,0.98965370,1.20878945,0.37076115,12,6,0.45321622,0.16666667
h4,bear,12,atr_expand+mtf_adx_rising+structure_breakout20_down,354,70,70,1.13822424,1.08462047,1.44381938,0.41321887,6,4,0.47962963,0.00000000
h4,bear,12,adx_cross25_up+mtf_volatility,397,69,69,1.13814138,1.27781374,1.18763051,0.32432803,8,3,0.40323323,0.16666667
h4,bear,24,atr_expand+mtf_volatility,1172,192,172,1.17497642,1.33964105,1.39760609,0.61929553,11,11,0.70929002,0.50000000
h4,bear,24,atr_expand+mtf_adx25,1886,283,262,1.13002390,0.96814741,1.23363011,0.55045254,12,8,0.57956053,0.33333333
h4,bear,24,mtf_adx25+mtf_volatility,11657,1838,2194,1.11182792,1.11546968,1.15919200,0.55303393,12,8,0.56388130,0.35036496
h4,bear,24,atr_expand+mtf_macd_bear+pullback_bear,880,193,138,1.10355083,0.92709559,1.12714012,0.47465664,12,7,0.55735133,0.06666667
h4,bear,24,mtf_macd_bear+adx_up3+atr_expand,861,189,162,1.10351619,0.84810034,1.23448680,0.53429781,12,8,0.60238168,0.05263158
h4,bear,24,mtf_di_strong_bear+mtf_volatility,9173,1449,1561,1.10312272,1.18082323,1.08832690,0.51396317,12,6,0.48050481,0.00000000
h4,bear,24,rsi_cross50_down+macd_cross_down,606,159,101,1.10299303,1.01984159,1.08003705,0.43789671,12,6,0.51650387,0.16666667
h4,bear,24,atr_expand+mtf_macd_bear+structure_breakout20_down,459,103,79,1.10170973,0.76001586,1.22738388,0.49733991,10,8,0.64152597,0.00000000
h4,bear,24,adx_cross25_up+impulse_bear,305,66,59,1.10149725,0.84720383,1.02715388,0.38435143,8,4,0.45833333,0.14285714
h4,bear,24,atr_expand+mtf_macd_bear+structure_ll,970,191,145,1.10037352,0.80018623,1.12845251,0.47732137,12,8,0.57220965,0.05882353
h4,bear,24,adx_up3+mtf_volatility,4001,705,753,1.10033294,1.12624032,1.22599160,0.57156084,12,8,0.56279637,0.00000000
d1,bull,1,adx_up3+atr_expand,229,38,60,1.68679191,2.41590693,1.09783147,0.13123044,6,3,0.21818783,0.00000000
d1,bull,1,volatility+atr_expand,436,112,96,1.52781627,1.99574920,1.42506970,0.20107411,10,7,0.28615385,0.12500000
d1,bull,1,adx25+atr_expand,323,47,69,1.47656906,1.44373347,1.46867087,0.19616058,8,6,0.31125992,0.12500000
d1,bull,1,atr_expand+bb_expand,313,96,84,1.39781455,2.07890542,1.26672862,0.16972313,9,5,0.26269841,0.00000000
d1,bull,1,volatility+adx_up3,853,142,189,1.38163419,1.46167547,1.47449893,0.23092437,12,8,0.29008661,0.00000000
d1,bull,1,atr_expand+pullback_bull,261,43,55,1.37426916,1.85651089,1.01338290,0.11552215,8,5,0.21607143,0.00000000
d1,bull,1,adx_rising+atr_expand,401,97,114,1.35645575,1.76942713,1.33339855,0.19099960,9,6,0.27959494,0.06666667
d1,bull,1,trend_bull+atr_expand,305,59,84,1.33109270,1.75896540,1.38736945,0.18992826,8,5,0.27624199,0.00000000
d1,bull,1,volatility+rsi_cross50_up,261,56,55,1.32896358,1.99574920,1.65826293,0.21813066,4,1,0.26934524,0.14285714
d1,bull,1,price200_bull+atr_expand,346,70,89,1.32145630,1.71064217,1.19556410,0.15982439,9,5,0.26682947,0.00000000
d1,bull,1,ema200_rising+atr_expand,346,70,89,1.32145630,1.71064217,1.19556410,0.15982439,9,5,0.26682947,0.00000000
d1,bull,1,atr_expand+mtf_adx25,485,107,125,1.31657072,1.79057872,1.25659480,0.18056747,11,7,0.22948825,0.00000000
d1,bull,1,volatility+mtf_volatility,1957,342,274,1.29909169,1.50556519,1.66431498,0.27556371,12,10,0.32472449,0.05555556
d1,bull,1,price200_bull+volatility,2538,424,504,1.29833145,1.19556674,1.37731604,0.23481862,11,6,0.25007241,0.05882353
d1,bull,1,ema200_rising+volatility,2538,424,504,1.29833145,1.19556674,1.37731604,0.23481862,11,6,0.25007241,0.05882353
d1,bull,1,atr_expand+mtf_volatility,612,145,135,1.29454023,1.78929239,1.27611180,0.18618897,11,6,0.23249484,0.00000000
d1,bull,1,trend_bull+volatility,2009,327,379,1.28901018,1.18402246,1.35028592,0.22448424,11,5,0.23966702,0.00000000
d1,bull,1,adx_up3+mtf_volatility,1060,202,220,1.28287442,1.10655401,1.31279148,0.20567994,12,8,0.26326479,0.00000000
d1,bull,1,volatility+mtf_macd_rising,2246,396,378,1.28110293,1.48169259,1.40747625,0.23503255,12,8,0.26831047,0.00000000
d1,bull,1,volatility+close_near_high,1221,218,215,1.27189563,1.35491230,1.50829083,0.24054278,12,8,0.28104325,0.00000000
d1,bull,1,atr_expand+mtf_macd_rising,342,71,86,1.26776131,1.79898520,1.17835221,0.15589109,8,5,0.27164502,0.08333333
d1,bull,1,adx25+volatility,2310,361,432,1.26096599,1.11673501,1.43093419,0.24201870,12,8,0.26708412,0.00000000
d1,bull,1,adx_up3+mtf_macd_bull+pullback_bull,251,55,50,1.24057860,1.08859047,1.41873606,0.17474171,5,3,0.25000000,0.00000000
d1,bull,1,trend_bull+mtf_volatility,2054,460,395,1.23582320,1.15406367,1.32124606,0.21991373,11,5,0.24380638,0.05263158
d1,bull,1,bb_expand+mtf_volatility,1419,342,267,1.22775239,1.36551261,1.36635897,0.21997685,12,8,0.25884004,0.00000000
d1,bull,1,trend_bull+breakout20_up,649,172,138,1.22681079,1.09070015,0.91791929,0.12582545,10,3,0.15011538,0.00000000
d1,bull,1,trend_bull+structure_breakout20_up,649,172,138,1.22681079,1.09070015,0.91791929,0.12582545,10,3,0.15011538,0.00000000
d1,bull,1,volatility+bb_expand,1189,245,229,1.22325057,1.54772387,1.54883849,0.24962217,12,9,0.27290507,0.00000000
d1,bull,1,volatility+range_expand,1938,356,333,1.21827117,1.36787305,1.24770868,0.20304106,12,8,0.24458291,0.00000000
d1,bull,1,volatility+mtf_adx25,2287,397,395,1.21677269,1.36736469,1.57779869,0.26772751,12,9,0.29213319,0.11428571
d1,bull,1,atr_expand+distance_high_ok,269,70,54,1.21617684,1.53957796,1.03214925,0.11774054,6,3,0.23829365,0.00000000
d1,bull,1,bb_expand+mtf_adx_rising+close_near_high,545,111,82,1.20778849,1.25858058,0.92687460,0.11411022,11,6,0.21031746,0.00000000
d1,bull,1,volatility+mtf_price200_bull,2230,473,368,1.20722093,1.24892551,1.22542226,0.20091017,12,5,0.24101804,0.00000000
d1,bull,1,volatility+bb_bull,2250,448,359,1.20700097,1.36316798,1.21380124,0.19830892,12,7,0.23826082,0.06250000
d1,bull,1,price200_bull+mtf_volatility,2554,557,484,1.20531638,1.11074013,1.19344680,0.19990765,12,5,0.22231231,0.05000000
d1,bull,1,ema200_rising+mtf_volatility,2554,557,484,1.20531638,1.11074013,1.19344680,0.19990765,12,5,0.22231231,0.05000000
d1,bull,1,adx25+adx_cross25_up,262,54,55,1.20353746,0.88699965,1.19763434,0.14366656,6,3,0.24305556,0.00000000
d1,bull,1,adx_rising+adx_cross25_up,262,54,55,1.20353746,0.88699965,1.19763434,0.14366656,6,3,0.24305556,0.00000000
d1,bull,1,macd_bull+volatility,2244,403,353,1.20320225,1.46586046,1.17701697,0.19126638,12,6,0.24184083,0.05263158
d1,bull,1,volatility+body_expand,1344,263,205,1.20241810,1.48732640,1.58186599,0.25270764,12,7,0.29917041,0.00000000
d1,bull,1,mtf_adx25+mtf_volatility,2518,535,449,1.20219913,1.18625840,1.26390740,0.21165981,12,7,0.25423910,0.05000000
d1,bull,1,adx25+mtf_volatility,1932,350,296,1.20165304,1.02638530,1.50637999,0.24809422,12,8,0.28753669,0.00000000
d1,bull,1,volatility+body_bull,992,179,185,1.19995839,1.36023130,1.61593489,0.25602849,12,8,0.31725581,0.06250000
d1,bull,1,trend_bull+bb_expand,1491,359,296,1.18961323,1.08960124,1.12978499,0.17927503,12,5,0.18234266,0.00000000
d1,bull,1,volatility+ema20_slope_up3,2204,451,362,1.18927139,1.23904607,1.21773912,0.19918892,12,6,0.23273219,0.05882353
d1,bull,1,momentum_bull+volatility,1482,295,238,1.18885869,1.27186729,1.21350473,0.18968713,12,8,0.22380329,0.00000000
d1,bull,1,volatility+mtf_macd_bull,2306,422,409,1.18623596,1.41877905,1.43707110,0.24210476,12,8,0.26975730,0.06060606
d1,bull,1,volatility+distance_high_ok,2395,507,417,1.18329843,1.36199058,1.32444528,0.22153256,12,7,0.26716150,0.06666667
d1,bull,1,volatility+mtf_bb_bull,2312,449,402,1.18315749,1.32457297,1.21000943,0.19972453,12,7,0.23430215,0.06060606
d1,bull,1,adx_rising+volatility,2194,401,387,1.18211625,1.33381742,1.49257946,0.25135470,12,9,0.28795797,0.07142857
d1,bull,1,volatility+mtf_price20_bull,2301,443,398,1.18196166,1.27043177,1.17124657,0.19242728,12,7,0.22707795,0.06060606
d1,bull,1,volatility+mtf_ema20_rising,2301,443,398,1.18196166,1.27043177,1.17124657,0.19242728,12,7,0.22707795,0.06060606
d1,bull,1,breakout20_up+mtf_trend_bull+close_near_high,624,144,110,1.18121222,1.10874956,0.82913146,0.10608808,10,5,0.17205128,0.00000000
d1,bull,1,mtf_macd_rising+mtf_volatility,2304,501,404,1.18042264,1.15522409,1.22910302,0.20332821,12,6,0.24165579,0.00000000
d1,bull,1,macd_rising+volatility,2326,441,428,1.17773074,1.33049947,1.38511448,0.23329680,12,7,0.25965679,0.06666667
d1,bull,1,volatility+macd_accel_up,2326,441,428,1.17773074,1.33049947,1.38511448,0.23329680,12,7,0.25965679,0.06666667
d1,bull,1,price20_bull+volatility,2229,460,368,1.17770109,1.31025274,1.22542226,0.20091017,12,7,0.24083304,0.04545455
d1,bull,1,ema20_rising+volatility,2229,460,368,1.17770109,1.31025274,1.22542226,0.20091017,12,7,0.24083304,0.04545455
d1,bull,1,volatility+mtf_trend_bull,1629,306,249,1.17594254,1.21310246,1.26164136,0.19937155,11,6,0.26224374,0.00000000
d1,bull,1,volatility+mtf_di_bull,2092,397,328,1.17569271,1.32714808,1.25128071,0.20339011,12,8,0.24574953,0.07142857
d1,bull,1,breakout20_up+mtf_macd_rising,535,130,101,1.17142438,1.13604185,0.80267952,0.09992757,12,4,0.16376263,0.00000000
d1,bull,1,mtf_macd_rising+structure_breakout20_up,535,130,101,1.17142438,1.13604185,0.80267952,0.09992757,12,4,0.16376263,0.00000000
d1,bull,1,atr_expand+range_expand,498,100,103,1.17139479,1.39702444,1.22983362,0.17015037,9,5,0.27328042,0.00000000
d1,bull,1,volatility+di_spread_up3,1401,257,252,1.17037790,1.28908314,1.28683543,0.20419735,12,8,0.25484255,0.07692308
d1,bull,1,breakout20_up+mtf_di_strong_bull+close_near_high,657,144,106,1.16987688,1.16418704,0.76481728,0.09509859,11,6,0.17157287,0.00000000
d1,bull,1,volatility+pullback_bull,1813,356,305,1.16747448,1.44635757,1.42870376,0.23442351,12,8,0.27160429,0.00000000
d1,bull,1,bb_expand+mtf_di_strong_bull+structure_breakout20_up,575,145,89,1.16533823,0.96346513,0.68317948,0.07884271,9,2,0.15568783,0.00000000
d1,bull,1,atr_expand+mtf_adx_rising,359,79,98,1.16381067,1.86943596,1.44768986,0.20568761,7,6,0.31020408,0.10000000
d1,bull,1,bb_expand+mtf_trend_bull+structure_breakout20_up,553,147,84,1.16180540,0.89605066,0.66352452,0.07472221,8,2,0.15327381,0.00000000
d1,bull,1,adx_up3+mtf_macd_rising,1140,239,241,1.15827284,0.95194732,1.00917799,0.15364276,12,5,0.19823543,0.00000000
d1,bull,3,adx_up3+atr_expand,229,38,60,1.35770060,1.68542644,1.05834720,0.34627906,6,3,0.42929894,0.00000000
d1,bull,3,adx25+atr_expand,323,47,69,1.23582890,1.18685486,1.31471702,0.46207405,8,6,0.59057540,0.20000000
d1,bull,3,volatility+adx_up3,853,142,189,1.22987352,1.36763817,1.42792876,0.55884176,12,11,0.61380074,0.11111111
d1,bull,3,trend_bull+atr_expand,305,59,84,1.20353588,1.33064832,1.24193804,0.44143037,8,5,0.52933421,0.20000000
d1,bull,3,volatility+atr_expand,436,112,96,1.20077548,1.47571900,1.06307196,0.37206074,10,7,0.49551282,0.25000000
d1,bull,3,atr_expand+bb_expand,313,96,84,1.19840900,1.52798405,1.10694477,0.38408354,9,7,0.48201058,0.00000000
d1,bull,3,price200_bull+atr_expand,346,70,89,1.18846270,1.41669024,1.14668437,0.40368555,9,7,0.52631936,0.11111111
d1,bull,3,ema200_rising+atr_expand,346,70,89,1.18846270,1.41669024,1.14668437,0.40368555,9,7,0.52631936,0.11111111
d1,bull,3,trend_bull+volatility,2009,327,379,1.17118599,1.16884165,1.09504827,0.43296576,11,6,0.42888368,0.00000000
d1,bull,3,price200_bull+volatility,2538,424,504,1.16970916,1.19380098,1.16094208,0.46834049,11,6,0.47564099,0.17647059
d1,bull,3,ema200_rising+volatility,2538,424,504,1.16970916,1.19380098,1.16094208,0.46834049,11,6,0.47564099,0.17647059
d1,bull,3,adx_rising+atr_expand,401,97,114,1.16051673,1.49093260,1.03447471,0.36763142,9,6,0.49772635,0.13333333
d1,bull,3,adx_up3+mtf_volatility,1060,202,220,1.15811943,1.11482534,1.16486916,0.44792530,12,7,0.50667610,0.00000000
d1,bull,3,atr_expand+mtf_adx25,485,107,125,1.15390554,1.44813547,1.03415641,0.37130114,11,7,0.46002986,0.00000000
d1,bull,3,atr_expand+mtf_macd_rising,342,71,86,1.14957618,1.36763817,1.08120187,0.37445539,8,6,0.52111291,0.16666667
d1,bull,3,volatility+mtf_volatility,1957,342,274,1.14285685,1.24443672,1.19188214,0.46647778,12,9,0.51767896,0.11111111
d1,bull,3,adx25+volatility,2310,361,432,1.14275124,1.06447986,1.25468740,0.50609484,12,9,0.52554456,0.00000000
d1,bull,3,atr_expand+pullback_bull,261,43,55,1.13744132,1.29725996,1.11332627,0.36376778,8,5,0.53571429,0.20000000
d1,bull,3,volatility+close_near_high,1221,218,215,1.13355140,1.22254519,1.24470069,0.48204609,12,8,0.51531775,0.00000000
d1,bull,3,volatility+ema20_slope_up3,2204,451,362,1.12763230,1.18188404,1.09008926,0.42966838,12,6,0.45731128,0.21428571
d1,bull,3,volatility+mtf_trend_bull,1629,306,249,1.12546736,1.16803641,1.08384954,0.41667624,11,5,0.44235361,0.14285714
d1,bull,3,volatility+mtf_price200_bull,2230,473,368,1.12258055,1.17495936,1.08464154,0.42771248,12,6,0.45259858,0.08333333
d1,bull,3,adx25+mtf_volatility,1932,350,296,1.12234497,0.97987742,1.23354657,0.48697794,12,10,0.53531011,0.00000000
d1,bull,3,volatility+bb_bull,2250,448,359,1.12151714,1.21746818,1.07392971,0.42244215,12,6,0.45846109,0.18750000
d1,bull,3,macd_bull+volatility,2244,403,353,1.12094028,1.23550271,1.11788191,0.44112157,12,8,0.49368891,0.15789474
d1,bull,3,price20_bull+volatility,2229,460,368,1.11948455,1.20816473,1.09080428,0.43039065,12,6,0.46798378,0.20000000
d1,bull,3,ema20_rising+volatility,2229,460,368,1.11948455,1.20816473,1.09080428,0.43039065,12,6,0.46798378,0.20000000
d1,bull,3,volatility+mtf_macd_rising,2246,396,378,1.11904902,1.23647365,1.16394193,0.46296117,12,9,0.49129681,0.00000000
d1,bull,3,trend_bull+mtf_volatility,2054,460,395,1.11720630,1.03300330,1.18848754,0.47480503,11,7,0.50958948,0.31250000
d1,bull,3,volatility+mtf_di_bull,2092,397,328,1.11704852,1.17611459,1.16160058,0.45827342,12,7,0.50668460,0.14285714
d1,bull,3,trend_bull+bb_expand,1491,359,296,1.11528197,1.02437096,1.04200207,0.40356855,12,6,0.39590580,0.00000000
d1,bull,3,price200_bull+bb_expand,1892,468,383,1.11426728,0.98885786,0.97110560,0.37959722,12,4,0.38803311,0.00000000
d1,bull,3,ema200_rising+bb_expand,1892,468,383,1.11426728,0.98885786,0.97110560,0.37959722,12,4,0.38803311,0.00000000
d1,bull,3,momentum_bull+volatility,1482,295,238,1.11258040,1.18357666,1.07676981,0.41225296,12,8,0.40580943,0.00000000
d1,bull,3,volatility+body_expand,1344,263,205,1.11189761,1.23331953,1.34966925,0.52677525,12,9,0.57565696,0.28571429
d1,bull,3,atr_expand+mtf_volatility,612,145,135,1.11110747,1.42483214,1.05834720,0.38460040,11,7,0.46124380,0.00000000
d1,bull,3,macd_rising+volatility,2326,441,428,1.10988154,1.14309662,1.27701106,0.51573837,12,9,0.53326061,0.13333333
d1,bull,3,volatility+macd_accel_up,2326,441,428,1.10988154,1.14309662,1.27701106,0.51573837,12,9,0.53326061,0.13333333
d1,bull,3,trend_bull+breakout20_up,649,172,138,1.10648651,0.86483997,0.88743399,0.31387785,10,4,0.38109711,0.12500000
d1,bull,3,trend_bull+structure_breakout20_up,649,172,138,1.10648651,0.86483997,0.88743399,0.31387785,10,4,0.38109711,0.12500000
d1,bull,3,volatility+distance_high_ok,2395,507,417,1.10638198,1.24286393,1.10946983,0.44154777,12,9,0.48806573,0.20000000
d1,bull,3,volatility+bb_upper,1031,190,152,1.10508953,1.18523537,1.08918250,0.40230809,10,6,0.44531219,0.00000000
d1,bull,3,volatility+bb_expand,1189,245,229,1.10501262,1.30706540,1.36667417,0.53804883,12,9,0.55878254,0.00000000
d1,bull,3,volatility+mtf_price20_bull,2301,443,398,1.10450526,1.16125427,1.15673626,0.46107726,12,8,0.49068947,0.12500000
d1,bull,3,volatility+mtf_ema20_rising,2301,443,398,1.10450526,1.16125427,1.15673626,0.46107726,12,8,0.49068947,0.12500000
d1,bull,3,trend_bull+body_bull,1406,370,335,1.10281323,1.01066809,1.08993965,0.42761887,11,4,0.43206861,0.20833333
d1,bull,3,bb_expand+mtf_trend_bull+structure_breakout20_up,553,147,84,1.10269713,0.75894120,0.97195151,0.32815977,8,4,0.46145833,0.08333333
d1,bull,3,volatility+pullback_bull,1813,356,305,1.10196887,1.18389142,1.21201822,0.47836518,12,8,0.52294932,0.20000000
d1,bull,3,volatility+mtf_bb_bull,2312,449,402,1.10185306,1.15493910,1.17907550,0.47110512,12,8,0.49852671,0.12500000
d1,bull,3,adx_up3+mtf_macd_rising,1140,239,241,1.10148167,0.98545922,0.99749380,0.37859690,12,7,0.42739453,0.00000000
d1,bull,3,bb_expand+mtf_volatility,1419,342,267,1.10119151,1.13569953,1.12969645,0.43860723,12,7,0.48049939,0.00000000
d1,bull,3,bb_expand+mtf_adx_rising+close_near_high,545,111,82,1.10048082,1.06092231,0.96800049,0.32541949,11,7,0.44487734,0.00000000
d1,bull,5,adx_up3+atr_expand,229,38,60,1.29082913,1.35519914,1.06070039,0.47366053,6,4,0.55330688,0.14285714
d1,bull,5,atr_expand+bb_expand,313,96,84,1.18051067,1.43625608,1.11541906,0.52415240,9,7,0.63082011,0.10000000
d1,bull,5,adx25+atr_expand,323,47,69,1.17955229,1.20172772,1.33228068,0.64039337,8,7,0.75580357,0.40000000
d1,bull,5,volatility+atr_expand,436,112,96,1.17140112,1.32007013,1.19697093,0.57829831,10,8,0.66423077,0.37500000
d1,bull,5,adx_rising+atr_expand,401,97,114,1.16306960,1.33581984,1.10101941,0.53120219,9,6,0.64363229,0.26666667
d1,bull,5,volatility+adx_up3,853,142,189,1.15706345,1.27515558,1.35627475,0.70198807,12,11,0.74561037,0.11111111
d1,bull,5,trend_bull+atr_expand,305,59,84,1.15224722,1.37965052,1.34692113,0.66064934,8,6,0.72247960,0.20000000
d1,bull,5,price200_bull+atr_expand,346,70,89,1.13911318,1.44762747,1.25138810,0.60636494,9,8,0.72876136,0.22222222
d1,bull,5,ema200_rising+atr_expand,346,70,89,1.13911318,1.44762747,1.25138810,0.60636494,9,8,0.72876136,0.22222222
d1,bull,5,atr_expand+mtf_adx_rising,359,79,98,1.13903386,1.38784788,1.19058207,0.57561481,7,5,0.62414966,0.37500000
d1,bull,5,atr_expand+mtf_adx25,485,107,125,1.13770397,1.35070496,1.10312840,0.53658267,11,7,0.61449730,0.16666667
d1,bull,5,price200_bull+volatility,2538,424,504,1.12975522,1.13228827,1.15751035,0.61222376,11,8,0.62113735,0.17647059
d1,bull,5,ema200_rising+volatility,2538,424,504,1.12975522,1.13228827,1.15751035,0.61222376,11,8,0.62113735,0.17647059
d1,bull,5,trend_bull+volatility,2009,327,379,1.12396942,1.12271504,1.10547930,0.57556979,11,7,0.57726083,0.00000000
d1,bull,5,atr_expand+mtf_volatility,612,145,135,1.11896465,1.31751285,1.11308066,0.54563829,11,8,0.60426562,0.16666667
d1,bull,5,atr_expand+mtf_macd_rising,342,71,86,1.11402161,1.21666220,1.19226013,0.56977855,8,6,0.67226281,0.37500000
d1,bull,5,volatility+mtf_volatility,1957,342,274,1.11355541,1.15119067,1.18070664,0.61013440,12,10,0.65532552,0.16666667
d1,bull,5,adx25+mtf_volatility,1932,350,296,1.10841452,0.99198079,1.23628930,0.64480508,12,9,0.67946749,0.20000000
d1,bull,5,atr_expand+pullback_bull,261,43,55,1.10739841,1.31351635,1.12498526,0.50422761,8,6,0.65892857,0.40000000
d1,bull,5,volatility+ema20_slope_up3,2204,451,362,1.10276217,1.12343595,1.07437424,0.55655869,12,6,0.57234826,0.21428571
d1,bull,5,volatility+mtf_price200_bull,2230,473,368,1.10021477,1.10630388,1.07607286,0.55795489,12,7,0.57103189,0.08333333
d1,bull,10,adx_up3+atr_expand,229,38,60,1.17740673,1.18309375,0.95161117,0.52362619,6,3,0.61044974,0.25000000
d1,bull,10,volatility+adx_up3,853,142,189,1.12515510,1.11290594,1.24712575,0.79421606,12,11,0.83340197,0.33333333
d1,bull,10,adx25+atr_expand,323,47,69,1.11156608,1.10147478,1.16697022,0.68775960,8,6,0.78392857,0.40000000
d1,bull,10,adx_rising+atr_expand,401,97,114,1.11135036,1.17976734,1.04022274,0.62149339,9,5,0.72106135,0.33333333
d1,bull,10,trend_bull+atr_expand,305,59,84,1.10388006,1.20071559,1.25487187,0.76669897,8,6,0.80865385,0.20000000
d1,bull,20,adx_up3+atr_expand,229,38,60,1.10306687,1.10455737,0.90693916,0.57491292,6,3,0.66832011,0.28571429
d1,bear,1,adx_up3+atr_expand,229,38,60,1.67604932,1.65599339,2.36221837,0.37735024,6,6,0.48333333,0.28571429
d1,bear,1,adx25+atr_expand,323,47,69,1.53129206,1.75729085,2.19104313,0.35114184,8,6,0.49067460,0.00000000
d1,bear,1,adx_up3+mtf_trend_bear+range_expand,368,58,59,1.50532668,1.49182163,0.88082719,0.10742722,7,1,0.20136054,0.00000000
d1,bear,1,adx_up3+mtf_price200_bear+range_expand,376,60,66,1.50486913,1.44209424,1.00215325,0.13077985,7,3,0.23860544,0.00000000
d1,bear,1,atr_expand+mtf_adx25,485,107,125,1.47668335,1.65405881,2.22993414,0.38663060,11,9,0.41329129,0.00000000
d1,bear,1,volatility+atr_expand,436,112,96,1.47020896,1.93137622,2.21457972,0.37206074,10,8,0.45653846,0.16666667
d1,bear,1,atr_expand+bb_expand,313,96,84,1.45379792,1.84358639,2.13724519,0.35035720,9,8,0.43888889,0.12500000
d1,bear,1,di_strong_bear+atr_expand,320,64,87,1.42199609,2.15085079,2.11785095,0.34817177,8,6,0.40751488,0.14285714
d1,bear,1,adx_rising+atr_expand,401,97,114,1.40118188,1.62184919,2.15500623,0.36763142,9,9,0.45953445,0.27272727
d1,bear,1,volatility+adx_up3,853,142,189,1.39626549,1.41255070,1.34983907,0.22607997,12,10,0.28201053,0.00000000
d1,bear,1,macd_bear+atr_expand,392,96,99,1.39297576,2.00746073,2.14747125,0.35999360,7,6,0.44145253,0.14285714
d1,bear,1,adx_up3+range_expand,921,183,154,1.39198938,1.28950305,1.16577011,0.18537779,12,8,0.25477879,0.00000000
d1,bear,1,adx_up3+mtf_volatility,1060,202,220,1.38863343,1.24609403,1.33143217,0.22650784,12,7,0.28376947,0.00000000
d1,bear,1,adx_up3+mtf_macd_bear+range_expand,468,98,77,1.38659151,1.36450475,1.47255171,0.21927282,10,8,0.32595238,0.00000000
d1,bear,1,bb_expand+mtf_trend_bear+range_expand,531,96,84,1.37856659,1.47486911,0.67491953,0.08365021,9,3,0.19032057,0.00000000
d1,bear,1,di_bear+atr_expand,380,78,97,1.37448776,2.11776077,2.04563240,0.33880061,8,7,0.40337302,0.20000000
d1,bear,1,atr_expand+mtf_di_strong_bear+structure_ll,242,48,63,1.37345508,2.04842932,1.94976754,0.29958466,6,4,0.37777778,0.00000000
d1,bear,1,adx_up3+mtf_di_strong_bear+range_expand,349,53,68,1.37186218,1.40993777,1.04215516,0.13849012,10,5,0.23059524,0.00000000
d1,bear,1,di_spread_down3+atr_expand,342,57,95,1.36523195,1.72499311,2.23789109,0.37626742,8,7,0.44234966,0.14285714
d1,bear,1,adx_up3+mtf_price20_bear+range_expand,416,74,76,1.36017018,1.27556247,1.18110919,0.16628927,10,6,0.25591270,0.00000000
d1,bear,1,atr_expand+mtf_adx_rising+structure_ll,201,40,58,1.35832463,2.06481675,2.03639515,0.31181799,6,4,0.37863248,0.00000000
d1,bear,1,atr_expand+mtf_volatility,612,145,135,1.35774563,1.62744178,2.16974132,0.37748692,11,9,0.40630787,0.00000000
d1,bear,1,atr_expand+mtf_trend_bear,280,68,52,1.35663727,2.02433015,1.54452740,0.21522074,5,5,0.34349206,0.22222222
d1,bear,1,atr_expand+mtf_price200_bear+structure_ll,223,51,58,1.34852583,1.92793348,1.71057192,0.25054913,5,3,0.35531136,0.00000000
d1,bear,1,adx_up3+mtf_price200_bear+structure_ll,459,87,98,1.34481472,1.03975447,1.01237930,0.14464543,10,3,0.16782107,0.00000000
d1,bear,1,atr_expand+range_expand,498,100,103,1.34278940,1.53386387,2.15581094,0.36342238,9,7,0.44995930,0.20000000
d1,bear,1,adx_up3+mtf_price200_bear+impulse_bear,263,34,52,1.33901302,1.27243609,1.54452740,0.21522074,5,3,0.31142857,0.00000000
d1,bear,1,volatility+bb_expand,1189,245,229,1.33781093,1.58924671,1.40288951,0.24150969,12,6,0.27019168,0.00000000
d1,bear,1,atr_expand+mtf_macd_bear,391,74,99,1.33581930,1.96649215,2.14747125,0.35999360,8,6,0.43658460,0.12500000
d1,bear,1,atr_expand+mtf_macd_bear+structure_ll,243,48,62,1.33523627,1.88455497,1.98121541,0.30477586,6,4,0.38703704,0.00000000
d1,bear,1,breakout20_down+mtf_volatility,386,72,71,1.33262080,1.52949389,1.59699270,0.23884988,8,5,0.34211310,0.14285714
d1,bear,1,mtf_volatility+structure_breakout20_down,386,72,71,1.33262080,1.52949389,1.59699270,0.23884988,8,5,0.34211310,0.14285714
d1,bear,1,adx_up3+mtf_adx_rising+range_expand,494,89,84,1.32963268,1.32572504,1.40608236,0.21044818,9,4,0.25045695,0.11111111
d1,bear,1,atr_expand+mtf_price200_bear+range_expand,283,50,65,1.32827412,1.88783246,1.88977470,0.28972030,6,5,0.38650794,0.20000000
d1,bear,1,atr_expand+mtf_macd_bear+range_expand,313,49,70,1.32738071,1.92635965,2.22723446,0.35904876,7,5,0.42593002,0.14285714
d1,bear,1,bb_expand+mtf_volatility,1419,342,267,1.32731835,1.44899421,1.32708897,0.23039087,12,6,0.26234053,0.00000000
d1,bear,1,adx_up3+mtf_macd_bear+close_near_low,370,72,54,1.32608237,0.98324607,1.66230182,0.23823011,6,3,0.31666667,0.16666667
d1,bear,1,adx_up3+mtf_trend_bear+structure_ll,448,85,91,1.32484108,1.06421928,0.93450397,0.12894460,10,3,0.15702742,0.00000000
d1,bear,1,atr_expand+mtf_price20_bear+structure_ll,251,49,64,1.32420769,2.00662464,1.91930243,0.29456909,6,4,0.37777778,0.00000000
d1,bear,1,adx_up3+mtf_macd_bear+structure_ll,363,57,75,1.31895290,1.03499587,1.32284229,0.19103159,9,4,0.24126984,0.00000000
d1,bear,1,bb_expand+mtf_price200_bear+range_expand,613,117,110,1.31034635,1.27737951,1.11668505,0.16671180,12,6,0.22009086,0.00000000
d1,bear,1,bb_lower+atr_expand,275,55,85,1.30936051,2.28828177,2.00093791,0.32403542,7,5,0.40536309,0.14285714
d1,bear,1,ema20_slope_down3+atr_expand,381,86,89,1.30856744,2.01222452,2.01717524,0.32932751,8,7,0.42240555,0.20000000
d1,bear,1,rsi40+atr_expand,236,50,70,1.30777533,2.35979058,1.88977470,0.29334258,7,5,0.39362245,0.12500000
d1,bear,1,atr_expand+mtf_di_strong_bear+range_expand,280,44,71,1.30011071,1.96649215,2.12932360,0.34047961,6,5,0.41097884,0.20000000
d1,bear,1,body_bear+adx_up3,332,59,51,1.29908915,1.06657201,1.57481225,0.21969932,5,3,0.34666667,0.16666667
d1,bear,1,atr_expand+mtf_di_bear,430,83,108,1.29748157,2.13234088,2.14349445,0.36301304,8,7,0.43843523,0.11111111
d1,bear,1,atr_expand+structure_ll,272,59,64,1.29470744,1.93316177,1.91930243,0.29456909,6,4,0.37777778,0.00000000
d1,bear,1,adx_up3+mtf_di_strong_bear+structure_ll,454,79,95,1.28990107,1.04547684,1.09408009,0.15819680,10,3,0.17650794,0.00000000
d1,bear,1,volatility+range_expand,1938,356,333,1.28832706,1.55772693,1.51806226,0.27344767,12,9,0.31676612,0.00000000
d1,bear,1,adx_up3+mtf_di_strong_bear+close_near_low,258,36,54,1.28827957,1.20174520,1.22485397,0.16118653,6,3,0.24761905,0.00000000
d1,bear,1,rsi_down3+atr_expand,335,59,91,1.28745551,1.99982252,2.18050927,0.36275434,6,4,0.43542715,0.00000000
d1,bear,1,di_strong_bear+volatility,1808,281,308,1.28685449,1.72155540,1.38051723,0.24422722,11,9,0.28451254,0.13888889
d1,bear,1,adx_up3+structure_ll,492,91,101,1.28678331,0.99405098,1.02908523,0.14847681,11,4,0.19480519,0.00000000
d1,bear,1,atr_expand+mtf_price20_bear+range_expand,320,49,71,1.28597908,1.92635965,1.99624088,0.31453012,7,4,0.37579365,0.12500000
d1,bear,1,adx_up3+mtf_macd_bear+impulse_bear,428,81,66,1.28505458,1.16532868,1.64639462,0.24475874,9,8,0.44814815,0.12500000
d1,bear,1,atr_expand+mtf_adx_rising+impulse_bear,194,32,51,1.28495927,1.72068063,2.13062833,0.32267519,5,5,0.52166667,0.33333333
d1,bear,1,adx_up3+mtf_adx_rising+structure_ll,330,57,73,1.28298145,1.17299532,1.29436623,0.18491445,9,3,0.21397707,0.00000000
d1,bear,1,adx25+volatility,2310,361,432,1.27955560,1.19841627,1.29047115,0.23326810,12,7,0.25285471,0.00000000
d1,bear,1,atr_expand+mtf_di_strong_bear,368,71,101,1.27952768,2.04958336,2.19850027,0.37112923,7,6,0.44475055,0.14285714
d1,bear,1,adx_up3+mtf_price20_bear+impulse_bear,410,71,71,1.27391548,1.10788290,1.46390998,0.21439726,10,7,0.34523810,0.12500000
d1,bear,1,adx_up3+mtf_price20_bear+structure_ll,463,82,96,1.27337353,1.00722768,1.08268342,0.15648917,11,4,0.19682540,0.00000000
d1,bear,1,adx_up3+close_near_low,451,80,69,1.27216078,1.08157068,1.36940195,0.19616058,9,5,0.28928571,0.14285714
d1,bear,1,atr_expand+mtf_adx_rising+range_expand,293,56,72,1.26943589,1.40463725,2.23098402,0.36126510,7,6,0.47265512,0.20000000
d1,bear,3,adx25+atr_expand,323,47,69,1.27549421,1.54946621,1.61684460,0.54926475,8,6,0.69652778,0.16666667
d1,bear,3,adx_up3+atr_expand,229,38,60,1.22996926,1.50992640,1.61684460,0.54056866,6,6,0.70383598,0.42857143
d1,bear,3,bb_lower+atr_expand,275,55,85,1.21531644,1.80557633,1.59782290,0.55313139,7,6,0.68192938,0.27272727
d1,bear,3,volatility+atr_expand,436,112,96,1.21007468,1.59600050,1.66737100,0.58908120,10,8,0.69858974,0.25000000
d1,bear,3,di_strong_bear+atr_expand,320,64,87,1.20862838,1.65511163,1.67259786,0.58616181,8,7,0.69501488,0.40000000
d1,bear,3,macd_bear+atr_expand,392,96,99,1.20648352,1.56316099,1.64134225,0.57952968,7,6,0.69479743,0.30769231
d1,bear,3,di_spread_down3+atr_expand,342,57,95,1.20463342,1.39377822,1.73598052,0.61808990,8,7,0.72756983,0.40000000
d1,bear,3,atr_expand+mtf_adx25,485,107,125,1.19616829,1.48495997,1.59097509,0.56919106,11,7,0.58714390,0.00000000
d1,bear,3,atr_expand+bb_expand,313,96,84,1.18864966,1.63212397,1.53022793,0.52415240,9,7,0.62619048,0.25000000
d1,bear,3,di_bear+atr_expand,380,78,97,1.18373672,1.69755039,1.62517885,0.57162727,8,7,0.69126984,0.33333333
d1,bear,3,rsi_down3+atr_expand,335,59,91,1.17333423,1.53354976,1.70568222,0.60275965,6,4,0.67191347,0.27272727
d1,bear,3,adx_rising+atr_expand,401,97,114,1.16892173,1.45604322,1.57429606,0.55795779,9,7,0.65155354,0.33333333
d1,bear,3,atr_expand+mtf_di_bear,430,83,108,1.16341175,1.67505274,1.63930078,0.58293332,8,7,0.71089914,0.30769231
d1,bear,3,rsi40+atr_expand,236,50,70,1.15786064,1.89786134,1.52445348,0.51147201,7,6,0.65586735,0.25000000
d1,bear,3,atr_expand+mtf_di_strong_bear+structure_ll,242,48,63,1.15521074,1.60913631,1.57834830,0.52751461,6,4,0.62407407,0.33333333
d1,bear,3,adx_up3+mtf_volatility,1060,202,220,1.15409634,1.00508429,1.15751375,0.41222832,12,6,0.47919275,0.00000000
d1,bear,3,atr_expand+mtf_volatility,612,145,135,1.15401857,1.46106406,1.56294978,0.56072538,11,8,0.58440573,0.00000000
d1,bear,3,atr_expand+mtf_di_strong_bear,368,71,101,1.15379458,1.67842306,1.63285297,0.57691616,7,6,0.69311994,0.30769231
d1,bear,3,ema20_slope_down3+atr_expand,381,86,89,1.15304499,1.64228131,1.63501140,0.57134228,8,7,0.70532367,0.36363636
d1,bear,3,volatility+bb_expand,1189,245,229,1.15263203,1.25203002,1.21792879,0.43792538,12,7,0.45299193,0.00000000
d1,bear,3,atr_expand+mtf_adx_rising+impulse_bear,194,32,51,1.14849492,1.37925969,1.61684460,0.52968378,5,4,0.72666667,0.33333333
d1,bear,3,atr_expand+mtf_price20_bear,420,75,104,1.14606997,1.64775558,1.58575144,0.55840894,7,6,0.66918039,0.25000000
d1,bear,3,atr_expand+mtf_ema20_falling,420,75,104,1.14606997,1.64775558,1.58575144,0.55840894,7,6,0.66918039,0.25000000
d1,bear,3,bb_bear+atr_expand,404,89,99,1.14463299,1.61171919,1.64134225,0.57952968,8,7,0.68050023,0.30769231
d1,bear,3,atr_expand+mtf_bb_bear,420,73,104,1.14106530,1.63243887,1.60907131,0.56826627,7,6,0.66918039,0.25000000
d1,bear,3,volatility+adx_up3,853,142,189,1.14092449,1.18111253,1.14205690,0.40102676,12,8,0.45466657,0.00000000
d1,bear,3,di_strong_bear+volatility,1808,281,308,1.14050062,1.32723068,1.17326224,0.42850045,11,8,0.46953204,0.25000000
d1,bear,3,rsi_cross45_down+mtf_volatility,317,66,58,1.14049695,1.17028095,1.46352313,0.47493216,6,2,0.50416667,0.00000000
d1,bear,3,macd_falling+atr_expand,406,76,104,1.13899440,1.56800049,1.70235081,0.60810070,7,6,0.72336473,0.33333333
d1,bear,3,macd_accel_down+atr_expand,406,76,104,1.13899440,1.56800049,1.70235081,0.60810070,7,6,0.72336473,0.33333333
d1,bear,3,breakout20_down+mtf_volatility,386,72,71,1.13266368,1.19535840,1.22971280,0.39341308,8,5,0.54935516,0.28571429
d1,bear,3,mtf_volatility+structure_breakout20_down,386,72,71,1.13266368,1.19535840,1.22971280,0.39341308,8,5,0.54935516,0.28571429
d1,bear,3,atr_expand+mtf_price20_bear+structure_ll,251,49,64,1.13053755,1.57629679,1.55368661,0.51820851,6,4,0.62407407,0.33333333
d1,bear,3,volatility+breakout20_down,320,52,59,1.12980479,1.27316279,1.19208034,0.36843837,6,4,0.56686508,0.14285714
d1,bear,3,volatility+structure_breakout20_down,320,52,59,1.12980479,1.27316279,1.19208034,0.36843837,6,4,0.56686508,0.14285714
d1,bear,3,atr_expand+mtf_price20_bear+range_expand,320,49,71,1.12980479,1.44118564,1.70793444,0.58981462,7,6,0.68633787,0.12500000
d1,bear,3,atr_expand+mtf_macd_falling,307,76,54,1.12971920,1.36474117,1.43719520,0.45966849,6,5,0.70555556,0.30000000
d1,bear,3,atr_expand+mtf_adx_rising+structure_ll,201,40,58,1.12941263,1.54477086,1.63078292,0.54424055,6,4,0.64287749,0.33333333
d1,bear,3,atr_expand+mtf_macd_bear,391,74,99,1.12893121,1.55073522,1.64134225,0.57952968,8,7,0.70669192,0.30000000
d1,bear,3,adx25+volatility,2310,361,432,1.12832614,1.17982104,1.16210706,0.43244953,12,7,0.45483745,0.11111111
d1,bear,3,atr_expand+mtf_trend_bear,280,68,52,1.12605129,1.72001797,1.30591295,0.40503611,5,5,0.60761905,0.44444444
d1,bear,3,atr_expand+mtf_macd_bear+structure_ll,243,48,62,1.12450663,1.51718566,1.60380553,0.53717700,6,4,0.64814815,0.33333333
d1,bear,3,adx_up3+mtf_di_strong_bear+close_near_low,258,36,54,1.12430547,0.79690560,0.89824700,0.25423375,6,2,0.33809524,0.16666667
d1,bear,3,price20_bear+atr_expand,404,85,97,1.12382148,1.66160227,1.65018160,0.58226633,8,7,0.69735577,0.30769231
d1,bear,3,ema20_falling+atr_expand,404,85,97,1.12382148,1.66160227,1.65018160,0.58226633,8,7,0.69735577,0.30769231
d1,bear,3,bb_expand+mtf_volatility,1419,342,267,1.12282417,1.20665059,1.14450798,0.41285415,12,6,0.44256509,0.07142857
d1,bear,3,atr_expand+mtf_price200_bear,382,78,92,1.12251395,1.61267287,1.55533421,0.53945272,9,7,0.60491623,0.00000000
d1,bear,3,momentum_bear+atr_expand,268,53,75,1.12156949,1.74879720,1.61684460,0.55417426,7,6,0.69323058,0.33333333
d1,bear,3,volatility+mtf_adx25,2287,397,395,1.12037261,1.26183154,1.17272400,0.43465891,12,7,0.44644335,0.00000000
d1,bear,3,adx25+di_spread_down3,1564,335,290,1.11952345,0.89590122,1.00355872,0.35859583,12,7,0.40590956,0.05263158
d1,bear,3,adx_up3+mtf_price200_bear+impulse_bear,263,34,52,1.11891535,0.90868874,1.07271421,0.31595057,5,3,0.48000000,0.33333333
d1,bear,3,atr_expand+mtf_di_strong_bear+range_expand,280,44,71,1.11854428,1.50464694,1.74209313,0.60457983,6,4,0.70026455,0.22222222
d1,bear,3,atr_expand+range_expand,498,100,103,1.11851413,1.39029377,1.67178592,0.59450020,9,8,0.71801655,0.20000000
d1,bear,3,atr_expand+mtf_adx_rising,359,79,98,1.11831426,1.42465305,1.68283826,0.59675558,7,6,0.71947279,0.37500000
d1,bear,3,atr_expand+mtf_price20_bear+impulse_bear,271,40,59,1.11690991,1.43443008,1.56203631,0.51655496,6,4,0.68009259,0.33333333
d1,bear,3,atr_expand+mtf_macd_bear+range_expand,313,49,70,1.11477878,1.39614859,1.80162684,0.62973870,7,6,0.73095595,0.14285714
d1,bear,3,atr_expand+mtf_rsi40,281,54,79,1.11456369,1.63467816,1.62707780,0.56146577,6,5,0.73408189,0.25000000
d1,bear,3,body_bear+adx_up3,332,59,51,1.11429332,0.86028401,1.14130207,0.34052990,5,3,0.45333333,0.16666667
d1,bear,3,adx_up3+mtf_macd_bear+range_expand,468,98,77,1.11386042,1.08088923,1.22838194,0.39720009,10,7,0.55075397,0.33333333
d1,bear,3,atr_expand+mtf_di_strong_bear+structure_lh,287,55,85,1.11323444,1.68520457,1.62635545,0.56520191,6,5,0.67508048,0.33333333
d1,bear,3,atr_expand+mtf_price200_bear+structure_ll,223,51,58,1.11224916,1.51448123,1.50533808,0.49202807,5,3,0.58542125,0.33333333
d1,bear,3,adx_up3+mtf_macd_falling,1278,303,246,1.11183614,0.94681854,0.78870468,0.26974160,12,4,0.32791257,0.00000000
d1,bear,3,adx25+body_expand,1648,352,286,1.11092794,1.02817541,0.90735510,0.32006085,12,4,0.35536586,0.06250000
d1,bear,3,volatility+bb_lower,1101,188,192,1.10920995,1.27948346,1.13684386,0.39947015,11,6,0.45340154,0.21739130
d1,bear,3,atr_expand+mtf_macd_bear+impulse_bear,273,38,58,1.10872742,1.33570413,1.58896797,0.52667777,6,4,0.69497354,0.33333333
d1,bear,3,adx25+mtf_volatility,1932,350,296,1.10864373,0.98991439,1.18805304,0.43341195,12,7,0.50064793,0.16666667
d1,bear,3,body_bear+bb_expand,493,117,86,1.10854001,0.99966856,0.90242489,0.27746251,11,4,0.37997835,0.00000000
d1,bear,3,adx_up3+mtf_trend_bear+range_expand,368,58,59,1.10809974,0.98926213,0.98654925,0.29089034,7,4,0.41377551,0.12500000
d1,bear,3,adx25+mtf_adx25,2961,524,513,1.10741687,1.01917816,1.00225455,0.37144270,12,6,0.40219295,0.23809524
d1,bear,3,atr_expand+mtf_price200_bear+range_expand,283,50,65,1.10668692,1.45649824,1.67903093,0.57202357,6,5,0.66884921,0.25000000
d1,bear,3,rsi_down1+atr_expand,285,46,62,1.10629600,1.53517601,1.56468833,0.52081131,6,5,0.70667989,0.28571429
d1,bear,3,adx25+bb_expand,1394,281,259,1.10526430,1.00523981,1.08621993,0.38851626,12,6,0.41878475,0.00000000
d1,bear,5,adx25+atr_expand,323,47,69,1.19110964,1.35711852,1.39745603,0.57916430,8,6,0.71041667,0.16666667
d1,bear,5,adx_up3+atr_expand,229,38,60,1.15502526,1.34283307,1.37270941,0.55766233,6,5,0.72235450,0.42857143
d1,bear,5,volatility+atr_expand,436,112,96,1.15421676,1.35054065,1.42293048,0.61080110,10,8,0.71294872,0.25000000
d1,bear,5,di_spread_down3+atr_expand,342,57,95,1.14000300,1.18297199,1.45905442,0.62918566,8,6,0.73538233,0.40000000
d1,bear,5,rsi_down3+atr_expand,335,59,91,1.13818907,1.29731330,1.45696308,0.62585218,6,4,0.69179651,0.27272727
d1,bear,5,di_strong_bear+atr_expand,320,64,87,1.13786864,1.36681223,1.43158929,0.61016029,8,6,0.71175595,0.40000000
d1,bear,5,adx_rising+atr_expand,401,97,114,1.12646479,1.22120680,1.37447155,0.59406571,9,7,0.67445240,0.33333333
d1,bear,5,adx_up3+mtf_di_strong_bear+close_near_low,258,36,54,1.12505368,0.86058548,0.85561833,0.30331824,6,1,0.37142857,0.16666667
d1,bear,5,bb_lower+atr_expand,275,55,85,1.12420641,1.49106788,1.37073995,0.57733820,7,5,0.70184696,0.27272727
d1,bear,5,rsi_cross45_down+mtf_volatility,317,66,58,1.12154661,1.07688236,1.28150332,0.50927524,6,3,0.54583333,0.00000000
d1,bear,5,macd_bear+atr_expand,392,96,99,1.11289424,1.30986172,1.40010272,0.60048739,7,5,0.71184004,0.30769231
d1,bear,5,atr_expand+mtf_adx25,485,107,125,1.11197277,1.26036268,1.38208401,0.60219824,11,7,0.62791343,0.33333333
d1,bear,5,di_bear+atr_expand,380,78,97,1.11187958,1.40185869,1.38755138,0.59295416,8,7,0.70714286,0.33333333
d1,bear,5,atr_expand+mtf_di_bear,430,83,108,1.11040801,1.40523667,1.41363028,0.61179210,8,7,0.73917948,0.30769231
d1,bear,5,volatility+bb_expand,1189,245,229,1.10939348,1.13808038,1.11407452,0.48983949,12,7,0.50345327,0.00000000
d1,bear,5,macd_falling+atr_expand,406,76,104,1.10836168,1.31885390,1.46800068,0.63843045,7,6,0.75788854,0.33333333
d1,bear,5,macd_accel_down+atr_expand,406,76,104,1.10836168,1.31885390,1.46800068,0.63843045,7,6,0.75788854,0.33333333
d1,bear,5,body_bear+adx_up3,332,59,51,1.10708747,0.95754077,1.06350514,0.39523304,5,3,0.48666667,0.16666667
d1,bear,5,rsi40+atr_expand,236,50,70,1.10621063,1.56727802,1.32009685,0.54039550,7,5,0.67670068,0.25000000
d1,bear,5,adx25+di_spread_down3,1564,335,290,1.10585699,0.95200852,1.05983788,0.47014238,12,8,0.52082972,0.21052632
d1,bear,5,adx_up3+mtf_volatility,1060,202,220,1.10505719,0.94729560,1.05920815,0.46139954,12,7,0.52881322,0.10000000
d1,bear,5,adx_up3+mtf_macd_bear+close_near_low,370,72,54,1.10479443,0.83527414,1.07882311,0.40605356,6,5,0.47777778,0.16666667
d1,bear,5,atr_expand+bb_expand,313,96,84,1.10295543,1.36681223,1.31531389,0.54833795,9,7,0.64338624,0.25000000
d1,bear,5,atr_expand+mtf_price20_bear+structure_ll,251,49,64,1.10168744,1.33891810,1.34969141,0.54999106,6,4,0.65185185,0.33333333
d1,bear,5,adx25+volatility,2310,361,432,1.10115720,1.16109626,1.13462431,0.51769494,12,7,0.55491485,0.37037037
d1,bear,5,bb_bear+atr_expand,404,89,99,1.10109463,1.35145479,1.40010272,0.60048739,8,7,0.69664606,0.30769231
d1,bear,5,atr_expand+mtf_di_strong_bear+structure_ll,242,48,63,1.10007571,1.36681223,1.37111509,0.55996468,6,4,0.65185185,0.33333333
d1,bear,5,atr_expand+mtf_price20_bear,420,75,104,1.10004192,1.38503639,1.37142169,0.58810066,7,6,0.70150078,0.25000000
d1,bear,5,atr_expand+mtf_ema20_falling,420,75,104,1.10004192,1.38503639,1.37142169,0.58810066,7,6,0.70150078,0.25000000
d1,bear,10,adx_up3+atr_expand,229,38,60,1.12493440,1.13386909,1.12978094,0.57491292,6,4,0.72235450,0.42857143
d1,bear,10,adx25+atr_expand,323,47,69,1.11390239,1.20125236,1.19293639,0.62489426,8,6,0.76041667,0.16666667
d1,bear,10,atr_expand+mtf_adx25,485,107,125,1.10088466,1.06919141,1.20079574,0.66101716,11,9,0.72018783,0.36363636
