timeframe,direction,threshold_pips,horizon_bars,condition,samples,base_rate,hit_rate,rate_diff,lift
h4,bull,50,1,ema_stack_bull,46082,0.04800665,0.04422551,-0.00378114,0.92123712
h4,bull,50,1,ema_stack_bear,35714,0.04800665,0.05292042,0.00491377,1.10235602
h4,bull,50,1,price_above_ema20,59479,0.04800665,0.04542780,-0.00257886,0.94628129
h4,bull,50,1,price_above_200,62174,0.04800665,0.04469714,-0.00330951,0.93106137
h4,bull,50,1,rsi_lt30,6051,0.04800665,0.07205421,0.02404755,1.50092125
h4,bull,50,1,rsi_30_45,31153,0.04800665,0.05113472,0.00312807,1.06515907
h4,bull,50,1,rsi_45_55,32651,0.04800665,0.04480720,-0.00319945,0.93335403
h4,bull,50,1,rsi_55_70,35371,0.04800665,0.04427356,-0.00373310,0.92223795
h4,bull,50,1,rsi_gt70,7632,0.04800665,0.04690776,-0.00109890,0.97710950
h4,bull,50,1,macd_hist_pos,56959,0.04800665,0.04757808,-0.00042857,0.99107268
h4,bull,50,1,adx_gt25,48620,0.04800665,0.05306458,0.00505793,1.10535892
h4,bull,50,1,pdi_gt_mdi,53590,0.04800665,0.04597873,-0.00202793,0.95775740
h4,bull,50,1,mdi_gt_pdi,59280,0.04800665,0.04989879,0.00189213,1.03941396
h4,bull,50,1,atr_high,34087,0.04800665,0.06495145,0.01694479,1.35296763
h4,bull,50,1,atr_low,40671,0.04800665,0.03948760,-0.00851906,0.82254423
h4,bull,50,1,bb_below_mid,53687,0.04800665,0.05058953,0.00258287,1.05380244
h4,bull,50,1,bb_above_mid,59111,0.04800665,0.04562603,-0.00238063,0.95041046
h4,bull,50,1,body_ratio_gt60,33691,0.04800665,0.05304087,0.00503422,1.10486501
h4,bull,100,1,ema_stack_bull,46082,0.00636137,0.00466560,-0.00169577,0.73342652
h4,bull,100,1,ema_stack_bear,35714,0.00636137,0.00837207,0.00201070,1.31607961
h4,bull,100,1,price_above_ema20,59479,0.00636137,0.00581718,-0.00054419,0.91445409
h4,bull,100,1,price_above_200,62174,0.00636137,0.00493776,-0.00142361,0.77620964
h4,bull,100,1,rsi_lt30,6051,0.00636137,0.01189886,0.00553749,1.87048750
h4,bull,100,1,rsi_30_45,31153,0.00636137,0.00747922,0.00111785,1.17572435
h4,bull,100,1,rsi_45_55,32651,0.00636137,0.00539034,-0.00097103,0.84735549
h4,bull,100,1,rsi_55_70,35371,0.00636137,0.00542818,-0.00093319,0.85330317
h4,bull,100,1,rsi_gt70,7632,0.00636137,0.00602725,-0.00033411,0.94747757
h4,bull,100,1,macd_hist_pos,56959,0.00636137,0.00653101,0.00016965,1.02666806
h4,bull,100,1,adx_gt25,48620,0.00636137,0.00738379,0.00102242,1.16072399
h4,bull,100,1,pdi_gt_mdi,53590,0.00636137,0.00567270,-0.00068867,0.89174215
h4,bull,100,1,mdi_gt_pdi,59280,0.00636137,0.00700067,0.00063931,1.10049828
h4,bull,100,1,atr_high,34087,0.00636137,0.01000381,0.00364245,1.57258839
h4,bull,100,1,atr_low,40671,0.00636137,0.00452411,-0.00183726,0.71118476
h4,bull,100,1,bb_below_mid,53687,0.00636137,0.00670553,0.00034417,1.05410247
h4,bull,100,1,bb_above_mid,59111,0.00636137,0.00607332,-0.00028805,0.95471910
h4,bull,100,1,body_ratio_gt60,33691,0.00636137,0.00706420,0.00070283,1.11048456
h4,bull,150,1,ema_stack_bull,46082,0.00150408,0.00097652,-0.00052756,0.64924802
h4,bull,150,1,ema_stack_bear,35714,0.00150408,0.00221202,0.00070794,1.47067948
h4,bull,150,1,price_above_ema20,59479,0.00150408,0.00107601,-0.00042807,0.71539476
h4,bull,150,1,price_above_200,62174,0.00150408,0.00099720,-0.00050688,0.66299815
h4,bull,150,1,rsi_lt30,6051,0.00150408,0.00446207,0.00295799,2.96664820
h4,bull,150,1,rsi_30_45,31153,0.00150408,0.00215068,0.00064660,1.42989571
h4,bull,150,1,rsi_45_55,32651,0.00150408,0.00101069,-0.00049339,0.67196537
h4,bull,150,1,rsi_55_70,35371,0.00150408,0.00087642,-0.00062765,0.58269836
h4,bull,150,1,rsi_gt70,7632,0.00150408,0.00157233,0.00006825,1.04537551
h4,bull,150,1,macd_hist_pos,56959,0.00150408,0.00143963,-0.00006445,0.95715205
h4,bull,150,1,adx_gt25,48620,0.00150408,0.00209790,0.00059382,1.39480872
h4,bull,150,1,pdi_gt_mdi,53590,0.00150408,0.00098899,-0.00051509,0.65753905
h4,bull,150,1,mdi_gt_pdi,59280,0.00150408,0.00197368,0.00046961,1.31222136
h4,bull,150,1,atr_high,34087,0.00150408,0.00316836,0.00166428,2.10651430
h4,bull,150,1,atr_low,40671,0.00150408,0.00068845,-0.00081563,0.45772288
h4,bull,150,1,bb_below_mid,53687,0.00150408,0.00188127,0.00037720,1.25078215
h4,bull,150,1,bb_above_mid,59111,0.00150408,0.00116730,-0.00033678,0.77608666
h4,bull,150,1,body_ratio_gt60,33691,0.00150408,0.00175121,0.00024713,1.16430710
h4,bull,200,1,ema_stack_bull,46082,0.00064587,0.00041231,-0.00023356,0.63837781
h4,bull,200,1,ema_stack_bear,35714,0.00064587,0.00109201,0.00044614,1.69075862
h4,bull,200,1,price_above_ema20,59479,0.00064587,0.00038669,-0.00025918,0.59871436
h4,bull,200,1,price_above_200,62174,0.00064587,0.00036993,-0.00027594,0.57276243
h4,bull,200,1,rsi_lt30,6051,0.00064587,0.00181788,0.00117201,2.81462817
h4,bull,200,1,rsi_30_45,31153,0.00064587,0.00105929,0.00041342,1.64009711
h4,bull,200,1,rsi_45_55,32651,0.00064587,0.00049003,-0.00015584,0.75871557
h4,bull,200,1,rsi_55_70,35371,0.00064587,0.00025445,-0.00039142,0.39395868
h4,bull,200,1,rsi_gt70,7632,0.00064587,0.00052411,-0.00012176,0.81147871
h4,bull,200,1,macd_hist_pos,56959,0.00064587,0.00063203,-0.00001384,0.97857844
h4,bull,200,1,adx_gt25,48620,0.00064587,0.00098725,0.00034138,1.52855750
h4,bull,200,1,pdi_gt_mdi,53590,0.00064587,0.00029856,-0.00034731,0.46226576
h4,bull,200,1,mdi_gt_pdi,59280,0.00064587,0.00096154,0.00031567,1.48875132
h4,bull,200,1,atr_high,34087,0.00064587,0.00155484,0.00090898,2.40736857
h4,bull,200,1,atr_low,40671,0.00064587,0.00022129,-0.00042458,0.34262035
h4,bull,200,1,bb_below_mid,53687,0.00064587,0.00083819,0.00019232,1.29777342
h4,bull,200,1,bb_above_mid,59111,0.00064587,0.00047369,-0.00017218,0.73340729
h4,bull,200,1,body_ratio_gt60,33691,0.00064587,0.00047490,-0.00017096,0.73529494
h4,bull,300,1,ema_stack_bull,46082,0.00008848,0.00006510,-0.00002337,0.73581442
h4,bull,300,1,ema_stack_bear,35714,0.00008848,0.00019600,0.00010753,2.21532732
h4,bull,300,1,price_above_ema20,59479,0.00008848,0.00003363,-0.00005485,0.38005346
h4,bull,300,1,price_above_200,62174,0.00008848,0.00003217,-0.00005631,0.36357963
h4,bull,300,1,rsi_lt30,6051,0.00008848,0.00033052,0.00024205,3.73577921
h4,bull,300,1,rsi_30_45,31153,0.00008848,0.00019260,0.00010412,2.17685616
h4,bull,300,1,rsi_45_55,32651,0.00008848,0.00003063,-0.00005785,0.34616398
h4,bull,300,1,rsi_55_70,35371,0.00008848,0.00000000,-0.00008848,0.00000000
h4,bull,300,1,rsi_gt70,7632,0.00008848,0.00013103,0.00004255,1.48094864
h4,bull,300,1,macd_hist_pos,56959,0.00008848,0.00008778,-0.00000069,0.99216981
h4,bull,300,1,adx_gt25,48620,0.00008848,0.00018511,0.00009663,2.09221308
h4,bull,300,1,pdi_gt_mdi,53590,0.00008848,0.00001866,-0.00006982,0.21090875
h4,bull,300,1,mdi_gt_pdi,59280,0.00008848,0.00015182,0.00006335,1.71598178
h4,bull,300,1,atr_high,34087,0.00008848,0.00020536,0.00011688,2.32106668
h4,bull,300,1,atr_low,40671,0.00008848,0.00002459,-0.00006389,0.27790317
h4,bull,300,1,bb_below_mid,53687,0.00008848,0.00014901,0.00006054,1.68422151
h4,bull,300,1,bb_above_mid,59111,0.00008848,0.00003383,-0.00005464,0.38241952
h4,bull,300,1,body_ratio_gt60,33691,0.00008848,0.00000000,-0.00008848,0.00000000
h4,bull,50,3,ema_stack_bull,46082,0.15624724,0.15235884,-0.00388840,0.97511382
h4,bull,50,3,ema_stack_bear,35714,0.15624724,0.16223330,0.00598606,1.03831148
h4,bull,50,3,price_above_ema20,59479,0.15624724,0.15202004,-0.00422719,0.97294548
h4,bull,50,3,price_above_200,62174,0.15624724,0.15247531,-0.00377192,0.97585926
h4,bull,50,3,rsi_lt30,6051,0.15624724,0.18129235,0.02504511,1.16029156
h4,bull,50,3,rsi_30_45,31153,0.15624724,0.16470324,0.00845600,1.05411938
h4,bull,50,3,rsi_45_55,32651,0.15624724,0.15230774,-0.00393950,0.97478678
h4,bull,50,3,rsi_55_70,35371,0.15624724,0.14811569,-0.00813155,0.94795718
h4,bull,50,3,rsi_gt70,7632,0.15624724,0.15461216,-0.00163508,0.98953533
h4,bull,50,3,macd_hist_pos,56959,0.15624724,0.15581383,-0.00043340,0.99722616
h4,bull,50,3,adx_gt25,48620,0.15624724,0.16273139,0.00648415,1.04149930
h4,bull,50,3,pdi_gt_mdi,53590,0.15624724,0.15374137,-0.00250587,0.98396218
h4,bull,50,3,mdi_gt_pdi,59280,0.15624724,0.15840081,0.00215357,1.01378312
h4,bull,50,3,atr_high,34087,0.15624724,0.18215155,0.02590432,1.16579057
h4,bull,50,3,atr_low,40671,0.15624724,0.14703351,-0.00921372,0.94103113
h4,bull,50,3,bb_below_mid,53687,0.15624724,0.16016913,0.00392189,1.02510056
h4,bull,50,3,bb_above_mid,59111,0.15624724,0.15240818,-0.00383905,0.97542962
h4,bull,50,3,body_ratio_gt60,33691,0.15624724,0.16657268,0.01032544,1.06608399
h4,bull,100,3,ema_stack_bull,46082,0.03184223,0.02773317,-0.00410906,0.87095566
h4,bull,100,3,ema_stack_bear,35714,0.03184223,0.03684829,0.00500606,1.15721461
h4,bull,100,3,price_above_ema20,59479,0.03184223,0.03073354,-0.00110869,0.96518162
h4,bull,100,3,price_above_200,62174,0.03184223,0.02824332,-0.00359891,0.88697671
h4,bull,100,3,rsi_lt30,6051,0.03184223,0.04842175,0.01657952,1.52067701
h4,bull,100,3,rsi_30_45,31153,0.03184223,0.03389722,0.00205499,1.06453649
h4,bull,100,3,rsi_45_55,32651,0.03184223,0.02915684,-0.00268539,0.91566576
h4,bull,100,3,rsi_55_70,35371,0.03184223,0.02883718,-0.00300505,0.90562696
h4,bull,100,3,rsi_gt70,7632,0.03184223,0.03616352,0.00432129,1.13570943
h4,bull,100,3,macd_hist_pos,56959,0.03184223,0.03281308,0.00097085,1.03048923
h4,bull,100,3,adx_gt25,48620,0.03184223,0.03554093,0.00369870,1.11615702
h4,bull,100,3,pdi_gt_mdi,53590,0.03184223,0.03069603,-0.00114621,0.96400360
h4,bull,100,3,mdi_gt_pdi,59280,0.03184223,0.03292848,0.00108624,1.03411331
h4,bull,100,3,atr_high,34087,0.03184223,0.04195148,0.01010925,1.31747920
h4,bull,100,3,atr_low,40671,0.03184223,0.02719382,-0.00464841,0.85401753
h4,bull,100,3,bb_below_mid,53687,0.03184223,0.03188854,0.00004631,1.00145430
h4,bull,100,3,bb_above_mid,59111,0.03184223,0.03188916,0.00004693,1.00147373
h4,bull,100,3,body_ratio_gt60,33691,0.03184223,0.03523196,0.00338973,1.10645391
h4,bull,150,3,ema_stack_bull,46082,0.00906871,0.00700924,-0.00205947,0.77290425
h4,bull,150,3,ema_stack_bear,35714,0.00906871,0.01218010,0.00311139,1.34309043
h4,bull,150,3,price_above_ema20,59479,0.00906871,0.00828864,-0.00078007,0.91398223
h4,bull,150,3,price_above_200,62174,0.00906871,0.00698041,-0.00208830,0.76972468
h4,bull,150,3,rsi_lt30,6051,0.00906871,0.01685672,0.00778801,1.85877795
h4,bull,150,3,rsi_30_45,31153,0.00906871,0.01004719,0.00097848,1.10789590
h4,bull,150,3,rsi_45_55,32651,0.00906871,0.00817739,-0.00089132,0.90171494
h4,bull,150,3,rsi_55_70,35371,0.00906871,0.00766164,-0.00140707,0.84484385
h4,bull,150,3,rsi_gt70,7632,0.00906871,0.00943396,0.00036525,1.04027612
h4,bull,150,3,macd_hist_pos,56959,0.00906871,0.00944539,0.00037668,1.04153630
h4,bull,150,3,adx_gt25,48620,0.00906871,0.01092143,0.00185272,1.20429826
h4,bull,150,3,pdi_gt_mdi,53590,0.00906871,0.00832245,-0.00074626,0.91771028
h4,bull,150,3,mdi_gt_pdi,59280,0.00906871,0.00976721,0.00069850,1.07702271
h4,bull,150,3,atr_high,34087,0.00906871,0.01358289,0.00451418,1.49777543
h4,bull,150,3,atr_low,40671,0.00906871,0.00666322,-0.00240549,0.73474888
h4,bull,150,3,bb_below_mid,53687,0.00906871,0.00936912,0.00030041,1.03312612
h4,bull,150,3,bb_above_mid,59111,0.00906871,0.00883084,-0.00023787,0.97377067
h4,bull,150,3,body_ratio_gt60,33691,0.00906871,0.00988395,0.00081524,1.08989541
h4,bull,200,3,ema_stack_bull,46082,0.00337091,0.00236535,-0.00100556,0.70169529
h4,bull,200,3,ema_stack_bear,35714,0.00337091,0.00484404,0.00147313,1.43701397
h4,bull,200,3,price_above_ema20,59479,0.00337091,0.00252190,-0.00084901,0.74813674
h4,bull,200,3,price_above_200,62174,0.00337091,0.00246084,-0.00091007,0.73002209
h4,bull,200,3,rsi_lt30,6051,0.00337091,0.00760205,0.00423114,2.25519480
h4,bull,200,3,rsi_30_45,31153,0.00337091,0.00452605,0.00115514,1.34268031
h4,bull,200,3,rsi_45_55,32651,0.00337091,0.00269517,-0.00067574,0.79953884
h4,bull,200,3,rsi_55_70,35371,0.00337091,0.00237483,-0.00099608,0.70450703
h4,bull,200,3,rsi_gt70,7632,0.00337091,0.00288260,-0.00048831,0.85514095
h4,bull,200,3,macd_hist_pos,56959,0.00337091,0.00326551,-0.00010540,0.96873272
h4,bull,200,3,adx_gt25,48620,0.00337091,0.00438091,0.00101001,1.29962492
h4,bull,200,3,pdi_gt_mdi,53590,0.00337091,0.00253779,-0.00083312,0.75285014
h4,bull,200,3,mdi_gt_pdi,59280,0.00337091,0.00413293,0.00076202,1.22605872
h4,bull,200,3,atr_high,34087,0.00337091,0.00616071,0.00278980,1.82761156
h4,bull,200,3,atr_low,40671,0.00337091,0.00213912,-0.00123179,0.63458205
h4,bull,200,3,bb_below_mid,53687,0.00337091,0.00404195,0.00067104,1.19906846
h4,bull,200,3,bb_above_mid,59111,0.00337091,0.00277444,-0.00059646,0.82305513
h4,bull,200,3,body_ratio_gt60,33691,0.00337091,0.00379923,0.00042833,1.12706626
h4,bull,300,3,ema_stack_bull,46082,0.00066356,0.00039061,-0.00027296,0.58865153
h4,bull,300,3,ema_stack_bear,35714,0.00066356,0.00134401,0.00068045,2.02544212
h4,bull,300,3,price_above_ema20,59479,0.00066356,0.00031944,-0.00034412,0.48140105
h4,bull,300,3,price_above_200,62174,0.00066356,0.00032168,-0.00034189,0.48477284
h4,bull,300,3,rsi_lt30,6051,0.00066356,0.00214841,0.00148484,3.23767532
h4,bull,300,3,rsi_30_45,31153,0.00066356,0.00105929,0.00039572,1.59636119
h4,bull,300,3,rsi_45_55,32651,0.00066356,0.00058191,-0.00008165,0.87694874
h4,bull,300,3,rsi_55_70,35371,0.00066356,0.00016963,-0.00049393,0.25563541
h4,bull,300,3,rsi_gt70,7632,0.00066356,0.00052411,-0.00013946,0.78983927
h4,bull,300,3,macd_hist_pos,56959,0.00066356,0.00075493,0.00009136,1.13768804
h4,bull,300,3,adx_gt25,48620,0.00066356,0.00123406,0.00057050,1.85974496
h4,bull,300,3,pdi_gt_mdi,53590,0.00066356,0.00020526,-0.00045830,0.30933284
h4,bull,300,3,mdi_gt_pdi,59280,0.00066356,0.00107962,0.00041606,1.62700495
h4,bull,300,3,atr_high,34087,0.00066356,0.00146683,0.00080327,2.21053970
h4,bull,300,3,atr_low,40671,0.00066356,0.00022129,-0.00044228,0.33348381
h4,bull,300,3,bb_below_mid,53687,0.00066356,0.00093132,0.00026776,1.40351792
h4,bull,300,3,bb_above_mid,59111,0.00066356,0.00042293,-0.00024063,0.63736586
h4,bull,300,3,body_ratio_gt60,33691,0.00066356,0.00068267,0.00001911,1.02880017
h4,bull,50,6,ema_stack_bull,46082,0.28311185,0.28047828,-0.00263357,0.99069777
h4,bull,50,6,ema_stack_bear,35714,0.28311185,0.28627429,0.00316244,1.01117028
h4,bull,50,6,price_above_ema20,59479,0.28311185,0.27761059,-0.00550127,0.98056858
h4,bull,50,6,price_above_200,62174,0.28311185,0.28175765,-0.00135420,0.99521672
h4,bull,50,6,rsi_lt30,6051,0.28311185,0.30342092,0.02030907,1.07173515
h4,bull,50,6,rsi_30_45,31153,0.28311185,0.29422528,0.01111342,1.03925454
h4,bull,50,6,rsi_45_55,32651,0.28311185,0.28020581,-0.00290604,0.98973537
h4,bull,50,6,rsi_55_70,35371,0.28311185,0.27344435,-0.00966750,0.96585271
h4,bull,50,6,rsi_gt70,7632,0.28311185,0.27528826,-0.00782359,0.97236573
h4,bull,50,6,macd_hist_pos,56959,0.28311185,0.28048245,-0.00262940,0.99071251
h4,bull,50,6,adx_gt25,48620,0.28311185,0.28482106,0.00170921,1.00603723
h4,bull,50,6,pdi_gt_mdi,53590,0.28311185,0.28089196,-0.00221989,0.99215895
h4,bull,50,6,mdi_gt_pdi,59280,0.28311185,0.28475034,0.00163849,1.00578742
h4,bull,50,6,atr_high,34087,0.28311185,0.31710036,0.03398851,1.12005329
h4,bull,50,6,atr_low,40671,0.28311185,0.26645521,-0.01665664,0.94116588
h4,bull,50,6,bb_below_mid,53687,0.28311185,0.28824483,0.00513298,1.01813056
h4,bull,50,6,bb_above_mid,59111,0.28311185,0.27791782,-0.00519403,0.98165377
h4,bull,50,6,body_ratio_gt60,33691,0.28311185,0.29547950,0.01236765,1.04368469
h4,bull,100,6,ema_stack_bull,46082,0.07934458,0.07447593,-0.00486864,0.93863927
h4,bull,100,6,ema_stack_bear,35714,0.07934458,0.08632469,0.00698012,1.08797218
h4,bull,100,6,price_above_ema20,59479,0.07934458,0.07582508,-0.00351949,0.95564291
h4,bull,100,6,price_above_200,62174,0.07934458,0.07477402,-0.00457055,0.94239613
h4,bull,100,6,rsi_lt30,6051,0.07934458,0.10692448,0.02757990,1.34759654
h4,bull,100,6,rsi_30_45,31153,0.07934458,0.08342696,0.00408238,1.05145130
h4,bull,100,6,rsi_45_55,32651,0.07934458,0.07806805,-0.00127652,0.98391166
h4,bull,100,6,rsi_55_70,35371,0.07934458,0.07200814,-0.00733643,0.90753705
h4,bull,100,6,rsi_gt70,7632,0.07934458,0.08071279,0.00136821,1.01724393
h4,bull,100,6,macd_hist_pos,56959,0.07934458,0.07977668,0.00043211,1.00544594
h4,bull,100,6,adx_gt25,48620,0.07934458,0.08512958,0.00578500,1.07290985
h4,bull,100,6,pdi_gt_mdi,53590,0.07934458,0.07695466,-0.00238992,0.96987923
h4,bull,100,6,mdi_gt_pdi,59280,0.07934458,0.08154521,0.00220063,1.02773515
h4,bull,100,6,atr_high,34087,0.07934458,0.09983278,0.02048821,1.25821810
h4,bull,100,6,atr_low,40671,0.07934458,0.06973027,-0.00961430,0.87882850
h4,bull,100,6,bb_below_mid,53687,0.07934458,0.08158400,0.00223942,1.02822399
h4,bull,100,6,bb_above_mid,59111,0.07934458,0.07744751,-0.00189706,0.97609085
h4,bull,100,6,body_ratio_gt60,33691,0.07934458,0.08503755,0.00569297,1.07174998
h4,bull,150,6,ema_stack_bull,46082,0.02702033,0.02395729,-0.00306304,0.88663951
h4,bull,150,6,ema_stack_bear,35714,0.02702033,0.03172425,0.00470392,1.17408825
h4,bull,150,6,price_above_ema20,59479,0.02702033,0.02607643,-0.00094390,0.96506700
h4,bull,150,6,price_above_200,62174,0.02702033,0.02373983,-0.00328050,0.87859125
h4,bull,150,6,rsi_lt30,6051,0.02702033,0.04048918,0.01346884,1.49847070
h4,bull,150,6,rsi_30_45,31153,0.02702033,0.02850448,0.00148415,1.05492702
h4,bull,150,6,rsi_45_55,32651,0.02702033,0.02529785,-0.00172248,0.93625227
h4,bull,150,6,rsi_55_70,35371,0.02702033,0.02417234,-0.00284799,0.89459837
h4,bull,150,6,rsi_gt70,7632,0.02702033,0.03144654,0.00442621,1.16381032
h4,bull,150,6,macd_hist_pos,56959,0.02702033,0.02830106,0.00128073,1.04739864
h4,bull,150,6,adx_gt25,48620,0.02702033,0.03078980,0.00376947,1.13950483
h4,bull,150,6,pdi_gt_mdi,53590,0.02702033,0.02657212,-0.00044821,0.98341212
h4,bull,150,6,mdi_gt_pdi,59280,0.02702033,0.02749663,0.00047629,1.01762727
h4,bull,150,6,atr_high,34087,0.02702033,0.03675888,0.00973855,1.36041564
h4,bull,150,6,atr_low,40671,0.02702033,0.02190750,-0.00511283,0.81077842
h4,bull,150,6,bb_below_mid,53687,0.02702033,0.02702703,0.00000670,1.00024779
h4,bull,150,6,bb_above_mid,59111,0.02702033,0.02711847,0.00009814,1.00363210
h4,bull,150,6,body_ratio_gt60,33691,0.02702033,0.02828649,0.00126615,1.04685932
h4,bull,200,6,ema_stack_bull,46082,0.01067896,0.00920099,-0.00147797,0.86159987
h4,bull,200,6,ema_stack_bear,35714,0.01067896,0.01344011,0.00276115,1.25855973
h4,bull,200,6,price_above_ema20,59479,0.01067896,0.00981859,-0.00086037,0.91943340
h4,bull,200,6,price_above_200,62174,0.01067896,0.00913565,-0.00154331,0.85548149
h4,bull,200,6,rsi_lt30,6051,0.01067896,0.01652619,0.00584724,1.54754731
h4,bull,200,6,rsi_30_45,31153,0.01067896,0.01203736,0.00135841,1.12720389
h4,bull,200,6,rsi_45_55,32651,0.01067896,0.00986187,-0.00081709,0.92348633
h4,bull,200,6,rsi_55_70,35371,0.01067896,0.00848152,-0.00219743,0.79422765
h4,bull,200,6,rsi_gt70,7632,0.01067896,0.01441300,0.00373404,1.34966322
h4,bull,200,6,macd_hist_pos,56959,0.01067896,0.01114837,0.00046941,1.04395663
h4,bull,200,6,adx_gt25,48620,0.01067896,0.01314274,0.00246378,1.23071358
h4,bull,200,6,pdi_gt_mdi,53590,0.01067896,0.00972196,-0.00095700,0.91038492
h4,bull,200,6,mdi_gt_pdi,59280,0.01067896,0.01157220,0.00089324,1.08364494
h4,bull,200,6,atr_high,34087,0.01067896,0.01672192,0.00604296,1.56587526
h4,bull,200,6,atr_low,40671,0.01067896,0.00745003,-0.00322893,0.69763597
h4,bull,200,6,bb_below_mid,53687,0.01067896,0.01110138,0.00042243,1.03955677
h4,bull,200,6,bb_above_mid,59111,0.01067896,0.01033649,-0.00034247,0.96793009
h4,bull,200,6,body_ratio_gt60,33691,0.01067896,0.01175388,0.00107492,1.10065794
h4,bull,300,6,ema_stack_bull,46082,0.00214110,0.00186624,-0.00027486,0.87162589
h4,bull,300,6,ema_stack_bear,35714,0.00214110,0.00308002,0.00093892,1.43852424
h4,bull,300,6,price_above_ema20,59479,0.00214110,0.00166445,-0.00047665,0.77738209
h4,bull,300,6,price_above_200,62174,0.00214110,0.00156014,-0.00058096,0.72866166
h4,bull,300,6,rsi_lt30,6051,0.00214110,0.00495786,0.00281676,2.31556563
h4,bull,300,6,rsi_30_45,31153,0.00214110,0.00272847,0.00058737,1.27433040
h4,bull,300,6,rsi_45_55,32651,0.00214110,0.00183762,-0.00030348,0.85825779
h4,bull,300,6,rsi_55_70,35371,0.00214110,0.00127223,-0.00086887,0.59419387
h4,bull,300,6,rsi_gt70,7632,0.00214110,0.00288260,0.00074150,1.34631694
h4,bull,300,6,macd_hist_pos,56959,0.00214110,0.00222967,0.00008857,1.04136831
h4,bull,300,6,adx_gt25,48620,0.00214110,0.00329083,0.00114973,1.53697931
h4,bull,300,6,pdi_gt_mdi,53590,0.00214110,0.00145550,-0.00068560,0.67978854
h4,bull,300,6,mdi_gt_pdi,59280,0.00214110,0.00276653,0.00062543,1.29210749
h4,bull,300,6,atr_high,34087,0.00214110,0.00425382,0.00211272,1.98674539
h4,bull,300,6,atr_low,40671,0.00214110,0.00108185,-0.00105925,0.50527850
h4,bull,300,6,bb_below_mid,53687,0.00214110,0.00247732,0.00033622,1.15703234
h4,bull,300,6,bb_above_mid,59111,0.00214110,0.00184399,-0.00029711,0.86123403
h4,bull,300,6,body_ratio_gt60,33691,0.00214110,0.00255261,0.00041151,1.19219567
h4,bull,50,12,ema_stack_bull,46082,0.43182100,0.43031986,-0.00150113,0.99652372
h4,bull,50,12,ema_stack_bear,35714,0.43182100,0.42997144,-0.00184956,0.99571684
h4,bull,50,12,price_above_ema20,59479,0.43182100,0.42720960,-0.00461139,0.98932105
h4,bull,50,12,price_above_200,62174,0.43182100,0.43175604,-0.00006496,0.99984957
h4,bull,50,12,rsi_lt30,6051,0.43182100,0.44670302,0.01488203,1.03446342
h4,bull,50,12,rsi_30_45,31153,0.43182100,0.44172311,0.00990211,1.02293106
h4,bull,50,12,rsi_45_55,32651,0.43182100,0.43165600,-0.00016500,0.99961790
h4,bull,50,12,rsi_55_70,35371,0.43182100,0.42308671,-0.00873429,0.97977336
h4,bull,50,12,rsi_gt70,7632,0.43182100,0.41561845,-0.01620255,0.96247855
h4,bull,50,12,macd_hist_pos,56959,0.43182100,0.42562194,-0.00619906,0.98564438
h4,bull,50,12,adx_gt25,48620,0.43182100,0.43029617,-0.00152482,0.99646886
h4,bull,50,12,pdi_gt_mdi,53590,0.43182100,0.43112521,-0.00069579,0.99838871
h4,bull,50,12,mdi_gt_pdi,59280,0.43182100,0.43188259,0.00006159,1.00014264
h4,bull,50,12,atr_high,34087,0.43182100,0.45624432,0.02442332,1.05655890
h4,bull,50,12,atr_low,40671,0.43182100,0.41879964,-0.01302136,0.96984547
h4,bull,50,12,bb_below_mid,53687,0.43182100,0.43690279,0.00508179,1.01176828
h4,bull,50,12,bb_above_mid,59111,0.43182100,0.42648576,-0.00533523,0.98764480
h4,bull,50,12,body_ratio_gt60,33691,0.43182100,0.44412454,0.01230355,1.02849224
h4,bull,100,12,ema_stack_bull,46082,0.16979279,0.16726705,-0.00252575,0.98512454
h4,bull,100,12,ema_stack_bear,35714,0.16979279,0.17626141,0.00646862,1.03809714
h4,bull,100,12,price_above_ema20,59479,0.16979279,0.16372165,-0.00607114,0.96424382
h4,bull,100,12,price_above_200,62174,0.16979279,0.16619487,-0.00359792,0.97880994
h4,bull,100,12,rsi_lt30,6051,0.16979279,0.20195009,0.03215730,1.18939143
h4,bull,100,12,rsi_30_45,31153,0.16979279,0.17770359,0.00791080,1.04659091
h4,bull,100,12,rsi_45_55,32651,0.16979279,0.16841751,-0.00137528,0.99190022
h4,bull,100,12,rsi_55_70,35371,0.16979279,0.15891550,-0.01087730,0.93593783
h4,bull,100,12,rsi_gt70,7632,0.16979279,0.16640461,-0.00338818,0.98004521
h4,bull,100,12,macd_hist_pos,56959,0.16979279,0.16685686,-0.00293593,0.98270875
h4,bull,100,12,adx_gt25,48620,0.16979279,0.17480461,0.00501182,1.02951725
h4,bull,100,12,pdi_gt_mdi,53590,0.16979279,0.16626236,-0.00353043,0.97920743
h4,bull,100,12,mdi_gt_pdi,59280,0.16979279,0.17277328,0.00298049,1.01755368
h4,bull,100,12,atr_high,34087,0.16979279,0.19415026,0.02435747,1.14345410
h4,bull,100,12,atr_low,40671,0.16979279,0.15962234,-0.01017046,0.94010078
h4,bull,100,12,bb_below_mid,53687,0.16979279,0.17480954,0.00501675,1.02954633
h4,bull,100,12,bb_above_mid,59111,0.16979279,0.16501159,-0.00478120,0.97184096
h4,bull,100,12,body_ratio_gt60,33691,0.16979279,0.17788133,0.00808854,1.04763772
h4,bull,150,12,ema_stack_bull,46082,0.07104560,0.06783560,-0.00321000,0.95481771
h4,bull,150,12,ema_stack_bear,35714,0.07104560,0.07644061,0.00539501,1.07593730
h4,bull,150,12,price_above_ema20,59479,0.07104560,0.06957077,-0.00147483,0.97924112
h4,bull,150,12,price_above_200,62174,0.07104560,0.06821179,-0.00283381,0.96011284
h4,bull,150,12,rsi_lt30,6051,0.07104560,0.08725830,0.01621270,1.22820138
h4,bull,150,12,rsi_30_45,31153,0.07104560,0.07527365,0.00422805,1.05951177
h4,bull,150,12,rsi_45_55,32651,0.07104560,0.06927812,-0.00176748,0.97512194
h4,bull,150,12,rsi_55_70,35371,0.07104560,0.06513811,-0.00590749,0.91684928
h4,bull,150,12,rsi_gt70,7632,0.07104560,0.07730608,0.00626048,1.08811917
h4,bull,150,12,macd_hist_pos,56959,0.07104560,0.07154269,0.00049709,1.00699675
h4,bull,150,12,adx_gt25,48620,0.07104560,0.07544220,0.00439660,1.06188426
h4,bull,150,12,pdi_gt_mdi,53590,0.07104560,0.07122597,0.00018037,1.00253886
h4,bull,150,12,mdi_gt_pdi,59280,0.07104560,0.07105263,0.00000703,1.00009897
h4,bull,150,12,atr_high,34087,0.07104560,0.08580984,0.01476424,1.20781356
h4,bull,150,12,atr_low,40671,0.07104560,0.06638637,-0.00465923,0.93441914
h4,bull,150,12,bb_below_mid,53687,0.07104560,0.07212174,0.00107614,1.01514721
h4,bull,150,12,bb_above_mid,59111,0.07104560,0.07032532,-0.00072028,0.98986172
h4,bull,150,12,body_ratio_gt60,33691,0.07104560,0.07500519,0.00395959,1.05573314
h4,bull,200,12,ema_stack_bull,46082,0.03239962,0.02994662,-0.00245301,0.92428900
h4,bull,200,12,ema_stack_bear,35714,0.03239962,0.03732430,0.00492467,1.15199786
h4,bull,200,12,price_above_ema20,59479,0.03239962,0.03036366,-0.00203597,0.93716078
h4,bull,200,12,price_above_200,62174,0.03239962,0.02994821,-0.00245142,0.92433817
h4,bull,200,12,rsi_lt30,6051,0.03239962,0.04511651,0.01271688,1.39250099
h4,bull,200,12,rsi_30_45,31153,0.03239962,0.03556640,0.00316677,1.09774105
h4,bull,200,12,rsi_45_55,32651,0.03239962,0.03081069,-0.00158893,0.95095838
h4,bull,200,12,rsi_55_70,35371,0.03239962,0.02739532,-0.00500430,0.84554448
h4,bull,200,12,rsi_gt70,7632,0.03239962,0.04009434,0.00769471,1.23749395
h4,bull,200,12,macd_hist_pos,56959,0.03239962,0.03246195,0.00006232,1.00192352
h4,bull,200,12,adx_gt25,48620,0.03239962,0.03741259,0.00501296,1.15472286
h4,bull,200,12,pdi_gt_mdi,53590,0.03239962,0.03155439,-0.00084523,0.97391234
h4,bull,200,12,mdi_gt_pdi,59280,0.03239962,0.03324899,0.00084936,1.02621521
h4,bull,200,12,atr_high,34087,0.03239962,0.04198081,0.00958119,1.29571913
h4,bull,200,12,atr_low,40671,0.03239962,0.02798063,-0.00441900,0.86360954
h4,bull,200,12,bb_below_mid,53687,0.03239962,0.03416097,0.00176135,1.05436314
h4,bull,200,12,bb_above_mid,59111,0.03239962,0.03092487,-0.00147475,0.95448235
h4,bull,200,12,body_ratio_gt60,33691,0.03239962,0.03463833,0.00223871,1.06909666
h4,bull,300,12,ema_stack_bull,46082,0.00722843,0.00657524,-0.00065319,0.90963594
h4,bull,300,12,ema_stack_bear,35714,0.00722843,0.00982808,0.00259965,1.35964310
h4,bull,300,12,price_above_ema20,59479,0.00722843,0.00623750,-0.00099093,0.86291209
h4,bull,300,12,price_above_200,62174,0.00722843,0.00575803,-0.00147039,0.79658206
h4,bull,300,12,rsi_lt30,6051,0.00722843,0.01454305,0.00731463,2.01192516
h4,bull,300,12,rsi_30_45,31153,0.00722843,0.00863480,0.00140638,1.19456203
h4,bull,300,12,rsi_45_55,32651,0.00722843,0.00584974,-0.00137868,0.80926952
h4,bull,300,12,rsi_55_70,35371,0.00722843,0.00528682,-0.00194161,0.73139261
h4,bull,300,12,rsi_gt70,7632,0.00722843,0.01074423,0.00351581,1.48638664
h4,bull,300,12,macd_hist_pos,56959,0.00722843,0.00730350,0.00007507,1.01038590
h4,bull,300,12,adx_gt25,48620,0.00722843,0.01009872,0.00287030,1.39708503
h4,bull,300,12,pdi_gt_mdi,53590,0.00722843,0.00638179,-0.00084664,0.88287384
h4,bull,300,12,mdi_gt_pdi,59280,0.00722843,0.00801282,0.00078440,1.10851536
h4,bull,300,12,atr_high,34087,0.00722843,0.01144131,0.00421289,1.58282218
h4,bull,300,12,atr_low,40671,0.00722843,0.00484375,-0.00238468,0.67009701
h4,bull,300,12,bb_below_mid,53687,0.00722843,0.00812115,0.00089272,1.12350149
h4,bull,300,12,bb_above_mid,59111,0.00722843,0.00644550,-0.00078292,0.89168810
h4,bull,300,12,body_ratio_gt60,33691,0.00722843,0.00756879,0.00034036,1.04708655
h4,bull,50,24,ema_stack_bull,46082,0.58023818,0.57857732,-0.00166086,0.99713763
h4,bull,50,24,ema_stack_bear,35714,0.58023818,0.57660861,-0.00362956,0.99374470
h4,bull,50,24,price_above_ema20,59479,0.58023818,0.57443804,-0.00580014,0.99000387
h4,bull,50,24,price_above_200,62174,0.58023818,0.57929360,-0.00094458,0.99837208
h4,bull,50,24,rsi_lt30,6051,0.58023818,0.59378615,0.01354798,1.02334899
h4,bull,50,24,rsi_30_45,31153,0.58023818,0.58931724,0.00907907,1.01564714
h4,bull,50,24,rsi_45_55,32651,0.58023818,0.57930844,-0.00092973,0.99839767
h4,bull,50,24,rsi_55_70,35371,0.58023818,0.57295525,-0.00728293,0.98744838
h4,bull,50,24,rsi_gt70,7632,0.58023818,0.56498952,-0.01524866,0.97372000
h4,bull,50,24,macd_hist_pos,56959,0.58023818,0.57409716,-0.00614102,0.98941638
h4,bull,50,24,adx_gt25,48620,0.58023818,0.57568902,-0.00454916,0.99215984
h4,bull,50,24,pdi_gt_mdi,53590,0.58023818,0.58255272,0.00231454,1.00398895
h4,bull,50,24,mdi_gt_pdi,59280,0.58023818,0.57756410,-0.00267407,0.99539142
h4,bull,50,24,atr_high,34087,0.58023818,0.59993546,0.01969728,1.03394689
h4,bull,50,24,atr_low,40671,0.58023818,0.57647956,-0.00375862,0.99352228
h4,bull,50,24,bb_below_mid,53687,0.58023818,0.58638032,0.00614214,1.01058555
h4,bull,50,24,bb_above_mid,59111,0.58023818,0.57397100,-0.00626717,0.98919897
h4,bull,50,24,body_ratio_gt60,33691,0.58023818,0.58683328,0.00659510,1.01136620
h4,bull,100,24,ema_stack_bull,46082,0.30432821,0.30326375,-0.00106446,0.99650226
h4,bull,100,24,ema_stack_bear,35714,0.30432821,0.30775046,0.00342225,1.01124527
h4,bull,100,24,price_above_ema20,59479,0.30432821,0.29775215,-0.00657606,0.97839155
h4,bull,100,24,price_above_200,62174,0.30432821,0.30242545,-0.00190276,0.99374768
h4,bull,100,24,rsi_lt30,6051,0.30432821,0.33911750,0.03478929,1.11431505
h4,bull,100,24,rsi_30_45,31153,0.30432821,0.31191218,0.00758397,1.02492036
h4,bull,100,24,rsi_45_55,32651,0.30432821,0.30130777,-0.00302044,0.99007507
h4,bull,100,24,rsi_55_70,35371,0.30432821,0.29371519,-0.01061302,0.96512641
h4,bull,100,24,rsi_gt70,7632,0.30432821,0.30411426,-0.00021395,0.99929697
h4,bull,100,24,macd_hist_pos,56959,0.30432821,0.29995260,-0.00437561,0.98562207
h4,bull,100,24,adx_gt25,48620,0.30432821,0.30384615,-0.00048205,0.99841601
h4,bull,100,24,pdi_gt_mdi,53590,0.30432821,0.30132487,-0.00300333,0.99013127
h4,bull,100,24,mdi_gt_pdi,59280,0.30432821,0.30659582,0.00226761,1.00745119
h4,bull,100,24,atr_high,34087,0.30432821,0.32804295,0.02371474,1.07792489
h4,bull,100,24,atr_low,40671,0.30432821,0.29148533,-0.01284287,0.95779926
h4,bull,100,24,bb_below_mid,53687,0.30432821,0.30903198,0.00470377,1.01545625
h4,bull,100,24,bb_above_mid,59111,0.30432821,0.29953816,-0.00479005,0.98426025
h4,bull,100,24,body_ratio_gt60,33691,0.30432821,0.31299160,0.00866339,1.02846727
h4,bull,150,24,ema_stack_bull,46082,0.15718507,0.15641682,-0.00076825,0.99511245
h4,bull,150,24,ema_stack_bear,35714,0.15718507,0.16100129,0.00381622,1.02427849
h4,bull,150,24,price_above_ema20,59479,0.15718507,0.15400393,-0.00318114,0.97976183
h4,bull,150,24,price_above_200,62174,0.15718507,0.15693055,-0.00025452,0.99838075
h4,bull,150,24,rsi_lt30,6051,0.15718507,0.18724178,0.03005671,1.19121858
h4,bull,150,24,rsi_30_45,31153,0.15718507,0.16239206,0.00520699,1.03312651
h4,bull,150,24,rsi_45_55,32651,0.15718507,0.15628924,-0.00089583,0.99430078
h4,bull,150,24,rsi_55_70,35371,0.15718507,0.14622148,-0.01096359,0.93025043
h4,bull,150,24,rsi_gt70,7632,0.15718507,0.16784591,0.01066084,1.06782349
h4,bull,150,24,macd_hist_pos,56959,0.15718507,0.15611229,-0.00107278,0.99317504
h4,bull,150,24,adx_gt25,48620,0.15718507,0.15991362,0.00272854,1.01735879
h4,bull,150,24,pdi_gt_mdi,53590,0.15718507,0.15581265,-0.00137242,0.99126876
h4,bull,150,24,mdi_gt_pdi,59280,0.15718507,0.15858637,0.00140130,1.00891495
h4,bull,150,24,atr_high,34087,0.15718507,0.17842579,0.02124072,1.13513192
h4,bull,150,24,atr_low,40671,0.15718507,0.14718104,-0.01000403,0.93635506
h4,bull,150,24,bb_below_mid,53687,0.15718507,0.15888390,0.00169883,1.01080782
h4,bull,150,24,bb_above_mid,59111,0.15718507,0.15577473,-0.00141034,0.99102750
h4,bull,150,24,body_ratio_gt60,33691,0.15718507,0.16446529,0.00728022,1.04631620
h4,bull,200,24,ema_stack_bull,46082,0.08452038,0.08530446,0.00078408,1.00927683
h4,bull,200,24,ema_stack_bear,35714,0.08452038,0.08643669,0.00191632,1.02267282
h4,bull,200,24,price_above_ema20,59479,0.08452038,0.08249971,-0.00202067,0.97609251
h4,bull,200,24,price_above_200,62174,0.08452038,0.08537331,0.00085293,1.01009143
h4,bull,200,24,rsi_lt30,6051,0.08452038,0.10626343,0.02174305,1.25725219
h4,bull,200,24,rsi_30_45,31153,0.08452038,0.08724681,0.00272644,1.03225776
h4,bull,200,24,rsi_45_55,32651,0.08452038,0.08177391,-0.00274646,0.96750530
h4,bull,200,24,rsi_55_70,35371,0.08452038,0.07845410,-0.00606628,0.92822707
h4,bull,200,24,rsi_gt70,7632,0.08452038,0.09787736,0.01335698,1.15803269
h4,bull,200,24,macd_hist_pos,56959,0.08452038,0.08312997,-0.00139041,0.98354947
h4,bull,200,24,adx_gt25,48620,0.08452038,0.09119704,0.00667666,1.07899471
h4,bull,200,24,pdi_gt_mdi,53590,0.08452038,0.08385893,-0.00066145,0.99217411
h4,bull,200,24,mdi_gt_pdi,59280,0.08452038,0.08534076,0.00082038,1.00970630
h4,bull,200,24,atr_high,34087,0.08452038,0.09716314,0.01264277,1.14958246
h4,bull,200,24,atr_low,40671,0.08452038,0.07946694,-0.00505343,0.94021047
h4,bull,200,24,bb_below_mid,53687,0.08452038,0.08627787,0.00175749,1.02079373
h4,bull,200,24,bb_above_mid,59111,0.08452038,0.08325016,-0.00127022,0.98497144
h4,bull,200,24,body_ratio_gt60,33691,0.08452038,0.08785729,0.00333692,1.03948060
h4,bull,300,24,ema_stack_bull,46082,0.02610019,0.02452151,-0.00157868,0.93951445
h4,bull,300,24,ema_stack_bear,35714,0.02610019,0.03071625,0.00461606,1.17685912
h4,bull,300,24,price_above_ema20,59479,0.02610019,0.02328553,-0.00281466,0.89215940
h4,bull,300,24,price_above_200,62174,0.02610019,0.02340207,-0.00269812,0.89662435
h4,bull,300,24,rsi_lt30,6051,0.02610019,0.04495125,0.01885106,1.72225753
h4,bull,300,24,rsi_30_45,31153,0.02610019,0.02975636,0.00365617,1.14008229
h4,bull,300,24,rsi_45_55,32651,0.02610019,0.02303145,-0.00306874,0.88242478
h4,bull,300,24,rsi_55_70,35371,0.02610019,0.02018603,-0.00591416,0.77340543
h4,bull,300,24,rsi_gt70,7632,0.02610019,0.03734277,0.01124258,1.43074699
h4,bull,300,24,macd_hist_pos,56959,0.02610019,0.02463175,-0.00146844,0.94373847
h4,bull,300,24,adx_gt25,48620,0.02610019,0.03301111,0.00691092,1.26478418
h4,bull,300,24,pdi_gt_mdi,53590,0.02610019,0.02371711,-0.00238308,0.90869499
h4,bull,300,24,mdi_gt_pdi,59280,0.02610019,0.02832321,0.00222302,1.08517266
h4,bull,300,24,atr_high,34087,0.02610019,0.03335582,0.00725564,1.27799168
h4,bull,300,24,atr_low,40671,0.02610019,0.02262054,-0.00347965,0.86668109
h4,bull,300,24,bb_below_mid,53687,0.02610019,0.02874066,0.00264047,1.10116686
h4,bull,300,24,bb_above_mid,59111,0.02610019,0.02380268,-0.00229751,0.91197332
h4,bull,300,24,body_ratio_gt60,33691,0.02610019,0.02706954,0.00096935,1.03713975
h4,bear,50,1,ema_stack_bull,46082,0.05358944,0.05197257,-0.00161687,0.96982859
h4,bear,50,1,ema_stack_bear,35714,0.05358944,0.05479644,0.00120700,1.02252307
h4,bear,50,1,price_above_ema20,59479,0.05358944,0.04904252,-0.00454692,0.91515268
h4,bear,50,1,price_above_200,62174,0.05358944,0.05240133,-0.00118811,0.97782932
h4,bear,50,1,rsi_lt30,6051,0.05358944,0.08312676,0.02953732,1.55117793
h4,bear,50,1,rsi_30_45,31153,0.05358944,0.05681636,0.00322692,1.06021556
h4,bear,50,1,rsi_45_55,32651,0.05358944,0.05160638,-0.00198306,0.96299538
h4,bear,50,1,rsi_55_70,35371,0.05358944,0.04854259,-0.00504685,0.90582383
h4,bear,50,1,rsi_gt70,7632,0.05358944,0.04965933,-0.00393011,0.92666259
h4,bear,50,1,macd_hist_pos,56959,0.05358944,0.05007110,-0.00351834,0.93434647
h4,bear,50,1,adx_gt25,48620,0.05358944,0.06003702,0.00644758,1.12031442
h4,bear,50,1,pdi_gt_mdi,53590,0.05358944,0.04993469,-0.00365475,0.93180092
h4,bear,50,1,mdi_gt_pdi,59280,0.05358944,0.05698381,0.00339437,1.06334020
h4,bear,50,1,atr_high,34087,0.05358944,0.07392848,0.02033904,1.37953443
h4,bear,50,1,atr_low,40671,0.05358944,0.04157754,-0.01201190,0.77585317
h4,bear,50,1,bb_below_mid,53687,0.05358944,0.05826364,0.00467420,1.08722240
h4,bear,50,1,bb_above_mid,59111,0.05358944,0.04943242,-0.00415702,0.92242845
h4,bear,50,1,body_ratio_gt60,33691,0.05358944,0.05921463,0.00562519,1.10496821
h4,bear,100,1,ema_stack_bull,46082,0.00956417,0.00761686,-0.00194731,0.79639488
h4,bear,100,1,ema_stack_bear,35714,0.00956417,0.01083609,0.00127192,1.13298754
h4,bear,100,1,price_above_ema20,59479,0.00956417,0.00801964,-0.00154453,0.83850834
h4,bear,100,1,price_above_200,62174,0.00956417,0.00823495,-0.00132922,0.86102114
h4,bear,100,1,rsi_lt30,6051,0.00956417,0.02363246,0.01406829,2.47093630
h4,bear,100,1,rsi_30_45,31153,0.00956417,0.01072128,0.00115711,1.12098359
h4,bear,100,1,rsi_45_55,32651,0.00956417,0.00802426,-0.00153991,0.83899132
h4,bear,100,1,rsi_55_70,35371,0.00956417,0.00802918,-0.00153499,0.83950573
h4,bear,100,1,rsi_gt70,7632,0.00956417,0.00746855,-0.00209562,0.78088874
h4,bear,100,1,macd_hist_pos,56959,0.00956417,0.00846223,-0.00110194,0.88478418
h4,bear,100,1,adx_gt25,48620,0.00956417,0.01273139,0.00316722,1.33115418
h4,bear,100,1,pdi_gt_mdi,53590,0.00956417,0.00763202,-0.00193215,0.79798038
h4,bear,100,1,mdi_gt_pdi,59280,0.00956417,0.01131916,0.00175499,1.18349653
h4,bear,100,1,atr_high,34087,0.00956417,0.01678059,0.00721642,1.75452642
h4,bear,100,1,atr_low,40671,0.00956417,0.00555678,-0.00400739,0.58100016
h4,bear,100,1,bb_below_mid,53687,0.00956417,0.01125040,0.00168622,1.17630642
h4,bear,100,1,bb_above_mid,59111,0.00956417,0.00803573,-0.00152844,0.84019089
h4,bear,100,1,body_ratio_gt60,33691,0.00956417,0.01130866,0.00174449,1.18239814
h4,bear,150,1,ema_stack_bull,46082,0.00277812,0.00208324,-0.00069488,0.74987457
h4,bear,150,1,ema_stack_bear,35714,0.00277812,0.00313603,0.00035790,1.12882921
h4,bear,150,1,price_above_ema20,59479,0.00277812,0.00230333,-0.00047479,0.82909753
h4,bear,150,1,price_above_200,62174,0.00277812,0.00239650,-0.00038162,0.86263320
h4,bear,150,1,rsi_lt30,6051,0.00277812,0.00809784,0.00531971,2.91485957
h4,bear,150,1,rsi_30_45,31153,0.00277812,0.00317786,0.00039974,1.14388938
h4,bear,150,1,rsi_45_55,32651,0.00277812,0.00205200,-0.00072612,0.73863014
h4,bear,150,1,rsi_55_70,35371,0.00277812,0.00220520,-0.00057293,0.79377236
h4,bear,150,1,rsi_gt70,7632,0.00277812,0.00275157,-0.00002655,0.99044336
h4,bear,150,1,macd_hist_pos,56959,0.00277812,0.00245791,-0.00032021,0.88473741
h4,bear,150,1,adx_gt25,48620,0.00277812,0.00417524,0.00139711,1.50289899
h4,bear,150,1,pdi_gt_mdi,53590,0.00277812,0.00199664,-0.00078148,0.71870180
h4,bear,150,1,mdi_gt_pdi,59280,0.00277812,0.00349190,0.00071378,1.25692933
h4,bear,150,1,atr_high,34087,0.00277812,0.00627805,0.00349993,2.25981924
h4,bear,150,1,atr_low,40671,0.00277812,0.00100809,-0.00177003,0.36286720
h4,bear,150,1,bb_below_mid,53687,0.00277812,0.00335277,0.00057465,1.20684662
h4,bear,150,1,bb_above_mid,59111,0.00277812,0.00226692,-0.00051120,0.81599069
h4,bear,150,1,body_ratio_gt60,33691,0.00277812,0.00335401,0.00057589,1.20729458
h4,bear,200,1,ema_stack_bull,46082,0.00110594,0.00095482,-0.00015112,0.86335558
h4,bear,200,1,ema_stack_bear,35714,0.00110594,0.00106401,-0.00004193,0.96208501
h4,bear,200,1,price_above_ema20,59479,0.00110594,0.00109282,-0.00001312,0.98813901
h4,bear,200,1,price_above_200,62174,0.00110594,0.00107762,-0.00002832,0.97439341
h4,bear,200,1,rsi_lt30,6051,0.00110594,0.00330524,0.00219930,2.98862337
h4,bear,200,1,rsi_30_45,31153,0.00110594,0.00089879,-0.00020715,0.81269297
h4,bear,200,1,rsi_45_55,32651,0.00110594,0.00088818,-0.00021776,0.80310043
h4,bear,200,1,rsi_55_70,35371,0.00110594,0.00107433,-0.00003161,0.97141455
h4,bear,200,1,rsi_gt70,7632,0.00110594,0.00131027,0.00020433,1.18475891
h4,bear,200,1,macd_hist_pos,56959,0.00110594,0.00107095,-0.00003499,0.96835773
h4,bear,200,1,adx_gt25,48620,0.00110594,0.00152201,0.00041607,1.37621127
h4,bear,200,1,pdi_gt_mdi,53590,0.00110594,0.00083971,-0.00026623,0.75927151
h4,bear,200,1,mdi_gt_pdi,59280,0.00110594,0.00134953,0.00024359,1.22025371
h4,bear,200,1,atr_high,34087,0.00110594,0.00246428,0.00135834,2.22822402
h4,bear,200,1,atr_low,40671,0.00110594,0.00039340,-0.00071254,0.35571606
h4,bear,200,1,bb_below_mid,53687,0.00110594,0.00122935,0.00012341,1.11158619
h4,bear,200,1,bb_above_mid,59111,0.00110594,0.00099812,-0.00010782,0.90251006
h4,bear,200,1,body_ratio_gt60,33691,0.00110594,0.00121694,0.00011100,1.10036888
h4,bear,300,1,ema_stack_bull,46082,0.00038044,0.00052081,0.00014037,1.36895706
h4,bear,300,1,ema_stack_bear,35714,0.00038044,0.00025200,-0.00012844,0.66239023
h4,bear,300,1,price_above_ema20,59479,0.00038044,0.00050438,0.00012394,1.32576790
h4,bear,300,1,price_above_200,62174,0.00038044,0.00049860,0.00011816,1.31057774
h4,bear,300,1,rsi_lt30,6051,0.00038044,0.00115683,0.00077639,3.04075052
h4,bear,300,1,rsi_30_45,31153,0.00038044,0.00016050,-0.00021995,0.42187135
h4,bear,300,1,rsi_45_55,32651,0.00038044,0.00021439,-0.00016605,0.56352275
h4,bear,300,1,rsi_55_70,35371,0.00038044,0.00042408,0.00004363,1.11468928
h4,bear,300,1,rsi_gt70,7632,0.00038044,0.00117925,0.00079880,3.09965994
h4,bear,300,1,macd_hist_pos,56959,0.00038044,0.00042136,0.00004091,1.10753839
h4,bear,300,1,adx_gt25,48620,0.00038044,0.00051419,0.00013375,1.35155884
h4,bear,300,1,pdi_gt_mdi,53590,0.00038044,0.00042918,0.00004874,1.12811658
h4,bear,300,1,mdi_gt_pdi,59280,0.00038044,0.00033738,-0.00004306,0.88681229
h4,bear,300,1,atr_high,34087,0.00038044,0.00082143,0.00044098,2.15913180
h4,bear,300,1,atr_low,40671,0.00038044,0.00014753,-0.00023292,0.38777187
h4,bear,300,1,bb_below_mid,53687,0.00038044,0.00027940,-0.00010105,0.73439891
h4,bear,300,1,bb_above_mid,59111,0.00038044,0.00047369,0.00009324,1.24508680
h4,bear,300,1,body_ratio_gt60,33691,0.00038044,0.00038586,0.00000542,1.01423677
h4,bear,50,3,ema_stack_bull,46082,0.16258206,0.16652923,0.00394717,1.02427802
h4,bear,50,3,ema_stack_bear,35714,0.16258206,0.15755726,-0.00502480,0.96909376
h4,bear,50,3,price_above_ema20,59479,0.16258206,0.15933355,-0.00324851,0.98001923
h4,bear,50,3,price_above_200,62174,0.16258206,0.16569627,0.00311421,1.01915470
h4,bear,50,3,rsi_lt30,6051,0.16258206,0.19385226,0.03127020,1.19233484
h4,bear,50,3,rsi_30_45,31153,0.16258206,0.16226367,-0.00031839,0.99804164
h4,bear,50,3,rsi_45_55,32651,0.16258206,0.16220024,-0.00038182,0.99765151
h4,bear,50,3,rsi_55_70,35371,0.16258206,0.15738882,-0.00519324,0.96805773
h4,bear,50,3,rsi_gt70,7632,0.16258206,0.16535639,0.00277433,1.01706420
h4,bear,50,3,macd_hist_pos,56959,0.16258206,0.15881599,-0.00376607,0.97683588
h4,bear,50,3,adx_gt25,48620,0.16258206,0.17276841,0.01018635,1.06265357
h4,bear,50,3,pdi_gt_mdi,53590,0.16258206,0.16014182,-0.00244024,0.98499070
h4,bear,50,3,mdi_gt_pdi,59280,0.16258206,0.16486167,0.00227961,1.01402130
h4,bear,50,3,atr_high,34087,0.16258206,0.19620383,0.03362177,1.20679877
h4,bear,50,3,atr_low,40671,0.16258206,0.14268152,-0.01990054,0.87759693
h4,bear,50,3,bb_below_mid,53687,0.16258206,0.16635312,0.00377106,1.02319481
h4,bear,50,3,bb_above_mid,59111,0.16258206,0.15922586,-0.00335620,0.97935690
h4,bear,50,3,body_ratio_gt60,33691,0.16258206,0.17247930,0.00989724,1.06087533
h4,bear,100,3,ema_stack_bull,46082,0.03964575,0.03725967,-0.00238608,0.93981504
h4,bear,100,3,ema_stack_bear,35714,0.03964575,0.04096433,0.00131858,1.03325912
h4,bear,100,3,price_above_ema20,59479,0.03964575,0.03571008,-0.00393566,0.90072925
h4,bear,100,3,price_above_200,62174,0.03964575,0.03763631,-0.00200943,0.94931526
h4,bear,100,3,rsi_lt30,6051,0.03964575,0.07139316,0.03174741,1.80077730
h4,bear,100,3,rsi_30_45,31153,0.03964575,0.04195423,0.00230848,1.05822770
h4,bear,100,3,rsi_45_55,32651,0.03964575,0.03687483,-0.00277092,0.93010807
h4,bear,100,3,rsi_55_70,35371,0.03964575,0.03497215,-0.00467359,0.88211615
h4,bear,100,3,rsi_gt70,7632,0.03964575,0.03865304,-0.00099271,0.97496061
h4,bear,100,3,macd_hist_pos,56959,0.03964575,0.03707930,-0.00256644,0.93526562
h4,bear,100,3,adx_gt25,48620,0.03964575,0.04866310,0.00901736,1.22744828
h4,bear,100,3,pdi_gt_mdi,53590,0.03964575,0.03472663,-0.00491912,0.87592320
h4,bear,100,3,mdi_gt_pdi,59280,0.03964575,0.04409582,0.00445007,1.11224587
h4,bear,100,3,atr_high,34087,0.03964575,0.05896676,0.01932102,1.48734148
h4,bear,100,3,atr_low,40671,0.03964575,0.02839861,-0.01124713,0.71630923
h4,bear,100,3,bb_below_mid,53687,0.03964575,0.04388399,0.00423825,1.10690300
h4,bear,100,3,bb_above_mid,59111,0.03964575,0.03581398,-0.00383177,0.90334983
h4,bear,100,3,body_ratio_gt60,33691,0.03964575,0.04410673,0.00446099,1.11252127
h4,bear,150,3,ema_stack_bull,46082,0.01317396,0.01082852,-0.00234544,0.82196417
h4,bear,150,3,ema_stack_bear,35714,0.01317396,0.01498012,0.00180616,1.13710076
h4,bear,150,3,price_above_ema20,59479,0.01317396,0.01131492,-0.00185904,0.85888510
h4,bear,150,3,price_above_200,62174,0.01317396,0.01164474,-0.00152922,0.88392093
h4,bear,150,3,rsi_lt30,6051,0.01317396,0.03024294,0.01706898,2.29566016
h4,bear,150,3,rsi_30_45,31153,0.01317396,0.01479793,0.00162397,1.12327142
h4,bear,150,3,rsi_45_55,32651,0.01317396,0.01151573,-0.00165823,0.87412797
h4,bear,150,3,rsi_55_70,35371,0.01317396,0.01074326,-0.00243070,0.81549240
h4,bear,150,3,rsi_gt70,7632,0.01317396,0.01166143,-0.00151253,0.88518757
h4,bear,150,3,macd_hist_pos,56959,0.01317396,0.01227199,-0.00090197,0.93153351
h4,bear,150,3,adx_gt25,48620,0.01317396,0.01754422,0.00437026,1.33173476
h4,bear,150,3,pdi_gt_mdi,53590,0.01317396,0.01041239,-0.00276157,0.79037665
h4,bear,150,3,mdi_gt_pdi,59280,0.01317396,0.01570513,0.00253117,1.19213420
h4,bear,150,3,atr_high,34087,0.01317396,0.02376272,0.01058876,1.80376476
h4,bear,150,3,atr_low,40671,0.01317396,0.00759755,-0.00557641,0.57670974
h4,bear,150,3,bb_below_mid,53687,0.01317396,0.01538548,0.00221152,1.16787018
h4,bear,150,3,bb_above_mid,59111,0.01317396,0.01121619,-0.00195777,0.85139066
h4,bear,150,3,body_ratio_gt60,33691,0.01317396,0.01552343,0.00234947,1.17834224
h4,bear,200,3,ema_stack_bull,46082,0.00548546,0.00403628,-0.00144918,0.73581442
h4,bear,200,3,ema_stack_bear,35714,0.00548546,0.00613205,0.00064659,1.11787254
h4,bear,200,3,price_above_ema20,59479,0.00548546,0.00453942,-0.00094605,0.82753577
h4,bear,200,3,price_above_200,62174,0.00548546,0.00469650,-0.00078897,0.85617139
h4,bear,200,3,rsi_lt30,6051,0.00548546,0.01685672,0.01137125,3.07297967
h4,bear,200,3,rsi_30_45,31153,0.00548546,0.00600263,0.00051717,1.09427984
h4,bear,200,3,rsi_45_55,32651,0.00548546,0.00453279,-0.00095268,0.82632691
h4,bear,200,3,rsi_55_70,35371,0.00548546,0.00418422,-0.00130124,0.76278307
h4,bear,200,3,rsi_gt70,7632,0.00548546,0.00458595,-0.00089951,0.83601939
h4,bear,200,3,macd_hist_pos,56959,0.00548546,0.00495093,-0.00053453,0.90255447
h4,bear,200,3,adx_gt25,48620,0.00548546,0.00728095,0.00179549,1.32731798
h4,bear,200,3,pdi_gt_mdi,53590,0.00548546,0.00388132,-0.00160414,0.70756484
h4,bear,200,3,mdi_gt_pdi,59280,0.00548546,0.00695007,0.00146460,1.26699730
h4,bear,200,3,atr_high,34087,0.00548546,0.01135330,0.00586784,2.06970693
h4,bear,200,3,atr_low,40671,0.00548546,0.00260628,-0.00287918,0.47512478
h4,bear,200,3,bb_below_mid,53687,0.00548546,0.00668691,0.00120144,1.21902323
h4,bear,200,3,bb_above_mid,59111,0.00548546,0.00441542,-0.00107004,0.80493140
h4,bear,200,3,body_ratio_gt60,33691,0.00548546,0.00638153,0.00089606,1.16335223
h4,bear,300,3,ema_stack_bull,46082,0.00153062,0.00160583,0.00007521,1.04913809
h4,bear,300,3,ema_stack_bear,35714,0.00153062,0.00140001,-0.00013061,0.91466859
h4,bear,300,3,price_above_ema20,59479,0.00153062,0.00159720,0.00006658,1.04349940
h4,bear,300,3,price_above_200,62174,0.00153062,0.00160839,0.00007777,1.05080818
h4,bear,300,3,rsi_lt30,6051,0.00153062,0.00578417,0.00425355,3.77896741
h4,bear,300,3,rsi_30_45,31153,0.00153062,0.00102719,-0.00050343,0.67109246
h4,bear,300,3,rsi_45_55,32651,0.00153062,0.00098006,-0.00055056,0.64030331
h4,bear,300,3,rsi_55_70,35371,0.00153062,0.00147013,-0.00006049,0.96047985
h4,bear,300,3,rsi_gt70,7632,0.00153062,0.00288260,0.00135198,1.88328728
h4,bear,300,3,macd_hist_pos,56959,0.00153062,0.00147474,-0.00005588,0.96349438
h4,bear,300,3,adx_gt25,48620,0.00153062,0.00218017,0.00064955,1.42437114
h4,bear,300,3,pdi_gt_mdi,53590,0.00153062,0.00141818,-0.00011245,0.92653556
h4,bear,300,3,mdi_gt_pdi,59280,0.00153062,0.00163630,0.00010568,1.06904453
h4,bear,300,3,atr_high,34087,0.00153062,0.00313903,0.00160841,2.05081862
h4,bear,300,3,atr_low,40671,0.00153062,0.00086056,-0.00067006,0.56223186
h4,bear,300,3,bb_below_mid,53687,0.00153062,0.00152737,-0.00000325,0.99787690
h4,bear,300,3,bb_above_mid,59111,0.00153062,0.00153948,0.00000886,1.00578543
h4,bear,300,3,body_ratio_gt60,33691,0.00153062,0.00178089,0.00025027,1.16350862
h4,bear,50,6,ema_stack_bull,46082,0.28038681,0.29117660,0.01078978,1.03848178
h4,bear,50,6,ema_stack_bear,35714,0.28038681,0.26762614,-0.01276067,0.95448904
h4,bear,50,6,price_above_ema20,59479,0.28038681,0.28186419,0.00147737,1.00526906
h4,bear,50,6,price_above_200,62174,0.28038681,0.28883456,0.00844775,1.03012890
h4,bear,50,6,rsi_lt30,6051,0.28038681,0.30325566,0.02286885,1.08156178
h4,bear,50,6,rsi_30_45,31153,0.28038681,0.27027895,-0.01010787,0.96395027
h4,bear,50,6,rsi_45_55,32651,0.28038681,0.28170653,0.00131972,1.00470678
h4,bear,50,6,rsi_55_70,35371,0.28038681,0.28113426,0.00074745,1.00266578
h4,bear,50,6,rsi_gt70,7632,0.28038681,0.29559748,0.01521067,1.05424888
h4,bear,50,6,macd_hist_pos,56959,0.28038681,0.28002598,-0.00036083,0.99871310
h4,bear,50,6,adx_gt25,48620,0.28038681,0.28689840,0.00651158,1.02322357
h4,bear,50,6,pdi_gt_mdi,53590,0.28038681,0.28314984,0.00276303,1.00985434
h4,bear,50,6,mdi_gt_pdi,59280,0.28038681,0.27801957,-0.00236725,0.99155722
h4,bear,50,6,atr_high,34087,0.28038681,0.32308505,0.04269823,1.15228331
h4,bear,50,6,atr_low,40671,0.28038681,0.25155516,-0.02883165,0.89717187
h4,bear,50,6,bb_below_mid,53687,0.28038681,0.27794438,-0.00244243,0.99128906
h4,bear,50,6,bb_above_mid,59111,0.28038681,0.28277309,0.00238627,1.00851065
h4,bear,50,6,body_ratio_gt60,33691,0.28038681,0.29078983,0.01040301,1.03710236
h4,bear,100,6,ema_stack_bull,46082,0.08613947,0.08714900,0.00100952,1.01171963
h4,bear,100,6,ema_stack_bear,35714,0.08613947,0.08346867,-0.00267080,0.96899442
h4,bear,100,6,price_above_ema20,59479,0.08613947,0.08335715,-0.00278232,0.96769981
h4,bear,100,6,price_above_200,62174,0.08613947,0.08706212,0.00092264,1.01071104
h4,bear,100,6,rsi_lt30,6051,0.08613947,0.11650967,0.03037020,1.35257002
h4,bear,100,6,rsi_30_45,31153,0.08613947,0.08609123,-0.00004825,0.99943992
h4,bear,100,6,rsi_45_55,32651,0.08613947,0.08336651,-0.00277296,0.96780849
h4,bear,100,6,rsi_55_70,35371,0.08613947,0.08244042,-0.00369906,0.95705738
h4,bear,100,6,rsi_gt70,7632,0.08613947,0.09145702,0.00531755,1.06173187
h4,bear,100,6,macd_hist_pos,56959,0.08613947,0.08437648,-0.00176299,0.97953330
h4,bear,100,6,adx_gt25,48620,0.08613947,0.09753188,0.01139241,1.13225537
h4,bear,100,6,pdi_gt_mdi,53590,0.08613947,0.08100392,-0.00513555,0.94038095
h4,bear,100,6,mdi_gt_pdi,59280,0.08613947,0.09078947,0.00465000,1.05398224
h4,bear,100,6,atr_high,34087,0.08613947,0.11667205,0.03053257,1.35445507
h4,bear,100,6,atr_low,40671,0.08613947,0.06668142,-0.01945805,0.77410991
h4,bear,100,6,bb_below_mid,53687,0.08613947,0.08905322,0.00291374,1.03382588
h4,bear,100,6,bb_above_mid,59111,0.08613947,0.08357159,-0.00256789,0.97018920
h4,bear,100,6,body_ratio_gt60,33691,0.08613947,0.09121130,0.00507183,1.05887928
h4,bear,150,6,ema_stack_bull,46082,0.03388601,0.03150905,-0.00237696,0.92985425
h4,bear,150,6,ema_stack_bear,35714,0.03388601,0.03494428,0.00105827,1.03123032
h4,bear,150,6,price_above_ema20,59479,0.03388601,0.03123792,-0.00264809,0.92185292
h4,bear,150,6,price_above_200,62174,0.03388601,0.03277898,-0.00110703,0.96733066
h4,bear,150,6,rsi_lt30,6051,0.03388601,0.05585854,0.02197253,1.64842477
h4,bear,150,6,rsi_30_45,31153,0.03388601,0.03646519,0.00257918,1.07611340
h4,bear,150,6,rsi_45_55,32651,0.03388601,0.03114759,-0.00273842,0.91918737
h4,bear,150,6,rsi_55_70,35371,0.03388601,0.03047694,-0.00340906,0.89939611
h4,bear,150,6,rsi_gt70,7632,0.03388601,0.03393606,0.00005005,1.00147702
h4,bear,150,6,macd_hist_pos,56959,0.03388601,0.03279552,-0.00109049,0.96781890
h4,bear,150,6,adx_gt25,48620,0.03388601,0.04199918,0.00811317,1.23942533
h4,bear,150,6,pdi_gt_mdi,53590,0.03388601,0.02890465,-0.00498136,0.85299649
h4,bear,150,6,mdi_gt_pdi,59280,0.03388601,0.03844467,0.00455866,1.13452929
h4,bear,150,6,atr_high,34087,0.03388601,0.05348080,0.01959479,1.57825608
h4,bear,150,6,atr_low,40671,0.03388601,0.02227631,-0.01160969,0.65738975
h4,bear,150,6,bb_below_mid,53687,0.03388601,0.03676868,0.00288267,1.08506960
h4,bear,150,6,bb_above_mid,59111,0.03388601,0.03136472,-0.00252129,0.92559502
h4,bear,150,6,body_ratio_gt60,33691,0.03388601,0.03719094,0.00330493,1.09753089
h4,bear,200,6,ema_stack_bull,46082,0.01548316,0.01356278,-0.00192038,0.87596954
h4,bear,200,6,ema_stack_bear,35714,0.01548316,0.01593213,0.00044896,1.02899694
h4,bear,200,6,price_above_ema20,59479,0.01548316,0.01314750,-0.00233567,0.84914803
h4,bear,200,6,price_above_200,62174,0.01548316,0.01420208,-0.00128109,0.91725947
h4,bear,200,6,rsi_lt30,6051,0.01548316,0.03387870,0.01839553,2.18809925
h4,bear,200,6,rsi_30_45,31153,0.01548316,0.01739800,0.00191484,1.12367242
h4,bear,200,6,rsi_45_55,32651,0.01548316,0.01350648,-0.00197669,0.87233322
h4,bear,200,6,rsi_55_70,35371,0.01548316,0.01241130,-0.00307187,0.80159960
h4,bear,200,6,rsi_gt70,7632,0.01548316,0.01611635,0.00063319,1.04089533
h4,bear,200,6,macd_hist_pos,56959,0.01548316,0.01480012,-0.00068304,0.95588474
h4,bear,200,6,adx_gt25,48620,0.01548316,0.01914850,0.00366534,1.23673040
h4,bear,200,6,pdi_gt_mdi,53590,0.01548316,0.01211047,-0.00337269,0.78217017
h4,bear,200,6,mdi_gt_pdi,59280,0.01548316,0.01857287,0.00308971,1.19955298
h4,bear,200,6,atr_high,34087,0.01548316,0.02684308,0.01135991,1.73369471
h4,bear,200,6,atr_low,40671,0.01548316,0.00931868,-0.00616448,0.60185887
h4,bear,200,6,bb_below_mid,53687,0.01548316,0.01778829,0.00230513,1.14887967
h4,bear,200,6,bb_above_mid,59111,0.01548316,0.01344927,-0.00203389,0.86863861
h4,bear,200,6,body_ratio_gt60,33691,0.01548316,0.01771987,0.00223670,1.14446032
h4,bear,300,6,ema_stack_bull,46082,0.00469803,0.00425329,-0.00044475,0.90533350
h4,bear,300,6,ema_stack_bear,35714,0.00469803,0.00478804,0.00009000,1.01915785
h4,bear,300,6,price_above_ema20,59479,0.00469803,0.00415273,-0.00054531,0.88392849
h4,bear,300,6,price_above_200,62174,0.00469803,0.00437482,-0.00032322,0.93120207
h4,bear,300,6,rsi_lt30,6051,0.00469803,0.01322096,0.00852292,2.81414630
h4,bear,300,6,rsi_30_45,31153,0.00469803,0.00497544,0.00027741,1.05904804
h4,bear,300,6,rsi_45_55,32651,0.00469803,0.00349147,-0.00120656,0.74317690
h4,bear,300,6,rsi_55_70,35371,0.00469803,0.00384496,-0.00085308,0.81841844
h4,bear,300,6,rsi_gt70,7632,0.00469803,0.00602725,0.00132922,1.28293102
h4,bear,300,6,macd_hist_pos,56959,0.00469803,0.00431890,-0.00037914,0.91929858
h4,bear,300,6,adx_gt25,48620,0.00469803,0.00600576,0.00130772,1.27835576
h4,bear,300,6,pdi_gt_mdi,53590,0.00469803,0.00365740,-0.00104064,0.77849558
h4,bear,300,6,mdi_gt_pdi,59280,0.00469803,0.00565115,0.00095311,1.20287486
h4,bear,300,6,atr_high,34087,0.00469803,0.00927040,0.00457236,1.97325013
h4,bear,300,6,atr_low,40671,0.00469803,0.00231123,-0.00238680,0.49195665
h4,bear,300,6,bb_below_mid,53687,0.00469803,0.00532717,0.00062914,1.13391561
h4,bear,300,6,bb_above_mid,59111,0.00469803,0.00414474,-0.00055329,0.88222958
h4,bear,300,6,body_ratio_gt60,33691,0.00469803,0.00537235,0.00067432,1.14353250
h4,bear,50,12,ema_stack_bull,46082,0.41771805,0.43526757,0.01754952,1.04201283
h4,bear,50,12,ema_stack_bear,35714,0.41771805,0.39723918,-0.02047887,0.95097442
h4,bear,50,12,price_above_ema20,59479,0.41771805,0.42330907,0.00559102,1.01338467
h4,bear,50,12,price_above_200,62174,0.41771805,0.43128961,0.01357156,1.03248976
h4,bear,50,12,rsi_lt30,6051,0.41771805,0.42389688,0.00617883,1.01479187
h4,bear,50,12,rsi_30_45,31153,0.41771805,0.40358874,-0.01412931,0.96617501
h4,bear,50,12,rsi_45_55,32651,0.41771805,0.42075281,0.00303476,1.00726510
h4,bear,50,12,rsi_55_70,35371,0.41771805,0.42158831,0.00387026,1.00926524
h4,bear,50,12,rsi_gt70,7632,0.41771805,0.44234801,0.02462996,1.05896312
h4,bear,50,12,macd_hist_pos,56959,0.41771805,0.41984585,0.00212781,1.00509388
h4,bear,50,12,adx_gt25,48620,0.41771805,0.41748252,-0.00023553,0.99943615
h4,bear,50,12,pdi_gt_mdi,53590,0.41771805,0.42569509,0.00797705,1.01909672
h4,bear,50,12,mdi_gt_pdi,59280,0.41771805,0.41082996,-0.00688809,0.98351020
h4,bear,50,12,atr_high,34087,0.41771805,0.45219585,0.03447780,1.08253846
h4,bear,50,12,atr_low,40671,0.41771805,0.39991640,-0.01780164,0.95738359
h4,bear,50,12,bb_below_mid,53687,0.41771805,0.41099335,-0.00672470,0.98390135
h4,bear,50,12,bb_above_mid,59111,0.41771805,0.42423576,0.00651771,1.01560314
h4,bear,50,12,body_ratio_gt60,33691,0.41771805,0.42646404,0.00874599,1.02093755
h4,bear,100,12,ema_stack_bull,46082,0.16778440,0.17546981,0.00768541,1.04580528
h4,bear,100,12,ema_stack_bear,35714,0.16778440,0.15674525,-0.01103915,0.93420634
h4,bear,100,12,price_above_ema20,59479,0.16778440,0.17014408,0.00235968,1.01406377
h4,bear,100,12,price_above_200,62174,0.16778440,0.17409206,0.00630766,1.03759384
h4,bear,100,12,rsi_lt30,6051,0.16778440,0.19054702,0.02276261,1.13566585
h4,bear,100,12,rsi_30_45,31153,0.16778440,0.16040189,-0.00738252,0.95599999
h4,bear,100,12,rsi_45_55,32651,0.16778440,0.16367033,-0.00411407,0.97548001
h4,bear,100,12,rsi_55_70,35371,0.16778440,0.17070481,0.00292041,1.01740574
h4,bear,100,12,rsi_gt70,7632,0.16778440,0.18566562,0.01788121,1.10657257
h4,bear,100,12,macd_hist_pos,56959,0.16778440,0.16863007,0.00084566,1.00504018
h4,bear,100,12,adx_gt25,48620,0.16778440,0.17482517,0.00704077,1.04196320
h4,bear,100,12,pdi_gt_mdi,53590,0.16778440,0.16809106,0.00030666,1.00182769
h4,bear,100,12,mdi_gt_pdi,59280,0.16778440,0.16769568,-0.00008872,0.99947121
h4,bear,100,12,atr_high,34087,0.16778440,0.20207117,0.03428677,1.20435015
h4,bear,100,12,atr_low,40671,0.16778440,0.14683681,-0.02094759,0.87515174
h4,bear,100,12,bb_below_mid,53687,0.16778440,0.16521691,-0.00256750,0.98469763
h4,bear,100,12,bb_above_mid,59111,0.16778440,0.17039130,0.00260689,1.01553717
h4,bear,100,12,body_ratio_gt60,33691,0.16778440,0.17105458,0.00327018,1.01949037
h4,bear,150,12,ema_stack_bull,46082,0.07623910,0.07723189,0.00099280,1.01302213
h4,bear,150,12,ema_stack_bear,35714,0.07623910,0.07308058,-0.00315851,0.95857098
h4,bear,150,12,price_above_ema20,59479,0.07623910,0.07545520,-0.00078389,0.98971797
h4,bear,150,12,price_above_200,62174,0.07623910,0.07776563,0.00152653,1.02002293
h4,bear,150,12,rsi_lt30,6051,0.07623910,0.09585193,0.01961283,1.25725423
h4,bear,150,12,rsi_30_45,31153,0.07623910,0.07533785,-0.00090125,0.98817868
h4,bear,150,12,rsi_45_55,32651,0.07623910,0.07350464,-0.00273446,0.96413316
h4,bear,150,12,rsi_55_70,35371,0.07623910,0.07435470,-0.00188440,0.97528305
h4,bear,150,12,rsi_gt70,7632,0.07623910,0.08608491,0.00984581,1.12914385
h4,bear,150,12,macd_hist_pos,56959,0.07623910,0.07614249,-0.00009661,0.99873284
h4,bear,150,12,adx_gt25,48620,0.07623910,0.08469766,0.00845856,1.11094780
h4,bear,150,12,pdi_gt_mdi,53590,0.07623910,0.07115133,-0.00508776,0.93326572
h4,bear,150,12,mdi_gt_pdi,59280,0.07623910,0.08098853,0.00474943,1.06229656
h4,bear,150,12,atr_high,34087,0.07623910,0.10373456,0.02749547,1.36064785
h4,bear,150,12,atr_low,40671,0.07623910,0.06073123,-0.01550786,0.79658912
h4,bear,150,12,bb_below_mid,53687,0.07623910,0.07661073,0.00037163,1.00487453
h4,bear,150,12,bb_above_mid,59111,0.07623910,0.07614488,-0.00009422,0.99876421
h4,bear,150,12,body_ratio_gt60,33691,0.07623910,0.07898252,0.00274342,1.03598445
h4,bear,200,12,ema_stack_bull,46082,0.03958381,0.03888720,-0.00069661,0.98240161
h4,bear,200,12,ema_stack_bear,35714,0.03958381,0.03869631,-0.00088750,0.97757914
h4,bear,200,12,price_above_ema20,59479,0.03958381,0.03734091,-0.00224290,0.94333789
h4,bear,200,12,price_above_200,62174,0.03958381,0.03909995,-0.00048387,0.98777613
h4,bear,200,12,rsi_lt30,6051,0.03958381,0.06263428,0.02305046,1.58232043
h4,bear,200,12,rsi_30_45,31153,0.03958381,0.04057394,0.00099013,1.02501348
h4,bear,200,12,rsi_45_55,32651,0.03958381,0.03767113,-0.00191268,0.95168013
h4,bear,200,12,rsi_55_70,35371,0.03958381,0.03542450,-0.00415931,0.89492391
h4,bear,200,12,rsi_gt70,7632,0.03958381,0.04559748,0.00601367,1.15192250
h4,bear,200,12,macd_hist_pos,56959,0.03958381,0.03981811,0.00023430,1.00591914
h4,bear,200,12,adx_gt25,48620,0.03958381,0.04625668,0.00667287,1.16857578
h4,bear,200,12,pdi_gt_mdi,53590,0.03958381,0.03409218,-0.00549163,0.86126573
h4,bear,200,12,mdi_gt_pdi,59280,0.03958381,0.04465250,0.00506868,1.12804942
h4,bear,200,12,atr_high,34087,0.03958381,0.05873207,0.01914826,1.48373954
h4,bear,200,12,atr_low,40671,0.03958381,0.02903789,-0.01054592,0.73357990
h4,bear,200,12,bb_below_mid,53687,0.03958381,0.04146255,0.00187874,1.04746230
h4,bear,200,12,bb_above_mid,59111,0.03958381,0.03803015,-0.00155367,0.96074997
h4,bear,200,12,body_ratio_gt60,33691,0.03958381,0.04253361,0.00294980,1.07452040
h4,bear,300,12,ema_stack_bull,46082,0.01367827,0.01213055,-0.00154772,0.88684834
h4,bear,300,12,ema_stack_bear,35714,0.01367827,0.01453212,0.00085385,1.06242366
h4,bear,300,12,price_above_ema20,59479,0.01367827,0.01232368,-0.00135459,0.90096762
h4,bear,300,12,price_above_200,62174,0.01367827,0.01262586,-0.00105241,0.92305954
h4,bear,300,12,rsi_lt30,6051,0.01367827,0.02743348,0.01375521,2.00562532
h4,bear,300,12,rsi_30_45,31153,0.01367827,0.01428434,0.00060607,1.04430896
h4,bear,300,12,rsi_45_55,32651,0.01367827,0.01283269,-0.00084558,0.93818051
h4,bear,300,12,rsi_55_70,35371,0.01367827,0.01195895,-0.00171932,0.87430286
h4,bear,300,12,rsi_gt70,7632,0.01367827,0.01218553,-0.00149273,0.89086820
h4,bear,300,12,macd_hist_pos,56959,0.01367827,0.01343071,-0.00024756,0.98190155
h4,bear,300,12,adx_gt25,48620,0.01367827,0.01604278,0.00236451,1.17286632
h4,bear,300,12,pdi_gt_mdi,53590,0.01367827,0.01035641,-0.00332186,0.75714332
h4,bear,300,12,mdi_gt_pdi,59280,0.01367827,0.01671727,0.00303901,1.22217762
h4,bear,300,12,atr_high,34087,0.01367827,0.02150380,0.00782553,1.57211410
h4,bear,300,12,atr_low,40671,0.01367827,0.01013007,-0.00354820,0.74059578
h4,bear,300,12,bb_below_mid,53687,0.01367827,0.01469630,0.00101803,1.07442656
h4,bear,300,12,bb_above_mid,59111,0.01367827,0.01280642,-0.00087185,0.93625994
h4,bear,300,12,body_ratio_gt60,33691,0.01367827,0.01451426,0.00083599,1.06111835
h4,bear,50,24,ema_stack_bull,46082,0.55531471,0.57790460,0.02258990,1.04067945
h4,bear,50,24,ema_stack_bear,35714,0.55531471,0.52637621,-0.02893850,0.94788812
h4,bear,50,24,price_above_ema20,59479,0.55531471,0.56473713,0.00942243,1.01696773
h4,bear,50,24,price_above_200,62174,0.55531471,0.57265095,0.01733624,1.03121877
h4,bear,50,24,rsi_lt30,6051,0.55531471,0.54470335,-0.01061135,0.98089128
h4,bear,50,24,rsi_30_45,31153,0.55531471,0.53760473,-0.01770998,0.96810821
h4,bear,50,24,rsi_45_55,32651,0.55531471,0.56123855,0.00592385,1.01066755
h4,bear,50,24,rsi_55_70,35371,0.55531471,0.56331458,0.00799987,1.01440602
h4,bear,50,24,rsi_gt70,7632,0.55531471,0.57717505,0.02186035,1.03936569
h4,bear,50,24,macd_hist_pos,56959,0.55531471,0.55673379,0.00141908,1.00255546
h4,bear,50,24,adx_gt25,48620,0.55531471,0.54948581,-0.00582890,0.98950343
h4,bear,50,24,pdi_gt_mdi,53590,0.55531471,0.56702743,0.01171272,1.02109205
h4,bear,50,24,mdi_gt_pdi,59280,0.55531471,0.54515857,-0.01015614,0.98171102
h4,bear,50,24,atr_high,34087,0.55531471,0.57995717,0.02464246,1.04437567
h4,bear,50,24,atr_low,40671,0.55531471,0.54835141,-0.00696330,0.98746062
h4,bear,50,24,bb_below_mid,53687,0.55531471,0.54609123,-0.00922347,0.98339055
h4,bear,50,24,bb_above_mid,59111,0.55531471,0.56422662,0.00891192,1.01604841
h4,bear,50,24,body_ratio_gt60,33691,0.55531471,0.56246475,0.00715005,1.01287567
h4,bear,100,24,ema_stack_bull,46082,0.28548299,0.29905386,0.01357087,1.04753654
h4,bear,100,24,ema_stack_bear,35714,0.28548299,0.26664613,-0.01883685,0.93401760
h4,bear,100,24,price_above_ema20,59479,0.28548299,0.29428874,0.00880575,1.03084511
h4,bear,100,24,price_above_200,62174,0.28548299,0.29650658,0.01102359,1.03861383
h4,bear,100,24,rsi_lt30,6051,0.28548299,0.28441580,-0.00106719,0.99626182
h4,bear,100,24,rsi_30_45,31153,0.28548299,0.27259012,-0.01289287,0.95483841
h4,bear,100,24,rsi_45_55,32651,0.28548299,0.28357478,-0.00190821,0.99331585
h4,bear,100,24,rsi_55_70,35371,0.28548299,0.29450680,0.00902381,1.03160893
h4,bear,100,24,rsi_gt70,7632,0.28548299,0.30791405,0.02243106,1.07857232
h4,bear,100,24,macd_hist_pos,56959,0.28548299,0.28778595,0.00230297,1.00806691
h4,bear,100,24,adx_gt25,48620,0.28548299,0.28531469,-0.00016830,0.99941047
h4,bear,100,24,pdi_gt_mdi,53590,0.28548299,0.29442060,0.00893761,1.03130700
h4,bear,100,24,mdi_gt_pdi,59280,0.28548299,0.27771592,-0.00776706,0.97279326
h4,bear,100,24,atr_high,34087,0.28548299,0.31771643,0.03223345,1.11290846
h4,bear,100,24,atr_low,40671,0.28548299,0.26977453,-0.01570845,0.94497587
h4,bear,100,24,bb_below_mid,53687,0.28548299,0.27786988,-0.00761311,0.97333252
h4,bear,100,24,bb_above_mid,59111,0.28548299,0.29263589,0.00715290,1.02505544
h4,bear,100,24,body_ratio_gt60,33691,0.28548299,0.28844499,0.00296200,1.01037540
h4,bear,150,24,ema_stack_bull,46082,0.14850565,0.15522330,0.00671764,1.04523494
h4,bear,150,24,ema_stack_bear,35714,0.14850565,0.13902111,-0.00948454,0.93613347
h4,bear,150,24,price_above_ema20,59479,0.14850565,0.15220498,0.00369933,1.02491034
h4,bear,150,24,price_above_200,62174,0.14850565,0.15514524,0.00663958,1.04470930
h4,bear,150,24,rsi_lt30,6051,0.14850565,0.14774417,-0.00076148,0.99487239
h4,bear,150,24,rsi_30_45,31153,0.14850565,0.14261869,-0.00588697,0.96035865
h4,bear,150,24,rsi_45_55,32651,0.14850565,0.14847937,-0.00002628,0.99982303
h4,bear,150,24,rsi_55_70,35371,0.14850565,0.15085805,0.00235239,1.01584043
h4,bear,150,24,rsi_gt70,7632,0.14850565,0.16430818,0.01580252,1.10641024
h4,bear,150,24,macd_hist_pos,56959,0.14850565,0.15030109,0.00179544,1.01209005
h4,bear,150,24,adx_gt25,48620,0.14850565,0.15292061,0.00441496,1.02972921
h4,bear,150,24,pdi_gt_mdi,53590,0.14850565,0.14775145,-0.00075421,0.99492136
h4,bear,150,24,mdi_gt_pdi,59280,0.14850565,0.14944332,0.00093767,1.00631401
h4,bear,150,24,atr_high,34087,0.14850565,0.17622554,0.02771989,1.18665880
h4,bear,150,24,atr_low,40671,0.14850565,0.13434634,-0.01415931,0.90465472
h4,bear,150,24,bb_below_mid,53687,0.14850565,0.14450426,-0.00400140,0.97305559
h4,bear,150,24,bb_above_mid,59111,0.14850565,0.15237435,0.00386869,1.02605081
h4,bear,150,24,body_ratio_gt60,33691,0.14850565,0.15146478,0.00295913,1.01992604
h4,bear,200,24,ema_stack_bull,46082,0.08358254,0.08478365,0.00120111,1.01437032
h4,bear,200,24,ema_stack_bear,35714,0.08358254,0.07991264,-0.00366990,0.95609251
h4,bear,200,24,price_above_ema20,59479,0.08358254,0.08265102,-0.00093152,0.98885510
h4,bear,200,24,price_above_200,62174,0.08358254,0.08545373,0.00187119,1.02238731
h4,bear,200,24,rsi_lt30,6051,0.08358254,0.09436457,0.01078203,1.12899859
h4,bear,200,24,rsi_30_45,31153,0.08358254,0.08621963,0.00263709,1.03155070
h4,bear,200,24,rsi_45_55,32651,0.08358254,0.07993630,-0.00364624,0.95637555
h4,bear,200,24,rsi_55_70,35371,0.08358254,0.08074411,-0.00283843,0.96604044
h4,bear,200,24,rsi_gt70,7632,0.08358254,0.09486373,0.01128119,1.13497069
h4,bear,200,24,macd_hist_pos,56959,0.08358254,0.08369178,0.00010924,1.00130697
h4,bear,200,24,adx_gt25,48620,0.08358254,0.08922254,0.00564000,1.06747825
h4,bear,200,24,pdi_gt_mdi,53590,0.08358254,0.07723456,-0.00634798,0.92405136
h4,bear,200,24,mdi_gt_pdi,59280,0.08358254,0.08954116,0.00595862,1.07129027
h4,bear,200,24,atr_high,34087,0.08358254,0.10640420,0.02282166,1.27304342
h4,bear,200,24,atr_low,40671,0.08358254,0.07083671,-0.01274582,0.84750613
h4,bear,200,24,bb_below_mid,53687,0.08358254,0.08424758,0.00066504,1.00795674
h4,bear,200,24,bb_above_mid,59111,0.08358254,0.08323324,-0.00034930,0.99582090
h4,bear,200,24,body_ratio_gt60,33691,0.08358254,0.08818379,0.00460125,1.05505037
h4,bear,300,24,ema_stack_bull,46082,0.03383292,0.03387440,0.00004147,1.00122586
h4,bear,300,24,ema_stack_bear,35714,0.03383292,0.03382427,-0.00000865,0.99974425
h4,bear,300,24,price_above_ema20,59479,0.03383292,0.03231393,-0.00151900,0.95510298
h4,bear,300,24,price_above_200,62174,0.03383292,0.03416219,0.00032927,1.00973214
h4,bear,300,24,rsi_lt30,6051,0.03383292,0.04346389,0.00963097,1.28466257
h4,bear,300,24,rsi_30_45,31153,0.03383292,0.03518120,0.00134828,1.03985110
h4,bear,300,24,rsi_45_55,32651,0.03383292,0.03280145,-0.00103148,0.96951260
h4,bear,300,24,rsi_55_70,35371,0.03383292,0.03155127,-0.00228165,0.93256118
h4,bear,300,24,rsi_gt70,7632,0.03383292,0.03642558,0.00259265,1.07663107
h4,bear,300,24,macd_hist_pos,56959,0.03383292,0.03307642,-0.00075650,0.97764012
h4,bear,300,24,adx_gt25,48620,0.03383292,0.03749486,0.00366193,1.10823583
h4,bear,300,24,pdi_gt_mdi,53590,0.03383292,0.02855010,-0.00528282,0.84385562
h4,bear,300,24,mdi_gt_pdi,59280,0.03383292,0.03869771,0.00486478,1.14378841
h4,bear,300,24,atr_high,34087,0.03383292,0.04555989,0.01172697,1.34661408
h4,bear,300,24,atr_low,40671,0.03383292,0.02702171,-0.00681121,0.79868093
h4,bear,300,24,bb_below_mid,53687,0.03383292,0.03505504,0.00122212,1.03612215
h4,bear,300,24,bb_above_mid,59111,0.03383292,0.03285345,-0.00097948,0.97104956
h4,bear,300,24,body_ratio_gt60,33691,0.03383292,0.03520228,0.00136936,1.04047407
d1,bull,50,1,ema_stack_bull,9837,0.24611221,0.25983532,0.01372311,1.05575956
d1,bull,50,1,ema_stack_bear,6398,0.24611221,0.22710222,-0.01900999,0.92275886
d1,bull,50,1,price_above_ema20,11727,0.24611221,0.24379637,-0.00231584,0.99059031
d1,bull,50,1,price_above_200,12917,0.24611221,0.25563211,0.00951991,1.03868116
d1,bull,50,1,rsi_lt30,807,0.24611221,0.31598513,0.06987292,1.28390678
d1,bull,50,1,rsi_30_45,5937,0.24611221,0.23580933,-0.01030288,0.95813749
d1,bull,50,1,rsi_45_55,6567,0.24611221,0.25308360,0.00697139,1.02832608
d1,bull,50,1,rsi_55_70,7169,0.24611221,0.24354861,-0.00256359,0.98958363
d1,bull,50,1,rsi_gt70,1151,0.24611221,0.23023458,-0.01587763,0.93548622
d1,bull,50,1,macd_hist_pos,11022,0.24611221,0.23761568,-0.00849653,0.96547701
d1,bull,50,1,adx_gt25,7908,0.24611221,0.25505817,0.00894596,1.03634912
d1,bull,50,1,pdi_gt_mdi,11900,0.24611221,0.23638655,-0.00972565,0.96048285
d1,bull,50,1,mdi_gt_pdi,9743,0.24611221,0.25854460,0.01243239,1.05051513
d1,bull,50,1,atr_high,6213,0.24611221,0.30790278,0.06179058,1.25106669
d1,bull,50,1,atr_low,8126,0.24611221,0.21289687,-0.03321533,0.86503988
d1,bull,50,1,bb_below_mid,10134,0.24611221,0.24817446,0.00206226,1.00837933
d1,bull,50,1,bb_above_mid,11437,0.24611221,0.24499432,-0.00111789,0.99545780
d1,bull,50,1,body_ratio_gt60,7360,0.24611221,0.24850543,0.00239323,1.00972413
d1,bull,100,1,ema_stack_bull,9837,0.06720492,0.07288808,0.00568316,1.08456461
d1,bull,100,1,ema_stack_bear,6398,0.06720492,0.05658018,-0.01062474,0.84190537
d1,bull,100,1,price_above_ema20,11727,0.06720492,0.06438134,-0.00282358,0.95798558
d1,bull,100,1,price_above_200,12917,0.06720492,0.07106913,0.00386422,1.05749901
d1,bull,100,1,rsi_lt30,807,0.06720492,0.10285006,0.03564514,1.53039488
d1,bull,100,1,rsi_30_45,5937,0.06720492,0.07057436,0.00336945,1.05013690
d1,bull,100,1,rsi_45_55,6567,0.06720492,0.06334704,-0.00385788,0.94259528
d1,bull,100,1,rsi_55_70,7169,0.06720492,0.06430464,-0.00290027,0.95684434
d1,bull,100,1,rsi_gt70,1151,0.06720492,0.07037359,0.00316867,1.04714938
d1,bull,100,1,macd_hist_pos,11022,0.06720492,0.06142261,-0.00578231,0.91396004
d1,bull,100,1,adx_gt25,7908,0.06720492,0.07422863,0.00702371,1.10451187
d1,bull,100,1,pdi_gt_mdi,11900,0.06720492,0.06268908,-0.00451584,0.93280489
d1,bull,100,1,mdi_gt_pdi,9743,0.06720492,0.07328338,0.00607847,1.09044673
d1,bull,100,1,atr_high,6213,0.06720492,0.09689361,0.02968869,1.44176369
d1,bull,100,1,atr_low,8126,0.06720492,0.05242432,-0.01478060,0.78006668
d1,bull,100,1,bb_below_mid,10134,0.06720492,0.07085060,0.00364568,1.05424728
d1,bull,100,1,bb_above_mid,11437,0.06720492,0.06487715,-0.00232776,0.96536318
d1,bull,100,1,body_ratio_gt60,7360,0.06720492,0.06725543,0.00005052,1.00075169
d1,bull,150,1,ema_stack_bull,9837,0.02330382,0.02368608,0.00038226,1.01640340
d1,bull,150,1,ema_stack_bear,6398,0.02330382,0.02016255,-0.00314127,0.86520363
d1,bull,150,1,price_above_ema20,11727,0.02330382,0.02080669,-0.00249714,0.89284436
d1,bull,150,1,price_above_200,12917,0.02330382,0.02368971,0.00038589,1.01655908
d1,bull,150,1,rsi_lt30,807,0.02330382,0.04337051,0.02006669,1.86108997
d1,bull,150,1,rsi_30_45,5937,0.02330382,0.02610746,0.00280364,1.12030818
d1,bull,150,1,rsi_45_55,6567,0.02330382,0.02131871,-0.00198511,0.91481627
d1,bull,150,1,rsi_55_70,7169,0.02330382,0.01938904,-0.00391479,0.83201102
d1,bull,150,1,rsi_gt70,1151,0.02330382,0.03388358,0.01057976,1.45399242
d1,bull,150,1,macd_hist_pos,11022,0.02330382,0.02041372,-0.00289010,0.87598157
d1,bull,150,1,adx_gt25,7908,0.02330382,0.02781993,0.00451611,1.19379259
d1,bull,150,1,pdi_gt_mdi,11900,0.02330382,0.02058824,-0.00271559,0.88347036
d1,bull,150,1,mdi_gt_pdi,9743,0.02330382,0.02699374,0.00368992,1.15833960
d1,bull,150,1,atr_high,6213,0.02330382,0.03943345,0.01612962,1.69214506
d1,bull,150,1,atr_low,8126,0.02330382,0.01722865,-0.00607517,0.73930574
d1,bull,150,1,bb_below_mid,10134,0.02330382,0.02634695,0.00304313,1.13058500
d1,bull,150,1,bb_above_mid,11437,0.02330382,0.02107196,-0.00223186,0.90422764
d1,bull,150,1,body_ratio_gt60,7360,0.02330382,0.02336957,0.00006574,1.00282117
d1,bull,200,1,ema_stack_bull,9837,0.00949585,0.00914913,-0.00034672,0.96348745
d1,bull,200,1,ema_stack_bear,6398,0.00949585,0.00844014,-0.00105571,0.88882395
d1,bull,200,1,price_above_ema20,11727,0.00949585,0.00793042,-0.00156543,0.83514570
d1,bull,200,1,price_above_200,12917,0.00949585,0.00944492,-0.00005093,0.99463651
d1,bull,200,1,rsi_lt30,807,0.00949585,0.01982652,0.01033067,2.08791432
d1,bull,200,1,rsi_30_45,5937,0.00949585,0.01061142,0.00111557,1.11747992
d1,bull,200,1,rsi_45_55,6567,0.00949585,0.00898432,-0.00051153,0.94613089
d1,bull,200,1,rsi_55_70,7169,0.00949585,0.00683498,-0.00266086,0.71978655
d1,bull,200,1,rsi_gt70,1151,0.00949585,0.01737619,0.00788035,1.82987278
d1,bull,200,1,macd_hist_pos,11022,0.00949585,0.00834694,-0.00114891,0.87900966
d1,bull,200,1,adx_gt25,7908,0.00949585,0.01100152,0.00150567,1.15856077
d1,bull,200,1,pdi_gt_mdi,11900,0.00949585,0.00857143,-0.00092442,0.90265010
d1,bull,200,1,mdi_gt_pdi,9743,0.00949585,0.01077697,0.00128112,1.13491366
d1,bull,200,1,atr_high,6213,0.00949585,0.01883148,0.00933563,1.98312794
d1,bull,200,1,atr_low,8126,0.00949585,0.00689146,-0.00260439,0.72573394
d1,bull,200,1,bb_below_mid,10134,0.00949585,0.01115058,0.00165473,1.17425865
d1,bull,200,1,bb_above_mid,11437,0.00949585,0.00821894,-0.00127691,0.86552967
d1,bull,200,1,body_ratio_gt60,7360,0.00949585,0.00951087,0.00001502,1.00158186
d1,bull,300,1,ema_stack_bull,9837,0.00178907,0.00152486,-0.00026422,0.85231582
d1,bull,300,1,ema_stack_bear,6398,0.00178907,0.00171929,-0.00006979,0.96099342
d1,bull,300,1,price_above_ema20,11727,0.00178907,0.00144965,-0.00033943,0.81027784
d1,bull,300,1,price_above_200,12917,0.00178907,0.00154835,-0.00024073,0.86544665
d1,bull,300,1,rsi_lt30,807,0.00178907,0.00991326,0.00812419,5.54100340
d1,bull,300,1,rsi_30_45,5937,0.00178907,0.00168435,-0.00010472,0.94146660
d1,bull,300,1,rsi_45_55,6567,0.00178907,0.00121821,-0.00057086,0.68091819
d1,bull,300,1,rsi_55_70,7169,0.00178907,0.00139489,-0.00039418,0.77967460
d1,bull,300,1,rsi_gt70,1151,0.00178907,0.00260643,0.00081736,1.45686026
d1,bull,300,1,macd_hist_pos,11022,0.00178907,0.00172383,-0.00006525,0.96352982
d1,bull,300,1,adx_gt25,7908,0.00178907,0.00240263,0.00061356,1.34294710
d1,bull,300,1,pdi_gt_mdi,11900,0.00178907,0.00134454,-0.00044454,0.75152769
d1,bull,300,1,mdi_gt_pdi,9743,0.00178907,0.00236067,0.00057160,1.31949302
d1,bull,300,1,atr_high,6213,0.00178907,0.00450668,0.00271761,2.51900275
d1,bull,300,1,atr_low,8126,0.00178907,0.00086143,-0.00092764,0.48149656
d1,bull,300,1,bb_below_mid,10134,0.00178907,0.00207223,0.00028316,1.15827147
d1,bull,300,1,bb_above_mid,11437,0.00178907,0.00157384,-0.00021523,0.87969546
d1,bull,300,1,body_ratio_gt60,7360,0.00178907,0.00190217,0.00011310,1.06321767
d1,bull,50,3,ema_stack_bull,9837,0.48837103,0.50808173,0.01971071,1.04036011
d1,bull,50,3,ema_stack_bear,6398,0.48837103,0.46420756,-0.02416346,0.95052233
d1,bull,50,3,price_above_ema20,11727,0.48837103,0.48810437,-0.00026665,0.99945400
d1,bull,50,3,price_above_200,12917,0.48837103,0.50298057,0.01460954,1.02991484
d1,bull,50,3,rsi_lt30,807,0.48837103,0.59355638,0.10518536,1.21538001
d1,bull,50,3,rsi_30_45,5937,0.48837103,0.47043962,-0.01793141,0.96328322
d1,bull,50,3,rsi_45_55,6567,0.48837103,0.49809654,0.00972552,1.01991420
d1,bull,50,3,rsi_55_70,7169,0.48837103,0.48556284,-0.00280819,0.99424989
d1,bull,50,3,rsi_gt70,1151,0.48837103,0.47089487,-0.01747615,0.96421542
d1,bull,50,3,macd_hist_pos,11022,0.48837103,0.48212666,-0.00624437,0.98721388
d1,bull,50,3,adx_gt25,7908,0.48837103,0.49671219,0.00834116,1.01707956
d1,bull,50,3,pdi_gt_mdi,11900,0.48837103,0.47731092,-0.01106010,0.97735308
d1,bull,50,3,mdi_gt_pdi,9743,0.48837103,0.50210407,0.01373305,1.02812011
d1,bull,50,3,atr_high,6213,0.48837103,0.55383873,0.06546770,1.13405320
d1,bull,50,3,atr_low,8126,0.48837103,0.45163672,-0.03673430,0.92478197
d1,bull,50,3,bb_below_mid,10134,0.48837103,0.48756661,-0.00080442,0.99835285
d1,bull,50,3,bb_above_mid,11437,0.48837103,0.48963889,0.00126787,1.00259611
d1,bull,50,3,body_ratio_gt60,7360,0.48837103,0.49279891,0.00442789,1.00906665
d1,bull,100,3,ema_stack_bull,9837,0.21423001,0.22964318,0.01541317,1.07194684
d1,bull,100,3,ema_stack_bear,6398,0.21423001,0.19162238,-0.02260763,0.89447030
d1,bull,100,3,price_above_ema20,11727,0.21423001,0.21002814,-0.00420187,0.98038617
d1,bull,100,3,price_above_200,12917,0.21423001,0.22505226,0.01082225,1.05051695
d1,bull,100,3,rsi_lt30,807,0.21423001,0.31226766,0.09803765,1.45762798
d1,bull,100,3,rsi_30_45,5937,0.21423001,0.20616473,-0.00806528,0.96235224
d1,bull,100,3,rsi_45_55,6567,0.21423001,0.21394853,-0.00028148,0.99868609
d1,bull,100,3,rsi_55_70,7169,0.21423001,0.21048961,-0.00374040,0.98254025
d1,bull,100,3,rsi_gt70,1151,0.21423001,0.21546481,0.00123480,1.00576391
d1,bull,100,3,macd_hist_pos,11022,0.21423001,0.20268554,-0.01154447,0.94611179
d1,bull,100,3,adx_gt25,7908,0.21423001,0.22015680,0.00592679,1.02766556
d1,bull,100,3,pdi_gt_mdi,11900,0.21423001,0.20521008,-0.00901993,0.95789606
d1,bull,100,3,mdi_gt_pdi,9743,0.21423001,0.22570050,0.01147049,1.05354288
d1,bull,100,3,atr_high,6213,0.21423001,0.27555126,0.06132125,1.28624026
d1,bull,100,3,atr_low,8126,0.21423001,0.18003938,-0.03419063,0.84040224
d1,bull,100,3,bb_below_mid,10134,0.21423001,0.21738701,0.00315700,1.01473651
d1,bull,100,3,bb_above_mid,11437,0.21423001,0.21264318,-0.00158683,0.99259285
d1,bull,100,3,body_ratio_gt60,7360,0.21423001,0.22038043,0.00615042,1.02870944
d1,bull,150,3,ema_stack_bull,9837,0.10023396,0.10907797,0.00884402,1.08823372
d1,bull,150,3,ema_stack_bear,6398,0.10023396,0.08221319,-0.01802076,0.82021298
d1,bull,150,3,price_above_ema20,11727,0.10023396,0.09780848,-0.00242548,0.97580182
d1,bull,150,3,price_above_200,12917,0.10023396,0.10668112,0.00644716,1.06432114
d1,bull,150,3,rsi_lt30,807,0.10023396,0.14869888,0.04846493,1.48351807
d1,bull,150,3,rsi_30_45,5937,0.10023396,0.10122958,0.00099562,1.00993298
d1,bull,150,3,rsi_45_55,6567,0.10023396,0.09776153,-0.00247242,0.97533350
d1,bull,150,3,rsi_55_70,7169,0.10023396,0.09638722,-0.00384673,0.96162246
d1,bull,150,3,rsi_gt70,1151,0.10023396,0.10599479,0.00576083,1.05747385
d1,bull,150,3,macd_hist_pos,11022,0.10023396,0.09118127,-0.00905268,0.90968448
d1,bull,150,3,adx_gt25,7908,0.10023396,0.10660091,0.00636695,1.06352094
d1,bull,150,3,pdi_gt_mdi,11900,0.10023396,0.09478992,-0.00544404,0.94568667
d1,bull,150,3,mdi_gt_pdi,9743,0.10023396,0.10766704,0.00743309,1.07415738
d1,bull,150,3,atr_high,6213,0.10023396,0.14228231,0.04204836,1.41950211
d1,bull,150,3,atr_low,8126,0.10023396,0.07912872,-0.02110523,0.78944029
d1,bull,150,3,bb_below_mid,10134,0.10023396,0.10331557,0.00308162,1.03074423
d1,bull,150,3,bb_above_mid,11437,0.10023396,0.09871470,-0.00151926,0.98484288
d1,bull,150,3,body_ratio_gt60,7360,0.10023396,0.10285326,0.00261931,1.02613191
d1,bull,200,3,ema_stack_bull,9837,0.04876370,0.05215005,0.00338634,1.06944388
d1,bull,200,3,ema_stack_bear,6398,0.04876370,0.04141919,-0.00734451,0.84938570
d1,bull,200,3,price_above_ema20,11727,0.04876370,0.04587704,-0.00288667,0.94080292
d1,bull,200,3,price_above_200,12917,0.04876370,0.04962453,0.00086082,1.01765291
d1,bull,200,3,rsi_lt30,807,0.04876370,0.08302354,0.03425984,1.70256842
d1,bull,200,3,rsi_30_45,5937,0.04876370,0.04968839,0.00092469,1.01896267
d1,bull,200,3,rsi_45_55,6567,0.04876370,0.04476930,-0.00399440,0.91808654
d1,bull,200,3,rsi_55_70,7169,0.04876370,0.04644999,-0.00231371,0.95255259
d1,bull,200,3,rsi_gt70,1151,0.04876370,0.06429192,0.01552822,1.31843797
d1,bull,200,3,macd_hist_pos,11022,0.04876370,0.04409363,-0.00467007,0.90423054
d1,bull,200,3,adx_gt25,7908,0.04876370,0.05601922,0.00725552,1.14878928
d1,bull,200,3,pdi_gt_mdi,11900,0.04876370,0.04605042,-0.00271328,0.94435852
d1,bull,200,3,mdi_gt_pdi,9743,0.04876370,0.05285846,0.00409476,1.08397142
d1,bull,200,3,atr_high,6213,0.04876370,0.07468212,0.02591841,1.53151034
d1,bull,200,3,atr_low,8126,0.04876370,0.03913365,-0.00963006,0.80251583
d1,bull,200,3,bb_below_mid,10134,0.04876370,0.05190448,0.00314078,1.06440805
d1,bull,200,3,bb_above_mid,11437,0.04876370,0.04695287,-0.00181083,0.96286516
d1,bull,200,3,body_ratio_gt60,7360,0.04876370,0.05163043,0.00286673,1.05878819
d1,bull,300,3,ema_stack_bull,9837,0.01142254,0.01128393,-0.00013861,0.98786485
d1,bull,300,3,ema_stack_bear,6398,0.01142254,0.01078462,-0.00063792,0.94415235
d1,bull,300,3,price_above_ema20,11727,0.01142254,0.01048862,-0.00093393,0.91823832
d1,bull,300,3,price_above_200,12917,0.01142254,0.01076101,-0.00066153,0.94208560
d1,bull,300,3,rsi_lt30,807,0.01142254,0.02602230,0.01459976,2.27815351
d1,bull,300,3,rsi_30_45,5937,0.01142254,0.01364325,0.00222071,1.19441485
d1,bull,300,3,rsi_45_55,6567,0.01142254,0.00761383,-0.00380872,0.66656148
d1,bull,300,3,rsi_55_70,7169,0.01142254,0.01060120,-0.00082134,0.92809458
d1,bull,300,3,rsi_gt70,1151,0.01142254,0.01824500,0.00682246,1.59728052
d1,bull,300,3,macd_hist_pos,11022,0.01142254,0.01070586,-0.00071668,0.93725729
d1,bull,300,3,adx_gt25,7908,0.01142254,0.01416287,0.00274033,1.23990550
d1,bull,300,3,pdi_gt_mdi,11900,0.01142254,0.01067227,-0.00075027,0.93431643
d1,bull,300,3,mdi_gt_pdi,9743,0.01142254,0.01252181,0.00109927,1.09623674
d1,bull,300,3,atr_high,6213,0.01142254,0.02124577,0.00982323,1.85998654
d1,bull,300,3,atr_low,8126,0.01142254,0.00836820,-0.00305434,0.73260406
d1,bull,300,3,bb_below_mid,10134,0.01142254,0.01243339,0.00101085,1.08849608
d1,bull,300,3,bb_above_mid,11437,0.01142254,0.01075457,-0.00066797,0.94152144
d1,bull,300,3,body_ratio_gt60,7360,0.01142254,0.01127717,-0.00014537,0.98727355
d1,bull,50,5,ema_stack_bull,9837,0.60117437,0.61614313,0.01496877,1.02489921
d1,bull,50,5,ema_stack_bear,6398,0.60117437,0.58455767,-0.01661669,0.97235961
d1,bull,50,5,price_above_ema20,11727,0.60117437,0.60143259,0.00025823,1.00042954
d1,bull,50,5,price_above_200,12917,0.60117437,0.61415189,0.01297753,1.02158696
d1,bull,50,5,rsi_lt30,807,0.60117437,0.70012392,0.09894955,1.16459376
d1,bull,50,5,rsi_30_45,5937,0.60117437,0.58615462,-0.01501974,0.97501600
d1,bull,50,5,rsi_45_55,6567,0.60117437,0.61413126,0.01295690,1.02155264
d1,bull,50,5,rsi_55_70,7169,0.60117437,0.59673595,-0.00443842,0.99261708
d1,bull,50,5,rsi_gt70,1151,0.60117437,0.57254561,-0.02862875,0.95237862
d1,bull,50,5,macd_hist_pos,11022,0.60117437,0.59689711,-0.00427725,0.99288517
d1,bull,50,5,adx_gt25,7908,0.60117437,0.60584219,0.00466782,1.00776450
d1,bull,50,5,pdi_gt_mdi,11900,0.60117437,0.58882353,-0.01235084,0.97945548
d1,bull,50,5,mdi_gt_pdi,9743,0.60117437,0.61736631,0.01619195,1.02693386
d1,bull,50,5,atr_high,6213,0.60117437,0.65942379,0.05824942,1.09689273
d1,bull,50,5,atr_low,8126,0.60117437,0.56608417,-0.03509019,0.94163059
d1,bull,50,5,bb_below_mid,10134,0.60117437,0.59798697,-0.00318739,0.99469806
d1,bull,50,5,bb_above_mid,11437,0.60117437,0.60496634,0.00379197,1.00630761
d1,bull,50,5,body_ratio_gt60,7360,0.60117437,0.60394022,0.00276585,1.00460075
d1,bull,100,5,ema_stack_bull,9837,0.31992293,0.33689133,0.01696840,1.05303901
d1,bull,100,5,ema_stack_bear,6398,0.31992293,0.29274773,-0.02717520,0.91505705
d1,bull,100,5,price_above_ema20,11727,0.31992293,0.31721668,-0.00270625,0.99154092
d1,bull,100,5,price_above_200,12917,0.31992293,0.33467523,0.01475230,1.04611205
d1,bull,100,5,rsi_lt30,807,0.31992293,0.43122677,0.11130383,1.34790827
d1,bull,100,5,rsi_30_45,5937,0.31992293,0.30318343,-0.01673951,0.94767644
d1,bull,100,5,rsi_45_55,6567,0.31992293,0.32358764,0.00366470,1.01145496
d1,bull,100,5,rsi_55_70,7169,0.31992293,0.31915190,-0.00077103,0.99758996
d1,bull,100,5,rsi_gt70,1151,0.31992293,0.31711555,-0.00280738,0.99122482
d1,bull,100,5,macd_hist_pos,11022,0.31992293,0.31373616,-0.00618677,0.98066169
d1,bull,100,5,adx_gt25,7908,0.31992293,0.32132018,0.00139725,1.00436746
d1,bull,100,5,pdi_gt_mdi,11900,0.31992293,0.31100840,-0.00891453,0.97213539
d1,bull,100,5,mdi_gt_pdi,9743,0.31992293,0.33152007,0.01159713,1.03624977
d1,bull,100,5,atr_high,6213,0.31992293,0.39626589,0.07634296,1.23862923
d1,bull,100,5,atr_low,8126,0.31992293,0.27270490,-0.04721803,0.85240810
d1,bull,100,5,bb_below_mid,10134,0.31992293,0.31902506,-0.00089787,0.99719349
d1,bull,100,5,bb_above_mid,11437,0.31992293,0.32211244,0.00218951,1.00684387
d1,bull,100,5,body_ratio_gt60,7360,0.31992293,0.32961957,0.00969663,1.03030928
d1,bull,150,5,ema_stack_bull,9837,0.17175100,0.18745553,0.01570453,1.09143776
d1,bull,150,5,ema_stack_bear,6398,0.17175100,0.14426383,-0.02748717,0.83995921
d1,bull,150,5,price_above_ema20,11727,0.17175100,0.17003496,-0.00171604,0.99000858
d1,bull,150,5,price_above_200,12917,0.17175100,0.18425331,0.01250231,1.07279324
d1,bull,150,5,rsi_lt30,807,0.17175100,0.25154895,0.07979795,1.46461418
d1,bull,150,5,rsi_30_45,5937,0.17175100,0.16422436,-0.00752664,0.95617701
d1,bull,150,5,rsi_45_55,6567,0.17175100,0.17009289,-0.00165811,0.99034585
d1,bull,150,5,rsi_55_70,7169,0.17175100,0.17017715,-0.00157385,0.99083647
d1,bull,150,5,rsi_gt70,1151,0.17175100,0.18592528,0.01417428,1.08252811
d1,bull,150,5,macd_hist_pos,11022,0.17175100,0.16167665,-0.01007435,0.94134327
d1,bull,150,5,adx_gt25,7908,0.17175100,0.17716237,0.00541137,1.03150706
d1,bull,150,5,pdi_gt_mdi,11900,0.17175100,0.16445378,-0.00729722,0.95751282
d1,bull,150,5,mdi_gt_pdi,9743,0.17175100,0.18197680,0.01022581,1.05953855
d1,bull,150,5,atr_high,6213,0.17175100,0.23853211,0.06678111,1.38882518
d1,bull,150,5,atr_low,8126,0.17175100,0.13856756,-0.03318344,0.80679334
d1,bull,150,5,bb_below_mid,10134,0.17175100,0.17327807,0.00152708,1.00889122
d1,bull,150,5,bb_above_mid,11437,0.17175100,0.17207310,0.00032210,1.00187538
d1,bull,150,5,body_ratio_gt60,7360,0.17175100,0.17880435,0.00705335,1.04106730
d1,bull,200,5,ema_stack_bull,9837,0.09459150,0.10663820,0.01204671,1.12735508
d1,bull,200,5,ema_stack_bear,6398,0.09459150,0.07267896,-0.02191253,0.76834563
d1,bull,200,5,price_above_ema20,11727,0.09459150,0.09311844,-0.00147305,0.98442724
d1,bull,200,5,price_above_200,12917,0.09459150,0.10273283,0.00814134,1.08606839
d1,bull,200,5,rsi_lt30,807,0.09459150,0.14126394,0.04667245,1.49341059
d1,bull,200,5,rsi_30_45,5937,0.09459150,0.08977598,-0.00481551,0.94909147
d1,bull,200,5,rsi_45_55,6567,0.09459150,0.09273641,-0.00185509,0.98038845
d1,bull,200,5,rsi_55_70,7169,0.09459150,0.09387641,-0.00071508,0.99244031
d1,bull,200,5,rsi_gt70,1151,0.09459150,0.11555169,0.02096020,1.22158651
d1,bull,200,5,macd_hist_pos,11022,0.09459150,0.08982036,-0.00477114,0.94956063
d1,bull,200,5,adx_gt25,7908,0.09459150,0.10230147,0.00770997,1.08150809
d1,bull,200,5,pdi_gt_mdi,11900,0.09459150,0.09109244,-0.00349906,0.96300875
d1,bull,200,5,mdi_gt_pdi,9743,0.09459150,0.10037976,0.00578826,1.06119223
d1,bull,200,5,atr_high,6213,0.09459150,0.14308708,0.04849558,1.51268436
d1,bull,200,5,atr_low,8126,0.09459150,0.07322176,-0.02136974,0.77408394
d1,bull,200,5,bb_below_mid,10134,0.09459150,0.09670416,0.00211267,1.02233466
d1,bull,200,5,bb_above_mid,11437,0.09459150,0.09460523,0.00001373,1.00014519
d1,bull,200,5,body_ratio_gt60,7360,0.09459150,0.10081522,0.00622372,1.06579579
d1,bull,300,5,ema_stack_bull,9837,0.02981788,0.03110704,0.00128916,1.04323457
d1,bull,300,5,ema_stack_bear,6398,0.02981788,0.02594561,-0.00387227,0.87013586
d1,bull,300,5,price_above_ema20,11727,0.02981788,0.02728746,-0.00253043,0.91513732
d1,bull,300,5,price_above_200,12917,0.02981788,0.03003793,0.00022005,1.00737990
d1,bull,300,5,rsi_lt30,807,0.02981788,0.05452292,0.02470504,1.82853112
d1,bull,300,5,rsi_30_45,5937,0.02981788,0.03385548,0.00403760,1.13540871
d1,bull,300,5,rsi_45_55,6567,0.02981788,0.02664839,-0.00316949,0.89370512
d1,bull,300,5,rsi_55_70,7169,0.02981788,0.02608453,-0.00373335,0.87479490
d1,bull,300,5,rsi_gt70,1151,0.02981788,0.03735882,0.00754094,1.25289982
d1,bull,300,5,macd_hist_pos,11022,0.02981788,0.02585738,-0.00396051,0.86717684
d1,bull,300,5,adx_gt25,7908,0.02981788,0.03490137,0.00508348,1.17048442
d1,bull,300,5,pdi_gt_mdi,11900,0.02981788,0.02621849,-0.00359939,0.87928739
d1,bull,300,5,mdi_gt_pdi,9743,0.02981788,0.03469157,0.00487369,1.16344863
d1,bull,300,5,atr_high,6213,0.02981788,0.05053919,0.02072131,1.69492900
d1,bull,300,5,atr_low,8126,0.02981788,0.02313561,-0.00668227,0.77589731
d1,bull,300,5,bb_below_mid,10134,0.02981788,0.03266232,0.00284444,1.09539388
d1,bull,300,5,bb_above_mid,11437,0.02981788,0.02789193,-0.00192595,0.93540950
d1,bull,300,5,body_ratio_gt60,7360,0.02981788,0.03383152,0.00401364,1.13460514
d1,bull,50,10,ema_stack_bull,9837,0.71209689,0.71769849,0.00560160,1.00786635
d1,bull,50,10,ema_stack_bear,6398,0.71209689,0.70772116,-0.00437572,0.99385516
d1,bull,50,10,price_above_ema20,11727,0.71209689,0.71484608,0.00274920,1.00386071
d1,bull,50,10,price_above_200,12917,0.71209689,0.71874274,0.00664586,1.00933280
d1,bull,50,10,rsi_lt30,807,0.71209689,0.78066914,0.06857226,1.09629625
d1,bull,50,10,rsi_30_45,5937,0.71209689,0.70372242,-0.00837447,0.98823971
d1,bull,50,10,rsi_45_55,6567,0.71209689,0.71950662,0.00740974,1.01040552
d1,bull,50,10,rsi_55_70,7169,0.71209689,0.71432557,0.00222868,1.00312975
d1,bull,50,10,rsi_gt70,1151,0.71209689,0.66116421,-0.05093268,0.92847507
d1,bull,50,10,macd_hist_pos,11022,0.71209689,0.71230267,0.00020578,1.00028898
d1,bull,50,10,adx_gt25,7908,0.71209689,0.71611027,0.00401338,1.00563601
d1,bull,50,10,pdi_gt_mdi,11900,0.71209689,0.70252101,-0.00957588,0.98655256
d1,bull,50,10,mdi_gt_pdi,9743,0.71209689,0.72503336,0.01293647,1.01816673
d1,bull,50,10,atr_high,6213,0.71209689,0.75148881,0.03939193,1.05531822
d1,bull,50,10,atr_low,8126,0.71209689,0.68545410,-0.02664279,0.96258545
d1,bull,50,10,bb_below_mid,10134,0.71209689,0.70692718,-0.00516971,0.99274016
d1,bull,50,10,bb_above_mid,11437,0.71209689,0.71758328,0.00548640,1.00770457
d1,bull,50,10,body_ratio_gt60,7360,0.71209689,0.71521739,0.00312051,1.00438214
d1,bull,100,10,ema_stack_bull,9837,0.47043442,0.48510725,0.01467282,1.03118995
d1,bull,100,10,ema_stack_bear,6398,0.47043442,0.45701782,-0.01341661,0.97148039
d1,bull,100,10,price_above_ema20,11727,0.47043442,0.47309627,0.00266185,1.00565828
d1,bull,100,10,price_above_200,12917,0.47043442,0.48176821,0.01133379,1.02409218
d1,bull,100,10,rsi_lt30,807,0.47043442,0.55390335,0.08346892,1.17742945
d1,bull,100,10,rsi_30_45,5937,0.47043442,0.45359609,-0.01683833,0.96420685
d1,bull,100,10,rsi_45_55,6567,0.47043442,0.47464596,0.00421153,1.00895243
d1,bull,100,10,rsi_55_70,7169,0.47043442,0.48054122,0.01010680,1.02148396
d1,bull,100,10,rsi_gt70,1151,0.47043442,0.42484796,-0.04558647,0.90309709
d1,bull,100,10,macd_hist_pos,11022,0.47043442,0.46897115,-0.00146327,0.99688952
d1,bull,100,10,adx_gt25,7908,0.47043442,0.46497218,-0.00546224,0.98838894
d1,bull,100,10,pdi_gt_mdi,11900,0.47043442,0.46436975,-0.00606468,0.98710835
d1,bull,100,10,mdi_gt_pdi,9743,0.47043442,0.47952376,0.00908934,1.01932116
d1,bull,100,10,atr_high,6213,0.47043442,0.54498632,0.07455190,1.15847458
d1,bull,100,10,atr_low,8126,0.47043442,0.42665518,-0.04377924,0.90693869
d1,bull,100,10,bb_below_mid,10134,0.47043442,0.46092362,-0.00951080,0.97978294
d1,bull,100,10,bb_above_mid,11437,0.47043442,0.48045816,0.01002374,1.02130741
d1,bull,100,10,body_ratio_gt60,7360,0.47043442,0.47635870,0.00592427,1.01259319
d1,bull,150,10,ema_stack_bull,9837,0.30317904,0.32642066,0.02324161,1.07665969
d1,bull,150,10,ema_stack_bear,6398,0.30317904,0.27180369,-0.03137536,0.89651212
d1,bull,150,10,price_above_ema20,11727,0.30317904,0.30723970,0.00406066,1.01339360
d1,bull,150,10,price_above_200,12917,0.30317904,0.31950143,0.01632239,1.05383745
d1,bull,150,10,rsi_lt30,807,0.30317904,0.35439901,0.05121996,1.16894296
d1,bull,150,10,rsi_30_45,5937,0.30317904,0.29307731,-0.01010173,0.96668064
d1,bull,150,10,rsi_45_55,6567,0.30317904,0.30379169,0.00061264,1.00202072
d1,bull,150,10,rsi_55_70,7169,0.30317904,0.31175896,0.00857992,1.02829984
d1,bull,150,10,rsi_gt70,1151,0.30317904,0.28496959,-0.01820945,0.93993829
d1,bull,150,10,macd_hist_pos,11022,0.30317904,0.29822174,-0.00495731,0.98364891
d1,bull,150,10,adx_gt25,7908,0.30317904,0.30475468,0.00157563,1.00519704
d1,bull,150,10,pdi_gt_mdi,11900,0.30317904,0.29907563,-0.00410341,0.98646538
d1,bull,150,10,mdi_gt_pdi,9743,0.30317904,0.31078723,0.00760819,1.02509470
d1,bull,150,10,atr_high,6213,0.30317904,0.38966683,0.08648778,1.28526966
d1,bull,150,10,atr_low,8126,0.30317904,0.25670687,-0.04647218,0.84671705
d1,bull,150,10,bb_below_mid,10134,0.30317904,0.29553977,-0.00763928,0.97480275
d1,bull,150,10,bb_above_mid,11437,0.30317904,0.31249454,0.00931549,1.03072604
d1,bull,150,10,body_ratio_gt60,7360,0.30317904,0.31168478,0.00850574,1.02805516
d1,bull,200,10,ema_stack_bull,9837,0.19170604,0.21591949,0.02421345,1.12630508
d1,bull,200,10,ema_stack_bear,6398,0.19170604,0.15676774,-0.03493830,0.81775065
d1,bull,200,10,price_above_ema20,11727,0.19170604,0.19314403,0.00143799,1.00750099
d1,bull,200,10,price_above_200,12917,0.19170604,0.20763335,0.01592731,1.08308194
d1,bull,200,10,rsi_lt30,807,0.19170604,0.23296159,0.04125554,1.21520211
d1,bull,200,10,rsi_30_45,5937,0.19170604,0.18241536,-0.00929068,0.95153684
d1,bull,200,10,rsi_45_55,6567,0.19170604,0.19415258,0.00244654,1.01276193
d1,bull,200,10,rsi_55_70,7169,0.19170604,0.19430883,0.00260279,1.01357697
d1,bull,200,10,rsi_gt70,1151,0.19170604,0.20243267,0.01072663,1.05595351
d1,bull,200,10,macd_hist_pos,11022,0.19170604,0.18571947,-0.00598657,0.96877213
d1,bull,200,10,adx_gt25,7908,0.19170604,0.19891249,0.00720645,1.03759116
d1,bull,200,10,pdi_gt_mdi,11900,0.19170604,0.18882353,-0.00288251,0.98496390
d1,bull,200,10,mdi_gt_pdi,9743,0.19170604,0.19778302,0.00607698,1.03169948
d1,bull,200,10,atr_high,6213,0.19170604,0.26525028,0.07354424,1.38363027
d1,bull,200,10,atr_low,8126,0.19170604,0.15345804,-0.03824801,0.80048618
d1,bull,200,10,bb_below_mid,10134,0.19170604,0.18965858,-0.00204747,0.98931976
d1,bull,200,10,bb_above_mid,11437,0.19170604,0.19620530,0.00449926,1.02346956
d1,bull,200,10,body_ratio_gt60,7360,0.19170604,0.19918478,0.00747874,1.03901150
d1,bull,300,10,ema_stack_bull,9837,0.08188449,0.09474433,0.01285984,1.15704858
d1,bull,300,10,ema_stack_bear,6398,0.08188449,0.06220694,-0.01967755,0.75969136
d1,bull,300,10,price_above_ema20,11727,0.08188449,0.08083909,-0.00104540,0.98723323
d1,bull,300,10,price_above_200,12917,0.08188449,0.09011380,0.00822931,1.10049905
d1,bull,300,10,rsi_lt30,807,0.08188449,0.10532838,0.02344389,1.28630436
d1,bull,300,10,rsi_30_45,5937,0.08188449,0.08135422,-0.00053027,0.99352416
d1,bull,300,10,rsi_45_55,6567,0.08188449,0.08268616,0.00080167,1.00979023
d1,bull,300,10,rsi_55_70,7169,0.08188449,0.08006695,-0.00181754,0.97780367
d1,bull,300,10,rsi_gt70,1151,0.08188449,0.08601216,0.00412767,1.05040849
d1,bull,300,10,macd_hist_pos,11022,0.08188449,0.07602976,-0.00585473,0.92850012
d1,bull,300,10,adx_gt25,7908,0.08188449,0.08801214,0.00612765,1.07483285
d1,bull,300,10,pdi_gt_mdi,11900,0.08188449,0.07722689,-0.00465760,0.94311988
d1,bull,300,10,mdi_gt_pdi,9743,0.08188449,0.08888433,0.00699984,1.08548429
d1,bull,300,10,atr_high,6213,0.08188449,0.12747465,0.04559016,1.55676185
d1,bull,300,10,atr_low,8126,0.08188449,0.06300763,-0.01887686,0.76946965
d1,bull,300,10,bb_below_mid,10134,0.08188449,0.08367871,0.00179422,1.02191154
d1,bull,300,10,bb_above_mid,11437,0.08188449,0.08183964,-0.00004485,0.99945232
d1,bull,300,10,body_ratio_gt60,7360,0.08188449,0.08573370,0.00384921,1.04700775
d1,bull,50,20,ema_stack_bull,9837,0.79388963,0.79343296,-0.00045667,0.99942477
d1,bull,50,20,ema_stack_bear,6398,0.79388963,0.80196937,0.00807974,1.01017741
d1,bull,50,20,price_above_ema20,11727,0.79388963,0.79722009,0.00333046,1.00419512
d1,bull,50,20,price_above_200,12917,0.79388963,0.79546334,0.00157371,1.00198228
d1,bull,50,20,rsi_lt30,807,0.79388963,0.85625774,0.06236812,1.07856019
d1,bull,50,20,rsi_30_45,5937,0.79388963,0.78507664,-0.00881299,0.98889897
d1,bull,50,20,rsi_45_55,6567,0.79388963,0.79686310,0.00297348,1.00374545
d1,bull,50,20,rsi_55_70,7169,0.79388963,0.79913517,0.00524554,1.00660739
d1,bull,50,20,rsi_gt70,1151,0.79388963,0.75152042,-0.04236921,0.94663085
d1,bull,50,20,macd_hist_pos,11022,0.79388963,0.79450191,0.00061228,1.00077124
d1,bull,50,20,adx_gt25,7908,0.79388963,0.79919069,0.00530107,1.00667733
d1,bull,50,20,pdi_gt_mdi,11900,0.79388963,0.78831933,-0.00557030,0.99298353
d1,bull,50,20,mdi_gt_pdi,9743,0.79388963,0.80139587,0.00750625,1.00945502
d1,bull,50,20,atr_high,6213,0.79388963,0.81651376,0.02262413,1.02849783
d1,bull,50,20,atr_low,8126,0.79388963,0.77541226,-0.01847737,0.97672552
d1,bull,50,20,bb_below_mid,10134,0.79388963,0.78813894,-0.00575069,0.99275631
d1,bull,50,20,bb_above_mid,11437,0.79388963,0.79968523,0.00579560,1.00730026
d1,bull,50,20,body_ratio_gt60,7360,0.79388963,0.79524457,0.00135494,1.00170671
d1,bull,100,20,ema_stack_bull,9837,0.60764255,0.61410999,0.00646744,1.01064350
d1,bull,100,20,ema_stack_bear,6398,0.60764255,0.60784620,0.00020365,1.00033515
d1,bull,100,20,price_above_ema20,11727,0.60764255,0.61592905,0.00828650,1.01363713
d1,bull,100,20,price_above_200,12917,0.60764255,0.61260355,0.00496099,1.00816433
d1,bull,100,20,rsi_lt30,807,0.60764255,0.70384139,0.09619884,1.15831484
d1,bull,100,20,rsi_30_45,5937,0.60764255,0.58767054,-0.01997201,0.96713197
d1,bull,100,20,rsi_45_55,6567,0.60764255,0.60941069,0.00176814,1.00290983
d1,bull,100,20,rsi_55_70,7169,0.60764255,0.62058865,0.01294609,1.02130544
d1,bull,100,20,rsi_gt70,1151,0.60764255,0.55603823,-0.05160432,0.91507454
d1,bull,100,20,macd_hist_pos,11022,0.60764255,0.61431682,0.00667427,1.01098387
d1,bull,100,20,adx_gt25,7908,0.60764255,0.60672736,-0.00091519,0.99849387
d1,bull,100,20,pdi_gt_mdi,11900,0.60764255,0.60319328,-0.00444928,0.99267781
d1,bull,100,20,mdi_gt_pdi,9743,0.60764255,0.61356872,0.00592616,1.00975271
d1,bull,100,20,atr_high,6213,0.60764255,0.65942379,0.05178124,1.08521661
d1,bull,100,20,atr_low,8126,0.60764255,0.56903766,-0.03860490,0.93646776
d1,bull,100,20,bb_below_mid,10134,0.60764255,0.59492797,-0.01271459,0.97907555
d1,bull,100,20,bb_above_mid,11437,0.60764255,0.61948063,0.01183808,1.01948198
d1,bull,100,20,body_ratio_gt60,7360,0.60764255,0.61480978,0.00716723,1.01179514
d1,bull,150,20,ema_stack_bull,9837,0.45460801,0.46975704,0.01514903,1.03332328
d1,bull,150,20,ema_stack_bear,6398,0.45460801,0.43794936,-0.01665865,0.96335601
d1,bull,150,20,price_above_ema20,11727,0.45460801,0.46499531,0.01038730,1.02284892
d1,bull,150,20,price_above_200,12917,0.45460801,0.46628474,0.01167673,1.02568527
d1,bull,150,20,rsi_lt30,807,0.45460801,0.51301115,0.05840314,1.12846923
d1,bull,150,20,rsi_30_45,5937,0.45460801,0.43540509,-0.01920292,0.95775938
d1,bull,150,20,rsi_45_55,6567,0.45460801,0.45774326,0.00313525,1.00689661
d1,bull,150,20,rsi_55_70,7169,0.45460801,0.47300879,0.01840078,1.04047614
d1,bull,150,20,rsi_gt70,1151,0.45460801,0.40312772,-0.05148029,0.88675894
d1,bull,150,20,macd_hist_pos,11022,0.45460801,0.45681365,0.00220564,1.00485173
d1,bull,150,20,adx_gt25,7908,0.45460801,0.44625695,-0.00835105,0.98163021
d1,bull,150,20,pdi_gt_mdi,11900,0.45460801,0.45302521,-0.00158280,0.99651832
d1,bull,150,20,mdi_gt_pdi,9743,0.45460801,0.45909884,0.00449083,1.00987847
d1,bull,150,20,atr_high,6213,0.45460801,0.52293578,0.06832777,1.15030041
d1,bull,150,20,atr_low,8126,0.45460801,0.41225695,-0.04235106,0.90684050
d1,bull,150,20,bb_below_mid,10134,0.45460801,0.44316163,-0.01144638,0.97482144
d1,bull,150,20,bb_above_mid,11437,0.45460801,0.46708053,0.01247252,1.02743577
d1,bull,150,20,body_ratio_gt60,7360,0.45460801,0.45801630,0.00340829,1.00749722
d1,bull,200,20,ema_stack_bull,9837,0.33451076,0.35529125,0.02078049,1.06212204
d1,bull,200,20,ema_stack_bear,6398,0.33451076,0.31072210,-0.02378866,0.92888523
d1,bull,200,20,price_above_ema20,11727,0.33451076,0.33930246,0.00479171,1.01432452
d1,bull,200,20,price_above_200,12917,0.33451076,0.34961678,0.01510603,1.04515857
d1,bull,200,20,rsi_lt30,807,0.33451076,0.37298637,0.03847561,1.11502055
d1,bull,200,20,rsi_30_45,5937,0.33451076,0.32255348,-0.01195728,0.96425443
d1,bull,200,20,rsi_45_55,6567,0.33451076,0.33942439,0.00491364,1.01468903
d1,bull,200,20,rsi_55_70,7169,0.33451076,0.34816571,0.01365496,1.04082068
d1,bull,200,20,rsi_gt70,1151,0.33451076,0.28496959,-0.04954117,0.85189963
d1,bull,200,20,macd_hist_pos,11022,0.33451076,0.33024859,-0.00426216,0.98725852
d1,bull,200,20,adx_gt25,7908,0.33451076,0.33067779,-0.00383296,0.98854159
d1,bull,200,20,pdi_gt_mdi,11900,0.33451076,0.33327731,-0.00123345,0.99631269
d1,bull,200,20,mdi_gt_pdi,9743,0.33451076,0.33942318,0.00491242,1.01468538
d1,bull,200,20,atr_high,6213,0.33451076,0.41252213,0.07801137,1.23321036
d1,bull,200,20,atr_low,8126,0.33451076,0.29313315,-0.04137760,0.87630411
d1,bull,200,20,bb_below_mid,10134,0.33451076,0.33145846,-0.00305230,0.99087533
d1,bull,200,20,bb_above_mid,11437,0.33451076,0.34056134,0.00605058,1.01808784
d1,bull,200,20,body_ratio_gt60,7360,0.33451076,0.33831522,0.00380446,1.01137321
d1,bull,300,20,ema_stack_bull,9837,0.17569613,0.20250076,0.02680463,1.15256243
d1,bull,300,20,ema_stack_bear,6398,0.17569613,0.14332604,-0.03237009,0.81576092
d1,bull,300,20,price_above_ema20,11727,0.17569613,0.17796538,0.00226925,1.01291574
d1,bull,300,20,price_above_200,12917,0.17569613,0.19416273,0.01846660,1.10510532
d1,bull,300,20,rsi_lt30,807,0.17569613,0.18711276,0.01141663,1.06497941
d1,bull,300,20,rsi_30_45,5937,0.17569613,0.17062489,-0.00507124,0.97113631
d1,bull,300,20,rsi_45_55,6567,0.17569613,0.17816354,0.00246741,1.01404363
d1,bull,300,20,rsi_55_70,7169,0.17569613,0.18370763,0.00801150,1.04559860
d1,bull,300,20,rsi_gt70,1151,0.17569613,0.14682884,-0.02886729,0.83569765
d1,bull,300,20,macd_hist_pos,11022,0.17569613,0.16893486,-0.00676128,0.96151722
d1,bull,300,20,adx_gt25,7908,0.17569613,0.17728882,0.00159269,1.00906502
d1,bull,300,20,pdi_gt_mdi,11900,0.17569613,0.17428571,-0.00141042,0.99197240
d1,bull,300,20,mdi_gt_pdi,9743,0.17569613,0.17930822,0.00361209,1.02055872
d1,bull,300,20,atr_high,6213,0.17569613,0.24239498,0.06669885,1.37962614
d1,bull,300,20,atr_low,8126,0.17569613,0.14472065,-0.03097548,0.82369855
d1,bull,300,20,bb_below_mid,10134,0.17569613,0.17594237,0.00024624,1.00140151
d1,bull,300,20,bb_above_mid,11437,0.17569613,0.17766897,0.00197284,1.01122868
d1,bull,300,20,body_ratio_gt60,7360,0.17569613,0.18396739,0.00827126,1.04707707
d1,bear,50,1,ema_stack_bull,9837,0.24785541,0.27355901,0.02570361,1.10370403
d1,bear,50,1,ema_stack_bear,6398,0.24785541,0.21069084,-0.03716457,0.85005546
d1,bear,50,1,price_above_ema20,11727,0.24785541,0.25650209,0.00864668,1.03488600
d1,bear,50,1,price_above_200,12917,0.24785541,0.26739955,0.01954414,1.07885301
d1,bear,50,1,rsi_lt30,807,0.24785541,0.27385378,0.02599837,1.10489331
d1,bear,50,1,rsi_30_45,5937,0.24785541,0.23109314,-0.01676226,0.93237081
d1,bear,50,1,rsi_45_55,6567,0.24785541,0.23861733,-0.00923808,0.96272796
d1,bear,50,1,rsi_55_70,7169,0.24785541,0.25889245,0.01103705,1.04453019
d1,bear,50,1,rsi_gt70,1151,0.24785541,0.30321460,0.05535919,1.22335276
d1,bear,50,1,macd_hist_pos,11022,0.24785541,0.24405734,-0.00379807,0.98467628
d1,bear,50,1,adx_gt25,7908,0.24785541,0.26985331,0.02199791,1.08875298
d1,bear,50,1,pdi_gt_mdi,11900,0.24785541,0.24915966,0.00130426,1.00526217
d1,bear,50,1,mdi_gt_pdi,9743,0.24785541,0.24643334,-0.00142207,0.99426250
d1,bear,50,1,atr_high,6213,0.24785541,0.29486560,0.04701020,1.18966783
d1,bear,50,1,atr_low,8126,0.24785541,0.22028058,-0.02757483,0.88874632
d1,bear,50,1,bb_below_mid,10134,0.24785541,0.24008289,-0.00777252,0.96864092
d1,bear,50,1,bb_above_mid,11437,0.24785541,0.25557401,0.00771861,1.03114158
d1,bear,50,1,body_ratio_gt60,7360,0.24785541,0.26263587,0.01478046,1.05963341
d1,bear,100,1,ema_stack_bull,9837,0.07582917,0.08813663,0.01230746,1.16230510
d1,bear,100,1,ema_stack_bear,6398,0.07582917,0.05861207,-0.01721710,0.77294884
d1,bear,100,1,price_above_ema20,11727,0.07582917,0.07597851,0.00014934,1.00196949
d1,bear,100,1,price_above_200,12917,0.07582917,0.08399783,0.00816867,1.10772459
d1,bear,100,1,rsi_lt30,807,0.07582917,0.10780669,0.03197752,1.42170482
d1,bear,100,1,rsi_30_45,5937,0.07582917,0.07343776,-0.00239140,0.96846328
d1,bear,100,1,rsi_45_55,6567,0.07582917,0.06852444,-0.00730473,0.90366865
d1,bear,100,1,rsi_55_70,7169,0.07582917,0.07699819,0.00116902,1.01541650
d1,bear,100,1,rsi_gt70,1151,0.07582917,0.10599479,0.03016562,1.39781026
d1,bear,100,1,macd_hist_pos,11022,0.07582917,0.07267284,-0.00315633,0.95837577
d1,bear,100,1,adx_gt25,7908,0.07582917,0.08839150,0.01256234,1.16566628
d1,bear,100,1,pdi_gt_mdi,11900,0.07582917,0.07117647,-0.00465270,0.93864240
d1,bear,100,1,mdi_gt_pdi,9743,0.07582917,0.08221287,0.00638370,1.08418534
d1,bear,100,1,atr_high,6213,0.07582917,0.10960888,0.03377972,1.44547131
d1,bear,100,1,atr_low,8126,0.07582917,0.05746985,-0.01835932,0.75788582
d1,bear,100,1,bb_below_mid,10134,0.07582917,0.07667259,0.00084342,1.01112264
d1,bear,100,1,bb_above_mid,11437,0.07582917,0.07598146,0.00015230,1.00200843
d1,bear,100,1,body_ratio_gt60,7360,0.07582917,0.08396739,0.00813822,1.10732315
d1,bear,150,1,ema_stack_bull,9837,0.02931327,0.03568161,0.00636834,1.21725105
d1,bear,150,1,ema_stack_bear,6398,0.02931327,0.01922476,-0.01008851,0.65583802
d1,bear,150,1,price_above_ema20,11727,0.02931327,0.02745800,-0.00185527,0.93670893
d1,bear,150,1,price_above_200,12917,0.02931327,0.03313463,0.00382136,1.13036271
d1,bear,150,1,rsi_lt30,807,0.02931327,0.05204461,0.02273134,1.77546236
d1,bear,150,1,rsi_30_45,5937,0.02931327,0.03014991,0.00083664,1.02854121
d1,bear,150,1,rsi_45_55,6567,0.02931327,0.02573473,-0.00357854,0.87792093
d1,bear,150,1,rsi_55_70,7169,0.02931327,0.02747943,-0.00183385,0.93743974
d1,bear,150,1,rsi_gt70,1151,0.02931327,0.04430930,0.01499603,1.51157801
d1,bear,150,1,macd_hist_pos,11022,0.02931327,0.02585738,-0.00345590,0.88210476
d1,bear,150,1,adx_gt25,7908,0.02931327,0.03743045,0.00811718,1.27691140
d1,bear,150,1,pdi_gt_mdi,11900,0.02931327,0.02504202,-0.00427125,0.85428940
d1,bear,150,1,mdi_gt_pdi,9743,0.02931327,0.03489685,0.00558358,1.19047952
d1,bear,150,1,atr_high,6213,0.02931327,0.04828585,0.01897258,1.64723520
d1,bear,150,1,atr_low,8126,0.02931327,0.02067438,-0.00863889,0.70529073
d1,bear,150,1,bb_below_mid,10134,0.02931327,0.03226761,0.00295434,1.10078516
d1,bear,150,1,bb_above_mid,11437,0.02931327,0.02719245,-0.00212083,0.92764964
d1,bear,150,1,body_ratio_gt60,7360,0.02931327,0.03410326,0.00478999,1.16340686
d1,bear,200,1,ema_stack_bull,9837,0.01394559,0.01819660,0.00425101,1.30482824
d1,bear,200,1,ema_stack_bear,6398,0.01394559,0.00734605,-0.00659955,0.52676463
d1,bear,200,1,price_above_ema20,11727,0.01394559,0.01262045,-0.00132515,0.90497749
d1,bear,200,1,price_above_200,12917,0.01394559,0.01641248,0.00246689,1.17689357
d1,bear,200,1,rsi_lt30,807,0.01394559,0.02973978,0.01579418,2.13255723
d1,bear,200,1,rsi_30_45,5937,0.01394559,0.01431700,0.00037140,1.02663216
d1,bear,200,1,rsi_45_55,6567,0.01394559,0.01157302,-0.00237258,0.82986904
d1,bear,200,1,rsi_55_70,7169,0.01394559,0.01380946,-0.00013614,0.99023803
d1,bear,200,1,rsi_gt70,1151,0.01394559,0.01737619,0.00343060,1.24599890
d1,bear,200,1,macd_hist_pos,11022,0.01394559,0.01161314,-0.00233246,0.83274599
d1,bear,200,1,adx_gt25,7908,0.01394559,0.01707132,0.00312573,1.22413720
d1,bear,200,1,pdi_gt_mdi,11900,0.01394559,0.01092437,-0.00302122,0.78335637
d1,bear,200,1,mdi_gt_pdi,9743,0.01394559,0.01785898,0.00391338,1.28061780
d1,bear,200,1,atr_high,6213,0.01394559,0.02430388,0.01035829,1.74276401
d1,bear,200,1,atr_low,8126,0.01394559,0.01033719,-0.00360840,0.74125128
d1,bear,200,1,bb_below_mid,10134,0.01394559,0.01608447,0.00213887,1.15337277
d1,bear,200,1,bb_above_mid,11437,0.01394559,0.01232841,-0.00161719,0.88403606
d1,bear,200,1,body_ratio_gt60,7360,0.01394559,0.01589674,0.00195115,1.13991124
d1,bear,300,1,ema_stack_bull,9837,0.00403688,0.00589611,0.00185922,1.46055939
d1,bear,300,1,ema_stack_bear,6398,0.00403688,0.00156299,-0.00247389,0.38717710
d1,bear,300,1,price_above_ema20,11727,0.00403688,0.00375203,-0.00028486,0.92943634
d1,bear,300,1,price_above_200,12917,0.00403688,0.00510955,0.00107266,1.26571572
d1,bear,300,1,rsi_lt30,807,0.00403688,0.01363073,0.00959385,3.37654895
d1,bear,300,1,rsi_30_45,5937,0.00403688,0.00387401,-0.00016287,0.95965402
d1,bear,300,1,rsi_45_55,6567,0.00403688,0.00274098,-0.00129590,0.67898376
d1,bear,300,1,rsi_55_70,7169,0.00403688,0.00362673,-0.00041016,0.89839777
d1,bear,300,1,rsi_gt70,1151,0.00403688,0.00868810,0.00465121,2.15217992
d1,bear,300,1,macd_hist_pos,11022,0.00403688,0.00281256,-0.00122433,0.69671504
d1,bear,300,1,adx_gt25,7908,0.00403688,0.00543753,0.00140065,1.34696309
d1,bear,300,1,pdi_gt_mdi,11900,0.00403688,0.00344538,-0.00059150,0.85347498
d1,bear,300,1,mdi_gt_pdi,9743,0.00403688,0.00482398,0.00078709,1.19497565
d1,bear,300,1,atr_high,6213,0.00403688,0.00692097,0.00288409,1.71443491
d1,bear,300,1,atr_low,8126,0.00403688,0.00270736,-0.00132952,0.67065592
d1,bear,300,1,bb_below_mid,10134,0.00403688,0.00463785,0.00060097,1.14886992
d1,bear,300,1,bb_above_mid,11437,0.00403688,0.00358486,-0.00045203,0.88802590
d1,bear,300,1,body_ratio_gt60,7360,0.00403688,0.00461957,0.00058268,1.14433980
d1,bear,50,3,ema_stack_bull,9837,0.46378274,0.49761106,0.03382832,1.07294001
d1,bear,50,3,ema_stack_bear,6398,0.46378274,0.42169428,-0.04208846,0.90924961
d1,bear,50,3,price_above_ema20,11727,0.46378274,0.47548393,0.01170118,1.02522988
d1,bear,50,3,price_above_200,12917,0.46378274,0.48811644,0.02433369,1.05246787
d1,bear,50,3,rsi_lt30,807,0.46378274,0.45972739,-0.00405536,0.99125591
d1,bear,50,3,rsi_30_45,5937,0.46378274,0.44466902,-0.01911372,0.95878735
d1,bear,50,3,rsi_45_55,6567,0.46378274,0.44784529,-0.01593746,0.96563595
d1,bear,50,3,rsi_55_70,7169,0.46378274,0.48556284,0.02178010,1.04696185
d1,bear,50,3,rsi_gt70,1151,0.46378274,0.51954822,0.05576548,1.12024052
d1,bear,50,3,macd_hist_pos,11022,0.46378274,0.46234803,-0.00143471,0.99690650
d1,bear,50,3,adx_gt25,7908,0.46378274,0.49190693,0.02812419,1.06064087
d1,bear,50,3,pdi_gt_mdi,11900,0.46378274,0.47016807,0.00638532,1.01376792
d1,bear,50,3,mdi_gt_pdi,9743,0.46378274,0.45571179,-0.00807095,0.98259756
d1,bear,50,3,atr_high,6213,0.46378274,0.50571383,0.04193108,1.09041105
d1,bear,50,3,atr_low,8126,0.46378274,0.43588481,-0.02789793,0.93984699
d1,bear,50,3,bb_below_mid,10134,0.46378274,0.45391751,-0.00986524,0.97872875
d1,bear,50,3,bb_above_mid,11437,0.46378274,0.47285127,0.00906853,1.01955340
d1,bear,50,3,body_ratio_gt60,7360,0.46378274,0.47921196,0.01542921,1.03326819
d1,bear,100,3,ema_stack_bull,9837,0.20744071,0.23248958,0.02504887,1.12075196
d1,bear,100,3,ema_stack_bear,6398,0.20744071,0.17333542,-0.03410529,0.83559017
d1,bear,100,3,price_above_ema20,11727,0.20744071,0.21369489,0.00625418,1.03014926
d1,bear,100,3,price_above_200,12917,0.20744071,0.22559418,0.01815347,1.08751161
d1,bear,100,3,rsi_lt30,807,0.20744071,0.22180917,0.01436846,1.06926539
d1,bear,100,3,rsi_30_45,5937,0.20744071,0.19370052,-0.01374019,0.93376331
d1,bear,100,3,rsi_45_55,6567,0.20744071,0.19719811,-0.01024260,0.95062398
d1,bear,100,3,rsi_55_70,7169,0.20744071,0.21606919,0.00862848,1.04159491
d1,bear,100,3,rsi_gt70,1151,0.20744071,0.27975673,0.07231602,1.34861058
d1,bear,100,3,macd_hist_pos,11022,0.20744071,0.20277627,-0.00466444,0.97751433
d1,bear,100,3,adx_gt25,7908,0.20744071,0.22660597,0.01916526,1.09238910
d1,bear,100,3,pdi_gt_mdi,11900,0.20744071,0.20621849,-0.00122222,0.99410810
d1,bear,100,3,mdi_gt_pdi,9743,0.20744071,0.20968901,0.00224830,1.01083827
d1,bear,100,3,atr_high,6213,0.20744071,0.24352165,0.03608094,1.17393375
d1,bear,100,3,atr_low,8126,0.20744071,0.19271474,-0.01472597,0.92901121
d1,bear,100,3,bb_below_mid,10134,0.20744071,0.20416420,-0.00327651,0.98420508
d1,bear,100,3,bb_above_mid,11437,0.20744071,0.21194369,0.00450298,1.02170733
d1,bear,100,3,body_ratio_gt60,7360,0.20744071,0.21983696,0.01239625,1.05975803
d1,bear,150,3,ema_stack_bull,9837,0.09931648,0.12036190,0.02104542,1.21190256
d1,bear,150,3,ema_stack_bear,6398,0.09931648,0.07267896,-0.02663752,0.73179155
d1,bear,150,3,price_above_ema20,11727,0.09931648,0.10138995,0.00207347,1.02087742
d1,bear,150,3,price_above_200,12917,0.09931648,0.11318418,0.01386769,1.13963134
d1,bear,150,3,rsi_lt30,807,0.09931648,0.12143742,0.02212094,1.22273181
d1,bear,150,3,rsi_30_45,5937,0.09931648,0.09196564,-0.00735084,0.92598567
d1,bear,150,3,rsi_45_55,6567,0.09931648,0.09288869,-0.00642780,0.93527966
d1,bear,150,3,rsi_55_70,7169,0.09931648,0.10322221,0.00390572,1.03932604
d1,bear,150,3,rsi_gt70,1151,0.09931648,0.14248480,0.04316831,1.43465407
d1,bear,150,3,macd_hist_pos,11022,0.09931648,0.09227001,-0.00704648,0.92905028
d1,bear,150,3,adx_gt25,7908,0.09931648,0.11115326,0.01183678,1.11918243
d1,bear,150,3,pdi_gt_mdi,11900,0.09931648,0.09554622,-0.00377026,0.96203788
d1,bear,150,3,mdi_gt_pdi,9743,0.09931648,0.10489582,0.00557934,1.05617738
d1,bear,150,3,atr_high,6213,0.09931648,0.12827941,0.02896293,1.29162261
d1,bear,150,3,atr_low,8126,0.09931648,0.08971204,-0.00960445,0.90329453
d1,bear,150,3,bb_below_mid,10134,0.09931648,0.10005921,0.00074272,1.00747836
d1,bear,150,3,bb_above_mid,11437,0.09931648,0.10002623,0.00070975,1.00714633
d1,bear,150,3,body_ratio_gt60,7360,0.09931648,0.10611413,0.00679765,1.06844431
d1,bear,200,3,ema_stack_bull,9837,0.05293821,0.06973671,0.01679850,1.31732279
d1,bear,200,3,ema_stack_bear,6398,0.05293821,0.03079087,-0.02214734,0.58163797
d1,bear,200,3,price_above_ema20,11727,0.05293821,0.05303999,0.00010179,1.00192271
d1,bear,200,3,price_above_200,12917,0.05293821,0.06324998,0.01031177,1.19478885
d1,bear,200,3,rsi_lt30,807,0.05293821,0.08054523,0.02760702,1.52149519
d1,bear,200,3,rsi_30_45,5937,0.05293821,0.04699343,-0.00594478,0.88770347
d1,bear,200,3,rsi_45_55,6567,0.05293821,0.04872849,-0.00420972,0.92047866
d1,bear,200,3,rsi_55_70,7169,0.05293821,0.05481936,0.00188115,1.03553488
d1,bear,200,3,rsi_gt70,1151,0.05293821,0.08427454,0.03133634,1.59194175
d1,bear,200,3,macd_hist_pos,11022,0.05293821,0.04681546,-0.00612275,0.88434161
d1,bear,200,3,adx_gt25,7908,0.05293821,0.06208902,0.00915082,1.17285843
d1,bear,200,3,pdi_gt_mdi,11900,0.05293821,0.04915966,-0.00377854,0.92862349
d1,bear,200,3,mdi_gt_pdi,9743,0.05293821,0.05840090,0.00546270,1.10319003
d1,bear,200,3,atr_high,6213,0.05293821,0.07371640,0.02077819,1.39249898
d1,bear,200,3,atr_low,8126,0.05293821,0.04762491,-0.00531330,0.89963203
d1,bear,200,3,bb_below_mid,10134,0.05293821,0.05486481,0.00192660,1.03639344
d1,bear,200,3,bb_above_mid,11437,0.05293821,0.05228644,-0.00065177,0.98768811
d1,bear,200,3,body_ratio_gt60,7360,0.05293821,0.05883152,0.00589331,1.11132439
d1,bear,300,3,ema_stack_bull,9837,0.01958805,0.02643082,0.00684277,1.34933372
d1,bear,300,3,ema_stack_bear,6398,0.01958805,0.00953423,-0.01005383,0.48673693
d1,bear,300,3,price_above_ema20,11727,0.01958805,0.01850431,-0.00108375,0.94467300
d1,bear,300,3,price_above_200,12917,0.01958805,0.02368971,0.00410166,1.20939582
d1,bear,300,3,rsi_lt30,807,0.01958805,0.04956629,0.02997824,2.53043481
d1,bear,300,3,rsi_30_45,5937,0.01958805,0.01802257,-0.00156548,0.92007965
d1,bear,300,3,rsi_45_55,6567,0.01958805,0.01842546,-0.00116259,0.94064781
d1,bear,300,3,rsi_55_70,7169,0.01958805,0.01729669,-0.00229136,0.88302256
d1,bear,300,3,rsi_gt70,1151,0.01958805,0.03040834,0.01082029,1.55239208
d1,bear,300,3,macd_hist_pos,11022,0.01958805,0.01578661,-0.00380145,0.80593040
d1,bear,300,3,adx_gt25,7908,0.01958805,0.02491148,0.00532343,1.27176908
d1,bear,300,3,pdi_gt_mdi,11900,0.01958805,0.01613445,-0.00345360,0.82368843
d1,bear,300,3,mdi_gt_pdi,9743,0.01958805,0.02411988,0.00453183,1.23135664
d1,bear,300,3,atr_high,6213,0.01958805,0.03251247,0.01292442,1.65981128
d1,bear,300,3,atr_low,8126,0.01958805,0.01562885,-0.00395921,0.79787636
d1,bear,300,3,bb_below_mid,10134,0.01958805,0.02180778,0.00221972,1.11332015
d1,bear,300,3,bb_above_mid,11437,0.01958805,0.01801172,-0.00157634,0.91952554
d1,bear,300,3,body_ratio_gt60,7360,0.01958805,0.02364130,0.00405325,1.20692457
d1,bear,50,5,ema_stack_bull,9837,0.56534703,0.60018298,0.03483595,1.06161870
d1,bear,50,5,ema_stack_bear,6398,0.56534703,0.51875586,-0.04659117,0.91758837
d1,bear,50,5,price_above_ema20,11727,0.56534703,0.58037009,0.01502305,1.02657315
d1,bear,50,5,price_above_200,12917,0.56534703,0.59193311,0.02658608,1.04702612
d1,bear,50,5,rsi_lt30,807,0.56534703,0.53903346,-0.02631358,0.95345589
d1,bear,50,5,rsi_30_45,5937,0.56534703,0.54286677,-0.02248027,0.96023634
d1,bear,50,5,rsi_45_55,6567,0.56534703,0.55169788,-0.01364915,0.97585704
d1,bear,50,5,rsi_55_70,7169,0.56534703,0.58878505,0.02343801,1.04145774
d1,bear,50,5,rsi_gt70,1151,0.56534703,0.62901825,0.06367121,1.11262323
d1,bear,50,5,macd_hist_pos,11022,0.56534703,0.56577754,0.00043050,1.00076148
d1,bear,50,5,adx_gt25,7908,0.56534703,0.59800202,0.03265499,1.05776096
d1,bear,50,5,pdi_gt_mdi,11900,0.56534703,0.57605042,0.01070339,1.01893242
d1,bear,50,5,mdi_gt_pdi,9743,0.56534703,0.55167813,-0.01366891,0.97582210
d1,bear,50,5,atr_high,6213,0.56534703,0.60148077,0.03613373,1.06391425
d1,bear,50,5,atr_low,8126,0.56534703,0.53790303,-0.02744401,0.95145635
d1,bear,50,5,bb_below_mid,10134,0.56534703,0.55279258,-0.01255445,0.97779337
d1,bear,50,5,bb_above_mid,11437,0.56534703,0.57646236,0.01111532,1.01966106
d1,bear,50,5,body_ratio_gt60,7360,0.56534703,0.58084239,0.01549536,1.02740858
d1,bear,100,5,ema_stack_bull,9837,0.29891279,0.33079191,0.03187911,1.10665022
d1,bear,100,5,ema_stack_bear,6398,0.29891279,0.25554861,-0.04336419,0.85492697
d1,bear,100,5,price_above_ema20,11727,0.29891279,0.31056536,0.01165257,1.03898317
d1,bear,100,5,price_above_200,12917,0.29891279,0.32314005,0.02422725,1.08105124
d1,bear,100,5,rsi_lt30,807,0.29891279,0.28748451,-0.01142828,0.96176716
d1,bear,100,5,rsi_30_45,5937,0.29891279,0.27657066,-0.02234214,0.92525534
d1,bear,100,5,rsi_45_55,6567,0.29891279,0.29008680,-0.00882600,0.97047301
d1,bear,100,5,rsi_55_70,7169,0.29891279,0.31315386,0.01424106,1.04764287
d1,bear,100,5,rsi_gt70,1151,0.29891279,0.38662033,0.08770754,1.29342182
d1,bear,100,5,macd_hist_pos,11022,0.29891279,0.29876610,-0.00014669,0.99950925
d1,bear,100,5,adx_gt25,7908,0.29891279,0.32005564,0.02114285,1.07073249
d1,bear,100,5,pdi_gt_mdi,11900,0.29891279,0.30184874,0.00293595,1.00982208
d1,bear,100,5,mdi_gt_pdi,9743,0.29891279,0.29549420,-0.00341859,0.98856324
d1,bear,100,5,atr_high,6213,0.29891279,0.32721713,0.02830433,1.09469093
d1,bear,100,5,atr_low,8126,0.29891279,0.28390352,-0.01500927,0.94978711
d1,bear,100,5,bb_below_mid,10134,0.29891279,0.29090191,-0.00801088,0.97319994
d1,bear,100,5,bb_above_mid,11437,0.29891279,0.30716097,0.00824817,1.02759392
d1,bear,100,5,body_ratio_gt60,7360,0.29891279,0.31086957,0.01195677,1.04000087
d1,bear,150,5,ema_stack_bull,9837,0.15730079,0.18633730,0.02903650,1.18459223
d1,bear,150,5,ema_stack_bear,6398,0.15730079,0.12410128,-0.03319951,0.78894250
d1,bear,150,5,price_above_ema20,11727,0.15730079,0.16270146,0.00540066,1.03433336
d1,bear,150,5,price_above_200,12917,0.15730079,0.17565998,0.01835919,1.11671390
d1,bear,150,5,rsi_lt30,807,0.15730079,0.17843866,0.02113787,1.13437865
d1,bear,150,5,rsi_30_45,5937,0.15730079,0.14131716,-0.01598363,0.89838812
d1,bear,150,5,rsi_45_55,6567,0.15730079,0.15486524,-0.00243556,0.98451655
d1,bear,150,5,rsi_55_70,7169,0.15730079,0.16445808,0.00715729,1.04550066
d1,bear,150,5,rsi_gt70,1151,0.15730079,0.20503910,0.04773830,1.30348418
d1,bear,150,5,macd_hist_pos,11022,0.15730079,0.15233170,-0.00496909,0.96841025
d1,bear,150,5,adx_gt25,7908,0.15730079,0.17488619,0.01758540,1.11179472
d1,bear,150,5,pdi_gt_mdi,11900,0.15730079,0.15411765,-0.00318315,0.97976395
d1,bear,150,5,mdi_gt_pdi,9743,0.15730079,0.16237299,0.00507219,1.03224518
d1,bear,150,5,atr_high,6213,0.15730079,0.18815387,0.03085308,1.19614063
d1,bear,150,5,atr_low,8126,0.15730079,0.14619739,-0.01110340,0.92941293
d1,bear,150,5,bb_below_mid,10134,0.15730079,0.15660154,-0.00069925,0.99555467
d1,bear,150,5,bb_above_mid,11437,0.15730079,0.15983212,0.00253133,1.01609229
d1,bear,150,5,body_ratio_gt60,7360,0.15730079,0.16480978,0.00750899,1.04773650
d1,bear,200,5,ema_stack_bull,9837,0.09050874,0.11141608,0.02090734,1.23099806
d1,bear,200,5,ema_stack_bear,6398,0.09050874,0.06517662,-0.02533212,0.72011408
d1,bear,200,5,price_above_ema20,11727,0.09050874,0.09064552,0.00013678,1.00151123
d1,bear,200,5,price_above_200,12917,0.09050874,0.10304250,0.01253376,1.13848125
d1,bear,200,5,rsi_lt30,807,0.09050874,0.11524164,0.02473290,1.27326529
d1,bear,200,5,rsi_30_45,5937,0.09050874,0.08404918,-0.00645956,0.92863058
d1,bear,200,5,rsi_45_55,6567,0.09050874,0.08573169,-0.00477705,0.94722001
d1,bear,200,5,rsi_55_70,7169,0.09050874,0.09359743,0.00308869,1.03412593
d1,bear,200,5,rsi_gt70,1151,0.09050874,0.12684622,0.03633748,1.40148037
d1,bear,200,5,macd_hist_pos,11022,0.09050874,0.08256215,-0.00794659,0.91220085
d1,bear,200,5,adx_gt25,7908,0.09050874,0.10166920,0.01116046,1.12330806
d1,bear,200,5,pdi_gt_mdi,11900,0.09050874,0.08420168,-0.00630706,0.93031548
d1,bear,200,5,mdi_gt_pdi,9743,0.09050874,0.09955866,0.00904992,1.09998944
d1,bear,200,5,atr_high,6213,0.09050874,0.11797843,0.02746969,1.30350322
d1,bear,200,5,atr_low,8126,0.09050874,0.08355895,-0.00694979,0.92321413
d1,bear,200,5,bb_below_mid,10134,0.09050874,0.09453325,0.00402452,1.04446549
d1,bear,200,5,bb_above_mid,11437,0.09050874,0.08865961,-0.00184913,0.97956965
d1,bear,200,5,body_ratio_gt60,7360,0.09050874,0.10013587,0.00962713,1.10636686
d1,bear,300,5,ema_stack_bull,9837,0.03702005,0.04798211,0.01096206,1.29611150
d1,bear,300,5,ema_stack_bear,6398,0.03702005,0.02141294,-0.01560711,0.57841476
d1,bear,300,5,price_above_ema20,11727,0.03702005,0.03649697,-0.00052307,0.98587052
d1,bear,300,5,price_above_200,12917,0.03702005,0.04374081,0.00672076,1.18154380
d1,bear,300,5,rsi_lt30,807,0.03702005,0.06567534,0.02865529,1.77404802
d1,bear,300,5,rsi_30_45,5937,0.03702005,0.03368705,-0.00333300,0.90996771
d1,bear,300,5,rsi_45_55,6567,0.03702005,0.03624182,-0.00077823,0.97897810
d1,bear,300,5,rsi_55_70,7169,0.03702005,0.03529084,-0.00172921,0.95328987
d1,bear,300,5,rsi_gt70,1151,0.03702005,0.05473501,0.01771497,1.47852360
d1,bear,300,5,macd_hist_pos,11022,0.03702005,0.03166394,-0.00535610,0.85531888
d1,bear,300,5,adx_gt25,7908,0.03702005,0.04400607,0.00698602,1.18870919
d1,bear,300,5,pdi_gt_mdi,11900,0.03702005,0.03294118,-0.00407887,0.88981996
d1,bear,300,5,mdi_gt_pdi,9743,0.03702005,0.04259468,0.00557464,1.15058427
d1,bear,300,5,atr_high,6213,0.03702005,0.05472397,0.01770392,1.47822519
d1,bear,300,5,atr_low,8126,0.03702005,0.03162688,-0.00539317,0.85431758
d1,bear,300,5,bb_below_mid,10134,0.03702005,0.03996448,0.00294443,1.07953608
d1,bear,300,5,bb_above_mid,11437,0.03702005,0.03514908,-0.00187097,0.94946065
d1,bear,300,5,body_ratio_gt60,7360,0.03702005,0.04266304,0.00564300,1.15243084
d1,bear,50,10,ema_stack_bull,9837,0.67961833,0.71292061,0.03330227,1.04900144
d1,bear,50,10,ema_stack_bear,6398,0.67961833,0.63410441,-0.04551392,0.93303017
d1,bear,50,10,price_above_ema20,11727,0.67961833,0.69318666,0.01356833,1.01996464
d1,bear,50,10,price_above_200,12917,0.67961833,0.70449795,0.02487962,1.03660822
d1,bear,50,10,rsi_lt30,807,0.67961833,0.61338290,-0.06623543,0.90254025
d1,bear,50,10,rsi_30_45,5937,0.67961833,0.66060300,-0.01901533,0.97202057
d1,bear,50,10,rsi_45_55,6567,0.67961833,0.67138724,-0.00823109,0.98788866
d1,bear,50,10,rsi_55_70,7169,0.67961833,0.69870275,0.01908442,1.02808108
d1,bear,50,10,rsi_gt70,1151,0.67961833,0.75152042,0.07190209,1.10579774
d1,bear,50,10,macd_hist_pos,11022,0.67961833,0.68000363,0.00038530,1.00056693
d1,bear,50,10,adx_gt25,7908,0.67961833,0.71004047,0.03042213,1.04476356
d1,bear,50,10,pdi_gt_mdi,11900,0.67961833,0.69226891,0.01265058,1.01861424
d1,bear,50,10,mdi_gt_pdi,9743,0.67961833,0.66375860,-0.01585974,0.97666376
d1,bear,50,10,atr_high,6213,0.67961833,0.70368582,0.02406749,1.03541324
d1,bear,50,10,atr_low,8126,0.67961833,0.66010337,-0.01951496,0.97128541
d1,bear,50,10,bb_below_mid,10134,0.67961833,0.66755477,-0.01206356,0.98224950
d1,bear,50,10,bb_above_mid,11437,0.67961833,0.69039084,0.01077251,1.01585082
d1,bear,50,10,body_ratio_gt60,7360,0.67961833,0.68980978,0.01019145,1.01499585
d1,bear,100,10,ema_stack_bull,9837,0.44052479,0.48358239,0.04305760,1.09774160
d1,bear,100,10,ema_stack_bear,6398,0.44052479,0.38293217,-0.05759263,0.86926359
d1,bear,100,10,price_above_ema20,11727,0.44052479,0.45450669,0.01398190,1.03173919
d1,bear,100,10,price_above_200,12917,0.44052479,0.47209104,0.03156625,1.07165601
d1,bear,100,10,rsi_lt30,807,0.44052479,0.37670384,-0.06382095,0.85512517
d1,bear,100,10,rsi_30_45,5937,0.44052479,0.41755095,-0.02297384,0.94784892
d1,bear,100,10,rsi_45_55,6567,0.44052479,0.42896300,-0.01156180,0.97375449
d1,bear,100,10,rsi_55_70,7169,0.44052479,0.46212861,0.02160381,1.04904109
d1,bear,100,10,rsi_gt70,1151,0.44052479,0.54474370,0.10421891,1.23657898
d1,bear,100,10,macd_hist_pos,11022,0.44052479,0.43512974,-0.00539505,0.98775312
d1,bear,100,10,adx_gt25,7908,0.44052479,0.46686899,0.02634420,1.05980185
d1,bear,100,10,pdi_gt_mdi,11900,0.44052479,0.44840336,0.00787857,1.01788450
d1,bear,100,10,mdi_gt_pdi,9743,0.44052479,0.43169455,-0.00883024,0.97995517
d1,bear,100,10,atr_high,6213,0.44052479,0.47239659,0.03187179,1.07234960
d1,bear,100,10,atr_low,8126,0.44052479,0.42887029,-0.01165450,0.97354405
d1,bear,100,10,bb_below_mid,10134,0.44052479,0.43230709,-0.00821771,0.98134564
d1,bear,100,10,bb_above_mid,11437,0.44052479,0.44950599,0.00898119,1.02038749
d1,bear,100,10,body_ratio_gt60,7360,0.44052479,0.44633152,0.00580673,1.01318139
d1,bear,150,10,ema_stack_bull,9837,0.27134272,0.31218868,0.04084595,1.15053270
d1,bear,150,10,ema_stack_bear,6398,0.27134272,0.21819319,-0.05314954,0.80412396
d1,bear,150,10,price_above_ema20,11727,0.27134272,0.28310736,0.01176464,1.04335711
d1,bear,150,10,price_above_200,12917,0.27134272,0.29921808,0.02787536,1.10273120
d1,bear,150,10,rsi_lt30,807,0.27134272,0.25402726,-0.01731546,0.93618601
d1,bear,150,10,rsi_30_45,5937,0.27134272,0.24220987,-0.02913285,0.89263448
d1,bear,150,10,rsi_45_55,6567,0.27134272,0.27440231,0.00305959,1.01127575
d1,bear,150,10,rsi_55_70,7169,0.27134272,0.28344260,0.01209988,1.04459260
d1,bear,150,10,rsi_gt70,1151,0.27134272,0.35273675,0.08139403,1.29996761
d1,bear,150,10,macd_hist_pos,11022,0.27134272,0.26438033,-0.00696239,0.97434097
d1,bear,150,10,adx_gt25,7908,0.27134272,0.28856854,0.01722582,1.06348361
d1,bear,150,10,pdi_gt_mdi,11900,0.27134272,0.27285714,0.00151442,1.00558121
d1,bear,150,10,mdi_gt_pdi,9743,0.27134272,0.27065586,-0.00068687,0.99746864
d1,bear,150,10,atr_high,6213,0.27134272,0.29824561,0.02690289,1.09914728
d1,bear,150,10,atr_low,8126,0.27134272,0.26298302,-0.00835970,0.96919134
d1,bear,150,10,bb_below_mid,10134,0.27134272,0.26751530,-0.00382743,0.98589449
d1,bear,150,10,bb_above_mid,11437,0.27134272,0.27682084,0.00547812,1.02018894
d1,bear,150,10,body_ratio_gt60,7360,0.27134272,0.27581522,0.00447250,1.01648283
d1,bear,200,10,ema_stack_bull,9837,0.17211799,0.20656704,0.03444906,1.20014791
d1,bear,200,10,ema_stack_bear,6398,0.17211799,0.12644576,-0.04567222,0.73464585
d1,bear,200,10,price_above_ema20,11727,0.17211799,0.18094994,0.00883196,1.05131339
d1,bear,200,10,price_above_200,12917,0.17211799,0.19377564,0.02165766,1.12583030
d1,bear,200,10,rsi_lt30,807,0.17211799,0.17596035,0.00384236,1.02232399
d1,bear,200,10,rsi_30_45,5937,0.17211799,0.14906518,-0.02305280,0.86606395
d1,bear,200,10,rsi_45_55,6567,0.17211799,0.17100655,-0.00111144,0.99354257
d1,bear,200,10,rsi_55_70,7169,0.17211799,0.18189427,0.00977628,1.05679987
d1,bear,200,10,rsi_gt70,1151,0.17211799,0.25282363,0.08070564,1.46889721
d1,bear,200,10,macd_hist_pos,11022,0.17211799,0.16585012,-0.00626787,0.96358388
d1,bear,200,10,adx_gt25,7908,0.17211799,0.18727871,0.01516072,1.08808329
d1,bear,200,10,pdi_gt_mdi,11900,0.17211799,0.17159664,-0.00052135,0.99697098
d1,bear,200,10,mdi_gt_pdi,9743,0.17211799,0.17479216,0.00267417,1.01553685
d1,bear,200,10,atr_high,6213,0.17211799,0.19958152,0.02746354,1.15956226
d1,bear,200,10,atr_low,8126,0.17211799,0.16564115,-0.00647684,0.96236979
d1,bear,200,10,bb_below_mid,10134,0.17211799,0.17021906,-0.00189892,0.98896732
d1,bear,200,10,bb_above_mid,11437,0.17211799,0.17653231,0.00441432,1.02564706
d1,bear,200,10,body_ratio_gt60,7360,0.17211799,0.18220109,0.01008310,1.05858249
d1,bear,300,10,ema_stack_bull,9837,0.07963668,0.09992884,0.02029216,1.25480921
d1,bear,300,10,ema_stack_bear,6398,0.07963668,0.05595499,-0.02368169,0.70262831
d1,bear,300,10,price_above_ema20,11727,0.07963668,0.08425002,0.00461334,1.05792985
d1,bear,300,10,price_above_200,12917,0.07963668,0.09235891,0.01272223,1.15975335
d1,bear,300,10,rsi_lt30,807,0.07963668,0.08426270,0.00462602,1.05808907
d1,bear,300,10,rsi_30_45,5937,0.07963668,0.06787940,-0.01175728,0.85236351
d1,bear,300,10,rsi_45_55,6567,0.07963668,0.08238160,0.00274492,1.03446809
d1,bear,300,10,rsi_55_70,7169,0.07963668,0.07936951,-0.00026717,0.99664510
d1,bear,300,10,rsi_gt70,1151,0.07963668,0.13466551,0.05502883,1.69099851
d1,bear,300,10,macd_hist_pos,11022,0.07963668,0.07630194,-0.00333474,0.95812559
d1,bear,300,10,adx_gt25,7908,0.07963668,0.09016186,0.01052518,1.13216499
d1,bear,300,10,pdi_gt_mdi,11900,0.07963668,0.07781513,-0.00182155,0.97712669
d1,bear,300,10,mdi_gt_pdi,9743,0.07963668,0.08313661,0.00349993,1.04394872
d1,bear,300,10,atr_high,6213,0.07963668,0.09962981,0.01999313,1.25105426
d1,bear,300,10,atr_low,8126,0.07963668,0.07679055,-0.00284613,0.96426105
d1,bear,300,10,bb_below_mid,10134,0.07963668,0.07805408,-0.00158261,0.98012718
d1,bear,300,10,bb_above_mid,11437,0.07963668,0.08262656,0.00298988,1.03754404
d1,bear,300,10,body_ratio_gt60,7360,0.07963668,0.08451087,0.00487419,1.06120533
d1,bear,50,20,ema_stack_bull,9837,0.76379650,0.79048490,0.02668840,1.03494177
d1,bear,50,20,ema_stack_bear,6398,0.76379650,0.73648015,-0.02731635,0.96423608
d1,bear,50,20,price_above_ema20,11727,0.76379650,0.78280890,0.01901240,1.02489197
d1,bear,50,20,price_above_200,12917,0.76379650,0.78400557,0.02020907,1.02645871
d1,bear,50,20,rsi_lt30,807,0.76379650,0.70136307,-0.06243343,0.91825908
d1,bear,50,20,rsi_30_45,5937,0.76379650,0.73926225,-0.02453425,0.96787855
d1,bear,50,20,rsi_45_55,6567,0.76379650,0.75711893,-0.00667758,0.99125739
d1,bear,50,20,rsi_55_70,7169,0.76379650,0.78476775,0.02097125,1.02745659
d1,bear,50,20,rsi_gt70,1151,0.76379650,0.84100782,0.07721131,1.10108886
d1,bear,50,20,macd_hist_pos,11022,0.76379650,0.77472328,0.01092678,1.01430587
d1,bear,50,20,adx_gt25,7908,0.76379650,0.78945372,0.02565721,1.03359169
d1,bear,50,20,pdi_gt_mdi,11900,0.76379650,0.78184874,0.01805224,1.02363488
d1,bear,50,20,mdi_gt_pdi,9743,0.76379650,0.74145540,-0.02234110,0.97074993
d1,bear,50,20,atr_high,6213,0.76379650,0.77788508,0.01408858,1.01844546
d1,bear,50,20,atr_low,8126,0.76379650,0.75313808,-0.01065843,0.98604546
d1,bear,50,20,bb_below_mid,10134,0.76379650,0.74472074,-0.01907576,0.97502507
d1,bear,50,20,bb_above_mid,11437,0.76379650,0.78071173,0.01691522,1.02214624
d1,bear,50,20,body_ratio_gt60,7360,0.76379650,0.76603261,0.00223610,1.00292762
d1,bear,100,20,ema_stack_bull,9837,0.56658562,0.61563485,0.04904922,1.08656984
d1,bear,100,20,ema_stack_bear,6398,0.56658562,0.50078149,-0.06580413,0.88385846
d1,bear,100,20,price_above_ema20,11727,0.56658562,0.58719195,0.02060633,1.03636931
d1,bear,100,20,price_above_200,12917,0.56658562,0.60184253,0.03525691,1.06222698
d1,bear,100,20,rsi_lt30,807,0.56658562,0.47335812,-0.09322751,0.83545734
d1,bear,100,20,rsi_30_45,5937,0.56658562,0.54000337,-0.02658225,0.95308343
d1,bear,100,20,rsi_45_55,6567,0.56658562,0.55002284,-0.01656278,0.97076738
d1,bear,100,20,rsi_55_70,7169,0.56658562,0.59185382,0.02526819,1.04459730
d1,bear,100,20,rsi_gt70,1151,0.56658562,0.70807993,0.14149431,1.24973155
d1,bear,100,20,macd_hist_pos,11022,0.56658562,0.56940664,0.00282102,1.00497898
d1,bear,100,20,adx_gt25,7908,0.56658562,0.59572585,0.02914022,1.05143128
d1,bear,100,20,pdi_gt_mdi,11900,0.56658562,0.58134454,0.01475891,1.02604887
d1,bear,100,20,mdi_gt_pdi,9743,0.56658562,0.54870163,-0.01788399,0.96843550
d1,bear,100,20,atr_high,6213,0.56658562,0.58989216,0.02330654,1.04113507
d1,bear,100,20,atr_low,8126,0.56658562,0.56017721,-0.00640841,0.98868942
d1,bear,100,20,bb_below_mid,10134,0.56658562,0.54835208,-0.01823354,0.96781856
d1,bear,100,20,bb_above_mid,11437,0.56658562,0.58354464,0.01695901,1.02993195
d1,bear,100,20,body_ratio_gt60,7360,0.56658562,0.57078804,0.00420242,1.00741710
d1,bear,150,20,ema_stack_bull,9837,0.40974357,0.46111619,0.05137263,1.12537751
d1,bear,150,20,ema_stack_bear,6398,0.40974357,0.33526102,-0.07448255,0.81822156
d1,bear,150,20,price_above_ema20,11727,0.40974357,0.42338194,0.01363837,1.03328514
d1,bear,150,20,price_above_200,12917,0.40974357,0.44754974,0.03780617,1.09226789
d1,bear,150,20,rsi_lt30,807,0.40974357,0.31970260,-0.09004096,0.78025045
d1,bear,150,20,rsi_30_45,5937,0.40974357,0.38420077,-0.02554279,0.93766152
d1,bear,150,20,rsi_45_55,6567,0.40974357,0.40749201,-0.00225156,0.99450495
d1,bear,150,20,rsi_55_70,7169,0.40974357,0.42070024,0.01095667,1.02674031
d1,bear,150,20,rsi_gt70,1151,0.40974357,0.56211990,0.15237633,1.37188218
d1,bear,150,20,macd_hist_pos,11022,0.40974357,0.40382871,-0.00591486,0.98556448
d1,bear,150,20,adx_gt25,7908,0.40974357,0.43614062,0.02639705,1.06442334
d1,bear,150,20,pdi_gt_mdi,11900,0.40974357,0.41495798,0.00521442,1.01272605
d1,bear,150,20,mdi_gt_pdi,9743,0.40974357,0.40480345,-0.00494012,0.98794339
d1,bear,150,20,atr_high,6213,0.40974357,0.43167552,0.02193195,1.05352605
d1,bear,150,20,atr_low,8126,0.40974357,0.40819591,-0.00154765,0.99622288
d1,bear,150,20,bb_below_mid,10134,0.40974357,0.40003947,-0.00970410,0.97631666
d1,bear,150,20,bb_above_mid,11437,0.40974357,0.42038996,0.01064640,1.02598307
d1,bear,150,20,body_ratio_gt60,7360,0.40974357,0.41521739,0.00547383,1.01335915
d1,bear,200,20,ema_stack_bull,9837,0.29267398,0.33994104,0.04726706,1.16150074
d1,bear,200,20,ema_stack_bear,6398,0.29267398,0.22897781,-0.06369617,0.78236476
d1,bear,200,20,price_above_ema20,11727,0.29267398,0.30451096,0.01183698,1.04044426
d1,bear,200,20,price_above_200,12917,0.29267398,0.32654641,0.03387244,1.11573436
d1,bear,200,20,rsi_lt30,807,0.29267398,0.23048327,-0.06219070,0.78750859
d1,bear,200,20,rsi_30_45,5937,0.29267398,0.26882264,-0.02385134,0.91850544
d1,bear,200,20,rsi_45_55,6567,0.29267398,0.28856403,-0.00410994,0.98595726
d1,bear,200,20,rsi_55_70,7169,0.29267398,0.30562143,0.01294745,1.04423847
d1,bear,200,20,rsi_gt70,1151,0.29267398,0.42745439,0.13478041,1.46051382
d1,bear,200,20,macd_hist_pos,11022,0.29267398,0.28669933,-0.00597465,0.97958600
d1,bear,200,20,adx_gt25,7908,0.29267398,0.32106727,0.02839330,1.09701340
d1,bear,200,20,pdi_gt_mdi,11900,0.29267398,0.29537815,0.00270418,1.00923955
d1,bear,200,20,mdi_gt_pdi,9743,0.29267398,0.29210715,-0.00056682,0.99806330
d1,bear,200,20,atr_high,6213,0.29267398,0.32528569,0.03261172,1.11142677
d1,bear,200,20,atr_low,8126,0.29267398,0.27947330,-0.01320068,0.95489630
d1,bear,200,20,bb_below_mid,10134,0.29267398,0.28547464,-0.00719934,0.97540152
d1,bear,200,20,bb_above_mid,11437,0.29267398,0.30243945,0.00976548,1.03336639
d1,bear,200,20,body_ratio_gt60,7360,0.29267398,0.29959239,0.00691842,1.02363864
d1,bear,300,20,ema_stack_bull,9837,0.15780540,0.18948867,0.03168326,1.20077425
d1,bear,300,20,ema_stack_bear,6398,0.15780540,0.11487965,-0.04292575,0.72798299
d1,bear,300,20,price_above_ema20,11727,0.15780540,0.16713567,0.00933027,1.05912514
d1,bear,300,20,price_above_200,12917,0.15780540,0.18053728,0.02273187,1.14405003
d1,bear,300,20,rsi_lt30,807,0.15780540,0.12515489,-0.03265051,0.79309638
d1,bear,300,20,rsi_30_45,5937,0.15780540,0.13895907,-0.01884633,0.88057232
d1,bear,300,20,rsi_45_55,6567,0.15780540,0.15684483,-0.00096057,0.99391292
d1,bear,300,20,rsi_55_70,7169,0.15780540,0.16473706,0.00693166,1.04392536
d1,bear,300,20,rsi_gt70,1151,0.15780540,0.26324935,0.10544394,1.66818969
d1,bear,300,20,macd_hist_pos,11022,0.15780540,0.15441844,-0.00338697,0.97853706
d1,bear,300,20,adx_gt25,7908,0.15780540,0.17551846,0.01771306,1.11224621
d1,bear,300,20,pdi_gt_mdi,11900,0.15780540,0.16336134,0.00555594,1.03520754
d1,bear,300,20,mdi_gt_pdi,9743,0.15780540,0.15354614,-0.00425927,0.97300936
d1,bear,300,20,atr_high,6213,0.15780540,0.18751006,0.02970466,1.18823598
d1,bear,300,20,atr_low,8126,0.15780540,0.14238248,-0.01542293,0.90226616
d1,bear,300,20,bb_below_mid,10134,0.15780540,0.15097691,-0.00682849,0.95672839
d1,bear,300,20,bb_above_mid,11437,0.15780540,0.16700184,0.00919643,1.05827704
d1,bear,300,20,body_ratio_gt60,7360,0.15780540,0.16236413,0.00455873,1.02888828
