timeframe,direction,target_pips,conditions,discovery_samples,validation_samples,oos_samples,discovery_lift,validation_lift,oos_lift,oos_pairs_n_ge5,oos_pairs_positive_lift,oos_pair_positive_share,oos_min_pair_lift,oos_median_pair_lift,oos_recomputed_samples,oos_recomputed_hit_rate,oos_wilson95_lower
h4,bull,100,rsi_extreme+adx+volatility+body,130,0,0,2.18593407,,,2,2,1.00000000,1.93333333,2.29238095,33,0.24242424,0.12831713
h4,bull,100,rsi_extreme+volatility+body,163,0,0,1.98551952,,,4,4,1.00000000,2.41666667,3.23952381,42,0.35714286,0.22989188
h4,bull,100,adx+volatility+body,577,106,86,1.64166048,1.17203108,1.38313953,8,4,0.50000000,0.00000000,1.42769231,86,0.15116279,0.09052123
h4,bull,100,rsi_extreme+adx+body,200,0,0,1.61819841,,,4,3,0.75000000,1.40000000,2.41666667,42,0.21428571,0.11705800
h4,bull,100,rsi_extreme+adx+volatility,203,0,51,1.59428415,,1.79411765,5,3,0.60000000,0.77777778,1.47053571,51,0.19607843,0.11015343
h4,bull,100,rsi_extreme+body,261,0,59,1.57268138,,2.63644068,8,4,0.50000000,0.00000000,2.76190476,59,0.28813559,0.18836500
h4,bull,100,price200+adx+volatility+body,267,64,0,1.50777599,1.33455882,,1,0,0.00000000,0.00000000,0.00000000,32,0.12500000,0.04970134
h4,bull,100,trend+adx+volatility+body,236,52,0,1.50514528,1.04524887,,1,0,0.00000000,0.00000000,0.00000000,22,0.13636364,0.04749004
h4,bull,100,rsi_extreme+volatility,246,0,63,1.47604852,,2.46904762,6,4,0.66666667,0.00000000,2.11607143,63,0.26984127,0.17583844
h4,bull,100,volatility+body,1039,206,133,1.45869197,1.35693889,1.85751880,10,7,0.70000000,0.00000000,1.53333333,133,0.20300752,0.14343687
h4,bull,100,trend+macd+adx+body,213,0,0,1.44531634,,,1,1,1.00000000,3.83333333,3.83333333,21,0.14285714,0.04981012
h4,bull,100,price200+volatility+body,487,120,60,1.44257684,1.22941176,1.37250000,9,5,0.55555556,0.00000000,1.61847619,60,0.15000000,0.08097441
h4,bull,100,trend+adx+body,429,93,0,1.43520924,0.91840607,,3,2,0.66666667,0.96666667,2.87500000,41,0.14634146,0.06884248
h4,bull,100,macd+adx+volatility+body,259,50,0,1.43243856,1.39764706,,1,0,0.00000000,0.00000000,0.00000000,29,0.13793103,0.05497440
h4,bull,100,trend+price200+adx+body,411,92,0,1.40203530,0.92838875,,3,2,0.66666667,0.96666667,2.87500000,40,0.15000000,0.07061188
h4,bull,100,trend+macd+adx,607,145,67,1.39146727,0.96389452,1.09253731,8,4,0.50000000,0.00000000,1.12601190,67,0.11940299,0.06176233
h4,bull,100,trend+macd+adx+di,593,141,64,1.38438395,0.99123905,1.14375000,8,4,0.50000000,0.00000000,1.17639456,64,0.12500000,0.06472243
h4,bull,100,trend+price200+macd+adx,606,145,67,1.38073760,0.96389452,1.09253731,8,4,0.50000000,0.00000000,1.12601190,67,0.11940299,0.06176233
h4,bull,100,price200+macd+adx+body,292,63,0,1.37868558,1.35574230,,2,2,1.00000000,3.06666667,3.17619048,37,0.10810811,0.04285190
h4,bull,100,macd+volatility+body,450,85,0,1.36823280,1.18754325,,4,4,1.00000000,1.54666667,2.55555556,46,0.17391304,0.09085792
h4,bull,100,price200+macd+volatility+body,254,66,0,1.36740407,1.29411765,,2,1,0.50000000,0.00000000,1.53333333,35,0.14285714,0.06260231
h4,bull,100,price200+momentum+volatility+body,266,51,0,1.36506743,0.76124567,,2,1,0.50000000,0.00000000,1.69285714,32,0.12500000,0.04970134
h4,bull,100,adx+body,1001,193,145,1.36423735,1.00579092,1.26206897,11,5,0.45454545,0.00000000,0.84423077,145,0.13793103,0.09109583
h4,bull,100,macd+adx+di+body,355,75,0,1.35637380,1.13882353,,4,2,0.50000000,0.00000000,1.43750000,39,0.07692308,0.02650740
h4,bull,100,trend+volatility+body,426,97,57,1.35266786,1.12067920,2.24736842,7,5,0.71428571,0.00000000,1.81250000,57,0.24561404,0.15232837
h4,bull,100,trend+price20+macd+adx,590,142,65,1.35128598,0.98425849,1.12615385,8,4,0.50000000,0.00000000,1.12601190,65,0.12307692,0.06370468
h4,bull,100,trend+macd+adx+bb,596,144,67,1.35092681,0.97058824,1.09253731,8,4,0.50000000,0.00000000,1.12601190,67,0.11940299,0.06176233
h4,bull,100,trend+price20+adx+body,246,50,0,1.34769648,0.77647059,,1,1,1.00000000,3.28571429,3.28571429,23,0.13043478,0.04537659
h4,bull,100,trend+price200+volatility+body,383,91,0,1.33965353,1.02391726,,3,2,0.66666667,0.00000000,1.38095238,45,0.17777778,0.09294390
h4,bull,100,price20+adx+di+body,383,76,0,1.33965353,1.12383901,,3,1,0.33333333,0.00000000,0.00000000,39,0.07692308,0.02650740
h4,bull,100,price20+price200+volatility+body,267,59,0,1.33039058,1.18444666,,2,1,0.50000000,0.00000000,1.53333333,37,0.10810811,0.04285190
h4,bull,100,macd+adx+body,487,92,62,1.32911574,1.18158568,1.03306452,5,3,0.60000000,0.00000000,1.03111111,62,0.11290323,0.05577864
h4,bull,100,price20+price200+adx+body,321,65,0,1.32790387,1.31402715,,2,1,0.50000000,0.00000000,1.43750000,38,0.07894737,0.02721460
h4,bull,100,price200+adx+body,512,113,60,1.32588666,1.16814159,1.06750000,8,3,0.37500000,0.00000000,0.80555556,60,0.11666667,0.05767721
h4,bull,100,macd+adx+bb+body,382,76,0,1.32249647,1.22600619,,5,2,0.40000000,0.00000000,0.00000000,47,0.06382979,0.02194539
h4,bull,100,adx+di+bb+body,389,78,0,1.31899049,1.09502262,,4,2,0.50000000,0.00000000,1.43750000,40,0.07500000,0.02583603
h4,bull,100,price200+macd+adx+di,809,189,92,1.31723468,1.15032680,0.89510870,10,4,0.40000000,0.00000000,0.62275819,92,0.09782609,0.05232376
h4,bull,100,price200+volatility+bb+body,266,64,0,1.30571667,1.21323529,,2,1,0.50000000,0.00000000,1.27777778,38,0.10526316,0.04170257
h4,bull,100,trend+adx+bb+body,243,51,0,1.29936639,0.76124567,,1,1,1.00000000,3.28571429,3.28571429,24,0.12500000,0.04344334
h4,bull,100,price200+adx+bb+body,322,66,0,1.29926550,1.29411765,,3,2,0.66666667,0.00000000,2.87500000,39,0.07692308,0.02650740
h4,bull,100,price200+macd+di+volatility,629,175,79,1.29260100,1.15361345,1.04240506,9,4,0.44444444,0.00000000,1.32714286,79,0.11392405,0.06110579
h4,bull,100,macd+di+volatility+body,324,69,0,1.29124535,1.01278772,,2,2,1.00000000,2.87500000,2.97083333,33,0.15151515,0.06650457
h4,bull,100,price200+macd+adx,851,202,108,1.28932722,1.11473500,0.93194444,11,4,0.36363636,0.00000000,0.67162698,108,0.10185185,0.05782932
h4,bull,100,adx+bb+body,429,81,50,1.28800829,1.15032680,0.54900000,6,2,0.33333333,0.00000000,0.00000000,50,0.06000000,0.02061497
h4,bull,100,price200+macd+adx+bb,828,198,106,1.28700828,1.13725490,0.86320755,11,4,0.36363636,0.00000000,0.45788240,106,0.09433962,0.05205250
h4,bull,100,trend+macd+adx+volatility,276,71,0,1.28700828,0.98425849,,1,1,1.00000000,7.66666667,7.66666667,28,0.10714286,0.03711837
h4,bull,100,price200+di+volatility+body,307,69,0,1.28561088,1.01278772,,3,2,0.66666667,0.00000000,2.55555556,37,0.10810811,0.04285190
h4,bull,100,adx+volatility+bb+body,215,0,0,1.28501292,,,1,0,0.00000000,0.00000000,0.00000000,25,0.04000000,0.00709623
h4,bull,100,price20+price200+macd+adx,818,195,102,1.28344200,1.15475113,0.89705882,11,4,0.36363636,0.00000000,0.45788240,102,0.09803922,0.05412802
h4,bull,100,trend+adx+di+body,296,62,0,1.28005148,0.75142315,,1,1,1.00000000,3.83333333,3.83333333,28,0.10714286,0.03711837
h4,bull,150,rsi_extreme+adx+volatility+body,130,0,0,2.14353448,,,2,1,0.50000000,0.00000000,0.75324675,33,0.03030303,0.00536941
h4,bull,150,trend+macd+adx+body,213,0,0,1.81143759,,,1,0,0.00000000,0.00000000,0.00000000,21,0.00000000,-0.00000000
h4,bull,150,macd+adx+di+volatility,486,115,50,1.76422591,1.43036789,0.56307692,5,1,0.20000000,0.00000000,1.91666667,50,0.02000000,0.00353926
h4,bull,150,price200+macd+adx+body,292,63,0,1.76180916,1.45054945,,2,0,0.00000000,0.00000000,0.00000000,37,0.00000000,-0.00000000
h4,bull,150,price200+macd+adx+volatility,384,99,0,1.73045753,1.66153846,,4,1,0.25000000,0.00000000,1.91666667,48,0.02083333,0.00368711
h4,bull,150,trend+adx+volatility+body,236,52,0,1.72572691,1.05443787,,1,0,0.00000000,0.00000000,0.00000000,22,0.00000000,0.00000000
h4,bull,150,adx+di+volatility+bb,539,118,52,1.71005534,1.23911343,0.54142012,6,1,0.16666667,0.00000000,1.91666667,52,0.01923077,0.00340281
h4,bull,150,rsi_extreme+volatility+body,163,0,0,1.70956738,,,4,4,1.00000000,2.34343434,2.95833333,42,0.11904762,0.05193803
h4,bull,150,price200+macd+adx,851,202,108,1.68762409,1.44767708,0.52136752,11,2,0.18181818,0.00000000,0.00000000,108,0.01851852,0.00509322
h4,bull,150,price200+adx+volatility+body,267,64,0,1.68592600,1.71346154,,1,0,0.00000000,0.00000000,0.00000000,32,0.00000000,0.00000000
h4,bull,150,macd+adx+di+bb,1006,231,113,1.68329249,1.50329670,0.49829816,11,1,0.09090909,0.00000000,0.00000000,113,0.01769912,0.00486723
h4,bull,150,price20+macd+adx+di,986,228,112,1.67395695,1.52307692,0.50274725,11,1,0.09090909,0.00000000,0.00000000,112,0.01785714,0.00491081
h4,bull,150,price20+adx+di+volatility,538,114,53,1.67339123,1.28259109,0.53120464,6,1,0.16666667,0.00000000,1.91666667,53,0.01886792,0.00333845
h4,bull,150,macd+adx+di,1017,235,115,1.66508578,1.55548282,0.48963211,11,1,0.09090909,0.00000000,0.00000000,115,0.01739130,0.00478235
h4,bull,150,trend+price200+macd+adx,606,145,67,1.66247724,1.00838196,0.84041332,8,2,0.25000000,0.00000000,0.00000000,67,0.02985075,0.00822469
h4,bull,150,trend+macd+adx,607,145,67,1.65973840,1.00838196,0.84041332,8,2,0.25000000,0.00000000,0.00000000,67,0.02985075,0.00822469
h4,bull,150,price20+macd+adx+volatility,504,112,64,1.65868740,1.30549451,0.43990385,7,1,0.14285714,0.00000000,0.00000000,64,0.01562500,0.00276354
h4,bull,150,price200+macd+adx+bb,828,198,106,1.65683825,1.38461538,0.53120464,11,2,0.18181818,0.00000000,0.00000000,106,0.01886792,0.00518961
h4,bull,150,price200+macd+adx+di,809,189,92,1.64275819,1.45054945,0.61204013,10,2,0.20000000,0.00000000,0.00000000,92,0.02173913,0.00598204
h4,bull,150,adx+di+volatility,603,128,59,1.63520043,1.28509615,0.47718383,6,1,0.16666667,0.00000000,1.91666667,59,0.01694915,0.00299823
h4,bull,150,trend+macd+adx+volatility,276,71,0,1.63095015,0.77226436,,1,0,0.00000000,,,28,0.03571429,0.00633252
h4,bull,150,macd+adx+volatility+bb,540,118,68,1.62749840,1.23911343,0.41402715,8,1,0.12500000,0.00000000,0.00000000,68,0.01470588,0.00260068
h4,bull,150,macd+adx+bb+body,382,76,0,1.62729058,1.44291498,,5,0,0.00000000,0.00000000,0.00000000,47,0.00000000,-0.00000000
h4,bull,150,price20+price200+macd+adx,818,195,102,1.62468384,1.40591716,0.55203620,11,2,0.18181818,0.00000000,0.00000000,102,0.01960784,0.00539375
h4,bull,150,macd+adx+bb,1109,252,147,1.62359690,1.45054945,0.76609105,11,2,0.18181818,0.00000000,0.29292929,147,0.02721088,0.01063156
h4,bull,150,price20+macd+adx+bb,1045,243,140,1.62047104,1.50427350,0.80439560,11,2,0.18181818,0.00000000,0.35151515,140,0.02857143,0.01116578
h4,bull,150,price20+macd+adx,1049,243,140,1.61429194,1.50427350,0.80439560,11,2,0.18181818,0.00000000,0.35151515,140,0.02857143,0.01116578
h4,bull,150,momentum+macd+adx+volatility,360,71,0,1.60765086,1.54452871,,3,0,0.00000000,0.00000000,0.00000000,46,0.00000000,0.00000000
h4,bull,150,price20+adx+volatility+bb,561,119,69,1.60478517,1.22870071,0.40802676,8,1,0.12500000,0.00000000,0.00000000,69,0.01449275,0.00256292
h4,bull,150,price200+adx+volatility,628,143,73,1.60423759,1.40591716,0.38566913,7,1,0.14285714,0.00000000,0.00000000,73,0.01369863,0.00242225
h4,bull,150,price200+macd+volatility+body,254,66,0,1.60343131,1.66153846,,2,0,0.00000000,0.00000000,0.00000000,35,0.02857143,0.00506149
h4,bull,150,trend+price20+macd+adx,590,142,65,1.59856809,0.90097508,0.86627219,8,2,0.25000000,0.00000000,0.00000000,65,0.03076923,0.00847900
h4,bull,150,adx+volatility+body,577,106,86,1.59743471,1.55181422,0.98211091,8,2,0.25000000,0.00000000,0.00000000,86,0.03488372,0.01193380
h4,bull,150,trend+macd+adx+di,593,141,64,1.59048090,1.03698854,0.87980769,8,2,0.25000000,0.00000000,0.00000000,64,0.03125000,0.00861214
h4,bull,150,macd+adx+body,487,92,62,1.58454294,1.39063545,0.90818859,5,2,0.40000000,0.00000000,0.58585859,62,0.03225806,0.00889137
h4,bull,150,trend+macd+adx+bb,596,144,67,1.58247512,0.88846154,0.84041332,8,2,0.25000000,0.00000000,0.00000000,67,0.02985075,0.00822469
h4,bull,150,macd+adx+volatility+body,259,50,0,1.57247703,1.82769231,,1,0,0.00000000,0.00000000,0.00000000,29,0.06896552,0.01912127
h4,bull,150,adx+volatility+bb,600,126,73,1.57192529,1.16043956,0.38566913,9,1,0.11111111,0.00000000,0.00000000,73,0.01369863,0.00242225
h4,bull,150,macd+adx+di+body,355,75,0,1.56991258,1.70584615,,4,0,0.00000000,0.00000000,0.00000000,39,0.00000000,-0.00000000
h4,bull,150,macd+adx+volatility,656,139,90,1.56843987,1.18339790,1.56410256,11,4,0.36363636,0.00000000,1.78896104,90,0.05555556,0.02396097
h4,bull,150,adx+di+bb,1154,252,124,1.56028507,1.37802198,0.45409429,11,1,0.09090909,0.00000000,0.00000000,124,0.01612903,0.00443436
h4,bull,150,price20+adx+volatility,577,119,70,1.56028507,1.22870071,0.40219780,8,1,0.12500000,0.00000000,0.00000000,70,0.01428571,0.00252625
h4,bull,150,price20+adx+di+bb,1128,247,123,1.55824315,1.40591716,0.45778612,11,1,0.09090909,0.00000000,0.00000000,123,0.01626016,0.00447051
h4,bull,150,macd+adx,1306,288,187,1.54281961,1.33269231,1.20444262,11,4,0.36363636,0.00000000,1.16919192,187,0.04278075,0.02183454
h4,bull,150,momentum+adx+volatility,501,87,58,1.54026430,1.26047745,0.00000000,5,0,0.00000000,0.00000000,0.00000000,58,0.00000000,0.00000000
h4,bull,150,price20+adx+di,1157,251,124,1.53771272,1.38351211,0.45409429,11,1,0.09090909,0.00000000,0.00000000,124,0.01612903,0.00443436
h4,bull,150,price20+macd+di+volatility,810,202,95,1.53487654,1.80959634,0.88906883,10,3,0.30000000,0.00000000,1.75757576,95,0.03157895,0.01079714
h4,bull,150,price200+adx+volatility+bb,433,105,52,1.53463208,1.39252747,0.54142012,4,1,0.25000000,0.00000000,1.91666667,52,0.01923077,0.00340281
h4,bull,150,macd+di+volatility+bb,830,209,96,1.52371728,1.74898785,0.87980769,10,3,0.30000000,0.00000000,1.75757576,96,0.03125000,0.01068407
h4,bull,150,price200+adx+bb,975,219,118,1.51696286,1.25184405,0.47718383,11,2,0.18181818,0.00000000,0.00000000,118,0.01694915,0.00466044
h4,bull,200,price200+macd+adx+body,292,63,0,2.20769914,0.00000000,,2,0,0.00000000,0.00000000,0.00000000,37,0.00000000,-0.00000000
h4,bull,200,price200+macd+adx+volatility,384,99,0,2.15842014,1.33333333,,4,1,0.25000000,0.00000000,3.83333333,48,0.02083333,0.00368711
h4,bull,200,rsi_extreme+adx+volatility+body,130,0,0,2.12521368,,,2,1,0.50000000,2.76190476,2.76190476,33,0.03030303,0.00536941
h4,bull,200,price200+macd+adx,851,202,108,2.11022980,1.30693069,1.35555556,11,2,0.18181818,0.00000000,0.00000000,108,0.01851852,0.00509322
h4,bull,200,price200+adx+volatility+body,267,64,0,2.06949646,0.00000000,,1,0,0.00000000,0.00000000,0.00000000,32,0.00000000,0.00000000
h4,bull,200,price200+macd+adx+bb,828,198,106,2.05762435,1.33333333,1.38113208,11,2,0.18181818,0.00000000,0.00000000,106,0.01886792,0.00518961
h4,bull,200,price200+macd+adx+di,809,189,92,2.04903173,1.39682540,1.59130435,10,2,0.20000000,0.00000000,0.00000000,92,0.02173913,0.00598204
h4,bull,200,momentum+macd+adx+volatility,360,71,0,2.04650206,0.92957746,,3,0,0.00000000,0.00000000,0.00000000,46,0.00000000,0.00000000
h4,bull,200,price20+price200+macd+adx,818,195,102,2.02648737,1.35384615,1.43529412,11,2,0.18181818,0.00000000,0.00000000,102,0.01960784,0.00539375
h4,bull,200,momentum+macd+adx+body,251,51,0,2.01796518,0.00000000,,2,0,0.00000000,0.00000000,0.00000000,34,0.00000000,0.00000000
h4,bull,200,macd+adx+di+volatility,486,115,50,1.98965478,1.14782609,1.46400000,5,1,0.20000000,0.00000000,3.83333333,50,0.02000000,0.00353926
h4,bull,200,trend+price200+macd+adx,606,145,67,1.97558367,0.91034483,2.18507463,8,2,0.25000000,0.00000000,0.00000000,67,0.02985075,0.00822469
h4,bull,200,trend+macd+adx,607,145,67,1.97232900,0.91034483,2.18507463,8,2,0.25000000,0.00000000,0.00000000,67,0.02985075,0.00822469
h4,bull,200,price200+momentum+adx+volatility,328,63,0,1.96539070,1.04761905,,3,0,0.00000000,0.00000000,0.00000000,38,0.00000000,0.00000000
h4,bull,200,price20+macd+adx+di,986,228,112,1.96140410,1.73684211,1.30714286,11,2,0.18181818,0.00000000,0.00000000,112,0.01785714,0.00491081
h4,bull,200,macd+adx+volatility+body,259,50,0,1.95563421,0.00000000,,1,0,0.00000000,0.00000000,0.00000000,29,0.00000000,0.00000000
h4,bull,200,trend+adx+volatility+body,236,52,0,1.95111425,0.00000000,,1,0,0.00000000,0.00000000,0.00000000,22,0.00000000,0.00000000
h4,bull,200,trend+macd+adx+body,213,0,0,1.94561815,,,1,0,0.00000000,0.00000000,0.00000000,21,0.00000000,-0.00000000
h4,bull,200,momentum+adx+di+volatility,406,71,0,1.92804689,0.92957746,,2,0,0.00000000,0.00000000,0.00000000,36,0.00000000,0.00000000
h4,bull,200,macd+adx+di+bb,1006,231,113,1.92240998,1.71428571,1.29557522,11,2,0.18181818,0.00000000,0.00000000,113,0.01769912,0.00486723
h4,bull,200,price20+macd+adx+volatility,504,112,64,1.91859568,1.17857143,1.14375000,7,1,0.14285714,0.00000000,0.00000000,64,0.01562500,0.00276354
h4,bull,200,price200+adx+volatility,628,143,73,1.90637532,0.92307692,1.00273973,7,1,0.14285714,0.00000000,0.00000000,73,0.01369863,0.00242225
h4,bull,200,macd+adx+di,1017,235,115,1.90161696,1.68510638,1.27304348,11,2,0.18181818,0.00000000,0.00000000,115,0.01739130,0.00478235
h4,bull,200,price20+adx+di+volatility,538,114,53,1.88293405,1.15789474,1.38113208,6,1,0.16666667,0.00000000,3.83333333,53,0.01886792,0.00333845
h4,bull,200,adx+di+volatility+bb,539,118,52,1.87944067,1.11864407,1.40769231,6,1,0.16666667,0.00000000,3.83333333,52,0.01923077,0.00340281
h4,bull,200,trend+price20+macd+adx,590,142,65,1.87306968,0.92957746,2.25230769,8,2,0.25000000,0.00000000,0.00000000,65,0.03076923,0.00847900
h4,bull,200,price20+price200+adx+di,962,206,103,1.86674174,1.28155340,1.42135922,11,2,0.18181818,0.00000000,0.00000000,103,0.01941748,0.00534123
h4,bull,200,trend+macd+adx+di,593,141,64,1.86359378,0.93617021,2.28750000,8,2,0.25000000,0.00000000,0.00000000,64,0.03125000,0.00861214
h4,bull,200,trend+macd+adx+bb,596,144,67,1.85421327,0.91666667,2.18507463,8,2,0.25000000,0.00000000,0.00000000,67,0.02985075,0.00822469
h4,bull,200,price20+macd+adx+bb,1045,243,140,1.85066454,1.62962963,1.56857143,11,2,0.18181818,0.00000000,0.00000000,140,0.02142857,0.00731400
h4,bull,200,price200+adx+di+bb,949,207,103,1.84379269,1.27536232,1.42135922,11,2,0.18181818,0.00000000,0.00000000,103,0.01941748,0.00534123
h4,bull,200,price20+macd+adx,1049,243,140,1.84360767,1.62962963,1.56857143,11,2,0.18181818,0.00000000,0.00000000,140,0.02142857,0.00731400
h4,bull,200,price200+adx+bb,975,219,118,1.84185185,1.20547945,1.24067797,11,2,0.18181818,0.00000000,0.00000000,118,0.01694915,0.00466044
h4,bull,200,price20+macd+adx+body,350,73,0,1.84185185,0.00000000,,5,0,0.00000000,0.00000000,0.00000000,46,0.00000000,0.00000000
h4,bull,200,price200+adx+di+volatility,477,110,0,1.83412920,1.20000000,,5,1,0.20000000,0.00000000,3.83333333,48,0.02083333,0.00368711
h4,bull,200,adx+di+volatility,603,128,59,1.83268841,1.03125000,1.24067797,6,1,0.16666667,0.00000000,3.83333333,59,0.01694915,0.00299823
h4,bull,200,price20+price200+adx+bb,956,214,114,1.83029211,1.23364486,1.28421053,11,2,0.18181818,0.00000000,0.00000000,114,0.01754386,0.00482442
h4,bull,200,macd+adx+volatility,656,139,90,1.82500565,1.42446043,0.81333333,11,1,0.09090909,0.00000000,0.00000000,90,0.01111111,0.00196408
h4,bull,200,price20+price200+adx,987,217,115,1.81945852,1.21658986,1.27304348,11,2,0.18181818,0.00000000,0.00000000,115,0.01739130,0.00478235
h4,bull,200,macd+adx+di+body,355,75,0,1.81591028,0.00000000,,4,0,0.00000000,0.00000000,0.00000000,39,0.00000000,-0.00000000
h4,bull,200,macd+adx+bb+body,382,76,0,1.80810064,0.00000000,,5,0,0.00000000,0.00000000,0.00000000,47,0.00000000,-0.00000000
h4,bull,200,price200+adx+volatility+bb,433,105,52,1.80782226,1.25714286,1.40769231,4,1,0.25000000,0.00000000,3.83333333,52,0.01923077,0.00340281
h4,bull,200,price20+adx+volatility+bb,561,119,69,1.80573711,1.10924370,1.06086957,8,1,0.12500000,0.00000000,0.00000000,69,0.01449275,0.00256292
h4,bull,200,price20+adx+volatility+body,204,0,0,1.80573711,,,1,0,0.00000000,0.00000000,0.00000000,25,0.00000000,0.00000000
h4,bull,200,price20+adx+di+body,383,76,0,1.80337975,0.00000000,,3,0,0.00000000,0.00000000,0.00000000,39,0.00000000,-0.00000000
h4,bull,200,macd+adx+body,487,92,62,1.79646741,0.00000000,0.00000000,5,0,0.00000000,0.00000000,0.00000000,62,0.00000000,0.00000000
h4,bull,200,price200+adx+di,1051,225,117,1.79628749,1.17333333,1.25128205,11,2,0.18181818,0.00000000,0.00000000,117,0.01709402,0.00470038
h4,bull,200,price20+adx+di+bb,1128,247,123,1.79613213,1.60323887,1.19024390,11,2,0.18181818,0.00000000,0.00000000,123,0.01626016,0.00447051
h4,bull,200,price20+price200+adx+volatility,436,102,52,1.79538311,1.29411765,1.40769231,5,1,0.20000000,0.00000000,3.83333333,52,0.01923077,0.00340281
h4,bull,200,price20+adx+di,1157,251,124,1.79091040,1.57768924,1.18064516,11,2,0.18181818,0.00000000,0.00000000,124,0.01612903,0.00443436
h4,bull,300,trend+price20+macd+adx,590,142,65,2.90648743,0.00000000,0.00000000,8,0,0.00000000,0.00000000,0.00000000,65,0.00000000,0.00000000
h4,bull,300,trend+macd+adx+di,593,141,64,2.89178345,0.00000000,0.00000000,8,0,0.00000000,0.00000000,0.00000000,64,0.00000000,0.00000000
h4,bull,300,trend+macd+adx+bb,596,144,67,2.87722749,0.00000000,0.00000000,8,0,0.00000000,0.00000000,0.00000000,67,0.00000000,0.00000000
h4,bull,300,trend+price200+macd+adx,606,145,67,2.82974849,0.00000000,0.00000000,8,0,0.00000000,0.00000000,0.00000000,67,0.00000000,0.00000000
h4,bull,300,trend+macd+adx,607,145,67,2.82508663,0.00000000,0.00000000,8,0,0.00000000,0.00000000,0.00000000,67,0.00000000,0.00000000
h4,bull,300,trend+price200+adx+volatility,486,111,0,2.46991628,0.00000000,,5,0,0.00000000,,,45,0.00000000,0.00000000
h4,bull,300,trend+price200+adx,998,233,104,2.40556976,0.00000000,0.00000000,11,0,0.00000000,0.00000000,0.00000000,104,0.00000000,0.00000000
h4,bull,300,trend+price20+adx+bb,713,159,75,2.40508778,0.00000000,0.00000000,9,0,0.00000000,0.00000000,0.00000000,75,0.00000000,0.00000000
h4,bull,300,trend+adx+di+bb,715,157,73,2.39836026,0.00000000,0.00000000,9,0,0.00000000,0.00000000,0.00000000,73,0.00000000,0.00000000
h4,bull,300,trend+adx+volatility,502,113,0,2.39119385,0.00000000,,5,0,0.00000000,,,46,0.00000000,0.00000000
h4,bull,300,momentum+macd+adx+volatility,360,71,0,2.38170498,0.00000000,,3,0,0.00000000,,,46,0.00000000,0.00000000
h4,bull,300,trend+adx+bb,726,163,77,2.36202147,0.00000000,0.00000000,9,0,0.00000000,0.00000000,0.00000000,77,0.00000000,0.00000000
h4,bull,300,trend+price200+adx+bb,726,163,77,2.36202147,0.00000000,0.00000000,9,0,0.00000000,0.00000000,0.00000000,77,0.00000000,0.00000000
h4,bull,300,trend+price20+adx+di,727,156,73,2.35877247,0.00000000,0.00000000,10,0,0.00000000,0.00000000,0.00000000,73,0.00000000,0.00000000
h4,bull,300,trend+adx,1019,236,106,2.35599472,0.00000000,0.00000000,11,0,0.00000000,0.00000000,0.00000000,106,0.00000000,0.00000000
h4,bull,300,price200+macd+adx+di,809,189,92,2.33165679,0.00000000,0.00000000,10,0,0.00000000,0.00000000,0.00000000,92,0.00000000,0.00000000
h4,bull,300,trend+price20+adx,739,162,76,2.32047035,0.00000000,0.00000000,10,0,0.00000000,0.00000000,0.00000000,76,0.00000000,0.00000000
h4,bull,300,trend+price20+price200+adx,739,162,76,2.32047035,0.00000000,0.00000000,10,0,0.00000000,0.00000000,0.00000000,76,0.00000000,0.00000000
h4,bull,300,price20+price200+macd+adx,818,195,102,2.30600287,0.00000000,0.00000000,11,0,0.00000000,0.00000000,0.00000000,102,0.00000000,0.00000000
h4,bull,300,price200+macd+adx+bb,828,198,106,2.27815259,0.00000000,0.00000000,11,0,0.00000000,0.00000000,0.00000000,106,0.00000000,0.00000000
h4,bull,300,price20+macd+adx+di,986,228,112,2.26092887,0.00000000,0.00000000,11,0,0.00000000,0.00000000,0.00000000,112,0.00000000,0.00000000
h4,bull,300,trend+price200+volatility+body,383,91,0,2.23867831,0.00000000,,3,0,0.00000000,,,45,0.00000000,0.00000000
h4,bull,300,price200+macd+adx,851,202,108,2.21658090,0.00000000,0.00000000,11,0,0.00000000,0.00000000,0.00000000,108,0.00000000,0.00000000
h4,bull,300,macd+adx+di+bb,1006,231,113,2.21597998,0.00000000,0.00000000,11,0,0.00000000,0.00000000,0.00000000,113,0.00000000,0.00000000
h4,bull,300,price20+momentum+adx+volatility,389,67,0,2.20414857,0.00000000,,2,0,0.00000000,,,48,0.00000000,0.00000000
h4,bull,300,macd+adx+di,1017,235,115,2.19201166,0.00000000,0.00000000,11,0,0.00000000,0.00000000,0.00000000,115,0.00000000,0.00000000
h4,bull,300,price200+adx+volatility,628,143,73,2.18449374,0.00000000,0.00000000,7,0,0.00000000,,,73,0.00000000,0.00000000
h4,bull,300,trend+adx+volatility+body,236,52,0,2.17986558,0.00000000,,1,0,0.00000000,,,22,0.00000000,0.00000000
h4,bull,300,trend+momentum+adx+volatility,240,0,0,2.14353448,,,0,0,,,,21,0.00000000,-0.00000000
h4,bull,300,momentum+adx+volatility+bb,401,74,0,2.13818901,0.00000000,,2,0,0.00000000,,,48,0.00000000,0.00000000
h4,bull,300,price20+macd+adx+bb,1045,243,140,2.13327834,0.00000000,0.00000000,11,0,0.00000000,0.00000000,0.00000000,140,0.00000000,0.00000000
h4,bull,300,price20+macd+adx,1049,243,140,2.12514382,0.00000000,0.00000000,11,0,0.00000000,0.00000000,0.00000000,140,0.00000000,0.00000000
h4,bull,300,macd+adx+di+volatility,486,115,50,2.11707109,0.00000000,0.00000000,5,0,0.00000000,,,50,0.00000000,0.00000000
h4,bull,300,trend+price200+adx+di,812,174,87,2.11185663,0.00000000,0.00000000,10,0,0.00000000,0.00000000,0.00000000,87,0.00000000,0.00000000
h4,bull,300,momentum+adx+di+volatility,406,71,0,2.11185663,0.00000000,,2,0,0.00000000,,,36,0.00000000,0.00000000
h4,bull,300,trend+adx+di,814,174,87,2.10666780,0.00000000,0.00000000,10,0,0.00000000,0.00000000,0.00000000,87,0.00000000,0.00000000
h4,bull,300,price200+momentum+adx+volatility,328,63,0,2.09125315,0.00000000,,3,0,0.00000000,,,38,0.00000000,0.00000000
h4,bull,300,trend+price200+adx+body,411,92,0,2.08616495,0.00000000,,3,0,0.00000000,,,40,0.00000000,0.00000000
h4,bull,300,trend+momentum+macd+adx,248,69,0,2.07438821,0.00000000,,3,0,0.00000000,,,31,0.00000000,0.00000000
h4,bull,300,trend+price200+volatility,829,205,106,2.06854956,0.00000000,0.00000000,10,0,0.00000000,0.00000000,0.00000000,106,0.00000000,0.00000000
h4,bull,300,momentum+adx+volatility,501,87,58,2.05368573,0.00000000,0.00000000,5,0,0.00000000,,,58,0.00000000,0.00000000
h4,bull,300,price20+macd+adx+volatility,504,112,64,2.04146141,0.00000000,0.00000000,7,0,0.00000000,,,64,0.00000000,0.00000000
h4,bull,300,trend+volatility+body,426,97,57,2.01270843,0.00000000,0.00000000,7,0,0.00000000,0.00000000,0.00000000,57,0.00000000,0.00000000
h4,bull,300,macd+adx+bb,1109,252,147,2.01016759,0.00000000,0.00000000,11,0,0.00000000,0.00000000,0.00000000,147,0.00000000,0.00000000
h4,bull,300,trend+adx+body,429,93,0,1.99863355,0.00000000,,3,0,0.00000000,,,41,0.00000000,-0.00000000
h4,bull,300,price200+adx+di+bb,949,207,103,1.98768213,0.00000000,0.00000000,11,0,0.00000000,0.00000000,0.00000000,103,0.00000000,0.00000000
h4,bull,300,price20+adx+di+bb,1128,247,123,1.97630839,0.00000000,0.00000000,11,0,0.00000000,0.00000000,0.00000000,123,0.00000000,0.00000000
h4,bull,300,price20+price200+adx+bb,956,214,114,1.97312798,0.00000000,0.00000000,11,0,0.00000000,0.00000000,0.00000000,114,0.00000000,0.00000000
h4,bull,300,price200+adx,1306,299,160,1.96955695,0.00000000,0.00000000,11,0,0.00000000,0.00000000,0.00000000,160,0.00000000,0.00000000
h4,bull,300,price20+price200+adx+di,962,206,103,1.96082156,0.00000000,0.00000000,11,0,0.00000000,0.00000000,0.00000000,103,0.00000000,0.00000000
h4,bear,100,trend+price20+volatility+body,193,50,0,1.94489222,1.67031847,,3,1,0.33333333,0.00000000,0.75630252,35,0.14285714,0.06260231
h4,bear,100,price20+adx+volatility+body,286,57,63,1.92851593,1.46519164,1.85925926,6,4,0.66666667,0.00000000,1.69327731,63,0.22222222,0.13725008
h4,bear,100,price20+price200+volatility+body,302,63,67,1.87707465,1.56667678,2.24776119,6,4,0.66666667,0.00000000,1.89064857,67,0.26865672,0.17722205
h4,bear,100,trend+macd+volatility+body,189,0,0,1.86445882,,,2,1,0.50000000,0.88235294,3.39117647,25,0.20000000,0.08860585
h4,bear,100,adx+volatility+bb+body,296,56,62,1.86336336,1.49135578,1.88924731,6,4,0.66666667,0.00000000,1.69327731,62,0.22580645,0.13955183
h4,bear,100,price200+macd+volatility+body,295,59,54,1.84371207,1.54420814,2.78888889,5,4,0.80000000,0.00000000,2.24369748,54,0.33333333,0.22241417
h4,bear,100,adx+di+volatility+body,356,64,72,1.82905049,1.30493631,1.74305556,6,4,0.66666667,0.00000000,1.43295848,72,0.20833333,0.13052055
h4,bear,100,price200+macd+adx+volatility,520,122,108,1.79726971,2.24036755,2.63395062,9,5,0.55555556,0.00000000,1.73076923,108,0.31481481,0.23486550
h4,bear,100,macd+adx+volatility+body,312,60,57,1.79235913,1.26539278,2.05497076,7,4,0.57142857,0.00000000,1.89075630,57,0.24561404,0.15232837
h4,bear,100,price200+di+volatility+body,365,68,68,1.78395062,1.56313226,2.21470588,6,4,0.66666667,0.00000000,1.81792717,68,0.26470588,0.17449741
h4,bear,100,trend+di+volatility+body,254,55,0,1.77940605,1.65651419,,3,1,0.33333333,0.00000000,0.66176471,36,0.13888889,0.06081815
h4,bear,100,price200+volatility+bb+body,306,61,64,1.77743484,1.61804323,2.35312500,6,4,0.66666667,0.00000000,1.89064857,64,0.28125000,0.18593372
h4,bear,100,price20+price200+macd+volatility,742,179,137,1.76542378,2.20560083,2.87031630,9,7,0.77777778,0.00000000,2.41628959,137,0.34306569,0.26882637
h4,bear,100,price200+macd+di+volatility,752,181,137,1.76232105,2.18122955,2.87031630,9,7,0.77777778,0.00000000,2.41628959,137,0.34306569,0.26882637
h4,bear,100,trend+volatility+bb+body,196,0,0,1.75878685,,,2,1,0.50000000,0.75630252,2.83648459,32,0.15625000,0.06864420
h4,bear,100,trend+macd+adx+volatility,340,99,55,1.75740741,2.37740462,1.97757576,7,5,0.71428571,0.00000000,1.28571429,55,0.23636364,0.14366656
h4,bear,100,trend+price20+macd+volatility,460,127,63,1.74859098,2.39129345,1.99206349,7,5,0.71428571,0.00000000,1.74509804,63,0.23809524,0.14993784
h4,bear,100,price20+macd+volatility+body,400,88,67,1.74276235,1.55298205,2.37263682,8,4,0.50000000,0.00000000,1.01809955,67,0.28358209,0.18970281
h4,bear,100,price200+adx+volatility+body,321,54,56,1.74210607,1.54659118,1.94226190,6,4,0.66666667,0.00000000,1.69327731,56,0.23214286,0.14099379
h4,bear,100,trend+macd+di+volatility,472,129,63,1.73659500,2.35421913,1.99206349,7,5,0.71428571,0.00000000,1.74509804,63,0.23809524,0.14993784
h4,bear,100,price200+macd+volatility+bb,755,181,138,1.73502575,2.18122955,2.84951691,9,7,0.77777778,0.00000000,2.41628959,138,0.34057971,0.26678817
h4,bear,100,macd+adx+di+volatility,718,157,133,1.72841226,2.07943527,2.20175439,9,5,0.55555556,0.00000000,1.33333333,133,0.26315789,0.19572831
h4,bear,100,price20+di+volatility+body,426,95,79,1.72630847,1.43855179,2.01223629,8,4,0.50000000,0.00000000,0.87254902,79,0.24050633,0.15972180
h4,bear,100,price20+macd+adx+volatility,713,155,129,1.71904490,2.10626669,2.27002584,9,5,0.55555556,0.00000000,1.53846154,129,0.27131783,0.20203035
h4,bear,100,price20+macd+di+volatility,1067,254,182,1.71589318,1.97281709,2.34450549,11,8,0.72727273,0.00000000,1.94626697,182,0.28021978,0.22003384
h4,bear,100,trend+adx+volatility+body,259,51,0,1.71547738,1.63756713,,3,1,0.33333333,0.00000000,0.66176471,34,0.11764706,0.04671447
h4,bear,100,price200+adx+volatility+bb,595,134,126,1.71234568,2.20971575,2.25767196,9,5,0.55555556,0.00000000,1.37267905,126,0.26984127,0.19999848
h4,bear,100,price200+macd+volatility,781,187,140,1.70669133,2.15184441,2.80880952,9,7,0.77777778,0.00000000,2.41628959,140,0.33571429,0.26280358
h4,bear,100,price20+price200+adx+volatility,606,137,127,1.70654565,2.16132782,2.23989501,9,5,0.55555556,0.00000000,1.32692308,127,0.26771654,0.19836345
h4,bear,100,macd+di+volatility+bb,1091,261,188,1.70623281,1.97808527,2.31418440,11,8,0.72727273,0.00000000,1.91495767,188,0.27659574,0.21761332
h4,bear,100,trend+macd+volatility+bb,472,128,64,1.70413528,2.37261146,1.96093750,7,5,0.71428571,0.00000000,1.74509804,64,0.23437500,0.14749896
h4,bear,100,price20+volatility+body,437,99,80,1.70038421,1.53380943,1.98708333,8,4,0.50000000,0.00000000,0.87254902,80,0.23750000,0.15764673
h4,bear,100,macd+adx+volatility+bb,731,159,131,1.69767442,2.10102952,2.23536896,9,5,0.55555556,0.00000000,1.42857143,131,0.26717557,0.19882925
h4,bear,100,price20+price200+di+volatility,837,202,158,1.69317964,2.10481176,2.48881857,9,7,0.77777778,0.00000000,2.09411765,158,0.29746835,0.23168195
h4,bear,100,price20+macd+volatility+bb,1091,262,182,1.69218975,1.99951378,2.34450549,11,8,0.72727273,0.00000000,1.94626697,182,0.28021978,0.22003384
h4,bear,100,trend+price200+macd+volatility,490,133,66,1.68843537,2.34050093,1.90151515,8,6,0.75000000,0.00000000,1.75490196,66,0.22727273,0.14285230
h4,bear,100,price20+macd+volatility,1098,263,182,1.68837842,1.99191107,2.34450549,11,8,0.72727273,0.00000000,1.94626697,182,0.28021978,0.22003384
h4,bear,100,price200+di+volatility+bb,826,197,156,1.68790542,2.11969349,2.52072650,9,7,0.77777778,0.00000000,2.09411765,156,0.30128205,0.23476962
h4,bear,100,di+volatility+bb+body,441,97,80,1.68496123,1.48716265,2.09166667,8,4,0.50000000,0.00000000,1.24291939,80,0.25000000,0.16806232
h4,bear,100,trend+macd+volatility,492,133,66,1.68157182,2.34050093,1.90151515,8,6,0.75000000,0.00000000,1.75490196,66,0.22727273,0.14285230
h4,bear,100,macd+di+volatility+body,451,100,75,1.68157182,1.44254777,2.23111111,8,4,0.50000000,0.00000000,1.25272331,75,0.26666667,0.17976314
h4,bear,100,adx+di+volatility+bb,787,168,148,1.67421212,2.07885957,1.97860360,9,5,0.55555556,0.00000000,1.33333333,148,0.23648649,0.17523796
h4,bear,100,price20+price200+volatility+bb,824,198,156,1.67340885,2.10898797,2.52072650,9,7,0.77777778,0.00000000,2.09411765,156,0.30128205,0.23476962
h4,bear,100,macd+volatility+bb+body,431,93,70,1.67073415,1.55112664,2.39047619,8,4,0.50000000,0.00000000,1.43476621,70,0.28571429,0.19322220
h4,bear,100,price20+price200+volatility,849,205,159,1.66924777,2.07400963,2.47316562,9,7,0.77777778,0.00000000,2.09411765,159,0.29559748,0.23016848
h4,bear,100,price200+adx+di+volatility,671,147,130,1.66681386,2.01429871,2.18820513,9,5,0.55555556,0.00000000,1.32692308,130,0.26153846,0.19361537
h4,bear,100,price20+adx+di+volatility,791,170,149,1.66574581,2.00974148,1.96532438,9,5,0.55555556,0.00000000,1.38221154,149,0.23489933,0.17402376
h4,bear,100,price20+volatility+bb+body,424,96,77,1.66218262,1.58174098,2.06450216,8,4,0.50000000,0.00000000,0.87254902,77,0.24675325,0.16404075
h4,bear,100,price200+volatility+bb,845,201,157,1.64995252,2.07751054,2.50467091,9,7,0.77777778,0.00000000,2.09411765,157,0.29936306,0.23321552
h4,bear,100,macd+di+volatility,1152,276,198,1.64913409,1.92559771,2.19730640,11,8,0.72727273,0.00000000,1.79103958,198,0.26262626,0.20626673
h4,bear,150,trend+macd+adx+body,197,0,0,3.20917537,,,2,0,0.00000000,0.00000000,0.00000000,31,0.00000000,0.00000000
h4,bear,150,trend+price20+volatility+body,193,50,0,3.03304331,1.64413793,,3,0,0.00000000,0.00000000,0.00000000,35,0.00000000,0.00000000
h4,bear,150,trend+volatility+bb+body,196,0,0,2.98661918,,,2,0,0.00000000,0.00000000,0.00000000,32,0.00000000,0.00000000
h4,bear,150,trend+macd+volatility+body,189,0,0,2.97334531,,,2,0,0.00000000,0.00000000,0.00000000,25,0.00000000,0.00000000
h4,bear,150,price200+macd+adx+body,298,58,62,2.90724326,1.06302021,1.13860887,5,2,0.40000000,0.00000000,0.91269841,62,0.04838710,0.01659169
h4,bear,150,trend+adx+volatility+body,259,51,0,2.80257886,2.41784990,,3,0,0.00000000,0.00000000,0.00000000,34,0.00000000,0.00000000
h4,bear,150,trend+price20+adx+body,235,53,0,2.78988358,1.16330514,,4,0,0.00000000,0.00000000,0.00000000,46,0.00000000,0.00000000
h4,bear,150,trend+adx+bb+body,232,50,0,2.72503253,1.23310345,,3,0,0.00000000,0.00000000,0.00000000,42,0.00000000,-0.00000000
h4,bear,150,price20+price200+volatility+body,302,63,67,2.71366987,1.63108922,1.75606343,6,3,0.50000000,0.00000000,1.68925519,67,0.07462687,0.03229605
h4,bear,150,price20+adx+volatility+body,286,57,63,2.70174165,1.08166969,1.49404762,6,3,0.50000000,0.00000000,1.27777778,63,0.06349206,0.02496562
h4,bear,150,price200+macd+volatility+body,295,59,54,2.69868884,1.39333723,2.17881944,5,3,0.60000000,1.81632653,2.50000000,54,0.09259259,0.04020113
h4,bear,150,price200+volatility+bb+body,306,61,64,2.67819706,1.68456755,1.83837891,6,3,0.50000000,0.00000000,1.77116402,64,0.07812500,0.03383118
h4,bear,150,trend+di+volatility+body,254,55,0,2.67337691,1.86833856,,3,0,0.00000000,0.00000000,0.00000000,36,0.00000000,0.00000000
h4,bear,150,price200+adx+volatility+body,321,54,56,2.62599189,2.28352490,1.26060268,6,2,0.33333333,0.00000000,0.00000000,56,0.05357143,0.01838578
h4,bear,150,price20+price200+adx+body,339,68,77,2.62470084,0.90669371,0.91680195,7,2,0.28571429,0.00000000,0.00000000,77,0.03896104,0.01333795
h4,bear,150,trend+macd+adx+volatility,340,99,55,2.61698113,2.90630442,2.56704545,7,5,0.71428571,1.82539683,2.54285714,55,0.10909091,0.05096725
h4,bear,150,adx+volatility+bb+body,296,56,62,2.61046660,1.10098522,1.51814516,6,3,0.50000000,0.00000000,1.41975309,62,0.06451613,0.02537291
h4,bear,150,price200+adx+bb+body,337,66,74,2.57079671,0.93416928,0.95396959,7,2,0.28571429,0.00000000,0.00000000,74,0.04054054,0.01388243
h4,bear,150,macd+adx+volatility+body,312,60,57,2.55164490,1.02758621,1.65131579,7,3,0.42857143,0.00000000,0.91269841,57,0.07017544,0.02762642
h4,bear,150,price20+macd+adx+body,402,82,75,2.50459964,1.25315391,1.25500000,7,3,0.42857143,0.00000000,0.70987654,75,0.05333333,0.02093343
h4,bear,150,price200+di+volatility+body,365,68,68,2.50188679,1.81338742,1.73023897,6,3,0.50000000,0.00000000,1.68925519,68,0.07352941,0.03181484
h4,bear,150,adx+di+volatility+body,356,64,72,2.49936400,1.28448276,1.63411458,6,3,0.50000000,0.00000000,1.76470588,72,0.06944444,0.03002538
h4,bear,150,price200+macd+adx+volatility,520,122,108,2.47659652,2.52685133,2.83246528,9,6,0.66666667,1.49579832,2.70000000,108,0.12037037,0.07171064
h4,bear,150,trend+price20+macd+body,314,72,0,2.46082202,1.42720307,,5,0,0.00000000,0.00000000,0.00000000,45,0.00000000,0.00000000
h4,bear,150,macd+adx+di+body,426,88,79,2.41846045,1.16771160,1.19145570,7,3,0.42857143,0.00000000,0.70987654,79,0.05063291,0.01986404
h4,bear,150,trend+adx+di+body,315,58,60,2.37867625,1.41736029,0.39218750,5,0,0.00000000,0.00000000,0.00000000,60,0.01666667,0.00294816
h4,bear,150,trend+macd+di+body,337,73,0,2.36235373,1.40765234,,5,0,0.00000000,0.00000000,0.00000000,47,0.00000000,-0.00000000
h4,bear,150,macd+adx+bb+body,421,84,79,2.33594765,1.22331691,1.19145570,8,3,0.37500000,0.00000000,0.70987654,79,0.05063291,0.01986404
h4,bear,150,price20+price200+macd+body,492,106,85,2.33199110,1.16330514,1.38419118,7,3,0.42857143,0.00000000,1.51266789,85,0.05882353,0.02538516
h4,bear,150,price200+adx+di+body,423,76,91,2.32490298,1.08166969,0.77575549,8,2,0.25000000,0.00000000,0.00000000,91,0.03296703,0.01127441
h4,bear,150,trend+macd+bb+body,324,72,0,2.31260191,1.42720307,,5,0,0.00000000,0.00000000,0.00000000,45,0.00000000,0.00000000
h4,bear,150,trend+momentum+macd+adx,274,87,0,2.30732681,1.88981371,,3,1,0.33333333,0.00000000,2.00000000,37,0.02702703,0.00478697
h4,bear,150,trend+adx+volatility+bb,409,110,70,2.28998478,2.61567398,2.01696429,7,5,0.71428571,1.16161616,2.14285714,70,0.08571429,0.03987667
h4,bear,150,trend+price200+macd+body,348,80,0,2.28768163,1.28448276,,5,0,0.00000000,0.00000000,0.00000000,48,0.00000000,0.00000000
h4,bear,150,price20+adx+di+body,451,94,93,2.28439945,1.09317682,1.01209677,9,3,0.33333333,0.00000000,0.53240741,93,0.04301075,0.01685115
h4,bear,150,price200+adx+volatility+bb,595,134,126,2.28247978,2.30056613,2.42782738,9,6,0.66666667,1.21088435,2.36363636,126,0.10317460,0.06129227
h4,bear,150,price20+macd+adx+volatility,713,155,129,2.26597687,2.12146830,2.55377907,9,6,0.66666667,1.49579832,2.38927739,129,0.10852713,0.06575597
h4,bear,150,price200+macd+di+body,517,108,88,2.26451589,1.14176245,1.33700284,7,2,0.28571429,0.00000000,1.42651099,88,0.05681818,0.02451103
h4,bear,150,price20+adx+bb+body,446,91,91,2.25750910,1.12921561,1.03434066,9,3,0.33333333,0.00000000,0.58080808,91,0.04395604,0.01722437
h4,bear,150,price20+adx+body,457,94,95,2.25440733,1.09317682,0.99078947,9,3,0.33333333,0.00000000,0.53240741,95,0.04210526,0.01649377
h4,bear,150,macd+adx+di+volatility,718,157,133,2.25019709,2.22534593,2.47697368,9,6,0.66666667,1.47435897,2.19323671,133,0.10526316,0.06374468
h4,bear,150,trend+macd+body,355,80,0,2.24257242,1.28448276,,5,0,0.00000000,0.00000000,0.00000000,48,0.00000000,0.00000000
h4,bear,150,price20+price200+adx+volatility,606,137,127,2.24104863,2.25018877,2.40871063,9,6,0.66666667,1.21088435,2.28671329,127,0.10236220,0.06080156
h4,bear,150,trend+price20+macd+volatility,460,127,63,2.23970468,2.75101819,2.24107143,7,5,0.71428571,1.82539683,2.50000000,63,0.09523810,0.04438348
h4,bear,150,trend+price20+adx+volatility,420,114,71,2.23000898,2.52389595,1.98855634,7,5,0.71428571,1.06481481,2.14285714,71,0.08450704,0.03930651
h4,bear,150,price20+macd+volatility+body,400,88,67,2.22443396,1.63479624,2.10727612,8,4,0.50000000,0.00000000,2.06200942,67,0.08955224,0.04169095
h4,bear,150,momentum+macd+adx+volatility,432,111,73,2.22226590,1.48120534,0.96703767,7,2,0.28571429,0.00000000,0.00000000,73,0.04109589,0.01407394
h4,bear,150,macd+adx+volatility+bb,731,159,131,2.21017990,2.19735415,2.51479008,9,6,0.66666667,1.49579832,2.31601732,131,0.10687023,0.06473470
h4,bear,150,price20+price200+macd+volatility,742,179,137,2.20897116,2.41109613,3.26345803,9,6,0.66666667,1.82539683,2.92707293,137,0.13868613,0.09061702
h4,bear,150,price200+adx+di+volatility,671,147,130,2.19843658,2.37673000,2.35312500,9,6,0.66666667,1.15584416,2.22742475,130,0.10000000,0.05937549
h4,bear,200,price20+adx+volatility+body,286,57,63,3.50825770,2.32358674,2.39047619,6,2,0.33333333,0.00000000,1.60714286,63,0.03174603,0.00874953
h4,bear,200,adx+volatility+bb+body,296,56,62,3.38973548,2.36507937,2.42903226,6,2,0.33333333,0.00000000,1.60714286,62,0.03225806,0.00889137
h4,bear,200,price20+price200+volatility+body,302,63,67,3.32238974,2.10229277,2.24776119,6,2,0.33333333,0.00000000,2.94871795,67,0.02985075,0.00822469
h4,bear,200,trend+price20+volatility+body,193,50,0,3.28343071,2.64888889,,3,0,0.00000000,0.00000000,0.00000000,35,0.00000000,0.00000000
h4,bear,200,price200+volatility+bb+body,306,61,64,3.27895981,2.17122040,2.35312500,6,2,0.33333333,0.00000000,3.19444444,64,0.03125000,0.00861214
h4,bear,200,trend+macd+adx+volatility,340,99,55,3.26170213,3.12158623,1.36909091,7,1,0.14285714,0.00000000,0.00000000,55,0.01818182,0.00321678
h4,bear,200,trend+volatility+bb+body,196,0,0,3.23317412,,,2,0,0.00000000,0.00000000,0.00000000,32,0.00000000,0.00000000
h4,bear,200,price200+macd+volatility+body,295,59,54,3.22221421,2.24482109,2.78888889,5,2,0.40000000,0.00000000,3.75000000,54,0.03703704,0.01021637
h4,bear,200,trend+macd+adx+body,197,0,0,3.21676207,,,2,0,0.00000000,0.00000000,0.00000000,31,0.00000000,0.00000000
h4,bear,200,price200+macd+adx+body,298,58,62,3.18977581,4.56704981,2.42903226,5,2,0.40000000,0.00000000,2.81250000,62,0.03225806,0.00889137
h4,bear,200,price200+macd+adx+volatility,520,122,108,3.14819967,2.89496053,3.48611111,9,3,0.33333333,0.00000000,2.53921569,108,0.04629630,0.01993482
h4,bear,200,trend+macd+volatility+body,189,0,0,3.07351120,,,2,0,0.00000000,0.00000000,0.00000000,25,0.00000000,0.00000000
h4,bear,200,macd+adx+volatility+body,312,60,57,3.04664484,2.20740741,2.64210526,7,2,0.28571429,0.00000000,1.60714286,57,0.03508772,0.00967566
h4,bear,200,price200+adx+bb+body,337,66,74,2.97733443,4.01346801,2.03513514,7,2,0.28571429,0.00000000,1.50000000,74,0.02702703,0.00744335
h4,bear,200,adx+di+volatility+body,356,64,72,2.96677026,2.75925926,2.09166667,6,2,0.33333333,0.00000000,1.32352941,72,0.02777778,0.00765102
h4,bear,200,price20+price200+adx+body,339,68,77,2.95976903,3.89542484,1.95584416,7,2,0.28571429,0.00000000,1.50000000,77,0.02597403,0.00715216
h4,bear,200,trend+adx+bb+body,232,50,0,2.95909758,4.41481481,,3,0,0.00000000,0.00000000,0.00000000,42,0.00000000,-0.00000000
h4,bear,200,trend+price20+adx+body,235,53,0,2.92132187,4.16491964,,4,0,0.00000000,0.00000000,0.00000000,46,0.00000000,0.00000000
h4,bear,200,price20+price200+macd+volatility,742,179,137,2.91799048,2.46637699,3.84744526,9,4,0.44444444,2.28205128,3.41450216,137,0.05109489,0.02496794
h4,bear,200,price20+macd+volatility+body,400,88,67,2.90446809,2.00673401,2.24776119,8,2,0.25000000,0.00000000,1.73076923,67,0.02985075,0.00822469
h4,bear,200,price200+di+volatility+body,365,68,68,2.89361702,2.59694989,2.21470588,6,2,0.33333333,0.00000000,2.94871795,68,0.02941176,0.00810318
h4,bear,200,price20+macd+adx+body,402,82,75,2.89001800,3.23035230,2.00800000,7,2,0.28571429,0.00000000,1.60714286,75,0.02666667,0.00734369
h4,bear,200,price20+macd+adx+volatility,713,155,129,2.88854406,2.27861410,2.91860465,9,3,0.33333333,0.00000000,2.40588235,129,0.03875969,0.01666750
h4,bear,200,price200+macd+di+volatility,752,181,137,2.87918742,2.43912421,3.84744526,9,4,0.44444444,2.28205128,3.41450216,137,0.05109489,0.02496794
h4,bear,200,macd+adx+di+volatility,718,157,133,2.86842885,2.24958717,2.83082707,9,3,0.33333333,0.00000000,2.34690799,133,0.03759398,0.01616292
h4,bear,200,price200+macd+volatility+bb,755,181,138,2.86774694,2.43912421,3.81956522,9,4,0.44444444,2.28205128,3.41450216,138,0.05072464,0.02478542
h4,bear,200,price20+volatility+bb+body,424,96,77,2.86461261,1.83950617,1.95584416,8,2,0.25000000,0.00000000,1.47435897,77,0.02597403,0.00715216
h4,bear,200,price20+di+volatility+body,426,95,79,2.85116372,1.85886940,1.90632911,8,2,0.25000000,0.00000000,1.36904762,79,0.02531646,0.00697037
h4,bear,200,trend+adx+volatility+bb,409,110,70,2.84055558,2.80942761,1.07571429,7,1,0.14285714,0.00000000,0.00000000,70,0.01428571,0.00252625
h4,bear,200,price200+adx+volatility+bb,595,134,126,2.84012158,2.63571034,2.98809524,9,3,0.33333333,0.00000000,2.02818829,126,0.03968254,0.01706711
h4,bear,200,macd+adx+volatility+bb,731,159,131,2.81741712,2.22129047,2.87404580,9,3,0.33333333,0.00000000,2.40588235,131,0.03816794,0.01641133
h4,bear,200,price200+adx+volatility+body,321,54,56,2.79671240,4.90534979,2.68928571,6,2,0.33333333,0.00000000,3.21428571,56,0.03571429,0.00984943
h4,bear,200,price20+price200+adx+volatility,606,137,127,2.78856822,2.57799405,2.96456693,9,3,0.33333333,0.00000000,1.98412698,127,0.03937008,0.01693180
h4,bear,200,price20+volatility+body,437,99,80,2.77939530,1.78376356,1.88250000,8,2,0.25000000,0.00000000,1.36904762,80,0.02500000,0.00688289
h4,bear,200,price200+macd+volatility,781,187,140,2.77227777,2.36086354,3.76500000,9,4,0.44444444,2.28205128,3.41450216,140,0.05000000,0.02442827
h4,bear,200,trend+price20+adx+volatility,420,114,71,2.76616008,2.71085120,1.06056338,7,1,0.14285714,0.00000000,0.00000000,71,0.01408451,0.00249060
h4,bear,200,macd+adx+bb+body,421,84,79,2.75958963,3.15343915,1.90632911,8,2,0.25000000,0.00000000,1.50000000,79,0.02531646,0.00697037
h4,bear,200,trend+price20+macd+volatility,460,127,63,2.75522664,2.78098571,1.19523810,7,1,0.14285714,0.00000000,0.00000000,63,0.01587302,0.00280749
h4,bear,200,di+volatility+bb+body,441,97,80,2.75418536,1.82054219,1.88250000,8,2,0.25000000,0.00000000,1.47435897,80,0.02500000,0.00688289
h4,bear,200,macd+adx+di+body,426,88,79,2.72720008,3.01010101,1.90632911,7,2,0.28571429,0.00000000,1.32352941,79,0.02531646,0.00697037
h4,bear,200,price20+adx+bb+body,446,91,91,2.72330884,2.91086691,1.65494505,9,2,0.22222222,0.00000000,1.50000000,91,0.02197802,0.00604801
h4,bear,200,price20+macd+di+volatility,1067,254,182,2.72208818,1.91192768,2.89615385,11,4,0.36363636,2.19753086,2.23856209,182,0.03846154,0.01875352
h4,bear,200,trend+di+volatility+body,254,55,0,2.70279779,3.21077441,,3,0,0.00000000,0.00000000,0.00000000,36,0.00000000,0.00000000
h4,bear,200,macd+volatility+bb+body,431,93,70,2.69556203,1.89884508,2.15142857,8,2,0.25000000,0.00000000,1.73076923,70,0.02857143,0.00787061
h4,bear,200,price20+adx+di+body,451,94,93,2.69311695,2.81796690,1.61935484,9,2,0.22222222,0.00000000,1.40625000,93,0.02150538,0.00591750
h4,bear,200,price20+price200+volatility+bb,824,198,156,2.69169593,2.22970445,3.37884615,9,4,0.44444444,1.97777778,3.00245098,156,0.04487179,0.02190334
h4,bear,200,price200+di+volatility+bb,826,197,156,2.68517851,2.24102275,3.37884615,9,4,0.44444444,1.97777778,3.00245098,156,0.04487179,0.02190334
h4,bear,200,trend+macd+di+volatility,472,129,63,2.68517851,2.73786965,1.19523810,7,1,0.14285714,0.00000000,0.00000000,63,0.01587302,0.00280749
h4,bear,200,trend+macd+volatility+bb,472,128,64,2.68517851,2.75925926,1.17656250,7,1,0.14285714,0.00000000,0.00000000,64,0.01562500,0.00276354
h4,bear,200,adx+di+volatility+bb,787,168,148,2.68404120,2.10229277,2.54391892,9,3,0.33333333,0.00000000,1.94290835,148,0.03378378,0.01451509
h4,bear,300,macd+adx+volatility+body,312,60,57,4.07955293,0.00000000,1.88721805,7,1,0.14285714,0.00000000,2.05357143,57,0.01754386,0.00310366
h4,bear,300,price20+adx+volatility+body,286,57,63,4.00537924,0.00000000,1.70748299,6,1,0.16666667,0.00000000,1.43750000,63,0.01587302,0.00280749
h4,bear,300,adx+volatility+bb+body,296,56,62,3.87006237,0.00000000,1.73502304,6,1,0.16666667,0.00000000,1.59722222,62,0.01612903,0.00285287
h4,bear,300,macd+adx+di+body,426,88,79,3.58540990,0.00000000,1.36166365,7,1,0.14285714,0.00000000,1.59722222,79,0.01265823,0.00223799
h4,bear,300,adx+di+volatility+body,356,64,72,3.57533852,0.00000000,1.49404762,6,1,0.16666667,0.00000000,1.30681818,72,0.01388889,0.00245595
h4,bear,300,price20+macd+adx+body,402,82,75,3.48284220,0.00000000,1.43428571,7,1,0.14285714,0.00000000,1.59722222,75,0.01333333,0.00235755
h4,bear,300,price200+macd+adx+volatility,520,122,108,3.42682446,5.86229508,2.98809524,9,2,0.22222222,1.74509804,2.12254902,108,0.02777778,0.00949134
h4,bear,300,trend+macd+volatility+body,189,0,0,3.36725003,,,2,0,0.00000000,,,25,0.00000000,0.00000000
h4,bear,300,macd+adx+bb+body,421,84,79,3.32565930,0.00000000,1.36166365,8,1,0.12500000,0.00000000,1.59722222,79,0.01265823,0.00223799
h4,bear,300,trend+price20+volatility+body,193,50,0,3.29746247,0.00000000,,3,0,0.00000000,,,35,0.00000000,0.00000000
h4,bear,300,trend+volatility+bb+body,196,0,0,3.24699110,,,2,0,0.00000000,,,32,0.00000000,0.00000000
h4,bear,300,trend+macd+adx+body,197,0,0,3.23050892,,,2,0,0.00000000,,,31,0.00000000,0.00000000
h4,bear,300,macd+adx+di+volatility,718,157,133,3.19091493,4.55541401,2.42642320,9,2,0.22222222,1.74509804,1.97831825,133,0.02255639,0.00770042
h4,bear,300,price20+macd+volatility+body,400,88,67,3.18205128,0.00000000,1.60554371,8,1,0.12500000,0.00000000,1.30681818,67,0.01492537,0.00263957
h4,bear,300,price20+adx+bb+body,446,91,91,3.13924342,0.00000000,1.18210361,9,1,0.11111111,0.00000000,1.30681818,91,0.01098901,0.00194247
h4,bear,300,price20+adx+di+body,451,94,93,3.10444028,0.00000000,1.15668203,9,1,0.11111111,0.00000000,1.19791667,93,0.01075269,0.00190064
h4,bear,300,macd+di+volatility+body,451,100,75,3.10444028,0.00000000,1.43428571,8,1,0.12500000,0.00000000,1.30681818,75,0.01333333,0.00235755
h4,bear,300,price20+adx+body,457,94,95,3.06368176,0.00000000,1.13233083,9,1,0.11111111,0.00000000,1.19791667,95,0.01052632,0.00186058
h4,bear,300,adx+di+bb+body,461,94,91,3.03709884,0.00000000,1.18210361,9,1,0.11111111,0.00000000,1.30681818,91,0.01098901,0.00194247
h4,bear,300,price20+macd+adx+volatility,713,155,129,3.03477542,4.61419355,2.50166113,9,2,0.22222222,1.74509804,2.02254902,129,0.02325581,0.00794014
h4,bear,300,price200+macd+volatility+body,295,59,54,3.02025206,0.00000000,1.99206349,5,1,0.20000000,0.00000000,1.43750000,54,0.01851852,0.00327649
h4,bear,300,momentum+macd+adx+body,296,68,50,3.01004851,0.00000000,0.00000000,6,0,0.00000000,0.00000000,0.00000000,50,0.00000000,0.00000000
h4,bear,300,price20+volatility+bb+body,424,96,77,3.00193517,0.00000000,1.39703154,8,1,0.12500000,0.00000000,1.10576923,77,0.01298701,0.00229622
h4,bear,300,price200+adx+volatility+bb,595,134,126,2.99487179,7.11641791,2.56122449,9,2,0.22222222,1.41269841,1.69772852,126,0.02380952,0.00812995
h4,bear,300,price200+macd+adx+body,298,58,62,2.98984684,0.00000000,1.73502304,5,1,0.20000000,0.00000000,2.05357143,62,0.01612903,0.00285287
h4,bear,300,macd+adx+body,511,108,95,2.98901099,0.00000000,1.13233083,9,1,0.11111111,0.00000000,1.59722222,95,0.01052632,0.00186058
h4,bear,300,price20+di+volatility+body,426,95,79,2.98784158,0.00000000,1.36166365,8,1,0.12500000,0.00000000,1.02678571,79,0.01265823,0.00223799
h4,bear,300,adx+bb+body,471,94,95,2.97261691,0.00000000,1.13233083,10,1,0.10000000,0.00000000,1.30681818,95,0.01052632,0.00186058
h4,bear,300,price200+momentum+macd+adx,429,121,72,2.96694758,3.94049587,0.00000000,7,0,0.00000000,0.00000000,0.00000000,72,0.00000000,0.00000000
h4,bear,300,macd+adx+volatility+bb,731,159,131,2.96004770,5.99748428,2.46346783,9,2,0.22222222,1.74509804,2.02254902,131,0.02290076,0.00781844
h4,bear,300,macd+volatility+bb+body,431,93,70,2.95317984,0.00000000,1.53673469,8,1,0.12500000,0.00000000,1.30681818,70,0.01428571,0.00252625
h4,bear,300,price20+price200+volatility+body,302,63,67,2.95024622,0.00000000,1.60554371,6,1,0.16666667,0.00000000,1.10576923,67,0.01492537,0.00263957
h4,bear,300,price20+price200+adx+volatility,606,137,127,2.94050944,6.96058394,2.54105737,9,2,0.22222222,1.41269841,1.66468254,127,0.02362205,0.00806568
h4,bear,300,price20+volatility+body,437,99,80,2.91263275,0.00000000,1.34464286,8,1,0.12500000,0.00000000,1.02678571,80,0.01250000,0.00220998
h4,bear,300,price200+volatility+bb+body,306,61,64,2.91168091,0.00000000,1.68080357,6,1,0.16666667,0.00000000,1.19791667,64,0.01562500,0.00276354
h4,bear,300,di+volatility+bb+body,441,97,80,2.88621431,0.00000000,1.34464286,8,1,0.12500000,0.00000000,1.10576923,80,0.01250000,0.00220998
h4,bear,300,adx+di+body,584,113,120,2.83333333,0.00000000,0.89642857,10,1,0.10000000,0.00000000,1.02678571,120,0.00833333,0.00147256
h4,bear,300,macd+adx+volatility,811,176,136,2.82500237,5.41818182,2.37289916,10,2,0.20000000,1.74509804,1.97831825,136,0.02205882,0.00752993
h4,bear,300,price20+price200+macd+adx,857,188,141,2.82188912,3.80425532,2.28875380,10,2,0.20000000,1.48333333,1.80648148,141,0.02127660,0.00726194
h4,bear,300,price200+macd+adx+di,859,191,144,2.81531895,3.74450262,2.24107143,10,2,0.20000000,1.41269841,1.77116402,144,0.02083333,0.00711012
h4,bear,300,price200+macd+adx+bb,861,190,143,2.80877930,3.76421053,2.25674326,10,2,0.20000000,1.48333333,1.80648148,143,0.02097902,0.00716002
h4,bear,300,price20+momentum+adx+body,318,75,65,2.80180616,0.00000000,0.00000000,6,0,0.00000000,0.00000000,0.00000000,65,0.00000000,0.00000000
h4,bear,300,price200+adx+volatility+body,321,54,56,2.77562106,0.00000000,1.92091837,6,1,0.16666667,0.00000000,1.59722222,56,0.01785714,0.00315921
h4,bear,300,price200+macd+adx,872,192,147,2.77334745,3.72500000,2.19533528,10,2,0.20000000,1.41269841,1.77116402,147,0.02040816,0.00696451
h4,bear,300,adx+di+volatility+bb,787,168,148,2.74942169,5.67619048,2.18050193,9,2,0.22222222,1.41269841,1.63376856,148,0.02027027,0.00691729
h4,bear,300,volatility+bb+body,463,102,80,2.74907238,0.00000000,1.34464286,8,1,0.12500000,0.00000000,1.10576923,80,0.01250000,0.00220998
h4,bear,300,price20+price200+macd+volatility,742,179,137,2.74462644,3.99553073,3.14077164,9,2,0.22222222,2.05357143,2.16781136,137,0.02919708,0.01141153
h4,bear,300,price20+macd+di+volatility,1067,254,182,2.74366184,2.81574803,2.36420722,11,2,0.18181818,1.69117647,1.94435367,182,0.02197802,0.00857923
h4,bear,300,trend+adx+bb+body,232,50,0,2.74314766,0.00000000,,3,0,0.00000000,0.00000000,0.00000000,42,0.00000000,-0.00000000
h4,bear,300,price20+adx+volatility+bb,789,168,147,2.74245231,5.67619048,2.19533528,9,2,0.22222222,1.41269841,1.63376856,147,0.02040816,0.00696451
d1,bull,100,trend+macd+adx+volatility,126,0,0,1.53222474,,,3,1,0.33333333,0.00000000,0.86666667,24,0.16666667,0.06678676
d1,bull,100,trend+adx+volatility+body,102,0,0,1.49235917,,,0,0,,,,15,0.26666667,0.10897453
d1,bull,100,trend+adx+volatility,229,0,0,1.45913911,,,4,2,0.50000000,0.57142857,0.91111111,40,0.22500000,0.12316091
d1,bull,100,adx+volatility+body,186,0,0,1.45713432,,,1,1,1.00000000,1.60000000,1.60000000,25,0.28000000,0.14283854
d1,bull,100,trend+price200+adx+volatility,225,0,0,1.45207760,,,4,2,0.50000000,0.57142857,0.91111111,39,0.23076923,0.12645804
d1,bull,100,price200+macd+adx+volatility,162,0,0,1.44382716,,,3,1,0.33333333,0.00000000,0.86666667,28,0.17857143,0.07878502
d1,bull,100,price200+adx+volatility+body,114,0,0,1.43297132,,,0,0,,,,16,0.25000000,0.10182067
d1,bull,100,trend+adx+di+volatility,172,0,0,1.42464009,,,3,1,0.33333333,0.57142857,0.74285714,32,0.25000000,0.13252401
d1,bull,100,price200+macd+di+volatility,279,53,52,1.41055925,1.05870021,0.84615385,3,0,0.00000000,0.45714286,0.65000000,52,0.21153846,0.12244371
d1,bull,100,trend+price20+adx+volatility,160,0,0,1.39226190,,,3,1,0.33333333,0.57142857,0.74285714,29,0.17241379,0.07597857
d1,bull,100,price200+macd+volatility,305,54,57,1.38769711,1.10836763,0.98245614,6,2,0.33333333,0.45714286,0.81527778,57,0.24561404,0.15232837
d1,bull,100,price200+adx+di+volatility,201,0,0,1.38533523,,,4,2,0.50000000,0.57142857,0.87142857,35,0.25714286,0.14163027
d1,bull,100,price200+macd+volatility+bb,295,54,53,1.38439602,1.10836763,0.83018868,5,1,0.20000000,0.45714286,0.75555556,53,0.20754717,0.12004598
d1,bull,100,trend+adx+volatility+bb,153,0,0,1.38316215,,,3,1,0.33333333,0.65306122,0.74285714,26,0.15384615,0.06150034
d1,bull,100,price20+price200+macd+volatility,288,52,51,1.37937059,1.15099715,0.70588235,3,0,0.00000000,0.45714286,0.65000000,51,0.17647059,0.09572403
d1,bull,100,price200+adx+volatility,280,0,0,1.37900227,,,5,4,0.80000000,0.57142857,1.17460317,49,0.26530612,0.16211282
d1,bull,100,price200+momentum+macd+volatility,227,0,0,1.37386197,,,6,2,0.33333333,0.00000000,0.72777778,47,0.25531915,0.15253154
d1,bull,100,price200+di+volatility+bb,315,58,53,1.35542958,1.03192848,0.75471698,3,0,0.00000000,0.57777778,0.83116883,53,0.18867925,0.10585325
d1,bull,100,price20+price200+di+volatility,320,63,57,1.34585317,1.06878307,0.77192982,5,1,0.20000000,0.57777778,0.77777778,57,0.19298246,0.11132747
d1,bull,100,macd+adx+di+volatility,185,0,0,1.34459888,,,3,1,0.33333333,0.00000000,0.86666667,30,0.16666667,0.07336542
d1,bull,100,trend+price200+macd+volatility,221,0,0,1.34396323,,,4,1,0.25000000,0.45714286,0.80892857,39,0.28205128,0.16543492
d1,bull,100,trend+macd+volatility,222,0,0,1.33790934,,,4,1,0.25000000,0.45714286,0.80892857,39,0.28205128,0.16543492
d1,bull,100,price200+di+volatility,361,69,64,1.33698281,1.08427268,0.93750000,5,2,0.40000000,0.47272727,0.77777778,64,0.23437500,0.14749896
d1,bull,100,price200+momentum+di+volatility,278,52,53,1.33550303,1.07905983,0.90566038,5,2,0.40000000,0.00000000,0.91428571,53,0.22641509,0.13454631
d1,bull,100,trend+macd+volatility+bb,216,0,0,1.32350823,,,4,1,0.25000000,0.45714286,0.80892857,37,0.24324324,0.13361353
d1,bull,100,price200+adx+volatility+bb,188,0,0,1.32314252,,,3,1,0.33333333,0.65306122,0.74285714,30,0.16666667,0.07336542
d1,bull,100,trend+macd+di+volatility,208,0,0,1.32086386,,,3,0,0.00000000,0.45714286,0.74285714,36,0.22222222,0.11716332
d1,bull,100,macd+adx+volatility+bb,217,0,0,1.31740911,,,3,1,0.33333333,0.00000000,0.86666667,30,0.13333333,0.05309655
d1,bull,100,price200+volatility+bb,344,61,56,1.31671281,1.10382514,0.85714286,5,1,0.20000000,0.57777778,0.83116883,56,0.21428571,0.12705904
d1,bull,100,trend+momentum+macd+volatility,158,0,0,1.31589311,,,4,1,0.25000000,0.00000000,0.63571429,31,0.29032258,0.16095800
d1,bull,100,price20+price200+adx+volatility,195,0,0,1.31372405,,,3,1,0.33333333,0.57142857,0.74285714,35,0.20000000,0.10042446
d1,bull,100,trend+price20+macd+volatility,212,0,0,1.31345463,,,3,0,0.00000000,0.45714286,0.74285714,34,0.17647059,0.08348969
d1,bull,100,price20+price200+volatility+bb,334,59,53,1.31167189,1.14124294,0.67924528,3,0,0.00000000,0.57777778,0.83116883,53,0.16981132,0.09199945
d1,bull,100,adx+di+volatility,238,0,0,1.31036415,,,4,2,0.50000000,0.57142857,0.87142857,38,0.23684211,0.12993707
d1,bull,100,macd+di+volatility+bb,369,78,58,1.30799673,1.15099715,0.75862069,5,2,0.40000000,0.45714286,0.87500000,58,0.18965517,0.10934252
d1,bull,100,price20+macd+di+volatility,358,77,58,1.30670391,1.16594517,0.75862069,5,2,0.40000000,0.45714286,0.87500000,58,0.18965517,0.10934252
d1,bull,100,price20+macd+adx+volatility,199,0,0,1.30597432,,,3,1,0.33333333,0.00000000,0.86666667,30,0.13333333,0.05309655
d1,bull,100,price20+price200+volatility,350,66,61,1.30474830,1.13355780,0.78688525,7,1,0.14285714,0.00000000,0.76190476,61,0.19672131,0.11627802
d1,bull,100,price200+volatility+body,211,0,0,1.30208380,,,3,2,0.66666667,0.00000000,1.04000000,37,0.27027027,0.15397462
d1,bull,100,price200+momentum+volatility+bb,266,0,0,1.29804869,,,5,2,0.40000000,0.00000000,0.75555556,46,0.21739130,0.12260905
d1,bull,100,macd+di+volatility,378,79,62,1.29649786,1.13642757,0.90322581,5,2,0.40000000,0.45714286,0.87500000,62,0.22580645,0.13955183
d1,bull,100,trend+momentum+adx+volatility,132,0,0,1.29381914,,,2,0,0.00000000,0.00000000,0.38095238,24,0.20833333,0.09244825
d1,bull,100,price20+price200+momentum+volatility,273,50,51,1.29196465,1.12222222,0.78431373,7,1,0.14285714,0.00000000,0.58333333,51,0.19607843,0.11015343
d1,bull,100,macd+volatility+bb,424,86,61,1.28718553,1.17441860,0.85245902,7,3,0.42857143,0.45714286,0.87500000,61,0.21311475,0.12899774
d1,bull,100,momentum+macd+di+volatility,300,63,51,1.28706878,1.12815991,0.94117647,5,2,0.40000000,0.00000000,0.70000000,51,0.23529412,0.14004949
d1,bull,100,trend+price200+adx+body,205,0,0,1.28586140,,,1,0,0.00000000,0.00000000,0.00000000,29,0.34482759,0.19940719
d1,bull,100,volatility+body,364,58,50,1.28516484,1.67688378,1.12000000,6,5,0.83333333,0.00000000,1.14065934,50,0.28000000,0.17474171
d1,bull,100,trend+adx+body,208,0,0,1.28516484,,,1,0,0.00000000,0.00000000,0.00000000,30,0.33333333,0.19230498
d1,bull,100,price200+volatility,518,80,93,1.28295949,1.12222222,1.11827957,9,5,0.55555556,0.00000000,1.05000000,93,0.27956989,0.19850339
d1,bull,100,momentum+macd+volatility+bb,336,70,51,1.28176493,1.17566138,0.86274510,7,3,0.42857143,0.00000000,0.75555556,51,0.21568627,0.12493938
d1,bull,150,trend+macd+adx+volatility,126,0,0,1.69289707,,,3,2,0.66666667,0.00000000,2.16666667,24,0.25000000,0.11999366
d1,bull,150,price200+macd+di+volatility,279,53,52,1.68724781,0.92636268,1.62197802,3,2,0.66666667,0.80000000,1.62500000,52,0.17307692,0.09382474
d1,bull,150,price20+price200+macd+volatility,288,52,51,1.68560010,1.07905983,1.28627451,3,2,0.66666667,0.80000000,1.62500000,51,0.13725490,0.06811102
d1,bull,150,price200+macd+volatility+bb,295,54,53,1.67053619,1.03909465,1.59137466,5,4,0.80000000,0.80000000,1.62500000,53,0.16981132,0.09199945
d1,bull,150,price200+macd+volatility,305,54,57,1.63988040,1.03909465,1.64411028,6,4,0.66666667,0.80000000,1.42916667,57,0.17543860,0.09818852
d1,bull,150,trend+macd+volatility+bb,216,0,0,1.63452131,,,4,3,0.75000000,0.80000000,1.54523810,37,0.21621622,0.11386512
d1,bull,150,trend+price20+macd+volatility,212,0,0,1.63066631,,,3,2,0.66666667,0.80000000,1.85714286,34,0.17647059,0.08348969
d1,bull,150,trend+macd+di+volatility,208,0,0,1.62666304,,,3,2,0.66666667,0.80000000,1.85714286,36,0.22222222,0.11716332
d1,bull,150,trend+price20+adx+volatility,160,0,0,1.60898192,,,3,3,1.00000000,1.00000000,1.85714286,29,0.24137931,0.12218422
d1,bull,150,trend+price200+macd+volatility,221,0,0,1.59754119,,,4,3,0.75000000,0.80000000,1.44246032,39,0.23076923,0.12645804
d1,bull,150,macd+di+volatility+bb,369,78,58,1.59465494,0.98913818,1.45418719,5,3,0.60000000,0.00000000,1.33333333,58,0.15517241,0.08384492
d1,bull,150,trend+macd+volatility,222,0,0,1.59034506,,,4,3,0.75000000,0.80000000,1.44246032,39,0.23076923,0.12645804
d1,bull,150,price200+macd+adx+volatility,162,0,0,1.58911794,,,3,2,0.66666667,0.00000000,2.16666667,28,0.21428571,0.10212460
d1,bull,150,price200+di+volatility+bb,315,58,53,1.58782070,0.84650383,1.41455526,3,2,0.66666667,0.72727273,1.44444444,53,0.15094340,0.07852418
d1,bull,150,trend+adx+volatility+bb,153,0,0,1.58644716,,,3,2,0.66666667,0.00000000,1.85714286,26,0.19230769,0.08507061
d1,bull,150,price20+price200+di+volatility,320,63,57,1.58599646,0.89065256,1.47969925,5,5,1.00000000,1.23333333,1.44444444,57,0.15789474,0.08535796
d1,bull,150,price20+macd+di+volatility,358,77,58,1.58201574,1.00198413,1.29261084,5,3,0.60000000,0.00000000,1.33333333,58,0.13793103,0.07158487
d1,bull,150,macd+di+volatility,378,79,62,1.57614555,0.97661744,1.51152074,5,3,0.60000000,0.00000000,1.33333333,62,0.16129032,0.09004069
d1,bull,150,price20+price200+volatility+bb,334,59,53,1.56356156,1.06991525,1.23773585,3,2,0.66666667,0.72727273,1.44444444,53,0.13207547,0.06547853
d1,bull,150,price20+macd+volatility+bb,389,83,58,1.55048423,1.01405622,1.29261084,5,3,0.60000000,0.00000000,1.33333333,58,0.13793103,0.07158487
d1,bull,150,price20+macd+volatility,390,84,59,1.54650863,1.00198413,1.27070218,5,3,0.60000000,0.00000000,1.33333333,59,0.13559322,0.07034175
d1,bull,150,adx+volatility+body,186,0,0,1.54224995,,,1,1,1.00000000,1.60000000,1.60000000,25,0.24000000,0.11496314
d1,bull,150,price200+volatility+bb,344,61,56,1.53949100,1.03483607,1.50612245,5,4,0.80000000,0.72727273,1.44444444,56,0.16071429,0.08692668
d1,bull,150,price20+price200+volatility,350,66,61,1.53411500,1.06271044,1.68992974,7,6,0.85714286,0.00000000,1.44444444,61,0.18032787,0.10379140
d1,bull,150,price200+momentum+macd+volatility,227,0,0,1.52291303,,,6,5,0.83333333,0.88095238,1.15833333,47,0.17021277,0.08886364
d1,bull,150,di+volatility+bb,408,85,61,1.51433592,0.90767974,1.38266979,5,3,0.60000000,0.00000000,1.33333333,61,0.14754098,0.07961169
d1,bull,150,trend+di+volatility+bb,243,0,0,1.51344566,,,3,2,0.66666667,0.72727273,1.62500000,38,0.18421053,0.09221765
d1,bull,150,macd+volatility+bb,424,86,61,1.50923371,0.97868217,1.53629977,7,5,0.71428571,0.00000000,1.33333333,61,0.16393443,0.09156012
d1,bull,150,price20+price200+adx+volatility,195,0,0,1.50878891,,,3,3,1.00000000,1.00000000,1.85714286,35,0.25714286,0.14163027
d1,bull,150,trend+price20+di+volatility,249,0,0,1.50651663,,,3,3,1.00000000,1.33333333,1.62500000,41,0.19512195,0.10234437
d1,bull,150,price20+di+volatility+bb,396,83,60,1.50450257,0.92955154,1.24952381,5,3,0.60000000,0.00000000,1.33333333,60,0.13333333,0.06914109
d1,bull,150,price20+di+volatility,407,91,65,1.49998455,0.92490842,1.44175824,7,6,0.85714286,0.00000000,1.33333333,65,0.15384615,0.08577094
d1,bull,150,trend+price20+macd+adx,305,63,0,1.49518507,1.33597884,,4,2,0.50000000,0.00000000,0.81250000,48,0.10416667,0.04532172
d1,bull,150,trend+macd+adx+bb,306,63,0,1.49029884,1.33597884,,4,2,0.50000000,0.00000000,0.81250000,48,0.10416667,0.04532172
d1,bull,150,trend+price20+volatility+bb,257,0,0,1.48824120,,,3,2,0.66666667,0.72727273,1.62500000,37,0.16216216,0.07651207
d1,bull,150,price200+adx+volatility+bb,188,0,0,1.48671885,,,3,2,0.66666667,0.00000000,1.85714286,30,0.16666667,0.07336542
d1,bull,150,price200+adx+volatility+body,114,0,0,1.48397330,,,0,0,,,,16,0.25000000,0.10182067
d1,bull,150,trend+volatility+bb,264,0,0,1.47664141,,,4,3,0.75000000,0.72727273,1.42916667,40,0.20000000,0.10499990
d1,bull,150,trend+price200+volatility+bb,264,0,0,1.47664141,,,4,3,0.75000000,0.72727273,1.42916667,40,0.20000000,0.10499990
d1,bull,150,trend+macd+adx,310,63,0,1.47106918,1.33597884,,4,2,0.50000000,0.00000000,0.81250000,49,0.12244898,0.05734826
d1,bull,150,trend+price200+macd+adx,310,63,0,1.47106918,1.33597884,,4,2,0.50000000,0.00000000,0.81250000,49,0.12244898,0.05734826
d1,bull,150,momentum+macd+di+volatility,300,63,51,1.47106918,1.00198413,1.47002801,5,4,0.80000000,0.00000000,1.08333333,51,0.15686275,0.08169223
d1,bull,150,price20+volatility+bb,436,92,61,1.46769517,0.99109300,1.22903981,5,3,0.60000000,0.00000000,1.33333333,61,0.13114754,0.06798077
d1,bull,150,price200+di+volatility,361,69,64,1.46699420,0.81320451,1.75714286,5,5,1.00000000,1.18181818,2.05555556,64,0.18750000,0.11064643
d1,bull,150,trend+macd+adx+di,302,63,0,1.46132700,1.33597884,,4,2,0.50000000,0.00000000,0.81250000,47,0.12765957,0.05984604
d1,bull,150,trend+price20+volatility,272,0,0,1.46025250,,,3,3,1.00000000,1.33333333,1.62500000,41,0.19512195,0.10234437
d1,bull,150,trend+price20+price200+volatility,272,0,0,1.46025250,,,3,3,1.00000000,1.33333333,1.62500000,41,0.19512195,0.10234437
d1,bull,150,macd+adx+volatility+body,91,0,0,1.45490359,,,0,0,,,,15,0.26666667,0.10897453
d1,bull,150,trend+adx+di+volatility,172,0,0,1.45396373,,,3,3,1.00000000,1.00000000,1.85714286,32,0.28125000,0.15564580
d1,bull,150,macd+volatility,491,92,73,1.45309278,1.06733092,1.66888454,9,7,0.77777778,0.80000000,1.62500000,73,0.17808219,0.10713373
d1,bull,200,trend+macd+adx+volatility,126,0,0,1.63512624,,,3,3,1.00000000,1.33333333,3.00000000,24,0.16666667,0.06678676
d1,bull,200,trend+macd+di+volatility,208,0,0,1.57316162,,,3,3,1.00000000,1.60000000,2.62500000,36,0.19444444,0.09753095
d1,bull,200,macd+di+volatility+bb,369,78,58,1.54363424,0.61660562,1.97931034,5,3,0.60000000,1.60000000,2.62500000,58,0.12068966,0.05970966
d1,bull,200,trend+price20+macd+volatility,212,0,0,1.54347932,,,3,3,1.00000000,1.60000000,2.62500000,34,0.14705882,0.06449441
d1,bull,200,macd+di+volatility,378,79,62,1.53894235,0.60880048,2.64516129,5,3,0.60000000,1.60000000,2.62500000,62,0.16129032,0.09004069
d1,bull,200,price20+macd+di+volatility,358,77,58,1.52335948,0.46846011,1.97931034,5,3,0.60000000,1.60000000,2.62500000,58,0.12068966,0.05970966
d1,bull,200,trend+macd+volatility+bb,216,0,0,1.51489637,,,4,4,1.00000000,1.60000000,2.54583333,37,0.16216216,0.07651207
d1,bull,200,macd+volatility+bb,424,86,61,1.48631342,0.69905869,1.88196721,7,5,0.71428571,1.60000000,2.62500000,61,0.11475410,0.05671203
d1,bull,200,trend+price200+macd+volatility,221,0,0,1.48062270,,,4,4,1.00000000,1.60000000,2.34027778,39,0.17948718,0.08977265
d1,bull,200,trend+macd+di+bb,641,153,108,1.47471971,0.94304388,1.36666667,8,3,0.37500000,0.00000000,0.87179487,108,0.08333333,0.04446040
d1,bull,200,trend+macd+volatility,222,0,0,1.47395323,,,4,4,1.00000000,1.60000000,2.34027778,39,0.17948718,0.08977265
d1,bull,200,trend+price200+macd+di,650,154,109,1.47294540,0.93692022,1.50458716,8,3,0.37500000,0.00000000,0.87179487,109,0.09174312,0.05059743
d1,bull,200,trend+macd+di,651,154,109,1.47068281,0.93692022,1.50458716,8,3,0.37500000,0.00000000,0.87179487,109,0.09174312,0.05059743
d1,bull,200,macd+volatility,491,92,73,1.45627513,0.78416149,2.47123288,9,6,0.66666667,0.00000000,2.62500000,73,0.15068493,0.08627677
d1,bull,200,macd+adx+volatility,258,0,0,1.45617946,,,4,3,0.75000000,1.33333333,3.00000000,37,0.13513514,0.05913294
d1,bull,200,trend+price20+macd+di,633,151,107,1.45506634,0.87590665,1.22616822,8,3,0.37500000,0.00000000,0.87179487,107,0.07476636,0.03837010
d1,bull,200,momentum+macd+di+volatility,300,63,51,1.45430052,0.76341648,2.89411765,5,2,0.40000000,0.00000000,2.00000000,51,0.17647059,0.09572403
d1,bull,200,momentum+macd+volatility+bb,336,70,51,1.44275845,0.85884354,1.92941176,7,4,0.57142857,0.00000000,2.05555556,51,0.11764706,0.05505074
d1,bull,200,macd+adx+di+volatility,185,0,0,1.44119871,,,3,3,1.00000000,1.33333333,3.00000000,30,0.13333333,0.05309655
d1,bull,200,trend+macd+bb,658,157,118,1.43661905,0.91901729,1.25084746,8,2,0.25000000,0.00000000,0.72727273,118,0.07627119,0.04064321
d1,bull,200,trend+price200+macd+bb,658,157,118,1.43661905,0.91901729,1.25084746,8,2,0.25000000,0.00000000,0.72727273,118,0.07627119,0.04064321
d1,bull,200,price200+macd+di+volatility,279,53,52,1.43345033,0.68059299,2.83846154,3,3,1.00000000,1.60000000,2.62500000,52,0.17307692,0.09382474
d1,bull,200,price20+macd+volatility+bb,389,83,58,1.43311533,0.57946070,1.69655172,5,3,0.60000000,1.60000000,2.62500000,58,0.10344828,0.04828141
d1,bull,200,price20+macd+volatility,390,84,59,1.42944068,0.57256236,1.94576271,5,3,0.60000000,1.60000000,2.62500000,59,0.11864407,0.05867583
d1,bull,200,trend+price20+macd+bb,646,155,115,1.42578482,0.85330261,1.14086957,8,2,0.25000000,0.00000000,0.75555556,115,0.06956522,0.03566865
d1,bull,200,di+volatility+bb,408,85,61,1.42578482,0.56582633,1.88196721,5,3,0.60000000,1.45454545,2.62500000,61,0.11475410,0.05671203
d1,bull,200,trend+price20+di+volatility,249,0,0,1.41146971,,,3,3,1.00000000,1.33333333,2.33333333,41,0.12195122,0.05323336
d1,bull,200,price20+di+volatility+bb,396,83,60,1.40778249,0.43459552,1.64000000,5,3,0.60000000,1.45454545,2.62500000,60,0.10000000,0.04664283
d1,bull,200,trend+macd+adx+di,302,63,0,1.40453968,0.76341648,,4,2,0.50000000,0.80000000,2.33333333,47,0.10638298,0.04630478
d1,bull,200,trend+price20+macd,657,155,115,1.40191323,0.85330261,1.14086957,8,2,0.25000000,0.00000000,0.75555556,115,0.06956522,0.03566865
d1,bull,200,trend+price20+price200+macd,657,155,115,1.40191323,0.85330261,1.14086957,8,2,0.25000000,0.00000000,0.75555556,115,0.06956522,0.03566865
d1,bull,200,price20+macd+adx+volatility,199,0,0,1.40070820,,,3,3,1.00000000,1.33333333,3.00000000,30,0.10000000,0.03459989
d1,bull,200,price20+di+volatility,407,91,65,1.39951115,0.52851910,1.76615385,7,4,0.57142857,0.00000000,1.48000000,65,0.10769231,0.05315422
d1,bull,200,trend+di+volatility+bb,243,0,0,1.39644769,,,3,3,1.00000000,1.45454545,2.62500000,38,0.15789474,0.07443863
d1,bull,200,macd+adx+volatility+bb,217,0,0,1.39621786,,,3,3,1.00000000,1.33333333,3.00000000,30,0.10000000,0.03459989
d1,bull,200,trend+price200+macd,687,159,121,1.39361646,0.90745732,1.35537190,8,3,0.37500000,0.00000000,0.72727273,121,0.08264463,0.04550905
d1,bull,200,trend+price20+macd+adx,305,63,0,1.39072454,0.76341648,,4,2,0.50000000,0.80000000,2.33333333,48,0.08333333,0.03288376
d1,bull,200,momentum+macd+bb+body,340,79,51,1.39014020,0.45660036,1.28627451,5,2,0.40000000,0.00000000,0.50000000,51,0.07843137,0.03092220
d1,bull,200,trend+macd,689,159,121,1.38957113,0.90745732,1.35537190,8,3,0.37500000,0.00000000,0.72727273,121,0.08264463,0.04550905
d1,bull,200,price20+price200+macd+volatility,288,52,51,1.38865501,0.46245421,2.25098039,3,3,1.00000000,1.60000000,2.62500000,51,0.13725490,0.06811102
d1,bull,200,rsi_extreme,96,0,0,1.38865501,,,0,0,,,,8,0.00000000,0.00000000
d1,bull,200,trend+macd+adx+bb,306,63,0,1.38617969,0.76341648,,4,2,0.50000000,0.80000000,2.33333333,48,0.08333333,0.03288376
d1,bull,200,momentum+macd+volatility,350,72,58,1.38504811,0.83498677,2.54482759,9,5,0.55555556,0.00000000,2.00000000,58,0.15517241,0.08384492
d1,bull,200,trend+momentum+macd+di,474,112,85,1.38066505,0.96619898,1.54352941,8,3,0.37500000,0.00000000,0.88888889,85,0.09411765,0.04846506
d1,bull,200,trend+macd+di+body,256,52,0,1.37287484,0.69368132,,3,1,0.33333333,0.00000000,0.88888889,36,0.11111111,0.04406640
d1,bull,200,trend+macd+adx,310,63,0,1.36829350,0.76341648,,4,2,0.50000000,0.80000000,2.33333333,49,0.10204082,0.04437955
d1,bull,200,trend+price200+macd+adx,310,63,0,1.36829350,0.76341648,,4,2,0.50000000,0.80000000,2.33333333,49,0.10204082,0.04437955
d1,bull,200,trend+macd+bb+body,257,52,0,1.36753291,0.69368132,,3,1,0.33333333,0.00000000,0.88888889,38,0.07894737,0.02721460
d1,bull,200,trend+price20+adx+volatility,160,0,0,1.36340674,,,3,3,1.00000000,1.00000000,3.00000000,29,0.10344828,0.03581489
d1,bull,200,momentum+di+volatility+bb,330,69,51,1.35881614,0.69703244,1.92941176,5,2,0.40000000,0.00000000,1.77777778,51,0.11764706,0.05505074
d1,bull,300,trend+macd+adx+volatility,126,0,0,2.71152131,,,3,0,0.00000000,0.00000000,0.00000000,24,0.00000000,0.00000000
d1,bull,300,trend+macd+volatility+bb,216,0,0,2.31174573,,,4,1,0.25000000,3.20000000,3.20000000,37,0.05405405,0.01495098
d1,bull,300,price200+macd+adx+volatility,162,0,0,2.27118879,,,3,0,0.00000000,0.00000000,0.00000000,28,0.00000000,0.00000000
d1,bull,300,trend+price200+macd+volatility,221,0,0,2.25944379,,,4,1,0.25000000,3.20000000,3.20000000,39,0.05128205,0.01417796
d1,bull,300,trend+macd+volatility,222,0,0,2.24926612,,,4,1,0.25000000,3.20000000,3.20000000,39,0.05128205,0.01417796
d1,bull,300,trend+adx+volatility+bb,153,0,0,2.23301755,,,3,0,0.00000000,0.00000000,0.00000000,26,0.00000000,0.00000000
d1,bull,300,trend+price20+macd+volatility,212,0,0,2.23139707,,,3,1,0.33333333,3.20000000,3.20000000,34,0.05882353,0.01628266
d1,bull,300,trend+macd+di+volatility,208,0,0,2.14795808,,,3,1,0.33333333,3.20000000,3.20000000,36,0.05555556,0.01536999
d1,bull,300,trend+price20+adx+volatility,160,0,0,2.13532303,,,3,0,0.00000000,0.00000000,0.00000000,29,0.03448276,0.00611321
d1,bull,300,price200+macd+volatility,305,54,57,1.98183828,1.10021786,2.46616541,6,3,0.50000000,3.20000000,3.40000000,57,0.05263158,0.01806030
d1,bull,300,price200+macd+volatility+bb,295,54,53,1.95993144,1.10021786,1.76819407,5,2,0.40000000,3.20000000,3.30000000,53,0.03773585,0.01041029
d1,bull,300,price20+price200+macd+volatility,288,52,51,1.91631554,1.14253394,2.75630252,3,1,0.33333333,3.20000000,3.20000000,51,0.05882353,0.02020664
d1,bull,300,rsi_extreme,96,0,0,1.91631554,,,0,0,,,,8,0.00000000,0.00000000
d1,bull,300,price20+macd+di+volatility,358,77,58,1.90866863,1.15737204,2.42364532,5,1,0.20000000,3.20000000,3.20000000,58,0.05172414,0.01774613
d1,bull,300,trend+volatility+bb,264,0,0,1.89142833,,,4,1,0.25000000,2.90909091,2.90909091,40,0.05000000,0.01382067
d1,bull,300,trend+price200+volatility+bb,264,0,0,1.89142833,,,4,1,0.25000000,2.90909091,2.90909091,40,0.05000000,0.01382067
d1,bull,300,price200+macd+di+volatility,279,53,52,1.88393540,0.56048835,2.70329670,3,1,0.33333333,3.20000000,3.20000000,52,0.05769231,0.01981417
d1,bull,300,macd+di+volatility+bb,369,78,58,1.85177065,1.14253394,1.61576355,5,1,0.20000000,3.20000000,3.20000000,58,0.03448276,0.00950793
d1,bull,300,trend+price20+volatility+bb,257,0,0,1.84068552,,,3,1,0.33333333,2.90909091,2.90909091,37,0.05405405,0.01495098
d1,bull,300,trend+di+volatility+bb,243,0,0,1.83858140,,,3,1,0.33333333,2.90909091,2.90909091,38,0.05263158,0.01455421
d1,bull,300,trend+adx+di+volatility,172,0,0,1.83355108,,,3,0,0.00000000,0.00000000,0.00000000,32,0.03125000,0.00553786
d1,bull,300,trend+momentum+macd+volatility,158,0,0,1.82968283,,,4,1,0.25000000,4.00000000,4.00000000,31,0.06451613,0.01787478
d1,bull,300,price20+macd+volatility+bb,389,83,58,1.82412409,1.43160879,1.61576355,5,1,0.20000000,3.20000000,3.20000000,58,0.03448276,0.00950793
d1,bull,300,price20+macd+volatility,390,84,59,1.81944685,1.41456583,2.38256659,5,1,0.20000000,3.20000000,3.20000000,59,0.05084746,0.01744272
d1,bull,300,price200+adx+volatility+bb,188,0,0,1.81729620,,,3,0,0.00000000,0.00000000,0.00000000,30,0.00000000,0.00000000
d1,bull,300,macd+di+volatility,378,79,62,1.80768088,1.12807148,2.26728111,5,1,0.20000000,3.20000000,3.20000000,62,0.04838710,0.01659169
d1,bull,300,macd+volatility+bb,424,86,61,1.79751431,1.38166895,1.53629977,7,2,0.28571429,3.20000000,3.30000000,61,0.03278689,0.00903789
d1,bull,300,trend+price20+di+volatility,249,0,0,1.79427824,,,3,1,0.33333333,2.66666667,2.66666667,41,0.07317073,0.02519783
d1,bull,300,price20+price200+adx+volatility,195,0,0,1.75205993,,,3,0,0.00000000,0.00000000,0.00000000,35,0.02857143,0.00506149
d1,bull,300,trend+price20+volatility,272,0,0,1.73917713,,,3,1,0.33333333,2.66666667,2.66666667,41,0.07317073,0.02519783
d1,bull,300,trend+price20+price200+volatility,272,0,0,1.73917713,,,3,1,0.33333333,2.66666667,2.66666667,41,0.07317073,0.02519783
d1,bull,300,price20+di+volatility+bb,396,83,60,1.72551356,1.07370659,1.56190476,5,1,0.20000000,2.90909091,2.90909091,60,0.03333333,0.00918932
d1,bull,300,trend+price20+macd+adx,305,63,0,1.72333763,1.41456583,,4,0,0.00000000,0.00000000,0.00000000,48,0.00000000,0.00000000
d1,bull,300,trend+macd+adx+bb,306,63,0,1.71770581,1.41456583,,4,0,0.00000000,0.00000000,0.00000000,48,0.00000000,0.00000000
d1,bull,300,price20+macd+adx+volatility,199,0,0,1.71684264,,,3,0,0.00000000,0.00000000,0.00000000,30,0.00000000,0.00000000
d1,bull,300,macd+adx+di+volatility,185,0,0,1.70470695,,,3,0,0.00000000,0.00000000,0.00000000,30,0.00000000,0.00000000
d1,bull,300,trend+macd+adx,310,63,0,1.69554186,1.41456583,,4,0,0.00000000,0.00000000,0.00000000,49,0.00000000,0.00000000
d1,bull,300,trend+price200+macd+adx,310,63,0,1.69554186,1.41456583,,4,0,0.00000000,0.00000000,0.00000000,49,0.00000000,0.00000000
d1,bull,300,price200+volatility+bb,344,61,56,1.68075516,0.97396336,1.67346939,5,2,0.40000000,2.90909091,3.15454545,56,0.03571429,0.00984943
d1,bull,300,price20+di+volatility,407,91,65,1.67887806,0.97931480,2.88351648,7,2,0.28571429,0.00000000,2.66666667,65,0.06153846,0.02418905
d1,bull,300,di+volatility+bb,408,85,61,1.67476316,1.04844291,1.53629977,5,1,0.20000000,2.90909091,2.90909091,61,0.03278689,0.00903789
d1,bull,300,price200+di+volatility+bb,315,58,53,1.66862850,0.51217039,1.76819407,3,1,0.33333333,2.90909091,2.90909091,53,0.03773585,0.01041029
d1,bull,300,macd+volatility,491,92,73,1.65928282,1.29156010,1.92563601,9,3,0.33333333,0.00000000,3.01666667,73,0.04109589,0.01407394
d1,bull,300,trend+macd+adx+di,302,63,0,1.65343404,1.41456583,,4,0,0.00000000,0.00000000,0.00000000,47,0.00000000,-0.00000000
d1,bull,300,price20+price200+volatility+bb,334,59,53,1.65239185,1.00697906,1.76819407,3,1,0.33333333,2.90909091,2.90909091,53,0.03773585,0.01041029
d1,bull,300,momentum+macd+volatility+bb,336,70,51,1.64255618,1.69747899,1.83753501,7,2,0.28571429,3.40000000,3.70000000,51,0.03921569,0.01082108
d1,bull,300,price20+price200+di+volatility,320,63,57,1.64255618,0.47152194,3.28822055,5,2,0.40000000,0.00000000,2.66666667,57,0.07017544,0.02762642
d1,bull,300,momentum+macd+volatility+body,129,0,0,1.62982319,,,0,0,,,,23,0.08695652,0.02418000
d1,bull,300,price200+macd+volatility+body,113,0,0,1.62802028,,,1,0,0.00000000,0.00000000,0.00000000,25,0.08000000,0.02222040
d1,bull,300,price20+volatility+bb,436,92,61,1.62748686,1.29156010,1.53629977,5,1,0.20000000,2.90909091,2.90909091,61,0.03278689,0.00903789
d1,bear,100,adx+volatility+body,178,0,0,1.49063042,,,1,1,1.00000000,2.00000000,2.00000000,33,0.42424242,0.27235597
d1,bear,100,macd+adx+volatility+body,92,0,0,1.48099650,,,0,0,,,,20,0.40000000,0.21880653
d1,bear,100,price20+macd+di+volatility,388,72,57,1.41389763,1.59022709,1.24895572,7,3,0.42857143,0.00000000,0.90476190,57,0.35087719,0.24000422
d1,bear,100,price20+macd+volatility+bb,401,80,62,1.40382684,1.52354015,1.26305684,7,4,0.57142857,0.48214286,1.01785714,62,0.35483871,0.24742733
d1,bear,100,macd+di+volatility+bb,401,74,61,1.40382684,1.54724798,1.34211553,7,4,0.57142857,0.00000000,1.26666667,61,0.37704918,0.26614510
d1,bear,100,volatility+body,358,64,68,1.40217840,1.26961679,1.15161064,10,5,0.50000000,0.00000000,1.05897436,68,0.32352941,0.22437604
d1,bear,100,macd+di+volatility,415,76,62,1.39966847,1.50653093,1.32046851,7,4,0.57142857,0.00000000,1.26666667,62,0.37096774,0.26157166
d1,bear,100,price20+macd+volatility,403,80,62,1.39685996,1.52354015,1.26305684,7,4,0.57142857,0.48214286,1.01785714,62,0.35483871,0.24742733
d1,bear,100,momentum+macd+di+volatility,316,62,56,1.39564927,1.60842948,1.14413265,7,4,0.57142857,0.00000000,1.16326531,56,0.32142857,0.21400995
d1,bear,100,price20+momentum+macd+volatility,309,68,56,1.39245455,1.57513954,1.08056973,7,3,0.42857143,0.41025641,0.86666667,56,0.30357143,0.19900325
d1,bear,100,price20+di+volatility+bb,428,83,63,1.38228768,1.55747076,1.13000756,7,3,0.42857143,0.00000000,0.77551020,63,0.31746032,0.21586687
d1,bear,100,momentum+adx+volatility+body,91,0,0,1.37906557,,,0,0,,,,17,0.41176471,0.21611057
d1,bear,100,di+volatility+bb,446,85,68,1.37473666,1.52082439,1.20395658,7,4,0.57142857,0.00000000,1.20634921,68,0.33823529,0.23714253
d1,bear,100,momentum+di+volatility+bb,351,73,62,1.36885026,1.56844316,1.03341014,7,4,0.57142857,0.00000000,1.01785714,62,0.29032258,0.19223557
d1,bear,100,price20+di+volatility,446,86,66,1.36669726,1.54608725,1.13257576,8,4,0.50000000,0.00000000,1.02108844,66,0.31818182,0.21849007
d1,bear,100,macd+volatility+bb,428,87,66,1.36553268,1.48586291,1.34830447,7,4,0.57142857,0.48214286,1.26666667,66,0.37878788,0.27149447
d1,bear,100,price20+volatility+bb,447,93,68,1.36363978,1.46942940,1.15161064,7,3,0.42857143,0.48214286,0.90476190,68,0.32352941,0.22437604
d1,bear,100,momentum+macd+volatility+bb,329,75,60,1.36229881,1.52661800,1.18650794,7,4,0.57142857,0.35164835,1.20634921,60,0.33333333,0.22729262
d1,bear,100,momentum+di+volatility,403,87,67,1.36127117,1.40095646,1.00941720,8,5,0.62500000,0.00000000,1.09478716,67,0.28358209,0.18970281
d1,bear,100,price200+momentum+volatility,248,82,0,1.35904687,1.44133879,,1,0,0.00000000,0.57777778,0.57777778,25,0.20000000,0.08860585
d1,bear,100,di+volatility,510,103,73,1.35689235,1.39848345,1.17025440,8,5,0.62500000,0.00000000,1.23650794,73,0.32876712,0.23194486
d1,bear,100,price200+momentum+di+volatility,222,72,0,1.35670234,1.48763179,,1,0,0.00000000,0.65000000,0.65000000,24,0.20833333,0.09244825
d1,bear,100,macd+adx+di+volatility,217,0,0,1.35491603,,,1,1,1.00000000,1.08571429,1.08571429,31,0.35483871,0.21116659
d1,bear,100,price20+momentum+di+volatility,352,74,60,1.35477521,1.59715920,0.94920635,8,4,0.50000000,0.00000000,0.98409091,60,0.26666667,0.17132640
d1,bear,100,price20+momentum+volatility+bb,353,81,62,1.35093732,1.50473101,0.97599846,7,3,0.42857143,0.35164835,0.67857143,62,0.27419355,0.17881064
d1,bear,100,price200+momentum+macd+volatility,154,56,0,1.35040966,1.64885297,,1,1,1.00000000,1.04000000,1.04000000,20,0.25000000,0.11186170
d1,bear,100,price20+macd+adx+volatility,216,0,0,1.34458893,,,2,0,0.00000000,0.77142857,0.83809524,33,0.33333333,0.19750228
d1,bear,100,price20+volatility,468,97,71,1.34075819,1.44691098,1.15308518,8,4,0.50000000,0.48214286,1.08571429,71,0.32394366,0.22657212
d1,bear,100,momentum+adx+di+volatility,201,0,0,1.33789943,,,2,1,0.50000000,0.00000000,1.70000000,33,0.27272727,0.15067441
d1,bear,100,price200+di+volatility,306,86,0,1.33580076,1.50314038,,2,0,0.00000000,0.65000000,0.70500000,29,0.31034483,0.17275617
d1,bear,100,volatility+bb,478,100,73,1.33521243,1.44043796,1.21901500,7,4,0.57142857,0.48214286,1.23376623,73,0.34246575,0.24394867
d1,bear,100,price200+momentum+volatility+body,94,0,0,1.33505283,,,0,0,,,,9,0.22222222,0.06322511
d1,bear,100,price20+price200+macd+volatility,231,64,0,1.33488771,1.55816606,,2,1,0.50000000,0.76000000,0.90000000,25,0.36000000,0.20247881
d1,bear,100,macd+volatility,481,100,79,1.33433911,1.36656934,1.26160338,10,6,0.60000000,0.00000000,1.31190476,79,0.35443038,0.25795398
d1,bear,100,momentum+macd+volatility,344,80,64,1.33416576,1.47737226,1.16796875,7,5,0.71428571,0.35164835,1.31818182,64,0.32812500,0.22570558
d1,bear,100,price200+macd+di+volatility,234,61,0,1.33309671,1.63479718,,2,1,0.50000000,0.76000000,0.90000000,25,0.36000000,0.20247881
d1,bear,100,adx+di+volatility+body,105,0,0,1.33178332,,,0,0,,,,16,0.43750000,0.23098652
d1,bear,100,adx+di+volatility,278,0,0,1.32846676,,,4,3,0.75000000,0.00000000,1.33376623,37,0.32432432,0.19633267
d1,bear,100,price200+macd+volatility+bb,235,66,0,1.32742396,1.56690998,,2,1,0.50000000,0.76000000,0.90000000,25,0.36000000,0.20247881
d1,bear,100,momentum+macd+adx+volatility,154,0,0,1.32712673,,,3,1,0.33333333,0.77142857,0.90476190,35,0.31428571,0.18550845
d1,bear,100,momentum+volatility+bb,379,88,67,1.32448513,1.46897810,1.06254442,7,4,0.57142857,0.27350427,1.08571429,67,0.29850746,0.20231511
d1,bear,100,price20+momentum+volatility,374,85,65,1.32301798,1.47737226,0.98571429,8,4,0.50000000,0.30769231,0.99837662,65,0.27692308,0.18293584
d1,bear,100,macd+adx+volatility+bb,225,0,0,1.32267711,,,2,1,0.50000000,0.77142857,0.96734694,36,0.36111111,0.22475593
d1,bear,100,adx+di+volatility+bb,244,0,0,1.32254648,,,2,1,0.50000000,0.00000000,0.54285714,35,0.31428571,0.18550845
d1,bear,100,price200+macd+volatility,239,70,0,1.32021005,1.53013556,,2,1,0.50000000,0.76000000,0.90000000,25,0.36000000,0.20247881
d1,bear,100,adx+volatility+bb+body,87,0,0,1.31883052,,,0,0,,,,15,0.46666667,0.24809535
d1,bear,100,macd+volatility+body,180,0,0,1.31470917,,,3,2,0.66666667,0.50000000,1.58181818,38,0.31578947,0.19084604
d1,bear,100,macd+adx+volatility,252,0,0,1.30901779,,,3,2,0.66666667,0.77142857,1.04000000,42,0.33333333,0.21012467
d1,bear,100,price20+adx+volatility+bb,244,0,0,1.30785152,,,3,0,0.00000000,0.00000000,0.77142857,36,0.30555556,0.18004452
d1,bear,100,adx+volatility,405,65,64,1.30142928,1.02279618,1.11235119,8,5,0.62500000,0.65000000,1.24829932,64,0.31250000,0.21231067
d1,bear,150,macd+di+volatility+body,152,0,0,2.14793494,,,1,1,1.00000000,1.08571429,1.08571429,27,0.11111111,0.03852035
d1,bear,150,momentum+macd+volatility+body,132,0,0,2.13610059,,,0,0,,,,26,0.03846154,0.00682198
d1,bear,150,price200+macd+volatility+body,81,0,0,2.10695302,,,0,0,,,,11,0.27272727,0.09746059
d1,bear,150,macd+adx+volatility+body,92,0,0,2.09699577,,,0,0,,,,20,0.10000000,0.02786648
d1,bear,150,price20+macd+volatility+body,140,0,0,2.06703869,,,0,0,,,,24,0.12500000,0.04344334
d1,bear,150,momentum+di+volatility+body,159,0,0,2.05337177,,,1,0,0.00000000,0.00000000,0.00000000,27,0.00000000,0.00000000
d1,bear,150,adx+di+volatility+body,105,0,0,2.04937169,,,0,0,,,,16,0.06250000,0.01111934
d1,bear,150,momentum+adx+volatility+body,91,0,0,2.03849969,,,0,0,,,,17,0.05882353,0.01046040
d1,bear,150,trend+di+volatility+body,77,0,0,2.02367424,,,0,0,,,,5,0.00000000,0.00000000
d1,bear,150,momentum+volatility+bb+body,136,0,0,2.01871426,,,1,0,0.00000000,0.00000000,0.00000000,24,0.00000000,0.00000000
d1,bear,150,macd+volatility+bb+body,151,0,0,2.01473970,,,1,1,1.00000000,1.08571429,1.08571429,27,0.11111111,0.03852035
d1,bear,150,di+volatility+bb+body,156,0,0,1.99772970,,,1,0,0.00000000,0.90476190,0.90476190,28,0.10714286,0.03711837
d1,bear,150,price20+momentum+volatility+body,134,0,0,1.99347015,,,0,0,,,,23,0.00000000,0.00000000
d1,bear,150,price20+volatility+bb+body,153,0,0,1.98840323,,,0,0,,,,26,0.11538462,0.04003245
d1,bear,150,macd+volatility+body,180,0,0,1.97870370,,,3,2,0.66666667,0.00000000,1.08571429,38,0.10526316,0.04170257
d1,bear,150,price20+di+volatility+body,154,0,0,1.97549152,,,0,0,,,,27,0.11111111,0.03852035
d1,bear,150,price200+di+volatility+body,109,0,0,1.97416539,,,0,0,,,,13,0.23076923,0.08179529
d1,bear,150,di+volatility+body,192,0,0,1.97097439,,,2,1,0.50000000,0.90476190,1.41904762,32,0.09375000,0.03240155
d1,bear,150,price20+adx+volatility+body,87,0,0,1.96164591,,,0,0,,,,15,0.06666667,0.01186690
d1,bear,150,adx+volatility+bb+body,87,0,0,1.96164591,,,0,0,,,,15,0.06666667,0.01186690
d1,bear,150,trend+momentum+macd+volatility,95,0,0,1.95266813,,,0,0,,,,6,0.00000000,0.00000000
d1,bear,150,price20+volatility+body,162,0,0,1.92373971,,,0,0,,,,28,0.10714286,0.03711837
d1,bear,150,volatility+bb+body,166,0,0,1.92208417,,,1,0,0.00000000,0.90476190,0.90476190,29,0.10344828,0.03581489
d1,bear,150,price200+volatility+bb+body,89,0,0,1.91756398,,,0,0,,,,11,0.27272727,0.09746059
d1,bear,150,price200+macd+adx+volatility,121,0,0,1.90102732,,,0,0,,,,17,0.11764706,0.03287977
d1,bear,150,price200+momentum+volatility+body,94,0,0,1.89450355,,,0,0,,,,9,0.00000000,0.00000000
d1,bear,150,price200+momentum+macd+volatility,154,56,0,1.87912608,1.86029412,,1,1,1.00000000,2.60000000,2.60000000,20,0.10000000,0.02786648
d1,bear,150,price20+price200+volatility+body,91,0,0,1.87541972,,,0,0,,,,12,0.25000000,0.08894167
d1,bear,150,momentum+macd+di+volatility,316,62,56,1.85503472,1.80028463,1.13257576,7,4,0.57142857,0.00000000,1.84722222,56,0.12500000,0.06189069
d1,bear,150,macd+adx+di+volatility,217,0,0,1.84648618,,,1,1,1.00000000,1.08571429,1.08571429,31,0.09677419,0.03346464
d1,bear,150,momentum+volatility+body,185,0,0,1.84500751,,,1,0,0.00000000,0.00000000,0.00000000,32,0.06250000,0.01731057
d1,bear,150,trend+momentum+adx+volatility,85,0,0,1.83321078,,,0,0,,,,5,0.00000000,0.00000000
d1,bear,150,macd+di+volatility,415,76,62,1.80586513,1.66447368,1.46138807,7,5,0.71428571,0.67857143,2.12500000,62,0.16129032,0.09004069
d1,bear,150,momentum+macd+adx+volatility,154,0,0,1.78276064,,,3,2,0.66666667,0.90476190,1.80000000,35,0.11428571,0.04535179
d1,bear,150,price20+momentum+macd+volatility,309,68,56,1.77699119,1.86029412,1.13257576,7,4,0.57142857,0.66666667,1.59166667,56,0.12500000,0.06189069
d1,bear,150,macd+di+volatility+bb,401,74,61,1.77639235,1.70945946,1.48534526,7,5,0.71428571,0.67857143,2.12500000,61,0.16393443,0.09156012
d1,bear,150,price200+macd+di+volatility,234,61,0,1.77575973,1.82979749,,2,1,0.50000000,2.60000000,2.60000000,25,0.20000000,0.08860585
d1,bear,150,trend+adx+di+volatility,109,0,0,1.76994139,,,0,0,,,,6,0.00000000,0.00000000
d1,bear,150,price20+macd+di+volatility,388,72,57,1.75941438,1.75694444,1.43062201,7,5,0.71428571,0.90476190,1.70833333,57,0.15789474,0.08535796
d1,bear,150,momentum+macd+volatility+bb,329,75,60,1.75918186,1.78588235,1.20808081,7,4,0.57142857,0.57142857,2.00833333,60,0.13333333,0.06914109
d1,bear,150,momentum+macd+volatility,344,80,64,1.74718387,1.67426471,1.27414773,7,4,0.57142857,0.57142857,1.69841270,64,0.14062500,0.07578573
d1,bear,150,price200+macd+volatility,239,70,0,1.73860995,1.70084034,,2,1,0.50000000,2.60000000,2.60000000,25,0.20000000,0.08860585
d1,bear,150,price200+macd+volatility+bb,235,66,0,1.73662825,1.80392157,,2,1,0.50000000,2.60000000,2.60000000,25,0.20000000,0.08860585
d1,bear,150,price20+price200+macd+volatility,231,64,0,1.73457792,1.74402574,,2,1,0.50000000,2.60000000,2.60000000,25,0.20000000,0.08860585
d1,bear,150,trend+macd+di+volatility,142,52,0,1.72439847,1.43099548,,0,0,,,,7,0.00000000,0.00000000
d1,bear,150,price20+macd+volatility+bb,401,80,62,1.72088009,1.76727941,1.46138807,7,6,0.85714286,1.14285714,1.76190476,62,0.16129032,0.09004069
d1,bear,150,price20+macd+adx+volatility,216,0,0,1.71762474,,,2,2,1.00000000,1.80000000,1.80476190,33,0.09090909,0.03140394
d1,bear,150,macd+adx+volatility+bb,225,0,0,1.71487654,,,2,2,1.00000000,1.55102041,1.67551020,36,0.11111111,0.04406640
d1,bear,150,price20+macd+volatility,403,80,62,1.71233974,1.76727941,1.46138807,7,6,0.85714286,1.14285714,1.76190476,62,0.16129032,0.09004069
d1,bear,150,momentum+di+volatility+bb,351,73,62,1.71233974,1.63094279,1.02297165,7,4,0.57142857,0.00000000,1.50297619,62,0.11290323,0.05577864
d1,bear,200,macd+adx+volatility+body,92,0,0,2.32282609,,,0,0,,,,20,0.15000000,0.05236875
d1,bear,200,adx+di+volatility+body,105,0,0,2.18061224,,,0,0,,,,16,0.12500000,0.03497749
d1,bear,200,momentum+adx+volatility+body,91,0,0,2.18061224,,,0,0,,,,17,0.11764706,0.03287977
d1,bear,200,momentum+macd+di+volatility,316,62,56,2.02879747,1.81362007,0.94222689,7,3,0.42857143,0.00000000,1.14285714,56,0.05357143,0.01838578
d1,bear,200,macd+di+volatility,415,76,62,1.98619621,1.97270955,1.70208729,7,3,0.42857143,0.00000000,1.28571429,62,0.09677419,0.04511187
d1,bear,200,macd+adx+di+volatility,217,0,0,1.96958525,,,1,1,1.00000000,1.52000000,1.52000000,31,0.06451613,0.01787478
d1,bear,200,momentum+macd+volatility,344,80,64,1.95240864,1.40555556,1.37408088,7,4,0.57142857,0.84444444,1.14285714,64,0.07812500,0.03383118
d1,bear,200,macd+di+volatility+bb,401,74,61,1.94134307,2.02602603,1.72999036,7,3,0.42857143,0.00000000,1.28571429,61,0.09836066,0.04586458
d1,bear,200,price20+adx+volatility+body,87,0,0,1.92996716,,,0,0,,,,15,0.13333333,0.03736126
d1,bear,200,momentum+di+volatility+body,159,0,0,1.92003594,,,1,0,0.00000000,0.00000000,0.00000000,27,0.03703704,0.00656815
d1,bear,200,macd+di+volatility+body,152,0,0,1.90803571,,,1,1,1.00000000,1.52000000,1.52000000,27,0.14814815,0.05915928
d1,bear,200,momentum+macd+volatility+bb,329,75,60,1.90223621,1.49925926,1.17254902,7,3,0.42857143,0.00000000,1.12500000,60,0.06666667,0.02622870
d1,bear,200,momentum+adx+di+volatility,201,0,0,1.89854300,,,2,0,0.00000000,0.00000000,0.00000000,33,0.03030303,0.00536941
d1,bear,200,macd+volatility+bb,428,87,66,1.89020360,1.72328650,1.86541889,7,4,0.57142857,0.00000000,1.52000000,66,0.10606061,0.05233347
d1,bear,200,price20+macd+di+volatility,388,72,57,1.88836524,2.08230453,1.85139319,7,4,0.57142857,0.00000000,1.28571429,57,0.10526316,0.04914466
d1,bear,200,momentum+macd+adx+volatility,154,0,0,1.88325603,,,3,3,1.00000000,1.26666667,1.80000000,35,0.08571429,0.02958237
d1,bear,200,price20+momentum+macd+volatility,309,68,56,1.87716135,1.65359477,1.25630252,7,4,0.57142857,0.00000000,1.12500000,56,0.07142857,0.02812604
d1,bear,200,macd+volatility,481,100,79,1.87233442,1.68666667,2.00372301,10,6,0.60000000,1.12500000,1.97500000,79,0.11392405,0.06110579
d1,bear,200,adx+di+volatility,278,0,0,1.86685509,,,4,1,0.25000000,0.00000000,0.00000000,37,0.05405405,0.01495098
d1,bear,200,price20+macd+volatility+bb,401,80,62,1.86521197,1.87407407,1.98576850,7,4,0.57142857,0.00000000,1.90000000,62,0.11290323,0.05577864
d1,bear,200,price20+macd+volatility,403,80,62,1.85595533,1.87407407,1.98576850,7,4,0.57142857,0.00000000,1.90000000,62,0.11290323,0.05577864
d1,bear,200,momentum+di+volatility,403,87,67,1.85595533,1.50787569,0.78753292,8,2,0.25000000,0.00000000,0.80000000,67,0.04477612,0.01534398
d1,bear,200,momentum+macd+volatility+body,132,0,0,1.85021645,,,0,0,,,,26,0.07692308,0.02135509
d1,bear,200,di+volatility+bb,446,85,68,1.84814222,1.76383442,1.55190311,7,3,0.42857143,0.00000000,1.28571429,68,0.08823529,0.04106812
d1,bear,200,di+volatility+body,192,0,0,1.82853423,,,2,2,1.00000000,1.26666667,2.08333333,32,0.12500000,0.04970134
d1,bear,200,momentum+di+volatility+bb,351,73,62,1.82649573,1.54033486,0.85104364,7,2,0.28571429,0.00000000,0.88888889,62,0.04838710,0.01659169
d1,bear,200,di+volatility,510,103,73,1.82572829,1.63754045,1.44560838,8,3,0.37500000,0.00000000,1.28571429,73,0.08219178,0.03821375
d1,bear,200,price20+di+volatility+bb,428,83,63,1.81887517,1.80633646,1.67507003,7,4,0.57142857,0.00000000,1.28571429,63,0.09523810,0.04438348
d1,bear,200,macd+adx+volatility,252,0,0,1.81717687,,,3,3,1.00000000,1.80000000,2.17142857,42,0.09523810,0.03766225
d1,bear,200,volatility+bb,478,100,73,1.78828452,1.49925926,1.68654311,7,4,0.57142857,0.00000000,1.38181818,73,0.09589041,0.04722895
d1,bear,200,macd+volatility+body,180,0,0,1.78083333,,,3,3,1.00000000,1.52000000,2.90000000,38,0.15789474,0.07443863
d1,bear,200,price20+di+volatility,446,86,66,1.77969250,1.74332472,1.59893048,8,4,0.50000000,0.00000000,1.28571429,66,0.09090909,0.04233298
d1,bear,200,price20+momentum+di+volatility,352,74,60,1.77794237,1.51951952,0.87941176,8,3,0.37500000,0.00000000,1.00000000,60,0.05000000,0.01714950
d1,bear,200,price20+volatility+bb,447,93,68,1.77571109,1.61210673,1.81055363,7,4,0.57142857,0.00000000,1.68888889,68,0.10294118,0.05076577
d1,bear,200,price20+momentum+volatility+bb,353,81,62,1.77290571,1.38820302,1.13472486,7,3,0.42857143,0.00000000,1.12500000,62,0.06451613,0.02537291
d1,bear,200,momentum+volatility+bb,379,88,67,1.77210705,1.27777778,1.05004390,7,2,0.28571429,0.00000000,0.88888889,67,0.05970149,0.02345935
d1,bear,200,adx+volatility+bb+body,87,0,0,1.75451560,,,0,0,,,,15,0.13333333,0.03736126
d1,bear,200,adx+di+volatility+bb,244,0,0,1.75163934,,,2,1,0.50000000,0.00000000,0.76000000,35,0.05714286,0.01581316
d1,bear,200,price20+volatility,468,97,71,1.72864774,1.54562810,1.73405137,8,4,0.50000000,0.00000000,1.68888889,71,0.09859155,0.04858282
d1,bear,200,price20+adx+di+volatility,248,0,0,1.72338710,,,3,0,0.00000000,0.00000000,0.00000000,33,0.06060606,0.01678088
d1,bear,200,price20+momentum+volatility,374,85,65,1.71417112,1.32287582,1.08235294,8,3,0.37500000,0.00000000,1.00000000,65,0.06153846,0.02418905
d1,bear,200,momentum+adx+volatility,223,0,0,1.71124279,,,4,3,0.75000000,1.26666667,1.80000000,42,0.07142857,0.02459041
d1,bear,200,macd+adx+volatility+bb,225,0,0,1.69603175,,,2,2,1.00000000,1.80000000,1.98571429,36,0.08333333,0.02874861
d1,bear,200,price20+macd+adx+volatility,216,0,0,1.69603175,,,2,2,1.00000000,1.80000000,2.16666667,33,0.09090909,0.03140394
d1,bear,200,price20+adx+volatility+bb,244,0,0,1.68908080,,,3,2,0.66666667,0.00000000,1.80000000,36,0.08333333,0.02874861
d1,bear,200,price20+di+volatility+body,154,0,0,1.68501855,,,0,0,,,,27,0.14814815,0.05915928
d1,bear,200,price20+adx+volatility,256,0,0,1.66953125,,,5,2,0.40000000,0.00000000,0.90000000,38,0.07894737,0.02721460
d1,bear,200,di+volatility+bb+body,156,0,0,1.66341575,,,1,1,1.00000000,1.26666667,1.26666667,28,0.14285714,0.05699005
d1,bear,200,adx+volatility+bb,257,0,0,1.66303502,,,3,2,0.66666667,0.00000000,1.80000000,40,0.07500000,0.02583603
d1,bear,200,price20+momentum+adx+volatility,184,0,0,1.65916149,,,4,2,0.50000000,0.00000000,1.52000000,34,0.05882353,0.01628266
d1,bear,300,macd+adx+volatility+body,92,0,0,4.18870278,,,0,0,,,,20,0.00000000,0.00000000
d1,bear,300,adx+di+volatility+body,105,0,0,3.33645589,,,0,0,,,,16,0.00000000,0.00000000
d1,bear,300,price20+adx+volatility+body,87,0,0,2.81872998,,,0,0,,,,15,0.00000000,0.00000000
d1,bear,300,adx+volatility+bb+body,87,0,0,2.81872998,,,0,0,,,,15,0.00000000,0.00000000
d1,bear,300,macd+di+volatility+body,152,0,0,2.76574633,,,1,0,0.00000000,0.00000000,0.00000000,27,0.00000000,0.00000000
d1,bear,300,macd+volatility+body,180,0,0,2.72477231,,,3,0,0.00000000,0.00000000,0.00000000,38,0.00000000,0.00000000
d1,bear,300,momentum+adx+volatility+body,91,0,0,2.69482976,,,0,0,,,,17,0.00000000,0.00000000
d1,bear,300,macd+adx+di+volatility,217,0,0,2.58306263,,,1,0,0.00000000,0.00000000,0.00000000,31,0.00000000,0.00000000
d1,bear,300,macd+adx+volatility,252,0,0,2.50234192,,,3,1,0.33333333,1.80952381,1.80952381,42,0.02380952,0.00421540
d1,bear,300,price20+macd+volatility+body,140,0,0,2.50234192,,,0,0,,,,24,0.00000000,0.00000000
d1,bear,300,macd+adx+di+body,142,0,0,2.46709767,,,1,1,1.00000000,2.53333333,2.53333333,23,0.04347826,0.00771667
d1,bear,300,macd+di+volatility,415,76,62,2.44807426,0.00000000,0.00000000,7,0,0.00000000,0.00000000,0.00000000,62,0.00000000,0.00000000
d1,bear,300,price20+macd+di+volatility,388,72,57,2.43784857,0.00000000,0.00000000,7,0,0.00000000,0.00000000,0.00000000,57,0.00000000,0.00000000
d1,bear,300,adx+di+volatility,278,0,0,2.39432716,,,4,0,0.00000000,0.00000000,0.00000000,37,0.00000000,-0.00000000
d1,bear,300,momentum+macd+volatility+body,132,0,0,2.38859911,,,0,0,,,,26,0.00000000,0.00000000
d1,bear,300,price20+di+volatility+bb,428,83,63,2.37371687,1.01606426,0.00000000,7,0,0.00000000,0.00000000,0.00000000,63,0.00000000,0.00000000
d1,bear,300,di+volatility+body,192,0,0,2.37201161,,,2,0,0.00000000,0.00000000,0.00000000,32,0.00000000,0.00000000
d1,bear,300,adx+volatility+body,178,0,0,2.36176091,,,1,0,0.00000000,,,33,0.00000000,0.00000000
d1,bear,300,price20+macd+volatility+bb,401,80,62,2.35881607,0.00000000,1.20564516,7,1,0.14285714,0.00000000,0.79166667,62,0.01612903,0.00285287
d1,bear,300,macd+di+volatility+bb,401,74,61,2.35881607,0.00000000,0.00000000,7,0,0.00000000,0.00000000,0.00000000,61,0.00000000,-0.00000000
d1,bear,300,price20+macd+volatility,403,80,62,2.34710979,0.00000000,1.20564516,7,1,0.14285714,0.00000000,0.79166667,62,0.01612903,0.00285287
d1,bear,300,macd+volatility,481,100,79,2.33066358,0.00000000,0.94620253,10,1,0.10000000,0.00000000,0.63333333,79,0.01265823,0.00223799
d1,bear,300,macd+volatility+bb+body,151,0,0,2.32005211,,,1,0,0.00000000,0.00000000,0.00000000,27,0.00000000,0.00000000
d1,bear,300,price20+adx+volatility+bb,244,0,0,2.29723193,,,3,1,0.33333333,2.11111111,2.11111111,36,0.02777778,0.00492041
d1,bear,300,adx+di+volatility+bb,244,0,0,2.29723193,,,2,0,0.00000000,0.00000000,0.00000000,35,0.00000000,0.00000000
d1,bear,300,price20+volatility+bb+body,153,0,0,2.28972463,,,0,0,,,,26,0.00000000,0.00000000
d1,bear,300,price20+di+volatility,446,86,66,2.27791664,0.98062016,0.00000000,8,0,0.00000000,0.00000000,0.00000000,66,0.00000000,0.00000000
d1,bear,300,di+volatility+bb,446,85,68,2.27791664,0.99215686,0.00000000,7,0,0.00000000,0.00000000,0.00000000,68,0.00000000,0.00000000
d1,bear,300,price20+di+volatility+body,154,0,0,2.27485629,,,0,0,,,,27,0.00000000,0.00000000
d1,bear,300,price20+volatility+bb,447,93,68,2.27282063,0.90681004,1.09926471,7,1,0.14285714,0.00000000,0.70370370,68,0.01470588,0.00260068
d1,bear,300,price20+macd+adx+volatility,216,0,0,2.27064359,,,2,1,0.50000000,2.11111111,2.11111111,33,0.03030303,0.00536941
d1,bear,300,price20+adx+di+volatility,248,0,0,2.26017980,,,3,0,0.00000000,,,33,0.00000000,0.00000000
d1,bear,300,di+volatility+bb+body,156,0,0,2.24569147,,,1,0,0.00000000,0.00000000,0.00000000,28,0.00000000,0.00000000
d1,bear,300,macd+volatility+bb,428,87,66,2.21001226,0.00000000,1.13257576,7,1,0.14285714,0.00000000,0.63333333,66,0.01515152,0.00267964
d1,bear,300,momentum+di+volatility+body,159,0,0,2.20331993,,,1,0,0.00000000,0.00000000,0.00000000,27,0.00000000,0.00000000
d1,bear,300,macd+adx+body,191,0,0,2.20101279,,,2,1,0.50000000,2.53333333,2.53333333,34,0.02941176,0.00521091
d1,bear,300,di+volatility,510,103,73,2.19813565,0.81877023,0.00000000,8,0,0.00000000,0.00000000,0.00000000,73,0.00000000,0.00000000
d1,bear,300,price20+adx+volatility,256,0,0,2.18954918,,,5,1,0.20000000,2.11111111,2.11111111,38,0.02631579,0.00466059
d1,bear,300,adx+volatility+bb,257,0,0,2.18102953,,,3,1,0.33333333,1.80952381,1.80952381,40,0.02500000,0.00442683
d1,bear,300,macd+adx+volatility+bb,225,0,0,2.17981785,,,2,1,0.50000000,1.80952381,1.80952381,36,0.02777778,0.00492041
d1,bear,300,price20+volatility,468,97,71,2.17083508,0.86941581,1.05281690,8,1,0.12500000,0.00000000,0.70370370,71,0.01408451,0.00249060
d1,bear,300,price20+volatility+body,162,0,0,2.16251771,,,0,0,,,,28,0.00000000,0.00000000
d1,bear,300,volatility+bb,478,100,73,2.12542012,0.84333333,1.02397260,7,1,0.14285714,0.00000000,0.57575758,73,0.01369863,0.00242225
d1,bear,300,price20+price200+macd+volatility,231,64,0,2.12319921,0.00000000,,2,0,0.00000000,,,25,0.00000000,0.00000000
d1,bear,300,volatility+bb+body,166,0,0,2.11040885,,,1,0,0.00000000,0.00000000,0.00000000,29,0.00000000,0.00000000
d1,bear,300,momentum+macd+di+volatility,316,62,56,2.10640174,0.00000000,0.00000000,7,0,0.00000000,0.00000000,0.00000000,56,0.00000000,0.00000000
d1,bear,300,price200+macd+di+volatility,234,61,0,2.09597870,0.00000000,,2,0,0.00000000,,,25,0.00000000,0.00000000
d1,bear,300,price200+macd+volatility+bb,235,66,0,2.08705964,0.00000000,,2,0,0.00000000,,,25,0.00000000,0.00000000
d1,bear,300,price20+price200+volatility+bb,272,76,0,2.06075217,1.10964912,,2,0,0.00000000,,,27,0.00000000,0.00000000
d1,bear,300,price200+di+volatility+bb,272,72,0,2.06075217,1.17129630,,2,0,0.00000000,,,27,0.00000000,0.00000000
