timeframe,direction,horizon_bars,base_feature,toolkit_feature,period,samples,hit_rate
h4,bull,1,atr_expand,sma20_bull,disc,2279,0.05923651
h4,bull,1,atr_expand,sma20_bull,val,449,0.07126949
h4,bull,1,atr_expand,sma20_bull,oos,311,0.03858521
h4,bull,1,atr_expand,sma50_bull,disc,2441,0.06104056
h4,bull,1,atr_expand,sma50_bull,val,456,0.07017544
h4,bull,1,atr_expand,sma50_bull,oos,334,0.04491018
h4,bull,1,atr_expand,sma200_bull,disc,2570,0.07198444
h4,bull,1,atr_expand,sma200_bull,val,471,0.08917197
h4,bull,1,atr_expand,sma200_bull,oos,360,0.03611111
h4,bull,1,atr_expand,sma_stack_bull,disc,1790,0.07988827
h4,bull,1,atr_expand,sma_stack_bull,val,285,0.09122807
h4,bull,1,atr_expand,sma_stack_bull,oos,257,0.05836576
h4,bull,1,atr_expand,ichimoku_bull,disc,2227,0.06960036
h4,bull,1,atr_expand,ichimoku_bull,val,404,0.07425743
h4,bull,1,atr_expand,ichimoku_bull,oos,321,0.04361371
h4,bull,1,atr_expand,ichimoku_tk_bull,disc,2078,0.05919153
h4,bull,1,atr_expand,ichimoku_tk_bull,val,406,0.07881773
h4,bull,1,atr_expand,ichimoku_tk_bull,oos,297,0.05050505
h4,bull,1,atr_expand,ichimoku_cloud_bull,disc,2671,0.08124298
h4,bull,1,atr_expand,ichimoku_cloud_bull,val,482,0.09128631
h4,bull,1,atr_expand,ichimoku_cloud_bull,oos,425,0.07529412
h4,bull,1,atr_expand,span_model_bull,disc,1628,0.06633907
h4,bull,1,atr_expand,span_model_bull,val,317,0.08201893
h4,bull,1,atr_expand,span_model_bull,oos,242,0.04132231
h4,bull,1,atr_expand,bb_bull,disc,2279,0.05923651
h4,bull,1,atr_expand,bb_bull,val,449,0.07126949
h4,bull,1,atr_expand,bb_bull,oos,311,0.03858521
h4,bull,1,atr_expand,bb_upper,disc,1620,0.05802469
h4,bull,1,atr_expand,bb_upper,val,321,0.07165109
h4,bull,1,atr_expand,bb_upper,oos,224,0.03571429
h4,bull,1,atr_expand,superbb_bull,disc,227,0.06607930
h4,bull,1,atr_expand,superbb_bull,val,49,0.12244898
h4,bull,1,atr_expand,superbb_bull,oos,35,0.08571429
h4,bull,1,atr_expand,superbb_squeeze,disc,874,0.02860412
h4,bull,1,atr_expand,superbb_squeeze,val,130,0.05384615
h4,bull,1,atr_expand,superbb_squeeze,oos,89,0.03370787
h4,bull,1,atr_expand,superbb_expand,disc,2638,0.08908264
h4,bull,1,atr_expand,superbb_expand,val,511,0.06849315
h4,bull,1,atr_expand,superbb_expand,oos,470,0.07234043
h4,bull,1,atr_expand,stoch_bull,disc,2414,0.07249379
h4,bull,1,atr_expand,stoch_bull,val,477,0.09224319
h4,bull,1,atr_expand,stoch_bull,oos,347,0.06051873
h4,bull,1,atr_expand,stoch_cross_up,disc,1073,0.07642125
h4,bull,1,atr_expand,stoch_cross_up,val,193,0.08290155
h4,bull,1,atr_expand,stoch_cross_up,oos,159,0.05660377
h4,bull,1,atr_expand,stoch_recover_up,disc,518,0.07528958
h4,bull,1,atr_expand,stoch_recover_up,val,89,0.05617978
h4,bull,1,atr_expand,stoch_recover_up,oos,69,0.07246377
h4,bull,1,atr_expand,rci_bull,disc,2549,0.06826206
h4,bull,1,atr_expand,rci_bull,val,459,0.07407407
h4,bull,1,atr_expand,rci_bull,oos,350,0.05142857
h4,bull,1,atr_expand,rci_strong_bull,disc,674,0.07715134
h4,bull,1,atr_expand,rci_strong_bull,val,136,0.04411765
h4,bull,1,atr_expand,rci_strong_bull,oos,89,0.03370787
h4,bull,1,atr_expand,rci_cross_up,disc,212,0.04245283
h4,bull,1,atr_expand,rci_cross_up,val,36,0.08333333
h4,bull,1,atr_expand,rci_cross_up,oos,35,0.00000000
h4,bull,1,atr_expand,dmi_adx_bull,disc,1108,0.07129964
h4,bull,1,atr_expand,dmi_adx_bull,val,229,0.04803493
h4,bull,1,atr_expand,dmi_adx_bull,oos,122,0.03278689
h4,bull,1,atr_expand,dmi_adx_strong_bull,disc,1356,0.06489676
h4,bull,1,atr_expand,dmi_adx_strong_bull,val,269,0.07806691
h4,bull,1,atr_expand,dmi_adx_strong_bull,oos,194,0.04639175
h4,bull,1,atr_expand,fib_above382,disc,2044,0.06213307
h4,bull,1,atr_expand,fib_above382,val,388,0.07731959
h4,bull,1,atr_expand,fib_above382,oos,295,0.04745763
h4,bull,1,atr_expand,fib_above500,disc,2465,0.06206897
h4,bull,1,atr_expand,fib_above500,val,464,0.07327586
h4,bull,1,atr_expand,fib_above500,oos,347,0.04610951
h4,bull,1,atr_expand,fib_above618,disc,2908,0.06361761
h4,bull,1,atr_expand,fib_above618,val,553,0.06871609
h4,bull,1,atr_expand,fib_above618,oos,418,0.05023923
h4,bull,1,atr_expand,fib_time_zone,disc,1674,0.07825568
h4,bull,1,atr_expand,fib_time_zone,val,319,0.05015674
h4,bull,1,atr_expand,fib_time_zone,oos,256,0.07031250
h4,bull,1,atr_expand,fib_time_5,disc,944,0.06250000
h4,bull,1,atr_expand,fib_time_5,val,178,0.03932584
h4,bull,1,atr_expand,fib_time_5,oos,151,0.07284768
h4,bull,1,atr_expand,fib_time_8,disc,608,0.08881579
h4,bull,1,atr_expand,fib_time_8,val,110,0.03636364
h4,bull,1,atr_expand,fib_time_8,oos,83,0.06024096
h4,bull,1,atr_expand,fib_time_13,disc,339,0.09439528
h4,bull,1,atr_expand,fib_time_13,val,71,0.12676056
h4,bull,1,atr_expand,fib_time_13,oos,58,0.05172414
h4,bull,1,atr_expand,fib_fan_up,disc,2044,0.06213307
h4,bull,1,atr_expand,fib_fan_up,val,388,0.07731959
h4,bull,1,atr_expand,fib_fan_up,oos,295,0.04745763
h4,bull,1,atr_expand,fib_arc_bull,disc,2465,0.06206897
h4,bull,1,atr_expand,fib_arc_bull,val,464,0.07327586
h4,bull,1,atr_expand,fib_arc_bull,oos,347,0.04610951
h4,bull,1,atr_expand,trendline_up,disc,2460,0.06341463
h4,bull,1,atr_expand,trendline_up,val,463,0.07559395
h4,bull,1,atr_expand,trendline_up,oos,351,0.05128205
h4,bull,1,atr_expand,channel_upper,disc,1395,0.06308244
h4,bull,1,atr_expand,channel_upper,val,275,0.07636364
h4,bull,1,atr_expand,channel_upper,oos,181,0.04419890
h4,bull,1,atr_expand,channel_mid_bull,disc,2305,0.05683297
h4,bull,1,atr_expand,channel_mid_bull,val,445,0.06966292
h4,bull,1,atr_expand,channel_mid_bull,oos,325,0.04307692
h4,bull,1,atr_expand,channel_breakout_up,disc,738,0.06504065
h4,bull,1,atr_expand,channel_breakout_up,val,143,0.09790210
h4,bull,1,atr_expand,channel_breakout_up,oos,93,0.06451613
h4,bull,1,atr_expand,horizontal_resistance_near,disc,612,0.07679739
h4,bull,1,atr_expand,horizontal_resistance_near,val,123,0.11382114
h4,bull,1,atr_expand,horizontal_resistance_near,oos,87,0.06896552
h4,bull,1,atr_expand,horizontal_support_near,disc,612,0.10457516
h4,bull,1,atr_expand,horizontal_support_near,val,131,0.09923664
h4,bull,1,atr_expand,horizontal_support_near,oos,116,0.12068966
h4,bull,1,atr_expand,horizontal_break_up,disc,486,0.06995885
h4,bull,1,atr_expand,horizontal_break_up,val,104,0.12500000
h4,bull,1,atr_expand,horizontal_break_up,oos,72,0.08333333
h4,bull,1,atr_expand,vertical_session,disc,3821,0.07197069
h4,bull,1,atr_expand,vertical_session,val,675,0.05925926
h4,bull,1,atr_expand,vertical_session,oos,530,0.06603774
h4,bull,1,atr_expand,vertical_day_open,disc,313,0.09904153
h4,bull,1,atr_expand,vertical_day_open,val,68,0.11764706
h4,bull,1,atr_expand,vertical_day_open,oos,64,0.00000000
h4,bull,1,atr_expand,vertical_week_open,disc,63,0.12698413
h4,bull,1,atr_expand,vertical_week_open,val,18,0.11111111
h4,bull,1,atr_expand,vertical_week_open,oos,14,0.00000000
h4,bull,1,atr_expand,rectangle_range,disc,2304,0.06640625
h4,bull,1,atr_expand,rectangle_range,val,458,0.07641921
h4,bull,1,atr_expand,rectangle_range,oos,359,0.06406685
h4,bull,1,atr_expand,elliott_wave2_bull,disc,273,0.06227106
h4,bull,1,atr_expand,elliott_wave2_bull,val,67,0.05970149
h4,bull,1,atr_expand,elliott_wave2_bull,oos,40,0.02500000
h4,bull,1,atr_expand,elliott_wave3_bull,disc,767,0.05997392
h4,bull,1,atr_expand,elliott_wave3_bull,val,153,0.08496732
h4,bull,1,atr_expand,elliott_wave3_bull,oos,93,0.07526882
h4,bull,1,atr_expand,elliott_wave4_bull,disc,247,0.03643725
h4,bull,1,atr_expand,elliott_wave4_bull,val,57,0.07017544
h4,bull,1,atr_expand,elliott_wave4_bull,oos,48,0.02083333
h4,bull,1,atr_expand,elliott_wave5_bull,disc,678,0.05899705
h4,bull,1,atr_expand,elliott_wave5_bull,val,128,0.07031250
h4,bull,1,atr_expand,elliott_wave5_bull,oos,84,0.08333333
h4,bull,1,atr_expand,elliott_impulse_bull,disc,831,0.06137184
h4,bull,1,atr_expand,elliott_impulse_bull,val,165,0.07878788
h4,bull,1,atr_expand,elliott_impulse_bull,oos,102,0.06862745
h4,bull,1,atr_expand,elliott_pullback_bull,disc,520,0.05000000
h4,bull,1,atr_expand,elliott_pullback_bull,val,124,0.06451613
h4,bull,1,atr_expand,elliott_pullback_bull,oos,88,0.02272727
h4,bull,1,atr_expand,range_compression,disc,2565,0.07290448
h4,bull,1,atr_expand,range_compression,val,485,0.09072165
h4,bull,1,atr_expand,range_compression,oos,339,0.07669617
h4,bull,1,atr_expand,range_tight,disc,399,0.07769424
h4,bull,1,atr_expand,range_tight,val,68,0.02941176
h4,bull,1,atr_expand,range_tight,oos,71,0.08450704
h4,bull,1,atr_expand,inside_bar,disc,954,0.06813417
h4,bull,1,atr_expand,inside_bar,val,181,0.06077348
h4,bull,1,atr_expand,inside_bar,oos,180,0.04444444
h4,bull,1,atr_expand,inside_2,disc,99,0.09090909
h4,bull,1,atr_expand,inside_2,val,19,0.15789474
h4,bull,1,atr_expand,inside_2,oos,18,0.05555556
h4,bull,1,atr_expand,nr7,disc,126,0.06349206
h4,bull,1,atr_expand,nr7,val,28,0.00000000
h4,bull,1,atr_expand,nr7,oos,19,0.05263158
h4,bull,1,atr_expand,nr4,disc,752,0.05452128
h4,bull,1,atr_expand,nr4,val,130,0.01538462
h4,bull,1,atr_expand,nr4,oos,117,0.05128205
h4,bull,1,atr_expand,breakout_up20,disc,738,0.06504065
h4,bull,1,atr_expand,breakout_up20,val,143,0.09790210
h4,bull,1,atr_expand,breakout_up20,oos,93,0.06451613
h4,bull,1,atr_expand,retest_up,disc,738,0.06504065
h4,bull,1,atr_expand,retest_up,val,138,0.06521739
h4,bull,1,atr_expand,retest_up,oos,92,0.06521739
h4,bull,1,atr_expand,squeeze_release_up,disc,86,0.02325581
h4,bull,1,atr_expand,squeeze_release_up,val,11,0.09090909
h4,bull,1,atr_expand,squeeze_release_up,oos,4,0.00000000
h4,bull,1,atr_expand,pin_bull,disc,126,0.27777778
h4,bull,1,atr_expand,pin_bull,val,17,0.35294118
h4,bull,1,atr_expand,pin_bull,oos,24,0.12500000
h4,bull,1,atr_expand,engulf_bull,disc,371,0.08086253
h4,bull,1,atr_expand,engulf_bull,val,68,0.04411765
h4,bull,1,atr_expand,engulf_bull,oos,35,0.00000000
h4,bull,1,atr_expand,strong_close_bull,disc,1114,0.06822262
h4,bull,1,atr_expand,strong_close_bull,val,197,0.07106599
h4,bull,1,atr_expand,strong_close_bull,oos,162,0.06172840
h4,bull,1,atr_expand,hh20,disc,1213,0.07254740
h4,bull,1,atr_expand,hh20,val,251,0.07171315
h4,bull,1,atr_expand,hh20,oos,150,0.06000000
h4,bull,1,atr_expand,structure_bull_transition,disc,1743,0.06999426
h4,bull,1,atr_expand,structure_bull_transition,val,350,0.09428571
h4,bull,1,atr_expand,structure_bull_transition,oos,267,0.06741573
h4,bull,1,breakout20_up,sma20_bull,disc,5109,0.06576629
h4,bull,1,breakout20_up,sma20_bull,val,1251,0.06155076
h4,bull,1,breakout20_up,sma20_bull,oos,963,0.03738318
h4,bull,1,breakout20_up,sma50_bull,disc,4954,0.06600727
h4,bull,1,breakout20_up,sma50_bull,val,1220,0.05983607
h4,bull,1,breakout20_up,sma50_bull,oos,936,0.03418803
h4,bull,1,breakout20_up,sma200_bull,disc,3941,0.06749556
h4,bull,1,breakout20_up,sma200_bull,val,1036,0.06274131
h4,bull,1,breakout20_up,sma200_bull,oos,728,0.02609890
h4,bull,1,breakout20_up,sma_stack_bull,disc,2266,0.07281553
h4,bull,1,breakout20_up,sma_stack_bull,val,580,0.06724138
h4,bull,1,breakout20_up,sma_stack_bull,oos,430,0.02093023
h4,bull,1,breakout20_up,ichimoku_bull,disc,4315,0.06442642
h4,bull,1,breakout20_up,ichimoku_bull,val,1063,0.06302916
h4,bull,1,breakout20_up,ichimoku_bull,oos,831,0.02527076
h4,bull,1,breakout20_up,ichimoku_tk_bull,disc,4435,0.06493799
h4,bull,1,breakout20_up,ichimoku_tk_bull,val,1097,0.05925251
h4,bull,1,breakout20_up,ichimoku_tk_bull,oos,834,0.03956835
h4,bull,1,breakout20_up,ichimoku_cloud_bull,disc,2712,0.07264012
h4,bull,1,breakout20_up,ichimoku_cloud_bull,val,624,0.07051282
h4,bull,1,breakout20_up,ichimoku_cloud_bull,oos,494,0.02024291
h4,bull,1,breakout20_up,span_model_bull,disc,3893,0.06293347
h4,bull,1,breakout20_up,span_model_bull,val,957,0.05956113
h4,bull,1,breakout20_up,span_model_bull,oos,744,0.02688172
h4,bull,1,breakout20_up,bb_bull,disc,5109,0.06576629
h4,bull,1,breakout20_up,bb_bull,val,1251,0.06155076
h4,bull,1,breakout20_up,bb_bull,oos,963,0.03738318
h4,bull,1,breakout20_up,bb_upper,disc,5058,0.06563859
h4,bull,1,breakout20_up,bb_upper,val,1244,0.06189711
h4,bull,1,breakout20_up,bb_upper,oos,955,0.03769634
h4,bull,1,breakout20_up,superbb_bull,disc,341,0.08797654
h4,bull,1,breakout20_up,superbb_bull,val,76,0.17105263
h4,bull,1,breakout20_up,superbb_bull,oos,57,0.07017544
h4,bull,1,breakout20_up,superbb_squeeze,disc,659,0.06373293
h4,bull,1,breakout20_up,superbb_squeeze,val,154,0.06493506
h4,bull,1,breakout20_up,superbb_squeeze,oos,112,0.03571429
h4,bull,1,breakout20_up,superbb_expand,disc,2976,0.06552419
h4,bull,1,breakout20_up,superbb_expand,val,728,0.06043956
h4,bull,1,breakout20_up,superbb_expand,oos,581,0.04302926
h4,bull,1,breakout20_up,stoch_bull,disc,4112,0.06468872
h4,bull,1,breakout20_up,stoch_bull,val,1026,0.07115010
h4,bull,1,breakout20_up,stoch_bull,oos,788,0.04187817
h4,bull,1,breakout20_up,stoch_cross_up,disc,1200,0.06916667
h4,bull,1,breakout20_up,stoch_cross_up,val,299,0.07692308
h4,bull,1,breakout20_up,stoch_cross_up,oos,220,0.03181818
h4,bull,1,breakout20_up,rci_bull,disc,4862,0.06684492
h4,bull,1,breakout20_up,rci_bull,val,1196,0.06187291
h4,bull,1,breakout20_up,rci_bull,oos,911,0.03732162
h4,bull,1,breakout20_up,rci_strong_bull,disc,2439,0.05986060
h4,bull,1,breakout20_up,rci_strong_bull,val,572,0.05244755
h4,bull,1,breakout20_up,rci_strong_bull,oos,477,0.02096436
h4,bull,1,breakout20_up,rci_cross_up,disc,238,0.05462185
h4,bull,1,breakout20_up,rci_cross_up,val,50,0.04000000
h4,bull,1,breakout20_up,rci_cross_up,oos,48,0.02083333
h4,bull,1,breakout20_up,dmi_adx_bull,disc,2277,0.07378129
h4,bull,1,breakout20_up,dmi_adx_bull,val,493,0.07505071
h4,bull,1,breakout20_up,dmi_adx_bull,oos,320,0.03125000
h4,bull,1,breakout20_up,dmi_adx_strong_bull,disc,4112,0.06785019
h4,bull,1,breakout20_up,dmi_adx_strong_bull,val,998,0.06613226
h4,bull,1,breakout20_up,dmi_adx_strong_bull,oos,689,0.04063861
h4,bull,1,breakout20_up,fib_above382,disc,4567,0.06568864
h4,bull,1,breakout20_up,fib_above382,val,1121,0.06333631
h4,bull,1,breakout20_up,fib_above382,oos,848,0.03183962
h4,bull,1,breakout20_up,fib_above500,disc,4835,0.06659772
h4,bull,1,breakout20_up,fib_above500,val,1196,0.06187291
h4,bull,1,breakout20_up,fib_above500,oos,903,0.03322259
h4,bull,1,breakout20_up,fib_above618,disc,5011,0.06605468
h4,bull,1,breakout20_up,fib_above618,val,1234,0.06158833
h4,bull,1,breakout20_up,fib_above618,oos,950,0.03684211
h4,bull,1,breakout20_up,fib_time_zone,disc,1829,0.06615637
h4,bull,1,breakout20_up,fib_time_zone,val,444,0.05405405
h4,bull,1,breakout20_up,fib_time_zone,oos,352,0.04545455
h4,bull,1,breakout20_up,fib_time_5,disc,1047,0.06399236
h4,bull,1,breakout20_up,fib_time_5,val,253,0.05138340
h4,bull,1,breakout20_up,fib_time_5,oos,197,0.05076142
h4,bull,1,breakout20_up,fib_time_8,disc,619,0.06138934
h4,bull,1,breakout20_up,fib_time_8,val,146,0.04109589
h4,bull,1,breakout20_up,fib_time_8,oos,125,0.04000000
h4,bull,1,breakout20_up,fib_time_13,disc,416,0.07932692
h4,bull,1,breakout20_up,fib_time_13,val,106,0.05660377
h4,bull,1,breakout20_up,fib_time_13,oos,73,0.02739726
h4,bull,1,breakout20_up,fib_fan_up,disc,4567,0.06568864
h4,bull,1,breakout20_up,fib_fan_up,val,1121,0.06333631
h4,bull,1,breakout20_up,fib_fan_up,oos,848,0.03183962
h4,bull,1,breakout20_up,fib_arc_bull,disc,4835,0.06659772
h4,bull,1,breakout20_up,fib_arc_bull,val,1196,0.06187291
h4,bull,1,breakout20_up,fib_arc_bull,oos,903,0.03322259
h4,bull,1,breakout20_up,trendline_up,disc,4901,0.06651704
h4,bull,1,breakout20_up,trendline_up,val,1206,0.06053068
h4,bull,1,breakout20_up,trendline_up,oos,925,0.03783784
h4,bull,1,breakout20_up,channel_upper,disc,5109,0.06576629
h4,bull,1,breakout20_up,channel_upper,val,1251,0.06155076
h4,bull,1,breakout20_up,channel_upper,oos,963,0.03738318
h4,bull,1,breakout20_up,channel_mid_bull,disc,5109,0.06576629
h4,bull,1,breakout20_up,channel_mid_bull,val,1251,0.06155076
h4,bull,1,breakout20_up,channel_mid_bull,oos,963,0.03738318
h4,bull,1,breakout20_up,channel_breakout_up,disc,5109,0.06576629
h4,bull,1,breakout20_up,channel_breakout_up,val,1251,0.06155076
h4,bull,1,breakout20_up,channel_breakout_up,oos,963,0.03738318
h4,bull,1,breakout20_up,horizontal_resistance_near,disc,3435,0.06724891
h4,bull,1,breakout20_up,horizontal_resistance_near,val,808,0.06435644
h4,bull,1,breakout20_up,horizontal_resistance_near,oos,662,0.03021148
h4,bull,1,breakout20_up,horizontal_break_up,disc,3267,0.06703398
h4,bull,1,breakout20_up,horizontal_break_up,val,757,0.06208719
h4,bull,1,breakout20_up,horizontal_break_up,oos,635,0.03149606
h4,bull,1,breakout20_up,vertical_session,disc,3795,0.05981555
h4,bull,1,breakout20_up,vertical_session,val,906,0.04083885
h4,bull,1,breakout20_up,vertical_session,oos,718,0.03481894
h4,bull,1,breakout20_up,vertical_day_open,disc,798,0.07644110
h4,bull,1,breakout20_up,vertical_day_open,val,195,0.05128205
h4,bull,1,breakout20_up,vertical_day_open,oos,160,0.02500000
h4,bull,1,breakout20_up,vertical_week_open,disc,150,0.08000000
h4,bull,1,breakout20_up,vertical_week_open,val,40,0.10000000
h4,bull,1,breakout20_up,vertical_week_open,oos,22,0.09090909
h4,bull,1,breakout20_up,triangle_breakout_up,disc,325,0.10769231
h4,bull,1,breakout20_up,triangle_breakout_up,val,54,0.09259259
h4,bull,1,breakout20_up,triangle_breakout_up,oos,40,0.02500000
h4,bull,1,breakout20_up,ellipse_compression,disc,98,0.13265306
h4,bull,1,breakout20_up,ellipse_compression,val,12,0.08333333
h4,bull,1,breakout20_up,ellipse_compression,oos,9,0.00000000
h4,bull,1,breakout20_up,elliott_wave3_bull,disc,2897,0.06144287
h4,bull,1,breakout20_up,elliott_wave3_bull,val,682,0.06304985
h4,bull,1,breakout20_up,elliott_wave3_bull,oos,519,0.04431599
h4,bull,1,breakout20_up,elliott_wave5_bull,disc,4026,0.06408346
h4,bull,1,breakout20_up,elliott_wave5_bull,val,959,0.05318040
h4,bull,1,breakout20_up,elliott_wave5_bull,oos,772,0.04015544
h4,bull,1,breakout20_up,elliott_impulse_bull,disc,4468,0.06468218
h4,bull,1,breakout20_up,elliott_impulse_bull,val,1082,0.05637708
h4,bull,1,breakout20_up,elliott_impulse_bull,oos,843,0.04151839
h4,bull,1,breakout20_up,range_compression,disc,3898,0.06439200
h4,bull,1,breakout20_up,range_compression,val,958,0.05949896
h4,bull,1,breakout20_up,range_compression,oos,734,0.03542234
h4,bull,1,breakout20_up,range_tight,disc,451,0.07538803
h4,bull,1,breakout20_up,range_tight,val,117,0.07692308
h4,bull,1,breakout20_up,range_tight,oos,100,0.05000000
h4,bull,1,breakout20_up,nr7,disc,154,0.02597403
h4,bull,1,breakout20_up,nr7,val,51,0.03921569
h4,bull,1,breakout20_up,nr7,oos,49,0.02040816
h4,bull,1,breakout20_up,nr4,disc,565,0.03539823
h4,bull,1,breakout20_up,nr4,val,146,0.03424658
h4,bull,1,breakout20_up,nr4,oos,114,0.01754386
h4,bull,1,breakout20_up,breakout_up20,disc,5109,0.06576629
h4,bull,1,breakout20_up,breakout_up20,val,1251,0.06155076
h4,bull,1,breakout20_up,breakout_up20,oos,963,0.03738318
h4,bull,1,breakout20_up,retest_up,disc,5106,0.06560909
h4,bull,1,breakout20_up,retest_up,val,1240,0.05806452
h4,bull,1,breakout20_up,retest_up,oos,959,0.03753910
h4,bull,1,breakout20_up,squeeze_release_up,disc,659,0.06373293
h4,bull,1,breakout20_up,squeeze_release_up,val,154,0.06493506
h4,bull,1,breakout20_up,squeeze_release_up,oos,112,0.03571429
h4,bull,1,breakout20_up,engulf_bull,disc,699,0.07439199
h4,bull,1,breakout20_up,engulf_bull,val,168,0.05952381
h4,bull,1,breakout20_up,engulf_bull,oos,109,0.01834862
h4,bull,1,breakout20_up,strong_close_bull,disc,2604,0.06835637
h4,bull,1,breakout20_up,strong_close_bull,val,644,0.07453416
h4,bull,1,breakout20_up,strong_close_bull,oos,485,0.03917526
h4,bull,1,breakout20_up,hh20,disc,5109,0.06576629
h4,bull,1,breakout20_up,hh20,val,1251,0.06155076
h4,bull,1,breakout20_up,hh20,oos,963,0.03738318
h4,bull,1,breakout20_up,structure_bull_transition,disc,4415,0.06432616
h4,bull,1,breakout20_up,structure_bull_transition,val,1091,0.06049496
h4,bull,1,breakout20_up,structure_bull_transition,oos,841,0.03923900
h4,bull,1,breakout20_up,compression,disc,325,0.10769231
h4,bull,1,breakout20_up,compression,val,54,0.09259259
h4,bull,1,breakout20_up,compression,oos,40,0.02500000
h4,bull,1,breakout20_up,shape_triangle_proxy,disc,295,0.09491525
h4,bull,1,breakout20_up,shape_triangle_proxy,val,45,0.11111111
h4,bull,1,breakout20_up,shape_triangle_proxy,oos,40,0.02500000
h4,bull,1,volatility,sma20_bull,disc,11879,0.05867497
h4,bull,1,volatility,sma20_bull,val,2606,0.06293170
h4,bull,1,volatility,sma20_bull,oos,1873,0.03043246
h4,bull,1,volatility,sma50_bull,disc,11586,0.05420335
h4,bull,1,volatility,sma50_bull,val,2641,0.05831125
h4,bull,1,volatility,sma50_bull,oos,1754,0.02508552
h4,bull,1,volatility,sma200_bull,disc,12536,0.06110402
h4,bull,1,volatility,sma200_bull,val,3149,0.06319466
h4,bull,1,volatility,sma200_bull,oos,2011,0.02685231
h4,bull,1,volatility,sma_stack_bull,disc,7885,0.06265060
h4,bull,1,volatility,sma_stack_bull,val,1902,0.05625657
h4,bull,1,volatility,sma_stack_bull,oos,1350,0.02814815
h4,bull,1,volatility,ichimoku_bull,disc,10388,0.05429342
h4,bull,1,volatility,ichimoku_bull,val,2389,0.05860193
h4,bull,1,volatility,ichimoku_bull,oos,1650,0.02545455
h4,bull,1,volatility,ichimoku_tk_bull,disc,10970,0.05542388
h4,bull,1,volatility,ichimoku_tk_bull,val,2415,0.06583851
h4,bull,1,volatility,ichimoku_tk_bull,oos,1609,0.03045370
h4,bull,1,volatility,ichimoku_cloud_bull,disc,12314,0.06480429
h4,bull,1,volatility,ichimoku_cloud_bull,val,2992,0.06550802
h4,bull,1,volatility,ichimoku_cloud_bull,oos,2299,0.04567203
h4,bull,1,volatility,span_model_bull,disc,8000,0.05312500
h4,bull,1,volatility,span_model_bull,val,1853,0.06206152
h4,bull,1,volatility,span_model_bull,oos,1259,0.02621128
h4,bull,1,volatility,bb_bull,disc,11879,0.05867497
h4,bull,1,volatility,bb_bull,val,2606,0.06293170
h4,bull,1,volatility,bb_bull,oos,1873,0.03043246
h4,bull,1,volatility,bb_upper,disc,5526,0.05700326
h4,bull,1,volatility,bb_upper,val,1265,0.06956522
h4,bull,1,volatility,bb_upper,oos,855,0.03391813
h4,bull,1,volatility,superbb_bull,disc,165,0.08484848
h4,bull,1,volatility,superbb_bull,val,42,0.19047619
h4,bull,1,volatility,superbb_bull,oos,26,0.03846154
h4,bull,1,volatility,superbb_squeeze,disc,1824,0.04221491
h4,bull,1,volatility,superbb_squeeze,val,406,0.05665025
h4,bull,1,volatility,superbb_squeeze,oos,166,0.03614458
h4,bull,1,volatility,superbb_expand,disc,7176,0.07274247
h4,bull,1,volatility,superbb_expand,val,1540,0.08831169
h4,bull,1,volatility,superbb_expand,oos,1214,0.05189456
h4,bull,1,volatility,stoch_bull,disc,12601,0.06586779
h4,bull,1,volatility,stoch_bull,val,2709,0.07788852
h4,bull,1,volatility,stoch_bull,oos,2052,0.04483431
h4,bull,1,volatility,stoch_cross_up,disc,4942,0.06677459
h4,bull,1,volatility,stoch_cross_up,val,1102,0.07168784
h4,bull,1,volatility,stoch_cross_up,oos,785,0.05477707
h4,bull,1,volatility,stoch_recover_up,disc,1752,0.06963470
h4,bull,1,volatility,stoch_recover_up,val,414,0.06763285
h4,bull,1,volatility,stoch_recover_up,oos,281,0.04982206
h4,bull,1,volatility,rci_bull,disc,12055,0.06180008
h4,bull,1,volatility,rci_bull,val,2573,0.06801399
h4,bull,1,volatility,rci_bull,oos,1874,0.03735326
h4,bull,1,volatility,rci_strong_bull,disc,3515,0.05803698
h4,bull,1,volatility,rci_strong_bull,val,803,0.05728518
h4,bull,1,volatility,rci_strong_bull,oos,591,0.03045685
h4,bull,1,volatility,rci_cross_up,disc,901,0.07103219
h4,bull,1,volatility,rci_cross_up,val,184,0.05434783
h4,bull,1,volatility,rci_cross_up,oos,135,0.01481481
h4,bull,1,volatility,dmi_adx_bull,disc,5693,0.06112770
h4,bull,1,volatility,dmi_adx_bull,val,1223,0.05233034
h4,bull,1,volatility,dmi_adx_bull,oos,744,0.02822581
h4,bull,1,volatility,dmi_adx_strong_bull,disc,5037,0.05300774
h4,bull,1,volatility,dmi_adx_strong_bull,val,1167,0.07112254
h4,bull,1,volatility,dmi_adx_strong_bull,oos,759,0.03162055
h4,bull,1,volatility,fib_above382,disc,9278,0.05518431
h4,bull,1,volatility,fib_above382,val,2169,0.05532503
h4,bull,1,volatility,fib_above382,oos,1415,0.02332155
h4,bull,1,volatility,fib_above500,disc,11771,0.05581514
h4,bull,1,volatility,fib_above500,val,2731,0.05858660
h4,bull,1,volatility,fib_above500,oos,1808,0.02710177
h4,bull,1,volatility,fib_above618,disc,14349,0.05805283
h4,bull,1,volatility,fib_above618,val,3267,0.06274870
h4,bull,1,volatility,fib_above618,oos,2241,0.02945114
h4,bull,1,volatility,fib_time_zone,disc,8751,0.06833505
h4,bull,1,volatility,fib_time_zone,val,1887,0.07313196
h4,bull,1,volatility,fib_time_zone,oos,1393,0.04522613
h4,bull,1,volatility,fib_time_5,disc,4949,0.06324510
h4,bull,1,volatility,fib_time_5,val,1081,0.07308048
h4,bull,1,volatility,fib_time_5,oos,776,0.05154639
h4,bull,1,volatility,fib_time_8,disc,3083,0.07265650
h4,bull,1,volatility,fib_time_8,val,672,0.06547619
h4,bull,1,volatility,fib_time_8,oos,500,0.03600000
h4,bull,1,volatility,fib_time_13,disc,1908,0.07232704
h4,bull,1,volatility,fib_time_13,val,412,0.08737864
h4,bull,1,volatility,fib_time_13,oos,318,0.03459119
h4,bull,1,volatility,fib_fan_up,disc,9278,0.05518431
h4,bull,1,volatility,fib_fan_up,val,2169,0.05532503
h4,bull,1,volatility,fib_fan_up,oos,1415,0.02332155
h4,bull,1,volatility,fib_arc_bull,disc,11771,0.05581514
h4,bull,1,volatility,fib_arc_bull,val,2731,0.05858660
h4,bull,1,volatility,fib_arc_bull,oos,1808,0.02710177
h4,bull,1,volatility,trendline_up,disc,11851,0.05754789
h4,bull,1,volatility,trendline_up,val,2546,0.06755695
h4,bull,1,volatility,trendline_up,oos,1831,0.03604588
h4,bull,1,volatility,channel_upper,disc,6001,0.05749042
h4,bull,1,volatility,channel_upper,val,1367,0.05998537
h4,bull,1,volatility,channel_upper,oos,886,0.03498871
h4,bull,1,volatility,channel_mid_bull,disc,12039,0.05839355
h4,bull,1,volatility,channel_mid_bull,val,2671,0.06364657
h4,bull,1,volatility,channel_mid_bull,oos,1923,0.03068123
h4,bull,1,volatility,channel_breakout_up,disc,1720,0.06918605
h4,bull,1,volatility,channel_breakout_up,val,384,0.08593750
h4,bull,1,volatility,channel_breakout_up,oos,274,0.03649635
h4,bull,1,volatility,horizontal_resistance_near,disc,1767,0.05772496
h4,bull,1,volatility,horizontal_resistance_near,val,375,0.07733333
h4,bull,1,volatility,horizontal_resistance_near,oos,290,0.03793103
h4,bull,1,volatility,horizontal_support_near,disc,1899,0.08214850
h4,bull,1,volatility,horizontal_support_near,val,370,0.13243243
h4,bull,1,volatility,horizontal_support_near,oos,254,0.12204724
h4,bull,1,volatility,horizontal_break_up,disc,1153,0.06504770
h4,bull,1,volatility,horizontal_break_up,val,257,0.09338521
h4,bull,1,volatility,horizontal_break_up,oos,198,0.03030303
h4,bull,1,volatility,vertical_session,disc,16863,0.05989444
h4,bull,1,volatility,vertical_session,val,3600,0.07388889
h4,bull,1,volatility,vertical_session,oos,2636,0.04666161
h4,bull,1,volatility,vertical_day_open,disc,3522,0.06473595
h4,bull,1,volatility,vertical_day_open,val,783,0.07024266
h4,bull,1,volatility,vertical_day_open,oos,607,0.04118616
h4,bull,1,volatility,vertical_week_open,disc,649,0.07087827
h4,bull,1,volatility,vertical_week_open,val,146,0.08219178
h4,bull,1,volatility,vertical_week_open,oos,115,0.04347826
h4,bull,1,volatility,rectangle_range,disc,12571,0.05814971
h4,bull,1,volatility,rectangle_range,val,2847,0.07024939
h4,bull,1,volatility,rectangle_range,oos,2058,0.03449951
h4,bull,1,volatility,triangle_breakout_up,disc,74,0.20270270
h4,bull,1,volatility,triangle_breakout_up,val,8,0.00000000
h4,bull,1,volatility,triangle_breakout_up,oos,6,0.16666667
h4,bull,1,volatility,ellipse_compression,disc,802,0.08977556
h4,bull,1,volatility,ellipse_compression,val,113,0.07079646
h4,bull,1,volatility,ellipse_compression,oos,166,0.07831325
h4,bull,1,volatility,elliott_wave2_bull,disc,2208,0.06204710
h4,bull,1,volatility,elliott_wave2_bull,val,498,0.07228916
h4,bull,1,volatility,elliott_wave2_bull,oos,362,0.03038674
h4,bull,1,volatility,elliott_wave3_bull,disc,1933,0.06570098
h4,bull,1,volatility,elliott_wave3_bull,val,403,0.07940447
h4,bull,1,volatility,elliott_wave3_bull,oos,267,0.03370787
h4,bull,1,volatility,elliott_wave4_bull,disc,1974,0.05927052
h4,bull,1,volatility,elliott_wave4_bull,val,482,0.05809129
h4,bull,1,volatility,elliott_wave4_bull,oos,336,0.03571429
h4,bull,1,volatility,elliott_wave5_bull,disc,1859,0.06508876
h4,bull,1,volatility,elliott_wave5_bull,val,362,0.08011050
h4,bull,1,volatility,elliott_wave5_bull,oos,274,0.04014599
h4,bull,1,volatility,elliott_impulse_bull,disc,2493,0.06698757
h4,bull,1,volatility,elliott_impulse_bull,val,508,0.07677165
h4,bull,1,volatility,elliott_impulse_bull,oos,354,0.03954802
h4,bull,1,volatility,elliott_pullback_bull,disc,4182,0.06073649
h4,bull,1,volatility,elliott_pullback_bull,val,980,0.06530612
h4,bull,1,volatility,elliott_pullback_bull,oos,698,0.03295129
h4,bull,1,volatility,range_compression,disc,19039,0.06245076
h4,bull,1,volatility,range_compression,val,4097,0.07444472
h4,bull,1,volatility,range_compression,oos,3049,0.04591669
h4,bull,1,volatility,range_tight,disc,780,0.05384615
h4,bull,1,volatility,range_tight,val,250,0.06400000
h4,bull,1,volatility,range_tight,oos,143,0.06993007
h4,bull,1,volatility,inside_bar,disc,4466,0.05373936
h4,bull,1,volatility,inside_bar,val,876,0.05479452
h4,bull,1,volatility,inside_bar,oos,672,0.03869048
h4,bull,1,volatility,inside_2,disc,624,0.05128205
h4,bull,1,volatility,inside_2,val,78,0.06410256
h4,bull,1,volatility,inside_2,oos,80,0.06250000
h4,bull,1,volatility,nr7,disc,3155,0.05103011
h4,bull,1,volatility,nr7,val,709,0.04795487
h4,bull,1,volatility,nr7,oos,504,0.04761905
h4,bull,1,volatility,nr4,disc,6622,0.04364240
h4,bull,1,volatility,nr4,val,1394,0.04949785
h4,bull,1,volatility,nr4,oos,1023,0.04203324
h4,bull,1,volatility,breakout_up20,disc,1720,0.06918605
h4,bull,1,volatility,breakout_up20,val,384,0.08593750
h4,bull,1,volatility,breakout_up20,oos,274,0.03649635
h4,bull,1,volatility,retest_up,disc,1719,0.06864456
h4,bull,1,volatility,retest_up,val,378,0.07407407
h4,bull,1,volatility,retest_up,oos,270,0.03703704
h4,bull,1,volatility,squeeze_release_up,disc,58,0.03448276
h4,bull,1,volatility,squeeze_release_up,val,20,0.10000000
h4,bull,1,volatility,squeeze_release_up,oos,10,0.00000000
h4,bull,1,volatility,pin_bull,disc,479,0.18997912
h4,bull,1,volatility,pin_bull,val,119,0.14285714
h4,bull,1,volatility,pin_bull,oos,82,0.08536585
h4,bull,1,volatility,engulf_bull,disc,1900,0.06421053
h4,bull,1,volatility,engulf_bull,val,433,0.06004619
h4,bull,1,volatility,engulf_bull,oos,283,0.03533569
h4,bull,1,volatility,strong_close_bull,disc,4706,0.06247344
h4,bull,1,volatility,strong_close_bull,val,997,0.06619860
h4,bull,1,volatility,strong_close_bull,oos,773,0.03363519
h4,bull,1,volatility,gap_proxy_up,disc,132,0.10606061
h4,bull,1,volatility,gap_proxy_up,val,36,0.13888889
h4,bull,1,volatility,gap_proxy_up,oos,24,0.04166667
h4,bull,1,volatility,hh20,disc,3281,0.06248095
h4,bull,1,volatility,hh20,val,790,0.07088608
h4,bull,1,volatility,hh20,oos,491,0.04276986
h4,bull,1,volatility,structure_bull_transition,disc,8637,0.06391108
h4,bull,1,volatility,structure_bull_transition,val,1865,0.07131367
h4,bull,1,volatility,structure_bull_transition,oos,1431,0.03913347
h4,bull,1,volatility,compression,disc,2149,0.09818520
h4,bull,1,volatility,compression,val,419,0.08114558
h4,bull,1,volatility,compression,oos,382,0.06806283
h4,bull,1,volatility,shape_triangle_proxy,disc,1627,0.07068224
h4,bull,1,volatility,shape_triangle_proxy,val,361,0.06094183
h4,bull,1,volatility,shape_triangle_proxy,oos,319,0.07210031
h4,bull,1,price200_cross_up,sma20_bull,disc,1123,0.06945681
h4,bull,1,price200_cross_up,sma20_bull,val,280,0.05000000
h4,bull,1,price200_cross_up,sma20_bull,oos,187,0.03743316
h4,bull,1,price200_cross_up,sma50_bull,disc,1006,0.06759443
h4,bull,1,price200_cross_up,sma50_bull,val,238,0.05042017
h4,bull,1,price200_cross_up,sma50_bull,oos,168,0.04166667
h4,bull,1,price200_cross_up,sma200_bull,disc,959,0.06047967
h4,bull,1,price200_cross_up,sma200_bull,val,299,0.05685619
h4,bull,1,price200_cross_up,sma200_bull,oos,133,0.03007519
h4,bull,1,price200_cross_up,sma_stack_bull,disc,172,0.04651163
h4,bull,1,price200_cross_up,sma_stack_bull,val,42,0.00000000
h4,bull,1,price200_cross_up,sma_stack_bull,oos,27,0.00000000
h4,bull,1,price200_cross_up,ichimoku_bull,disc,806,0.06203474
h4,bull,1,price200_cross_up,ichimoku_bull,val,189,0.05291005
h4,bull,1,price200_cross_up,ichimoku_bull,oos,139,0.03597122
h4,bull,1,price200_cross_up,ichimoku_tk_bull,disc,752,0.07313830
h4,bull,1,price200_cross_up,ichimoku_tk_bull,val,199,0.05025126
h4,bull,1,price200_cross_up,ichimoku_tk_bull,oos,135,0.02962963
h4,bull,1,price200_cross_up,ichimoku_cloud_bull,disc,760,0.05789474
h4,bull,1,price200_cross_up,ichimoku_cloud_bull,val,195,0.04615385
h4,bull,1,price200_cross_up,ichimoku_cloud_bull,oos,139,0.02877698
h4,bull,1,price200_cross_up,span_model_bull,disc,562,0.06939502
h4,bull,1,price200_cross_up,span_model_bull,val,130,0.06153846
h4,bull,1,price200_cross_up,span_model_bull,oos,100,0.03000000
h4,bull,1,price200_cross_up,bb_bull,disc,1123,0.06945681
h4,bull,1,price200_cross_up,bb_bull,val,280,0.05000000
h4,bull,1,price200_cross_up,bb_bull,oos,187,0.03743316
h4,bull,1,price200_cross_up,bb_upper,disc,691,0.08104197
h4,bull,1,price200_cross_up,bb_upper,val,164,0.06707317
h4,bull,1,price200_cross_up,bb_upper,oos,106,0.04716981
h4,bull,1,price200_cross_up,superbb_squeeze,disc,347,0.05475504
h4,bull,1,price200_cross_up,superbb_squeeze,val,100,0.02000000
h4,bull,1,price200_cross_up,superbb_squeeze,oos,51,0.01960784
h4,bull,1,price200_cross_up,superbb_expand,disc,394,0.07106599
h4,bull,1,price200_cross_up,superbb_expand,val,120,0.05833333
h4,bull,1,price200_cross_up,superbb_expand,oos,84,0.04761905
h4,bull,1,price200_cross_up,stoch_bull,disc,1458,0.06790123
h4,bull,1,price200_cross_up,stoch_bull,val,401,0.04987531
h4,bull,1,price200_cross_up,stoch_bull,oos,250,0.03200000
h4,bull,1,price200_cross_up,stoch_cross_up,disc,712,0.07584270
h4,bull,1,price200_cross_up,stoch_cross_up,val,210,0.06190476
h4,bull,1,price200_cross_up,stoch_cross_up,oos,119,0.03361345
h4,bull,1,price200_cross_up,stoch_recover_up,disc,269,0.07063197
h4,bull,1,price200_cross_up,stoch_recover_up,val,86,0.05813953
h4,bull,1,price200_cross_up,stoch_recover_up,oos,45,0.00000000
h4,bull,1,price200_cross_up,rci_bull,disc,860,0.07209302
h4,bull,1,price200_cross_up,rci_bull,val,214,0.05140187
h4,bull,1,price200_cross_up,rci_bull,oos,139,0.05035971
h4,bull,1,price200_cross_up,rci_strong_bull,disc,229,0.08296943
h4,bull,1,price200_cross_up,rci_strong_bull,val,50,0.04000000
h4,bull,1,price200_cross_up,rci_strong_bull,oos,39,0.02564103
h4,bull,1,price200_cross_up,rci_cross_up,disc,115,0.04347826
h4,bull,1,price200_cross_up,rci_cross_up,val,22,0.04545455
h4,bull,1,price200_cross_up,rci_cross_up,oos,13,0.00000000
h4,bull,1,price200_cross_up,dmi_adx_bull,disc,240,0.07083333
h4,bull,1,price200_cross_up,dmi_adx_bull,val,60,0.08333333
h4,bull,1,price200_cross_up,dmi_adx_bull,oos,50,0.04000000
h4,bull,1,price200_cross_up,dmi_adx_strong_bull,disc,528,0.08333333
h4,bull,1,price200_cross_up,dmi_adx_strong_bull,val,111,0.09009009
h4,bull,1,price200_cross_up,dmi_adx_strong_bull,oos,71,0.07042254
h4,bull,1,price200_cross_up,fib_above382,disc,773,0.06727038
h4,bull,1,price200_cross_up,fib_above382,val,188,0.05851064
h4,bull,1,price200_cross_up,fib_above382,oos,133,0.03007519
h4,bull,1,price200_cross_up,fib_above500,disc,1003,0.06580259
h4,bull,1,price200_cross_up,fib_above500,val,250,0.05600000
h4,bull,1,price200_cross_up,fib_above500,oos,180,0.03888889
h4,bull,1,price200_cross_up,fib_above618,disc,1227,0.06519967
h4,bull,1,price200_cross_up,fib_above618,val,320,0.04687500
h4,bull,1,price200_cross_up,fib_above618,oos,210,0.03809524
h4,bull,1,price200_cross_up,fib_time_zone,disc,519,0.06743738
h4,bull,1,price200_cross_up,fib_time_zone,val,152,0.03289474
h4,bull,1,price200_cross_up,fib_time_zone,oos,99,0.03030303
h4,bull,1,price200_cross_up,fib_time_5,disc,295,0.06101695
h4,bull,1,price200_cross_up,fib_time_5,val,91,0.02197802
h4,bull,1,price200_cross_up,fib_time_5,oos,57,0.03508772
h4,bull,1,price200_cross_up,fib_time_8,disc,184,0.05978261
h4,bull,1,price200_cross_up,fib_time_8,val,46,0.02173913
h4,bull,1,price200_cross_up,fib_time_8,oos,30,0.03333333
h4,bull,1,price200_cross_up,fib_time_13,disc,116,0.07758621
h4,bull,1,price200_cross_up,fib_time_13,val,34,0.05882353
h4,bull,1,price200_cross_up,fib_time_13,oos,25,0.00000000
h4,bull,1,price200_cross_up,fib_fan_up,disc,773,0.06727038
h4,bull,1,price200_cross_up,fib_fan_up,val,188,0.05851064
h4,bull,1,price200_cross_up,fib_fan_up,oos,133,0.03007519
h4,bull,1,price200_cross_up,fib_arc_bull,disc,1003,0.06580259
h4,bull,1,price200_cross_up,fib_arc_bull,val,250,0.05600000
h4,bull,1,price200_cross_up,fib_arc_bull,oos,180,0.03888889
h4,bull,1,price200_cross_up,trendline_up,disc,806,0.07320099
h4,bull,1,price200_cross_up,trendline_up,val,202,0.05445545
h4,bull,1,price200_cross_up,trendline_up,oos,140,0.04285714
h4,bull,1,price200_cross_up,channel_upper,disc,644,0.08074534
h4,bull,1,price200_cross_up,channel_upper,val,155,0.05806452
h4,bull,1,price200_cross_up,channel_upper,oos,111,0.04504505
h4,bull,1,price200_cross_up,channel_mid_bull,disc,1118,0.06976744
h4,bull,1,price200_cross_up,channel_mid_bull,val,282,0.04964539
h4,bull,1,price200_cross_up,channel_mid_bull,oos,191,0.03664921
h4,bull,1,price200_cross_up,channel_breakout_up,disc,329,0.07902736
h4,bull,1,price200_cross_up,channel_breakout_up,val,89,0.08988764
h4,bull,1,price200_cross_up,channel_breakout_up,oos,62,0.06451613
h4,bull,1,price200_cross_up,horizontal_resistance_near,disc,201,0.06467662
h4,bull,1,price200_cross_up,horizontal_resistance_near,val,41,0.07317073
h4,bull,1,price200_cross_up,horizontal_resistance_near,oos,39,0.05128205
h4,bull,1,price200_cross_up,horizontal_break_up,disc,149,0.06711409
h4,bull,1,price200_cross_up,horizontal_break_up,val,35,0.08571429
h4,bull,1,price200_cross_up,horizontal_break_up,oos,27,0.07407407
h4,bull,1,price200_cross_up,vertical_session,disc,1146,0.06719023
h4,bull,1,price200_cross_up,vertical_session,val,302,0.03642384
h4,bull,1,price200_cross_up,vertical_session,oos,187,0.03208556
h4,bull,1,price200_cross_up,vertical_day_open,disc,245,0.06122449
h4,bull,1,price200_cross_up,vertical_day_open,val,67,0.04477612
h4,bull,1,price200_cross_up,vertical_day_open,oos,41,0.00000000
h4,bull,1,price200_cross_up,vertical_week_open,disc,59,0.06779661
h4,bull,1,price200_cross_up,vertical_week_open,val,15,0.00000000
h4,bull,1,price200_cross_up,vertical_week_open,oos,9,0.00000000
h4,bull,1,price200_cross_up,rectangle_range,disc,865,0.05895954
h4,bull,1,price200_cross_up,rectangle_range,val,251,0.03984064
h4,bull,1,price200_cross_up,rectangle_range,oos,140,0.02142857
h4,bull,1,price200_cross_up,elliott_wave2_bull,disc,75,0.04000000
h4,bull,1,price200_cross_up,elliott_wave2_bull,val,19,0.05263158
h4,bull,1,price200_cross_up,elliott_wave2_bull,oos,12,0.00000000
h4,bull,1,price200_cross_up,elliott_wave3_bull,disc,364,0.05769231
h4,bull,1,price200_cross_up,elliott_wave3_bull,val,87,0.05747126
h4,bull,1,price200_cross_up,elliott_wave3_bull,oos,58,0.06896552
h4,bull,1,price200_cross_up,elliott_wave4_bull,disc,66,0.06060606
h4,bull,1,price200_cross_up,elliott_wave4_bull,val,15,0.00000000
h4,bull,1,price200_cross_up,elliott_wave4_bull,oos,19,0.05263158
h4,bull,1,price200_cross_up,elliott_wave5_bull,disc,341,0.06158358
h4,bull,1,price200_cross_up,elliott_wave5_bull,val,73,0.01369863
h4,bull,1,price200_cross_up,elliott_wave5_bull,oos,65,0.03076923
h4,bull,1,price200_cross_up,elliott_impulse_bull,disc,484,0.06198347
h4,bull,1,price200_cross_up,elliott_impulse_bull,val,120,0.04166667
h4,bull,1,price200_cross_up,elliott_impulse_bull,oos,83,0.04819277
h4,bull,1,price200_cross_up,elliott_pullback_bull,disc,141,0.04964539
h4,bull,1,price200_cross_up,elliott_pullback_bull,val,34,0.02941176
h4,bull,1,price200_cross_up,elliott_pullback_bull,oos,31,0.03225806
h4,bull,1,price200_cross_up,range_compression,disc,1276,0.06347962
h4,bull,1,price200_cross_up,range_compression,val,327,0.04892966
h4,bull,1,price200_cross_up,range_compression,oos,208,0.02403846
h4,bull,1,price200_cross_up,range_tight,disc,131,0.03816794
h4,bull,1,price200_cross_up,range_tight,val,42,0.07142857
h4,bull,1,price200_cross_up,range_tight,oos,31,0.03225806
h4,bull,1,price200_cross_up,inside_bar,disc,140,0.05000000
h4,bull,1,price200_cross_up,inside_bar,val,46,0.00000000
h4,bull,1,price200_cross_up,inside_bar,oos,23,0.00000000
h4,bull,1,price200_cross_up,nr7,disc,56,0.01785714
h4,bull,1,price200_cross_up,nr7,val,23,0.00000000
h4,bull,1,price200_cross_up,nr7,oos,9,0.00000000
h4,bull,1,price200_cross_up,nr4,disc,166,0.01204819
h4,bull,1,price200_cross_up,nr4,val,64,0.00000000
h4,bull,1,price200_cross_up,nr4,oos,27,0.00000000
h4,bull,1,price200_cross_up,breakout_up20,disc,329,0.07902736
h4,bull,1,price200_cross_up,breakout_up20,val,89,0.08988764
h4,bull,1,price200_cross_up,breakout_up20,oos,62,0.06451613
h4,bull,1,price200_cross_up,retest_up,disc,328,0.07926829
h4,bull,1,price200_cross_up,retest_up,val,86,0.05813953
h4,bull,1,price200_cross_up,retest_up,oos,62,0.06451613
h4,bull,1,price200_cross_up,squeeze_release_up,disc,50,0.06000000
h4,bull,1,price200_cross_up,squeeze_release_up,val,15,0.13333333
h4,bull,1,price200_cross_up,squeeze_release_up,oos,6,0.00000000
h4,bull,1,price200_cross_up,engulf_bull,disc,395,0.09367089
h4,bull,1,price200_cross_up,engulf_bull,val,120,0.05833333
h4,bull,1,price200_cross_up,engulf_bull,oos,48,0.04166667
h4,bull,1,price200_cross_up,strong_close_bull,disc,756,0.05291005
h4,bull,1,price200_cross_up,strong_close_bull,val,211,0.06635071
h4,bull,1,price200_cross_up,strong_close_bull,oos,136,0.02941176
h4,bull,1,price200_cross_up,hh20,disc,408,0.08333333
h4,bull,1,price200_cross_up,hh20,val,109,0.08256881
h4,bull,1,price200_cross_up,hh20,oos,74,0.06756757
h4,bull,1,price200_cross_up,structure_bull_transition,disc,1187,0.06571188
h4,bull,1,price200_cross_up,structure_bull_transition,val,320,0.05000000
h4,bull,1,price200_cross_up,structure_bull_transition,oos,199,0.03015075
h4,bull,1,price200_cross_up,compression,disc,111,0.09009009
h4,bull,1,price200_cross_up,compression,val,34,0.05882353
h4,bull,1,price200_cross_up,compression,oos,23,0.00000000
h4,bull,1,price200_cross_up,shape_triangle_proxy,disc,103,0.07766990
h4,bull,1,price200_cross_up,shape_triangle_proxy,val,33,0.06060606
h4,bull,1,price200_cross_up,shape_triangle_proxy,oos,23,0.00000000
h4,bull,1,rsi_cross55_up,sma20_bull,disc,3872,0.05914256
h4,bull,1,rsi_cross55_up,sma20_bull,val,1024,0.05957031
h4,bull,1,rsi_cross55_up,sma20_bull,oos,728,0.03571429
h4,bull,1,rsi_cross55_up,sma50_bull,disc,3582,0.05806812
h4,bull,1,rsi_cross55_up,sma50_bull,val,958,0.05636743
h4,bull,1,rsi_cross55_up,sma50_bull,oos,690,0.03188406
h4,bull,1,rsi_cross55_up,sma200_bull,disc,2418,0.05252275
h4,bull,1,rsi_cross55_up,sma200_bull,val,768,0.05989583
h4,bull,1,rsi_cross55_up,sma200_bull,oos,503,0.02584493
h4,bull,1,rsi_cross55_up,sma_stack_bull,disc,1331,0.04357626
h4,bull,1,rsi_cross55_up,sma_stack_bull,val,391,0.03836317
h4,bull,1,rsi_cross55_up,sma_stack_bull,oos,280,0.02500000
h4,bull,1,rsi_cross55_up,ichimoku_bull,disc,2552,0.05407524
h4,bull,1,rsi_cross55_up,ichimoku_bull,val,682,0.06011730
h4,bull,1,rsi_cross55_up,ichimoku_bull,oos,515,0.02718447
h4,bull,1,rsi_cross55_up,ichimoku_tk_bull,disc,2353,0.06247344
h4,bull,1,rsi_cross55_up,ichimoku_tk_bull,val,639,0.06103286
h4,bull,1,rsi_cross55_up,ichimoku_tk_bull,oos,486,0.04115226
h4,bull,1,rsi_cross55_up,ichimoku_cloud_bull,disc,2057,0.05444823
h4,bull,1,rsi_cross55_up,ichimoku_cloud_bull,val,585,0.06153846
h4,bull,1,rsi_cross55_up,ichimoku_cloud_bull,oos,416,0.02403846
h4,bull,1,rsi_cross55_up,span_model_bull,disc,1644,0.05900243
h4,bull,1,rsi_cross55_up,span_model_bull,val,440,0.06363636
h4,bull,1,rsi_cross55_up,span_model_bull,oos,350,0.02571429
h4,bull,1,rsi_cross55_up,bb_bull,disc,3872,0.05914256
h4,bull,1,rsi_cross55_up,bb_bull,val,1024,0.05957031
h4,bull,1,rsi_cross55_up,bb_bull,oos,728,0.03571429
h4,bull,1,rsi_cross55_up,bb_upper,disc,1965,0.06921120
h4,bull,1,rsi_cross55_up,bb_upper,val,498,0.06827309
h4,bull,1,rsi_cross55_up,bb_upper,oos,322,0.04037267
h4,bull,1,rsi_cross55_up,superbb_bull,disc,104,0.10576923
h4,bull,1,rsi_cross55_up,superbb_bull,val,23,0.30434783
h4,bull,1,rsi_cross55_up,superbb_bull,oos,12,0.00000000
h4,bull,1,rsi_cross55_up,superbb_squeeze,disc,1444,0.04916898
h4,bull,1,rsi_cross55_up,superbb_squeeze,val,388,0.04381443
h4,bull,1,rsi_cross55_up,superbb_squeeze,oos,269,0.02973978
h4,bull,1,rsi_cross55_up,superbb_expand,disc,444,0.07432432
h4,bull,1,rsi_cross55_up,superbb_expand,val,116,0.08620690
h4,bull,1,rsi_cross55_up,superbb_expand,oos,65,0.06153846
h4,bull,1,rsi_cross55_up,stoch_bull,disc,3720,0.05860215
h4,bull,1,rsi_cross55_up,stoch_bull,val,976,0.06147541
h4,bull,1,rsi_cross55_up,stoch_bull,oos,702,0.03703704
h4,bull,1,rsi_cross55_up,stoch_cross_up,disc,1721,0.05636258
h4,bull,1,rsi_cross55_up,stoch_cross_up,val,476,0.05882353
h4,bull,1,rsi_cross55_up,stoch_cross_up,oos,319,0.02194357
h4,bull,1,rsi_cross55_up,stoch_recover_up,disc,212,0.07547170
h4,bull,1,rsi_cross55_up,stoch_recover_up,val,54,0.03703704
h4,bull,1,rsi_cross55_up,stoch_recover_up,oos,29,0.00000000
h4,bull,1,rsi_cross55_up,rci_bull,disc,2679,0.06270997
h4,bull,1,rsi_cross55_up,rci_bull,val,686,0.06705539
h4,bull,1,rsi_cross55_up,rci_bull,oos,482,0.03112033
h4,bull,1,rsi_cross55_up,rci_strong_bull,disc,376,0.06914894
h4,bull,1,rsi_cross55_up,rci_strong_bull,val,77,0.03896104
h4,bull,1,rsi_cross55_up,rci_strong_bull,oos,66,0.03030303
h4,bull,1,rsi_cross55_up,rci_cross_up,disc,406,0.05665025
h4,bull,1,rsi_cross55_up,rci_cross_up,val,77,0.03896104
h4,bull,1,rsi_cross55_up,rci_cross_up,oos,67,0.02985075
h4,bull,1,rsi_cross55_up,dmi_adx_bull,disc,759,0.06455863
h4,bull,1,rsi_cross55_up,dmi_adx_bull,val,177,0.06779661
h4,bull,1,rsi_cross55_up,dmi_adx_bull,oos,124,0.02419355
h4,bull,1,rsi_cross55_up,dmi_adx_strong_bull,disc,1199,0.07506255
h4,bull,1,rsi_cross55_up,dmi_adx_strong_bull,val,281,0.08185053
h4,bull,1,rsi_cross55_up,dmi_adx_strong_bull,oos,153,0.06535948
h4,bull,1,rsi_cross55_up,fib_above382,disc,2679,0.05636432
h4,bull,1,rsi_cross55_up,fib_above382,val,745,0.05503356
h4,bull,1,rsi_cross55_up,fib_above382,oos,544,0.03125000
h4,bull,1,rsi_cross55_up,fib_above500,disc,3380,0.05828402
h4,bull,1,rsi_cross55_up,fib_above500,val,896,0.05580357
h4,bull,1,rsi_cross55_up,fib_above500,oos,649,0.03235747
h4,bull,1,rsi_cross55_up,fib_above618,disc,3849,0.05949597
h4,bull,1,rsi_cross55_up,fib_above618,val,1018,0.05893910
h4,bull,1,rsi_cross55_up,fib_above618,oos,730,0.03424658
h4,bull,1,rsi_cross55_up,fib_time_zone,disc,1437,0.04871260
h4,bull,1,rsi_cross55_up,fib_time_zone,val,362,0.03867403
h4,bull,1,rsi_cross55_up,fib_time_zone,oos,244,0.04508197
h4,bull,1,rsi_cross55_up,fib_time_5,disc,805,0.04968944
h4,bull,1,rsi_cross55_up,fib_time_5,val,204,0.03431373
h4,bull,1,rsi_cross55_up,fib_time_5,oos,135,0.06666667
h4,bull,1,rsi_cross55_up,fib_time_8,disc,515,0.04854369
h4,bull,1,rsi_cross55_up,fib_time_8,val,120,0.03333333
h4,bull,1,rsi_cross55_up,fib_time_8,oos,92,0.02173913
h4,bull,1,rsi_cross55_up,fib_time_13,disc,316,0.06012658
h4,bull,1,rsi_cross55_up,fib_time_13,val,81,0.04938272
h4,bull,1,rsi_cross55_up,fib_time_13,oos,51,0.00000000
h4,bull,1,rsi_cross55_up,fib_fan_up,disc,2679,0.05636432
h4,bull,1,rsi_cross55_up,fib_fan_up,val,745,0.05503356
h4,bull,1,rsi_cross55_up,fib_fan_up,oos,544,0.03125000
h4,bull,1,rsi_cross55_up,fib_arc_bull,disc,3380,0.05828402
h4,bull,1,rsi_cross55_up,fib_arc_bull,val,896,0.05580357
h4,bull,1,rsi_cross55_up,fib_arc_bull,oos,649,0.03235747
h4,bull,1,rsi_cross55_up,trendline_up,disc,2574,0.06526807
h4,bull,1,rsi_cross55_up,trendline_up,val,681,0.06020558
h4,bull,1,rsi_cross55_up,trendline_up,oos,486,0.03497942
h4,bull,1,rsi_cross55_up,channel_upper,disc,1831,0.06990715
h4,bull,1,rsi_cross55_up,channel_upper,val,473,0.05708245
h4,bull,1,rsi_cross55_up,channel_upper,oos,353,0.04532578
h4,bull,1,rsi_cross55_up,channel_mid_bull,disc,3851,0.05842638
h4,bull,1,rsi_cross55_up,channel_mid_bull,val,1020,0.05784314
h4,bull,1,rsi_cross55_up,channel_mid_bull,oos,731,0.03556772
h4,bull,1,rsi_cross55_up,channel_breakout_up,disc,547,0.08957952
h4,bull,1,rsi_cross55_up,channel_breakout_up,val,136,0.08823529
h4,bull,1,rsi_cross55_up,channel_breakout_up,oos,102,0.07843137
h4,bull,1,rsi_cross55_up,horizontal_resistance_near,disc,168,0.07738095
h4,bull,1,rsi_cross55_up,horizontal_resistance_near,val,38,0.13157895
h4,bull,1,rsi_cross55_up,horizontal_resistance_near,oos,28,0.03571429
h4,bull,1,rsi_cross55_up,horizontal_break_up,disc,110,0.09090909
h4,bull,1,rsi_cross55_up,horizontal_break_up,val,30,0.13333333
h4,bull,1,rsi_cross55_up,horizontal_break_up,oos,20,0.05000000
h4,bull,1,rsi_cross55_up,vertical_session,disc,2957,0.06087251
h4,bull,1,rsi_cross55_up,vertical_session,val,735,0.04761905
h4,bull,1,rsi_cross55_up,vertical_session,oos,541,0.04066543
h4,bull,1,rsi_cross55_up,vertical_day_open,disc,617,0.05672609
h4,bull,1,rsi_cross55_up,vertical_day_open,val,147,0.08163265
h4,bull,1,rsi_cross55_up,vertical_day_open,oos,101,0.06930693
h4,bull,1,rsi_cross55_up,vertical_week_open,disc,138,0.04347826
h4,bull,1,rsi_cross55_up,vertical_week_open,val,26,0.07692308
h4,bull,1,rsi_cross55_up,vertical_week_open,oos,29,0.06896552
h4,bull,1,rsi_cross55_up,rectangle_range,disc,2166,0.04524469
h4,bull,1,rsi_cross55_up,rectangle_range,val,584,0.05136986
h4,bull,1,rsi_cross55_up,rectangle_range,oos,434,0.03225806
h4,bull,1,rsi_cross55_up,ellipse_compression,disc,115,0.09565217
h4,bull,1,rsi_cross55_up,ellipse_compression,val,21,0.04761905
h4,bull,1,rsi_cross55_up,ellipse_compression,oos,19,0.00000000
h4,bull,1,rsi_cross55_up,elliott_wave2_bull,disc,143,0.06293706
h4,bull,1,rsi_cross55_up,elliott_wave2_bull,val,36,0.11111111
h4,bull,1,rsi_cross55_up,elliott_wave2_bull,oos,33,0.03030303
h4,bull,1,rsi_cross55_up,elliott_wave3_bull,disc,863,0.06836616
h4,bull,1,rsi_cross55_up,elliott_wave3_bull,val,188,0.06382979
h4,bull,1,rsi_cross55_up,elliott_wave3_bull,oos,130,0.04615385
h4,bull,1,rsi_cross55_up,elliott_wave4_bull,disc,259,0.06563707
h4,bull,1,rsi_cross55_up,elliott_wave4_bull,val,82,0.07317073
h4,bull,1,rsi_cross55_up,elliott_wave4_bull,oos,56,0.07142857
h4,bull,1,rsi_cross55_up,elliott_wave5_bull,disc,866,0.07043880
h4,bull,1,rsi_cross55_up,elliott_wave5_bull,val,186,0.05376344
h4,bull,1,rsi_cross55_up,elliott_wave5_bull,oos,155,0.04516129
h4,bull,1,rsi_cross55_up,elliott_impulse_bull,disc,1224,0.06944444
h4,bull,1,rsi_cross55_up,elliott_impulse_bull,val,277,0.05776173
h4,bull,1,rsi_cross55_up,elliott_impulse_bull,oos,207,0.04830918
h4,bull,1,rsi_cross55_up,elliott_pullback_bull,disc,402,0.06467662
h4,bull,1,rsi_cross55_up,elliott_pullback_bull,val,118,0.08474576
h4,bull,1,rsi_cross55_up,elliott_pullback_bull,oos,89,0.05617978
h4,bull,1,rsi_cross55_up,range_compression,disc,3321,0.05781391
h4,bull,1,rsi_cross55_up,range_compression,val,856,0.05841121
h4,bull,1,rsi_cross55_up,range_compression,oos,624,0.02083333
h4,bull,1,rsi_cross55_up,range_tight,disc,517,0.05029014
h4,bull,1,rsi_cross55_up,range_tight,val,158,0.05696203
h4,bull,1,rsi_cross55_up,range_tight,oos,113,0.05309735
h4,bull,1,rsi_cross55_up,inside_bar,disc,345,0.04057971
h4,bull,1,rsi_cross55_up,inside_bar,val,83,0.04819277
h4,bull,1,rsi_cross55_up,inside_bar,oos,61,0.00000000
h4,bull,1,rsi_cross55_up,nr7,disc,167,0.04790419
h4,bull,1,rsi_cross55_up,nr7,val,41,0.02439024
h4,bull,1,rsi_cross55_up,nr7,oos,36,0.00000000
h4,bull,1,rsi_cross55_up,nr4,disc,446,0.02914798
h4,bull,1,rsi_cross55_up,nr4,val,124,0.04838710
h4,bull,1,rsi_cross55_up,nr4,oos,97,0.00000000
h4,bull,1,rsi_cross55_up,breakout_up20,disc,547,0.08957952
h4,bull,1,rsi_cross55_up,breakout_up20,val,136,0.08823529
h4,bull,1,rsi_cross55_up,breakout_up20,oos,102,0.07843137
h4,bull,1,rsi_cross55_up,retest_up,disc,546,0.08974359
h4,bull,1,rsi_cross55_up,retest_up,val,131,0.06106870
h4,bull,1,rsi_cross55_up,retest_up,oos,102,0.07843137
h4,bull,1,rsi_cross55_up,squeeze_release_up,disc,170,0.06470588
h4,bull,1,rsi_cross55_up,squeeze_release_up,val,49,0.06122449
h4,bull,1,rsi_cross55_up,squeeze_release_up,oos,27,0.03703704
h4,bull,1,rsi_cross55_up,engulf_bull,disc,932,0.06115880
h4,bull,1,rsi_cross55_up,engulf_bull,val,232,0.03017241
h4,bull,1,rsi_cross55_up,engulf_bull,oos,156,0.00000000
h4,bull,1,rsi_cross55_up,strong_close_bull,disc,2034,0.05358899
h4,bull,1,rsi_cross55_up,strong_close_bull,val,511,0.05870841
h4,bull,1,rsi_cross55_up,strong_close_bull,oos,357,0.02521008
h4,bull,1,rsi_cross55_up,hh20,disc,854,0.08548009
h4,bull,1,rsi_cross55_up,hh20,val,234,0.07264957
h4,bull,1,rsi_cross55_up,hh20,oos,159,0.07547170
h4,bull,1,rsi_cross55_up,structure_bull_transition,disc,2959,0.05677594
h4,bull,1,rsi_cross55_up,structure_bull_transition,val,760,0.06710526
h4,bull,1,rsi_cross55_up,structure_bull_transition,oos,555,0.03423423
h4,bull,1,rsi_cross55_up,compression,disc,379,0.09498681
h4,bull,1,rsi_cross55_up,compression,val,83,0.08433735
h4,bull,1,rsi_cross55_up,compression,oos,64,0.01562500
h4,bull,1,rsi_cross55_up,shape_triangle_proxy,disc,354,0.09322034
h4,bull,1,rsi_cross55_up,shape_triangle_proxy,val,81,0.08641975
h4,bull,1,rsi_cross55_up,shape_triangle_proxy,oos,64,0.01562500
h4,bull,1,rsi_up1,sma20_bull,disc,10573,0.05958574
h4,bull,1,rsi_up1,sma20_bull,val,2718,0.05555556
h4,bull,1,rsi_up1,sma20_bull,oos,1936,0.03460744
h4,bull,1,rsi_up1,sma50_bull,disc,9323,0.05910115
h4,bull,1,rsi_up1,sma50_bull,val,2485,0.04989940
h4,bull,1,rsi_up1,sma50_bull,oos,1776,0.03265766
h4,bull,1,rsi_up1,sma200_bull,disc,8790,0.05767918
h4,bull,1,rsi_up1,sma200_bull,val,2660,0.04887218
h4,bull,1,rsi_up1,sma200_bull,oos,1768,0.02432127
h4,bull,1,rsi_up1,sma_stack_bull,disc,4932,0.05596107
h4,bull,1,rsi_up1,sma_stack_bull,val,1444,0.04501385
h4,bull,1,rsi_up1,sma_stack_bull,oos,1006,0.02683897
h4,bull,1,rsi_up1,ichimoku_bull,disc,7746,0.05822360
h4,bull,1,rsi_up1,ichimoku_bull,val,2122,0.04901037
h4,bull,1,rsi_up1,ichimoku_bull,oos,1540,0.02922078
h4,bull,1,rsi_up1,ichimoku_tk_bull,disc,7389,0.06103668
h4,bull,1,rsi_up1,ichimoku_tk_bull,val,1963,0.05247071
h4,bull,1,rsi_up1,ichimoku_tk_bull,oos,1452,0.03650138
h4,bull,1,rsi_up1,ichimoku_cloud_bull,disc,8533,0.05660377
h4,bull,1,rsi_up1,ichimoku_cloud_bull,val,2384,0.05662752
h4,bull,1,rsi_up1,ichimoku_cloud_bull,oos,1718,0.02910361
h4,bull,1,rsi_up1,span_model_bull,disc,5582,0.06180580
h4,bull,1,rsi_up1,span_model_bull,val,1491,0.05298457
h4,bull,1,rsi_up1,span_model_bull,oos,1107,0.02800361
h4,bull,1,rsi_up1,bb_bull,disc,10573,0.05958574
h4,bull,1,rsi_up1,bb_bull,val,2718,0.05555556
h4,bull,1,rsi_up1,bb_bull,oos,1936,0.03460744
h4,bull,1,rsi_up1,bb_upper,disc,6097,0.06593407
h4,bull,1,rsi_up1,bb_upper,val,1588,0.05793451
h4,bull,1,rsi_up1,bb_upper,oos,1108,0.03610108
h4,bull,1,rsi_up1,superbb_bull,disc,350,0.09142857
h4,bull,1,rsi_up1,superbb_bull,val,76,0.17105263
h4,bull,1,rsi_up1,superbb_bull,oos,58,0.06896552
h4,bull,1,rsi_up1,superbb_squeeze,disc,4059,0.04779502
h4,bull,1,rsi_up1,superbb_squeeze,val,1032,0.03972868
h4,bull,1,rsi_up1,superbb_squeeze,oos,710,0.02676056
h4,bull,1,rsi_up1,superbb_expand,disc,4039,0.06808616
h4,bull,1,rsi_up1,superbb_expand,val,1063,0.05832549
h4,bull,1,rsi_up1,superbb_expand,oos,776,0.03737113
h4,bull,1,rsi_up1,stoch_bull,disc,16244,0.05805220
h4,bull,1,rsi_up1,stoch_bull,val,4101,0.05462082
h4,bull,1,rsi_up1,stoch_bull,oos,2938,0.03675970
h4,bull,1,rsi_up1,stoch_cross_up,disc,8161,0.05808112
h4,bull,1,rsi_up1,stoch_cross_up,val,2123,0.04286387
h4,bull,1,rsi_up1,stoch_cross_up,oos,1439,0.02710215
h4,bull,1,rsi_up1,stoch_recover_up,disc,3473,0.05413187
h4,bull,1,rsi_up1,stoch_recover_up,val,909,0.04950495
h4,bull,1,rsi_up1,stoch_recover_up,oos,580,0.03275862
h4,bull,1,rsi_up1,rci_bull,disc,8257,0.06164467
h4,bull,1,rsi_up1,rci_bull,val,2103,0.05563481
h4,bull,1,rsi_up1,rci_bull,oos,1489,0.02955003
h4,bull,1,rsi_up1,rci_strong_bull,disc,2171,0.06586826
h4,bull,1,rsi_up1,rci_strong_bull,val,529,0.05103970
h4,bull,1,rsi_up1,rci_strong_bull,oos,399,0.01754386
h4,bull,1,rsi_up1,rci_cross_up,disc,1029,0.05636540
h4,bull,1,rsi_up1,rci_cross_up,val,225,0.08000000
h4,bull,1,rsi_up1,rci_cross_up,oos,193,0.02590674
h4,bull,1,rsi_up1,dmi_adx_bull,disc,2899,0.06760952
h4,bull,1,rsi_up1,dmi_adx_bull,val,665,0.05563910
h4,bull,1,rsi_up1,dmi_adx_bull,oos,439,0.02961276
h4,bull,1,rsi_up1,dmi_adx_strong_bull,disc,4469,0.06914299
h4,bull,1,rsi_up1,dmi_adx_strong_bull,val,1117,0.06893465
h4,bull,1,rsi_up1,dmi_adx_strong_bull,oos,694,0.04755043
h4,bull,1,rsi_up1,fib_above382,disc,7487,0.05970349
h4,bull,1,rsi_up1,fib_above382,val,2047,0.05276014
h4,bull,1,rsi_up1,fib_above382,oos,1473,0.03054990
h4,bull,1,rsi_up1,fib_above500,disc,9296,0.05938038
h4,bull,1,rsi_up1,fib_above500,val,2493,0.05054152
h4,bull,1,rsi_up1,fib_above500,oos,1819,0.03298516
h4,bull,1,rsi_up1,fib_above618,disc,11183,0.06035947
h4,bull,1,rsi_up1,fib_above618,val,2989,0.05118769
h4,bull,1,rsi_up1,fib_above618,oos,2147,0.03493246
h4,bull,1,rsi_up1,fib_time_zone,disc,6002,0.05631456
h4,bull,1,rsi_up1,fib_time_zone,val,1491,0.04493628
h4,bull,1,rsi_up1,fib_time_zone,oos,1073,0.03168686
h4,bull,1,rsi_up1,fib_time_5,disc,3421,0.05144695
h4,bull,1,rsi_up1,fib_time_5,val,863,0.04055620
h4,bull,1,rsi_up1,fib_time_5,oos,592,0.04054054
h4,bull,1,rsi_up1,fib_time_8,disc,2080,0.06538462
h4,bull,1,rsi_up1,fib_time_8,val,493,0.04868154
h4,bull,1,rsi_up1,fib_time_8,oos,365,0.01917808
h4,bull,1,rsi_up1,fib_time_13,disc,1330,0.05488722
h4,bull,1,rsi_up1,fib_time_13,val,331,0.04229607
h4,bull,1,rsi_up1,fib_time_13,oos,258,0.01550388
h4,bull,1,rsi_up1,fib_fan_up,disc,7487,0.05970349
h4,bull,1,rsi_up1,fib_fan_up,val,2047,0.05276014
h4,bull,1,rsi_up1,fib_fan_up,oos,1473,0.03054990
h4,bull,1,rsi_up1,fib_arc_bull,disc,9296,0.05938038
h4,bull,1,rsi_up1,fib_arc_bull,val,2493,0.05054152
h4,bull,1,rsi_up1,fib_arc_bull,oos,1819,0.03298516
h4,bull,1,rsi_up1,trendline_up,disc,7814,0.06219606
h4,bull,1,rsi_up1,trendline_up,val,2041,0.05291524
h4,bull,1,rsi_up1,trendline_up,oos,1487,0.03026227
h4,bull,1,rsi_up1,channel_upper,disc,5909,0.06633948
h4,bull,1,rsi_up1,channel_upper,val,1554,0.05469755
h4,bull,1,rsi_up1,channel_upper,oos,1111,0.03600360
h4,bull,1,rsi_up1,channel_mid_bull,disc,10308,0.06072953
h4,bull,1,rsi_up1,channel_mid_bull,val,2712,0.05420354
h4,bull,1,rsi_up1,channel_mid_bull,oos,1957,0.03576903
h4,bull,1,rsi_up1,channel_breakout_up,disc,3111,0.07264545
h4,bull,1,rsi_up1,channel_breakout_up,val,799,0.06758448
h4,bull,1,rsi_up1,channel_breakout_up,oos,594,0.04545455
h4,bull,1,rsi_up1,horizontal_resistance_near,disc,2307,0.06762029
h4,bull,1,rsi_up1,horizontal_resistance_near,val,593,0.06745363
h4,bull,1,rsi_up1,horizontal_resistance_near,oos,455,0.03296703
h4,bull,1,rsi_up1,horizontal_break_up,disc,1847,0.07200866
h4,bull,1,rsi_up1,horizontal_break_up,val,465,0.07311828
h4,bull,1,rsi_up1,horizontal_break_up,oos,363,0.03856749
h4,bull,1,rsi_up1,vertical_session,disc,12408,0.05480335
h4,bull,1,rsi_up1,vertical_session,val,3071,0.05014653
h4,bull,1,rsi_up1,vertical_session,oos,2215,0.03747178
h4,bull,1,rsi_up1,vertical_day_open,disc,2756,0.04862119
h4,bull,1,rsi_up1,vertical_day_open,val,706,0.04957507
h4,bull,1,rsi_up1,vertical_day_open,oos,509,0.02946955
h4,bull,1,rsi_up1,vertical_week_open,disc,568,0.05633803
h4,bull,1,rsi_up1,vertical_week_open,val,135,0.04444444
h4,bull,1,rsi_up1,vertical_week_open,oos,139,0.04316547
h4,bull,1,rsi_up1,rectangle_range,disc,9417,0.05044069
h4,bull,1,rsi_up1,rectangle_range,val,2437,0.05006155
h4,bull,1,rsi_up1,rectangle_range,oos,1729,0.03470214
h4,bull,1,rsi_up1,triangle_breakout_up,disc,153,0.13725490
h4,bull,1,rsi_up1,triangle_breakout_up,val,24,0.12500000
h4,bull,1,rsi_up1,triangle_breakout_up,oos,16,0.06250000
h4,bull,1,rsi_up1,ellipse_compression,disc,456,0.07456140
h4,bull,1,rsi_up1,ellipse_compression,val,75,0.02666667
h4,bull,1,rsi_up1,ellipse_compression,oos,76,0.01315789
h4,bull,1,rsi_up1,elliott_wave2_bull,disc,779,0.06675225
h4,bull,1,rsi_up1,elliott_wave2_bull,val,197,0.05076142
h4,bull,1,rsi_up1,elliott_wave2_bull,oos,140,0.02142857
h4,bull,1,rsi_up1,elliott_wave3_bull,disc,3331,0.06124287
h4,bull,1,rsi_up1,elliott_wave3_bull,val,771,0.06744488
h4,bull,1,rsi_up1,elliott_wave3_bull,oos,563,0.04262877
h4,bull,1,rsi_up1,elliott_wave4_bull,disc,777,0.05276705
h4,bull,1,rsi_up1,elliott_wave4_bull,val,191,0.04188482
h4,bull,1,rsi_up1,elliott_wave4_bull,oos,139,0.05755396
h4,bull,1,rsi_up1,elliott_wave5_bull,disc,3342,0.06822262
h4,bull,1,rsi_up1,elliott_wave5_bull,val,769,0.06631990
h4,bull,1,rsi_up1,elliott_wave5_bull,oos,616,0.05032468
h4,bull,1,rsi_up1,elliott_impulse_bull,disc,4540,0.06409692
h4,bull,1,rsi_up1,elliott_impulse_bull,val,1088,0.06250000
h4,bull,1,rsi_up1,elliott_impulse_bull,oos,813,0.04551046
h4,bull,1,rsi_up1,elliott_pullback_bull,disc,1556,0.05976864
h4,bull,1,rsi_up1,elliott_pullback_bull,val,388,0.04639175
h4,bull,1,rsi_up1,elliott_pullback_bull,oos,279,0.03942652
h4,bull,1,rsi_up1,range_compression,disc,13770,0.05729847
h4,bull,1,rsi_up1,range_compression,val,3466,0.05568379
h4,bull,1,rsi_up1,range_compression,oos,2477,0.03068228
h4,bull,1,rsi_up1,range_tight,disc,1224,0.05392157
h4,bull,1,rsi_up1,range_tight,val,381,0.04986877
h4,bull,1,rsi_up1,range_tight,oos,258,0.05426357
h4,bull,1,rsi_up1,inside_bar,disc,1673,0.04841602
h4,bull,1,rsi_up1,inside_bar,val,396,0.03282828
h4,bull,1,rsi_up1,inside_bar,oos,297,0.02020202
h4,bull,1,rsi_up1,inside_2,disc,78,0.02564103
h4,bull,1,rsi_up1,inside_2,val,18,0.11111111
h4,bull,1,rsi_up1,inside_2,oos,14,0.00000000
h4,bull,1,rsi_up1,nr7,disc,345,0.02318841
h4,bull,1,rsi_up1,nr7,val,116,0.01724138
h4,bull,1,rsi_up1,nr7,oos,64,0.00000000
h4,bull,1,rsi_up1,nr4,disc,1572,0.02290076
h4,bull,1,rsi_up1,nr4,val,445,0.02471910
h4,bull,1,rsi_up1,nr4,oos,306,0.01633987
h4,bull,1,rsi_up1,breakout_up20,disc,3111,0.07264545
h4,bull,1,rsi_up1,breakout_up20,val,799,0.06758448
h4,bull,1,rsi_up1,breakout_up20,oos,594,0.04545455
h4,bull,1,rsi_up1,retest_up,disc,3108,0.07239382
h4,bull,1,rsi_up1,retest_up,val,788,0.06218274
h4,bull,1,rsi_up1,retest_up,oos,592,0.04560811
h4,bull,1,rsi_up1,squeeze_release_up,disc,525,0.06857143
h4,bull,1,rsi_up1,squeeze_release_up,val,123,0.07317073
h4,bull,1,rsi_up1,squeeze_release_up,oos,86,0.04651163
h4,bull,1,rsi_up1,pin_bull,disc,61,0.27868852
h4,bull,1,rsi_up1,pin_bull,val,19,0.21052632
h4,bull,1,rsi_up1,pin_bull,oos,3,0.00000000
h4,bull,1,rsi_up1,engulf_bull,disc,4217,0.06402656
h4,bull,1,rsi_up1,engulf_bull,val,1044,0.04501916
h4,bull,1,rsi_up1,engulf_bull,oos,680,0.02058824
h4,bull,1,rsi_up1,strong_close_bull,disc,8548,0.05568554
h4,bull,1,rsi_up1,strong_close_bull,val,2150,0.05488372
h4,bull,1,rsi_up1,strong_close_bull,oos,1586,0.03152585
h4,bull,1,rsi_up1,gap_proxy_up,disc,144,0.09722222
h4,bull,1,rsi_up1,gap_proxy_up,val,66,0.10606061
h4,bull,1,rsi_up1,gap_proxy_up,oos,43,0.02325581
h4,bull,1,rsi_up1,hh20,disc,3858,0.06920684
h4,bull,1,rsi_up1,hh20,val,1003,0.06380857
h4,bull,1,rsi_up1,hh20,oos,725,0.04413793
h4,bull,1,rsi_up1,structure_bull_transition,disc,12441,0.05811430
h4,bull,1,rsi_up1,structure_bull_transition,val,3154,0.05707039
h4,bull,1,rsi_up1,structure_bull_transition,oos,2257,0.03455915
h4,bull,1,rsi_up1,compression,disc,1419,0.08104299
h4,bull,1,rsi_up1,compression,val,308,0.06818182
h4,bull,1,rsi_up1,compression,oos,223,0.03139013
h4,bull,1,rsi_up1,shape_triangle_proxy,disc,1312,0.07012195
h4,bull,1,rsi_up1,shape_triangle_proxy,val,295,0.07118644
h4,bull,1,rsi_up1,shape_triangle_proxy,oos,208,0.03365385
h4,bull,1,bb_expand,sma20_bull,disc,9420,0.05127389
h4,bull,1,bb_expand,sma20_bull,val,2416,0.05546358
h4,bull,1,bb_expand,sma20_bull,oos,1816,0.03138767
h4,bull,1,bb_expand,sma50_bull,disc,9388,0.05187473
h4,bull,1,bb_expand,sma50_bull,val,2458,0.05370220
h4,bull,1,bb_expand,sma50_bull,oos,1838,0.02829162
h4,bull,1,bb_expand,sma200_bull,disc,9452,0.05628438
h4,bull,1,bb_expand,sma200_bull,val,2644,0.05219365
h4,bull,1,bb_expand,sma200_bull,oos,1852,0.02159827
h4,bull,1,bb_expand,sma_stack_bull,disc,5978,0.06172633
h4,bull,1,bb_expand,sma_stack_bull,val,1613,0.04649721
h4,bull,1,bb_expand,sma_stack_bull,oos,1219,0.02543068
h4,bull,1,bb_expand,ichimoku_bull,disc,8437,0.05120303
h4,bull,1,bb_expand,ichimoku_bull,val,2202,0.04950045
h4,bull,1,bb_expand,ichimoku_bull,oos,1696,0.02417453
h4,bull,1,bb_expand,ichimoku_tk_bull,disc,8524,0.05255748
h4,bull,1,bb_expand,ichimoku_tk_bull,val,2200,0.05454545
h4,bull,1,bb_expand,ichimoku_tk_bull,oos,1641,0.03351615
h4,bull,1,bb_expand,ichimoku_cloud_bull,disc,9481,0.06159688
h4,bull,1,bb_expand,ichimoku_cloud_bull,val,2432,0.05879934
h4,bull,1,bb_expand,ichimoku_cloud_bull,oos,1813,0.03364589
h4,bull,1,bb_expand,span_model_bull,disc,6820,0.05073314
h4,bull,1,bb_expand,span_model_bull,val,1773,0.05527355
h4,bull,1,bb_expand,span_model_bull,oos,1380,0.02681159
h4,bull,1,bb_expand,bb_bull,disc,9420,0.05127389
h4,bull,1,bb_expand,bb_bull,val,2416,0.05546358
h4,bull,1,bb_expand,bb_bull,oos,1816,0.03138767
h4,bull,1,bb_expand,bb_upper,disc,8435,0.04979253
h4,bull,1,bb_expand,bb_upper,val,2177,0.05604042
h4,bull,1,bb_expand,bb_upper,oos,1638,0.03052503
h4,bull,1,bb_expand,superbb_bull,disc,290,0.08620690
h4,bull,1,bb_expand,superbb_bull,val,65,0.15384615
h4,bull,1,bb_expand,superbb_bull,oos,53,0.07547170
h4,bull,1,bb_expand,superbb_squeeze,disc,1706,0.04982415
h4,bull,1,bb_expand,superbb_squeeze,val,431,0.03944316
h4,bull,1,bb_expand,superbb_squeeze,oos,296,0.03716216
h4,bull,1,bb_expand,superbb_expand,disc,18448,0.05729618
h4,bull,1,bb_expand,superbb_expand,val,4476,0.05786416
h4,bull,1,bb_expand,superbb_expand,oos,3307,0.03658905
h4,bull,1,bb_expand,stoch_bull,disc,9151,0.05638728
h4,bull,1,bb_expand,stoch_bull,val,2266,0.06443071
h4,bull,1,bb_expand,stoch_bull,oos,1640,0.03536585
h4,bull,1,bb_expand,stoch_cross_up,disc,4018,0.06222001
h4,bull,1,bb_expand,stoch_cross_up,val,989,0.05965622
h4,bull,1,bb_expand,stoch_cross_up,oos,675,0.03259259
h4,bull,1,bb_expand,stoch_recover_up,disc,1389,0.05759539
h4,bull,1,bb_expand,stoch_recover_up,val,364,0.04395604
h4,bull,1,bb_expand,stoch_recover_up,oos,254,0.01968504
h4,bull,1,bb_expand,rci_bull,disc,9511,0.05225528
h4,bull,1,bb_expand,rci_bull,val,2416,0.05463576
h4,bull,1,bb_expand,rci_bull,oos,1833,0.03546099
h4,bull,1,bb_expand,rci_strong_bull,disc,5381,0.05091990
h4,bull,1,bb_expand,rci_strong_bull,val,1297,0.04857363
h4,bull,1,bb_expand,rci_strong_bull,oos,1045,0.02679426
h4,bull,1,bb_expand,rci_cross_up,disc,277,0.04332130
h4,bull,1,bb_expand,rci_cross_up,val,69,0.05797101
h4,bull,1,bb_expand,rci_cross_up,oos,67,0.02985075
h4,bull,1,bb_expand,dmi_adx_bull,disc,4195,0.05816448
h4,bull,1,bb_expand,dmi_adx_bull,val,901,0.05549390
h4,bull,1,bb_expand,dmi_adx_bull,oos,703,0.02418208
h4,bull,1,bb_expand,dmi_adx_strong_bull,disc,7157,0.05113875
h4,bull,1,bb_expand,dmi_adx_strong_bull,val,1750,0.05828571
h4,bull,1,bb_expand,dmi_adx_strong_bull,oos,1249,0.03442754
h4,bull,1,bb_expand,fib_above382,disc,8229,0.05128205
h4,bull,1,bb_expand,fib_above382,val,2129,0.05495538
h4,bull,1,bb_expand,fib_above382,oos,1607,0.02613566
h4,bull,1,bb_expand,fib_above500,disc,9503,0.05272019
h4,bull,1,bb_expand,fib_above500,val,2490,0.05341365
h4,bull,1,bb_expand,fib_above500,oos,1852,0.02861771
h4,bull,1,bb_expand,fib_above618,disc,10712,0.05246453
h4,bull,1,bb_expand,fib_above618,val,2788,0.05380201
h4,bull,1,bb_expand,fib_above618,oos,2125,0.02964706
h4,bull,1,bb_expand,fib_time_zone,disc,6609,0.05764866
h4,bull,1,bb_expand,fib_time_zone,val,1614,0.05824040
h4,bull,1,bb_expand,fib_time_zone,oos,1168,0.03167808
h4,bull,1,bb_expand,fib_time_5,disc,3695,0.05439783
h4,bull,1,bb_expand,fib_time_5,val,889,0.05961755
h4,bull,1,bb_expand,fib_time_5,oos,672,0.03869048
h4,bull,1,bb_expand,fib_time_8,disc,2328,0.06572165
h4,bull,1,bb_expand,fib_time_8,val,590,0.06101695
h4,bull,1,bb_expand,fib_time_8,oos,411,0.02433090
h4,bull,1,bb_expand,fib_time_13,disc,1482,0.05600540
h4,bull,1,bb_expand,fib_time_13,val,363,0.06060606
h4,bull,1,bb_expand,fib_time_13,oos,253,0.02371542
h4,bull,1,bb_expand,fib_fan_up,disc,8229,0.05128205
h4,bull,1,bb_expand,fib_fan_up,val,2129,0.05495538
h4,bull,1,bb_expand,fib_fan_up,oos,1607,0.02613566
h4,bull,1,bb_expand,fib_arc_bull,disc,9503,0.05272019
h4,bull,1,bb_expand,fib_arc_bull,val,2490,0.05341365
h4,bull,1,bb_expand,fib_arc_bull,oos,1852,0.02861771
h4,bull,1,bb_expand,trendline_up,disc,9488,0.05227656
h4,bull,1,bb_expand,trendline_up,val,2416,0.05546358
h4,bull,1,bb_expand,trendline_up,oos,1830,0.03333333
h4,bull,1,bb_expand,channel_upper,disc,7769,0.05071438
h4,bull,1,bb_expand,channel_upper,val,1998,0.05905906
h4,bull,1,bb_expand,channel_upper,oos,1499,0.03335557
h4,bull,1,bb_expand,channel_mid_bull,disc,9444,0.05050826
h4,bull,1,bb_expand,channel_mid_bull,val,2414,0.05426678
h4,bull,1,bb_expand,channel_mid_bull,oos,1838,0.03264418
h4,bull,1,bb_expand,channel_breakout_up,disc,2976,0.06552419
h4,bull,1,bb_expand,channel_breakout_up,val,728,0.06043956
h4,bull,1,bb_expand,channel_breakout_up,oos,581,0.04302926
h4,bull,1,bb_expand,horizontal_resistance_near,disc,2840,0.06126761
h4,bull,1,bb_expand,horizontal_resistance_near,val,675,0.05777778
h4,bull,1,bb_expand,horizontal_resistance_near,oos,563,0.03374778
h4,bull,1,bb_expand,horizontal_support_near,disc,2384,0.06879195
h4,bull,1,bb_expand,horizontal_support_near,val,461,0.08893709
h4,bull,1,bb_expand,horizontal_support_near,oos,356,0.07865169
h4,bull,1,bb_expand,horizontal_break_up,disc,1916,0.06837161
h4,bull,1,bb_expand,horizontal_break_up,val,443,0.05869074
h4,bull,1,bb_expand,horizontal_break_up,oos,388,0.04123711
h4,bull,1,bb_expand,vertical_session,disc,11941,0.05518801
h4,bull,1,bb_expand,vertical_session,val,2899,0.05105209
h4,bull,1,bb_expand,vertical_session,oos,2105,0.03372922
h4,bull,1,bb_expand,vertical_day_open,disc,2999,0.04501501
h4,bull,1,bb_expand,vertical_day_open,val,749,0.04138852
h4,bull,1,bb_expand,vertical_day_open,oos,548,0.02007299
h4,bull,1,bb_expand,vertical_week_open,disc,453,0.04635762
h4,bull,1,bb_expand,vertical_week_open,val,109,0.04587156
h4,bull,1,bb_expand,vertical_week_open,oos,97,0.04123711
h4,bull,1,bb_expand,rectangle_range,disc,5062,0.05452390
h4,bull,1,bb_expand,rectangle_range,val,1303,0.04451266
h4,bull,1,bb_expand,rectangle_range,oos,1012,0.03458498
h4,bull,1,bb_expand,triangle_breakout_up,disc,108,0.07407407
h4,bull,1,bb_expand,triangle_breakout_up,val,12,0.08333333
h4,bull,1,bb_expand,triangle_breakout_up,oos,17,0.00000000
h4,bull,1,bb_expand,ellipse_compression,disc,249,0.05622490
h4,bull,1,bb_expand,ellipse_compression,val,29,0.00000000
h4,bull,1,bb_expand,ellipse_compression,oos,16,0.06250000
h4,bull,1,bb_expand,elliott_wave2_bull,disc,401,0.07730673
h4,bull,1,bb_expand,elliott_wave2_bull,val,104,0.04807692
h4,bull,1,bb_expand,elliott_wave2_bull,oos,68,0.05882353
h4,bull,1,bb_expand,elliott_wave3_bull,disc,1990,0.06281407
h4,bull,1,bb_expand,elliott_wave3_bull,val,458,0.05895197
h4,bull,1,bb_expand,elliott_wave3_bull,oos,360,0.06111111
h4,bull,1,bb_expand,elliott_wave4_bull,disc,1048,0.04961832
h4,bull,1,bb_expand,elliott_wave4_bull,val,290,0.03793103
h4,bull,1,bb_expand,elliott_wave4_bull,oos,216,0.02314815
h4,bull,1,bb_expand,elliott_wave5_bull,disc,2478,0.06093624
h4,bull,1,bb_expand,elliott_wave5_bull,val,577,0.05025997
h4,bull,1,bb_expand,elliott_wave5_bull,oos,489,0.04498978
h4,bull,1,bb_expand,elliott_impulse_bull,disc,2779,0.06189277
h4,bull,1,bb_expand,elliott_impulse_bull,val,666,0.05255255
h4,bull,1,bb_expand,elliott_impulse_bull,oos,538,0.04832714
h4,bull,1,bb_expand,elliott_pullback_bull,disc,1449,0.05728088
h4,bull,1,bb_expand,elliott_pullback_bull,val,394,0.04060914
h4,bull,1,bb_expand,elliott_pullback_bull,oos,284,0.03169014
h4,bull,1,bb_expand,range_compression,disc,11580,0.05310881
h4,bull,1,bb_expand,range_compression,val,2877,0.05943691
h4,bull,1,bb_expand,range_compression,oos,2080,0.03846154
h4,bull,1,bb_expand,range_tight,disc,1007,0.06454816
h4,bull,1,bb_expand,range_tight,val,264,0.04924242
h4,bull,1,bb_expand,range_tight,oos,214,0.06542056
h4,bull,1,bb_expand,inside_bar,disc,3077,0.04192395
h4,bull,1,bb_expand,inside_bar,val,682,0.03519062
h4,bull,1,bb_expand,inside_bar,oos,547,0.02376600
h4,bull,1,bb_expand,inside_2,disc,444,0.04504505
h4,bull,1,bb_expand,inside_2,val,67,0.02985075
h4,bull,1,bb_expand,inside_2,oos,49,0.04081633
h4,bull,1,bb_expand,nr7,disc,2408,0.02906977
h4,bull,1,bb_expand,nr7,val,612,0.03104575
h4,bull,1,bb_expand,nr7,oos,380,0.03684211
h4,bull,1,bb_expand,nr4,disc,5211,0.03089618
h4,bull,1,bb_expand,nr4,val,1286,0.03499222
h4,bull,1,bb_expand,nr4,oos,880,0.03295455
h4,bull,1,bb_expand,breakout_up20,disc,2976,0.06552419
h4,bull,1,bb_expand,breakout_up20,val,728,0.06043956
h4,bull,1,bb_expand,breakout_up20,oos,581,0.04302926
h4,bull,1,bb_expand,retest_up,disc,2973,0.06525395
h4,bull,1,bb_expand,retest_up,val,720,0.05416667
h4,bull,1,bb_expand,retest_up,oos,577,0.04332756
h4,bull,1,bb_expand,squeeze_release_up,disc,273,0.07692308
h4,bull,1,bb_expand,squeeze_release_up,val,60,0.08333333
h4,bull,1,bb_expand,squeeze_release_up,oos,45,0.06666667
h4,bull,1,bb_expand,pin_bull,disc,348,0.14367816
h4,bull,1,bb_expand,pin_bull,val,86,0.16279070
h4,bull,1,bb_expand,pin_bull,oos,64,0.07812500
h4,bull,1,bb_expand,engulf_bull,disc,1327,0.07008289
h4,bull,1,bb_expand,engulf_bull,val,304,0.04276316
h4,bull,1,bb_expand,engulf_bull,oos,192,0.01562500
h4,bull,1,bb_expand,strong_close_bull,disc,3503,0.05852127
h4,bull,1,bb_expand,strong_close_bull,val,939,0.06070288
h4,bull,1,bb_expand,strong_close_bull,oos,741,0.03913630
h4,bull,1,bb_expand,gap_proxy_up,disc,82,0.06097561
h4,bull,1,bb_expand,gap_proxy_up,val,36,0.13888889
h4,bull,1,bb_expand,gap_proxy_up,oos,25,0.00000000
h4,bull,1,bb_expand,hh20,disc,5101,0.06077240
h4,bull,1,bb_expand,hh20,val,1298,0.06009245
h4,bull,1,bb_expand,hh20,oos,932,0.03326180
h4,bull,1,bb_expand,structure_bull_transition,disc,6575,0.05551331
h4,bull,1,bb_expand,structure_bull_transition,val,1677,0.05247466
h4,bull,1,bb_expand,structure_bull_transition,oos,1246,0.03691814
h4,bull,1,bb_expand,compression,disc,779,0.06290116
h4,bull,1,bb_expand,compression,val,133,0.03759398
h4,bull,1,bb_expand,compression,oos,96,0.02083333
h4,bull,1,bb_expand,shape_triangle_proxy,disc,729,0.06172840
h4,bull,1,bb_expand,shape_triangle_proxy,val,124,0.04032258
h4,bull,1,bb_expand,shape_triangle_proxy,oos,96,0.02083333
h4,bull,1,adx25,sma20_bull,disc,17145,0.05161855
h4,bull,1,adx25,sma20_bull,val,3964,0.04616549
h4,bull,1,adx25,sma20_bull,oos,3011,0.02391232
h4,bull,1,adx25,sma50_bull,disc,16313,0.05014406
h4,bull,1,adx25,sma50_bull,val,3852,0.04361371
h4,bull,1,adx25,sma50_bull,oos,2656,0.01769578
h4,bull,1,adx25,sma200_bull,disc,17145,0.05266842
h4,bull,1,adx25,sma200_bull,val,4185,0.04324970
h4,bull,1,adx25,sma200_bull,oos,2903,0.01825698
h4,bull,1,adx25,sma_stack_bull,disc,11197,0.05635438
h4,bull,1,adx25,sma_stack_bull,val,2723,0.04260007
h4,bull,1,adx25,sma_stack_bull,oos,1708,0.01814988
h4,bull,1,adx25,ichimoku_bull,disc,15364,0.05057277
h4,bull,1,adx25,ichimoku_bull,val,3581,0.04244624
h4,bull,1,adx25,ichimoku_bull,oos,2435,0.01601643
h4,bull,1,adx25,ichimoku_tk_bull,disc,16255,0.05118425
h4,bull,1,adx25,ichimoku_tk_bull,val,3798,0.04370721
h4,bull,1,adx25,ichimoku_tk_bull,oos,2674,0.02430815
h4,bull,1,adx25,ichimoku_cloud_bull,disc,17344,0.05644603
h4,bull,1,adx25,ichimoku_cloud_bull,val,4055,0.05302096
h4,bull,1,adx25,ichimoku_cloud_bull,oos,3447,0.02959095
h4,bull,1,adx25,span_model_bull,disc,13663,0.05042816
h4,bull,1,adx25,span_model_bull,val,3182,0.04305468
h4,bull,1,adx25,span_model_bull,oos,2098,0.01715920
h4,bull,1,adx25,bb_bull,disc,17145,0.05161855
h4,bull,1,adx25,bb_bull,val,3965,0.04615385
h4,bull,1,adx25,bb_bull,oos,3011,0.02391232
h4,bull,1,adx25,bb_upper,disc,8017,0.05276288
h4,bull,1,adx25,bb_upper,val,1846,0.04875406
h4,bull,1,adx25,bb_upper,oos,1392,0.02658046
h4,bull,1,adx25,superbb_bull,disc,138,0.09420290
h4,bull,1,adx25,superbb_bull,val,27,0.25925926
h4,bull,1,adx25,superbb_bull,oos,14,0.00000000
h4,bull,1,adx25,superbb_squeeze,disc,4801,0.03561758
h4,bull,1,adx25,superbb_squeeze,val,1061,0.03770028
h4,bull,1,adx25,superbb_squeeze,oos,682,0.02785924
h4,bull,1,adx25,superbb_expand,disc,8825,0.06900850
h4,bull,1,adx25,superbb_expand,val,1909,0.06181247
h4,bull,1,adx25,superbb_expand,oos,1557,0.03468208
h4,bull,1,adx25,stoch_bull,disc,17362,0.05736666
h4,bull,1,adx25,stoch_bull,val,3944,0.05806288
h4,bull,1,adx25,stoch_bull,oos,3160,0.03481013
h4,bull,1,adx25,stoch_cross_up,disc,6838,0.06039778
h4,bull,1,adx25,stoch_cross_up,val,1553,0.05408886
h4,bull,1,adx25,stoch_cross_up,oos,1189,0.03532380
h4,bull,1,adx25,stoch_recover_up,disc,2284,0.05954466
h4,bull,1,adx25,stoch_recover_up,val,550,0.06363636
h4,bull,1,adx25,stoch_recover_up,oos,384,0.03645833
h4,bull,1,adx25,rci_bull,disc,17450,0.05323782
h4,bull,1,adx25,rci_bull,val,3997,0.04678509
h4,bull,1,adx25,rci_bull,oos,3061,0.02580856
h4,bull,1,adx25,rci_strong_bull,disc,6672,0.05230815
h4,bull,1,adx25,rci_strong_bull,val,1570,0.04012739
h4,bull,1,adx25,rci_strong_bull,oos,1198,0.02170284
h4,bull,1,adx25,rci_cross_up,disc,1027,0.05160662
h4,bull,1,adx25,rci_cross_up,val,228,0.04385965
h4,bull,1,adx25,rci_cross_up,oos,206,0.00970874
h4,bull,1,adx25,dmi_adx_bull,disc,15804,0.05144267
h4,bull,1,adx25,dmi_adx_bull,val,3610,0.04404432
h4,bull,1,adx25,dmi_adx_bull,oos,2426,0.02102226
h4,bull,1,adx25,dmi_adx_strong_bull,disc,8341,0.04771610
h4,bull,1,adx25,dmi_adx_strong_bull,val,1891,0.04547858
h4,bull,1,adx25,dmi_adx_strong_bull,oos,1237,0.02182700
h4,bull,1,adx25,fib_above382,disc,14557,0.05035378
h4,bull,1,adx25,fib_above382,val,3470,0.04207493
h4,bull,1,adx25,fib_above382,oos,2332,0.01629503
h4,bull,1,adx25,fib_above500,disc,16602,0.05113842
h4,bull,1,adx25,fib_above500,val,3873,0.04311903
h4,bull,1,adx25,fib_above500,oos,2725,0.01871560
h4,bull,1,adx25,fib_above618,disc,18861,0.05291342
h4,bull,1,adx25,fib_above618,val,4390,0.04715262
h4,bull,1,adx25,fib_above618,oos,3221,0.02142192
h4,bull,1,adx25,fib_time_zone,disc,12264,0.05748532
h4,bull,1,adx25,fib_time_zone,val,2784,0.05028736
h4,bull,1,adx25,fib_time_zone,oos,2177,0.03536977
h4,bull,1,adx25,fib_time_5,disc,6929,0.05614086
h4,bull,1,adx25,fib_time_5,val,1566,0.05236271
h4,bull,1,adx25,fib_time_5,oos,1235,0.03805668
h4,bull,1,adx25,fib_time_8,disc,4328,0.06053604
h4,bull,1,adx25,fib_time_8,val,987,0.05065856
h4,bull,1,adx25,fib_time_8,oos,763,0.03276540
h4,bull,1,adx25,fib_time_13,disc,2681,0.05669526
h4,bull,1,adx25,fib_time_13,val,610,0.04426230
h4,bull,1,adx25,fib_time_13,oos,468,0.02564103
h4,bull,1,adx25,fib_fan_up,disc,14557,0.05035378
h4,bull,1,adx25,fib_fan_up,val,3470,0.04207493
h4,bull,1,adx25,fib_fan_up,oos,2332,0.01629503
h4,bull,1,adx25,fib_arc_bull,disc,16602,0.05113842
h4,bull,1,adx25,fib_arc_bull,val,3873,0.04311903
h4,bull,1,adx25,fib_arc_bull,oos,2725,0.01871560
h4,bull,1,adx25,trendline_up,disc,16925,0.05169867
h4,bull,1,adx25,trendline_up,val,3915,0.04546616
h4,bull,1,adx25,trendline_up,oos,2886,0.02564103
h4,bull,1,adx25,channel_upper,disc,9717,0.05166204
h4,bull,1,adx25,channel_upper,val,2182,0.04720440
h4,bull,1,adx25,channel_upper,oos,1585,0.02649842
h4,bull,1,adx25,channel_mid_bull,disc,17384,0.05223194
h4,bull,1,adx25,channel_mid_bull,val,4052,0.04392892
h4,bull,1,adx25,channel_mid_bull,oos,3109,0.02412351
h4,bull,1,adx25,channel_breakout_up,disc,2351,0.07358571
h4,bull,1,adx25,channel_breakout_up,val,527,0.07210626
h4,bull,1,adx25,channel_breakout_up,oos,366,0.03825137
h4,bull,1,adx25,horizontal_resistance_near,disc,2807,0.06697542
h4,bull,1,adx25,horizontal_resistance_near,val,610,0.05409836
h4,bull,1,adx25,horizontal_resistance_near,oos,410,0.02195122
h4,bull,1,adx25,horizontal_support_near,disc,2589,0.07145616
h4,bull,1,adx25,horizontal_support_near,val,473,0.08879493
h4,bull,1,adx25,horizontal_support_near,oos,409,0.07090465
h4,bull,1,adx25,horizontal_break_up,disc,1797,0.07623817
h4,bull,1,adx25,horizontal_break_up,val,374,0.06951872
h4,bull,1,adx25,horizontal_break_up,oos,252,0.02380952
h4,bull,1,adx25,vertical_session,disc,22392,0.05564487
h4,bull,1,adx25,vertical_session,val,5053,0.05422521
h4,bull,1,adx25,vertical_session,oos,3953,0.03136858
h4,bull,1,adx25,vertical_day_open,disc,5596,0.05218013
h4,bull,1,adx25,vertical_day_open,val,1271,0.04169945
h4,bull,1,adx25,vertical_day_open,oos,994,0.02816901
h4,bull,1,adx25,vertical_week_open,disc,1100,0.05727273
h4,bull,1,adx25,vertical_week_open,val,247,0.06072874
h4,bull,1,adx25,vertical_week_open,oos,210,0.04761905
h4,bull,1,adx25,rectangle_range,disc,15703,0.05069095
h4,bull,1,adx25,rectangle_range,val,3733,0.04661130
h4,bull,1,adx25,rectangle_range,oos,2936,0.02554496
h4,bull,1,adx25,triangle_breakout_up,disc,145,0.11034483
h4,bull,1,adx25,triangle_breakout_up,val,20,0.10000000
h4,bull,1,adx25,triangle_breakout_up,oos,17,0.05882353
h4,bull,1,adx25,ellipse_compression,disc,2108,0.03842505
h4,bull,1,adx25,ellipse_compression,val,335,0.05671642
h4,bull,1,adx25,ellipse_compression,oos,344,0.03779070
h4,bull,1,adx25,elliott_wave2_bull,disc,2900,0.05689655
h4,bull,1,adx25,elliott_wave2_bull,val,740,0.04459459
h4,bull,1,adx25,elliott_wave2_bull,oos,553,0.02712477
h4,bull,1,adx25,elliott_wave3_bull,disc,2126,0.06585136
h4,bull,1,adx25,elliott_wave3_bull,val,451,0.06651885
h4,bull,1,adx25,elliott_wave3_bull,oos,322,0.03105590
h4,bull,1,adx25,elliott_wave4_bull,disc,2809,0.05731577
h4,bull,1,adx25,elliott_wave4_bull,val,712,0.02528090
h4,bull,1,adx25,elliott_wave4_bull,oos,529,0.02835539
h4,bull,1,adx25,elliott_wave5_bull,disc,2470,0.07165992
h4,bull,1,adx25,elliott_wave5_bull,val,530,0.06981132
h4,bull,1,adx25,elliott_wave5_bull,oos,423,0.04255319
h4,bull,1,adx25,elliott_impulse_bull,disc,3097,0.06942202
h4,bull,1,adx25,elliott_impulse_bull,val,679,0.07069219
h4,bull,1,adx25,elliott_impulse_bull,oos,525,0.03809524
h4,bull,1,adx25,elliott_pullback_bull,disc,5709,0.05710282
h4,bull,1,adx25,elliott_pullback_bull,val,1452,0.03512397
h4,bull,1,adx25,elliott_pullback_bull,oos,1082,0.02772643
h4,bull,1,adx25,range_compression,disc,28739,0.05483837
h4,bull,1,adx25,range_compression,val,6678,0.05555556
h4,bull,1,adx25,range_compression,oos,5168,0.03289474
h4,bull,1,adx25,range_tight,disc,994,0.04426559
h4,bull,1,adx25,range_tight,val,271,0.02952030
h4,bull,1,adx25,range_tight,oos,189,0.05820106
h4,bull,1,adx25,inside_bar,disc,5859,0.04215736
h4,bull,1,adx25,inside_bar,val,1208,0.04221854
h4,bull,1,adx25,inside_bar,oos,991,0.02119072
h4,bull,1,adx25,inside_2,disc,854,0.03395785
h4,bull,1,adx25,inside_2,val,140,0.07142857
h4,bull,1,adx25,inside_2,oos,112,0.02678571
h4,bull,1,adx25,nr7,disc,5536,0.03305636
h4,bull,1,adx25,nr7,val,1217,0.02711586
h4,bull,1,adx25,nr7,oos,934,0.02569593
h4,bull,1,adx25,nr4,disc,10139,0.03116678
h4,bull,1,adx25,nr4,val,2181,0.03071985
h4,bull,1,adx25,nr4,oos,1736,0.02419355
h4,bull,1,adx25,breakout_up20,disc,2351,0.07358571
h4,bull,1,adx25,breakout_up20,val,527,0.07210626
h4,bull,1,adx25,breakout_up20,oos,366,0.03825137
h4,bull,1,adx25,retest_up,disc,2349,0.07322265
h4,bull,1,adx25,retest_up,val,523,0.06692161
h4,bull,1,adx25,retest_up,oos,362,0.03867403
h4,bull,1,adx25,squeeze_release_up,disc,176,0.10227273
h4,bull,1,adx25,squeeze_release_up,val,47,0.14893617
h4,bull,1,adx25,squeeze_release_up,oos,27,0.00000000
h4,bull,1,adx25,pin_bull,disc,588,0.15646259
h4,bull,1,adx25,pin_bull,val,149,0.12751678
h4,bull,1,adx25,pin_bull,oos,130,0.05384615
h4,bull,1,adx25,engulf_bull,disc,2660,0.06203008
h4,bull,1,adx25,engulf_bull,val,589,0.05772496
h4,bull,1,adx25,engulf_bull,oos,444,0.02477477
h4,bull,1,adx25,strong_close_bull,disc,6039,0.05712866
h4,bull,1,adx25,strong_close_bull,val,1442,0.05686546
h4,bull,1,adx25,strong_close_bull,oos,1156,0.02768166
h4,bull,1,adx25,gap_proxy_up,disc,179,0.06145251
h4,bull,1,adx25,gap_proxy_up,val,42,0.09523810
h4,bull,1,adx25,gap_proxy_up,oos,27,0.00000000
h4,bull,1,adx25,hh20,disc,4516,0.06554473
h4,bull,1,adx25,hh20,val,1039,0.05486044
h4,bull,1,adx25,hh20,oos,719,0.02642559
h4,bull,1,adx25,structure_bull_transition,disc,11589,0.05833118
h4,bull,1,adx25,structure_bull_transition,val,2636,0.05311077
h4,bull,1,adx25,structure_bull_transition,oos,2131,0.02862506
h4,bull,1,adx25,compression,disc,4456,0.06193896
h4,bull,1,adx25,compression,val,932,0.07081545
h4,bull,1,adx25,compression,oos,745,0.03624161
h4,bull,1,adx25,shape_triangle_proxy,disc,3993,0.04658152
h4,bull,1,adx25,shape_triangle_proxy,val,854,0.06440281
h4,bull,1,adx25,shape_triangle_proxy,oos,675,0.03555556
h4,bull,1,body_bull,sma20_bull,disc,8705,0.05709362
h4,bull,1,body_bull,sma20_bull,val,2123,0.05181347
h4,bull,1,body_bull,sma20_bull,oos,1603,0.02994386
h4,bull,1,body_bull,sma50_bull,disc,7842,0.05598062
h4,bull,1,body_bull,sma50_bull,val,1958,0.04443309
h4,bull,1,body_bull,sma50_bull,oos,1505,0.03122924
h4,bull,1,body_bull,sma200_bull,disc,6987,0.05467296
h4,bull,1,body_bull,sma200_bull,val,1985,0.04231738
h4,bull,1,body_bull,sma200_bull,oos,1380,0.02681159
h4,bull,1,body_bull,sma_stack_bull,disc,4005,0.05493134
h4,bull,1,body_bull,sma_stack_bull,val,1075,0.03720930
h4,bull,1,body_bull,sma_stack_bull,oos,821,0.02801462
h4,bull,1,body_bull,ichimoku_bull,disc,6650,0.05593985
h4,bull,1,body_bull,ichimoku_bull,val,1671,0.04129264
h4,bull,1,body_bull,ichimoku_bull,oos,1325,0.02716981
h4,bull,1,body_bull,ichimoku_tk_bull,disc,6345,0.05642238
h4,bull,1,body_bull,ichimoku_tk_bull,val,1560,0.04551282
h4,bull,1,body_bull,ichimoku_tk_bull,oos,1217,0.03368940
h4,bull,1,body_bull,ichimoku_cloud_bull,disc,6175,0.05668016
h4,bull,1,body_bull,ichimoku_cloud_bull,val,1638,0.05128205
h4,bull,1,body_bull,ichimoku_cloud_bull,oos,1240,0.02580645
h4,bull,1,body_bull,span_model_bull,disc,5093,0.05851168
h4,bull,1,body_bull,span_model_bull,val,1242,0.04267311
h4,bull,1,body_bull,span_model_bull,oos,1005,0.02686567
h4,bull,1,body_bull,bb_bull,disc,8705,0.05709362
h4,bull,1,body_bull,bb_bull,val,2123,0.05181347
h4,bull,1,body_bull,bb_bull,oos,1603,0.02994386
h4,bull,1,body_bull,bb_upper,disc,5516,0.06399565
h4,bull,1,body_bull,bb_upper,val,1349,0.05559674
h4,bull,1,body_bull,bb_upper,oos,1000,0.03400000
h4,bull,1,body_bull,superbb_bull,disc,332,0.09036145
h4,bull,1,body_bull,superbb_bull,val,68,0.13235294
h4,bull,1,body_bull,superbb_bull,oos,54,0.05555556
h4,bull,1,body_bull,superbb_squeeze,disc,2489,0.04700683
h4,bull,1,body_bull,superbb_squeeze,val,614,0.03745928
h4,bull,1,body_bull,superbb_squeeze,oos,452,0.03318584
h4,bull,1,body_bull,superbb_expand,disc,3247,0.06713890
h4,bull,1,body_bull,superbb_expand,val,801,0.06117353
h4,bull,1,body_bull,superbb_expand,oos,624,0.04487179
h4,bull,1,body_bull,stoch_bull,disc,11569,0.05575244
h4,bull,1,body_bull,stoch_bull,val,2815,0.05150977
h4,bull,1,body_bull,stoch_bull,oos,2111,0.03221222
h4,bull,1,body_bull,stoch_cross_up,disc,5606,0.05155191
h4,bull,1,body_bull,stoch_cross_up,val,1442,0.03814147
h4,bull,1,body_bull,stoch_cross_up,oos,1002,0.02095808
h4,bull,1,body_bull,stoch_recover_up,disc,2027,0.04933399
h4,bull,1,body_bull,stoch_recover_up,val,537,0.04841713
h4,bull,1,body_bull,stoch_recover_up,oos,336,0.02678571
h4,bull,1,body_bull,rci_bull,disc,6942,0.05661193
h4,bull,1,body_bull,rci_bull,val,1676,0.05250597
h4,bull,1,body_bull,rci_bull,oos,1285,0.02879377
h4,bull,1,body_bull,rci_strong_bull,disc,2245,0.06057906
h4,bull,1,body_bull,rci_strong_bull,val,501,0.04790419
h4,bull,1,body_bull,rci_strong_bull,oos,442,0.02036199
h4,bull,1,body_bull,rci_cross_up,disc,736,0.05434783
h4,bull,1,body_bull,rci_cross_up,val,164,0.07926829
h4,bull,1,body_bull,rci_cross_up,oos,134,0.02985075
h4,bull,1,body_bull,dmi_adx_bull,disc,2855,0.06584939
h4,bull,1,body_bull,dmi_adx_bull,val,613,0.04893964
h4,bull,1,body_bull,dmi_adx_bull,oos,429,0.03729604
h4,bull,1,body_bull,dmi_adx_strong_bull,disc,4163,0.06581792
h4,bull,1,body_bull,dmi_adx_strong_bull,val,957,0.06374086
h4,bull,1,body_bull,dmi_adx_strong_bull,oos,673,0.04011887
h4,bull,1,body_bull,fib_above382,disc,6591,0.05689577
h4,bull,1,body_bull,fib_above382,val,1659,0.04520796
h4,bull,1,body_bull,fib_above382,oos,1286,0.02877138
h4,bull,1,body_bull,fib_above500,disc,7802,0.05601128
h4,bull,1,body_bull,fib_above500,val,1942,0.04428424
h4,bull,1,body_bull,fib_above500,oos,1525,0.03147541
h4,bull,1,body_bull,fib_above618,disc,9006,0.05718410
h4,bull,1,body_bull,fib_above618,val,2266,0.04501324
h4,bull,1,body_bull,fib_above618,oos,1729,0.03238866
h4,bull,1,body_bull,fib_time_zone,disc,4319,0.05649456
h4,bull,1,body_bull,fib_time_zone,val,1018,0.04223969
h4,bull,1,body_bull,fib_time_zone,oos,791,0.02402023
h4,bull,1,body_bull,fib_time_5,disc,2500,0.05280000
h4,bull,1,body_bull,fib_time_5,val,584,0.03424658
h4,bull,1,body_bull,fib_time_5,oos,431,0.03480278
h4,bull,1,body_bull,fib_time_8,disc,1450,0.06206897
h4,bull,1,body_bull,fib_time_8,val,343,0.04956268
h4,bull,1,body_bull,fib_time_8,oos,272,0.01102941
h4,bull,1,body_bull,fib_time_13,disc,972,0.05349794
h4,bull,1,body_bull,fib_time_13,val,234,0.03846154
h4,bull,1,body_bull,fib_time_13,oos,190,0.01052632
h4,bull,1,body_bull,fib_fan_up,disc,6591,0.05689577
h4,bull,1,body_bull,fib_fan_up,val,1659,0.04520796
h4,bull,1,body_bull,fib_fan_up,oos,1286,0.02877138
h4,bull,1,body_bull,fib_arc_bull,disc,7802,0.05601128
h4,bull,1,body_bull,fib_arc_bull,val,1942,0.04428424
h4,bull,1,body_bull,fib_arc_bull,oos,1525,0.03147541
h4,bull,1,body_bull,trendline_up,disc,6687,0.05772394
h4,bull,1,body_bull,trendline_up,val,1620,0.04814815
h4,bull,1,body_bull,trendline_up,oos,1272,0.02751572
h4,bull,1,body_bull,channel_upper,disc,5529,0.06384518
h4,bull,1,body_bull,channel_upper,val,1362,0.05066079
h4,bull,1,body_bull,channel_upper,oos,1022,0.03424658
h4,bull,1,body_bull,channel_mid_bull,disc,8521,0.05750499
h4,bull,1,body_bull,channel_mid_bull,val,2122,0.04901037
h4,bull,1,body_bull,channel_mid_bull,oos,1623,0.03080715
h4,bull,1,body_bull,channel_breakout_up,disc,3053,0.07107763
h4,bull,1,body_bull,channel_breakout_up,val,715,0.06713287
h4,bull,1,body_bull,channel_breakout_up,oos,578,0.04152249
h4,bull,1,body_bull,horizontal_resistance_near,disc,2490,0.06666667
h4,bull,1,body_bull,horizontal_resistance_near,val,554,0.06137184
h4,bull,1,body_bull,horizontal_resistance_near,oos,482,0.03112033
h4,bull,1,body_bull,horizontal_break_up,disc,1976,0.06983806
h4,bull,1,body_bull,horizontal_break_up,val,438,0.06392694
h4,bull,1,body_bull,horizontal_break_up,oos,380,0.03421053
h4,bull,1,body_bull,vertical_session,disc,8197,0.05355618
h4,bull,1,body_bull,vertical_session,val,2034,0.04129794
h4,bull,1,body_bull,vertical_session,oos,1533,0.03261579
h4,bull,1,body_bull,vertical_day_open,disc,2067,0.04692791
h4,bull,1,body_bull,vertical_day_open,val,488,0.03483607
h4,bull,1,body_bull,vertical_day_open,oos,398,0.02512563
h4,bull,1,body_bull,vertical_week_open,disc,405,0.05679012
h4,bull,1,body_bull,vertical_week_open,val,87,0.04597701
h4,bull,1,body_bull,vertical_week_open,oos,105,0.03809524
h4,bull,1,body_bull,rectangle_range,disc,5793,0.04505438
h4,bull,1,body_bull,rectangle_range,val,1449,0.04209800
h4,bull,1,body_bull,rectangle_range,oos,1046,0.02676864
h4,bull,1,body_bull,triangle_breakout_up,disc,169,0.10650888
h4,bull,1,body_bull,triangle_breakout_up,val,23,0.13043478
h4,bull,1,body_bull,triangle_breakout_up,oos,26,0.00000000
h4,bull,1,body_bull,ellipse_compression,disc,352,0.06818182
h4,bull,1,body_bull,ellipse_compression,val,67,0.01492537
h4,bull,1,body_bull,ellipse_compression,oos,90,0.01111111
h4,bull,1,body_bull,elliott_wave2_bull,disc,452,0.06858407
h4,bull,1,body_bull,elliott_wave2_bull,val,115,0.02608696
h4,bull,1,body_bull,elliott_wave2_bull,oos,91,0.02197802
h4,bull,1,body_bull,elliott_wave3_bull,disc,2607,0.06022248
h4,bull,1,body_bull,elliott_wave3_bull,val,601,0.06156406
h4,bull,1,body_bull,elliott_wave3_bull,oos,423,0.05200946
h4,bull,1,body_bull,elliott_wave4_bull,disc,565,0.05132743
h4,bull,1,body_bull,elliott_wave4_bull,val,132,0.02272727
h4,bull,1,body_bull,elliott_wave4_bull,oos,92,0.03260870
h4,bull,1,body_bull,elliott_wave5_bull,disc,3024,0.06679894
h4,bull,1,body_bull,elliott_wave5_bull,val,667,0.06296852
h4,bull,1,body_bull,elliott_wave5_bull,oos,547,0.04387569
h4,bull,1,body_bull,elliott_impulse_bull,disc,3824,0.06433054
h4,bull,1,body_bull,elliott_impulse_bull,val,885,0.05762712
h4,bull,1,body_bull,elliott_impulse_bull,oos,678,0.04424779
h4,bull,1,body_bull,elliott_pullback_bull,disc,1017,0.05899705
h4,bull,1,body_bull,elliott_pullback_bull,val,247,0.02429150
h4,bull,1,body_bull,elliott_pullback_bull,oos,183,0.02732240
h4,bull,1,body_bull,range_compression,disc,9821,0.05416964
h4,bull,1,body_bull,range_compression,val,2386,0.04861693
h4,bull,1,body_bull,range_compression,oos,1785,0.02857143
h4,bull,1,body_bull,range_tight,disc,750,0.06533333
h4,bull,1,body_bull,range_tight,val,235,0.05531915
h4,bull,1,body_bull,range_tight,oos,167,0.06586826
h4,bull,1,body_bull,inside_bar,disc,1458,0.03086420
h4,bull,1,body_bull,inside_bar,val,317,0.02208202
h4,bull,1,body_bull,inside_bar,oos,236,0.01694915
h4,bull,1,body_bull,inside_2,disc,143,0.02097902
h4,bull,1,body_bull,inside_2,val,27,0.03703704
h4,bull,1,body_bull,inside_2,oos,13,0.00000000
h4,bull,1,body_bull,nr7,disc,780,0.02820513
h4,bull,1,body_bull,nr7,val,191,0.02094241
h4,bull,1,body_bull,nr7,oos,130,0.01538462
h4,bull,1,body_bull,nr4,disc,2032,0.02214567
h4,bull,1,body_bull,nr4,val,489,0.02044990
h4,bull,1,body_bull,nr4,oos,353,0.01699717
h4,bull,1,body_bull,breakout_up20,disc,3053,0.07107763
h4,bull,1,body_bull,breakout_up20,val,715,0.06713287
h4,bull,1,body_bull,breakout_up20,oos,578,0.04152249
h4,bull,1,body_bull,retest_up,disc,3053,0.07107763
h4,bull,1,body_bull,retest_up,val,714,0.06582633
h4,bull,1,body_bull,retest_up,oos,578,0.04152249
h4,bull,1,body_bull,squeeze_release_up,disc,427,0.07259953
h4,bull,1,body_bull,squeeze_release_up,val,100,0.08000000
h4,bull,1,body_bull,squeeze_release_up,oos,67,0.04477612
h4,bull,1,body_bull,engulf_bull,disc,3146,0.06230134
h4,bull,1,body_bull,engulf_bull,val,744,0.04569892
h4,bull,1,body_bull,engulf_bull,oos,510,0.02156863
h4,bull,1,body_bull,strong_close_bull,disc,7665,0.05466406
h4,bull,1,body_bull,strong_close_bull,val,1874,0.05336179
h4,bull,1,body_bull,strong_close_bull,oos,1424,0.02949438
h4,bull,1,body_bull,hh20,disc,3473,0.06852865
h4,bull,1,body_bull,hh20,val,808,0.06311881
h4,bull,1,body_bull,hh20,oos,654,0.04128440
h4,bull,1,body_bull,structure_bull_transition,disc,9877,0.05578617
h4,bull,1,body_bull,structure_bull_transition,val,2372,0.05101180
h4,bull,1,body_bull,structure_bull_transition,oos,1767,0.03282400
h4,bull,1,body_bull,compression,disc,1096,0.07116788
h4,bull,1,body_bull,compression,val,247,0.05668016
h4,bull,1,body_bull,compression,oos,225,0.03555556
h4,bull,1,body_bull,shape_triangle_proxy,disc,988,0.06275304
h4,bull,1,body_bull,shape_triangle_proxy,val,227,0.06167401
h4,bull,1,body_bull,shape_triangle_proxy,oos,203,0.03940887
h4,bull,3,volatility,sma20_bull,disc,11879,0.16937453
h4,bull,3,volatility,sma20_bull,val,2606,0.18649271
h4,bull,3,volatility,sma20_bull,oos,1873,0.12439936
h4,bull,3,volatility,sma50_bull,disc,11586,0.16217849
h4,bull,3,volatility,sma50_bull,val,2641,0.17076865
h4,bull,3,volatility,sma50_bull,oos,1754,0.11516534
h4,bull,3,volatility,sma200_bull,disc,12536,0.17653159
h4,bull,3,volatility,sma200_bull,val,3149,0.18100984
h4,bull,3,volatility,sma200_bull,oos,2011,0.13078071
h4,bull,3,volatility,sma_stack_bull,disc,7885,0.18046925
h4,bull,3,volatility,sma_stack_bull,val,1902,0.16456362
h4,bull,3,volatility,sma_stack_bull,oos,1350,0.12888889
h4,bull,3,volatility,ichimoku_bull,disc,10388,0.16701964
h4,bull,3,volatility,ichimoku_bull,val,2389,0.16366681
h4,bull,3,volatility,ichimoku_bull,oos,1650,0.11575758
h4,bull,3,volatility,ichimoku_tk_bull,disc,10970,0.16289881
h4,bull,3,volatility,ichimoku_tk_bull,val,2415,0.17267081
h4,bull,3,volatility,ichimoku_tk_bull,oos,1609,0.11684276
h4,bull,3,volatility,ichimoku_cloud_bull,disc,12314,0.18523632
h4,bull,3,volatility,ichimoku_cloud_bull,val,2992,0.18315508
h4,bull,3,volatility,ichimoku_cloud_bull,oos,2299,0.15093519
h4,bull,3,volatility,span_model_bull,disc,8000,0.16400000
h4,bull,3,volatility,span_model_bull,val,1853,0.16891527
h4,bull,3,volatility,span_model_bull,oos,1259,0.10881652
h4,bull,3,volatility,bb_bull,disc,11879,0.16937453
h4,bull,3,volatility,bb_bull,val,2606,0.18649271
h4,bull,3,volatility,bb_bull,oos,1873,0.12439936
h4,bull,3,volatility,bb_upper,disc,5526,0.15544698
h4,bull,3,volatility,bb_upper,val,1265,0.19841897
h4,bull,3,volatility,bb_upper,oos,855,0.13450292
h4,bull,3,volatility,superbb_bull,disc,165,0.15757576
h4,bull,3,volatility,superbb_bull,val,42,0.28571429
h4,bull,3,volatility,superbb_bull,oos,26,0.07692308
h4,bull,3,volatility,superbb_squeeze,disc,1824,0.14583333
h4,bull,3,volatility,superbb_squeeze,val,406,0.20935961
h4,bull,3,volatility,superbb_squeeze,oos,166,0.14457831
h4,bull,3,volatility,superbb_expand,disc,7176,0.18199554
h4,bull,3,volatility,superbb_expand,val,1540,0.22337662
h4,bull,3,volatility,superbb_expand,oos,1214,0.14991763
h4,bull,3,volatility,stoch_bull,disc,12601,0.18411237
h4,bull,3,volatility,stoch_bull,val,2709,0.20745663
h4,bull,3,volatility,stoch_bull,oos,2052,0.14717349
h4,bull,3,volatility,stoch_cross_up,disc,4942,0.18494537
h4,bull,3,volatility,stoch_cross_up,val,1102,0.20689655
h4,bull,3,volatility,stoch_cross_up,oos,785,0.15668790
h4,bull,3,volatility,stoch_recover_up,disc,1752,0.18378995
h4,bull,3,volatility,stoch_recover_up,val,414,0.21014493
h4,bull,3,volatility,stoch_recover_up,oos,281,0.17793594
h4,bull,3,volatility,rci_bull,disc,12055,0.17295728
h4,bull,3,volatility,rci_bull,val,2573,0.19160513
h4,bull,3,volatility,rci_bull,oos,1874,0.13713981
h4,bull,3,volatility,rci_strong_bull,disc,3515,0.16415363
h4,bull,3,volatility,rci_strong_bull,val,803,0.19551681
h4,bull,3,volatility,rci_strong_bull,oos,591,0.10829103
h4,bull,3,volatility,rci_cross_up,disc,901,0.18423973
h4,bull,3,volatility,rci_cross_up,val,184,0.21739130
h4,bull,3,volatility,rci_cross_up,oos,135,0.11851852
h4,bull,3,volatility,dmi_adx_bull,disc,5693,0.17653258
h4,bull,3,volatility,dmi_adx_bull,val,1223,0.17007359
h4,bull,3,volatility,dmi_adx_bull,oos,744,0.10618280
h4,bull,3,volatility,dmi_adx_strong_bull,disc,5037,0.15425849
h4,bull,3,volatility,dmi_adx_strong_bull,val,1167,0.20137104
h4,bull,3,volatility,dmi_adx_strong_bull,oos,759,0.12384717
h4,bull,3,volatility,fib_above382,disc,9278,0.16361285
h4,bull,3,volatility,fib_above382,val,2169,0.16320885
h4,bull,3,volatility,fib_above382,oos,1415,0.10883392
h4,bull,3,volatility,fib_above500,disc,11771,0.16583128
h4,bull,3,volatility,fib_above500,val,2731,0.17136580
h4,bull,3,volatility,fib_above500,oos,1808,0.11504425
h4,bull,3,volatility,fib_above618,disc,14349,0.16872256
h4,bull,3,volatility,fib_above618,val,3267,0.17783900
h4,bull,3,volatility,fib_above618,oos,2241,0.11735832
h4,bull,3,volatility,fib_time_zone,disc,8751,0.18237916
h4,bull,3,volatility,fib_time_zone,val,1887,0.20137785
h4,bull,3,volatility,fib_time_zone,oos,1393,0.15506102
h4,bull,3,volatility,fib_time_5,disc,4949,0.17740958
h4,bull,3,volatility,fib_time_5,val,1081,0.20629047
h4,bull,3,volatility,fib_time_5,oos,776,0.15592784
h4,bull,3,volatility,fib_time_8,disc,3083,0.19104768
h4,bull,3,volatility,fib_time_8,val,672,0.18750000
h4,bull,3,volatility,fib_time_8,oos,500,0.16000000
h4,bull,3,volatility,fib_time_13,disc,1908,0.18448637
h4,bull,3,volatility,fib_time_13,val,412,0.21601942
h4,bull,3,volatility,fib_time_13,oos,318,0.12578616
h4,bull,3,volatility,fib_fan_up,disc,9278,0.16361285
h4,bull,3,volatility,fib_fan_up,val,2169,0.16320885
h4,bull,3,volatility,fib_fan_up,oos,1415,0.10883392
h4,bull,3,volatility,fib_arc_bull,disc,11771,0.16583128
h4,bull,3,volatility,fib_arc_bull,val,2731,0.17136580
h4,bull,3,volatility,fib_arc_bull,oos,1808,0.11504425
h4,bull,3,volatility,trendline_up,disc,11851,0.16614632
h4,bull,3,volatility,trendline_up,val,2546,0.18224666
h4,bull,3,volatility,trendline_up,oos,1831,0.12452212
h4,bull,3,volatility,channel_upper,disc,6001,0.16713881
h4,bull,3,volatility,channel_upper,val,1367,0.18580834
h4,bull,3,volatility,channel_upper,oos,886,0.14108352
h4,bull,3,volatility,channel_mid_bull,disc,12039,0.16861866
h4,bull,3,volatility,channel_mid_bull,val,2671,0.18757020
h4,bull,3,volatility,channel_mid_bull,oos,1923,0.12376495
h4,bull,3,volatility,channel_breakout_up,disc,1720,0.17616279
h4,bull,3,volatility,channel_breakout_up,val,384,0.21614583
h4,bull,3,volatility,channel_breakout_up,oos,274,0.12773723
h4,bull,3,volatility,horizontal_resistance_near,disc,1767,0.17487267
h4,bull,3,volatility,horizontal_resistance_near,val,375,0.19466667
h4,bull,3,volatility,horizontal_resistance_near,oos,290,0.13103448
h4,bull,3,volatility,horizontal_support_near,disc,1899,0.19273302
h4,bull,3,volatility,horizontal_support_near,val,370,0.25135135
h4,bull,3,volatility,horizontal_support_near,oos,254,0.24015748
h4,bull,3,volatility,horizontal_break_up,disc,1153,0.18300087
h4,bull,3,volatility,horizontal_break_up,val,257,0.22957198
h4,bull,3,volatility,horizontal_break_up,oos,198,0.13131313
h4,bull,3,volatility,vertical_session,disc,16863,0.16491727
h4,bull,3,volatility,vertical_session,val,3600,0.19055556
h4,bull,3,volatility,vertical_session,oos,2636,0.14643399
h4,bull,3,volatility,vertical_day_open,disc,3522,0.24815446
h4,bull,3,volatility,vertical_day_open,val,783,0.26692209
h4,bull,3,volatility,vertical_day_open,oos,607,0.18451400
h4,bull,3,volatility,vertical_week_open,disc,649,0.25577812
h4,bull,3,volatility,vertical_week_open,val,146,0.33561644
h4,bull,3,volatility,vertical_week_open,oos,115,0.20000000
h4,bull,3,volatility,rectangle_range,disc,12571,0.17786970
h4,bull,3,volatility,rectangle_range,val,2847,0.20231823
h4,bull,3,volatility,rectangle_range,oos,2058,0.13654033
h4,bull,3,volatility,triangle_breakout_up,disc,74,0.37837838
h4,bull,3,volatility,triangle_breakout_up,val,8,0.00000000
h4,bull,3,volatility,triangle_breakout_up,oos,6,0.16666667
h4,bull,3,volatility,ellipse_compression,disc,802,0.20573566
h4,bull,3,volatility,ellipse_compression,val,113,0.16814159
h4,bull,3,volatility,ellipse_compression,oos,166,0.25301205
h4,bull,3,volatility,elliott_wave2_bull,disc,2208,0.19791667
h4,bull,3,volatility,elliott_wave2_bull,val,498,0.18072289
h4,bull,3,volatility,elliott_wave2_bull,oos,362,0.11049724
h4,bull,3,volatility,elliott_wave3_bull,disc,1933,0.15933782
h4,bull,3,volatility,elliott_wave3_bull,val,403,0.18362283
h4,bull,3,volatility,elliott_wave3_bull,oos,267,0.13483146
h4,bull,3,volatility,elliott_wave4_bull,disc,1974,0.17223911
h4,bull,3,volatility,elliott_wave4_bull,val,482,0.16804979
h4,bull,3,volatility,elliott_wave4_bull,oos,336,0.13392857
h4,bull,3,volatility,elliott_wave5_bull,disc,1859,0.15976331
h4,bull,3,volatility,elliott_wave5_bull,val,362,0.20994475
h4,bull,3,volatility,elliott_wave5_bull,oos,274,0.14233577
h4,bull,3,volatility,elliott_impulse_bull,disc,2493,0.16245487
h4,bull,3,volatility,elliott_impulse_bull,val,508,0.19488189
h4,bull,3,volatility,elliott_impulse_bull,oos,354,0.14124294
h4,bull,3,volatility,elliott_pullback_bull,disc,4182,0.18579627
h4,bull,3,volatility,elliott_pullback_bull,val,980,0.17448980
h4,bull,3,volatility,elliott_pullback_bull,oos,698,0.12177650
h4,bull,3,volatility,range_compression,disc,19039,0.18031409
h4,bull,3,volatility,range_compression,val,4097,0.19453258
h4,bull,3,volatility,range_compression,oos,3049,0.14529354
h4,bull,3,volatility,range_tight,disc,780,0.14487179
h4,bull,3,volatility,range_tight,val,250,0.24800000
h4,bull,3,volatility,range_tight,oos,143,0.25874126
h4,bull,3,volatility,inside_bar,disc,4466,0.18316167
h4,bull,3,volatility,inside_bar,val,876,0.18607306
h4,bull,3,volatility,inside_bar,oos,672,0.15327381
h4,bull,3,volatility,inside_2,disc,624,0.21634615
h4,bull,3,volatility,inside_2,val,78,0.23076923
h4,bull,3,volatility,inside_2,oos,80,0.22500000
h4,bull,3,volatility,nr7,disc,3155,0.19968304
h4,bull,3,volatility,nr7,val,709,0.19322990
h4,bull,3,volatility,nr7,oos,504,0.13690476
h4,bull,3,volatility,nr4,disc,6622,0.17562670
h4,bull,3,volatility,nr4,val,1394,0.17647059
h4,bull,3,volatility,nr4,oos,1023,0.14173998
h4,bull,3,volatility,breakout_up20,disc,1720,0.17616279
h4,bull,3,volatility,breakout_up20,val,384,0.21614583
h4,bull,3,volatility,breakout_up20,oos,274,0.12773723
h4,bull,3,volatility,retest_up,disc,1719,0.17568354
h4,bull,3,volatility,retest_up,val,378,0.20634921
h4,bull,3,volatility,retest_up,oos,270,0.12962963
h4,bull,3,volatility,squeeze_release_up,disc,58,0.10344828
h4,bull,3,volatility,squeeze_release_up,val,20,0.10000000
h4,bull,3,volatility,squeeze_release_up,oos,10,0.00000000
h4,bull,3,volatility,pin_bull,disc,479,0.41127349
h4,bull,3,volatility,pin_bull,val,119,0.33613445
h4,bull,3,volatility,pin_bull,oos,82,0.29268293
h4,bull,3,volatility,engulf_bull,disc,1900,0.18578947
h4,bull,3,volatility,engulf_bull,val,433,0.21016166
h4,bull,3,volatility,engulf_bull,oos,283,0.15547703
h4,bull,3,volatility,strong_close_bull,disc,4706,0.17870803
h4,bull,3,volatility,strong_close_bull,val,997,0.19458375
h4,bull,3,volatility,strong_close_bull,oos,773,0.13712807
h4,bull,3,volatility,gap_proxy_up,disc,132,0.25000000
h4,bull,3,volatility,gap_proxy_up,val,36,0.25000000
h4,bull,3,volatility,gap_proxy_up,oos,24,0.08333333
h4,bull,3,volatility,hh20,disc,3281,0.16184090
h4,bull,3,volatility,hh20,val,790,0.20379747
h4,bull,3,volatility,hh20,oos,491,0.12830957
h4,bull,3,volatility,structure_bull_transition,disc,8637,0.17807109
h4,bull,3,volatility,structure_bull_transition,val,1865,0.20375335
h4,bull,3,volatility,structure_bull_transition,oos,1431,0.14465409
h4,bull,3,volatility,compression,disc,2149,0.21312238
h4,bull,3,volatility,compression,val,419,0.14797136
h4,bull,3,volatility,compression,oos,382,0.19109948
h4,bull,3,volatility,shape_triangle_proxy,disc,1627,0.16472034
h4,bull,3,volatility,shape_triangle_proxy,val,361,0.11634349
h4,bull,3,volatility,shape_triangle_proxy,oos,319,0.19122257
h4,bull,3,atr_expand,sma20_bull,disc,2279,0.15357613
h4,bull,3,atr_expand,sma20_bull,val,449,0.18708241
h4,bull,3,atr_expand,sma20_bull,oos,311,0.10932476
h4,bull,3,atr_expand,sma50_bull,disc,2441,0.15403523
h4,bull,3,atr_expand,sma50_bull,val,456,0.18201754
h4,bull,3,atr_expand,sma50_bull,oos,334,0.11077844
h4,bull,3,atr_expand,sma200_bull,disc,2570,0.17470817
h4,bull,3,atr_expand,sma200_bull,val,471,0.21868365
h4,bull,3,atr_expand,sma200_bull,oos,360,0.12777778
h4,bull,3,atr_expand,sma_stack_bull,disc,1790,0.18994413
h4,bull,3,atr_expand,sma_stack_bull,val,285,0.21052632
h4,bull,3,atr_expand,sma_stack_bull,oos,257,0.14007782
h4,bull,3,atr_expand,ichimoku_bull,disc,2227,0.16928604
h4,bull,3,atr_expand,ichimoku_bull,val,404,0.17821782
h4,bull,3,atr_expand,ichimoku_bull,oos,321,0.10903427
h4,bull,3,atr_expand,ichimoku_tk_bull,disc,2078,0.15495669
h4,bull,3,atr_expand,ichimoku_tk_bull,val,406,0.19950739
h4,bull,3,atr_expand,ichimoku_tk_bull,oos,297,0.12121212
h4,bull,3,atr_expand,ichimoku_cloud_bull,disc,2671,0.18120554
h4,bull,3,atr_expand,ichimoku_cloud_bull,val,482,0.21576763
h4,bull,3,atr_expand,ichimoku_cloud_bull,oos,425,0.18588235
h4,bull,3,atr_expand,span_model_bull,disc,1628,0.17137592
h4,bull,3,atr_expand,span_model_bull,val,317,0.18611987
h4,bull,3,atr_expand,span_model_bull,oos,242,0.10330579
h4,bull,3,atr_expand,bb_bull,disc,2279,0.15357613
h4,bull,3,atr_expand,bb_bull,val,449,0.18708241
h4,bull,3,atr_expand,bb_bull,oos,311,0.10932476
h4,bull,3,atr_expand,bb_upper,disc,1620,0.15370370
h4,bull,3,atr_expand,bb_upper,val,321,0.16822430
h4,bull,3,atr_expand,bb_upper,oos,224,0.11607143
h4,bull,3,atr_expand,superbb_bull,disc,227,0.16299559
h4,bull,3,atr_expand,superbb_bull,val,49,0.18367347
h4,bull,3,atr_expand,superbb_bull,oos,35,0.17142857
h4,bull,3,atr_expand,superbb_squeeze,disc,874,0.11670481
h4,bull,3,atr_expand,superbb_squeeze,val,130,0.16923077
h4,bull,3,atr_expand,superbb_squeeze,oos,89,0.11235955
h4,bull,3,atr_expand,superbb_expand,disc,2638,0.19332828
h4,bull,3,atr_expand,superbb_expand,val,511,0.19569472
h4,bull,3,atr_expand,superbb_expand,oos,470,0.17021277
h4,bull,3,atr_expand,stoch_bull,disc,2414,0.18227009
h4,bull,3,atr_expand,stoch_bull,val,477,0.20964361
h4,bull,3,atr_expand,stoch_bull,oos,347,0.13256484
h4,bull,3,atr_expand,stoch_cross_up,disc,1073,0.18639329
h4,bull,3,atr_expand,stoch_cross_up,val,193,0.21243523
h4,bull,3,atr_expand,stoch_cross_up,oos,159,0.15723270
h4,bull,3,atr_expand,stoch_recover_up,disc,518,0.19111969
h4,bull,3,atr_expand,stoch_recover_up,val,89,0.21348315
h4,bull,3,atr_expand,stoch_recover_up,oos,69,0.17391304
h4,bull,3,atr_expand,rci_bull,disc,2549,0.16202432
h4,bull,3,atr_expand,rci_bull,val,459,0.20043573
h4,bull,3,atr_expand,rci_bull,oos,350,0.14000000
h4,bull,3,atr_expand,rci_strong_bull,disc,674,0.17507418
h4,bull,3,atr_expand,rci_strong_bull,val,136,0.16911765
h4,bull,3,atr_expand,rci_strong_bull,oos,89,0.08988764
h4,bull,3,atr_expand,rci_cross_up,disc,212,0.14150943
h4,bull,3,atr_expand,rci_cross_up,val,36,0.16666667
h4,bull,3,atr_expand,rci_cross_up,oos,35,0.08571429
h4,bull,3,atr_expand,dmi_adx_bull,disc,1108,0.17328520
h4,bull,3,atr_expand,dmi_adx_bull,val,229,0.12663755
h4,bull,3,atr_expand,dmi_adx_bull,oos,122,0.06557377
h4,bull,3,atr_expand,dmi_adx_strong_bull,disc,1356,0.17035398
h4,bull,3,atr_expand,dmi_adx_strong_bull,val,269,0.16728625
h4,bull,3,atr_expand,dmi_adx_strong_bull,oos,194,0.11340206
h4,bull,3,atr_expand,fib_above382,disc,2044,0.15949119
h4,bull,3,atr_expand,fib_above382,val,388,0.18556701
h4,bull,3,atr_expand,fib_above382,oos,295,0.11525424
h4,bull,3,atr_expand,fib_above500,disc,2465,0.16064909
h4,bull,3,atr_expand,fib_above500,val,464,0.18534483
h4,bull,3,atr_expand,fib_above500,oos,347,0.10951009
h4,bull,3,atr_expand,fib_above618,disc,2908,0.15921596
h4,bull,3,atr_expand,fib_above618,val,553,0.19168174
h4,bull,3,atr_expand,fib_above618,oos,418,0.11722488
h4,bull,3,atr_expand,fib_time_zone,disc,1674,0.18219833
h4,bull,3,atr_expand,fib_time_zone,val,319,0.18181818
h4,bull,3,atr_expand,fib_time_zone,oos,256,0.17187500
h4,bull,3,atr_expand,fib_time_5,disc,944,0.17690678
h4,bull,3,atr_expand,fib_time_5,val,178,0.18539326
h4,bull,3,atr_expand,fib_time_5,oos,151,0.17218543
h4,bull,3,atr_expand,fib_time_8,disc,608,0.17434211
h4,bull,3,atr_expand,fib_time_8,val,110,0.16363636
h4,bull,3,atr_expand,fib_time_8,oos,83,0.19277108
h4,bull,3,atr_expand,fib_time_13,disc,339,0.21238938
h4,bull,3,atr_expand,fib_time_13,val,71,0.22535211
h4,bull,3,atr_expand,fib_time_13,oos,58,0.10344828
h4,bull,3,atr_expand,fib_fan_up,disc,2044,0.15949119
h4,bull,3,atr_expand,fib_fan_up,val,388,0.18556701
h4,bull,3,atr_expand,fib_fan_up,oos,295,0.11525424
h4,bull,3,atr_expand,fib_arc_bull,disc,2465,0.16064909
h4,bull,3,atr_expand,fib_arc_bull,val,464,0.18534483
h4,bull,3,atr_expand,fib_arc_bull,oos,347,0.10951009
h4,bull,3,atr_expand,trendline_up,disc,2460,0.16178862
h4,bull,3,atr_expand,trendline_up,val,463,0.20518359
h4,bull,3,atr_expand,trendline_up,oos,351,0.12535613
h4,bull,3,atr_expand,channel_upper,disc,1395,0.16774194
h4,bull,3,atr_expand,channel_upper,val,275,0.17818182
h4,bull,3,atr_expand,channel_upper,oos,181,0.12154696
h4,bull,3,atr_expand,channel_mid_bull,disc,2305,0.14750542
h4,bull,3,atr_expand,channel_mid_bull,val,445,0.17977528
h4,bull,3,atr_expand,channel_mid_bull,oos,325,0.11384615
h4,bull,3,atr_expand,channel_breakout_up,disc,738,0.17073171
h4,bull,3,atr_expand,channel_breakout_up,val,143,0.18881119
h4,bull,3,atr_expand,channel_breakout_up,oos,93,0.12903226
h4,bull,3,atr_expand,horizontal_resistance_near,disc,612,0.20424837
h4,bull,3,atr_expand,horizontal_resistance_near,val,123,0.20325203
h4,bull,3,atr_expand,horizontal_resistance_near,oos,87,0.14942529
h4,bull,3,atr_expand,horizontal_support_near,disc,612,0.22712418
h4,bull,3,atr_expand,horizontal_support_near,val,131,0.19083969
h4,bull,3,atr_expand,horizontal_support_near,oos,116,0.25000000
h4,bull,3,atr_expand,horizontal_break_up,disc,486,0.18724280
h4,bull,3,atr_expand,horizontal_break_up,val,104,0.22115385
h4,bull,3,atr_expand,horizontal_break_up,oos,72,0.16666667
h4,bull,3,atr_expand,vertical_session,disc,3821,0.16671029
h4,bull,3,atr_expand,vertical_session,val,675,0.17481481
h4,bull,3,atr_expand,vertical_session,oos,530,0.16415094
h4,bull,3,atr_expand,vertical_day_open,disc,313,0.26517572
h4,bull,3,atr_expand,vertical_day_open,val,68,0.29411765
h4,bull,3,atr_expand,vertical_day_open,oos,64,0.23437500
h4,bull,3,atr_expand,vertical_week_open,disc,63,0.25396825
h4,bull,3,atr_expand,vertical_week_open,val,18,0.38888889
h4,bull,3,atr_expand,vertical_week_open,oos,14,0.28571429
h4,bull,3,atr_expand,rectangle_range,disc,2304,0.15928819
h4,bull,3,atr_expand,rectangle_range,val,458,0.22925764
h4,bull,3,atr_expand,rectangle_range,oos,359,0.15598886
h4,bull,3,atr_expand,elliott_wave2_bull,disc,273,0.15384615
h4,bull,3,atr_expand,elliott_wave2_bull,val,67,0.17910448
h4,bull,3,atr_expand,elliott_wave2_bull,oos,40,0.07500000
h4,bull,3,atr_expand,elliott_wave3_bull,disc,767,0.16688396
h4,bull,3,atr_expand,elliott_wave3_bull,val,153,0.17647059
h4,bull,3,atr_expand,elliott_wave3_bull,oos,93,0.15053763
h4,bull,3,atr_expand,elliott_wave4_bull,disc,247,0.09311741
h4,bull,3,atr_expand,elliott_wave4_bull,val,57,0.15789474
h4,bull,3,atr_expand,elliott_wave4_bull,oos,48,0.16666667
h4,bull,3,atr_expand,elliott_wave5_bull,disc,678,0.15191740
h4,bull,3,atr_expand,elliott_wave5_bull,val,128,0.15625000
h4,bull,3,atr_expand,elliott_wave5_bull,oos,84,0.14285714
h4,bull,3,atr_expand,elliott_impulse_bull,disc,831,0.16726835
h4,bull,3,atr_expand,elliott_impulse_bull,val,165,0.16969697
h4,bull,3,atr_expand,elliott_impulse_bull,oos,102,0.13725490
h4,bull,3,atr_expand,elliott_pullback_bull,disc,520,0.12500000
h4,bull,3,atr_expand,elliott_pullback_bull,val,124,0.16935484
h4,bull,3,atr_expand,elliott_pullback_bull,oos,88,0.12500000
h4,bull,3,atr_expand,range_compression,disc,2565,0.17270955
h4,bull,3,atr_expand,range_compression,val,485,0.19587629
h4,bull,3,atr_expand,range_compression,oos,339,0.15044248
h4,bull,3,atr_expand,range_tight,disc,399,0.14285714
h4,bull,3,atr_expand,range_tight,val,68,0.23529412
h4,bull,3,atr_expand,range_tight,oos,71,0.16901408
h4,bull,3,atr_expand,inside_bar,disc,954,0.18238994
h4,bull,3,atr_expand,inside_bar,val,181,0.22651934
h4,bull,3,atr_expand,inside_bar,oos,180,0.16111111
h4,bull,3,atr_expand,inside_2,disc,99,0.19191919
h4,bull,3,atr_expand,inside_2,val,19,0.26315789
h4,bull,3,atr_expand,inside_2,oos,18,0.38888889
h4,bull,3,atr_expand,nr7,disc,126,0.19047619
h4,bull,3,atr_expand,nr7,val,28,0.32142857
h4,bull,3,atr_expand,nr7,oos,19,0.05263158
h4,bull,3,atr_expand,nr4,disc,752,0.17819149
h4,bull,3,atr_expand,nr4,val,130,0.16923077
h4,bull,3,atr_expand,nr4,oos,117,0.17094017
h4,bull,3,atr_expand,breakout_up20,disc,738,0.17073171
h4,bull,3,atr_expand,breakout_up20,val,143,0.18881119
h4,bull,3,atr_expand,breakout_up20,oos,93,0.12903226
h4,bull,3,atr_expand,retest_up,disc,738,0.17073171
h4,bull,3,atr_expand,retest_up,val,138,0.15942029
h4,bull,3,atr_expand,retest_up,oos,92,0.13043478
h4,bull,3,atr_expand,squeeze_release_up,disc,86,0.12790698
h4,bull,3,atr_expand,squeeze_release_up,val,11,0.18181818
h4,bull,3,atr_expand,squeeze_release_up,oos,4,0.00000000
h4,bull,3,atr_expand,pin_bull,disc,126,0.48412698
h4,bull,3,atr_expand,pin_bull,val,17,0.58823529
h4,bull,3,atr_expand,pin_bull,oos,24,0.20833333
h4,bull,3,atr_expand,engulf_bull,disc,371,0.19676550
h4,bull,3,atr_expand,engulf_bull,val,68,0.11764706
h4,bull,3,atr_expand,engulf_bull,oos,35,0.11428571
h4,bull,3,atr_expand,strong_close_bull,disc,1114,0.17324955
h4,bull,3,atr_expand,strong_close_bull,val,197,0.20304569
h4,bull,3,atr_expand,strong_close_bull,oos,162,0.14197531
h4,bull,3,atr_expand,hh20,disc,1213,0.17971970
h4,bull,3,atr_expand,hh20,val,251,0.17928287
h4,bull,3,atr_expand,hh20,oos,150,0.13333333
h4,bull,3,atr_expand,structure_bull_transition,disc,1743,0.17039587
h4,bull,3,atr_expand,structure_bull_transition,val,350,0.22857143
h4,bull,3,atr_expand,structure_bull_transition,oos,267,0.14606742
h4,bull,6,atr_expand,sma20_bull,disc,2279,0.31373409
h4,bull,6,atr_expand,sma20_bull,val,449,0.34075724
h4,bull,6,atr_expand,sma20_bull,oos,311,0.22508039
h4,bull,6,atr_expand,sma50_bull,disc,2441,0.31626383
h4,bull,6,atr_expand,sma50_bull,val,456,0.33333333
h4,bull,6,atr_expand,sma50_bull,oos,334,0.21856287
h4,bull,6,atr_expand,sma200_bull,disc,2570,0.34435798
h4,bull,6,atr_expand,sma200_bull,val,471,0.35456476
h4,bull,6,atr_expand,sma200_bull,oos,360,0.25833333
h4,bull,6,atr_expand,sma_stack_bull,disc,1790,0.36368715
h4,bull,6,atr_expand,sma_stack_bull,val,285,0.32982456
h4,bull,6,atr_expand,sma_stack_bull,oos,257,0.25291829
h4,bull,6,atr_expand,ichimoku_bull,disc,2227,0.32959138
h4,bull,6,atr_expand,ichimoku_bull,val,404,0.31188119
h4,bull,6,atr_expand,ichimoku_bull,oos,321,0.22741433
h4,bull,6,atr_expand,ichimoku_tk_bull,disc,2078,0.31665063
h4,bull,6,atr_expand,ichimoku_tk_bull,val,406,0.34482759
h4,bull,6,atr_expand,ichimoku_tk_bull,oos,297,0.22558923
h4,bull,6,atr_expand,ichimoku_cloud_bull,disc,2671,0.33695245
h4,bull,6,atr_expand,ichimoku_cloud_bull,val,482,0.34232365
h4,bull,6,atr_expand,ichimoku_cloud_bull,oos,425,0.29882353
h4,bull,6,atr_expand,span_model_bull,disc,1628,0.33722359
h4,bull,6,atr_expand,span_model_bull,val,317,0.31861199
h4,bull,6,atr_expand,span_model_bull,oos,242,0.19834711
h4,bull,6,atr_expand,bb_bull,disc,2279,0.31373409
h4,bull,6,atr_expand,bb_bull,val,449,0.34075724
h4,bull,6,atr_expand,bb_bull,oos,311,0.22508039
h4,bull,6,atr_expand,bb_upper,disc,1620,0.31728395
h4,bull,6,atr_expand,bb_upper,val,321,0.34890966
h4,bull,6,atr_expand,bb_upper,oos,224,0.22767857
h4,bull,6,atr_expand,superbb_bull,disc,227,0.34361233
h4,bull,6,atr_expand,superbb_bull,val,49,0.36734694
h4,bull,6,atr_expand,superbb_bull,oos,35,0.28571429
h4,bull,6,atr_expand,superbb_squeeze,disc,874,0.31464531
h4,bull,6,atr_expand,superbb_squeeze,val,130,0.27692308
h4,bull,6,atr_expand,superbb_squeeze,oos,89,0.22471910
h4,bull,6,atr_expand,superbb_expand,disc,2638,0.35443518
h4,bull,6,atr_expand,superbb_expand,val,511,0.36007828
h4,bull,6,atr_expand,superbb_expand,oos,470,0.26382979
h4,bull,6,atr_expand,stoch_bull,disc,2414,0.35625518
h4,bull,6,atr_expand,stoch_bull,val,477,0.35639413
h4,bull,6,atr_expand,stoch_bull,oos,347,0.24207493
h4,bull,6,atr_expand,stoch_cross_up,disc,1073,0.36160298
h4,bull,6,atr_expand,stoch_cross_up,val,193,0.36269430
h4,bull,6,atr_expand,stoch_cross_up,oos,159,0.22641509
h4,bull,6,atr_expand,stoch_recover_up,disc,518,0.37837838
h4,bull,6,atr_expand,stoch_recover_up,val,89,0.38202247
h4,bull,6,atr_expand,stoch_recover_up,oos,69,0.21739130
h4,bull,6,atr_expand,rci_bull,disc,2549,0.31973323
h4,bull,6,atr_expand,rci_bull,val,459,0.35947712
h4,bull,6,atr_expand,rci_bull,oos,350,0.25142857
h4,bull,6,atr_expand,rci_strong_bull,disc,674,0.31157270
h4,bull,6,atr_expand,rci_strong_bull,val,136,0.35294118
h4,bull,6,atr_expand,rci_strong_bull,oos,89,0.14606742
h4,bull,6,atr_expand,rci_cross_up,disc,212,0.32075472
h4,bull,6,atr_expand,rci_cross_up,val,36,0.30555556
h4,bull,6,atr_expand,rci_cross_up,oos,35,0.31428571
h4,bull,6,atr_expand,dmi_adx_bull,disc,1108,0.31859206
h4,bull,6,atr_expand,dmi_adx_bull,val,229,0.25327511
h4,bull,6,atr_expand,dmi_adx_bull,oos,122,0.16393443
h4,bull,6,atr_expand,dmi_adx_strong_bull,disc,1356,0.33333333
h4,bull,6,atr_expand,dmi_adx_strong_bull,val,269,0.36059480
h4,bull,6,atr_expand,dmi_adx_strong_bull,oos,194,0.23195876
h4,bull,6,atr_expand,fib_above382,disc,2044,0.32338552
h4,bull,6,atr_expand,fib_above382,val,388,0.32989691
h4,bull,6,atr_expand,fib_above382,oos,295,0.22711864
h4,bull,6,atr_expand,fib_above500,disc,2465,0.32454361
h4,bull,6,atr_expand,fib_above500,val,464,0.32974138
h4,bull,6,atr_expand,fib_above500,oos,347,0.22478386
h4,bull,6,atr_expand,fib_above618,disc,2908,0.32324622
h4,bull,6,atr_expand,fib_above618,val,553,0.32549729
h4,bull,6,atr_expand,fib_above618,oos,418,0.23684211
h4,bull,6,atr_expand,fib_time_zone,disc,1674,0.33990442
h4,bull,6,atr_expand,fib_time_zone,val,319,0.33228840
h4,bull,6,atr_expand,fib_time_zone,oos,256,0.26562500
h4,bull,6,atr_expand,fib_time_5,disc,944,0.33686441
h4,bull,6,atr_expand,fib_time_5,val,178,0.33146067
h4,bull,6,atr_expand,fib_time_5,oos,151,0.27152318
h4,bull,6,atr_expand,fib_time_8,disc,608,0.35032895
h4,bull,6,atr_expand,fib_time_8,val,110,0.33636364
h4,bull,6,atr_expand,fib_time_8,oos,83,0.27710843
h4,bull,6,atr_expand,fib_time_13,disc,339,0.32743363
h4,bull,6,atr_expand,fib_time_13,val,71,0.39436620
h4,bull,6,atr_expand,fib_time_13,oos,58,0.22413793
h4,bull,6,atr_expand,fib_fan_up,disc,2044,0.32338552
h4,bull,6,atr_expand,fib_fan_up,val,388,0.32989691
h4,bull,6,atr_expand,fib_fan_up,oos,295,0.22711864
h4,bull,6,atr_expand,fib_arc_bull,disc,2465,0.32454361
h4,bull,6,atr_expand,fib_arc_bull,val,464,0.32974138
h4,bull,6,atr_expand,fib_arc_bull,oos,347,0.22478386
h4,bull,6,atr_expand,trendline_up,disc,2460,0.31747967
h4,bull,6,atr_expand,trendline_up,val,463,0.35205184
h4,bull,6,atr_expand,trendline_up,oos,351,0.22222222
h4,bull,6,atr_expand,channel_upper,disc,1395,0.32974910
h4,bull,6,atr_expand,channel_upper,val,275,0.33818182
h4,bull,6,atr_expand,channel_upper,oos,181,0.23756906
h4,bull,6,atr_expand,channel_mid_bull,disc,2305,0.30976139
h4,bull,6,atr_expand,channel_mid_bull,val,445,0.34157303
h4,bull,6,atr_expand,channel_mid_bull,oos,325,0.23076923
h4,bull,6,atr_expand,channel_breakout_up,disc,738,0.34552846
h4,bull,6,atr_expand,channel_breakout_up,val,143,0.36363636
h4,bull,6,atr_expand,channel_breakout_up,oos,93,0.22580645
h4,bull,6,atr_expand,horizontal_resistance_near,disc,612,0.37091503
h4,bull,6,atr_expand,horizontal_resistance_near,val,123,0.34959350
h4,bull,6,atr_expand,horizontal_resistance_near,oos,87,0.25287356
h4,bull,6,atr_expand,horizontal_support_near,disc,612,0.39052288
h4,bull,6,atr_expand,horizontal_support_near,val,131,0.36641221
h4,bull,6,atr_expand,horizontal_support_near,oos,116,0.29310345
h4,bull,6,atr_expand,horizontal_break_up,disc,486,0.36625514
h4,bull,6,atr_expand,horizontal_break_up,val,104,0.33653846
h4,bull,6,atr_expand,horizontal_break_up,oos,72,0.26388889
h4,bull,6,atr_expand,vertical_session,disc,3821,0.34205705
h4,bull,6,atr_expand,vertical_session,val,675,0.33925926
h4,bull,6,atr_expand,vertical_session,oos,530,0.26981132
h4,bull,6,atr_expand,vertical_day_open,disc,313,0.30990415
h4,bull,6,atr_expand,vertical_day_open,val,68,0.42647059
h4,bull,6,atr_expand,vertical_day_open,oos,64,0.31250000
h4,bull,6,atr_expand,vertical_week_open,disc,63,0.30158730
h4,bull,6,atr_expand,vertical_week_open,val,18,0.61111111
h4,bull,6,atr_expand,vertical_week_open,oos,14,0.42857143
h4,bull,6,atr_expand,rectangle_range,disc,2304,0.33072917
h4,bull,6,atr_expand,rectangle_range,val,458,0.35807860
h4,bull,6,atr_expand,rectangle_range,oos,359,0.27019499
h4,bull,6,atr_expand,elliott_wave2_bull,disc,273,0.32967033
h4,bull,6,atr_expand,elliott_wave2_bull,val,67,0.35820896
h4,bull,6,atr_expand,elliott_wave2_bull,oos,40,0.27500000
h4,bull,6,atr_expand,elliott_wave3_bull,disc,767,0.34419817
h4,bull,6,atr_expand,elliott_wave3_bull,val,153,0.34640523
h4,bull,6,atr_expand,elliott_wave3_bull,oos,93,0.24731183
h4,bull,6,atr_expand,elliott_wave4_bull,disc,247,0.24696356
h4,bull,6,atr_expand,elliott_wave4_bull,val,57,0.31578947
h4,bull,6,atr_expand,elliott_wave4_bull,oos,48,0.27083333
h4,bull,6,atr_expand,elliott_wave5_bull,disc,678,0.33038348
h4,bull,6,atr_expand,elliott_wave5_bull,val,128,0.36718750
h4,bull,6,atr_expand,elliott_wave5_bull,oos,84,0.25000000
h4,bull,6,atr_expand,elliott_impulse_bull,disc,831,0.34416366
h4,bull,6,atr_expand,elliott_impulse_bull,val,165,0.36363636
h4,bull,6,atr_expand,elliott_impulse_bull,oos,102,0.24509804
h4,bull,6,atr_expand,elliott_pullback_bull,disc,520,0.29038462
h4,bull,6,atr_expand,elliott_pullback_bull,val,124,0.33870968
h4,bull,6,atr_expand,elliott_pullback_bull,oos,88,0.27272727
h4,bull,6,atr_expand,range_compression,disc,2565,0.34385965
h4,bull,6,atr_expand,range_compression,val,485,0.34226804
h4,bull,6,atr_expand,range_compression,oos,339,0.25368732
h4,bull,6,atr_expand,range_tight,disc,399,0.29323308
h4,bull,6,atr_expand,range_tight,val,68,0.41176471
h4,bull,6,atr_expand,range_tight,oos,71,0.32394366
h4,bull,6,atr_expand,inside_bar,disc,954,0.33018868
h4,bull,6,atr_expand,inside_bar,val,181,0.37569061
h4,bull,6,atr_expand,inside_bar,oos,180,0.27777778
h4,bull,6,atr_expand,inside_2,disc,99,0.32323232
h4,bull,6,atr_expand,inside_2,val,19,0.36842105
h4,bull,6,atr_expand,inside_2,oos,18,0.50000000
h4,bull,6,atr_expand,nr7,disc,126,0.31746032
h4,bull,6,atr_expand,nr7,val,28,0.42857143
h4,bull,6,atr_expand,nr7,oos,19,0.26315789
h4,bull,6,atr_expand,nr4,disc,752,0.33909574
h4,bull,6,atr_expand,nr4,val,130,0.32307692
h4,bull,6,atr_expand,nr4,oos,117,0.26495726
h4,bull,6,atr_expand,breakout_up20,disc,738,0.34552846
h4,bull,6,atr_expand,breakout_up20,val,143,0.36363636
h4,bull,6,atr_expand,breakout_up20,oos,93,0.22580645
h4,bull,6,atr_expand,retest_up,disc,738,0.34552846
h4,bull,6,atr_expand,retest_up,val,138,0.34057971
h4,bull,6,atr_expand,retest_up,oos,92,0.22826087
h4,bull,6,atr_expand,squeeze_release_up,disc,86,0.32558140
h4,bull,6,atr_expand,squeeze_release_up,val,11,0.45454545
h4,bull,6,atr_expand,squeeze_release_up,oos,4,0.00000000
h4,bull,6,atr_expand,pin_bull,disc,126,0.61111111
h4,bull,6,atr_expand,pin_bull,val,17,0.64705882
h4,bull,6,atr_expand,pin_bull,oos,24,0.33333333
h4,bull,6,atr_expand,engulf_bull,disc,371,0.36927224
h4,bull,6,atr_expand,engulf_bull,val,68,0.20588235
h4,bull,6,atr_expand,engulf_bull,oos,35,0.17142857
h4,bull,6,atr_expand,strong_close_bull,disc,1114,0.34111311
h4,bull,6,atr_expand,strong_close_bull,val,197,0.35025381
h4,bull,6,atr_expand,strong_close_bull,oos,162,0.20370370
h4,bull,6,atr_expand,hh20,disc,1213,0.33718054
h4,bull,6,atr_expand,hh20,val,251,0.34262948
h4,bull,6,atr_expand,hh20,oos,150,0.24666667
h4,bull,6,atr_expand,structure_bull_transition,disc,1743,0.33448078
h4,bull,6,atr_expand,structure_bull_transition,val,350,0.37714286
h4,bull,6,atr_expand,structure_bull_transition,oos,267,0.27715356
h4,bear,1,breakout20_down,sma20_bear,disc,4118,0.08256435
h4,bear,1,breakout20_down,sma20_bear,val,896,0.06919643
h4,bear,1,breakout20_down,sma20_bear,oos,640,0.08437500
h4,bear,1,breakout20_down,sma50_bear,disc,4014,0.08370703
h4,bear,1,breakout20_down,sma50_bear,val,864,0.06944444
h4,bear,1,breakout20_down,sma50_bear,oos,628,0.08598726
h4,bear,1,breakout20_down,sma200_bear,disc,3020,0.08807947
h4,bear,1,breakout20_down,sma200_bear,val,627,0.07974482
h4,bear,1,breakout20_down,sma200_bear,oos,462,0.08874459
h4,bear,1,breakout20_down,sma_stack_bear,disc,1533,0.09719504
h4,bear,1,breakout20_down,sma_stack_bear,val,262,0.10687023
h4,bear,1,breakout20_down,sma_stack_bear,oos,189,0.06349206
h4,bear,1,breakout20_down,ichimoku_bear,disc,3398,0.08917010
h4,bear,1,breakout20_down,ichimoku_bear,val,705,0.07517730
h4,bear,1,breakout20_down,ichimoku_bear,oos,516,0.08720930
h4,bear,1,breakout20_down,ichimoku_tk_bear,disc,3518,0.08328596
h4,bear,1,breakout20_down,ichimoku_tk_bear,val,739,0.06089310
h4,bear,1,breakout20_down,ichimoku_tk_bear,oos,526,0.07224335
h4,bear,1,breakout20_down,ichimoku_cloud_bear,disc,1991,0.08890005
h4,bear,1,breakout20_down,ichimoku_cloud_bear,val,371,0.07816712
h4,bear,1,breakout20_down,ichimoku_cloud_bear,oos,274,0.04014599
h4,bear,1,breakout20_down,span_model_bear,disc,3025,0.08892562
h4,bear,1,breakout20_down,span_model_bear,val,631,0.06497623
h4,bear,1,breakout20_down,span_model_bear,oos,445,0.07865169
h4,bear,1,breakout20_down,bb_bear,disc,4118,0.08256435
h4,bear,1,breakout20_down,bb_bear,val,896,0.06919643
h4,bear,1,breakout20_down,bb_bear,oos,640,0.08437500
h4,bear,1,breakout20_down,bb_lower,disc,4084,0.08300686
h4,bear,1,breakout20_down,bb_lower,val,892,0.06950673
h4,bear,1,breakout20_down,bb_lower,oos,639,0.08450704
h4,bear,1,breakout20_down,superbb_bear,disc,309,0.15210356
h4,bear,1,breakout20_down,superbb_bear,val,71,0.15492958
h4,bear,1,breakout20_down,superbb_bear,oos,77,0.10389610
h4,bear,1,breakout20_down,superbb_squeeze,disc,427,0.04918033
h4,bear,1,breakout20_down,superbb_squeeze,val,121,0.07438017
h4,bear,1,breakout20_down,superbb_squeeze,oos,58,0.05172414
h4,bear,1,breakout20_down,superbb_expand,disc,2572,0.09292379
h4,bear,1,breakout20_down,superbb_expand,val,550,0.08181818
h4,bear,1,breakout20_down,superbb_expand,oos,422,0.09952607
h4,bear,1,breakout20_down,stoch_bear,disc,3347,0.07977293
h4,bear,1,breakout20_down,stoch_bear,val,755,0.07019868
h4,bear,1,breakout20_down,stoch_bear,oos,518,0.08880309
h4,bear,1,breakout20_down,stoch_cross_down,disc,1046,0.10133843
h4,bear,1,breakout20_down,stoch_cross_down,val,226,0.06637168
h4,bear,1,breakout20_down,stoch_cross_down,oos,144,0.09027778
h4,bear,1,breakout20_down,rci_bear,disc,3845,0.08296489
h4,bear,1,breakout20_down,rci_bear,val,844,0.06753555
h4,bear,1,breakout20_down,rci_bear,oos,595,0.08067227
h4,bear,1,breakout20_down,rci_strong_bear,disc,1870,0.08235294
h4,bear,1,breakout20_down,rci_strong_bear,val,380,0.03947368
h4,bear,1,breakout20_down,rci_strong_bear,oos,297,0.07744108
h4,bear,1,breakout20_down,rci_cross_down,disc,189,0.08994709
h4,bear,1,breakout20_down,rci_cross_down,val,44,0.13636364
h4,bear,1,breakout20_down,rci_cross_down,oos,34,0.00000000
h4,bear,1,breakout20_down,dmi_adx_bear,disc,2048,0.10058594
h4,bear,1,breakout20_down,dmi_adx_bear,val,391,0.07416880
h4,bear,1,breakout20_down,dmi_adx_bear,oos,349,0.10028653
h4,bear,1,breakout20_down,dmi_adx_strong_bear,disc,3662,0.08711087
h4,bear,1,breakout20_down,dmi_adx_strong_bear,val,779,0.07445443
h4,bear,1,breakout20_down,dmi_adx_strong_bear,oos,584,0.09075342
h4,bear,1,breakout20_down,fib_below382,disc,4040,0.08316832
h4,bear,1,breakout20_down,fib_below382,val,882,0.06802721
h4,bear,1,breakout20_down,fib_below382,oos,629,0.08426073
h4,bear,1,breakout20_down,fib_below500,disc,3875,0.08438710
h4,bear,1,breakout20_down,fib_below500,val,836,0.06818182
h4,bear,1,breakout20_down,fib_below500,oos,602,0.08637874
h4,bear,1,breakout20_down,fib_below618,disc,3647,0.08692076
h4,bear,1,breakout20_down,fib_below618,val,766,0.06788512
h4,bear,1,breakout20_down,fib_below618,oos,551,0.08711434
h4,bear,1,breakout20_down,fib_time_zone,disc,1521,0.08744247
h4,bear,1,breakout20_down,fib_time_zone,val,309,0.05501618
h4,bear,1,breakout20_down,fib_time_zone,oos,210,0.08571429
h4,bear,1,breakout20_down,fib_time_5,disc,873,0.08934708
h4,bear,1,breakout20_down,fib_time_5,val,159,0.05660377
h4,bear,1,breakout20_down,fib_time_5,oos,123,0.11382114
h4,bear,1,breakout20_down,fib_time_8,disc,532,0.06766917
h4,bear,1,breakout20_down,fib_time_8,val,114,0.04385965
h4,bear,1,breakout20_down,fib_time_8,oos,79,0.05063291
h4,bear,1,breakout20_down,fib_time_13,disc,326,0.08895706
h4,bear,1,breakout20_down,fib_time_13,val,72,0.06944444
h4,bear,1,breakout20_down,fib_time_13,oos,40,0.10000000
h4,bear,1,breakout20_down,fib_fan_down,disc,3647,0.08692076
h4,bear,1,breakout20_down,fib_fan_down,val,766,0.06788512
h4,bear,1,breakout20_down,fib_fan_down,oos,551,0.08711434
h4,bear,1,breakout20_down,fib_arc_bear,disc,3875,0.08438710
h4,bear,1,breakout20_down,fib_arc_bear,val,836,0.06818182
h4,bear,1,breakout20_down,fib_arc_bear,oos,602,0.08637874
h4,bear,1,breakout20_down,trendline_down,disc,3895,0.08267009
h4,bear,1,breakout20_down,trendline_down,val,845,0.06390533
h4,bear,1,breakout20_down,trendline_down,oos,611,0.08346972
h4,bear,1,breakout20_down,channel_lower,disc,4118,0.08256435
h4,bear,1,breakout20_down,channel_lower,val,896,0.06919643
h4,bear,1,breakout20_down,channel_lower,oos,640,0.08437500
h4,bear,1,breakout20_down,channel_mid_bear,disc,4118,0.08256435
h4,bear,1,breakout20_down,channel_mid_bear,val,896,0.06919643
h4,bear,1,breakout20_down,channel_mid_bear,oos,640,0.08437500
h4,bear,1,breakout20_down,channel_breakout_down,disc,4118,0.08256435
h4,bear,1,breakout20_down,channel_breakout_down,val,896,0.06919643
h4,bear,1,breakout20_down,channel_breakout_down,oos,640,0.08437500
h4,bear,1,breakout20_down,horizontal_support_near,disc,2684,0.09314456
h4,bear,1,breakout20_down,horizontal_support_near,val,533,0.08067542
h4,bear,1,breakout20_down,horizontal_support_near,oos,396,0.09848485
h4,bear,1,breakout20_down,horizontal_break_down,disc,2555,0.09510763
h4,bear,1,breakout20_down,horizontal_break_down,val,496,0.08669355
h4,bear,1,breakout20_down,horizontal_break_down,oos,376,0.09840426
h4,bear,1,breakout20_down,vertical_session,disc,3059,0.07747630
h4,bear,1,breakout20_down,vertical_session,val,647,0.06336940
h4,bear,1,breakout20_down,vertical_session,oos,468,0.07692308
h4,bear,1,breakout20_down,vertical_day_open,disc,589,0.11375212
h4,bear,1,breakout20_down,vertical_day_open,val,142,0.07746479
h4,bear,1,breakout20_down,vertical_day_open,oos,101,0.10891089
h4,bear,1,breakout20_down,vertical_week_open,disc,108,0.14814815
h4,bear,1,breakout20_down,vertical_week_open,val,28,0.00000000
h4,bear,1,breakout20_down,vertical_week_open,oos,18,0.16666667
h4,bear,1,breakout20_down,triangle_breakout_down,disc,194,0.07216495
h4,bear,1,breakout20_down,triangle_breakout_down,val,42,0.14285714
h4,bear,1,breakout20_down,triangle_breakout_down,oos,22,0.00000000
h4,bear,1,breakout20_down,elliott_wave3_bear,disc,2480,0.08709677
h4,bear,1,breakout20_down,elliott_wave3_bear,val,558,0.08243728
h4,bear,1,breakout20_down,elliott_wave3_bear,oos,403,0.09925558
h4,bear,1,breakout20_down,elliott_wave5_bear,disc,3164,0.07964602
h4,bear,1,breakout20_down,elliott_wave5_bear,val,683,0.06588580
h4,bear,1,breakout20_down,elliott_wave5_bear,oos,498,0.08835341
h4,bear,1,breakout20_down,elliott_impulse_bear,disc,3541,0.08076814
h4,bear,1,breakout20_down,elliott_impulse_bear,val,790,0.06962025
h4,bear,1,breakout20_down,elliott_impulse_bear,oos,561,0.08912656
h4,bear,1,breakout20_down,range_compression,disc,3002,0.07561626
h4,bear,1,breakout20_down,range_compression,val,661,0.05446293
h4,bear,1,breakout20_down,range_compression,oos,454,0.05506608
h4,bear,1,breakout20_down,range_tight,disc,427,0.08899297
h4,bear,1,breakout20_down,range_tight,val,111,0.06306306
h4,bear,1,breakout20_down,range_tight,oos,88,0.11363636
h4,bear,1,breakout20_down,nr7,disc,124,0.04838710
h4,bear,1,breakout20_down,nr7,val,28,0.00000000
h4,bear,1,breakout20_down,nr7,oos,21,0.00000000
h4,bear,1,breakout20_down,nr4,disc,378,0.03703704
h4,bear,1,breakout20_down,nr4,val,83,0.04819277
h4,bear,1,breakout20_down,nr4,oos,74,0.01351351
h4,bear,1,breakout20_down,breakout_down20,disc,4118,0.08256435
h4,bear,1,breakout20_down,breakout_down20,val,896,0.06919643
h4,bear,1,breakout20_down,breakout_down20,oos,640,0.08437500
h4,bear,1,breakout20_down,retest_down,disc,4115,0.08262454
h4,bear,1,breakout20_down,retest_down,val,889,0.06749156
h4,bear,1,breakout20_down,retest_down,oos,632,0.08386076
h4,bear,1,breakout20_down,squeeze_release_down,disc,427,0.04918033
h4,bear,1,breakout20_down,squeeze_release_down,val,121,0.07438017
h4,bear,1,breakout20_down,squeeze_release_down,oos,58,0.05172414
h4,bear,1,breakout20_down,engulf_bear,disc,610,0.10655738
h4,bear,1,breakout20_down,engulf_bear,val,136,0.07352941
h4,bear,1,breakout20_down,engulf_bear,oos,95,0.08421053
h4,bear,1,breakout20_down,strong_close_bear,disc,1974,0.08409321
h4,bear,1,breakout20_down,strong_close_bear,val,443,0.06997743
h4,bear,1,breakout20_down,strong_close_bear,oos,295,0.07457627
h4,bear,1,breakout20_down,ll20,disc,4118,0.08256435
h4,bear,1,breakout20_down,ll20,val,896,0.06919643
h4,bear,1,breakout20_down,ll20,oos,640,0.08437500
h4,bear,1,breakout20_down,structure_bear_transition,disc,3565,0.08359046
h4,bear,1,breakout20_down,structure_bear_transition,val,777,0.07078507
h4,bear,1,breakout20_down,structure_bear_transition,oos,563,0.08170515
h4,bear,1,breakout20_down,compression,disc,194,0.07216495
h4,bear,1,breakout20_down,compression,val,42,0.14285714
h4,bear,1,breakout20_down,compression,oos,22,0.00000000
h4,bear,1,breakout20_down,shape_triangle_proxy,disc,183,0.07103825
h4,bear,1,breakout20_down,shape_triangle_proxy,val,40,0.15000000
h4,bear,1,breakout20_down,shape_triangle_proxy,oos,22,0.00000000
h4,bear,1,atr_expand,sma20_bear,disc,2608,0.09470859
h4,bear,1,atr_expand,sma20_bear,val,491,0.06517312
h4,bear,1,atr_expand,sma20_bear,oos,429,0.13053613
h4,bear,1,atr_expand,sma50_bear,disc,2445,0.09284254
h4,bear,1,atr_expand,sma50_bear,val,484,0.08264463
h4,bear,1,atr_expand,sma50_bear,oos,406,0.13054187
h4,bear,1,atr_expand,sma200_bear,disc,2257,0.08905627
h4,bear,1,atr_expand,sma200_bear,val,469,0.08528785
h4,bear,1,atr_expand,sma200_bear,oos,380,0.11315789
h4,bear,1,atr_expand,sma_stack_bear,disc,1393,0.09260589
h4,bear,1,atr_expand,sma_stack_bear,val,256,0.11718750
h4,bear,1,atr_expand,sma_stack_bear,oos,144,0.02083333
h4,bear,1,atr_expand,ichimoku_bear,disc,2086,0.08628955
h4,bear,1,atr_expand,ichimoku_bear,val,438,0.08904110
h4,bear,1,atr_expand,ichimoku_bear,oos,328,0.10975610
h4,bear,1,atr_expand,ichimoku_tk_bear,disc,2036,0.09233792
h4,bear,1,atr_expand,ichimoku_tk_bear,val,389,0.06940874
h4,bear,1,atr_expand,ichimoku_tk_bear,oos,298,0.10067114
h4,bear,1,atr_expand,ichimoku_cloud_bear,disc,2189,0.07720420
h4,bear,1,atr_expand,ichimoku_cloud_bear,val,455,0.08571429
h4,bear,1,atr_expand,ichimoku_cloud_bear,oos,312,0.07051282
h4,bear,1,atr_expand,span_model_bear,disc,1508,0.09151194
h4,bear,1,atr_expand,span_model_bear,val,325,0.07692308
h4,bear,1,atr_expand,span_model_bear,oos,235,0.10638298
h4,bear,1,atr_expand,bb_bear,disc,2608,0.09470859
h4,bear,1,atr_expand,bb_bear,val,491,0.06517312
h4,bear,1,atr_expand,bb_bear,oos,429,0.13053613
h4,bear,1,atr_expand,bb_lower,disc,1846,0.10346696
h4,bear,1,atr_expand,bb_lower,val,347,0.06916427
h4,bear,1,atr_expand,bb_lower,oos,334,0.14071856
h4,bear,1,atr_expand,superbb_bear,disc,239,0.16317992
h4,bear,1,atr_expand,superbb_bear,val,47,0.14893617
h4,bear,1,atr_expand,superbb_bear,oos,52,0.11538462
h4,bear,1,atr_expand,superbb_squeeze,disc,874,0.05034325
h4,bear,1,atr_expand,superbb_squeeze,val,130,0.02307692
h4,bear,1,atr_expand,superbb_squeeze,oos,89,0.02247191
h4,bear,1,atr_expand,superbb_expand,disc,2638,0.09401061
h4,bear,1,atr_expand,superbb_expand,val,511,0.08219178
h4,bear,1,atr_expand,superbb_expand,oos,470,0.10638298
h4,bear,1,atr_expand,stoch_bear,disc,2481,0.08061266
h4,bear,1,atr_expand,stoch_bear,val,463,0.07127430
h4,bear,1,atr_expand,stoch_bear,oos,393,0.12213740
h4,bear,1,atr_expand,stoch_cross_down,disc,1016,0.09153543
h4,bear,1,atr_expand,stoch_cross_down,val,181,0.07734807
h4,bear,1,atr_expand,stoch_cross_down,oos,144,0.10416667
h4,bear,1,atr_expand,stoch_fall_down,disc,491,0.08757637
h4,bear,1,atr_expand,stoch_fall_down,val,91,0.08791209
h4,bear,1,atr_expand,stoch_fall_down,oos,74,0.05405405
h4,bear,1,atr_expand,rci_bear,disc,2346,0.09420290
h4,bear,1,atr_expand,rci_bear,val,481,0.07276507
h4,bear,1,atr_expand,rci_bear,oos,390,0.11794872
h4,bear,1,atr_expand,rci_strong_bear,disc,565,0.09557522
h4,bear,1,atr_expand,rci_strong_bear,val,100,0.05000000
h4,bear,1,atr_expand,rci_strong_bear,oos,90,0.16666667
h4,bear,1,atr_expand,rci_cross_down,disc,332,0.10240964
h4,bear,1,atr_expand,rci_cross_down,val,46,0.08695652
h4,bear,1,atr_expand,rci_cross_down,oos,51,0.11764706
h4,bear,1,atr_expand,dmi_adx_bear,disc,1336,0.11002994
h4,bear,1,atr_expand,dmi_adx_bear,val,244,0.05327869
h4,bear,1,atr_expand,dmi_adx_bear,oos,225,0.16888889
h4,bear,1,atr_expand,dmi_adx_strong_bear,disc,1771,0.10446076
h4,bear,1,atr_expand,dmi_adx_strong_bear,val,351,0.07977208
h4,bear,1,atr_expand,dmi_adx_strong_bear,oos,371,0.14555256
h4,bear,1,atr_expand,fib_below382,disc,2842,0.09113300
h4,bear,1,atr_expand,fib_below382,val,552,0.07971014
h4,bear,1,atr_expand,fib_below382,oos,445,0.12584270
h4,bear,1,atr_expand,fib_below500,disc,2421,0.09293680
h4,bear,1,atr_expand,fib_below500,val,476,0.07773109
h4,bear,1,atr_expand,fib_below500,oos,393,0.12977099
h4,bear,1,atr_expand,fib_below618,disc,1978,0.09403438
h4,bear,1,atr_expand,fib_below618,val,387,0.08010336
h4,bear,1,atr_expand,fib_below618,oos,322,0.13664596
h4,bear,1,atr_expand,fib_time_zone,disc,1674,0.07586619
h4,bear,1,atr_expand,fib_time_zone,val,319,0.08777429
h4,bear,1,atr_expand,fib_time_zone,oos,256,0.10156250
h4,bear,1,atr_expand,fib_time_5,disc,944,0.06673729
h4,bear,1,atr_expand,fib_time_5,val,178,0.08988764
h4,bear,1,atr_expand,fib_time_5,oos,151,0.10596026
h4,bear,1,atr_expand,fib_time_8,disc,608,0.07401316
h4,bear,1,atr_expand,fib_time_8,val,110,0.10909091
h4,bear,1,atr_expand,fib_time_8,oos,83,0.08433735
h4,bear,1,atr_expand,fib_time_13,disc,339,0.07964602
h4,bear,1,atr_expand,fib_time_13,val,71,0.07042254
h4,bear,1,atr_expand,fib_time_13,oos,58,0.13793103
h4,bear,1,atr_expand,fib_fan_down,disc,1978,0.09403438
h4,bear,1,atr_expand,fib_fan_down,val,387,0.08010336
h4,bear,1,atr_expand,fib_fan_down,oos,322,0.13664596
h4,bear,1,atr_expand,fib_arc_bear,disc,2421,0.09293680
h4,bear,1,atr_expand,fib_arc_bear,val,476,0.07773109
h4,bear,1,atr_expand,fib_arc_bear,oos,393,0.12977099
h4,bear,1,atr_expand,trendline_down,disc,2427,0.09188298
h4,bear,1,atr_expand,trendline_down,val,477,0.07337526
h4,bear,1,atr_expand,trendline_down,oos,389,0.12082262
h4,bear,1,atr_expand,channel_lower,disc,1512,0.10185185
h4,bear,1,atr_expand,channel_lower,val,285,0.08771930
h4,bear,1,atr_expand,channel_lower,oos,255,0.12549020
h4,bear,1,atr_expand,channel_mid_bear,disc,2582,0.09682417
h4,bear,1,atr_expand,channel_mid_bear,val,495,0.06868687
h4,bear,1,atr_expand,channel_mid_bear,oos,415,0.13012048
h4,bear,1,atr_expand,channel_breakout_down,disc,778,0.10925450
h4,bear,1,atr_expand,channel_breakout_down,val,150,0.12000000
h4,bear,1,atr_expand,channel_breakout_down,oos,144,0.13888889
h4,bear,1,atr_expand,horizontal_resistance_near,disc,612,0.07843137
h4,bear,1,atr_expand,horizontal_resistance_near,val,123,0.06504065
h4,bear,1,atr_expand,horizontal_resistance_near,oos,87,0.06896552
h4,bear,1,atr_expand,horizontal_support_near,disc,612,0.11764706
h4,bear,1,atr_expand,horizontal_support_near,val,131,0.12977099
h4,bear,1,atr_expand,horizontal_support_near,oos,116,0.14655172
h4,bear,1,atr_expand,horizontal_break_down,disc,498,0.12851406
h4,bear,1,atr_expand,horizontal_break_down,val,106,0.15094340
h4,bear,1,atr_expand,horizontal_break_down,oos,101,0.15841584
h4,bear,1,atr_expand,vertical_session,disc,3821,0.07249411
h4,bear,1,atr_expand,vertical_session,val,675,0.06962963
h4,bear,1,atr_expand,vertical_session,oos,530,0.08867925
h4,bear,1,atr_expand,vertical_day_open,disc,313,0.15015974
h4,bear,1,atr_expand,vertical_day_open,val,68,0.10294118
h4,bear,1,atr_expand,vertical_day_open,oos,64,0.07812500
h4,bear,1,atr_expand,vertical_week_open,disc,63,0.11111111
h4,bear,1,atr_expand,vertical_week_open,val,18,0.16666667
h4,bear,1,atr_expand,vertical_week_open,oos,14,0.14285714
h4,bear,1,atr_expand,rectangle_range,disc,2304,0.07204861
h4,bear,1,atr_expand,rectangle_range,val,458,0.06768559
h4,bear,1,atr_expand,rectangle_range,oos,359,0.10027855
h4,bear,1,atr_expand,elliott_wave2_bear,disc,376,0.10372340
h4,bear,1,atr_expand,elliott_wave2_bear,val,63,0.03174603
h4,bear,1,atr_expand,elliott_wave2_bear,oos,61,0.08196721
h4,bear,1,atr_expand,elliott_wave3_bear,disc,807,0.09541512
h4,bear,1,atr_expand,elliott_wave3_bear,val,152,0.13815789
h4,bear,1,atr_expand,elliott_wave3_bear,oos,139,0.12230216
h4,bear,1,atr_expand,elliott_wave4_bear,disc,364,0.08791209
h4,bear,1,atr_expand,elliott_wave4_bear,val,70,0.11428571
h4,bear,1,atr_expand,elliott_wave4_bear,oos,69,0.14492754
h4,bear,1,atr_expand,elliott_wave5_bear,disc,707,0.10042433
h4,bear,1,atr_expand,elliott_wave5_bear,val,128,0.12500000
h4,bear,1,atr_expand,elliott_wave5_bear,oos,117,0.12820513
h4,bear,1,atr_expand,elliott_impulse_bear,disc,874,0.09496568
h4,bear,1,atr_expand,elliott_impulse_bear,val,166,0.12650602
h4,bear,1,atr_expand,elliott_impulse_bear,oos,148,0.12162162
h4,bear,1,atr_expand,elliott_pullback_bear,disc,740,0.09594595
h4,bear,1,atr_expand,elliott_pullback_bear,val,133,0.07518797
h4,bear,1,atr_expand,elliott_pullback_bear,oos,130,0.11538462
h4,bear,1,atr_expand,range_compression,disc,2565,0.07173489
h4,bear,1,atr_expand,range_compression,val,485,0.06185567
h4,bear,1,atr_expand,range_compression,oos,339,0.07964602
h4,bear,1,atr_expand,range_tight,disc,399,0.07518797
h4,bear,1,atr_expand,range_tight,val,68,0.05882353
h4,bear,1,atr_expand,range_tight,oos,71,0.08450704
h4,bear,1,atr_expand,inside_bar,disc,954,0.05765199
h4,bear,1,atr_expand,inside_bar,val,181,0.05524862
h4,bear,1,atr_expand,inside_bar,oos,180,0.07777778
h4,bear,1,atr_expand,inside_2,disc,99,0.06060606
h4,bear,1,atr_expand,inside_2,val,19,0.00000000
h4,bear,1,atr_expand,inside_2,oos,18,0.11111111
h4,bear,1,atr_expand,nr7,disc,126,0.04761905
h4,bear,1,atr_expand,nr7,val,28,0.14285714
h4,bear,1,atr_expand,nr7,oos,19,0.05263158
h4,bear,1,atr_expand,nr4,disc,752,0.04521277
h4,bear,1,atr_expand,nr4,val,130,0.06923077
h4,bear,1,atr_expand,nr4,oos,117,0.05128205
h4,bear,1,atr_expand,breakout_down20,disc,778,0.10925450
h4,bear,1,atr_expand,breakout_down20,val,150,0.12000000
h4,bear,1,atr_expand,breakout_down20,oos,144,0.13888889
h4,bear,1,atr_expand,retest_down,disc,778,0.10925450
h4,bear,1,atr_expand,retest_down,val,145,0.11724138
h4,bear,1,atr_expand,retest_down,oos,142,0.13380282
h4,bear,1,atr_expand,squeeze_release_down,disc,73,0.02739726
h4,bear,1,atr_expand,squeeze_release_down,val,12,0.00000000
h4,bear,1,atr_expand,squeeze_release_down,oos,6,0.00000000
h4,bear,1,atr_expand,pin_bear,disc,61,0.22950820
h4,bear,1,atr_expand,pin_bear,val,11,0.36363636
h4,bear,1,atr_expand,pin_bear,oos,8,0.50000000
h4,bear,1,atr_expand,engulf_bear,disc,420,0.10476190
h4,bear,1,atr_expand,engulf_bear,val,62,0.08064516
h4,bear,1,atr_expand,engulf_bear,oos,69,0.07246377
h4,bear,1,atr_expand,strong_close_bear,disc,1037,0.08389585
h4,bear,1,atr_expand,strong_close_bear,val,185,0.05945946
h4,bear,1,atr_expand,strong_close_bear,oos,133,0.07518797
h4,bear,1,atr_expand,ll20,disc,1339,0.10604929
h4,bear,1,atr_expand,ll20,val,259,0.09266409
h4,bear,1,atr_expand,ll20,oos,220,0.13181818
h4,bear,1,atr_expand,structure_bear_transition,disc,1817,0.08475509
h4,bear,1,atr_expand,structure_bear_transition,val,341,0.08211144
h4,bear,1,atr_expand,structure_bear_transition,oos,301,0.11295681
h4,bear,1,volatility,sma20_bear,disc,12893,0.07903514
h4,bear,1,volatility,sma20_bear,val,2770,0.10252708
h4,bear,1,volatility,sma20_bear,oos,2066,0.09583737
h4,bear,1,volatility,sma50_bear,disc,13186,0.08053997
h4,bear,1,volatility,sma50_bear,val,2735,0.10712980
h4,bear,1,volatility,sma50_bear,oos,2185,0.09107551
h4,bear,1,volatility,sma200_bear,disc,12011,0.07526434
h4,bear,1,volatility,sma200_bear,val,2227,0.12079030
h4,bear,1,volatility,sma200_bear,oos,1928,0.08246888
h4,bear,1,volatility,sma_stack_bear,disc,7469,0.08193868
h4,bear,1,volatility,sma_stack_bear,val,1383,0.14027477
h4,bear,1,volatility,sma_stack_bear,oos,960,0.05520833
h4,bear,1,volatility,ichimoku_bear,disc,11697,0.08087544
h4,bear,1,volatility,ichimoku_bear,val,2423,0.11473380
h4,bear,1,volatility,ichimoku_bear,oos,1940,0.08969072
h4,bear,1,volatility,ichimoku_tk_bear,disc,12074,0.07710784
h4,bear,1,volatility,ichimoku_tk_bear,val,2585,0.09206963
h4,bear,1,volatility,ichimoku_tk_bear,oos,2017,0.08428359
h4,bear,1,volatility,ichimoku_cloud_bear,disc,12261,0.07348503
h4,bear,1,volatility,ichimoku_cloud_bear,val,2326,0.11650903
h4,bear,1,volatility,ichimoku_cloud_bear,oos,1579,0.04939835
h4,bear,1,volatility,span_model_bear,disc,9168,0.08093368
h4,bear,1,volatility,span_model_bear,val,1903,0.10246978
h4,bear,1,volatility,span_model_bear,oos,1579,0.09119696
h4,bear,1,volatility,bb_bear,disc,12893,0.07903514
h4,bear,1,volatility,bb_bear,val,2770,0.10252708
h4,bear,1,volatility,bb_bear,oos,2066,0.09583737
h4,bear,1,volatility,bb_lower,disc,6181,0.08493771
h4,bear,1,volatility,bb_lower,val,1287,0.10878011
h4,bear,1,volatility,bb_lower,oos,956,0.11715481
h4,bear,1,volatility,superbb_bear,disc,175,0.16000000
h4,bear,1,volatility,superbb_bear,val,39,0.15384615
h4,bear,1,volatility,superbb_bear,oos,42,0.16666667
h4,bear,1,volatility,superbb_squeeze,disc,1824,0.04331140
h4,bear,1,volatility,superbb_squeeze,val,406,0.06650246
h4,bear,1,volatility,superbb_squeeze,oos,166,0.03012048
h4,bear,1,volatility,superbb_expand,disc,7176,0.08110368
h4,bear,1,volatility,superbb_expand,val,1540,0.08831169
h4,bear,1,volatility,superbb_expand,oos,1214,0.09143328
h4,bear,1,volatility,stoch_bear,disc,12142,0.07173448
h4,bear,1,volatility,stoch_bear,val,2666,0.09452363
h4,bear,1,volatility,stoch_bear,oos,1887,0.07684155
h4,bear,1,volatility,stoch_cross_down,disc,4857,0.07906115
h4,bear,1,volatility,stoch_cross_down,val,1081,0.08973173
h4,bear,1,volatility,stoch_cross_down,oos,762,0.08530184
h4,bear,1,volatility,stoch_fall_down,disc,1636,0.07334963
h4,bear,1,volatility,stoch_fall_down,val,361,0.07756233
h4,bear,1,volatility,stoch_fall_down,oos,257,0.05836576
h4,bear,1,volatility,rci_bear,disc,12717,0.07556814
h4,bear,1,volatility,rci_bear,val,2803,0.10060649
h4,bear,1,volatility,rci_bear,oos,2065,0.09346247
h4,bear,1,volatility,rci_strong_bear,disc,3864,0.08514493
h4,bear,1,volatility,rci_strong_bear,val,687,0.09898108
h4,bear,1,volatility,rci_strong_bear,oos,575,0.11478261
h4,bear,1,volatility,rci_cross_down,disc,938,0.08208955
h4,bear,1,volatility,rci_cross_down,val,187,0.09625668
h4,bear,1,volatility,rci_cross_down,oos,138,0.05072464
h4,bear,1,volatility,dmi_adx_bear,disc,7866,0.09318586
h4,bear,1,volatility,dmi_adx_bear,val,1568,0.11926020
h4,bear,1,volatility,dmi_adx_bear,oos,1595,0.10971787
h4,bear,1,volatility,dmi_adx_strong_bear,disc,6999,0.08572653
h4,bear,1,volatility,dmi_adx_strong_bear,val,1502,0.11517976
h4,bear,1,volatility,dmi_adx_strong_bear,oos,1325,0.12301887
h4,bear,1,volatility,fib_below382,disc,15494,0.07667484
h4,bear,1,volatility,fib_below382,val,3207,0.10695354
h4,bear,1,volatility,fib_below382,oos,2524,0.08359746
h4,bear,1,volatility,fib_below500,disc,12996,0.07894737
h4,bear,1,volatility,fib_below500,val,2644,0.10665658
h4,bear,1,volatility,fib_below500,oos,2131,0.08775223
h4,bear,1,volatility,fib_below618,disc,10423,0.07886405
h4,bear,1,volatility,fib_below618,val,2109,0.11379801
h4,bear,1,volatility,fib_below618,oos,1698,0.09128386
h4,bear,1,volatility,fib_time_zone,disc,8751,0.07153468
h4,bear,1,volatility,fib_time_zone,val,1887,0.09485957
h4,bear,1,volatility,fib_time_zone,oos,1393,0.06389088
h4,bear,1,volatility,fib_time_5,disc,4949,0.07334815
h4,bear,1,volatility,fib_time_5,val,1081,0.08973173
h4,bear,1,volatility,fib_time_5,oos,776,0.05154639
h4,bear,1,volatility,fib_time_8,disc,3083,0.06454752
h4,bear,1,volatility,fib_time_8,val,672,0.10267857
h4,bear,1,volatility,fib_time_8,oos,500,0.07000000
h4,bear,1,volatility,fib_time_13,disc,1908,0.06656184
h4,bear,1,volatility,fib_time_13,val,412,0.11407767
h4,bear,1,volatility,fib_time_13,oos,318,0.07232704
h4,bear,1,volatility,fib_fan_down,disc,10423,0.07886405
h4,bear,1,volatility,fib_fan_down,val,2109,0.11379801
h4,bear,1,volatility,fib_fan_down,oos,1698,0.09128386
h4,bear,1,volatility,fib_arc_bear,disc,12996,0.07894737
h4,bear,1,volatility,fib_arc_bear,val,2644,0.10665658
h4,bear,1,volatility,fib_arc_bear,oos,2131,0.08775223
h4,bear,1,volatility,trendline_down,disc,12921,0.07754818
h4,bear,1,volatility,trendline_down,val,2830,0.09752650
h4,bear,1,volatility,trendline_down,oos,2108,0.08918406
h4,bear,1,volatility,channel_lower,disc,6262,0.07856915
h4,bear,1,volatility,channel_lower,val,1259,0.10961080
h4,bear,1,volatility,channel_lower,oos,887,0.10710259
h4,bear,1,volatility,channel_mid_bear,disc,12730,0.07863315
h4,bear,1,volatility,channel_mid_bear,val,2705,0.10129390
h4,bear,1,volatility,channel_mid_bear,oos,2016,0.09176587
h4,bear,1,volatility,channel_breakout_down,disc,1855,0.10404313
h4,bear,1,volatility,channel_breakout_down,val,346,0.11560694
h4,bear,1,volatility,channel_breakout_down,oos,272,0.13602941
h4,bear,1,volatility,horizontal_resistance_near,disc,1767,0.07017544
h4,bear,1,volatility,horizontal_resistance_near,val,375,0.05333333
h4,bear,1,volatility,horizontal_resistance_near,oos,290,0.02413793
h4,bear,1,volatility,horizontal_support_near,disc,1899,0.10426540
h4,bear,1,volatility,horizontal_support_near,val,370,0.12972973
h4,bear,1,volatility,horizontal_support_near,oos,254,0.14566929
h4,bear,1,volatility,horizontal_break_down,disc,1289,0.12102405
h4,bear,1,volatility,horizontal_break_down,val,235,0.14893617
h4,bear,1,volatility,horizontal_break_down,oos,185,0.16756757
h4,bear,1,volatility,vertical_session,disc,16863,0.06807804
h4,bear,1,volatility,vertical_session,val,3600,0.08333333
h4,bear,1,volatility,vertical_session,oos,2636,0.06031866
h4,bear,1,volatility,vertical_day_open,disc,3522,0.07751278
h4,bear,1,volatility,vertical_day_open,val,783,0.08812261
h4,bear,1,volatility,vertical_day_open,oos,607,0.05601318
h4,bear,1,volatility,vertical_week_open,disc,649,0.08012327
h4,bear,1,volatility,vertical_week_open,val,146,0.08219178
h4,bear,1,volatility,vertical_week_open,oos,115,0.07826087
h4,bear,1,volatility,rectangle_range,disc,12571,0.06371808
h4,bear,1,volatility,rectangle_range,val,2847,0.09308044
h4,bear,1,volatility,rectangle_range,oos,2058,0.06365403
h4,bear,1,volatility,triangle_breakout_down,disc,60,0.08333333
h4,bear,1,volatility,triangle_breakout_down,val,12,0.08333333
h4,bear,1,volatility,triangle_breakout_down,oos,2,0.00000000
h4,bear,1,volatility,ellipse_compression,disc,802,0.11097257
h4,bear,1,volatility,ellipse_compression,val,113,0.07964602
h4,bear,1,volatility,ellipse_compression,oos,166,0.07831325
h4,bear,1,volatility,elliott_wave2_bear,disc,2271,0.08454425
h4,bear,1,volatility,elliott_wave2_bear,val,520,0.08653846
h4,bear,1,volatility,elliott_wave2_bear,oos,439,0.08883827
h4,bear,1,volatility,elliott_wave3_bear,disc,2081,0.08601634
h4,bear,1,volatility,elliott_wave3_bear,val,375,0.13066667
h4,bear,1,volatility,elliott_wave3_bear,oos,289,0.10034602
h4,bear,1,volatility,elliott_wave4_bear,disc,2040,0.07500000
h4,bear,1,volatility,elliott_wave4_bear,val,461,0.13232104
h4,bear,1,volatility,elliott_wave4_bear,oos,341,0.06744868
h4,bear,1,volatility,elliott_wave5_bear,disc,1921,0.09213951
h4,bear,1,volatility,elliott_wave5_bear,val,340,0.10882353
h4,bear,1,volatility,elliott_wave5_bear,oos,252,0.11904762
h4,bear,1,volatility,elliott_impulse_bear,disc,2588,0.08578053
h4,bear,1,volatility,elliott_impulse_bear,val,476,0.12184874
h4,bear,1,volatility,elliott_impulse_bear,oos,339,0.10619469
h4,bear,1,volatility,elliott_pullback_bear,disc,4311,0.08002784
h4,bear,1,volatility,elliott_pullback_bear,val,981,0.10805301
h4,bear,1,volatility,elliott_pullback_bear,oos,780,0.07948718
h4,bear,1,volatility,range_compression,disc,19039,0.06859604
h4,bear,1,volatility,range_compression,val,4097,0.08713693
h4,bear,1,volatility,range_compression,oos,3049,0.05706789
h4,bear,1,volatility,range_tight,disc,780,0.05000000
h4,bear,1,volatility,range_tight,val,250,0.06800000
h4,bear,1,volatility,range_tight,oos,143,0.06993007
h4,bear,1,volatility,inside_bar,disc,4466,0.05194805
h4,bear,1,volatility,inside_bar,val,876,0.08333333
h4,bear,1,volatility,inside_bar,oos,672,0.05059524
h4,bear,1,volatility,inside_2,disc,624,0.04166667
h4,bear,1,volatility,inside_2,val,78,0.05128205
h4,bear,1,volatility,inside_2,oos,80,0.08750000
h4,bear,1,volatility,nr7,disc,3155,0.05419968
h4,bear,1,volatility,nr7,val,709,0.09449929
h4,bear,1,volatility,nr7,oos,504,0.05357143
h4,bear,1,volatility,nr4,disc,6622,0.04454847
h4,bear,1,volatility,nr4,val,1394,0.08393113
h4,bear,1,volatility,nr4,oos,1023,0.05474096
h4,bear,1,volatility,breakout_down20,disc,1855,0.10404313
h4,bear,1,volatility,breakout_down20,val,346,0.11560694
h4,bear,1,volatility,breakout_down20,oos,272,0.13602941
h4,bear,1,volatility,retest_down,disc,1853,0.10415542
h4,bear,1,volatility,retest_down,val,343,0.11370262
h4,bear,1,volatility,retest_down,oos,267,0.13483146
h4,bear,1,volatility,pin_bear,disc,326,0.21779141
h4,bear,1,volatility,pin_bear,val,77,0.16883117
h4,bear,1,volatility,pin_bear,oos,50,0.22000000
h4,bear,1,volatility,engulf_bear,disc,1912,0.08525105
h4,bear,1,volatility,engulf_bear,val,409,0.10757946
h4,bear,1,volatility,engulf_bear,oos,315,0.06666667
h4,bear,1,volatility,strong_close_bear,disc,4090,0.07237164
h4,bear,1,volatility,strong_close_bear,val,849,0.08009423
h4,bear,1,volatility,strong_close_bear,oos,586,0.05631399
h4,bear,1,volatility,gap_proxy_down,disc,384,0.07291667
h4,bear,1,volatility,gap_proxy_down,val,99,0.09090909
h4,bear,1,volatility,gap_proxy_down,oos,74,0.09459459
h4,bear,1,volatility,ll20,disc,3536,0.09502262
h4,bear,1,volatility,ll20,val,753,0.11155378
h4,bear,1,volatility,ll20,oos,513,0.11500975
h4,bear,1,volatility,structure_bear_transition,disc,8794,0.07709802
h4,bear,1,volatility,structure_bear_transition,val,1833,0.10365521
h4,bear,1,volatility,structure_bear_transition,oos,1322,0.07337368
h4,bear,1,volatility,compression,disc,2149,0.09771987
h4,bear,1,volatility,compression,val,419,0.08591885
h4,bear,1,volatility,compression,oos,382,0.08115183
h4,bear,1,volatility,shape_triangle_proxy,disc,1627,0.07805778
h4,bear,1,volatility,shape_triangle_proxy,val,361,0.06925208
h4,bear,1,volatility,shape_triangle_proxy,oos,319,0.06896552
h4,bear,1,adx_cross25_up,sma20_bear,disc,757,0.07661823
h4,bear,1,adx_cross25_up,sma20_bear,val,187,0.09625668
h4,bear,1,adx_cross25_up,sma20_bear,oos,127,0.07874016
h4,bear,1,adx_cross25_up,sma50_bear,disc,744,0.07795699
h4,bear,1,adx_cross25_up,sma50_bear,val,185,0.09189189
h4,bear,1,adx_cross25_up,sma50_bear,oos,122,0.08196721
h4,bear,1,adx_cross25_up,sma200_bear,disc,647,0.06336940
h4,bear,1,adx_cross25_up,sma200_bear,val,157,0.08280255
h4,bear,1,adx_cross25_up,sma200_bear,oos,99,0.09090909
h4,bear,1,adx_cross25_up,sma_stack_bear,disc,341,0.06158358
h4,bear,1,adx_cross25_up,sma_stack_bear,val,74,0.12162162
h4,bear,1,adx_cross25_up,sma_stack_bear,oos,38,0.05263158
h4,bear,1,adx_cross25_up,ichimoku_bear,disc,649,0.07395994
h4,bear,1,adx_cross25_up,ichimoku_bear,val,153,0.09803922
h4,bear,1,adx_cross25_up,ichimoku_bear,oos,99,0.10101010
h4,bear,1,adx_cross25_up,ichimoku_tk_bear,disc,685,0.07737226
h4,bear,1,adx_cross25_up,ichimoku_tk_bear,val,167,0.09580838
h4,bear,1,adx_cross25_up,ichimoku_tk_bear,oos,106,0.05660377
h4,bear,1,adx_cross25_up,ichimoku_cloud_bear,disc,675,0.06666667
h4,bear,1,adx_cross25_up,ichimoku_cloud_bear,val,153,0.08496732
h4,bear,1,adx_cross25_up,ichimoku_cloud_bear,oos,98,0.03061224
h4,bear,1,adx_cross25_up,span_model_bear,disc,582,0.06872852
h4,bear,1,adx_cross25_up,span_model_bear,val,132,0.10606061
h4,bear,1,adx_cross25_up,span_model_bear,oos,80,0.07500000
h4,bear,1,adx_cross25_up,bb_bear,disc,757,0.07661823
h4,bear,1,adx_cross25_up,bb_bear,val,187,0.09625668
h4,bear,1,adx_cross25_up,bb_bear,oos,127,0.07874016
h4,bear,1,adx_cross25_up,bb_lower,disc,633,0.07740916
h4,bear,1,adx_cross25_up,bb_lower,val,149,0.11409396
h4,bear,1,adx_cross25_up,bb_lower,oos,96,0.10416667
h4,bear,1,adx_cross25_up,superbb_squeeze,disc,107,0.07476636
h4,bear,1,adx_cross25_up,superbb_squeeze,val,30,0.10000000
h4,bear,1,adx_cross25_up,superbb_squeeze,oos,15,0.00000000
h4,bear,1,adx_cross25_up,superbb_expand,disc,908,0.06718062
h4,bear,1,adx_cross25_up,superbb_expand,val,205,0.08292683
h4,bear,1,adx_cross25_up,superbb_expand,oos,161,0.08695652
h4,bear,1,adx_cross25_up,stoch_bear,disc,745,0.06845638
h4,bear,1,adx_cross25_up,stoch_bear,val,171,0.09356725
h4,bear,1,adx_cross25_up,stoch_bear,oos,128,0.08593750
h4,bear,1,adx_cross25_up,stoch_cross_down,disc,337,0.06528190
h4,bear,1,adx_cross25_up,stoch_cross_down,val,72,0.11111111
h4,bear,1,adx_cross25_up,stoch_cross_down,oos,67,0.04477612
h4,bear,1,adx_cross25_up,stoch_fall_down,disc,73,0.08219178
h4,bear,1,adx_cross25_up,stoch_fall_down,val,14,0.07142857
h4,bear,1,adx_cross25_up,stoch_fall_down,oos,18,0.05555556
h4,bear,1,adx_cross25_up,rci_bear,disc,737,0.07327001
h4,bear,1,adx_cross25_up,rci_bear,val,183,0.09836066
h4,bear,1,adx_cross25_up,rci_bear,oos,121,0.07438017
h4,bear,1,adx_cross25_up,rci_strong_bear,disc,383,0.06005222
h4,bear,1,adx_cross25_up,rci_strong_bear,val,84,0.05952381
h4,bear,1,adx_cross25_up,rci_strong_bear,oos,54,0.03703704
h4,bear,1,adx_cross25_up,dmi_adx_bear,disc,766,0.07832898
h4,bear,1,adx_cross25_up,dmi_adx_bear,val,189,0.09523810
h4,bear,1,adx_cross25_up,dmi_adx_bear,oos,132,0.07575758
h4,bear,1,adx_cross25_up,dmi_adx_strong_bear,disc,766,0.07832898
h4,bear,1,adx_cross25_up,dmi_adx_strong_bear,val,189,0.09523810
h4,bear,1,adx_cross25_up,dmi_adx_strong_bear,oos,132,0.07575758
h4,bear,1,adx_cross25_up,fib_below382,disc,786,0.07633588
h4,bear,1,adx_cross25_up,fib_below382,val,193,0.09326425
h4,bear,1,adx_cross25_up,fib_below382,oos,131,0.07633588
h4,bear,1,adx_cross25_up,fib_below500,disc,722,0.07479224
h4,bear,1,adx_cross25_up,fib_below500,val,179,0.08938547
h4,bear,1,adx_cross25_up,fib_below500,oos,117,0.08547009
h4,bear,1,adx_cross25_up,fib_below618,disc,660,0.07272727
h4,bear,1,adx_cross25_up,fib_below618,val,165,0.09090909
h4,bear,1,adx_cross25_up,fib_below618,oos,99,0.10101010
h4,bear,1,adx_cross25_up,fib_time_zone,disc,527,0.09108159
h4,bear,1,adx_cross25_up,fib_time_zone,val,147,0.06802721
h4,bear,1,adx_cross25_up,fib_time_zone,oos,84,0.03571429
h4,bear,1,adx_cross25_up,fib_time_5,disc,298,0.10738255
h4,bear,1,adx_cross25_up,fib_time_5,val,81,0.08641975
h4,bear,1,adx_cross25_up,fib_time_5,oos,55,0.01818182
h4,bear,1,adx_cross25_up,fib_time_8,disc,176,0.09090909
h4,bear,1,adx_cross25_up,fib_time_8,val,57,0.03508772
h4,bear,1,adx_cross25_up,fib_time_8,oos,27,0.07407407
h4,bear,1,adx_cross25_up,fib_time_13,disc,124,0.04838710
h4,bear,1,adx_cross25_up,fib_time_13,val,30,0.16666667
h4,bear,1,adx_cross25_up,fib_time_13,oos,9,0.00000000
h4,bear,1,adx_cross25_up,fib_fan_down,disc,660,0.07272727
h4,bear,1,adx_cross25_up,fib_fan_down,val,165,0.09090909
h4,bear,1,adx_cross25_up,fib_fan_down,oos,99,0.10101010
h4,bear,1,adx_cross25_up,fib_arc_bear,disc,722,0.07479224
h4,bear,1,adx_cross25_up,fib_arc_bear,val,179,0.08938547
h4,bear,1,adx_cross25_up,fib_arc_bear,oos,117,0.08547009
h4,bear,1,adx_cross25_up,trendline_down,disc,734,0.08174387
h4,bear,1,adx_cross25_up,trendline_down,val,186,0.09677419
h4,bear,1,adx_cross25_up,trendline_down,oos,128,0.07812500
h4,bear,1,adx_cross25_up,channel_lower,disc,586,0.07167235
h4,bear,1,adx_cross25_up,channel_lower,val,144,0.11805556
h4,bear,1,adx_cross25_up,channel_lower,oos,79,0.10126582
h4,bear,1,adx_cross25_up,channel_mid_bear,disc,752,0.07446809
h4,bear,1,adx_cross25_up,channel_mid_bear,val,182,0.09890110
h4,bear,1,adx_cross25_up,channel_mid_bear,oos,124,0.08064516
h4,bear,1,adx_cross25_up,channel_breakout_down,disc,223,0.08071749
h4,bear,1,adx_cross25_up,channel_breakout_down,val,54,0.12962963
h4,bear,1,adx_cross25_up,channel_breakout_down,oos,41,0.12195122
h4,bear,1,adx_cross25_up,horizontal_resistance_near,disc,233,0.07725322
h4,bear,1,adx_cross25_up,horizontal_resistance_near,val,64,0.04687500
h4,bear,1,adx_cross25_up,horizontal_resistance_near,oos,38,0.02631579
h4,bear,1,adx_cross25_up,horizontal_support_near,disc,234,0.10256410
h4,bear,1,adx_cross25_up,horizontal_support_near,val,49,0.14285714
h4,bear,1,adx_cross25_up,horizontal_support_near,oos,31,0.16129032
h4,bear,1,adx_cross25_up,horizontal_break_down,disc,157,0.08917197
h4,bear,1,adx_cross25_up,horizontal_break_down,val,39,0.15384615
h4,bear,1,adx_cross25_up,horizontal_break_down,oos,25,0.20000000
h4,bear,1,adx_cross25_up,vertical_session,disc,985,0.07005076
h4,bear,1,adx_cross25_up,vertical_session,val,233,0.06437768
h4,bear,1,adx_cross25_up,vertical_session,oos,155,0.05161290
h4,bear,1,adx_cross25_up,vertical_day_open,disc,223,0.04035874
h4,bear,1,adx_cross25_up,vertical_day_open,val,55,0.12727273
h4,bear,1,adx_cross25_up,vertical_day_open,oos,32,0.06250000
h4,bear,1,adx_cross25_up,rectangle_range,disc,386,0.07253886
h4,bear,1,adx_cross25_up,rectangle_range,val,92,0.04347826
h4,bear,1,adx_cross25_up,rectangle_range,oos,84,0.07142857
h4,bear,1,adx_cross25_up,elliott_wave2_bear,disc,56,0.08928571
h4,bear,1,adx_cross25_up,elliott_wave2_bear,val,9,0.00000000
h4,bear,1,adx_cross25_up,elliott_wave2_bear,oos,15,0.00000000
h4,bear,1,adx_cross25_up,elliott_wave3_bear,disc,158,0.09493671
h4,bear,1,adx_cross25_up,elliott_wave3_bear,val,45,0.08888889
h4,bear,1,adx_cross25_up,elliott_wave3_bear,oos,37,0.13513514
h4,bear,1,adx_cross25_up,elliott_wave4_bear,disc,82,0.07317073
h4,bear,1,adx_cross25_up,elliott_wave4_bear,val,31,0.09677419
h4,bear,1,adx_cross25_up,elliott_wave4_bear,oos,19,0.10526316
h4,bear,1,adx_cross25_up,elliott_wave5_bear,disc,181,0.08287293
h4,bear,1,adx_cross25_up,elliott_wave5_bear,val,49,0.12244898
h4,bear,1,adx_cross25_up,elliott_wave5_bear,oos,33,0.15151515
h4,bear,1,adx_cross25_up,elliott_impulse_bear,disc,212,0.08490566
h4,bear,1,adx_cross25_up,elliott_impulse_bear,val,57,0.12280702
h4,bear,1,adx_cross25_up,elliott_impulse_bear,oos,40,0.12500000
h4,bear,1,adx_cross25_up,elliott_pullback_bear,disc,138,0.07971014
h4,bear,1,adx_cross25_up,elliott_pullback_bear,val,40,0.07500000
h4,bear,1,adx_cross25_up,elliott_pullback_bear,oos,34,0.05882353
h4,bear,1,adx_cross25_up,range_compression,disc,1045,0.06028708
h4,bear,1,adx_cross25_up,range_compression,val,270,0.05925926
h4,bear,1,adx_cross25_up,range_compression,oos,164,0.03658537
h4,bear,1,adx_cross25_up,inside_bar,disc,277,0.04693141
h4,bear,1,adx_cross25_up,inside_bar,val,37,0.05405405
h4,bear,1,adx_cross25_up,inside_bar,oos,49,0.08163265
h4,bear,1,adx_cross25_up,nr7,disc,184,0.02717391
h4,bear,1,adx_cross25_up,nr7,val,43,0.04651163
h4,bear,1,adx_cross25_up,nr7,oos,26,0.11538462
h4,bear,1,adx_cross25_up,nr4,disc,417,0.03357314
h4,bear,1,adx_cross25_up,nr4,val,82,0.03658537
h4,bear,1,adx_cross25_up,nr4,oos,60,0.05000000
h4,bear,1,adx_cross25_up,breakout_down20,disc,223,0.08071749
h4,bear,1,adx_cross25_up,breakout_down20,val,54,0.12962963
h4,bear,1,adx_cross25_up,breakout_down20,oos,41,0.12195122
h4,bear,1,adx_cross25_up,retest_down,disc,223,0.08071749
h4,bear,1,adx_cross25_up,retest_down,val,54,0.12962963
h4,bear,1,adx_cross25_up,retest_down,oos,39,0.12820513
h4,bear,1,adx_cross25_up,engulf_bear,disc,104,0.08653846
h4,bear,1,adx_cross25_up,engulf_bear,val,13,0.23076923
h4,bear,1,adx_cross25_up,engulf_bear,oos,17,0.05882353
h4,bear,1,adx_cross25_up,strong_close_bear,disc,238,0.05882353
h4,bear,1,adx_cross25_up,strong_close_bear,val,56,0.14285714
h4,bear,1,adx_cross25_up,strong_close_bear,oos,44,0.06818182
h4,bear,1,adx_cross25_up,ll20,disc,392,0.07908163
h4,bear,1,adx_cross25_up,ll20,val,99,0.14141414
h4,bear,1,adx_cross25_up,ll20,oos,58,0.10344828
h4,bear,1,adx_cross25_up,structure_bear_transition,disc,528,0.07196970
h4,bear,1,adx_cross25_up,structure_bear_transition,val,105,0.06666667
h4,bear,1,adx_cross25_up,structure_bear_transition,oos,93,0.07526882
h4,bear,1,adx_cross25_up,compression,disc,105,0.11428571
h4,bear,1,adx_cross25_up,compression,val,26,0.11538462
h4,bear,1,adx_cross25_up,compression,oos,15,0.00000000
h4,bear,1,adx_cross25_up,shape_triangle_proxy,disc,98,0.09183673
h4,bear,1,adx_cross25_up,shape_triangle_proxy,val,25,0.08000000
h4,bear,1,adx_cross25_up,shape_triangle_proxy,oos,15,0.00000000
h4,bear,1,rsi_cross45_down,sma20_bear,disc,3833,0.06600574
h4,bear,1,rsi_cross45_down,sma20_bear,val,1008,0.08035714
h4,bear,1,rsi_cross45_down,sma20_bear,oos,607,0.04118616
h4,bear,1,rsi_cross45_down,sma50_bear,disc,3522,0.06672345
h4,bear,1,rsi_cross45_down,sma50_bear,val,907,0.08710033
h4,bear,1,rsi_cross45_down,sma50_bear,oos,558,0.04121864
h4,bear,1,rsi_cross45_down,sma200_bear,disc,2301,0.06388527
h4,bear,1,rsi_cross45_down,sma200_bear,val,510,0.08823529
h4,bear,1,rsi_cross45_down,sma200_bear,oos,322,0.03726708
h4,bear,1,rsi_cross45_down,sma_stack_bear,disc,1174,0.06899489
h4,bear,1,rsi_cross45_down,sma_stack_bear,val,220,0.11363636
h4,bear,1,rsi_cross45_down,sma_stack_bear,oos,148,0.02027027
h4,bear,1,rsi_cross45_down,ichimoku_bear,disc,2397,0.06675010
h4,bear,1,rsi_cross45_down,ichimoku_bear,val,556,0.09532374
h4,bear,1,rsi_cross45_down,ichimoku_bear,oos,338,0.03550296
h4,bear,1,rsi_cross45_down,ichimoku_tk_bear,disc,2257,0.07000443
h4,bear,1,rsi_cross45_down,ichimoku_tk_bear,val,634,0.07886435
h4,bear,1,rsi_cross45_down,ichimoku_tk_bear,oos,359,0.03621170
h4,bear,1,rsi_cross45_down,ichimoku_cloud_bear,disc,1943,0.06176016
h4,bear,1,rsi_cross45_down,ichimoku_cloud_bear,val,435,0.08045977
h4,bear,1,rsi_cross45_down,ichimoku_cloud_bear,oos,260,0.04615385
h4,bear,1,rsi_cross45_down,span_model_bear,disc,1527,0.07269155
h4,bear,1,rsi_cross45_down,span_model_bear,val,376,0.07446809
h4,bear,1,rsi_cross45_down,span_model_bear,oos,215,0.03720930
h4,bear,1,rsi_cross45_down,bb_bear,disc,3833,0.06600574
h4,bear,1,rsi_cross45_down,bb_bear,val,1008,0.08035714
h4,bear,1,rsi_cross45_down,bb_bear,oos,607,0.04118616
h4,bear,1,rsi_cross45_down,bb_lower,disc,1971,0.07001522
h4,bear,1,rsi_cross45_down,bb_lower,val,569,0.06854130
h4,bear,1,rsi_cross45_down,bb_lower,oos,340,0.04705882
h4,bear,1,rsi_cross45_down,superbb_bear,disc,139,0.14388489
h4,bear,1,rsi_cross45_down,superbb_bear,val,28,0.10714286
h4,bear,1,rsi_cross45_down,superbb_bear,oos,36,0.08333333
h4,bear,1,rsi_cross45_down,superbb_squeeze,disc,1251,0.05995204
h4,bear,1,rsi_cross45_down,superbb_squeeze,val,361,0.04986150
h4,bear,1,rsi_cross45_down,superbb_squeeze,oos,198,0.04040404
h4,bear,1,rsi_cross45_down,superbb_expand,disc,494,0.09311741
h4,bear,1,rsi_cross45_down,superbb_expand,val,117,0.09401709
h4,bear,1,rsi_cross45_down,superbb_expand,oos,106,0.06603774
h4,bear,1,rsi_cross45_down,stoch_bear,disc,3659,0.06750478
h4,bear,1,rsi_cross45_down,stoch_bear,val,963,0.08307373
h4,bear,1,rsi_cross45_down,stoch_bear,oos,585,0.04273504
h4,bear,1,rsi_cross45_down,stoch_cross_down,disc,1742,0.06888634
h4,bear,1,rsi_cross45_down,stoch_cross_down,val,451,0.09756098
h4,bear,1,rsi_cross45_down,stoch_cross_down,oos,248,0.03629032
h4,bear,1,rsi_cross45_down,stoch_fall_down,disc,293,0.11604096
h4,bear,1,rsi_cross45_down,stoch_fall_down,val,53,0.11320755
h4,bear,1,rsi_cross45_down,stoch_fall_down,oos,40,0.00000000
h4,bear,1,rsi_cross45_down,rci_bear,disc,2494,0.06214916
h4,bear,1,rsi_cross45_down,rci_bear,val,694,0.08357349
h4,bear,1,rsi_cross45_down,rci_bear,oos,388,0.03865979
h4,bear,1,rsi_cross45_down,rci_strong_bear,disc,334,0.06886228
h4,bear,1,rsi_cross45_down,rci_strong_bear,val,99,0.09090909
h4,bear,1,rsi_cross45_down,rci_strong_bear,oos,44,0.00000000
h4,bear,1,rsi_cross45_down,rci_cross_down,disc,418,0.08612440
h4,bear,1,rsi_cross45_down,rci_cross_down,val,104,0.07692308
h4,bear,1,rsi_cross45_down,rci_cross_down,oos,59,0.03389831
h4,bear,1,rsi_cross45_down,dmi_adx_bear,disc,989,0.07987867
h4,bear,1,rsi_cross45_down,dmi_adx_bear,val,247,0.09716599
h4,bear,1,rsi_cross45_down,dmi_adx_bear,oos,177,0.04519774
h4,bear,1,rsi_cross45_down,dmi_adx_strong_bear,disc,1616,0.08106436
h4,bear,1,rsi_cross45_down,dmi_adx_strong_bear,val,471,0.08917197
h4,bear,1,rsi_cross45_down,dmi_adx_strong_bear,oos,318,0.05660377
h4,bear,1,rsi_cross45_down,fib_below382,disc,3742,0.06467130
h4,bear,1,rsi_cross45_down,fib_below382,val,969,0.08152735
h4,bear,1,rsi_cross45_down,fib_below382,oos,577,0.03812825
h4,bear,1,rsi_cross45_down,fib_below500,disc,3218,0.06712244
h4,bear,1,rsi_cross45_down,fib_below500,val,816,0.08823529
h4,bear,1,rsi_cross45_down,fib_below500,oos,493,0.03853955
h4,bear,1,rsi_cross45_down,fib_below618,disc,2599,0.06694883
h4,bear,1,rsi_cross45_down,fib_below618,val,625,0.09120000
h4,bear,1,rsi_cross45_down,fib_below618,oos,371,0.03504043
h4,bear,1,rsi_cross45_down,fib_time_zone,disc,1373,0.06773489
h4,bear,1,rsi_cross45_down,fib_time_zone,val,357,0.08123249
h4,bear,1,rsi_cross45_down,fib_time_zone,oos,237,0.02109705
h4,bear,1,rsi_cross45_down,fib_time_5,disc,763,0.06159895
h4,bear,1,rsi_cross45_down,fib_time_5,val,204,0.07352941
h4,bear,1,rsi_cross45_down,fib_time_5,oos,143,0.02097902
h4,bear,1,rsi_cross45_down,fib_time_8,disc,491,0.05498982
h4,bear,1,rsi_cross45_down,fib_time_8,val,122,0.08196721
h4,bear,1,rsi_cross45_down,fib_time_8,oos,80,0.02500000
h4,bear,1,rsi_cross45_down,fib_time_13,disc,299,0.08695652
h4,bear,1,rsi_cross45_down,fib_time_13,val,79,0.07594937
h4,bear,1,rsi_cross45_down,fib_time_13,oos,46,0.00000000
h4,bear,1,rsi_cross45_down,fib_fan_down,disc,2599,0.06694883
h4,bear,1,rsi_cross45_down,fib_fan_down,val,625,0.09120000
h4,bear,1,rsi_cross45_down,fib_fan_down,oos,371,0.03504043
h4,bear,1,rsi_cross45_down,fib_arc_bear,disc,3218,0.06712244
h4,bear,1,rsi_cross45_down,fib_arc_bear,val,816,0.08823529
h4,bear,1,rsi_cross45_down,fib_arc_bear,oos,493,0.03853955
h4,bear,1,rsi_cross45_down,trendline_down,disc,2463,0.06496143
h4,bear,1,rsi_cross45_down,trendline_down,val,703,0.07965861
h4,bear,1,rsi_cross45_down,trendline_down,oos,385,0.04415584
h4,bear,1,rsi_cross45_down,channel_lower,disc,1695,0.07197640
h4,bear,1,rsi_cross45_down,channel_lower,val,456,0.08114035
h4,bear,1,rsi_cross45_down,channel_lower,oos,267,0.05992509
h4,bear,1,rsi_cross45_down,channel_mid_bear,disc,3750,0.06586667
h4,bear,1,rsi_cross45_down,channel_mid_bear,val,982,0.08044807
h4,bear,1,rsi_cross45_down,channel_mid_bear,oos,589,0.04244482
h4,bear,1,rsi_cross45_down,channel_breakout_down,disc,567,0.08289242
h4,bear,1,rsi_cross45_down,channel_breakout_down,val,144,0.06250000
h4,bear,1,rsi_cross45_down,channel_breakout_down,oos,102,0.08823529
h4,bear,1,rsi_cross45_down,horizontal_support_near,disc,199,0.11557789
h4,bear,1,rsi_cross45_down,horizontal_support_near,val,40,0.10000000
h4,bear,1,rsi_cross45_down,horizontal_support_near,oos,26,0.07692308
h4,bear,1,rsi_cross45_down,horizontal_break_down,disc,140,0.15000000
h4,bear,1,rsi_cross45_down,horizontal_break_down,val,27,0.07407407
h4,bear,1,rsi_cross45_down,horizontal_break_down,oos,19,0.10526316
h4,bear,1,rsi_cross45_down,vertical_session,disc,2954,0.06702776
h4,bear,1,rsi_cross45_down,vertical_session,val,740,0.07297297
h4,bear,1,rsi_cross45_down,vertical_session,oos,444,0.04954955
h4,bear,1,rsi_cross45_down,vertical_day_open,disc,626,0.05910543
h4,bear,1,rsi_cross45_down,vertical_day_open,val,178,0.06179775
h4,bear,1,rsi_cross45_down,vertical_day_open,oos,96,0.04166667
h4,bear,1,rsi_cross45_down,vertical_week_open,disc,142,0.07746479
h4,bear,1,rsi_cross45_down,vertical_week_open,val,35,0.00000000
h4,bear,1,rsi_cross45_down,vertical_week_open,oos,18,0.00000000
h4,bear,1,rsi_cross45_down,rectangle_range,disc,2240,0.06026786
h4,bear,1,rsi_cross45_down,rectangle_range,val,580,0.07241379
h4,bear,1,rsi_cross45_down,rectangle_range,oos,347,0.02881844
h4,bear,1,rsi_cross45_down,ellipse_compression,disc,73,0.13698630
h4,bear,1,rsi_cross45_down,ellipse_compression,val,24,0.08333333
h4,bear,1,rsi_cross45_down,ellipse_compression,oos,22,0.00000000
h4,bear,1,rsi_cross45_down,elliott_wave2_bear,disc,195,0.04615385
h4,bear,1,rsi_cross45_down,elliott_wave2_bear,val,57,0.10526316
h4,bear,1,rsi_cross45_down,elliott_wave2_bear,oos,34,0.02941176
h4,bear,1,rsi_cross45_down,elliott_wave3_bear,disc,902,0.06762749
h4,bear,1,rsi_cross45_down,elliott_wave3_bear,val,234,0.08547009
h4,bear,1,rsi_cross45_down,elliott_wave3_bear,oos,177,0.05649718
h4,bear,1,rsi_cross45_down,elliott_wave4_bear,disc,292,0.05479452
h4,bear,1,rsi_cross45_down,elliott_wave4_bear,val,79,0.05063291
h4,bear,1,rsi_cross45_down,elliott_wave4_bear,oos,56,0.05357143
h4,bear,1,rsi_cross45_down,elliott_wave5_bear,disc,839,0.07151371
h4,bear,1,rsi_cross45_down,elliott_wave5_bear,val,207,0.06280193
h4,bear,1,rsi_cross45_down,elliott_wave5_bear,oos,139,0.05035971
h4,bear,1,rsi_cross45_down,elliott_impulse_bear,disc,1233,0.06893755
h4,bear,1,rsi_cross45_down,elliott_impulse_bear,val,308,0.07467532
h4,bear,1,rsi_cross45_down,elliott_impulse_bear,oos,218,0.05504587
h4,bear,1,rsi_cross45_down,elliott_pullback_bear,disc,487,0.05133470
h4,bear,1,rsi_cross45_down,elliott_pullback_bear,val,136,0.07352941
h4,bear,1,rsi_cross45_down,elliott_pullback_bear,oos,90,0.04444444
h4,bear,1,rsi_cross45_down,range_compression,disc,3238,0.06701668
h4,bear,1,rsi_cross45_down,range_compression,val,839,0.08104887
h4,bear,1,rsi_cross45_down,range_compression,oos,506,0.03754941
h4,bear,1,rsi_cross45_down,range_tight,disc,497,0.06438632
h4,bear,1,rsi_cross45_down,range_tight,val,177,0.05649718
h4,bear,1,rsi_cross45_down,range_tight,oos,106,0.05660377
h4,bear,1,rsi_cross45_down,inside_bar,disc,344,0.02906977
h4,bear,1,rsi_cross45_down,inside_bar,val,77,0.02597403
h4,bear,1,rsi_cross45_down,inside_bar,oos,50,0.02000000
h4,bear,1,rsi_cross45_down,inside_2,disc,53,0.03773585
h4,bear,1,rsi_cross45_down,inside_2,val,5,0.00000000
h4,bear,1,rsi_cross45_down,inside_2,oos,6,0.00000000
h4,bear,1,rsi_cross45_down,nr7,disc,156,0.03205128
h4,bear,1,rsi_cross45_down,nr7,val,46,0.08695652
h4,bear,1,rsi_cross45_down,nr7,oos,25,0.00000000
h4,bear,1,rsi_cross45_down,nr4,disc,419,0.02147971
h4,bear,1,rsi_cross45_down,nr4,val,114,0.05263158
h4,bear,1,rsi_cross45_down,nr4,oos,59,0.01694915
h4,bear,1,rsi_cross45_down,breakout_down20,disc,567,0.08289242
h4,bear,1,rsi_cross45_down,breakout_down20,val,144,0.06250000
h4,bear,1,rsi_cross45_down,breakout_down20,oos,102,0.08823529
h4,bear,1,rsi_cross45_down,retest_down,disc,567,0.08289242
h4,bear,1,rsi_cross45_down,retest_down,val,144,0.06250000
h4,bear,1,rsi_cross45_down,retest_down,oos,99,0.09090909
h4,bear,1,rsi_cross45_down,squeeze_release_down,disc,144,0.06944444
h4,bear,1,rsi_cross45_down,squeeze_release_down,val,49,0.04081633
h4,bear,1,rsi_cross45_down,squeeze_release_down,oos,33,0.03030303
h4,bear,1,rsi_cross45_down,engulf_bear,disc,988,0.07894737
h4,bear,1,rsi_cross45_down,engulf_bear,val,233,0.11587983
h4,bear,1,rsi_cross45_down,engulf_bear,oos,164,0.03658537
h4,bear,1,rsi_cross45_down,strong_close_bear,disc,1876,0.06769723
h4,bear,1,rsi_cross45_down,strong_close_bear,val,492,0.07723577
h4,bear,1,rsi_cross45_down,strong_close_bear,oos,288,0.03125000
h4,bear,1,rsi_cross45_down,ll20,disc,901,0.07658158
h4,bear,1,rsi_cross45_down,ll20,val,238,0.08823529
h4,bear,1,rsi_cross45_down,ll20,oos,165,0.06666667
h4,bear,1,rsi_cross45_down,structure_bear_transition,disc,2912,0.06593407
h4,bear,1,rsi_cross45_down,structure_bear_transition,val,751,0.07456724
h4,bear,1,rsi_cross45_down,structure_bear_transition,oos,484,0.03925620
h4,bear,1,rsi_cross45_down,compression,disc,297,0.08080808
h4,bear,1,rsi_cross45_down,compression,val,89,0.11235955
h4,bear,1,rsi_cross45_down,compression,oos,67,0.07462687
h4,bear,1,rsi_cross45_down,shape_triangle_proxy,disc,283,0.07420495
h4,bear,1,rsi_cross45_down,shape_triangle_proxy,val,86,0.11627907
h4,bear,1,rsi_cross45_down,shape_triangle_proxy,oos,65,0.07692308
h4,bear,1,rsi_down1,sma20_bear,disc,9915,0.07130610
h4,bear,1,rsi_down1,sma20_bear,val,2559,0.07815553
h4,bear,1,rsi_down1,sma20_bear,oos,1675,0.06149254
h4,bear,1,rsi_down1,sma50_bear,disc,8618,0.07124623
h4,bear,1,rsi_down1,sma50_bear,val,2074,0.07666345
h4,bear,1,rsi_down1,sma50_bear,oos,1411,0.06378455
h4,bear,1,rsi_down1,sma200_bear,disc,7821,0.06904488
h4,bear,1,rsi_down1,sma200_bear,val,1686,0.07651246
h4,bear,1,rsi_down1,sma200_bear,oos,1241,0.05398872
h4,bear,1,rsi_down1,sma_stack_bear,disc,4033,0.07215472
h4,bear,1,rsi_down1,sma_stack_bear,val,779,0.08600770
h4,bear,1,rsi_down1,sma_stack_bear,oos,532,0.02631579
h4,bear,1,rsi_down1,ichimoku_bear,disc,6970,0.07087518
h4,bear,1,rsi_down1,ichimoku_bear,val,1550,0.07419355
h4,bear,1,rsi_down1,ichimoku_bear,oos,1056,0.06250000
h4,bear,1,rsi_down1,ichimoku_tk_bear,disc,6658,0.07059177
h4,bear,1,rsi_down1,ichimoku_tk_bear,val,1678,0.06972586
h4,bear,1,rsi_down1,ichimoku_tk_bear,oos,1106,0.05967450
h4,bear,1,rsi_down1,ichimoku_cloud_bear,disc,7842,0.06388676
h4,bear,1,rsi_down1,ichimoku_cloud_bear,val,1806,0.07253599
h4,bear,1,rsi_down1,ichimoku_cloud_bear,oos,1218,0.04515599
h4,bear,1,rsi_down1,span_model_bear,disc,4893,0.07255263
h4,bear,1,rsi_down1,span_model_bear,val,1103,0.06346328
h4,bear,1,rsi_down1,span_model_bear,oos,767,0.06649283
h4,bear,1,rsi_down1,bb_bear,disc,9915,0.07130610
h4,bear,1,rsi_down1,bb_bear,val,2559,0.07815553
h4,bear,1,rsi_down1,bb_bear,oos,1675,0.06149254
h4,bear,1,rsi_down1,bb_lower,disc,5667,0.07887771
h4,bear,1,rsi_down1,bb_lower,val,1466,0.06957708
h4,bear,1,rsi_down1,bb_lower,oos,931,0.07411386
h4,bear,1,rsi_down1,superbb_bear,disc,331,0.15105740
h4,bear,1,rsi_down1,superbb_bear,val,76,0.17105263
h4,bear,1,rsi_down1,superbb_bear,oos,80,0.11250000
h4,bear,1,rsi_down1,superbb_squeeze,disc,3848,0.05327443
h4,bear,1,rsi_down1,superbb_squeeze,val,1071,0.06629318
h4,bear,1,rsi_down1,superbb_squeeze,oos,653,0.03522205
h4,bear,1,rsi_down1,superbb_expand,disc,4019,0.08161234
h4,bear,1,rsi_down1,superbb_expand,val,954,0.05974843
h4,bear,1,rsi_down1,superbb_expand,oos,741,0.07962213
h4,bear,1,rsi_down1,stoch_bear,disc,15807,0.06503448
h4,bear,1,rsi_down1,stoch_bear,val,4080,0.06936275
h4,bear,1,rsi_down1,stoch_bear,oos,2817,0.05005325
h4,bear,1,rsi_down1,stoch_cross_down,disc,7967,0.06388854
h4,bear,1,rsi_down1,stoch_cross_down,val,2070,0.07101449
h4,bear,1,rsi_down1,stoch_cross_down,oos,1409,0.04755145
h4,bear,1,rsi_down1,stoch_fall_down,disc,3967,0.06352407
h4,bear,1,rsi_down1,stoch_fall_down,val,944,0.05826271
h4,bear,1,rsi_down1,stoch_fall_down,oos,710,0.04507042
h4,bear,1,rsi_down1,rci_bear,disc,7272,0.07054455
h4,bear,1,rsi_down1,rci_bear,val,1905,0.07769029
h4,bear,1,rsi_down1,rci_bear,oos,1226,0.06851550
h4,bear,1,rsi_down1,rci_strong_bear,disc,1825,0.07561644
h4,bear,1,rsi_down1,rci_strong_bear,val,408,0.05882353
h4,bear,1,rsi_down1,rci_strong_bear,oos,264,0.08333333
h4,bear,1,rsi_down1,rci_cross_down,disc,983,0.08748728
h4,bear,1,rsi_down1,rci_cross_down,val,233,0.09871245
h4,bear,1,rsi_down1,rci_cross_down,oos,178,0.03932584
h4,bear,1,rsi_down1,dmi_adx_bear,disc,3482,0.08529581
h4,bear,1,rsi_down1,dmi_adx_bear,val,766,0.07441253
h4,bear,1,rsi_down1,dmi_adx_bear,oos,662,0.08459215
h4,bear,1,rsi_down1,dmi_adx_strong_bear,disc,5042,0.08230861
h4,bear,1,rsi_down1,dmi_adx_strong_bear,val,1283,0.07794232
h4,bear,1,rsi_down1,dmi_adx_strong_bear,oos,973,0.07913669
h4,bear,1,rsi_down1,fib_below382,disc,10218,0.06850656
h4,bear,1,rsi_down1,fib_below382,val,2469,0.07492912
h4,bear,1,rsi_down1,fib_below382,oos,1662,0.05956679
h4,bear,1,rsi_down1,fib_below500,disc,8364,0.07125777
h4,bear,1,rsi_down1,fib_below500,val,1967,0.07219115
h4,bear,1,rsi_down1,fib_below500,oos,1328,0.06024096
h4,bear,1,rsi_down1,fib_below618,disc,6697,0.07182320
h4,bear,1,rsi_down1,fib_below618,val,1523,0.07419567
h4,bear,1,rsi_down1,fib_below618,oos,1026,0.06335283
h4,bear,1,rsi_down1,fib_time_zone,disc,5991,0.06426306
h4,bear,1,rsi_down1,fib_time_zone,val,1522,0.06701708
h4,bear,1,rsi_down1,fib_time_zone,oos,1026,0.05165692
h4,bear,1,rsi_down1,fib_time_5,disc,3438,0.06457243
h4,bear,1,rsi_down1,fib_time_5,val,861,0.06852497
h4,bear,1,rsi_down1,fib_time_5,oos,598,0.05518395
h4,bear,1,rsi_down1,fib_time_8,disc,2069,0.05751571
h4,bear,1,rsi_down1,fib_time_8,val,548,0.05839416
h4,bear,1,rsi_down1,fib_time_8,oos,366,0.04371585
h4,bear,1,rsi_down1,fib_time_13,disc,1292,0.06269350
h4,bear,1,rsi_down1,fib_time_13,val,319,0.07523511
h4,bear,1,rsi_down1,fib_time_13,oos,197,0.05076142
h4,bear,1,rsi_down1,fib_fan_down,disc,6697,0.07182320
h4,bear,1,rsi_down1,fib_fan_down,val,1523,0.07419567
h4,bear,1,rsi_down1,fib_fan_down,oos,1026,0.06335283
h4,bear,1,rsi_down1,fib_arc_bear,disc,8364,0.07125777
h4,bear,1,rsi_down1,fib_arc_bear,val,1967,0.07219115
h4,bear,1,rsi_down1,fib_arc_bear,oos,1328,0.06024096
h4,bear,1,rsi_down1,trendline_down,disc,7024,0.07118451
h4,bear,1,rsi_down1,trendline_down,val,1859,0.07584723
h4,bear,1,rsi_down1,trendline_down,oos,1181,0.07027942
h4,bear,1,rsi_down1,channel_lower,disc,5308,0.07667671
h4,bear,1,rsi_down1,channel_lower,val,1293,0.07579273
h4,bear,1,rsi_down1,channel_lower,oos,820,0.07682927
h4,bear,1,rsi_down1,channel_mid_bear,disc,9381,0.07227374
h4,bear,1,rsi_down1,channel_mid_bear,val,2369,0.07724778
h4,bear,1,rsi_down1,channel_mid_bear,oos,1521,0.06245891
h4,bear,1,rsi_down1,channel_breakout_down,disc,2724,0.09067548
h4,bear,1,rsi_down1,channel_breakout_down,val,626,0.07188498
h4,bear,1,rsi_down1,channel_breakout_down,oos,417,0.09592326
h4,bear,1,rsi_down1,horizontal_support_near,disc,1984,0.09223790
h4,bear,1,rsi_down1,horizontal_support_near,val,420,0.09285714
h4,bear,1,rsi_down1,horizontal_support_near,oos,272,0.09926471
h4,bear,1,rsi_down1,horizontal_break_down,disc,1579,0.10449652
h4,bear,1,rsi_down1,horizontal_break_down,val,320,0.09687500
h4,bear,1,rsi_down1,horizontal_break_down,oos,214,0.11682243
h4,bear,1,rsi_down1,vertical_session,disc,12280,0.06351792
h4,bear,1,rsi_down1,vertical_session,val,3085,0.06645057
h4,bear,1,rsi_down1,vertical_session,oos,2073,0.05258080
h4,bear,1,rsi_down1,vertical_day_open,disc,2721,0.06357957
h4,bear,1,rsi_down1,vertical_day_open,val,741,0.06342780
h4,bear,1,rsi_down1,vertical_day_open,oos,510,0.04313725
h4,bear,1,rsi_down1,vertical_week_open,disc,608,0.04111842
h4,bear,1,rsi_down1,vertical_week_open,val,145,0.03448276
h4,bear,1,rsi_down1,vertical_week_open,oos,109,0.04587156
h4,bear,1,rsi_down1,rectangle_range,disc,9408,0.05729167
h4,bear,1,rsi_down1,rectangle_range,val,2486,0.06677393
h4,bear,1,rsi_down1,rectangle_range,oos,1722,0.04239257
h4,bear,1,rsi_down1,triangle_breakout_down,disc,92,0.09782609
h4,bear,1,rsi_down1,triangle_breakout_down,val,20,0.20000000
h4,bear,1,rsi_down1,triangle_breakout_down,oos,9,0.00000000
h4,bear,1,rsi_down1,ellipse_compression,disc,327,0.07951070
h4,bear,1,rsi_down1,ellipse_compression,val,92,0.11956522
h4,bear,1,rsi_down1,ellipse_compression,oos,58,0.05172414
h4,bear,1,rsi_down1,elliott_wave2_bear,disc,922,0.06399132
h4,bear,1,rsi_down1,elliott_wave2_bear,val,234,0.11965812
h4,bear,1,rsi_down1,elliott_wave2_bear,oos,163,0.03680982
h4,bear,1,rsi_down1,elliott_wave3_bear,disc,3245,0.07858243
h4,bear,1,rsi_down1,elliott_wave3_bear,val,750,0.09200000
h4,bear,1,rsi_down1,elliott_wave3_bear,oos,494,0.07489879
h4,bear,1,rsi_down1,elliott_wave4_bear,disc,819,0.05860806
h4,bear,1,rsi_down1,elliott_wave4_bear,val,210,0.05714286
h4,bear,1,rsi_down1,elliott_wave4_bear,oos,165,0.05454545
h4,bear,1,rsi_down1,elliott_wave5_bear,disc,2912,0.08104396
h4,bear,1,rsi_down1,elliott_wave5_bear,val,670,0.07611940
h4,bear,1,rsi_down1,elliott_wave5_bear,oos,442,0.07466063
h4,bear,1,rsi_down1,elliott_impulse_bear,disc,4152,0.07634875
h4,bear,1,rsi_down1,elliott_impulse_bear,val,978,0.08691207
h4,bear,1,rsi_down1,elliott_impulse_bear,oos,626,0.06709265
h4,bear,1,rsi_down1,elliott_pullback_bear,disc,1741,0.06145893
h4,bear,1,rsi_down1,elliott_pullback_bear,val,444,0.09009009
h4,bear,1,rsi_down1,elliott_pullback_bear,oos,328,0.04573171
h4,bear,1,rsi_down1,range_compression,disc,13488,0.06376038
h4,bear,1,rsi_down1,range_compression,val,3456,0.06568287
h4,bear,1,rsi_down1,range_compression,oos,2388,0.04271357
h4,bear,1,rsi_down1,range_tight,disc,1201,0.05995004
h4,bear,1,rsi_down1,range_tight,val,374,0.05080214
h4,bear,1,rsi_down1,range_tight,oos,236,0.05932203
h4,bear,1,rsi_down1,inside_bar,disc,1633,0.04164115
h4,bear,1,rsi_down1,inside_bar,val,425,0.05647059
h4,bear,1,rsi_down1,inside_bar,oos,300,0.01333333
h4,bear,1,rsi_down1,inside_2,disc,101,0.05940594
h4,bear,1,rsi_down1,inside_2,val,20,0.00000000
h4,bear,1,rsi_down1,inside_2,oos,11,0.09090909
h4,bear,1,rsi_down1,nr7,disc,405,0.03950617
h4,bear,1,rsi_down1,nr7,val,147,0.07482993
h4,bear,1,rsi_down1,nr7,oos,89,0.02247191
h4,bear,1,rsi_down1,nr4,disc,1583,0.02653190
h4,bear,1,rsi_down1,nr4,val,453,0.05298013
h4,bear,1,rsi_down1,nr4,oos,301,0.02325581
h4,bear,1,rsi_down1,breakout_down20,disc,2724,0.09067548
h4,bear,1,rsi_down1,breakout_down20,val,626,0.07188498
h4,bear,1,rsi_down1,breakout_down20,oos,417,0.09592326
h4,bear,1,rsi_down1,retest_down,disc,2722,0.09074210
h4,bear,1,rsi_down1,retest_down,val,620,0.06935484
h4,bear,1,rsi_down1,retest_down,oos,412,0.09708738
h4,bear,1,rsi_down1,squeeze_release_down,disc,343,0.05539359
h4,bear,1,rsi_down1,squeeze_release_down,val,106,0.05660377
h4,bear,1,rsi_down1,squeeze_release_down,oos,50,0.04000000
h4,bear,1,rsi_down1,engulf_bear,disc,4194,0.07248450
h4,bear,1,rsi_down1,engulf_bear,val,1050,0.07523810
h4,bear,1,rsi_down1,engulf_bear,oos,792,0.04545455
h4,bear,1,rsi_down1,strong_close_bear,disc,7528,0.06548884
h4,bear,1,rsi_down1,strong_close_bear,val,1946,0.06320658
h4,bear,1,rsi_down1,strong_close_bear,oos,1311,0.03890160
h4,bear,1,rsi_down1,gap_proxy_down,disc,188,0.06382979
h4,bear,1,rsi_down1,gap_proxy_down,val,74,0.14864865
h4,bear,1,rsi_down1,gap_proxy_down,oos,78,0.00000000
h4,bear,1,rsi_down1,ll20,disc,3539,0.08448714
h4,bear,1,rsi_down1,ll20,val,837,0.08243728
h4,bear,1,rsi_down1,ll20,oos,550,0.08727273
h4,bear,1,rsi_down1,structure_bear_transition,disc,11900,0.06789916
h4,bear,1,rsi_down1,structure_bear_transition,val,3055,0.07168576
h4,bear,1,rsi_down1,structure_bear_transition,oos,2127,0.04654443
h4,bear,1,rsi_down1,compression,disc,1235,0.08421053
h4,bear,1,rsi_down1,compression,val,323,0.09907121
h4,bear,1,rsi_down1,compression,oos,212,0.07075472
h4,bear,1,rsi_down1,shape_triangle_proxy,disc,1153,0.07545533
h4,bear,1,rsi_down1,shape_triangle_proxy,val,300,0.10000000
h4,bear,1,rsi_down1,shape_triangle_proxy,oos,208,0.06730769
h4,bear,1,adx_up3,sma20_bear,disc,7372,0.07230060
h4,bear,1,adx_up3,sma20_bear,val,1691,0.06564163
h4,bear,1,adx_up3,sma20_bear,oos,1505,0.09568106
h4,bear,1,adx_up3,sma50_bear,disc,7274,0.07272477
h4,bear,1,adx_up3,sma50_bear,val,1672,0.06638756
h4,bear,1,adx_up3,sma50_bear,oos,1455,0.09828179
h4,bear,1,adx_up3,sma200_bear,disc,6427,0.07172864
h4,bear,1,adx_up3,sma200_bear,val,1494,0.06760375
h4,bear,1,adx_up3,sma200_bear,oos,1282,0.09594384
h4,bear,1,adx_up3,sma_stack_bear,disc,3666,0.07310420
h4,bear,1,adx_up3,sma_stack_bear,val,791,0.07585335
h4,bear,1,adx_up3,sma_stack_bear,oos,479,0.06054280
h4,bear,1,adx_up3,ichimoku_bear,disc,6665,0.07336834
h4,bear,1,adx_up3,ichimoku_bear,val,1490,0.06912752
h4,bear,1,adx_up3,ichimoku_bear,oos,1260,0.10396825
h4,bear,1,adx_up3,ichimoku_tk_bear,disc,6883,0.07278803
h4,bear,1,adx_up3,ichimoku_tk_bear,val,1540,0.06168831
h4,bear,1,adx_up3,ichimoku_tk_bear,oos,1318,0.08801214
h4,bear,1,adx_up3,ichimoku_cloud_bear,disc,6185,0.06952304
h4,bear,1,adx_up3,ichimoku_cloud_bear,val,1497,0.06145625
h4,bear,1,adx_up3,ichimoku_cloud_bear,oos,1057,0.05298013
h4,bear,1,adx_up3,span_model_bear,disc,6180,0.07330097
h4,bear,1,adx_up3,span_model_bear,val,1360,0.06397059
h4,bear,1,adx_up3,span_model_bear,oos,1128,0.09574468
h4,bear,1,adx_up3,bb_bear,disc,7372,0.07230060
h4,bear,1,adx_up3,bb_bear,val,1691,0.06564163
h4,bear,1,adx_up3,bb_bear,oos,1505,0.09568106
h4,bear,1,adx_up3,bb_lower,disc,5825,0.07347639
h4,bear,1,adx_up3,bb_lower,val,1341,0.06636838
h4,bear,1,adx_up3,bb_lower,oos,1120,0.10357143
h4,bear,1,adx_up3,superbb_bear,disc,115,0.18260870
h4,bear,1,adx_up3,superbb_bear,val,28,0.17857143
h4,bear,1,adx_up3,superbb_bear,oos,36,0.16666667
h4,bear,1,adx_up3,superbb_squeeze,disc,744,0.04569892
h4,bear,1,adx_up3,superbb_squeeze,val,186,0.02688172
h4,bear,1,adx_up3,superbb_squeeze,oos,130,0.03076923
h4,bear,1,adx_up3,superbb_expand,disc,8301,0.06999157
h4,bear,1,adx_up3,superbb_expand,val,1996,0.06563126
h4,bear,1,adx_up3,superbb_expand,oos,1574,0.07687421
h4,bear,1,adx_up3,stoch_bear,disc,6633,0.06543042
h4,bear,1,adx_up3,stoch_bear,val,1612,0.05831266
h4,bear,1,adx_up3,stoch_bear,oos,1257,0.08910103
h4,bear,1,adx_up3,stoch_cross_down,disc,2996,0.06708945
h4,bear,1,adx_up3,stoch_cross_down,val,708,0.05084746
h4,bear,1,adx_up3,stoch_cross_down,oos,512,0.08789062
h4,bear,1,adx_up3,stoch_fall_down,disc,778,0.07197943
h4,bear,1,adx_up3,stoch_fall_down,val,219,0.06392694
h4,bear,1,adx_up3,stoch_fall_down,oos,130,0.04615385
h4,bear,1,adx_up3,rci_bear,disc,7335,0.07157464
h4,bear,1,adx_up3,rci_bear,val,1676,0.06622912
h4,bear,1,adx_up3,rci_bear,oos,1482,0.09514170
h4,bear,1,adx_up3,rci_strong_bear,disc,4569,0.06741081
h4,bear,1,adx_up3,rci_strong_bear,val,977,0.05936540
h4,bear,1,adx_up3,rci_strong_bear,oos,759,0.07378129
h4,bear,1,adx_up3,rci_cross_down,disc,159,0.06289308
h4,bear,1,adx_up3,rci_cross_down,val,34,0.02941176
h4,bear,1,adx_up3,rci_cross_down,oos,46,0.13043478
h4,bear,1,adx_up3,dmi_adx_bear,disc,5136,0.07943925
h4,bear,1,adx_up3,dmi_adx_bear,val,1112,0.06744604
h4,bear,1,adx_up3,dmi_adx_bear,oos,1066,0.10694184
h4,bear,1,adx_up3,dmi_adx_strong_bear,disc,7346,0.07119521
h4,bear,1,adx_up3,dmi_adx_strong_bear,val,1672,0.06339713
h4,bear,1,adx_up3,dmi_adx_strong_bear,oos,1517,0.09492419
h4,bear,1,adx_up3,fib_below382,disc,7554,0.07227959
h4,bear,1,adx_up3,fib_below382,val,1743,0.06483075
h4,bear,1,adx_up3,fib_below382,oos,1503,0.09514305
h4,bear,1,adx_up3,fib_below500,disc,7154,0.07324574
h4,bear,1,adx_up3,fib_below500,val,1628,0.06695332
h4,bear,1,adx_up3,fib_below500,oos,1390,0.09784173
h4,bear,1,adx_up3,fib_below618,disc,6681,0.07424038
h4,bear,1,adx_up3,fib_below618,val,1516,0.06860158
h4,bear,1,adx_up3,fib_below618,oos,1251,0.09512390
h4,bear,1,adx_up3,fib_time_zone,disc,4869,0.06921339
h4,bear,1,adx_up3,fib_time_zone,val,1170,0.05384615
h4,bear,1,adx_up3,fib_time_zone,oos,907,0.06835722
h4,bear,1,adx_up3,fib_time_5,disc,2740,0.07189781
h4,bear,1,adx_up3,fib_time_5,val,648,0.05555556
h4,bear,1,adx_up3,fib_time_5,oos,527,0.06072106
h4,bear,1,adx_up3,fib_time_8,disc,1674,0.06152927
h4,bear,1,adx_up3,fib_time_8,val,420,0.04285714
h4,bear,1,adx_up3,fib_time_8,oos,313,0.07028754
h4,bear,1,adx_up3,fib_time_13,disc,1095,0.06118721
h4,bear,1,adx_up3,fib_time_13,val,243,0.07407407
h4,bear,1,adx_up3,fib_time_13,oos,203,0.08374384
h4,bear,1,adx_up3,fib_fan_down,disc,6681,0.07424038
h4,bear,1,adx_up3,fib_fan_down,val,1516,0.06860158
h4,bear,1,adx_up3,fib_fan_down,oos,1251,0.09512390
h4,bear,1,adx_up3,fib_arc_bear,disc,7154,0.07324574
h4,bear,1,adx_up3,fib_arc_bear,val,1628,0.06695332
h4,bear,1,adx_up3,fib_arc_bear,oos,1390,0.09784173
h4,bear,1,adx_up3,trendline_down,disc,7325,0.07262799
h4,bear,1,adx_up3,trendline_down,val,1671,0.06582885
h4,bear,1,adx_up3,trendline_down,oos,1486,0.09286676
h4,bear,1,adx_up3,channel_lower,disc,5492,0.06973780
h4,bear,1,adx_up3,channel_lower,val,1211,0.06936416
h4,bear,1,adx_up3,channel_lower,oos,967,0.09617373
h4,bear,1,adx_up3,channel_mid_bear,disc,7289,0.07243792
h4,bear,1,adx_up3,channel_mid_bear,val,1677,0.06618962
h4,bear,1,adx_up3,channel_mid_bear,oos,1457,0.09402883
h4,bear,1,adx_up3,channel_breakout_down,disc,1596,0.10338346
h4,bear,1,adx_up3,channel_breakout_down,val,347,0.07492795
h4,bear,1,adx_up3,channel_breakout_down,oos,316,0.12974684
h4,bear,1,adx_up3,horizontal_resistance_near,disc,2034,0.05703048
h4,bear,1,adx_up3,horizontal_resistance_near,val,497,0.04225352
h4,bear,1,adx_up3,horizontal_resistance_near,oos,342,0.03508772
h4,bear,1,adx_up3,horizontal_support_near,disc,1978,0.09656218
h4,bear,1,adx_up3,horizontal_support_near,val,396,0.07070707
h4,bear,1,adx_up3,horizontal_support_near,oos,324,0.12037037
h4,bear,1,adx_up3,horizontal_break_down,disc,1289,0.11249030
h4,bear,1,adx_up3,horizontal_break_down,val,265,0.08679245
h4,bear,1,adx_up3,horizontal_break_down,oos,240,0.13333333
h4,bear,1,adx_up3,vertical_session,disc,8499,0.06483116
h4,bear,1,adx_up3,vertical_session,val,2076,0.05443160
h4,bear,1,adx_up3,vertical_session,oos,1617,0.06617192
h4,bear,1,adx_up3,vertical_day_open,disc,2254,0.06211180
h4,bear,1,adx_up3,vertical_day_open,val,528,0.05492424
h4,bear,1,adx_up3,vertical_day_open,oos,415,0.07228916
h4,bear,1,adx_up3,vertical_week_open,disc,370,0.05675676
h4,bear,1,adx_up3,vertical_week_open,val,75,0.04000000
h4,bear,1,adx_up3,vertical_week_open,oos,84,0.09523810
h4,bear,1,adx_up3,rectangle_range,disc,4075,0.06184049
h4,bear,1,adx_up3,rectangle_range,val,1060,0.05943396
h4,bear,1,adx_up3,rectangle_range,oos,968,0.06921488
h4,bear,1,adx_up3,triangle_breakout_down,disc,55,0.05454545
h4,bear,1,adx_up3,triangle_breakout_down,val,5,0.20000000
h4,bear,1,adx_up3,triangle_breakout_down,oos,7,0.00000000
h4,bear,1,adx_up3,ellipse_compression,disc,348,0.04310345
h4,bear,1,adx_up3,ellipse_compression,val,58,0.01724138
h4,bear,1,adx_up3,ellipse_compression,oos,36,0.13888889
h4,bear,1,adx_up3,elliott_wave2_bear,disc,628,0.09076433
h4,bear,1,adx_up3,elliott_wave2_bear,val,148,0.04729730
h4,bear,1,adx_up3,elliott_wave2_bear,oos,169,0.12426036
h4,bear,1,adx_up3,elliott_wave3_bear,disc,1112,0.11241007
h4,bear,1,adx_up3,elliott_wave3_bear,val,257,0.08171206
h4,bear,1,adx_up3,elliott_wave3_bear,oos,234,0.14102564
h4,bear,1,adx_up3,elliott_wave4_bear,disc,1164,0.07044674
h4,bear,1,adx_up3,elliott_wave4_bear,val,287,0.05923345
h4,bear,1,adx_up3,elliott_wave4_bear,oos,268,0.06343284
h4,bear,1,adx_up3,elliott_wave5_bear,disc,1309,0.10007639
h4,bear,1,adx_up3,elliott_wave5_bear,val,277,0.07220217
h4,bear,1,adx_up3,elliott_wave5_bear,oos,265,0.12830189
h4,bear,1,adx_up3,elliott_impulse_bear,disc,1498,0.10213618
h4,bear,1,adx_up3,elliott_impulse_bear,val,336,0.07738095
h4,bear,1,adx_up3,elliott_impulse_bear,oos,303,0.13201320
h4,bear,1,adx_up3,elliott_pullback_bear,disc,1792,0.07756696
h4,bear,1,adx_up3,elliott_pullback_bear,val,435,0.05517241
h4,bear,1,adx_up3,elliott_pullback_bear,oos,437,0.08695652
h4,bear,1,adx_up3,range_compression,disc,10233,0.06127235
h4,bear,1,adx_up3,range_compression,val,2490,0.05261044
h4,bear,1,adx_up3,range_compression,oos,1859,0.05325444
h4,bear,1,adx_up3,range_tight,disc,191,0.09424084
h4,bear,1,adx_up3,range_tight,val,62,0.01612903
h4,bear,1,adx_up3,range_tight,oos,50,0.12000000
h4,bear,1,adx_up3,inside_bar,disc,2548,0.05062794
h4,bear,1,adx_up3,inside_bar,val,529,0.06427221
h4,bear,1,adx_up3,inside_bar,oos,482,0.06016598
h4,bear,1,adx_up3,inside_2,disc,447,0.03803132
h4,bear,1,adx_up3,inside_2,val,63,0.03174603
h4,bear,1,adx_up3,inside_2,oos,62,0.09677419
h4,bear,1,adx_up3,nr7,disc,2058,0.03887269
h4,bear,1,adx_up3,nr7,val,491,0.04480652
h4,bear,1,adx_up3,nr7,oos,344,0.04651163
h4,bear,1,adx_up3,nr4,disc,4222,0.03908100
h4,bear,1,adx_up3,nr4,val,1009,0.04757185
h4,bear,1,adx_up3,nr4,oos,756,0.04761905
h4,bear,1,adx_up3,breakout_down20,disc,1596,0.10338346
h4,bear,1,adx_up3,breakout_down20,val,347,0.07492795
h4,bear,1,adx_up3,breakout_down20,oos,316,0.12974684
h4,bear,1,adx_up3,retest_down,disc,1593,0.10357815
h4,bear,1,adx_up3,retest_down,val,347,0.07492795
h4,bear,1,adx_up3,retest_down,oos,312,0.12820513
h4,bear,1,adx_up3,pin_bear,disc,172,0.15697674
h4,bear,1,adx_up3,pin_bear,val,46,0.13043478
h4,bear,1,adx_up3,pin_bear,oos,26,0.23076923
h4,bear,1,adx_up3,engulf_bear,disc,998,0.07515030
h4,bear,1,adx_up3,engulf_bear,val,233,0.06008584
h4,bear,1,adx_up3,engulf_bear,oos,188,0.07446809
h4,bear,1,adx_up3,strong_close_bear,disc,2078,0.07795958
h4,bear,1,adx_up3,strong_close_bear,val,492,0.05691057
h4,bear,1,adx_up3,strong_close_bear,oos,356,0.09269663
h4,bear,1,adx_up3,gap_proxy_down,disc,238,0.07983193
h4,bear,1,adx_up3,gap_proxy_down,val,53,0.13207547
h4,bear,1,adx_up3,gap_proxy_down,oos,54,0.07407407
h4,bear,1,adx_up3,ll20,disc,3161,0.08288516
h4,bear,1,adx_up3,ll20,val,714,0.07002801
h4,bear,1,adx_up3,ll20,oos,586,0.10068259
h4,bear,1,adx_up3,structure_bear_transition,disc,4711,0.07047336
h4,bear,1,adx_up3,structure_bear_transition,val,1052,0.07034221
h4,bear,1,adx_up3,structure_bear_transition,oos,938,0.07995736
h4,bear,1,adx_up3,compression,disc,831,0.06618532
h4,bear,1,adx_up3,compression,val,149,0.06040268
h4,bear,1,adx_up3,compression,oos,123,0.08943089
h4,bear,1,adx_up3,shape_triangle_proxy,disc,753,0.06507304
h4,bear,1,adx_up3,shape_triangle_proxy,val,139,0.05035971
h4,bear,1,adx_up3,shape_triangle_proxy,oos,108,0.03703704
h4,bear,1,price20_cross_down,sma20_bear,disc,3759,0.06783719
h4,bear,1,price20_cross_down,sma20_bear,val,1037,0.08003857
h4,bear,1,price20_cross_down,sma20_bear,oos,670,0.03880597
h4,bear,1,price20_cross_down,sma50_bear,disc,2723,0.06904150
h4,bear,1,price20_cross_down,sma50_bear,val,653,0.07656968
h4,bear,1,price20_cross_down,sma50_bear,oos,444,0.04279279
h4,bear,1,price20_cross_down,sma200_bear,disc,2349,0.06726266
h4,bear,1,price20_cross_down,sma200_bear,val,483,0.06211180
h4,bear,1,price20_cross_down,sma200_bear,oos,373,0.03217158
h4,bear,1,price20_cross_down,sma_stack_bear,disc,1231,0.06417547
h4,bear,1,price20_cross_down,sma_stack_bear,val,218,0.06422018
h4,bear,1,price20_cross_down,sma_stack_bear,oos,164,0.02439024
h4,bear,1,price20_cross_down,ichimoku_bear,disc,1979,0.06619505
h4,bear,1,price20_cross_down,ichimoku_bear,val,440,0.05454545
h4,bear,1,price20_cross_down,ichimoku_bear,oos,294,0.03401361
h4,bear,1,price20_cross_down,ichimoku_tk_bear,disc,1840,0.06467391
h4,bear,1,price20_cross_down,ichimoku_tk_bear,val,492,0.05894309
h4,bear,1,price20_cross_down,ichimoku_tk_bear,oos,310,0.02903226
h4,bear,1,price20_cross_down,ichimoku_cloud_bear,disc,2345,0.06012793
h4,bear,1,price20_cross_down,ichimoku_cloud_bear,val,535,0.05794393
h4,bear,1,price20_cross_down,ichimoku_cloud_bear,oos,342,0.02923977
h4,bear,1,price20_cross_down,span_model_bear,disc,1109,0.06311993
h4,bear,1,price20_cross_down,span_model_bear,val,251,0.03585657
h4,bear,1,price20_cross_down,span_model_bear,oos,156,0.03205128
h4,bear,1,price20_cross_down,bb_bear,disc,3759,0.06783719
h4,bear,1,price20_cross_down,bb_bear,val,1037,0.08003857
h4,bear,1,price20_cross_down,bb_bear,oos,670,0.03880597
h4,bear,1,price20_cross_down,bb_lower,disc,796,0.08919598
h4,bear,1,price20_cross_down,bb_lower,val,215,0.06976744
h4,bear,1,price20_cross_down,bb_lower,oos,133,0.06766917
h4,bear,1,price20_cross_down,superbb_bear,disc,73,0.13698630
h4,bear,1,price20_cross_down,superbb_bear,val,11,0.09090909
h4,bear,1,price20_cross_down,superbb_bear,oos,15,0.20000000
h4,bear,1,price20_cross_down,superbb_squeeze,disc,1834,0.05888768
h4,bear,1,price20_cross_down,superbb_squeeze,val,528,0.07765152
h4,bear,1,price20_cross_down,superbb_squeeze,oos,334,0.03592814
h4,bear,1,price20_cross_down,superbb_expand,disc,288,0.10416667
h4,bear,1,price20_cross_down,superbb_expand,val,54,0.11111111
h4,bear,1,price20_cross_down,superbb_expand,oos,42,0.11904762
h4,bear,1,price20_cross_down,stoch_bear,disc,4526,0.06495802
h4,bear,1,price20_cross_down,stoch_bear,val,1183,0.07776839
h4,bear,1,price20_cross_down,stoch_bear,oos,799,0.04380476
h4,bear,1,price20_cross_down,stoch_cross_down,disc,2329,0.06698154
h4,bear,1,price20_cross_down,stoch_cross_down,val,600,0.07500000
h4,bear,1,price20_cross_down,stoch_cross_down,oos,369,0.04336043
h4,bear,1,price20_cross_down,stoch_fall_down,disc,843,0.08303677
h4,bear,1,price20_cross_down,stoch_fall_down,val,174,0.09195402
h4,bear,1,price20_cross_down,stoch_fall_down,oos,130,0.04615385
h4,bear,1,price20_cross_down,rci_bear,disc,1849,0.06435911
h4,bear,1,price20_cross_down,rci_bear,val,544,0.08088235
h4,bear,1,price20_cross_down,rci_bear,oos,328,0.04268293
h4,bear,1,price20_cross_down,rci_strong_bear,disc,69,0.05797101
h4,bear,1,price20_cross_down,rci_strong_bear,val,19,0.05263158
h4,bear,1,price20_cross_down,rci_strong_bear,oos,11,0.09090909
h4,bear,1,price20_cross_down,rci_cross_down,disc,404,0.09158416
h4,bear,1,price20_cross_down,rci_cross_down,val,106,0.10377358
h4,bear,1,price20_cross_down,rci_cross_down,oos,88,0.03409091
h4,bear,1,price20_cross_down,dmi_adx_bear,disc,834,0.07553957
h4,bear,1,price20_cross_down,dmi_adx_bear,val,195,0.06153846
h4,bear,1,price20_cross_down,dmi_adx_bear,oos,174,0.04597701
h4,bear,1,price20_cross_down,dmi_adx_strong_bear,disc,792,0.08459596
h4,bear,1,price20_cross_down,dmi_adx_strong_bear,val,217,0.08755760
h4,bear,1,price20_cross_down,dmi_adx_strong_bear,oos,216,0.05092593
h4,bear,1,price20_cross_down,fib_below382,disc,3494,0.06525472
h4,bear,1,price20_cross_down,fib_below382,val,843,0.07236062
h4,bear,1,price20_cross_down,fib_below382,oos,570,0.04561404
h4,bear,1,price20_cross_down,fib_below500,disc,2589,0.06643492
h4,bear,1,price20_cross_down,fib_below500,val,602,0.06810631
h4,bear,1,price20_cross_down,fib_below500,oos,387,0.03617571
h4,bear,1,price20_cross_down,fib_below618,disc,1760,0.06704545
h4,bear,1,price20_cross_down,fib_below618,val,399,0.06015038
h4,bear,1,price20_cross_down,fib_below618,oos,264,0.04166667
h4,bear,1,price20_cross_down,fib_time_zone,disc,1739,0.05290397
h4,bear,1,price20_cross_down,fib_time_zone,val,440,0.08636364
h4,bear,1,price20_cross_down,fib_time_zone,oos,308,0.04545455
h4,bear,1,price20_cross_down,fib_time_5,disc,994,0.04728370
h4,bear,1,price20_cross_down,fib_time_5,val,245,0.09387755
h4,bear,1,price20_cross_down,fib_time_5,oos,180,0.04444444
h4,bear,1,price20_cross_down,fib_time_8,disc,622,0.04180064
h4,bear,1,price20_cross_down,fib_time_8,val,160,0.06875000
h4,bear,1,price20_cross_down,fib_time_8,oos,110,0.05454545
h4,bear,1,price20_cross_down,fib_time_13,disc,352,0.07670455
h4,bear,1,price20_cross_down,fib_time_13,val,86,0.10465116
h4,bear,1,price20_cross_down,fib_time_13,oos,53,0.01886792
h4,bear,1,price20_cross_down,fib_fan_down,disc,1760,0.06704545
h4,bear,1,price20_cross_down,fib_fan_down,val,399,0.06015038
h4,bear,1,price20_cross_down,fib_fan_down,oos,264,0.04166667
h4,bear,1,price20_cross_down,fib_arc_bear,disc,2589,0.06643492
h4,bear,1,price20_cross_down,fib_arc_bear,val,602,0.06810631
h4,bear,1,price20_cross_down,fib_arc_bear,oos,387,0.03617571
h4,bear,1,price20_cross_down,trendline_down,disc,1854,0.06472492
h4,bear,1,price20_cross_down,trendline_down,val,515,0.07378641
h4,bear,1,price20_cross_down,trendline_down,oos,310,0.04516129
h4,bear,1,price20_cross_down,channel_lower,disc,570,0.08596491
h4,bear,1,price20_cross_down,channel_lower,val,118,0.05932203
h4,bear,1,price20_cross_down,channel_lower,oos,82,0.09756098
h4,bear,1,price20_cross_down,channel_mid_bear,disc,3298,0.06973924
h4,bear,1,price20_cross_down,channel_mid_bear,val,862,0.07540603
h4,bear,1,price20_cross_down,channel_mid_bear,oos,545,0.04036697
h4,bear,1,price20_cross_down,channel_breakout_down,disc,186,0.09139785
h4,bear,1,price20_cross_down,channel_breakout_down,val,38,0.07894737
h4,bear,1,price20_cross_down,channel_breakout_down,oos,31,0.19354839
h4,bear,1,price20_cross_down,horizontal_support_near,disc,83,0.13253012
h4,bear,1,price20_cross_down,horizontal_support_near,val,13,0.07692308
h4,bear,1,price20_cross_down,horizontal_support_near,oos,11,0.18181818
h4,bear,1,price20_cross_down,horizontal_break_down,disc,59,0.15254237
h4,bear,1,price20_cross_down,horizontal_break_down,val,6,0.16666667
h4,bear,1,price20_cross_down,horizontal_break_down,oos,9,0.22222222
h4,bear,1,price20_cross_down,vertical_session,disc,3561,0.06402696
h4,bear,1,price20_cross_down,vertical_session,val,901,0.07658158
h4,bear,1,price20_cross_down,vertical_session,oos,610,0.04262295
h4,bear,1,price20_cross_down,vertical_day_open,disc,742,0.05660377
h4,bear,1,price20_cross_down,vertical_day_open,val,198,0.10101010
h4,bear,1,price20_cross_down,vertical_day_open,oos,154,0.05194805
h4,bear,1,price20_cross_down,vertical_week_open,disc,188,0.05319149
h4,bear,1,price20_cross_down,vertical_week_open,val,60,0.05000000
h4,bear,1,price20_cross_down,vertical_week_open,oos,25,0.08000000
h4,bear,1,price20_cross_down,rectangle_range,disc,3751,0.05811784
h4,bear,1,price20_cross_down,rectangle_range,val,1000,0.07700000
h4,bear,1,price20_cross_down,rectangle_range,oos,655,0.03206107
h4,bear,1,price20_cross_down,ellipse_compression,disc,127,0.12598425
h4,bear,1,price20_cross_down,ellipse_compression,val,47,0.08510638
h4,bear,1,price20_cross_down,ellipse_compression,oos,24,0.00000000
h4,bear,1,price20_cross_down,elliott_wave2_bear,disc,459,0.06318083
h4,bear,1,price20_cross_down,elliott_wave2_bear,val,104,0.12500000
h4,bear,1,price20_cross_down,elliott_wave2_bear,oos,91,0.01098901
h4,bear,1,price20_cross_down,elliott_wave3_bear,disc,660,0.05151515
h4,bear,1,price20_cross_down,elliott_wave3_bear,val,151,0.11258278
h4,bear,1,price20_cross_down,elliott_wave3_bear,oos,109,0.05504587
h4,bear,1,price20_cross_down,elliott_wave4_bear,disc,437,0.05720824
h4,bear,1,price20_cross_down,elliott_wave4_bear,val,114,0.07894737
h4,bear,1,price20_cross_down,elliott_wave4_bear,oos,94,0.04255319
h4,bear,1,price20_cross_down,elliott_wave5_bear,disc,370,0.05945946
h4,bear,1,price20_cross_down,elliott_wave5_bear,val,109,0.09174312
h4,bear,1,price20_cross_down,elliott_wave5_bear,oos,68,0.04411765
h4,bear,1,price20_cross_down,elliott_impulse_bear,disc,830,0.05180723
h4,bear,1,price20_cross_down,elliott_impulse_bear,val,211,0.09478673
h4,bear,1,price20_cross_down,elliott_impulse_bear,oos,137,0.04379562
h4,bear,1,price20_cross_down,elliott_pullback_bear,disc,896,0.06026786
h4,bear,1,price20_cross_down,elliott_pullback_bear,val,218,0.10091743
h4,bear,1,price20_cross_down,elliott_pullback_bear,oos,185,0.02702703
h4,bear,1,price20_cross_down,range_compression,disc,4148,0.06557377
h4,bear,1,price20_cross_down,range_compression,val,1073,0.06896552
h4,bear,1,price20_cross_down,range_compression,oos,719,0.03894298
h4,bear,1,price20_cross_down,range_tight,disc,492,0.05691057
h4,bear,1,price20_cross_down,range_tight,val,171,0.04678363
h4,bear,1,price20_cross_down,range_tight,oos,105,0.05714286
h4,bear,1,price20_cross_down,inside_bar,disc,508,0.02559055
h4,bear,1,price20_cross_down,inside_bar,val,129,0.07751938
h4,bear,1,price20_cross_down,inside_bar,oos,83,0.02409639
h4,bear,1,price20_cross_down,inside_2,disc,54,0.01851852
h4,bear,1,price20_cross_down,inside_2,val,8,0.00000000
h4,bear,1,price20_cross_down,inside_2,oos,9,0.00000000
h4,bear,1,price20_cross_down,nr7,disc,246,0.03252033
h4,bear,1,price20_cross_down,nr7,val,60,0.06666667
h4,bear,1,price20_cross_down,nr7,oos,59,0.01694915
h4,bear,1,price20_cross_down,nr4,disc,594,0.02861953
h4,bear,1,price20_cross_down,nr4,val,149,0.04697987
h4,bear,1,price20_cross_down,nr4,oos,120,0.01666667
h4,bear,1,price20_cross_down,breakout_down20,disc,186,0.09139785
h4,bear,1,price20_cross_down,breakout_down20,val,38,0.07894737
h4,bear,1,price20_cross_down,breakout_down20,oos,31,0.19354839
h4,bear,1,price20_cross_down,retest_down,disc,186,0.09139785
h4,bear,1,price20_cross_down,retest_down,val,38,0.07894737
h4,bear,1,price20_cross_down,retest_down,oos,31,0.19354839
h4,bear,1,price20_cross_down,engulf_bear,disc,1278,0.07198748
h4,bear,1,price20_cross_down,engulf_bear,val,320,0.07187500
h4,bear,1,price20_cross_down,engulf_bear,oos,210,0.05238095
h4,bear,1,price20_cross_down,strong_close_bear,disc,2190,0.06575342
h4,bear,1,price20_cross_down,strong_close_bear,val,546,0.06410256
h4,bear,1,price20_cross_down,strong_close_bear,oos,363,0.03030303
h4,bear,1,price20_cross_down,gap_proxy_down,disc,66,0.13636364
h4,bear,1,price20_cross_down,gap_proxy_down,val,23,0.17391304
h4,bear,1,price20_cross_down,gap_proxy_down,oos,26,0.00000000
h4,bear,1,price20_cross_down,ll20,disc,325,0.08307692
h4,bear,1,price20_cross_down,ll20,val,75,0.10666667
h4,bear,1,price20_cross_down,ll20,oos,58,0.10344828
h4,bear,1,price20_cross_down,structure_bear_transition,disc,3444,0.06126597
h4,bear,1,price20_cross_down,structure_bear_transition,val,908,0.07599119
h4,bear,1,price20_cross_down,structure_bear_transition,oos,619,0.04200323
h4,bear,1,price20_cross_down,compression,disc,438,0.08219178
h4,bear,1,price20_cross_down,compression,val,130,0.06923077
h4,bear,1,price20_cross_down,compression,oos,89,0.04494382
h4,bear,1,price20_cross_down,shape_triangle_proxy,disc,425,0.08000000
h4,bear,1,price20_cross_down,shape_triangle_proxy,val,127,0.07086614
h4,bear,1,price20_cross_down,shape_triangle_proxy,oos,89,0.04494382
h4,bear,1,body_bear,sma20_bear,disc,7822,0.07018665
h4,bear,1,body_bear,sma20_bear,val,1926,0.07528557
h4,bear,1,body_bear,sma20_bear,oos,1350,0.05259259
h4,bear,1,body_bear,sma50_bear,disc,7084,0.06874647
h4,bear,1,body_bear,sma50_bear,val,1625,0.08000000
h4,bear,1,body_bear,sma50_bear,oos,1175,0.05446809
h4,bear,1,body_bear,sma200_bear,disc,6144,0.06835938
h4,bear,1,body_bear,sma200_bear,val,1248,0.08092949
h4,bear,1,body_bear,sma200_bear,oos,995,0.05125628
h4,bear,1,body_bear,sma_stack_bear,disc,3284,0.07095006
h4,bear,1,body_bear,sma_stack_bear,val,578,0.10726644
h4,bear,1,body_bear,sma_stack_bear,oos,446,0.03811659
h4,bear,1,body_bear,ichimoku_bear,disc,5863,0.06958895
h4,bear,1,body_bear,ichimoku_bear,val,1233,0.08029197
h4,bear,1,body_bear,ichimoku_bear,oos,924,0.05627706
h4,bear,1,body_bear,ichimoku_tk_bear,disc,5494,0.06934838
h4,bear,1,body_bear,ichimoku_tk_bear,val,1299,0.07236336
h4,bear,1,body_bear,ichimoku_tk_bear,oos,921,0.05320304
h4,bear,1,body_bear,ichimoku_cloud_bear,disc,5564,0.06416247
h4,bear,1,body_bear,ichimoku_cloud_bear,val,1189,0.08074012
h4,bear,1,body_bear,ichimoku_cloud_bear,oos,861,0.04065041
h4,bear,1,body_bear,span_model_bear,disc,4324,0.07377428
h4,bear,1,body_bear,span_model_bear,val,923,0.06933911
h4,bear,1,body_bear,span_model_bear,oos,698,0.06160458
h4,bear,1,body_bear,bb_bear,disc,7822,0.07018665
h4,bear,1,body_bear,bb_bear,val,1926,0.07528557
h4,bear,1,body_bear,bb_bear,oos,1350,0.05259259
h4,bear,1,body_bear,bb_lower,disc,4868,0.07744454
h4,bear,1,body_bear,bb_lower,val,1166,0.07461407
h4,bear,1,body_bear,bb_lower,oos,807,0.06567534
h4,bear,1,body_bear,superbb_bear,disc,307,0.15635179
h4,bear,1,body_bear,superbb_bear,val,61,0.14754098
h4,bear,1,body_bear,superbb_bear,oos,70,0.10000000
h4,bear,1,body_bear,superbb_squeeze,disc,2278,0.05004390
h4,bear,1,body_bear,superbb_squeeze,val,619,0.05815832
h4,bear,1,body_bear,superbb_squeeze,oos,401,0.02493766
h4,bear,1,body_bear,superbb_expand,disc,3071,0.08270922
h4,bear,1,body_bear,superbb_expand,val,662,0.07099698
h4,bear,1,body_bear,superbb_expand,oos,535,0.07476636
h4,bear,1,body_bear,stoch_bear,disc,10832,0.06443870
h4,bear,1,body_bear,stoch_bear,val,2616,0.07262997
h4,bear,1,body_bear,stoch_bear,oos,1889,0.04764426
h4,bear,1,body_bear,stoch_cross_down,disc,5447,0.06223609
h4,bear,1,body_bear,stoch_cross_down,val,1314,0.07077626
h4,bear,1,body_bear,stoch_cross_down,oos,944,0.03601695
h4,bear,1,body_bear,stoch_fall_down,disc,2363,0.06940330
h4,bear,1,body_bear,stoch_fall_down,val,544,0.06617647
h4,bear,1,body_bear,stoch_fall_down,oos,410,0.03658537
h4,bear,1,body_bear,rci_bear,disc,5865,0.06922421
h4,bear,1,body_bear,rci_bear,val,1461,0.08008214
h4,bear,1,body_bear,rci_bear,oos,1010,0.05742574
h4,bear,1,body_bear,rci_strong_bear,disc,1770,0.07401130
h4,bear,1,body_bear,rci_strong_bear,val,378,0.05026455
h4,bear,1,body_bear,rci_strong_bear,oos,281,0.07117438
h4,bear,1,body_bear,rci_cross_down,disc,677,0.08714919
h4,bear,1,body_bear,rci_cross_down,val,147,0.11564626
h4,bear,1,body_bear,rci_cross_down,oos,127,0.02362205
h4,bear,1,body_bear,dmi_adx_bear,disc,3105,0.08727858
h4,bear,1,body_bear,dmi_adx_bear,val,645,0.07596899
h4,bear,1,body_bear,dmi_adx_bear,oos,574,0.07317073
h4,bear,1,body_bear,dmi_adx_strong_bear,disc,4273,0.08073953
h4,bear,1,body_bear,dmi_adx_strong_bear,val,995,0.07638191
h4,bear,1,body_bear,dmi_adx_strong_bear,oos,796,0.07160804
h4,bear,1,body_bear,fib_below382,disc,8068,0.06680714
h4,bear,1,body_bear,fib_below382,val,1861,0.07684041
h4,bear,1,body_bear,fib_below382,oos,1327,0.04973625
h4,bear,1,body_bear,fib_below500,disc,6911,0.06873101
h4,bear,1,body_bear,fib_below500,val,1547,0.07627666
h4,bear,1,body_bear,fib_below500,oos,1114,0.05206463
h4,bear,1,body_bear,fib_below618,disc,5736,0.07112971
h4,bear,1,body_bear,fib_below618,val,1246,0.07784912
h4,bear,1,body_bear,fib_below618,oos,910,0.05714286
h4,bear,1,body_bear,fib_time_zone,disc,4036,0.06194252
h4,bear,1,body_bear,fib_time_zone,val,981,0.06320082
h4,bear,1,body_bear,fib_time_zone,oos,674,0.04451039
h4,bear,1,body_bear,fib_time_5,disc,2308,0.06412478
h4,bear,1,body_bear,fib_time_5,val,553,0.06148282
h4,bear,1,body_bear,fib_time_5,oos,375,0.04533333
h4,bear,1,body_bear,fib_time_8,disc,1431,0.04961565
h4,bear,1,body_bear,fib_time_8,val,359,0.06406685
h4,bear,1,body_bear,fib_time_8,oos,253,0.03162055
h4,bear,1,body_bear,fib_time_13,disc,856,0.06775701
h4,bear,1,body_bear,fib_time_13,val,216,0.07870370
h4,bear,1,body_bear,fib_time_13,oos,135,0.05925926
h4,bear,1,body_bear,fib_fan_down,disc,5736,0.07112971
h4,bear,1,body_bear,fib_fan_down,val,1246,0.07784912
h4,bear,1,body_bear,fib_fan_down,oos,910,0.05714286
h4,bear,1,body_bear,fib_arc_bear,disc,6911,0.06873101
h4,bear,1,body_bear,fib_arc_bear,val,1547,0.07627666
h4,bear,1,body_bear,fib_arc_bear,oos,1114,0.05206463
h4,bear,1,body_bear,trendline_down,disc,5795,0.06833477
h4,bear,1,body_bear,trendline_down,val,1418,0.07475317
h4,bear,1,body_bear,trendline_down,oos,997,0.05917753
h4,bear,1,body_bear,channel_lower,disc,4718,0.07481984
h4,bear,1,body_bear,channel_lower,val,1072,0.07462687
h4,bear,1,body_bear,channel_lower,oos,751,0.07323569
h4,bear,1,body_bear,channel_mid_bear,disc,7494,0.07045637
h4,bear,1,body_bear,channel_mid_bear,val,1810,0.07458564
h4,bear,1,body_bear,channel_mid_bear,oos,1272,0.05424528
h4,bear,1,body_bear,channel_breakout_down,disc,2485,0.09295775
h4,bear,1,body_bear,channel_breakout_down,val,544,0.07169118
h4,bear,1,body_bear,channel_breakout_down,oos,393,0.09160305
h4,bear,1,body_bear,horizontal_support_near,disc,1967,0.09506863
h4,bear,1,body_bear,horizontal_support_near,val,386,0.08290155
h4,bear,1,body_bear,horizontal_support_near,oos,286,0.08741259
h4,bear,1,body_bear,horizontal_break_down,disc,1547,0.10795087
h4,bear,1,body_bear,horizontal_break_down,val,291,0.08247423
h4,bear,1,body_bear,horizontal_break_down,oos,225,0.09777778
h4,bear,1,body_bear,vertical_session,disc,7668,0.06520605
h4,bear,1,body_bear,vertical_session,val,1830,0.07103825
h4,bear,1,body_bear,vertical_session,oos,1320,0.04621212
h4,bear,1,body_bear,vertical_day_open,disc,1903,0.06358382
h4,bear,1,body_bear,vertical_day_open,val,480,0.07708333
h4,bear,1,body_bear,vertical_day_open,oos,345,0.04347826
h4,bear,1,body_bear,vertical_week_open,disc,414,0.06280193
h4,bear,1,body_bear,vertical_week_open,val,85,0.02352941
h4,bear,1,body_bear,vertical_week_open,oos,60,0.03333333
h4,bear,1,body_bear,rectangle_range,disc,5742,0.05276907
h4,bear,1,body_bear,rectangle_range,val,1447,0.07049067
h4,bear,1,body_bear,rectangle_range,oos,1034,0.02514507
h4,bear,1,body_bear,triangle_breakout_down,disc,98,0.08163265
h4,bear,1,body_bear,triangle_breakout_down,val,26,0.19230769
h4,bear,1,body_bear,triangle_breakout_down,oos,13,0.00000000
h4,bear,1,body_bear,ellipse_compression,disc,253,0.08695652
h4,bear,1,body_bear,ellipse_compression,val,82,0.10975610
h4,bear,1,body_bear,ellipse_compression,oos,65,0.06153846
h4,bear,1,body_bear,elliott_wave2_bear,disc,524,0.04389313
h4,bear,1,body_bear,elliott_wave2_bear,val,129,0.11627907
h4,bear,1,body_bear,elliott_wave2_bear,oos,85,0.02352941
h4,bear,1,body_bear,elliott_wave3_bear,disc,2396,0.08597663
h4,bear,1,body_bear,elliott_wave3_bear,val,553,0.08679928
h4,bear,1,body_bear,elliott_wave3_bear,oos,375,0.06933333
h4,bear,1,body_bear,elliott_wave4_bear,disc,548,0.04014599
h4,bear,1,body_bear,elliott_wave4_bear,val,137,0.05109489
h4,bear,1,body_bear,elliott_wave4_bear,oos,107,0.02803738
h4,bear,1,body_bear,elliott_wave5_bear,disc,2469,0.08383961
h4,bear,1,body_bear,elliott_wave5_bear,val,541,0.07578558
h4,bear,1,body_bear,elliott_wave5_bear,oos,392,0.07908163
h4,bear,1,body_bear,elliott_impulse_bear,disc,3282,0.08104814
h4,bear,1,body_bear,elliott_impulse_bear,val,753,0.08233732
h4,bear,1,body_bear,elliott_impulse_bear,oos,518,0.06756757
h4,bear,1,body_bear,elliott_pullback_bear,disc,1072,0.04197761
h4,bear,1,body_bear,elliott_pullback_bear,val,266,0.08270677
h4,bear,1,body_bear,elliott_pullback_bear,oos,192,0.02604167
h4,bear,1,body_bear,range_compression,disc,9169,0.06423819
h4,bear,1,body_bear,range_compression,val,2216,0.06633574
h4,bear,1,body_bear,range_compression,oos,1584,0.03851010
h4,bear,1,body_bear,range_tight,disc,714,0.06722689
h4,bear,1,body_bear,range_tight,val,213,0.04225352
h4,bear,1,body_bear,range_tight,oos,151,0.05960265
h4,bear,1,body_bear,inside_bar,disc,1710,0.03742690
h4,bear,1,body_bear,inside_bar,val,353,0.05949008
h4,bear,1,body_bear,inside_bar,oos,288,0.04166667
h4,bear,1,body_bear,inside_2,disc,272,0.02205882
h4,bear,1,body_bear,inside_2,val,35,0.05714286
h4,bear,1,body_bear,inside_2,oos,25,0.16000000
h4,bear,1,body_bear,nr7,disc,1093,0.03202196
h4,bear,1,body_bear,nr7,val,266,0.06766917
h4,bear,1,body_bear,nr7,oos,209,0.04306220
h4,bear,1,body_bear,nr4,disc,2329,0.02919708
h4,bear,1,body_bear,nr4,val,501,0.05988024
h4,bear,1,body_bear,nr4,oos,413,0.03389831
h4,bear,1,body_bear,breakout_down20,disc,2485,0.09295775
h4,bear,1,body_bear,breakout_down20,val,544,0.07169118
h4,bear,1,body_bear,breakout_down20,oos,393,0.09160305
h4,bear,1,body_bear,retest_down,disc,2485,0.09295775
h4,bear,1,body_bear,retest_down,val,543,0.06998158
h4,bear,1,body_bear,retest_down,oos,393,0.09160305
h4,bear,1,body_bear,squeeze_release_down,disc,268,0.04850746
h4,bear,1,body_bear,squeeze_release_down,val,82,0.07317073
h4,bear,1,body_bear,squeeze_release_down,oos,38,0.05263158
h4,bear,1,body_bear,engulf_bear,disc,2921,0.07360493
h4,bear,1,body_bear,engulf_bear,val,713,0.07854137
h4,bear,1,body_bear,engulf_bear,oos,552,0.03260870
h4,bear,1,body_bear,strong_close_bear,disc,7011,0.06161746
h4,bear,1,body_bear,strong_close_bear,val,1705,0.06862170
h4,bear,1,body_bear,strong_close_bear,oos,1253,0.03990423
h4,bear,1,body_bear,ll20,disc,2896,0.08908840
h4,bear,1,body_bear,ll20,val,637,0.07692308
h4,bear,1,body_bear,ll20,oos,457,0.08315098
h4,bear,1,body_bear,structure_bear_transition,disc,9321,0.06651647
h4,bear,1,body_bear,structure_bear_transition,val,2199,0.07548886
h4,bear,1,body_bear,structure_bear_transition,oos,1615,0.04643963
h4,bear,1,body_bear,compression,disc,892,0.07847534
h4,bear,1,body_bear,compression,val,251,0.09163347
h4,bear,1,body_bear,compression,oos,178,0.07303371
h4,bear,1,body_bear,shape_triangle_proxy,disc,826,0.07263923
h4,bear,1,body_bear,shape_triangle_proxy,val,238,0.09663866
h4,bear,1,body_bear,shape_triangle_proxy,oos,172,0.06395349
h4,bear,1,bb_lower,sma20_bear,disc,15951,0.06413391
h4,bear,1,bb_lower,sma20_bear,val,3886,0.06973752
h4,bear,1,bb_lower,sma20_bear,oos,2575,0.06679612
h4,bear,1,bb_lower,sma50_bear,disc,14580,0.06474623
h4,bear,1,bb_lower,sma50_bear,val,3437,0.07041024
h4,bear,1,bb_lower,sma50_bear,oos,2309,0.06799480
h4,bear,1,bb_lower,sma200_bear,disc,10747,0.06448311
h4,bear,1,bb_lower,sma200_bear,val,2356,0.08022071
h4,bear,1,bb_lower,sma200_bear,oos,1619,0.07473749
h4,bear,1,bb_lower,sma_stack_bear,disc,5553,0.06789123
h4,bear,1,bb_lower,sma_stack_bear,val,1016,0.09744094
h4,bear,1,bb_lower,sma_stack_bear,oos,672,0.03571429
h4,bear,1,bb_lower,ichimoku_bear,disc,11775,0.06522293
h4,bear,1,bb_lower,ichimoku_bear,val,2582,0.07552285
h4,bear,1,bb_lower,ichimoku_bear,oos,1782,0.07070707
h4,bear,1,bb_lower,ichimoku_tk_bear,disc,12513,0.06425318
h4,bear,1,bb_lower,ichimoku_tk_bear,val,3013,0.06604713
h4,bear,1,bb_lower,ichimoku_tk_bear,oos,1974,0.06028369
h4,bear,1,bb_lower,ichimoku_cloud_bear,disc,7620,0.06548556
h4,bear,1,bb_lower,ichimoku_cloud_bear,val,1579,0.07409753
h4,bear,1,bb_lower,ichimoku_cloud_bear,oos,1042,0.05374280
h4,bear,1,bb_lower,span_model_bear,disc,10165,0.06522381
h4,bear,1,bb_lower,span_model_bear,val,2279,0.07064502
h4,bear,1,bb_lower,span_model_bear,oos,1543,0.06675308
h4,bear,1,bb_lower,bb_bear,disc,15951,0.06413391
h4,bear,1,bb_lower,bb_bear,val,3886,0.06973752
h4,bear,1,bb_lower,bb_bear,oos,2575,0.06679612
h4,bear,1,bb_lower,bb_lower,disc,15951,0.06413391
h4,bear,1,bb_lower,bb_lower,val,3886,0.06973752
h4,bear,1,bb_lower,bb_lower,oos,2575,0.06679612
h4,bear,1,bb_lower,superbb_bear,disc,336,0.14880952
h4,bear,1,bb_lower,superbb_bear,val,78,0.16666667
h4,bear,1,bb_lower,superbb_bear,oos,81,0.11111111
h4,bear,1,bb_lower,superbb_squeeze,disc,2669,0.04683402
h4,bear,1,bb_lower,superbb_squeeze,val,795,0.06415094
h4,bear,1,bb_lower,superbb_squeeze,oos,409,0.04400978
h4,bear,1,bb_lower,superbb_expand,disc,7974,0.07148232
h4,bear,1,bb_lower,superbb_expand,val,1815,0.06942149
h4,bear,1,bb_lower,superbb_expand,oos,1323,0.08616780
h4,bear,1,bb_lower,stoch_bear,disc,10317,0.06426287
h4,bear,1,bb_lower,stoch_bear,val,2577,0.06829647
h4,bear,1,bb_lower,stoch_bear,oos,1664,0.07391827
h4,bear,1,bb_lower,stoch_cross_down,disc,3616,0.07134956
h4,bear,1,bb_lower,stoch_cross_down,val,917,0.06870229
h4,bear,1,bb_lower,stoch_cross_down,oos,554,0.06317690
h4,bear,1,bb_lower,stoch_fall_down,disc,126,0.11111111
h4,bear,1,bb_lower,stoch_fall_down,val,18,0.11111111
h4,bear,1,bb_lower,stoch_fall_down,oos,21,0.00000000
h4,bear,1,bb_lower,rci_bear,disc,14966,0.06287585
h4,bear,1,bb_lower,rci_bear,val,3669,0.07031889
h4,bear,1,bb_lower,rci_bear,oos,2415,0.06625259
h4,bear,1,bb_lower,rci_strong_bear,disc,7084,0.06239413
h4,bear,1,bb_lower,rci_strong_bear,val,1577,0.05897273
h4,bear,1,bb_lower,rci_strong_bear,oos,1088,0.06066176
h4,bear,1,bb_lower,rci_cross_down,disc,910,0.08021978
h4,bear,1,bb_lower,rci_cross_down,val,215,0.08372093
h4,bear,1,bb_lower,rci_cross_down,oos,137,0.05839416
h4,bear,1,bb_lower,dmi_adx_bear,disc,7745,0.07398321
h4,bear,1,bb_lower,dmi_adx_bear,val,1681,0.07614515
h4,bear,1,bb_lower,dmi_adx_bear,oos,1314,0.08447489
h4,bear,1,bb_lower,dmi_adx_strong_bear,disc,12432,0.06780888
h4,bear,1,bb_lower,dmi_adx_strong_bear,val,2970,0.07070707
h4,bear,1,bb_lower,dmi_adx_strong_bear,oos,2080,0.07307692
h4,bear,1,bb_lower,fib_below382,disc,15060,0.06401062
h4,bear,1,bb_lower,fib_below382,val,3574,0.07106883
h4,bear,1,bb_lower,fib_below382,oos,2369,0.06796117
h4,bear,1,bb_lower,fib_below500,disc,13894,0.06513603
h4,bear,1,bb_lower,fib_below500,val,3218,0.07022996
h4,bear,1,bb_lower,fib_below500,oos,2185,0.06956522
h4,bear,1,bb_lower,fib_below618,disc,12622,0.06559975
h4,bear,1,bb_lower,fib_below618,val,2837,0.07296440
h4,bear,1,bb_lower,fib_below618,oos,1891,0.06874669
h4,bear,1,bb_lower,fib_time_zone,disc,5666,0.06406636
h4,bear,1,bb_lower,fib_time_zone,val,1396,0.06375358
h4,bear,1,bb_lower,fib_time_zone,oos,898,0.06570156
h4,bear,1,bb_lower,fib_time_5,disc,3178,0.06198867
h4,bear,1,bb_lower,fib_time_5,val,775,0.05935484
h4,bear,1,bb_lower,fib_time_5,oos,528,0.06628788
h4,bear,1,bb_lower,fib_time_8,disc,2001,0.05947026
h4,bear,1,bb_lower,fib_time_8,val,524,0.05725191
h4,bear,1,bb_lower,fib_time_8,oos,308,0.05519481
h4,bear,1,bb_lower,fib_time_13,disc,1234,0.07374392
h4,bear,1,bb_lower,fib_time_13,val,306,0.08823529
h4,bear,1,bb_lower,fib_time_13,oos,193,0.08290155
h4,bear,1,bb_lower,fib_fan_down,disc,12622,0.06559975
h4,bear,1,bb_lower,fib_fan_down,val,2837,0.07296440
h4,bear,1,bb_lower,fib_fan_down,oos,1891,0.06874669
h4,bear,1,bb_lower,fib_arc_bear,disc,13894,0.06513603
h4,bear,1,bb_lower,fib_arc_bear,val,3218,0.07022996
h4,bear,1,bb_lower,fib_arc_bear,oos,2185,0.06956522
h4,bear,1,bb_lower,trendline_down,disc,14613,0.06371039
h4,bear,1,bb_lower,trendline_down,val,3554,0.06837366
h4,bear,1,bb_lower,trendline_down,oos,2349,0.06598553
h4,bear,1,bb_lower,channel_lower,disc,13004,0.06382651
h4,bear,1,bb_lower,channel_lower,val,3055,0.07299509
h4,bear,1,bb_lower,channel_lower,oos,1988,0.06438632
h4,bear,1,bb_lower,channel_mid_bear,disc,15875,0.06400000
h4,bear,1,bb_lower,channel_mid_bear,val,3866,0.06958096
h4,bear,1,bb_lower,channel_mid_bear,oos,2550,0.06666667
h4,bear,1,bb_lower,channel_breakout_down,disc,4084,0.08300686
h4,bear,1,bb_lower,channel_breakout_down,val,892,0.06950673
h4,bear,1,bb_lower,channel_breakout_down,oos,639,0.08450704
h4,bear,1,bb_lower,horizontal_support_near,disc,4046,0.08007909
h4,bear,1,bb_lower,horizontal_support_near,val,779,0.07958922
h4,bear,1,bb_lower,horizontal_support_near,oos,553,0.08499096
h4,bear,1,bb_lower,horizontal_break_down,disc,2533,0.09593368
h4,bear,1,bb_lower,horizontal_break_down,val,494,0.08704453
h4,bear,1,bb_lower,horizontal_break_down,oos,375,0.09866667
h4,bear,1,bb_lower,vertical_session,disc,10527,0.06431082
h4,bear,1,bb_lower,vertical_session,val,2558,0.06254887
h4,bear,1,bb_lower,vertical_session,oos,1655,0.06525680
h4,bear,1,bb_lower,vertical_day_open,disc,2333,0.07415345
h4,bear,1,bb_lower,vertical_day_open,val,607,0.06754530
h4,bear,1,bb_lower,vertical_day_open,oos,398,0.05778894
h4,bear,1,bb_lower,vertical_week_open,disc,401,0.08478803
h4,bear,1,bb_lower,vertical_week_open,val,99,0.05050505
h4,bear,1,bb_lower,vertical_week_open,oos,84,0.04761905
h4,bear,1,bb_lower,rectangle_range,disc,4304,0.05924721
h4,bear,1,bb_lower,rectangle_range,val,1216,0.06003289
h4,bear,1,bb_lower,rectangle_range,oos,841,0.07015458
h4,bear,1,bb_lower,triangle_breakout_down,disc,187,0.07486631
h4,bear,1,bb_lower,triangle_breakout_down,val,40,0.15000000
h4,bear,1,bb_lower,triangle_breakout_down,oos,21,0.00000000
h4,bear,1,bb_lower,ellipse_compression,disc,251,0.04382470
h4,bear,1,bb_lower,ellipse_compression,val,57,0.03508772
h4,bear,1,bb_lower,ellipse_compression,oos,37,0.00000000
h4,bear,1,bb_lower,elliott_wave2_bear,disc,246,0.10975610
h4,bear,1,bb_lower,elliott_wave2_bear,val,70,0.00000000
h4,bear,1,bb_lower,elliott_wave2_bear,oos,43,0.13953488
h4,bear,1,bb_lower,elliott_wave3_bear,disc,3335,0.07976012
h4,bear,1,bb_lower,elliott_wave3_bear,val,738,0.07723577
h4,bear,1,bb_lower,elliott_wave3_bear,oos,534,0.08239700
h4,bear,1,bb_lower,elliott_wave4_bear,disc,1594,0.06022585
h4,bear,1,bb_lower,elliott_wave4_bear,val,430,0.08604651
h4,bear,1,bb_lower,elliott_wave4_bear,oos,333,0.06006006
h4,bear,1,bb_lower,elliott_wave5_bear,disc,3984,0.07580321
h4,bear,1,bb_lower,elliott_wave5_bear,val,879,0.06825939
h4,bear,1,bb_lower,elliott_wave5_bear,oos,610,0.07704918
h4,bear,1,bb_lower,elliott_impulse_bear,disc,4699,0.07512237
h4,bear,1,bb_lower,elliott_impulse_bear,val,1067,0.07310216
h4,bear,1,bb_lower,elliott_impulse_bear,oos,734,0.07493188
h4,bear,1,bb_lower,elliott_pullback_bear,disc,1840,0.06684783
h4,bear,1,bb_lower,elliott_pullback_bear,val,500,0.07400000
h4,bear,1,bb_lower,elliott_pullback_bear,oos,376,0.06914894
h4,bear,1,bb_lower,range_compression,disc,11368,0.05902533
h4,bear,1,bb_lower,range_compression,val,2780,0.06366906
h4,bear,1,bb_lower,range_compression,oos,1771,0.05138340
h4,bear,1,bb_lower,range_tight,disc,1027,0.06231743
h4,bear,1,bb_lower,range_tight,val,372,0.05376344
h4,bear,1,bb_lower,range_tight,oos,210,0.05714286
h4,bear,1,bb_lower,inside_bar,disc,2660,0.04774436
h4,bear,1,bb_lower,inside_bar,val,554,0.06317690
h4,bear,1,bb_lower,inside_bar,oos,425,0.06352941
h4,bear,1,bb_lower,inside_2,disc,382,0.04188482
h4,bear,1,bb_lower,inside_2,val,48,0.04166667
h4,bear,1,bb_lower,inside_2,oos,46,0.13043478
h4,bear,1,bb_lower,nr7,disc,2017,0.04263758
h4,bear,1,bb_lower,nr7,val,468,0.04700855
h4,bear,1,bb_lower,nr7,oos,289,0.04152249
h4,bear,1,bb_lower,nr4,disc,4283,0.03852440
h4,bear,1,bb_lower,nr4,val,983,0.05900305
h4,bear,1,bb_lower,nr4,oos,647,0.04327666
h4,bear,1,bb_lower,breakout_down20,disc,4084,0.08300686
h4,bear,1,bb_lower,breakout_down20,val,892,0.06950673
h4,bear,1,bb_lower,breakout_down20,oos,639,0.08450704
h4,bear,1,bb_lower,retest_down,disc,4081,0.08306788
h4,bear,1,bb_lower,retest_down,val,885,0.06779661
h4,bear,1,bb_lower,retest_down,oos,631,0.08399366
h4,bear,1,bb_lower,squeeze_release_down,disc,425,0.04941176
h4,bear,1,bb_lower,squeeze_release_down,val,121,0.07438017
h4,bear,1,bb_lower,squeeze_release_down,oos,58,0.05172414
h4,bear,1,bb_lower,pin_bear,disc,184,0.17934783
h4,bear,1,bb_lower,pin_bear,val,47,0.23404255
h4,bear,1,bb_lower,pin_bear,oos,31,0.16129032
h4,bear,1,bb_lower,engulf_bear,disc,1934,0.08066184
h4,bear,1,bb_lower,engulf_bear,val,476,0.08193277
h4,bear,1,bb_lower,engulf_bear,oos,311,0.07073955
h4,bear,1,bb_lower,strong_close_bear,disc,4514,0.06933983
h4,bear,1,bb_lower,strong_close_bear,val,1054,0.07115750
h4,bear,1,bb_lower,strong_close_bear,oos,689,0.06240929
h4,bear,1,bb_lower,gap_proxy_down,disc,215,0.08372093
h4,bear,1,bb_lower,gap_proxy_down,val,69,0.17391304
h4,bear,1,bb_lower,gap_proxy_down,oos,76,0.05263158
h4,bear,1,bb_lower,ll20,disc,7588,0.07380074
h4,bear,1,bb_lower,ll20,val,1805,0.07645429
h4,bear,1,bb_lower,ll20,oos,1172,0.06996587
h4,bear,1,bb_lower,structure_bear_transition,disc,9314,0.06817694
h4,bear,1,bb_lower,structure_bear_transition,val,2199,0.07003183
h4,bear,1,bb_lower,structure_bear_transition,oos,1487,0.06321453
h4,bear,1,bb_lower,compression,disc,892,0.05941704
h4,bear,1,bb_lower,compression,val,212,0.07075472
h4,bear,1,bb_lower,compression,oos,108,0.01851852
h4,bear,1,bb_lower,shape_triangle_proxy,disc,838,0.05608592
h4,bear,1,bb_lower,shape_triangle_proxy,val,206,0.07281553
h4,bear,1,bb_lower,shape_triangle_proxy,oos,108,0.01851852
h4,bear,1,rsi_down3,sma20_bear,disc,13201,0.06605560
h4,bear,1,rsi_down3,sma20_bear,val,3251,0.07259305
h4,bear,1,rsi_down3,sma20_bear,oos,2221,0.06438541
h4,bear,1,rsi_down3,sma50_bear,disc,10718,0.06838962
h4,bear,1,rsi_down3,sma50_bear,val,2507,0.07339450
h4,bear,1,rsi_down3,sma50_bear,oos,1718,0.06752037
h4,bear,1,rsi_down3,sma200_bear,disc,9191,0.06615167
h4,bear,1,rsi_down3,sma200_bear,val,1925,0.08363636
h4,bear,1,rsi_down3,sma200_bear,oos,1463,0.06288448
h4,bear,1,rsi_down3,sma_stack_bear,disc,4357,0.07206794
h4,bear,1,rsi_down3,sma_stack_bear,val,791,0.10619469
h4,bear,1,rsi_down3,sma_stack_bear,oos,567,0.04232804
h4,bear,1,rsi_down3,ichimoku_bear,disc,8364,0.06922525
h4,bear,1,rsi_down3,ichimoku_bear,val,1829,0.07818480
h4,bear,1,rsi_down3,ichimoku_bear,oos,1257,0.06523469
h4,bear,1,rsi_down3,ichimoku_tk_bear,disc,7532,0.07142857
h4,bear,1,rsi_down3,ichimoku_tk_bear,val,1842,0.06786102
h4,bear,1,rsi_down3,ichimoku_tk_bear,oos,1220,0.06393443
h4,bear,1,rsi_down3,ichimoku_cloud_bear,disc,8823,0.06539726
h4,bear,1,rsi_down3,ichimoku_cloud_bear,val,2031,0.07385524
h4,bear,1,rsi_down3,ichimoku_cloud_bear,oos,1369,0.05478451
h4,bear,1,rsi_down3,span_model_bear,disc,5660,0.07367491
h4,bear,1,rsi_down3,span_model_bear,val,1285,0.07315175
h4,bear,1,rsi_down3,span_model_bear,oos,867,0.07266436
h4,bear,1,rsi_down3,bb_bear,disc,13201,0.06605560
h4,bear,1,rsi_down3,bb_bear,val,3251,0.07259305
h4,bear,1,rsi_down3,bb_bear,oos,2221,0.06438541
h4,bear,1,rsi_down3,bb_lower,disc,8316,0.07058682
h4,bear,1,rsi_down3,bb_lower,val,2041,0.06957374
h4,bear,1,rsi_down3,bb_lower,oos,1320,0.07575758
h4,bear,1,rsi_down3,superbb_bear,disc,330,0.14545455
h4,bear,1,rsi_down3,superbb_bear,val,76,0.17105263
h4,bear,1,rsi_down3,superbb_bear,oos,80,0.10000000
h4,bear,1,rsi_down3,superbb_squeeze,disc,4005,0.04868914
h4,bear,1,rsi_down3,superbb_squeeze,val,1049,0.07435653
h4,bear,1,rsi_down3,superbb_squeeze,oos,699,0.04434907
h4,bear,1,rsi_down3,superbb_expand,disc,5083,0.07810348
h4,bear,1,rsi_down3,superbb_expand,val,1169,0.06244654
h4,bear,1,rsi_down3,superbb_expand,oos,867,0.08535179
h4,bear,1,rsi_down3,stoch_bear,disc,15714,0.06255568
h4,bear,1,rsi_down3,stoch_bear,val,3900,0.07205128
h4,bear,1,rsi_down3,stoch_bear,oos,2764,0.05643994
h4,bear,1,rsi_down3,stoch_cross_down,disc,2653,0.07576329
h4,bear,1,rsi_down3,stoch_cross_down,val,627,0.08133971
h4,bear,1,rsi_down3,stoch_cross_down,oos,413,0.06537530
h4,bear,1,rsi_down3,stoch_fall_down,disc,1963,0.07131941
h4,bear,1,rsi_down3,stoch_fall_down,val,448,0.08035714
h4,bear,1,rsi_down3,stoch_fall_down,oos,363,0.05785124
h4,bear,1,rsi_down3,rci_bear,disc,9640,0.06732365
h4,bear,1,rsi_down3,rci_bear,val,2425,0.07134021
h4,bear,1,rsi_down3,rci_bear,oos,1588,0.07052897
h4,bear,1,rsi_down3,rci_strong_bear,disc,2704,0.07359467
h4,bear,1,rsi_down3,rci_strong_bear,val,622,0.04983923
h4,bear,1,rsi_down3,rci_strong_bear,oos,376,0.07712766
h4,bear,1,rsi_down3,rci_cross_down,disc,1661,0.06863335
h4,bear,1,rsi_down3,rci_cross_down,val,395,0.07848101
h4,bear,1,rsi_down3,rci_cross_down,oos,289,0.05882353
h4,bear,1,rsi_down3,dmi_adx_bear,disc,4469,0.08368763
h4,bear,1,rsi_down3,dmi_adx_bear,val,977,0.07778915
h4,bear,1,rsi_down3,dmi_adx_bear,oos,827,0.08706167
h4,bear,1,rsi_down3,dmi_adx_strong_bear,disc,7727,0.07363789
h4,bear,1,rsi_down3,dmi_adx_strong_bear,val,1886,0.07741251
h4,bear,1,rsi_down3,dmi_adx_strong_bear,oos,1429,0.07417775
h4,bear,1,rsi_down3,fib_below382,disc,12523,0.06627805
h4,bear,1,rsi_down3,fib_below382,val,2921,0.07360493
h4,bear,1,rsi_down3,fib_below382,oos,2005,0.06134663
h4,bear,1,rsi_down3,fib_below500,disc,10305,0.07006308
h4,bear,1,rsi_down3,fib_below500,val,2374,0.07287279
h4,bear,1,rsi_down3,fib_below500,oos,1621,0.06354102
h4,bear,1,rsi_down3,fib_below618,disc,8367,0.07099319
h4,bear,1,rsi_down3,fib_below618,val,1871,0.07429182
h4,bear,1,rsi_down3,fib_below618,oos,1280,0.07109375
h4,bear,1,rsi_down3,fib_time_zone,disc,6824,0.06521102
h4,bear,1,rsi_down3,fib_time_zone,val,1682,0.06599287
h4,bear,1,rsi_down3,fib_time_zone,oos,1188,0.05134680
h4,bear,1,rsi_down3,fib_time_5,disc,3804,0.06677182
h4,bear,1,rsi_down3,fib_time_5,val,957,0.05642633
h4,bear,1,rsi_down3,fib_time_5,oos,696,0.05747126
h4,bear,1,rsi_down3,fib_time_8,disc,2448,0.05759804
h4,bear,1,rsi_down3,fib_time_8,val,610,0.06885246
h4,bear,1,rsi_down3,fib_time_8,oos,410,0.04390244
h4,bear,1,rsi_down3,fib_time_13,disc,1448,0.06560773
h4,bear,1,rsi_down3,fib_time_13,val,347,0.08933718
h4,bear,1,rsi_down3,fib_time_13,oos,237,0.04219409
h4,bear,1,rsi_down3,fib_fan_down,disc,8367,0.07099319
h4,bear,1,rsi_down3,fib_fan_down,val,1871,0.07429182
h4,bear,1,rsi_down3,fib_fan_down,oos,1280,0.07109375
h4,bear,1,rsi_down3,fib_arc_bear,disc,10305,0.07006308
h4,bear,1,rsi_down3,fib_arc_bear,val,2374,0.07287279
h4,bear,1,rsi_down3,fib_arc_bear,oos,1621,0.06354102
h4,bear,1,rsi_down3,trendline_down,disc,8542,0.07035823
h4,bear,1,rsi_down3,trendline_down,val,2133,0.07219878
h4,bear,1,rsi_down3,trendline_down,oos,1386,0.07070707
h4,bear,1,rsi_down3,channel_lower,disc,7414,0.07067710
h4,bear,1,rsi_down3,channel_lower,val,1763,0.07317073
h4,bear,1,rsi_down3,channel_lower,oos,1148,0.07578397
h4,bear,1,rsi_down3,channel_mid_bear,disc,12360,0.06771845
h4,bear,1,rsi_down3,channel_mid_bear,val,3037,0.07408627
h4,bear,1,rsi_down3,channel_mid_bear,oos,1986,0.06747231
h4,bear,1,rsi_down3,channel_breakout_down,disc,3128,0.08503836
h4,bear,1,rsi_down3,channel_breakout_down,val,720,0.07361111
h4,bear,1,rsi_down3,channel_breakout_down,oos,483,0.09109731
h4,bear,1,rsi_down3,horizontal_support_near,disc,2616,0.08792049
h4,bear,1,rsi_down3,horizontal_support_near,val,528,0.08712121
h4,bear,1,rsi_down3,horizontal_support_near,oos,366,0.10382514
h4,bear,1,rsi_down3,horizontal_break_down,disc,1848,0.10010823
h4,bear,1,rsi_down3,horizontal_break_down,val,382,0.09947644
h4,bear,1,rsi_down3,horizontal_break_down,oos,268,0.11567164
h4,bear,1,rsi_down3,vertical_session,disc,13102,0.06411235
h4,bear,1,rsi_down3,vertical_session,val,3172,0.06651955
h4,bear,1,rsi_down3,vertical_session,oos,2256,0.05718085
h4,bear,1,rsi_down3,vertical_day_open,disc,2449,0.06900776
h4,bear,1,rsi_down3,vertical_day_open,val,671,0.06706408
h4,bear,1,rsi_down3,vertical_day_open,oos,484,0.05785124
h4,bear,1,rsi_down3,vertical_week_open,disc,434,0.04608295
h4,bear,1,rsi_down3,vertical_week_open,val,126,0.06349206
h4,bear,1,rsi_down3,vertical_week_open,oos,109,0.05504587
h4,bear,1,rsi_down3,rectangle_range,disc,10729,0.05527076
h4,bear,1,rsi_down3,rectangle_range,val,2720,0.07022059
h4,bear,1,rsi_down3,rectangle_range,oos,1976,0.04858300
h4,bear,1,rsi_down3,triangle_breakout_down,disc,77,0.10389610
h4,bear,1,rsi_down3,triangle_breakout_down,val,24,0.16666667
h4,bear,1,rsi_down3,triangle_breakout_down,oos,8,0.00000000
h4,bear,1,rsi_down3,ellipse_compression,disc,271,0.09963100
h4,bear,1,rsi_down3,ellipse_compression,val,83,0.10843373
h4,bear,1,rsi_down3,ellipse_compression,oos,61,0.03278689
h4,bear,1,rsi_down3,elliott_wave2_bear,disc,2128,0.06203008
h4,bear,1,rsi_down3,elliott_wave2_bear,val,548,0.08211679
h4,bear,1,rsi_down3,elliott_wave2_bear,oos,407,0.03931204
h4,bear,1,rsi_down3,elliott_wave3_bear,disc,4001,0.07398150
h4,bear,1,rsi_down3,elliott_wave3_bear,val,876,0.09132420
h4,bear,1,rsi_down3,elliott_wave3_bear,oos,610,0.07049180
h4,bear,1,rsi_down3,elliott_wave4_bear,disc,1953,0.05683564
h4,bear,1,rsi_down3,elliott_wave4_bear,val,480,0.08125000
h4,bear,1,rsi_down3,elliott_wave4_bear,oos,351,0.05128205
h4,bear,1,rsi_down3,elliott_wave5_bear,disc,3824,0.07479079
h4,bear,1,rsi_down3,elliott_wave5_bear,val,864,0.07407407
h4,bear,1,rsi_down3,elliott_wave5_bear,oos,578,0.07266436
h4,bear,1,rsi_down3,elliott_impulse_bear,disc,5122,0.07087075
h4,bear,1,rsi_down3,elliott_impulse_bear,val,1180,0.08559322
h4,bear,1,rsi_down3,elliott_impulse_bear,oos,773,0.06338939
h4,bear,1,rsi_down3,elliott_pullback_bear,disc,4081,0.05954423
h4,bear,1,rsi_down3,elliott_pullback_bear,val,1028,0.08171206
h4,bear,1,rsi_down3,elliott_pullback_bear,oos,758,0.04485488
h4,bear,1,rsi_down3,range_compression,disc,14864,0.06182723
h4,bear,1,rsi_down3,range_compression,val,3722,0.07119828
h4,bear,1,rsi_down3,range_compression,oos,2594,0.04703161
h4,bear,1,rsi_down3,range_tight,disc,1164,0.06099656
h4,bear,1,rsi_down3,range_tight,val,391,0.05626598
h4,bear,1,rsi_down3,range_tight,oos,247,0.05668016
h4,bear,1,rsi_down3,inside_bar,disc,3141,0.04266157
h4,bear,1,rsi_down3,inside_bar,val,722,0.06094183
h4,bear,1,rsi_down3,inside_bar,oos,538,0.05204461
h4,bear,1,rsi_down3,inside_2,disc,392,0.03571429
h4,bear,1,rsi_down3,inside_2,val,71,0.00000000
h4,bear,1,rsi_down3,inside_2,oos,55,0.12727273
h4,bear,1,rsi_down3,nr7,disc,2219,0.04191077
h4,bear,1,rsi_down3,nr7,val,579,0.04663212
h4,bear,1,rsi_down3,nr7,oos,397,0.04785894
h4,bear,1,rsi_down3,nr4,disc,4909,0.03564881
h4,bear,1,rsi_down3,nr4,val,1198,0.04924875
h4,bear,1,rsi_down3,nr4,oos,825,0.03878788
h4,bear,1,rsi_down3,breakout_down20,disc,3128,0.08503836
h4,bear,1,rsi_down3,breakout_down20,val,720,0.07361111
h4,bear,1,rsi_down3,breakout_down20,oos,483,0.09109731
h4,bear,1,rsi_down3,retest_down,disc,3126,0.08509277
h4,bear,1,rsi_down3,retest_down,val,714,0.07142857
h4,bear,1,rsi_down3,retest_down,oos,478,0.08995816
h4,bear,1,rsi_down3,squeeze_release_down,disc,364,0.05494505
h4,bear,1,rsi_down3,squeeze_release_down,val,109,0.08256881
h4,bear,1,rsi_down3,squeeze_release_down,oos,50,0.06000000
h4,bear,1,rsi_down3,pin_bear,disc,211,0.15639810
h4,bear,1,rsi_down3,pin_bear,val,50,0.16000000
h4,bear,1,rsi_down3,pin_bear,oos,27,0.25925926
h4,bear,1,rsi_down3,engulf_bear,disc,2195,0.07471526
h4,bear,1,rsi_down3,engulf_bear,val,548,0.08941606
h4,bear,1,rsi_down3,engulf_bear,oos,410,0.05609756
h4,bear,1,rsi_down3,strong_close_bear,disc,5896,0.06462008
h4,bear,1,rsi_down3,strong_close_bear,val,1387,0.05984138
h4,bear,1,rsi_down3,strong_close_bear,oos,961,0.04578564
h4,bear,1,rsi_down3,gap_proxy_down,disc,240,0.06666667
h4,bear,1,rsi_down3,gap_proxy_down,val,78,0.16666667
h4,bear,1,rsi_down3,gap_proxy_down,oos,82,0.04878049
h4,bear,1,rsi_down3,ll20,disc,4964,0.07876712
h4,bear,1,rsi_down3,ll20,val,1192,0.08137584
h4,bear,1,rsi_down3,ll20,oos,770,0.08181818
h4,bear,1,rsi_down3,structure_bear_transition,disc,12463,0.06595523
h4,bear,1,rsi_down3,structure_bear_transition,val,3051,0.07046870
h4,bear,1,rsi_down3,structure_bear_transition,oos,2161,0.05460435
h4,bear,1,rsi_down3,compression,disc,1168,0.08304795
h4,bear,1,rsi_down3,compression,val,346,0.07803468
h4,bear,1,rsi_down3,compression,oos,213,0.04225352
h4,bear,1,rsi_down3,shape_triangle_proxy,disc,1071,0.07656396
h4,bear,1,rsi_down3,shape_triangle_proxy,val,323,0.08359133
h4,bear,1,rsi_down3,shape_triangle_proxy,oos,208,0.03846154
h4,bear,1,di_cross_down,sma20_bear,disc,2361,0.06565015
h4,bear,1,di_cross_down,sma20_bear,val,598,0.07525084
h4,bear,1,di_cross_down,sma20_bear,oos,342,0.04093567
h4,bear,1,di_cross_down,sma50_bear,disc,1831,0.06881486
h4,bear,1,di_cross_down,sma50_bear,val,423,0.06382979
h4,bear,1,di_cross_down,sma50_bear,oos,226,0.04424779
h4,bear,1,di_cross_down,sma200_bear,disc,1574,0.06543837
h4,bear,1,di_cross_down,sma200_bear,val,342,0.05847953
h4,bear,1,di_cross_down,sma200_bear,oos,220,0.00909091
h4,bear,1,di_cross_down,sma_stack_bear,disc,756,0.07142857
h4,bear,1,di_cross_down,sma_stack_bear,val,133,0.06766917
h4,bear,1,di_cross_down,sma_stack_bear,oos,96,0.01041667
h4,bear,1,di_cross_down,ichimoku_bear,disc,1256,0.06687898
h4,bear,1,di_cross_down,ichimoku_bear,val,268,0.06343284
h4,bear,1,di_cross_down,ichimoku_bear,oos,149,0.02013423
h4,bear,1,di_cross_down,ichimoku_tk_bear,disc,1180,0.06101695
h4,bear,1,di_cross_down,ichimoku_tk_bear,val,286,0.03846154
h4,bear,1,di_cross_down,ichimoku_tk_bear,oos,146,0.04109589
h4,bear,1,di_cross_down,ichimoku_cloud_bear,disc,1623,0.05853358
h4,bear,1,di_cross_down,ichimoku_cloud_bear,val,398,0.06281407
h4,bear,1,di_cross_down,ichimoku_cloud_bear,oos,264,0.04166667
h4,bear,1,di_cross_down,span_model_bear,disc,624,0.06730769
h4,bear,1,di_cross_down,span_model_bear,val,129,0.04651163
h4,bear,1,di_cross_down,span_model_bear,oos,64,0.03125000
h4,bear,1,di_cross_down,bb_bear,disc,2361,0.06565015
h4,bear,1,di_cross_down,bb_bear,val,598,0.07525084
h4,bear,1,di_cross_down,bb_bear,oos,342,0.04093567
h4,bear,1,di_cross_down,bb_lower,disc,926,0.06155508
h4,bear,1,di_cross_down,bb_lower,val,243,0.05761317
h4,bear,1,di_cross_down,bb_lower,oos,115,0.05217391
h4,bear,1,di_cross_down,superbb_bear,disc,73,0.10958904
h4,bear,1,di_cross_down,superbb_bear,val,14,0.07142857
h4,bear,1,di_cross_down,superbb_bear,oos,14,0.00000000
h4,bear,1,di_cross_down,superbb_squeeze,disc,1157,0.05704408
h4,bear,1,di_cross_down,superbb_squeeze,val,319,0.05642633
h4,bear,1,di_cross_down,superbb_squeeze,oos,194,0.05670103
h4,bear,1,di_cross_down,superbb_expand,disc,390,0.07692308
h4,bear,1,di_cross_down,superbb_expand,val,84,0.04761905
h4,bear,1,di_cross_down,superbb_expand,oos,58,0.05172414
h4,bear,1,di_cross_down,stoch_bear,disc,3030,0.06600660
h4,bear,1,di_cross_down,stoch_bear,val,762,0.06561680
h4,bear,1,di_cross_down,stoch_bear,oos,506,0.04743083
h4,bear,1,di_cross_down,stoch_cross_down,disc,1073,0.06337372
h4,bear,1,di_cross_down,stoch_cross_down,val,255,0.06274510
h4,bear,1,di_cross_down,stoch_cross_down,oos,182,0.06593407
h4,bear,1,di_cross_down,stoch_fall_down,disc,543,0.08655617
h4,bear,1,di_cross_down,stoch_fall_down,val,120,0.07500000
h4,bear,1,di_cross_down,stoch_fall_down,oos,109,0.07339450
h4,bear,1,di_cross_down,rci_bear,disc,1337,0.05534779
h4,bear,1,di_cross_down,rci_bear,val,366,0.06557377
h4,bear,1,di_cross_down,rci_bear,oos,191,0.04712042
h4,bear,1,di_cross_down,rci_strong_bear,disc,144,0.02777778
h4,bear,1,di_cross_down,rci_strong_bear,val,32,0.03125000
h4,bear,1,di_cross_down,rci_strong_bear,oos,12,0.00000000
h4,bear,1,di_cross_down,rci_cross_down,disc,308,0.07792208
h4,bear,1,di_cross_down,rci_cross_down,val,78,0.08974359
h4,bear,1,di_cross_down,rci_cross_down,oos,52,0.00000000
h4,bear,1,di_cross_down,dmi_adx_bear,disc,676,0.06952663
h4,bear,1,di_cross_down,dmi_adx_bear,val,155,0.06451613
h4,bear,1,di_cross_down,dmi_adx_bear,oos,96,0.03125000
h4,bear,1,di_cross_down,dmi_adx_strong_bear,disc,368,0.08423913
h4,bear,1,di_cross_down,dmi_adx_strong_bear,val,111,0.12612613
h4,bear,1,di_cross_down,dmi_adx_strong_bear,oos,77,0.05194805
h4,bear,1,di_cross_down,fib_below382,disc,2372,0.06534570
h4,bear,1,di_cross_down,fib_below382,val,550,0.05818182
h4,bear,1,di_cross_down,fib_below382,oos,332,0.04819277
h4,bear,1,di_cross_down,fib_below500,disc,1741,0.06835152
h4,bear,1,di_cross_down,fib_below500,val,390,0.06153846
h4,bear,1,di_cross_down,fib_below500,oos,208,0.03365385
h4,bear,1,di_cross_down,fib_below618,disc,1165,0.06609442
h4,bear,1,di_cross_down,fib_below618,val,242,0.06611570
h4,bear,1,di_cross_down,fib_below618,oos,132,0.03787879
h4,bear,1,di_cross_down,fib_time_zone,disc,1227,0.04889976
h4,bear,1,di_cross_down,fib_time_zone,val,341,0.07624633
h4,bear,1,di_cross_down,fib_time_zone,oos,206,0.04368932
h4,bear,1,di_cross_down,fib_time_5,disc,685,0.04233577
h4,bear,1,di_cross_down,fib_time_5,val,181,0.08287293
h4,bear,1,di_cross_down,fib_time_5,oos,129,0.04651163
h4,bear,1,di_cross_down,fib_time_8,disc,432,0.03935185
h4,bear,1,di_cross_down,fib_time_8,val,118,0.07627119
h4,bear,1,di_cross_down,fib_time_8,oos,72,0.01388889
h4,bear,1,di_cross_down,fib_time_13,disc,238,0.07563025
h4,bear,1,di_cross_down,fib_time_13,val,83,0.07228916
h4,bear,1,di_cross_down,fib_time_13,oos,33,0.06060606
h4,bear,1,di_cross_down,fib_fan_down,disc,1165,0.06609442
h4,bear,1,di_cross_down,fib_fan_down,val,242,0.06611570
h4,bear,1,di_cross_down,fib_fan_down,oos,132,0.03787879
h4,bear,1,di_cross_down,fib_arc_bear,disc,1741,0.06835152
h4,bear,1,di_cross_down,fib_arc_bear,val,390,0.06153846
h4,bear,1,di_cross_down,fib_arc_bear,oos,208,0.03365385
h4,bear,1,di_cross_down,trendline_down,disc,1223,0.05887163
h4,bear,1,di_cross_down,trendline_down,val,308,0.04870130
h4,bear,1,di_cross_down,trendline_down,oos,146,0.07534247
h4,bear,1,di_cross_down,channel_lower,disc,809,0.05315204
h4,bear,1,di_cross_down,channel_lower,val,191,0.04712042
h4,bear,1,di_cross_down,channel_lower,oos,85,0.05882353
h4,bear,1,di_cross_down,channel_mid_bear,disc,2177,0.06476803
h4,bear,1,di_cross_down,channel_mid_bear,val,531,0.07156309
h4,bear,1,di_cross_down,channel_mid_bear,oos,295,0.04745763
h4,bear,1,di_cross_down,channel_breakout_down,disc,300,0.06666667
h4,bear,1,di_cross_down,channel_breakout_down,val,81,0.06172840
h4,bear,1,di_cross_down,channel_breakout_down,oos,34,0.05882353
h4,bear,1,di_cross_down,horizontal_support_near,disc,108,0.09259259
h4,bear,1,di_cross_down,horizontal_support_near,val,22,0.04545455
h4,bear,1,di_cross_down,horizontal_support_near,oos,10,0.00000000
h4,bear,1,di_cross_down,horizontal_break_down,disc,75,0.12000000
h4,bear,1,di_cross_down,horizontal_break_down,val,12,0.08333333
h4,bear,1,di_cross_down,horizontal_break_down,oos,7,0.00000000
h4,bear,1,di_cross_down,vertical_session,disc,2461,0.06623324
h4,bear,1,di_cross_down,vertical_session,val,551,0.06715064
h4,bear,1,di_cross_down,vertical_session,oos,359,0.05013928
h4,bear,1,di_cross_down,vertical_day_open,disc,493,0.06896552
h4,bear,1,di_cross_down,vertical_day_open,val,117,0.03418803
h4,bear,1,di_cross_down,vertical_day_open,oos,53,0.01886792
h4,bear,1,di_cross_down,vertical_week_open,disc,77,0.07792208
h4,bear,1,di_cross_down,vertical_week_open,val,16,0.06250000
h4,bear,1,di_cross_down,vertical_week_open,oos,10,0.00000000
h4,bear,1,di_cross_down,rectangle_range,disc,2269,0.06434553
h4,bear,1,di_cross_down,rectangle_range,val,592,0.06418919
h4,bear,1,di_cross_down,rectangle_range,oos,405,0.05432099
h4,bear,1,di_cross_down,ellipse_compression,disc,111,0.07207207
h4,bear,1,di_cross_down,ellipse_compression,val,25,0.16000000
h4,bear,1,di_cross_down,ellipse_compression,oos,17,0.05882353
h4,bear,1,di_cross_down,elliott_wave2_bear,disc,275,0.08363636
h4,bear,1,di_cross_down,elliott_wave2_bear,val,76,0.10526316
h4,bear,1,di_cross_down,elliott_wave2_bear,oos,46,0.02173913
h4,bear,1,di_cross_down,elliott_wave3_bear,disc,657,0.05631659
h4,bear,1,di_cross_down,elliott_wave3_bear,val,165,0.10909091
h4,bear,1,di_cross_down,elliott_wave3_bear,oos,99,0.02020202
h4,bear,1,di_cross_down,elliott_wave4_bear,disc,264,0.04924242
h4,bear,1,di_cross_down,elliott_wave4_bear,val,66,0.09090909
h4,bear,1,di_cross_down,elliott_wave4_bear,oos,41,0.04878049
h4,bear,1,di_cross_down,elliott_wave5_bear,disc,561,0.06595365
h4,bear,1,di_cross_down,elliott_wave5_bear,val,145,0.08275862
h4,bear,1,di_cross_down,elliott_wave5_bear,oos,75,0.01333333
h4,bear,1,di_cross_down,elliott_impulse_bear,disc,878,0.05808656
h4,bear,1,di_cross_down,elliott_impulse_bear,val,222,0.09459459
h4,bear,1,di_cross_down,elliott_impulse_bear,oos,119,0.01680672
h4,bear,1,di_cross_down,elliott_pullback_bear,disc,539,0.06679035
h4,bear,1,di_cross_down,elliott_pullback_bear,val,142,0.09859155
h4,bear,1,di_cross_down,elliott_pullback_bear,oos,87,0.03448276
h4,bear,1,di_cross_down,range_compression,disc,2934,0.06100886
h4,bear,1,di_cross_down,range_compression,val,726,0.06473829
h4,bear,1,di_cross_down,range_compression,oos,512,0.04492188
h4,bear,1,di_cross_down,range_tight,disc,342,0.03508772
h4,bear,1,di_cross_down,range_tight,val,136,0.06617647
h4,bear,1,di_cross_down,range_tight,oos,65,0.06153846
h4,bear,1,di_cross_down,nr7,disc,81,0.07407407
h4,bear,1,di_cross_down,nr7,val,17,0.05882353
h4,bear,1,di_cross_down,nr7,oos,10,0.10000000
h4,bear,1,di_cross_down,nr4,disc,218,0.04587156
h4,bear,1,di_cross_down,nr4,val,43,0.06976744
h4,bear,1,di_cross_down,nr4,oos,37,0.02702703
h4,bear,1,di_cross_down,breakout_down20,disc,300,0.06666667
h4,bear,1,di_cross_down,breakout_down20,val,81,0.06172840
h4,bear,1,di_cross_down,breakout_down20,oos,34,0.05882353
h4,bear,1,di_cross_down,retest_down,disc,300,0.06666667
h4,bear,1,di_cross_down,retest_down,val,79,0.05063291
h4,bear,1,di_cross_down,retest_down,oos,34,0.05882353
h4,bear,1,di_cross_down,squeeze_release_down,disc,79,0.05063291
h4,bear,1,di_cross_down,squeeze_release_down,val,26,0.00000000
h4,bear,1,di_cross_down,squeeze_release_down,oos,10,0.00000000
h4,bear,1,di_cross_down,engulf_bear,disc,601,0.06322795
h4,bear,1,di_cross_down,engulf_bear,val,137,0.06569343
h4,bear,1,di_cross_down,engulf_bear,oos,112,0.08035714
h4,bear,1,di_cross_down,strong_close_bear,disc,1024,0.06738281
h4,bear,1,di_cross_down,strong_close_bear,val,235,0.05957447
h4,bear,1,di_cross_down,strong_close_bear,oos,143,0.04895105
h4,bear,1,di_cross_down,gap_proxy_down,disc,149,0.02684564
h4,bear,1,di_cross_down,gap_proxy_down,val,59,0.10169492
h4,bear,1,di_cross_down,gap_proxy_down,oos,44,0.00000000
h4,bear,1,di_cross_down,ll20,disc,553,0.05605787
h4,bear,1,di_cross_down,ll20,val,149,0.09395973
h4,bear,1,di_cross_down,ll20,oos,69,0.05797101
h4,bear,1,di_cross_down,structure_bear_transition,disc,2358,0.06743003
h4,bear,1,di_cross_down,structure_bear_transition,val,607,0.06260297
h4,bear,1,di_cross_down,structure_bear_transition,oos,412,0.03398058
h4,bear,1,di_cross_down,compression,disc,348,0.07471264
h4,bear,1,di_cross_down,compression,val,88,0.09090909
h4,bear,1,di_cross_down,compression,oos,51,0.03921569
h4,bear,1,di_cross_down,shape_triangle_proxy,disc,335,0.07462687
h4,bear,1,di_cross_down,shape_triangle_proxy,val,86,0.09302326
h4,bear,1,di_cross_down,shape_triangle_proxy,oos,51,0.03921569
h4,bear,3,breakout20_down,sma20_bear,disc,4118,0.19645459
h4,bear,3,breakout20_down,sma20_bear,val,896,0.17299107
h4,bear,3,breakout20_down,sma20_bear,oos,640,0.18750000
h4,bear,3,breakout20_down,sma50_bear,disc,4014,0.19755855
h4,bear,3,breakout20_down,sma50_bear,val,864,0.17592593
h4,bear,3,breakout20_down,sma50_bear,oos,628,0.18949045
h4,bear,3,breakout20_down,sma200_bear,disc,3020,0.20761589
h4,bear,3,breakout20_down,sma200_bear,val,627,0.19298246
h4,bear,3,breakout20_down,sma200_bear,oos,462,0.19480519
h4,bear,3,breakout20_down,sma_stack_bear,disc,1533,0.22439661
h4,bear,3,breakout20_down,sma_stack_bear,val,262,0.23664122
h4,bear,3,breakout20_down,sma_stack_bear,oos,189,0.11111111
h4,bear,3,breakout20_down,ichimoku_bear,disc,3398,0.20306062
h4,bear,3,breakout20_down,ichimoku_bear,val,705,0.18014184
h4,bear,3,breakout20_down,ichimoku_bear,oos,516,0.19379845
h4,bear,3,breakout20_down,ichimoku_tk_bear,disc,3518,0.19698692
h4,bear,3,breakout20_down,ichimoku_tk_bear,val,739,0.15967524
h4,bear,3,breakout20_down,ichimoku_tk_bear,oos,526,0.17870722
h4,bear,3,breakout20_down,ichimoku_cloud_bear,disc,1991,0.21245605
h4,bear,3,breakout20_down,ichimoku_cloud_bear,val,371,0.17789757
h4,bear,3,breakout20_down,ichimoku_cloud_bear,oos,274,0.13868613
h4,bear,3,breakout20_down,span_model_bear,disc,3025,0.20495868
h4,bear,3,breakout20_down,span_model_bear,val,631,0.16640254
h4,bear,3,breakout20_down,span_model_bear,oos,445,0.18651685
h4,bear,3,breakout20_down,bb_bear,disc,4118,0.19645459
h4,bear,3,breakout20_down,bb_bear,val,896,0.17299107
h4,bear,3,breakout20_down,bb_bear,oos,640,0.18750000
h4,bear,3,breakout20_down,bb_lower,disc,4084,0.19711068
h4,bear,3,breakout20_down,bb_lower,val,892,0.17376682
h4,bear,3,breakout20_down,bb_lower,oos,639,0.18779343
h4,bear,3,breakout20_down,superbb_bear,disc,309,0.24919094
h4,bear,3,breakout20_down,superbb_bear,val,71,0.25352113
h4,bear,3,breakout20_down,superbb_bear,oos,77,0.23376623
h4,bear,3,breakout20_down,superbb_squeeze,disc,427,0.15690867
h4,bear,3,breakout20_down,superbb_squeeze,val,121,0.19008264
h4,bear,3,breakout20_down,superbb_squeeze,oos,58,0.17241379
h4,bear,3,breakout20_down,superbb_expand,disc,2572,0.20528771
h4,bear,3,breakout20_down,superbb_expand,val,550,0.18909091
h4,bear,3,breakout20_down,superbb_expand,oos,422,0.22274882
h4,bear,3,breakout20_down,stoch_bear,disc,3347,0.18822826
h4,bear,3,breakout20_down,stoch_bear,val,755,0.17483444
h4,bear,3,breakout20_down,stoch_bear,oos,518,0.19305019
h4,bear,3,breakout20_down,stoch_cross_down,disc,1046,0.20267686
h4,bear,3,breakout20_down,stoch_cross_down,val,226,0.16371681
h4,bear,3,breakout20_down,stoch_cross_down,oos,144,0.18055556
h4,bear,3,breakout20_down,rci_bear,disc,3845,0.19635891
h4,bear,3,breakout20_down,rci_bear,val,844,0.17180095
h4,bear,3,breakout20_down,rci_bear,oos,595,0.18487395
h4,bear,3,breakout20_down,rci_strong_bear,disc,1870,0.20000000
h4,bear,3,breakout20_down,rci_strong_bear,val,380,0.11578947
h4,bear,3,breakout20_down,rci_strong_bear,oos,297,0.18181818
h4,bear,3,breakout20_down,rci_cross_down,disc,189,0.19576720
h4,bear,3,breakout20_down,rci_cross_down,val,44,0.27272727
h4,bear,3,breakout20_down,rci_cross_down,oos,34,0.14705882
h4,bear,3,breakout20_down,dmi_adx_bear,disc,2048,0.22070312
h4,bear,3,breakout20_down,dmi_adx_bear,val,391,0.16624041
h4,bear,3,breakout20_down,dmi_adx_bear,oos,349,0.21776504
h4,bear,3,breakout20_down,dmi_adx_strong_bear,disc,3662,0.19879847
h4,bear,3,breakout20_down,dmi_adx_strong_bear,val,779,0.18356868
h4,bear,3,breakout20_down,dmi_adx_strong_bear,oos,584,0.20034247
h4,bear,3,breakout20_down,fib_below382,disc,4040,0.19678218
h4,bear,3,breakout20_down,fib_below382,val,882,0.17346939
h4,bear,3,breakout20_down,fib_below382,oos,629,0.18759936
h4,bear,3,breakout20_down,fib_below500,disc,3875,0.19896774
h4,bear,3,breakout20_down,fib_below500,val,836,0.17703349
h4,bear,3,breakout20_down,fib_below500,oos,602,0.18770764
h4,bear,3,breakout20_down,fib_below618,disc,3647,0.20043872
h4,bear,3,breakout20_down,fib_below618,val,766,0.17101828
h4,bear,3,breakout20_down,fib_below618,oos,551,0.18693285
h4,bear,3,breakout20_down,fib_time_zone,disc,1521,0.20710059
h4,bear,3,breakout20_down,fib_time_zone,val,309,0.18446602
h4,bear,3,breakout20_down,fib_time_zone,oos,210,0.21428571
h4,bear,3,breakout20_down,fib_time_5,disc,873,0.21076747
h4,bear,3,breakout20_down,fib_time_5,val,159,0.19496855
h4,bear,3,breakout20_down,fib_time_5,oos,123,0.24390244
h4,bear,3,breakout20_down,fib_time_8,disc,532,0.19360902
h4,bear,3,breakout20_down,fib_time_8,val,114,0.16666667
h4,bear,3,breakout20_down,fib_time_8,oos,79,0.16455696
h4,bear,3,breakout20_down,fib_time_13,disc,326,0.20552147
h4,bear,3,breakout20_down,fib_time_13,val,72,0.20833333
h4,bear,3,breakout20_down,fib_time_13,oos,40,0.22500000
h4,bear,3,breakout20_down,fib_fan_down,disc,3647,0.20043872
h4,bear,3,breakout20_down,fib_fan_down,val,766,0.17101828
h4,bear,3,breakout20_down,fib_fan_down,oos,551,0.18693285
h4,bear,3,breakout20_down,fib_arc_bear,disc,3875,0.19896774
h4,bear,3,breakout20_down,fib_arc_bear,val,836,0.17703349
h4,bear,3,breakout20_down,fib_arc_bear,oos,602,0.18770764
h4,bear,3,breakout20_down,trendline_down,disc,3895,0.19666239
h4,bear,3,breakout20_down,trendline_down,val,845,0.16568047
h4,bear,3,breakout20_down,trendline_down,oos,611,0.18657938
h4,bear,3,breakout20_down,channel_lower,disc,4118,0.19645459
h4,bear,3,breakout20_down,channel_lower,val,896,0.17299107
h4,bear,3,breakout20_down,channel_lower,oos,640,0.18750000
h4,bear,3,breakout20_down,channel_mid_bear,disc,4118,0.19645459
h4,bear,3,breakout20_down,channel_mid_bear,val,896,0.17299107
h4,bear,3,breakout20_down,channel_mid_bear,oos,640,0.18750000
h4,bear,3,breakout20_down,channel_breakout_down,disc,4118,0.19645459
h4,bear,3,breakout20_down,channel_breakout_down,val,896,0.17299107
h4,bear,3,breakout20_down,channel_breakout_down,oos,640,0.18750000
h4,bear,3,breakout20_down,horizontal_support_near,disc,2684,0.21274218
h4,bear,3,breakout20_down,horizontal_support_near,val,533,0.18198874
h4,bear,3,breakout20_down,horizontal_support_near,oos,396,0.19696970
h4,bear,3,breakout20_down,horizontal_break_down,disc,2555,0.21330724
h4,bear,3,breakout20_down,horizontal_break_down,val,496,0.18951613
h4,bear,3,breakout20_down,horizontal_break_down,oos,376,0.19946809
h4,bear,3,breakout20_down,vertical_session,disc,3059,0.17587447
h4,bear,3,breakout20_down,vertical_session,val,647,0.16074189
h4,bear,3,breakout20_down,vertical_session,oos,468,0.16025641
h4,bear,3,breakout20_down,vertical_day_open,disc,589,0.29711375
h4,bear,3,breakout20_down,vertical_day_open,val,142,0.24647887
h4,bear,3,breakout20_down,vertical_day_open,oos,101,0.22772277
h4,bear,3,breakout20_down,vertical_week_open,disc,108,0.31481481
h4,bear,3,breakout20_down,vertical_week_open,val,28,0.10714286
h4,bear,3,breakout20_down,vertical_week_open,oos,18,0.38888889
h4,bear,3,breakout20_down,triangle_breakout_down,disc,194,0.15979381
h4,bear,3,breakout20_down,triangle_breakout_down,val,42,0.19047619
h4,bear,3,breakout20_down,triangle_breakout_down,oos,22,0.04545455
h4,bear,3,breakout20_down,elliott_wave3_bear,disc,2480,0.19032258
h4,bear,3,breakout20_down,elliott_wave3_bear,val,558,0.18996416
h4,bear,3,breakout20_down,elliott_wave3_bear,oos,403,0.21339950
h4,bear,3,breakout20_down,elliott_wave5_bear,disc,3164,0.19500632
h4,bear,3,breakout20_down,elliott_wave5_bear,val,683,0.16544656
h4,bear,3,breakout20_down,elliott_wave5_bear,oos,498,0.19277108
h4,bear,3,breakout20_down,elliott_impulse_bear,disc,3541,0.19457780
h4,bear,3,breakout20_down,elliott_impulse_bear,val,790,0.16835443
h4,bear,3,breakout20_down,elliott_impulse_bear,oos,561,0.20142602
h4,bear,3,breakout20_down,range_compression,disc,3002,0.18687542
h4,bear,3,breakout20_down,range_compression,val,661,0.14069592
h4,bear,3,breakout20_down,range_compression,oos,454,0.15638767
h4,bear,3,breakout20_down,range_tight,disc,427,0.20140515
h4,bear,3,breakout20_down,range_tight,val,111,0.17117117
h4,bear,3,breakout20_down,range_tight,oos,88,0.21590909
h4,bear,3,breakout20_down,nr7,disc,124,0.16129032
h4,bear,3,breakout20_down,nr7,val,28,0.03571429
h4,bear,3,breakout20_down,nr7,oos,21,0.04761905
h4,bear,3,breakout20_down,nr4,disc,378,0.13756614
h4,bear,3,breakout20_down,nr4,val,83,0.13253012
h4,bear,3,breakout20_down,nr4,oos,74,0.06756757
h4,bear,3,breakout20_down,breakout_down20,disc,4118,0.19645459
h4,bear,3,breakout20_down,breakout_down20,val,896,0.17299107
h4,bear,3,breakout20_down,breakout_down20,oos,640,0.18750000
h4,bear,3,breakout20_down,retest_down,disc,4115,0.19659781
h4,bear,3,breakout20_down,retest_down,val,889,0.17097863
h4,bear,3,breakout20_down,retest_down,oos,632,0.18670886
h4,bear,3,breakout20_down,squeeze_release_down,disc,427,0.15690867
h4,bear,3,breakout20_down,squeeze_release_down,val,121,0.19008264
h4,bear,3,breakout20_down,squeeze_release_down,oos,58,0.17241379
h4,bear,3,breakout20_down,engulf_bear,disc,610,0.20327869
h4,bear,3,breakout20_down,engulf_bear,val,136,0.18382353
h4,bear,3,breakout20_down,engulf_bear,oos,95,0.22105263
h4,bear,3,breakout20_down,strong_close_bear,disc,1974,0.19047619
h4,bear,3,breakout20_down,strong_close_bear,val,443,0.15575621
h4,bear,3,breakout20_down,strong_close_bear,oos,295,0.18305085
h4,bear,3,breakout20_down,ll20,disc,4118,0.19645459
h4,bear,3,breakout20_down,ll20,val,896,0.17299107
h4,bear,3,breakout20_down,ll20,oos,640,0.18750000
h4,bear,3,breakout20_down,structure_bear_transition,disc,3565,0.19410940
h4,bear,3,breakout20_down,structure_bear_transition,val,777,0.17631918
h4,bear,3,breakout20_down,structure_bear_transition,oos,563,0.18650089
h4,bear,3,breakout20_down,compression,disc,194,0.15979381
h4,bear,3,breakout20_down,compression,val,42,0.19047619
h4,bear,3,breakout20_down,compression,oos,22,0.04545455
h4,bear,3,breakout20_down,shape_triangle_proxy,disc,183,0.15846995
h4,bear,3,breakout20_down,shape_triangle_proxy,val,40,0.20000000
h4,bear,3,breakout20_down,shape_triangle_proxy,oos,22,0.04545455
h4,bear,3,volatility,sma20_bear,disc,12893,0.20390910
h4,bear,3,volatility,sma20_bear,val,2770,0.24332130
h4,bear,3,volatility,sma20_bear,oos,2066,0.22216844
h4,bear,3,volatility,sma50_bear,disc,13186,0.20878204
h4,bear,3,volatility,sma50_bear,val,2735,0.24862888
h4,bear,3,volatility,sma50_bear,oos,2185,0.21418764
h4,bear,3,volatility,sma200_bear,disc,12011,0.19881775
h4,bear,3,volatility,sma200_bear,val,2227,0.26448137
h4,bear,3,volatility,sma200_bear,oos,1928,0.19346473
h4,bear,3,volatility,sma_stack_bear,disc,7469,0.21127326
h4,bear,3,volatility,sma_stack_bear,val,1383,0.30585683
h4,bear,3,volatility,sma_stack_bear,oos,960,0.13541667
h4,bear,3,volatility,ichimoku_bear,disc,11697,0.20979738
h4,bear,3,volatility,ichimoku_bear,val,2423,0.25877012
h4,bear,3,volatility,ichimoku_bear,oos,1940,0.21597938
h4,bear,3,volatility,ichimoku_tk_bear,disc,12074,0.20341229
h4,bear,3,volatility,ichimoku_tk_bear,val,2585,0.23056093
h4,bear,3,volatility,ichimoku_tk_bear,oos,2017,0.20773426
h4,bear,3,volatility,ichimoku_cloud_bear,disc,12261,0.19549792
h4,bear,3,volatility,ichimoku_cloud_bear,val,2326,0.26440241
h4,bear,3,volatility,ichimoku_cloud_bear,oos,1579,0.13299557
h4,bear,3,volatility,span_model_bear,disc,9168,0.20909686
h4,bear,3,volatility,span_model_bear,val,1903,0.24487651
h4,bear,3,volatility,span_model_bear,oos,1579,0.22102597
h4,bear,3,volatility,bb_bear,disc,12893,0.20390910
h4,bear,3,volatility,bb_bear,val,2770,0.24332130
h4,bear,3,volatility,bb_bear,oos,2066,0.22216844
h4,bear,3,volatility,bb_lower,disc,6181,0.21323410
h4,bear,3,volatility,bb_lower,val,1287,0.24242424
h4,bear,3,volatility,bb_lower,oos,956,0.24686192
h4,bear,3,volatility,superbb_bear,disc,175,0.27428571
h4,bear,3,volatility,superbb_bear,val,39,0.23076923
h4,bear,3,volatility,superbb_bear,oos,42,0.26190476
h4,bear,3,volatility,superbb_squeeze,disc,1824,0.14144737
h4,bear,3,volatility,superbb_squeeze,val,406,0.15763547
h4,bear,3,volatility,superbb_squeeze,oos,166,0.09638554
h4,bear,3,volatility,superbb_expand,disc,7176,0.20638239
h4,bear,3,volatility,superbb_expand,val,1540,0.21753247
h4,bear,3,volatility,superbb_expand,oos,1214,0.20757825
h4,bear,3,volatility,stoch_bear,disc,12142,0.19477845
h4,bear,3,volatility,stoch_bear,val,2666,0.22618155
h4,bear,3,volatility,stoch_bear,oos,1887,0.16057234
h4,bear,3,volatility,stoch_cross_down,disc,4857,0.20424130
h4,bear,3,volatility,stoch_cross_down,val,1081,0.21369103
h4,bear,3,volatility,stoch_cross_down,oos,762,0.17191601
h4,bear,3,volatility,stoch_fall_down,disc,1636,0.19254279
h4,bear,3,volatility,stoch_fall_down,val,361,0.20775623
h4,bear,3,volatility,stoch_fall_down,oos,257,0.10894942
h4,bear,3,volatility,rci_bear,disc,12717,0.20248486
h4,bear,3,volatility,rci_bear,val,2803,0.24438102
h4,bear,3,volatility,rci_bear,oos,2065,0.21888620
h4,bear,3,volatility,rci_strong_bear,disc,3864,0.21221532
h4,bear,3,volatility,rci_strong_bear,val,687,0.25909753
h4,bear,3,volatility,rci_strong_bear,oos,575,0.25913043
h4,bear,3,volatility,rci_cross_down,disc,938,0.20682303
h4,bear,3,volatility,rci_cross_down,val,187,0.23529412
h4,bear,3,volatility,rci_cross_down,oos,138,0.18115942
h4,bear,3,volatility,dmi_adx_bear,disc,7866,0.22972286
h4,bear,3,volatility,dmi_adx_bear,val,1568,0.27806122
h4,bear,3,volatility,dmi_adx_bear,oos,1595,0.24388715
h4,bear,3,volatility,dmi_adx_strong_bear,disc,6999,0.20831547
h4,bear,3,volatility,dmi_adx_strong_bear,val,1502,0.25499334
h4,bear,3,volatility,dmi_adx_strong_bear,oos,1325,0.27018868
h4,bear,3,volatility,fib_below382,disc,15494,0.20259455
h4,bear,3,volatility,fib_below382,val,3207,0.24415341
h4,bear,3,volatility,fib_below382,oos,2524,0.20007924
h4,bear,3,volatility,fib_below500,disc,12996,0.20383195
h4,bear,3,volatility,fib_below500,val,2644,0.24697428
h4,bear,3,volatility,fib_below500,oos,2131,0.20647583
h4,bear,3,volatility,fib_below618,disc,10423,0.20138156
h4,bear,3,volatility,fib_below618,val,2109,0.26363205
h4,bear,3,volatility,fib_below618,oos,1698,0.20906949
h4,bear,3,volatility,fib_time_zone,disc,8751,0.19174951
h4,bear,3,volatility,fib_time_zone,val,1887,0.22469528
h4,bear,3,volatility,fib_time_zone,oos,1393,0.16582915
h4,bear,3,volatility,fib_time_5,disc,4949,0.18953324
h4,bear,3,volatility,fib_time_5,val,1081,0.22201665
h4,bear,3,volatility,fib_time_5,oos,776,0.15721649
h4,bear,3,volatility,fib_time_8,disc,3083,0.18585793
h4,bear,3,volatility,fib_time_8,val,672,0.23660714
h4,bear,3,volatility,fib_time_8,oos,500,0.16400000
h4,bear,3,volatility,fib_time_13,disc,1908,0.19758910
h4,bear,3,volatility,fib_time_13,val,412,0.22087379
h4,bear,3,volatility,fib_time_13,oos,318,0.17924528
h4,bear,3,volatility,fib_fan_down,disc,10423,0.20138156
h4,bear,3,volatility,fib_fan_down,val,2109,0.26363205
h4,bear,3,volatility,fib_fan_down,oos,1698,0.20906949
h4,bear,3,volatility,fib_arc_bear,disc,12996,0.20383195
h4,bear,3,volatility,fib_arc_bear,val,2644,0.24697428
h4,bear,3,volatility,fib_arc_bear,oos,2131,0.20647583
h4,bear,3,volatility,trendline_down,disc,12921,0.20191936
h4,bear,3,volatility,trendline_down,val,2830,0.23710247
h4,bear,3,volatility,trendline_down,oos,2108,0.21110057
h4,bear,3,volatility,channel_lower,disc,6262,0.20552539
h4,bear,3,volatility,channel_lower,val,1259,0.24305004
h4,bear,3,volatility,channel_lower,oos,887,0.22096956
h4,bear,3,volatility,channel_mid_bear,disc,12730,0.20439906
h4,bear,3,volatility,channel_mid_bear,val,2705,0.23881701
h4,bear,3,volatility,channel_mid_bear,oos,2016,0.20783730
h4,bear,3,volatility,channel_breakout_down,disc,1855,0.22102426
h4,bear,3,volatility,channel_breakout_down,val,346,0.22543353
h4,bear,3,volatility,channel_breakout_down,oos,272,0.25735294
h4,bear,3,volatility,horizontal_resistance_near,disc,1767,0.17374080
h4,bear,3,volatility,horizontal_resistance_near,val,375,0.15200000
h4,bear,3,volatility,horizontal_resistance_near,oos,290,0.10344828
h4,bear,3,volatility,horizontal_support_near,disc,1899,0.24275935
h4,bear,3,volatility,horizontal_support_near,val,370,0.24324324
h4,bear,3,volatility,horizontal_support_near,oos,254,0.25196850
h4,bear,3,volatility,horizontal_break_down,disc,1289,0.24747867
h4,bear,3,volatility,horizontal_break_down,val,235,0.25106383
h4,bear,3,volatility,horizontal_break_down,oos,185,0.30270270
h4,bear,3,volatility,vertical_session,disc,16863,0.17974263
h4,bear,3,volatility,vertical_session,val,3600,0.21250000
h4,bear,3,volatility,vertical_session,oos,2636,0.15364188
h4,bear,3,volatility,vertical_day_open,disc,3522,0.28137422
h4,bear,3,volatility,vertical_day_open,val,783,0.25925926
h4,bear,3,volatility,vertical_day_open,oos,607,0.19275124
h4,bear,3,volatility,vertical_week_open,disc,649,0.26194145
h4,bear,3,volatility,vertical_week_open,val,146,0.28767123
h4,bear,3,volatility,vertical_week_open,oos,115,0.20869565
h4,bear,3,volatility,rectangle_range,disc,12571,0.18860870
h4,bear,3,volatility,rectangle_range,val,2847,0.22550053
h4,bear,3,volatility,rectangle_range,oos,2058,0.17103984
h4,bear,3,volatility,triangle_breakout_down,disc,60,0.18333333
h4,bear,3,volatility,triangle_breakout_down,val,12,0.08333333
h4,bear,3,volatility,triangle_breakout_down,oos,2,0.00000000
h4,bear,3,volatility,ellipse_compression,disc,802,0.25810474
h4,bear,3,volatility,ellipse_compression,val,113,0.23893805
h4,bear,3,volatility,ellipse_compression,oos,166,0.17469880
h4,bear,3,volatility,elliott_wave2_bear,disc,2271,0.19550859
h4,bear,3,volatility,elliott_wave2_bear,val,520,0.18461538
h4,bear,3,volatility,elliott_wave2_bear,oos,439,0.23690205
h4,bear,3,volatility,elliott_wave3_bear,disc,2081,0.18596828
h4,bear,3,volatility,elliott_wave3_bear,val,375,0.26666667
h4,bear,3,volatility,elliott_wave3_bear,oos,289,0.22145329
h4,bear,3,volatility,elliott_wave4_bear,disc,2040,0.19117647
h4,bear,3,volatility,elliott_wave4_bear,val,461,0.25596529
h4,bear,3,volatility,elliott_wave4_bear,oos,341,0.17595308
h4,bear,3,volatility,elliott_wave5_bear,disc,1921,0.21707444
h4,bear,3,volatility,elliott_wave5_bear,val,340,0.23235294
h4,bear,3,volatility,elliott_wave5_bear,oos,252,0.23015873
h4,bear,3,volatility,elliott_impulse_bear,disc,2588,0.20092736
h4,bear,3,volatility,elliott_impulse_bear,val,476,0.25000000
h4,bear,3,volatility,elliott_impulse_bear,oos,339,0.22123894
h4,bear,3,volatility,elliott_pullback_bear,disc,4311,0.19345859
h4,bear,3,volatility,elliott_pullback_bear,val,981,0.21814475
h4,bear,3,volatility,elliott_pullback_bear,oos,780,0.21025641
h4,bear,3,volatility,range_compression,disc,19039,0.19039866
h4,bear,3,volatility,range_compression,val,4097,0.21918477
h4,bear,3,volatility,range_compression,oos,3049,0.15808462
h4,bear,3,volatility,range_tight,disc,780,0.15000000
h4,bear,3,volatility,range_tight,val,250,0.13600000
h4,bear,3,volatility,range_tight,oos,143,0.13986014
h4,bear,3,volatility,inside_bar,disc,4466,0.17532468
h4,bear,3,volatility,inside_bar,val,876,0.22260274
h4,bear,3,volatility,inside_bar,oos,672,0.18303571
h4,bear,3,volatility,inside_2,disc,624,0.16666667
h4,bear,3,volatility,inside_2,val,78,0.24358974
h4,bear,3,volatility,inside_2,oos,80,0.28750000
h4,bear,3,volatility,nr7,disc,3155,0.20633914
h4,bear,3,volatility,nr7,val,709,0.26093089
h4,bear,3,volatility,nr7,oos,504,0.20039683
h4,bear,3,volatility,nr4,disc,6622,0.17260646
h4,bear,3,volatility,nr4,val,1394,0.21879484
h4,bear,3,volatility,nr4,oos,1023,0.19061584
h4,bear,3,volatility,breakout_down20,disc,1855,0.22102426
h4,bear,3,volatility,breakout_down20,val,346,0.22543353
h4,bear,3,volatility,breakout_down20,oos,272,0.25735294
h4,bear,3,volatility,retest_down,disc,1853,0.22126282
h4,bear,3,volatility,retest_down,val,343,0.22157434
h4,bear,3,volatility,retest_down,oos,267,0.25468165
h4,bear,3,volatility,pin_bear,disc,326,0.42638037
h4,bear,3,volatility,pin_bear,val,77,0.50649351
h4,bear,3,volatility,pin_bear,oos,50,0.44000000
h4,bear,3,volatility,engulf_bear,disc,1912,0.20345188
h4,bear,3,volatility,engulf_bear,val,409,0.26161369
h4,bear,3,volatility,engulf_bear,oos,315,0.15555556
h4,bear,3,volatility,strong_close_bear,disc,4090,0.19437653
h4,bear,3,volatility,strong_close_bear,val,849,0.20965842
h4,bear,3,volatility,strong_close_bear,oos,586,0.13993174
h4,bear,3,volatility,gap_proxy_down,disc,384,0.21614583
h4,bear,3,volatility,gap_proxy_down,val,99,0.21212121
h4,bear,3,volatility,gap_proxy_down,oos,74,0.20270270
h4,bear,3,volatility,ll20,disc,3536,0.21549774
h4,bear,3,volatility,ll20,val,753,0.21646746
h4,bear,3,volatility,ll20,oos,513,0.21637427
h4,bear,3,volatility,structure_bear_transition,disc,8794,0.20104617
h4,bear,3,volatility,structure_bear_transition,val,1833,0.22913257
h4,bear,3,volatility,structure_bear_transition,oos,1322,0.16111952
h4,bear,3,volatility,compression,disc,2149,0.22196370
h4,bear,3,volatility,compression,val,419,0.25298329
h4,bear,3,volatility,compression,oos,382,0.18848168
h4,bear,3,volatility,shape_triangle_proxy,disc,1627,0.19114935
h4,bear,3,volatility,shape_triangle_proxy,val,361,0.21606648
h4,bear,3,volatility,shape_triangle_proxy,oos,319,0.17554859
h4,bear,3,atr_expand,sma20_bear,disc,2608,0.20590491
h4,bear,3,atr_expand,sma20_bear,val,491,0.17107943
h4,bear,3,atr_expand,sma20_bear,oos,429,0.28904429
h4,bear,3,atr_expand,sma50_bear,disc,2445,0.20613497
h4,bear,3,atr_expand,sma50_bear,val,484,0.19008264
h4,bear,3,atr_expand,sma50_bear,oos,406,0.27586207
h4,bear,3,atr_expand,sma200_bear,disc,2257,0.20292424
h4,bear,3,atr_expand,sma200_bear,val,469,0.18123667
h4,bear,3,atr_expand,sma200_bear,oos,380,0.25000000
h4,bear,3,atr_expand,sma_stack_bear,disc,1393,0.20172290
h4,bear,3,atr_expand,sma_stack_bear,val,256,0.21484375
h4,bear,3,atr_expand,sma_stack_bear,oos,144,0.06944444
h4,bear,3,atr_expand,ichimoku_bear,disc,2086,0.19798658
h4,bear,3,atr_expand,ichimoku_bear,val,438,0.19406393
h4,bear,3,atr_expand,ichimoku_bear,oos,328,0.26219512
h4,bear,3,atr_expand,ichimoku_tk_bear,disc,2036,0.20579568
h4,bear,3,atr_expand,ichimoku_tk_bear,val,389,0.15681234
h4,bear,3,atr_expand,ichimoku_tk_bear,oos,298,0.24832215
h4,bear,3,atr_expand,ichimoku_cloud_bear,disc,2189,0.17359525
h4,bear,3,atr_expand,ichimoku_cloud_bear,val,455,0.18681319
h4,bear,3,atr_expand,ichimoku_cloud_bear,oos,312,0.17948718
h4,bear,3,atr_expand,span_model_bear,disc,1508,0.20557029
h4,bear,3,atr_expand,span_model_bear,val,325,0.16923077
h4,bear,3,atr_expand,span_model_bear,oos,235,0.26382979
h4,bear,3,atr_expand,bb_bear,disc,2608,0.20590491
h4,bear,3,atr_expand,bb_bear,val,491,0.17107943
h4,bear,3,atr_expand,bb_bear,oos,429,0.28904429
h4,bear,3,atr_expand,bb_lower,disc,1846,0.22210184
h4,bear,3,atr_expand,bb_lower,val,347,0.17867435
h4,bear,3,atr_expand,bb_lower,oos,334,0.30838323
h4,bear,3,atr_expand,superbb_bear,disc,239,0.25941423
h4,bear,3,atr_expand,superbb_bear,val,47,0.21276596
h4,bear,3,atr_expand,superbb_bear,oos,52,0.23076923
h4,bear,3,atr_expand,superbb_squeeze,disc,874,0.14530892
h4,bear,3,atr_expand,superbb_squeeze,val,130,0.09230769
h4,bear,3,atr_expand,superbb_squeeze,oos,89,0.08988764
h4,bear,3,atr_expand,superbb_expand,disc,2638,0.21304018
h4,bear,3,atr_expand,superbb_expand,val,511,0.20547945
h4,bear,3,atr_expand,superbb_expand,oos,470,0.24468085
h4,bear,3,atr_expand,stoch_bear,disc,2481,0.19226119
h4,bear,3,atr_expand,stoch_bear,val,463,0.17494600
h4,bear,3,atr_expand,stoch_bear,oos,393,0.23409669
h4,bear,3,atr_expand,stoch_cross_down,disc,1016,0.19881890
h4,bear,3,atr_expand,stoch_cross_down,val,181,0.17679558
h4,bear,3,atr_expand,stoch_cross_down,oos,144,0.20138889
h4,bear,3,atr_expand,stoch_fall_down,disc,491,0.17107943
h4,bear,3,atr_expand,stoch_fall_down,val,91,0.20879121
h4,bear,3,atr_expand,stoch_fall_down,oos,74,0.12162162
h4,bear,3,atr_expand,rci_bear,disc,2346,0.20801364
h4,bear,3,atr_expand,rci_bear,val,481,0.18295218
h4,bear,3,atr_expand,rci_bear,oos,390,0.27179487
h4,bear,3,atr_expand,rci_strong_bear,disc,565,0.18761062
h4,bear,3,atr_expand,rci_strong_bear,val,100,0.20000000
h4,bear,3,atr_expand,rci_strong_bear,oos,90,0.34444444
h4,bear,3,atr_expand,rci_cross_down,disc,332,0.22590361
h4,bear,3,atr_expand,rci_cross_down,val,46,0.13043478
h4,bear,3,atr_expand,rci_cross_down,oos,51,0.35294118
h4,bear,3,atr_expand,dmi_adx_bear,disc,1336,0.24401198
h4,bear,3,atr_expand,dmi_adx_bear,val,244,0.15573770
h4,bear,3,atr_expand,dmi_adx_bear,oos,225,0.31555556
h4,bear,3,atr_expand,dmi_adx_strong_bear,disc,1771,0.22134387
h4,bear,3,atr_expand,dmi_adx_strong_bear,val,351,0.19088319
h4,bear,3,atr_expand,dmi_adx_strong_bear,oos,371,0.30727763
h4,bear,3,atr_expand,fib_below382,disc,2842,0.20513723
h4,bear,3,atr_expand,fib_below382,val,552,0.18297101
h4,bear,3,atr_expand,fib_below382,oos,445,0.26516854
h4,bear,3,atr_expand,fib_below500,disc,2421,0.20735233
h4,bear,3,atr_expand,fib_below500,val,476,0.18277311
h4,bear,3,atr_expand,fib_below500,oos,393,0.27735369
h4,bear,3,atr_expand,fib_below618,disc,1978,0.20374115
h4,bear,3,atr_expand,fib_below618,val,387,0.18604651
h4,bear,3,atr_expand,fib_below618,oos,322,0.27329193
h4,bear,3,atr_expand,fib_time_zone,disc,1674,0.20011947
h4,bear,3,atr_expand,fib_time_zone,val,319,0.21630094
h4,bear,3,atr_expand,fib_time_zone,oos,256,0.21875000
h4,bear,3,atr_expand,fib_time_5,disc,944,0.18750000
h4,bear,3,atr_expand,fib_time_5,val,178,0.22471910
h4,bear,3,atr_expand,fib_time_5,oos,151,0.23841060
h4,bear,3,atr_expand,fib_time_8,disc,608,0.19572368
h4,bear,3,atr_expand,fib_time_8,val,110,0.22727273
h4,bear,3,atr_expand,fib_time_8,oos,83,0.16867470
h4,bear,3,atr_expand,fib_time_13,disc,339,0.22418879
h4,bear,3,atr_expand,fib_time_13,val,71,0.16901408
h4,bear,3,atr_expand,fib_time_13,oos,58,0.24137931
h4,bear,3,atr_expand,fib_fan_down,disc,1978,0.20374115
h4,bear,3,atr_expand,fib_fan_down,val,387,0.18604651
h4,bear,3,atr_expand,fib_fan_down,oos,322,0.27329193
h4,bear,3,atr_expand,fib_arc_bear,disc,2421,0.20735233
h4,bear,3,atr_expand,fib_arc_bear,val,476,0.18277311
h4,bear,3,atr_expand,fib_arc_bear,oos,393,0.27735369
h4,bear,3,atr_expand,trendline_down,disc,2427,0.20354347
h4,bear,3,atr_expand,trendline_down,val,477,0.16981132
h4,bear,3,atr_expand,trendline_down,oos,389,0.26735219
h4,bear,3,atr_expand,channel_lower,disc,1512,0.22222222
h4,bear,3,atr_expand,channel_lower,val,285,0.20000000
h4,bear,3,atr_expand,channel_lower,oos,255,0.25882353
h4,bear,3,atr_expand,channel_mid_bear,disc,2582,0.21340046
h4,bear,3,atr_expand,channel_mid_bear,val,495,0.17777778
h4,bear,3,atr_expand,channel_mid_bear,oos,415,0.27951807
h4,bear,3,atr_expand,channel_breakout_down,disc,778,0.22365039
h4,bear,3,atr_expand,channel_breakout_down,val,150,0.20000000
h4,bear,3,atr_expand,channel_breakout_down,oos,144,0.27777778
h4,bear,3,atr_expand,horizontal_resistance_near,disc,612,0.16176471
h4,bear,3,atr_expand,horizontal_resistance_near,val,123,0.18699187
h4,bear,3,atr_expand,horizontal_resistance_near,oos,87,0.14942529
h4,bear,3,atr_expand,horizontal_support_near,disc,612,0.24183007
h4,bear,3,atr_expand,horizontal_support_near,val,131,0.20610687
h4,bear,3,atr_expand,horizontal_support_near,oos,116,0.27586207
h4,bear,3,atr_expand,horizontal_break_down,disc,498,0.24899598
h4,bear,3,atr_expand,horizontal_break_down,val,106,0.21698113
h4,bear,3,atr_expand,horizontal_break_down,oos,101,0.29702970
h4,bear,3,atr_expand,vertical_session,disc,3821,0.17299136
h4,bear,3,atr_expand,vertical_session,val,675,0.18074074
h4,bear,3,atr_expand,vertical_session,oos,530,0.19622642
h4,bear,3,atr_expand,vertical_day_open,disc,313,0.37060703
h4,bear,3,atr_expand,vertical_day_open,val,68,0.29411765
h4,bear,3,atr_expand,vertical_day_open,oos,64,0.29687500
h4,bear,3,atr_expand,vertical_week_open,disc,63,0.25396825
h4,bear,3,atr_expand,vertical_week_open,val,18,0.33333333
h4,bear,3,atr_expand,vertical_week_open,oos,14,0.28571429
h4,bear,3,atr_expand,rectangle_range,disc,2304,0.18012153
h4,bear,3,atr_expand,rectangle_range,val,458,0.17467249
h4,bear,3,atr_expand,rectangle_range,oos,359,0.23955432
h4,bear,3,atr_expand,elliott_wave2_bear,disc,376,0.22606383
h4,bear,3,atr_expand,elliott_wave2_bear,val,63,0.14285714
h4,bear,3,atr_expand,elliott_wave2_bear,oos,61,0.27868852
h4,bear,3,atr_expand,elliott_wave3_bear,disc,807,0.20322181
h4,bear,3,atr_expand,elliott_wave3_bear,val,152,0.21710526
h4,bear,3,atr_expand,elliott_wave3_bear,oos,139,0.28057554
h4,bear,3,atr_expand,elliott_wave4_bear,disc,364,0.20054945
h4,bear,3,atr_expand,elliott_wave4_bear,val,70,0.21428571
h4,bear,3,atr_expand,elliott_wave4_bear,oos,69,0.33333333
h4,bear,3,atr_expand,elliott_wave5_bear,disc,707,0.21923621
h4,bear,3,atr_expand,elliott_wave5_bear,val,128,0.18750000
h4,bear,3,atr_expand,elliott_wave5_bear,oos,117,0.25641026
h4,bear,3,atr_expand,elliott_impulse_bear,disc,874,0.20366133
h4,bear,3,atr_expand,elliott_impulse_bear,val,166,0.20481928
h4,bear,3,atr_expand,elliott_impulse_bear,oos,148,0.27702703
h4,bear,3,atr_expand,elliott_pullback_bear,disc,740,0.21351351
h4,bear,3,atr_expand,elliott_pullback_bear,val,133,0.18045113
h4,bear,3,atr_expand,elliott_pullback_bear,oos,130,0.30769231
h4,bear,3,atr_expand,range_compression,disc,2565,0.17738791
h4,bear,3,atr_expand,range_compression,val,485,0.16288660
h4,bear,3,atr_expand,range_compression,oos,339,0.19174041
h4,bear,3,atr_expand,range_tight,disc,399,0.18796992
h4,bear,3,atr_expand,range_tight,val,68,0.08823529
h4,bear,3,atr_expand,range_tight,oos,71,0.14084507
h4,bear,3,atr_expand,inside_bar,disc,954,0.16771488
h4,bear,3,atr_expand,inside_bar,val,181,0.15469613
h4,bear,3,atr_expand,inside_bar,oos,180,0.22777778
h4,bear,3,atr_expand,inside_2,disc,99,0.18181818
h4,bear,3,atr_expand,inside_2,val,19,0.10526316
h4,bear,3,atr_expand,inside_2,oos,18,0.44444444
h4,bear,3,atr_expand,nr7,disc,126,0.15079365
h4,bear,3,atr_expand,nr7,val,28,0.21428571
h4,bear,3,atr_expand,nr7,oos,19,0.21052632
h4,bear,3,atr_expand,nr4,disc,752,0.17420213
h4,bear,3,atr_expand,nr4,val,130,0.16153846
h4,bear,3,atr_expand,nr4,oos,117,0.29914530
h4,bear,3,atr_expand,breakout_down20,disc,778,0.22365039
h4,bear,3,atr_expand,breakout_down20,val,150,0.20000000
h4,bear,3,atr_expand,breakout_down20,oos,144,0.27777778
h4,bear,3,atr_expand,retest_down,disc,778,0.22365039
h4,bear,3,atr_expand,retest_down,val,145,0.19310345
h4,bear,3,atr_expand,retest_down,oos,142,0.27464789
h4,bear,3,atr_expand,squeeze_release_down,disc,73,0.16438356
h4,bear,3,atr_expand,squeeze_release_down,val,12,0.00000000
h4,bear,3,atr_expand,squeeze_release_down,oos,6,0.16666667
h4,bear,3,atr_expand,pin_bear,disc,61,0.40983607
h4,bear,3,atr_expand,pin_bear,val,11,0.54545455
h4,bear,3,atr_expand,pin_bear,oos,8,0.75000000
h4,bear,3,atr_expand,engulf_bear,disc,420,0.20476190
h4,bear,3,atr_expand,engulf_bear,val,62,0.24193548
h4,bear,3,atr_expand,engulf_bear,oos,69,0.18840580
h4,bear,3,atr_expand,strong_close_bear,disc,1037,0.18225651
h4,bear,3,atr_expand,strong_close_bear,val,185,0.15135135
h4,bear,3,atr_expand,strong_close_bear,oos,133,0.21052632
h4,bear,3,atr_expand,ll20,disc,1339,0.22031367
h4,bear,3,atr_expand,ll20,val,259,0.17374517
h4,bear,3,atr_expand,ll20,oos,220,0.25909091
h4,bear,3,atr_expand,structure_bear_transition,disc,1817,0.19427628
h4,bear,3,atr_expand,structure_bear_transition,val,341,0.18181818
h4,bear,3,atr_expand,structure_bear_transition,oos,301,0.24584718
h4,bear,3,adx_up3,sma20_bear,disc,7372,0.18231145
h4,bear,3,adx_up3,sma20_bear,val,1691,0.17681845
h4,bear,3,adx_up3,sma20_bear,oos,1505,0.21594684
h4,bear,3,adx_up3,sma50_bear,disc,7274,0.18380533
h4,bear,3,adx_up3,sma50_bear,val,1672,0.17763158
h4,bear,3,adx_up3,sma50_bear,oos,1455,0.21855670
h4,bear,3,adx_up3,sma200_bear,disc,6427,0.19169130
h4,bear,3,adx_up3,sma200_bear,val,1494,0.18206158
h4,bear,3,adx_up3,sma200_bear,oos,1282,0.22152886
h4,bear,3,adx_up3,sma_stack_bear,disc,3666,0.18767049
h4,bear,3,adx_up3,sma_stack_bear,val,791,0.19848293
h4,bear,3,adx_up3,sma_stack_bear,oos,479,0.15031315
h4,bear,3,adx_up3,ichimoku_bear,disc,6665,0.18364591
h4,bear,3,adx_up3,ichimoku_bear,val,1490,0.18389262
h4,bear,3,adx_up3,ichimoku_bear,oos,1260,0.23571429
h4,bear,3,adx_up3,ichimoku_tk_bear,disc,6883,0.18204271
h4,bear,3,adx_up3,ichimoku_tk_bear,val,1540,0.17207792
h4,bear,3,adx_up3,ichimoku_tk_bear,oos,1318,0.20713202
h4,bear,3,adx_up3,ichimoku_cloud_bear,disc,6185,0.20113177
h4,bear,3,adx_up3,ichimoku_cloud_bear,val,1497,0.18370073
h4,bear,3,adx_up3,ichimoku_cloud_bear,oos,1057,0.14853359
h4,bear,3,adx_up3,span_model_bear,disc,6180,0.18365696
h4,bear,3,adx_up3,span_model_bear,val,1360,0.17867647
h4,bear,3,adx_up3,span_model_bear,oos,1128,0.22340426
h4,bear,3,adx_up3,bb_bear,disc,7372,0.18231145
h4,bear,3,adx_up3,bb_bear,val,1691,0.17681845
h4,bear,3,adx_up3,bb_bear,oos,1505,0.21594684
h4,bear,3,adx_up3,bb_lower,disc,5825,0.18918455
h4,bear,3,adx_up3,bb_lower,val,1341,0.18344519
h4,bear,3,adx_up3,bb_lower,oos,1120,0.21071429
h4,bear,3,adx_up3,superbb_bear,disc,115,0.27826087
h4,bear,3,adx_up3,superbb_bear,val,28,0.25000000
h4,bear,3,adx_up3,superbb_bear,oos,36,0.30555556
h4,bear,3,adx_up3,superbb_squeeze,disc,744,0.17607527
h4,bear,3,adx_up3,superbb_squeeze,val,186,0.14516129
h4,bear,3,adx_up3,superbb_squeeze,oos,130,0.07692308
h4,bear,3,adx_up3,superbb_expand,disc,8301,0.19744609
h4,bear,3,adx_up3,superbb_expand,val,1996,0.19088176
h4,bear,3,adx_up3,superbb_expand,oos,1574,0.18614994
h4,bear,3,adx_up3,stoch_bear,disc,6633,0.19131615
h4,bear,3,adx_up3,stoch_bear,val,1612,0.17679901
h4,bear,3,adx_up3,stoch_bear,oos,1257,0.19172633
h4,bear,3,adx_up3,stoch_cross_down,disc,2996,0.19425901
h4,bear,3,adx_up3,stoch_cross_down,val,708,0.17372881
h4,bear,3,adx_up3,stoch_cross_down,oos,512,0.18945312
h4,bear,3,adx_up3,stoch_fall_down,disc,778,0.18508997
h4,bear,3,adx_up3,stoch_fall_down,val,219,0.17351598
h4,bear,3,adx_up3,stoch_fall_down,oos,130,0.16923077
h4,bear,3,adx_up3,rci_bear,disc,7335,0.18118609
h4,bear,3,adx_up3,rci_bear,val,1676,0.17840095
h4,bear,3,adx_up3,rci_bear,oos,1482,0.21524966
h4,bear,3,adx_up3,rci_strong_bear,disc,4569,0.17246662
h4,bear,3,adx_up3,rci_strong_bear,val,977,0.16479017
h4,bear,3,adx_up3,rci_strong_bear,oos,759,0.17654809
h4,bear,3,adx_up3,rci_cross_down,disc,159,0.22012579
h4,bear,3,adx_up3,rci_cross_down,val,34,0.11764706
h4,bear,3,adx_up3,rci_cross_down,oos,46,0.36956522
h4,bear,3,adx_up3,dmi_adx_bear,disc,5136,0.19353583
h4,bear,3,adx_up3,dmi_adx_bear,val,1112,0.18255396
h4,bear,3,adx_up3,dmi_adx_bear,oos,1066,0.23170732
h4,bear,3,adx_up3,dmi_adx_strong_bear,disc,7346,0.18159543
h4,bear,3,adx_up3,dmi_adx_strong_bear,val,1672,0.17404306
h4,bear,3,adx_up3,dmi_adx_strong_bear,oos,1517,0.21423863
h4,bear,3,adx_up3,fib_below382,disc,7554,0.18255229
h4,bear,3,adx_up3,fib_below382,val,1743,0.17441193
h4,bear,3,adx_up3,fib_below382,oos,1503,0.21490353
h4,bear,3,adx_up3,fib_below500,disc,7154,0.18395303
h4,bear,3,adx_up3,fib_below500,val,1628,0.17936118
h4,bear,3,adx_up3,fib_below500,oos,1390,0.21798561
h4,bear,3,adx_up3,fib_below618,disc,6681,0.18440353
h4,bear,3,adx_up3,fib_below618,val,1516,0.18469657
h4,bear,3,adx_up3,fib_below618,oos,1251,0.21662670
h4,bear,3,adx_up3,fib_time_zone,disc,4869,0.18874512
h4,bear,3,adx_up3,fib_time_zone,val,1170,0.16239316
h4,bear,3,adx_up3,fib_time_zone,oos,907,0.16648291
h4,bear,3,adx_up3,fib_time_5,disc,2740,0.18576642
h4,bear,3,adx_up3,fib_time_5,val,648,0.15277778
h4,bear,3,adx_up3,fib_time_5,oos,527,0.16129032
h4,bear,3,adx_up3,fib_time_8,disc,1674,0.17383513
h4,bear,3,adx_up3,fib_time_8,val,420,0.16190476
h4,bear,3,adx_up3,fib_time_8,oos,313,0.16932907
h4,bear,3,adx_up3,fib_time_13,disc,1095,0.20000000
h4,bear,3,adx_up3,fib_time_13,val,243,0.16872428
h4,bear,3,adx_up3,fib_time_13,oos,203,0.15270936
h4,bear,3,adx_up3,fib_fan_down,disc,6681,0.18440353
h4,bear,3,adx_up3,fib_fan_down,val,1516,0.18469657
h4,bear,3,adx_up3,fib_fan_down,oos,1251,0.21662670
h4,bear,3,adx_up3,fib_arc_bear,disc,7154,0.18395303
h4,bear,3,adx_up3,fib_arc_bear,val,1628,0.17936118
h4,bear,3,adx_up3,fib_arc_bear,oos,1390,0.21798561
h4,bear,3,adx_up3,trendline_down,disc,7325,0.18266212
h4,bear,3,adx_up3,trendline_down,val,1671,0.17713944
h4,bear,3,adx_up3,trendline_down,oos,1486,0.21130552
h4,bear,3,adx_up3,channel_lower,disc,5492,0.18299345
h4,bear,3,adx_up3,channel_lower,val,1211,0.18744839
h4,bear,3,adx_up3,channel_lower,oos,967,0.19441572
h4,bear,3,adx_up3,channel_mid_bear,disc,7289,0.18342708
h4,bear,3,adx_up3,channel_mid_bear,val,1677,0.18008348
h4,bear,3,adx_up3,channel_mid_bear,oos,1457,0.21070693
h4,bear,3,adx_up3,channel_breakout_down,disc,1596,0.22117794
h4,bear,3,adx_up3,channel_breakout_down,val,347,0.19308357
h4,bear,3,adx_up3,channel_breakout_down,oos,316,0.24367089
h4,bear,3,adx_up3,horizontal_resistance_near,disc,2034,0.18534907
h4,bear,3,adx_up3,horizontal_resistance_near,val,497,0.15492958
h4,bear,3,adx_up3,horizontal_resistance_near,oos,342,0.13450292
h4,bear,3,adx_up3,horizontal_support_near,disc,1978,0.21587462
h4,bear,3,adx_up3,horizontal_support_near,val,396,0.18686869
h4,bear,3,adx_up3,horizontal_support_near,oos,324,0.21296296
h4,bear,3,adx_up3,horizontal_break_down,disc,1289,0.23739333
h4,bear,3,adx_up3,horizontal_break_down,val,265,0.20754717
h4,bear,3,adx_up3,horizontal_break_down,oos,240,0.25000000
h4,bear,3,adx_up3,vertical_session,disc,8499,0.17590305
h4,bear,3,adx_up3,vertical_session,val,2076,0.16955684
h4,bear,3,adx_up3,vertical_session,oos,1617,0.16821274
h4,bear,3,adx_up3,vertical_day_open,disc,2254,0.25199645
h4,bear,3,adx_up3,vertical_day_open,val,528,0.21022727
h4,bear,3,adx_up3,vertical_day_open,oos,415,0.20240964
h4,bear,3,adx_up3,vertical_week_open,disc,370,0.24054054
h4,bear,3,adx_up3,vertical_week_open,val,75,0.20000000
h4,bear,3,adx_up3,vertical_week_open,oos,84,0.19047619
h4,bear,3,adx_up3,rectangle_range,disc,4075,0.17914110
h4,bear,3,adx_up3,rectangle_range,val,1060,0.18018868
h4,bear,3,adx_up3,rectangle_range,oos,968,0.19008264
h4,bear,3,adx_up3,triangle_breakout_down,disc,55,0.18181818
h4,bear,3,adx_up3,triangle_breakout_down,val,5,0.20000000
h4,bear,3,adx_up3,triangle_breakout_down,oos,7,0.00000000
h4,bear,3,adx_up3,ellipse_compression,disc,348,0.12068966
h4,bear,3,adx_up3,ellipse_compression,val,58,0.03448276
h4,bear,3,adx_up3,ellipse_compression,oos,36,0.19444444
h4,bear,3,adx_up3,elliott_wave2_bear,disc,628,0.19904459
h4,bear,3,adx_up3,elliott_wave2_bear,val,148,0.16891892
h4,bear,3,adx_up3,elliott_wave2_bear,oos,169,0.32544379
h4,bear,3,adx_up3,elliott_wave3_bear,disc,1112,0.22751799
h4,bear,3,adx_up3,elliott_wave3_bear,val,257,0.20233463
h4,bear,3,adx_up3,elliott_wave3_bear,oos,234,0.26495726
h4,bear,3,adx_up3,elliott_wave4_bear,disc,1164,0.16752577
h4,bear,3,adx_up3,elliott_wave4_bear,val,287,0.15679443
h4,bear,3,adx_up3,elliott_wave4_bear,oos,268,0.18283582
h4,bear,3,adx_up3,elliott_wave5_bear,disc,1309,0.22459893
h4,bear,3,adx_up3,elliott_wave5_bear,val,277,0.19133574
h4,bear,3,adx_up3,elliott_wave5_bear,oos,265,0.23018868
h4,bear,3,adx_up3,elliott_impulse_bear,disc,1498,0.22363151
h4,bear,3,adx_up3,elliott_impulse_bear,val,336,0.19047619
h4,bear,3,adx_up3,elliott_impulse_bear,oos,303,0.24422442
h4,bear,3,adx_up3,elliott_pullback_bear,disc,1792,0.17857143
h4,bear,3,adx_up3,elliott_pullback_bear,val,435,0.16091954
h4,bear,3,adx_up3,elliott_pullback_bear,oos,437,0.23798627
h4,bear,3,adx_up3,range_compression,disc,10233,0.17893091
h4,bear,3,adx_up3,range_compression,val,2490,0.16706827
h4,bear,3,adx_up3,range_compression,oos,1859,0.16137708
h4,bear,3,adx_up3,range_tight,disc,191,0.23036649
h4,bear,3,adx_up3,range_tight,val,62,0.06451613
h4,bear,3,adx_up3,range_tight,oos,50,0.18000000
h4,bear,3,adx_up3,inside_bar,disc,2548,0.15698587
h4,bear,3,adx_up3,inside_bar,val,529,0.18903592
h4,bear,3,adx_up3,inside_bar,oos,482,0.18257261
h4,bear,3,adx_up3,inside_2,disc,447,0.15659955
h4,bear,3,adx_up3,inside_2,val,63,0.20634921
h4,bear,3,adx_up3,inside_2,oos,62,0.27419355
h4,bear,3,adx_up3,nr7,disc,2058,0.14965986
h4,bear,3,adx_up3,nr7,val,491,0.17718941
h4,bear,3,adx_up3,nr7,oos,344,0.14534884
h4,bear,3,adx_up3,nr4,disc,4222,0.15016580
h4,bear,3,adx_up3,nr4,val,1009,0.16253717
h4,bear,3,adx_up3,nr4,oos,756,0.16798942
h4,bear,3,adx_up3,breakout_down20,disc,1596,0.22117794
h4,bear,3,adx_up3,breakout_down20,val,347,0.19308357
h4,bear,3,adx_up3,breakout_down20,oos,316,0.24367089
h4,bear,3,adx_up3,retest_down,disc,1593,0.22159448
h4,bear,3,adx_up3,retest_down,val,347,0.19308357
h4,bear,3,adx_up3,retest_down,oos,312,0.24038462
h4,bear,3,adx_up3,pin_bear,disc,172,0.36627907
h4,bear,3,adx_up3,pin_bear,val,46,0.34782609
h4,bear,3,adx_up3,pin_bear,oos,26,0.50000000
h4,bear,3,adx_up3,engulf_bear,disc,998,0.20340681
h4,bear,3,adx_up3,engulf_bear,val,233,0.20171674
h4,bear,3,adx_up3,engulf_bear,oos,188,0.19680851
h4,bear,3,adx_up3,strong_close_bear,disc,2078,0.19874880
h4,bear,3,adx_up3,strong_close_bear,val,492,0.17276423
h4,bear,3,adx_up3,strong_close_bear,oos,356,0.17415730
h4,bear,3,adx_up3,gap_proxy_down,disc,238,0.18487395
h4,bear,3,adx_up3,gap_proxy_down,val,53,0.22641509
h4,bear,3,adx_up3,gap_proxy_down,oos,54,0.27777778
h4,bear,3,adx_up3,ll20,disc,3161,0.19107877
h4,bear,3,adx_up3,ll20,val,714,0.18347339
h4,bear,3,adx_up3,ll20,oos,586,0.20307167
h4,bear,3,adx_up3,structure_bear_transition,disc,4711,0.18998090
h4,bear,3,adx_up3,structure_bear_transition,val,1052,0.18726236
h4,bear,3,adx_up3,structure_bear_transition,oos,938,0.18230277
h4,bear,3,adx_up3,compression,disc,831,0.14560770
h4,bear,3,adx_up3,compression,val,149,0.09395973
h4,bear,3,adx_up3,compression,oos,123,0.24390244
h4,bear,3,adx_up3,shape_triangle_proxy,disc,753,0.13014608
h4,bear,3,adx_up3,shape_triangle_proxy,val,139,0.08633094
h4,bear,3,adx_up3,shape_triangle_proxy,oos,108,0.18518519
h4,bear,3,bb_expand,sma20_bear,disc,9028,0.18575543
h4,bear,3,bb_expand,sma20_bear,val,2060,0.19757282
h4,bear,3,bb_expand,sma20_bear,oos,1491,0.19181757
h4,bear,3,bb_expand,sma50_bear,disc,8975,0.18584958
h4,bear,3,bb_expand,sma50_bear,val,2018,0.19623389
h4,bear,3,bb_expand,sma50_bear,oos,1469,0.18924438
h4,bear,3,bb_expand,sma200_bear,disc,8497,0.18947864
h4,bear,3,bb_expand,sma200_bear,val,1832,0.19486900
h4,bear,3,bb_expand,sma200_bear,oos,1455,0.18213058
h4,bear,3,bb_expand,sma_stack_bear,disc,5103,0.18538115
h4,bear,3,bb_expand,sma_stack_bear,val,991,0.21493441
h4,bear,3,bb_expand,sma_stack_bear,oos,664,0.08734940
h4,bear,3,bb_expand,ichimoku_bear,disc,7722,0.18622119
h4,bear,3,bb_expand,ichimoku_bear,val,1709,0.20011703
h4,bear,3,bb_expand,ichimoku_bear,oos,1197,0.19465330
h4,bear,3,bb_expand,ichimoku_tk_bear,disc,7947,0.18573046
h4,bear,3,bb_expand,ichimoku_tk_bear,val,1828,0.18927790
h4,bear,3,bb_expand,ichimoku_tk_bear,oos,1249,0.17453963
h4,bear,3,bb_expand,ichimoku_cloud_bear,disc,8708,0.17949012
h4,bear,3,bb_expand,ichimoku_cloud_bear,val,2007,0.19282511
h4,bear,3,bb_expand,ichimoku_cloud_bear,oos,1481,0.14112086
h4,bear,3,bb_expand,span_model_bear,disc,6128,0.18913185
h4,bear,3,bb_expand,span_model_bear,val,1367,0.19897586
h4,bear,3,bb_expand,span_model_bear,oos,931,0.19011815
h4,bear,3,bb_expand,bb_bear,disc,9028,0.18575543
h4,bear,3,bb_expand,bb_bear,val,2060,0.19757282
h4,bear,3,bb_expand,bb_bear,oos,1491,0.19181757
h4,bear,3,bb_expand,bb_lower,disc,7974,0.18635566
h4,bear,3,bb_expand,bb_lower,val,1815,0.18953168
h4,bear,3,bb_expand,bb_lower,oos,1323,0.19047619
h4,bear,3,bb_expand,superbb_bear,disc,274,0.25547445
h4,bear,3,bb_expand,superbb_bear,val,61,0.27868852
h4,bear,3,bb_expand,superbb_bear,oos,73,0.26027397
h4,bear,3,bb_expand,superbb_squeeze,disc,1706,0.16119578
h4,bear,3,bb_expand,superbb_squeeze,val,431,0.16705336
h4,bear,3,bb_expand,superbb_squeeze,oos,296,0.07432432
h4,bear,3,bb_expand,superbb_expand,disc,18448,0.18446444
h4,bear,3,bb_expand,superbb_expand,val,4476,0.17515639
h4,bear,3,bb_expand,superbb_expand,oos,3307,0.15331116
h4,bear,3,bb_expand,stoch_bear,disc,9250,0.18572973
h4,bear,3,bb_expand,stoch_bear,val,2203,0.17430776
h4,bear,3,bb_expand,stoch_bear,oos,1667,0.16256749
h4,bear,3,bb_expand,stoch_cross_down,disc,4109,0.19031394
h4,bear,3,bb_expand,stoch_cross_down,val,995,0.16984925
h4,bear,3,bb_expand,stoch_cross_down,oos,729,0.15363512
h4,bear,3,bb_expand,stoch_fall_down,disc,1335,0.18726592
h4,bear,3,bb_expand,stoch_fall_down,val,327,0.15902141
h4,bear,3,bb_expand,stoch_fall_down,oos,239,0.11297071
h4,bear,3,bb_expand,rci_bear,disc,8937,0.18484950
h4,bear,3,bb_expand,rci_bear,val,2060,0.19951456
h4,bear,3,bb_expand,rci_bear,oos,1474,0.19063772
h4,bear,3,bb_expand,rci_strong_bear,disc,4735,0.17761352
h4,bear,3,bb_expand,rci_strong_bear,val,1098,0.17486339
h4,bear,3,bb_expand,rci_strong_bear,oos,769,0.18075423
h4,bear,3,bb_expand,rci_cross_down,disc,314,0.22292994
h4,bear,3,bb_expand,rci_cross_down,val,69,0.18840580
h4,bear,3,bb_expand,rci_cross_down,oos,58,0.32758621
h4,bear,3,bb_expand,dmi_adx_bear,disc,4630,0.19892009
h4,bear,3,bb_expand,dmi_adx_bear,val,1008,0.20337302
h4,bear,3,bb_expand,dmi_adx_bear,oos,854,0.20960187
h4,bear,3,bb_expand,dmi_adx_strong_bear,disc,7459,0.18729052
h4,bear,3,bb_expand,dmi_adx_strong_bear,val,1716,0.19463869
h4,bear,3,bb_expand,dmi_adx_strong_bear,oos,1315,0.20152091
h4,bear,3,bb_expand,fib_below382,disc,10134,0.18571147
h4,bear,3,bb_expand,fib_below382,val,2347,0.18363869
h4,bear,3,bb_expand,fib_below382,oos,1700,0.18000000
h4,bear,3,bb_expand,fib_below500,disc,8856,0.18597561
h4,bear,3,bb_expand,fib_below500,val,1986,0.19083585
h4,bear,3,bb_expand,fib_below500,oos,1455,0.18006873
h4,bear,3,bb_expand,fib_below618,disc,7651,0.18507385
h4,bear,3,bb_expand,fib_below618,val,1688,0.19845972
h4,bear,3,bb_expand,fib_below618,oos,1182,0.18274112
h4,bear,3,bb_expand,fib_time_zone,disc,6609,0.18883341
h4,bear,3,bb_expand,fib_time_zone,val,1614,0.17038414
h4,bear,3,bb_expand,fib_time_zone,oos,1168,0.15410959
h4,bear,3,bb_expand,fib_time_5,disc,3695,0.18457375
h4,bear,3,bb_expand,fib_time_5,val,889,0.16760405
h4,bear,3,bb_expand,fib_time_5,oos,672,0.14583333
h4,bear,3,bb_expand,fib_time_8,disc,2328,0.18041237
h4,bear,3,bb_expand,fib_time_8,val,590,0.17457627
h4,bear,3,bb_expand,fib_time_8,oos,411,0.15815085
h4,bear,3,bb_expand,fib_time_13,disc,1482,0.19905533
h4,bear,3,bb_expand,fib_time_13,val,363,0.14876033
h4,bear,3,bb_expand,fib_time_13,oos,253,0.15019763
h4,bear,3,bb_expand,fib_fan_down,disc,7651,0.18507385
h4,bear,3,bb_expand,fib_fan_down,val,1688,0.19845972
h4,bear,3,bb_expand,fib_fan_down,oos,1182,0.18274112
h4,bear,3,bb_expand,fib_arc_bear,disc,8856,0.18597561
h4,bear,3,bb_expand,fib_arc_bear,val,1986,0.19083585
h4,bear,3,bb_expand,fib_arc_bear,oos,1455,0.18006873
h4,bear,3,bb_expand,trendline_down,disc,8960,0.18549107
h4,bear,3,bb_expand,trendline_down,val,2060,0.19951456
h4,bear,3,bb_expand,trendline_down,oos,1477,0.19092756
h4,bear,3,bb_expand,channel_lower,disc,7036,0.18590108
h4,bear,3,bb_expand,channel_lower,val,1552,0.19394330
h4,bear,3,bb_expand,channel_lower,oos,1089,0.17722681
h4,bear,3,bb_expand,channel_mid_bear,disc,9004,0.18625056
h4,bear,3,bb_expand,channel_mid_bear,val,2062,0.19786615
h4,bear,3,bb_expand,channel_mid_bear,oos,1469,0.18515997
h4,bear,3,bb_expand,channel_breakout_down,disc,2572,0.20528771
h4,bear,3,bb_expand,channel_breakout_down,val,550,0.18909091
h4,bear,3,bb_expand,channel_breakout_down,oos,422,0.22274882
h4,bear,3,bb_expand,horizontal_resistance_near,disc,2840,0.16971831
h4,bear,3,bb_expand,horizontal_resistance_near,val,675,0.14370370
h4,bear,3,bb_expand,horizontal_resistance_near,oos,563,0.14209591
h4,bear,3,bb_expand,horizontal_support_near,disc,2384,0.20679530
h4,bear,3,bb_expand,horizontal_support_near,val,461,0.20390456
h4,bear,3,bb_expand,horizontal_support_near,oos,356,0.18820225
h4,bear,3,bb_expand,horizontal_break_down,disc,1584,0.22727273
h4,bear,3,bb_expand,horizontal_break_down,val,324,0.20987654
h4,bear,3,bb_expand,horizontal_break_down,oos,253,0.22529644
h4,bear,3,bb_expand,vertical_session,disc,11941,0.17268235
h4,bear,3,bb_expand,vertical_session,val,2899,0.16902380
h4,bear,3,bb_expand,vertical_session,oos,2105,0.13919240
h4,bear,3,bb_expand,vertical_day_open,disc,2999,0.25875292
h4,bear,3,bb_expand,vertical_day_open,val,749,0.21895861
h4,bear,3,bb_expand,vertical_day_open,oos,548,0.19708029
h4,bear,3,bb_expand,vertical_week_open,disc,453,0.24724062
h4,bear,3,bb_expand,vertical_week_open,val,109,0.23853211
h4,bear,3,bb_expand,vertical_week_open,oos,97,0.16494845
h4,bear,3,bb_expand,rectangle_range,disc,5062,0.18135124
h4,bear,3,bb_expand,rectangle_range,val,1303,0.18495779
h4,bear,3,bb_expand,rectangle_range,oos,1012,0.16600791
h4,bear,3,bb_expand,triangle_breakout_down,disc,80,0.22500000
h4,bear,3,bb_expand,triangle_breakout_down,val,14,0.14285714
h4,bear,3,bb_expand,triangle_breakout_down,oos,9,0.11111111
h4,bear,3,bb_expand,ellipse_compression,disc,249,0.14457831
h4,bear,3,bb_expand,ellipse_compression,val,29,0.20689655
h4,bear,3,bb_expand,ellipse_compression,oos,16,0.06250000
h4,bear,3,bb_expand,elliott_wave2_bear,disc,486,0.20164609
h4,bear,3,bb_expand,elliott_wave2_bear,val,123,0.22764228
h4,bear,3,bb_expand,elliott_wave2_bear,oos,96,0.33333333
h4,bear,3,bb_expand,elliott_wave3_bear,disc,1796,0.19710468
h4,bear,3,bb_expand,elliott_wave3_bear,val,396,0.20454545
h4,bear,3,bb_expand,elliott_wave3_bear,oos,308,0.23701299
h4,bear,3,bb_expand,elliott_wave4_bear,disc,1214,0.18039539
h4,bear,3,bb_expand,elliott_wave4_bear,val,301,0.21262458
h4,bear,3,bb_expand,elliott_wave4_bear,oos,249,0.18875502
h4,bear,3,bb_expand,elliott_wave5_bear,disc,2096,0.19751908
h4,bear,3,bb_expand,elliott_wave5_bear,val,442,0.17420814
h4,bear,3,bb_expand,elliott_wave5_bear,oos,342,0.22514620
h4,bear,3,bb_expand,elliott_impulse_bear,disc,2400,0.19916667
h4,bear,3,bb_expand,elliott_impulse_bear,val,528,0.18181818
h4,bear,3,bb_expand,elliott_impulse_bear,oos,398,0.22864322
h4,bear,3,bb_expand,elliott_pullback_bear,disc,1700,0.18647059
h4,bear,3,bb_expand,elliott_pullback_bear,val,424,0.21698113
h4,bear,3,bb_expand,elliott_pullback_bear,oos,345,0.22898551
h4,bear,3,bb_expand,range_compression,disc,11580,0.17599309
h4,bear,3,bb_expand,range_compression,val,2877,0.16336462
h4,bear,3,bb_expand,range_compression,oos,2080,0.13317308
h4,bear,3,bb_expand,range_tight,disc,1007,0.15292949
h4,bear,3,bb_expand,range_tight,val,264,0.14015152
h4,bear,3,bb_expand,range_tight,oos,214,0.14953271
h4,bear,3,bb_expand,inside_bar,disc,3077,0.15989600
h4,bear,3,bb_expand,inside_bar,val,682,0.17155425
h4,bear,3,bb_expand,inside_bar,oos,547,0.13528336
h4,bear,3,bb_expand,inside_2,disc,444,0.14414414
h4,bear,3,bb_expand,inside_2,val,67,0.22388060
h4,bear,3,bb_expand,inside_2,oos,49,0.14285714
h4,bear,3,bb_expand,nr7,disc,2408,0.15614618
h4,bear,3,bb_expand,nr7,val,612,0.15686275
h4,bear,3,bb_expand,nr7,oos,380,0.12631579
h4,bear,3,bb_expand,nr4,disc,5211,0.15006717
h4,bear,3,bb_expand,nr4,val,1286,0.15474339
h4,bear,3,bb_expand,nr4,oos,880,0.14545455
h4,bear,3,bb_expand,breakout_down20,disc,2572,0.20528771
h4,bear,3,bb_expand,breakout_down20,val,550,0.18909091
h4,bear,3,bb_expand,breakout_down20,oos,422,0.22274882
h4,bear,3,bb_expand,retest_down,disc,2570,0.20544747
h4,bear,3,bb_expand,retest_down,val,544,0.18750000
h4,bear,3,bb_expand,retest_down,oos,416,0.22115385
h4,bear,3,bb_expand,squeeze_release_down,disc,186,0.16666667
h4,bear,3,bb_expand,squeeze_release_down,val,53,0.24528302
h4,bear,3,bb_expand,squeeze_release_down,oos,29,0.31034483
h4,bear,3,bb_expand,pin_bear,disc,196,0.38775510
h4,bear,3,bb_expand,pin_bear,val,66,0.36363636
h4,bear,3,bb_expand,pin_bear,oos,40,0.32500000
h4,bear,3,bb_expand,engulf_bear,disc,1323,0.19349962
h4,bear,3,bb_expand,engulf_bear,val,328,0.22560976
h4,bear,3,bb_expand,engulf_bear,oos,259,0.16602317
h4,bear,3,bb_expand,strong_close_bear,disc,3066,0.19275930
h4,bear,3,bb_expand,strong_close_bear,val,724,0.18508287
h4,bear,3,bb_expand,strong_close_bear,oos,488,0.16598361
h4,bear,3,bb_expand,gap_proxy_down,disc,262,0.20992366
h4,bear,3,bb_expand,gap_proxy_down,val,69,0.14492754
h4,bear,3,bb_expand,gap_proxy_down,oos,67,0.16417910
h4,bear,3,bb_expand,ll20,disc,4623,0.18732425
h4,bear,3,bb_expand,ll20,val,1043,0.18024928
h4,bear,3,bb_expand,ll20,oos,753,0.19521912
h4,bear,3,bb_expand,structure_bear_transition,disc,6477,0.18527096
h4,bear,3,bb_expand,structure_bear_transition,val,1474,0.16960651
h4,bear,3,bb_expand,structure_bear_transition,oos,1128,0.15248227
h4,bear,3,bb_expand,compression,disc,779,0.17329910
h4,bear,3,bb_expand,compression,val,133,0.18796992
h4,bear,3,bb_expand,compression,oos,96,0.14583333
h4,bear,3,bb_expand,shape_triangle_proxy,disc,729,0.15637860
h4,bear,3,bb_expand,shape_triangle_proxy,val,124,0.16935484
h4,bear,3,bb_expand,shape_triangle_proxy,oos,96,0.14583333
h4,bear,6,atr_expand,sma20_bear,disc,2608,0.36656442
h4,bear,6,atr_expand,sma20_bear,val,491,0.31568228
h4,bear,6,atr_expand,sma20_bear,oos,429,0.41258741
h4,bear,6,atr_expand,sma50_bear,disc,2445,0.37055215
h4,bear,6,atr_expand,sma50_bear,val,484,0.31818182
h4,bear,6,atr_expand,sma50_bear,oos,406,0.39408867
h4,bear,6,atr_expand,sma200_bear,disc,2257,0.36685866
h4,bear,6,atr_expand,sma200_bear,val,469,0.29850746
h4,bear,6,atr_expand,sma200_bear,oos,380,0.37631579
h4,bear,6,atr_expand,sma_stack_bear,disc,1393,0.36755205
h4,bear,6,atr_expand,sma_stack_bear,val,256,0.32031250
h4,bear,6,atr_expand,sma_stack_bear,oos,144,0.16666667
h4,bear,6,atr_expand,ichimoku_bear,disc,2086,0.36289549
h4,bear,6,atr_expand,ichimoku_bear,val,438,0.31278539
h4,bear,6,atr_expand,ichimoku_bear,oos,328,0.38719512
h4,bear,6,atr_expand,ichimoku_tk_bear,disc,2036,0.36345776
h4,bear,6,atr_expand,ichimoku_tk_bear,val,389,0.27763496
h4,bear,6,atr_expand,ichimoku_tk_bear,oos,298,0.34899329
h4,bear,6,atr_expand,ichimoku_cloud_bear,disc,2189,0.33668342
h4,bear,6,atr_expand,ichimoku_cloud_bear,val,455,0.31648352
h4,bear,6,atr_expand,ichimoku_cloud_bear,oos,312,0.30448718
h4,bear,6,atr_expand,span_model_bear,disc,1508,0.36273210
h4,bear,6,atr_expand,span_model_bear,val,325,0.28000000
h4,bear,6,atr_expand,span_model_bear,oos,235,0.37021277
h4,bear,6,atr_expand,bb_bear,disc,2608,0.36656442
h4,bear,6,atr_expand,bb_bear,val,491,0.31568228
h4,bear,6,atr_expand,bb_bear,oos,429,0.41258741
h4,bear,6,atr_expand,bb_lower,disc,1846,0.37594800
h4,bear,6,atr_expand,bb_lower,val,347,0.33429395
h4,bear,6,atr_expand,bb_lower,oos,334,0.42814371
h4,bear,6,atr_expand,superbb_bear,disc,239,0.39330544
h4,bear,6,atr_expand,superbb_bear,val,47,0.31914894
h4,bear,6,atr_expand,superbb_bear,oos,52,0.36538462
h4,bear,6,atr_expand,superbb_squeeze,disc,874,0.30663616
h4,bear,6,atr_expand,superbb_squeeze,val,130,0.27692308
h4,bear,6,atr_expand,superbb_squeeze,oos,89,0.15730337
h4,bear,6,atr_expand,superbb_expand,disc,2638,0.38627748
h4,bear,6,atr_expand,superbb_expand,val,511,0.33855186
h4,bear,6,atr_expand,superbb_expand,oos,470,0.33617021
h4,bear,6,atr_expand,stoch_bear,disc,2481,0.36598146
h4,bear,6,atr_expand,stoch_bear,val,463,0.32397408
h4,bear,6,atr_expand,stoch_bear,oos,393,0.33842239
h4,bear,6,atr_expand,stoch_cross_down,disc,1016,0.37007874
h4,bear,6,atr_expand,stoch_cross_down,val,181,0.31491713
h4,bear,6,atr_expand,stoch_cross_down,oos,144,0.28472222
h4,bear,6,atr_expand,stoch_fall_down,disc,491,0.34826884
h4,bear,6,atr_expand,stoch_fall_down,val,91,0.27472527
h4,bear,6,atr_expand,stoch_fall_down,oos,74,0.22972973
h4,bear,6,atr_expand,rci_bear,disc,2346,0.36061381
h4,bear,6,atr_expand,rci_bear,val,481,0.31808732
h4,bear,6,atr_expand,rci_bear,oos,390,0.39487179
h4,bear,6,atr_expand,rci_strong_bear,disc,565,0.34690265
h4,bear,6,atr_expand,rci_strong_bear,val,100,0.27000000
h4,bear,6,atr_expand,rci_strong_bear,oos,90,0.44444444
h4,bear,6,atr_expand,rci_cross_down,disc,332,0.38554217
h4,bear,6,atr_expand,rci_cross_down,val,46,0.39130435
h4,bear,6,atr_expand,rci_cross_down,oos,51,0.47058824
h4,bear,6,atr_expand,dmi_adx_bear,disc,1336,0.39296407
h4,bear,6,atr_expand,dmi_adx_bear,val,244,0.27868852
h4,bear,6,atr_expand,dmi_adx_bear,oos,225,0.40888889
h4,bear,6,atr_expand,dmi_adx_strong_bear,disc,1771,0.38622247
h4,bear,6,atr_expand,dmi_adx_strong_bear,val,351,0.32478632
h4,bear,6,atr_expand,dmi_adx_strong_bear,oos,371,0.43935310
h4,bear,6,atr_expand,fib_below382,disc,2842,0.36699507
h4,bear,6,atr_expand,fib_below382,val,552,0.31340580
h4,bear,6,atr_expand,fib_below382,oos,445,0.38651685
h4,bear,6,atr_expand,fib_below500,disc,2421,0.37050805
h4,bear,6,atr_expand,fib_below500,val,476,0.30882353
h4,bear,6,atr_expand,fib_below500,oos,393,0.39185751
h4,bear,6,atr_expand,fib_below618,disc,1978,0.36248736
h4,bear,6,atr_expand,fib_below618,val,387,0.32299742
h4,bear,6,atr_expand,fib_below618,oos,322,0.39130435
h4,bear,6,atr_expand,fib_time_zone,disc,1674,0.36678614
h4,bear,6,atr_expand,fib_time_zone,val,319,0.33542320
h4,bear,6,atr_expand,fib_time_zone,oos,256,0.33203125
h4,bear,6,atr_expand,fib_time_5,disc,944,0.35911017
h4,bear,6,atr_expand,fib_time_5,val,178,0.36516854
h4,bear,6,atr_expand,fib_time_5,oos,151,0.37086093
h4,bear,6,atr_expand,fib_time_8,disc,608,0.34046053
h4,bear,6,atr_expand,fib_time_8,val,110,0.30000000
h4,bear,6,atr_expand,fib_time_8,oos,83,0.26506024
h4,bear,6,atr_expand,fib_time_13,disc,339,0.40707965
h4,bear,6,atr_expand,fib_time_13,val,71,0.26760563
h4,bear,6,atr_expand,fib_time_13,oos,58,0.32758621
h4,bear,6,atr_expand,fib_fan_down,disc,1978,0.36248736
h4,bear,6,atr_expand,fib_fan_down,val,387,0.32299742
h4,bear,6,atr_expand,fib_fan_down,oos,322,0.39130435
h4,bear,6,atr_expand,fib_arc_bear,disc,2421,0.37050805
h4,bear,6,atr_expand,fib_arc_bear,val,476,0.30882353
h4,bear,6,atr_expand,fib_arc_bear,oos,393,0.39185751
h4,bear,6,atr_expand,trendline_down,disc,2427,0.35846724
h4,bear,6,atr_expand,trendline_down,val,477,0.30188679
h4,bear,6,atr_expand,trendline_down,oos,389,0.38046272
h4,bear,6,atr_expand,channel_lower,disc,1512,0.37632275
h4,bear,6,atr_expand,channel_lower,val,285,0.36140351
h4,bear,6,atr_expand,channel_lower,oos,255,0.36078431
h4,bear,6,atr_expand,channel_mid_bear,disc,2582,0.37296669
h4,bear,6,atr_expand,channel_mid_bear,val,495,0.32121212
h4,bear,6,atr_expand,channel_mid_bear,oos,415,0.40240964
h4,bear,6,atr_expand,channel_breakout_down,disc,778,0.39460154
h4,bear,6,atr_expand,channel_breakout_down,val,150,0.36666667
h4,bear,6,atr_expand,channel_breakout_down,oos,144,0.38194444
h4,bear,6,atr_expand,horizontal_resistance_near,disc,612,0.37091503
h4,bear,6,atr_expand,horizontal_resistance_near,val,123,0.35772358
h4,bear,6,atr_expand,horizontal_resistance_near,oos,87,0.26436782
h4,bear,6,atr_expand,horizontal_support_near,disc,612,0.40686275
h4,bear,6,atr_expand,horizontal_support_near,val,131,0.30534351
h4,bear,6,atr_expand,horizontal_support_near,oos,116,0.39655172
h4,bear,6,atr_expand,horizontal_break_down,disc,498,0.43172691
h4,bear,6,atr_expand,horizontal_break_down,val,106,0.31132075
h4,bear,6,atr_expand,horizontal_break_down,oos,101,0.41584158
h4,bear,6,atr_expand,vertical_session,disc,3821,0.35880660
h4,bear,6,atr_expand,vertical_session,val,675,0.32148148
h4,bear,6,atr_expand,vertical_session,oos,530,0.33018868
h4,bear,6,atr_expand,vertical_day_open,disc,313,0.44408946
h4,bear,6,atr_expand,vertical_day_open,val,68,0.35294118
h4,bear,6,atr_expand,vertical_day_open,oos,64,0.35937500
h4,bear,6,atr_expand,vertical_week_open,disc,63,0.33333333
h4,bear,6,atr_expand,vertical_week_open,val,18,0.38888889
h4,bear,6,atr_expand,vertical_week_open,oos,14,0.35714286
h4,bear,6,atr_expand,rectangle_range,disc,2304,0.34635417
h4,bear,6,atr_expand,rectangle_range,val,458,0.28820961
h4,bear,6,atr_expand,rectangle_range,oos,359,0.35654596
h4,bear,6,atr_expand,elliott_wave2_bear,disc,376,0.40957447
h4,bear,6,atr_expand,elliott_wave2_bear,val,63,0.28571429
h4,bear,6,atr_expand,elliott_wave2_bear,oos,61,0.45901639
h4,bear,6,atr_expand,elliott_wave3_bear,disc,807,0.38042131
h4,bear,6,atr_expand,elliott_wave3_bear,val,152,0.38815789
h4,bear,6,atr_expand,elliott_wave3_bear,oos,139,0.38129496
h4,bear,6,atr_expand,elliott_wave4_bear,disc,364,0.36813187
h4,bear,6,atr_expand,elliott_wave4_bear,val,70,0.35714286
h4,bear,6,atr_expand,elliott_wave4_bear,oos,69,0.47826087
h4,bear,6,atr_expand,elliott_wave5_bear,disc,707,0.39038190
h4,bear,6,atr_expand,elliott_wave5_bear,val,128,0.35937500
h4,bear,6,atr_expand,elliott_wave5_bear,oos,117,0.35897436
h4,bear,6,atr_expand,elliott_impulse_bear,disc,874,0.37643021
h4,bear,6,atr_expand,elliott_impulse_bear,val,166,0.37951807
h4,bear,6,atr_expand,elliott_impulse_bear,oos,148,0.37837838
h4,bear,6,atr_expand,elliott_pullback_bear,disc,740,0.38918919
h4,bear,6,atr_expand,elliott_pullback_bear,val,133,0.32330827
h4,bear,6,atr_expand,elliott_pullback_bear,oos,130,0.46923077
h4,bear,6,atr_expand,range_compression,disc,2565,0.36881092
h4,bear,6,atr_expand,range_compression,val,485,0.29896907
h4,bear,6,atr_expand,range_compression,oos,339,0.30088496
h4,bear,6,atr_expand,range_tight,disc,399,0.35087719
h4,bear,6,atr_expand,range_tight,val,68,0.25000000
h4,bear,6,atr_expand,range_tight,oos,71,0.33802817
h4,bear,6,atr_expand,inside_bar,disc,954,0.33857442
h4,bear,6,atr_expand,inside_bar,val,181,0.26519337
h4,bear,6,atr_expand,inside_bar,oos,180,0.39444444
h4,bear,6,atr_expand,inside_2,disc,99,0.29292929
h4,bear,6,atr_expand,inside_2,val,19,0.15789474
h4,bear,6,atr_expand,inside_2,oos,18,0.44444444
h4,bear,6,atr_expand,nr7,disc,126,0.26984127
h4,bear,6,atr_expand,nr7,val,28,0.32142857
h4,bear,6,atr_expand,nr7,oos,19,0.31578947
h4,bear,6,atr_expand,nr4,disc,752,0.35106383
h4,bear,6,atr_expand,nr4,val,130,0.30000000
h4,bear,6,atr_expand,nr4,oos,117,0.41880342
h4,bear,6,atr_expand,breakout_down20,disc,778,0.39460154
h4,bear,6,atr_expand,breakout_down20,val,150,0.36666667
h4,bear,6,atr_expand,breakout_down20,oos,144,0.38194444
h4,bear,6,atr_expand,retest_down,disc,778,0.39460154
h4,bear,6,atr_expand,retest_down,val,145,0.36551724
h4,bear,6,atr_expand,retest_down,oos,142,0.38028169
h4,bear,6,atr_expand,squeeze_release_down,disc,73,0.28767123
h4,bear,6,atr_expand,squeeze_release_down,val,12,0.58333333
h4,bear,6,atr_expand,squeeze_release_down,oos,6,0.16666667
h4,bear,6,atr_expand,pin_bear,disc,61,0.59016393
h4,bear,6,atr_expand,pin_bear,val,11,0.63636364
h4,bear,6,atr_expand,pin_bear,oos,8,0.75000000
h4,bear,6,atr_expand,engulf_bear,disc,420,0.35714286
h4,bear,6,atr_expand,engulf_bear,val,62,0.37096774
h4,bear,6,atr_expand,engulf_bear,oos,69,0.30434783
h4,bear,6,atr_expand,strong_close_bear,disc,1037,0.35583414
h4,bear,6,atr_expand,strong_close_bear,val,185,0.28648649
h4,bear,6,atr_expand,strong_close_bear,oos,133,0.32330827
h4,bear,6,atr_expand,ll20,disc,1339,0.37415982
h4,bear,6,atr_expand,ll20,val,259,0.33590734
h4,bear,6,atr_expand,ll20,oos,220,0.36363636
h4,bear,6,atr_expand,structure_bear_transition,disc,1817,0.36268575
h4,bear,6,atr_expand,structure_bear_transition,val,341,0.31671554
h4,bear,6,atr_expand,structure_bear_transition,oos,301,0.34219269
h4,bear,6,volatility,sma20_bear,disc,12893,0.33095478
h4,bear,6,volatility,sma20_bear,val,2770,0.34584838
h4,bear,6,volatility,sma20_bear,oos,2066,0.32381413
h4,bear,6,volatility,sma50_bear,disc,13186,0.33709995
h4,bear,6,volatility,sma50_bear,val,2735,0.34661792
h4,bear,6,volatility,sma50_bear,oos,2185,0.31990847
h4,bear,6,volatility,sma200_bear,disc,12011,0.32769961
h4,bear,6,volatility,sma200_bear,val,2227,0.36596318
h4,bear,6,volatility,sma200_bear,oos,1928,0.29408714
h4,bear,6,volatility,sma_stack_bear,disc,7469,0.33980453
h4,bear,6,volatility,sma_stack_bear,val,1383,0.41431670
h4,bear,6,volatility,sma_stack_bear,oos,960,0.21562500
h4,bear,6,volatility,ichimoku_bear,disc,11697,0.33965974
h4,bear,6,volatility,ichimoku_bear,val,2423,0.35369377
h4,bear,6,volatility,ichimoku_bear,oos,1940,0.31649485
h4,bear,6,volatility,ichimoku_tk_bear,disc,12074,0.33004804
h4,bear,6,volatility,ichimoku_tk_bear,val,2585,0.32804642
h4,bear,6,volatility,ichimoku_tk_bear,oos,2017,0.31036192
h4,bear,6,volatility,ichimoku_cloud_bear,disc,12261,0.32705326
h4,bear,6,volatility,ichimoku_cloud_bear,val,2326,0.36457438
h4,bear,6,volatility,ichimoku_cloud_bear,oos,1579,0.23432552
h4,bear,6,volatility,span_model_bear,disc,9168,0.33464223
h4,bear,6,volatility,span_model_bear,val,1903,0.33736206
h4,bear,6,volatility,span_model_bear,oos,1579,0.31348955
h4,bear,6,volatility,bb_bear,disc,12893,0.33095478
h4,bear,6,volatility,bb_bear,val,2770,0.34584838
h4,bear,6,volatility,bb_bear,oos,2066,0.32381413
h4,bear,6,volatility,bb_lower,disc,6181,0.33554441
h4,bear,6,volatility,bb_lower,val,1287,0.34110334
h4,bear,6,volatility,bb_lower,oos,956,0.37029289
h4,bear,6,volatility,superbb_bear,disc,175,0.40000000
h4,bear,6,volatility,superbb_bear,val,39,0.28205128
h4,bear,6,volatility,superbb_bear,oos,42,0.40476190
h4,bear,6,volatility,superbb_squeeze,disc,1824,0.28125000
h4,bear,6,volatility,superbb_squeeze,val,406,0.24630542
h4,bear,6,volatility,superbb_squeeze,oos,166,0.18072289
h4,bear,6,volatility,superbb_expand,disc,7176,0.34127648
h4,bear,6,volatility,superbb_expand,val,1540,0.31688312
h4,bear,6,volatility,superbb_expand,oos,1214,0.31136738
h4,bear,6,volatility,stoch_bear,disc,12142,0.33429419
h4,bear,6,volatility,stoch_bear,val,2666,0.32670668
h4,bear,6,volatility,stoch_bear,oos,1887,0.25755167
h4,bear,6,volatility,stoch_cross_down,disc,4857,0.33477455
h4,bear,6,volatility,stoch_cross_down,val,1081,0.31822387
h4,bear,6,volatility,stoch_cross_down,oos,762,0.26246719
h4,bear,6,volatility,stoch_fall_down,disc,1636,0.32457213
h4,bear,6,volatility,stoch_fall_down,val,361,0.28808864
h4,bear,6,volatility,stoch_fall_down,oos,257,0.22957198
h4,bear,6,volatility,rci_bear,disc,12717,0.32900841
h4,bear,6,volatility,rci_bear,val,2803,0.34748484
h4,bear,6,volatility,rci_bear,oos,2065,0.32784504
h4,bear,6,volatility,rci_strong_bear,disc,3864,0.33359213
h4,bear,6,volatility,rci_strong_bear,val,687,0.34788937
h4,bear,6,volatility,rci_strong_bear,oos,575,0.34956522
h4,bear,6,volatility,rci_cross_down,disc,938,0.34221748
h4,bear,6,volatility,rci_cross_down,val,187,0.37433155
h4,bear,6,volatility,rci_cross_down,oos,138,0.28260870
h4,bear,6,volatility,dmi_adx_bear,disc,7866,0.35380117
h4,bear,6,volatility,dmi_adx_bear,val,1568,0.38073980
h4,bear,6,volatility,dmi_adx_bear,oos,1595,0.34482759
h4,bear,6,volatility,dmi_adx_strong_bear,disc,6999,0.33219031
h4,bear,6,volatility,dmi_adx_strong_bear,val,1502,0.35286285
h4,bear,6,volatility,dmi_adx_strong_bear,oos,1325,0.39018868
h4,bear,6,volatility,fib_below382,disc,15494,0.33335485
h4,bear,6,volatility,fib_below382,val,3207,0.34299969
h4,bear,6,volatility,fib_below382,oos,2524,0.30744849
h4,bear,6,volatility,fib_below500,disc,12996,0.33279471
h4,bear,6,volatility,fib_below500,val,2644,0.34077156
h4,bear,6,volatility,fib_below500,oos,2131,0.30971375
h4,bear,6,volatility,fib_below618,disc,10423,0.32725703
h4,bear,6,volatility,fib_below618,val,2109,0.35277383
h4,bear,6,volatility,fib_below618,oos,1698,0.30683157
h4,bear,6,volatility,fib_time_zone,disc,8751,0.33024797
h4,bear,6,volatility,fib_time_zone,val,1887,0.32644409
h4,bear,6,volatility,fib_time_zone,oos,1393,0.27207466
h4,bear,6,volatility,fib_time_5,disc,4949,0.33097595
h4,bear,6,volatility,fib_time_5,val,1081,0.33209991
h4,bear,6,volatility,fib_time_5,oos,776,0.27577320
h4,bear,6,volatility,fib_time_8,disc,3083,0.32208887
h4,bear,6,volatility,fib_time_8,val,672,0.32589286
h4,bear,6,volatility,fib_time_8,oos,500,0.26000000
h4,bear,6,volatility,fib_time_13,disc,1908,0.34119497
h4,bear,6,volatility,fib_time_13,val,412,0.30339806
h4,bear,6,volatility,fib_time_13,oos,318,0.30188679
h4,bear,6,volatility,fib_fan_down,disc,10423,0.32725703
h4,bear,6,volatility,fib_fan_down,val,2109,0.35277383
h4,bear,6,volatility,fib_fan_down,oos,1698,0.30683157
h4,bear,6,volatility,fib_arc_bear,disc,12996,0.33279471
h4,bear,6,volatility,fib_arc_bear,val,2644,0.34077156
h4,bear,6,volatility,fib_arc_bear,oos,2131,0.30971375
h4,bear,6,volatility,trendline_down,disc,12921,0.32930888
h4,bear,6,volatility,trendline_down,val,2830,0.33710247
h4,bear,6,volatility,trendline_down,oos,2108,0.31973435
h4,bear,6,volatility,channel_lower,disc,6262,0.33008623
h4,bear,6,volatility,channel_lower,val,1259,0.33677522
h4,bear,6,volatility,channel_lower,oos,887,0.32919955
h4,bear,6,volatility,channel_mid_bear,disc,12730,0.33063629
h4,bear,6,volatility,channel_mid_bear,val,2705,0.33974122
h4,bear,6,volatility,channel_mid_bear,oos,2016,0.31845238
h4,bear,6,volatility,channel_breakout_down,disc,1855,0.35256065
h4,bear,6,volatility,channel_breakout_down,val,346,0.33236994
h4,bear,6,volatility,channel_breakout_down,oos,272,0.37867647
h4,bear,6,volatility,horizontal_resistance_near,disc,1767,0.32371251
h4,bear,6,volatility,horizontal_resistance_near,val,375,0.26133333
h4,bear,6,volatility,horizontal_resistance_near,oos,290,0.19655172
h4,bear,6,volatility,horizontal_support_near,disc,1899,0.36861506
h4,bear,6,volatility,horizontal_support_near,val,370,0.32432432
h4,bear,6,volatility,horizontal_support_near,oos,254,0.35039370
h4,bear,6,volatility,horizontal_break_down,disc,1289,0.38401862
h4,bear,6,volatility,horizontal_break_down,val,235,0.33617021
h4,bear,6,volatility,horizontal_break_down,oos,185,0.40000000
h4,bear,6,volatility,vertical_session,disc,16863,0.32835201
h4,bear,6,volatility,vertical_session,val,3600,0.32388889
h4,bear,6,volatility,vertical_session,oos,2636,0.26251897
h4,bear,6,volatility,vertical_day_open,disc,3522,0.35689949
h4,bear,6,volatility,vertical_day_open,val,783,0.32439336
h4,bear,6,volatility,vertical_day_open,oos,607,0.25864909
h4,bear,6,volatility,vertical_week_open,disc,649,0.32665639
h4,bear,6,volatility,vertical_week_open,val,146,0.30821918
h4,bear,6,volatility,vertical_week_open,oos,115,0.23478261
h4,bear,6,volatility,rectangle_range,disc,12571,0.32734070
h4,bear,6,volatility,rectangle_range,val,2847,0.33087460
h4,bear,6,volatility,rectangle_range,oos,2058,0.27405248
h4,bear,6,volatility,triangle_breakout_down,disc,60,0.30000000
h4,bear,6,volatility,triangle_breakout_down,val,12,0.08333333
h4,bear,6,volatility,triangle_breakout_down,oos,2,0.00000000
h4,bear,6,volatility,ellipse_compression,disc,802,0.38029925
h4,bear,6,volatility,ellipse_compression,val,113,0.30088496
h4,bear,6,volatility,ellipse_compression,oos,166,0.24698795
h4,bear,6,volatility,elliott_wave2_bear,disc,2271,0.33729635
h4,bear,6,volatility,elliott_wave2_bear,val,520,0.28653846
h4,bear,6,volatility,elliott_wave2_bear,oos,439,0.31435080
h4,bear,6,volatility,elliott_wave3_bear,disc,2081,0.33781836
h4,bear,6,volatility,elliott_wave3_bear,val,375,0.38933333
h4,bear,6,volatility,elliott_wave3_bear,oos,289,0.32871972
h4,bear,6,volatility,elliott_wave4_bear,disc,2040,0.31911765
h4,bear,6,volatility,elliott_wave4_bear,val,461,0.34056399
h4,bear,6,volatility,elliott_wave4_bear,oos,341,0.27859238
h4,bear,6,volatility,elliott_wave5_bear,disc,1921,0.35294118
h4,bear,6,volatility,elliott_wave5_bear,val,340,0.34117647
h4,bear,6,volatility,elliott_wave5_bear,oos,252,0.34523810
h4,bear,6,volatility,elliott_impulse_bear,disc,2588,0.34273570
h4,bear,6,volatility,elliott_impulse_bear,val,476,0.36974790
h4,bear,6,volatility,elliott_impulse_bear,oos,339,0.33923304
h4,bear,6,volatility,elliott_pullback_bear,disc,4311,0.32869404
h4,bear,6,volatility,elliott_pullback_bear,val,981,0.31192661
h4,bear,6,volatility,elliott_pullback_bear,oos,780,0.29871795
h4,bear,6,volatility,range_compression,disc,19039,0.33226535
h4,bear,6,volatility,range_compression,val,4097,0.32438370
h4,bear,6,volatility,range_compression,oos,3049,0.26139718
h4,bear,6,volatility,range_tight,disc,780,0.28589744
h4,bear,6,volatility,range_tight,val,250,0.20800000
h4,bear,6,volatility,range_tight,oos,143,0.30769231
h4,bear,6,volatility,inside_bar,disc,4466,0.32489924
h4,bear,6,volatility,inside_bar,val,876,0.31050228
h4,bear,6,volatility,inside_bar,oos,672,0.31994048
h4,bear,6,volatility,inside_2,disc,624,0.29807692
h4,bear,6,volatility,inside_2,val,78,0.28205128
h4,bear,6,volatility,inside_2,oos,80,0.37500000
h4,bear,6,volatility,nr7,disc,3155,0.32805071
h4,bear,6,volatility,nr7,val,709,0.34978843
h4,bear,6,volatility,nr7,oos,504,0.29960317
h4,bear,6,volatility,nr4,disc,6622,0.31863485
h4,bear,6,volatility,nr4,val,1394,0.31779053
h4,bear,6,volatility,nr4,oos,1023,0.29325513
h4,bear,6,volatility,breakout_down20,disc,1855,0.35256065
h4,bear,6,volatility,breakout_down20,val,346,0.33236994
h4,bear,6,volatility,breakout_down20,oos,272,0.37867647
h4,bear,6,volatility,retest_down,disc,1853,0.35294118
h4,bear,6,volatility,retest_down,val,343,0.32944606
h4,bear,6,volatility,retest_down,oos,267,0.37827715
h4,bear,6,volatility,pin_bear,disc,326,0.55214724
h4,bear,6,volatility,pin_bear,val,77,0.59740260
h4,bear,6,volatility,pin_bear,oos,50,0.58000000
h4,bear,6,volatility,engulf_bear,disc,1912,0.33211297
h4,bear,6,volatility,engulf_bear,val,409,0.37408313
h4,bear,6,volatility,engulf_bear,oos,315,0.24126984
h4,bear,6,volatility,strong_close_bear,disc,4090,0.33154034
h4,bear,6,volatility,strong_close_bear,val,849,0.31330978
h4,bear,6,volatility,strong_close_bear,oos,586,0.23378840
h4,bear,6,volatility,gap_proxy_down,disc,384,0.33072917
h4,bear,6,volatility,gap_proxy_down,val,99,0.29292929
h4,bear,6,volatility,gap_proxy_down,oos,74,0.24324324
h4,bear,6,volatility,ll20,disc,3536,0.34360860
h4,bear,6,volatility,ll20,val,753,0.32669323
h4,bear,6,volatility,ll20,oos,513,0.33333333
h4,bear,6,volatility,structure_bear_transition,disc,8794,0.33773027
h4,bear,6,volatility,structure_bear_transition,val,1833,0.32624113
h4,bear,6,volatility,structure_bear_transition,oos,1322,0.26475038
h4,bear,6,volatility,compression,disc,2149,0.33969288
h4,bear,6,volatility,compression,val,419,0.33651551
h4,bear,6,volatility,compression,oos,382,0.28795812
h4,bear,6,volatility,shape_triangle_proxy,disc,1627,0.29686540
h4,bear,6,volatility,shape_triangle_proxy,val,361,0.30470914
h4,bear,6,volatility,shape_triangle_proxy,oos,319,0.28526646
h4,bear,12,atr_expand,sma20_bear,disc,2608,0.47967791
h4,bear,12,atr_expand,sma20_bear,val,491,0.40936864
h4,bear,12,atr_expand,sma20_bear,oos,429,0.51515152
h4,bear,12,atr_expand,sma50_bear,disc,2445,0.48384458
h4,bear,12,atr_expand,sma50_bear,val,484,0.41322314
h4,bear,12,atr_expand,sma50_bear,oos,406,0.48522167
h4,bear,12,atr_expand,sma200_bear,disc,2257,0.47984050
h4,bear,12,atr_expand,sma200_bear,val,469,0.40938166
h4,bear,12,atr_expand,sma200_bear,oos,380,0.44473684
h4,bear,12,atr_expand,sma_stack_bear,disc,1393,0.49030869
h4,bear,12,atr_expand,sma_stack_bear,val,256,0.43750000
h4,bear,12,atr_expand,sma_stack_bear,oos,144,0.24305556
h4,bear,12,atr_expand,ichimoku_bear,disc,2086,0.48322148
h4,bear,12,atr_expand,ichimoku_bear,val,438,0.41095890
h4,bear,12,atr_expand,ichimoku_bear,oos,328,0.47865854
h4,bear,12,atr_expand,ichimoku_tk_bear,disc,2036,0.48035363
h4,bear,12,atr_expand,ichimoku_tk_bear,val,389,0.39074550
h4,bear,12,atr_expand,ichimoku_tk_bear,oos,298,0.44966443
h4,bear,12,atr_expand,ichimoku_cloud_bear,disc,2189,0.45454545
h4,bear,12,atr_expand,ichimoku_cloud_bear,val,455,0.43516484
h4,bear,12,atr_expand,ichimoku_cloud_bear,oos,312,0.40064103
h4,bear,12,atr_expand,span_model_bear,disc,1508,0.47612732
h4,bear,12,atr_expand,span_model_bear,val,325,0.38153846
h4,bear,12,atr_expand,span_model_bear,oos,235,0.47659574
h4,bear,12,atr_expand,bb_bear,disc,2608,0.47967791
h4,bear,12,atr_expand,bb_bear,val,491,0.40936864
h4,bear,12,atr_expand,bb_bear,oos,429,0.51515152
h4,bear,12,atr_expand,bb_lower,disc,1846,0.47995666
h4,bear,12,atr_expand,bb_lower,val,347,0.42651297
h4,bear,12,atr_expand,bb_lower,oos,334,0.51796407
h4,bear,12,atr_expand,superbb_bear,disc,239,0.51882845
h4,bear,12,atr_expand,superbb_bear,val,47,0.42553191
h4,bear,12,atr_expand,superbb_bear,oos,52,0.44230769
h4,bear,12,atr_expand,superbb_squeeze,disc,874,0.44622426
h4,bear,12,atr_expand,superbb_squeeze,val,130,0.41538462
h4,bear,12,atr_expand,superbb_squeeze,oos,89,0.29213483
h4,bear,12,atr_expand,superbb_expand,disc,2638,0.50682335
h4,bear,12,atr_expand,superbb_expand,val,511,0.44031311
h4,bear,12,atr_expand,superbb_expand,oos,470,0.42553191
h4,bear,12,atr_expand,stoch_bear,disc,2481,0.50100766
h4,bear,12,atr_expand,stoch_bear,val,463,0.44276458
h4,bear,12,atr_expand,stoch_bear,oos,393,0.42493639
h4,bear,12,atr_expand,stoch_cross_down,disc,1016,0.50787402
h4,bear,12,atr_expand,stoch_cross_down,val,181,0.45303867
h4,bear,12,atr_expand,stoch_cross_down,oos,144,0.38888889
h4,bear,12,atr_expand,stoch_fall_down,disc,491,0.51323829
h4,bear,12,atr_expand,stoch_fall_down,val,91,0.42857143
h4,bear,12,atr_expand,stoch_fall_down,oos,74,0.31081081
h4,bear,12,atr_expand,rci_bear,disc,2346,0.46589940
h4,bear,12,atr_expand,rci_bear,val,481,0.42619543
h4,bear,12,atr_expand,rci_bear,oos,390,0.48461538
h4,bear,12,atr_expand,rci_strong_bear,disc,565,0.44955752
h4,bear,12,atr_expand,rci_strong_bear,val,100,0.40000000
h4,bear,12,atr_expand,rci_strong_bear,oos,90,0.60000000
h4,bear,12,atr_expand,rci_cross_down,disc,332,0.50903614
h4,bear,12,atr_expand,rci_cross_down,val,46,0.41304348
h4,bear,12,atr_expand,rci_cross_down,oos,51,0.64705882
h4,bear,12,atr_expand,dmi_adx_bear,disc,1336,0.49251497
h4,bear,12,atr_expand,dmi_adx_bear,val,244,0.38524590
h4,bear,12,atr_expand,dmi_adx_bear,oos,225,0.47555556
h4,bear,12,atr_expand,dmi_adx_strong_bear,disc,1771,0.49181254
h4,bear,12,atr_expand,dmi_adx_strong_bear,val,351,0.41025641
h4,bear,12,atr_expand,dmi_adx_strong_bear,oos,371,0.53638814
h4,bear,12,atr_expand,fib_below382,disc,2842,0.48451795
h4,bear,12,atr_expand,fib_below382,val,552,0.41304348
h4,bear,12,atr_expand,fib_below382,oos,445,0.48314607
h4,bear,12,atr_expand,fib_below500,disc,2421,0.48616274
h4,bear,12,atr_expand,fib_below500,val,476,0.40756303
h4,bear,12,atr_expand,fib_below500,oos,393,0.48091603
h4,bear,12,atr_expand,fib_below618,disc,1978,0.47775531
h4,bear,12,atr_expand,fib_below618,val,387,0.41343669
h4,bear,12,atr_expand,fib_below618,oos,322,0.49068323
h4,bear,12,atr_expand,fib_time_zone,disc,1674,0.49103943
h4,bear,12,atr_expand,fib_time_zone,val,319,0.46394984
h4,bear,12,atr_expand,fib_time_zone,oos,256,0.42968750
h4,bear,12,atr_expand,fib_time_5,disc,944,0.48516949
h4,bear,12,atr_expand,fib_time_5,val,178,0.48314607
h4,bear,12,atr_expand,fib_time_5,oos,151,0.47682119
h4,bear,12,atr_expand,fib_time_8,disc,608,0.47039474
h4,bear,12,atr_expand,fib_time_8,val,110,0.45454545
h4,bear,12,atr_expand,fib_time_8,oos,83,0.37349398
h4,bear,12,atr_expand,fib_time_13,disc,339,0.51917404
h4,bear,12,atr_expand,fib_time_13,val,71,0.38028169
h4,bear,12,atr_expand,fib_time_13,oos,58,0.37931034
h4,bear,12,atr_expand,fib_fan_down,disc,1978,0.47775531
h4,bear,12,atr_expand,fib_fan_down,val,387,0.41343669
h4,bear,12,atr_expand,fib_fan_down,oos,322,0.49068323
h4,bear,12,atr_expand,fib_arc_bear,disc,2421,0.48616274
h4,bear,12,atr_expand,fib_arc_bear,val,476,0.40756303
h4,bear,12,atr_expand,fib_arc_bear,oos,393,0.48091603
h4,bear,12,atr_expand,trendline_down,disc,2427,0.47259992
h4,bear,12,atr_expand,trendline_down,val,477,0.41719078
h4,bear,12,atr_expand,trendline_down,oos,389,0.47043702
h4,bear,12,atr_expand,channel_lower,disc,1512,0.48743386
h4,bear,12,atr_expand,channel_lower,val,285,0.43508772
h4,bear,12,atr_expand,channel_lower,oos,255,0.45882353
h4,bear,12,atr_expand,channel_mid_bear,disc,2582,0.48644462
h4,bear,12,atr_expand,channel_mid_bear,val,495,0.42626263
h4,bear,12,atr_expand,channel_mid_bear,oos,415,0.50361446
h4,bear,12,atr_expand,channel_breakout_down,disc,778,0.49614396
h4,bear,12,atr_expand,channel_breakout_down,val,150,0.42000000
h4,bear,12,atr_expand,channel_breakout_down,oos,144,0.47916667
h4,bear,12,atr_expand,horizontal_resistance_near,disc,612,0.49346405
h4,bear,12,atr_expand,horizontal_resistance_near,val,123,0.52845528
h4,bear,12,atr_expand,horizontal_resistance_near,oos,87,0.36781609
h4,bear,12,atr_expand,horizontal_support_near,disc,612,0.50816993
h4,bear,12,atr_expand,horizontal_support_near,val,131,0.35114504
h4,bear,12,atr_expand,horizontal_support_near,oos,116,0.49137931
h4,bear,12,atr_expand,horizontal_break_down,disc,498,0.52208835
h4,bear,12,atr_expand,horizontal_break_down,val,106,0.34905660
h4,bear,12,atr_expand,horizontal_break_down,oos,101,0.51485149
h4,bear,12,atr_expand,vertical_session,disc,3821,0.47840879
h4,bear,12,atr_expand,vertical_session,val,675,0.43851852
h4,bear,12,atr_expand,vertical_session,oos,530,0.42075472
h4,bear,12,atr_expand,vertical_day_open,disc,313,0.51757188
h4,bear,12,atr_expand,vertical_day_open,val,68,0.48529412
h4,bear,12,atr_expand,vertical_day_open,oos,64,0.42187500
h4,bear,12,atr_expand,vertical_week_open,disc,63,0.49206349
h4,bear,12,atr_expand,vertical_week_open,val,18,0.50000000
h4,bear,12,atr_expand,vertical_week_open,oos,14,0.50000000
h4,bear,12,atr_expand,rectangle_range,disc,2304,0.47309028
h4,bear,12,atr_expand,rectangle_range,val,458,0.41703057
h4,bear,12,atr_expand,rectangle_range,oos,359,0.45125348
h4,bear,12,atr_expand,elliott_wave2_bear,disc,376,0.54255319
h4,bear,12,atr_expand,elliott_wave2_bear,val,63,0.38095238
h4,bear,12,atr_expand,elliott_wave2_bear,oos,61,0.60655738
h4,bear,12,atr_expand,elliott_wave3_bear,disc,807,0.48574969
h4,bear,12,atr_expand,elliott_wave3_bear,val,152,0.45394737
h4,bear,12,atr_expand,elliott_wave3_bear,oos,139,0.47482014
h4,bear,12,atr_expand,elliott_wave4_bear,disc,364,0.45604396
h4,bear,12,atr_expand,elliott_wave4_bear,val,70,0.48571429
h4,bear,12,atr_expand,elliott_wave4_bear,oos,69,0.59420290
h4,bear,12,atr_expand,elliott_wave5_bear,disc,707,0.49646393
h4,bear,12,atr_expand,elliott_wave5_bear,val,128,0.41406250
h4,bear,12,atr_expand,elliott_wave5_bear,oos,117,0.43589744
h4,bear,12,atr_expand,elliott_impulse_bear,disc,874,0.48398169
h4,bear,12,atr_expand,elliott_impulse_bear,val,166,0.45180723
h4,bear,12,atr_expand,elliott_impulse_bear,oos,148,0.47297297
h4,bear,12,atr_expand,elliott_pullback_bear,disc,740,0.50000000
h4,bear,12,atr_expand,elliott_pullback_bear,val,133,0.43609023
h4,bear,12,atr_expand,elliott_pullback_bear,oos,130,0.60000000
h4,bear,12,atr_expand,range_compression,disc,2565,0.49473684
h4,bear,12,atr_expand,range_compression,val,485,0.44742268
h4,bear,12,atr_expand,range_compression,oos,339,0.39528024
h4,bear,12,atr_expand,range_tight,disc,399,0.46616541
h4,bear,12,atr_expand,range_tight,val,68,0.33823529
h4,bear,12,atr_expand,range_tight,oos,71,0.40845070
h4,bear,12,atr_expand,inside_bar,disc,954,0.46645702
h4,bear,12,atr_expand,inside_bar,val,181,0.40331492
h4,bear,12,atr_expand,inside_bar,oos,180,0.47222222
h4,bear,12,atr_expand,inside_2,disc,99,0.44444444
h4,bear,12,atr_expand,inside_2,val,19,0.31578947
h4,bear,12,atr_expand,inside_2,oos,18,0.44444444
h4,bear,12,atr_expand,nr7,disc,126,0.38888889
h4,bear,12,atr_expand,nr7,val,28,0.42857143
h4,bear,12,atr_expand,nr7,oos,19,0.36842105
h4,bear,12,atr_expand,nr4,disc,752,0.48404255
h4,bear,12,atr_expand,nr4,val,130,0.42307692
h4,bear,12,atr_expand,nr4,oos,117,0.48717949
h4,bear,12,atr_expand,breakout_down20,disc,778,0.49614396
h4,bear,12,atr_expand,breakout_down20,val,150,0.42000000
h4,bear,12,atr_expand,breakout_down20,oos,144,0.47916667
h4,bear,12,atr_expand,retest_down,disc,778,0.49614396
h4,bear,12,atr_expand,retest_down,val,145,0.42068966
h4,bear,12,atr_expand,retest_down,oos,142,0.47183099
h4,bear,12,atr_expand,squeeze_release_down,disc,73,0.36986301
h4,bear,12,atr_expand,squeeze_release_down,val,12,0.75000000
h4,bear,12,atr_expand,squeeze_release_down,oos,6,0.33333333
h4,bear,12,atr_expand,pin_bear,disc,61,0.67213115
h4,bear,12,atr_expand,pin_bear,val,11,0.72727273
h4,bear,12,atr_expand,pin_bear,oos,8,0.75000000
h4,bear,12,atr_expand,engulf_bear,disc,420,0.48809524
h4,bear,12,atr_expand,engulf_bear,val,62,0.50000000
h4,bear,12,atr_expand,engulf_bear,oos,69,0.42028986
h4,bear,12,atr_expand,strong_close_bear,disc,1037,0.48408872
h4,bear,12,atr_expand,strong_close_bear,val,185,0.38918919
h4,bear,12,atr_expand,strong_close_bear,oos,133,0.45112782
h4,bear,12,atr_expand,ll20,disc,1339,0.48693055
h4,bear,12,atr_expand,ll20,val,259,0.39382239
h4,bear,12,atr_expand,ll20,oos,220,0.45454545
h4,bear,12,atr_expand,structure_bear_transition,disc,1817,0.48706659
h4,bear,12,atr_expand,structure_bear_transition,val,341,0.40762463
h4,bear,12,atr_expand,structure_bear_transition,oos,301,0.43853821
d1,bull,1,atr_expand,sma20_bull,disc,244,0.26229508
d1,bull,1,atr_expand,sma20_bull,val,58,0.44827586
d1,bull,1,atr_expand,sma20_bull,oos,41,0.12195122
d1,bull,1,atr_expand,sma50_bull,disc,278,0.30575540
d1,bull,1,atr_expand,sma50_bull,val,71,0.42253521
d1,bull,1,atr_expand,sma50_bull,oos,51,0.15686275
d1,bull,1,atr_expand,sma200_bull,disc,306,0.35294118
d1,bull,1,atr_expand,sma200_bull,val,73,0.43835616
d1,bull,1,atr_expand,sma200_bull,oos,88,0.22727273
d1,bull,1,atr_expand,sma_stack_bull,disc,251,0.37848606
d1,bull,1,atr_expand,sma_stack_bull,val,49,0.48979592
d1,bull,1,atr_expand,sma_stack_bull,oos,84,0.28571429
d1,bull,1,atr_expand,ichimoku_bull,disc,265,0.29811321
d1,bull,1,atr_expand,ichimoku_bull,val,67,0.44776119
d1,bull,1,atr_expand,ichimoku_bull,oos,59,0.20338983
d1,bull,1,atr_expand,ichimoku_tk_bull,disc,276,0.31521739
d1,bull,1,atr_expand,ichimoku_tk_bull,val,53,0.43396226
d1,bull,1,atr_expand,ichimoku_tk_bull,oos,53,0.15094340
d1,bull,1,atr_expand,ichimoku_cloud_bull,disc,383,0.35509138
d1,bull,1,atr_expand,ichimoku_cloud_bull,val,71,0.43661972
d1,bull,1,atr_expand,ichimoku_cloud_bull,oos,91,0.26373626
d1,bull,1,atr_expand,span_model_bull,disc,220,0.32727273
d1,bull,1,atr_expand,span_model_bull,val,44,0.43181818
d1,bull,1,atr_expand,span_model_bull,oos,43,0.18604651
d1,bull,1,atr_expand,bb_bull,disc,244,0.26229508
d1,bull,1,atr_expand,bb_bull,val,58,0.44827586
d1,bull,1,atr_expand,bb_bull,oos,41,0.12195122
d1,bull,1,atr_expand,bb_upper,disc,137,0.21167883
d1,bull,1,atr_expand,bb_upper,val,39,0.51282051
d1,bull,1,atr_expand,bb_upper,oos,29,0.13793103
d1,bull,1,atr_expand,superbb_squeeze,disc,77,0.29870130
d1,bull,1,atr_expand,superbb_squeeze,val,22,0.31818182
d1,bull,1,atr_expand,superbb_squeeze,oos,16,0.18750000
d1,bull,1,atr_expand,superbb_expand,disc,313,0.35463259
d1,bull,1,atr_expand,superbb_expand,val,96,0.52083333
d1,bull,1,atr_expand,superbb_expand,oos,84,0.25000000
d1,bull,1,atr_expand,stoch_bull,disc,289,0.32179931
d1,bull,1,atr_expand,stoch_bull,val,76,0.44736842
d1,bull,1,atr_expand,stoch_bull,oos,50,0.22000000
d1,bull,1,atr_expand,stoch_cross_up,disc,138,0.31884058
d1,bull,1,atr_expand,stoch_cross_up,val,35,0.37142857
d1,bull,1,atr_expand,stoch_cross_up,oos,30,0.20000000
d1,bull,1,atr_expand,stoch_recover_up,disc,79,0.30379747
d1,bull,1,atr_expand,stoch_recover_up,val,22,0.31818182
d1,bull,1,atr_expand,stoch_recover_up,oos,14,0.14285714
d1,bull,1,atr_expand,rci_bull,disc,295,0.30847458
d1,bull,1,atr_expand,rci_bull,val,55,0.45454545
d1,bull,1,atr_expand,rci_bull,oos,67,0.23880597
d1,bull,1,atr_expand,rci_strong_bull,disc,75,0.30666667
d1,bull,1,atr_expand,rci_strong_bull,val,11,0.45454545
d1,bull,1,atr_expand,rci_strong_bull,oos,13,0.07692308
d1,bull,1,atr_expand,dmi_adx_bull,disc,136,0.27941176
d1,bull,1,atr_expand,dmi_adx_bull,val,22,0.36363636
d1,bull,1,atr_expand,dmi_adx_bull,oos,24,0.16666667
d1,bull,1,atr_expand,dmi_adx_strong_bull,disc,147,0.22448980
d1,bull,1,atr_expand,dmi_adx_strong_bull,val,48,0.45833333
d1,bull,1,atr_expand,dmi_adx_strong_bull,oos,32,0.15625000
d1,bull,1,atr_expand,fib_above382,disc,215,0.28372093
d1,bull,1,atr_expand,fib_above382,val,59,0.44067797
d1,bull,1,atr_expand,fib_above382,oos,41,0.14634146
d1,bull,1,atr_expand,fib_above500,disc,274,0.28467153
d1,bull,1,atr_expand,fib_above500,val,73,0.43835616
d1,bull,1,atr_expand,fib_above500,oos,54,0.20370370
d1,bull,1,atr_expand,fib_above618,disc,346,0.29190751
d1,bull,1,atr_expand,fib_above618,val,83,0.45783133
d1,bull,1,atr_expand,fib_above618,oos,66,0.22727273
d1,bull,1,atr_expand,fib_time_zone,disc,199,0.34170854
d1,bull,1,atr_expand,fib_time_zone,val,53,0.47169811
d1,bull,1,atr_expand,fib_time_zone,oos,56,0.17857143
d1,bull,1,atr_expand,fib_time_5,disc,119,0.33613445
d1,bull,1,atr_expand,fib_time_5,val,27,0.51851852
d1,bull,1,atr_expand,fib_time_5,oos,36,0.13888889
d1,bull,1,atr_expand,fib_time_8,disc,67,0.35820896
d1,bull,1,atr_expand,fib_time_8,val,24,0.45833333
d1,bull,1,atr_expand,fib_time_8,oos,22,0.22727273
d1,bull,1,atr_expand,fib_fan_up,disc,215,0.28372093
d1,bull,1,atr_expand,fib_fan_up,val,59,0.44067797
d1,bull,1,atr_expand,fib_fan_up,oos,41,0.14634146
d1,bull,1,atr_expand,fib_arc_bull,disc,274,0.28467153
d1,bull,1,atr_expand,fib_arc_bull,val,73,0.43835616
d1,bull,1,atr_expand,fib_arc_bull,oos,54,0.20370370
d1,bull,1,atr_expand,trendline_up,disc,301,0.29900332
d1,bull,1,atr_expand,trendline_up,val,62,0.43548387
d1,bull,1,atr_expand,trendline_up,oos,64,0.21875000
d1,bull,1,atr_expand,channel_upper,disc,118,0.20338983
d1,bull,1,atr_expand,channel_upper,val,36,0.47222222
d1,bull,1,atr_expand,channel_upper,oos,21,0.14285714
d1,bull,1,atr_expand,channel_mid_bull,disc,247,0.25506073
d1,bull,1,atr_expand,channel_mid_bull,val,61,0.44262295
d1,bull,1,atr_expand,channel_mid_bull,oos,45,0.11111111
d1,bull,1,atr_expand,channel_breakout_up,disc,55,0.12727273
d1,bull,1,atr_expand,channel_breakout_up,val,22,0.50000000
d1,bull,1,atr_expand,channel_breakout_up,oos,12,0.16666667
d1,bull,1,atr_expand,horizontal_resistance_near,disc,57,0.14035088
d1,bull,1,atr_expand,horizontal_resistance_near,val,22,0.59090909
d1,bull,1,atr_expand,horizontal_resistance_near,oos,11,0.18181818
d1,bull,1,atr_expand,horizontal_support_near,disc,86,0.37209302
d1,bull,1,atr_expand,horizontal_support_near,val,20,0.50000000
d1,bull,1,atr_expand,horizontal_support_near,oos,19,0.52631579
d1,bull,1,atr_expand,vertical_session,disc,649,0.32203390
d1,bull,1,atr_expand,vertical_session,val,147,0.44897959
d1,bull,1,atr_expand,vertical_session,oos,140,0.24285714
d1,bull,1,atr_expand,vertical_day_open,disc,649,0.32203390
d1,bull,1,atr_expand,vertical_day_open,val,147,0.44897959
d1,bull,1,atr_expand,vertical_day_open,oos,140,0.24285714
d1,bull,1,atr_expand,rectangle_range,disc,360,0.34166667
d1,bull,1,atr_expand,rectangle_range,val,78,0.37179487
d1,bull,1,atr_expand,rectangle_range,oos,67,0.11940299
d1,bull,1,atr_expand,elliott_wave2_bull,disc,54,0.27777778
d1,bull,1,atr_expand,elliott_wave2_bull,val,6,0.33333333
d1,bull,1,atr_expand,elliott_wave2_bull,oos,9,0.11111111
d1,bull,1,atr_expand,elliott_wave3_bull,disc,61,0.14754098
d1,bull,1,atr_expand,elliott_wave3_bull,val,26,0.38461538
d1,bull,1,atr_expand,elliott_wave3_bull,oos,13,0.15384615
d1,bull,1,atr_expand,elliott_impulse_bull,disc,64,0.14062500
d1,bull,1,atr_expand,elliott_impulse_bull,val,27,0.40740741
d1,bull,1,atr_expand,elliott_impulse_bull,oos,15,0.13333333
d1,bull,1,atr_expand,elliott_pullback_bull,disc,82,0.25609756
d1,bull,1,atr_expand,elliott_pullback_bull,val,10,0.40000000
d1,bull,1,atr_expand,elliott_pullback_bull,oos,15,0.13333333
d1,bull,1,atr_expand,range_compression,disc,393,0.32315522
d1,bull,1,atr_expand,range_compression,val,42,0.28571429
d1,bull,1,atr_expand,range_compression,oos,43,0.25581395
d1,bull,1,atr_expand,inside_bar,disc,122,0.31967213
d1,bull,1,atr_expand,inside_bar,val,15,0.46666667
d1,bull,1,atr_expand,inside_bar,oos,34,0.14705882
d1,bull,1,atr_expand,nr4,disc,69,0.42028986
d1,bull,1,atr_expand,nr4,val,28,0.71428571
d1,bull,1,atr_expand,nr4,oos,18,0.11111111
d1,bull,1,atr_expand,breakout_up20,disc,55,0.12727273
d1,bull,1,atr_expand,breakout_up20,val,22,0.50000000
d1,bull,1,atr_expand,breakout_up20,oos,12,0.16666667
d1,bull,1,atr_expand,retest_up,disc,54,0.11111111
d1,bull,1,atr_expand,retest_up,val,21,0.47619048
d1,bull,1,atr_expand,retest_up,oos,12,0.16666667
d1,bull,1,atr_expand,strong_close_bull,disc,123,0.21138211
d1,bull,1,atr_expand,strong_close_bull,val,35,0.57142857
d1,bull,1,atr_expand,strong_close_bull,oos,28,0.10714286
d1,bull,1,atr_expand,hh20,disc,109,0.23853211
d1,bull,1,atr_expand,hh20,val,34,0.50000000
d1,bull,1,atr_expand,hh20,oos,19,0.15789474
d1,bull,1,atr_expand,structure_bull_transition,disc,203,0.26108374
d1,bull,1,atr_expand,structure_bull_transition,val,60,0.46666667
d1,bull,1,atr_expand,structure_bull_transition,oos,38,0.13157895
d1,bull,1,volatility,sma20_bull,disc,2250,0.30622222
d1,bull,1,volatility,sma20_bull,val,448,0.34151786
d1,bull,1,volatility,sma20_bull,oos,359,0.23955432
d1,bull,1,volatility,sma50_bull,disc,2219,0.30644434
d1,bull,1,volatility,sma50_bull,val,464,0.30603448
d1,bull,1,volatility,sma50_bull,oos,361,0.23268698
d1,bull,1,volatility,sma200_bull,disc,2371,0.32813159
d1,bull,1,volatility,sma200_bull,val,431,0.29930394
d1,bull,1,volatility,sma200_bull,oos,499,0.26853707
d1,bull,1,volatility,sma_stack_bull,disc,1655,0.33534743
d1,bull,1,volatility,sma_stack_bull,val,295,0.28813559
d1,bull,1,volatility,sma_stack_bull,oos,348,0.28160920
d1,bull,1,volatility,ichimoku_bull,disc,2083,0.30484878
d1,bull,1,volatility,ichimoku_bull,val,422,0.31042654
d1,bull,1,volatility,ichimoku_bull,oos,334,0.24550898
d1,bull,1,volatility,ichimoku_tk_bull,disc,2167,0.30595293
d1,bull,1,volatility,ichimoku_tk_bull,val,383,0.32898172
d1,bull,1,volatility,ichimoku_tk_bull,oos,323,0.21362229
d1,bull,1,volatility,ichimoku_cloud_bull,disc,2624,0.32507622
d1,bull,1,volatility,ichimoku_cloud_bull,val,471,0.31634820
d1,bull,1,volatility,ichimoku_cloud_bull,oos,542,0.28782288
d1,bull,1,volatility,span_model_bull,disc,1628,0.29422604
d1,bull,1,volatility,span_model_bull,val,298,0.30872483
d1,bull,1,volatility,span_model_bull,oos,261,0.22605364
d1,bull,1,volatility,bb_bull,disc,2250,0.30622222
d1,bull,1,volatility,bb_bull,val,448,0.34151786
d1,bull,1,volatility,bb_bull,oos,359,0.23955432
d1,bull,1,volatility,bb_upper,disc,1031,0.28709990
d1,bull,1,volatility,bb_upper,val,190,0.30526316
d1,bull,1,volatility,bb_upper,oos,152,0.21052632
d1,bull,1,volatility,superbb_squeeze,disc,425,0.28000000
d1,bull,1,volatility,superbb_squeeze,val,100,0.30000000
d1,bull,1,volatility,superbb_squeeze,oos,47,0.25531915
d1,bull,1,volatility,superbb_expand,disc,1189,0.31034483
d1,bull,1,volatility,superbb_expand,val,245,0.38775510
d1,bull,1,volatility,superbb_expand,oos,229,0.30567686
d1,bull,1,volatility,stoch_bull,disc,2370,0.31012658
d1,bull,1,volatility,stoch_bull,val,441,0.34693878
d1,bull,1,volatility,stoch_bull,oos,419,0.26252983
d1,bull,1,volatility,stoch_cross_up,disc,896,0.30468750
d1,bull,1,volatility,stoch_cross_up,val,176,0.32386364
d1,bull,1,volatility,stoch_cross_up,oos,156,0.35256410
d1,bull,1,volatility,stoch_recover_up,disc,308,0.27922078
d1,bull,1,volatility,stoch_recover_up,val,63,0.31746032
d1,bull,1,volatility,stoch_recover_up,oos,53,0.35849057
d1,bull,1,volatility,rci_bull,disc,2280,0.31052632
d1,bull,1,volatility,rci_bull,val,415,0.35421687
d1,bull,1,volatility,rci_bull,oos,368,0.24456522
d1,bull,1,volatility,rci_strong_bull,disc,681,0.28046990
d1,bull,1,volatility,rci_strong_bull,val,114,0.28947368
d1,bull,1,volatility,rci_strong_bull,oos,93,0.18279570
d1,bull,1,volatility,rci_cross_up,disc,163,0.30674847
d1,bull,1,volatility,rci_cross_up,val,38,0.47368421
d1,bull,1,volatility,rci_cross_up,oos,32,0.34375000
d1,bull,1,volatility,dmi_adx_bull,disc,1064,0.26127820
d1,bull,1,volatility,dmi_adx_bull,val,193,0.26424870
d1,bull,1,volatility,dmi_adx_bull,oos,208,0.23557692
d1,bull,1,volatility,dmi_adx_strong_bull,disc,1086,0.25966851
d1,bull,1,volatility,dmi_adx_strong_bull,val,211,0.33649289
d1,bull,1,volatility,dmi_adx_strong_bull,oos,178,0.20786517
d1,bull,1,volatility,fib_above382,disc,1791,0.30429927
d1,bull,1,volatility,fib_above382,val,375,0.29600000
d1,bull,1,volatility,fib_above382,oos,271,0.23616236
d1,bull,1,volatility,fib_above500,disc,2245,0.30913140
d1,bull,1,volatility,fib_above500,val,464,0.32327586
d1,bull,1,volatility,fib_above500,oos,360,0.23611111
d1,bull,1,volatility,fib_above618,disc,2793,0.30970283
d1,bull,1,volatility,fib_above618,val,562,0.31850534
d1,bull,1,volatility,fib_above618,oos,461,0.23644252
d1,bull,1,volatility,fib_time_zone,disc,1614,0.32713755
d1,bull,1,volatility,fib_time_zone,val,297,0.35353535
d1,bull,1,volatility,fib_time_zone,oos,280,0.25714286
d1,bull,1,volatility,fib_time_5,disc,895,0.31508380
d1,bull,1,volatility,fib_time_5,val,166,0.35542169
d1,bull,1,volatility,fib_time_5,oos,158,0.20886076
d1,bull,1,volatility,fib_time_8,disc,559,0.33273703
d1,bull,1,volatility,fib_time_8,val,103,0.36893204
d1,bull,1,volatility,fib_time_8,oos,99,0.28282828
d1,bull,1,volatility,fib_time_13,disc,353,0.35410765
d1,bull,1,volatility,fib_time_13,val,63,0.33333333
d1,bull,1,volatility,fib_time_13,oos,59,0.35593220
d1,bull,1,volatility,fib_fan_up,disc,1791,0.30429927
d1,bull,1,volatility,fib_fan_up,val,375,0.29600000
d1,bull,1,volatility,fib_fan_up,oos,271,0.23616236
d1,bull,1,volatility,fib_arc_bull,disc,2245,0.30913140
d1,bull,1,volatility,fib_arc_bull,val,464,0.32327586
d1,bull,1,volatility,fib_arc_bull,oos,360,0.23611111
d1,bull,1,volatility,trendline_up,disc,2275,0.31780220
d1,bull,1,volatility,trendline_up,val,422,0.32464455
d1,bull,1,volatility,trendline_up,oos,326,0.24539877
d1,bull,1,volatility,channel_upper,disc,1073,0.30102516
d1,bull,1,volatility,channel_upper,val,207,0.28985507
d1,bull,1,volatility,channel_upper,oos,149,0.18120805
d1,bull,1,volatility,channel_mid_bull,disc,2244,0.30481283
d1,bull,1,volatility,channel_mid_bull,val,455,0.33406593
d1,bull,1,volatility,channel_mid_bull,oos,350,0.24000000
d1,bull,1,volatility,channel_breakout_up,disc,331,0.26283988
d1,bull,1,volatility,channel_breakout_up,val,57,0.28070175
d1,bull,1,volatility,channel_breakout_up,oos,55,0.16363636
d1,bull,1,volatility,horizontal_resistance_near,disc,315,0.26349206
d1,bull,1,volatility,horizontal_resistance_near,val,63,0.28571429
d1,bull,1,volatility,horizontal_resistance_near,oos,46,0.17391304
d1,bull,1,volatility,horizontal_support_near,disc,289,0.30103806
d1,bull,1,volatility,horizontal_support_near,val,55,0.38181818
d1,bull,1,volatility,horizontal_support_near,oos,46,0.41304348
d1,bull,1,volatility,horizontal_break_up,disc,209,0.22966507
d1,bull,1,volatility,horizontal_break_up,val,40,0.27500000
d1,bull,1,volatility,horizontal_break_up,oos,40,0.17500000
d1,bull,1,volatility,vertical_session,disc,4573,0.30658211
d1,bull,1,volatility,vertical_session,val,852,0.34272300
d1,bull,1,volatility,vertical_session,oos,788,0.27791878
d1,bull,1,volatility,vertical_day_open,disc,4573,0.30658211
d1,bull,1,volatility,vertical_day_open,val,852,0.34272300
d1,bull,1,volatility,vertical_day_open,oos,788,0.27791878
d1,bull,1,volatility,vertical_week_open,disc,622,0.41479100
d1,bull,1,volatility,vertical_week_open,val,128,0.40625000
d1,bull,1,volatility,vertical_week_open,oos,119,0.37815126
d1,bull,1,volatility,rectangle_range,disc,2518,0.29189833
d1,bull,1,volatility,rectangle_range,val,430,0.33953488
d1,bull,1,volatility,rectangle_range,oos,441,0.24489796
d1,bull,1,volatility,ellipse_compression,disc,131,0.43511450
d1,bull,1,volatility,ellipse_compression,val,65,0.35384615
d1,bull,1,volatility,ellipse_compression,oos,24,0.25000000
d1,bull,1,volatility,elliott_wave2_bull,disc,465,0.29892473
d1,bull,1,volatility,elliott_wave2_bull,val,67,0.41791045
d1,bull,1,volatility,elliott_wave2_bull,oos,96,0.36458333
d1,bull,1,volatility,elliott_wave3_bull,disc,323,0.21981424
d1,bull,1,volatility,elliott_wave3_bull,val,57,0.26315789
d1,bull,1,volatility,elliott_wave3_bull,oos,66,0.15151515
d1,bull,1,volatility,elliott_wave4_bull,disc,395,0.28101266
d1,bull,1,volatility,elliott_wave4_bull,val,64,0.37500000
d1,bull,1,volatility,elliott_wave4_bull,oos,65,0.23076923
d1,bull,1,volatility,elliott_wave5_bull,disc,359,0.26183844
d1,bull,1,volatility,elliott_wave5_bull,val,63,0.22222222
d1,bull,1,volatility,elliott_wave5_bull,oos,53,0.16981132
d1,bull,1,volatility,elliott_impulse_bull,disc,467,0.26124197
d1,bull,1,volatility,elliott_impulse_bull,val,88,0.26136364
d1,bull,1,volatility,elliott_impulse_bull,oos,79,0.16455696
d1,bull,1,volatility,elliott_pullback_bull,disc,860,0.29069767
d1,bull,1,volatility,elliott_pullback_bull,val,131,0.39694656
d1,bull,1,volatility,elliott_pullback_bull,oos,161,0.31055901
d1,bull,1,volatility,range_compression,disc,3667,0.30297246
d1,bull,1,volatility,range_compression,val,616,0.31006494
d1,bull,1,volatility,range_compression,oos,567,0.26984127
d1,bull,1,volatility,range_tight,disc,185,0.30270270
d1,bull,1,volatility,range_tight,val,52,0.28846154
d1,bull,1,volatility,range_tight,oos,36,0.27777778
d1,bull,1,volatility,inside_bar,disc,875,0.27771429
d1,bull,1,volatility,inside_bar,val,149,0.25503356
d1,bull,1,volatility,inside_bar,oos,163,0.23312883
d1,bull,1,volatility,inside_2,disc,98,0.31632653
d1,bull,1,volatility,inside_2,val,11,0.09090909
d1,bull,1,volatility,inside_2,oos,22,0.27272727
d1,bull,1,volatility,nr7,disc,378,0.29365079
d1,bull,1,volatility,nr7,val,72,0.27777778
d1,bull,1,volatility,nr7,oos,80,0.40000000
d1,bull,1,volatility,nr4,disc,1040,0.27980769
d1,bull,1,volatility,nr4,val,209,0.28229665
d1,bull,1,volatility,nr4,oos,200,0.30000000
d1,bull,1,volatility,breakout_up20,disc,331,0.26283988
d1,bull,1,volatility,breakout_up20,val,57,0.28070175
d1,bull,1,volatility,breakout_up20,oos,55,0.16363636
d1,bull,1,volatility,retest_up,disc,330,0.26060606
d1,bull,1,volatility,retest_up,val,56,0.26785714
d1,bull,1,volatility,retest_up,oos,53,0.16981132
d1,bull,1,volatility,pin_bull,disc,166,0.49397590
d1,bull,1,volatility,pin_bull,val,34,0.55882353
d1,bull,1,volatility,pin_bull,oos,36,0.38888889
d1,bull,1,volatility,engulf_bull,disc,297,0.31986532
d1,bull,1,volatility,engulf_bull,val,58,0.39655172
d1,bull,1,volatility,engulf_bull,oos,39,0.38461538
d1,bull,1,volatility,strong_close_bull,disc,922,0.32321041
d1,bull,1,volatility,strong_close_bull,val,167,0.35928144
d1,bull,1,volatility,strong_close_bull,oos,163,0.30061350
d1,bull,1,volatility,hh20,disc,603,0.30679934
d1,bull,1,volatility,hh20,val,100,0.34000000
d1,bull,1,volatility,hh20,oos,82,0.19512195
d1,bull,1,volatility,structure_bull_transition,disc,1724,0.29930394
d1,bull,1,volatility,structure_bull_transition,val,316,0.30696203
d1,bull,1,volatility,structure_bull_transition,oos,315,0.24444444
d1,bull,1,volatility,compression,disc,385,0.41298701
d1,bull,1,volatility,compression,val,133,0.31578947
d1,bull,1,volatility,compression,oos,75,0.21333333
d1,bull,1,volatility,shape_triangle_proxy,disc,68,0.14705882
d1,bull,1,volatility,shape_triangle_proxy,val,18,0.22222222
d1,bull,1,volatility,shape_triangle_proxy,oos,22,0.13636364
d1,bull,1,adx_cross25_up,sma20_bull,disc,154,0.27272727
d1,bull,1,adx_cross25_up,sma20_bull,val,35,0.28571429
d1,bull,1,adx_cross25_up,sma20_bull,oos,27,0.22222222
d1,bull,1,adx_cross25_up,sma50_bull,disc,151,0.27152318
d1,bull,1,adx_cross25_up,sma50_bull,val,36,0.27777778
d1,bull,1,adx_cross25_up,sma50_bull,oos,27,0.22222222
d1,bull,1,adx_cross25_up,sma200_bull,disc,133,0.30075188
d1,bull,1,adx_cross25_up,sma200_bull,val,34,0.29411765
d1,bull,1,adx_cross25_up,sma200_bull,oos,36,0.25000000
d1,bull,1,adx_cross25_up,sma_stack_bull,disc,76,0.30263158
d1,bull,1,adx_cross25_up,sma_stack_bull,val,21,0.28571429
d1,bull,1,adx_cross25_up,sma_stack_bull,oos,25,0.24000000
d1,bull,1,adx_cross25_up,ichimoku_bull,disc,143,0.25874126
d1,bull,1,adx_cross25_up,ichimoku_bull,val,35,0.28571429
d1,bull,1,adx_cross25_up,ichimoku_bull,oos,25,0.20000000
d1,bull,1,adx_cross25_up,ichimoku_tk_bull,disc,146,0.26027397
d1,bull,1,adx_cross25_up,ichimoku_tk_bull,val,32,0.31250000
d1,bull,1,adx_cross25_up,ichimoku_tk_bull,oos,26,0.19230769
d1,bull,1,adx_cross25_up,ichimoku_cloud_bull,disc,133,0.33834586
d1,bull,1,adx_cross25_up,ichimoku_cloud_bull,val,30,0.26666667
d1,bull,1,adx_cross25_up,ichimoku_cloud_bull,oos,31,0.25806452
d1,bull,1,adx_cross25_up,span_model_bull,disc,128,0.25781250
d1,bull,1,adx_cross25_up,span_model_bull,val,31,0.32258065
d1,bull,1,adx_cross25_up,span_model_bull,oos,22,0.18181818
d1,bull,1,adx_cross25_up,bb_bull,disc,154,0.27272727
d1,bull,1,adx_cross25_up,bb_bull,val,35,0.28571429
d1,bull,1,adx_cross25_up,bb_bull,oos,27,0.22222222
d1,bull,1,adx_cross25_up,bb_upper,disc,122,0.28688525
d1,bull,1,adx_cross25_up,bb_upper,val,27,0.29629630
d1,bull,1,adx_cross25_up,bb_upper,oos,23,0.26086957
d1,bull,1,adx_cross25_up,superbb_expand,disc,162,0.33333333
d1,bull,1,adx_cross25_up,superbb_expand,val,37,0.24324324
d1,bull,1,adx_cross25_up,superbb_expand,oos,32,0.31250000
d1,bull,1,adx_cross25_up,stoch_bull,disc,136,0.34558824
d1,bull,1,adx_cross25_up,stoch_bull,val,24,0.12500000
d1,bull,1,adx_cross25_up,stoch_bull,oos,23,0.30434783
d1,bull,1,adx_cross25_up,stoch_cross_up,disc,57,0.29824561
d1,bull,1,adx_cross25_up,stoch_cross_up,val,13,0.07692308
d1,bull,1,adx_cross25_up,stoch_cross_up,oos,10,0.10000000
d1,bull,1,adx_cross25_up,rci_bull,disc,155,0.27096774
d1,bull,1,adx_cross25_up,rci_bull,val,34,0.29411765
d1,bull,1,adx_cross25_up,rci_bull,oos,28,0.21428571
d1,bull,1,adx_cross25_up,rci_strong_bull,disc,97,0.23711340
d1,bull,1,adx_cross25_up,rci_strong_bull,val,17,0.35294118
d1,bull,1,adx_cross25_up,rci_strong_bull,oos,16,0.25000000
d1,bull,1,adx_cross25_up,dmi_adx_bull,disc,154,0.27272727
d1,bull,1,adx_cross25_up,dmi_adx_bull,val,35,0.28571429
d1,bull,1,adx_cross25_up,dmi_adx_bull,oos,27,0.22222222
d1,bull,1,adx_cross25_up,dmi_adx_strong_bull,disc,154,0.27272727
d1,bull,1,adx_cross25_up,dmi_adx_strong_bull,val,35,0.28571429
d1,bull,1,adx_cross25_up,dmi_adx_strong_bull,oos,27,0.22222222
d1,bull,1,adx_cross25_up,fib_above382,disc,141,0.26241135
d1,bull,1,adx_cross25_up,fib_above382,val,36,0.27777778
d1,bull,1,adx_cross25_up,fib_above382,oos,25,0.24000000
d1,bull,1,adx_cross25_up,fib_above500,disc,149,0.26845638
d1,bull,1,adx_cross25_up,fib_above500,val,36,0.27777778
d1,bull,1,adx_cross25_up,fib_above500,oos,26,0.23076923
d1,bull,1,adx_cross25_up,fib_above618,disc,159,0.27044025
d1,bull,1,adx_cross25_up,fib_above618,val,37,0.27027027
d1,bull,1,adx_cross25_up,fib_above618,oos,29,0.20689655
d1,bull,1,adx_cross25_up,fib_time_zone,disc,96,0.33333333
d1,bull,1,adx_cross25_up,fib_time_zone,val,20,0.15000000
d1,bull,1,adx_cross25_up,fib_time_zone,oos,25,0.24000000
d1,bull,1,adx_cross25_up,fib_time_5,disc,50,0.30000000
d1,bull,1,adx_cross25_up,fib_time_5,val,11,0.18181818
d1,bull,1,adx_cross25_up,fib_time_5,oos,15,0.26666667
d1,bull,1,adx_cross25_up,fib_fan_up,disc,141,0.26241135
d1,bull,1,adx_cross25_up,fib_fan_up,val,36,0.27777778
d1,bull,1,adx_cross25_up,fib_fan_up,oos,25,0.24000000
d1,bull,1,adx_cross25_up,fib_arc_bull,disc,149,0.26845638
d1,bull,1,adx_cross25_up,fib_arc_bull,val,36,0.27777778
d1,bull,1,adx_cross25_up,fib_arc_bull,oos,26,0.23076923
d1,bull,1,adx_cross25_up,trendline_up,disc,147,0.26530612
d1,bull,1,adx_cross25_up,trendline_up,val,35,0.25714286
d1,bull,1,adx_cross25_up,trendline_up,oos,29,0.20689655
d1,bull,1,adx_cross25_up,channel_upper,disc,128,0.27343750
d1,bull,1,adx_cross25_up,channel_upper,val,29,0.24137931
d1,bull,1,adx_cross25_up,channel_upper,oos,25,0.24000000
d1,bull,1,adx_cross25_up,channel_mid_bull,disc,154,0.27922078
d1,bull,1,adx_cross25_up,channel_mid_bull,val,35,0.28571429
d1,bull,1,adx_cross25_up,channel_mid_bull,oos,27,0.22222222
d1,bull,1,adx_cross25_up,channel_breakout_up,disc,52,0.28846154
d1,bull,1,adx_cross25_up,channel_breakout_up,val,13,0.23076923
d1,bull,1,adx_cross25_up,channel_breakout_up,oos,9,0.11111111
d1,bull,1,adx_cross25_up,horizontal_resistance_near,disc,56,0.26785714
d1,bull,1,adx_cross25_up,horizontal_resistance_near,val,13,0.38461538
d1,bull,1,adx_cross25_up,horizontal_resistance_near,oos,11,0.18181818
d1,bull,1,adx_cross25_up,vertical_session,disc,262,0.30534351
d1,bull,1,adx_cross25_up,vertical_session,val,54,0.22222222
d1,bull,1,adx_cross25_up,vertical_session,oos,55,0.23636364
d1,bull,1,adx_cross25_up,vertical_day_open,disc,262,0.30534351
d1,bull,1,adx_cross25_up,vertical_day_open,val,54,0.22222222
d1,bull,1,adx_cross25_up,vertical_day_open,oos,55,0.23636364
d1,bull,1,adx_cross25_up,rectangle_range,disc,59,0.30508475
d1,bull,1,adx_cross25_up,rectangle_range,val,16,0.25000000
d1,bull,1,adx_cross25_up,rectangle_range,oos,11,0.00000000
d1,bull,1,adx_cross25_up,range_compression,disc,215,0.29767442
d1,bull,1,adx_cross25_up,range_compression,val,35,0.22857143
d1,bull,1,adx_cross25_up,range_compression,oos,37,0.18918919
d1,bull,1,adx_cross25_up,nr4,disc,61,0.34426230
d1,bull,1,adx_cross25_up,nr4,val,13,0.15384615
d1,bull,1,adx_cross25_up,nr4,oos,16,0.25000000
d1,bull,1,adx_cross25_up,breakout_up20,disc,52,0.28846154
d1,bull,1,adx_cross25_up,breakout_up20,val,13,0.23076923
d1,bull,1,adx_cross25_up,breakout_up20,oos,9,0.11111111
d1,bull,1,adx_cross25_up,retest_up,disc,52,0.28846154
d1,bull,1,adx_cross25_up,retest_up,val,13,0.23076923
d1,bull,1,adx_cross25_up,retest_up,oos,9,0.11111111
d1,bull,1,adx_cross25_up,hh20,disc,90,0.26666667
d1,bull,1,adx_cross25_up,hh20,val,19,0.31578947
d1,bull,1,adx_cross25_up,hh20,oos,17,0.23529412
d1,bull,1,adx_cross25_up,structure_bull_transition,disc,100,0.31000000
d1,bull,1,adx_cross25_up,structure_bull_transition,val,24,0.16666667
d1,bull,1,adx_cross25_up,structure_bull_transition,oos,17,0.29411765
d1,bull,1,breakout20_up,sma20_bull,disc,1039,0.28007700
d1,bull,1,breakout20_up,sma20_bull,val,265,0.25283019
d1,bull,1,breakout20_up,sma20_bull,oos,204,0.15196078
d1,bull,1,breakout20_up,sma50_bull,disc,968,0.27479339
d1,bull,1,breakout20_up,sma50_bull,val,260,0.25769231
d1,bull,1,breakout20_up,sma50_bull,oos,197,0.14720812
d1,bull,1,breakout20_up,sma200_bull,disc,746,0.29356568
d1,bull,1,breakout20_up,sma200_bull,val,216,0.26851852
d1,bull,1,breakout20_up,sma200_bull,oos,186,0.14516129
d1,bull,1,breakout20_up,sma_stack_bull,disc,406,0.30295567
d1,bull,1,breakout20_up,sma_stack_bull,val,150,0.28666667
d1,bull,1,breakout20_up,sma_stack_bull,oos,102,0.20588235
d1,bull,1,breakout20_up,ichimoku_bull,disc,845,0.28047337
d1,bull,1,breakout20_up,ichimoku_bull,val,238,0.26470588
d1,bull,1,breakout20_up,ichimoku_bull,oos,179,0.15083799
d1,bull,1,breakout20_up,ichimoku_tk_bull,disc,937,0.28281750
d1,bull,1,breakout20_up,ichimoku_tk_bull,val,235,0.25531915
d1,bull,1,breakout20_up,ichimoku_tk_bull,oos,188,0.15425532
d1,bull,1,breakout20_up,ichimoku_cloud_bull,disc,515,0.31067961
d1,bull,1,breakout20_up,ichimoku_cloud_bull,val,175,0.25142857
d1,bull,1,breakout20_up,ichimoku_cloud_bull,oos,106,0.17924528
d1,bull,1,breakout20_up,span_model_bull,disc,788,0.28045685
d1,bull,1,breakout20_up,span_model_bull,val,214,0.26168224
d1,bull,1,breakout20_up,span_model_bull,oos,170,0.14705882
d1,bull,1,breakout20_up,bb_bull,disc,1039,0.28007700
d1,bull,1,breakout20_up,bb_bull,val,265,0.25283019
d1,bull,1,breakout20_up,bb_bull,oos,204,0.15196078
d1,bull,1,breakout20_up,bb_upper,disc,1036,0.27992278
d1,bull,1,breakout20_up,bb_upper,val,262,0.25572519
d1,bull,1,breakout20_up,bb_upper,oos,203,0.15270936
d1,bull,1,breakout20_up,superbb_squeeze,disc,110,0.30909091
d1,bull,1,breakout20_up,superbb_squeeze,val,36,0.27777778
d1,bull,1,breakout20_up,superbb_squeeze,oos,36,0.19444444
d1,bull,1,breakout20_up,superbb_expand,disc,601,0.29118136
d1,bull,1,breakout20_up,superbb_expand,val,158,0.22151899
d1,bull,1,breakout20_up,superbb_expand,oos,94,0.13829787
d1,bull,1,breakout20_up,stoch_bull,disc,836,0.27870813
d1,bull,1,breakout20_up,stoch_bull,val,208,0.27403846
d1,bull,1,breakout20_up,stoch_bull,oos,169,0.17751479
d1,bull,1,breakout20_up,stoch_cross_up,disc,247,0.27935223
d1,bull,1,breakout20_up,stoch_cross_up,val,55,0.21818182
d1,bull,1,breakout20_up,stoch_cross_up,oos,41,0.24390244
d1,bull,1,breakout20_up,rci_bull,disc,1012,0.27964427
d1,bull,1,breakout20_up,rci_bull,val,252,0.24206349
d1,bull,1,breakout20_up,rci_bull,oos,196,0.15306122
d1,bull,1,breakout20_up,rci_strong_bull,disc,562,0.25444840
d1,bull,1,breakout20_up,rci_strong_bull,val,105,0.19047619
d1,bull,1,breakout20_up,rci_strong_bull,oos,99,0.14141414
d1,bull,1,breakout20_up,rci_cross_up,disc,51,0.27450980
d1,bull,1,breakout20_up,rci_cross_up,val,16,0.50000000
d1,bull,1,breakout20_up,rci_cross_up,oos,7,0.00000000
d1,bull,1,breakout20_up,dmi_adx_bull,disc,432,0.24074074
d1,bull,1,breakout20_up,dmi_adx_bull,val,101,0.18811881
d1,bull,1,breakout20_up,dmi_adx_bull,oos,74,0.20270270
d1,bull,1,breakout20_up,dmi_adx_strong_bull,disc,916,0.27292576
d1,bull,1,breakout20_up,dmi_adx_strong_bull,val,246,0.26016260
d1,bull,1,breakout20_up,dmi_adx_strong_bull,oos,178,0.14606742
d1,bull,1,breakout20_up,fib_above382,disc,889,0.27896513
d1,bull,1,breakout20_up,fib_above382,val,247,0.26315789
d1,bull,1,breakout20_up,fib_above382,oos,185,0.15135135
d1,bull,1,breakout20_up,fib_above500,disc,944,0.27860169
d1,bull,1,breakout20_up,fib_above500,val,257,0.25680934
d1,bull,1,breakout20_up,fib_above500,oos,196,0.14795918
d1,bull,1,breakout20_up,fib_above618,disc,978,0.27811861
d1,bull,1,breakout20_up,fib_above618,val,262,0.25190840
d1,bull,1,breakout20_up,fib_above618,oos,203,0.15270936
d1,bull,1,breakout20_up,fib_time_zone,disc,359,0.30083565
d1,bull,1,breakout20_up,fib_time_zone,val,91,0.28571429
d1,bull,1,breakout20_up,fib_time_zone,oos,81,0.09876543
d1,bull,1,breakout20_up,fib_time_5,disc,199,0.34170854
d1,bull,1,breakout20_up,fib_time_5,val,46,0.30434783
d1,bull,1,breakout20_up,fib_time_5,oos,46,0.04347826
d1,bull,1,breakout20_up,fib_time_8,disc,122,0.27868852
d1,bull,1,breakout20_up,fib_time_8,val,42,0.26190476
d1,bull,1,breakout20_up,fib_time_8,oos,25,0.20000000
d1,bull,1,breakout20_up,fib_time_13,disc,82,0.28048780
d1,bull,1,breakout20_up,fib_time_13,val,17,0.35294118
d1,bull,1,breakout20_up,fib_time_13,oos,24,0.16666667
d1,bull,1,breakout20_up,fib_fan_up,disc,889,0.27896513
d1,bull,1,breakout20_up,fib_fan_up,val,247,0.26315789
d1,bull,1,breakout20_up,fib_fan_up,oos,185,0.15135135
d1,bull,1,breakout20_up,fib_arc_bull,disc,944,0.27860169
d1,bull,1,breakout20_up,fib_arc_bull,val,257,0.25680934
d1,bull,1,breakout20_up,fib_arc_bull,oos,196,0.14795918
d1,bull,1,breakout20_up,trendline_up,disc,1007,0.28301887
d1,bull,1,breakout20_up,trendline_up,val,254,0.24015748
d1,bull,1,breakout20_up,trendline_up,oos,199,0.15075377
d1,bull,1,breakout20_up,channel_upper,disc,1039,0.28007700
d1,bull,1,breakout20_up,channel_upper,val,265,0.25283019
d1,bull,1,breakout20_up,channel_upper,oos,204,0.15196078
d1,bull,1,breakout20_up,channel_mid_bull,disc,1039,0.28007700
d1,bull,1,breakout20_up,channel_mid_bull,val,265,0.25283019
d1,bull,1,breakout20_up,channel_mid_bull,oos,204,0.15196078
d1,bull,1,breakout20_up,channel_breakout_up,disc,1039,0.28007700
d1,bull,1,breakout20_up,channel_breakout_up,val,265,0.25283019
d1,bull,1,breakout20_up,channel_breakout_up,oos,204,0.15196078
d1,bull,1,breakout20_up,horizontal_resistance_near,disc,660,0.27121212
d1,bull,1,breakout20_up,horizontal_resistance_near,val,192,0.26041667
d1,bull,1,breakout20_up,horizontal_resistance_near,oos,138,0.17391304
d1,bull,1,breakout20_up,horizontal_break_up,disc,617,0.27066451
d1,bull,1,breakout20_up,horizontal_break_up,val,185,0.26486486
d1,bull,1,breakout20_up,horizontal_break_up,oos,129,0.16279070
d1,bull,1,breakout20_up,vertical_session,disc,1039,0.28007700
d1,bull,1,breakout20_up,vertical_session,val,265,0.25283019
d1,bull,1,breakout20_up,vertical_session,oos,204,0.15196078
d1,bull,1,breakout20_up,vertical_day_open,disc,1039,0.28007700
d1,bull,1,breakout20_up,vertical_day_open,val,265,0.25283019
d1,bull,1,breakout20_up,vertical_day_open,oos,204,0.15196078
d1,bull,1,breakout20_up,vertical_week_open,disc,179,0.30726257
d1,bull,1,breakout20_up,vertical_week_open,val,60,0.26666667
d1,bull,1,breakout20_up,vertical_week_open,oos,28,0.21428571
d1,bull,1,breakout20_up,triangle_breakout_up,disc,89,0.38202247
d1,bull,1,breakout20_up,triangle_breakout_up,val,15,0.20000000
d1,bull,1,breakout20_up,triangle_breakout_up,oos,12,0.08333333
d1,bull,1,breakout20_up,elliott_wave3_bull,disc,533,0.22889306
d1,bull,1,breakout20_up,elliott_wave3_bull,val,121,0.22314050
d1,bull,1,breakout20_up,elliott_wave3_bull,oos,108,0.18518519
d1,bull,1,breakout20_up,elliott_wave5_bull,disc,802,0.27805486
d1,bull,1,breakout20_up,elliott_wave5_bull,val,210,0.23333333
d1,bull,1,breakout20_up,elliott_wave5_bull,oos,158,0.13924051
d1,bull,1,breakout20_up,elliott_impulse_bull,disc,890,0.27752809
d1,bull,1,breakout20_up,elliott_impulse_bull,val,229,0.23580786
d1,bull,1,breakout20_up,elliott_impulse_bull,oos,179,0.16201117
d1,bull,1,breakout20_up,range_compression,disc,830,0.27228916
d1,bull,1,breakout20_up,range_compression,val,193,0.23834197
d1,bull,1,breakout20_up,range_compression,oos,165,0.13939394
d1,bull,1,breakout20_up,range_tight,disc,90,0.22222222
d1,bull,1,breakout20_up,range_tight,val,25,0.24000000
d1,bull,1,breakout20_up,range_tight,oos,15,0.13333333
d1,bull,1,breakout20_up,nr4,disc,77,0.28571429
d1,bull,1,breakout20_up,nr4,val,18,0.27777778
d1,bull,1,breakout20_up,nr4,oos,22,0.13636364
d1,bull,1,breakout20_up,breakout_up20,disc,1039,0.28007700
d1,bull,1,breakout20_up,breakout_up20,val,265,0.25283019
d1,bull,1,breakout20_up,breakout_up20,oos,204,0.15196078
d1,bull,1,breakout20_up,retest_up,disc,1037,0.27868852
d1,bull,1,breakout20_up,retest_up,val,263,0.25095057
d1,bull,1,breakout20_up,retest_up,oos,202,0.15346535
d1,bull,1,breakout20_up,squeeze_release_up,disc,110,0.30909091
d1,bull,1,breakout20_up,squeeze_release_up,val,36,0.27777778
d1,bull,1,breakout20_up,squeeze_release_up,oos,36,0.19444444
d1,bull,1,breakout20_up,engulf_bull,disc,135,0.25925926
d1,bull,1,breakout20_up,engulf_bull,val,29,0.27586207
d1,bull,1,breakout20_up,engulf_bull,oos,14,0.21428571
d1,bull,1,breakout20_up,strong_close_bull,disc,553,0.27305606
d1,bull,1,breakout20_up,strong_close_bull,val,130,0.30769231
d1,bull,1,breakout20_up,strong_close_bull,oos,88,0.15909091
d1,bull,1,breakout20_up,hh20,disc,1039,0.28007700
d1,bull,1,breakout20_up,hh20,val,265,0.25283019
d1,bull,1,breakout20_up,hh20,oos,204,0.15196078
d1,bull,1,breakout20_up,structure_bull_transition,disc,895,0.27486034
d1,bull,1,breakout20_up,structure_bull_transition,val,236,0.24152542
d1,bull,1,breakout20_up,structure_bull_transition,oos,187,0.13903743
d1,bull,1,breakout20_up,compression,disc,89,0.38202247
d1,bull,1,breakout20_up,compression,val,15,0.20000000
d1,bull,1,breakout20_up,compression,oos,12,0.08333333
d1,bull,3,volatility,sma20_bull,disc,2250,0.55911111
d1,bull,3,volatility,sma20_bull,val,448,0.58928571
d1,bull,3,volatility,sma20_bull,oos,359,0.47353760
d1,bull,3,volatility,sma50_bull,disc,2219,0.55881027
d1,bull,3,volatility,sma50_bull,val,464,0.57112069
d1,bull,3,volatility,sma50_bull,oos,361,0.46814404
d1,bull,3,volatility,sma200_bull,disc,2371,0.58498524
d1,bull,3,volatility,sma200_bull,val,431,0.56380510
d1,bull,3,volatility,sma200_bull,oos,499,0.50501002
d1,bull,3,volatility,sma_stack_bull,disc,1655,0.58912387
d1,bull,3,volatility,sma_stack_bull,val,295,0.57288136
d1,bull,3,volatility,sma_stack_bull,oos,348,0.50000000
d1,bull,3,volatility,ichimoku_bull,disc,2083,0.55688910
d1,bull,3,volatility,ichimoku_bull,val,422,0.59004739
d1,bull,3,volatility,ichimoku_bull,oos,334,0.48203593
d1,bull,3,volatility,ichimoku_tk_bull,disc,2167,0.56068297
d1,bull,3,volatility,ichimoku_tk_bull,val,383,0.55874674
d1,bull,3,volatility,ichimoku_tk_bull,oos,323,0.45201238
d1,bull,3,volatility,ichimoku_cloud_bull,disc,2624,0.57545732
d1,bull,3,volatility,ichimoku_cloud_bull,val,471,0.56263270
d1,bull,3,volatility,ichimoku_cloud_bull,oos,542,0.53136531
d1,bull,3,volatility,span_model_bull,disc,1628,0.55712531
d1,bull,3,volatility,span_model_bull,val,298,0.55033557
d1,bull,3,volatility,span_model_bull,oos,261,0.45593870
d1,bull,3,volatility,bb_bull,disc,2250,0.55911111
d1,bull,3,volatility,bb_bull,val,448,0.58928571
d1,bull,3,volatility,bb_bull,oos,359,0.47353760
d1,bull,3,volatility,bb_upper,disc,1031,0.55092144
d1,bull,3,volatility,bb_upper,val,190,0.57368421
d1,bull,3,volatility,bb_upper,oos,152,0.48026316
d1,bull,3,volatility,superbb_squeeze,disc,425,0.51294118
d1,bull,3,volatility,superbb_squeeze,val,100,0.57000000
d1,bull,3,volatility,superbb_squeeze,oos,47,0.55319149
d1,bull,3,volatility,superbb_expand,disc,1189,0.55088310
d1,bull,3,volatility,superbb_expand,val,245,0.63265306
d1,bull,3,volatility,superbb_expand,oos,229,0.60262009
d1,bull,3,volatility,stoch_bull,disc,2370,0.54978903
d1,bull,3,volatility,stoch_bull,val,441,0.59410431
d1,bull,3,volatility,stoch_bull,oos,419,0.51551313
d1,bull,3,volatility,stoch_cross_up,disc,896,0.53571429
d1,bull,3,volatility,stoch_cross_up,val,176,0.59659091
d1,bull,3,volatility,stoch_cross_up,oos,156,0.57051282
d1,bull,3,volatility,stoch_recover_up,disc,308,0.52922078
d1,bull,3,volatility,stoch_recover_up,val,63,0.53968254
d1,bull,3,volatility,stoch_recover_up,oos,53,0.56603774
d1,bull,3,volatility,rci_bull,disc,2280,0.56359649
d1,bull,3,volatility,rci_bull,val,415,0.59277108
d1,bull,3,volatility,rci_bull,oos,368,0.47010870
d1,bull,3,volatility,rci_strong_bull,disc,681,0.55359765
d1,bull,3,volatility,rci_strong_bull,val,114,0.54385965
d1,bull,3,volatility,rci_strong_bull,oos,93,0.39784946
d1,bull,3,volatility,rci_cross_up,disc,163,0.58895706
d1,bull,3,volatility,rci_cross_up,val,38,0.55263158
d1,bull,3,volatility,rci_cross_up,oos,32,0.50000000
d1,bull,3,volatility,dmi_adx_bull,disc,1064,0.52537594
d1,bull,3,volatility,dmi_adx_bull,val,193,0.50777202
d1,bull,3,volatility,dmi_adx_bull,oos,208,0.44230769
d1,bull,3,volatility,dmi_adx_strong_bull,disc,1086,0.51104972
d1,bull,3,volatility,dmi_adx_strong_bull,val,211,0.58767773
d1,bull,3,volatility,dmi_adx_strong_bull,oos,178,0.50000000
d1,bull,3,volatility,fib_above382,disc,1791,0.55946399
d1,bull,3,volatility,fib_above382,val,375,0.58133333
d1,bull,3,volatility,fib_above382,oos,271,0.47970480
d1,bull,3,volatility,fib_above500,disc,2245,0.55679287
d1,bull,3,volatility,fib_above500,val,464,0.59267241
d1,bull,3,volatility,fib_above500,oos,360,0.47500000
d1,bull,3,volatility,fib_above618,disc,2793,0.56247762
d1,bull,3,volatility,fib_above618,val,562,0.57117438
d1,bull,3,volatility,fib_above618,oos,461,0.47505423
d1,bull,3,volatility,fib_time_zone,disc,1614,0.58550186
d1,bull,3,volatility,fib_time_zone,val,297,0.58585859
d1,bull,3,volatility,fib_time_zone,oos,280,0.52857143
d1,bull,3,volatility,fib_time_5,disc,895,0.57094972
d1,bull,3,volatility,fib_time_5,val,166,0.59036145
d1,bull,3,volatility,fib_time_5,oos,158,0.48101266
d1,bull,3,volatility,fib_time_8,disc,559,0.57781753
d1,bull,3,volatility,fib_time_8,val,103,0.58252427
d1,bull,3,volatility,fib_time_8,oos,99,0.57575758
d1,bull,3,volatility,fib_time_13,disc,353,0.61756374
d1,bull,3,volatility,fib_time_13,val,63,0.58730159
d1,bull,3,volatility,fib_time_13,oos,59,0.62711864
d1,bull,3,volatility,fib_fan_up,disc,1791,0.55946399
d1,bull,3,volatility,fib_fan_up,val,375,0.58133333
d1,bull,3,volatility,fib_fan_up,oos,271,0.47970480
d1,bull,3,volatility,fib_arc_bull,disc,2245,0.55679287
d1,bull,3,volatility,fib_arc_bull,val,464,0.59267241
d1,bull,3,volatility,fib_arc_bull,oos,360,0.47500000
d1,bull,3,volatility,trendline_up,disc,2275,0.56835165
d1,bull,3,volatility,trendline_up,val,422,0.58530806
d1,bull,3,volatility,trendline_up,oos,326,0.47852761
d1,bull,3,volatility,channel_upper,disc,1073,0.55638397
d1,bull,3,volatility,channel_upper,val,207,0.57971014
d1,bull,3,volatility,channel_upper,oos,149,0.43624161
d1,bull,3,volatility,channel_mid_bull,disc,2244,0.56327986
d1,bull,3,volatility,channel_mid_bull,val,455,0.58681319
d1,bull,3,volatility,channel_mid_bull,oos,350,0.48285714
d1,bull,3,volatility,channel_breakout_up,disc,331,0.51963746
d1,bull,3,volatility,channel_breakout_up,val,57,0.47368421
d1,bull,3,volatility,channel_breakout_up,oos,55,0.45454545
d1,bull,3,volatility,horizontal_resistance_near,disc,315,0.54603175
d1,bull,3,volatility,horizontal_resistance_near,val,63,0.52380952
d1,bull,3,volatility,horizontal_resistance_near,oos,46,0.45652174
d1,bull,3,volatility,horizontal_support_near,disc,289,0.56055363
d1,bull,3,volatility,horizontal_support_near,val,55,0.65454545
d1,bull,3,volatility,horizontal_support_near,oos,46,0.76086957
d1,bull,3,volatility,horizontal_break_up,disc,209,0.51196172
d1,bull,3,volatility,horizontal_break_up,val,40,0.45000000
d1,bull,3,volatility,horizontal_break_up,oos,40,0.45000000
d1,bull,3,volatility,vertical_session,disc,4573,0.55324732
d1,bull,3,volatility,vertical_session,val,852,0.58098592
d1,bull,3,volatility,vertical_session,oos,788,0.53553299
d1,bull,3,volatility,vertical_day_open,disc,4573,0.55324732
d1,bull,3,volatility,vertical_day_open,val,852,0.58098592
d1,bull,3,volatility,vertical_day_open,oos,788,0.53553299
d1,bull,3,volatility,vertical_week_open,disc,622,0.63826367
d1,bull,3,volatility,vertical_week_open,val,128,0.60937500
d1,bull,3,volatility,vertical_week_open,oos,119,0.58823529
d1,bull,3,volatility,rectangle_range,disc,2518,0.53494837
d1,bull,3,volatility,rectangle_range,val,430,0.57441860
d1,bull,3,volatility,rectangle_range,oos,441,0.51020408
d1,bull,3,volatility,ellipse_compression,disc,131,0.69465649
d1,bull,3,volatility,ellipse_compression,val,65,0.58461538
d1,bull,3,volatility,ellipse_compression,oos,24,0.50000000
d1,bull,3,volatility,elliott_wave2_bull,disc,465,0.55483871
d1,bull,3,volatility,elliott_wave2_bull,val,67,0.62686567
d1,bull,3,volatility,elliott_wave2_bull,oos,96,0.59375000
d1,bull,3,volatility,elliott_wave3_bull,disc,323,0.46439628
d1,bull,3,volatility,elliott_wave3_bull,val,57,0.47368421
d1,bull,3,volatility,elliott_wave3_bull,oos,66,0.31818182
d1,bull,3,volatility,elliott_wave4_bull,disc,395,0.56455696
d1,bull,3,volatility,elliott_wave4_bull,val,64,0.57812500
d1,bull,3,volatility,elliott_wave4_bull,oos,65,0.44615385
d1,bull,3,volatility,elliott_wave5_bull,disc,359,0.52089136
d1,bull,3,volatility,elliott_wave5_bull,val,63,0.44444444
d1,bull,3,volatility,elliott_wave5_bull,oos,53,0.43396226
d1,bull,3,volatility,elliott_impulse_bull,disc,467,0.52034261
d1,bull,3,volatility,elliott_impulse_bull,val,88,0.45454545
d1,bull,3,volatility,elliott_impulse_bull,oos,79,0.37974684
d1,bull,3,volatility,elliott_pullback_bull,disc,860,0.55930233
d1,bull,3,volatility,elliott_pullback_bull,val,131,0.60305344
d1,bull,3,volatility,elliott_pullback_bull,oos,161,0.53416149
d1,bull,3,volatility,range_compression,disc,3667,0.55467685
d1,bull,3,volatility,range_compression,val,616,0.53733766
d1,bull,3,volatility,range_compression,oos,567,0.52028219
d1,bull,3,volatility,range_tight,disc,185,0.53513514
d1,bull,3,volatility,range_tight,val,52,0.63461538
d1,bull,3,volatility,range_tight,oos,36,0.52777778
d1,bull,3,volatility,inside_bar,disc,875,0.56342857
d1,bull,3,volatility,inside_bar,val,149,0.57046980
d1,bull,3,volatility,inside_bar,oos,163,0.55214724
d1,bull,3,volatility,inside_2,disc,98,0.57142857
d1,bull,3,volatility,inside_2,val,11,0.54545455
d1,bull,3,volatility,inside_2,oos,22,0.63636364
d1,bull,3,volatility,nr7,disc,378,0.61375661
d1,bull,3,volatility,nr7,val,72,0.61111111
d1,bull,3,volatility,nr7,oos,80,0.78750000
d1,bull,3,volatility,nr4,disc,1040,0.58269231
d1,bull,3,volatility,nr4,val,209,0.60765550
d1,bull,3,volatility,nr4,oos,200,0.68000000
d1,bull,3,volatility,breakout_up20,disc,331,0.51963746
d1,bull,3,volatility,breakout_up20,val,57,0.47368421
d1,bull,3,volatility,breakout_up20,oos,55,0.45454545
d1,bull,3,volatility,retest_up,disc,330,0.51818182
d1,bull,3,volatility,retest_up,val,56,0.46428571
d1,bull,3,volatility,retest_up,oos,53,0.43396226
d1,bull,3,volatility,pin_bull,disc,166,0.75903614
d1,bull,3,volatility,pin_bull,val,34,0.73529412
d1,bull,3,volatility,pin_bull,oos,36,0.66666667
d1,bull,3,volatility,engulf_bull,disc,297,0.54882155
d1,bull,3,volatility,engulf_bull,val,58,0.63793103
d1,bull,3,volatility,engulf_bull,oos,39,0.58974359
d1,bull,3,volatility,strong_close_bull,disc,922,0.55314534
d1,bull,3,volatility,strong_close_bull,val,167,0.58682635
d1,bull,3,volatility,strong_close_bull,oos,163,0.54601227
d1,bull,3,volatility,hh20,disc,603,0.54063018
d1,bull,3,volatility,hh20,val,100,0.55000000
d1,bull,3,volatility,hh20,oos,82,0.48780488
d1,bull,3,volatility,structure_bull_transition,disc,1724,0.54002320
d1,bull,3,volatility,structure_bull_transition,val,316,0.58227848
d1,bull,3,volatility,structure_bull_transition,oos,315,0.52698413
d1,bull,3,volatility,compression,disc,385,0.64155844
d1,bull,3,volatility,compression,val,133,0.60150376
d1,bull,3,volatility,compression,oos,75,0.49333333
d1,bull,3,volatility,shape_triangle_proxy,disc,68,0.30882353
d1,bull,3,volatility,shape_triangle_proxy,val,18,0.66666667
d1,bull,3,volatility,shape_triangle_proxy,oos,22,0.36363636
d1,bull,3,atr_expand,sma20_bull,disc,244,0.47950820
d1,bull,3,atr_expand,sma20_bull,val,58,0.60344828
d1,bull,3,atr_expand,sma20_bull,oos,41,0.41463415
d1,bull,3,atr_expand,sma50_bull,disc,278,0.52517986
d1,bull,3,atr_expand,sma50_bull,val,71,0.61971831
d1,bull,3,atr_expand,sma50_bull,oos,51,0.47058824
d1,bull,3,atr_expand,sma200_bull,disc,306,0.60130719
d1,bull,3,atr_expand,sma200_bull,val,73,0.68493151
d1,bull,3,atr_expand,sma200_bull,oos,88,0.51136364
d1,bull,3,atr_expand,sma_stack_bull,disc,251,0.62549801
d1,bull,3,atr_expand,sma_stack_bull,val,49,0.69387755
d1,bull,3,atr_expand,sma_stack_bull,oos,84,0.54761905
d1,bull,3,atr_expand,ichimoku_bull,disc,265,0.53207547
d1,bull,3,atr_expand,ichimoku_bull,val,67,0.67164179
d1,bull,3,atr_expand,ichimoku_bull,oos,59,0.54237288
d1,bull,3,atr_expand,ichimoku_tk_bull,disc,276,0.54710145
d1,bull,3,atr_expand,ichimoku_tk_bull,val,53,0.66037736
d1,bull,3,atr_expand,ichimoku_tk_bull,oos,53,0.43396226
d1,bull,3,atr_expand,ichimoku_cloud_bull,disc,383,0.59007833
d1,bull,3,atr_expand,ichimoku_cloud_bull,val,71,0.67605634
d1,bull,3,atr_expand,ichimoku_cloud_bull,oos,91,0.51648352
d1,bull,3,atr_expand,span_model_bull,disc,220,0.55454545
d1,bull,3,atr_expand,span_model_bull,val,44,0.63636364
d1,bull,3,atr_expand,span_model_bull,oos,43,0.51162791
d1,bull,3,atr_expand,bb_bull,disc,244,0.47950820
d1,bull,3,atr_expand,bb_bull,val,58,0.60344828
d1,bull,3,atr_expand,bb_bull,oos,41,0.41463415
d1,bull,3,atr_expand,bb_upper,disc,137,0.42335766
d1,bull,3,atr_expand,bb_upper,val,39,0.66666667
d1,bull,3,atr_expand,bb_upper,oos,29,0.41379310
d1,bull,3,atr_expand,superbb_squeeze,disc,77,0.46753247
d1,bull,3,atr_expand,superbb_squeeze,val,22,0.68181818
d1,bull,3,atr_expand,superbb_squeeze,oos,16,0.50000000
d1,bull,3,atr_expand,superbb_expand,disc,313,0.59744409
d1,bull,3,atr_expand,superbb_expand,val,96,0.73958333
d1,bull,3,atr_expand,superbb_expand,oos,84,0.48809524
d1,bull,3,atr_expand,stoch_bull,disc,289,0.53979239
d1,bull,3,atr_expand,stoch_bull,val,76,0.67105263
d1,bull,3,atr_expand,stoch_bull,oos,50,0.42000000
d1,bull,3,atr_expand,stoch_cross_up,disc,138,0.55072464
d1,bull,3,atr_expand,stoch_cross_up,val,35,0.68571429
d1,bull,3,atr_expand,stoch_cross_up,oos,30,0.36666667
d1,bull,3,atr_expand,stoch_recover_up,disc,79,0.58227848
d1,bull,3,atr_expand,stoch_recover_up,val,22,0.68181818
d1,bull,3,atr_expand,stoch_recover_up,oos,14,0.28571429
d1,bull,3,atr_expand,rci_bull,disc,295,0.51525424
d1,bull,3,atr_expand,rci_bull,val,55,0.67272727
d1,bull,3,atr_expand,rci_bull,oos,67,0.47761194
d1,bull,3,atr_expand,rci_strong_bull,disc,75,0.52000000
d1,bull,3,atr_expand,rci_strong_bull,val,11,0.63636364
d1,bull,3,atr_expand,rci_strong_bull,oos,13,0.38461538
d1,bull,3,atr_expand,dmi_adx_bull,disc,136,0.54411765
d1,bull,3,atr_expand,dmi_adx_bull,val,22,0.54545455
d1,bull,3,atr_expand,dmi_adx_bull,oos,24,0.45833333
d1,bull,3,atr_expand,dmi_adx_strong_bull,disc,147,0.44217687
d1,bull,3,atr_expand,dmi_adx_strong_bull,val,48,0.66666667
d1,bull,3,atr_expand,dmi_adx_strong_bull,oos,32,0.43750000
d1,bull,3,atr_expand,fib_above382,disc,215,0.51162791
d1,bull,3,atr_expand,fib_above382,val,59,0.62711864
d1,bull,3,atr_expand,fib_above382,oos,41,0.51219512
d1,bull,3,atr_expand,fib_above500,disc,274,0.51459854
d1,bull,3,atr_expand,fib_above500,val,73,0.65753425
d1,bull,3,atr_expand,fib_above500,oos,54,0.50000000
d1,bull,3,atr_expand,fib_above618,disc,346,0.52601156
d1,bull,3,atr_expand,fib_above618,val,83,0.66265060
d1,bull,3,atr_expand,fib_above618,oos,66,0.50000000
d1,bull,3,atr_expand,fib_time_zone,disc,199,0.59798995
d1,bull,3,atr_expand,fib_time_zone,val,53,0.73584906
d1,bull,3,atr_expand,fib_time_zone,oos,56,0.41071429
d1,bull,3,atr_expand,fib_time_5,disc,119,0.56302521
d1,bull,3,atr_expand,fib_time_5,val,27,0.81481481
d1,bull,3,atr_expand,fib_time_5,oos,36,0.38888889
d1,bull,3,atr_expand,fib_time_8,disc,67,0.58208955
d1,bull,3,atr_expand,fib_time_8,val,24,0.70833333
d1,bull,3,atr_expand,fib_time_8,oos,22,0.54545455
d1,bull,3,atr_expand,fib_fan_up,disc,215,0.51162791
d1,bull,3,atr_expand,fib_fan_up,val,59,0.62711864
d1,bull,3,atr_expand,fib_fan_up,oos,41,0.51219512
d1,bull,3,atr_expand,fib_arc_bull,disc,274,0.51459854
d1,bull,3,atr_expand,fib_arc_bull,val,73,0.65753425
d1,bull,3,atr_expand,fib_arc_bull,oos,54,0.50000000
d1,bull,3,atr_expand,trendline_up,disc,301,0.53156146
d1,bull,3,atr_expand,trendline_up,val,62,0.67741935
d1,bull,3,atr_expand,trendline_up,oos,64,0.43750000
d1,bull,3,atr_expand,channel_upper,disc,118,0.43220339
d1,bull,3,atr_expand,channel_upper,val,36,0.61111111
d1,bull,3,atr_expand,channel_upper,oos,21,0.38095238
d1,bull,3,atr_expand,channel_mid_bull,disc,247,0.48987854
d1,bull,3,atr_expand,channel_mid_bull,val,61,0.60655738
d1,bull,3,atr_expand,channel_mid_bull,oos,45,0.42222222
d1,bull,3,atr_expand,channel_breakout_up,disc,55,0.40000000
d1,bull,3,atr_expand,channel_breakout_up,val,22,0.63636364
d1,bull,3,atr_expand,channel_breakout_up,oos,12,0.58333333
d1,bull,3,atr_expand,horizontal_resistance_near,disc,57,0.43859649
d1,bull,3,atr_expand,horizontal_resistance_near,val,22,0.72727273
d1,bull,3,atr_expand,horizontal_resistance_near,oos,11,0.54545455
d1,bull,3,atr_expand,horizontal_support_near,disc,86,0.60465116
d1,bull,3,atr_expand,horizontal_support_near,val,20,0.80000000
d1,bull,3,atr_expand,horizontal_support_near,oos,19,0.68421053
d1,bull,3,atr_expand,vertical_session,disc,649,0.54853621
d1,bull,3,atr_expand,vertical_session,val,147,0.68707483
d1,bull,3,atr_expand,vertical_session,oos,140,0.45714286
d1,bull,3,atr_expand,vertical_day_open,disc,649,0.54853621
d1,bull,3,atr_expand,vertical_day_open,val,147,0.68707483
d1,bull,3,atr_expand,vertical_day_open,oos,140,0.45714286
d1,bull,3,atr_expand,rectangle_range,disc,360,0.55555556
d1,bull,3,atr_expand,rectangle_range,val,78,0.62820513
d1,bull,3,atr_expand,rectangle_range,oos,67,0.41791045
d1,bull,3,atr_expand,elliott_wave2_bull,disc,54,0.50000000
d1,bull,3,atr_expand,elliott_wave2_bull,val,6,0.66666667
d1,bull,3,atr_expand,elliott_wave2_bull,oos,9,0.44444444
d1,bull,3,atr_expand,elliott_wave3_bull,disc,61,0.36065574
d1,bull,3,atr_expand,elliott_wave3_bull,val,26,0.57692308
d1,bull,3,atr_expand,elliott_wave3_bull,oos,13,0.53846154
d1,bull,3,atr_expand,elliott_impulse_bull,disc,64,0.39062500
d1,bull,3,atr_expand,elliott_impulse_bull,val,27,0.59259259
d1,bull,3,atr_expand,elliott_impulse_bull,oos,15,0.53333333
d1,bull,3,atr_expand,elliott_pullback_bull,disc,82,0.48780488
d1,bull,3,atr_expand,elliott_pullback_bull,val,10,0.60000000
d1,bull,3,atr_expand,elliott_pullback_bull,oos,15,0.46666667
d1,bull,3,atr_expand,range_compression,disc,393,0.57251908
d1,bull,3,atr_expand,range_compression,val,42,0.54761905
d1,bull,3,atr_expand,range_compression,oos,43,0.44186047
d1,bull,3,atr_expand,inside_bar,disc,122,0.58196721
d1,bull,3,atr_expand,inside_bar,val,15,0.66666667
d1,bull,3,atr_expand,inside_bar,oos,34,0.38235294
d1,bull,3,atr_expand,nr4,disc,69,0.59420290
d1,bull,3,atr_expand,nr4,val,28,0.82142857
d1,bull,3,atr_expand,nr4,oos,18,0.38888889
d1,bull,3,atr_expand,breakout_up20,disc,55,0.40000000
d1,bull,3,atr_expand,breakout_up20,val,22,0.63636364
d1,bull,3,atr_expand,breakout_up20,oos,12,0.58333333
d1,bull,3,atr_expand,retest_up,disc,54,0.38888889
d1,bull,3,atr_expand,retest_up,val,21,0.61904762
d1,bull,3,atr_expand,retest_up,oos,12,0.58333333
d1,bull,3,atr_expand,strong_close_bull,disc,123,0.49593496
d1,bull,3,atr_expand,strong_close_bull,val,35,0.68571429
d1,bull,3,atr_expand,strong_close_bull,oos,28,0.42857143
d1,bull,3,atr_expand,hh20,disc,109,0.47706422
d1,bull,3,atr_expand,hh20,val,34,0.70588235
d1,bull,3,atr_expand,hh20,oos,19,0.42105263
d1,bull,3,atr_expand,structure_bull_transition,disc,203,0.48275862
d1,bull,3,atr_expand,structure_bull_transition,val,60,0.63333333
d1,bull,3,atr_expand,structure_bull_transition,oos,38,0.39473684
d1,bull,5,atr_expand,sma20_bull,disc,244,0.63114754
d1,bull,5,atr_expand,sma20_bull,val,58,0.72413793
d1,bull,5,atr_expand,sma20_bull,oos,41,0.51219512
d1,bull,5,atr_expand,sma50_bull,disc,278,0.64748201
d1,bull,5,atr_expand,sma50_bull,val,71,0.77464789
d1,bull,5,atr_expand,sma50_bull,oos,51,0.60784314
d1,bull,5,atr_expand,sma200_bull,disc,306,0.69934641
d1,bull,5,atr_expand,sma200_bull,val,73,0.86301370
d1,bull,5,atr_expand,sma200_bull,oos,88,0.71590909
d1,bull,5,atr_expand,sma_stack_bull,disc,251,0.71314741
d1,bull,5,atr_expand,sma_stack_bull,val,49,0.81632653
d1,bull,5,atr_expand,sma_stack_bull,oos,84,0.76190476
d1,bull,5,atr_expand,ichimoku_bull,disc,265,0.65283019
d1,bull,5,atr_expand,ichimoku_bull,val,67,0.82089552
d1,bull,5,atr_expand,ichimoku_bull,oos,59,0.67796610
d1,bull,5,atr_expand,ichimoku_tk_bull,disc,276,0.68478261
d1,bull,5,atr_expand,ichimoku_tk_bull,val,53,0.79245283
d1,bull,5,atr_expand,ichimoku_tk_bull,oos,53,0.54716981
d1,bull,5,atr_expand,ichimoku_cloud_bull,disc,383,0.70757180
d1,bull,5,atr_expand,ichimoku_cloud_bull,val,71,0.85915493
d1,bull,5,atr_expand,ichimoku_cloud_bull,oos,91,0.73626374
d1,bull,5,atr_expand,span_model_bull,disc,220,0.67727273
d1,bull,5,atr_expand,span_model_bull,val,44,0.77272727
d1,bull,5,atr_expand,span_model_bull,oos,43,0.65116279
d1,bull,5,atr_expand,bb_bull,disc,244,0.63114754
d1,bull,5,atr_expand,bb_bull,val,58,0.72413793
d1,bull,5,atr_expand,bb_bull,oos,41,0.51219512
d1,bull,5,atr_expand,bb_upper,disc,137,0.59124088
d1,bull,5,atr_expand,bb_upper,val,39,0.82051282
d1,bull,5,atr_expand,bb_upper,oos,29,0.48275862
d1,bull,5,atr_expand,superbb_squeeze,disc,77,0.63636364
d1,bull,5,atr_expand,superbb_squeeze,val,22,0.86363636
d1,bull,5,atr_expand,superbb_squeeze,oos,16,0.62500000
d1,bull,5,atr_expand,superbb_expand,disc,313,0.71884984
d1,bull,5,atr_expand,superbb_expand,val,96,0.86458333
d1,bull,5,atr_expand,superbb_expand,oos,84,0.63095238
d1,bull,5,atr_expand,stoch_bull,disc,289,0.66089965
d1,bull,5,atr_expand,stoch_bull,val,76,0.76315789
d1,bull,5,atr_expand,stoch_bull,oos,50,0.54000000
d1,bull,5,atr_expand,stoch_cross_up,disc,138,0.68115942
d1,bull,5,atr_expand,stoch_cross_up,val,35,0.77142857
d1,bull,5,atr_expand,stoch_cross_up,oos,30,0.53333333
d1,bull,5,atr_expand,stoch_recover_up,disc,79,0.65822785
d1,bull,5,atr_expand,stoch_recover_up,val,22,0.81818182
d1,bull,5,atr_expand,stoch_recover_up,oos,14,0.42857143
d1,bull,5,atr_expand,rci_bull,disc,295,0.64406780
d1,bull,5,atr_expand,rci_bull,val,55,0.83636364
d1,bull,5,atr_expand,rci_bull,oos,67,0.62686567
d1,bull,5,atr_expand,rci_strong_bull,disc,75,0.69333333
d1,bull,5,atr_expand,rci_strong_bull,val,11,0.81818182
d1,bull,5,atr_expand,rci_strong_bull,oos,13,0.46153846
d1,bull,5,atr_expand,dmi_adx_bull,disc,136,0.64705882
d1,bull,5,atr_expand,dmi_adx_bull,val,22,0.77272727
d1,bull,5,atr_expand,dmi_adx_bull,oos,24,0.54166667
d1,bull,5,atr_expand,dmi_adx_strong_bull,disc,147,0.58503401
d1,bull,5,atr_expand,dmi_adx_strong_bull,val,48,0.79166667
d1,bull,5,atr_expand,dmi_adx_strong_bull,oos,32,0.50000000
d1,bull,5,atr_expand,fib_above382,disc,215,0.63255814
d1,bull,5,atr_expand,fib_above382,val,59,0.77966102
d1,bull,5,atr_expand,fib_above382,oos,41,0.63414634
d1,bull,5,atr_expand,fib_above500,disc,274,0.64233577
d1,bull,5,atr_expand,fib_above500,val,73,0.80821918
d1,bull,5,atr_expand,fib_above500,oos,54,0.61111111
d1,bull,5,atr_expand,fib_above618,disc,346,0.64739884
d1,bull,5,atr_expand,fib_above618,val,83,0.80722892
d1,bull,5,atr_expand,fib_above618,oos,66,0.62121212
d1,bull,5,atr_expand,fib_time_zone,disc,199,0.72864322
d1,bull,5,atr_expand,fib_time_zone,val,53,0.83018868
d1,bull,5,atr_expand,fib_time_zone,oos,56,0.67857143
d1,bull,5,atr_expand,fib_time_5,disc,119,0.71428571
d1,bull,5,atr_expand,fib_time_5,val,27,0.85185185
d1,bull,5,atr_expand,fib_time_5,oos,36,0.66666667
d1,bull,5,atr_expand,fib_time_8,disc,67,0.71641791
d1,bull,5,atr_expand,fib_time_8,val,24,0.87500000
d1,bull,5,atr_expand,fib_time_8,oos,22,0.77272727
d1,bull,5,atr_expand,fib_fan_up,disc,215,0.63255814
d1,bull,5,atr_expand,fib_fan_up,val,59,0.77966102
d1,bull,5,atr_expand,fib_fan_up,oos,41,0.63414634
d1,bull,5,atr_expand,fib_arc_bull,disc,274,0.64233577
d1,bull,5,atr_expand,fib_arc_bull,val,73,0.80821918
d1,bull,5,atr_expand,fib_arc_bull,oos,54,0.61111111
d1,bull,5,atr_expand,trendline_up,disc,301,0.65780731
d1,bull,5,atr_expand,trendline_up,val,62,0.80645161
d1,bull,5,atr_expand,trendline_up,oos,64,0.56250000
d1,bull,5,atr_expand,channel_upper,disc,118,0.59322034
d1,bull,5,atr_expand,channel_upper,val,36,0.77777778
d1,bull,5,atr_expand,channel_upper,oos,21,0.47619048
d1,bull,5,atr_expand,channel_mid_bull,disc,247,0.63562753
d1,bull,5,atr_expand,channel_mid_bull,val,61,0.72131148
d1,bull,5,atr_expand,channel_mid_bull,oos,45,0.55555556
d1,bull,5,atr_expand,channel_breakout_up,disc,55,0.60000000
d1,bull,5,atr_expand,channel_breakout_up,val,22,0.77272727
d1,bull,5,atr_expand,channel_breakout_up,oos,12,0.58333333
d1,bull,5,atr_expand,horizontal_resistance_near,disc,57,0.59649123
d1,bull,5,atr_expand,horizontal_resistance_near,val,22,0.81818182
d1,bull,5,atr_expand,horizontal_resistance_near,oos,11,0.54545455
d1,bull,5,atr_expand,horizontal_support_near,disc,86,0.75581395
d1,bull,5,atr_expand,horizontal_support_near,val,20,0.85000000
d1,bull,5,atr_expand,horizontal_support_near,oos,19,0.89473684
d1,bull,5,atr_expand,vertical_session,disc,649,0.67334361
d1,bull,5,atr_expand,vertical_session,val,147,0.78911565
d1,bull,5,atr_expand,vertical_session,oos,140,0.63571429
d1,bull,5,atr_expand,vertical_day_open,disc,649,0.67334361
d1,bull,5,atr_expand,vertical_day_open,val,147,0.78911565
d1,bull,5,atr_expand,vertical_day_open,oos,140,0.63571429
d1,bull,5,atr_expand,rectangle_range,disc,360,0.65555556
d1,bull,5,atr_expand,rectangle_range,val,78,0.71794872
d1,bull,5,atr_expand,rectangle_range,oos,67,0.61194030
d1,bull,5,atr_expand,elliott_wave2_bull,disc,54,0.59259259
d1,bull,5,atr_expand,elliott_wave2_bull,val,6,0.66666667
d1,bull,5,atr_expand,elliott_wave2_bull,oos,9,0.44444444
d1,bull,5,atr_expand,elliott_wave3_bull,disc,61,0.55737705
d1,bull,5,atr_expand,elliott_wave3_bull,val,26,0.65384615
d1,bull,5,atr_expand,elliott_wave3_bull,oos,13,0.61538462
d1,bull,5,atr_expand,elliott_impulse_bull,disc,64,0.57812500
d1,bull,5,atr_expand,elliott_impulse_bull,val,27,0.66666667
d1,bull,5,atr_expand,elliott_impulse_bull,oos,15,0.60000000
d1,bull,5,atr_expand,elliott_pullback_bull,disc,82,0.57317073
d1,bull,5,atr_expand,elliott_pullback_bull,val,10,0.60000000
d1,bull,5,atr_expand,elliott_pullback_bull,oos,15,0.60000000
d1,bull,5,atr_expand,range_compression,disc,393,0.69465649
d1,bull,5,atr_expand,range_compression,val,42,0.66666667
d1,bull,5,atr_expand,range_compression,oos,43,0.67441860
d1,bull,5,atr_expand,inside_bar,disc,122,0.67213115
d1,bull,5,atr_expand,inside_bar,val,15,0.73333333
d1,bull,5,atr_expand,inside_bar,oos,34,0.58823529
d1,bull,5,atr_expand,nr4,disc,69,0.73913043
d1,bull,5,atr_expand,nr4,val,28,0.92857143
d1,bull,5,atr_expand,nr4,oos,18,0.61111111
d1,bull,5,atr_expand,breakout_up20,disc,55,0.60000000
d1,bull,5,atr_expand,breakout_up20,val,22,0.77272727
d1,bull,5,atr_expand,breakout_up20,oos,12,0.58333333
d1,bull,5,atr_expand,retest_up,disc,54,0.59259259
d1,bull,5,atr_expand,retest_up,val,21,0.76190476
d1,bull,5,atr_expand,retest_up,oos,12,0.58333333
d1,bull,5,atr_expand,strong_close_bull,disc,123,0.66666667
d1,bull,5,atr_expand,strong_close_bull,val,35,0.77142857
d1,bull,5,atr_expand,strong_close_bull,oos,28,0.50000000
d1,bull,5,atr_expand,hh20,disc,109,0.63302752
d1,bull,5,atr_expand,hh20,val,34,0.82352941
d1,bull,5,atr_expand,hh20,oos,19,0.52631579
d1,bull,5,atr_expand,structure_bull_transition,disc,203,0.61576355
d1,bull,5,atr_expand,structure_bull_transition,val,60,0.70000000
d1,bull,5,atr_expand,structure_bull_transition,oos,38,0.60526316
d1,bear,1,atr_expand,sma20_bear,disc,404,0.31930693
d1,bear,1,atr_expand,sma20_bear,val,89,0.51685393
d1,bear,1,atr_expand,sma20_bear,oos,99,0.44444444
d1,bear,1,atr_expand,sma50_bear,disc,340,0.32941176
d1,bear,1,atr_expand,sma50_bear,val,76,0.52631579
d1,bear,1,atr_expand,sma50_bear,oos,89,0.39325843
d1,bear,1,atr_expand,sma200_bear,disc,259,0.34362934
d1,bear,1,atr_expand,sma200_bear,val,74,0.55405405
d1,bear,1,atr_expand,sma200_bear,oos,52,0.32692308
d1,bear,1,atr_expand,sma_stack_bear,disc,110,0.29090909
d1,bear,1,atr_expand,sma_stack_bear,val,44,0.38636364
d1,bear,1,atr_expand,sma_stack_bear,oos,18,0.27777778
d1,bear,1,atr_expand,ichimoku_bear,disc,273,0.34798535
d1,bear,1,atr_expand,ichimoku_bear,val,68,0.57352941
d1,bear,1,atr_expand,ichimoku_bear,oos,63,0.33333333
d1,bear,1,atr_expand,ichimoku_tk_bear,disc,316,0.34810127
d1,bear,1,atr_expand,ichimoku_tk_bear,val,62,0.54838710
d1,bear,1,atr_expand,ichimoku_tk_bear,oos,56,0.33928571
d1,bear,1,atr_expand,ichimoku_cloud_bear,disc,228,0.30701754
d1,bear,1,atr_expand,ichimoku_cloud_bear,val,76,0.51315789
d1,bear,1,atr_expand,ichimoku_cloud_bear,oos,44,0.38636364
d1,bear,1,atr_expand,span_model_bear,disc,237,0.36708861
d1,bear,1,atr_expand,span_model_bear,val,52,0.59615385
d1,bear,1,atr_expand,span_model_bear,oos,40,0.30000000
d1,bear,1,atr_expand,bb_bear,disc,404,0.31930693
d1,bear,1,atr_expand,bb_bear,val,89,0.51685393
d1,bear,1,atr_expand,bb_bear,oos,99,0.44444444
d1,bear,1,atr_expand,bb_lower,disc,275,0.33090909
d1,bear,1,atr_expand,bb_lower,val,55,0.58181818
d1,bear,1,atr_expand,bb_lower,oos,85,0.42352941
d1,bear,1,atr_expand,superbb_squeeze,disc,77,0.24675325
d1,bear,1,atr_expand,superbb_squeeze,val,22,0.45454545
d1,bear,1,atr_expand,superbb_squeeze,oos,16,0.31250000
d1,bear,1,atr_expand,superbb_expand,disc,313,0.36741214
d1,bear,1,atr_expand,superbb_expand,val,96,0.46875000
d1,bear,1,atr_expand,superbb_expand,oos,84,0.45238095
d1,bear,1,atr_expand,stoch_bear,disc,360,0.31944444
d1,bear,1,atr_expand,stoch_bear,val,71,0.40845070
d1,bear,1,atr_expand,stoch_bear,oos,90,0.48888889
d1,bear,1,atr_expand,stoch_cross_down,disc,144,0.31944444
d1,bear,1,atr_expand,stoch_cross_down,val,35,0.42857143
d1,bear,1,atr_expand,stoch_cross_down,oos,31,0.51612903
d1,bear,1,atr_expand,stoch_fall_down,disc,78,0.26923077
d1,bear,1,atr_expand,stoch_fall_down,val,11,0.18181818
d1,bear,1,atr_expand,stoch_fall_down,oos,12,0.75000000
d1,bear,1,atr_expand,rci_bear,disc,353,0.35410765
d1,bear,1,atr_expand,rci_bear,val,92,0.47826087
d1,bear,1,atr_expand,rci_bear,oos,73,0.46575342
d1,bear,1,atr_expand,rci_strong_bear,disc,136,0.45588235
d1,bear,1,atr_expand,rci_strong_bear,val,17,0.76470588
d1,bear,1,atr_expand,rci_strong_bear,oos,10,0.30000000
d1,bear,1,atr_expand,dmi_adx_bear,disc,187,0.41711230
d1,bear,1,atr_expand,dmi_adx_bear,val,25,0.60000000
d1,bear,1,atr_expand,dmi_adx_bear,oos,45,0.37777778
d1,bear,1,atr_expand,dmi_adx_strong_bear,disc,254,0.36614173
d1,bear,1,atr_expand,dmi_adx_strong_bear,val,49,0.53061224
d1,bear,1,atr_expand,dmi_adx_strong_bear,oos,82,0.43902439
d1,bear,1,atr_expand,fib_below382,disc,402,0.32835821
d1,bear,1,atr_expand,fib_below382,val,88,0.48863636
d1,bear,1,atr_expand,fib_below382,oos,99,0.41414141
d1,bear,1,atr_expand,fib_below500,disc,343,0.32653061
d1,bear,1,atr_expand,fib_below500,val,74,0.55405405
d1,bear,1,atr_expand,fib_below500,oos,86,0.39534884
d1,bear,1,atr_expand,fib_below618,disc,271,0.33210332
d1,bear,1,atr_expand,fib_below618,val,64,0.59375000
d1,bear,1,atr_expand,fib_below618,oos,74,0.40540541
d1,bear,1,atr_expand,fib_time_zone,disc,199,0.32663317
d1,bear,1,atr_expand,fib_time_zone,val,53,0.37735849
d1,bear,1,atr_expand,fib_time_zone,oos,56,0.42857143
d1,bear,1,atr_expand,fib_time_5,disc,119,0.35294118
d1,bear,1,atr_expand,fib_time_5,val,27,0.40740741
d1,bear,1,atr_expand,fib_time_5,oos,36,0.41666667
d1,bear,1,atr_expand,fib_time_8,disc,67,0.37313433
d1,bear,1,atr_expand,fib_time_8,val,24,0.25000000
d1,bear,1,atr_expand,fib_time_8,oos,22,0.45454545
d1,bear,1,atr_expand,fib_fan_down,disc,271,0.33210332
d1,bear,1,atr_expand,fib_fan_down,val,64,0.59375000
d1,bear,1,atr_expand,fib_fan_down,oos,74,0.40540541
d1,bear,1,atr_expand,fib_arc_bear,disc,343,0.32653061
d1,bear,1,atr_expand,fib_arc_bear,val,74,0.55405405
d1,bear,1,atr_expand,fib_arc_bear,oos,86,0.39534884
d1,bear,1,atr_expand,trendline_down,disc,347,0.33717579
d1,bear,1,atr_expand,trendline_down,val,85,0.52941176
d1,bear,1,atr_expand,trendline_down,oos,76,0.34210526
d1,bear,1,atr_expand,channel_lower,disc,225,0.32444444
d1,bear,1,atr_expand,channel_lower,val,44,0.54545455
d1,bear,1,atr_expand,channel_lower,oos,65,0.43076923
d1,bear,1,atr_expand,channel_mid_bear,disc,400,0.31500000
d1,bear,1,atr_expand,channel_mid_bear,val,86,0.52325581
d1,bear,1,atr_expand,channel_mid_bear,oos,95,0.43157895
d1,bear,1,atr_expand,channel_breakout_down,disc,110,0.40000000
d1,bear,1,atr_expand,channel_breakout_down,val,22,0.40909091
d1,bear,1,atr_expand,channel_breakout_down,oos,34,0.32352941
d1,bear,1,atr_expand,horizontal_resistance_near,disc,57,0.43859649
d1,bear,1,atr_expand,horizontal_resistance_near,val,22,0.22727273
d1,bear,1,atr_expand,horizontal_resistance_near,oos,11,0.54545455
d1,bear,1,atr_expand,horizontal_support_near,disc,86,0.41860465
d1,bear,1,atr_expand,horizontal_support_near,val,20,0.55000000
d1,bear,1,atr_expand,horizontal_support_near,oos,19,0.15789474
d1,bear,1,atr_expand,horizontal_break_down,disc,67,0.46268657
d1,bear,1,atr_expand,horizontal_break_down,val,15,0.46666667
d1,bear,1,atr_expand,horizontal_break_down,oos,17,0.11764706
d1,bear,1,atr_expand,vertical_session,disc,649,0.33590139
d1,bear,1,atr_expand,vertical_session,val,147,0.41496599
d1,bear,1,atr_expand,vertical_session,oos,140,0.45000000
d1,bear,1,atr_expand,vertical_day_open,disc,649,0.33590139
d1,bear,1,atr_expand,vertical_day_open,val,147,0.41496599
d1,bear,1,atr_expand,vertical_day_open,oos,140,0.45000000
d1,bear,1,atr_expand,rectangle_range,disc,360,0.33055556
d1,bear,1,atr_expand,rectangle_range,val,78,0.44871795
d1,bear,1,atr_expand,rectangle_range,oos,67,0.50746269
d1,bear,1,atr_expand,elliott_wave2_bear,disc,58,0.48275862
d1,bear,1,atr_expand,elliott_wave2_bear,val,23,0.47826087
d1,bear,1,atr_expand,elliott_wave2_bear,oos,8,0.50000000
d1,bear,1,atr_expand,elliott_wave3_bear,disc,130,0.33846154
d1,bear,1,atr_expand,elliott_wave3_bear,val,21,0.33333333
d1,bear,1,atr_expand,elliott_wave3_bear,oos,32,0.28125000
d1,bear,1,atr_expand,elliott_wave4_bear,disc,56,0.32142857
d1,bear,1,atr_expand,elliott_wave4_bear,val,13,0.53846154
d1,bear,1,atr_expand,elliott_wave4_bear,oos,16,0.37500000
d1,bear,1,atr_expand,elliott_wave5_bear,disc,107,0.37383178
d1,bear,1,atr_expand,elliott_wave5_bear,val,16,0.31250000
d1,bear,1,atr_expand,elliott_wave5_bear,oos,28,0.32142857
d1,bear,1,atr_expand,elliott_impulse_bear,disc,138,0.34057971
d1,bear,1,atr_expand,elliott_impulse_bear,val,21,0.33333333
d1,bear,1,atr_expand,elliott_impulse_bear,oos,33,0.30303030
d1,bear,1,atr_expand,elliott_pullback_bear,disc,114,0.40350877
d1,bear,1,atr_expand,elliott_pullback_bear,val,36,0.50000000
d1,bear,1,atr_expand,elliott_pullback_bear,oos,24,0.41666667
d1,bear,1,atr_expand,range_compression,disc,393,0.36386768
d1,bear,1,atr_expand,range_compression,val,42,0.26190476
d1,bear,1,atr_expand,range_compression,oos,43,0.48837209
d1,bear,1,atr_expand,inside_bar,disc,122,0.35245902
d1,bear,1,atr_expand,inside_bar,val,15,0.53333333
d1,bear,1,atr_expand,inside_bar,oos,34,0.58823529
d1,bear,1,atr_expand,nr4,disc,69,0.26086957
d1,bear,1,atr_expand,nr4,val,28,0.46428571
d1,bear,1,atr_expand,nr4,oos,18,0.66666667
d1,bear,1,atr_expand,breakout_down20,disc,110,0.40000000
d1,bear,1,atr_expand,breakout_down20,val,22,0.40909091
d1,bear,1,atr_expand,breakout_down20,oos,34,0.32352941
d1,bear,1,atr_expand,retest_down,disc,110,0.40000000
d1,bear,1,atr_expand,retest_down,val,22,0.40909091
d1,bear,1,atr_expand,retest_down,oos,32,0.31250000
d1,bear,1,atr_expand,engulf_bear,disc,65,0.23076923
d1,bear,1,atr_expand,engulf_bear,val,11,0.27272727
d1,bear,1,atr_expand,engulf_bear,oos,21,0.57142857
d1,bear,1,atr_expand,strong_close_bear,disc,143,0.27272727
d1,bear,1,atr_expand,strong_close_bear,val,27,0.44444444
d1,bear,1,atr_expand,strong_close_bear,oos,29,0.34482759
d1,bear,1,atr_expand,ll20,disc,183,0.37704918
d1,bear,1,atr_expand,ll20,val,48,0.52083333
d1,bear,1,atr_expand,ll20,oos,56,0.39285714
d1,bear,1,atr_expand,structure_bear_transition,disc,274,0.29927007
d1,bear,1,atr_expand,structure_bear_transition,val,52,0.51923077
d1,bear,1,atr_expand,structure_bear_transition,oos,68,0.42647059
d1,bear,1,adx_up3,sma20_bear,disc,995,0.30753769
d1,bear,1,adx_up3,sma20_bear,val,193,0.26424870
d1,bear,1,adx_up3,sma20_bear,oos,234,0.23504274
d1,bear,1,adx_up3,sma50_bear,disc,987,0.31104357
d1,bear,1,adx_up3,sma50_bear,val,191,0.26178010
d1,bear,1,adx_up3,sma50_bear,oos,228,0.23684211
d1,bear,1,adx_up3,sma200_bear,disc,869,0.29459148
d1,bear,1,adx_up3,sma200_bear,val,199,0.24623116
d1,bear,1,adx_up3,sma200_bear,oos,171,0.23976608
d1,bear,1,adx_up3,sma_stack_bear,disc,509,0.26522593
d1,bear,1,adx_up3,sma_stack_bear,val,95,0.30526316
d1,bear,1,adx_up3,sma_stack_bear,oos,75,0.18666667
d1,bear,1,adx_up3,ichimoku_bear,disc,899,0.30033370
d1,bear,1,adx_up3,ichimoku_bear,val,177,0.25988701
d1,bear,1,adx_up3,ichimoku_bear,oos,196,0.21938776
d1,bear,1,adx_up3,ichimoku_tk_bear,disc,1008,0.30357143
d1,bear,1,adx_up3,ichimoku_tk_bear,val,189,0.26455026
d1,bear,1,adx_up3,ichimoku_tk_bear,oos,201,0.19900498
d1,bear,1,adx_up3,ichimoku_cloud_bear,disc,966,0.27743271
d1,bear,1,adx_up3,ichimoku_cloud_bear,val,227,0.25550661
d1,bear,1,adx_up3,ichimoku_cloud_bear,oos,216,0.18518519
d1,bear,1,adx_up3,span_model_bear,disc,868,0.29838710
d1,bear,1,adx_up3,span_model_bear,val,171,0.26315789
d1,bear,1,adx_up3,span_model_bear,oos,166,0.18072289
d1,bear,1,adx_up3,bb_bear,disc,995,0.30753769
d1,bear,1,adx_up3,bb_bear,val,193,0.26424870
d1,bear,1,adx_up3,bb_bear,oos,234,0.23504274
d1,bear,1,adx_up3,bb_lower,disc,835,0.30419162
d1,bear,1,adx_up3,bb_lower,val,151,0.27152318
d1,bear,1,adx_up3,bb_lower,oos,194,0.23195876
d1,bear,1,adx_up3,superbb_squeeze,disc,110,0.22727273
d1,bear,1,adx_up3,superbb_squeeze,val,31,0.32258065
d1,bear,1,adx_up3,superbb_squeeze,oos,25,0.16000000
d1,bear,1,adx_up3,superbb_expand,disc,1472,0.30638587
d1,bear,1,adx_up3,superbb_expand,val,316,0.25949367
d1,bear,1,adx_up3,superbb_expand,oos,310,0.22903226
d1,bear,1,adx_up3,stoch_bear,disc,1155,0.29783550
d1,bear,1,adx_up3,stoch_bear,val,286,0.26923077
d1,bear,1,adx_up3,stoch_bear,oos,226,0.23008850
d1,bear,1,adx_up3,stoch_cross_down,disc,556,0.30575540
d1,bear,1,adx_up3,stoch_cross_down,val,129,0.26356589
d1,bear,1,adx_up3,stoch_cross_down,oos,106,0.25471698
d1,bear,1,adx_up3,stoch_fall_down,disc,208,0.30288462
d1,bear,1,adx_up3,stoch_fall_down,val,55,0.16363636
d1,bear,1,adx_up3,stoch_fall_down,oos,35,0.25714286
d1,bear,1,adx_up3,rci_bear,disc,997,0.30892678
d1,bear,1,adx_up3,rci_bear,val,193,0.26424870
d1,bear,1,adx_up3,rci_bear,oos,231,0.23376623
d1,bear,1,adx_up3,rci_strong_bear,disc,728,0.31043956
d1,bear,1,adx_up3,rci_strong_bear,val,87,0.26436782
d1,bear,1,adx_up3,rci_strong_bear,oos,106,0.16037736
d1,bear,1,adx_up3,dmi_adx_bear,disc,611,0.32242226
d1,bear,1,adx_up3,dmi_adx_bear,val,98,0.32653061
d1,bear,1,adx_up3,dmi_adx_bear,oos,146,0.23972603
d1,bear,1,adx_up3,dmi_adx_strong_bear,disc,971,0.30792997
d1,bear,1,adx_up3,dmi_adx_strong_bear,val,184,0.26086957
d1,bear,1,adx_up3,dmi_adx_strong_bear,oos,234,0.23504274
d1,bear,1,adx_up3,fib_below382,disc,1058,0.31096408
d1,bear,1,adx_up3,fib_below382,val,194,0.24742268
d1,bear,1,adx_up3,fib_below382,oos,249,0.23293173
d1,bear,1,adx_up3,fib_below500,disc,1000,0.30600000
d1,bear,1,adx_up3,fib_below500,val,183,0.25136612
d1,bear,1,adx_up3,fib_below500,oos,230,0.23913043
d1,bear,1,adx_up3,fib_below618,disc,932,0.29721030
d1,bear,1,adx_up3,fib_below618,val,178,0.25280899
d1,bear,1,adx_up3,fib_below618,oos,209,0.21531100
d1,bear,1,adx_up3,fib_time_zone,disc,892,0.29820628
d1,bear,1,adx_up3,fib_time_zone,val,213,0.27230047
d1,bear,1,adx_up3,fib_time_zone,oos,180,0.23333333
d1,bear,1,adx_up3,fib_time_5,disc,467,0.31049251
d1,bear,1,adx_up3,fib_time_5,val,111,0.29729730
d1,bear,1,adx_up3,fib_time_5,oos,100,0.24000000
d1,bear,1,adx_up3,fib_time_8,disc,318,0.30503145
d1,bear,1,adx_up3,fib_time_8,val,75,0.24000000
d1,bear,1,adx_up3,fib_time_8,oos,62,0.20967742
d1,bear,1,adx_up3,fib_time_13,disc,214,0.29439252
d1,bear,1,adx_up3,fib_time_13,val,47,0.27659574
d1,bear,1,adx_up3,fib_time_13,oos,42,0.19047619
d1,bear,1,adx_up3,fib_fan_down,disc,932,0.29721030
d1,bear,1,adx_up3,fib_fan_down,val,178,0.25280899
d1,bear,1,adx_up3,fib_fan_down,oos,209,0.21531100
d1,bear,1,adx_up3,fib_arc_bear,disc,1000,0.30600000
d1,bear,1,adx_up3,fib_arc_bear,val,183,0.25136612
d1,bear,1,adx_up3,fib_arc_bear,oos,230,0.23913043
d1,bear,1,adx_up3,trendline_down,disc,1010,0.30693069
d1,bear,1,adx_up3,trendline_down,val,191,0.26701571
d1,bear,1,adx_up3,trendline_down,oos,236,0.22881356
d1,bear,1,adx_up3,channel_lower,disc,776,0.27319588
d1,bear,1,adx_up3,channel_lower,val,134,0.23880597
d1,bear,1,adx_up3,channel_lower,oos,166,0.21084337
d1,bear,1,adx_up3,channel_mid_bear,disc,992,0.30342742
d1,bear,1,adx_up3,channel_mid_bear,val,193,0.25906736
d1,bear,1,adx_up3,channel_mid_bear,oos,234,0.23504274
d1,bear,1,adx_up3,channel_breakout_down,disc,250,0.34000000
d1,bear,1,adx_up3,channel_breakout_down,val,32,0.40625000
d1,bear,1,adx_up3,channel_breakout_down,oos,49,0.24489796
d1,bear,1,adx_up3,horizontal_resistance_near,disc,464,0.33620690
d1,bear,1,adx_up3,horizontal_resistance_near,val,122,0.28688525
d1,bear,1,adx_up3,horizontal_resistance_near,oos,91,0.21978022
d1,bear,1,adx_up3,horizontal_support_near,disc,311,0.31189711
d1,bear,1,adx_up3,horizontal_support_near,val,48,0.33333333
d1,bear,1,adx_up3,horizontal_support_near,oos,55,0.20000000
d1,bear,1,adx_up3,horizontal_break_down,disc,202,0.35643564
d1,bear,1,adx_up3,horizontal_break_down,val,29,0.41379310
d1,bear,1,adx_up3,horizontal_break_down,oos,36,0.25000000
d1,bear,1,adx_up3,vertical_session,disc,2418,0.29156328
d1,bear,1,adx_up3,vertical_session,val,542,0.24907749
d1,bear,1,adx_up3,vertical_session,oos,487,0.21355236
d1,bear,1,adx_up3,vertical_day_open,disc,2418,0.29156328
d1,bear,1,adx_up3,vertical_day_open,val,542,0.24907749
d1,bear,1,adx_up3,vertical_day_open,oos,487,0.21355236
d1,bear,1,adx_up3,vertical_week_open,disc,387,0.34366925
d1,bear,1,adx_up3,vertical_week_open,val,86,0.34883721
d1,bear,1,adx_up3,vertical_week_open,oos,71,0.16901408
d1,bear,1,adx_up3,rectangle_range,disc,696,0.29741379
d1,bear,1,adx_up3,rectangle_range,val,175,0.22857143
d1,bear,1,adx_up3,rectangle_range,oos,148,0.29054054
d1,bear,1,adx_up3,elliott_wave2_bear,disc,79,0.43037975
d1,bear,1,adx_up3,elliott_wave2_bear,val,19,0.26315789
d1,bear,1,adx_up3,elliott_wave2_bear,oos,16,0.43750000
d1,bear,1,adx_up3,elliott_wave3_bear,disc,185,0.36756757
d1,bear,1,adx_up3,elliott_wave3_bear,val,19,0.42105263
d1,bear,1,adx_up3,elliott_wave3_bear,oos,35,0.28571429
d1,bear,1,adx_up3,elliott_wave4_bear,disc,163,0.32515337
d1,bear,1,adx_up3,elliott_wave4_bear,val,44,0.20454545
d1,bear,1,adx_up3,elliott_wave4_bear,oos,43,0.25581395
d1,bear,1,adx_up3,elliott_wave5_bear,disc,195,0.37435897
d1,bear,1,adx_up3,elliott_wave5_bear,val,29,0.37931034
d1,bear,1,adx_up3,elliott_wave5_bear,oos,39,0.25641026
d1,bear,1,adx_up3,elliott_impulse_bear,disc,233,0.33905579
d1,bear,1,adx_up3,elliott_impulse_bear,val,30,0.40000000
d1,bear,1,adx_up3,elliott_impulse_bear,oos,46,0.26086957
d1,bear,1,adx_up3,elliott_pullback_bear,disc,242,0.35950413
d1,bear,1,adx_up3,elliott_pullback_bear,val,63,0.22222222
d1,bear,1,adx_up3,elliott_pullback_bear,oos,59,0.30508475
d1,bear,1,adx_up3,range_compression,disc,1943,0.28769943
d1,bear,1,adx_up3,range_compression,val,409,0.22249389
d1,bear,1,adx_up3,range_compression,oos,327,0.15596330
d1,bear,1,adx_up3,inside_bar,disc,507,0.24852071
d1,bear,1,adx_up3,inside_bar,val,115,0.21739130
d1,bear,1,adx_up3,inside_bar,oos,103,0.23300971
d1,bear,1,adx_up3,inside_2,disc,60,0.16666667
d1,bear,1,adx_up3,inside_2,val,18,0.22222222
d1,bear,1,adx_up3,inside_2,oos,10,0.20000000
d1,bear,1,adx_up3,nr7,disc,240,0.22916667
d1,bear,1,adx_up3,nr7,val,48,0.20833333
d1,bear,1,adx_up3,nr7,oos,67,0.13432836
d1,bear,1,adx_up3,nr4,disc,646,0.24148607
d1,bear,1,adx_up3,nr4,val,145,0.17931034
d1,bear,1,adx_up3,nr4,oos,155,0.18064516
d1,bear,1,adx_up3,breakout_down20,disc,250,0.34000000
d1,bear,1,adx_up3,breakout_down20,val,32,0.40625000
d1,bear,1,adx_up3,breakout_down20,oos,49,0.24489796
d1,bear,1,adx_up3,retest_down,disc,249,0.34136546
d1,bear,1,adx_up3,retest_down,val,32,0.40625000
d1,bear,1,adx_up3,retest_down,oos,48,0.25000000
d1,bear,1,adx_up3,pin_bear,disc,55,0.50909091
d1,bear,1,adx_up3,pin_bear,val,8,0.37500000
d1,bear,1,adx_up3,pin_bear,oos,6,0.00000000
d1,bear,1,adx_up3,engulf_bear,disc,179,0.30167598
d1,bear,1,adx_up3,engulf_bear,val,38,0.21052632
d1,bear,1,adx_up3,engulf_bear,oos,35,0.34285714
d1,bear,1,adx_up3,strong_close_bear,disc,324,0.34259259
d1,bear,1,adx_up3,strong_close_bear,val,54,0.22222222
d1,bear,1,adx_up3,strong_close_bear,oos,59,0.28813559
d1,bear,1,adx_up3,gap_proxy_down,disc,78,0.29487179
d1,bear,1,adx_up3,gap_proxy_down,val,18,0.38888889
d1,bear,1,adx_up3,gap_proxy_down,oos,22,0.13636364
d1,bear,1,adx_up3,ll20,disc,449,0.34075724
d1,bear,1,adx_up3,ll20,val,85,0.27058824
d1,bear,1,adx_up3,ll20,oos,94,0.21276596
d1,bear,1,adx_up3,structure_bear_transition,disc,713,0.29873773
d1,bear,1,adx_up3,structure_bear_transition,val,157,0.26751592
d1,bear,1,adx_up3,structure_bear_transition,oos,146,0.25342466
d1,bear,1,adx_up3,compression,disc,115,0.29565217
d1,bear,1,adx_up3,compression,val,38,0.23684211
d1,bear,1,adx_up3,compression,oos,16,0.06250000
d1,bear,1,adx_up3,shape_triangle_proxy,disc,50,0.12000000
d1,bear,1,adx_up3,shape_triangle_proxy,val,11,0.09090909
d1,bear,1,adx_up3,shape_triangle_proxy,oos,8,0.12500000
d1,bear,1,volatility,sma20_bear,disc,2323,0.29530779
d1,bear,1,volatility,sma20_bear,val,404,0.39108911
d1,bear,1,volatility,sma20_bear,oos,429,0.27972028
d1,bear,1,volatility,sma50_bear,disc,2354,0.29736619
d1,bear,1,volatility,sma50_bear,val,388,0.43041237
d1,bear,1,volatility,sma50_bear,oos,427,0.28337237
d1,bear,1,volatility,sma200_bear,disc,2003,0.27758362
d1,bear,1,volatility,sma200_bear,val,421,0.40617577
d1,bear,1,volatility,sma200_bear,oos,289,0.22837370
d1,bear,1,volatility,sma_stack_bear,disc,1240,0.24354839
d1,bear,1,volatility,sma_stack_bear,val,305,0.43278689
d1,bear,1,volatility,sma_stack_bear,oos,129,0.13953488
d1,bear,1,volatility,ichimoku_bear,disc,1953,0.28929852
d1,bear,1,volatility,ichimoku_bear,val,379,0.44327177
d1,bear,1,volatility,ichimoku_bear,oos,361,0.26869806
d1,bear,1,volatility,ichimoku_tk_bear,disc,2274,0.31046614
d1,bear,1,volatility,ichimoku_tk_bear,val,409,0.39119804
d1,bear,1,volatility,ichimoku_tk_bear,oos,398,0.26633166
d1,bear,1,volatility,ichimoku_cloud_bear,disc,1938,0.26728586
d1,bear,1,volatility,ichimoku_cloud_bear,val,367,0.41144414
d1,bear,1,volatility,ichimoku_cloud_bear,oos,241,0.19917012
d1,bear,1,volatility,span_model_bear,disc,1600,0.29812500
d1,bear,1,volatility,span_model_bear,val,303,0.45874587
d1,bear,1,volatility,span_model_bear,oos,295,0.26779661
d1,bear,1,volatility,bb_bear,disc,2323,0.29530779
d1,bear,1,volatility,bb_bear,val,404,0.39108911
d1,bear,1,volatility,bb_bear,oos,429,0.27972028
d1,bear,1,volatility,bb_lower,disc,1101,0.30426885
d1,bear,1,volatility,bb_lower,val,188,0.43085106
d1,bear,1,volatility,bb_lower,oos,192,0.28645833
d1,bear,1,volatility,superbb_squeeze,disc,425,0.25882353
d1,bear,1,volatility,superbb_squeeze,val,100,0.35000000
d1,bear,1,volatility,superbb_squeeze,oos,47,0.23404255
d1,bear,1,volatility,superbb_expand,disc,1189,0.33809924
d1,bear,1,volatility,superbb_expand,val,245,0.40408163
d1,bear,1,volatility,superbb_expand,oos,229,0.29694323
d1,bear,1,volatility,stoch_bear,disc,2202,0.27702089
d1,bear,1,volatility,stoch_bear,val,411,0.32360097
d1,bear,1,volatility,stoch_bear,oos,369,0.27371274
d1,bear,1,volatility,stoch_cross_down,disc,890,0.30449438
d1,bear,1,volatility,stoch_cross_down,val,174,0.33908046
d1,bear,1,volatility,stoch_cross_down,oos,151,0.29801325
d1,bear,1,volatility,stoch_fall_down,disc,323,0.27244582
d1,bear,1,volatility,stoch_fall_down,val,60,0.36666667
d1,bear,1,volatility,stoch_fall_down,oos,46,0.28260870
d1,bear,1,volatility,rci_bear,disc,2292,0.30279232
d1,bear,1,volatility,rci_bear,val,437,0.35926773
d1,bear,1,volatility,rci_bear,oos,420,0.27619048
d1,bear,1,volatility,rci_strong_bear,disc,723,0.34439834
d1,bear,1,volatility,rci_strong_bear,val,99,0.42424242
d1,bear,1,volatility,rci_strong_bear,oos,73,0.19178082
d1,bear,1,volatility,rci_cross_down,disc,163,0.18404908
d1,bear,1,volatility,rci_cross_down,val,34,0.35294118
d1,bear,1,volatility,rci_cross_down,oos,34,0.35294118
d1,bear,1,volatility,dmi_adx_bear,disc,1246,0.36276083
d1,bear,1,volatility,dmi_adx_bear,val,168,0.38690476
d1,bear,1,volatility,dmi_adx_bear,oos,224,0.25446429
d1,bear,1,volatility,dmi_adx_strong_bear,disc,1108,0.32310469
d1,bear,1,volatility,dmi_adx_strong_bear,val,190,0.46315789
d1,bear,1,volatility,dmi_adx_strong_bear,oos,209,0.29186603
d1,bear,1,volatility,fib_below382,disc,2782,0.29079799
d1,bear,1,volatility,fib_below382,val,477,0.40670860
d1,bear,1,volatility,fib_below382,oos,517,0.27852998
d1,bear,1,volatility,fib_below500,disc,2328,0.28694158
d1,bear,1,volatility,fib_below500,val,388,0.42783505
d1,bear,1,volatility,fib_below500,oos,428,0.28037383
d1,bear,1,volatility,fib_below618,disc,1780,0.28539326
d1,bear,1,volatility,fib_below618,val,290,0.42758621
d1,bear,1,volatility,fib_below618,oos,327,0.27522936
d1,bear,1,volatility,fib_time_zone,disc,1614,0.28810409
d1,bear,1,volatility,fib_time_zone,val,297,0.31649832
d1,bear,1,volatility,fib_time_zone,oos,280,0.28214286
d1,bear,1,volatility,fib_time_5,disc,895,0.29832402
d1,bear,1,volatility,fib_time_5,val,166,0.34337349
d1,bear,1,volatility,fib_time_5,oos,158,0.29746835
d1,bear,1,volatility,fib_time_8,disc,559,0.30948122
d1,bear,1,volatility,fib_time_8,val,103,0.29126214
d1,bear,1,volatility,fib_time_8,oos,99,0.28282828
d1,bear,1,volatility,fib_time_13,disc,353,0.26062323
d1,bear,1,volatility,fib_time_13,val,63,0.28571429
d1,bear,1,volatility,fib_time_13,oos,59,0.20338983
d1,bear,1,volatility,fib_fan_down,disc,1780,0.28539326
d1,bear,1,volatility,fib_fan_down,val,290,0.42758621
d1,bear,1,volatility,fib_fan_down,oos,327,0.27522936
d1,bear,1,volatility,fib_arc_bear,disc,2328,0.28694158
d1,bear,1,volatility,fib_arc_bear,val,388,0.42783505
d1,bear,1,volatility,fib_arc_bear,oos,428,0.28037383
d1,bear,1,volatility,trendline_down,disc,2298,0.30983464
d1,bear,1,volatility,trendline_down,val,430,0.38837209
d1,bear,1,volatility,trendline_down,oos,462,0.26190476
d1,bear,1,volatility,channel_lower,disc,1022,0.28962818
d1,bear,1,volatility,channel_lower,val,184,0.36956522
d1,bear,1,volatility,channel_lower,oos,177,0.29378531
d1,bear,1,volatility,channel_mid_bear,disc,2329,0.29068270
d1,bear,1,volatility,channel_mid_bear,val,397,0.38790932
d1,bear,1,volatility,channel_mid_bear,oos,438,0.28767123
d1,bear,1,volatility,channel_breakout_down,disc,320,0.31875000
d1,bear,1,volatility,channel_breakout_down,val,52,0.38461538
d1,bear,1,volatility,channel_breakout_down,oos,59,0.28813559
d1,bear,1,volatility,horizontal_resistance_near,disc,315,0.31746032
d1,bear,1,volatility,horizontal_resistance_near,val,63,0.26984127
d1,bear,1,volatility,horizontal_resistance_near,oos,46,0.32608696
d1,bear,1,volatility,horizontal_support_near,disc,289,0.33564014
d1,bear,1,volatility,horizontal_support_near,val,55,0.45454545
d1,bear,1,volatility,horizontal_support_near,oos,46,0.21739130
d1,bear,1,volatility,horizontal_break_down,disc,191,0.34554974
d1,bear,1,volatility,horizontal_break_down,val,36,0.44444444
d1,bear,1,volatility,horizontal_break_down,oos,36,0.19444444
d1,bear,1,volatility,vertical_session,disc,4573,0.28886945
d1,bear,1,volatility,vertical_session,val,852,0.33685446
d1,bear,1,volatility,vertical_session,oos,788,0.28426396
d1,bear,1,volatility,vertical_day_open,disc,4573,0.28886945
d1,bear,1,volatility,vertical_day_open,val,852,0.33685446
d1,bear,1,volatility,vertical_day_open,oos,788,0.28426396
d1,bear,1,volatility,vertical_week_open,disc,622,0.38102894
d1,bear,1,volatility,vertical_week_open,val,128,0.46093750
d1,bear,1,volatility,vertical_week_open,oos,119,0.26890756
d1,bear,1,volatility,rectangle_range,disc,2518,0.28633836
d1,bear,1,volatility,rectangle_range,val,430,0.36279070
d1,bear,1,volatility,rectangle_range,oos,441,0.31519274
d1,bear,1,volatility,ellipse_compression,disc,131,0.33587786
d1,bear,1,volatility,ellipse_compression,val,65,0.33846154
d1,bear,1,volatility,ellipse_compression,oos,24,0.29166667
d1,bear,1,volatility,elliott_wave2_bear,disc,452,0.33628319
d1,bear,1,volatility,elliott_wave2_bear,val,97,0.41237113
d1,bear,1,volatility,elliott_wave2_bear,oos,70,0.38571429
d1,bear,1,volatility,elliott_wave3_bear,disc,372,0.28763441
d1,bear,1,volatility,elliott_wave3_bear,val,50,0.32000000
d1,bear,1,volatility,elliott_wave3_bear,oos,52,0.36538462
d1,bear,1,volatility,elliott_wave4_bear,disc,396,0.31313131
d1,bear,1,volatility,elliott_wave4_bear,val,74,0.33783784
d1,bear,1,volatility,elliott_wave4_bear,oos,73,0.24657534
d1,bear,1,volatility,elliott_wave5_bear,disc,334,0.30538922
d1,bear,1,volatility,elliott_wave5_bear,val,45,0.35555556
d1,bear,1,volatility,elliott_wave5_bear,oos,54,0.25925926
d1,bear,1,volatility,elliott_impulse_bear,disc,466,0.28326180
d1,bear,1,volatility,elliott_impulse_bear,val,62,0.32258065
d1,bear,1,volatility,elliott_impulse_bear,oos,71,0.28169014
d1,bear,1,volatility,elliott_pullback_bear,disc,848,0.32547170
d1,bear,1,volatility,elliott_pullback_bear,val,171,0.38011696
d1,bear,1,volatility,elliott_pullback_bear,oos,143,0.31468531
d1,bear,1,volatility,range_compression,disc,3667,0.28906463
d1,bear,1,volatility,range_compression,val,616,0.30681818
d1,bear,1,volatility,range_compression,oos,567,0.27160494
d1,bear,1,volatility,range_tight,disc,185,0.20000000
d1,bear,1,volatility,range_tight,val,52,0.42307692
d1,bear,1,volatility,range_tight,oos,36,0.47222222
d1,bear,1,volatility,inside_bar,disc,875,0.26628571
d1,bear,1,volatility,inside_bar,val,149,0.32214765
d1,bear,1,volatility,inside_bar,oos,163,0.31288344
d1,bear,1,volatility,inside_2,disc,98,0.20408163
d1,bear,1,volatility,inside_2,val,11,0.54545455
d1,bear,1,volatility,inside_2,oos,22,0.36363636
d1,bear,1,volatility,nr7,disc,378,0.25132275
d1,bear,1,volatility,nr7,val,72,0.31944444
d1,bear,1,volatility,nr7,oos,80,0.22500000
d1,bear,1,volatility,nr4,disc,1040,0.23269231
d1,bear,1,volatility,nr4,val,209,0.27272727
d1,bear,1,volatility,nr4,oos,200,0.25000000
d1,bear,1,volatility,breakout_down20,disc,320,0.31875000
d1,bear,1,volatility,breakout_down20,val,52,0.38461538
d1,bear,1,volatility,breakout_down20,oos,59,0.28813559
d1,bear,1,volatility,retest_down,disc,319,0.31974922
d1,bear,1,volatility,retest_down,val,50,0.38000000
d1,bear,1,volatility,retest_down,oos,57,0.28070175
d1,bear,1,volatility,pin_bear,disc,124,0.43548387
d1,bear,1,volatility,pin_bear,val,20,0.60000000
d1,bear,1,volatility,pin_bear,oos,11,0.18181818
d1,bear,1,volatility,engulf_bear,disc,334,0.29041916
d1,bear,1,volatility,engulf_bear,val,63,0.31746032
d1,bear,1,volatility,engulf_bear,oos,69,0.34782609
d1,bear,1,volatility,strong_close_bear,disc,696,0.27298851
d1,bear,1,volatility,strong_close_bear,val,119,0.36134454
d1,bear,1,volatility,strong_close_bear,oos,118,0.23728814
d1,bear,1,volatility,gap_proxy_down,disc,93,0.34408602
d1,bear,1,volatility,gap_proxy_down,val,25,0.40000000
d1,bear,1,volatility,gap_proxy_down,oos,30,0.36666667
d1,bear,1,volatility,ll20,disc,605,0.32396694
d1,bear,1,volatility,ll20,val,121,0.43801653
d1,bear,1,volatility,ll20,oos,94,0.36170213
d1,bear,1,volatility,structure_bear_transition,disc,1443,0.26403326
d1,bear,1,volatility,structure_bear_transition,val,281,0.36654804
d1,bear,1,volatility,structure_bear_transition,oos,266,0.27443609
d1,bear,1,volatility,compression,disc,385,0.31428571
d1,bear,1,volatility,compression,val,133,0.24812030
d1,bear,1,volatility,compression,oos,75,0.20000000
d1,bear,1,volatility,shape_triangle_proxy,disc,68,0.20588235
d1,bear,1,volatility,shape_triangle_proxy,val,18,0.00000000
d1,bear,1,volatility,shape_triangle_proxy,oos,22,0.18181818
d1,bear,1,adx25,sma20_bear,disc,2611,0.27920337
d1,bear,1,adx25,sma20_bear,val,466,0.26394850
d1,bear,1,adx25,sma20_bear,oos,495,0.21212121
d1,bear,1,adx25,sma50_bear,disc,2448,0.28676471
d1,bear,1,adx25,sma50_bear,val,396,0.28030303
d1,bear,1,adx25,sma50_bear,oos,421,0.20427553
d1,bear,1,adx25,sma200_bear,disc,1990,0.28341709
d1,bear,1,adx25,sma200_bear,val,438,0.24200913
d1,bear,1,adx25,sma200_bear,oos,320,0.16562500
d1,bear,1,adx25,sma_stack_bear,disc,1193,0.26404023
d1,bear,1,adx25,sma_stack_bear,val,265,0.24150943
d1,bear,1,adx25,sma_stack_bear,oos,128,0.10937500
d1,bear,1,adx25,ichimoku_bear,disc,2127,0.27738599
d1,bear,1,adx25,ichimoku_bear,val,385,0.28051948
d1,bear,1,adx25,ichimoku_bear,oos,354,0.18926554
d1,bear,1,adx25,ichimoku_tk_bear,disc,2457,0.28083028
d1,bear,1,adx25,ichimoku_tk_bear,val,421,0.27553444
d1,bear,1,adx25,ichimoku_tk_bear,oos,413,0.18644068
d1,bear,1,adx25,ichimoku_cloud_bear,disc,2429,0.27748044
d1,bear,1,adx25,ichimoku_cloud_bear,val,505,0.20990099
d1,bear,1,adx25,ichimoku_cloud_bear,oos,369,0.16531165
d1,bear,1,adx25,span_model_bear,disc,1929,0.27164334
d1,bear,1,adx25,span_model_bear,val,364,0.28846154
d1,bear,1,adx25,span_model_bear,oos,306,0.17320261
d1,bear,1,adx25,bb_bear,disc,2611,0.27920337
d1,bear,1,adx25,bb_bear,val,466,0.26394850
d1,bear,1,adx25,bb_bear,oos,495,0.21212121
d1,bear,1,adx25,bb_lower,disc,1203,0.28345802
d1,bear,1,adx25,bb_lower,val,186,0.30107527
d1,bear,1,adx25,bb_lower,oos,204,0.19117647
d1,bear,1,adx25,superbb_squeeze,disc,678,0.26106195
d1,bear,1,adx25,superbb_squeeze,val,224,0.23660714
d1,bear,1,adx25,superbb_squeeze,oos,119,0.20168067
d1,bear,1,adx25,superbb_expand,disc,1394,0.31563845
d1,bear,1,adx25,superbb_expand,val,281,0.26690391
d1,bear,1,adx25,superbb_expand,oos,259,0.24324324
d1,bear,1,adx25,stoch_bear,disc,2779,0.27815761
d1,bear,1,adx25,stoch_bear,val,623,0.23434992
d1,bear,1,adx25,stoch_bear,oos,499,0.21442886
d1,bear,1,adx25,stoch_cross_down,disc,1126,0.29218472
d1,bear,1,adx25,stoch_cross_down,val,240,0.25833333
d1,bear,1,adx25,stoch_cross_down,oos,198,0.23232323
d1,bear,1,adx25,stoch_fall_down,disc,431,0.28538283
d1,bear,1,adx25,stoch_fall_down,val,102,0.21568627
d1,bear,1,adx25,stoch_fall_down,oos,76,0.23684211
d1,bear,1,adx25,rci_bear,disc,2554,0.28269381
d1,bear,1,adx25,rci_bear,val,463,0.26781857
d1,bear,1,adx25,rci_bear,oos,484,0.20661157
d1,bear,1,adx25,rci_strong_bear,disc,995,0.29346734
d1,bear,1,adx25,rci_strong_bear,val,113,0.28318584
d1,bear,1,adx25,rci_strong_bear,oos,147,0.13605442
d1,bear,1,adx25,rci_cross_down,disc,160,0.28125000
d1,bear,1,adx25,rci_cross_down,val,33,0.24242424
d1,bear,1,adx25,rci_cross_down,oos,34,0.26470588
d1,bear,1,adx25,dmi_adx_bear,disc,2576,0.28998447
d1,bear,1,adx25,dmi_adx_bear,val,408,0.28431373
d1,bear,1,adx25,dmi_adx_bear,oos,462,0.20995671
d1,bear,1,adx25,dmi_adx_strong_bear,disc,1274,0.27786499
d1,bear,1,adx25,dmi_adx_strong_bear,val,199,0.31155779
d1,bear,1,adx25,dmi_adx_strong_bear,oos,240,0.24583333
d1,bear,1,adx25,fib_below382,disc,2752,0.28125000
d1,bear,1,adx25,fib_below382,val,440,0.25909091
d1,bear,1,adx25,fib_below382,oos,493,0.20689655
d1,bear,1,adx25,fib_below500,disc,2398,0.28190158
d1,bear,1,adx25,fib_below500,val,381,0.27821522
d1,bear,1,adx25,fib_below500,oos,395,0.20000000
d1,bear,1,adx25,fib_below618,disc,2059,0.27197669
d1,bear,1,adx25,fib_below618,val,337,0.29080119
d1,bear,1,adx25,fib_below618,oos,309,0.18122977
d1,bear,1,adx25,fib_time_zone,disc,2009,0.28173221
d1,bear,1,adx25,fib_time_zone,val,429,0.25407925
d1,bear,1,adx25,fib_time_zone,oos,357,0.19607843
d1,bear,1,adx25,fib_time_5,disc,1138,0.29086116
d1,bear,1,adx25,fib_time_5,val,239,0.28451883
d1,bear,1,adx25,fib_time_5,oos,200,0.20000000
d1,bear,1,adx25,fib_time_8,disc,719,0.29624478
d1,bear,1,adx25,fib_time_8,val,153,0.24183007
d1,bear,1,adx25,fib_time_8,oos,127,0.19685039
d1,bear,1,adx25,fib_time_13,disc,441,0.26757370
d1,bear,1,adx25,fib_time_13,val,91,0.24175824
d1,bear,1,adx25,fib_time_13,oos,82,0.18292683
d1,bear,1,adx25,fib_fan_down,disc,2059,0.27197669
d1,bear,1,adx25,fib_fan_down,val,337,0.29080119
d1,bear,1,adx25,fib_fan_down,oos,309,0.18122977
d1,bear,1,adx25,fib_arc_bear,disc,2398,0.28190158
d1,bear,1,adx25,fib_arc_bear,val,381,0.27821522
d1,bear,1,adx25,fib_arc_bear,oos,395,0.20000000
d1,bear,1,adx25,trendline_down,disc,2541,0.28335301
d1,bear,1,adx25,trendline_down,val,435,0.26896552
d1,bear,1,adx25,trendline_down,oos,489,0.20245399
d1,bear,1,adx25,channel_lower,disc,1300,0.25769231
d1,bear,1,adx25,channel_lower,val,211,0.28909953
d1,bear,1,adx25,channel_lower,oos,190,0.17368421
d1,bear,1,adx25,channel_mid_bear,disc,2554,0.27838684
d1,bear,1,adx25,channel_mid_bear,val,448,0.26339286
d1,bear,1,adx25,channel_mid_bear,oos,480,0.19791667
d1,bear,1,adx25,channel_breakout_down,disc,304,0.31907895
d1,bear,1,adx25,channel_breakout_down,val,39,0.20512821
d1,bear,1,adx25,channel_breakout_down,oos,49,0.18367347
d1,bear,1,adx25,horizontal_resistance_near,disc,566,0.34275618
d1,bear,1,adx25,horizontal_resistance_near,val,135,0.22962963
d1,bear,1,adx25,horizontal_resistance_near,oos,93,0.29032258
d1,bear,1,adx25,horizontal_support_near,disc,323,0.30650155
d1,bear,1,adx25,horizontal_support_near,val,55,0.27272727
d1,bear,1,adx25,horizontal_support_near,oos,44,0.20454545
d1,bear,1,adx25,horizontal_break_down,disc,202,0.34653465
d1,bear,1,adx25,horizontal_break_down,val,26,0.26923077
d1,bear,1,adx25,horizontal_break_down,oos,32,0.25000000
d1,bear,1,adx25,vertical_session,disc,5701,0.28503771
d1,bear,1,adx25,vertical_session,val,1181,0.24047417
d1,bear,1,adx25,vertical_session,oos,1026,0.21929825
d1,bear,1,adx25,vertical_day_open,disc,5701,0.28503771
d1,bear,1,adx25,vertical_day_open,val,1181,0.24047417
d1,bear,1,adx25,vertical_day_open,oos,1026,0.21929825
d1,bear,1,adx25,vertical_week_open,disc,933,0.34083601
d1,bear,1,adx25,vertical_week_open,val,196,0.29591837
d1,bear,1,adx25,vertical_week_open,oos,166,0.19879518
d1,bear,1,adx25,rectangle_range,disc,2800,0.28500000
d1,bear,1,adx25,rectangle_range,val,581,0.22719449
d1,bear,1,adx25,rectangle_range,oos,495,0.23838384
d1,bear,1,adx25,ellipse_compression,disc,163,0.30061350
d1,bear,1,adx25,ellipse_compression,val,34,0.35294118
d1,bear,1,adx25,ellipse_compression,oos,53,0.15094340
d1,bear,1,adx25,elliott_wave2_bear,disc,547,0.30347349
d1,bear,1,adx25,elliott_wave2_bear,val,118,0.29661017
d1,bear,1,adx25,elliott_wave2_bear,oos,101,0.33663366
d1,bear,1,adx25,elliott_wave3_bear,disc,328,0.30487805
d1,bear,1,adx25,elliott_wave3_bear,val,46,0.15217391
d1,bear,1,adx25,elliott_wave3_bear,oos,48,0.18750000
d1,bear,1,adx25,elliott_wave4_bear,disc,499,0.26853707
d1,bear,1,adx25,elliott_wave4_bear,val,97,0.23711340
d1,bear,1,adx25,elliott_wave4_bear,oos,94,0.19148936
d1,bear,1,adx25,elliott_wave5_bear,disc,327,0.31804281
d1,bear,1,adx25,elliott_wave5_bear,val,42,0.23809524
d1,bear,1,adx25,elliott_wave5_bear,oos,51,0.17647059
d1,bear,1,adx25,elliott_impulse_bear,disc,452,0.29203540
d1,bear,1,adx25,elliott_impulse_bear,val,63,0.19047619
d1,bear,1,adx25,elliott_impulse_bear,oos,69,0.17391304
d1,bear,1,adx25,elliott_pullback_bear,disc,1046,0.28680688
d1,bear,1,adx25,elliott_pullback_bear,val,215,0.26976744
d1,bear,1,adx25,elliott_pullback_bear,oos,195,0.26666667
d1,bear,1,adx25,range_compression,disc,5036,0.28216839
d1,bear,1,adx25,range_compression,val,995,0.22713568
d1,bear,1,adx25,range_compression,oos,872,0.19495413
d1,bear,1,adx25,range_tight,disc,119,0.26890756
d1,bear,1,adx25,range_tight,val,63,0.23809524
d1,bear,1,adx25,range_tight,oos,31,0.41935484
d1,bear,1,adx25,inside_bar,disc,1188,0.26178451
d1,bear,1,adx25,inside_bar,val,261,0.27203065
d1,bear,1,adx25,inside_bar,oos,208,0.23557692
d1,bear,1,adx25,inside_2,disc,138,0.21739130
d1,bear,1,adx25,inside_2,val,27,0.29629630
d1,bear,1,adx25,inside_2,oos,21,0.33333333
d1,bear,1,adx25,nr7,disc,569,0.25307557
d1,bear,1,adx25,nr7,val,107,0.32710280
d1,bear,1,adx25,nr7,oos,133,0.20300752
d1,bear,1,adx25,nr4,disc,1415,0.24734982
d1,bear,1,adx25,nr4,val,301,0.23920266
d1,bear,1,adx25,nr4,oos,269,0.20817844
d1,bear,1,adx25,breakout_down20,disc,304,0.31907895
d1,bear,1,adx25,breakout_down20,val,39,0.20512821
d1,bear,1,adx25,breakout_down20,oos,49,0.18367347
d1,bear,1,adx25,retest_down,disc,303,0.32013201
d1,bear,1,adx25,retest_down,val,38,0.21052632
d1,bear,1,adx25,retest_down,oos,48,0.18750000
d1,bear,1,adx25,pin_bear,disc,124,0.44354839
d1,bear,1,adx25,pin_bear,val,13,0.38461538
d1,bear,1,adx25,pin_bear,oos,7,0.28571429
d1,bear,1,adx25,engulf_bear,disc,437,0.29290618
d1,bear,1,adx25,engulf_bear,val,87,0.14942529
d1,bear,1,adx25,engulf_bear,oos,86,0.22093023
d1,bear,1,adx25,strong_close_bear,disc,754,0.26259947
d1,bear,1,adx25,strong_close_bear,val,137,0.21167883
d1,bear,1,adx25,strong_close_bear,oos,118,0.18644068
d1,bear,1,adx25,gap_proxy_down,disc,138,0.28260870
d1,bear,1,adx25,gap_proxy_down,val,26,0.30769231
d1,bear,1,adx25,gap_proxy_down,oos,33,0.21212121
d1,bear,1,adx25,ll20,disc,645,0.30542636
d1,bear,1,adx25,ll20,val,105,0.27619048
d1,bear,1,adx25,ll20,oos,86,0.20930233
d1,bear,1,adx25,structure_bear_transition,disc,1711,0.26475745
d1,bear,1,adx25,structure_bear_transition,val,379,0.25593668
d1,bear,1,adx25,structure_bear_transition,oos,319,0.20376176
d1,bear,1,adx25,compression,disc,508,0.30511811
d1,bear,1,adx25,compression,val,123,0.21951220
d1,bear,1,adx25,compression,oos,140,0.16428571
d1,bear,1,adx25,shape_triangle_proxy,disc,158,0.13291139
d1,bear,1,adx25,shape_triangle_proxy,val,43,0.11627907
d1,bear,1,adx25,shape_triangle_proxy,oos,51,0.15686275
d1,bear,3,atr_expand,sma20_bear,disc,404,0.54455446
d1,bear,3,atr_expand,sma20_bear,val,89,0.73033708
d1,bear,3,atr_expand,sma20_bear,oos,99,0.67676768
d1,bear,3,atr_expand,sma50_bear,disc,340,0.55000000
d1,bear,3,atr_expand,sma50_bear,val,76,0.76315789
d1,bear,3,atr_expand,sma50_bear,oos,89,0.61797753
d1,bear,3,atr_expand,sma200_bear,disc,259,0.52123552
d1,bear,3,atr_expand,sma200_bear,val,74,0.81081081
d1,bear,3,atr_expand,sma200_bear,oos,52,0.61538462
d1,bear,3,atr_expand,sma_stack_bear,disc,110,0.44545455
d1,bear,3,atr_expand,sma_stack_bear,val,44,0.65909091
d1,bear,3,atr_expand,sma_stack_bear,oos,18,0.44444444
d1,bear,3,atr_expand,ichimoku_bear,disc,273,0.52014652
d1,bear,3,atr_expand,ichimoku_bear,val,68,0.79411765
d1,bear,3,atr_expand,ichimoku_bear,oos,63,0.57142857
d1,bear,3,atr_expand,ichimoku_tk_bear,disc,316,0.54746835
d1,bear,3,atr_expand,ichimoku_tk_bear,val,62,0.80645161
d1,bear,3,atr_expand,ichimoku_tk_bear,oos,56,0.51785714
d1,bear,3,atr_expand,ichimoku_cloud_bear,disc,228,0.49122807
d1,bear,3,atr_expand,ichimoku_cloud_bear,val,76,0.77631579
d1,bear,3,atr_expand,ichimoku_cloud_bear,oos,44,0.59090909
d1,bear,3,atr_expand,span_model_bear,disc,237,0.54008439
d1,bear,3,atr_expand,span_model_bear,val,52,0.80769231
d1,bear,3,atr_expand,span_model_bear,oos,40,0.50000000
d1,bear,3,atr_expand,bb_bear,disc,404,0.54455446
d1,bear,3,atr_expand,bb_bear,val,89,0.73033708
d1,bear,3,atr_expand,bb_bear,oos,99,0.67676768
d1,bear,3,atr_expand,bb_lower,disc,275,0.57818182
d1,bear,3,atr_expand,bb_lower,val,55,0.81818182
d1,bear,3,atr_expand,bb_lower,oos,85,0.65882353
d1,bear,3,atr_expand,superbb_squeeze,disc,77,0.50649351
d1,bear,3,atr_expand,superbb_squeeze,val,22,0.59090909
d1,bear,3,atr_expand,superbb_squeeze,oos,16,0.56250000
d1,bear,3,atr_expand,superbb_expand,disc,313,0.56549521
d1,bear,3,atr_expand,superbb_expand,val,96,0.73958333
d1,bear,3,atr_expand,superbb_expand,oos,84,0.63095238
d1,bear,3,atr_expand,stoch_bear,disc,360,0.53611111
d1,bear,3,atr_expand,stoch_bear,val,71,0.63380282
d1,bear,3,atr_expand,stoch_bear,oos,90,0.68888889
d1,bear,3,atr_expand,stoch_cross_down,disc,144,0.54861111
d1,bear,3,atr_expand,stoch_cross_down,val,35,0.65714286
d1,bear,3,atr_expand,stoch_cross_down,oos,31,0.64516129
d1,bear,3,atr_expand,stoch_fall_down,disc,78,0.51282051
d1,bear,3,atr_expand,stoch_fall_down,val,11,0.27272727
d1,bear,3,atr_expand,stoch_fall_down,oos,12,0.83333333
d1,bear,3,atr_expand,rci_bear,disc,353,0.57790368
d1,bear,3,atr_expand,rci_bear,val,92,0.71739130
d1,bear,3,atr_expand,rci_bear,oos,73,0.67123288
d1,bear,3,atr_expand,rci_strong_bear,disc,136,0.66911765
d1,bear,3,atr_expand,rci_strong_bear,val,17,0.88235294
d1,bear,3,atr_expand,rci_strong_bear,oos,10,0.30000000
d1,bear,3,atr_expand,dmi_adx_bear,disc,187,0.67379679
d1,bear,3,atr_expand,dmi_adx_bear,val,25,0.88000000
d1,bear,3,atr_expand,dmi_adx_bear,oos,45,0.64444444
d1,bear,3,atr_expand,dmi_adx_strong_bear,disc,254,0.57086614
d1,bear,3,atr_expand,dmi_adx_strong_bear,val,49,0.75510204
d1,bear,3,atr_expand,dmi_adx_strong_bear,oos,82,0.67073171
d1,bear,3,atr_expand,fib_below382,disc,402,0.54228856
d1,bear,3,atr_expand,fib_below382,val,88,0.72727273
d1,bear,3,atr_expand,fib_below382,oos,99,0.62626263
d1,bear,3,atr_expand,fib_below500,disc,343,0.54227405
d1,bear,3,atr_expand,fib_below500,val,74,0.79729730
d1,bear,3,atr_expand,fib_below500,oos,86,0.61627907
d1,bear,3,atr_expand,fib_below618,disc,271,0.52029520
d1,bear,3,atr_expand,fib_below618,val,64,0.82812500
d1,bear,3,atr_expand,fib_below618,oos,74,0.63513514
d1,bear,3,atr_expand,fib_time_zone,disc,199,0.50753769
d1,bear,3,atr_expand,fib_time_zone,val,53,0.67924528
d1,bear,3,atr_expand,fib_time_zone,oos,56,0.55357143
d1,bear,3,atr_expand,fib_time_5,disc,119,0.54621849
d1,bear,3,atr_expand,fib_time_5,val,27,0.59259259
d1,bear,3,atr_expand,fib_time_5,oos,36,0.55555556
d1,bear,3,atr_expand,fib_time_8,disc,67,0.50746269
d1,bear,3,atr_expand,fib_time_8,val,24,0.70833333
d1,bear,3,atr_expand,fib_time_8,oos,22,0.59090909
d1,bear,3,atr_expand,fib_fan_down,disc,271,0.52029520
d1,bear,3,atr_expand,fib_fan_down,val,64,0.82812500
d1,bear,3,atr_expand,fib_fan_down,oos,74,0.63513514
d1,bear,3,atr_expand,fib_arc_bear,disc,343,0.54227405
d1,bear,3,atr_expand,fib_arc_bear,val,74,0.79729730
d1,bear,3,atr_expand,fib_arc_bear,oos,86,0.61627907
d1,bear,3,atr_expand,trendline_down,disc,347,0.54755043
d1,bear,3,atr_expand,trendline_down,val,85,0.75294118
d1,bear,3,atr_expand,trendline_down,oos,76,0.56578947
d1,bear,3,atr_expand,channel_lower,disc,225,0.56000000
d1,bear,3,atr_expand,channel_lower,val,44,0.77272727
d1,bear,3,atr_expand,channel_lower,oos,65,0.64615385
d1,bear,3,atr_expand,channel_mid_bear,disc,400,0.53500000
d1,bear,3,atr_expand,channel_mid_bear,val,86,0.75581395
d1,bear,3,atr_expand,channel_mid_bear,oos,95,0.66315789
d1,bear,3,atr_expand,channel_breakout_down,disc,110,0.59090909
d1,bear,3,atr_expand,channel_breakout_down,val,22,0.72727273
d1,bear,3,atr_expand,channel_breakout_down,oos,34,0.55882353
d1,bear,3,atr_expand,horizontal_resistance_near,disc,57,0.66666667
d1,bear,3,atr_expand,horizontal_resistance_near,val,22,0.63636364
d1,bear,3,atr_expand,horizontal_resistance_near,oos,11,0.54545455
d1,bear,3,atr_expand,horizontal_support_near,disc,86,0.55813953
d1,bear,3,atr_expand,horizontal_support_near,val,20,0.85000000
d1,bear,3,atr_expand,horizontal_support_near,oos,19,0.42105263
d1,bear,3,atr_expand,horizontal_break_down,disc,67,0.55223881
d1,bear,3,atr_expand,horizontal_break_down,val,15,0.86666667
d1,bear,3,atr_expand,horizontal_break_down,oos,17,0.41176471
d1,bear,3,atr_expand,vertical_session,disc,649,0.53775039
d1,bear,3,atr_expand,vertical_session,val,147,0.65986395
d1,bear,3,atr_expand,vertical_session,oos,140,0.64285714
d1,bear,3,atr_expand,vertical_day_open,disc,649,0.53775039
d1,bear,3,atr_expand,vertical_day_open,val,147,0.65986395
d1,bear,3,atr_expand,vertical_day_open,oos,140,0.64285714
d1,bear,3,atr_expand,rectangle_range,disc,360,0.53055556
d1,bear,3,atr_expand,rectangle_range,val,78,0.65384615
d1,bear,3,atr_expand,rectangle_range,oos,67,0.71641791
d1,bear,3,atr_expand,elliott_wave2_bear,disc,58,0.51724138
d1,bear,3,atr_expand,elliott_wave2_bear,val,23,0.69565217
d1,bear,3,atr_expand,elliott_wave2_bear,oos,8,0.87500000
d1,bear,3,atr_expand,elliott_wave3_bear,disc,130,0.54615385
d1,bear,3,atr_expand,elliott_wave3_bear,val,21,0.61904762
d1,bear,3,atr_expand,elliott_wave3_bear,oos,32,0.53125000
d1,bear,3,atr_expand,elliott_wave4_bear,disc,56,0.62500000
d1,bear,3,atr_expand,elliott_wave4_bear,val,13,0.69230769
d1,bear,3,atr_expand,elliott_wave4_bear,oos,16,0.62500000
d1,bear,3,atr_expand,elliott_wave5_bear,disc,107,0.57009346
d1,bear,3,atr_expand,elliott_wave5_bear,val,16,0.68750000
d1,bear,3,atr_expand,elliott_wave5_bear,oos,28,0.60714286
d1,bear,3,atr_expand,elliott_impulse_bear,disc,138,0.54347826
d1,bear,3,atr_expand,elliott_impulse_bear,val,21,0.61904762
d1,bear,3,atr_expand,elliott_impulse_bear,oos,33,0.54545455
d1,bear,3,atr_expand,elliott_pullback_bear,disc,114,0.57017544
d1,bear,3,atr_expand,elliott_pullback_bear,val,36,0.69444444
d1,bear,3,atr_expand,elliott_pullback_bear,oos,24,0.70833333
d1,bear,3,atr_expand,range_compression,disc,393,0.56234097
d1,bear,3,atr_expand,range_compression,val,42,0.52380952
d1,bear,3,atr_expand,range_compression,oos,43,0.65116279
d1,bear,3,atr_expand,inside_bar,disc,122,0.54098361
d1,bear,3,atr_expand,inside_bar,val,15,0.86666667
d1,bear,3,atr_expand,inside_bar,oos,34,0.76470588
d1,bear,3,atr_expand,nr4,disc,69,0.53623188
d1,bear,3,atr_expand,nr4,val,28,0.75000000
d1,bear,3,atr_expand,nr4,oos,18,0.72222222
d1,bear,3,atr_expand,breakout_down20,disc,110,0.59090909
d1,bear,3,atr_expand,breakout_down20,val,22,0.72727273
d1,bear,3,atr_expand,breakout_down20,oos,34,0.55882353
d1,bear,3,atr_expand,retest_down,disc,110,0.59090909
d1,bear,3,atr_expand,retest_down,val,22,0.72727273
d1,bear,3,atr_expand,retest_down,oos,32,0.53125000
d1,bear,3,atr_expand,engulf_bear,disc,65,0.52307692
d1,bear,3,atr_expand,engulf_bear,val,11,0.36363636
d1,bear,3,atr_expand,engulf_bear,oos,21,0.71428571
d1,bear,3,atr_expand,strong_close_bear,disc,143,0.51048951
d1,bear,3,atr_expand,strong_close_bear,val,27,0.59259259
d1,bear,3,atr_expand,strong_close_bear,oos,29,0.55172414
d1,bear,3,atr_expand,ll20,disc,183,0.55737705
d1,bear,3,atr_expand,ll20,val,48,0.72916667
d1,bear,3,atr_expand,ll20,oos,56,0.64285714
d1,bear,3,atr_expand,structure_bear_transition,disc,274,0.51459854
d1,bear,3,atr_expand,structure_bear_transition,val,52,0.73076923
d1,bear,3,atr_expand,structure_bear_transition,oos,68,0.63235294
