timeframe,period,from_target,to_target,conditions,samples,exit_precision,unconditional_exit_precision,lift,wilson95_lower,target_capture_pips_mean,future_mfe_pips_mean,future_mae_pips_mean,bars_after_target_mean
h4,discovery,50,100,price20_cross_down+structure_lh+atr_expand,412,1.00000000,0.75515784,1.32422646,0.99076220,-79.86310680,36.51529126,-54.47135922,1.08980583
h4,validation,50,100,price20_cross_down+structure_lh+atr_expand,45,1.00000000,0.74500976,1.34226430,0.92134840,-61.66000000,43.45555556,-29.81555556,1.40000000
h4,oos,50,100,price20_cross_down+structure_lh+atr_expand,88,1.00000000,0.79026134,1.26540418,0.95817293,-116.01363636,37.74318182,-69.05909091,1.01136364
h4,discovery,50,100,rsi_down3+price20_cross_down+bb_expand,196,1.00000000,0.75515784,1.32422646,0.98077747,-94.18265306,37.73469388,-50.10867347,1.17857143
h4,validation,50,100,rsi_down3+price20_cross_down+bb_expand,25,1.00000000,0.74500976,1.34226430,0.86680775,-112.50400000,40.65600000,-95.28800000,1.00000000
h4,oos,50,100,rsi_down3+price20_cross_down+bb_expand,49,1.00000000,0.79026134,1.26540418,0.92730218,-157.64285714,44.04897959,-45.72653061,1.30612245
h4,discovery,50,100,price20_cross_down+strong_close_bear+bb_expand,177,1.00000000,0.75515784,1.32422646,0.97875786,-108.99661017,44.08757062,-50.40056497,1.07909605
h4,validation,50,100,price20_cross_down+strong_close_bear+bb_expand,25,1.00000000,0.74500976,1.34226430,0.86680775,-108.93200000,41.87200000,-94.92000000,1.00000000
h4,oos,50,100,price20_cross_down+strong_close_bear+bb_expand,37,1.00000000,0.79026134,1.26540418,0.90594217,-98.68918919,9.58378378,-52.77837838,1.40540541
h4,discovery,50,100,price20_cross_down+mtf_macd_bull+bb_expand,138,1.00000000,0.75515784,1.32422646,0.97291724,-73.76521739,41.32753623,-37.14347826,1.22463768
h4,validation,50,100,price20_cross_down+mtf_macd_bull+bb_expand,14,1.00000000,0.74500976,1.34226430,0.78468920,-135.55000000,38.75714286,-138.08571429,1.00000000
h4,oos,50,100,price20_cross_down+mtf_macd_bull+bb_expand,41,1.00000000,0.79026134,1.26540418,0.91433243,-147.65853659,36.38048780,-51.03658537,1.36585366
h4,discovery,50,100,di_spread_down3+price20_cross_down+bb_expand,137,1.00000000,0.75515784,1.32422646,0.97272494,-106.95182482,37.11678832,-59.41678832,1.16788321
h4,validation,50,100,di_spread_down3+price20_cross_down+bb_expand,17,1.00000000,0.74500976,1.34226430,0.81568186,-137.51176471,43.18823529,-124.18823529,1.00000000
h4,oos,50,100,di_spread_down3+price20_cross_down+bb_expand,30,1.00000000,0.79026134,1.26540418,0.88648661,-188.77333333,62.15666667,-41.42000000,1.50000000
h4,discovery,50,100,price20_cross_down+range_compression+bb_expand,130,1.00000000,0.75515784,1.32422646,0.97129844,-99.66000000,35.49538462,-54.59307692,1.12307692
h4,validation,50,100,price20_cross_down+range_compression+bb_expand,16,1.00000000,0.74500976,1.34226430,0.80639232,-82.08750000,36.48750000,-46.53125000,1.00000000
h4,oos,50,100,price20_cross_down+range_compression+bb_expand,27,1.00000000,0.79026134,1.26540418,0.87544497,-190.25925926,73.74074074,-35.15925926,1.55555556
h4,discovery,50,100,price20_cross_down+mtf_adx_rising+bb_expand,113,1.00000000,0.75515784,1.32422646,0.96712247,-71.71946903,35.61858407,-42.32920354,1.15929204
h4,validation,50,100,price20_cross_down+mtf_adx_rising+bb_expand,15,1.00000000,0.74500976,1.34226430,0.79611670,-146.20000000,41.78666667,-136.31333333,1.00000000
h4,oos,50,100,price20_cross_down+mtf_adx_rising+bb_expand,22,1.00000000,0.79026134,1.26540418,0.85134513,-167.31363636,62.61363636,-37.55000000,1.68181818
h4,discovery,50,100,price20_cross_down+false_break_up+bb_expand,41,1.00000000,0.75515784,1.32422646,0.91433243,-64.88536585,35.40243902,-39.81219512,1.17073171
h4,validation,50,100,price20_cross_down+false_break_up+bb_expand,9,1.00000000,0.74500976,1.34226430,0.70085495,-174.92222222,35.33333333,-194.33333333,1.00000000
h4,oos,50,100,price20_cross_down+false_break_up+bb_expand,8,1.00000000,0.79026134,1.26540418,0.67559244,-52.72500000,12.20000000,-33.85000000,2.87500000
h4,discovery,50,100,price20_cross_down+bb_expand,246,0.99593496,0.75515784,1.31884343,0.97733728,-96.70121951,40.72479675,-51.53943089,1.14227642
h4,validation,50,100,price20_cross_down+bb_expand,30,1.00000000,0.74500976,1.34226430,0.88648661,-102.37666667,37.82666667,-90.51666667,1.00000000
h4,oos,50,100,price20_cross_down+bb_expand,54,1.00000000,0.79026134,1.26540418,0.93358641,-149.65000000,43.87592593,-43.59444444,1.27777778
h4,discovery,50,100,macd_accel_down+price20_cross_down+bb_expand,242,0.99586777,0.75515784,1.31875445,0.97696873,-98.20867769,41.09132231,-51.14049587,1.14462810
h4,validation,50,100,macd_accel_down+price20_cross_down+bb_expand,30,1.00000000,0.74500976,1.34226430,0.88648661,-102.37666667,37.82666667,-90.51666667,1.00000000
h4,oos,50,100,macd_accel_down+price20_cross_down+bb_expand,54,1.00000000,0.79026134,1.26540418,0.93358641,-149.65000000,43.87592593,-43.59444444,1.27777778
h4,discovery,50,100,price20_cross_down+close_near_low+bb_expand,193,0.99481865,0.75515784,1.31736519,0.97123926,-105.59274611,42.49585492,-50.32797927,1.07253886
h4,validation,50,100,price20_cross_down+close_near_low+bb_expand,26,1.00000000,0.74500976,1.34226430,0.87127108,-106.06153846,40.29230769,-92.37307692,1.00000000
h4,oos,50,100,price20_cross_down+close_near_low+bb_expand,44,1.00000000,0.79026134,1.26540418,0.91970440,-158.33409091,41.52272727,-50.55909091,1.34090909
h4,discovery,50,100,price20_cross_down+pullback_bull+bb_expand,178,0.99438202,0.75515784,1.31678699,0.96886849,-73.59831461,28.64325843,-50.62921348,1.17977528
h4,validation,50,100,price20_cross_down+pullback_bull+bb_expand,24,1.00000000,0.74500976,1.34226430,0.86202380,-70.50833333,35.85833333,-45.77083333,1.00000000
h4,oos,50,100,price20_cross_down+pullback_bull+bb_expand,24,1.00000000,0.79026134,1.26540418,0.86202380,-78.07083333,33.47500000,-29.29583333,1.62500000
h4,discovery,50,100,price20_cross_down+structure_lh+bb_expand,175,0.99428571,0.75515784,1.31665946,0.96834665,-88.42742857,42.04171429,-46.20800000,1.09142857
h4,validation,50,100,price20_cross_down+structure_lh+bb_expand,20,1.00000000,0.74500976,1.34226430,0.83887484,-72.36000000,40.37500000,-43.81500000,1.00000000
h4,oos,50,100,price20_cross_down+structure_lh+bb_expand,45,1.00000000,0.79026134,1.26540418,0.92134840,-169.55333333,50.11555556,-42.97777778,1.00000000
h4,discovery,50,100,rsi_down3+price20_cross_down+atr_expand,375,0.99200000,0.75515784,1.31363265,0.97674660,-92.94053333,40.14106667,-48.67066667,1.13066667
h4,validation,50,100,rsi_down3+price20_cross_down+atr_expand,30,1.00000000,0.74500976,1.34226430,0.88648661,-113.72000000,47.47000000,-77.23333333,1.46666667
h4,oos,50,100,rsi_down3+price20_cross_down+atr_expand,72,1.00000000,0.79026134,1.26540418,0.94934883,-136.29722222,38.22222222,-85.87500000,1.20833333
h4,discovery,50,100,price20_cross_down+mtf_di_strong_bull+bb_expand,106,0.99056604,0.75515784,1.31173376,0.94848645,-78.46792453,32.54339623,-43.53301887,1.24528302
h4,validation,50,100,price20_cross_down+mtf_di_strong_bull+bb_expand,9,1.00000000,0.74500976,1.34226430,0.70085495,-92.15555556,40.12222222,-54.35555556,1.00000000
h4,oos,50,100,price20_cross_down+mtf_di_strong_bull+bb_expand,20,1.00000000,0.79026134,1.26540418,0.83887484,-182.10000000,81.91500000,-37.83000000,1.75000000
h4,discovery,50,100,price20_cross_down+strong_close_bear+atr_expand,374,0.98930481,0.75515784,1.31006361,0.97282704,-93.11470588,43.54973262,-48.72352941,1.14705882
h4,validation,50,100,price20_cross_down+strong_close_bear+atr_expand,46,1.00000000,0.74500976,1.34226430,0.92292644,-79.15434783,41.71521739,-60.51956522,1.39130435
h4,oos,50,100,price20_cross_down+strong_close_bear+atr_expand,47,0.93617021,0.79026134,1.18463370,0.82837386,-94.62340426,14.61489362,-54.98723404,1.34042553
h4,discovery,50,100,macd_accel_down+price20_cross_down+atr_expand,534,0.98876404,0.75515784,1.30934752,0.97570566,-88.48895131,41.75299625,-55.37003745,1.12734082
h4,validation,50,100,macd_accel_down+price20_cross_down+atr_expand,45,1.00000000,0.74500976,1.34226430,0.92134840,-94.42666667,44.16666667,-59.21555556,1.40000000
h4,oos,50,100,macd_accel_down+price20_cross_down+atr_expand,91,0.96703297,0.79026134,1.22368756,0.90750693,-118.53076923,36.72087912,-74.65934066,1.18681319
h4,discovery,50,100,di_spread_down3+price20_cross_down+atr_expand,253,0.98814229,0.75515784,1.30852417,0.96572348,-102.27154150,47.99920949,-50.38893281,1.20553360
h4,validation,50,100,di_spread_down3+price20_cross_down+atr_expand,27,1.00000000,0.74500976,1.34226430,0.87544497,-121.04444444,50.63703704,-83.20370370,1.51851852
h4,oos,50,100,di_spread_down3+price20_cross_down+atr_expand,43,1.00000000,0.79026134,1.26540418,0.91799020,-161.89069767,49.51627907,-114.71627907,1.37209302
h4,discovery,50,100,di_spread_down3+price20_cross_down+structure_lh,332,0.98795181,0.75515784,1.30827193,0.96943594,-88.38554217,46.39909639,-48.53524096,1.26807229
h4,validation,50,100,di_spread_down3+price20_cross_down+structure_lh,66,0.87878788,0.74500976,1.17956560,0.77862561,-94.61666667,76.19545455,-27.71060606,1.28787879
h4,oos,50,100,di_spread_down3+price20_cross_down+structure_lh,56,1.00000000,0.79026134,1.26540418,0.93580606,-132.41428571,50.10357143,-92.03392857,1.16071429
h4,discovery,50,100,price20_cross_down+mtf_macd_bull+atr_expand,322,0.98757764,0.75515784,1.30777645,0.96849996,-81.11055901,45.74565217,-38.80403727,1.17080745
h4,validation,50,100,price20_cross_down+mtf_macd_bull+atr_expand,42,1.00000000,0.74500976,1.34226430,0.91620121,-91.90714286,47.56428571,-69.83095238,1.42857143
h4,oos,50,100,price20_cross_down+mtf_macd_bull+atr_expand,77,0.96103896,0.79026134,1.21610272,0.89160018,-110.59220779,33.05454545,-76.16233766,1.20779221
h4,discovery,50,100,di_spread_down3+price20_cross_down+strong_close_bear,304,0.98684211,0.75515784,1.30680243,0.96666233,-101.99243421,51.23980263,-51.08519737,1.30263158
h4,validation,50,100,di_spread_down3+price20_cross_down+strong_close_bear,51,0.96078431,0.74500976,1.28962649,0.86783694,-105.46078431,60.03137255,-54.85098039,1.35294118
h4,oos,50,100,di_spread_down3+price20_cross_down+strong_close_bear,34,1.00000000,0.79026134,1.26540418,0.89848545,-87.63235294,23.65000000,-48.45882353,1.44117647
h4,discovery,50,100,di_spread_down3+price20_cross_down+close_near_low,335,0.98507463,0.75515784,1.30446189,0.96554227,-99.82388060,50.20000000,-50.16895522,1.27462687
h4,validation,50,100,di_spread_down3+price20_cross_down+close_near_low,65,0.95384615,0.74500976,1.28031364,0.87286153,-110.56769231,66.84769231,-48.97846154,1.27692308
h4,oos,50,100,di_spread_down3+price20_cross_down+close_near_low,43,1.00000000,0.79026134,1.26540418,0.91799020,-150.22325581,53.22093023,-47.38139535,1.34883721
h4,discovery,50,100,price20_cross_down+range_compression+atr_expand,329,0.98480243,0.75515784,1.30410144,0.96492277,-89.58145897,39.19939210,-62.56322188,1.13069909
h4,validation,50,100,price20_cross_down+range_compression+atr_expand,32,1.00000000,0.74500976,1.34226430,0.89282080,-67.49062500,30.03125000,-24.15937500,1.43750000
h4,oos,50,100,price20_cross_down+range_compression+atr_expand,47,1.00000000,0.79026134,1.26540418,0.92444240,-131.12127660,59.59787234,-32.28936170,1.34042553
h4,discovery,50,100,price20_cross_down+mtf_adx_rising+atr_expand,262,0.98473282,0.75515784,1.30400927,0.96140939,-72.70839695,36.60954198,-43.85992366,1.10687023
h4,validation,50,100,price20_cross_down+mtf_adx_rising+atr_expand,36,1.00000000,0.74500976,1.34226430,0.90358137,-94.91388889,41.60000000,-63.15833333,1.50000000
h4,oos,50,100,price20_cross_down+mtf_adx_rising+atr_expand,65,1.00000000,0.79026134,1.26540418,0.94419847,-100.97384615,39.60769231,-79.08461538,1.23076923
h4,discovery,50,100,rsi_down3+price20_cross_down+close_near_low,654,0.98318043,0.75515784,1.30195354,0.97013507,-84.44556575,44.29633028,-47.29388379,1.17584098
h4,validation,50,100,rsi_down3+price20_cross_down+close_near_low,91,0.96703297,0.74500976,1.29801383,0.90750693,-90.41428571,54.87472527,-45.21318681,1.27472527
h4,oos,50,100,rsi_down3+price20_cross_down+close_near_low,84,1.00000000,0.79026134,1.26540418,0.95626827,-113.61428571,38.68571429,-43.85714286,1.25000000
h4,discovery,50,100,rsi_down3+price20_cross_down+strong_close_bear,556,0.98201439,0.75515784,1.30040944,0.96721212,-86.78794964,44.16241007,-47.69514388,1.20143885
h4,validation,50,100,rsi_down3+price20_cross_down+strong_close_bear,69,0.97101449,0.74500976,1.30335809,0.90033416,-88.47826087,52.01594203,-50.35072464,1.36231884
h4,oos,50,100,rsi_down3+price20_cross_down+strong_close_bear,73,1.00000000,0.79026134,1.26540418,0.95000799,-82.28356164,23.50136986,-43.89452055,1.21917808
h4,discovery,50,100,price20_cross_down+atr_expand,598,0.98160535,0.75515784,1.29986778,0.96736443,-81.75267559,41.18678930,-52.91755853,1.11872910
h4,validation,50,100,price20_cross_down+atr_expand,61,1.00000000,0.74500976,1.34226430,0.94075613,-76.13278689,39.20491803,-52.53606557,1.29508197
h4,oos,50,100,price20_cross_down+atr_expand,102,0.97058824,0.79026134,1.22818641,0.91706943,-108.92254902,37.17156863,-67.72941176,1.16666667
h4,discovery,50,100,rsi_down3+close_near_low+atr_expand,527,0.98102467,0.75515784,1.29909883,0.96542648,-89.89715370,39.72713472,-50.38140417,1.09297913
h4,validation,50,100,rsi_down3+close_near_low+atr_expand,47,0.97872340,0.74500976,1.31370549,0.88887019,-143.90851064,71.55531915,-74.38297872,1.34042553
h4,oos,50,100,rsi_down3+close_near_low+atr_expand,74,0.98648649,0.79026134,1.24830413,0.92734643,-123.98108108,40.40405405,-45.66486486,1.22972973
h4,discovery,50,100,price20_cross_down+close_near_low+atr_expand,474,0.98101266,0.75515784,1.29908292,0.96431224,-85.56645570,44.10316456,-48.40253165,1.12236287
h4,validation,50,100,price20_cross_down+close_near_low+atr_expand,48,1.00000000,0.74500976,1.34226430,0.92589987,-81.97083333,42.44583333,-60.78333333,1.37500000
h4,oos,50,100,price20_cross_down+close_near_low+atr_expand,58,0.94827586,0.79026134,1.19995224,0.85860599,-138.08448276,38.00172414,-52.68275862,1.27586207
h4,discovery,50,100,price20_cross_down+mtf_di_strong_bull+atr_expand,198,0.97979798,0.75515784,1.29747441,0.94921641,-88.98484848,37.72171717,-45.43888889,1.08080808
h4,validation,50,100,price20_cross_down+mtf_di_strong_bull+atr_expand,22,1.00000000,0.74500976,1.34226430,0.85134513,-84.63181818,45.50909091,-29.10454545,1.81818182
h4,oos,50,100,price20_cross_down+mtf_di_strong_bull+atr_expand,50,1.00000000,0.79026134,1.26540418,0.92865240,-120.44200000,46.72000000,-97.95200000,1.30000000
h4,discovery,50,100,rsi_down3+price20_cross_down+volatility,386,0.97927461,0.75515784,1.29678136,0.95964225,-96.51528497,42.85725389,-48.83834197,1.12176166
h4,validation,50,100,rsi_down3+price20_cross_down+volatility,60,0.96666667,0.74500976,1.29752216,0.88636226,-98.01166667,52.70833333,-56.10166667,1.35000000
h4,oos,50,100,rsi_down3+price20_cross_down+volatility,52,1.00000000,0.79026134,1.26540418,0.93120776,-146.03653846,60.87307692,-98.12115385,1.19230769
h4,discovery,50,100,rsi_down3+structure_lh+atr_expand,711,0.97890295,0.75515784,1.29628920,0.96548486,-86.79493671,41.47566807,-53.89338959,1.07454290
h4,validation,50,100,rsi_down3+structure_lh+atr_expand,83,0.93975904,0.74500976,1.26140501,0.86661572,-104.72530120,53.00602410,-70.31807229,1.19277108
h4,oos,50,100,rsi_down3+structure_lh+atr_expand,104,0.96153846,0.79026134,1.21673479,0.90525249,-111.84903846,42.45000000,-80.61730769,1.01923077
h4,discovery,50,100,di_spread_down3+price20_cross_down+mtf_macd_bull,284,0.97887324,0.75515784,1.29624985,0.95468233,-88.32887324,53.25809859,-40.25985915,1.30985915
h4,validation,50,100,di_spread_down3+price20_cross_down+mtf_macd_bull,65,0.83076923,0.74500976,1.11511188,0.72183578,-110.09230769,79.63076923,-48.26307692,1.27692308
h4,oos,50,100,di_spread_down3+price20_cross_down+mtf_macd_bull,53,1.00000000,0.79026134,1.26540418,0.93241801,-111.91509434,37.60188679,-97.75471698,1.43396226
h4,discovery,50,100,rsi_down3+price20_cross_down+pullback_bull,735,0.97823129,0.75515784,1.29539977,0.96493276,-77.27469388,42.11768707,-47.49061224,1.20272109
h4,validation,50,100,rsi_down3+price20_cross_down+pullback_bull,97,0.93814433,0.74500976,1.25923765,0.87156217,-75.62061856,54.49690722,-31.41443299,1.25773196
h4,oos,50,100,rsi_down3+price20_cross_down+pullback_bull,97,1.00000000,0.79026134,1.26540418,0.96190596,-67.18041237,32.59587629,-67.92886598,1.34020619
h4,discovery,50,100,price20_cross_down+pullback_bull+atr_expand,503,0.97813121,0.75515784,1.29526724,0.96126893,-70.86282306,36.15149105,-53.59741551,1.10337972
h4,validation,50,100,price20_cross_down+pullback_bull+atr_expand,55,1.00000000,0.74500976,1.34226430,0.93471510,-59.36363636,38.49636364,-28.86727273,1.32727273
h4,oos,50,100,price20_cross_down+pullback_bull+atr_expand,72,0.95833333,0.79026134,1.21267901,0.88450723,-68.09305556,30.91111111,-73.01944444,1.23611111
h4,discovery,50,100,price20_cross_down+di_spread_down3,448,0.97767857,0.75515784,1.29466784,0.95940377,-92.22008929,48.85513393,-50.22187500,1.28571429
h4,validation,50,100,price20_cross_down+di_spread_down3,82,0.86585366,0.74500976,1.16220446,0.77554987,-101.57804878,72.66463415,-44.93536585,1.23170732
h4,oos,50,100,price20_cross_down+di_spread_down3,70,1.00000000,0.79026134,1.26540418,0.94797694,-120.37571429,43.03571429,-88.96142857,1.40000000
h4,discovery,50,100,di_spread_down3+price20_cross_down,448,0.97767857,0.75515784,1.29466784,0.95940377,-92.22008929,48.85513393,-50.22187500,1.28571429
h4,validation,50,100,di_spread_down3+price20_cross_down,82,0.86585366,0.74500976,1.16220446,0.77554987,-101.57804878,72.66463415,-44.93536585,1.23170732
h4,oos,50,100,di_spread_down3+price20_cross_down,70,1.00000000,0.79026134,1.26540418,0.94797694,-120.37571429,43.03571429,-88.96142857,1.40000000
h4,discovery,50,100,rsi_down3+strong_close_bear+atr_expand,448,0.97767857,0.75515784,1.29466784,0.95940377,-89.30290179,41.29174107,-44.78214286,1.10937500
h4,validation,50,100,rsi_down3+strong_close_bear+atr_expand,41,1.00000000,0.74500976,1.34226430,0.91433243,-141.98292683,69.86585366,-69.96829268,1.39024390
h4,oos,50,100,rsi_down3+strong_close_bear+atr_expand,64,0.98437500,0.79026134,1.24563224,0.91665898,-87.52031250,22.43437500,-45.95781250,1.26562500
h4,discovery,50,100,rsi_down3+price20_cross_down+false_break_up,124,0.97580645,0.75515784,1.29218873,0.93127987,-81.85080645,47.84516129,-46.67903226,1.10483871
h4,validation,50,100,rsi_down3+price20_cross_down+false_break_up,10,1.00000000,0.74500976,1.34226430,0.72246720,-160.43000000,34.45000000,-177.37000000,1.00000000
h4,oos,50,100,rsi_down3+price20_cross_down+false_break_up,8,1.00000000,0.79026134,1.26540418,0.67559244,-52.72500000,12.20000000,-33.85000000,2.87500000
h4,discovery,50,100,rsi_down3+price20_cross_down,816,0.97549020,0.75515784,1.29176993,0.96244593,-82.11789216,44.51580882,-47.36188725,1.18750000
h4,validation,50,100,rsi_down3+price20_cross_down,110,0.91818182,0.74500976,1.23244268,0.85178208,-88.58454545,59.73272727,-43.01090909,1.23636364
h4,oos,50,100,rsi_down3+price20_cross_down,127,1.00000000,0.79026134,1.26540418,0.97064035,-100.18818898,37.22598425,-64.88267717,1.25984252
h4,discovery,50,100,di_spread_down3+price20_cross_down+mtf_adx_rising,202,0.97524752,0.75515784,1.29144858,0.94337478,-86.91485149,51.57574257,-42.54950495,1.38613861
h4,validation,50,100,di_spread_down3+price20_cross_down+mtf_adx_rising,45,0.93333333,0.74500976,1.25278002,0.82143398,-108.66000000,60.96666667,-60.22222222,1.37777778
h4,oos,50,100,di_spread_down3+price20_cross_down+mtf_adx_rising,47,1.00000000,0.79026134,1.26540418,0.92444240,-115.62127660,41.81489362,-102.59787234,1.55319149
h4,discovery,50,100,rsi_down3+price20_cross_down+structure_lh,620,0.97419355,0.75515784,1.29005288,0.95849333,-79.34806452,45.02403226,-43.75693548,1.17580645
h4,validation,50,100,rsi_down3+price20_cross_down+structure_lh,92,0.93478261,0.74500976,1.25472533,0.86494204,-82.62826087,60.81413043,-30.73260870,1.26086957
h4,oos,50,100,rsi_down3+price20_cross_down+structure_lh,111,1.00000000,0.79026134,1.26540418,0.96654990,-104.68018018,39.98918919,-64.41891892,1.11711712
h4,discovery,50,100,di_spread_down3+price20_cross_down+pullback_bull,369,0.97289973,0.75515784,1.28833957,0.95084036,-85.90623306,46.15176152,-51.87452575,1.29539295
h4,validation,50,100,di_spread_down3+price20_cross_down+pullback_bull,69,0.88405797,0.74500976,1.18663946,0.78754259,-85.80144928,67.74057971,-28.99565217,1.26086957
h4,oos,50,100,di_spread_down3+price20_cross_down+pullback_bull,51,1.00000000,0.79026134,1.26540418,0.92995338,-71.25098039,28.42941176,-106.16666667,1.54901961
h4,discovery,50,100,rsi_down3+strong_close_bear+volatility,585,0.97264957,0.75515784,1.28800831,0.95603633,-83.67880342,42.27794872,-48.97709402,1.18119658
h4,validation,50,100,rsi_down3+strong_close_bear+volatility,109,0.96330275,0.74500976,1.29300690,0.90942280,-92.44678899,54.26330275,-59.04128440,1.23853211
h4,oos,50,100,rsi_down3+strong_close_bear+volatility,74,1.00000000,0.79026134,1.26540418,0.95065022,-50.90810811,33.78918919,-32.10810811,1.64864865
h4,discovery,50,100,ema20_slope_down3+strong_close_bear+atr_expand,286,0.97202797,0.75515784,1.28718517,0.94578437,-102.29790210,44.78986014,-65.13181818,1.06293706
h4,validation,50,100,ema20_slope_down3+strong_close_bear+atr_expand,30,1.00000000,0.74500976,1.34226430,0.88648661,-150.23666667,69.81666667,-91.17000000,1.06666667
h4,oos,50,100,ema20_slope_down3+strong_close_bear+atr_expand,30,0.96666667,0.79026134,1.22322404,0.83329609,-111.84333333,22.51333333,-54.76000000,1.00000000
h4,discovery,50,100,rsi_down3+price20_cross_down+mtf_adx_rising,346,0.97109827,0.75515784,1.28595402,0.94762385,-76.92543353,49.08121387,-38.03034682,1.28034682
h4,validation,50,100,rsi_down3+price20_cross_down+mtf_adx_rising,58,0.96551724,0.74500976,1.29597933,0.88270855,-94.93275862,48.50000000,-60.41206897,1.39655172
h4,oos,50,100,rsi_down3+price20_cross_down+mtf_adx_rising,70,1.00000000,0.79026134,1.26540418,0.94797694,-99.19142857,40.30714286,-78.29714286,1.37142857
h4,discovery,50,100,rsi_down3+close_near_low+volatility,708,0.97033898,0.75515784,1.28494856,0.95508228,-82.13135593,42.33319209,-49.79364407,1.17090395
h4,validation,50,100,rsi_down3+close_near_low+volatility,123,0.95934959,0.74500976,1.28770071,0.90836227,-92.99105691,54.04227642,-59.80731707,1.21138211
h4,oos,50,100,rsi_down3+close_near_low+volatility,88,1.00000000,0.79026134,1.26540418,0.95817293,-85.09772727,47.26704545,-34.17954545,1.60227273
h4,discovery,50,100,macd_accel_down+close_near_low+atr_expand,876,0.97031963,0.75515784,1.28492294,0.95686630,-75.03333333,38.56929224,-48.83002283,1.10045662
h4,validation,50,100,macd_accel_down+close_near_low+atr_expand,100,0.97000000,0.74500976,1.30199637,0.91548064,-82.59300000,54.78600000,-44.88800000,1.23000000
h4,oos,50,100,macd_accel_down+close_near_low+atr_expand,85,0.95294118,0.79026134,1.20585575,0.88516273,-112.58470588,41.29529412,-42.72352941,1.21176471
h4,discovery,50,100,rsi_down3+pullback_bull+atr_expand,603,0.97014925,0.75515784,1.28469732,0.95331021,-68.78142620,36.46815920,-44.31575456,1.12935323
h4,validation,50,100,rsi_down3+pullback_bull+atr_expand,57,0.96491228,0.74500976,1.29516731,0.88079219,-99.32105263,58.90877193,-47.98070175,1.28070175
h4,oos,50,100,rsi_down3+pullback_bull+atr_expand,77,0.97402597,0.79026134,1.23253654,0.91015417,-73.38311688,32.26883117,-93.59220779,1.22077922
h4,discovery,50,100,rsi_down3+range_compression+atr_expand,501,0.97005988,0.75515784,1.28457897,0.95119276,-79.02594810,38.54131737,-57.94071856,1.11776447
h4,validation,50,100,rsi_down3+range_compression+atr_expand,49,0.95918367,0.74500976,1.28747800,0.86286968,-82.45918367,49.36326531,-54.27346939,1.32653061
h4,oos,50,100,rsi_down3+range_compression+atr_expand,55,1.00000000,0.79026134,1.26540418,0.93471510,-132.50363636,53.67818182,-68.23636364,1.27272727
h4,discovery,50,100,di_spread_down3+price20_cross_down+range_compression,327,0.96941896,0.75515784,1.28373024,0.94463115,-100.67033639,50.53211009,-50.67920489,1.16819572
h4,validation,50,100,di_spread_down3+price20_cross_down+range_compression,65,0.86153846,0.74500976,1.15641232,0.75731903,-94.12153846,68.03076923,-28.57230769,1.29230769
h4,oos,50,100,di_spread_down3+price20_cross_down+range_compression,52,1.00000000,0.79026134,1.26540418,0.93120776,-126.24615385,52.79230769,-43.08846154,1.53846154
h4,discovery,50,100,di_spread_down3+price20_cross_down+volatility,228,0.96929825,0.75515784,1.28357039,0.93799454,-108.35000000,51.13552632,-52.35921053,1.16228070
h4,validation,50,100,di_spread_down3+price20_cross_down+volatility,43,0.90697674,0.74500976,1.21740251,0.78397296,-117.06511628,60.99069767,-62.70930233,1.34883721
h4,oos,50,100,di_spread_down3+price20_cross_down+volatility,35,1.00000000,0.79026134,1.26540418,0.90109901,-181.36285714,67.83428571,-136.59428571,1.17142857
h4,discovery,50,100,di_spread_down3+close_near_low+atr_expand,290,0.96896552,0.75515784,1.28312978,0.94208088,-106.11965517,48.44689655,-58.70137931,1.16551724
h4,validation,50,100,di_spread_down3+close_near_low+atr_expand,40,0.97500000,0.74500976,1.30870770,0.87118631,-156.57750000,73.58750000,-82.42250000,1.35000000
h4,oos,50,100,di_spread_down3+close_near_low+atr_expand,39,0.97435897,0.79026134,1.23295792,0.86819010,-166.66666667,60.32564103,-49.87692308,1.38461538
h4,discovery,50,100,rsi_down3+mtf_macd_bull+atr_expand,606,0.96864686,0.75515784,1.28270781,0.95155199,-76.31996700,42.01683168,-41.81320132,1.11386139
h4,validation,50,100,rsi_down3+mtf_macd_bull+atr_expand,58,0.96551724,0.74500976,1.29597933,0.88270855,-89.51034483,41.85000000,-82.45517241,1.24137931
h4,oos,50,100,rsi_down3+mtf_macd_bull+atr_expand,96,0.97916667,0.79026134,1.23904160,0.92719286,-98.91458333,33.15833333,-84.63958333,1.17708333
h4,discovery,50,100,di_spread_down3+price20_cross_down+mtf_di_strong_bull,190,0.96842105,0.75515784,1.28240879,0.93282789,-87.79526316,54.75157895,-41.15157895,1.31052632
h4,validation,50,100,di_spread_down3+price20_cross_down+mtf_di_strong_bull,46,0.84782609,0.74500976,1.13800669,0.71775860,-96.07608696,70.53478261,-26.61521739,1.36956522
h4,oos,50,100,di_spread_down3+price20_cross_down+mtf_di_strong_bull,39,1.00000000,0.79026134,1.26540418,0.91033315,-130.85384615,57.86923077,-119.55128205,1.58974359
h4,discovery,50,100,rsi_down3+price20_cross_down+mtf_macd_bull,503,0.96819085,0.75515784,1.28210395,0.94895759,-80.62982107,48.80954274,-39.09821074,1.19085487
h4,validation,50,100,rsi_down3+price20_cross_down+mtf_macd_bull,75,0.88000000,0.74500976,1.18119259,0.78740360,-102.64933333,72.72000000,-44.21600000,1.24000000
h4,oos,50,100,rsi_down3+price20_cross_down+mtf_macd_bull,90,1.00000000,0.79026134,1.26540418,0.95906437,-100.29333333,31.61222222,-76.76555556,1.32222222
h4,discovery,50,100,rsi_down3+atr_expand,904,0.96681416,0.75515784,1.28028090,0.95302088,-84.19148230,41.93915929,-53.52345133,1.08960177
h4,validation,50,100,rsi_down3+atr_expand,102,0.90196078,0.74500976,1.21066976,0.82887169,-100.83039216,53.38235294,-77.45490196,1.15686275
h4,oos,50,100,rsi_down3+atr_expand,117,0.95726496,0.79026134,1.21132708,0.90384753,-105.93162393,39.44786325,-79.95555556,1.14529915
h4,discovery,50,100,di_spread_down3+strong_close_bear+volatility,298,0.96644295,0.75515784,1.27978934,0.93934111,-104.66107383,53.29597315,-53.55268456,1.20805369
h4,validation,50,100,di_spread_down3+strong_close_bear+volatility,64,0.95312500,0.74500976,1.27934566,0.87100346,-123.11875000,68.20781250,-59.43281250,1.26562500
h4,oos,50,100,di_spread_down3+strong_close_bear+volatility,21,1.00000000,0.79026134,1.26540418,0.84536098,-89.00952381,42.80000000,-56.69523810,1.47619048
h4,discovery,50,100,rsi_down3+ema20_slope_down3+atr_expand,327,0.96636086,0.75515784,1.27968062,0.94077724,-124.27951070,46.83608563,-84.61559633,1.03363914
h4,validation,50,100,rsi_down3+ema20_slope_down3+atr_expand,51,0.84313725,0.74500976,1.13171304,0.71989553,-133.54705882,68.68627451,-95.23137255,1.03921569
h4,oos,50,100,rsi_down3+ema20_slope_down3+atr_expand,53,0.90566038,0.79026134,1.14602643,0.79746273,-149.76226415,60.39056604,-50.04339623,1.00000000
h4,discovery,50,100,rsi_down3+price20_cross_down+range_compression,580,0.96551724,0.75515784,1.27856348,0.94734003,-87.91500000,45.64293103,-52.40258621,1.13620690
h4,validation,50,100,rsi_down3+price20_cross_down+range_compression,88,0.92045455,0.74500976,1.23549328,0.84480119,-82.99886364,54.49659091,-33.57045455,1.29545455
h4,oos,50,100,rsi_down3+price20_cross_down+range_compression,80,1.00000000,0.79026134,1.26540418,0.95418187,-102.13125000,49.71875000,-37.20500000,1.41250000
h4,discovery,50,100,di_spread_down3+strong_close_bear+atr_expand,253,0.96442688,0.75515784,1.27711959,0.93378733,-105.00988142,51.17193676,-51.10474308,1.18972332
h4,validation,50,100,di_spread_down3+strong_close_bear+atr_expand,35,1.00000000,0.74500976,1.34226430,0.90109901,-153.66571429,70.13714286,-76.68857143,1.40000000
h4,oos,50,100,di_spread_down3+strong_close_bear+atr_expand,29,0.96551724,0.79026134,1.22176956,0.82824478,-100.92068966,27.53793103,-51.97586207,1.51724138
h4,discovery,50,100,ema20_slope_down3+close_near_low+atr_expand,361,0.96398892,0.75515784,1.27653964,0.93937087,-97.95650970,45.25734072,-68.15207756,1.04986150
h4,validation,50,100,ema20_slope_down3+close_near_low+atr_expand,36,0.94444444,0.74500976,1.26769406,0.81855343,-148.84722222,73.01388889,-93.41388889,1.05555556
h4,oos,50,100,ema20_slope_down3+close_near_low+atr_expand,40,0.97500000,0.79026134,1.23376908,0.87118631,-171.13000000,56.25750000,-51.10250000,1.00000000
h4,discovery,50,100,macd_accel_down+strong_close_bear+atr_expand,701,0.96291013,0.75515784,1.27511108,0.94620938,-77.12895863,40.54179743,-46.47275321,1.12410842
h4,validation,50,100,macd_accel_down+strong_close_bear+atr_expand,88,0.97727273,0.74500976,1.31175830,0.92087455,-81.54431818,53.37159091,-43.36022727,1.26136364
h4,oos,50,100,macd_accel_down+strong_close_bear+atr_expand,73,0.94520548,0.79026134,1.19606697,0.86741002,-81.02602740,26.34520548,-42.63287671,1.24657534
h4,discovery,50,100,rsi_down3+close_near_low+mtf_adx_rising,761,0.96189225,0.75515784,1.27376317,0.94580696,-61.26885677,40.98423127,-42.07385020,1.22733246
h4,validation,50,100,rsi_down3+close_near_low+mtf_adx_rising,129,0.95348837,0.74500976,1.27983341,0.90223772,-82.62403101,51.53178295,-62.92713178,1.20155039
h4,oos,50,100,rsi_down3+close_near_low+mtf_adx_rising,112,1.00000000,0.79026134,1.26540418,0.96683865,-66.98035714,35.88660714,-35.12410714,1.53571429
h4,discovery,50,100,di_spread_down3+close_near_low+bb_expand,208,0.96153846,0.75515784,1.27329468,0.92595384,-106.16971154,43.06153846,-72.51346154,1.23076923
h4,validation,50,100,di_spread_down3+close_near_low+bb_expand,36,0.97222222,0.74500976,1.30497918,0.85830281,-133.50555556,52.27222222,-96.71111111,1.05555556
h4,oos,50,100,di_spread_down3+close_near_low+bb_expand,41,1.00000000,0.79026134,1.26540418,0.91433243,-144.75853659,53.60487805,-40.14390244,1.53658537
h4,discovery,50,100,di_spread_down3+false_break_up+strong_close_bear,77,0.96103896,0.75515784,1.27263323,0.89160018,-74.24285714,50.56233766,-47.69480519,1.16883117
h4,validation,50,100,di_spread_down3+false_break_up+strong_close_bear,12,1.00000000,0.74500976,1.34226430,0.75750599,-138.15000000,27.45000000,-153.70000000,1.16666667
h4,oos,50,100,di_spread_down3+false_break_up+strong_close_bear,13,1.00000000,0.79026134,1.26540418,0.77190463,-40.87692308,23.46923077,-30.34615385,2.38461538
h4,discovery,50,100,rsi_down3+ema20_slope_down3+close_near_low,379,0.96042216,0.75515784,1.27181645,0.93573355,-109.37519789,52.29208443,-65.57097625,1.08970976
h4,validation,50,100,rsi_down3+ema20_slope_down3+close_near_low,74,0.90540541,0.74500976,1.21529336,0.81737741,-138.16756757,80.14864865,-74.08783784,1.08108108
h4,oos,50,100,rsi_down3+ema20_slope_down3+close_near_low,48,0.97916667,0.79026134,1.23904160,0.89100782,-155.42500000,56.74375000,-47.60625000,1.10416667
h4,discovery,50,100,di_spread_down3+structure_lh+strong_close_bear,428,0.96028037,0.75515784,1.27162868,0.93731645,-88.55070093,50.90747664,-47.88200935,1.28271028
h4,validation,50,100,di_spread_down3+structure_lh+strong_close_bear,77,0.92207792,0.74500976,1.23767228,0.84024384,-106.20000000,70.36883117,-38.34415584,1.28571429
h4,oos,50,100,di_spread_down3+structure_lh+strong_close_bear,42,0.97619048,0.79026134,1.23527551,0.87678798,-79.00476190,35.95714286,-34.05238095,1.16666667
h4,discovery,50,100,rsi_down3+mtf_di_strong_bull+atr_expand,451,0.96008869,0.75515784,1.27137485,0.93779843,-74.15099778,44.34789357,-46.68691796,1.08425721
h4,validation,50,100,rsi_down3+mtf_di_strong_bull+atr_expand,47,0.95744681,0.74500976,1.28514667,0.85751472,-86.90000000,44.70425532,-62.75744681,1.29787234
h4,oos,50,100,rsi_down3+mtf_di_strong_bull+atr_expand,61,0.95081967,0.79026134,1.20317119,0.86508872,-105.74262295,52.60655738,-96.72295082,1.27868852
h4,discovery,50,100,rsi_down3+close_near_low+mtf_di_strong_bull,719,0.95966620,0.75515784,1.27081538,0.94267443,-59.24353268,42.50959666,-40.80667594,1.20584145
h4,validation,50,100,rsi_down3+close_near_low+mtf_di_strong_bull,125,0.97600000,0.74500976,1.31004996,0.93181100,-73.62720000,50.20000000,-41.78560000,1.15200000
h4,oos,50,100,rsi_down3+close_near_low+mtf_di_strong_bull,127,0.99212598,0.79026134,1.25544037,0.95674599,-63.38897638,38.27244094,-34.99370079,1.51181102
h4,discovery,50,100,di_spread_down3+structure_lh+close_near_low,512,0.95898438,0.75515784,1.26991249,0.93811361,-87.78867187,49.21933594,-51.51738281,1.26367188
h4,validation,50,100,di_spread_down3+structure_lh+close_near_low,102,0.87254902,0.74500976,1.17119140,0.79407344,-105.92352941,74.20490196,-40.25000000,1.22549020
h4,oos,50,100,di_spread_down3+structure_lh+close_near_low,59,0.98305085,0.79026134,1.24395665,0.91004274,-121.66440678,53.57966102,-39.12881356,1.11864407
h4,discovery,50,100,rsi_down3+mtf_adx_rising+atr_expand,462,0.95887446,0.75515784,1.26976693,0.93666481,-78.04220779,45.48290043,-49.44935065,1.10606061
h4,validation,50,100,rsi_down3+mtf_adx_rising+atr_expand,56,0.92857143,0.74500976,1.24638828,0.83024552,-113.81250000,57.49642857,-86.92857143,1.25000000
h4,oos,50,100,rsi_down3+mtf_adx_rising+atr_expand,74,0.95945946,0.79026134,1.21410401,0.88745290,-100.84594595,44.55810811,-86.49324324,1.22972973
h4,discovery,50,100,rsi_down3+structure_lh+volatility,981,0.95820591,0.75515784,1.26888163,0.94379317,-79.59816514,44.11355759,-52.38552497,1.12334353
h4,validation,50,100,rsi_down3+structure_lh+volatility,185,0.93513514,0.74500976,1.25519851,0.89005839,-85.19135135,53.34864865,-58.03783784,1.12972973
h4,oos,50,100,rsi_down3+structure_lh+volatility,126,0.96825397,0.79026134,1.22523262,0.92121391,-86.63968254,47.45238095,-63.96587302,1.23809524
h4,discovery,50,100,rsi_down3+strong_close_bear+mtf_adx_rising,597,0.95644891,0.75515784,1.26655496,0.93695255,-62.68391960,40.96482412,-41.15041876,1.24120603
h4,validation,50,100,rsi_down3+strong_close_bear+mtf_adx_rising,101,0.95049505,0.74500976,1.27581558,0.88930575,-84.98514851,50.04455446,-64.52475248,1.25742574
h4,oos,50,100,rsi_down3+strong_close_bear+mtf_adx_rising,102,1.00000000,0.79026134,1.26540418,0.96370554,-50.54215686,26.49411765,-35.78725490,1.58823529
h4,discovery,50,100,rsi_down3+price20_cross_down+mtf_di_strong_bull,341,0.95601173,0.75515784,1.26597603,0.92869968,-80.14369501,49.97214076,-38.35982405,1.22580645
h4,validation,50,100,rsi_down3+price20_cross_down+mtf_di_strong_bull,55,0.90909091,0.74500976,1.22024028,0.80422505,-88.16363636,58.76000000,-26.77454545,1.30909091
h4,oos,50,100,rsi_down3+price20_cross_down+mtf_di_strong_bull,79,1.00000000,0.79026134,1.26540418,0.95362879,-95.53544304,44.82531646,-74.80000000,1.36708861
h4,discovery,50,100,macd_accel_down+price20_cross_down+false_break_up,158,0.95569620,0.75515784,1.26555820,0.91138361,-76.82151899,46.41455696,-44.97405063,1.08227848
h4,validation,50,100,macd_accel_down+price20_cross_down+false_break_up,18,1.00000000,0.74500976,1.34226430,0.82412078,-108.51666667,26.69444444,-105.16111111,1.00000000
h4,oos,50,100,macd_accel_down+price20_cross_down+false_break_up,12,0.75000000,0.79026134,0.94905314,0.46769467,-44.20000000,35.92500000,-23.16666667,2.33333333
h4,discovery,50,100,di_spread_down3+close_near_low+volatility,361,0.95567867,0.75515784,1.26553499,0.92922434,-98.53739612,51.67063712,-51.62797784,1.21052632
h4,validation,50,100,di_spread_down3+close_near_low+volatility,75,0.94666667,0.74500976,1.27067687,0.87074013,-121.73866667,67.47333333,-62.41066667,1.22666667
h4,oos,50,100,di_spread_down3+close_near_low+volatility,34,1.00000000,0.79026134,1.26540418,0.89848545,-162.46470588,74.40000000,-51.88529412,1.29411765
h4,discovery,50,100,di_spread_down3+range_compression+strong_close_bear,402,0.95522388,0.75515784,1.26493274,0.93033797,-94.39527363,52.47910448,-53.63855721,1.15422886
h4,validation,50,100,di_spread_down3+range_compression+strong_close_bear,67,0.94029851,0.74500976,1.26212912,0.85630499,-84.61940299,55.05970149,-35.47611940,1.35820896
h4,oos,50,100,di_spread_down3+range_compression+strong_close_bear,43,1.00000000,0.79026134,1.26540418,0.91799020,-59.70232558,30.69069767,-33.59767442,1.58139535
h4,discovery,50,100,di_spread_down3+strong_close_bear,564,0.95390071,0.75515784,1.26318056,0.93331108,-89.33865248,51.76471631,-50.88439716,1.28900709
h4,validation,50,100,di_spread_down3+strong_close_bear,95,0.93684211,0.74500976,1.25748972,0.86899349,-106.72526316,63.22315789,-55.60526316,1.25263158
h4,oos,50,100,di_spread_down3+strong_close_bear,58,0.98275862,0.79026134,1.24358687,0.90859142,-73.26724138,32.25517241,-43.57241379,1.43103448
h4,discovery,50,100,di_spread_down3+price20_cross_down+false_break_up,65,0.95384615,0.75515784,1.26310832,0.87286153,-92.57384615,57.55846154,-43.16000000,1.04615385
h4,validation,50,100,di_spread_down3+price20_cross_down+false_break_up,9,1.00000000,0.74500976,1.34226430,0.70085495,-174.92222222,35.33333333,-194.33333333,1.00000000
h4,oos,50,100,di_spread_down3+price20_cross_down+false_break_up,8,1.00000000,0.79026134,1.26540418,0.67559244,-52.72500000,12.20000000,-33.85000000,2.87500000
h4,discovery,100,150,rsi_down3+price20_cross_down+structure_lh,146,1.00000000,0.70855537,1.41132230,0.97436318,-107.92945205,50.38493151,-52.16438356,1.08219178
h4,validation,100,150,rsi_down3+price20_cross_down+structure_lh,27,1.00000000,0.70285714,1.42276423,0.87544497,-88.05925926,41.94074074,-54.97777778,1.11111111
h4,oos,100,150,rsi_down3+price20_cross_down+structure_lh,27,1.00000000,0.72963230,1.37055336,0.87544497,-210.66666667,78.70370370,-84.55185185,1.00000000
h4,discovery,100,150,price20_cross_down+pullback_bull+atr_expand,115,1.00000000,0.70855537,1.41132230,0.96767577,-115.38260870,43.34347826,-76.12086957,1.05217391
h4,validation,100,150,price20_cross_down+pullback_bull+atr_expand,17,1.00000000,0.70285714,1.42276423,0.81568186,-87.04117647,34.75294118,-46.44117647,1.23529412
h4,oos,100,150,price20_cross_down+pullback_bull+atr_expand,16,1.00000000,0.72963230,1.37055336,0.80639232,-119.42500000,53.84375000,-93.81250000,1.06250000
h4,discovery,100,150,di_spread_down3+price20_cross_down+structure_lh,83,1.00000000,0.70855537,1.41132230,0.95576469,-120.66626506,62.44216867,-49.04819277,1.07228916
h4,validation,100,150,di_spread_down3+price20_cross_down+structure_lh,15,1.00000000,0.70285714,1.42276423,0.79611670,-99.50666667,45.62000000,-54.01333333,1.13333333
h4,oos,100,150,di_spread_down3+price20_cross_down+structure_lh,18,1.00000000,0.72963230,1.37055336,0.82412078,-275.99444444,95.61666667,-116.05555556,1.05555556
h4,discovery,100,150,price20_cross_down+bb_expand,81,1.00000000,0.70855537,1.41132230,0.95472191,-155.92839506,60.89135802,-60.55802469,1.03703704
h4,validation,100,150,price20_cross_down+bb_expand,12,1.00000000,0.70285714,1.42276423,0.75750599,-107.91666667,37.13333333,-79.54166667,1.00000000
h4,oos,100,150,price20_cross_down+bb_expand,24,1.00000000,0.72963230,1.37055336,0.86202380,-223.86666667,85.49166667,-34.18333333,1.00000000
h4,discovery,100,150,macd_accel_down+price20_cross_down+bb_expand,80,1.00000000,0.70855537,1.41132230,0.95418187,-157.54125000,61.39250000,-60.33125000,1.03750000
h4,validation,100,150,macd_accel_down+price20_cross_down+bb_expand,12,1.00000000,0.70285714,1.42276423,0.75750599,-107.91666667,37.13333333,-79.54166667,1.00000000
h4,oos,100,150,macd_accel_down+price20_cross_down+bb_expand,24,1.00000000,0.72963230,1.37055336,0.86202380,-223.86666667,85.49166667,-34.18333333,1.00000000
h4,discovery,100,150,price20_cross_down+range_compression+atr_expand,75,1.00000000,0.70855537,1.41132230,0.95127616,-139.48800000,55.74800000,-80.24933333,1.08000000
h4,validation,100,150,price20_cross_down+range_compression+atr_expand,8,1.00000000,0.70285714,1.42276423,0.67559244,-102.75000000,42.16250000,-37.22500000,1.25000000
h4,oos,100,150,price20_cross_down+range_compression+atr_expand,15,1.00000000,0.72963230,1.37055336,0.79611670,-312.13333333,111.70000000,-48.22000000,1.06666667
h4,discovery,100,150,price20_cross_down+mtf_trend_bull+atr_expand,73,1.00000000,0.70855537,1.41132230,0.95000799,-173.27808219,70.43972603,-75.11643836,1.02739726
h4,validation,100,150,price20_cross_down+mtf_trend_bull+atr_expand,8,1.00000000,0.70285714,1.42276423,0.67559244,-104.36250000,45.42500000,-40.45000000,1.25000000
h4,oos,100,150,price20_cross_down+mtf_trend_bull+atr_expand,21,1.00000000,0.72963230,1.37055336,0.84536098,-251.01904762,89.52857143,-95.42857143,1.04761905
h4,discovery,100,150,rsi_down3+price20_cross_down+atr_expand,72,1.00000000,0.70855537,1.41132230,0.94934883,-132.31666667,49.26250000,-46.81666667,1.08333333
h4,validation,100,150,rsi_down3+price20_cross_down+atr_expand,9,1.00000000,0.70285714,1.42276423,0.70085495,-136.45555556,45.74444444,-91.32222222,1.22222222
h4,oos,100,150,rsi_down3+price20_cross_down+atr_expand,20,1.00000000,0.72963230,1.37055336,0.83887484,-260.30500000,93.44500000,-95.66000000,1.00000000
h4,discovery,100,150,di_spread_down3+price20_cross_down+volatility,71,1.00000000,0.70855537,1.41132230,0.94867205,-135.67323944,63.22676056,-47.74647887,1.07042254
h4,validation,100,150,di_spread_down3+price20_cross_down+volatility,10,1.00000000,0.70285714,1.42276423,0.72246720,-135.49000000,59.73000000,-79.81000000,1.20000000
h4,oos,100,150,di_spread_down3+price20_cross_down+volatility,18,1.00000000,0.72963230,1.37055336,0.82412078,-275.99444444,95.61666667,-116.05555556,1.05555556
h4,discovery,100,150,price20_cross_down+mtf_adx_rising+atr_expand,68,1.00000000,0.70855537,1.41132230,0.94652866,-130.78529412,46.48382353,-76.48970588,1.02941176
h4,validation,100,150,price20_cross_down+mtf_adx_rising+atr_expand,10,1.00000000,0.70285714,1.42276423,0.72246720,-133.74000000,46.30000000,-89.00000000,1.20000000
h4,oos,100,150,price20_cross_down+mtf_adx_rising+atr_expand,11,1.00000000,0.72963230,1.37055336,0.74116703,-213.53636364,104.93636364,-124.91818182,1.00000000
h4,discovery,100,150,di_spread_down3+close_near_low+atr_expand,63,1.00000000,0.70855537,1.41132230,0.94252880,-145.18730159,50.78730159,-67.36666667,1.06349206
h4,validation,100,150,di_spread_down3+close_near_low+atr_expand,17,1.00000000,0.70285714,1.42276423,0.81568186,-227.81764706,96.61176471,-88.97058824,1.11764706
h4,oos,100,150,di_spread_down3+close_near_low+atr_expand,10,1.00000000,0.72963230,1.37055336,0.72246720,-384.43000000,121.21000000,-62.32000000,1.00000000
h4,discovery,100,150,price20_cross_down+structure_lh+bb_expand,63,1.00000000,0.70855537,1.41132230,0.94252880,-142.59206349,52.57619048,-56.52380952,1.03174603
h4,validation,100,150,price20_cross_down+structure_lh+bb_expand,10,1.00000000,0.70285714,1.42276423,0.72246720,-82.89000000,35.42000000,-41.55000000,1.00000000
h4,oos,100,150,price20_cross_down+structure_lh+bb_expand,24,1.00000000,0.72963230,1.37055336,0.86202380,-223.86666667,85.49166667,-34.18333333,1.00000000
h4,discovery,100,150,price20_cross_down+pullback_bull+bb_expand,63,1.00000000,0.70855537,1.41132230,0.94252880,-112.18095238,47.37301587,-55.26984127,1.04761905
h4,validation,100,150,price20_cross_down+pullback_bull+bb_expand,10,1.00000000,0.70285714,1.42276423,0.72246720,-82.89000000,35.42000000,-41.55000000,1.00000000
h4,oos,100,150,price20_cross_down+pullback_bull+bb_expand,16,1.00000000,0.72963230,1.37055336,0.80639232,-112.83750000,59.06250000,-14.88750000,1.00000000
h4,discovery,100,150,price20_cross_down+mtf_trend_bull+bb_expand,58,1.00000000,0.70855537,1.41132230,0.93788214,-185.17241379,73.96379310,-70.15689655,1.05172414
h4,validation,100,150,price20_cross_down+mtf_trend_bull+bb_expand,5,1.00000000,0.70285714,1.42276423,0.56551754,-106.60000000,27.34000000,-50.00000000,1.00000000
h4,oos,100,150,price20_cross_down+mtf_trend_bull+bb_expand,21,1.00000000,0.72963230,1.37055336,0.84536098,-246.00000000,93.50476190,-35.29523810,1.00000000
h4,discovery,100,150,price20_cross_down+mtf_di_strong_bull+atr_expand,53,1.00000000,0.70855537,1.41132230,0.93241801,-158.60943396,58.43396226,-49.04905660,1.03773585
h4,validation,100,150,price20_cross_down+mtf_di_strong_bull+atr_expand,8,1.00000000,0.70285714,1.42276423,0.67559244,-108.91250000,46.45000000,-43.87500000,1.25000000
h4,oos,100,150,price20_cross_down+mtf_di_strong_bull+atr_expand,6,1.00000000,0.72963230,1.37055336,0.60966571,-229.96666667,108.63333333,-225.35000000,1.00000000
h4,discovery,100,150,rsi_down3+price20_cross_down+bb_expand,52,1.00000000,0.70855537,1.41132230,0.93120776,-135.88076923,48.29615385,-57.04423077,1.05769231
h4,validation,100,150,rsi_down3+price20_cross_down+bb_expand,12,1.00000000,0.70285714,1.42276423,0.75750599,-107.91666667,37.13333333,-79.54166667,1.00000000
h4,oos,100,150,rsi_down3+price20_cross_down+bb_expand,20,1.00000000,0.72963230,1.37055336,0.83887484,-254.42500000,93.51500000,-36.66500000,1.00000000
h4,discovery,100,150,di_spread_down3+strong_close_bear+atr_expand,52,1.00000000,0.70855537,1.41132230,0.93120776,-126.04615385,56.66923077,-62.69807692,1.07692308
h4,validation,100,150,di_spread_down3+strong_close_bear+atr_expand,15,1.00000000,0.70285714,1.42276423,0.79611670,-215.84000000,93.85333333,-76.58000000,1.13333333
h4,oos,100,150,di_spread_down3+strong_close_bear+atr_expand,2,1.00000000,0.72963230,1.37055336,0.34238023,-138.45000000,52.65000000,-20.50000000,1.00000000
h4,discovery,100,150,price20_cross_down+close_near_low+bb_expand,51,1.00000000,0.70855537,1.41132230,0.92995338,-174.12745098,60.57647059,-63.86862745,1.01960784
h4,validation,100,150,price20_cross_down+close_near_low+bb_expand,9,1.00000000,0.70285714,1.42276423,0.70085495,-104.56666667,44.47777778,-86.38888889,1.00000000
h4,oos,100,150,price20_cross_down+close_near_low+bb_expand,12,1.00000000,0.72963230,1.37055336,0.75750599,-316.26666667,102.03333333,-58.75000000,1.00000000
h4,discovery,100,150,di_spread_down3+price20_cross_down+atr_expand,48,1.00000000,0.70855537,1.41132230,0.92589987,-147.04166667,65.46250000,-48.18333333,1.12500000
h4,validation,100,150,di_spread_down3+price20_cross_down+atr_expand,7,1.00000000,0.70285714,1.42276423,0.64566956,-140.50000000,59.67142857,-101.85714286,1.28571429
h4,oos,100,150,di_spread_down3+price20_cross_down+atr_expand,17,1.00000000,0.72963230,1.37055336,0.81568186,-286.29411765,98.92352941,-115.84705882,1.05882353
h4,discovery,100,150,price20_cross_down+strong_close_bear+bb_expand,44,1.00000000,0.70855537,1.41132230,0.91970440,-181.35909091,63.81363636,-69.43409091,1.02272727
h4,validation,100,150,price20_cross_down+strong_close_bear+bb_expand,9,1.00000000,0.70285714,1.42276423,0.70085495,-104.56666667,44.47777778,-86.38888889,1.00000000
h4,oos,100,150,price20_cross_down+strong_close_bear+bb_expand,4,1.00000000,0.72963230,1.37055336,0.51010916,-56.95000000,29.40000000,-30.70000000,1.00000000
h4,discovery,100,150,price20_cross_down+mtf_adx_rising+bb_expand,40,1.00000000,0.70855537,1.41132230,0.91237840,-131.26750000,53.01500000,-42.72000000,1.05000000
h4,validation,100,150,price20_cross_down+mtf_adx_rising+bb_expand,5,1.00000000,0.70285714,1.42276423,0.56551754,-164.00000000,27.34000000,-143.20000000,1.00000000
h4,oos,100,150,price20_cross_down+mtf_adx_rising+bb_expand,7,1.00000000,0.72963230,1.37055336,0.64566956,-286.21428571,148.30000000,-10.20000000,1.00000000
h4,discovery,100,150,price20_cross_down+range_compression+bb_expand,36,1.00000000,0.70855537,1.41132230,0.90358137,-135.17222222,56.76944444,-44.24444444,1.08333333
h4,validation,100,150,price20_cross_down+range_compression+bb_expand,10,1.00000000,0.70285714,1.42276423,0.72246720,-82.89000000,35.42000000,-41.55000000,1.00000000
h4,oos,100,150,price20_cross_down+range_compression+bb_expand,17,1.00000000,0.72963230,1.37055336,0.81568186,-280.25294118,101.58235294,-42.76470588,1.00000000
h4,discovery,100,150,di_spread_down3+price20_cross_down+bb_expand,34,1.00000000,0.70855537,1.41132230,0.89848545,-155.53235294,48.24117647,-71.66176471,1.05882353
h4,validation,100,150,di_spread_down3+price20_cross_down+bb_expand,4,1.00000000,0.70285714,1.42276423,0.51010916,-161.30000000,45.70000000,-153.00000000,1.00000000
h4,oos,100,150,di_spread_down3+price20_cross_down+bb_expand,13,1.00000000,0.72963230,1.37055336,0.77190463,-348.96153846,123.79230769,-46.47692308,1.00000000
h4,discovery,100,150,price20_cross_down+mtf_di_strong_bull+bb_expand,33,1.00000000,0.70855537,1.41132230,0.89573000,-179.63636364,64.99090909,-46.88787879,1.06060606
h4,validation,100,150,price20_cross_down+mtf_di_strong_bull+bb_expand,3,1.00000000,0.70285714,1.42276423,0.43850297,-117.96666667,15.10000000,-59.00000000,1.00000000
h4,oos,100,150,price20_cross_down+mtf_di_strong_bull+bb_expand,6,1.00000000,0.72963230,1.37055336,0.60966571,-210.36666667,108.86666667,-28.70000000,1.00000000
h4,discovery,100,150,di_spread_down3+close_near_low+volatility,122,0.99180328,0.70855537,1.39975409,0.95502920,-116.10573770,53.25081967,-53.51885246,1.13114754
h4,validation,100,150,di_spread_down3+close_near_low+volatility,25,0.92000000,0.70285714,1.30894309,0.75033891,-184.93200000,105.92400000,-64.97200000,1.08000000
h4,oos,100,150,di_spread_down3+close_near_low+volatility,19,1.00000000,0.72963230,1.37055336,0.83182078,-217.95789474,76.16315789,-57.85263158,1.15789474
h4,discovery,100,150,rsi_down3+price20_cross_down+strong_close_bear,118,0.99152542,0.70855537,1.39936194,0.95355443,-113.63559322,55.59322034,-52.66016949,1.05084746
h4,validation,100,150,rsi_down3+price20_cross_down+strong_close_bear,23,1.00000000,0.70285714,1.42276423,0.85688338,-95.46521739,45.25217391,-73.58695652,1.13043478
h4,oos,100,150,rsi_down3+price20_cross_down+strong_close_bear,6,1.00000000,0.72963230,1.37055336,0.60966571,-63.50000000,36.11666667,-41.68333333,1.00000000
h4,discovery,100,150,di_spread_down3+strong_close_bear+volatility,96,0.98958333,0.70855537,1.39662103,0.94333382,-108.04062500,55.28750000,-53.54062500,1.16666667
h4,validation,100,150,di_spread_down3+strong_close_bear+volatility,19,1.00000000,0.70285714,1.42276423,0.83182078,-189.95263158,94.41578947,-60.60526316,1.10526316
h4,oos,100,150,di_spread_down3+strong_close_bear+volatility,10,1.00000000,0.72963230,1.37055336,0.72246720,-58.53000000,31.90000000,-48.54000000,1.30000000
h4,discovery,100,150,di_spread_down3+structure_lh+close_near_low,175,0.98857143,0.70855537,1.39519291,0.95929388,-94.99771429,50.10628571,-55.90285714,1.13142857
h4,validation,100,150,di_spread_down3+structure_lh+close_near_low,31,0.93548387,0.70285714,1.33097299,0.79281363,-157.54516129,88.45806452,-58.00645161,1.06451613
h4,oos,100,150,di_spread_down3+structure_lh+close_near_low,19,1.00000000,0.72963230,1.37055336,0.83182078,-224.81052632,76.88947368,-61.92105263,1.15789474
h4,discovery,100,150,rsi_down3+close_near_low+atr_expand,167,0.98802395,0.70855537,1.39442024,0.95739139,-111.55329341,36.90059880,-63.07724551,1.06586826
h4,validation,100,150,rsi_down3+close_near_low+atr_expand,24,1.00000000,0.70285714,1.42276423,0.86202380,-179.15416667,76.05416667,-113.62083333,1.12500000
h4,oos,100,150,rsi_down3+close_near_low+atr_expand,11,1.00000000,0.72963230,1.37055336,0.74116703,-360.90909091,116.40909091,-57.86363636,1.00000000
h4,discovery,100,150,rsi_down3+price20_cross_down+mtf_di_strong_bull,83,0.98795181,0.70855537,1.39431842,0.93486419,-119.44457831,56.24457831,-41.19397590,1.02409639
h4,validation,100,150,rsi_down3+price20_cross_down+mtf_di_strong_bull,15,1.00000000,0.70285714,1.42276423,0.79611670,-108.50666667,45.40666667,-62.00000000,1.13333333
h4,oos,100,150,rsi_down3+price20_cross_down+mtf_di_strong_bull,13,1.00000000,0.72963230,1.37055336,0.77190463,-143.20769231,69.83846154,-132.44615385,1.00000000
h4,discovery,100,150,rsi_down3+price20_cross_down+mtf_adx_rising,77,0.98701299,0.70855537,1.39299344,0.93003801,-114.62207792,61.04155844,-35.88701299,1.02597403
h4,validation,100,150,rsi_down3+price20_cross_down+mtf_adx_rising,15,1.00000000,0.70285714,1.42276423,0.79611670,-121.14000000,40.29333333,-94.24000000,1.20000000
h4,oos,100,150,rsi_down3+price20_cross_down+mtf_adx_rising,11,1.00000000,0.72963230,1.37055336,0.74116703,-213.53636364,104.93636364,-124.91818182,1.00000000
h4,discovery,100,150,di_spread_down3+price20_cross_down+strong_close_bear,75,0.98666667,0.70855537,1.39250467,0.92826634,-127.73466667,69.28133333,-53.28800000,1.06666667
h4,validation,100,150,di_spread_down3+price20_cross_down+strong_close_bear,14,1.00000000,0.70285714,1.42276423,0.78468920,-115.61428571,43.37857143,-87.34285714,1.14285714
h4,oos,100,150,di_spread_down3+price20_cross_down+strong_close_bear,0,,0.72963230,,,,,,
h4,discovery,100,150,di_spread_down3+structure_lh+strong_close_bear,143,0.98601399,0.70855537,1.39158353,0.95044304,-87.60000000,52.08391608,-52.48111888,1.16083916
h4,validation,100,150,di_spread_down3+structure_lh+strong_close_bear,24,1.00000000,0.70285714,1.42276423,0.86202380,-155.63750000,74.83750000,-54.55833333,1.08333333
h4,oos,100,150,di_spread_down3+structure_lh+strong_close_bear,11,1.00000000,0.72963230,1.37055336,0.74116703,-64.00000000,32.19090909,-54.02727273,1.27272727
h4,discovery,100,150,rsi_down3+strong_close_bear+atr_expand,141,0.98581560,0.70855537,1.39130355,0.94976031,-101.72340426,40.26099291,-55.84397163,1.07801418
h4,validation,100,150,rsi_down3+strong_close_bear+atr_expand,22,1.00000000,0.70285714,1.42276423,0.85134513,-166.56363636,72.30454545,-107.41363636,1.13636364
h4,oos,100,150,rsi_down3+strong_close_bear+atr_expand,3,1.00000000,0.72963230,1.37055336,0.43850297,-134.20000000,57.90000000,-18.10000000,1.00000000
h4,discovery,100,150,rsi_down3+price20_cross_down+close_near_low,137,0.98540146,0.70855537,1.39071906,0.94833683,-110.12627737,55.46350365,-49.66131387,1.04379562
h4,validation,100,150,rsi_down3+price20_cross_down+close_near_low,25,1.00000000,0.70285714,1.42276423,0.86680775,-96.26400000,47.64000000,-69.32800000,1.12000000
h4,oos,100,150,rsi_down3+price20_cross_down+close_near_low,14,1.00000000,0.72963230,1.37055336,0.78468920,-282.02857143,94.53571429,-59.45000000,1.00000000
h4,discovery,100,150,rsi_down3+price20_cross_down+volatility,117,0.98290598,0.70855537,1.38719714,0.93980991,-123.74017094,54.02136752,-50.59059829,1.09401709
h4,validation,100,150,rsi_down3+price20_cross_down+volatility,19,1.00000000,0.70285714,1.42276423,0.83182078,-99.26315789,52.63684211,-68.17368421,1.15789474
h4,oos,100,150,rsi_down3+price20_cross_down+volatility,25,1.00000000,0.72963230,1.37055336,0.86680775,-221.39200000,81.03600000,-86.22400000,1.00000000
h4,discovery,100,150,rsi_down3+pullback_bull+atr_expand,230,0.98260870,0.70855537,1.38677757,0.95614456,-94.80695652,35.71130435,-59.08826087,1.07391304
h4,validation,100,150,rsi_down3+pullback_bull+atr_expand,32,1.00000000,0.70285714,1.42276423,0.89282080,-135.09375000,63.73125000,-79.26875000,1.09375000
h4,oos,100,150,rsi_down3+pullback_bull+atr_expand,22,1.00000000,0.72963230,1.37055336,0.85134513,-112.85909091,54.26363636,-104.68181818,1.00000000
h4,discovery,100,150,rsi_down3+price20_cross_down+mtf_trend_bull,108,0.98148148,0.70855537,1.38518670,0.93498095,-117.13333333,55.92685185,-53.12222222,1.02777778
h4,validation,100,150,rsi_down3+price20_cross_down+mtf_trend_bull,18,1.00000000,0.70285714,1.42276423,0.82412078,-92.02777778,47.23888889,-43.04444444,1.11111111
h4,oos,100,150,rsi_down3+price20_cross_down+mtf_trend_bull,27,1.00000000,0.72963230,1.37055336,0.87544497,-210.66666667,78.70370370,-84.55185185,1.00000000
h4,discovery,100,150,di_spread_down3+price20_cross_down+mtf_adx_rising,54,0.98148148,0.70855537,1.38518670,0.90228563,-130.41851852,71.57592593,-45.40370370,1.03703704
h4,validation,100,150,di_spread_down3+price20_cross_down+mtf_adx_rising,11,1.00000000,0.70285714,1.42276423,0.74116703,-130.87272727,51.53636364,-98.37272727,1.18181818
h4,oos,100,150,di_spread_down3+price20_cross_down+mtf_adx_rising,10,1.00000000,0.72963230,1.37055336,0.72246720,-226.87000000,109.93000000,-134.58000000,1.00000000
h4,discovery,100,150,price20_cross_down+di_spread_down3,105,0.98095238,0.70855537,1.38443997,0.93319440,-122.61238095,66.02857143,-50.11428571,1.08571429
h4,validation,100,150,price20_cross_down+di_spread_down3,19,1.00000000,0.70285714,1.42276423,0.83182078,-110.65789474,45.81052632,-75.61052632,1.10526316
h4,oos,100,150,price20_cross_down+di_spread_down3,18,1.00000000,0.72963230,1.37055336,0.82412078,-275.99444444,95.61666667,-116.05555556,1.05555556
h4,discovery,100,150,di_spread_down3+price20_cross_down,105,0.98095238,0.70855537,1.38443997,0.93319440,-122.61238095,66.02857143,-50.11428571,1.08571429
h4,validation,100,150,di_spread_down3+price20_cross_down,19,1.00000000,0.70285714,1.42276423,0.83182078,-110.65789474,45.81052632,-75.61052632,1.10526316
h4,oos,100,150,di_spread_down3+price20_cross_down,18,1.00000000,0.72963230,1.37055336,0.82412078,-275.99444444,95.61666667,-116.05555556,1.05555556
h4,discovery,100,150,di_spread_down3+close_near_low+bb_expand,52,0.98076923,0.70855537,1.38418149,0.89879489,-91.69807692,32.76346154,-62.11730769,1.13461538
h4,validation,100,150,di_spread_down3+close_near_low+bb_expand,10,1.00000000,0.70285714,1.42276423,0.72246720,-212.80000000,52.87000000,-110.51000000,1.00000000
h4,oos,100,150,di_spread_down3+close_near_low+bb_expand,18,1.00000000,0.72963230,1.37055336,0.82412078,-228.67777778,79.95555556,-59.80000000,1.16666667
h4,discovery,100,150,di_spread_down3+price20_cross_down+mtf_di_strong_bull,51,0.98039216,0.70855537,1.38364932,0.89695431,-137.46470588,76.15098039,-44.27843137,1.03921569
h4,validation,100,150,di_spread_down3+price20_cross_down+mtf_di_strong_bull,11,1.00000000,0.70285714,1.42276423,0.74116703,-113.37272727,56.14545455,-60.39090909,1.18181818
h4,oos,100,150,di_spread_down3+price20_cross_down+mtf_di_strong_bull,6,1.00000000,0.72963230,1.37055336,0.60966571,-233.41666667,106.03333333,-240.56666667,1.00000000
h4,discovery,100,150,di_spread_down3+strong_close_bear+bb_expand,51,0.98039216,0.70855537,1.38364932,0.89695431,-91.71372549,33.37843137,-62.64901961,1.13725490
h4,validation,100,150,di_spread_down3+strong_close_bear+bb_expand,10,1.00000000,0.70285714,1.42276423,0.72246720,-212.80000000,52.87000000,-110.51000000,1.00000000
h4,oos,100,150,di_spread_down3+strong_close_bear+bb_expand,9,1.00000000,0.72963230,1.37055336,0.70085495,-62.25555556,34.56666667,-51.40000000,1.33333333
h4,discovery,100,150,di_spread_down3+close_near_low+mtf_di_strong_bull,99,0.97979798,0.70855537,1.38281074,0.92930969,-92.37272727,62.44545455,-56.14949495,1.13131313
h4,validation,100,150,di_spread_down3+close_near_low+mtf_di_strong_bull,20,0.90000000,0.70285714,1.28048780,0.69896635,-146.80500000,99.73000000,-60.40000000,1.10000000
h4,oos,100,150,di_spread_down3+close_near_low+mtf_di_strong_bull,10,1.00000000,0.72963230,1.37055336,0.72246720,-134.28000000,74.93000000,-49.38000000,1.30000000
h4,discovery,100,150,di_spread_down3+range_compression+strong_close_bear,142,0.97887324,0.70855537,1.38150563,0.93973009,-89.54295775,57.41056338,-52.46619718,1.16901408
h4,validation,100,150,di_spread_down3+range_compression+strong_close_bear,15,1.00000000,0.70285714,1.42276423,0.79611670,-87.23333333,49.47333333,-54.60000000,1.13333333
h4,oos,100,150,di_spread_down3+range_compression+strong_close_bear,11,1.00000000,0.72963230,1.37055336,0.74116703,-51.79090909,26.99090909,-55.09090909,1.27272727
h4,discovery,100,150,di_spread_down3+price20_cross_down+pullback_bull,93,0.97849462,0.70855537,1.38097129,0.92494537,-112.86129032,62.51505376,-49.86129032,1.09677419
h4,validation,100,150,di_spread_down3+price20_cross_down+pullback_bull,16,1.00000000,0.70285714,1.42276423,0.80639232,-90.25625000,43.17500000,-55.34375000,1.12500000
h4,oos,100,150,di_spread_down3+price20_cross_down+pullback_bull,10,1.00000000,0.72963230,1.37055336,0.72246720,-140.05000000,61.43000000,-150.68000000,1.10000000
h4,discovery,100,150,rsi_down3+price20_cross_down,182,0.97802198,0.70855537,1.38030423,0.94486116,-110.57197802,55.35000000,-50.96483516,1.08791209
h4,validation,100,150,rsi_down3+price20_cross_down,31,1.00000000,0.70285714,1.42276423,0.88974460,-96.37096774,42.53225806,-68.09032258,1.09677419
h4,oos,100,150,rsi_down3+price20_cross_down,27,1.00000000,0.72963230,1.37055336,0.87544497,-210.66666667,78.70370370,-84.55185185,1.00000000
h4,discovery,100,150,rsi_down3+close_near_low+volatility,269,0.97769517,0.70855537,1.37984299,0.95220062,-91.80408922,40.82639405,-54.21078067,1.12639405
h4,validation,100,150,rsi_down3+close_near_low+volatility,48,0.95833333,0.70285714,1.36348238,0.86024344,-125.24791667,73.51041667,-79.00208333,1.08333333
h4,oos,100,150,rsi_down3+close_near_low+volatility,30,1.00000000,0.72963230,1.37055336,0.88648661,-159.19333333,63.12333333,-47.17333333,1.16666667
h4,discovery,100,150,di_spread_down3+strong_close_bear,175,0.97714286,0.70855537,1.37906351,0.94271171,-92.40685714,56.30057143,-54.29142857,1.14285714
h4,validation,100,150,di_spread_down3+strong_close_bear,27,1.00000000,0.70285714,1.42276423,0.87544497,-156.82962963,70.37407407,-70.52222222,1.07407407
h4,oos,100,150,di_spread_down3+strong_close_bear,12,1.00000000,0.72963230,1.37055336,0.75750599,-60.75000000,30.16666667,-51.42500000,1.25000000
h4,discovery,100,150,di_spread_down3+ema20_slope_down3+close_near_low,43,0.97674419,0.70855537,1.37850085,0.87941007,-176.80465116,71.91162791,-70.83255814,1.00000000
h4,validation,100,150,di_spread_down3+ema20_slope_down3+close_near_low,17,1.00000000,0.70285714,1.42276423,0.81568186,-233.15882353,106.55882353,-86.40000000,1.00000000
h4,oos,100,150,di_spread_down3+ema20_slope_down3+close_near_low,8,1.00000000,0.72963230,1.37055336,0.67559244,-445.92500000,138.35000000,-72.77500000,1.00000000
h4,discovery,100,150,rsi_down3+price20_cross_down+pullback_bull,171,0.97660819,0.70855537,1.37830892,0.94140651,-103.53625731,53.57719298,-50.05730994,1.09356725
h4,validation,100,150,rsi_down3+price20_cross_down+pullback_bull,28,1.00000000,0.70285714,1.42276423,0.87935670,-83.18214286,40.67500000,-55.70357143,1.10714286
h4,oos,100,150,rsi_down3+price20_cross_down+pullback_bull,19,1.00000000,0.72963230,1.37055336,0.83182078,-111.61052632,53.58947368,-89.51052632,1.00000000
h4,discovery,100,150,di_spread_down3+range_compression+close_near_low,170,0.97647059,0.70855537,1.37811472,0.94107087,-88.10647059,57.24529412,-53.06705882,1.14705882
h4,validation,100,150,di_spread_down3+range_compression+close_near_low,20,1.00000000,0.70285714,1.42276423,0.83887484,-88.84500000,55.25000000,-50.97500000,1.10000000
h4,oos,100,150,di_spread_down3+range_compression+close_near_low,20,1.00000000,0.72963230,1.37055336,0.83887484,-206.28000000,71.25000000,-60.99000000,1.15000000
h4,discovery,100,150,di_spread_down3+price20_cross_down+range_compression,85,0.97647059,0.70855537,1.37811472,0.91821300,-121.99058824,69.17176471,-45.49529412,1.10588235
h4,validation,100,150,di_spread_down3+price20_cross_down+range_compression,16,1.00000000,0.70285714,1.42276423,0.80639232,-95.44375000,45.48125000,-51.84375000,1.12500000
h4,oos,100,150,di_spread_down3+price20_cross_down+range_compression,15,1.00000000,0.72963230,1.37055336,0.79611670,-313.51333333,110.66000000,-54.30666667,1.06666667
h4,discovery,100,150,di_spread_down3+close_near_low,211,0.97630332,0.70855537,1.37787865,0.94573692,-97.90663507,54.60853081,-56.42180095,1.12322275
h4,validation,100,150,di_spread_down3+close_near_low,36,0.94444444,0.70285714,1.34372177,0.81855343,-152.34722222,81.22222222,-68.92222222,1.05555556
h4,oos,100,150,di_spread_down3+close_near_low,21,1.00000000,0.72963230,1.37055336,0.84536098,-204.04285714,70.95714286,-58.61428571,1.14285714
h4,discovery,100,150,di_spread_down3+price20_cross_down+close_near_low,84,0.97619048,0.70855537,1.37771939,0.91728559,-121.60714286,67.37023810,-50.50714286,1.05952381
h4,validation,100,150,di_spread_down3+price20_cross_down+close_near_low,16,1.00000000,0.70285714,1.42276423,0.80639232,-114.34375000,47.34375000,-78.96875000,1.12500000
h4,oos,100,150,di_spread_down3+price20_cross_down+close_near_low,8,1.00000000,0.72963230,1.37055336,0.67559244,-445.92500000,138.35000000,-72.77500000,1.00000000
h4,discovery,100,150,di_spread_down3+strong_close_bear+mtf_di_strong_bull,83,0.97590361,0.70855537,1.37731454,0.91633691,-98.02771084,66.24698795,-54.58072289,1.14457831
h4,validation,100,150,di_spread_down3+strong_close_bear+mtf_di_strong_bull,14,1.00000000,0.70285714,1.42276423,0.78468920,-142.50000000,87.30000000,-53.70000000,1.14285714
h4,oos,100,150,di_spread_down3+strong_close_bear+mtf_di_strong_bull,8,1.00000000,0.72963230,1.37055336,0.67559244,-38.55000000,26.71250000,-55.55000000,1.37500000
h4,discovery,100,150,rsi_down3+structure_lh+atr_expand,283,0.97526502,0.70855537,1.37641327,0.94983248,-135.63180212,49.75724382,-69.64240283,1.05300353
h4,validation,100,150,rsi_down3+structure_lh+atr_expand,39,1.00000000,0.70285714,1.42276423,0.91033315,-129.57435897,60.15128205,-81.62051282,1.07692308
h4,oos,100,150,rsi_down3+structure_lh+atr_expand,33,1.00000000,0.72963230,1.37055336,0.89573000,-188.83030303,72.01818182,-89.42727273,1.00000000
h4,discovery,100,150,rsi_down3+mtf_adx_rising+volatility,311,0.97427653,0.70855537,1.37501819,0.95007043,-98.49131833,46.87524116,-61.43954984,1.05144695
h4,validation,100,150,rsi_down3+mtf_adx_rising+volatility,45,0.88888889,0.70285714,1.26467931,0.76500903,-105.45777778,78.43111111,-64.93111111,1.06666667
h4,oos,100,150,rsi_down3+mtf_adx_rising+volatility,35,0.97142857,0.72963230,1.33139469,0.85466913,-104.10571429,59.27714286,-92.52571429,1.14285714
h4,discovery,100,150,rsi_down3+range_compression+atr_expand,186,0.97311828,0.70855537,1.37338353,0.93862511,-91.91021505,39.79462366,-59.43817204,1.05376344
h4,validation,100,150,rsi_down3+range_compression+atr_expand,17,1.00000000,0.70285714,1.42276423,0.81568186,-80.64705882,41.94705882,-49.12352941,1.17647059
h4,oos,100,150,rsi_down3+range_compression+atr_expand,24,1.00000000,0.72963230,1.37055336,0.86202380,-219.74583333,84.82083333,-66.24583333,1.00000000
h4,discovery,100,150,rsi_down3+price20_cross_down+range_compression,145,0.97241379,0.70855537,1.37238927,0.93122137,-110.33172414,57.38551724,-50.29724138,1.11034483
h4,validation,100,150,rsi_down3+price20_cross_down+range_compression,29,1.00000000,0.70285714,1.42276423,0.88303020,-86.94482759,42.31379310,-54.20000000,1.10344828
h4,oos,100,150,rsi_down3+price20_cross_down+range_compression,20,1.00000000,0.72963230,1.37055336,0.83887484,-250.47000000,91.48500000,-49.10500000,1.00000000
h4,discovery,100,150,rsi_down3+mtf_di_strong_bull+volatility,324,0.97222222,0.70855537,1.37211891,0.94805946,-96.37376543,47.10246914,-61.42283951,1.06481481
h4,validation,100,150,rsi_down3+mtf_di_strong_bull+volatility,40,0.87500000,0.70285714,1.24491870,0.73887880,-94.52500000,79.02000000,-50.17250000,1.05000000
h4,oos,100,150,rsi_down3+mtf_di_strong_bull+volatility,33,0.96969697,0.72963230,1.32902144,0.84681275,-80.93636364,47.42121212,-102.84545455,1.09090909
h4,discovery,100,150,di_spread_down3+strong_close_bear+mtf_trend_bull,72,0.97222222,0.70855537,1.37211891,0.90425825,-108.52222222,67.05000000,-68.07083333,1.18055556
h4,validation,100,150,di_spread_down3+strong_close_bear+mtf_trend_bull,12,1.00000000,0.70285714,1.42276423,0.75750599,-81.16666667,45.79166667,-30.43333333,1.16666667
h4,oos,100,150,di_spread_down3+strong_close_bear+mtf_trend_bull,8,1.00000000,0.72963230,1.37055336,0.67559244,-43.70000000,26.70000000,-58.47500000,1.37500000
h4,discovery,100,150,rsi_down3+strong_close_bear+volatility,209,0.97129187,0.70855537,1.37080587,0.93879378,-87.71244019,42.50813397,-49.70047847,1.16267943
h4,validation,100,150,rsi_down3+strong_close_bear+volatility,42,1.00000000,0.70285714,1.42276423,0.91620121,-118.99285714,63.67380952,-79.03095238,1.09523810
h4,oos,100,150,rsi_down3+strong_close_bear+volatility,22,1.00000000,0.72963230,1.37055336,0.85134513,-54.92727273,35.76818182,-37.86363636,1.22727273
h4,discovery,100,150,price20_cross_down+close_near_low+volatility,173,0.97109827,0.70855537,1.37053264,0.93413651,-110.88092486,56.42658960,-56.30578035,1.05202312
h4,validation,100,150,price20_cross_down+close_near_low+volatility,34,1.00000000,0.70285714,1.42276423,0.89848545,-82.61176471,40.66176471,-77.11764706,1.17647059
h4,oos,100,150,price20_cross_down+close_near_low+volatility,12,1.00000000,0.72963230,1.37055336,0.75750599,-316.26666667,102.03333333,-58.75000000,1.00000000
h4,discovery,100,150,di_spread_down3+price200_bull+strong_close_bear,99,0.96969697,0.70855537,1.36855496,0.91466320,-88.24444444,59.47777778,-58.43333333,1.19191919
h4,validation,100,150,di_spread_down3+price200_bull+strong_close_bear,15,1.00000000,0.70285714,1.42276423,0.79611670,-88.72000000,40.30666667,-60.49333333,1.13333333
h4,oos,100,150,di_spread_down3+price200_bull+strong_close_bear,9,1.00000000,0.72963230,1.37055336,0.70085495,-41.62222222,24.61111111,-54.51111111,1.33333333
h4,discovery,100,150,di_spread_down3+close_near_low+mtf_adx_rising,99,0.96969697,0.70855537,1.36855496,0.91466320,-93.07171717,60.20404040,-59.26666667,1.13131313
h4,validation,100,150,di_spread_down3+close_near_low+mtf_adx_rising,24,0.91666667,0.70285714,1.30420054,0.74151198,-157.30833333,96.60416667,-83.49583333,1.08333333
h4,oos,100,150,di_spread_down3+close_near_low+mtf_adx_rising,11,1.00000000,0.72963230,1.37055336,0.74116703,-136.55454545,74.03636364,-45.90000000,1.27272727
h4,discovery,100,150,rsi_down3+atr_expand,326,0.96932515,0.70855537,1.36803021,0.94446414,-129.87914110,49.13098160,-69.16595092,1.05214724
h4,validation,100,150,rsi_down3+atr_expand,41,1.00000000,0.70285714,1.42276423,0.91433243,-134.62195122,59.44634146,-90.78536585,1.07317073
h4,oos,100,150,rsi_down3+atr_expand,34,0.97058824,0.72963230,1.33024297,0.85084427,-182.40000000,71.83823529,-88.64117647,1.00000000
h4,discovery,100,150,di_spread_down3+pullback_bull+atr_expand,96,0.96875000,0.70855537,1.36721848,0.91211321,-111.12500000,43.60312500,-67.24479167,1.09375000
h4,validation,100,150,di_spread_down3+pullback_bull+atr_expand,20,1.00000000,0.70285714,1.42276423,0.83887484,-170.59500000,88.40000000,-46.35500000,1.10000000
h4,oos,100,150,di_spread_down3+pullback_bull+atr_expand,16,1.00000000,0.72963230,1.37055336,0.80639232,-125.60000000,54.62500000,-166.96875000,1.06250000
h4,discovery,100,150,di_spread_down3+close_near_low+mtf_trend_bull,93,0.96774194,0.70855537,1.36579578,0.90940617,-98.91182796,62.24193548,-65.50967742,1.15053763
h4,validation,100,150,di_spread_down3+close_near_low+mtf_trend_bull,15,1.00000000,0.70285714,1.42276423,0.79611670,-80.66000000,47.94666667,-31.30000000,1.13333333
h4,oos,100,150,di_spread_down3+close_near_low+mtf_trend_bull,17,1.00000000,0.72963230,1.37055336,0.81568186,-229.73529412,78.92352941,-63.62352941,1.17647059
h4,discovery,100,150,price20_cross_down+structure_lh+mtf_adx_rising,183,0.96721311,0.70855537,1.36504944,0.93032591,-86.84535519,47.63825137,-77.77540984,1.05464481
h4,validation,100,150,price20_cross_down+structure_lh+mtf_adx_rising,31,0.87096774,0.70285714,1.23918175,0.71147594,-70.67741935,45.61612903,-77.20967742,1.16129032
h4,oos,100,150,price20_cross_down+structure_lh+mtf_adx_rising,14,0.85714286,0.72963230,1.17476002,0.60058621,-177.24285714,101.14285714,-104.64285714,1.00000000
h4,discovery,100,150,price20_cross_down+structure_lh+close_near_low,240,0.96666667,0.70855537,1.36427823,0.93561514,-96.90791667,54.18916667,-81.54833333,1.05833333
h4,validation,100,150,price20_cross_down+structure_lh+close_near_low,49,0.93877551,0.70285714,1.33565621,0.83479512,-74.00408163,50.82040816,-72.16530612,1.14285714
h4,oos,100,150,price20_cross_down+structure_lh+close_near_low,18,0.88888889,0.72963230,1.21826965,0.67200235,-230.31111111,91.45000000,-53.90000000,1.05555556
h4,discovery,100,150,price20_cross_down+atr_expand,150,0.96666667,0.70855537,1.36427823,0.92434820,-144.51666667,63.61866667,-73.50533333,1.04000000
h4,validation,100,150,price20_cross_down+atr_expand,19,1.00000000,0.70285714,1.42276423,0.83182078,-102.41052632,35.90526316,-69.92105263,1.21052632
h4,oos,100,150,price20_cross_down+atr_expand,24,1.00000000,0.72963230,1.37055336,0.86202380,-228.25833333,82.01250000,-86.80000000,1.04166667
h4,discovery,100,150,di_spread_down3+ema20_slope_down3+strong_close_bear,30,0.96666667,0.70855537,1.36427823,0.83329609,-157.64666667,86.40000000,-61.40666667,1.00000000
h4,validation,100,150,di_spread_down3+ema20_slope_down3+strong_close_bear,13,1.00000000,0.70285714,1.42276423,0.77190463,-238.14615385,106.43846154,-77.60000000,1.00000000
h4,oos,100,150,di_spread_down3+ema20_slope_down3+strong_close_bear,0,,0.72963230,,,,,,
h4,discovery,100,150,di_spread_down3+range_compression+atr_expand,88,0.96590909,0.70855537,1.36320904,0.90450396,-105.17159091,48.80795455,-61.10568182,1.10227273
h4,validation,100,150,di_spread_down3+range_compression+atr_expand,7,1.00000000,0.70285714,1.42276423,0.64566956,-67.50000000,56.72857143,-20.18571429,1.28571429
h4,oos,100,150,di_spread_down3+range_compression+atr_expand,20,1.00000000,0.72963230,1.37055336,0.83887484,-257.62500000,92.72500000,-98.41000000,1.05000000
h4,discovery,100,150,di_spread_down3+price200_bull+close_near_low,116,0.96551724,0.70855537,1.36265602,0.91468046,-85.52500000,58.07931034,-59.43275862,1.17241379
h4,validation,100,150,di_spread_down3+price200_bull+close_near_low,20,0.90000000,0.70285714,1.28048780,0.69896635,-85.65500000,60.03500000,-51.22500000,1.10000000
h4,oos,100,150,di_spread_down3+price200_bull+close_near_low,10,1.00000000,0.72963230,1.37055336,0.72246720,-36.31000000,24.28000000,-52.22000000,1.30000000
h4,discovery,100,150,macd_accel_down+price20_cross_down+atr_expand,144,0.96527778,0.70855537,1.36231806,0.92129708,-148.37013889,65.89583333,-74.11527778,1.04166667
h4,validation,100,150,macd_accel_down+price20_cross_down+atr_expand,13,1.00000000,0.70285714,1.42276423,0.77190463,-121.30000000,42.27692308,-74.50000000,1.30769231
h4,oos,100,150,macd_accel_down+price20_cross_down+atr_expand,24,1.00000000,0.72963230,1.37055336,0.86202380,-228.25833333,82.01250000,-86.80000000,1.04166667
h4,discovery,100,150,di_spread_down3+price20_cross_down+mtf_trend_bull,56,0.96428571,0.70855537,1.36091793,0.87881220,-140.89464286,75.02500000,-57.58928571,1.03571429
h4,validation,100,150,di_spread_down3+price20_cross_down+mtf_trend_bull,12,1.00000000,0.70285714,1.42276423,0.75750599,-94.75000000,53.55000000,-32.75833333,1.16666667
h4,oos,100,150,di_spread_down3+price20_cross_down+mtf_trend_bull,18,1.00000000,0.72963230,1.37055336,0.82412078,-275.99444444,95.61666667,-116.05555556,1.05555556
h4,discovery,100,150,rsi_down3+price200_bull+volatility,355,0.96338028,0.70855537,1.35964008,0.93836300,-85.40535211,46.10281690,-59.39436620,1.10985915
h4,validation,100,150,rsi_down3+price200_bull+volatility,54,0.90740741,0.70285714,1.29102680,0.80090117,-63.90185185,51.85185185,-64.08703704,1.05555556
h4,oos,100,150,rsi_down3+price200_bull+volatility,38,0.97368421,0.72963230,1.33448617,0.86505124,-54.67368421,34.61842105,-89.31578947,1.07894737
h4,discovery,100,150,price20_cross_down+structure_lh+strong_close_bear,190,0.96315789,0.70855537,1.35932622,0.92591739,-100.49894737,56.45947368,-86.86578947,1.06842105
h4,validation,100,150,price20_cross_down+structure_lh+strong_close_bear,45,0.93333333,0.70285714,1.32791328,0.82143398,-76.11555556,51.88666667,-64.46888889,1.15555556
h4,oos,100,150,price20_cross_down+structure_lh+strong_close_bear,9,0.77777778,0.72963230,1.06598595,0.45258897,-57.05555556,53.15555556,-37.88888889,1.00000000
h4,discovery,150,200,rsi_down3+price20_cross_down+structure_lh,51,1.00000000,0.68218830,1.46587094,0.92995338,-187.40000000,87.14313725,-54.34313725,1.15686275
h4,validation,150,200,rsi_down3+price20_cross_down+structure_lh,10,1.00000000,0.67309547,1.48567335,0.72246720,-122.71000000,35.93000000,-50.48000000,1.00000000
h4,oos,150,200,rsi_down3+price20_cross_down+structure_lh,14,1.00000000,0.75422139,1.32587065,0.78468920,-139.34285714,60.96428571,-24.47142857,1.00000000
h4,discovery,150,200,di_spread_down3+range_compression+atr_expand,51,1.00000000,0.68218830,1.46587094,0.92995338,-163.04313725,71.23725490,-48.36274510,1.03921569
h4,validation,150,200,di_spread_down3+range_compression+atr_expand,0,,0.67309547,,,,,,
h4,oos,150,200,di_spread_down3+range_compression+atr_expand,13,1.00000000,0.75422139,1.32587065,0.77190463,-131.57692308,54.92307692,-143.00000000,1.00000000
h4,discovery,150,200,di_spread_down3+close_near_low+volatility,51,1.00000000,0.68218830,1.46587094,0.92995338,-182.86470588,56.85098039,-74.76470588,1.21568627
h4,validation,150,200,di_spread_down3+close_near_low+volatility,21,0.95238095,0.67309547,1.41492700,0.77330640,-196.27142857,125.78571429,-49.79047619,1.00000000
h4,oos,150,200,di_spread_down3+close_near_low+volatility,11,1.00000000,0.75422139,1.32587065,0.74116703,-78.21818182,47.14545455,-19.33636364,1.00000000
h4,discovery,150,200,di_spread_down3+price200_bull+close_near_low,40,1.00000000,0.68218830,1.46587094,0.91237840,-106.13250000,59.27500000,-62.33000000,1.30000000
h4,validation,150,200,di_spread_down3+price200_bull+close_near_low,20,0.95000000,0.67309547,1.41138968,0.76386881,-95.13500000,45.80000000,-89.67500000,1.00000000
h4,oos,150,200,di_spread_down3+price200_bull+close_near_low,2,1.00000000,0.75422139,1.32587065,0.34238023,-52.55000000,31.55000000,-31.80000000,1.00000000
h4,discovery,150,200,price20_cross_down+di_spread_down3,39,1.00000000,0.68218830,1.46587094,0.91033315,-222.51282051,99.50769231,-48.97948718,1.02564103
h4,validation,150,200,price20_cross_down+di_spread_down3,6,1.00000000,0.67309547,1.48567335,0.60966571,-122.38333333,57.01666667,-39.08333333,1.00000000
h4,oos,150,200,price20_cross_down+di_spread_down3,6,1.00000000,0.75422139,1.32587065,0.60966571,-176.18333333,73.63333333,-43.25000000,1.00000000
h4,discovery,150,200,di_spread_down3+price20_cross_down,39,1.00000000,0.68218830,1.46587094,0.91033315,-222.51282051,99.50769231,-48.97948718,1.02564103
h4,validation,150,200,di_spread_down3+price20_cross_down,6,1.00000000,0.67309547,1.48567335,0.60966571,-122.38333333,57.01666667,-39.08333333,1.00000000
h4,oos,150,200,di_spread_down3+price20_cross_down,6,1.00000000,0.75422139,1.32587065,0.60966571,-176.18333333,73.63333333,-43.25000000,1.00000000
h4,discovery,150,200,di_spread_down3+close_near_low+mtf_adx_rising,39,1.00000000,0.68218830,1.46587094,0.91033315,-119.11794872,62.56410256,-58.02820513,1.30769231
h4,validation,150,200,di_spread_down3+close_near_low+mtf_adx_rising,27,0.96296296,0.67309547,1.43064841,0.81716534,-146.27777778,88.71111111,-94.10370370,1.00000000
h4,oos,150,200,di_spread_down3+close_near_low+mtf_adx_rising,1,1.00000000,0.75422139,1.32587065,0.20654931,-59.90000000,48.70000000,-34.40000000,1.00000000
h4,discovery,150,200,price20_cross_down+pullback_bull+atr_expand,37,1.00000000,0.68218830,1.46587094,0.90594217,-208.75675676,76.70540541,-78.62432432,1.00000000
h4,validation,150,200,price20_cross_down+pullback_bull+atr_expand,6,1.00000000,0.67309547,1.48567335,0.60966571,-110.46666667,18.38333333,-54.46666667,1.16666667
h4,oos,150,200,price20_cross_down+pullback_bull+atr_expand,10,1.00000000,0.75422139,1.32587065,0.72246720,-163.12000000,64.98000000,-3.29000000,1.00000000
h4,discovery,150,200,di_spread_down3+price20_cross_down+pullback_bull,35,1.00000000,0.68218830,1.46587094,0.90109901,-203.70571429,97.63714286,-45.29142857,1.02857143
h4,validation,150,200,di_spread_down3+price20_cross_down+pullback_bull,5,1.00000000,0.67309547,1.48567335,0.56551754,-109.26000000,50.78000000,-44.48000000,1.00000000
h4,oos,150,200,di_spread_down3+price20_cross_down+pullback_bull,6,1.00000000,0.75422139,1.32587065,0.60966571,-176.18333333,73.63333333,-43.25000000,1.00000000
h4,discovery,150,200,di_spread_down3+strong_close_bear+volatility,35,1.00000000,0.68218830,1.46587094,0.90109901,-185.28857143,68.61714286,-75.25142857,1.02857143
h4,validation,150,200,di_spread_down3+strong_close_bear+volatility,16,1.00000000,0.67309547,1.48567335,0.80639232,-188.72500000,122.44375000,-19.47500000,1.00000000
h4,oos,150,200,di_spread_down3+strong_close_bear+volatility,11,1.00000000,0.75422139,1.32587065,0.74116703,-78.21818182,47.14545455,-19.33636364,1.00000000
h4,discovery,150,200,di_spread_down3+price20_cross_down+structure_lh,34,1.00000000,0.68218830,1.46587094,0.89848545,-222.86764706,104.92058824,-41.77352941,1.02941176
h4,validation,150,200,di_spread_down3+price20_cross_down+structure_lh,5,1.00000000,0.67309547,1.48567335,0.56551754,-129.02000000,56.76000000,-41.96000000,1.00000000
h4,oos,150,200,di_spread_down3+price20_cross_down+structure_lh,6,1.00000000,0.75422139,1.32587065,0.60966571,-176.18333333,73.63333333,-43.25000000,1.00000000
h4,discovery,150,200,di_spread_down3+price20_cross_down+range_compression,33,1.00000000,0.68218830,1.46587094,0.89573000,-213.01818182,105.01818182,-44.45757576,1.03030303
h4,validation,150,200,di_spread_down3+price20_cross_down+range_compression,6,1.00000000,0.67309547,1.48567335,0.60966571,-122.38333333,57.01666667,-39.08333333,1.00000000
h4,oos,150,200,di_spread_down3+price20_cross_down+range_compression,6,1.00000000,0.75422139,1.32587065,0.60966571,-176.18333333,73.63333333,-43.25000000,1.00000000
h4,discovery,150,200,rsi_down3+price20_cross_down+close_near_low,33,1.00000000,0.68218830,1.46587094,0.89573000,-172.04848485,70.07878788,-62.73939394,1.00000000
h4,validation,150,200,rsi_down3+price20_cross_down+close_near_low,5,1.00000000,0.67309547,1.48567335,0.56551754,-130.62000000,62.20000000,-36.86000000,1.00000000
h4,oos,150,200,rsi_down3+price20_cross_down+close_near_low,1,1.00000000,0.75422139,1.32587065,0.20654931,-86.20000000,90.70000000,-20.10000000,1.00000000
h4,discovery,150,200,rsi_down3+price20_cross_down+mtf_trend_bull,33,1.00000000,0.68218830,1.46587094,0.89573000,-244.37878788,94.91212121,-59.10303030,1.00000000
h4,validation,150,200,rsi_down3+price20_cross_down+mtf_trend_bull,9,1.00000000,0.67309547,1.48567335,0.70085495,-123.75555556,41.64444444,-45.87777778,1.00000000
h4,oos,150,200,rsi_down3+price20_cross_down+mtf_trend_bull,13,1.00000000,0.75422139,1.32587065,0.77190463,-145.80769231,63.02307692,-22.47692308,1.00000000
h4,discovery,150,200,rsi_down3+price20_cross_down+mtf_adx_rising,32,1.00000000,0.68218830,1.46587094,0.89282080,-232.18750000,103.76250000,-44.51875000,1.03125000
h4,validation,150,200,rsi_down3+price20_cross_down+mtf_adx_rising,8,1.00000000,0.67309547,1.48567335,0.67559244,-114.72500000,32.42500000,-53.28750000,1.00000000
h4,oos,150,200,rsi_down3+price20_cross_down+mtf_adx_rising,4,1.00000000,0.75422139,1.32587065,0.51010916,-219.75000000,90.75000000,-5.07500000,1.00000000
h4,discovery,150,200,di_spread_down3+price20_cross_down+mtf_adx_rising,32,1.00000000,0.68218830,1.46587094,0.89282080,-232.18750000,103.76250000,-44.51875000,1.03125000
h4,validation,150,200,di_spread_down3+price20_cross_down+mtf_adx_rising,3,1.00000000,0.67309547,1.48567335,0.43850297,-111.93333333,61.30000000,-43.76666667,1.00000000
h4,oos,150,200,di_spread_down3+price20_cross_down+mtf_adx_rising,4,1.00000000,0.75422139,1.32587065,0.51010916,-219.75000000,90.75000000,-5.07500000,1.00000000
h4,discovery,150,200,rsi_down3+price20_cross_down+atr_expand,32,1.00000000,0.68218830,1.46587094,0.89282080,-248.54062500,89.02187500,-56.72812500,1.00000000
h4,validation,150,200,rsi_down3+price20_cross_down+atr_expand,5,1.00000000,0.67309547,1.48567335,0.56551754,-116.40000000,15.10000000,-59.00000000,1.00000000
h4,oos,150,200,rsi_down3+price20_cross_down+atr_expand,10,1.00000000,0.75422139,1.32587065,0.72246720,-163.12000000,64.98000000,-3.29000000,1.00000000
h4,discovery,150,200,di_spread_down3+price20_cross_down+volatility,32,1.00000000,0.68218830,1.46587094,0.89282080,-245.86562500,97.68437500,-53.72187500,1.03125000
h4,validation,150,200,di_spread_down3+price20_cross_down+volatility,2,1.00000000,0.67309547,1.48567335,0.34238023,-149.75000000,74.55000000,-38.60000000,1.00000000
h4,oos,150,200,di_spread_down3+price20_cross_down+volatility,6,1.00000000,0.75422139,1.32587065,0.60966571,-176.18333333,73.63333333,-43.25000000,1.00000000
h4,discovery,150,200,rsi_down3+ema20_slope_down3+mtf_adx_rising,31,1.00000000,0.68218830,1.46587094,0.88974460,-241.55806452,122.65483871,-110.78709677,1.03225806
h4,validation,150,200,rsi_down3+ema20_slope_down3+mtf_adx_rising,9,1.00000000,0.67309547,1.48567335,0.70085495,-258.22222222,180.63333333,-87.12222222,1.00000000
h4,oos,150,200,rsi_down3+ema20_slope_down3+mtf_adx_rising,5,0.80000000,0.75422139,1.06069652,0.37553463,-173.42000000,93.78000000,-27.82000000,1.00000000
h4,discovery,150,200,di_spread_down3+close_near_low+atr_expand,31,1.00000000,0.68218830,1.46587094,0.88974460,-239.05806452,49.35806452,-82.17419355,1.00000000
h4,validation,150,200,di_spread_down3+close_near_low+atr_expand,24,1.00000000,0.67309547,1.48567335,0.86202380,-197.66250000,86.42500000,-106.48333333,1.00000000
h4,oos,150,200,di_spread_down3+close_near_low+atr_expand,10,1.00000000,0.75422139,1.32587065,0.72246720,-81.52000000,50.42000000,-18.35000000,1.00000000
h4,discovery,150,200,di_spread_down3+close_near_low+mtf_trend_bull,30,1.00000000,0.68218830,1.46587094,0.88648661,-153.36666667,74.04000000,-71.38333333,1.06666667
h4,validation,150,200,di_spread_down3+close_near_low+mtf_trend_bull,9,1.00000000,0.67309547,1.48567335,0.70085495,-80.94444444,70.20000000,-18.78888889,1.00000000
h4,oos,150,200,di_spread_down3+close_near_low+mtf_trend_bull,2,1.00000000,0.75422139,1.32587065,0.34238023,-52.55000000,31.55000000,-31.80000000,1.00000000
h4,discovery,150,200,di_spread_down3+mtf_adx_rising+atr_expand,65,0.98461538,0.68218830,1.44331908,0.91786715,-212.15230769,92.33538462,-90.25076923,1.03076923
h4,validation,150,200,di_spread_down3+mtf_adx_rising+atr_expand,19,1.00000000,0.67309547,1.48567335,0.83182078,-180.30000000,89.30000000,-126.42631579,1.00000000
h4,oos,150,200,di_spread_down3+mtf_adx_rising+atr_expand,14,0.92857143,0.75422139,1.23116560,0.68531296,-121.14285714,68.37857143,-206.28571429,1.00000000
h4,discovery,150,200,rsi_down3+price20_cross_down,60,0.98333333,0.68218830,1.44143976,0.91144870,-186.51166667,82.53666667,-59.89333333,1.13333333
h4,validation,150,200,rsi_down3+price20_cross_down,11,1.00000000,0.67309547,1.48567335,0.74116703,-119.66363636,37.96363636,-48.13636364,1.00000000
h4,oos,150,200,rsi_down3+price20_cross_down,14,1.00000000,0.75422139,1.32587065,0.78468920,-139.34285714,60.96428571,-24.47142857,1.00000000
h4,discovery,150,200,rsi_down3+price20_cross_down+pullback_bull,55,0.98181818,0.68218830,1.43921874,0.90394224,-171.58727273,81.25090909,-58.31636364,1.14545455
h4,validation,150,200,rsi_down3+price20_cross_down+pullback_bull,10,1.00000000,0.67309547,1.48567335,0.72246720,-112.83000000,32.94000000,-51.74000000,1.00000000
h4,oos,150,200,rsi_down3+price20_cross_down+pullback_bull,14,1.00000000,0.75422139,1.32587065,0.78468920,-139.34285714,60.96428571,-24.47142857,1.00000000
h4,discovery,150,200,rsi_down3+structure_lh+atr_expand,153,0.98039216,0.68218830,1.43712838,0.94394267,-178.34967320,73.05359477,-72.54901961,1.00653595
h4,validation,150,200,rsi_down3+structure_lh+atr_expand,34,1.00000000,0.67309547,1.48567335,0.89848545,-168.30000000,65.67352941,-105.09705882,1.00000000
h4,oos,150,200,rsi_down3+structure_lh+atr_expand,28,0.96428571,0.75422139,1.27851812,0.82287802,-110.69642857,53.83928571,-75.41071429,1.00000000
h4,discovery,150,200,rsi_down3+price20_cross_down+range_compression,49,0.97959184,0.68218830,1.43595521,0.89306478,-180.14489796,81.69591837,-60.36122449,1.16326531
h4,validation,150,200,rsi_down3+price20_cross_down+range_compression,11,1.00000000,0.67309547,1.48567335,0.74116703,-119.66363636,37.96363636,-48.13636364,1.00000000
h4,oos,150,200,rsi_down3+price20_cross_down+range_compression,7,1.00000000,0.75422139,1.32587065,0.64566956,-158.91428571,68.00000000,-44.27142857,1.00000000
h4,discovery,150,200,rsi_down3+price20_cross_down+volatility,48,0.97916667,0.68218830,1.43533197,0.89100782,-207.41041667,84.21666667,-63.94791667,1.10416667
h4,validation,150,200,rsi_down3+price20_cross_down+volatility,2,1.00000000,0.67309547,1.48567335,0.34238023,-149.75000000,74.55000000,-38.60000000,1.00000000
h4,oos,150,200,rsi_down3+price20_cross_down+volatility,13,1.00000000,0.75422139,1.32587065,0.77190463,-143.43076923,58.67692308,-24.80769231,1.00000000
h4,discovery,150,200,price20_cross_down+mtf_adx_rising+volatility,47,0.97872340,0.68218830,1.43468220,0.88887019,-176.30851064,85.74042553,-59.59574468,1.04255319
h4,validation,150,200,price20_cross_down+mtf_adx_rising+volatility,12,0.91666667,0.67309547,1.36186724,0.64612009,-55.38333333,36.65833333,-105.60000000,1.33333333
h4,oos,150,200,price20_cross_down+mtf_adx_rising+volatility,4,1.00000000,0.75422139,1.32587065,0.51010916,-219.75000000,90.75000000,-5.07500000,1.00000000
h4,discovery,150,200,di_spread_down3+close_near_low+mtf_di_strong_bull,36,0.97222222,0.68218830,1.42515231,0.85830281,-114.24166667,67.47500000,-54.61111111,1.33333333
h4,validation,150,200,di_spread_down3+close_near_low+mtf_di_strong_bull,28,0.96428571,0.67309547,1.43261359,0.82287802,-147.76785714,88.69285714,-91.17500000,1.00000000
h4,oos,150,200,di_spread_down3+close_near_low+mtf_di_strong_bull,2,1.00000000,0.75422139,1.32587065,0.34238023,-52.55000000,31.55000000,-31.80000000,1.00000000
h4,discovery,150,200,macd_accel_down+ema20_slope_down3+mtf_di_strong_bull,35,0.97142857,0.68218830,1.42398892,0.85466913,-232.74285714,111.37714286,-104.44857143,1.00000000
h4,validation,150,200,macd_accel_down+ema20_slope_down3+mtf_di_strong_bull,12,1.00000000,0.67309547,1.48567335,0.75750599,-227.78333333,153.00833333,-96.51666667,1.00000000
h4,oos,150,200,macd_accel_down+ema20_slope_down3+mtf_di_strong_bull,1,0.00000000,0.75422139,0.00000000,0.00000000,11.90000000,105.90000000,-118.80000000,1.00000000
h4,discovery,150,200,rsi_down3+mtf_adx_rising+atr_expand,99,0.96969697,0.68218830,1.42145061,0.91466320,-190.31212121,83.85454545,-71.37777778,1.02020202
h4,validation,150,200,rsi_down3+mtf_adx_rising+atr_expand,28,1.00000000,0.67309547,1.48567335,0.87935670,-154.63571429,65.54642857,-110.27857143,1.00000000
h4,oos,150,200,rsi_down3+mtf_adx_rising+atr_expand,12,0.91666667,0.75422139,1.21538143,0.64612009,-127.67500000,59.70833333,-159.61666667,1.00000000
h4,discovery,150,200,rsi_down3+range_compression+atr_expand,98,0.96938776,0.68218830,1.42099734,0.91382980,-124.91428571,57.87551020,-60.25102041,1.03061224
h4,validation,150,200,rsi_down3+range_compression+atr_expand,8,1.00000000,0.67309547,1.48567335,0.67559244,-102.36250000,15.95000000,-67.20000000,1.00000000
h4,oos,150,200,rsi_down3+range_compression+atr_expand,14,1.00000000,0.75422139,1.32587065,0.78468920,-126.83571429,52.22857143,-134.73571429,1.00000000
h4,discovery,150,200,rsi_down3+structure_lh+mtf_adx_rising,193,0.96891192,0.68218830,1.42029983,0.93384601,-126.95958549,70.23264249,-61.63419689,1.07253886
h4,validation,150,200,rsi_down3+structure_lh+mtf_adx_rising,47,0.97872340,0.67309547,1.45406328,0.88887019,-117.57446809,60.95957447,-84.70212766,1.00000000
h4,oos,150,200,rsi_down3+structure_lh+mtf_adx_rising,24,0.95833333,0.75422139,1.27062604,0.79758194,-91.75000000,48.26666667,-100.04583333,1.00000000
h4,discovery,150,200,rsi_down3+structure_lh+volatility,190,0.96842105,0.68218830,1.41958028,0.93282789,-156.74368421,70.09684211,-68.30421053,1.11578947
h4,validation,150,200,rsi_down3+structure_lh+volatility,30,0.96666667,0.67309547,1.43615091,0.83329609,-166.10666667,90.12666667,-87.62333333,1.00000000
h4,oos,150,200,rsi_down3+structure_lh+volatility,37,0.97297297,0.75422139,1.29003630,0.86175930,-98.79729730,48.89189189,-73.57567568,1.00000000
h4,discovery,150,200,di_spread_down3+structure_lh+atr_expand,92,0.96739130,0.68218830,1.41807080,0.90846640,-215.02500000,81.78804348,-84.39130435,1.00000000
h4,validation,150,200,di_spread_down3+structure_lh+atr_expand,24,1.00000000,0.67309547,1.48567335,0.86202380,-197.66250000,86.42500000,-106.48333333,1.00000000
h4,oos,150,200,di_spread_down3+structure_lh+atr_expand,24,0.95833333,0.75422139,1.27062604,0.79758194,-104.63333333,60.89583333,-127.97916667,1.00000000
h4,discovery,150,200,macd_accel_down+price20_cross_down+mtf_di_strong_bull,30,0.96666667,0.68218830,1.41700858,0.83329609,-256.95666667,107.17666667,-51.81333333,1.00000000
h4,validation,150,200,macd_accel_down+price20_cross_down+mtf_di_strong_bull,11,1.00000000,0.67309547,1.48567335,0.74116703,-118.25454545,46.20000000,-74.73636364,1.00000000
h4,oos,150,200,macd_accel_down+price20_cross_down+mtf_di_strong_bull,3,1.00000000,0.75422139,1.32587065,0.43850297,-88.10000000,56.50000000,-86.43333333,1.00000000
h4,discovery,150,200,rsi_down3+ema20_slope_down3+volatility,59,0.96610169,0.68218830,1.41618040,0.88456429,-247.08474576,88.20847458,-114.05084746,1.01694915
h4,validation,150,200,rsi_down3+ema20_slope_down3+volatility,15,1.00000000,0.67309547,1.48567335,0.79611670,-255.34666667,139.42666667,-63.31333333,1.00000000
h4,oos,150,200,rsi_down3+ema20_slope_down3+volatility,5,0.80000000,0.75422139,1.06069652,0.37553463,-173.42000000,93.78000000,-27.82000000,1.00000000
h4,discovery,150,200,rsi_down3+mtf_adx_rising+volatility,144,0.96527778,0.68218830,1.41497265,0.92129708,-146.74305556,74.37569444,-65.41041667,1.10416667
h4,validation,150,200,rsi_down3+mtf_adx_rising+volatility,16,0.93750000,0.67309547,1.39281877,0.71671262,-183.26875000,128.37500000,-85.98125000,1.00000000
h4,oos,150,200,rsi_down3+mtf_adx_rising+volatility,17,0.94117647,0.75422139,1.24787826,0.73017969,-106.44117647,52.38823529,-129.84705882,1.00000000
h4,discovery,150,200,rsi_down3+atr_expand,171,0.96491228,0.68218830,1.41443688,0.92557369,-171.23918129,68.91754386,-74.51988304,1.01754386
h4,validation,150,200,rsi_down3+atr_expand,36,1.00000000,0.67309547,1.48567335,0.90358137,-161.77222222,63.51944444,-103.08611111,1.00000000
h4,oos,150,200,rsi_down3+atr_expand,28,0.96428571,0.75422139,1.27851812,0.82287802,-110.69642857,53.83928571,-75.41071429,1.00000000
h4,discovery,150,200,price20_cross_down+close_near_low+volatility,57,0.96491228,0.68218830,1.41443688,0.88079219,-150.08421053,64.82280702,-87.25789474,1.01754386
h4,validation,150,200,price20_cross_down+close_near_low+volatility,9,1.00000000,0.67309547,1.48567335,0.70085495,-90.71111111,33.10000000,-110.00000000,1.44444444
h4,oos,150,200,price20_cross_down+close_near_low+volatility,0,,0.75422139,,,,,,
h4,discovery,150,200,price20_cross_down+structure_lh+mtf_adx_rising,56,0.96428571,0.68218830,1.41351841,0.87881220,-165.35000000,83.68035714,-89.51428571,1.01785714
h4,validation,150,200,price20_cross_down+structure_lh+mtf_adx_rising,21,0.85714286,0.67309547,1.27343430,0.65363940,-77.68095238,47.07619048,-80.51428571,1.19047619
h4,oos,150,200,price20_cross_down+structure_lh+mtf_adx_rising,4,1.00000000,0.75422139,1.32587065,0.51010916,-219.75000000,90.75000000,-5.07500000,1.00000000
h4,discovery,150,200,di_spread_down3+atr_expand,102,0.96078431,0.68218830,1.40838581,0.90347486,-208.23529412,78.62058824,-89.16470588,1.01960784
h4,validation,150,200,di_spread_down3+atr_expand,25,1.00000000,0.67309547,1.48567335,0.86680775,-191.47600000,84.88400000,-104.04000000,1.00000000
h4,oos,150,200,di_spread_down3+atr_expand,24,0.95833333,0.75422139,1.27062604,0.79758194,-104.63333333,60.89583333,-127.97916667,1.00000000
h4,discovery,150,200,macd_accel_down+price20_cross_down+volatility,73,0.95890411,0.68218830,1.40562967,0.88599908,-183.53561644,84.80410959,-71.60821918,1.08219178
h4,validation,150,200,macd_accel_down+price20_cross_down+volatility,14,0.85714286,0.67309547,1.27343430,0.60058621,-91.62142857,57.00000000,-114.78571429,1.28571429
h4,oos,150,200,macd_accel_down+price20_cross_down+volatility,13,1.00000000,0.75422139,1.32587065,0.77190463,-143.43076923,58.67692308,-24.80769231,1.00000000
h4,discovery,150,200,macd_accel_down+price20_cross_down+mtf_adx_rising,48,0.95833333,0.68218830,1.40479299,0.86024344,-183.00625000,84.56666667,-83.57083333,1.04166667
h4,validation,150,200,macd_accel_down+price20_cross_down+mtf_adx_rising,15,0.86666667,0.67309547,1.28758357,0.62118017,-95.81333333,51.28666667,-85.52666667,1.13333333
h4,oos,150,200,macd_accel_down+price20_cross_down+mtf_adx_rising,4,1.00000000,0.75422139,1.32587065,0.51010916,-219.75000000,90.75000000,-5.07500000,1.00000000
h4,discovery,150,200,price20_cross_down+strong_close_bear+volatility,48,0.95833333,0.68218830,1.40479299,0.86024344,-157.46875000,63.54583333,-91.54375000,1.00000000
h4,validation,150,200,price20_cross_down+strong_close_bear+volatility,9,1.00000000,0.67309547,1.48567335,0.70085495,-90.71111111,33.10000000,-110.00000000,1.44444444
h4,oos,150,200,price20_cross_down+strong_close_bear+volatility,0,,0.75422139,,,,,,
h4,discovery,150,200,rsi_down3+close_near_low+atr_expand,70,0.95714286,0.68218830,1.40304790,0.88140331,-169.81714286,50.18571429,-72.28428571,1.00000000
h4,validation,150,200,rsi_down3+close_near_low+atr_expand,28,1.00000000,0.67309547,1.48567335,0.87935670,-179.30357143,75.61071429,-115.01785714,1.00000000
h4,oos,150,200,rsi_down3+close_near_low+atr_expand,11,1.00000000,0.75422139,1.32587065,0.74116703,-80.03636364,47.40000000,-19.16363636,1.00000000
h4,discovery,150,200,ema20_slope_down3+mtf_di_strong_bull+volatility,44,0.95454545,0.68218830,1.39924045,0.84865002,-207.06136364,110.55227273,-105.80227273,1.00000000
h4,validation,150,200,ema20_slope_down3+mtf_di_strong_bull+volatility,17,1.00000000,0.67309547,1.48567335,0.81568186,-197.40000000,111.03529412,-78.04117647,1.00000000
h4,oos,150,200,ema20_slope_down3+mtf_di_strong_bull+volatility,2,0.50000000,0.75422139,0.66293532,0.09453121,-35.50000000,75.55000000,-94.45000000,1.00000000
h4,discovery,150,200,rsi_down3+ema20_slope_down3,63,0.95238095,0.68218830,1.39606757,0.86909032,-240.81587302,92.36984127,-112.05396825,1.01587302
h4,validation,150,200,rsi_down3+ema20_slope_down3,15,1.00000000,0.67309547,1.48567335,0.79611670,-255.34666667,139.42666667,-63.31333333,1.00000000
h4,oos,150,200,rsi_down3+ema20_slope_down3,5,0.80000000,0.75422139,1.06069652,0.37553463,-173.42000000,93.78000000,-27.82000000,1.00000000
h4,discovery,150,200,price20_cross_down+structure_lh+mtf_trend_bull,62,0.95161290,0.68218830,1.39494170,0.86711962,-164.57580645,83.30483871,-88.30967742,1.00000000
h4,validation,150,200,price20_cross_down+structure_lh+mtf_trend_bull,16,0.93750000,0.67309547,1.39281877,0.71671262,-99.01250000,43.28750000,-75.48750000,1.06250000
h4,oos,150,200,price20_cross_down+structure_lh+mtf_trend_bull,13,1.00000000,0.75422139,1.32587065,0.77190463,-145.80769231,63.02307692,-22.47692308,1.00000000
h4,discovery,150,200,di_spread_down3+mtf_di_strong_bull+atr_expand,61,0.95081967,0.68218830,1.39377893,0.86508872,-209.59344262,103.48524590,-91.48524590,1.03278689
h4,validation,150,200,di_spread_down3+mtf_di_strong_bull+atr_expand,20,1.00000000,0.67309547,1.48567335,0.83887484,-173.43500000,87.23000000,-122.37500000,1.00000000
h4,oos,150,200,di_spread_down3+mtf_di_strong_bull+atr_expand,10,0.90000000,0.75422139,1.19328358,0.59584997,-81.70000000,59.43000000,-286.77000000,1.00000000
h4,discovery,150,200,price20_cross_down+structure_lh+volatility,80,0.95000000,0.68218830,1.39257740,0.87837724,-157.59875000,82.59750000,-72.83750000,1.06250000
h4,validation,150,200,price20_cross_down+structure_lh+volatility,20,0.85000000,0.67309547,1.26282235,0.63958114,-73.84000000,50.86500000,-100.74500000,1.30000000
h4,oos,150,200,price20_cross_down+structure_lh+volatility,13,1.00000000,0.75422139,1.32587065,0.77190463,-143.43076923,58.67692308,-24.80769231,1.00000000
h4,discovery,150,200,rsi_down3+mtf_adx_rising,218,0.94954128,0.68218830,1.39190498,0.91191965,-119.11513761,67.17844037,-62.55550459,1.07798165
h4,validation,150,200,rsi_down3+mtf_adx_rising,48,0.97916667,0.67309547,1.45472182,0.89100782,-116.34583333,59.81250000,-84.86250000,1.00000000
h4,oos,150,200,rsi_down3+mtf_adx_rising,24,0.95833333,0.75422139,1.27062604,0.79758194,-91.75000000,48.26666667,-100.04583333,1.00000000
h4,discovery,150,200,rsi_down3+close_near_low+mtf_di_strong_bull,99,0.94949495,0.68218830,1.39183706,0.88717297,-94.62424242,55.41212121,-61.10303030,1.13131313
h4,validation,150,200,rsi_down3+close_near_low+mtf_di_strong_bull,38,0.97368421,0.67309547,1.44657669,0.86505124,-125.48947368,68.81052632,-88.82631579,1.00000000
h4,oos,150,200,rsi_down3+close_near_low+mtf_di_strong_bull,15,1.00000000,0.75422139,1.32587065,0.79611670,-61.97333333,33.90666667,-47.28666667,1.00000000
h4,discovery,150,200,rsi_down3+close_near_low+volatility,98,0.94897959,0.68218830,1.39108161,0.88607548,-138.65102041,57.00714286,-66.11122449,1.12244898
h4,validation,150,200,rsi_down3+close_near_low+volatility,25,0.96000000,0.67309547,1.42624642,0.80455936,-183.84400000,104.17200000,-85.96800000,1.00000000
h4,oos,150,200,rsi_down3+close_near_low+volatility,16,1.00000000,0.75422139,1.32587065,0.80639232,-72.47500000,41.60000000,-28.91875000,1.00000000
h4,discovery,150,200,rsi_down3+mtf_di_strong_bull+volatility,156,0.94871795,0.68218830,1.39069807,0.90207938,-136.01794872,72.57243590,-64.91410256,1.12179487
h4,validation,150,200,rsi_down3+mtf_di_strong_bull+volatility,19,0.94736842,0.67309547,1.40748002,0.75361269,-170.32105263,117.57368421,-77.68421053,1.00000000
h4,oos,150,200,rsi_down3+mtf_di_strong_bull+volatility,16,0.93750000,0.75422139,1.24300373,0.71671262,-72.11250000,38.80000000,-153.46875000,1.00000000
h4,discovery,150,200,rsi_down3+close_near_low+mtf_trend_bull,78,0.94871795,0.68218830,1.39069807,0.87543323,-108.07692308,60.48461538,-66.04358974,1.02564103
h4,validation,150,200,rsi_down3+close_near_low+mtf_trend_bull,19,1.00000000,0.67309547,1.48567335,0.83182078,-67.71052632,51.28947368,-37.35263158,1.15789474
h4,oos,150,200,rsi_down3+close_near_low+mtf_trend_bull,22,0.90909091,0.75422139,1.20533695,0.72185053,-50.75000000,45.45454545,-35.83636364,1.31818182
h4,discovery,150,200,macd_accel_down+ema20_slope_down3+mtf_adx_rising,39,0.94871795,0.68218830,1.39069807,0.83114360,-212.86923077,110.84871795,-119.59743590,1.02564103
h4,validation,150,200,macd_accel_down+ema20_slope_down3+mtf_adx_rising,12,1.00000000,0.67309547,1.48567335,0.75750599,-223.64166667,151.50833333,-104.90000000,1.00000000
h4,oos,150,200,macd_accel_down+ema20_slope_down3+mtf_adx_rising,5,0.80000000,0.75422139,1.06069652,0.37553463,-173.42000000,93.78000000,-27.82000000,1.00000000
h4,discovery,150,200,rsi_down3+mtf_di_strong_bull+atr_expand,97,0.94845361,0.68218830,1.39031059,0.88495645,-187.03402062,88.89278351,-71.87525773,1.02061856
h4,validation,150,200,rsi_down3+mtf_di_strong_bull+atr_expand,29,1.00000000,0.67309547,1.48567335,0.88303020,-150.78620690,64.93793103,-108.04137931,1.00000000
h4,oos,150,200,rsi_down3+mtf_di_strong_bull+atr_expand,8,0.87500000,0.75422139,1.16013682,0.52911182,-81.63750000,44.18750000,-236.88750000,1.00000000
h4,discovery,150,200,rsi_down3+pullback_bull+mtf_adx_rising,174,0.94827586,0.68218830,1.39005003,0.90463357,-93.66781609,58.68103448,-55.36264368,1.09770115
h4,validation,150,200,rsi_down3+pullback_bull+mtf_adx_rising,46,0.97826087,0.67309547,1.45337611,0.88664705,-117.52826087,61.40869565,-85.28695652,1.00000000
h4,oos,150,200,rsi_down3+pullback_bull+mtf_adx_rising,23,1.00000000,0.75422139,1.32587065,0.85688338,-96.25652174,45.76086957,-99.23043478,1.00000000
h4,discovery,150,200,rsi_down3+pullback_bull+atr_expand,114,0.94736842,0.68218830,1.38871984,0.88991189,-138.36491228,59.65701754,-65.17192982,1.02631579
h4,validation,150,200,rsi_down3+pullback_bull+atr_expand,34,1.00000000,0.67309547,1.48567335,0.89848545,-166.04411765,65.89705882,-104.73235294,1.00000000
h4,oos,150,200,rsi_down3+pullback_bull+atr_expand,27,1.00000000,0.75422139,1.32587065,0.87544497,-115.23703704,51.91111111,-73.80370370,1.00000000
h4,discovery,150,200,di_spread_down3+pullback_bull+atr_expand,57,0.94736842,0.68218830,1.38871984,0.85630450,-179.12280702,70.27719298,-64.56491228,1.03508772
h4,validation,150,200,di_spread_down3+pullback_bull+atr_expand,25,1.00000000,0.67309547,1.48567335,0.86680775,-191.47600000,84.88400000,-104.04000000,1.00000000
h4,oos,150,200,di_spread_down3+pullback_bull+atr_expand,20,1.00000000,0.75422139,1.32587065,0.83887484,-114.70000000,54.88000000,-97.64000000,1.00000000
h4,discovery,150,200,rsi_down3+ema20_slope_down3+structure_lh,56,0.94642857,0.68218830,1.38734214,0.85392691,-245.63214286,99.41428571,-107.39642857,1.01785714
h4,validation,150,200,rsi_down3+ema20_slope_down3+structure_lh,15,1.00000000,0.67309547,1.48567335,0.79611670,-255.34666667,139.42666667,-63.31333333,1.00000000
h4,oos,150,200,rsi_down3+ema20_slope_down3+structure_lh,5,0.80000000,0.75422139,1.06069652,0.37553463,-173.42000000,93.78000000,-27.82000000,1.00000000
h4,discovery,150,200,rsi_down3+strong_close_bear+atr_expand,56,0.94642857,0.68218830,1.38734214,0.85392691,-152.99821429,57.34464286,-64.79464286,1.00000000
h4,validation,150,200,rsi_down3+strong_close_bear+atr_expand,24,1.00000000,0.67309547,1.48567335,0.86202380,-166.28750000,68.66250000,-103.87083333,1.00000000
h4,oos,150,200,rsi_down3+strong_close_bear+atr_expand,11,1.00000000,0.75422139,1.32587065,0.74116703,-80.03636364,47.40000000,-19.16363636,1.00000000
h4,discovery,150,200,rsi_down3+structure_lh+mtf_di_strong_bull,205,0.94634146,0.68218830,1.38721445,0.90648575,-119.46634146,70.47317073,-62.25609756,1.08780488
h4,validation,150,200,rsi_down3+structure_lh+mtf_di_strong_bull,48,0.97916667,0.67309547,1.45472182,0.89100782,-118.86666667,61.79166667,-83.03541667,1.00000000
h4,oos,150,200,rsi_down3+structure_lh+mtf_di_strong_bull,24,0.95833333,0.75422139,1.27062604,0.79758194,-68.02083333,40.80416667,-111.22083333,1.00000000
h4,discovery,150,200,rsi_down3+volatility,221,0.94570136,0.68218830,1.38627614,0.90750353,-147.37058824,66.82307692,-70.40588235,1.10859729
h4,validation,150,200,rsi_down3+volatility,32,0.96875000,0.67309547,1.43924606,0.84255736,-159.78750000,86.42500000,-89.63750000,1.00000000
h4,oos,150,200,rsi_down3+volatility,37,0.97297297,0.75422139,1.29003630,0.86175930,-98.79729730,48.89189189,-73.57567568,1.00000000
h4,discovery,150,200,rsi_down3+close_near_low+mtf_adx_rising,92,0.94565217,0.68218830,1.38620404,0.87901470,-99.96956522,59.78478261,-59.59239130,1.14130435
h4,validation,150,200,rsi_down3+close_near_low+mtf_adx_rising,37,0.97297297,0.67309547,1.44552002,0.86175930,-123.80000000,68.28648649,-90.90000000,1.00000000
h4,oos,150,200,rsi_down3+close_near_low+mtf_adx_rising,10,1.00000000,0.75422139,1.32587065,0.72246720,-56.35000000,32.25000000,-40.23000000,1.00000000
h4,discovery,150,200,rsi_down3+price200_bull+mtf_adx_rising,197,0.94416244,0.68218830,1.38402028,0.90279556,-117.49796954,67.74619289,-62.76243655,1.08121827
h4,validation,150,200,rsi_down3+price200_bull+mtf_adx_rising,38,0.97368421,0.67309547,1.44657669,0.86505124,-83.66842105,31.95263158,-85.23947368,1.00000000
h4,oos,150,200,rsi_down3+price200_bull+mtf_adx_rising,19,1.00000000,0.75422139,1.32587065,0.83182078,-70.25789474,36.28947368,-119.05263158,1.00000000
h4,discovery,150,200,rsi_down3+price200_bull+atr_expand,107,0.94392523,0.68218830,1.38367257,0.88303038,-170.67196262,89.59626168,-67.42149533,1.02803738
h4,validation,150,200,rsi_down3+price200_bull+atr_expand,21,1.00000000,0.67309547,1.48567335,0.84536098,-101.83809524,11.21904762,-129.90952381,1.00000000
h4,oos,150,200,rsi_down3+price200_bull+atr_expand,13,1.00000000,0.75422139,1.32587065,0.77190463,-109.01538462,41.10769231,-137.60769231,1.00000000
h4,discovery,150,200,rsi_down3+price200_bull+volatility,157,0.94267516,0.68218830,1.38184013,0.89465369,-133.45095541,73.88535032,-67.30764331,1.12738854
h4,validation,150,200,rsi_down3+price200_bull+volatility,13,0.92307692,0.67309547,1.37139079,0.66686049,-88.76923077,48.66153846,-102.65384615,1.00000000
h4,oos,150,200,rsi_down3+price200_bull+volatility,21,1.00000000,0.75422139,1.32587065,0.84536098,-91.32857143,38.17619048,-111.87142857,1.00000000
h4,discovery,150,200,rsi_down3+ema20_slope_down3+atr_expand,51,0.94117647,0.68218830,1.37964324,0.84075374,-265.20588235,92.03725490,-117.63529412,1.00000000
h4,validation,150,200,rsi_down3+ema20_slope_down3+atr_expand,14,1.00000000,0.67309547,1.48567335,0.78468920,-260.15714286,143.08571429,-66.97142857,1.00000000
h4,oos,150,200,rsi_down3+ema20_slope_down3+atr_expand,5,0.80000000,0.75422139,1.06069652,0.37553463,-173.42000000,93.78000000,-27.82000000,1.00000000
h4,discovery,150,200,di_spread_down3+ema20_slope_down3+volatility,51,0.94117647,0.68218830,1.37964324,0.84075374,-247.40196078,81.73137255,-129.29215686,1.01960784
h4,validation,150,200,di_spread_down3+ema20_slope_down3+volatility,15,1.00000000,0.67309547,1.48567335,0.79611670,-255.34666667,139.42666667,-63.31333333,1.00000000
h4,oos,150,200,di_spread_down3+ema20_slope_down3+volatility,5,0.80000000,0.75422139,1.06069652,0.37553463,-173.42000000,93.78000000,-27.82000000,1.00000000
h4,discovery,150,200,rsi_down3+pullback_bull+volatility,169,0.94082840,0.68218830,1.37913302,0.89451669,-116.56331361,59.72130178,-61.98757396,1.14201183
h4,validation,150,200,rsi_down3+pullback_bull+volatility,28,0.96428571,0.67309547,1.43261359,0.82287802,-166.93214286,92.40714286,-95.11785714,1.00000000
h4,oos,150,200,rsi_down3+pullback_bull+volatility,36,1.00000000,0.75422139,1.32587065,0.90358137,-101.87222222,47.30833333,-72.31944444,1.00000000
h4,discovery,150,200,rsi_down3+range_compression+mtf_adx_rising,167,0.94011976,0.68218830,1.37809424,0.89329445,-89.69640719,58.14191617,-55.77005988,1.10179641
h4,validation,150,200,rsi_down3+range_compression+mtf_adx_rising,27,1.00000000,0.67309547,1.48567335,0.87544497,-74.11851852,35.18888889,-56.17777778,1.00000000
h4,oos,150,200,rsi_down3+range_compression+mtf_adx_rising,23,1.00000000,0.75422139,1.32587065,0.85688338,-96.25652174,45.76086957,-99.23043478,1.00000000
h4,discovery,150,200,di_spread_down3+close_near_low,81,0.93827160,0.68218830,1.37538508,0.86350752,-146.24320988,66.58641975,-65.22839506,1.14814815
h4,validation,150,200,di_spread_down3+close_near_low,35,0.97142857,0.67309547,1.44322554,0.85466913,-161.89142857,83.74000000,-79.92857143,1.00000000
h4,oos,150,200,di_spread_down3+close_near_low,12,1.00000000,0.75422139,1.32587065,0.75750599,-76.69166667,47.27500000,-20.59166667,1.00000000
h4,discovery,150,200,rsi_down3+ema20_slope_down3+mtf_di_strong_bull,32,0.93750000,0.68218830,1.37425401,0.79852877,-222.72812500,123.63437500,-112.42187500,1.00000000
h4,validation,150,200,rsi_down3+ema20_slope_down3+mtf_di_strong_bull,10,1.00000000,0.67309547,1.48567335,0.72246720,-251.20000000,171.39000000,-79.62000000,1.00000000
h4,oos,150,200,rsi_down3+ema20_slope_down3+mtf_di_strong_bull,1,0.00000000,0.75422139,0.00000000,0.00000000,11.90000000,105.90000000,-118.80000000,1.00000000
h4,discovery,150,200,rsi_down3+range_compression+volatility,155,0.93548387,0.68218830,1.37129862,0.88532211,-104.90387097,58.04000000,-58.70000000,1.15483871
h4,validation,150,200,rsi_down3+range_compression+volatility,13,1.00000000,0.67309547,1.48567335,0.77190463,-87.50000000,35.71538462,-100.50000000,1.00000000
h4,oos,150,200,rsi_down3+range_compression+volatility,22,1.00000000,0.75422139,1.32587065,0.85134513,-103.93181818,46.28636364,-112.17727273,1.00000000
h4,discovery,150,200,rsi_down3+price200_bull+close_near_low,108,0.93518519,0.68218830,1.37086079,0.87222364,-91.60092593,58.73796296,-63.38425926,1.12037037
h4,validation,150,200,rsi_down3+price200_bull+close_near_low,39,0.97435897,0.67309547,1.44757916,0.86819010,-76.25897436,37.59743590,-83.35641026,1.07692308
h4,oos,150,200,rsi_down3+price200_bull+close_near_low,22,0.90909091,0.75422139,1.20533695,0.72185053,-50.75000000,45.45454545,-35.83636364,1.31818182
h4,discovery,150,200,rsi_down3+strong_close_bear+mtf_trend_bull,61,0.93442623,0.68218830,1.36974826,0.84317198,-118.58524590,65.78688525,-62.16229508,1.01639344
h4,validation,150,200,rsi_down3+strong_close_bear+mtf_trend_bull,15,1.00000000,0.67309547,1.48567335,0.79611670,-61.36000000,48.87333333,-40.56666667,1.20000000
h4,oos,150,200,rsi_down3+strong_close_bear+mtf_trend_bull,19,0.89473684,0.75422139,1.18630532,0.68605917,-50.68421053,45.83684211,-38.53684211,1.36842105
h4,discovery,150,200,ema20_slope_down3+mtf_di_strong_bull,45,0.93333333,0.68218830,1.36814621,0.82143398,-202.35777778,114.97333333,-106.21555556,1.00000000
h4,validation,150,200,ema20_slope_down3+mtf_di_strong_bull,17,1.00000000,0.67309547,1.48567335,0.81568186,-197.40000000,111.03529412,-78.04117647,1.00000000
h4,oos,150,200,ema20_slope_down3+mtf_di_strong_bull,2,0.50000000,0.75422139,0.66293532,0.09453121,-35.50000000,75.55000000,-94.45000000,1.00000000
h4,discovery,150,200,di_spread_down3+ema20_slope_down3+atr_expand,45,0.93333333,0.68218830,1.36814621,0.82143398,-263.17555556,82.08222222,-139.01333333,1.00000000
h4,validation,150,200,di_spread_down3+ema20_slope_down3+atr_expand,14,1.00000000,0.67309547,1.48567335,0.78468920,-260.15714286,143.08571429,-66.97142857,1.00000000
h4,oos,150,200,di_spread_down3+ema20_slope_down3+atr_expand,5,0.80000000,0.75422139,1.06069652,0.37553463,-173.42000000,93.78000000,-27.82000000,1.00000000
h4,discovery,200,300,rsi_down3+range_compression,147,1.00000000,0.79854577,1.25227638,0.97453314,-129.98843537,62.76258503,-61.32993197,1.13605442
h4,validation,200,300,rsi_down3+range_compression,18,0.94444444,0.82428115,1.14577950,0.74242699,-84.95000000,52.84444444,-79.37777778,1.11111111
h4,oos,200,300,rsi_down3+range_compression,26,1.00000000,0.94949495,1.05319149,0.87127108,-58.89615385,35.37307692,-56.36538462,1.57692308
h4,discovery,200,300,rsi_down3+range_compression+pullback_bull,141,1.00000000,0.79854577,1.25227638,0.97347818,-128.91702128,63.93333333,-61.47304965,1.14184397
h4,validation,200,300,rsi_down3+range_compression+pullback_bull,18,0.94444444,0.82428115,1.14577950,0.74242699,-84.95000000,52.84444444,-79.37777778,1.11111111
h4,oos,200,300,rsi_down3+range_compression+pullback_bull,26,1.00000000,0.94949495,1.05319149,0.87127108,-58.89615385,35.37307692,-56.36538462,1.57692308
h4,discovery,200,300,rsi_down3+mtf_adx_rising,133,1.00000000,0.79854577,1.25227638,0.97192767,-176.73157895,80.14436090,-73.39097744,1.06766917
h4,validation,200,300,rsi_down3+mtf_adx_rising,44,0.97727273,0.82428115,1.18560606,0.88192290,-147.09772727,90.62045455,-93.34090909,1.13636364
h4,oos,200,300,rsi_down3+mtf_adx_rising,21,1.00000000,0.94949495,1.05319149,0.84536098,-75.55238095,54.10000000,-25.25714286,1.42857143
h4,discovery,200,300,rsi_down3+price200_bull+mtf_adx_rising,127,1.00000000,0.79854577,1.25227638,0.97064035,-176.92440945,80.97322835,-73.70708661,1.07086614
h4,validation,200,300,rsi_down3+price200_bull+mtf_adx_rising,24,0.95833333,0.82428115,1.16262920,0.79758194,-60.72083333,39.51250000,-86.85833333,1.25000000
h4,oos,200,300,rsi_down3+price200_bull+mtf_adx_rising,8,1.00000000,0.94949495,1.05319149,0.67559244,-38.53750000,37.88750000,-45.78750000,1.50000000
h4,discovery,200,300,rsi_down3+structure_lh+mtf_adx_rising,127,1.00000000,0.79854577,1.25227638,0.97064035,-184.34803150,81.87165354,-73.31181102,1.06299213
h4,validation,200,300,rsi_down3+structure_lh+mtf_adx_rising,44,0.97727273,0.82428115,1.18560606,0.88192290,-147.09772727,90.62045455,-93.34090909,1.13636364
h4,oos,200,300,rsi_down3+structure_lh+mtf_adx_rising,16,1.00000000,0.94949495,1.05319149,0.80639232,-90.16250000,60.60000000,-16.02500000,1.31250000
h4,discovery,200,300,rsi_down3+range_compression+volatility,118,1.00000000,0.79854577,1.25227638,0.96847166,-144.17881356,63.68983051,-60.90677966,1.16949153
h4,validation,200,300,rsi_down3+range_compression+volatility,15,0.93333333,0.82428115,1.13229974,0.70183470,-85.23333333,54.93333333,-77.92000000,1.13333333
h4,oos,200,300,rsi_down3+range_compression+volatility,15,1.00000000,0.94949495,1.05319149,0.79611670,-64.89333333,36.55333333,-55.55333333,1.46666667
h4,discovery,200,300,rsi_down3+mtf_di_strong_bull+volatility,109,1.00000000,0.79854577,1.25227638,0.96595703,-191.18899083,85.91651376,-75.35137615,1.12844037
h4,validation,200,300,rsi_down3+mtf_di_strong_bull+volatility,36,0.97222222,0.82428115,1.17947890,0.85830281,-164.20277778,101.30555556,-97.27500000,1.16666667
h4,oos,200,300,rsi_down3+mtf_di_strong_bull+volatility,9,1.00000000,0.94949495,1.05319149,0.70085495,-49.60000000,35.98888889,-72.92222222,1.55555556
h4,discovery,200,300,rsi_down3+close_near_low,106,1.00000000,0.79854577,1.25227638,0.96502724,-144.16226415,64.20566038,-62.78018868,1.13207547
h4,validation,200,300,rsi_down3+close_near_low,38,1.00000000,0.82428115,1.21317829,0.90819013,-169.43947368,94.82368421,-99.75263158,1.21052632
h4,oos,200,300,rsi_down3+close_near_low,39,1.00000000,0.94949495,1.05319149,0.91033315,-73.59230769,46.12564103,-33.61538462,1.48717949
h4,discovery,200,300,rsi_down3+mtf_adx_rising+volatility,106,1.00000000,0.79854577,1.25227638,0.96502724,-201.36886792,87.65188679,-77.95566038,1.08490566
h4,validation,200,300,rsi_down3+mtf_adx_rising+volatility,39,0.97435897,0.82428115,1.18207116,0.86819010,-156.27179487,96.92051282,-97.35384615,1.15384615
h4,oos,200,300,rsi_down3+mtf_adx_rising+volatility,19,1.00000000,0.94949495,1.05319149,0.83182078,-77.42105263,54.66842105,-24.29473684,1.47368421
h4,discovery,200,300,rsi_down3+price200_bull+range_compression,104,1.00000000,0.79854577,1.25227638,0.96437865,-123.44326923,67.56538462,-54.82211538,1.15384615
h4,validation,200,300,rsi_down3+price200_bull+range_compression,13,0.92307692,0.82428115,1.11985689,0.66686049,-85.74615385,59.16153846,-73.57692308,1.00000000
h4,oos,200,300,rsi_down3+price200_bull+range_compression,19,1.00000000,0.94949495,1.05319149,0.83182078,-47.76315789,33.54210526,-66.98947368,1.68421053
h4,discovery,200,300,rsi_down3+pullback_bull+mtf_adx_rising,104,1.00000000,0.79854577,1.25227638,0.96437865,-130.33461538,68.86730769,-57.97500000,1.07692308
h4,validation,200,300,rsi_down3+pullback_bull+mtf_adx_rising,44,0.97727273,0.82428115,1.18560606,0.88192290,-147.09772727,90.62045455,-93.34090909,1.13636364
h4,oos,200,300,rsi_down3+pullback_bull+mtf_adx_rising,21,1.00000000,0.94949495,1.05319149,0.84536098,-75.55238095,54.10000000,-25.25714286,1.42857143
h4,discovery,200,300,rsi_down3+range_compression+mtf_di_strong_bull,97,1.00000000,0.79854577,1.25227638,0.96190596,-123.24226804,68.99175258,-49.46391753,1.13402062
h4,validation,200,300,rsi_down3+range_compression+mtf_di_strong_bull,13,0.92307692,0.82428115,1.11985689,0.66686049,-85.74615385,59.16153846,-73.57692308,1.00000000
h4,oos,200,300,rsi_down3+range_compression+mtf_di_strong_bull,19,1.00000000,0.94949495,1.05319149,0.83182078,-47.76315789,33.54210526,-66.98947368,1.68421053
h4,discovery,200,300,rsi_down3+mtf_adx_rising+bb_expand,95,1.00000000,0.79854577,1.25227638,0.96113515,-193.48421053,92.74105263,-75.05157895,1.09473684
h4,validation,200,300,rsi_down3+mtf_adx_rising+bb_expand,19,0.94736842,0.82428115,1.14932681,0.75361269,-60.18421053,39.95263158,-88.21578947,1.31578947
h4,oos,200,300,rsi_down3+mtf_adx_rising+bb_expand,21,1.00000000,0.94949495,1.05319149,0.84536098,-75.55238095,54.10000000,-25.25714286,1.42857143
h4,discovery,200,300,rsi_down3+strong_close_bear,93,1.00000000,0.79854577,1.25227638,0.96033250,-141.92365591,65.46129032,-60.27311828,1.15053763
h4,validation,200,300,rsi_down3+strong_close_bear,29,1.00000000,0.82428115,1.21317829,0.88303020,-133.00689655,87.84827586,-74.25862069,1.27586207
h4,oos,200,300,rsi_down3+strong_close_bear,37,1.00000000,0.94949495,1.05319149,0.90594217,-74.44594595,45.98648649,-33.57297297,1.51351351
h4,discovery,200,300,rsi_down3+range_compression+mtf_adx_rising,93,1.00000000,0.79854577,1.25227638,0.96033250,-134.03548387,72.18172043,-51.42795699,1.08602151
h4,validation,200,300,rsi_down3+range_compression+mtf_adx_rising,16,0.93750000,0.82428115,1.13735465,0.71671262,-81.12500000,56.37500000,-78.21250000,1.00000000
h4,oos,200,300,rsi_down3+range_compression+mtf_adx_rising,8,1.00000000,0.94949495,1.05319149,0.67559244,-38.53750000,37.88750000,-45.78750000,1.50000000
h4,discovery,200,300,rsi_down3+structure_lh+close_near_low,89,1.00000000,0.79854577,1.25227638,0.95862345,-144.71123596,68.50449438,-54.61685393,1.13483146
h4,validation,200,300,rsi_down3+structure_lh+close_near_low,38,1.00000000,0.82428115,1.21317829,0.90819013,-169.43947368,94.82368421,-99.75263158,1.21052632
h4,oos,200,300,rsi_down3+structure_lh+close_near_low,26,1.00000000,0.94949495,1.05319149,0.87127108,-91.56153846,54.47692308,-18.81923077,1.26923077
h4,discovery,200,300,rsi_down3+range_compression+bb_expand,89,1.00000000,0.79854577,1.25227638,0.95862345,-139.54719101,71.44269663,-55.22022472,1.14606742
h4,validation,200,300,rsi_down3+range_compression+bb_expand,8,0.87500000,0.82428115,1.06153101,0.52911182,-100.11250000,72.48750000,-68.50000000,1.00000000
h4,oos,200,300,rsi_down3+range_compression+bb_expand,23,1.00000000,0.94949495,1.05319149,0.85688338,-55.54782609,34.84782609,-48.11739130,1.60869565
h4,discovery,200,300,rsi_down3+mtf_adx_rising+atr_expand,89,1.00000000,0.79854577,1.25227638,0.95862345,-237.07528090,93.13707865,-82.91797753,1.03370787
h4,validation,200,300,rsi_down3+mtf_adx_rising+atr_expand,27,1.00000000,0.82428115,1.21317829,0.87544497,-191.33703704,111.85925926,-106.08888889,1.22222222
h4,oos,200,300,rsi_down3+mtf_adx_rising+atr_expand,13,1.00000000,0.94949495,1.05319149,0.77190463,-98.33076923,64.07692308,-12.62307692,1.38461538
h4,discovery,200,300,rsi_down3+range_compression+mtf_trend_bull,87,1.00000000,0.79854577,1.25227638,0.95771249,-145.91839080,71.92873563,-55.36896552,1.08045977
h4,validation,200,300,rsi_down3+range_compression+mtf_trend_bull,8,0.87500000,0.82428115,1.06153101,0.52911182,-94.01250000,65.11250000,-65.60000000,1.00000000
h4,oos,200,300,rsi_down3+range_compression+mtf_trend_bull,19,1.00000000,0.94949495,1.05319149,0.83182078,-47.76315789,33.54210526,-66.98947368,1.68421053
h4,discovery,200,300,rsi_down3+close_near_low+volatility,81,1.00000000,0.79854577,1.25227638,0.95472191,-158.58765432,68.16172840,-59.39629630,1.11111111
h4,validation,200,300,rsi_down3+close_near_low+volatility,38,1.00000000,0.82428115,1.21317829,0.90819013,-169.43947368,94.82368421,-99.75263158,1.21052632
h4,oos,200,300,rsi_down3+close_near_low+volatility,28,1.00000000,0.94949495,1.05319149,0.87935670,-82.57857143,50.98214286,-24.24285714,1.39285714
h4,discovery,200,300,rsi_down3+range_compression+close_near_low,78,1.00000000,0.79854577,1.25227638,0.95306219,-104.63589744,58.47820513,-58.87179487,1.10256410
h4,validation,200,300,rsi_down3+range_compression+close_near_low,11,1.00000000,0.82428115,1.21317829,0.74116703,-100.52727273,47.51818182,-86.77272727,1.18181818
h4,oos,200,300,rsi_down3+range_compression+close_near_low,23,1.00000000,0.94949495,1.05319149,0.85688338,-55.54782609,34.84782609,-48.11739130,1.60869565
h4,discovery,200,300,rsi_down3+structure_lh+strong_close_bear,76,1.00000000,0.79854577,1.25227638,0.95188641,-142.06578947,70.77631579,-50.15263158,1.15789474
h4,validation,200,300,rsi_down3+structure_lh+strong_close_bear,29,1.00000000,0.82428115,1.21317829,0.88303020,-133.00689655,87.84827586,-74.25862069,1.27586207
h4,oos,200,300,rsi_down3+structure_lh+strong_close_bear,24,1.00000000,0.94949495,1.05319149,0.86202380,-94.37500000,54.95833333,-17.52083333,1.29166667
h4,discovery,200,300,macd_accel_down+price20_cross_down,72,1.00000000,0.79854577,1.25227638,0.94934883,-249.65138889,87.78055556,-85.87083333,1.11111111
h4,validation,200,300,macd_accel_down+price20_cross_down,11,1.00000000,0.82428115,1.21317829,0.74116703,-110.98181818,50.70000000,-79.50909091,1.27272727
h4,oos,200,300,macd_accel_down+price20_cross_down,4,1.00000000,0.94949495,1.05319149,0.51010916,-81.40000000,32.35000000,-112.40000000,1.25000000
h4,discovery,200,300,rsi_down3+strong_close_bear+volatility,72,1.00000000,0.79854577,1.25227638,0.94934883,-153.21250000,71.05000000,-56.32222222,1.12500000
h4,validation,200,300,rsi_down3+strong_close_bear+volatility,29,1.00000000,0.82428115,1.21317829,0.88303020,-133.00689655,87.84827586,-74.25862069,1.27586207
h4,oos,200,300,rsi_down3+strong_close_bear+volatility,28,1.00000000,0.94949495,1.05319149,0.87935670,-82.57857143,50.98214286,-24.24285714,1.39285714
h4,discovery,200,300,rsi_down3+range_compression+strong_close_bear,71,1.00000000,0.79854577,1.25227638,0.94867205,-106.69859155,58.38873239,-56.68873239,1.11267606
h4,validation,200,300,rsi_down3+range_compression+strong_close_bear,11,1.00000000,0.82428115,1.21317829,0.74116703,-100.52727273,47.51818182,-86.77272727,1.18181818
h4,oos,200,300,rsi_down3+range_compression+strong_close_bear,21,1.00000000,0.94949495,1.05319149,0.84536098,-55.33333333,33.52857143,-49.42380952,1.66666667
h4,discovery,200,300,di_spread_down3+structure_lh+mtf_adx_rising,71,1.00000000,0.79854577,1.25227638,0.94867205,-255.45633803,103.35211268,-82.38591549,1.02816901
h4,validation,200,300,di_spread_down3+structure_lh+mtf_adx_rising,31,1.00000000,0.82428115,1.21317829,0.88974460,-185.15161290,116.49032258,-75.05161290,1.00000000
h4,oos,200,300,di_spread_down3+structure_lh+mtf_adx_rising,12,1.00000000,0.94949495,1.05319149,0.75750599,-88.56666667,68.91666667,-150.26666667,1.00000000
h4,discovery,200,300,di_spread_down3+range_compression+pullback_bull,67,1.00000000,0.79854577,1.25227638,0.94577386,-177.58059701,75.14477612,-56.55970149,1.05970149
h4,validation,200,300,di_spread_down3+range_compression+pullback_bull,14,1.00000000,0.82428115,1.21317829,0.78468920,-72.28571429,48.15000000,-51.87857143,1.14285714
h4,oos,200,300,di_spread_down3+range_compression+pullback_bull,17,1.00000000,0.94949495,1.05319149,0.81568186,-63.83529412,37.22941176,-75.09411765,1.23529412
h4,discovery,200,300,rsi_down3+range_compression+atr_expand,66,1.00000000,0.79854577,1.25227638,0.94499744,-190.08181818,79.10303030,-55.36363636,1.03030303
h4,validation,200,300,rsi_down3+range_compression+atr_expand,1,1.00000000,0.82428115,1.21317829,0.20654931,-118.90000000,15.10000000,-59.00000000,1.00000000
h4,oos,200,300,rsi_down3+range_compression+atr_expand,6,1.00000000,0.94949495,1.05319149,0.60966571,-87.83333333,37.40000000,-29.50000000,1.33333333
h4,discovery,200,300,price20_cross_down+structure_lh,65,1.00000000,0.79854577,1.25227638,0.94419847,-232.02000000,89.95846154,-86.25846154,1.09230769
h4,validation,200,300,price20_cross_down+structure_lh,12,1.00000000,0.82428115,1.21317829,0.75750599,-106.12500000,49.40833333,-76.51666667,1.25000000
h4,oos,200,300,price20_cross_down+structure_lh,4,1.00000000,0.94949495,1.05319149,0.51010916,-81.40000000,32.35000000,-112.40000000,1.25000000
h4,discovery,200,300,rsi_down3+price200_bull+close_near_low,64,1.00000000,0.79854577,1.25227638,0.94337594,-140.55000000,71.32968750,-53.38593750,1.10937500
h4,validation,200,300,rsi_down3+price200_bull+close_near_low,15,1.00000000,0.82428115,1.21317829,0.79611670,-60.46000000,29.30666667,-104.00666667,1.40000000
h4,oos,200,300,rsi_down3+price200_bull+close_near_low,16,1.00000000,0.94949495,1.05319149,0.80639232,-40.86250000,32.44375000,-57.12500000,1.75000000
h4,discovery,200,300,macd_accel_down+price20_cross_down+volatility,64,1.00000000,0.79854577,1.25227638,0.94337594,-267.65625000,86.85781250,-87.09218750,1.12500000
h4,validation,200,300,macd_accel_down+price20_cross_down+volatility,9,1.00000000,0.82428115,1.21317829,0.70085495,-109.07777778,43.73333333,-88.17777778,1.33333333
h4,oos,200,300,macd_accel_down+price20_cross_down+volatility,4,1.00000000,0.94949495,1.05319149,0.51010916,-81.40000000,32.35000000,-112.40000000,1.25000000
h4,discovery,200,300,rsi_down3+close_near_low+mtf_di_strong_bull,63,1.00000000,0.79854577,1.25227638,0.94252880,-141.54920635,71.48730159,-53.79047619,1.11111111
h4,validation,200,300,rsi_down3+close_near_low+mtf_di_strong_bull,32,1.00000000,0.82428115,1.21317829,0.89282080,-179.33125000,104.55312500,-102.73750000,1.18750000
h4,oos,200,300,rsi_down3+close_near_low+mtf_di_strong_bull,16,1.00000000,0.94949495,1.05319149,0.80639232,-40.86250000,32.44375000,-57.12500000,1.75000000
h4,discovery,200,300,rsi_down3+close_near_low+bb_expand,63,1.00000000,0.79854577,1.25227638,0.94252880,-146.79047619,76.11428571,-60.59047619,1.11111111
h4,validation,200,300,rsi_down3+close_near_low+bb_expand,14,1.00000000,0.82428115,1.21317829,0.78468920,-71.31428571,29.86428571,-97.78571429,1.42857143
h4,oos,200,300,rsi_down3+close_near_low+bb_expand,39,1.00000000,0.94949495,1.05319149,0.91033315,-73.59230769,46.12564103,-33.61538462,1.48717949
h4,discovery,200,300,rsi_down3+close_near_low+mtf_adx_rising,61,1.00000000,0.79854577,1.25227638,0.94075613,-144.37213115,73.56885246,-54.33278689,1.11475410
h4,validation,200,300,rsi_down3+close_near_low+mtf_adx_rising,35,1.00000000,0.82428115,1.21317829,0.90109901,-169.19714286,99.38857143,-102.35714286,1.17142857
h4,oos,200,300,rsi_down3+close_near_low+mtf_adx_rising,21,1.00000000,0.94949495,1.05319149,0.84536098,-75.55238095,54.10000000,-25.25714286,1.42857143
h4,discovery,200,300,rsi_down3+price200_bull+strong_close_bear,60,1.00000000,0.79854577,1.25227638,0.93982815,-143.58833333,74.12166667,-49.45833333,1.11666667
h4,validation,200,300,rsi_down3+price200_bull+strong_close_bear,15,1.00000000,0.82428115,1.21317829,0.79611670,-60.46000000,29.30666667,-104.00666667,1.40000000
h4,oos,200,300,rsi_down3+price200_bull+strong_close_bear,14,1.00000000,0.94949495,1.05319149,0.78468920,-38.44285714,30.12142857,-60.37142857,1.85714286
h4,discovery,200,300,macd_accel_down+price20_cross_down+pullback_bull,60,1.00000000,0.79854577,1.25227638,0.93982815,-215.17000000,78.21166667,-85.42000000,1.11666667
h4,validation,200,300,macd_accel_down+price20_cross_down+pullback_bull,11,1.00000000,0.82428115,1.21317829,0.74116703,-110.98181818,50.70000000,-79.50909091,1.27272727
h4,oos,200,300,macd_accel_down+price20_cross_down+pullback_bull,4,1.00000000,0.94949495,1.05319149,0.51010916,-81.40000000,32.35000000,-112.40000000,1.25000000
h4,discovery,200,300,rsi_down3+close_near_low+atr_expand,60,1.00000000,0.79854577,1.25227638,0.93982815,-190.18000000,70.39000000,-64.03833333,1.01666667
h4,validation,200,300,rsi_down3+close_near_low+atr_expand,27,1.00000000,0.82428115,1.21317829,0.87544497,-197.51481481,114.09629630,-105.04074074,1.22222222
h4,oos,200,300,rsi_down3+close_near_low+atr_expand,22,1.00000000,0.94949495,1.05319149,0.85134513,-96.34090909,55.53636364,-17.33181818,1.31818182
h4,discovery,200,300,price20_cross_down+structure_lh+volatility,60,1.00000000,0.79854577,1.25227638,0.93982815,-240.49000000,88.84166667,-84.43500000,1.10000000
h4,validation,200,300,price20_cross_down+structure_lh+volatility,10,1.00000000,0.82428115,1.21317829,0.72246720,-103.44000000,42.88000000,-83.72000000,1.30000000
h4,oos,200,300,price20_cross_down+structure_lh+volatility,4,1.00000000,0.94949495,1.05319149,0.51010916,-81.40000000,32.35000000,-112.40000000,1.25000000
h4,discovery,200,300,rsi_down3+strong_close_bear+mtf_di_strong_bull,59,1.00000000,0.79854577,1.25227638,0.93887063,-144.70677966,74.33728814,-49.82372881,1.11864407
h4,validation,200,300,rsi_down3+strong_close_bear+mtf_di_strong_bull,23,1.00000000,0.82428115,1.21317829,0.85688338,-137.26521739,99.56521739,-71.76086957,1.26086957
h4,oos,200,300,rsi_down3+strong_close_bear+mtf_di_strong_bull,14,1.00000000,0.94949495,1.05319149,0.78468920,-38.44285714,30.12142857,-60.37142857,1.85714286
h4,discovery,200,300,macd_accel_down+price20_cross_down+structure_lh,58,1.00000000,0.79854577,1.25227638,0.93788214,-254.25172414,97.75000000,-82.53103448,1.10344828
h4,validation,200,300,macd_accel_down+price20_cross_down+structure_lh,11,1.00000000,0.82428115,1.21317829,0.74116703,-110.98181818,50.70000000,-79.50909091,1.27272727
h4,oos,200,300,macd_accel_down+price20_cross_down+structure_lh,4,1.00000000,0.94949495,1.05319149,0.51010916,-81.40000000,32.35000000,-112.40000000,1.25000000
h4,discovery,200,300,rsi_down3+strong_close_bear+mtf_adx_rising,57,1.00000000,0.79854577,1.25227638,0.93686117,-147.30701754,75.85087719,-49.99649123,1.12280702
h4,validation,200,300,rsi_down3+strong_close_bear+mtf_adx_rising,26,1.00000000,0.82428115,1.21317829,0.87127108,-128.47692308,93.18846154,-74.82307692,1.23076923
h4,oos,200,300,rsi_down3+strong_close_bear+mtf_adx_rising,19,1.00000000,0.94949495,1.05319149,0.83182078,-77.42105263,54.66842105,-24.29473684,1.47368421
h4,discovery,200,300,rsi_down3+strong_close_bear+bb_expand,57,1.00000000,0.79854577,1.25227638,0.93686117,-153.04736842,77.08771930,-60.09824561,1.12280702
h4,validation,200,300,rsi_down3+strong_close_bear+bb_expand,14,1.00000000,0.82428115,1.21317829,0.78468920,-71.31428571,29.86428571,-97.78571429,1.42857143
h4,oos,200,300,rsi_down3+strong_close_bear+bb_expand,37,1.00000000,0.94949495,1.05319149,0.90594217,-74.44594595,45.98648649,-33.57297297,1.51351351
h4,discovery,200,300,price20_cross_down+structure_lh+pullback_bull,55,1.00000000,0.79854577,1.25227638,0.93471510,-198.62727273,79.29818182,-86.21636364,1.09090909
h4,validation,200,300,price20_cross_down+structure_lh+pullback_bull,12,1.00000000,0.82428115,1.21317829,0.75750599,-106.12500000,49.40833333,-76.51666667,1.25000000
h4,oos,200,300,price20_cross_down+structure_lh+pullback_bull,4,1.00000000,0.94949495,1.05319149,0.51010916,-81.40000000,32.35000000,-112.40000000,1.25000000
h4,discovery,200,300,rsi_down3+price20_cross_down,54,1.00000000,0.79854577,1.25227638,0.93358641,-278.78518519,90.19629630,-84.03703704,1.14814815
h4,validation,200,300,rsi_down3+price20_cross_down,8,1.00000000,0.82428115,1.21317829,0.67559244,-120.92500000,57.11250000,-64.85000000,1.25000000
h4,oos,200,300,rsi_down3+price20_cross_down,3,1.00000000,0.94949495,1.05319149,0.43850297,-84.56666667,39.40000000,-119.60000000,1.33333333
h4,discovery,200,300,rsi_down3+strong_close_bear+atr_expand,54,1.00000000,0.79854577,1.25227638,0.93358641,-183.60555556,75.58518519,-59.62592593,1.01851852
h4,validation,200,300,rsi_down3+strong_close_bear+atr_expand,18,1.00000000,0.82428115,1.21317829,0.82412078,-152.85555556,112.49444444,-66.61111111,1.33333333
h4,oos,200,300,rsi_down3+strong_close_bear+atr_expand,22,1.00000000,0.94949495,1.05319149,0.85134513,-96.34090909,55.53636364,-17.33181818,1.31818182
h4,discovery,200,300,rsi_down3+close_near_low+mtf_trend_bull,53,1.00000000,0.79854577,1.25227638,0.93241801,-166.72264151,74.69622642,-62.00000000,1.01886792
h4,validation,200,300,rsi_down3+close_near_low+mtf_trend_bull,13,1.00000000,0.82428115,1.21317829,0.77190463,-54.82307692,26.35384615,-102.94615385,1.46153846
h4,oos,200,300,rsi_down3+close_near_low+mtf_trend_bull,16,1.00000000,0.94949495,1.05319149,0.80639232,-40.86250000,32.44375000,-57.12500000,1.75000000
h4,discovery,200,300,rsi_down3+price20_cross_down+volatility,52,1.00000000,0.79854577,1.25227638,0.93120776,-283.58653846,89.72692308,-84.52500000,1.15384615
h4,validation,200,300,rsi_down3+price20_cross_down+volatility,6,1.00000000,0.82428115,1.21317829,0.60966571,-121.38333333,48.80000000,-72.96666667,1.33333333
h4,oos,200,300,rsi_down3+price20_cross_down+volatility,3,1.00000000,0.94949495,1.05319149,0.43850297,-84.56666667,39.40000000,-119.60000000,1.33333333
h4,discovery,200,300,macd_accel_down+price20_cross_down+range_compression,51,1.00000000,0.79854577,1.25227638,0.92995338,-224.40000000,79.64509804,-82.45882353,1.13725490
h4,validation,200,300,macd_accel_down+price20_cross_down+range_compression,9,1.00000000,0.82428115,1.21317829,0.70085495,-107.24444444,38.62222222,-74.62222222,1.33333333
h4,oos,200,300,macd_accel_down+price20_cross_down+range_compression,4,1.00000000,0.94949495,1.05319149,0.51010916,-81.40000000,32.35000000,-112.40000000,1.25000000
h4,discovery,200,300,rsi_down3+strong_close_bear+mtf_trend_bull,50,1.00000000,0.79854577,1.25227638,0.92865240,-172.26400000,77.69600000,-59.15200000,1.02000000
h4,validation,200,300,rsi_down3+strong_close_bear+mtf_trend_bull,13,1.00000000,0.82428115,1.21317829,0.77190463,-54.82307692,26.35384615,-102.94615385,1.46153846
h4,oos,200,300,rsi_down3+strong_close_bear+mtf_trend_bull,14,1.00000000,0.94949495,1.05319149,0.78468920,-38.44285714,30.12142857,-60.37142857,1.85714286
h4,discovery,200,300,rsi_down3+price20_cross_down+structure_lh,45,1.00000000,0.79854577,1.25227638,0.92134840,-287.26666667,102.35555556,-75.61777778,1.13333333
h4,validation,200,300,rsi_down3+price20_cross_down+structure_lh,8,1.00000000,0.82428115,1.21317829,0.67559244,-120.92500000,57.11250000,-64.85000000,1.25000000
h4,oos,200,300,rsi_down3+price20_cross_down+structure_lh,3,1.00000000,0.94949495,1.05319149,0.43850297,-84.56666667,39.40000000,-119.60000000,1.33333333
h4,discovery,200,300,rsi_down3+price20_cross_down+pullback_bull,45,1.00000000,0.79854577,1.25227638,0.92134840,-247.16666667,81.55555556,-82.70444444,1.15555556
h4,validation,200,300,rsi_down3+price20_cross_down+pullback_bull,8,1.00000000,0.82428115,1.21317829,0.67559244,-120.92500000,57.11250000,-64.85000000,1.25000000
h4,oos,200,300,rsi_down3+price20_cross_down+pullback_bull,3,1.00000000,0.94949495,1.05319149,0.43850297,-84.56666667,39.40000000,-119.60000000,1.33333333
h4,discovery,200,300,macd_accel_down+price20_cross_down+mtf_trend_bull,45,1.00000000,0.79854577,1.25227638,0.92134840,-303.63111111,106.14888889,-75.12888889,1.02222222
h4,validation,200,300,macd_accel_down+price20_cross_down+mtf_trend_bull,6,1.00000000,0.82428115,1.21317829,0.60966571,-116.83333333,47.65000000,-60.30000000,1.00000000
h4,oos,200,300,macd_accel_down+price20_cross_down+mtf_trend_bull,4,1.00000000,0.94949495,1.05319149,0.51010916,-81.40000000,32.35000000,-112.40000000,1.25000000
h4,discovery,200,300,nr4+close_near_low+atr_expand,45,1.00000000,0.79854577,1.25227638,0.92134840,-44.30000000,56.43333333,-58.50222222,1.04444444
h4,validation,200,300,nr4+close_near_low+atr_expand,0,,0.82428115,,,,,,
h4,oos,200,300,nr4+close_near_low+atr_expand,3,1.00000000,0.94949495,1.05319149,0.43850297,-46.10000000,46.70000000,-95.30000000,1.00000000
h4,discovery,200,300,rsi_down3+price20_cross_down+range_compression,43,1.00000000,0.79854577,1.25227638,0.91799020,-252.51627907,79.37209302,-85.02093023,1.16279070
h4,validation,200,300,rsi_down3+price20_cross_down+range_compression,7,1.00000000,0.82428115,1.21317829,0.64566956,-121.02857143,43.98571429,-70.97142857,1.28571429
h4,oos,200,300,rsi_down3+price20_cross_down+range_compression,3,1.00000000,0.94949495,1.05319149,0.43850297,-84.56666667,39.40000000,-119.60000000,1.33333333
h4,discovery,200,300,macd_accel_down+price20_cross_down+close_near_low,43,1.00000000,0.79854577,1.25227638,0.91799020,-230.10465116,70.61627907,-95.27441860,1.06976744
h4,validation,200,300,macd_accel_down+price20_cross_down+close_near_low,6,1.00000000,0.82428115,1.21317829,0.60966571,-121.38333333,48.80000000,-72.96666667,1.33333333
h4,oos,200,300,macd_accel_down+price20_cross_down+close_near_low,0,,0.94949495,,,,,,
h4,discovery,200,300,di_spread_down3+pullback_bull+mtf_adx_rising,43,1.00000000,0.79854577,1.25227638,0.91799020,-193.03023256,90.26046512,-48.91860465,1.04651163
h4,validation,200,300,di_spread_down3+pullback_bull+mtf_adx_rising,31,1.00000000,0.82428115,1.21317829,0.88974460,-185.15161290,116.49032258,-75.05161290,1.00000000
h4,oos,200,300,di_spread_down3+pullback_bull+mtf_adx_rising,10,1.00000000,0.94949495,1.05319149,0.72246720,-71.65000000,50.68000000,-61.19000000,1.00000000
h4,discovery,200,300,price20_cross_down+structure_lh+mtf_trend_bull,41,1.00000000,0.79854577,1.25227638,0.91433243,-284.75853659,104.66097561,-76.84390244,1.02439024
h4,validation,200,300,price20_cross_down+structure_lh+mtf_trend_bull,7,1.00000000,0.82428115,1.21317829,0.64566956,-107.67142857,45.87142857,-57.91428571,1.00000000
h4,oos,200,300,price20_cross_down+structure_lh+mtf_trend_bull,4,1.00000000,0.94949495,1.05319149,0.51010916,-81.40000000,32.35000000,-112.40000000,1.25000000
h4,discovery,200,300,nr4+strong_close_bear+atr_expand,41,1.00000000,0.79854577,1.25227638,0.91433243,-49.39756098,55.33658537,-62.07073171,1.02439024
h4,validation,200,300,nr4+strong_close_bear+atr_expand,0,,0.82428115,,,,,,
h4,oos,200,300,nr4+strong_close_bear+atr_expand,0,,0.94949495,,,,,,
h4,discovery,200,300,price20_cross_down+di_spread_down3,40,1.00000000,0.79854577,1.25227638,0.91237840,-330.46250000,106.71500000,-73.65750000,1.07500000
h4,validation,200,300,price20_cross_down+di_spread_down3,7,1.00000000,0.82428115,1.21317829,0.64566956,-121.21428571,63.11428571,-65.68571429,1.28571429
h4,oos,200,300,price20_cross_down+di_spread_down3,4,1.00000000,0.94949495,1.05319149,0.51010916,-81.40000000,32.35000000,-112.40000000,1.25000000
h4,discovery,200,300,di_spread_down3+price20_cross_down,40,1.00000000,0.79854577,1.25227638,0.91237840,-330.46250000,106.71500000,-73.65750000,1.07500000
h4,validation,200,300,di_spread_down3+price20_cross_down,7,1.00000000,0.82428115,1.21317829,0.64566956,-121.21428571,63.11428571,-65.68571429,1.28571429
h4,oos,200,300,di_spread_down3+price20_cross_down,4,1.00000000,0.94949495,1.05319149,0.51010916,-81.40000000,32.35000000,-112.40000000,1.25000000
h4,discovery,200,300,di_spread_down3+close_near_low,39,1.00000000,0.79854577,1.25227638,0.91033315,-232.80000000,63.22307692,-80.65897436,1.07692308
h4,validation,200,300,di_spread_down3+close_near_low,26,1.00000000,0.82428115,1.21317829,0.87127108,-227.54230769,131.24615385,-84.93076923,1.07692308
h4,oos,200,300,di_spread_down3+close_near_low,16,1.00000000,0.94949495,1.05319149,0.80639232,-93.99375000,49.11250000,-22.11875000,1.12500000
h4,discovery,200,300,price20_cross_down+atr_expand,39,1.00000000,0.79854577,1.25227638,0.91033315,-353.86153846,114.33589744,-84.09487179,1.02564103
h4,validation,200,300,price20_cross_down+atr_expand,1,1.00000000,0.82428115,1.21317829,0.20654931,-118.90000000,15.10000000,-59.00000000,1.00000000
h4,oos,200,300,price20_cross_down+atr_expand,1,1.00000000,0.94949495,1.05319149,0.20654931,-71.90000000,11.20000000,-90.80000000,1.00000000
h4,discovery,200,300,macd_accel_down+price20_cross_down+strong_close_bear,39,1.00000000,0.79854577,1.25227638,0.91033315,-243.87435897,70.58461538,-94.40000000,1.07692308
h4,validation,200,300,macd_accel_down+price20_cross_down+strong_close_bear,6,1.00000000,0.82428115,1.21317829,0.60966571,-121.38333333,48.80000000,-72.96666667,1.33333333
h4,oos,200,300,macd_accel_down+price20_cross_down+strong_close_bear,0,,0.94949495,,,,,,
h4,discovery,200,300,macd_accel_down+price20_cross_down+atr_expand,39,1.00000000,0.79854577,1.25227638,0.91033315,-353.86153846,114.33589744,-84.09487179,1.02564103
h4,validation,200,300,macd_accel_down+price20_cross_down+atr_expand,1,1.00000000,0.82428115,1.21317829,0.20654931,-118.90000000,15.10000000,-59.00000000,1.00000000
h4,oos,200,300,macd_accel_down+price20_cross_down+atr_expand,1,1.00000000,0.94949495,1.05319149,0.20654931,-71.90000000,11.20000000,-90.80000000,1.00000000
h4,discovery,200,300,di_spread_down3+price20_cross_down+volatility,39,1.00000000,0.79854577,1.25227638,0.91033315,-334.80000000,105.03846154,-74.47692308,1.07692308
h4,validation,200,300,di_spread_down3+price20_cross_down+volatility,6,1.00000000,0.82428115,1.21317829,0.60966571,-121.38333333,48.80000000,-72.96666667,1.33333333
h4,oos,200,300,di_spread_down3+price20_cross_down+volatility,4,1.00000000,0.94949495,1.05319149,0.51010916,-81.40000000,32.35000000,-112.40000000,1.25000000
h4,discovery,200,300,price20_cross_down+range_compression+mtf_trend_bull,38,1.00000000,0.79854577,1.25227638,0.90819013,-235.84210526,92.98157895,-73.55263158,1.00000000
h4,validation,200,300,price20_cross_down+range_compression+mtf_trend_bull,7,1.00000000,0.82428115,1.21317829,0.64566956,-107.67142857,45.87142857,-57.91428571,1.00000000
h4,oos,200,300,price20_cross_down+range_compression+mtf_trend_bull,4,1.00000000,0.94949495,1.05319149,0.51010916,-81.40000000,32.35000000,-112.40000000,1.25000000
h4,discovery,200,300,di_spread_down3+close_near_low+volatility,37,1.00000000,0.79854577,1.25227638,0.90594217,-242.14864865,64.82162162,-79.27837838,1.08108108
h4,validation,200,300,di_spread_down3+close_near_low+volatility,26,1.00000000,0.82428115,1.21317829,0.87127108,-227.54230769,131.24615385,-84.93076923,1.07692308
h4,oos,200,300,di_spread_down3+close_near_low+volatility,14,1.00000000,0.94949495,1.05319149,0.78468920,-99.16428571,49.17142857,-20.36428571,1.14285714
h4,discovery,200,300,rsi_down3+price20_cross_down+mtf_trend_bull,35,1.00000000,0.79854577,1.25227638,0.90109901,-347.69428571,113.89142857,-75.39142857,1.02857143
h4,validation,200,300,rsi_down3+price20_cross_down+mtf_trend_bull,5,1.00000000,0.82428115,1.21317829,0.56551754,-123.22000000,51.74000000,-63.88000000,1.00000000
h4,oos,200,300,rsi_down3+price20_cross_down+mtf_trend_bull,3,1.00000000,0.94949495,1.05319149,0.43850297,-84.56666667,39.40000000,-119.60000000,1.33333333
h4,discovery,200,300,price20_cross_down+structure_lh+close_near_low,34,1.00000000,0.79854577,1.25227638,0.89848545,-201.72647059,72.66176471,-98.71176471,1.02941176
h4,validation,200,300,price20_cross_down+structure_lh+close_near_low,6,1.00000000,0.82428115,1.21317829,0.60966571,-121.38333333,48.80000000,-72.96666667,1.33333333
h4,oos,200,300,price20_cross_down+structure_lh+close_near_low,0,,0.94949495,,,,,,
h4,discovery,200,300,price20_cross_down+structure_lh+atr_expand,34,1.00000000,0.79854577,1.25227638,0.89848545,-349.06176471,125.19411765,-74.02352941,1.02941176
h4,validation,200,300,price20_cross_down+structure_lh+atr_expand,1,1.00000000,0.82428115,1.21317829,0.20654931,-118.90000000,15.10000000,-59.00000000,1.00000000
h4,oos,200,300,price20_cross_down+structure_lh+atr_expand,1,1.00000000,0.94949495,1.05319149,0.20654931,-71.90000000,11.20000000,-90.80000000,1.00000000
h4,discovery,200,300,di_spread_down3+strong_close_bear,33,1.00000000,0.79854577,1.25227638,0.89573000,-232.66666667,71.30606061,-74.80303030,1.09090909
h4,validation,200,300,di_spread_down3+strong_close_bear,17,1.00000000,0.82428115,1.21317829,0.81568186,-196.15294118,138.62941176,-33.59411765,1.11764706
h4,oos,200,300,di_spread_down3+strong_close_bear,14,1.00000000,0.94949495,1.05319149,0.78468920,-99.16428571,49.17142857,-20.36428571,1.14285714
h4,discovery,200,300,price20_cross_down+bb_expand,33,1.00000000,0.79854577,1.25227638,0.89573000,-386.53333333,117.47878788,-81.66969697,1.03030303
h4,validation,200,300,price20_cross_down+bb_expand,5,1.00000000,0.82428115,1.21317829,0.56551754,-123.22000000,51.74000000,-63.88000000,1.00000000
h4,oos,200,300,price20_cross_down+bb_expand,0,,0.94949495,,,,,,
h4,discovery,200,300,macd_accel_down+price20_cross_down+bb_expand,33,1.00000000,0.79854577,1.25227638,0.89573000,-386.53333333,117.47878788,-81.66969697,1.03030303
h4,validation,200,300,macd_accel_down+price20_cross_down+bb_expand,5,1.00000000,0.82428115,1.21317829,0.56551754,-123.22000000,51.74000000,-63.88000000,1.00000000
h4,oos,200,300,macd_accel_down+price20_cross_down+bb_expand,0,,0.94949495,,,,,,
h4,discovery,200,300,di_spread_down3+strong_close_bear+volatility,32,1.00000000,0.79854577,1.25227638,0.89282080,-238.13125000,71.88437500,-75.98750000,1.09375000
h4,validation,200,300,di_spread_down3+strong_close_bear+volatility,17,1.00000000,0.82428115,1.21317829,0.81568186,-196.15294118,138.62941176,-33.59411765,1.11764706
h4,oos,200,300,di_spread_down3+strong_close_bear+volatility,14,1.00000000,0.94949495,1.05319149,0.78468920,-99.16428571,49.17142857,-20.36428571,1.14285714
h4,discovery,200,300,di_spread_down3+price20_cross_down+structure_lh,31,1.00000000,0.79854577,1.25227638,0.88974460,-357.77741935,129.16129032,-58.42258065,1.03225806
h4,validation,200,300,di_spread_down3+price20_cross_down+structure_lh,7,1.00000000,0.82428115,1.21317829,0.64566956,-121.21428571,63.11428571,-65.68571429,1.28571429
h4,oos,200,300,di_spread_down3+price20_cross_down+structure_lh,4,1.00000000,0.94949495,1.05319149,0.51010916,-81.40000000,32.35000000,-112.40000000,1.25000000
h4,discovery,200,300,di_spread_down3+price20_cross_down+range_compression,31,1.00000000,0.79854577,1.25227638,0.88974460,-299.56774194,98.96774194,-68.70967742,1.06451613
h4,validation,200,300,di_spread_down3+price20_cross_down+range_compression,6,1.00000000,0.82428115,1.21317829,0.60966571,-121.38333333,48.80000000,-72.96666667,1.33333333
h4,oos,200,300,di_spread_down3+price20_cross_down+range_compression,4,1.00000000,0.94949495,1.05319149,0.51010916,-81.40000000,32.35000000,-112.40000000,1.25000000
h4,discovery,200,300,di_spread_down3+price20_cross_down+pullback_bull,31,1.00000000,0.79854577,1.25227638,0.88974460,-299.56774194,98.96774194,-68.70967742,1.06451613
h4,validation,200,300,di_spread_down3+price20_cross_down+pullback_bull,7,1.00000000,0.82428115,1.21317829,0.64566956,-121.21428571,63.11428571,-65.68571429,1.28571429
h4,oos,200,300,di_spread_down3+price20_cross_down+pullback_bull,4,1.00000000,0.94949495,1.05319149,0.51010916,-81.40000000,32.35000000,-112.40000000,1.25000000
h4,discovery,200,300,di_spread_down3+price20_cross_down+mtf_trend_bull,31,1.00000000,0.79854577,1.25227638,0.88974460,-378.48064516,128.32903226,-71.84193548,1.03225806
h4,validation,200,300,di_spread_down3+price20_cross_down+mtf_trend_bull,4,1.00000000,0.82428115,1.21317829,0.51010916,-124.30000000,60.90000000,-65.10000000,1.00000000
h4,oos,200,300,di_spread_down3+price20_cross_down+mtf_trend_bull,4,1.00000000,0.94949495,1.05319149,0.51010916,-81.40000000,32.35000000,-112.40000000,1.25000000
h4,discovery,200,300,price20_cross_down+structure_lh+mtf_adx_rising,31,1.00000000,0.79854577,1.25227638,0.88974460,-348.47096774,125.47741935,-72.06774194,1.03225806
h4,validation,200,300,price20_cross_down+structure_lh+mtf_adx_rising,8,1.00000000,0.82428115,1.21317829,0.67559244,-104.66250000,45.93750000,-84.55000000,1.12500000
h4,oos,200,300,price20_cross_down+structure_lh+mtf_adx_rising,0,,0.94949495,,,,,,
h4,discovery,200,300,price20_cross_down+mtf_trend_bull+atr_expand,31,1.00000000,0.79854577,1.25227638,0.88974460,-399.16774194,122.58064516,-76.68064516,1.03225806
h4,validation,200,300,price20_cross_down+mtf_trend_bull+atr_expand,1,1.00000000,0.82428115,1.21317829,0.20654931,-118.90000000,15.10000000,-59.00000000,1.00000000
h4,oos,200,300,price20_cross_down+mtf_trend_bull+atr_expand,1,1.00000000,0.94949495,1.05319149,0.20654931,-71.90000000,11.20000000,-90.80000000,1.00000000
d1,discovery,50,100,structure_lh+strong_close_bear+atr_expand,111,1.00000000,0.65308946,1.53118381,0.96654990,-176.06036036,72.90450450,-150.15675676,1.08108108
d1,validation,50,100,structure_lh+strong_close_bear+atr_expand,19,0.84210526,0.64774830,1.30005013,0.62434525,-187.93157895,137.42105263,-113.07894737,1.00000000
d1,oos,50,100,structure_lh+strong_close_bear+atr_expand,13,0.69230769,0.60593570,1.14254317,0.42369343,-138.51538462,83.76153846,-106.65384615,1.00000000
d1,discovery,50,100,ema20_slope_down3+close_near_low+atr_expand,97,1.00000000,0.65308946,1.53118381,0.96190596,-194.55979381,63.55463918,-172.63402062,1.06185567
d1,validation,50,100,ema20_slope_down3+close_near_low+atr_expand,17,0.82352941,0.64774830,1.27137255,0.58970541,-222.36470588,160.01176471,-134.53529412,1.00000000
d1,oos,50,100,ema20_slope_down3+close_near_low+atr_expand,3,0.66666667,0.60593570,1.10022676,0.20765960,-245.36666667,93.63333333,-183.40000000,1.00000000
d1,discovery,50,100,ema20_slope_down3+strong_close_bear+atr_expand,87,1.00000000,0.65308946,1.53118381,0.95771249,-193.18965517,62.41034483,-181.33563218,1.06896552
d1,validation,50,100,ema20_slope_down3+strong_close_bear+atr_expand,13,0.76923077,0.64774830,1.18754579,0.49743624,-231.98461538,186.29230769,-142.70000000,1.00000000
d1,oos,50,100,ema20_slope_down3+strong_close_bear+atr_expand,3,0.66666667,0.60593570,1.10022676,0.20765960,-245.36666667,93.63333333,-183.40000000,1.00000000
d1,discovery,50,100,close_near_low+mtf_adx_rising+atr_expand,83,1.00000000,0.65308946,1.53118381,0.95576469,-237.81445783,71.76265060,-193.30481928,1.10843373
d1,validation,50,100,close_near_low+mtf_adx_rising+atr_expand,15,1.00000000,0.64774830,1.54380952,0.79611670,-250.36000000,107.99333333,-145.68000000,1.00000000
d1,oos,50,100,close_near_low+mtf_adx_rising+atr_expand,8,1.00000000,0.60593570,1.65034014,0.67559244,-202.28750000,20.91250000,-167.81250000,1.00000000
d1,discovery,50,100,price20_cross_down+strong_close_bear+atr_expand,75,1.00000000,0.65308946,1.53118381,0.95127616,-103.65200000,53.26800000,-60.90800000,1.09333333
d1,validation,50,100,price20_cross_down+strong_close_bear+atr_expand,8,1.00000000,0.64774830,1.54380952,0.67559244,-284.97500000,117.37500000,-99.93750000,1.00000000
d1,oos,50,100,price20_cross_down+strong_close_bear+atr_expand,6,1.00000000,0.60593570,1.65034014,0.60966571,-152.86666667,10.00000000,-132.90000000,1.00000000
d1,discovery,50,100,rsi_down3+strong_close_bear+atr_expand,71,1.00000000,0.65308946,1.53118381,0.94867205,-231.16760563,82.24507042,-219.80422535,1.05633803
d1,validation,50,100,rsi_down3+strong_close_bear+atr_expand,9,1.00000000,0.64774830,1.54380952,0.70085495,-302.05555556,110.52222222,-94.86666667,1.00000000
d1,oos,50,100,rsi_down3+strong_close_bear+atr_expand,9,0.88888889,0.60593570,1.46696901,0.56500029,-183.70000000,37.87777778,-149.73333333,1.00000000
d1,discovery,50,100,strong_close_bear+mtf_adx_rising+atr_expand,71,1.00000000,0.65308946,1.53118381,0.94867205,-235.46056338,68.84366197,-212.67887324,1.11267606
d1,validation,50,100,strong_close_bear+mtf_adx_rising+atr_expand,11,1.00000000,0.64774830,1.54380952,0.74116703,-271.90909091,120.13636364,-159.38181818,1.00000000
d1,oos,50,100,strong_close_bear+mtf_adx_rising+atr_expand,8,1.00000000,0.60593570,1.65034014,0.67559244,-202.28750000,20.91250000,-167.81250000,1.00000000
d1,discovery,50,100,di_spread_down3+close_near_low+atr_expand,54,1.00000000,0.65308946,1.53118381,0.93358641,-277.96481481,77.86296296,-249.68703704,1.03703704
d1,validation,50,100,di_spread_down3+close_near_low+atr_expand,5,1.00000000,0.64774830,1.54380952,0.56551754,-296.70000000,107.22000000,-94.26000000,1.00000000
d1,oos,50,100,di_spread_down3+close_near_low+atr_expand,8,1.00000000,0.60593570,1.65034014,0.67559244,-202.28750000,20.91250000,-167.81250000,1.00000000
d1,discovery,50,100,di_spread_down3+strong_close_bear+bb_expand,50,1.00000000,0.65308946,1.53118381,0.92865240,-269.11400000,78.19200000,-279.20000000,1.00000000
d1,validation,50,100,di_spread_down3+strong_close_bear+bb_expand,5,1.00000000,0.64774830,1.54380952,0.56551754,-302.74000000,109.20000000,-123.56000000,1.00000000
d1,oos,50,100,di_spread_down3+strong_close_bear+bb_expand,9,1.00000000,0.60593570,1.65034014,0.70085495,-195.14444444,36.20000000,-124.72222222,1.00000000
d1,discovery,50,100,di_spread_down3+strong_close_bear+atr_expand,40,1.00000000,0.65308946,1.53118381,0.91237840,-300.72000000,75.27000000,-307.48000000,1.02500000
d1,validation,50,100,di_spread_down3+strong_close_bear+atr_expand,5,1.00000000,0.64774830,1.54380952,0.56551754,-296.70000000,107.22000000,-94.26000000,1.00000000
d1,oos,50,100,di_spread_down3+strong_close_bear+atr_expand,8,1.00000000,0.60593570,1.65034014,0.67559244,-202.28750000,20.91250000,-167.81250000,1.00000000
d1,discovery,50,100,strong_close_bear+atr_expand,136,0.99264706,0.65308946,1.51992510,0.95952715,-159.52352941,64.80367647,-139.82426471,1.08088235
d1,validation,50,100,strong_close_bear+atr_expand,20,0.85000000,0.64774830,1.31223810,0.63958114,-185.34500000,133.88500000,-109.67500000,1.00000000
d1,oos,50,100,strong_close_bear+atr_expand,13,0.69230769,0.60593570,1.14254317,0.42369343,-138.51538462,83.76153846,-106.65384615,1.00000000
d1,discovery,50,100,range_compression+close_near_low+atr_expand,126,0.99206349,0.65308946,1.51903156,0.95641320,-179.50873016,63.88412698,-152.22539683,1.08730159
d1,validation,50,100,range_compression+close_near_low+atr_expand,6,1.00000000,0.64774830,1.54380952,0.60966571,-30.80000000,37.45000000,-24.25000000,1.00000000
d1,oos,50,100,range_compression+close_near_low+atr_expand,0,,0.60593570,,,,,,
d1,discovery,50,100,macd_accel_down+strong_close_bear+atr_expand,124,0.99193548,0.65308946,1.51883555,0.95573201,-171.52419355,66.29596774,-151.73064516,1.08870968
d1,validation,50,100,macd_accel_down+strong_close_bear+atr_expand,20,0.85000000,0.64774830,1.31223810,0.63958114,-185.34500000,133.88500000,-109.67500000,1.00000000
d1,oos,50,100,macd_accel_down+strong_close_bear+atr_expand,8,1.00000000,0.60593570,1.65034014,0.67559244,-202.28750000,20.91250000,-167.81250000,1.00000000
d1,discovery,50,100,range_compression+strong_close_bear+atr_expand,106,0.99056604,0.65308946,1.51673868,0.94848645,-177.64716981,63.32735849,-165.18301887,1.09433962
d1,validation,50,100,range_compression+strong_close_bear+atr_expand,6,1.00000000,0.64774830,1.54380952,0.60966571,-30.80000000,37.45000000,-24.25000000,1.00000000
d1,oos,50,100,range_compression+strong_close_bear+atr_expand,0,,0.60593570,,,,,,
d1,discovery,50,100,price200_bull+close_near_low+atr_expand,65,0.98461538,0.65308946,1.50762713,0.91786715,-121.01692308,51.26153846,-81.21692308,1.06153846
d1,validation,50,100,price200_bull+close_near_low+atr_expand,11,1.00000000,0.64774830,1.54380952,0.74116703,-168.95454545,67.18181818,-52.93636364,1.00000000
d1,oos,50,100,price200_bull+close_near_low+atr_expand,9,0.66666667,0.60593570,1.10022676,0.35420214,-113.20000000,84.70000000,-88.63333333,1.00000000
d1,discovery,50,100,di_spread_down3+close_near_low+bb_expand,55,0.98181818,0.65308946,1.50334410,0.90394224,-253.12181818,76.66909091,-265.16909091,1.01818182
d1,validation,50,100,di_spread_down3+close_near_low+bb_expand,16,0.93750000,0.64774830,1.44732143,0.71671262,-128.75000000,52.13125000,-88.73750000,1.68750000
d1,oos,50,100,di_spread_down3+close_near_low+bb_expand,12,1.00000000,0.60593570,1.65034014,0.75750599,-189.74166667,43.44166667,-123.39166667,1.16666667
d1,discovery,50,100,price20_cross_down+strong_close_bear+mtf_trend_bull,97,0.97938144,0.65308946,1.49961301,0.92791242,-112.85876289,76.12577320,-65.48556701,1.13402062
d1,validation,50,100,price20_cross_down+strong_close_bear+mtf_trend_bull,13,0.38461538,0.64774830,0.59377289,0.17709708,-104.00000000,141.98461538,-37.75384615,1.00000000
d1,oos,50,100,price20_cross_down+strong_close_bear+mtf_trend_bull,10,0.90000000,0.60593570,1.48530612,0.59584997,-105.36000000,70.11000000,-58.46000000,1.50000000
d1,discovery,50,100,price200_bull+strong_close_bear+atr_expand,48,0.97916667,0.65308946,1.49928415,0.89100782,-117.06250000,51.58125000,-85.65625000,1.06250000
d1,validation,50,100,price200_bull+strong_close_bear+atr_expand,11,1.00000000,0.64774830,1.54380952,0.74116703,-168.95454545,67.18181818,-52.93636364,1.00000000
d1,oos,50,100,price200_bull+strong_close_bear+atr_expand,9,0.66666667,0.60593570,1.10022676,0.35420214,-113.20000000,84.70000000,-88.63333333,1.00000000
d1,discovery,50,100,rsi_down3+price20_cross_down+volatility,95,0.97894737,0.65308946,1.49894836,0.92645881,-142.51894737,88.63052632,-63.97368421,1.21052632
d1,validation,50,100,rsi_down3+price20_cross_down+volatility,12,0.83333333,0.64774830,1.28650794,0.55196914,-182.43333333,97.30833333,-109.60833333,1.00000000
d1,oos,50,100,rsi_down3+price20_cross_down+volatility,23,0.91304348,0.60593570,1.50683230,0.73204019,-153.60434783,69.87391304,-171.27826087,1.00000000
d1,discovery,50,100,rsi_down3+range_compression+atr_expand,139,0.97841727,0.65308946,1.49813668,0.93846904,-188.29136691,72.66978417,-198.53237410,1.02877698
d1,validation,50,100,rsi_down3+range_compression+atr_expand,7,0.85714286,0.64774830,1.32326531,0.48687217,-129.54285714,101.24285714,-40.30000000,1.00000000
d1,oos,50,100,rsi_down3+range_compression+atr_expand,15,1.00000000,0.60593570,1.65034014,0.79611670,-264.31333333,65.44000000,-223.54666667,1.00000000
d1,discovery,50,100,strong_close_bear+mtf_trend_bull+atr_expand,43,0.97674419,0.65308946,1.49557488,0.87941007,-103.37441860,77.53953488,-67.80232558,1.11627907
d1,validation,50,100,strong_close_bear+mtf_trend_bull+atr_expand,7,1.00000000,0.64774830,1.54380952,0.64566956,-98.72857143,36.55714286,-48.34285714,1.00000000
d1,oos,50,100,strong_close_bear+mtf_trend_bull+atr_expand,0,,0.60593570,,,,,,
d1,discovery,50,100,macd_accel_down+mtf_adx_rising+atr_expand,169,0.97633136,0.65308946,1.49494277,0.94073136,-199.57041420,78.27455621,-156.59704142,1.07100592
d1,validation,50,100,macd_accel_down+mtf_adx_rising+atr_expand,37,0.86486486,0.64774830,1.33518662,0.72022588,-222.99189189,107.12432432,-193.94324324,1.00000000
d1,oos,50,100,macd_accel_down+mtf_adx_rising+atr_expand,44,0.93181818,0.60593570,1.53781694,0.81774956,-230.33181818,53.57272727,-221.63636364,1.00000000
d1,discovery,50,100,price20_cross_down+range_compression+mtf_trend_bull,125,0.97600000,0.65308946,1.49443540,0.93181100,-109.66880000,65.86880000,-73.85920000,1.11200000
d1,validation,50,100,price20_cross_down+range_compression+mtf_trend_bull,20,0.60000000,0.64774830,0.92628571,0.38658150,-74.47000000,102.93000000,-40.12500000,1.10000000
d1,oos,50,100,price20_cross_down+range_compression+mtf_trend_bull,15,0.93333333,0.60593570,1.54031746,0.70183470,-120.14000000,75.30666667,-80.55333333,1.40000000
d1,discovery,50,100,pullback_bull+mtf_adx_rising+atr_expand,104,0.97115385,0.65308946,1.48701504,0.91859960,-132.23942308,61.42211538,-80.10000000,1.10576923
d1,validation,50,100,pullback_bull+mtf_adx_rising+atr_expand,21,0.71428571,0.64774830,1.10272109,0.50043619,-146.01428571,83.80000000,-232.20476190,1.00000000
d1,oos,50,100,pullback_bull+mtf_adx_rising+atr_expand,25,0.92000000,0.60593570,1.51831293,0.75033891,-162.22400000,45.71600000,-214.92800000,1.00000000
d1,discovery,50,100,structure_lh+close_near_low+atr_expand,134,0.97014925,0.65308946,1.48547683,0.92576197,-167.82985075,72.92089552,-137.06791045,1.07462687
d1,validation,50,100,structure_lh+close_near_low+atr_expand,23,0.86956522,0.64774830,1.34244306,0.67872518,-188.48260870,126.49565217,-112.19565217,1.00000000
d1,oos,50,100,structure_lh+close_near_low+atr_expand,13,0.69230769,0.60593570,1.14254317,0.42369343,-138.51538462,83.76153846,-106.65384615,1.00000000
d1,discovery,50,100,close_near_low+atr_expand,166,0.96987952,0.65308946,1.48506381,0.93143654,-159.36445783,67.25843373,-127.41987952,1.07228916
d1,validation,50,100,close_near_low+atr_expand,24,0.87500000,0.64774830,1.35083333,0.68996119,-186.30416667,124.00416667,-109.39583333,1.00000000
d1,oos,50,100,close_near_low+atr_expand,13,0.69230769,0.60593570,1.14254317,0.42369343,-138.51538462,83.76153846,-106.65384615,1.00000000
d1,discovery,50,100,di_spread_down3+price20_cross_down+atr_expand,32,0.96875000,0.65308946,1.48333431,0.84255736,-167.13750000,79.15625000,-80.45000000,1.06250000
d1,validation,50,100,di_spread_down3+price20_cross_down+atr_expand,5,0.80000000,0.64774830,1.23504762,0.37553463,-226.98000000,130.18000000,-87.46000000,1.00000000
d1,oos,50,100,di_spread_down3+price20_cross_down+atr_expand,20,1.00000000,0.60593570,1.65034014,0.83887484,-235.92000000,47.00000000,-205.90500000,1.00000000
d1,discovery,50,100,price20_cross_down+mtf_adx_rising+volatility,127,0.96850394,0.65308946,1.48295755,0.92181266,-117.73543307,73.88740157,-55.32047244,1.24409449
d1,validation,50,100,price20_cross_down+mtf_adx_rising+volatility,15,0.80000000,0.64774830,1.23504762,0.54814551,-154.00000000,99.80000000,-116.38666667,1.06666667
d1,oos,50,100,price20_cross_down+mtf_adx_rising+volatility,32,0.93750000,0.60593570,1.54719388,0.79852877,-118.51875000,62.14062500,-117.23750000,1.09375000
d1,discovery,50,100,macd_accel_down+close_near_low+atr_expand,153,0.96732026,0.65308946,1.48114512,0.92578676,-170.18300654,68.90915033,-136.12875817,1.07843137
d1,validation,50,100,macd_accel_down+close_near_low+atr_expand,24,0.87500000,0.64774830,1.35083333,0.68996119,-186.30416667,124.00416667,-109.39583333,1.00000000
d1,oos,50,100,macd_accel_down+close_near_low+atr_expand,8,1.00000000,0.60593570,1.65034014,0.67559244,-202.28750000,20.91250000,-167.81250000,1.00000000
d1,discovery,50,100,price20_cross_down+mtf_adx_rising+atr_expand,58,0.96551724,0.65308946,1.47838437,0.88270855,-128.08620690,61.47758621,-74.80000000,1.17241379
d1,validation,50,100,price20_cross_down+mtf_adx_rising+atr_expand,14,0.85714286,0.64774830,1.32326531,0.60058621,-223.00714286,116.04285714,-103.68571429,1.00000000
d1,oos,50,100,price20_cross_down+mtf_adx_rising+atr_expand,20,1.00000000,0.60593570,1.65034014,0.83887484,-235.92000000,47.00000000,-205.90500000,1.00000000
d1,discovery,50,100,rsi_down3+mtf_adx_rising+atr_expand,125,0.96000000,0.65308946,1.46993646,0.90977445,-223.42000000,85.50480000,-185.76960000,1.03200000
d1,validation,50,100,rsi_down3+mtf_adx_rising+atr_expand,27,0.92592593,0.64774830,1.42945326,0.76630407,-254.08518519,114.51851852,-175.23333333,1.00000000
d1,oos,50,100,rsi_down3+mtf_adx_rising+atr_expand,44,0.93181818,0.60593570,1.53781694,0.81774956,-230.33181818,53.57272727,-221.63636364,1.00000000
d1,discovery,50,100,price20_cross_down+mtf_trend_bull+volatility,48,0.95833333,0.65308946,1.46738448,0.86024344,-116.80208333,97.91041667,-49.53541667,1.31250000
d1,validation,50,100,price20_cross_down+mtf_trend_bull+volatility,3,1.00000000,0.64774830,1.54380952,0.43850297,-143.66666667,50.26666667,-109.30000000,1.00000000
d1,oos,50,100,price20_cross_down+mtf_trend_bull+volatility,6,0.83333333,0.60593570,1.37528345,0.43649718,-102.96666667,82.50000000,-64.93333333,1.00000000
d1,discovery,50,100,price20_cross_down+close_near_low+atr_expand,91,0.95604396,0.65308946,1.46387903,0.89236907,-116.56703297,64.04175824,-61.72857143,1.08791209
d1,validation,50,100,price20_cross_down+close_near_low+atr_expand,12,1.00000000,0.64774830,1.54380952,0.75750599,-253.68333333,103.11666667,-102.62500000,1.00000000
d1,oos,50,100,price20_cross_down+close_near_low+atr_expand,6,1.00000000,0.60593570,1.65034014,0.60966571,-152.86666667,10.00000000,-132.90000000,1.00000000
d1,discovery,50,100,rsi_down3+close_near_low+atr_expand,89,0.95505618,0.65308946,1.46236656,0.89006954,-222.83033708,87.89662921,-190.01348315,1.05617978
d1,validation,50,100,rsi_down3+close_near_low+atr_expand,13,1.00000000,0.64774830,1.54380952,0.77190463,-267.91538462,99.46923077,-98.90769231,1.00000000
d1,oos,50,100,rsi_down3+close_near_low+atr_expand,9,0.88888889,0.60593570,1.46696901,0.56500029,-183.70000000,37.87777778,-149.73333333,1.00000000
d1,discovery,50,100,di_spread_down3+price20_cross_down+strong_close_bear,84,0.95238095,0.65308946,1.45827029,0.88386685,-154.16785714,79.20833333,-79.13571429,1.13095238
d1,validation,50,100,di_spread_down3+price20_cross_down+strong_close_bear,13,1.00000000,0.64774830,1.54380952,0.77190463,-192.17692308,100.36923077,-91.50769231,1.00000000
d1,oos,50,100,di_spread_down3+price20_cross_down+strong_close_bear,14,1.00000000,0.60593570,1.65034014,0.78468920,-151.03571429,68.31428571,-75.32142857,1.28571429
d1,discovery,50,100,rsi_down3+mtf_adx_rising+bb_expand,101,0.95049505,0.65308946,1.45538263,0.88930575,-246.87920792,103.14950495,-234.13663366,1.01980198
d1,validation,50,100,rsi_down3+mtf_adx_rising+bb_expand,31,0.87096774,0.64774830,1.34460829,0.71147594,-157.10000000,106.68709677,-89.42580645,1.32258065
d1,oos,50,100,rsi_down3+mtf_adx_rising+bb_expand,30,0.86666667,0.60593570,1.43029478,0.70318673,-219.41666667,58.71666667,-210.87000000,1.06666667
d1,discovery,50,100,price20_cross_down+close_near_low+mtf_trend_bull,118,0.94915254,0.65308946,1.45332700,0.89349265,-114.84322034,77.91779661,-63.79661017,1.13559322
d1,validation,50,100,price20_cross_down+close_near_low+mtf_trend_bull,21,0.61904762,0.64774830,0.95569161,0.40878654,-89.23333333,110.47619048,-46.58571429,1.09523810
d1,oos,50,100,price20_cross_down+close_near_low+mtf_trend_bull,16,0.93750000,0.60593570,1.54719388,0.71671262,-121.82500000,79.20000000,-62.66250000,1.43750000
d1,discovery,50,100,rsi_down3+price20_cross_down+strong_close_bear,165,0.94545455,0.65308946,1.44766469,0.89959797,-138.45696970,80.80484848,-75.86000000,1.09696970
d1,validation,50,100,rsi_down3+price20_cross_down+strong_close_bear,22,0.81818182,0.64774830,1.26311688,0.61483393,-206.59090909,133.75000000,-77.52272727,1.00000000
d1,oos,50,100,rsi_down3+price20_cross_down+strong_close_bear,23,0.95652174,0.60593570,1.57858622,0.79008845,-141.30000000,64.71739130,-75.86086957,1.21739130
d1,discovery,50,100,price20_cross_down+strong_close_bear+mtf_adx_rising,228,0.94298246,0.65308946,1.44387947,0.90490574,-118.19912281,68.82938596,-76.95614035,1.16666667
d1,validation,50,100,price20_cross_down+strong_close_bear+mtf_adx_rising,41,0.90243902,0.64774830,1.39319396,0.77452319,-137.37804878,98.62926829,-90.70000000,1.09756098
d1,oos,50,100,price20_cross_down+strong_close_bear+mtf_adx_rising,27,0.96296296,0.60593570,1.58921643,0.81716534,-132.06296296,59.31851852,-74.07407407,1.18518519
d1,discovery,50,100,di_spread_down3+price20_cross_down+close_near_low,102,0.94117647,0.65308946,1.44111417,0.87756406,-162.55490196,86.72647059,-75.79313725,1.11764706
d1,validation,50,100,di_spread_down3+price20_cross_down+close_near_low,20,0.90000000,0.64774830,1.38942857,0.69896635,-170.89500000,104.88000000,-74.53000000,1.40000000
d1,oos,50,100,di_spread_down3+price20_cross_down+close_near_low,20,1.00000000,0.60593570,1.65034014,0.83887484,-150.50500000,76.12500000,-73.62500000,1.30000000
d1,discovery,50,100,ema20_slope_down3+strong_close_bear+bb_expand,101,0.94059406,0.65308946,1.44022239,0.87640894,-189.25940594,85.57029703,-173.37227723,1.06930693
d1,validation,50,100,ema20_slope_down3+strong_close_bear+bb_expand,19,0.68421053,0.64774830,1.05629073,0.46010408,-208.16315789,201.76842105,-131.20526316,1.00000000
d1,oos,50,100,ema20_slope_down3+strong_close_bear+bb_expand,4,0.75000000,0.60593570,1.23775510,0.30064184,-239.22500000,122.27500000,-92.67500000,1.00000000
d1,discovery,50,100,price20_cross_down+mtf_trend_bull,168,0.94047619,0.65308946,1.44004191,0.89390909,-101.65119048,73.53273810,-64.40000000,1.25595238
d1,validation,50,100,price20_cross_down+mtf_trend_bull,25,0.68000000,0.64774830,1.04979048,0.48410269,-84.56000000,102.57600000,-49.10400000,1.08000000
d1,oos,50,100,price20_cross_down+mtf_trend_bull,22,0.95454545,0.60593570,1.57532468,0.78201954,-113.87727273,67.05909091,-70.78636364,1.31818182
d1,discovery,50,100,macd_accel_down+price20_cross_down+mtf_trend_bull,167,0.94011976,0.65308946,1.43949615,0.89329445,-101.99161677,73.78263473,-64.46646707,1.25748503
d1,validation,50,100,macd_accel_down+price20_cross_down+mtf_trend_bull,25,0.68000000,0.64774830,1.04979048,0.48410269,-84.56000000,102.57600000,-49.10400000,1.08000000
d1,oos,50,100,macd_accel_down+price20_cross_down+mtf_trend_bull,22,0.95454545,0.60593570,1.57532468,0.78201954,-113.87727273,67.05909091,-70.78636364,1.31818182
d1,discovery,50,100,price20_cross_down+structure_lh+mtf_trend_bull,150,0.94000000,0.65308946,1.43931278,0.88991023,-100.78866667,75.59933333,-63.87733333,1.28000000
d1,validation,50,100,price20_cross_down+structure_lh+mtf_trend_bull,19,0.73684211,0.64774830,1.13754386,0.51208449,-86.75789474,93.82105263,-57.86315789,1.10526316
d1,oos,50,100,price20_cross_down+structure_lh+mtf_trend_bull,20,0.95000000,0.60593570,1.56782313,0.76386881,-119.13500000,67.46500000,-69.78000000,1.35000000
d1,discovery,50,100,price20_cross_down+pullback_bull+mtf_trend_bull,160,0.93750000,0.65308946,1.43548482,0.88878425,-103.48062500,74.25437500,-64.62687500,1.25000000
d1,validation,50,100,price20_cross_down+pullback_bull+mtf_trend_bull,25,0.68000000,0.64774830,1.04979048,0.48410269,-84.56000000,102.57600000,-49.10400000,1.08000000
d1,oos,50,100,price20_cross_down+pullback_bull+mtf_trend_bull,22,0.95454545,0.60593570,1.57532468,0.78201954,-113.87727273,67.05909091,-70.78636364,1.31818182
d1,discovery,50,100,di_spread_down3+price20_cross_down+volatility,47,0.93617021,0.65308946,1.43344867,0.82837386,-170.14255319,104.63829787,-57.79148936,1.17021277
d1,validation,50,100,di_spread_down3+price20_cross_down+volatility,8,0.75000000,0.64774830,1.15785714,0.40927543,-163.13750000,107.72500000,-115.23750000,1.00000000
d1,oos,50,100,di_spread_down3+price20_cross_down+volatility,20,0.95000000,0.60593570,1.56782313,0.76386881,-161.14500000,64.84500000,-183.75000000,1.00000000
d1,discovery,50,100,macd_accel_down+range_compression+atr_expand,219,0.93607306,0.65308946,1.43329991,0.89556993,-153.75068493,67.16986301,-143.66803653,1.06849315
d1,validation,50,100,macd_accel_down+range_compression+atr_expand,16,0.93750000,0.64774830,1.44732143,0.71671262,-105.63125000,55.93750000,-80.97500000,1.00000000
d1,oos,50,100,macd_accel_down+range_compression+atr_expand,16,0.93750000,0.60593570,1.54719388,0.71671262,-251.06875000,76.67500000,-215.08125000,1.00000000
d1,discovery,50,100,di_spread_down3+mtf_adx_rising+atr_expand,109,0.93577982,0.65308946,1.43285090,0.87334280,-230.96513761,90.24495413,-191.48256881,1.01834862
d1,validation,50,100,di_spread_down3+mtf_adx_rising+atr_expand,17,0.88235294,0.64774830,1.36218487,0.65663649,-260.88235294,137.66470588,-128.25882353,1.00000000
d1,oos,50,100,di_spread_down3+mtf_adx_rising+atr_expand,44,0.88636364,0.60593570,1.46280148,0.76020848,-223.02954545,59.22727273,-212.52727273,1.00000000
d1,discovery,50,100,di_spread_down3+price20_cross_down+mtf_trend_bull,62,0.93548387,0.65308946,1.43239776,0.84552484,-134.11935484,81.51290323,-72.78225806,1.29032258
d1,validation,50,100,di_spread_down3+price20_cross_down+mtf_trend_bull,2,1.00000000,0.64774830,1.54380952,0.34238023,-109.15000000,67.50000000,-84.30000000,1.00000000
d1,oos,50,100,di_spread_down3+price20_cross_down+mtf_trend_bull,11,1.00000000,0.60593570,1.65034014,0.74116703,-131.39090909,64.98181818,-93.07272727,1.54545455
d1,discovery,50,100,price20_cross_down+close_near_low+mtf_adx_rising,263,0.93536122,0.65308946,1.43220995,0.89893293,-119.78288973,72.04296578,-73.84752852,1.17870722
d1,validation,50,100,price20_cross_down+close_near_low+mtf_adx_rising,62,0.90322581,0.64774830,1.39440860,0.80451181,-136.77258065,88.60967742,-106.82419355,1.22580645
d1,oos,50,100,price20_cross_down+close_near_low+mtf_adx_rising,37,0.97297297,0.60593570,1.60573635,0.86175930,-126.18378378,59.42972973,-79.89459459,1.27027027
d1,discovery,50,100,rsi_down3+false_break_up,46,0.93478261,0.65308946,1.43132399,0.82497259,-87.30000000,60.58260870,-76.70217391,1.04347826
d1,validation,50,100,rsi_down3+false_break_up,4,1.00000000,0.64774830,1.54380952,0.51010916,-125.92500000,35.90000000,-201.90000000,1.25000000
d1,oos,50,100,rsi_down3+false_break_up,12,1.00000000,0.60593570,1.65034014,0.75750599,-135.87500000,53.28333333,-116.76666667,1.33333333
d1,discovery,50,100,rsi_down3+false_break_up+pullback_bull,46,0.93478261,0.65308946,1.43132399,0.82497259,-87.30000000,60.58260870,-76.70217391,1.04347826
d1,validation,50,100,rsi_down3+false_break_up+pullback_bull,4,1.00000000,0.64774830,1.54380952,0.51010916,-125.92500000,35.90000000,-201.90000000,1.25000000
d1,oos,50,100,rsi_down3+false_break_up+pullback_bull,11,1.00000000,0.60593570,1.65034014,0.74116703,-118.55454545,49.57272727,-113.71818182,1.36363636
d1,discovery,50,100,di_spread_down3+strong_close_bear+volatility,91,0.93406593,0.65308946,1.43022663,0.86353534,-237.70439560,100.97582418,-183.62197802,1.08791209
d1,validation,50,100,di_spread_down3+strong_close_bear+volatility,7,1.00000000,0.64774830,1.54380952,0.64566956,-241.75714286,74.54285714,-108.95714286,1.00000000
d1,oos,50,100,di_spread_down3+strong_close_bear+volatility,16,1.00000000,0.60593570,1.65034014,0.80639232,-176.63125000,71.96250000,-100.39375000,1.00000000
d1,discovery,50,100,rsi_down3+price20_cross_down+range_compression,206,0.93203883,0.65308946,1.42712277,0.88917073,-139.90922330,79.93495146,-79.26796117,1.08737864
d1,validation,50,100,rsi_down3+price20_cross_down+range_compression,29,0.75862069,0.64774830,1.17116585,0.57892398,-123.80344828,105.87241379,-73.60344828,1.00000000
d1,oos,50,100,rsi_down3+price20_cross_down+range_compression,47,0.95744681,0.60593570,1.58011290,0.85751472,-164.95744681,64.98936170,-146.78936170,1.19148936
d1,discovery,50,100,rsi_down3+ema20_slope_down3+strong_close_bear,189,0.93121693,0.65308946,1.42586429,0.88588841,-197.42910053,93.90529101,-148.84814815,1.08994709
d1,validation,50,100,rsi_down3+ema20_slope_down3+strong_close_bear,19,0.84210526,0.64774830,1.30005013,0.62434525,-209.53157895,165.06315789,-82.86315789,1.00000000
d1,oos,50,100,rsi_down3+ema20_slope_down3+strong_close_bear,16,0.93750000,0.60593570,1.54719388,0.71671262,-163.30625000,87.38125000,-77.16875000,1.00000000
d1,discovery,50,100,rsi_down3+pullback_bull+atr_expand,101,0.93069307,0.65308946,1.42506216,0.86379972,-140.25049505,77.48118812,-84.34554455,1.02970297
d1,validation,50,100,rsi_down3+pullback_bull+atr_expand,12,0.83333333,0.64774830,1.28650794,0.55196914,-172.51666667,76.05000000,-214.90833333,1.00000000
d1,oos,50,100,rsi_down3+pullback_bull+atr_expand,26,0.96153846,0.60593570,1.58686552,0.81107221,-162.78076923,48.16538462,-210.61538462,1.00000000
d1,discovery,50,100,ema20_slope_down3+close_near_low+bb_expand,115,0.93043478,0.65308946,1.42466667,0.86871127,-178.94173913,82.71304348,-166.93391304,1.07826087
d1,validation,50,100,ema20_slope_down3+close_near_low+bb_expand,24,0.70833333,0.64774830,1.09353175,0.50832306,-200.92500000,180.15000000,-125.82916667,1.04166667
d1,oos,50,100,ema20_slope_down3+close_near_low+bb_expand,7,0.85714286,0.60593570,1.41457726,0.48687217,-164.55714286,96.64285714,-71.61428571,1.14285714
d1,discovery,50,100,ema20_slope_down3+mtf_adx_rising+atr_expand,128,0.92968750,0.65308946,1.42352245,0.87176520,-217.74687500,87.66093750,-181.51250000,1.03906250
d1,validation,50,100,ema20_slope_down3+mtf_adx_rising+atr_expand,31,0.87096774,0.64774830,1.34460829,0.71147594,-235.54838710,112.22580645,-223.04838710,1.00000000
d1,oos,50,100,ema20_slope_down3+mtf_adx_rising+atr_expand,31,0.83870968,0.60593570,1.38415624,0.67365646,-234.55161290,71.27741935,-215.50645161,1.00000000
d1,discovery,50,100,rsi_down3+atr_expand,195,0.92820513,0.65308946,1.42125266,0.88311034,-183.27794872,88.27846154,-165.50974359,1.02564103
d1,validation,50,100,rsi_down3+atr_expand,30,0.90000000,0.64774830,1.38942857,0.74378917,-240.28333333,111.51666667,-165.28666667,1.00000000
d1,oos,50,100,rsi_down3+atr_expand,47,0.91489362,0.60593570,1.50988566,0.80068462,-222.51489362,58.48936170,-211.30638298,1.00000000
d1,discovery,50,100,rsi_down3+structure_lh+atr_expand,167,0.92814371,0.65308946,1.42115862,0.87861297,-186.45568862,92.97185629,-175.13772455,1.01796407
d1,validation,50,100,rsi_down3+structure_lh+atr_expand,28,0.92857143,0.64774830,1.43353741,0.77354637,-253.00000000,111.86071429,-175.41428571,1.00000000
d1,oos,50,100,rsi_down3+structure_lh+atr_expand,35,0.88571429,0.60593570,1.46172983,0.74048531,-204.08571429,56.73142857,-218.69428571,1.00000000
d1,discovery,50,100,rsi_down3+strong_close_bear+volatility,152,0.92763158,0.65308946,1.42037445,0.87506813,-194.02631579,97.00986842,-151.85460526,1.09210526
d1,validation,50,100,rsi_down3+strong_close_bear+volatility,13,0.84615385,0.64774830,1.30630037,0.57765369,-204.90000000,131.87692308,-101.72307692,1.00000000
d1,oos,50,100,rsi_down3+strong_close_bear+volatility,22,0.86363636,0.60593570,1.42529375,0.66665013,-154.52727273,85.88181818,-90.31818182,1.00000000
d1,discovery,50,100,rsi_down3+close_near_low+bb_expand,82,0.92682927,0.65308946,1.41914597,0.84942156,-203.77439024,87.23536585,-201.72926829,1.02439024
d1,validation,50,100,rsi_down3+close_near_low+bb_expand,30,0.93333333,0.64774830,1.44088889,0.78676542,-169.38333333,90.57666667,-89.18666667,1.33333333
d1,oos,50,100,rsi_down3+close_near_low+bb_expand,15,0.86666667,0.60593570,1.43029478,0.62118017,-173.48000000,68.27333333,-106.48666667,1.13333333
d1,discovery,50,100,rsi_down3+false_break_up+close_near_low,41,0.92682927,0.65308946,1.41914597,0.80572551,-87.68292683,60.41463415,-76.34146341,1.04878049
d1,validation,50,100,rsi_down3+false_break_up+close_near_low,4,1.00000000,0.64774830,1.54380952,0.51010916,-125.92500000,35.90000000,-201.90000000,1.25000000
d1,oos,50,100,rsi_down3+false_break_up+close_near_low,4,1.00000000,0.60593570,1.65034014,0.51010916,-61.72500000,43.70000000,-51.90000000,1.25000000
d1,discovery,50,100,rsi_down3+ema20_slope_down3+atr_expand,109,0.92660550,0.65308946,1.41880334,0.86182225,-225.71926606,94.01926606,-206.33119266,1.02752294
d1,validation,50,100,rsi_down3+ema20_slope_down3+atr_expand,23,0.91304348,0.64774830,1.40956522,0.73204019,-263.30434783,122.55217391,-196.24347826,1.00000000
d1,oos,50,100,rsi_down3+ema20_slope_down3+atr_expand,30,0.86666667,0.60593570,1.43029478,0.70318673,-238.64000000,70.02666667,-220.30666667,1.00000000
d1,discovery,50,100,rsi_down3+false_break_up+mtf_trend_bull,40,0.92500000,0.65308946,1.41634502,0.80135766,-83.96500000,55.06000000,-83.15250000,1.05000000
d1,validation,50,100,rsi_down3+false_break_up+mtf_trend_bull,4,1.00000000,0.64774830,1.54380952,0.51010916,-125.92500000,35.90000000,-201.90000000,1.25000000
d1,oos,50,100,rsi_down3+false_break_up+mtf_trend_bull,7,1.00000000,0.60593570,1.65034014,0.64566956,-53.61428571,53.85714286,-29.78571429,1.57142857
d1,discovery,50,100,rsi_down3+ema20_slope_down3+close_near_low,213,0.92488263,0.65308946,1.41616531,0.88147474,-190.86854460,94.16291080,-142.52394366,1.07981221
d1,validation,50,100,rsi_down3+ema20_slope_down3+close_near_low,28,0.89285714,0.64774830,1.37840136,0.72804148,-184.22142857,126.30714286,-81.27857143,1.28571429
d1,oos,50,100,rsi_down3+ema20_slope_down3+close_near_low,19,0.94736842,0.60593570,1.56348013,0.75361269,-160.54736842,89.70526316,-66.53157895,1.00000000
d1,discovery,50,100,rsi_down3+close_near_low+volatility,182,0.92307692,0.65308946,1.41340044,0.87503514,-185.18131868,94.86703297,-140.16153846,1.09340659
d1,validation,50,100,rsi_down3+close_near_low+volatility,20,0.90000000,0.64774830,1.38942857,0.69896635,-189.26000000,110.24500000,-105.75000000,1.00000000
d1,oos,50,100,rsi_down3+close_near_low+volatility,27,0.88888889,0.60593570,1.46696901,0.71942199,-146.77407407,85.95185185,-79.79259259,1.00000000
d1,discovery,50,100,rsi_down3+price20_cross_down+close_near_low,194,0.92268041,0.65308946,1.41279331,0.87636056,-142.41907216,85.10360825,-73.66237113,1.08762887
d1,validation,50,100,rsi_down3+price20_cross_down+close_near_low,35,0.82857143,0.64774830,1.27915646,0.67317718,-183.56285714,122.48285714,-71.07714286,1.22857143
d1,oos,50,100,rsi_down3+price20_cross_down+close_near_low,32,0.96875000,0.60593570,1.59876701,0.84255736,-135.31250000,64.29062500,-78.98750000,1.31250000
d1,discovery,50,100,rsi_down3+price200_bull+atr_expand,103,0.92233010,0.65308946,1.41225691,0.85417100,-146.24077670,91.48058252,-123.87087379,1.03883495
d1,validation,50,100,rsi_down3+price200_bull+atr_expand,13,0.84615385,0.64774830,1.30630037,0.57765369,-189.56153846,93.93846154,-56.35384615,1.00000000
d1,oos,50,100,rsi_down3+price200_bull+atr_expand,36,0.97222222,0.60593570,1.60449735,0.85830281,-245.12777778,52.71111111,-213.36388889,1.00000000
d1,discovery,50,100,rsi_down3+mtf_trend_bull+atr_expand,77,0.92207792,0.65308946,1.41187078,0.84024384,-131.13636364,88.05324675,-108.82337662,1.01298701
d1,validation,50,100,rsi_down3+mtf_trend_bull+atr_expand,6,1.00000000,0.64774830,1.54380952,0.60966571,-177.06666667,59.38333333,-70.78333333,1.00000000
d1,oos,50,100,rsi_down3+mtf_trend_bull+atr_expand,5,1.00000000,0.60593570,1.65034014,0.56551754,-206.90000000,51.90000000,-174.68000000,1.00000000
d1,discovery,50,100,structure_lh+mtf_adx_rising+atr_expand,152,0.92105263,0.65308946,1.41030088,0.86708338,-186.26644737,82.53750000,-161.17828947,1.06578947
d1,validation,50,100,structure_lh+mtf_adx_rising+atr_expand,36,0.83333333,0.64774830,1.28650794,0.68109206,-221.08611111,107.04166667,-197.71111111,1.00000000
d1,oos,50,100,structure_lh+mtf_adx_rising+atr_expand,42,0.92857143,0.60593570,1.53245870,0.80990573,-166.03809524,38.42380952,-189.59285714,1.23809524
d1,discovery,50,100,rsi_down3+price200_bull+false_break_up,38,0.92105263,0.65308946,1.41030088,0.79200629,-87.11052632,57.61052632,-85.41315789,1.05263158
d1,validation,50,100,rsi_down3+price200_bull+false_break_up,4,1.00000000,0.64774830,1.54380952,0.51010916,-125.92500000,35.90000000,-201.90000000,1.25000000
d1,oos,50,100,rsi_down3+price200_bull+false_break_up,12,1.00000000,0.60593570,1.65034014,0.75750599,-135.87500000,53.28333333,-116.76666667,1.33333333
d1,discovery,50,100,macd_accel_down+price20_cross_down+strong_close_bear,389,0.92030848,0.65308946,1.40916145,0.88910478,-105.64575835,70.88637532,-76.09228792,1.12082262
d1,validation,50,100,macd_accel_down+price20_cross_down+strong_close_bear,49,0.77551020,0.64774830,1.19724004,0.64121213,-137.09795918,112.09387755,-82.48163265,1.06122449
d1,oos,50,100,macd_accel_down+price20_cross_down+strong_close_bear,29,0.96551724,0.60593570,1.59343186,0.82824478,-127.04137931,58.22413793,-73.13793103,1.17241379
d1,discovery,50,100,di_spread_down3+structure_lh+strong_close_bear,188,0.92021277,0.65308946,1.40901489,0.87254282,-195.34574468,89.17553191,-139.00904255,1.07446809
d1,validation,50,100,di_spread_down3+structure_lh+strong_close_bear,19,0.89473684,0.64774830,1.38130326,0.68605917,-188.80000000,114.97894737,-81.11052632,1.00000000
d1,oos,50,100,di_spread_down3+structure_lh+strong_close_bear,19,1.00000000,0.60593570,1.65034014,0.83182078,-167.21052632,66.86315789,-90.36315789,1.21052632
d1,discovery,50,100,rsi_down3+strong_close_bear+bb_expand,75,0.92000000,0.65308946,1.40868910,0.83625210,-215.70933333,90.42000000,-211.38133333,1.02666667
d1,validation,50,100,rsi_down3+strong_close_bear+bb_expand,13,0.84615385,0.64774830,1.30630037,0.57765369,-270.53846154,170.38461538,-85.72307692,1.00000000
d1,oos,50,100,rsi_down3+strong_close_bear+bb_expand,12,0.83333333,0.60593570,1.37528345,0.55196914,-173.46666667,69.05000000,-103.25833333,1.00000000
d1,discovery,50,100,close_near_low+mtf_trend_bull+atr_expand,62,0.91935484,0.65308946,1.40770124,0.82471429,-110.17741935,78.05806452,-64.04516129,1.08064516
d1,validation,50,100,close_near_low+mtf_trend_bull+atr_expand,7,1.00000000,0.64774830,1.54380952,0.64566956,-98.72857143,36.55714286,-48.34285714,1.00000000
d1,oos,50,100,close_near_low+mtf_trend_bull+atr_expand,0,,0.60593570,,,,,,
d1,discovery,50,100,macd_accel_down+price200_bull+atr_expand,145,0.91724138,0.65308946,1.40446515,0.86091929,-128.30620690,75.78482759,-102.87034483,1.02758621
d1,validation,50,100,macd_accel_down+price200_bull+atr_expand,23,0.91304348,0.64774830,1.40956522,0.73204019,-140.96956522,79.93913043,-99.62173913,1.00000000
d1,oos,50,100,macd_accel_down+price200_bull+atr_expand,38,0.94736842,0.60593570,1.56348013,0.82714538,-234.71315789,58.19736842,-205.69736842,1.00000000
d1,discovery,50,100,rsi_down3+price20_cross_down+mtf_trend_bull,107,0.91588785,0.65308946,1.40239265,0.84783060,-120.57102804,89.84392523,-52.05607477,1.27102804
d1,validation,50,100,rsi_down3+price20_cross_down+mtf_trend_bull,9,0.66666667,0.64774830,1.02920635,0.35420214,-132.48888889,137.02222222,-54.70000000,1.00000000
d1,oos,50,100,rsi_down3+price20_cross_down+mtf_trend_bull,16,0.93750000,0.60593570,1.54719388,0.71671262,-135.13750000,74.25000000,-86.54375000,1.43750000
d1,discovery,50,100,di_spread_down3+mtf_adx_rising+bb_expand,95,0.91578947,0.65308946,1.40224201,0.84254787,-253.72210526,109.60736842,-234.93578947,1.01052632
d1,validation,50,100,di_spread_down3+mtf_adx_rising+bb_expand,26,0.73076923,0.64774830,1.12816850,0.53916960,-120.53846154,120.79615385,-85.31923077,1.42307692
d1,oos,50,100,di_spread_down3+mtf_adx_rising+bb_expand,37,0.86486486,0.60593570,1.42732120,0.72022588,-188.54594595,58.68108108,-189.24864865,1.05405405
d1,discovery,50,100,di_spread_down3+strong_close_bear+mtf_adx_rising,177,0.91525424,0.65308946,1.40142247,0.86489504,-202.82881356,91.26497175,-139.10790960,1.08474576
d1,validation,50,100,di_spread_down3+strong_close_bear+mtf_adx_rising,20,0.95000000,0.64774830,1.46661905,0.76386881,-185.97000000,101.06500000,-92.86500000,1.05000000
d1,oos,50,100,di_spread_down3+strong_close_bear+mtf_adx_rising,17,1.00000000,0.60593570,1.65034014,0.81568186,-175.48823529,64.01176471,-97.08235294,1.23529412
d1,discovery,100,150,rsi_down3+range_compression+atr_expand,86,1.00000000,0.60984394,1.63976378,0.95724180,-270.71511628,92.65930233,-273.97325581,1.00000000
d1,validation,100,150,rsi_down3+range_compression+atr_expand,3,1.00000000,0.61695906,1.62085308,0.43850297,-180.90000000,62.83333333,-67.66666667,1.00000000
d1,oos,100,150,rsi_down3+range_compression+atr_expand,14,1.00000000,0.60666667,1.64835165,0.78468920,-242.45000000,76.71428571,-296.40000000,1.00000000
d1,discovery,100,150,price20_cross_down+mtf_adx_rising+volatility,66,1.00000000,0.60984394,1.63976378,0.94499744,-145.88787879,66.91818182,-90.13181818,1.07575758
d1,validation,100,150,price20_cross_down+mtf_adx_rising+volatility,25,1.00000000,0.61695906,1.62085308,0.86680775,-230.05600000,87.56000000,-104.27600000,1.04000000
d1,oos,100,150,price20_cross_down+mtf_adx_rising+volatility,14,1.00000000,0.60666667,1.64835165,0.78468920,-194.78571429,53.51428571,-285.82857143,1.00000000
d1,discovery,100,150,di_spread_down3+price20_cross_down+close_near_low,40,1.00000000,0.60984394,1.63976378,0.91237840,-175.52750000,94.91000000,-73.25500000,1.10000000
d1,validation,100,150,di_spread_down3+price20_cross_down+close_near_low,11,1.00000000,0.61695906,1.62085308,0.74116703,-277.99090909,106.23636364,-109.11818182,1.09090909
d1,oos,100,150,di_spread_down3+price20_cross_down+close_near_low,9,1.00000000,0.60666667,1.64835165,0.70085495,-147.17777778,39.31111111,-95.56666667,1.77777778
d1,discovery,100,150,close_near_low+mtf_adx_rising+atr_expand,35,1.00000000,0.60984394,1.63976378,0.90109901,-373.46285714,87.26857143,-408.27714286,1.05714286
d1,validation,100,150,close_near_low+mtf_adx_rising+atr_expand,24,1.00000000,0.61695906,1.62085308,0.86202380,-294.54166667,108.43750000,-114.47500000,1.04166667
d1,oos,100,150,close_near_low+mtf_adx_rising+atr_expand,7,1.00000000,0.60666667,1.64835165,0.64566956,-271.70000000,42.31428571,-152.48571429,1.00000000
d1,discovery,100,150,di_spread_down3+price20_cross_down+strong_close_bear,34,1.00000000,0.60984394,1.63976378,0.89848545,-163.89117647,94.15882353,-67.54705882,1.11764706
d1,validation,100,150,di_spread_down3+price20_cross_down+strong_close_bear,11,1.00000000,0.61695906,1.62085308,0.74116703,-277.99090909,106.23636364,-109.11818182,1.09090909
d1,oos,100,150,di_spread_down3+price20_cross_down+strong_close_bear,7,1.00000000,0.60666667,1.64835165,0.64566956,-135.94285714,20.17142857,-88.75714286,2.00000000
d1,discovery,100,150,strong_close_bear+mtf_adx_rising+atr_expand,33,1.00000000,0.60984394,1.63976378,0.89573000,-375.45757576,85.82424242,-426.29393939,1.06060606
d1,validation,100,150,strong_close_bear+mtf_adx_rising+atr_expand,15,1.00000000,0.61695906,1.62085308,0.79611670,-333.36666667,128.74000000,-118.36000000,1.06666667
d1,oos,100,150,strong_close_bear+mtf_adx_rising+atr_expand,6,1.00000000,0.60666667,1.64835165,0.60966571,-299.63333333,39.21666667,-177.53333333,1.00000000
d1,discovery,100,150,price20_cross_down+range_compression+atr_expand,32,1.00000000,0.60984394,1.63976378,0.89282080,-157.04062500,82.04687500,-69.63125000,1.03125000
d1,validation,100,150,price20_cross_down+range_compression+atr_expand,0,,0.61695906,,,,,,
d1,oos,100,150,price20_cross_down+range_compression+atr_expand,10,1.00000000,0.60666667,1.64835165,0.72246720,-287.04000000,68.60000000,-375.92000000,1.00000000
d1,discovery,100,150,rsi_down3+price20_cross_down+strong_close_bear,92,0.98913043,0.60984394,1.62194026,0.94097214,-156.89021739,94.16304348,-69.80000000,1.05434783
d1,validation,100,150,rsi_down3+price20_cross_down+strong_close_bear,29,0.93103448,0.61695906,1.50907011,0.78035420,-237.84827586,126.76206897,-73.60344828,1.03448276
d1,oos,100,150,rsi_down3+price20_cross_down+strong_close_bear,12,1.00000000,0.60666667,1.64835165,0.75750599,-143.38333333,47.19166667,-84.50000000,1.66666667
d1,discovery,100,150,rsi_down3+price20_cross_down+mtf_adx_rising,81,0.98765432,0.60984394,1.61951978,0.93333118,-158.38888889,83.48271605,-74.54938272,1.08641975
d1,validation,100,150,rsi_down3+price20_cross_down+mtf_adx_rising,39,0.94871795,0.61695906,1.53773241,0.83114360,-228.38205128,110.49743590,-86.00000000,1.02564103
d1,oos,100,150,rsi_down3+price20_cross_down+mtf_adx_rising,27,1.00000000,0.60666667,1.64835165,0.87544497,-197.58888889,57.00000000,-223.48148148,1.29629630
d1,discovery,100,150,rsi_down3+mtf_adx_rising+atr_expand,69,0.98550725,0.60984394,1.61599909,0.92236878,-311.80869565,91.77391304,-295.56666667,1.00000000
d1,validation,100,150,rsi_down3+mtf_adx_rising+atr_expand,30,0.96666667,0.61695906,1.56682464,0.83329609,-275.68000000,98.07333333,-173.73333333,1.03333333
d1,oos,100,150,rsi_down3+mtf_adx_rising+atr_expand,34,1.00000000,0.60666667,1.64835165,0.89848545,-265.09117647,57.44411765,-254.00588235,1.00000000
d1,discovery,100,150,price20_cross_down+range_compression+mtf_trend_bull,69,0.98550725,0.60984394,1.61599909,0.92236878,-137.64637681,93.86956522,-61.72753623,1.04347826
d1,validation,100,150,price20_cross_down+range_compression+mtf_trend_bull,18,0.88888889,0.61695906,1.44075829,0.67200235,-130.31666667,111.49444444,-41.82222222,1.00000000
d1,oos,100,150,price20_cross_down+range_compression+mtf_trend_bull,8,1.00000000,0.60666667,1.64835165,0.67559244,-127.83750000,82.05000000,-61.30000000,1.87500000
d1,discovery,100,150,di_spread_down3+mtf_adx_rising+atr_expand,59,0.98305085,0.60984394,1.61197117,0.91004274,-311.61694915,93.15423729,-272.73559322,1.00000000
d1,validation,100,150,di_spread_down3+mtf_adx_rising+atr_expand,12,0.91666667,0.61695906,1.48578199,0.64612009,-286.87500000,127.30000000,-112.37500000,1.08333333
d1,oos,100,150,di_spread_down3+mtf_adx_rising+atr_expand,32,1.00000000,0.60666667,1.64835165,0.89282080,-269.86250000,58.60625000,-262.35312500,1.00000000
d1,discovery,100,150,rsi_down3+strong_close_bear+atr_expand,51,0.98039216,0.60984394,1.60761155,0.89695431,-298.61764706,100.10000000,-301.10392157,1.00000000
d1,validation,100,150,rsi_down3+strong_close_bear+atr_expand,15,1.00000000,0.61695906,1.62085308,0.79611670,-339.86000000,123.35333333,-106.53333333,1.06666667
d1,oos,100,150,rsi_down3+strong_close_bear+atr_expand,6,1.00000000,0.60666667,1.64835165,0.60966571,-299.63333333,39.21666667,-177.53333333,1.00000000
d1,discovery,100,150,di_spread_down3+price20_cross_down+mtf_adx_rising,47,0.97872340,0.60984394,1.60487519,0.88887019,-164.67659574,98.37446809,-77.39148936,1.08510638
d1,validation,100,150,di_spread_down3+price20_cross_down+mtf_adx_rising,13,1.00000000,0.61695906,1.62085308,0.77190463,-250.19230769,90.20769231,-125.49230769,1.07692308
d1,oos,100,150,di_spread_down3+price20_cross_down+mtf_adx_rising,21,1.00000000,0.60666667,1.64835165,0.84536098,-212.46666667,50.14285714,-268.52857143,1.33333333
d1,discovery,100,150,macd_accel_down+mtf_adx_rising+atr_expand,91,0.97802198,0.60984394,1.60372502,0.92336835,-266.68791209,88.81208791,-247.09560440,1.03296703
d1,validation,100,150,macd_accel_down+mtf_adx_rising+atr_expand,32,0.96875000,0.61695906,1.57020142,0.84255736,-267.10625000,99.94687500,-183.28125000,1.03125000
d1,oos,100,150,macd_accel_down+mtf_adx_rising+atr_expand,42,1.00000000,0.60666667,1.64835165,0.91620121,-221.46666667,50.00714286,-214.54761905,1.11904762
d1,discovery,100,150,rsi_down3+ema20_slope_down3+atr_expand,43,0.97674419,0.60984394,1.60162974,0.87941007,-382.88604651,100.80697674,-413.76976744,1.00000000
d1,validation,100,150,rsi_down3+ema20_slope_down3+atr_expand,32,0.96875000,0.61695906,1.57020142,0.84255736,-262.79062500,90.38125000,-170.08125000,1.03125000
d1,oos,100,150,rsi_down3+ema20_slope_down3+atr_expand,15,1.00000000,0.60666667,1.64835165,0.79611670,-339.55333333,68.55333333,-248.10666667,1.00000000
d1,discovery,100,150,di_spread_down3+range_compression+atr_expand,80,0.97500000,0.60984394,1.59876969,0.91335567,-252.09250000,90.67125000,-243.37000000,1.00000000
d1,validation,100,150,di_spread_down3+range_compression+atr_expand,4,1.00000000,0.61695906,1.62085308,0.51010916,-196.42500000,117.67500000,-69.10000000,1.00000000
d1,oos,100,150,di_spread_down3+range_compression+atr_expand,14,1.00000000,0.60666667,1.64835165,0.78468920,-242.45000000,76.71428571,-296.40000000,1.00000000
d1,discovery,100,150,rsi_down3+mtf_adx_rising+bb_expand,40,0.97500000,0.60984394,1.59876969,0.87118631,-374.00000000,110.41250000,-356.23500000,1.00000000
d1,validation,100,150,rsi_down3+mtf_adx_rising+bb_expand,31,0.87096774,0.61695906,1.41171075,0.71147594,-247.64193548,136.91935484,-96.43225806,1.03225806
d1,oos,100,150,rsi_down3+mtf_adx_rising+bb_expand,31,1.00000000,0.60666667,1.64835165,0.88974460,-251.80645161,50.66774194,-246.89032258,1.16129032
d1,discovery,100,150,price20_cross_down+strong_close_bear+atr_expand,38,0.97368421,0.60984394,1.59661210,0.86505124,-141.74473684,89.86315789,-61.71842105,1.02631579
d1,validation,100,150,price20_cross_down+strong_close_bear+atr_expand,14,1.00000000,0.61695906,1.62085308,0.78468920,-339.03571429,127.92857143,-106.31428571,1.07142857
d1,oos,100,150,price20_cross_down+strong_close_bear+atr_expand,4,1.00000000,0.60666667,1.64835165,0.51010916,-169.97500000,10.00000000,-132.90000000,1.00000000
d1,discovery,100,150,ema20_slope_down3+mtf_adx_rising+bb_expand,38,0.97368421,0.60984394,1.59661210,0.86505124,-385.23947368,119.00526316,-356.77368421,1.02631579
d1,validation,100,150,ema20_slope_down3+mtf_adx_rising+bb_expand,34,0.85294118,0.61695906,1.38249233,0.69871944,-245.11176471,143.65000000,-107.41470588,1.05882353
d1,oos,100,150,ema20_slope_down3+mtf_adx_rising+bb_expand,20,0.95000000,0.60666667,1.56593407,0.76386881,-278.01500000,99.90000000,-170.62000000,1.10000000
d1,discovery,100,150,rsi_down3+price200_bull+atr_expand,74,0.97297297,0.60984394,1.59544584,0.90670707,-187.21216216,89.24189189,-150.18513514,1.00000000
d1,validation,100,150,rsi_down3+price200_bull+atr_expand,12,1.00000000,0.61695906,1.62085308,0.75750599,-212.50833333,78.71666667,-77.70833333,1.00000000
d1,oos,100,150,rsi_down3+price200_bull+atr_expand,30,1.00000000,0.60666667,1.64835165,0.88648661,-260.35000000,58.21000000,-245.56666667,1.00000000
d1,discovery,100,150,di_spread_down3+structure_lh+strong_close_bear,70,0.97142857,0.60984394,1.59291339,0.90167744,-267.35571429,91.91571429,-227.49571429,1.05714286
d1,validation,100,150,di_spread_down3+structure_lh+strong_close_bear,12,1.00000000,0.61695906,1.62085308,0.75750599,-295.86666667,119.12500000,-106.40833333,1.08333333
d1,oos,100,150,di_spread_down3+structure_lh+strong_close_bear,13,1.00000000,0.60666667,1.64835165,0.77190463,-173.86153846,42.30769231,-95.60769231,1.84615385
d1,discovery,100,150,rsi_down3+price20_cross_down+volatility,68,0.97058824,0.60984394,1.59153543,0.89895369,-156.80294118,90.52794118,-69.99705882,1.07352941
d1,validation,100,150,rsi_down3+price20_cross_down+volatility,25,1.00000000,0.61695906,1.62085308,0.86680775,-235.38400000,83.92400000,-99.94000000,1.04000000
d1,oos,100,150,rsi_down3+price20_cross_down+volatility,14,1.00000000,0.60666667,1.64835165,0.78468920,-198.87857143,54.35000000,-278.72857143,1.00000000
d1,discovery,100,150,di_spread_down3+price20_cross_down+mtf_trend_bull,33,0.96969697,0.60984394,1.59007397,0.84681275,-152.67272727,95.30303030,-62.74242424,1.03030303
d1,validation,100,150,di_spread_down3+price20_cross_down+mtf_trend_bull,3,1.00000000,0.61695906,1.62085308,0.43850297,-113.33333333,37.93333333,-75.66666667,1.00000000
d1,oos,100,150,di_spread_down3+price20_cross_down+mtf_trend_bull,5,1.00000000,0.60666667,1.64835165,0.56551754,-128.94000000,62.76000000,-65.70000000,2.40000000
d1,discovery,100,150,price20_cross_down+structure_lh+mtf_adx_rising,126,0.96825397,0.60984394,1.58770779,0.92121391,-144.01031746,77.86825397,-94.74761905,1.08730159
d1,validation,100,150,price20_cross_down+structure_lh+mtf_adx_rising,48,0.95833333,0.61695906,1.55331754,0.86024344,-210.09166667,98.23958333,-112.26875000,1.04166667
d1,oos,100,150,price20_cross_down+structure_lh+mtf_adx_rising,31,0.93548387,0.60666667,1.54200638,0.79281363,-145.11612903,61.38064516,-167.65161290,1.41935484
d1,discovery,100,150,macd_accel_down+strong_close_bear+atr_expand,91,0.96703297,0.60984394,1.58570563,0.90750693,-206.80109890,77.28351648,-202.32637363,1.04395604
d1,validation,100,150,macd_accel_down+strong_close_bear+atr_expand,27,0.92592593,0.61695906,1.50078989,0.76630407,-229.15925926,122.64074074,-85.55925926,1.03703704
d1,oos,100,150,macd_accel_down+strong_close_bear+atr_expand,6,1.00000000,0.60666667,1.64835165,0.60966571,-299.63333333,39.21666667,-177.53333333,1.00000000
d1,discovery,100,150,price20_cross_down+strong_close_bear+mtf_trend_bull,82,0.96341463,0.60984394,1.57977242,0.89787265,-147.17195122,104.49878049,-58.05000000,1.03658537
d1,validation,100,150,price20_cross_down+strong_close_bear+mtf_trend_bull,22,0.86363636,0.61695906,1.39982766,0.66665013,-138.55909091,115.50909091,-54.17727273,1.00000000
d1,oos,100,150,price20_cross_down+strong_close_bear+mtf_trend_bull,8,1.00000000,0.60666667,1.64835165,0.67559244,-124.10000000,74.37500000,-64.77500000,2.00000000
d1,discovery,100,150,ema20_slope_down3+mtf_adx_rising+atr_expand,49,0.95918367,0.60984394,1.57283465,0.86286968,-354.84489796,103.68775510,-369.28163265,1.04081633
d1,validation,100,150,ema20_slope_down3+mtf_adx_rising+atr_expand,30,0.96666667,0.61695906,1.56682464,0.83329609,-278.53666667,102.30333333,-192.38666667,1.03333333
d1,oos,100,150,ema20_slope_down3+mtf_adx_rising+atr_expand,15,1.00000000,0.60666667,1.64835165,0.79611670,-339.55333333,68.55333333,-248.10666667,1.00000000
d1,discovery,100,150,macd_accel_down+structure_lh+atr_expand,218,0.95871560,0.60984394,1.57206711,0.92341416,-175.73394495,78.10688073,-153.17568807,1.01834862
d1,validation,100,150,macd_accel_down+structure_lh+atr_expand,50,0.94000000,0.61695906,1.52360190,0.83782908,-215.86000000,101.57800000,-168.99800000,1.02000000
d1,oos,100,150,macd_accel_down+structure_lh+atr_expand,42,1.00000000,0.60666667,1.64835165,0.91620121,-193.59285714,42.32619048,-205.79523810,1.11904762
d1,discovery,100,150,macd_accel_down+ema20_slope_down3+atr_expand,72,0.95833333,0.60984394,1.57144029,0.88450723,-280.80138889,88.45277778,-285.73888889,1.02777778
d1,validation,100,150,macd_accel_down+ema20_slope_down3+atr_expand,39,0.92307692,0.61695906,1.49617207,0.79678929,-258.63333333,119.35128205,-205.43846154,1.02564103
d1,oos,100,150,macd_accel_down+ema20_slope_down3+atr_expand,15,1.00000000,0.60666667,1.64835165,0.79611670,-339.55333333,68.55333333,-248.10666667,1.00000000
d1,discovery,100,150,rsi_down3+mtf_adx_rising+volatility,117,0.95726496,0.60984394,1.56968840,0.90384753,-241.90341880,97.21794872,-213.18803419,1.07692308
d1,validation,100,150,rsi_down3+mtf_adx_rising+volatility,44,0.90909091,0.61695906,1.47350280,0.78840761,-216.30681818,101.97272727,-181.66818182,1.02272727
d1,oos,100,150,rsi_down3+mtf_adx_rising+volatility,27,1.00000000,0.60666667,1.64835165,0.87544497,-259.68518519,49.22962963,-274.34074074,1.00000000
d1,discovery,100,150,price20_cross_down+mtf_trend_bull+volatility,46,0.95652174,0.60984394,1.56846970,0.85467741,-144.26304348,113.78913043,-64.52391304,1.04347826
d1,validation,100,150,price20_cross_down+mtf_trend_bull+volatility,10,1.00000000,0.61695906,1.62085308,0.72246720,-135.15000000,55.59000000,-72.12000000,1.00000000
d1,oos,100,150,price20_cross_down+mtf_trend_bull+volatility,4,1.00000000,0.60666667,1.64835165,0.51010916,-113.35000000,105.52500000,-70.17500000,1.00000000
d1,discovery,100,150,di_spread_down3+structure_lh+close_near_low,82,0.95121951,0.60984394,1.55977530,0.88118538,-252.48780488,94.75243902,-209.70609756,1.04878049
d1,validation,100,150,di_spread_down3+structure_lh+close_near_low,15,1.00000000,0.61695906,1.62085308,0.79611670,-259.84666667,104.76666667,-95.30000000,1.06666667
d1,oos,100,150,di_spread_down3+structure_lh+close_near_low,15,1.00000000,0.60666667,1.64835165,0.79611670,-175.54666667,50.84000000,-98.78000000,1.73333333
d1,discovery,100,150,macd_accel_down+price20_cross_down+mtf_adx_rising,143,0.95104895,0.60984394,1.55949562,0.90240993,-143.73076923,80.31958042,-95.97972028,1.08391608
d1,validation,100,150,macd_accel_down+price20_cross_down+mtf_adx_rising,54,0.96296296,0.61695906,1.56082148,0.87464823,-203.69814815,100.83333333,-117.08333333,1.03703704
d1,oos,100,150,macd_accel_down+price20_cross_down+mtf_adx_rising,35,0.94285714,0.60666667,1.55416013,0.81392943,-169.13428571,62.64571429,-182.41714286,1.37142857
d1,discovery,100,150,price20_cross_down+strong_close_bear+mtf_adx_rising,101,0.95049505,0.60984394,1.55858735,0.88930575,-144.01089109,83.22376238,-90.08316832,1.09900990
d1,validation,100,150,price20_cross_down+strong_close_bear+mtf_adx_rising,39,0.94871795,0.61695906,1.53773241,0.83114360,-204.66410256,117.07692308,-84.89743590,1.05128205
d1,oos,100,150,price20_cross_down+strong_close_bear+mtf_adx_rising,13,1.00000000,0.60666667,1.64835165,0.77190463,-139.96923077,45.98461538,-80.89230769,1.61538462
d1,discovery,100,150,rsi_down3+structure_lh+atr_expand,119,0.94957983,0.60984394,1.55708661,0.89435175,-246.46974790,100.41008403,-222.94117647,1.00000000
d1,validation,100,150,rsi_down3+structure_lh+atr_expand,35,0.97142857,0.61695906,1.57454299,0.85466913,-252.98285714,87.53142857,-163.41714286,1.02857143
d1,oos,100,150,rsi_down3+structure_lh+atr_expand,30,1.00000000,0.60666667,1.64835165,0.88648661,-258.11000000,53.89666667,-266.92666667,1.00000000
d1,discovery,100,150,structure_lh+strong_close_bear+atr_expand,96,0.94791667,0.60984394,1.55435942,0.88381522,-206.04270833,80.31041667,-195.38020833,1.07291667
d1,validation,100,150,structure_lh+strong_close_bear+atr_expand,27,0.92592593,0.61695906,1.50078989,0.76630407,-229.15925926,122.64074074,-85.55925926,1.03703704
d1,oos,100,150,structure_lh+strong_close_bear+atr_expand,23,0.56521739,0.60666667,0.93167702,0.36811375,-118.34347826,125.92173913,-58.10434783,1.00000000
d1,discovery,100,150,price20_cross_down+di_spread_down3,56,0.94642857,0.60984394,1.55191929,0.85392691,-165.31250000,98.89821429,-78.30892857,1.07142857
d1,validation,100,150,price20_cross_down+di_spread_down3,14,1.00000000,0.61695906,1.62085308,0.78468920,-241.32142857,85.70714286,-130.77142857,1.07142857
d1,oos,100,150,price20_cross_down+di_spread_down3,21,1.00000000,0.60666667,1.64835165,0.84536098,-212.46666667,50.14285714,-268.52857143,1.33333333
d1,discovery,100,150,di_spread_down3+price20_cross_down,56,0.94642857,0.60984394,1.55191929,0.85392691,-165.31250000,98.89821429,-78.30892857,1.07142857
d1,validation,100,150,di_spread_down3+price20_cross_down,14,1.00000000,0.61695906,1.62085308,0.78468920,-241.32142857,85.70714286,-130.77142857,1.07142857
d1,oos,100,150,di_spread_down3+price20_cross_down,21,1.00000000,0.60666667,1.64835165,0.84536098,-212.46666667,50.14285714,-268.52857143,1.33333333
d1,discovery,100,150,rsi_down3+price20_cross_down+range_compression,93,0.94623656,0.60984394,1.55160444,0.88025161,-159.00215054,100.65483871,-66.75268817,1.05376344
d1,validation,100,150,rsi_down3+price20_cross_down+range_compression,17,0.88235294,0.61695906,1.43016448,0.65663649,-139.40000000,107.98823529,-68.83529412,1.00000000
d1,oos,100,150,rsi_down3+price20_cross_down+range_compression,22,1.00000000,0.60666667,1.64835165,0.85134513,-200.40909091,63.40454545,-246.83181818,1.31818182
d1,discovery,100,150,di_spread_down3+structure_lh+mtf_adx_rising,130,0.94615385,0.60984394,1.55146881,0.89302203,-229.83846154,96.86538462,-184.94923077,1.03076923
d1,validation,100,150,di_spread_down3+structure_lh+mtf_adx_rising,24,0.79166667,0.61695906,1.28317536,0.59529547,-198.52500000,135.14583333,-116.75833333,1.04166667
d1,oos,100,150,di_spread_down3+structure_lh+mtf_adx_rising,38,1.00000000,0.60666667,1.64835165,0.90819013,-221.30000000,56.94210526,-221.45000000,1.18421053
d1,discovery,100,150,price20_cross_down+mtf_adx_rising,146,0.94520548,0.60984394,1.54991371,0.89560733,-141.34041096,80.11438356,-95.04520548,1.08219178
d1,validation,100,150,price20_cross_down+mtf_adx_rising,55,0.96363636,0.61695906,1.56191297,0.87676536,-200.72363636,100.28909091,-116.43454545,1.03636364
d1,oos,100,150,price20_cross_down+mtf_adx_rising,41,0.95121951,0.60666667,1.56794425,0.83861021,-149.22439024,56.28536585,-178.55853659,1.31707317
d1,discovery,100,150,di_spread_down3+price20_cross_down+range_compression,54,0.94444444,0.60984394,1.54866579,0.84892786,-162.86666667,98.07222222,-77.70555556,1.07407407
d1,validation,100,150,di_spread_down3+price20_cross_down+range_compression,5,1.00000000,0.61695906,1.62085308,0.56551754,-111.74000000,12.90000000,-150.22000000,1.00000000
d1,oos,100,150,di_spread_down3+price20_cross_down+range_compression,17,1.00000000,0.60666667,1.64835165,0.81568186,-222.46470588,59.58823529,-300.44117647,1.41176471
d1,discovery,100,150,rsi_down3+structure_lh+bb_expand,71,0.94366197,0.60984394,1.54738272,0.86390394,-256.20140845,96.34507042,-268.67183099,1.00000000
d1,validation,100,150,rsi_down3+structure_lh+bb_expand,40,0.87500000,0.61695906,1.41824645,0.73887880,-226.38750000,127.63750000,-95.93500000,1.02500000
d1,oos,100,150,rsi_down3+structure_lh+bb_expand,31,1.00000000,0.60666667,1.64835165,0.88974460,-225.47419355,49.17741935,-235.60967742,1.12903226
d1,discovery,100,150,price20_cross_down+pullback_bull+mtf_adx_rising,141,0.94326241,0.60984394,1.54672754,0.89203968,-139.02482270,78.47163121,-95.27234043,1.05673759
d1,validation,100,150,price20_cross_down+pullback_bull+mtf_adx_rising,33,0.93939394,0.61695906,1.52261956,0.80393755,-135.71515152,93.80909091,-125.06363636,1.03030303
d1,oos,100,150,price20_cross_down+pullback_bull+mtf_adx_rising,38,0.94736842,0.60666667,1.56159630,0.82714538,-134.40000000,53.30000000,-180.78947368,1.34210526
d1,discovery,100,150,rsi_down3+atr_expand,123,0.94308943,0.60984394,1.54644389,0.88717846,-244.12276423,100.55447154,-222.75284553,1.00000000
d1,validation,100,150,rsi_down3+atr_expand,35,0.97142857,0.61695906,1.57454299,0.85466913,-252.98285714,87.53142857,-163.41714286,1.02857143
d1,oos,100,150,rsi_down3+atr_expand,34,1.00000000,0.60666667,1.64835165,0.89848545,-265.09117647,57.44411765,-254.00588235,1.00000000
d1,discovery,100,150,di_spread_down3+price20_cross_down+structure_lh,52,0.94230769,0.60984394,1.54516202,0.84357489,-160.20000000,94.48269231,-76.07115385,1.07692308
d1,validation,100,150,di_spread_down3+price20_cross_down+structure_lh,13,1.00000000,0.61695906,1.62085308,0.77190463,-252.04615385,86.10000000,-132.64615385,1.07692308
d1,oos,100,150,di_spread_down3+price20_cross_down+structure_lh,15,1.00000000,0.60666667,1.64835165,0.79611670,-195.01333333,46.90666667,-266.06000000,1.46666667
d1,discovery,100,150,rsi_down3+ema20_slope_down3+strong_close_bear,52,0.94230769,0.60984394,1.54516202,0.84357489,-329.90192308,107.30576923,-320.64038462,1.05769231
d1,validation,100,150,rsi_down3+ema20_slope_down3+strong_close_bear,19,0.89473684,0.61695906,1.45023697,0.68605917,-301.07894737,145.33157895,-107.65263158,1.05263158
d1,oos,100,150,rsi_down3+ema20_slope_down3+strong_close_bear,3,1.00000000,0.60666667,1.64835165,0.43850297,-413.73333333,68.70000000,-205.53333333,1.00000000
d1,discovery,100,150,ema20_slope_down3+close_near_low+atr_expand,52,0.94230769,0.60984394,1.54516202,0.84357489,-270.80769231,79.03269231,-294.42115385,1.09615385
d1,validation,100,150,ema20_slope_down3+close_near_low+atr_expand,27,0.92592593,0.61695906,1.50078989,0.76630407,-286.69629630,136.58148148,-108.80370370,1.03703704
d1,oos,100,150,ema20_slope_down3+close_near_low+atr_expand,2,1.00000000,0.60666667,1.64835165,0.34238023,-558.95000000,97.65000000,-266.80000000,1.00000000
d1,discovery,100,150,di_spread_down3+price20_cross_down+pullback_bull,51,0.94117647,0.60984394,1.54330709,0.84075374,-160.17647059,95.37058824,-75.54901961,1.07843137
d1,validation,100,150,di_spread_down3+price20_cross_down+pullback_bull,6,1.00000000,0.61695906,1.62085308,0.60966571,-110.10000000,24.18333333,-142.91666667,1.00000000
d1,oos,100,150,di_spread_down3+price20_cross_down+pullback_bull,18,1.00000000,0.60666667,1.64835165,0.82412078,-191.71111111,42.81666667,-288.23333333,1.38888889
d1,discovery,100,150,di_spread_down3+mtf_trend_bull+atr_expand,51,0.94117647,0.60984394,1.54330709,0.84075374,-161.09607843,94.31568627,-135.53137255,1.00000000
d1,validation,100,150,di_spread_down3+mtf_trend_bull+atr_expand,2,1.00000000,0.61695906,1.62085308,0.34238023,-95.65000000,64.60000000,-46.70000000,1.00000000
d1,oos,100,150,di_spread_down3+mtf_trend_bull+atr_expand,6,1.00000000,0.60666667,1.64835165,0.60966571,-167.16666667,67.23333333,-138.96666667,1.00000000
d1,discovery,100,150,pullback_bull+mtf_adx_rising+atr_expand,64,0.93750000,0.60984394,1.53727854,0.85002515,-163.19375000,78.10312500,-95.35156250,1.04687500
d1,validation,100,150,pullback_bull+mtf_adx_rising+atr_expand,14,0.57142857,0.61695906,0.92620176,0.32590645,-117.86428571,79.08571429,-254.33571429,1.00000000
d1,oos,100,150,pullback_bull+mtf_adx_rising+atr_expand,31,1.00000000,0.60666667,1.64835165,0.88974460,-158.67096774,41.75806452,-209.98064516,1.16129032
d1,discovery,100,150,rsi_down3+structure_lh+mtf_adx_rising,191,0.93717277,0.60984394,1.53674197,0.89340875,-213.50628272,92.78848168,-168.89319372,1.03664921
d1,validation,100,150,rsi_down3+structure_lh+mtf_adx_rising,65,0.90769231,0.61695906,1.47123587,0.81287999,-210.71230769,110.10461538,-152.80461538,1.01538462
d1,oos,100,150,rsi_down3+structure_lh+mtf_adx_rising,50,0.96000000,0.60666667,1.58241758,0.86539909,-199.23600000,60.99000000,-193.47200000,1.18000000
d1,discovery,100,150,di_spread_down3+structure_lh+atr_expand,94,0.93617021,0.60984394,1.53509801,0.86767026,-253.37340426,112.05851064,-233.24468085,1.00000000
d1,validation,100,150,di_spread_down3+structure_lh+atr_expand,17,0.94117647,0.61695906,1.52550878,0.73017969,-236.21764706,111.11764706,-102.70000000,1.05882353
d1,oos,100,150,di_spread_down3+structure_lh+atr_expand,28,1.00000000,0.60666667,1.64835165,0.87935670,-263.06428571,54.97142857,-277.38928571,1.00000000
d1,discovery,100,150,di_spread_down3+price20_cross_down+volatility,31,0.93548387,0.60984394,1.53397257,0.79281363,-164.39354839,105.63548387,-58.84516129,1.09677419
d1,validation,100,150,di_spread_down3+price20_cross_down+volatility,10,1.00000000,0.61695906,1.62085308,0.72246720,-295.60000000,108.80000000,-109.39000000,1.10000000
d1,oos,100,150,di_spread_down3+price20_cross_down+volatility,10,1.00000000,0.60666667,1.64835165,0.72246720,-228.05000000,38.98000000,-366.24000000,1.00000000
d1,discovery,100,150,rsi_down3+close_near_low+volatility,108,0.93518519,0.60984394,1.53348279,0.87222364,-216.62037037,94.42870370,-178.17037037,1.05555556
d1,validation,100,150,rsi_down3+close_near_low+volatility,30,0.93333333,0.61695906,1.51279621,0.78676542,-230.82000000,98.72000000,-101.62666667,1.03333333
d1,oos,100,150,rsi_down3+close_near_low+volatility,12,1.00000000,0.60666667,1.64835165,0.75750599,-194.30000000,60.02500000,-113.25000000,1.33333333
d1,discovery,100,150,macd_accel_down+ema20_slope_down3+bb_expand,46,0.93478261,0.60984394,1.53282266,0.82497259,-343.57391304,123.81739130,-322.31739130,1.02173913
d1,validation,100,150,macd_accel_down+ema20_slope_down3+bb_expand,41,0.75609756,0.61695906,1.22552306,0.60656664,-238.05365854,175.40731707,-110.40243902,1.04878049
d1,oos,100,150,macd_accel_down+ema20_slope_down3+bb_expand,19,0.94736842,0.60666667,1.56159630,0.75361269,-280.33684211,93.07368421,-186.06842105,1.00000000
d1,discovery,100,150,structure_lh+close_near_low+atr_expand,137,0.93430657,0.60984394,1.53204207,0.87986500,-177.82992701,70.90072993,-158.30291971,1.05839416
d1,validation,100,150,structure_lh+close_near_low+atr_expand,36,0.94444444,0.61695906,1.53080569,0.81855343,-229.32777778,110.63055556,-91.16944444,1.02777778
d1,oos,100,150,structure_lh+close_near_low+atr_expand,24,0.58333333,0.60666667,0.96153846,0.38834666,-117.75000000,123.21250000,-55.77500000,1.00000000
d1,discovery,100,150,price20_cross_down+close_near_low+mtf_adx_rising,105,0.93333333,0.60984394,1.53044619,0.86874435,-146.63904762,84.80761905,-91.71238095,1.09523810
d1,validation,100,150,price20_cross_down+close_near_low+mtf_adx_rising,51,0.96078431,0.61695906,1.55729021,0.86783694,-209.50000000,104.07450980,-109.79215686,1.03921569
d1,oos,100,150,price20_cross_down+close_near_low+mtf_adx_rising,16,1.00000000,0.60666667,1.64835165,0.80639232,-143.54375000,54.45625000,-80.78750000,1.50000000
d1,discovery,100,150,rsi_down3+price20_cross_down+close_near_low,104,0.93269231,0.60984394,1.52939506,0.86754213,-160.57403846,103.75384615,-69.03269231,1.04807692
d1,validation,100,150,rsi_down3+price20_cross_down+close_near_low,39,0.94871795,0.61695906,1.53773241,0.83114360,-231.99487179,114.72051282,-80.28461538,1.02564103
d1,oos,100,150,rsi_down3+price20_cross_down+close_near_low,15,1.00000000,0.60666667,1.64835165,0.79611670,-146.51333333,55.98666667,-83.66666667,1.53333333
d1,discovery,100,150,rsi_down3+ema20_slope_down3+close_near_low,59,0.93220339,0.60984394,1.52859335,0.83824476,-309.07627119,107.11864407,-294.20847458,1.05084746
d1,validation,100,150,rsi_down3+ema20_slope_down3+close_near_low,28,0.92857143,0.61695906,1.50507786,0.77354637,-278.17857143,122.59642857,-107.76428571,1.03571429
d1,oos,100,150,rsi_down3+ema20_slope_down3+close_near_low,3,1.00000000,0.60666667,1.64835165,0.43850297,-413.73333333,68.70000000,-205.53333333,1.00000000
d1,discovery,100,150,rsi_down3+ema20_slope_down3+mtf_adx_rising,87,0.93103448,0.60984394,1.52667662,0.85760306,-295.80574713,114.01379310,-261.00344828,1.04597701
d1,validation,100,150,rsi_down3+ema20_slope_down3+mtf_adx_rising,45,0.88888889,0.61695906,1.44075829,0.76500903,-245.53777778,115.37777778,-199.12888889,1.02222222
d1,oos,100,150,rsi_down3+ema20_slope_down3+mtf_adx_rising,16,1.00000000,0.60666667,1.64835165,0.80639232,-326.03750000,64.94375000,-237.78750000,1.00000000
d1,discovery,100,150,di_spread_down3+price200_bull+atr_expand,58,0.93103448,0.60984394,1.52667662,0.83566334,-199.17931034,94.35000000,-171.97586207,1.00000000
d1,validation,100,150,di_spread_down3+price200_bull+atr_expand,6,1.00000000,0.61695906,1.62085308,0.60966571,-86.91666667,34.73333333,-69.56666667,1.00000000
d1,oos,100,150,di_spread_down3+price200_bull+atr_expand,28,1.00000000,0.60666667,1.64835165,0.87935670,-265.46428571,59.59285714,-254.50357143,1.00000000
d1,discovery,100,150,di_spread_down3+structure_lh+mtf_trend_bull,128,0.92968750,0.60984394,1.52446789,0.87176520,-129.45625000,97.76015625,-110.56406250,1.01562500
d1,validation,100,150,di_spread_down3+structure_lh+mtf_trend_bull,16,0.87500000,0.61695906,1.41824645,0.63977173,-84.60625000,52.46250000,-75.18125000,1.00000000
d1,oos,100,150,di_spread_down3+structure_lh+mtf_trend_bull,23,0.91304348,0.60666667,1.50501672,0.73204019,-100.11304348,70.63043478,-71.43478261,1.52173913
d1,discovery,100,150,di_spread_down3+atr_expand,98,0.92857143,0.60984394,1.52263780,0.85983989,-250.14591837,111.76428571,-232.58775510,1.00000000
d1,validation,100,150,di_spread_down3+atr_expand,17,0.94117647,0.61695906,1.52550878,0.73017969,-236.21764706,111.11764706,-102.70000000,1.05882353
d1,oos,100,150,di_spread_down3+atr_expand,32,1.00000000,0.60666667,1.64835165,0.89282080,-269.86250000,58.60625000,-262.35312500,1.00000000
d1,discovery,100,150,rsi_down3+price20_cross_down+mtf_trend_bull,84,0.92857143,0.60984394,1.52263780,0.85280433,-145.05357143,102.99047619,-50.49523810,1.04761905
d1,validation,100,150,rsi_down3+price20_cross_down+mtf_trend_bull,17,0.88235294,0.61695906,1.43016448,0.65663649,-146.27058824,120.81764706,-50.25294118,1.00000000
d1,oos,100,150,rsi_down3+price20_cross_down+mtf_trend_bull,10,1.00000000,0.60666667,1.64835165,0.72246720,-139.45000000,78.90000000,-64.04000000,1.80000000
d1,discovery,100,150,di_spread_down3+price200_bull+strong_close_bear,42,0.92857143,0.60984394,1.52263780,0.80990573,-188.25000000,104.84285714,-117.77857143,1.02380952
d1,validation,100,150,di_spread_down3+price200_bull+strong_close_bear,6,1.00000000,0.61695906,1.62085308,0.60966571,-138.76666667,20.06666667,-182.50000000,1.16666667
d1,oos,100,150,di_spread_down3+price200_bull+strong_close_bear,13,1.00000000,0.60666667,1.64835165,0.77190463,-90.40769231,24.61538462,-59.70000000,2.23076923
d1,discovery,100,150,price20_cross_down+mtf_trend_bull,111,0.92792793,0.60984394,1.52158261,0.86419747,-135.17567568,100.79909910,-60.75945946,1.04504505
d1,validation,100,150,price20_cross_down+mtf_trend_bull,24,0.87500000,0.61695906,1.41824645,0.68996119,-132.17916667,113.29166667,-51.79166667,1.00000000
d1,oos,100,150,price20_cross_down+mtf_trend_bull,13,1.00000000,0.60666667,1.64835165,0.77190463,-123.75384615,74.70000000,-58.84615385,1.61538462
d1,discovery,100,150,strong_close_bear+atr_expand,111,0.92792793,0.60984394,1.52158261,0.86419747,-186.56126126,78.05315315,-175.36666667,1.07207207
d1,validation,100,150,strong_close_bear+atr_expand,27,0.92592593,0.61695906,1.50078989,0.76630407,-229.15925926,122.64074074,-85.55925926,1.03703704
d1,oos,100,150,strong_close_bear+atr_expand,23,0.56521739,0.60666667,0.93167702,0.36811375,-118.34347826,125.92173913,-58.10434783,1.00000000
d1,discovery,100,150,price20_cross_down+range_compression+mtf_adx_rising,111,0.92792793,0.60984394,1.52158261,0.86419747,-143.11171171,82.34594595,-87.96846847,1.05405405
d1,validation,100,150,price20_cross_down+range_compression+mtf_adx_rising,28,0.92857143,0.61695906,1.50507786,0.77354637,-133.84642857,99.56785714,-91.53928571,1.03571429
d1,oos,100,150,price20_cross_down+range_compression+mtf_adx_rising,31,0.93548387,0.60666667,1.54200638,0.79281363,-153.26451613,60.87419355,-206.17096774,1.32258065
d1,discovery,100,150,strong_close_bear+mtf_trend_bull+atr_expand,69,0.92753623,0.60984394,1.52094032,0.84132606,-115.19565217,71.79710145,-77.72608696,1.04347826
d1,validation,100,150,strong_close_bear+mtf_trend_bull+atr_expand,9,1.00000000,0.61695906,1.62085308,0.70085495,-57.22222222,32.77777778,-38.26666667,1.00000000
d1,oos,100,150,strong_close_bear+mtf_trend_bull+atr_expand,0,,0.60666667,,,,,,
d1,discovery,100,150,macd_accel_down+price20_cross_down+mtf_trend_bull,110,0.92727273,0.60984394,1.52050823,0.86302015,-135.91000000,101.42636364,-60.82727273,1.04545455
d1,validation,100,150,macd_accel_down+price20_cross_down+mtf_trend_bull,24,0.87500000,0.61695906,1.41824645,0.68996119,-132.17916667,113.29166667,-51.79166667,1.00000000
d1,oos,100,150,macd_accel_down+price20_cross_down+mtf_trend_bull,13,1.00000000,0.60666667,1.64835165,0.77190463,-123.75384615,74.70000000,-58.84615385,1.61538462
d1,discovery,100,150,di_spread_down3+structure_lh+bb_expand,55,0.92727273,0.60984394,1.52050823,0.82740060,-290.26181818,126.12000000,-324.45818182,1.00000000
d1,validation,100,150,di_spread_down3+structure_lh+bb_expand,20,0.80000000,0.61695906,1.29668246,0.58398257,-213.45000000,154.20000000,-101.77000000,1.05000000
d1,oos,100,150,di_spread_down3+structure_lh+bb_expand,31,1.00000000,0.60666667,1.64835165,0.88974460,-225.66774194,49.66451613,-241.88064516,1.12903226
d1,discovery,100,150,macd_accel_down+price20_cross_down+atr_expand,68,0.92647059,0.60984394,1.51919291,0.83914812,-144.90882353,92.25000000,-67.89411765,1.01470588
d1,validation,100,150,macd_accel_down+price20_cross_down+atr_expand,24,1.00000000,0.61695906,1.62085308,0.86202380,-288.98333333,108.14583333,-114.68333333,1.04166667
d1,oos,100,150,macd_accel_down+price20_cross_down+atr_expand,15,1.00000000,0.60666667,1.64835165,0.79611670,-243.62666667,52.46000000,-286.20000000,1.00000000
d1,discovery,100,150,rsi_down3+strong_close_bear+volatility,94,0.92553191,0.60984394,1.51765371,0.85418788,-228.37234043,99.33297872,-192.13297872,1.06382979
d1,validation,100,150,rsi_down3+strong_close_bear+volatility,19,0.89473684,0.61695906,1.45023697,0.68605917,-237.82631579,113.12631579,-98.75789474,1.05263158
d1,oos,100,150,rsi_down3+strong_close_bear+volatility,12,1.00000000,0.60666667,1.64835165,0.75750599,-194.30000000,60.02500000,-113.25000000,1.33333333
d1,discovery,100,150,di_spread_down3+ema20_slope_down3+strong_close_bear,40,0.92500000,0.60984394,1.51678150,0.80135766,-345.16750000,108.69750000,-322.74250000,1.07500000
d1,validation,100,150,di_spread_down3+ema20_slope_down3+strong_close_bear,10,1.00000000,0.61695906,1.62085308,0.72246720,-331.23000000,139.63000000,-115.63000000,1.10000000
d1,oos,100,150,di_spread_down3+ema20_slope_down3+strong_close_bear,2,1.00000000,0.60666667,1.64835165,0.34238023,-558.95000000,97.65000000,-266.80000000,1.00000000
d1,discovery,100,150,ema20_slope_down3+strong_close_bear+atr_expand,40,0.92500000,0.60984394,1.51678150,0.80135766,-316.12250000,89.75250000,-351.68500000,1.12500000
d1,validation,100,150,ema20_slope_down3+strong_close_bear+atr_expand,18,0.88888889,0.61695906,1.44075829,0.67200235,-315.12777778,167.57222222,-109.20555556,1.05555556
d1,oos,100,150,ema20_slope_down3+strong_close_bear+atr_expand,2,1.00000000,0.60666667,1.64835165,0.34238023,-558.95000000,97.65000000,-266.80000000,1.00000000
d1,discovery,100,150,macd_accel_down+price200_bull+atr_expand,146,0.92465753,0.60984394,1.51621993,0.87012965,-135.62808219,71.39863014,-106.99794521,1.05479452
d1,validation,100,150,macd_accel_down+price200_bull+atr_expand,22,1.00000000,0.61695906,1.62085308,0.85134513,-160.90454545,73.57272727,-128.15909091,1.00000000
d1,oos,100,150,macd_accel_down+price200_bull+atr_expand,44,0.95454545,0.60666667,1.57342657,0.84865002,-188.82954545,54.48863636,-185.88181818,1.11363636
d1,discovery,100,150,macd_accel_down+ema20_slope_down3+strong_close_bear,159,0.92452830,0.60984394,1.51600802,0.87272466,-197.99937107,96.70377358,-168.25220126,1.03773585
d1,validation,100,150,macd_accel_down+ema20_slope_down3+strong_close_bear,33,0.81818182,0.61695906,1.32615252,0.65611768,-240.91818182,161.33030303,-114.52121212,1.09090909
d1,oos,100,150,macd_accel_down+ema20_slope_down3+strong_close_bear,5,0.80000000,0.60666667,1.31868132,0.37553463,-281.08000000,86.58000000,-153.30000000,1.20000000
d1,discovery,100,150,macd_accel_down+price20_cross_down+volatility,159,0.92452830,0.60984394,1.51600802,0.87272466,-134.99559748,91.35597484,-78.74905660,1.06289308
d1,validation,100,150,macd_accel_down+price20_cross_down+volatility,30,0.96666667,0.61695906,1.56682464,0.83329609,-218.04333333,93.07666667,-101.32000000,1.03333333
d1,oos,100,150,macd_accel_down+price20_cross_down+volatility,20,0.90000000,0.60666667,1.48351648,0.69896635,-157.80500000,67.74500000,-213.38500000,1.00000000
d1,discovery,150,200,rsi_down3+price200_bull+atr_expand,51,1.00000000,0.59323281,1.68567886,0.92995338,-231.32352941,99.34313725,-169.37647059,1.00000000
d1,validation,150,200,rsi_down3+price200_bull+atr_expand,14,1.00000000,0.61645963,1.62216625,0.78468920,-184.75000000,45.90000000,-143.45714286,1.00000000
d1,oos,150,200,rsi_down3+price200_bull+atr_expand,16,1.00000000,0.60453401,1.65416667,0.80639232,-239.43125000,59.53750000,-246.81875000,1.00000000
d1,discovery,150,200,rsi_down3+range_compression+atr_expand,48,1.00000000,0.59323281,1.68567886,0.92589987,-294.28333333,97.44375000,-257.23750000,1.00000000
d1,validation,150,200,rsi_down3+range_compression+atr_expand,3,1.00000000,0.61645963,1.62216625,0.43850297,-270.73333333,60.26666667,-97.13333333,1.00000000
d1,oos,150,200,rsi_down3+range_compression+atr_expand,7,1.00000000,0.60453401,1.65416667,0.64566956,-205.45714286,77.34285714,-274.50000000,1.00000000
d1,discovery,150,200,price20_cross_down+strong_close_bear+mtf_trend_bull,46,1.00000000,0.59323281,1.68567886,0.92292644,-174.56521739,96.41956522,-69.20434783,1.02173913
d1,validation,150,200,price20_cross_down+strong_close_bear+mtf_trend_bull,19,0.89473684,0.61645963,1.45141191,0.68605917,-190.60526316,87.05263158,-117.31052632,1.00000000
d1,oos,150,200,price20_cross_down+strong_close_bear+mtf_trend_bull,7,0.71428571,0.60453401,1.18154762,0.35893445,-181.35714286,162.38571429,-111.14285714,1.00000000
d1,discovery,150,200,rsi_down3+price20_cross_down+volatility,37,1.00000000,0.59323281,1.68567886,0.90594217,-210.50540541,69.02972973,-131.89189189,1.00000000
d1,validation,150,200,rsi_down3+price20_cross_down+volatility,13,1.00000000,0.61645963,1.62216625,0.77190463,-200.14615385,57.76923077,-150.13076923,1.00000000
d1,oos,150,200,rsi_down3+price20_cross_down+volatility,7,0.71428571,0.60453401,1.18154762,0.35893445,-232.31428571,162.12857143,-312.82857143,1.00000000
d1,discovery,150,200,rsi_down3+strong_close_bear+atr_expand,33,1.00000000,0.59323281,1.68567886,0.89573000,-305.38181818,104.72424242,-246.00000000,1.00000000
d1,validation,150,200,rsi_down3+strong_close_bear+atr_expand,12,1.00000000,0.61645963,1.62216625,0.75750599,-241.93333333,52.90000000,-163.61666667,1.00000000
d1,oos,150,200,rsi_down3+strong_close_bear+atr_expand,1,1.00000000,0.60453401,1.65416667,0.20654931,-473.70000000,111.70000000,-275.00000000,1.00000000
d1,discovery,150,200,structure_lh+strong_close_bear+atr_expand,78,0.98717949,0.59323281,1.66406759,0.93089143,-183.08205128,72.25512821,-166.21794872,1.00000000
d1,validation,150,200,structure_lh+strong_close_bear+atr_expand,15,0.93333333,0.61645963,1.51402183,0.70183470,-230.66666667,96.69333333,-161.31333333,1.00000000
d1,oos,150,200,structure_lh+strong_close_bear+atr_expand,7,0.71428571,0.60453401,1.18154762,0.35893445,-126.91428571,108.95714286,-61.37142857,1.00000000
d1,discovery,150,200,di_spread_down3+mtf_trend_bull+atr_expand,42,0.97619048,0.59323281,1.64554365,0.87678798,-210.16666667,109.99285714,-155.46428571,1.00000000
d1,validation,150,200,di_spread_down3+mtf_trend_bull+atr_expand,1,1.00000000,0.61645963,1.62216625,0.20654931,-107.00000000,64.60000000,-46.70000000,1.00000000
d1,oos,150,200,di_spread_down3+mtf_trend_bull+atr_expand,5,1.00000000,0.60453401,1.65416667,0.56551754,-172.26000000,57.56000000,-129.84000000,1.00000000
d1,discovery,150,200,macd_accel_down+mtf_adx_rising+atr_expand,39,0.97435897,0.59323281,1.64245632,0.86819010,-287.67179487,92.33333333,-252.25128205,1.00000000
d1,validation,150,200,macd_accel_down+mtf_adx_rising+atr_expand,12,1.00000000,0.61645963,1.62216625,0.75750599,-230.40833333,67.37500000,-211.25833333,1.08333333
d1,oos,150,200,macd_accel_down+mtf_adx_rising+atr_expand,15,1.00000000,0.60453401,1.65416667,0.79611670,-268.52666667,51.78666667,-269.52000000,1.00000000
d1,discovery,150,200,di_spread_down3+structure_lh+strong_close_bear,35,0.97142857,0.59323281,1.63751661,0.85466913,-283.92000000,98.60857143,-209.96571429,1.00000000
d1,validation,150,200,di_spread_down3+structure_lh+strong_close_bear,4,1.00000000,0.61645963,1.62216625,0.51010916,-249.40000000,231.95000000,-56.47500000,1.00000000
d1,oos,150,200,di_spread_down3+structure_lh+strong_close_bear,3,1.00000000,0.60453401,1.65416667,0.43850297,-198.10000000,79.43333333,-103.56666667,1.33333333
d1,discovery,150,200,ema20_slope_down3+strong_close_bear+mtf_adx_rising,34,0.97058824,0.59323281,1.63610007,0.85084427,-310.44705882,89.88235294,-266.98235294,1.00000000
d1,validation,150,200,ema20_slope_down3+strong_close_bear+mtf_adx_rising,6,0.83333333,0.61645963,1.35180521,0.43649718,-249.45000000,168.43333333,-112.08333333,1.00000000
d1,oos,150,200,ema20_slope_down3+strong_close_bear+mtf_adx_rising,2,1.00000000,0.60453401,1.65416667,0.34238023,-295.95000000,61.25000000,-179.00000000,1.00000000
d1,discovery,150,200,price20_cross_down+mtf_adx_rising+volatility,32,0.96875000,0.59323281,1.63300139,0.84255736,-217.26250000,72.71250000,-164.63750000,1.00000000
d1,validation,150,200,price20_cross_down+mtf_adx_rising+volatility,7,1.00000000,0.61645963,1.62216625,0.64566956,-165.47142857,94.97142857,-129.27142857,1.00000000
d1,oos,150,200,price20_cross_down+mtf_adx_rising+volatility,8,0.75000000,0.60453401,1.24062500,0.40927543,-213.38750000,148.27500000,-274.08750000,1.00000000
d1,discovery,150,200,macd_accel_down+ema20_slope_down3+mtf_adx_rising,62,0.96774194,0.59323281,1.63130212,0.88979530,-258.53387097,107.24354839,-204.03064516,1.00000000
d1,validation,150,200,macd_accel_down+ema20_slope_down3+mtf_adx_rising,26,0.92307692,0.61645963,1.49738423,0.75858446,-221.80769231,100.47307692,-232.89230769,1.07692308
d1,oos,150,200,macd_accel_down+ema20_slope_down3+mtf_adx_rising,8,1.00000000,0.60453401,1.65416667,0.67559244,-294.47500000,101.46250000,-164.43750000,1.00000000
d1,discovery,150,200,rsi_down3+mtf_adx_rising+atr_expand,31,0.96774194,0.59323281,1.63130212,0.83805895,-320.26774194,87.73870968,-296.25806452,1.00000000
d1,validation,150,200,rsi_down3+mtf_adx_rising+atr_expand,6,1.00000000,0.61645963,1.62216625,0.60966571,-276.73333333,67.75000000,-184.28333333,1.00000000
d1,oos,150,200,rsi_down3+mtf_adx_rising+atr_expand,14,1.00000000,0.60453401,1.65416667,0.78468920,-284.07857143,54.17142857,-285.40714286,1.00000000
d1,discovery,150,200,macd_accel_down+ema20_slope_down3+strong_close_bear,56,0.96428571,0.59323281,1.62547604,0.87881220,-251.59107143,105.80535714,-191.12857143,1.00000000
d1,validation,150,200,macd_accel_down+ema20_slope_down3+strong_close_bear,11,0.54545455,0.61645963,0.88481795,0.28009154,-248.54545455,232.72727273,-131.07272727,1.00000000
d1,oos,150,200,macd_accel_down+ema20_slope_down3+strong_close_bear,2,1.00000000,0.60453401,1.65416667,0.34238023,-295.95000000,61.25000000,-179.00000000,1.00000000
d1,discovery,150,200,macd_accel_down+structure_lh+atr_expand,135,0.96296296,0.59323281,1.62324631,0.91622937,-182.68222222,87.89407407,-142.50518519,1.00000000
d1,validation,150,200,macd_accel_down+structure_lh+atr_expand,31,0.96774194,0.61645963,1.56983830,0.83805895,-201.67419355,74.06774194,-198.40967742,1.03225806
d1,oos,150,200,macd_accel_down+structure_lh+atr_expand,26,1.00000000,0.60453401,1.65416667,0.87127108,-172.63076923,39.20000000,-181.06538462,1.00000000
d1,discovery,150,200,macd_accel_down+strong_close_bear+atr_expand,79,0.96202532,0.59323281,1.62166574,0.89419937,-179.61265823,76.52531646,-157.26329114,1.03797468
d1,validation,150,200,macd_accel_down+strong_close_bear+atr_expand,16,0.93750000,0.61645963,1.52078086,0.71671262,-237.82500000,95.10000000,-155.96875000,1.00000000
d1,oos,150,200,macd_accel_down+strong_close_bear+atr_expand,1,1.00000000,0.60453401,1.65416667,0.20654931,-473.70000000,111.70000000,-275.00000000,1.00000000
d1,discovery,150,200,di_spread_down3+range_compression+atr_expand,50,0.96000000,0.59323281,1.61825170,0.86539909,-271.45000000,107.56200000,-227.30000000,1.00000000
d1,validation,150,200,di_spread_down3+range_compression+atr_expand,2,1.00000000,0.61645963,1.62216625,0.34238023,-200.00000000,173.40000000,-60.05000000,1.00000000
d1,oos,150,200,di_spread_down3+range_compression+atr_expand,7,1.00000000,0.60453401,1.65416667,0.64566956,-205.45714286,77.34285714,-274.50000000,1.00000000
d1,discovery,150,200,macd_accel_down+price200_bull+atr_expand,123,0.95934959,0.59323281,1.61715533,0.90836227,-159.03983740,82.23008130,-115.45691057,1.01626016
d1,validation,150,200,macd_accel_down+price200_bull+atr_expand,22,1.00000000,0.61645963,1.62216625,0.85134513,-178.76363636,58.25454545,-174.37272727,1.00000000
d1,oos,150,200,macd_accel_down+price200_bull+atr_expand,28,0.92857143,0.60453401,1.53601190,0.77354637,-158.81785714,53.28571429,-169.97142857,1.00000000
d1,discovery,150,200,price20_cross_down+mtf_trend_bull,67,0.95522388,0.59323281,1.61020070,0.87642167,-165.14029851,91.33283582,-71.16268657,1.01492537
d1,validation,150,200,price20_cross_down+mtf_trend_bull,19,0.89473684,0.61645963,1.45141191,0.68605917,-190.60526316,87.05263158,-117.31052632,1.00000000
d1,oos,150,200,price20_cross_down+mtf_trend_bull,10,0.80000000,0.60453401,1.32333333,0.49016247,-169.30000000,127.72000000,-101.97000000,1.20000000
d1,discovery,150,200,rsi_down3+structure_lh+mtf_adx_rising,89,0.95505618,0.59323281,1.60991801,0.89006954,-221.86179775,75.71011236,-169.33595506,1.00000000
d1,validation,150,200,rsi_down3+structure_lh+mtf_adx_rising,37,0.91891892,0.61645963,1.49063925,0.78699321,-179.15405405,103.02702703,-146.05675676,1.02702703
d1,oos,150,200,rsi_down3+structure_lh+mtf_adx_rising,32,0.87500000,0.60453401,1.44739583,0.71931695,-198.20937500,91.70000000,-163.55937500,1.06250000
d1,discovery,150,200,macd_accel_down+price20_cross_down+mtf_trend_bull,66,0.95454545,0.59323281,1.60905709,0.87466686,-166.70606061,92.51969697,-69.17878788,1.01515152
d1,validation,150,200,macd_accel_down+price20_cross_down+mtf_trend_bull,19,0.89473684,0.61645963,1.45141191,0.68605917,-190.60526316,87.05263158,-117.31052632,1.00000000
d1,oos,150,200,macd_accel_down+price20_cross_down+mtf_trend_bull,10,0.80000000,0.60453401,1.32333333,0.49016247,-169.30000000,127.72000000,-101.97000000,1.20000000
d1,discovery,150,200,rsi_down3+structure_lh+atr_expand,65,0.95384615,0.59323281,1.60787830,0.87286153,-260.79076923,107.74769231,-223.30923077,1.00000000
d1,validation,150,200,rsi_down3+structure_lh+atr_expand,17,1.00000000,0.61645963,1.62216625,0.81568186,-201.57058824,45.55882353,-172.07647059,1.00000000
d1,oos,150,200,rsi_down3+structure_lh+atr_expand,16,1.00000000,0.60453401,1.65416667,0.80639232,-248.03750000,60.63750000,-254.61250000,1.00000000
d1,discovery,150,200,rsi_down3+price200_bull+mtf_adx_rising,64,0.95312500,0.59323281,1.60666266,0.87100346,-190.81562500,86.75468750,-100.68750000,1.01562500
d1,validation,150,200,rsi_down3+price200_bull+mtf_adx_rising,28,0.92857143,0.61645963,1.50629723,0.77354637,-137.50714286,83.93214286,-78.15000000,1.03571429
d1,oos,150,200,rsi_down3+price200_bull+mtf_adx_rising,31,0.87096774,0.60453401,1.44072581,0.71147594,-194.15161290,85.16451613,-167.10967742,1.19354839
d1,discovery,150,200,price20_cross_down+pullback_bull+mtf_trend_bull,63,0.95238095,0.59323281,1.60540844,0.86909032,-167.98253968,93.04285714,-70.43650794,1.01587302
d1,validation,150,200,price20_cross_down+pullback_bull+mtf_trend_bull,19,0.89473684,0.61645963,1.45141191,0.68605917,-190.60526316,87.05263158,-117.31052632,1.00000000
d1,oos,150,200,price20_cross_down+pullback_bull+mtf_trend_bull,10,0.80000000,0.60453401,1.32333333,0.49016247,-169.30000000,127.72000000,-101.97000000,1.20000000
d1,discovery,150,200,price20_cross_down+close_near_low+mtf_adx_rising,62,0.95161290,0.59323281,1.60411375,0.86711962,-180.43387097,72.58387097,-124.62903226,1.06451613
d1,validation,150,200,price20_cross_down+close_near_low+mtf_adx_rising,14,0.85714286,0.61645963,1.39042821,0.60058621,-209.72857143,136.07142857,-93.22142857,1.00000000
d1,oos,150,200,price20_cross_down+close_near_low+mtf_adx_rising,10,0.80000000,0.60453401,1.32333333,0.49016247,-173.03000000,123.67000000,-109.98000000,1.20000000
d1,discovery,150,200,di_spread_down3+price200_bull+atr_expand,41,0.95121951,0.59323281,1.60345062,0.83861021,-239.88780488,116.66341463,-181.42682927,1.00000000
d1,validation,150,200,di_spread_down3+price200_bull+atr_expand,5,0.80000000,0.61645963,1.29773300,0.37553463,-75.98000000,35.70000000,-116.10000000,1.00000000
d1,oos,150,200,di_spread_down3+price200_bull+atr_expand,12,1.00000000,0.60453401,1.65416667,0.75750599,-253.78333333,64.30833333,-259.40000000,1.00000000
d1,discovery,150,200,di_spread_down3+structure_lh+close_near_low,41,0.95121951,0.59323281,1.60345062,0.83861021,-258.50000000,99.74878049,-186.96585366,1.00000000
d1,validation,150,200,di_spread_down3+structure_lh+close_near_low,10,1.00000000,0.61645963,1.62216625,0.72246720,-188.22000000,129.14000000,-47.01000000,1.00000000
d1,oos,150,200,di_spread_down3+structure_lh+close_near_low,5,1.00000000,0.60453401,1.65416667,0.56551754,-187.38000000,65.50000000,-109.90000000,1.60000000
d1,discovery,150,200,rsi_down3+price20_cross_down+strong_close_bear,60,0.95000000,0.59323281,1.60139492,0.86299484,-196.05833333,88.51500000,-96.87666667,1.01666667
d1,validation,150,200,rsi_down3+price20_cross_down+strong_close_bear,19,0.89473684,0.61645963,1.45141191,0.68605917,-212.56842105,106.63157895,-111.88421053,1.00000000
d1,oos,150,200,rsi_down3+price20_cross_down+strong_close_bear,8,0.75000000,0.60453401,1.24062500,0.40927543,-173.46250000,143.43750000,-107.62500000,1.00000000
d1,discovery,150,200,rsi_down3+structure_lh+bb_expand,59,0.94915254,0.59323281,1.59996637,0.86083498,-189.08813559,70.78644068,-196.41355932,1.06779661
d1,validation,150,200,rsi_down3+structure_lh+bb_expand,28,0.85714286,0.61645963,1.39042821,0.68510198,-163.08571429,77.68928571,-116.79285714,1.00000000
d1,oos,150,200,rsi_down3+structure_lh+bb_expand,17,0.94117647,0.60453401,1.55686275,0.73017969,-207.99411765,73.17647059,-198.37058824,1.17647059
d1,discovery,150,200,structure_lh+close_near_low+atr_expand,97,0.94845361,0.59323281,1.59878820,0.88495645,-173.05979381,75.03092784,-142.54536082,1.00000000
d1,validation,150,200,structure_lh+close_near_low+atr_expand,16,0.93750000,0.61645963,1.52078086,0.71671262,-230.33125000,95.31250000,-157.98125000,1.00000000
d1,oos,150,200,structure_lh+close_near_low+atr_expand,7,0.71428571,0.60453401,1.18154762,0.35893445,-126.91428571,108.95714286,-61.37142857,1.00000000
d1,discovery,150,200,price20_cross_down+structure_lh+mtf_trend_bull,58,0.94827586,0.59323281,1.59848857,0.85860599,-170.37586207,98.00344828,-65.39655172,1.00000000
d1,validation,150,200,price20_cross_down+structure_lh+mtf_trend_bull,17,0.88235294,0.61645963,1.43132316,0.65663649,-186.45882353,90.14117647,-122.99411765,1.00000000
d1,oos,150,200,price20_cross_down+structure_lh+mtf_trend_bull,10,0.80000000,0.60453401,1.32333333,0.49016247,-169.30000000,127.72000000,-101.97000000,1.20000000
d1,discovery,150,200,price20_cross_down+close_near_low+mtf_trend_bull,58,0.94827586,0.59323281,1.59848857,0.85860599,-172.05517241,100.48620690,-60.99655172,1.01724138
d1,validation,150,200,price20_cross_down+close_near_low+mtf_trend_bull,19,0.89473684,0.61645963,1.45141191,0.68605917,-190.60526316,87.05263158,-117.31052632,1.00000000
d1,oos,150,200,price20_cross_down+close_near_low+mtf_trend_bull,9,0.77777778,0.60453401,1.28657407,0.45258897,-179.12222222,136.21111111,-112.97777778,1.22222222
d1,discovery,150,200,price20_cross_down+mtf_adx_rising,76,0.94736842,0.59323281,1.59695892,0.87234327,-174.93947368,75.48815789,-124.27236842,1.05263158
d1,validation,150,200,price20_cross_down+mtf_adx_rising,19,0.89473684,0.61645963,1.45141191,0.68605917,-195.83157895,125.25263158,-132.96315789,1.00000000
d1,oos,150,200,price20_cross_down+mtf_adx_rising,17,0.88235294,0.60453401,1.45955882,0.65663649,-180.56470588,95.09411765,-192.89411765,1.11764706
d1,discovery,150,200,macd_accel_down+price20_cross_down+mtf_adx_rising,75,0.94666667,0.59323281,1.59577599,0.87074013,-176.44800000,76.32133333,-123.23466667,1.05333333
d1,validation,150,200,macd_accel_down+price20_cross_down+mtf_adx_rising,19,0.89473684,0.61645963,1.45141191,0.68605917,-195.83157895,125.25263158,-132.96315789,1.00000000
d1,oos,150,200,macd_accel_down+price20_cross_down+mtf_adx_rising,15,0.86666667,0.60453401,1.43361111,0.62118017,-194.47333333,103.80000000,-187.89333333,1.13333333
d1,discovery,150,200,rsi_down3+mtf_trend_bull+atr_expand,56,0.94642857,0.59323281,1.59537463,0.85392691,-210.91964286,115.83035714,-140.71428571,1.00000000
d1,validation,150,200,rsi_down3+mtf_trend_bull+atr_expand,11,1.00000000,0.61645963,1.62216625,0.74116703,-207.47272727,46.87272727,-161.35454545,1.00000000
d1,oos,150,200,rsi_down3+mtf_trend_bull+atr_expand,9,1.00000000,0.60453401,1.65416667,0.70085495,-182.97777778,52.07777778,-165.05555556,1.00000000
d1,discovery,150,200,rsi_down3+atr_expand,73,0.94520548,0.59323281,1.59331289,0.86741002,-259.48630137,111.75890411,-212.57671233,1.00000000
d1,validation,150,200,rsi_down3+atr_expand,18,1.00000000,0.61645963,1.62216625,0.82412078,-209.55000000,46.98333333,-166.72777778,1.00000000
d1,oos,150,200,rsi_down3+atr_expand,17,1.00000000,0.60453401,1.65416667,0.81568186,-253.21176471,62.60588235,-248.47647059,1.00000000
d1,discovery,150,200,price20_cross_down+strong_close_bear+mtf_adx_rising,54,0.94444444,0.59323281,1.59203003,0.84892786,-182.93888889,67.47962963,-128.99074074,1.07407407
d1,validation,150,200,price20_cross_down+strong_close_bear+mtf_adx_rising,12,0.83333333,0.61645963,1.35180521,0.55196914,-203.65000000,151.56666667,-54.58333333,1.00000000
d1,oos,150,200,price20_cross_down+strong_close_bear+mtf_adx_rising,8,0.75000000,0.60453401,1.24062500,0.40927543,-173.46250000,143.43750000,-107.62500000,1.00000000
d1,discovery,150,200,rsi_down3+strong_close_bear+bb_expand,36,0.94444444,0.59323281,1.59203003,0.81855343,-229.58611111,74.17222222,-212.00000000,1.00000000
d1,validation,150,200,rsi_down3+strong_close_bear+bb_expand,18,0.94444444,0.61645963,1.53204590,0.74242699,-204.81111111,75.84444444,-130.03333333,1.00000000
d1,oos,150,200,rsi_down3+strong_close_bear+bb_expand,6,0.83333333,0.60453401,1.37847222,0.43649718,-131.96666667,91.31666667,-66.61666667,1.83333333
d1,discovery,150,200,rsi_down3+price20_cross_down+mtf_adx_rising,53,0.94339623,0.59323281,1.59026307,0.84629792,-190.73207547,65.70000000,-112.54528302,1.01886792
d1,validation,150,200,rsi_down3+price20_cross_down+mtf_adx_rising,13,0.84615385,0.61645963,1.37260221,0.57765369,-217.86923077,146.30769231,-92.07692308,1.00000000
d1,oos,150,200,rsi_down3+price20_cross_down+mtf_adx_rising,14,0.85714286,0.60453401,1.41785714,0.60058621,-202.58571429,107.55000000,-201.10714286,1.14285714
d1,discovery,150,200,macd_accel_down+mtf_trend_bull+atr_expand,137,0.94160584,0.59323281,1.58724506,0.88900516,-144.86569343,84.42335766,-99.43503650,1.03649635
d1,validation,150,200,macd_accel_down+mtf_trend_bull+atr_expand,16,1.00000000,0.61645963,1.62216625,0.80639232,-173.63750000,41.95000000,-127.86250000,1.00000000
d1,oos,150,200,macd_accel_down+mtf_trend_bull+atr_expand,21,0.90476190,0.60453401,1.49662698,0.71085861,-107.75238095,48.00476190,-109.31428571,1.00000000
d1,discovery,150,200,di_spread_down3+range_compression+strong_close_bear,34,0.94117647,0.59323281,1.58652128,0.80906393,-264.37941176,96.01764706,-201.21764706,1.00000000
d1,validation,150,200,di_spread_down3+range_compression+strong_close_bear,9,1.00000000,0.61645963,1.62216625,0.70085495,-181.27777778,120.05555556,-116.38888889,1.00000000
d1,oos,150,200,di_spread_down3+range_compression+strong_close_bear,3,1.00000000,0.60453401,1.65416667,0.43850297,-34.06666667,31.46666667,-20.40000000,2.66666667
d1,discovery,150,200,price20_cross_down+pullback_bull+mtf_adx_rising,67,0.94029851,0.59323281,1.58504132,0.85630499,-167.24626866,76.67164179,-129.71641791,1.01492537
d1,validation,150,200,price20_cross_down+pullback_bull+mtf_adx_rising,17,0.88235294,0.61645963,1.43132316,0.65663649,-183.97058824,127.43529412,-138.35294118,1.00000000
d1,oos,150,200,price20_cross_down+pullback_bull+mtf_adx_rising,16,0.87500000,0.60453401,1.44739583,0.63977173,-170.85000000,95.15625000,-195.55625000,1.12500000
d1,discovery,150,200,macd_accel_down+atr_expand,167,0.94011976,0.59323281,1.58474001,0.89329445,-171.69461078,88.86766467,-130.30958084,1.02994012
d1,validation,150,200,macd_accel_down+atr_expand,33,0.96969697,0.61645963,1.57300969,0.84681275,-203.90909091,75.54848485,-191.45151515,1.03030303
d1,oos,150,200,macd_accel_down+atr_expand,29,0.93103448,0.60453401,1.54008621,0.78035420,-169.67586207,55.30000000,-173.59310345,1.00000000
d1,discovery,150,200,rsi_down3+price20_cross_down+mtf_trend_bull,50,0.94000000,0.59323281,1.58453813,0.83782908,-179.29000000,100.70600000,-71.84800000,1.02000000
d1,validation,150,200,rsi_down3+price20_cross_down+mtf_trend_bull,16,0.87500000,0.61645963,1.41939547,0.63977173,-201.78750000,88.72500000,-124.91875000,1.00000000
d1,oos,150,200,rsi_down3+price20_cross_down+mtf_trend_bull,9,0.77777778,0.60453401,1.28657407,0.45258897,-179.12222222,136.21111111,-112.97777778,1.22222222
d1,discovery,150,200,di_spread_down3+price200_bull+close_near_low,33,0.93939394,0.59323281,1.58351650,0.80393755,-206.78787879,112.71515152,-71.45454545,1.00000000
d1,validation,150,200,di_spread_down3+price200_bull+close_near_low,10,1.00000000,0.61645963,1.62216625,0.72246720,-162.75000000,61.09000000,-106.67000000,1.00000000
d1,oos,150,200,di_spread_down3+price200_bull+close_near_low,6,1.00000000,0.60453401,1.65416667,0.60966571,-86.40000000,44.26666667,-51.21666667,2.16666667
d1,discovery,150,200,strong_close_bear+atr_expand,98,0.93877551,0.59323281,1.58247403,0.87280913,-156.15408163,70.98775510,-140.56428571,1.03061224
d1,validation,150,200,strong_close_bear+atr_expand,16,0.93750000,0.61645963,1.52078086,0.71671262,-237.82500000,95.10000000,-155.96875000,1.00000000
d1,oos,150,200,strong_close_bear+atr_expand,7,0.71428571,0.60453401,1.18154762,0.35893445,-126.91428571,108.95714286,-61.37142857,1.00000000
d1,discovery,150,200,macd_accel_down+ema20_slope_down3+close_near_low,65,0.93846154,0.59323281,1.58194478,0.85217848,-230.81076923,110.23846154,-179.76923077,1.00000000
d1,validation,150,200,macd_accel_down+ema20_slope_down3+close_near_low,13,0.61538462,0.61645963,0.99825615,0.35522892,-242.60769231,202.83076923,-143.89230769,1.00000000
d1,oos,150,200,macd_accel_down+ema20_slope_down3+close_near_low,2,1.00000000,0.60453401,1.65416667,0.34238023,-295.95000000,61.25000000,-179.00000000,1.00000000
d1,discovery,150,200,price20_cross_down+structure_lh+mtf_adx_rising,64,0.93750000,0.59323281,1.58032393,0.85002515,-180.07187500,72.54687500,-127.76875000,1.04687500
d1,validation,150,200,price20_cross_down+structure_lh+mtf_adx_rising,16,0.87500000,0.61645963,1.41939547,0.63977173,-197.48750000,134.25625000,-133.55625000,1.00000000
d1,oos,150,200,price20_cross_down+structure_lh+mtf_adx_rising,16,0.87500000,0.60453401,1.44739583,0.63977173,-170.85000000,95.15625000,-195.55625000,1.12500000
d1,discovery,150,200,macd_accel_down+range_compression+atr_expand,91,0.93406593,0.59323281,1.57453520,0.86353534,-199.23076923,96.00219780,-147.69780220,1.02197802
d1,validation,150,200,macd_accel_down+range_compression+atr_expand,12,1.00000000,0.61645963,1.62216625,0.75750599,-183.06666667,53.22500000,-110.05833333,1.08333333
d1,oos,150,200,macd_accel_down+range_compression+atr_expand,19,0.89473684,0.60453401,1.48004386,0.68605917,-108.11578947,56.88421053,-143.76842105,1.00000000
d1,discovery,150,200,ema20_slope_down3+structure_lh+strong_close_bear,91,0.93406593,0.59323281,1.57453520,0.86353534,-191.42417582,85.27912088,-211.17362637,1.01098901
d1,validation,150,200,ema20_slope_down3+structure_lh+strong_close_bear,10,0.70000000,0.61645963,1.13551637,0.39677815,-255.68000000,209.95000000,-152.73000000,1.00000000
d1,oos,150,200,ema20_slope_down3+structure_lh+strong_close_bear,3,1.00000000,0.60453401,1.65416667,0.43850297,-221.46666667,50.03333333,-173.93333333,1.00000000
d1,discovery,150,200,rsi_down3+price20_cross_down+range_compression,45,0.93333333,0.59323281,1.57330027,0.82143398,-193.98666667,78.38666667,-115.60000000,1.02222222
d1,validation,150,200,rsi_down3+price20_cross_down+range_compression,11,0.81818182,0.61645963,1.32722693,0.52301944,-203.54545455,153.50909091,-92.97272727,1.00000000
d1,oos,150,200,rsi_down3+price20_cross_down+range_compression,11,0.81818182,0.60453401,1.35340909,0.52301944,-220.27272727,120.81818182,-241.99090909,1.18181818
d1,discovery,150,200,rsi_down3+structure_lh+volatility,118,0.93220339,0.59323281,1.57139555,0.87190464,-208.20508475,101.84406780,-168.16694915,1.01694915
d1,validation,150,200,rsi_down3+structure_lh+volatility,45,0.91111111,0.61645963,1.47797369,0.79266425,-170.52000000,78.15777778,-145.96666667,1.02222222
d1,oos,150,200,rsi_down3+structure_lh+volatility,25,0.88000000,0.60453401,1.45566667,0.70044206,-197.85600000,94.92400000,-175.64400000,1.04000000
d1,discovery,150,200,di_spread_down3+range_compression+close_near_low,44,0.93181818,0.59323281,1.57074621,0.81774956,-246.41818182,102.22272727,-168.60681818,1.00000000
d1,validation,150,200,di_spread_down3+range_compression+close_near_low,15,1.00000000,0.61645963,1.62216625,0.79611670,-167.74000000,96.27333333,-86.11333333,1.00000000
d1,oos,150,200,di_spread_down3+range_compression+close_near_low,5,1.00000000,0.60453401,1.65416667,0.56551754,-88.96000000,36.72000000,-60.00000000,2.40000000
d1,discovery,150,200,rsi_down3+price200_bull+volatility,85,0.92941176,0.59323281,1.56668976,0.85443941,-185.97647059,99.85764706,-130.41294118,1.00000000
d1,validation,150,200,rsi_down3+price200_bull+volatility,39,0.94871795,0.61645963,1.53897823,0.83114360,-135.85897436,68.24358974,-84.49230769,1.02564103
d1,oos,150,200,rsi_down3+price200_bull+volatility,21,0.85714286,0.60453401,1.41785714,0.65363940,-201.48571429,92.13809524,-197.83333333,1.04761905
d1,discovery,150,200,strong_close_bear+mtf_trend_bull+atr_expand,83,0.92771084,0.59323281,1.56382256,0.85113214,-115.33253012,68.40843373,-88.37590361,1.03614458
d1,validation,150,200,strong_close_bear+mtf_trend_bull+atr_expand,11,1.00000000,0.61645963,1.62216625,0.74116703,-202.96363636,43.87272727,-158.93636364,1.00000000
d1,oos,150,200,strong_close_bear+mtf_trend_bull+atr_expand,0,,0.60453401,,,,,,
d1,discovery,150,200,price200_bull+strong_close_bear+atr_expand,69,0.92753623,0.59323281,1.56352822,0.84132606,-120.87246377,60.69130435,-101.60724638,1.00000000
d1,validation,150,200,price200_bull+strong_close_bear+atr_expand,11,1.00000000,0.61645963,1.62216625,0.74116703,-205.03636364,50.01818182,-158.07272727,1.00000000
d1,oos,150,200,price200_bull+strong_close_bear+atr_expand,2,0.00000000,0.60453401,0.00000000,0.00000000,-79.10000000,234.10000000,-0.10000000,1.00000000
d1,discovery,150,200,macd_accel_down+pullback_bull+atr_expand,135,0.92592593,0.59323281,1.56081376,0.86901340,-137.41407407,84.30444444,-78.70888889,1.03703704
d1,validation,150,200,macd_accel_down+pullback_bull+atr_expand,25,0.96000000,0.61645963,1.55727960,0.80455936,-191.03200000,72.70800000,-170.64800000,1.04000000
d1,oos,150,200,macd_accel_down+pullback_bull+atr_expand,25,0.92000000,0.60453401,1.52183333,0.75033891,-134.34800000,51.54000000,-164.12800000,1.00000000
d1,discovery,150,200,rsi_down3+close_near_low+bb_expand,40,0.92500000,0.59323281,1.55925294,0.80135766,-215.72750000,78.84250000,-200.37250000,1.00000000
d1,validation,150,200,rsi_down3+close_near_low+bb_expand,26,0.96153846,0.61645963,1.55977524,0.81107221,-182.64230769,58.27692308,-116.93846154,1.00000000
d1,oos,150,200,rsi_down3+close_near_low+bb_expand,8,0.87500000,0.60453401,1.44739583,0.52911182,-141.80000000,79.63750000,-79.81250000,1.87500000
d1,discovery,150,200,di_spread_down3+structure_lh+atr_expand,53,0.92452830,0.59323281,1.55845781,0.82141523,-261.58301887,128.64339623,-243.84716981,1.00000000
d1,validation,150,200,di_spread_down3+structure_lh+atr_expand,5,1.00000000,0.61645963,1.62216625,0.56551754,-136.30000000,81.24000000,-72.62000000,1.00000000
d1,oos,150,200,di_spread_down3+structure_lh+atr_expand,12,1.00000000,0.60453401,1.65416667,0.75750599,-265.25833333,65.77500000,-269.79166667,1.00000000
d1,discovery,150,200,rsi_down3+price20_cross_down,78,0.92307692,0.59323281,1.55601125,0.84216770,-187.76666667,87.36666667,-97.17179487,1.01282051
d1,validation,150,200,rsi_down3+price20_cross_down,22,0.90909091,0.61645963,1.47469659,0.72185053,-211.92272727,103.71818182,-129.51818182,1.00000000
d1,oos,150,200,rsi_down3+price20_cross_down,14,0.85714286,0.60453401,1.41785714,0.60058621,-202.58571429,107.55000000,-201.10714286,1.14285714
d1,discovery,150,200,rsi_down3+mtf_adx_rising+volatility,52,0.92307692,0.59323281,1.55601125,0.81826438,-268.13846154,87.05384615,-231.22307692,1.00000000
d1,validation,150,200,rsi_down3+mtf_adx_rising+volatility,23,0.95652174,0.61645963,1.55163728,0.79008845,-181.02608696,78.86086957,-176.22608696,1.04347826
d1,oos,150,200,rsi_down3+mtf_adx_rising+volatility,23,0.86956522,0.60453401,1.43840580,0.67872518,-208.79130435,91.70434783,-188.26521739,1.00000000
d1,discovery,150,200,di_spread_down3+strong_close_bear,39,0.92307692,0.59323281,1.55601125,0.79678929,-266.57948718,99.61025641,-194.01538462,1.00000000
d1,validation,150,200,di_spread_down3+strong_close_bear,9,1.00000000,0.61645963,1.62216625,0.70085495,-181.27777778,120.05555556,-116.38888889,1.00000000
d1,oos,150,200,di_spread_down3+strong_close_bear,5,1.00000000,0.60453401,1.65416667,0.56551754,-129.90000000,57.62000000,-68.70000000,2.00000000
d1,discovery,150,200,ema20_slope_down3+close_near_low+mtf_adx_rising,39,0.92307692,0.59323281,1.55601125,0.79678929,-282.23076923,98.18205128,-249.67948718,1.00000000
d1,validation,150,200,ema20_slope_down3+close_near_low+mtf_adx_rising,8,0.87500000,0.61645963,1.41939547,0.52911182,-239.57500000,135.92500000,-137.66250000,1.00000000
d1,oos,150,200,ema20_slope_down3+close_near_low+mtf_adx_rising,3,1.00000000,0.60453401,1.65416667,0.43850297,-198.23333333,54.00000000,-164.33333333,1.00000000
d1,discovery,150,200,rsi_down3+strong_close_bear+volatility,64,0.92187500,0.59323281,1.55398520,0.82980463,-221.96406250,85.43437500,-171.46562500,1.00000000
d1,validation,150,200,rsi_down3+strong_close_bear+volatility,16,0.93750000,0.61645963,1.52078086,0.71671262,-207.32500000,84.09375000,-138.97500000,1.00000000
d1,oos,150,200,rsi_down3+strong_close_bear+volatility,10,0.70000000,0.60453401,1.15791667,0.39677815,-179.12000000,152.11000000,-109.07000000,1.10000000
d1,discovery,150,200,rsi_down3+range_compression+bb_expand,51,0.92156863,0.59323281,1.55346875,0.81500054,-187.08039216,73.81568627,-188.48235294,1.07843137
d1,validation,150,200,rsi_down3+range_compression+bb_expand,21,0.90476190,0.61645963,1.46767422,0.71085861,-123.81428571,54.44761905,-66.23333333,1.00000000
d1,oos,150,200,rsi_down3+range_compression+bb_expand,14,0.92857143,0.60453401,1.53601190,0.68531296,-146.21428571,72.92142857,-157.93571429,1.50000000
d1,discovery,150,200,di_spread_down3+structure_lh+mtf_adx_rising,50,0.92000000,0.59323281,1.55082455,0.81161753,-231.46400000,100.82800000,-179.91000000,1.00000000
d1,validation,150,200,di_spread_down3+structure_lh+mtf_adx_rising,7,0.85714286,0.61645963,1.39042821,0.48687217,-197.81428571,217.04285714,-108.54285714,1.00000000
d1,oos,150,200,di_spread_down3+structure_lh+mtf_adx_rising,20,1.00000000,0.60453401,1.65416667,0.83887484,-204.86500000,67.03500000,-186.47500000,1.10000000
d1,discovery,150,200,price20_cross_down+range_compression+mtf_adx_rising,50,0.92000000,0.59323281,1.55082455,0.81161753,-177.19000000,81.64200000,-123.44600000,1.02000000
d1,validation,150,200,price20_cross_down+range_compression+mtf_adx_rising,13,0.84615385,0.61645963,1.37260221,0.57765369,-190.30769231,143.16923077,-92.63846154,1.00000000
d1,oos,150,200,price20_cross_down+range_compression+mtf_adx_rising,14,0.85714286,0.60453401,1.41785714,0.60058621,-189.74285714,102.85000000,-223.25714286,1.14285714
d1,discovery,150,200,rsi_down3+structure_lh+strong_close_bear,112,0.91964286,0.59323281,1.55022252,0.85430445,-205.57857143,95.44017857,-131.98482143,1.00000000
d1,validation,150,200,rsi_down3+structure_lh+strong_close_bear,26,0.88461538,0.61645963,1.43499322,0.71024097,-188.89230769,106.29230769,-100.04615385,1.00000000
d1,oos,150,200,rsi_down3+structure_lh+strong_close_bear,14,0.71428571,0.60453401,1.18154762,0.45350916,-165.76428571,138.60000000,-92.35714286,1.07142857
d1,discovery,150,200,rsi_down3+close_near_low+volatility,74,0.91891892,0.59323281,1.54900220,0.83418058,-213.12972973,88.00540541,-156.58648649,1.00000000
d1,validation,150,200,rsi_down3+close_near_low+volatility,21,0.95238095,0.61645963,1.54492024,0.77330640,-202.53333333,84.67142857,-118.68571429,1.00000000
d1,oos,150,200,rsi_down3+close_near_low+volatility,10,0.70000000,0.60453401,1.15791667,0.39677815,-179.12000000,152.11000000,-109.07000000,1.10000000
d1,discovery,150,200,di_spread_down3+structure_lh+mtf_trend_bull,86,0.91860465,0.59323281,1.54847244,0.84139817,-144.77093023,93.34767442,-122.48720930,1.00000000
d1,validation,150,200,di_spread_down3+structure_lh+mtf_trend_bull,12,1.00000000,0.61645963,1.62216625,0.75750599,-133.38333333,75.09166667,-73.60000000,1.00000000
d1,oos,150,200,di_spread_down3+structure_lh+mtf_trend_bull,17,1.00000000,0.60453401,1.65416667,0.81568186,-123.43529412,67.12941176,-75.59411765,1.17647059
d1,discovery,150,200,di_spread_down3+atr_expand,61,0.91803279,0.59323281,1.54750846,0.82205338,-259.91803279,130.70327869,-228.30983607,1.00000000
d1,validation,150,200,di_spread_down3+atr_expand,6,0.83333333,0.61645963,1.35180521,0.43649718,-112.15000000,76.78333333,-108.98333333,1.00000000
d1,oos,150,200,di_spread_down3+atr_expand,13,1.00000000,0.60453401,1.65416667,0.77190463,-270.70000000,67.95384615,-260.60000000,1.00000000
d1,discovery,150,200,price200_bull+close_near_low+atr_expand,97,0.91752577,0.59323281,1.54665380,0.84562376,-126.91752577,64.21134021,-87.33402062,1.02061856
d1,validation,150,200,price200_bull+close_near_low+atr_expand,11,1.00000000,0.61645963,1.62216625,0.74116703,-205.03636364,50.01818182,-158.07272727,1.00000000
d1,oos,150,200,price200_bull+close_near_low+atr_expand,2,0.00000000,0.60453401,0.00000000,0.00000000,-79.10000000,234.10000000,-0.10000000,1.00000000
d1,discovery,150,200,price20_cross_down+structure_lh+atr_expand,36,0.91666667,0.59323281,1.54520562,0.78173309,-171.70000000,119.43611111,-46.84722222,1.00000000
d1,validation,150,200,price20_cross_down+structure_lh+atr_expand,12,1.00000000,0.61645963,1.62216625,0.75750599,-216.15833333,60.52500000,-176.55833333,1.00000000
d1,oos,150,200,price20_cross_down+structure_lh+atr_expand,6,0.66666667,0.60453401,1.10277778,0.29999332,-171.10000000,99.35000000,-301.90000000,1.00000000
d1,discovery,150,200,rsi_down3+price20_cross_down+structure_lh,71,0.91549296,0.59323281,1.54322712,0.82763962,-187.65070423,88.39436620,-97.66197183,1.00000000
d1,validation,150,200,rsi_down3+price20_cross_down+structure_lh,21,0.90476190,0.61645963,1.46767422,0.71085861,-205.57619048,105.26666667,-132.07619048,1.00000000
d1,oos,150,200,rsi_down3+price20_cross_down+structure_lh,13,0.84615385,0.60453401,1.39967949,0.57765369,-192.32307692,108.58461538,-205.01538462,1.15384615
d1,discovery,150,200,rsi_down3+price20_cross_down+pullback_bull,71,0.91549296,0.59323281,1.54322712,0.82763962,-179.47605634,88.83661972,-97.75915493,1.01408451
d1,validation,150,200,rsi_down3+price20_cross_down+pullback_bull,20,0.90000000,0.61645963,1.45994962,0.69896635,-203.45000000,103.42000000,-133.75500000,1.00000000
d1,oos,150,200,rsi_down3+price20_cross_down+pullback_bull,13,0.84615385,0.60453401,1.39967949,0.57765369,-192.32307692,108.58461538,-205.01538462,1.15384615
d1,discovery,150,200,rsi_down3+strong_close_bear+mtf_adx_rising,59,0.91525424,0.59323281,1.54282472,0.81648205,-248.07966102,77.39322034,-204.38474576,1.01694915
d1,validation,150,200,rsi_down3+strong_close_bear+mtf_adx_rising,14,0.85714286,0.61645963,1.39042821,0.60058621,-217.80714286,125.75000000,-98.07857143,1.00000000
d1,oos,150,200,rsi_down3+strong_close_bear+mtf_adx_rising,15,0.73333333,0.60453401,1.21305556,0.48049566,-157.36000000,121.31333333,-91.04666667,1.26666667
d1,discovery,150,200,rsi_down3+mtf_adx_rising,105,0.91428571,0.59323281,1.54119210,0.84507724,-210.68952381,84.47619048,-157.07238095,1.00952381
d1,validation,150,200,rsi_down3+mtf_adx_rising,41,0.92682927,0.61645963,1.50347116,0.80572551,-181.81463415,96.40243902,-151.48048780,1.02439024
d1,oos,150,200,rsi_down3+mtf_adx_rising,37,0.89189189,0.60453401,1.47533784,0.75291468,-187.35675676,84.90000000,-149.09189189,1.16216216
d1,discovery,150,200,macd_accel_down+price20_cross_down+atr_expand,35,0.91428571,0.59323281,1.54119210,0.77620726,-192.36571429,119.87142857,-53.85428571,1.00000000
d1,validation,150,200,macd_accel_down+price20_cross_down+atr_expand,14,1.00000000,0.61645963,1.62216625,0.78468920,-219.35714286,65.95000000,-163.27857143,1.00000000
d1,oos,150,200,macd_accel_down+price20_cross_down+atr_expand,4,1.00000000,0.60453401,1.65416667,0.51010916,-276.47500000,67.25000000,-428.92500000,1.00000000
d1,discovery,150,200,di_spread_down3+pullback_bull+mtf_trend_bull,69,0.91304348,0.59323281,1.53909809,0.82298502,-148.23913043,90.03623188,-79.06521739,1.00000000
d1,validation,150,200,di_spread_down3+pullback_bull+mtf_trend_bull,16,0.93750000,0.61645963,1.52078086,0.71671262,-130.12500000,63.65625000,-90.56250000,1.00000000
d1,oos,150,200,di_spread_down3+pullback_bull+mtf_trend_bull,19,0.94736842,0.60453401,1.56710526,0.75361269,-112.57894737,70.03684211,-67.71578947,1.36842105
d1,discovery,150,200,macd_accel_down+strong_close_bear+bb_expand,136,0.91176471,0.59323281,1.53694249,0.85210157,-110.15955882,66.73088235,-116.86617647,1.05147059
d1,validation,150,200,macd_accel_down+strong_close_bear+bb_expand,46,0.91304348,0.61645963,1.48110831,0.79675336,-120.96956522,79.77608696,-92.06304348,1.02173913
d1,oos,150,200,macd_accel_down+strong_close_bear+bb_expand,9,0.88888889,0.60453401,1.47037037,0.56500029,-96.48888889,75.17777778,-57.84444444,1.66666667
d1,discovery,200,300,macd_accel_down+atr_expand,107,1.00000000,0.69791204,1.43284532,0.96534276,-173.28317757,88.25420561,-127.14953271,1.00934579
d1,validation,200,300,macd_accel_down+atr_expand,27,0.92592593,0.73175182,1.26535513,0.76630407,-237.96666667,81.68518519,-165.71851852,1.00000000
d1,oos,200,300,macd_accel_down+atr_expand,18,1.00000000,0.68011527,1.47033898,0.82412078,-177.10555556,35.61111111,-172.12777778,1.00000000
d1,discovery,200,300,macd_accel_down+mtf_trend_bull+atr_expand,100,1.00000000,0.69791204,1.43284532,0.96300650,-158.24200000,85.21100000,-120.07800000,1.01000000
d1,validation,200,300,macd_accel_down+mtf_trend_bull+atr_expand,18,1.00000000,0.73175182,1.36658354,0.82412078,-227.47777778,53.68333333,-126.50555556,1.00000000
d1,oos,200,300,macd_accel_down+mtf_trend_bull+atr_expand,17,1.00000000,0.68011527,1.47033898,0.81568186,-167.50588235,31.50000000,-168.00588235,1.00000000
d1,discovery,200,300,macd_accel_down+price200_bull+atr_expand,96,1.00000000,0.69791204,1.43284532,0.96152441,-154.07812500,75.37708333,-129.19687500,1.01041667
d1,validation,200,300,macd_accel_down+price200_bull+atr_expand,20,1.00000000,0.73175182,1.36658354,0.83887484,-212.31000000,58.48500000,-187.91000000,1.00000000
d1,oos,200,300,macd_accel_down+price200_bull+atr_expand,18,1.00000000,0.68011527,1.47033898,0.82412078,-177.10555556,35.61111111,-172.12777778,1.00000000
d1,discovery,200,300,macd_accel_down+pullback_bull+atr_expand,81,1.00000000,0.69791204,1.43284532,0.95472191,-137.73580247,75.66172840,-93.52839506,1.01234568
d1,validation,200,300,macd_accel_down+pullback_bull+atr_expand,20,0.90000000,0.73175182,1.22992519,0.69896635,-224.61000000,84.92500000,-121.40500000,1.00000000
d1,oos,200,300,macd_accel_down+pullback_bull+atr_expand,18,1.00000000,0.68011527,1.47033898,0.82412078,-177.10555556,35.61111111,-172.12777778,1.00000000
d1,discovery,200,300,macd_accel_down+structure_lh+atr_expand,80,1.00000000,0.69791204,1.43284532,0.95418187,-195.18500000,93.84375000,-122.59750000,1.00000000
d1,validation,200,300,macd_accel_down+structure_lh+atr_expand,23,0.91304348,0.73175182,1.24775019,0.73204019,-226.05652174,83.07391304,-178.06521739,1.00000000
d1,oos,200,300,macd_accel_down+structure_lh+atr_expand,12,1.00000000,0.68011527,1.47033898,0.75750599,-190.58333333,35.46666667,-168.94166667,1.00000000
d1,discovery,200,300,close_near_low+mtf_trend_bull+atr_expand,79,1.00000000,0.69791204,1.43284532,0.95362879,-120.10886076,77.24050633,-71.72278481,1.01265823
d1,validation,200,300,close_near_low+mtf_trend_bull+atr_expand,19,1.00000000,0.73175182,1.36658354,0.83182078,-212.49473684,80.51578947,-127.20000000,1.00000000
d1,oos,200,300,close_near_low+mtf_trend_bull+atr_expand,6,1.00000000,0.68011527,1.47033898,0.60966571,-150.15000000,35.90000000,-178.50000000,1.00000000
d1,discovery,200,300,price200_bull+close_near_low+atr_expand,72,1.00000000,0.69791204,1.43284532,0.94934883,-106.15972222,61.97361111,-77.04166667,1.01388889
d1,validation,200,300,price200_bull+close_near_low+atr_expand,16,1.00000000,0.73175182,1.36658354,0.80639232,-194.78125000,82.26250000,-136.83750000,1.00000000
d1,oos,200,300,price200_bull+close_near_low+atr_expand,6,1.00000000,0.68011527,1.47033898,0.60966571,-150.15000000,35.90000000,-178.50000000,1.00000000
d1,discovery,200,300,strong_close_bear+atr_expand,69,1.00000000,0.69791204,1.43284532,0.94726274,-125.20000000,78.20289855,-85.84782609,1.01449275
d1,validation,200,300,strong_close_bear+atr_expand,18,0.88888889,0.73175182,1.21474093,0.67200235,-270.97777778,92.47222222,-139.72777778,1.00000000
d1,oos,200,300,strong_close_bear+atr_expand,6,1.00000000,0.68011527,1.47033898,0.60966571,-150.15000000,35.90000000,-178.50000000,1.00000000
d1,discovery,200,300,strong_close_bear+mtf_trend_bull+atr_expand,67,1.00000000,0.69791204,1.43284532,0.94577386,-110.58507463,76.14179104,-76.39552239,1.01492537
d1,validation,200,300,strong_close_bear+mtf_trend_bull+atr_expand,14,1.00000000,0.73175182,1.36658354,0.78468920,-258.54285714,60.16428571,-144.73571429,1.00000000
d1,oos,200,300,strong_close_bear+mtf_trend_bull+atr_expand,6,1.00000000,0.68011527,1.47033898,0.60966571,-150.15000000,35.90000000,-178.50000000,1.00000000
d1,discovery,200,300,rsi_down3+price200_bull+volatility,66,1.00000000,0.69791204,1.43284532,0.94499744,-180.62272727,101.52575758,-122.56969697,1.03030303
d1,validation,200,300,rsi_down3+price200_bull+volatility,29,1.00000000,0.73175182,1.36658354,0.88303020,-194.47931034,86.19310345,-97.54482759,1.03448276
d1,oos,200,300,rsi_down3+price200_bull+volatility,30,0.83333333,0.68011527,1.22528249,0.66435649,-161.51333333,114.28333333,-134.14000000,1.20000000
d1,discovery,200,300,price200_bull+strong_close_bear+atr_expand,60,1.00000000,0.69791204,1.43284532,0.93982815,-92.73500000,57.69333333,-83.32333333,1.01666667
d1,validation,200,300,price200_bull+strong_close_bear+atr_expand,11,1.00000000,0.73175182,1.36658354,0.74116703,-245.33636364,57.15454545,-163.53636364,1.00000000
d1,oos,200,300,price200_bull+strong_close_bear+atr_expand,6,1.00000000,0.68011527,1.47033898,0.60966571,-150.15000000,35.90000000,-178.50000000,1.00000000
d1,discovery,200,300,macd_accel_down+close_near_low+atr_expand,59,1.00000000,0.69791204,1.43284532,0.93887063,-163.69661017,78.84915254,-99.97288136,1.01694915
d1,validation,200,300,macd_accel_down+close_near_low+atr_expand,18,0.88888889,0.73175182,1.21474093,0.67200235,-270.97777778,92.47222222,-139.72777778,1.00000000
d1,oos,200,300,macd_accel_down+close_near_low+atr_expand,6,1.00000000,0.68011527,1.47033898,0.60966571,-150.15000000,35.90000000,-178.50000000,1.00000000
d1,discovery,200,300,macd_accel_down+range_compression+atr_expand,57,1.00000000,0.69791204,1.43284532,0.93686117,-182.74385965,89.40350877,-142.97894737,1.01754386
d1,validation,200,300,macd_accel_down+range_compression+atr_expand,11,0.90909091,0.73175182,1.24234867,0.62264156,-246.56363636,79.77272727,-80.40000000,1.00000000
d1,oos,200,300,macd_accel_down+range_compression+atr_expand,4,1.00000000,0.68011527,1.47033898,0.51010916,-86.25000000,24.47500000,-62.42500000,1.00000000
d1,discovery,200,300,structure_lh+close_near_low+atr_expand,57,1.00000000,0.69791204,1.43284532,0.93686117,-161.94210526,88.91403509,-69.05789474,1.00000000
d1,validation,200,300,structure_lh+close_near_low+atr_expand,19,0.89473684,0.73175182,1.22273264,0.68605917,-214.18947368,108.27368421,-132.98421053,1.00000000
d1,oos,200,300,structure_lh+close_near_low+atr_expand,0,,0.68011527,,,,,,
d1,discovery,200,300,rsi_down3+atr_expand,49,1.00000000,0.69791204,1.43284532,0.92730218,-243.82857143,125.03265306,-160.55714286,1.00000000
d1,validation,200,300,rsi_down3+atr_expand,17,1.00000000,0.73175182,1.36658354,0.81568186,-269.80588235,56.00588235,-143.82941176,1.00000000
d1,oos,200,300,rsi_down3+atr_expand,12,1.00000000,0.68011527,1.47033898,0.75750599,-223.99166667,33.96666667,-210.89166667,1.00000000
d1,discovery,200,300,structure_lh+strong_close_bear+atr_expand,49,1.00000000,0.69791204,1.43284532,0.92730218,-162.40000000,92.94693878,-73.43061224,1.00000000
d1,validation,200,300,structure_lh+strong_close_bear+atr_expand,14,0.85714286,0.73175182,1.17135732,0.60058621,-260.84285714,97.83571429,-152.58571429,1.00000000
d1,oos,200,300,structure_lh+strong_close_bear+atr_expand,0,,0.68011527,,,,,,
d1,discovery,200,300,macd_accel_down+strong_close_bear+atr_expand,46,1.00000000,0.69791204,1.43284532,0.92292644,-157.78695652,77.38913043,-114.24130435,1.02173913
d1,validation,200,300,macd_accel_down+strong_close_bear+atr_expand,18,0.88888889,0.73175182,1.21474093,0.67200235,-270.97777778,92.47222222,-139.72777778,1.00000000
d1,oos,200,300,macd_accel_down+strong_close_bear+atr_expand,6,1.00000000,0.68011527,1.47033898,0.60966571,-150.15000000,35.90000000,-178.50000000,1.00000000
d1,discovery,200,300,rsi_down3+mtf_trend_bull+atr_expand,44,1.00000000,0.69791204,1.43284532,0.91970440,-224.22954545,123.18863636,-150.87272727,1.00000000
d1,validation,200,300,rsi_down3+mtf_trend_bull+atr_expand,14,1.00000000,0.73175182,1.36658354,0.78468920,-258.54285714,60.16428571,-144.73571429,1.00000000
d1,oos,200,300,rsi_down3+mtf_trend_bull+atr_expand,11,1.00000000,0.68011527,1.47033898,0.74116703,-213.41818182,27.46363636,-208.04545455,1.00000000
d1,discovery,200,300,rsi_down3+price20_cross_down+close_near_low,41,1.00000000,0.69791204,1.43284532,0.91433243,-222.58292683,90.06097561,-137.03170732,1.00000000
d1,validation,200,300,rsi_down3+price20_cross_down+close_near_low,16,1.00000000,0.73175182,1.36658354,0.80639232,-259.78750000,74.89375000,-138.10625000,1.00000000
d1,oos,200,300,rsi_down3+price20_cross_down+close_near_low,10,1.00000000,0.68011527,1.47033898,0.72246720,-206.45000000,160.47000000,-165.39000000,1.00000000
d1,discovery,200,300,macd_accel_down+price20_cross_down+mtf_adx_rising,40,1.00000000,0.69791204,1.43284532,0.91237840,-215.52250000,81.90000000,-187.56500000,1.00000000
d1,validation,200,300,macd_accel_down+price20_cross_down+mtf_adx_rising,8,1.00000000,0.73175182,1.36658354,0.67559244,-268.85000000,95.06250000,-159.62500000,1.12500000
d1,oos,200,300,macd_accel_down+price20_cross_down+mtf_adx_rising,10,1.00000000,0.68011527,1.47033898,0.72246720,-206.45000000,160.47000000,-165.39000000,1.00000000
d1,discovery,200,300,rsi_down3+structure_lh+atr_expand,40,1.00000000,0.69791204,1.43284532,0.91237840,-258.70000000,131.73250000,-170.95750000,1.00000000
d1,validation,200,300,rsi_down3+structure_lh+atr_expand,13,1.00000000,0.73175182,1.36658354,0.77190463,-258.53076923,50.56153846,-158.93846154,1.00000000
d1,oos,200,300,rsi_down3+structure_lh+atr_expand,9,1.00000000,0.68011527,1.47033898,0.70085495,-230.22222222,46.15555556,-203.52222222,1.00000000
d1,discovery,200,300,rsi_down3+price20_cross_down+strong_close_bear,39,1.00000000,0.69791204,1.43284532,0.91033315,-219.83076923,84.61538462,-142.27179487,1.00000000
d1,validation,200,300,rsi_down3+price20_cross_down+strong_close_bear,16,1.00000000,0.73175182,1.36658354,0.80639232,-259.78750000,74.89375000,-138.10625000,1.00000000
d1,oos,200,300,rsi_down3+price20_cross_down+strong_close_bear,9,1.00000000,0.68011527,1.47033898,0.70085495,-207.77777778,159.13333333,-181.73333333,1.00000000
d1,discovery,200,300,rsi_down3+price200_bull+atr_expand,39,1.00000000,0.69791204,1.43284532,0.91033315,-218.41794872,102.85384615,-173.35641026,1.00000000
d1,validation,200,300,rsi_down3+price200_bull+atr_expand,12,1.00000000,0.73175182,1.36658354,0.75750599,-233.78333333,54.04166667,-156.65833333,1.00000000
d1,oos,200,300,rsi_down3+price200_bull+atr_expand,12,1.00000000,0.68011527,1.47033898,0.75750599,-223.99166667,33.96666667,-210.89166667,1.00000000
d1,discovery,200,300,rsi_down3+close_near_low+mtf_adx_rising,39,1.00000000,0.69791204,1.43284532,0.91033315,-218.62820513,70.63076923,-191.36410256,1.00000000
d1,validation,200,300,rsi_down3+close_near_low+mtf_adx_rising,8,1.00000000,0.73175182,1.36658354,0.67559244,-325.07500000,103.41250000,-92.95000000,1.00000000
d1,oos,200,300,rsi_down3+close_near_low+mtf_adx_rising,22,0.77272727,0.68011527,1.13617103,0.56560047,-155.25909091,158.05000000,-97.29090909,1.09090909
d1,discovery,200,300,rsi_down3+strong_close_bear+mtf_adx_rising,37,1.00000000,0.69791204,1.43284532,0.90594217,-215.51351351,63.84054054,-199.82432432,1.00000000
d1,validation,200,300,rsi_down3+strong_close_bear+mtf_adx_rising,8,1.00000000,0.73175182,1.36658354,0.67559244,-325.07500000,103.41250000,-92.95000000,1.00000000
d1,oos,200,300,rsi_down3+strong_close_bear+mtf_adx_rising,20,0.75000000,0.68011527,1.10275424,0.53129912,-153.55500000,160.12500000,-105.61500000,1.10000000
d1,discovery,200,300,price20_cross_down+structure_lh+mtf_adx_rising,37,1.00000000,0.69791204,1.43284532,0.90594217,-211.78918919,76.07297297,-195.21621622,1.00000000
d1,validation,200,300,price20_cross_down+structure_lh+mtf_adx_rising,5,1.00000000,0.73175182,1.36658354,0.56551754,-245.98000000,109.38000000,-209.92000000,1.20000000
d1,oos,200,300,price20_cross_down+structure_lh+mtf_adx_rising,7,1.00000000,0.68011527,1.47033898,0.64566956,-206.94285714,230.35714286,-136.41428571,1.00000000
d1,discovery,200,300,price20_cross_down+close_near_low+mtf_adx_rising,34,1.00000000,0.69791204,1.43284532,0.89848545,-212.76470588,83.65588235,-173.62647059,1.00000000
d1,validation,200,300,price20_cross_down+close_near_low+mtf_adx_rising,8,1.00000000,0.73175182,1.36658354,0.67559244,-268.85000000,95.06250000,-159.62500000,1.12500000
d1,oos,200,300,price20_cross_down+close_near_low+mtf_adx_rising,10,1.00000000,0.68011527,1.47033898,0.72246720,-206.45000000,160.47000000,-165.39000000,1.00000000
d1,discovery,200,300,false_break_up+pullback_bull+atr_expand,34,1.00000000,0.69791204,1.43284532,0.89848545,-78.99117647,70.45882353,-109.05000000,1.02941176
d1,validation,200,300,false_break_up+pullback_bull+atr_expand,4,1.00000000,0.73175182,1.36658354,0.51010916,-306.45000000,73.70000000,-94.72500000,1.00000000
d1,oos,200,300,false_break_up+pullback_bull+atr_expand,6,1.00000000,0.68011527,1.47033898,0.60966571,-150.15000000,35.90000000,-178.50000000,1.00000000
d1,discovery,200,300,price20_cross_down+strong_close_bear+mtf_adx_rising,32,1.00000000,0.69791204,1.43284532,0.89282080,-208.79687500,76.61875000,-182.30000000,1.00000000
d1,validation,200,300,price20_cross_down+strong_close_bear+mtf_adx_rising,6,1.00000000,0.73175182,1.36658354,0.60966571,-290.03333333,122.88333333,-67.63333333,1.00000000
d1,oos,200,300,price20_cross_down+strong_close_bear+mtf_adx_rising,9,1.00000000,0.68011527,1.47033898,0.70085495,-207.77777778,159.13333333,-181.73333333,1.00000000
d1,discovery,200,300,rsi_down3+range_compression+atr_expand,30,1.00000000,0.69791204,1.43284532,0.88648661,-262.48000000,104.64333333,-189.14000000,1.00000000
d1,validation,200,300,rsi_down3+range_compression+atr_expand,6,1.00000000,0.73175182,1.36658354,0.60966571,-343.93333333,78.55000000,-93.36666667,1.00000000
d1,oos,200,300,rsi_down3+range_compression+atr_expand,1,1.00000000,0.68011527,1.47033898,0.20654931,-130.00000000,87.70000000,-54.10000000,1.00000000
d1,discovery,200,300,range_compression+strong_close_bear+atr_expand,30,1.00000000,0.69791204,1.43284532,0.88648661,-132.93000000,75.76333333,-98.63000000,1.03333333
d1,validation,200,300,range_compression+strong_close_bear+atr_expand,7,0.85714286,0.73175182,1.17135732,0.48687217,-319.60000000,107.64285714,-90.51428571,1.00000000
d1,oos,200,300,range_compression+strong_close_bear+atr_expand,0,,0.68011527,,,,,,
d1,discovery,200,300,pullback_bull+mtf_trend_bull+atr_expand,122,0.99180328,0.69791204,1.42110069,0.95502920,-106.27295082,78.03934426,-77.64918033,1.00819672
d1,validation,200,300,pullback_bull+mtf_trend_bull+atr_expand,24,1.00000000,0.73175182,1.36658354,0.86202380,-192.83333333,72.34166667,-114.40416667,1.00000000
d1,oos,200,300,pullback_bull+mtf_trend_bull+atr_expand,22,1.00000000,0.68011527,1.47033898,0.85134513,-135.74545455,27.88636364,-176.41363636,1.00000000
d1,discovery,200,300,price200_bull+pullback_bull+atr_expand,117,0.99145299,0.69791204,1.42059878,0.95317050,-99.29487179,69.33162393,-82.01452991,1.00854701
d1,validation,200,300,price200_bull+pullback_bull+atr_expand,21,1.00000000,0.73175182,1.36658354,0.84536098,-176.52857143,72.50476190,-119.91904762,1.00000000
d1,oos,200,300,price200_bull+pullback_bull+atr_expand,23,1.00000000,0.68011527,1.47033898,0.85688338,-144.63913043,31.26086957,-179.27391304,1.00000000
d1,discovery,200,300,rsi_down3+range_compression+close_near_low,103,0.99029126,0.69791204,1.41893420,0.94704181,-146.25631068,66.32621359,-115.93495146,1.01941748
d1,validation,200,300,rsi_down3+range_compression+close_near_low,25,1.00000000,0.73175182,1.36658354,0.86680775,-210.59200000,91.91600000,-67.22400000,1.08000000
d1,oos,200,300,rsi_down3+range_compression+close_near_low,23,0.78260870,0.68011527,1.15070007,0.58096517,-129.80434783,155.50869565,-68.52173913,1.26086957
d1,discovery,200,300,rsi_down3+structure_lh+close_near_low,100,0.99000000,0.69791204,1.41851687,0.94551380,-166.91100000,88.04900000,-101.57300000,1.01000000
d1,validation,200,300,rsi_down3+structure_lh+close_near_low,30,1.00000000,0.73175182,1.36658354,0.88648661,-219.58666667,94.62333333,-95.37000000,1.06666667
d1,oos,200,300,rsi_down3+structure_lh+close_near_low,17,0.70588235,0.68011527,1.03788634,0.46866890,-147.62352941,199.33529412,-76.43529412,1.35294118
d1,discovery,200,300,rsi_down3+range_compression+strong_close_bear,93,0.98924731,0.69791204,1.41743838,0.94158083,-144.19569892,61.64838710,-123.19462366,1.02150538
d1,validation,200,300,rsi_down3+range_compression+strong_close_bear,14,1.00000000,0.73175182,1.36658354,0.78468920,-253.15000000,120.15000000,-49.54285714,1.14285714
d1,oos,200,300,rsi_down3+range_compression+strong_close_bear,21,0.76190476,0.68011527,1.12025827,0.54908826,-125.75714286,157.24285714,-73.70952381,1.28571429
d1,discovery,200,300,rsi_down3+structure_lh+strong_close_bear,91,0.98901099,0.69791204,1.41709977,0.94035064,-171.38461538,84.22087912,-108.29450549,1.01098901
d1,validation,200,300,rsi_down3+structure_lh+strong_close_bear,22,1.00000000,0.73175182,1.36658354,0.85134513,-235.86818182,108.03636364,-107.03181818,1.09090909
d1,oos,200,300,rsi_down3+structure_lh+strong_close_bear,15,0.66666667,0.68011527,0.98022599,0.41713548,-144.33333333,207.60666667,-84.75333333,1.40000000
d1,discovery,200,300,close_near_low+atr_expand,83,0.98795181,0.69791204,1.41558212,0.93486419,-133.32048193,80.32771084,-79.12168675,1.01204819
d1,validation,200,300,close_near_low+atr_expand,23,0.91304348,0.73175182,1.24775019,0.73204019,-230.23478261,102.26086957,-126.33043478,1.00000000
d1,oos,200,300,close_near_low+atr_expand,6,1.00000000,0.68011527,1.47033898,0.60966571,-150.15000000,35.90000000,-178.50000000,1.00000000
d1,discovery,200,300,rsi_down3+mtf_trend_bull+volatility,75,0.98666667,0.69791204,1.41374072,0.92826634,-165.19866667,110.39333333,-101.29066667,1.02666667
d1,validation,200,300,rsi_down3+mtf_trend_bull+volatility,28,1.00000000,0.73175182,1.36658354,0.87935670,-197.61428571,88.56428571,-98.13571429,1.03571429
d1,oos,200,300,rsi_down3+mtf_trend_bull+volatility,29,0.82758621,0.68011527,1.21683226,0.65451560,-162.44137931,117.64482759,-125.46206897,1.20689655
d1,discovery,200,300,rsi_down3+close_near_low+volatility,55,0.98181818,0.69791204,1.40679359,0.90394224,-167.91272727,81.04727273,-116.62363636,1.03636364
d1,validation,200,300,rsi_down3+close_near_low+volatility,29,1.00000000,0.73175182,1.36658354,0.88303020,-224.44137931,93.64482759,-110.75172414,1.03448276
d1,oos,200,300,rsi_down3+close_near_low+volatility,23,0.78260870,0.68011527,1.15070007,0.58096517,-141.20000000,144.97391304,-94.73478261,1.26086957
d1,discovery,200,300,di_spread_down3+pullback_bull+mtf_trend_bull,49,0.97959184,0.69791204,1.40360358,0.89306478,-134.18775510,87.80612245,-85.41224490,1.02040816
d1,validation,200,300,di_spread_down3+pullback_bull+mtf_trend_bull,13,1.00000000,0.73175182,1.36658354,0.77190463,-187.63076923,104.06153846,-58.61538462,1.00000000
d1,oos,200,300,di_spread_down3+pullback_bull+mtf_trend_bull,19,0.73684211,0.68011527,1.08340767,0.51208449,-83.63157895,64.02631579,-71.97368421,2.05263158
d1,discovery,200,300,rsi_down3+price200_bull+close_near_low,96,0.97916667,0.69791204,1.40299438,0.92719286,-128.38020833,79.82812500,-81.06666667,1.03125000
d1,validation,200,300,rsi_down3+price200_bull+close_near_low,31,1.00000000,0.73175182,1.36658354,0.88974460,-194.48387097,85.47419355,-94.96129032,1.06451613
d1,oos,200,300,rsi_down3+price200_bull+close_near_low,25,0.80000000,0.68011527,1.17627119,0.60869050,-138.05200000,138.67200000,-90.60800000,1.24000000
d1,discovery,200,300,structure_lh+pullback_bull+atr_expand,95,0.97894737,0.69791204,1.40268016,0.92645881,-118.72105263,87.69684211,-67.87578947,1.00000000
d1,validation,200,300,structure_lh+pullback_bull+atr_expand,24,0.91666667,0.73175182,1.25270158,0.74151198,-168.72083333,106.85833333,-114.63333333,1.00000000
d1,oos,200,300,structure_lh+pullback_bull+atr_expand,21,1.00000000,0.68011527,1.47033898,0.84536098,-134.38095238,50.72380952,-160.96666667,1.00000000
d1,discovery,200,300,rsi_down3+strong_close_bear+volatility,47,0.97872340,0.69791204,1.40235925,0.88887019,-168.78085106,78.98510638,-126.43404255,1.04255319
d1,validation,200,300,rsi_down3+strong_close_bear+volatility,21,1.00000000,0.73175182,1.36658354,0.84536098,-249.54761905,100.68095238,-120.48571429,1.04761905
d1,oos,200,300,rsi_down3+strong_close_bear+volatility,22,0.77272727,0.68011527,1.13617103,0.56560047,-140.79545455,146.92272727,-98.59545455,1.27272727
d1,discovery,200,300,pullback_bull+atr_expand,135,0.97777778,0.69791204,1.40100431,0.93670320,-110.36888889,82.59777778,-81.79037037,1.00740741
d1,validation,200,300,pullback_bull+atr_expand,28,0.92857143,0.73175182,1.26897043,0.77354637,-188.39642857,102.12142857,-111.78928571,1.00000000
d1,oos,200,300,pullback_bull+atr_expand,27,1.00000000,0.68011527,1.47033898,0.87544497,-137.88518519,47.42962963,-164.86296296,1.00000000
d1,discovery,200,300,rsi_down3+close_near_low,134,0.97761194,0.69791204,1.40076669,0.93624580,-150.30298507,82.80522388,-100.85447761,1.02238806
d1,validation,200,300,rsi_down3+close_near_low,37,1.00000000,0.73175182,1.36658354,0.90594217,-219.88108108,88.84864865,-100.55675676,1.05405405
d1,oos,200,300,rsi_down3+close_near_low,26,0.80769231,0.68011527,1.18758149,0.62123743,-138.51538462,137.26538462,-87.50000000,1.23076923
d1,discovery,200,300,rsi_down3+range_compression+bb_expand,43,0.97674419,0.69791204,1.39952334,0.87941007,-109.28139535,67.60232558,-102.45116279,1.06976744
d1,validation,200,300,rsi_down3+range_compression+bb_expand,22,1.00000000,0.73175182,1.36658354,0.85134513,-187.34090909,76.23181818,-69.57727273,1.09090909
d1,oos,200,300,rsi_down3+range_compression+bb_expand,13,0.61538462,0.68011527,0.90482399,0.35522892,-98.84615385,144.22307692,-37.71538462,1.46153846
d1,discovery,200,300,price20_cross_down+mtf_adx_rising,42,0.97619048,0.69791204,1.39872996,0.87678798,-207.12857143,83.25714286,-184.05714286,1.00000000
d1,validation,200,300,price20_cross_down+mtf_adx_rising,8,1.00000000,0.73175182,1.36658354,0.67559244,-268.85000000,95.06250000,-159.62500000,1.12500000
d1,oos,200,300,price20_cross_down+mtf_adx_rising,10,1.00000000,0.68011527,1.47033898,0.72246720,-206.45000000,160.47000000,-165.39000000,1.00000000
d1,discovery,200,300,rsi_down3+price200_bull+strong_close_bear,83,0.97590361,0.69791204,1.39831893,0.91633691,-123.47108434,72.05662651,-87.07349398,1.03614458
d1,validation,200,300,rsi_down3+price200_bull+strong_close_bear,20,1.00000000,0.73175182,1.36658354,0.83887484,-215.41500000,101.69500000,-97.84000000,1.10000000
d1,oos,200,300,rsi_down3+price200_bull+strong_close_bear,24,0.79166667,0.68011527,1.16401836,0.59529547,-135.70000000,137.26250000,-93.62083333,1.25000000
d1,discovery,200,300,rsi_down3+strong_close_bear,120,0.97500000,0.69791204,1.39702419,0.92906997,-149.95416667,77.83833333,-107.98416667,1.02500000
d1,validation,200,300,rsi_down3+strong_close_bear,26,1.00000000,0.73175182,1.36658354,0.87127108,-246.72692308,102.75384615,-105.13846154,1.07692308
d1,oos,200,300,rsi_down3+strong_close_bear,24,0.79166667,0.68011527,1.16401836,0.59529547,-135.70000000,137.26250000,-93.62083333,1.25000000
d1,discovery,200,300,price20_cross_down+pullback_bull+mtf_adx_rising,39,0.97435897,0.69791204,1.39610570,0.86819010,-200.56153846,83.70000000,-191.43846154,1.00000000
d1,validation,200,300,price20_cross_down+pullback_bull+mtf_adx_rising,8,1.00000000,0.73175182,1.36658354,0.67559244,-268.85000000,95.06250000,-159.62500000,1.12500000
d1,oos,200,300,price20_cross_down+pullback_bull+mtf_adx_rising,10,1.00000000,0.68011527,1.47033898,0.72246720,-206.45000000,160.47000000,-165.39000000,1.00000000
d1,discovery,200,300,range_compression+close_near_low+atr_expand,38,0.97368421,0.69791204,1.39513887,0.86505124,-144.58157895,81.69736842,-89.56052632,1.02631579
d1,validation,200,300,range_compression+close_near_low+atr_expand,7,0.85714286,0.73175182,1.17135732,0.48687217,-319.60000000,107.64285714,-90.51428571,1.00000000
d1,oos,200,300,range_compression+close_near_low+atr_expand,0,,0.68011527,,,,,,
d1,discovery,200,300,rsi_down3+close_near_low+mtf_trend_bull,108,0.97222222,0.69791204,1.39304406,0.92149661,-124.95185185,89.50462963,-68.23981481,1.02777778
d1,validation,200,300,rsi_down3+close_near_low+mtf_trend_bull,34,1.00000000,0.73175182,1.36658354,0.89848545,-204.40882353,84.21470588,-93.27058824,1.05882353
d1,oos,200,300,rsi_down3+close_near_low+mtf_trend_bull,25,0.80000000,0.68011527,1.17627119,0.60869050,-138.05200000,138.67200000,-90.60800000,1.24000000
d1,discovery,200,300,rsi_down3+close_near_low+bb_expand,36,0.97222222,0.69791204,1.39304406,0.85830281,-108.42222222,68.80277778,-95.05277778,1.02777778
d1,validation,200,300,rsi_down3+close_near_low+bb_expand,29,1.00000000,0.73175182,1.36658354,0.88303020,-224.94482759,78.94827586,-114.19655172,1.06896552
d1,oos,200,300,rsi_down3+close_near_low+bb_expand,14,0.64285714,0.68011527,0.94521792,0.38764423,-120.43571429,123.45000000,-79.39285714,1.42857143
d1,discovery,200,300,range_compression+pullback_bull+atr_expand,71,0.97183099,0.69791204,1.39248348,0.90298500,-97.34929577,70.24788732,-95.72816901,1.01408451
d1,validation,200,300,range_compression+pullback_bull+atr_expand,11,0.90909091,0.73175182,1.24234867,0.62264156,-191.02727273,107.13636364,-70.90909091,1.00000000
d1,oos,200,300,range_compression+pullback_bull+atr_expand,4,1.00000000,0.68011527,1.47033898,0.51010916,-86.25000000,24.47500000,-62.42500000,1.00000000
d1,discovery,200,300,price20_cross_down+range_compression+mtf_adx_rising,34,0.97058824,0.69791204,1.39070281,0.85084427,-210.72941176,84.39411765,-189.87352941,1.00000000
d1,validation,200,300,price20_cross_down+range_compression+mtf_adx_rising,6,1.00000000,0.73175182,1.36658354,0.60966571,-290.03333333,122.88333333,-67.63333333,1.00000000
d1,oos,200,300,price20_cross_down+range_compression+mtf_adx_rising,7,1.00000000,0.68011527,1.47033898,0.64566956,-206.94285714,230.35714286,-136.41428571,1.00000000
d1,discovery,200,300,rsi_down3+range_compression+mtf_trend_bull,134,0.97014925,0.69791204,1.39007382,0.92576197,-134.52238806,88.24701493,-96.57761194,1.03731343
d1,validation,200,300,rsi_down3+range_compression+mtf_trend_bull,38,0.94736842,0.73175182,1.29465809,0.82714538,-160.86578947,101.45526316,-58.25000000,1.05263158
d1,oos,200,300,rsi_down3+range_compression+mtf_trend_bull,25,0.80000000,0.68011527,1.17627119,0.60869050,-125.22400000,147.39600000,-66.10800000,1.24000000
d1,discovery,200,300,rsi_down3+strong_close_bear+bb_expand,33,0.96969697,0.69791204,1.38942577,0.84681275,-112.02424242,68.51818182,-100.24242424,1.03030303
d1,validation,200,300,rsi_down3+strong_close_bear+bb_expand,23,1.00000000,0.73175182,1.36658354,0.85688338,-249.94782609,92.22608696,-109.81304348,1.08695652
d1,oos,200,300,rsi_down3+strong_close_bear+bb_expand,14,0.64285714,0.68011527,0.94521792,0.38764423,-120.43571429,123.45000000,-79.39285714,1.42857143
d1,discovery,200,300,di_spread_down3+range_compression+close_near_low,32,0.96875000,0.69791204,1.38806891,0.84255736,-184.99375000,97.55625000,-90.62187500,1.00000000
d1,validation,200,300,di_spread_down3+range_compression+close_near_low,9,0.88888889,0.73175182,1.21474093,0.56500029,-215.44444444,139.26666667,-50.31111111,1.00000000
d1,oos,200,300,di_spread_down3+range_compression+close_near_low,6,1.00000000,0.68011527,1.47033898,0.60966571,-88.38333333,61.06666667,-27.11666667,1.66666667
d1,discovery,200,300,rsi_down3+strong_close_bear+mtf_trend_bull,95,0.96842105,0.69791204,1.38759757,0.91122901,-122.51052632,86.02947368,-71.75052632,1.03157895
d1,validation,200,300,rsi_down3+strong_close_bear+mtf_trend_bull,23,1.00000000,0.73175182,1.36658354,0.85688338,-227.35652174,97.71739130,-94.96521739,1.08695652
d1,oos,200,300,rsi_down3+strong_close_bear+mtf_trend_bull,24,0.79166667,0.68011527,1.16401836,0.59529547,-135.70000000,137.26250000,-93.62083333,1.25000000
d1,discovery,200,300,di_spread_down3+close_near_low+mtf_trend_bull,31,0.96774194,0.69791204,1.38662450,0.83805895,-156.45806452,91.50645161,-73.68387097,1.00000000
d1,validation,200,300,di_spread_down3+close_near_low+mtf_trend_bull,10,1.00000000,0.73175182,1.36658354,0.72246720,-219.94000000,124.68000000,-55.54000000,1.00000000
d1,oos,200,300,di_spread_down3+close_near_low+mtf_trend_bull,8,1.00000000,0.68011527,1.47033898,0.67559244,-124.51250000,32.06250000,-106.48750000,1.50000000
d1,discovery,200,300,di_spread_down3+price200_bull+atr_expand,30,0.96666667,0.69791204,1.38508381,0.83329609,-251.19333333,129.08000000,-188.74333333,1.00000000
d1,validation,200,300,di_spread_down3+price200_bull+atr_expand,3,1.00000000,0.73175182,1.36658354,0.43850297,-231.30000000,89.56666667,-75.83333333,1.00000000
d1,oos,200,300,di_spread_down3+price200_bull+atr_expand,6,1.00000000,0.68011527,1.47033898,0.60966571,-222.23333333,32.18333333,-202.83333333,1.00000000
d1,discovery,200,300,pullback_bull+mtf_di_strong_bull+atr_expand,57,0.96491228,0.69791204,1.38257005,0.88079219,-71.05964912,65.45263158,-80.01228070,1.00000000
d1,validation,200,300,pullback_bull+mtf_di_strong_bull+atr_expand,6,1.00000000,0.73175182,1.36658354,0.60966571,-88.90000000,128.31666667,-78.10000000,1.00000000
d1,oos,200,300,pullback_bull+mtf_di_strong_bull+atr_expand,8,1.00000000,0.68011527,1.47033898,0.67559244,-44.22500000,11.02500000,-152.57500000,1.00000000
d1,discovery,200,300,macd_accel_down+price20_cross_down+range_compression,77,0.96103896,0.69791204,1.37702018,0.89160018,-186.50779221,103.37662338,-139.96233766,1.03896104
d1,validation,200,300,macd_accel_down+price20_cross_down+range_compression,9,0.88888889,0.73175182,1.21474093,0.56500029,-250.87777778,123.97777778,-78.68888889,1.00000000
d1,oos,200,300,macd_accel_down+price20_cross_down+range_compression,8,1.00000000,0.68011527,1.47033898,0.67559244,-197.90000000,203.66250000,-167.58750000,1.00000000
d1,discovery,200,300,rsi_down3+price200_bull+range_compression,126,0.96031746,0.69791204,1.37598638,0.91046435,-143.79444444,88.54126984,-106.20476190,1.03968254
d1,validation,200,300,rsi_down3+price200_bull+range_compression,33,0.93939394,0.73175182,1.28376030,0.80393755,-143.84848485,104.99090909,-48.65757576,1.06060606
d1,oos,200,300,rsi_down3+price200_bull+range_compression,26,0.80769231,0.68011527,1.18758149,0.62123743,-125.58461538,142.37307692,-78.40384615,1.23076923
d1,discovery,200,300,di_spread_down3+price200_bull+pullback_bull,50,0.96000000,0.69791204,1.37553151,0.86539909,-148.71400000,99.70400000,-92.22800000,1.02000000
d1,validation,200,300,di_spread_down3+price200_bull+pullback_bull,12,1.00000000,0.73175182,1.36658354,0.75750599,-195.08333333,110.02500000,-58.80833333,1.00000000
d1,oos,200,300,di_spread_down3+price200_bull+pullback_bull,21,0.76190476,0.68011527,1.12025827,0.54908826,-98.28095238,63.75238095,-95.02380952,1.95238095
d1,discovery,200,300,rsi_down3+pullback_bull+volatility,72,0.95833333,0.69791204,1.37314343,0.88450723,-145.63611111,90.75138889,-94.40000000,1.02777778
d1,validation,200,300,rsi_down3+pullback_bull+volatility,32,1.00000000,0.73175182,1.36658354,0.89282080,-222.10000000,90.99062500,-142.57187500,1.03125000
d1,oos,200,300,rsi_down3+pullback_bull+volatility,31,0.83870968,0.68011527,1.23318753,0.67365646,-161.14516129,113.89032258,-130.12903226,1.19354839
d1,discovery,200,300,rsi_down3+price20_cross_down,48,0.95833333,0.69791204,1.37314343,0.86024344,-214.85416667,92.68125000,-132.33333333,1.00000000
d1,validation,200,300,rsi_down3+price20_cross_down,16,1.00000000,0.73175182,1.36658354,0.80639232,-259.78750000,74.89375000,-138.10625000,1.00000000
d1,oos,200,300,rsi_down3+price20_cross_down,11,1.00000000,0.68011527,1.47033898,0.74116703,-199.91818182,147.40909091,-185.42727273,1.00000000
d1,discovery,200,300,macd_accel_down+price20_cross_down+close_near_low,94,0.95744681,0.69791204,1.37187318,0.89564354,-188.73723404,132.86063830,-105.73829787,1.03191489
d1,validation,200,300,macd_accel_down+price20_cross_down+close_near_low,23,0.91304348,0.73175182,1.24775019,0.73204019,-233.97826087,87.31304348,-153.57391304,1.04347826
d1,oos,200,300,macd_accel_down+price20_cross_down+close_near_low,10,1.00000000,0.68011527,1.47033898,0.72246720,-206.45000000,160.47000000,-165.39000000,1.00000000
d1,discovery,200,300,rsi_down3+structure_lh+mtf_adx_rising,47,0.95744681,0.69791204,1.37187318,0.85751472,-217.12127660,82.72340426,-170.51276596,1.00000000
d1,validation,200,300,rsi_down3+structure_lh+mtf_adx_rising,12,1.00000000,0.73175182,1.36658354,0.75750599,-295.28333333,90.40833333,-193.80833333,1.00000000
d1,oos,200,300,rsi_down3+structure_lh+mtf_adx_rising,22,0.77272727,0.68011527,1.13617103,0.56560047,-195.76363636,161.64090909,-131.81818182,1.09090909
d1,discovery,200,300,rsi_down3+price20_cross_down+structure_lh,45,0.95555556,0.69791204,1.36916331,0.85172489,-211.74000000,88.60888889,-134.94222222,1.00000000
d1,validation,200,300,rsi_down3+price20_cross_down+structure_lh,12,1.00000000,0.73175182,1.36658354,0.75750599,-244.23333333,75.29166667,-152.56666667,1.00000000
d1,oos,200,300,rsi_down3+price20_cross_down+structure_lh,8,1.00000000,0.68011527,1.47033898,0.67559244,-197.90000000,203.66250000,-167.58750000,1.00000000
d1,discovery,200,300,rsi_down3+price20_cross_down+pullback_bull,45,0.95555556,0.69791204,1.36916331,0.85172489,-209.67777778,93.69333333,-135.28222222,1.00000000
d1,validation,200,300,rsi_down3+price20_cross_down+pullback_bull,16,1.00000000,0.73175182,1.36658354,0.80639232,-259.78750000,74.89375000,-138.10625000,1.00000000
d1,oos,200,300,rsi_down3+price20_cross_down+pullback_bull,11,1.00000000,0.68011527,1.47033898,0.74116703,-199.91818182,147.40909091,-185.42727273,1.00000000
d1,discovery,200,300,rsi_down3+structure_lh+mtf_trend_bull,134,0.95522388,0.69791204,1.36868807,0.90575528,-147.61940299,107.34477612,-91.02238806,1.02985075
d1,validation,200,300,rsi_down3+structure_lh+mtf_trend_bull,42,0.95238095,0.73175182,1.30150813,0.84210148,-169.64285714,96.74761905,-75.14047619,1.04761905
d1,oos,200,300,rsi_down3+structure_lh+mtf_trend_bull,26,0.80769231,0.68011527,1.18758149,0.62123743,-163.70769231,143.04230769,-111.98076923,1.23076923
d1,discovery,200,300,macd_accel_down+price20_cross_down+strong_close_bear,86,0.95348837,0.69791204,1.36620135,0.88643002,-189.40697674,134.21860465,-112.81279070,1.02325581
d1,validation,200,300,macd_accel_down+price20_cross_down+strong_close_bear,21,0.90476190,0.73175182,1.23643273,0.71085861,-236.70952381,94.52380952,-126.71428571,1.00000000
d1,oos,200,300,macd_accel_down+price20_cross_down+strong_close_bear,9,1.00000000,0.68011527,1.47033898,0.70085495,-207.77777778,159.13333333,-181.73333333,1.00000000
d1,discovery,200,300,di_spread_down3+close_near_low,37,0.94594595,0.69791204,1.35539422,0.82295346,-188.44594595,104.53243243,-94.36216216,1.00000000
d1,validation,200,300,di_spread_down3+close_near_low,11,0.90909091,0.73175182,1.24234867,0.62264156,-215.72727273,139.00000000,-57.16363636,1.00000000
d1,oos,200,300,di_spread_down3+close_near_low,9,1.00000000,0.68011527,1.47033898,0.70085495,-127.35555556,39.84444444,-95.74444444,1.44444444
d1,discovery,200,300,rsi_down3+structure_lh+volatility,89,0.94382022,0.69791204,1.35234839,0.87514583,-198.02471910,114.78764045,-145.59662921,1.00000000
d1,validation,200,300,rsi_down3+structure_lh+volatility,30,1.00000000,0.73175182,1.36658354,0.88648661,-244.90666667,90.32333333,-144.03666667,1.03333333
d1,oos,200,300,rsi_down3+structure_lh+volatility,24,0.79166667,0.68011527,1.16401836,0.59529547,-169.29166667,142.18333333,-130.67500000,1.25000000
d1,discovery,200,300,di_spread_down3+range_compression+pullback_bull,53,0.94339623,0.69791204,1.35174087,0.84629792,-136.87924528,92.46603774,-83.05094340,1.01886792
d1,validation,200,300,di_spread_down3+range_compression+pullback_bull,12,0.91666667,0.73175182,1.25270158,0.64612009,-181.56666667,113.28333333,-54.95000000,1.00000000
d1,oos,200,300,di_spread_down3+range_compression+pullback_bull,11,1.00000000,0.68011527,1.47033898,0.74116703,-89.86363636,52.69090909,-75.43636364,1.36363636
d1,discovery,200,300,rsi_down3+range_compression+pullback_bull,141,0.94326241,0.69791204,1.35154913,0.89203968,-129.89503546,81.13687943,-102.23829787,1.03546099
d1,validation,200,300,rsi_down3+range_compression+pullback_bull,41,0.95121951,0.73175182,1.29992093,0.83861021,-179.55121951,96.41707317,-93.08292683,1.04878049
d1,oos,200,300,rsi_down3+range_compression+pullback_bull,27,0.81481481,0.68011527,1.19805399,0.63301316,-126.49259259,140.88148148,-75.86296296,1.22222222
d1,discovery,200,300,rsi_down3+volatility,105,0.94285714,0.69791204,1.35096845,0.88090345,-190.01047619,116.11619048,-129.79428571,1.01904762
d1,validation,200,300,rsi_down3+volatility,35,1.00000000,0.73175182,1.36658354,0.90109901,-230.69428571,86.32857143,-142.31714286,1.02857143
d1,oos,200,300,rsi_down3+volatility,31,0.83870968,0.68011527,1.23318753,0.67365646,-161.14516129,113.89032258,-130.12903226,1.19354839
d1,discovery,200,300,di_spread_down3+atr_expand,35,0.94285714,0.69791204,1.35096845,0.81392943,-273.44285714,147.96285714,-197.50571429,1.00000000
d1,validation,200,300,di_spread_down3+atr_expand,4,0.75000000,0.73175182,1.02493766,0.30064184,-216.87500000,137.72500000,-75.22500000,1.00000000
d1,oos,200,300,di_spread_down3+atr_expand,6,1.00000000,0.68011527,1.47033898,0.60966571,-222.23333333,32.18333333,-202.83333333,1.00000000
