timeframe,target_pips,horizon_bars,conditions,discovery_n,oos_n,discovery_lift,oos_lift,oos_pairs_n_ge5,oos_pairs_above_base,oos_pair_hit_mean,oos_min_pair_hit
h4,50,1,atr_expand+pin_bull,126,24,5.57231619,3.93005618,4,3,0.12500000,0.00000000
h4,50,1,adx25+volatility+pin_bull+mtf_volatility,159,28,4.92046034,3.36861958,4,3,0.09920635,0.00000000
h4,50,1,volatility+pin_bull+mtf_volatility,246,36,4.48503499,2.62003745,4,3,0.08849206,0.00000000
h4,50,1,adx25+volatility+pin_bull,268,57,4.41626851,2.75793416,4,4,0.08835227,0.06250000
h4,50,1,adx25+volatility+pin_bull+mtf_adx25,163,28,4.30743460,4.49149278,3,3,0.17037037,0.11111111
h4,50,1,sma_stack_bull+adx25+atr_expand+mtf_volatility,204,15,4.22840464,6.28808989,1,1,0.20000000,0.20000000
h4,50,1,adx25+pin_bull+mtf_volatility,254,48,4.10684091,2.62003745,4,3,0.07904595,0.00000000
h4,50,1,ichimoku_cloud_bull+adx25+atr_expand+mtf_volatility,318,53,3.91113514,4.74572822,5,4,0.20038462,0.00000000
h4,50,1,adx25+volatility+pin_bull+mtf_trend_bull,149,47,3.90436115,2.67578293,4,3,0.08012821,0.00000000
h4,50,1,ichimoku_cloud_bull+volatility+pin_bull,243,59,3.87998313,3.19733384,4,4,0.10227733,0.06666667
h4,50,1,volatility+pin_bull,479,82,3.81104548,2.68394081,4,4,0.08596990,0.07692308
h4,50,1,volatility+pin_bull+mtf_volatility+cross_group_return_up,128,22,3.76131343,4.28733401,3,2,0.12222222,0.00000000
h4,50,1,volatility+pin_bull+mtf_adx25,250,35,3.61086089,3.59319422,3,3,0.14603175,0.07142857
h4,50,1,adx25+atr_expand+impulse_bull+mtf_volatility,224,24,3.58220327,7.86011236,1,1,0.28571429,0.28571429
h4,50,1,adx25+atr_expand+mtf_volatility,697,83,3.54005970,4.54560715,8,5,0.16878838,0.00000000
h4,50,1,ichimoku_cloud_bull+pin_bull+mtf_volatility+cross_group_return_up,131,22,3.52204413,4.28733401,3,2,0.12222222,0.00000000
h4,50,1,ichimoku_cloud_bull+pin_bull+mtf_volatility,235,36,3.49988881,2.62003745,4,3,0.09474206,0.00000000
h4,50,1,adx25+pin_bull+mtf_adx25,310,67,3.49438151,1.87704176,4,3,0.05626294,0.00000000
h4,50,1,pin_bull+mtf_volatility,488,86,3.45300905,2.19351973,4,3,0.06805492,0.00000000
h4,50,1,price200_bull+adx25+atr_expand+mtf_volatility,292,36,3.43498943,3.49338327,2,1,0.10000000,0.00000000
h4,50,1,pin_bull+mtf_volatility+cross_group_bull,211,47,3.42261696,2.00683720,4,3,0.06439394,0.00000000
h4,50,1,ichimoku_cloud_bull+volatility+pin_bull+mtf_trend_bull,184,52,3.37973091,3.02312014,4,4,0.09605161,0.07692308
h4,50,1,ichimoku_cloud_bull+rsi_up1+atr_expand+mtf_volatility,168,26,3.34338972,3.62774417,2,0,0.00000000,0.00000000
h4,50,1,ichimoku_cloud_bull+volatility+pin_bull+cross_group_return_up,127,29,3.31706381,3.25246029,4,3,0.10010823,0.00000000
h4,50,1,volatility+pin_bull+mtf_trend_bull,299,69,3.28748019,2.73395213,4,4,0.08680323,0.07692308
h4,50,1,volatility+pin_bull+cross_group_bull,202,40,3.27718398,3.14404494,4,4,0.10486111,0.08333333
h4,50,1,sma_stack_bull+volatility+pin_bull,157,19,3.19432139,1.65476050,2,0,0.00000000,0.00000000
h4,50,1,ichimoku_cloud_bull+atr_expand+impulse_bull+mtf_volatility,171,27,3.16742184,4.65784436,1,0,0.00000000,0.00000000
h4,50,1,adx25+pin_bull,588,130,3.13869239,1.69294728,4,4,0.05631808,0.03333333
h4,50,1,pin_bull+mtf_volatility+cross_group_return_up,250,53,3.12941277,2.37286411,4,3,0.07911706,0.00000000
h4,50,1,adx25+atr_expand+mtf_volatility+cross_target_relative_up,304,35,3.10143388,6.28808989,4,2,0.11904762,0.00000000
h4,50,1,ichimoku_cloud_bull+atr_expand+mtf_volatility,569,93,3.03196677,4.73297088,8,5,0.17256181,0.00000000
h4,50,1,sma_stack_bull+adx25+atr_expand+mtf_adx25,482,35,2.99656506,1.79659711,3,1,0.05555556,0.00000000
h4,50,1,adx25+volatility+pin_bull+cross_group_return_up,128,34,2.97770647,3.69887640,4,4,0.12342172,0.09090909
h4,50,1,rsi_up1+atr_expand+mtf_volatility,378,58,2.97190197,5.42076714,6,3,0.09280303,0.00000000
h4,50,1,rsi_up1+atr_expand+impulse_bull+mtf_volatility,338,50,2.96750567,5.65928090,6,3,0.08492063,0.00000000
h4,50,1,ichimoku_cloud_bull+adx25+pin_bull+mtf_adx25,149,30,2.96192914,3.14404494,3,3,0.12632275,0.11111111
h4,50,1,pin_bull+mtf_adx25,585,117,2.91475001,1.61233074,4,3,0.04531695,0.00000000
h4,50,1,sma_stack_bull+atr_expand+mtf_volatility,359,49,2.90567574,5.13313460,5,3,0.20444444,0.00000000
h4,50,1,volatility+pin_bull+cross_group_return_up,235,43,2.90234682,2.92469297,4,4,0.10288600,0.06666667
h4,50,1,atr_expand+breakout20_up+elliott_impulse_bull+mtf_volatility,125,19,2.88868871,6.61904199,1,1,0.40000000,0.40000000
h4,50,1,atr_expand+retest_up+elliott_impulse_bull+mtf_volatility,125,19,2.88868871,6.61904199,1,1,0.40000000,0.40000000
h4,50,1,atr_expand+impulse_bull+elliott_wave3_bull+mtf_volatility,125,20,2.88868871,6.28808989,1,1,0.40000000,0.40000000
h4,50,1,atr_expand+impulse_bull+mtf_volatility,362,62,2.88159556,5.57814426,6,3,0.09294872,0.00000000
h4,50,1,atr_expand+breakout20_up+mtf_volatility,140,20,2.86576261,6.28808989,1,1,0.33333333,0.33333333
h4,50,1,atr_expand+retest_up+mtf_volatility,140,19,2.86576261,6.61904199,1,1,0.40000000,0.40000000
h4,50,1,atr_expand+breakout20_up+retest_up+mtf_volatility,140,19,2.86576261,6.61904199,1,1,0.40000000,0.40000000
h4,50,1,sma_stack_bull+atr_expand+impulse_bull+mtf_volatility,120,21,2.84188126,2.99432852,1,0,0.00000000,0.00000000
h4,50,1,ichimoku_cloud_bull+adx25+atr_expand+mtf_trend_bull,849,143,2.83538351,3.07808596,10,6,0.09055823,0.00000000
h4,50,1,ichimoku_cloud_bull+rsi_up1+superbb_bull+elliott_wave5_bull,135,20,2.82330687,3.14404494,1,0,0.00000000,0.00000000
h4,50,1,sma_stack_bull+volatility+pin_bull+mtf_trend_bull,135,19,2.82330687,1.65476050,2,0,0.00000000,0.00000000
h4,50,1,ichimoku_cloud_bull+adx25+pin_bull,306,71,2.81893643,2.21411616,4,4,0.07536765,0.05882353
h4,50,1,triangle_breakout_up+impulse_bull+elliott_wave5_bull,121,17,2.81839464,1.84943820,1,0,0.00000000,0.00000000
h4,50,1,price200_bull+volatility+pin_bull+cross_group_bull,121,14,2.81839464,2.24574639,1,1,0.14285714,0.14285714
h4,50,1,atr_expand+mtf_volatility,1172,172,2.80707806,4.56983277,11,7,0.15344382,0.00000000
h4,50,1,ichimoku_cloud_bull+superbb_bull+breakout20_up+elliott_wave5_bull,136,20,2.80254726,3.14404494,1,0,0.00000000,0.00000000
h4,50,1,ichimoku_cloud_bull+superbb_bull+retest_up+elliott_wave5_bull,136,20,2.80254726,3.14404494,1,0,0.00000000,0.00000000
h4,50,1,pin_bull+mtf_adx25+cross_group_bull,237,62,2.79321166,2.53552012,4,3,0.07501290,0.00000000
h4,50,1,ichimoku_cloud_bull+adx25+atr_expand+mtf_adx25,634,79,2.78440027,3.58182335,7,4,0.13826531,0.00000000
h4,50,1,atr_expand+impulse_bull+elliott_impulse_bull+mtf_volatility,137,21,2.78209071,5.98865704,1,1,0.40000000,0.40000000
h4,50,1,triangle_breakout_up+impulse_bull+elliott_impulse_bull,123,17,2.77256708,1.84943820,1,0,0.00000000,0.00000000
h4,50,1,ichimoku_cloud_bull+adx25+pin_bull+mtf_trend_bull,225,60,2.76386883,2.09602996,4,3,0.06473214,0.00000000
h4,50,1,ichimoku_cloud_bull+atr_expand+mtf_volatility+cross_group_return_up,242,36,2.73550068,2.62003745,3,1,0.04761905,0.00000000
h4,50,1,rsi_up1+superbb_bull+breakout20_up+mtf_adx25,132,22,2.73550068,2.85822268,1,0,0.00000000,0.00000000
h4,50,1,rsi_up1+superbb_bull+retest_up+mtf_adx25,132,22,2.73550068,2.85822268,1,0,0.00000000,0.00000000
h4,50,1,ichimoku_cloud_bull+superbb_bull+impulse_bull+elliott_wave5_bull,140,20,2.72247448,3.14404494,1,0,0.00000000,0.00000000
h4,50,1,rsi_cross55_up+volatility+breakout20_up+elliott_impulse_bull,171,26,2.69817416,2.41849611,1,1,0.20000000,0.20000000
h4,50,1,rsi_cross55_up+volatility+retest_up+elliott_impulse_bull,171,26,2.69817416,2.41849611,1,1,0.20000000,0.20000000
h4,50,1,sma_stack_bull+atr_expand+mtf_volatility+cross_group_return_up,164,19,2.69102099,4.96428149,1,0,0.00000000,0.00000000
h4,50,1,sma_stack_bull+adx25+atr_expand+mtf_trend_bull,695,66,2.68433304,1.42911134,7,3,0.06009070,0.00000000
h4,50,1,ichimoku_cloud_bull+superbb_bull+elliott_wave5_bull,142,20,2.68412977,3.14404494,1,0,0.00000000,0.00000000
h4,50,1,price200_bull+rsi_up1+atr_expand+mtf_volatility,187,31,2.68186341,0.00000000,4,0,0.00000000,0.00000000
h4,50,1,superbb_bull+breakout20_up+mtf_adx25,135,22,2.67471177,2.85822268,1,0,0.00000000,0.00000000
h4,50,1,superbb_bull+retest_up+mtf_adx25,135,22,2.67471177,2.85822268,1,0,0.00000000,0.00000000
h4,50,1,adx25+pin_bull+mtf_adx25+cross_target_relative_up,135,36,2.67471177,1.74669164,4,2,0.04861111,0.00000000
h4,50,1,superbb_bull+breakout20_up+retest_up+mtf_adx25,135,22,2.67471177,2.85822268,1,0,0.00000000,0.00000000
h4,50,1,superbb_bull+breakout20_up+impulse_bull+mtf_adx25,135,22,2.67471177,2.85822268,1,0,0.00000000,0.00000000
h4,50,1,rsi_cross55_up+breakout20_up+elliott_impulse_bull+mtf_adx25,143,35,2.66535963,3.59319422,2,1,0.10000000,0.00000000
h4,50,1,rsi_cross55_up+retest_up+elliott_impulse_bull+mtf_adx25,143,35,2.66535963,3.59319422,2,1,0.10000000,0.00000000
h4,50,1,adx25+pin_bull+mtf_trend_bull,340,94,2.65504477,2.00683720,4,4,0.06430904,0.04166667
h4,50,1,ichimoku_cloud_bull+pin_bull+mtf_adx25+cross_group_bull,136,28,2.65504477,4.49149278,3,3,0.16666667,0.10000000
h4,50,3,adx25+volatility+pin_bull+mtf_volatility,159,28,3.40840123,3.26006185,4,4,0.41190476,0.28571429
h4,50,3,adx25+volatility+pin_bull+mtf_trend_bull,149,47,3.13547671,2.29528533,4,4,0.27692308,0.20000000
h4,50,3,volatility+pin_bull+mtf_volatility,246,36,3.11457353,3.45764136,4,4,0.40476190,0.28571429
h4,50,3,adx25+volatility+pin_bull+mtf_adx25,163,28,3.09546572,2.07458482,3,3,0.27777778,0.20000000
h4,50,3,adx25+pin_bull+mtf_volatility,254,48,3.04100093,3.45764136,4,4,0.42667055,0.30769231
h4,50,3,atr_expand+pin_bull,126,24,3.01569818,1.72882068,4,4,0.21666667,0.16666667
h4,50,3,adx25+volatility+pin_bull,268,57,2.99835810,2.18377349,4,4,0.25795455,0.18181818
h4,50,3,ichimoku_cloud_bull+pin_bull+mtf_volatility,235,36,2.86275695,2.99662251,4,4,0.34226190,0.25000000
h4,50,3,volatility+pin_bull+mtf_volatility+cross_group_return_up,128,22,2.77391705,3.39477515,3,3,0.43492063,0.33333333
h4,50,3,ichimoku_cloud_bull+pin_bull+mtf_volatility+cross_group_return_up,131,22,2.71039224,3.01757791,3,3,0.38730159,0.33333333
h4,50,3,pin_bull+mtf_volatility,488,86,2.69334023,3.18424646,4,4,0.39346936,0.32000000
h4,50,3,adx25+pin_bull+mtf_adx25,310,67,2.67250503,1.73398134,4,3,0.19824017,0.00000000
h4,50,3,ichimoku_cloud_bull+volatility+pin_bull,243,59,2.64033806,2.39104691,4,4,0.27385290,0.16666667
h4,50,3,ichimoku_cloud_bull+adx25+pin_bull+mtf_adx25,149,30,2.63380044,1.65966785,3,2,0.20965608,0.11111111
h4,50,3,adx25+pin_bull+mtf_adx25+cross_target_relative_up,135,36,2.63008432,1.38305654,4,2,0.14583333,0.00000000
h4,50,3,adx25+volatility+pin_bull+cross_group_return_up,128,34,2.62792142,2.19661922,4,4,0.25568182,0.16666667
h4,50,3,volatility+pin_bull+mtf_adx25,250,35,2.59132518,2.84514489,3,3,0.34444444,0.20000000
h4,50,3,ichimoku_cloud_bull+volatility+pin_bull+mtf_trend_bull,184,52,2.57290857,2.39375171,4,4,0.26396557,0.18181818
h4,50,3,volatility+pin_bull,479,82,2.56188303,2.42878222,4,4,0.28790970,0.23076923
h4,50,3,ichimoku_cloud_bull+volatility+pin_bull+cross_group_return_up,127,29,2.55051691,3.14764593,4,4,0.36839827,0.28571429
h4,50,3,volatility+pin_bull+mtf_trend_bull+cross_group_bull,128,32,2.53059100,3.11187722,4,4,0.38852814,0.33333333
h4,50,3,volatility+pin_bull+mtf_trend_bull,299,69,2.52082540,2.64584730,4,4,0.31224916,0.25000000
h4,50,3,pin_bull+mtf_volatility+cross_group_bull,211,47,2.47985002,3.00152697,4,4,0.37424242,0.30000000
h4,50,3,adx25+pin_bull+mtf_trend_bull+cross_group_bull,151,47,2.47515778,1.58904369,4,4,0.20512821,0.15384615
h4,50,3,adx25+pin_bull+mtf_trend_bull+cross_group_return_up,180,52,2.45705245,1.43625103,4,3,0.18611111,0.11111111
h4,50,3,sma_stack_bull+pin_bull+mtf_volatility,140,13,2.44716492,3.19166895,1,1,0.42857143,0.42857143
h4,50,3,volatility+pin_bull+mtf_trend_bull+cross_group_return_up,148,34,2.44115223,3.17289442,4,4,0.38095238,0.33333333
h4,50,3,pin_bull+mtf_volatility+cross_group_return_up,250,53,2.41690906,2.81830390,4,4,0.35544490,0.30769231
h4,50,3,adx_up3+pin_bull+mtf_trend_bull,160,55,2.41379449,2.56494123,4,4,0.31885027,0.25000000
h4,50,3,ichimoku_cloud_bull+adx25+pin_bull+mtf_trend_bull,225,60,2.40860353,1.65966785,4,4,0.20238095,0.14285714
h4,50,3,volatility+pin_bull+cross_group_bull,202,40,2.40531421,2.69696026,4,4,0.33541667,0.30000000
h4,50,3,adx25+pin_bull,588,130,2.37300841,1.85116799,4,4,0.23387800,0.20000000
h4,50,3,adx25+pin_bull+mtf_adx25+cross_group_return_up,137,38,2.36434779,1.31026409,4,2,0.15972222,0.00000000
h4,50,3,ichimoku_cloud_bull+pin_bull+mtf_adx25+cross_target_relative_up,161,30,2.36011162,1.93627916,3,3,0.29047619,0.14285714
h4,50,3,sma_stack_bull+adx25+atr_expand+mtf_volatility,204,15,2.35119767,1.65966785,1,1,0.20000000,0.20000000
h4,50,3,trend_bull+pin_bull+mtf_volatility,159,17,2.35062154,2.92882562,1,1,0.40000000,0.40000000
h4,50,3,ichimoku_cloud_bull+adx25+pin_bull,306,71,2.34101932,1.75317027,4,3,0.21415441,0.11764706
h4,50,3,adx25+pin_bull+mtf_trend_bull,340,94,2.32676964,1.67732389,4,4,0.21062565,0.20000000
h4,50,3,ichimoku_cloud_bull+adx25+pin_bull+cross_group_bull,137,36,2.31887957,1.61356597,4,3,0.20833333,0.08333333
h4,50,3,adx_up3+pin_bull,258,61,2.31782216,2.58472862,4,4,0.32446312,0.22222222
h4,50,3,volatility+pin_bull+cross_group_return_up,235,43,2.27960276,2.70178488,4,4,0.32294372,0.27272727
h4,50,3,sma_stack_bull+volatility+pin_bull,157,19,2.26153747,2.62052819,2,2,0.32222222,0.20000000
h4,50,3,pin_bull+mtf_adx25+cross_target_relative_up,281,61,2.26111388,2.17661358,4,3,0.25110476,0.11111111
h4,50,3,pin_bull+mtf_adx25,585,117,2.24675219,2.12777930,4,3,0.24548368,0.09090909
h4,50,3,pin_bull+mtf_volatility+cross_target_relative_up,234,44,2.23610408,3.58337377,4,4,0.43086081,0.33333333
h4,50,3,volatility+pin_bull+cross_target_relative_up,204,46,2.22905753,2.70598019,4,4,0.31089744,0.16666667
h4,50,3,adx_up3+atr_expand+mtf_volatility,431,87,2.22572772,2.00304741,10,8,0.26414835,0.00000000
h4,50,3,volatility+pin_bull+mtf_trend_bull+cross_target_relative_up,121,37,2.21366383,2.91563271,4,4,0.33750000,0.20000000
h4,50,3,trend_bull+volatility+pin_bull,178,22,2.20469812,3.39477515,2,2,0.41666667,0.33333333
h4,50,3,ichimoku_cloud_bull+adx25+pin_bull+cross_group_return_up,164,43,2.20299104,1.54387707,4,2,0.19734848,0.08333333
h4,50,3,adx25+pin_bull+cross_group_return_up,284,75,2.19336164,1.43837881,4,3,0.19076797,0.11111111
h4,50,3,ichimoku_cloud_bull+pin_bull+mtf_adx25,330,57,2.18963958,2.32935839,4,2,0.21250000,0.00000000
h4,50,3,ichimoku_cloud_bull+adx25+pin_bull+cross_target_relative_up,127,32,2.15812969,1.81526171,4,4,0.23214286,0.12500000
h4,50,3,adx25+pin_bull+cross_group_bull,237,66,2.15523232,1.63452137,4,4,0.20954132,0.12500000
h4,50,3,ichimoku_cloud_bull+pin_bull+mtf_adx25+cross_group_bull,136,28,2.15271994,2.66732334,3,3,0.33333333,0.20000000
h4,50,3,adx25+pin_bull+cross_target_relative_up,262,63,2.13978334,1.84407539,4,4,0.23069853,0.12500000
h4,50,3,trend_bull+volatility+pin_bull+mtf_trend_bull,155,22,2.12996642,3.39477515,2,2,0.41666667,0.33333333
h4,50,3,sma_stack_bull+volatility+pin_bull+mtf_trend_bull,135,19,2.12252419,2.62052819,2,2,0.32222222,0.20000000
h4,50,3,trend_bull+atr_expand+mtf_volatility+cross_group_return_up,185,23,2.12127711,2.16478416,3,2,0.16666667,0.00000000
h4,50,3,ichimoku_cloud_bull+adx_up3+pin_bull,145,41,2.10502211,2.63118074,4,4,0.32182540,0.14285714
h4,50,3,adx25+pin_bull+mtf_trend_bull+cross_target_relative_up,137,42,2.09153843,1.58063605,4,3,0.19448052,0.09090909
h4,50,3,ichimoku_cloud_bull+pin_bull,793,172,2.08947430,1.64036939,4,3,0.19933539,0.11428571
h4,50,3,ichimoku_cloud_bull+pin_bull+mtf_adx25+cross_group_return_up,161,32,2.08927914,2.59323102,3,3,0.32929293,0.20000000
h4,50,3,ichimoku_cloud_bull+adx25+atr_expand+mtf_volatility,318,53,2.07638236,2.19201415,5,4,0.33653846,0.00000000
h4,50,3,trend_bull+adx25+atr_expand+mtf_volatility,222,19,2.07638236,1.31026409,1,1,0.28571429,0.28571429
h4,50,3,adx_up3+atr_expand+mtf_volatility+cross_target_relative_up,187,33,2.06527871,1.50878896,3,2,0.24761905,0.00000000
h4,50,3,sma_stack_bull+atr_expand+mtf_volatility+cross_group_return_up,164,19,2.05106062,1.74701879,1,1,0.16666667,0.16666667
h4,50,3,trend_bull+atr_expand+mtf_volatility+cross_group_bull,155,19,2.04959033,1.74701879,2,1,0.16666667,0.00000000
h4,50,3,adx25+atr_expand+mtf_volatility,697,83,2.02871791,1.99959982,8,6,0.26856012,0.00000000
h4,50,3,trend_bull+pin_bull+mtf_adx25+cross_target_relative_up,123,17,2.02573888,2.44068802,1,1,0.44444444,0.44444444
h4,50,3,pin_bull+mtf_adx25+cross_group_return_up,281,69,2.01726827,1.92425258,4,3,0.22405226,0.07692308
h4,50,3,trend_bull+adx25+pin_bull+cross_group_return_up,136,18,2.01531229,0.92203770,2,1,0.10000000,0.00000000
h4,50,3,sma_stack_bull+adx_up3+atr_expand+mtf_volatility,130,15,2.01249367,1.65966785,1,1,0.20000000,0.20000000
h4,50,3,pin_bull+mtf_adx25+cross_group_bull,237,62,1.99753239,2.00766273,4,3,0.23581011,0.08333333
h4,50,3,ichimoku_cloud_bull+pin_bull+cross_target_relative_up,362,80,1.99608028,1.65966785,4,3,0.21317079,0.05882353
h4,50,3,ichimoku_cloud_bull+adx_up3+atr_expand+mtf_volatility,201,45,1.98341001,2.39729801,5,5,0.35168831,0.20000000
h4,50,3,trend_bull+adx25+pin_bull+mtf_trend_bull,198,29,1.98200134,0.85844889,4,3,0.11309524,0.00000000
h4,50,3,sma_stack_bull+adx25+pin_bull,208,26,1.97655628,0.95750068,4,2,0.07738095,0.00000000
h4,50,3,adx25+atr_expand+mtf_volatility+cross_target_relative_up,304,35,1.96709907,2.13385867,4,3,0.21071429,0.00000000
h4,50,3,ichimoku_cloud_bull+rsi_up1+atr_expand+mtf_volatility,168,26,1.96514759,2.23416826,2,1,0.30000000,0.00000000
h4,50,3,sma_stack_bull+adx25+pin_bull+mtf_trend_bull,175,24,1.95773194,0.69152827,4,2,0.07738095,0.00000000
h4,50,3,ichimoku_cloud_bull+pin_bull+mtf_trend_bull,551,146,1.95579391,1.76197615,4,4,0.20991565,0.12903226
h4,50,3,trend_bull+adx25+pin_bull,236,31,1.95320713,1.07075345,4,3,0.11309524,0.00000000
h4,50,3,ichimoku_cloud_bull+pin_bull+elliott_pullback_bull,150,36,1.95179941,1.61356597,4,3,0.20627706,0.10000000
h4,50,3,sma_stack_bull+atr_expand+mtf_volatility,359,49,1.94335507,1.86289249,5,3,0.26111111,0.00000000
h4,50,3,pin_bull+mtf_trend_bull,829,199,1.92359668,1.75140829,4,4,0.20926067,0.15151515
h4,50,3,pin_bull+cross_target_relative_up,625,136,1.90362734,1.95255042,4,4,0.24569257,0.20000000
h4,50,3,volatility+horizontal_break_up+mtf_trend_bull+cross_group_bull,302,77,1.89762096,1.72433024,7,6,0.28072152,0.05882353
h4,50,3,ichimoku_cloud_bull+pin_bull+cross_group_return_up,406,99,1.88715539,1.76025378,4,4,0.21810039,0.12500000
h4,50,3,trend_bull+atr_expand+mtf_volatility,393,56,1.87032915,2.07458482,5,3,0.25460317,0.00000000
h4,50,3,ichimoku_cloud_bull+pin_bull+cross_group_bull,340,83,1.86874412,1.79963984,4,4,0.22769979,0.12500000
h4,50,3,sma_stack_bull+pin_bull+cross_group_return_up,291,47,1.86232232,1.58904369,4,3,0.19861389,0.07692308
h4,50,3,trend_bull+pin_bull+mtf_adx25+cross_group_return_up,131,16,1.85447890,3.63052343,2,2,0.46428571,0.42857143
h4,50,3,trend_bull+pin_bull+elliott_pullback_bull,128,28,1.84927804,1.77821556,3,3,0.21428571,0.14285714
h4,50,3,pin_bull+cross_group_return_up,685,162,1.84601001,1.74162676,4,4,0.22018508,0.17948718
h4,50,3,ichimoku_cloud_bull+pin_bull+mtf_trend_bull+cross_group_return_up,287,85,1.84486934,1.95255042,4,4,0.23951863,0.14285714
h4,50,6,volatility+pin_bull+mtf_volatility,246,36,2.16837224,2.04991037,4,4,0.46825397,0.40000000
h4,50,6,ichimoku_cloud_bull+pin_bull+mtf_volatility,235,36,2.12436600,1.92932740,4,4,0.43700397,0.37500000
h4,50,6,atr_expand+pin_bull,126,24,2.08960658,1.44699555,4,3,0.35000000,0.16666667
h4,50,6,ichimoku_cloud_bull+pin_bull+mtf_volatility+cross_group_return_up,131,22,2.06205452,1.97317575,3,3,0.50952381,0.42857143
h4,50,6,volatility+pin_bull+mtf_volatility+cross_group_return_up,128,22,2.03024276,1.97317575,3,3,0.49047619,0.40000000
h4,50,6,pin_bull+mtf_volatility,488,86,1.99696009,1.91811038,4,4,0.45225528,0.36000000
h4,50,6,ichimoku_cloud_bull+volatility+pin_bull,243,59,1.94185662,2.20728135,4,4,0.50625843,0.41666667
h4,50,6,ichimoku_cloud_bull+volatility+pin_bull+mtf_trend_bull,184,52,1.93267961,2.25397384,4,4,0.51871958,0.45454545
h4,50,6,price200_bull+pin_bull+mtf_volatility+cross_group_return_up,140,15,1.92949387,2.02579377,2,2,0.51428571,0.42857143
h4,50,6,volatility+pin_bull+mtf_trend_bull+cross_group_bull,128,32,1.92338788,2.44180500,4,4,0.58874459,0.54545455
h4,50,6,sma_stack_bull+pin_bull+mtf_volatility,140,13,1.90506990,1.66961025,1,1,0.42857143,0.42857143
h4,50,6,pin_bull+mtf_volatility+cross_group_bull,211,47,1.89604113,1.66250553,4,4,0.39696970,0.30000000
h4,50,6,pin_bull+mtf_volatility+cross_group_return_up,250,53,1.88748464,1.72001358,4,4,0.40815781,0.37500000
h4,50,6,volatility+pin_bull+mtf_trend_bull,299,69,1.88693571,2.20194975,4,4,0.52341137,0.47826087
h4,50,6,ichimoku_cloud_bull+volatility+pin_bull+cross_group_return_up,127,29,1.88468453,2.54471632,4,4,0.58290043,0.42857143
h4,50,6,volatility+pin_bull+mtf_price200_bull+cross_group_bull,149,31,1.88179336,2.24050924,4,4,0.52207792,0.40000000
h4,50,6,ichimoku_cloud_bull+volatility+pin_bull+mtf_price200_bull,209,52,1.88146395,2.17049333,4,4,0.49546784,0.40000000
h4,50,6,volatility+pin_bull,479,82,1.87743359,2.01167674,4,4,0.47158027,0.43478261
h4,50,6,price200_bull+pin_bull+mtf_volatility,232,23,1.87180276,2.07612405,2,2,0.47727273,0.45454545
h4,50,6,pin_bull+mtf_volatility+cross_target_relative_up,234,44,1.84119181,2.07183454,4,4,0.47649573,0.44444444
h4,50,6,volatility+pin_bull+mtf_trend_bull+cross_group_return_up,148,34,1.82519690,2.42584549,4,4,0.57738095,0.50000000
h4,50,6,volatility+pin_bull+mtf_price200_bull,352,71,1.81653300,2.01764169,4,4,0.46696429,0.40000000
h4,50,6,volatility+pin_bull+cross_group_bull,202,40,1.81124315,2.06196866,4,4,0.48611111,0.44444444
h4,50,6,price200_bull+volatility+pin_bull+cross_group_bull,121,14,1.78032597,2.48056380,1,1,0.71428571,0.71428571
h4,50,6,sma_stack_bull+atr_expand+mtf_volatility+cross_group_return_up,164,19,1.77222731,1.37083789,1,0,0.16666667,0.16666667
h4,50,6,sma_stack_bull+volatility+pin_bull,157,19,1.76412646,1.82778386,2,2,0.42222222,0.40000000
h4,50,6,adx_up3+atr_expand+mtf_volatility,431,87,1.75331259,1.59668475,10,8,0.40000305,0.20000000
h4,50,6,volatility+pin_bull+mtf_price200_bull+cross_group_return_up,174,34,1.74898106,2.29816941,4,4,0.52857143,0.40000000
h4,50,6,sma_stack_bull+volatility+pin_bull+mtf_trend_bull,135,19,1.74767096,1.82778386,2,2,0.42222222,0.40000000
h4,50,6,adx_up3+pin_bull+mtf_trend_bull,160,55,1.73104909,2.20995684,4,4,0.53342246,0.50000000
h4,50,6,volatility+pin_bull+cross_target_relative_up,204,46,1.72643966,2.07612405,4,4,0.49038462,0.38461538
h4,50,6,volatility+pin_bull+mtf_trend_bull+cross_target_relative_up,121,37,1.72380768,2.22915531,4,4,0.53888889,0.50000000
h4,50,6,adx_up3+atr_expand+mtf_volatility+cross_target_relative_up,187,33,1.71882078,1.31545050,3,2,0.38095238,0.14285714
h4,50,6,volatility+pin_bull+cross_group_return_up,235,43,1.71695334,2.12001674,4,4,0.48795094,0.42857143
h4,50,6,sma_stack_bull+atr_expand+mtf_volatility,359,49,1.71444045,1.32887347,5,2,0.34555556,0.08333333
h4,50,6,price200_bull+volatility+pin_bull+mtf_trend_bull,213,28,1.70165146,1.86042285,2,2,0.45000000,0.40000000
h4,50,6,ichimoku_cloud_bull+adx_up3+pin_bull+mtf_price200_bull,121,35,1.69554854,2.10847923,4,4,0.49305556,0.33333333
h4,50,6,pin_bull+elliott_pullback_bull+mtf_trend_bull,156,39,1.68775916,1.44699555,4,4,0.37380952,0.26666667
h4,50,6,volatility+pin_bull+mtf_price200_bull+cross_target_relative_up,152,39,1.68718235,2.00353230,3,3,0.47202797,0.45454545
h4,50,6,price200_bull+atr_expand+mtf_volatility+cross_group_bull,230,38,1.67994458,1.59931087,5,3,0.36666667,0.20000000
h4,50,6,price200_bull+atr_expand+mtf_volatility+cross_group_return_up,269,44,1.67789971,1.57854060,5,3,0.33333333,0.20000000
h4,50,6,ichimoku_cloud_bull+pin_bull,793,172,1.67733868,1.84239550,4,4,0.44520677,0.42857143
h4,50,6,sma_stack_bull+volatility+pin_bull+mtf_price200_bull,145,19,1.67430546,1.82778386,2,2,0.42222222,0.40000000
h4,50,6,pin_bull+elliott_pullback_bull+cross_target_relative_up,131,25,1.67052518,1.21547626,3,2,0.31944444,0.12500000
h4,50,6,adx_up3+pin_bull,258,61,1.66991816,2.13491147,4,4,0.51867414,0.44444444
h4,50,6,atr_expand+retest_up+mtf_volatility,140,19,1.66083017,1.59931087,1,1,0.40000000,0.40000000
h4,50,6,sma_stack_bull+adx_up3+atr_expand+mtf_volatility,130,15,1.65707263,1.44699555,1,1,0.60000000,0.60000000
h4,50,6,ichimoku_cloud_bull+pin_bull+mtf_trend_bull+cross_group_return_up,287,85,1.65606451,1.99174682,4,4,0.47230849,0.43478261
h4,50,6,ichimoku_cloud_bull+pin_bull+elliott_pullback_bull+mtf_price200_bull,126,35,1.65540262,1.61236647,4,4,0.39437229,0.27272727
h4,50,6,ichimoku_cloud_bull+pin_bull+cross_target_relative_up,362,80,1.65300370,1.73639466,4,4,0.43091245,0.29411765
h4,50,6,ichimoku_cloud_bull+adx_up3+pin_bull,145,41,1.65072370,2.11755447,4,4,0.51686508,0.42857143
h4,50,6,ichimoku_cloud_bull+pin_bull+mtf_price200_bull,665,163,1.65054639,1.83759558,4,4,0.43802333,0.41666667
h4,50,6,price200_bull+volatility+pin_bull,253,28,1.64885952,1.86042285,2,2,0.45000000,0.40000000
h4,50,6,ichimoku_cloud_bull+pin_bull+mtf_trend_bull+cross_group_bull,241,73,1.64583121,1.96236383,4,4,0.46058529,0.41176471
h4,50,6,ichimoku_cloud_bull+pin_bull+mtf_trend_bull,551,146,1.64451797,1.90289826,4,4,0.45113643,0.41935484
h4,50,6,pin_bull+elliott_pullback_bull+mtf_price200_bull,183,46,1.64428059,1.32116985,4,4,0.33858543,0.23529412
h4,50,6,adx_up3+pin_bull+mtf_price200_bull,200,54,1.64129099,2.09010469,4,4,0.47985103,0.28571429
h4,50,6,ichimoku_cloud_bull+pin_bull+elliott_pullback_bull,150,36,1.64129099,1.56757852,4,4,0.39437229,0.27272727
h4,50,6,atr_expand+elliott_impulse_bull+mtf_volatility,171,23,1.63969129,1.50990840,1,1,0.40000000,0.40000000
h4,50,6,ichimoku_cloud_bull+adx_up3+atr_expand+mtf_volatility,201,45,1.63312536,1.92932740,5,4,0.44623377,0.20000000
h4,50,6,pin_bull+elliott_pullback_bull,247,49,1.61969505,1.41746503,4,4,0.37479575,0.23529412
h4,50,6,ichimoku_cloud_bull+pin_bull+mtf_price200_bull+cross_group_return_up,340,93,1.61916574,1.86709104,4,4,0.44602823,0.40909091
h4,50,6,pin_bull+mtf_price200_bull,1027,250,1.61811794,1.73639466,4,4,0.41579030,0.37931034
h4,50,6,pin_bull+cross_target_relative_up,625,136,1.61393614,1.72362706,4,4,0.41959459,0.37837838
h4,50,6,price200_bull+volatility+pin_bull+cross_group_return_up,142,17,1.61335822,2.55352156,1,1,0.70000000,0.70000000
h4,50,6,price200_bull+pin_bull+mtf_volatility+cross_target_relative_up,121,12,1.61077112,2.17049333,2,2,0.55000000,0.50000000
h4,50,6,atr_expand+elliott_impulse_bull+mtf_volatility+cross_group_return_up,121,22,1.61077112,1.57854060,1,1,0.40000000,0.40000000
h4,50,6,price200_bull+volatility+pin_bull+mtf_price200_bull,238,28,1.60910881,1.86042285,2,2,0.45000000,0.40000000
h4,50,6,ichimoku_cloud_bull+pin_bull+cross_group_return_up,406,99,1.60861340,1.88547905,4,4,0.45058374,0.40740741
h4,50,6,ichimoku_cloud_bull+pin_bull+mtf_price200_bull+cross_target_relative_up,309,73,1.60455227,1.66503598,4,4,0.40972222,0.26666667
h4,50,6,pin_bull+mtf_trend_bull,829,199,1.60449888,1.76693427,4,4,0.42732790,0.40000000
h4,50,6,price200_bull+pin_bull+elliott_pullback_bull+mtf_trend_bull,137,32,1.59736349,1.76352583,4,4,0.45119048,0.33333333
h4,50,6,pin_bull+mtf_trend_bull+cross_group_bull,363,104,1.59193169,1.79483102,4,4,0.43623188,0.36666667
h4,50,6,ichimoku_cloud_bull+pin_bull+mtf_price200_bull+cross_group_bull,282,78,1.58842435,1.83657128,4,4,0.43735676,0.40909091
h4,50,6,atr_expand+retest_up+elliott_impulse_bull+mtf_volatility,125,19,1.58658129,1.59931087,1,1,0.40000000,0.40000000
h4,50,6,price200_bull+atr_expand+mtf_volatility,539,90,1.58597228,1.39876237,8,5,0.33624292,0.00000000
h4,50,6,ichimoku_cloud_bull+atr_expand+mtf_volatility+cross_group_bull,205,30,1.58457971,1.15759644,2,1,0.31428571,0.20000000
h4,50,6,pin_bull+mtf_price200_bull+cross_group_bull,437,130,1.58057199,1.70300246,4,4,0.40952381,0.33333333
h4,50,6,pin_bull+mtf_trend_bull+cross_group_return_up,435,113,1.57997839,1.84395893,4,4,0.45002444,0.39393939
h4,50,6,ichimoku_cloud_bull+adx_up3+atr_expand+mtf_trend_bull,526,143,1.57966457,1.45711440,9,5,0.29255715,0.08333333
h4,50,6,ichimoku_cloud_bull+pin_bull+cross_group_bull,340,83,1.57893802,1.83053654,4,4,0.43438057,0.40909091
h4,50,6,pin_bull+mtf_price200_bull+cross_target_relative_up,475,122,1.57650319,1.67234732,4,4,0.40505952,0.37500000
h4,50,6,atr_expand+mtf_volatility,1172,172,1.57547130,1.61525085,11,8,0.39936327,0.14285714
h4,50,6,pin_bull+mtf_price200_bull+cross_group_return_up,530,144,1.57419419,1.74845296,4,4,0.42346679,0.38461538
h4,50,6,pin_bull+cross_group_return_up,685,162,1.57240469,1.68816148,4,4,0.41156738,0.35714286
h4,50,6,pin_bull+elliott_pullback_bull+mtf_price200_bull+cross_group_return_up,124,29,1.57180085,1.19751356,4,3,0.29318182,0.16666667
h4,50,6,atr_expand+mtf_volatility+cross_target_relative_up,514,70,1.56332434,1.55035238,9,7,0.34220779,0.00000000
h4,50,6,pin_bull+cross_group_bull,569,146,1.56244749,1.63530319,4,4,0.39453427,0.31250000
h4,50,6,ichimoku_cloud_bull+pin_bull+mtf_trend_bull+cross_target_relative_up,254,65,1.56159576,1.80317907,4,4,0.43365385,0.38461538
h4,50,6,price200_bull+pin_bull+elliott_pullback_bull,167,35,1.55611421,1.61236647,4,4,0.41666667,0.33333333
h4,50,6,ichimoku_cloud_bull+atr_expand+mtf_volatility+cross_group_return_up,242,36,1.55425283,1.20582963,3,1,0.25714286,0.14285714
h4,50,6,price200_bull+pin_bull+elliott_pullback_bull+mtf_price200_bull,154,34,1.55425283,1.65978902,4,4,0.41666667,0.33333333
h4,50,6,sma_stack_bull+pin_bull+cross_group_return_up,291,47,1.55104819,1.75486695,4,4,0.40008429,0.27272727
h4,50,6,ichimoku_cloud_bull+atr_expand+mtf_volatility,569,93,1.55042866,1.72705921,8,6,0.41481175,0.06250000
h4,50,6,sma_stack_bull+volatility+engulf_bull+mtf_volatility,212,26,1.54838773,2.00353230,2,2,0.61428571,0.42857143
h4,50,6,sma_stack_bull+atr_expand+mtf_volatility+cross_target_relative_up,166,22,1.54488986,1.38122303,1,0,0.16666667,0.16666667
h4,50,6,sma_stack_bull+pin_bull+cross_group_bull,235,45,1.54234792,1.63992829,4,4,0.37447552,0.27272727
h4,50,12,ichimoku_cloud_bull+pin_bull+mtf_volatility+cross_group_return_up,131,22,1.65467012,1.31149231,3,3,0.57619048,0.42857143
h4,50,12,ichimoku_cloud_bull+pin_bull+mtf_volatility,235,36,1.65261645,1.38435300,4,4,0.51686508,0.42857143
h4,50,12,volatility+pin_bull+mtf_volatility,246,36,1.64296916,1.45721368,4,4,0.54603175,0.42857143
h4,50,12,volatility+pin_bull+mtf_volatility+cross_group_return_up,128,22,1.62289097,1.31149231,3,3,0.54603175,0.40000000
h4,50,12,sma_stack_bull+pin_bull+mtf_volatility,140,13,1.61281091,1.41237634,1,1,0.57142857,0.57142857
h4,50,12,trend_bull+pin_bull+mtf_volatility,159,17,1.59049528,1.38863892,1,1,0.50000000,0.50000000
h4,50,12,pin_bull+mtf_volatility,488,86,1.58703237,1.58599070,4,4,0.60124587,0.55555556
h4,50,12,pin_bull+mtf_volatility+cross_group_return_up,250,53,1.58055469,1.38572773,4,4,0.52981914,0.42857143
h4,50,12,di_bull+pin_bull+mtf_volatility+cross_group_return_up,132,16,1.57371246,1.14755577,1,0,0.16666667,0.16666667
h4,50,12,pin_bull+mtf_volatility+cross_group_bull,211,47,1.57306391,1.39520459,4,4,0.52196970,0.40000000
h4,50,12,di_bull+pin_bull+mtf_volatility,205,20,1.56403321,1.44264154,3,2,0.45555556,0.16666667
h4,50,12,atr_expand+pin_bull,126,24,1.52321030,1.53007437,4,3,0.61666667,0.16666667
h4,50,12,pin_bull+mtf_volatility+cross_target_relative_up,234,44,1.51493947,1.60955875,4,4,0.60832570,0.53846154
h4,50,12,ichimoku_cloud_bull+volatility+pin_bull,243,59,1.49599826,1.64492256,4,4,0.62680499,0.58333333
h4,50,12,volatility+pin_bull+mtf_trend_bull+cross_group_bull,128,32,1.48177002,1.88527020,4,4,0.77922078,0.54545455
h4,50,12,ichimoku_cloud_bull+volatility+pin_bull+mtf_trend_bull,184,52,1.47256648,1.66458640,4,4,0.63749847,0.61538462
h4,50,12,volatility+pin_bull,479,82,1.46600808,1.63136849,4,4,0.63352007,0.56000000
h4,50,12,ichimoku_cloud_bull+volatility+pin_bull+mtf_price200_bull,209,52,1.45847493,1.66458640,4,4,0.63527569,0.60000000
h4,50,12,ichimoku_cloud_bull+volatility+pin_bull+cross_group_return_up,127,29,1.45787946,1.80895492,4,4,0.71028139,0.57142857
h4,50,12,volatility+pin_bull+mtf_trend_bull,299,69,1.45746323,1.67262788,4,4,0.66277871,0.56521739
h4,50,12,volatility+pin_bull+cross_group_bull,202,40,1.45312666,1.63936539,4,4,0.64791667,0.50000000
h4,50,12,di_bull+atr_expand+elliott_impulse_bull+mtf_volatility,150,22,1.44507857,1.07303917,1,1,0.60000000,0.60000000
h4,50,12,volatility+pin_bull+mtf_price200_bull+cross_group_bull,149,31,1.43962316,1.86147296,4,4,0.75064935,0.54545455
h4,50,12,atr_expand+elliott_impulse_bull+mtf_volatility+cross_group_return_up,121,22,1.43686790,1.19226574,1,1,0.60000000,0.60000000
h4,50,12,ichimoku_cloud_bull+pin_bull+elliott_pullback_bull+mtf_price200_bull,126,35,1.43360969,1.42390594,4,4,0.58982684,0.45454545
h4,50,12,sma_stack_bull+atr_expand+mtf_volatility+cross_group_return_up,164,19,1.43186139,1.10441458,1,0,0.16666667,0.16666667
h4,50,12,di_bull+atr_expand+elliott_wave5_bull+mtf_volatility,123,19,1.43186139,1.10441458,1,1,0.60000000,0.60000000
h4,50,12,sma_stack_bull+pin_bull+cross_group_bull,235,45,1.43162704,1.34063659,4,3,0.50839161,0.36363636
h4,50,12,ichimoku_cloud_bull+di_bull+pin_bull+cross_group_return_up,224,35,1.43136968,1.27402110,4,3,0.47853535,0.33333333
h4,50,12,sma_stack_bull+atr_expand+impulse_bull+mtf_volatility,120,21,1.43002567,0.49961612,1,0,0.00000000,0.00000000
h4,50,12,trend_bull+atr_expand+mtf_volatility+cross_group_bull,155,19,1.42759778,1.24246640,2,2,0.55000000,0.50000000
h4,50,12,ichimoku_cloud_bull+di_bull+pin_bull,344,51,1.42433707,1.18291464,4,3,0.45618687,0.36363636
h4,50,12,trend_bull+pin_bull+mtf_trend_bull+cross_group_bull,241,58,1.42409195,1.35671619,4,4,0.51633403,0.41176471
h4,50,12,volatility+pin_bull+mtf_price200_bull,352,71,1.42403872,1.69939849,4,4,0.66250000,0.58333333
h4,50,12,ichimoku_cloud_bull+pin_bull+mtf_price200_bull+cross_group_return_up,340,93,1.42117102,1.49481920,4,4,0.57903338,0.47826087
h4,50,12,ichimoku_cloud_bull+pin_bull,793,172,1.42081929,1.41824169,4,4,0.55874731,0.52500000
h4,50,12,volatility+pin_bull+mtf_trend_bull+cross_group_return_up,148,34,1.41883770,1.85151856,4,4,0.77380952,0.57142857
h4,50,12,ichimoku_cloud_bull+pin_bull+cross_group_return_up,406,99,1.41816131,1.48370848,4,4,0.57263761,0.47826087
h4,50,12,ichimoku_cloud_bull+pin_bull+mtf_trend_bull+cross_group_return_up,287,85,1.41612665,1.54293213,4,4,0.60924560,0.47826087
h4,50,12,ichimoku_cloud_bull+pin_bull+mtf_price200_bull,665,163,1.41587821,1.43218179,4,4,0.55676834,0.50000000
h4,50,12,trend_bull+atr_expand+mtf_volatility+cross_group_return_up,185,23,1.41578644,1.25447091,3,2,0.42222222,0.16666667
h4,50,12,sma_stack_bull+pin_bull+mtf_trend_bull+cross_group_bull,193,45,1.41559672,1.34063659,4,3,0.50839161,0.36363636
h4,50,12,ichimoku_cloud_bull+pin_bull+elliott_pullback_bull,150,36,1.41497277,1.38435300,4,4,0.58982684,0.45454545
h4,50,12,ichimoku_cloud_bull+pin_bull+mtf_trend_bull+cross_group_bull,241,73,1.41472293,1.50911444,4,4,0.58577326,0.41176471
h4,50,12,ichimoku_cloud_bull+pin_bull+cross_group_bull,340,83,1.41453004,1.45370232,4,4,0.55180481,0.41176471
h4,50,12,sma_stack_bull+pin_bull+cross_group_return_up,291,47,1.41217945,1.39520459,4,4,0.53533966,0.45454545
h4,50,12,trend_bull+pin_bull+elliott_pullback_bull,128,28,1.41120954,1.31149231,3,3,0.57619048,0.42857143
h4,50,12,ichimoku_cloud_bull+pin_bull+mtf_price200_bull+cross_group_bull,282,78,1.40920783,1.47963235,4,4,0.56540059,0.41176471
h4,50,12,ichimoku_cloud_bull+di_bull+pin_bull+cross_group_bull,186,29,1.40817468,1.26626844,3,2,0.55934343,0.37500000
h4,50,12,ichimoku_cloud_bull+di_bull+pin_bull+mtf_price200_bull,305,51,1.40658263,1.18291464,4,3,0.45618687,0.36363636
h4,50,12,pin_bull+elliott_pullback_bull+mtf_price200_bull,183,46,1.40658263,1.36851372,4,4,0.55234594,0.41176471
h4,50,12,sma_stack_bull+pin_bull+mtf_price200_bull+cross_group_bull,220,45,1.40607787,1.34063659,4,3,0.50839161,0.36363636
h4,50,12,sma_stack_bull+di_bull+pin_bull,314,43,1.40222095,1.15899321,4,3,0.44747475,0.30000000
h4,50,12,trend_bull+pin_bull+mtf_price200_bull+cross_group_bull,274,59,1.40090874,1.33372100,4,4,0.50269767,0.41176471
h4,50,12,trend_bull+pin_bull+cross_group_bull,292,59,1.39961056,1.33372100,4,4,0.50269767,0.41176471
h4,50,12,trend_bull+pin_bull+mtf_trend_bull+cross_group_return_up,292,62,1.39961056,1.39610472,4,4,0.52389706,0.47058824
h4,50,12,ichimoku_cloud_bull+rsi_up1+atr_expand+mtf_volatility,168,26,1.39776945,1.00884024,2,1,0.40000000,0.00000000
h4,50,12,trend_bull+pin_bull+cross_group_return_up,354,65,1.39685826,1.37202273,4,4,0.51253342,0.45454545
h4,50,12,pin_bull+elliott_pullback_bull+cross_target_relative_up,131,25,1.39612791,1.36395201,3,3,0.55555556,0.50000000
h4,50,12,trend_bull+pin_bull+mtf_price200_bull+cross_group_return_up,335,65,1.39520179,1.37202273,4,4,0.51253342,0.45454545
h4,50,12,volatility+pin_bull+cross_group_return_up,235,43,1.39319410,1.64699035,4,4,0.64740260,0.53333333
h4,50,12,sma_stack_bull+di_bull+pin_bull+cross_group_return_up,201,26,1.39295509,1.31149231,4,3,0.49672619,0.33333333
h4,50,12,sma_stack_bull+pin_bull+mtf_price200_bull+cross_group_return_up,274,47,1.39266810,1.39520459,4,4,0.53533966,0.45454545
h4,50,12,ichimoku_cloud_bull+pin_bull+cross_target_relative_up,362,80,1.39093802,1.34427962,4,3,0.55168559,0.35294118
h4,50,12,pin_bull+elliott_pullback_bull,247,49,1.38949863,1.39178776,4,4,0.57516340,0.41176471
h4,50,12,pin_bull+elliott_pullback_bull+mtf_trend_bull,156,39,1.38949863,1.34512032,4,4,0.55714286,0.40000000
h4,50,12,ichimoku_cloud_bull+pin_bull+mtf_trend_bull,551,146,1.38918340,1.45521750,4,4,0.56761319,0.51351351
h4,50,12,di_bull+pin_bull+mtf_trend_bull+cross_group_return_up,249,43,1.38740601,1.34199213,4,4,0.52272727,0.45454545
h4,50,12,atr_expand+elliott_impulse_bull+mtf_volatility,171,23,1.38645148,1.14042810,1,1,0.60000000,0.60000000
h4,50,12,di_bull+pin_bull+cross_group_return_up,380,58,1.38447084,1.22104457,4,3,0.48489011,0.35714286
h4,50,12,pin_bull+elliott_pullback_bull+mtf_price200_bull+cross_group_return_up,124,29,1.38389581,1.44716393,4,4,0.54696970,0.40000000
h4,50,12,ichimoku_cloud_bull+di_bull+pin_bull+mtf_trend_bull,253,46,1.38332003,1.25447091,4,4,0.48611111,0.40000000
h4,50,12,pin_bull+mtf_price200_bull,1027,250,1.38290290,1.47936333,4,4,0.57647107,0.51724138
h4,50,12,trend_bull+atr_expand+impulse_bull+mtf_volatility,129,23,1.38276656,0.79829967,1,1,0.80000000,0.80000000
h4,50,12,sma_stack_bull+pin_bull+mtf_trend_bull+cross_group_return_up,237,47,1.38143719,1.39520459,4,4,0.53533966,0.45454545
h4,50,12,pin_bull+mtf_trend_bull+cross_group_bull,363,104,1.38088603,1.51326036,4,4,0.59819499,0.48000000
h4,50,12,volatility+pin_bull+mtf_trend_bull+cross_target_relative_up,121,37,1.38088603,1.70139543,4,4,0.66527778,0.58333333
h4,50,12,ichimoku_cloud_bull+di_bull+pin_bull+cross_target_relative_up,180,22,1.37984933,1.07303917,2,1,0.39285714,0.28571429
h4,50,12,di_bull+pin_bull,581,82,1.37963343,1.18354184,4,3,0.47181373,0.30000000
h4,50,12,di_bull+pin_bull+mtf_price200_bull,478,79,1.37932447,1.19528413,4,3,0.47085913,0.31578947
h4,50,12,trend_bull+di_bull+pin_bull+cross_group_return_up,249,37,1.37833799,1.34693805,4,3,0.48895202,0.37500000
h4,50,12,sma_stack_bull+pin_bull,538,93,1.37658507,1.26918611,4,4,0.51208978,0.44000000
h4,50,12,volatility+pin_bull+mtf_price200_bull+cross_group_return_up,174,34,1.37552378,1.85151856,4,4,0.75714286,0.57142857
h4,50,12,pin_bull+cross_group_return_up,685,162,1.37453870,1.44102242,4,4,0.56834876,0.48717949
h4,50,12,pin_bull+mtf_price200_bull+cross_group_bull,437,130,1.37439538,1.49308356,4,4,0.57857143,0.46666667
h4,50,12,ichimoku_cloud_bull+pin_bull+mtf_price200_bull+cross_target_relative_up,309,73,1.37375997,1.32945796,4,3,0.54166667,0.33333333
h4,50,12,pin_bull+cross_group_bull,569,146,1.37301512,1.43725185,4,4,0.55956805,0.43750000
h4,50,12,di_bull+pin_bull+mtf_price200_bull+cross_group_return_up,316,56,1.37191004,1.26465330,4,4,0.49175824,0.38461538
h4,50,12,pin_bull+mtf_price200_bull+cross_group_return_up,530,144,1.37180218,1.49364402,4,4,0.58356596,0.50000000
h4,50,12,sma_stack_bull+di_bull+pin_bull+cross_group_bull,163,23,1.37138400,1.25447091,3,2,0.51944444,0.33333333
h4,50,12,pin_bull+mtf_trend_bull+cross_group_return_up,435,113,1.37033313,1.53200872,4,4,0.61009286,0.51612903
h4,50,12,trend_bull+volatility+pin_bull+mtf_trend_bull,155,22,1.36932848,1.78839861,2,2,0.60000000,0.50000000
h4,50,12,atr_expand+impulse_bull+elliott_impulse_bull+mtf_volatility,137,21,1.36794618,1.24904030,1,1,0.60000000,0.60000000
h4,50,12,trend_bull+pin_bull,644,117,1.36738316,1.27786431,4,4,0.50255270,0.41666667
h4,50,12,sma_stack_bull+di_bull+pin_bull+mtf_price200_bull,294,43,1.36704924,1.15899321,4,3,0.44747475,0.30000000
h4,100,1,atr_expand+pin_bull,126,24,11.48683031,19.43194444,4,1,0.04166667,0.00000000
h4,100,1,adx25+atr_expand+impulse_bull+mtf_volatility,224,24,10.33814728,19.43194444,1,1,0.14285714,0.14285714
h4,100,1,ichimoku_cloud_bull+adx25+atr_expand+mtf_volatility,318,53,9.10277119,8.79937107,5,1,0.02500000,0.00000000
h4,100,1,adx25+volatility+pin_bull+mtf_volatility,159,28,9.10277119,0.00000000,4,0,0.00000000,0.00000000
h4,100,1,adx25+volatility+pin_bull+mtf_adx25,163,28,8.87939030,16.65595238,3,1,0.03333333,0.00000000
h4,100,1,adx25+atr_expand+mtf_volatility,697,83,8.72142124,5.61887550,8,1,0.00961538,0.00000000
h4,100,1,rsi_up1+atr_expand+mtf_volatility,378,58,8.42367556,8.04080460,6,1,0.02083333,0.00000000
h4,100,1,adx25+volatility+pin_bull,268,57,8.10078705,8.18187135,4,1,0.01666667,0.00000000
h4,100,1,rsi_up1+atr_expand+mtf_volatility+cross_group_return_up,146,21,7.93063353,0.00000000,1,0,0.00000000,0.00000000
h4,100,1,ichimoku_cloud_bull+rsi_up1+atr_expand+mtf_volatility,168,26,7.75361046,0.00000000,2,0,0.00000000,0.00000000
h4,100,1,rsi_up1+atr_expand+impulse_bull+mtf_volatility,338,50,7.70773111,9.32733333,6,1,0.02777778,0.00000000
h4,100,1,atr_expand+impulse_bull+mtf_volatility+cross_group_return_up,157,27,7.37498405,17.27283951,2,1,0.07142857,0.00000000
h4,100,1,atr_expand+impulse_bull+mtf_volatility,362,62,7.19672131,15.04408602,6,2,0.03365385,0.00000000
h4,100,1,atr_expand+elliott_impulse_bull+mtf_volatility+cross_group_return_up,121,22,7.17689563,21.19848485,1,1,0.20000000,0.20000000
h4,100,1,ichimoku_cloud_bull+atr_expand+mtf_volatility,569,93,7.12223855,10.02939068,8,2,0.02455357,0.00000000
h4,100,1,volatility+pin_bull+mtf_volatility,246,36,7.06019814,0.00000000,4,0,0.00000000,0.00000000
h4,100,1,volatility+pin_bull+mtf_adx25,250,35,6.94723497,13.32476190,3,1,0.02777778,0.00000000
h4,100,1,atr_expand+breakout20_up+elliott_impulse_bull+mtf_volatility,125,19,6.94723497,24.54561404,1,1,0.20000000,0.20000000
h4,100,1,atr_expand+breakout_up20+elliott_impulse_bull+mtf_volatility,125,19,6.94723497,24.54561404,1,1,0.20000000,0.20000000
h4,100,1,atr_expand+retest_up+elliott_impulse_bull+mtf_volatility,125,19,6.94723497,24.54561404,1,1,0.20000000,0.20000000
h4,100,1,atr_expand+impulse_bull+elliott_wave3_bull+mtf_volatility,125,20,6.94723497,23.31833333,1,1,0.20000000,0.20000000
h4,100,1,volatility+pin_bull+mtf_volatility+cross_group_return_up,128,22,6.78440915,0.00000000,3,0,0.00000000,0.00000000
h4,100,1,ichimoku_cloud_bull+atr_expand+impulse_bull+mtf_volatility,171,27,6.77118418,17.27283951,1,0,0.00000000,0.00000000
h4,100,1,atr_expand+mtf_volatility,1172,172,6.66863425,8.13430233,11,3,0.01820150,0.00000000
h4,100,1,adx25+atr_expand+mtf_volatility+cross_target_relative_up,304,35,6.66538443,0.00000000,4,0,0.00000000,0.00000000
h4,100,1,adx25+volatility+pin_bull+mtf_adx_rising,174,45,6.65443963,10.36370370,4,1,0.01923077,0.00000000
h4,100,1,adx25+atr_expand+impulse_bull+mtf_adx25,352,34,6.57882100,13.71666667,2,1,0.08333333,0.00000000
h4,100,1,macd_cross_up+elliott_impulse_bull+mtf_volatility+cross_group_return_up,179,29,6.46856143,16.08160920,1,1,0.20000000,0.20000000
h4,100,1,volatility+pin_bull+cross_group_bull,202,40,6.44854731,0.00000000,4,0,0.00000000,0.00000000
h4,100,1,ichimoku_cloud_bull+rsi_up1+superbb_bull+elliott_wave5_bull,135,20,6.43262497,0.00000000,1,0,0.00000000,0.00000000
h4,100,1,ichimoku_cloud_bull+superbb_bull+breakout20_up+elliott_wave5_bull,136,20,6.38532626,0.00000000,1,0,0.00000000,0.00000000
h4,100,1,ichimoku_cloud_bull+superbb_bull+breakout_up20+elliott_wave5_bull,136,20,6.38532626,0.00000000,1,0,0.00000000,0.00000000
h4,100,1,ichimoku_cloud_bull+superbb_bull+retest_up+elliott_wave5_bull,136,20,6.38532626,0.00000000,1,0,0.00000000,0.00000000
h4,100,1,volatility+pin_bull,479,82,6.34533466,5.68739837,4,1,0.01086957,0.00000000
h4,100,1,price20_bull+atr_expand+elliott_wave5_bull+mtf_volatility,137,19,6.33871804,24.54561404,1,1,0.20000000,0.20000000
h4,100,1,ema20_rising+atr_expand+elliott_wave5_bull+mtf_volatility,137,19,6.33871804,24.54561404,1,1,0.20000000,0.20000000
h4,100,1,atr_expand+impulse_bull+elliott_impulse_bull+mtf_volatility,137,21,6.33871804,22.20793651,1,1,0.20000000,0.20000000
h4,100,1,adx25+pin_bull+mtf_volatility,254,48,6.26801056,0.00000000,4,0,0.00000000,0.00000000
h4,100,1,atr_expand+elliott_wave5_bull+mtf_volatility,139,19,6.24751346,24.54561404,1,1,0.20000000,0.20000000
h4,100,1,atr_expand+breakout20_up+mtf_volatility,140,20,6.20288837,23.31833333,1,1,0.16666667,0.16666667
h4,100,1,atr_expand+breakout_up20+mtf_volatility,140,20,6.20288837,23.31833333,1,1,0.16666667,0.16666667
h4,100,1,atr_expand+retest_up+mtf_volatility,140,19,6.20288837,24.54561404,1,1,0.20000000,0.20000000
h4,100,1,price20_bull+atr_expand+breakout20_up+mtf_volatility,140,20,6.20288837,23.31833333,1,1,0.16666667,0.16666667
h4,100,1,price20_bull+atr_expand+breakout_up20+mtf_volatility,140,20,6.20288837,23.31833333,1,1,0.16666667,0.16666667
h4,100,1,ema20_rising+atr_expand+breakout20_up+mtf_volatility,140,20,6.20288837,23.31833333,1,1,0.16666667,0.16666667
h4,100,1,ema20_rising+atr_expand+breakout_up20+mtf_volatility,140,20,6.20288837,23.31833333,1,1,0.16666667,0.16666667
h4,100,1,ichimoku_cloud_bull+superbb_bull+impulse_bull+elliott_wave5_bull,140,20,6.20288837,0.00000000,1,0,0.00000000,0.00000000
h4,100,1,price20_bull+atr_expand+retest_up+mtf_volatility,140,19,6.20288837,24.54561404,1,1,0.20000000,0.20000000
h4,100,1,ema20_rising+atr_expand+retest_up+mtf_volatility,140,19,6.20288837,24.54561404,1,1,0.20000000,0.20000000
h4,100,1,atr_expand+breakout20_up+retest_up+mtf_volatility,140,19,6.20288837,24.54561404,1,1,0.20000000,0.20000000
h4,100,1,atr_expand+breakout_up20+retest_up+mtf_volatility,140,19,6.20288837,24.54561404,1,1,0.20000000,0.20000000
h4,100,1,ichimoku_cloud_bull+superbb_bull+elliott_wave5_bull,142,20,6.11552374,0.00000000,1,0,0.00000000,0.00000000
h4,100,1,adx25+atr_expand+mtf_volatility+cross_group_return_up,290,28,5.98899567,16.65595238,2,1,0.05555556,0.00000000
h4,100,1,triangle_breakout_up+impulse_bull+elliott_wave5_bull,121,17,5.98074636,0.00000000,1,0,0.00000000,0.00000000
h4,100,1,price20_bull+triangle_breakout_up+impulse_bull+elliott_wave5_bull,121,17,5.98074636,0.00000000,1,0,0.00000000,0.00000000
h4,100,1,ema20_rising+triangle_breakout_up+impulse_bull+elliott_wave5_bull,121,17,5.98074636,0.00000000,1,0,0.00000000,0.00000000
h4,100,1,ichimoku_cloud_bull+volatility+pin_bull,243,59,5.95613424,7.90451977,4,1,0.01666667,0.00000000
h4,100,1,atr_expand+elliott_wave5_bull+mtf_adx25+cross_group_return_up,171,22,5.92478616,21.19848485,1,1,0.20000000,0.20000000
h4,100,1,triangle_breakout_up+impulse_bull+elliott_impulse_bull,123,17,5.88349845,0.00000000,1,0,0.00000000,0.00000000
h4,100,1,price20_bull+triangle_breakout_up+impulse_bull+elliott_impulse_bull,123,17,5.88349845,0.00000000,1,0,0.00000000,0.00000000
h4,100,1,ema20_rising+triangle_breakout_up+impulse_bull+elliott_impulse_bull,123,17,5.88349845,0.00000000,1,0,0.00000000,0.00000000
h4,100,1,macd_cross_up+impulse_bull+elliott_wave5_bull+mtf_volatility,148,20,5.86759711,0.00000000,1,0,0.00000000,0.00000000
h4,100,1,macd_cross_up+impulse_bull+elliott_impulse_bull+mtf_volatility,203,28,5.70380540,16.65595238,1,0,0.00000000,0.00000000
h4,100,1,ichimoku_cloud_bull+volatility+pin_bull+cross_group_return_up,127,29,5.69819141,0.00000000,4,0,0.00000000,0.00000000
h4,100,1,rsi_up1+atr_expand+mtf_volatility+cross_target_relative_up,153,25,5.67584557,18.65466667,1,0,0.00000000,0.00000000
h4,100,1,adx25+volatility+pin_bull+cross_group_return_up,128,34,5.65367429,0.00000000,4,0,0.00000000,0.00000000
h4,100,1,atr_expand+impulse_bull+elliott_wave5_bull+mtf_adx25,207,24,5.59358693,19.43194444,1,1,0.20000000,0.20000000
h4,100,1,price20_bull+volatility+pin_bull+cross_group_return_up,156,13,5.56669469,0.00000000,1,0,0.00000000,0.00000000
h4,100,1,ema20_rising+volatility+pin_bull+cross_group_return_up,156,13,5.56669469,0.00000000,1,0,0.00000000,0.00000000
h4,100,1,volatility+pin_bull+cross_group_return_up,235,43,5.54300663,0.00000000,4,0,0.00000000,0.00000000
h4,100,1,macd_cross_up+elliott_wave3_bull+mtf_volatility,183,26,5.53627559,17.93717949,1,1,0.20000000,0.20000000
h4,100,1,atr_expand+breakout20_up+elliott_wave3_bull+mtf_adx25,236,26,5.51951931,17.93717949,1,1,0.20000000,0.20000000
h4,100,1,atr_expand+breakout_up20+elliott_wave3_bull+mtf_adx25,236,26,5.51951931,17.93717949,1,1,0.20000000,0.20000000
h4,100,1,atr_expand+retest_up+elliott_wave3_bull+mtf_adx25,236,26,5.51951931,17.93717949,1,1,0.20000000,0.20000000
h4,100,1,price20_bull+atr_expand+elliott_wave3_bull+mtf_volatility,158,22,5.49623020,21.19848485,1,1,0.20000000,0.20000000
h4,100,1,ema20_rising+atr_expand+elliott_wave3_bull+mtf_volatility,158,22,5.49623020,21.19848485,1,1,0.20000000,0.20000000
h4,100,3,atr_expand+pin_bull,126,24,6.22723190,4.46711367,4,2,0.08333333,0.00000000
h4,100,3,adx25+pin_bull+mtf_volatility,254,48,5.34651800,4.46711367,4,3,0.07767233,0.00000000
h4,100,3,adx25+pin_bull+mtf_adx25+cross_target_relative_up,135,36,5.14145813,2.97807578,4,2,0.04861111,0.00000000
h4,100,3,pin_bull+mtf_volatility,488,86,4.94723341,4.36322730,4,3,0.08121281,0.00000000
h4,100,3,ichimoku_cloud_bull+pin_bull+mtf_volatility,235,36,4.87986683,1.48903789,4,1,0.02777778,0.00000000
h4,100,3,pin_bull+mtf_volatility+cross_group_bull,211,47,4.86282564,5.70269830,4,3,0.11212121,0.00000000
h4,100,3,ichimoku_cloud_bull+pin_bull+mtf_volatility+cross_group_return_up,131,22,4.83771450,2.43660745,3,1,0.06666667,0.00000000
h4,100,3,adx_up3+atr_expand+mtf_volatility,431,87,4.83130056,0.61615361,10,1,0.00666667,0.00000000
h4,100,3,adx25+pin_bull+mtf_adx25,310,67,4.57539297,3.20032024,4,3,0.05626294,0.00000000
h4,100,3,ichimoku_cloud_bull+adx25+atr_expand+mtf_volatility,318,53,4.55518850,1.01142196,5,1,0.02500000,0.00000000
h4,100,3,pin_bull+mtf_volatility+cross_group_return_up,250,53,4.46636232,4.04568785,4,3,0.07911706,0.00000000
h4,100,3,adx25+pin_bull+mtf_adx25+cross_group_return_up,137,38,4.40556552,1.41066747,4,1,0.02083333,0.00000000
h4,100,3,adx_up3+atr_expand+mtf_volatility+cross_target_relative_up,187,33,4.35726921,0.00000000,3,0,0.00000000,0.00000000
h4,100,3,price20_bull+pin_bull+mtf_volatility+cross_group_bull,137,27,4.18528724,3.97076770,4,2,0.10000000,0.00000000
h4,100,3,ema20_rising+pin_bull+mtf_volatility+cross_group_bull,137,27,4.18528724,3.97076770,4,2,0.10000000,0.00000000
h4,100,3,ichimoku_cloud_bull+rsi_up1+atr_expand+mtf_volatility,168,26,4.13152886,0.00000000,2,0,0.00000000,0.00000000
h4,100,3,adx25+atr_expand+mtf_volatility,697,83,4.06993348,0.64584776,8,1,0.00961538,0.00000000
h4,100,3,adx25+pin_bull+mtf_trend_bull+cross_group_bull,151,47,3.99710249,2.28107932,4,2,0.04423077,0.00000000
h4,100,3,ichimoku_cloud_bull+adx25+pin_bull+cross_group_bull,137,36,3.96500897,1.48903789,4,1,0.03125000,0.00000000
h4,100,3,ichimoku_cloud_bull+pin_bull+mtf_adx25+cross_target_relative_up,161,30,3.93627702,7.14738186,3,2,0.17619048,0.00000000
h4,100,3,price20_bull+pin_bull+mtf_volatility+cross_group_return_up,162,31,3.91197901,3.45841058,4,2,0.08571429,0.00000000
h4,100,3,ema20_rising+pin_bull+mtf_volatility+cross_group_return_up,162,31,3.91197901,3.45841058,4,2,0.08571429,0.00000000
h4,100,3,ichimoku_cloud_bull+adx_up3+atr_expand+mtf_volatility,201,45,3.90363791,1.19123031,5,1,0.02857143,0.00000000
h4,100,3,adx25+pin_bull,588,130,3.90057383,2.47409372,4,4,0.04989107,0.03333333
h4,100,3,price20_bull+adx25+pin_bull+mtf_adx25,147,27,3.90057383,3.97076770,4,2,0.08125000,0.00000000
h4,100,3,ema20_rising+adx25+pin_bull+mtf_adx25,147,27,3.90057383,3.97076770,4,2,0.08125000,0.00000000
h4,100,3,pin_bull+mtf_adx25+cross_target_relative_up,281,61,3.86623650,4.39388229,4,2,0.06888545,0.00000000
h4,100,3,ichimoku_cloud_bull+adx25+pin_bull+mtf_adx25,149,30,3.84821713,1.78684547,3,1,0.03703704,0.00000000
h4,100,3,rsi_up1+atr_expand+mtf_volatility,378,58,3.83214271,0.92423041,6,1,0.02083333,0.00000000
h4,100,3,ichimoku_cloud_bull+atr_expand+mtf_volatility,569,93,3.81867296,1.15280353,8,2,0.02455357,0.00000000
h4,100,3,ichimoku_cloud_bull+adx25+pin_bull+cross_target_relative_up,127,32,3.80196835,3.35033525,4,2,0.06696429,0.00000000
h4,100,3,price20_bull+pin_bull+mtf_adx25+cross_group_bull,175,41,3.79382128,2.61489580,4,1,0.04166667,0.00000000
h4,100,3,ema20_rising+pin_bull+mtf_adx25+cross_group_bull,175,41,3.79382128,2.61489580,4,1,0.04166667,0.00000000
h4,100,3,pin_bull+mtf_adx25,585,117,3.71423062,3.66532403,4,4,0.06593985,0.04166667
h4,100,3,adx25+pin_bull+cross_group_bull,237,66,3.69268182,2.43660745,4,3,0.04922969,0.00000000
h4,100,3,adx25+pin_bull+cross_target_relative_up,262,63,3.68587772,2.55263638,4,3,0.04595588,0.00000000
h4,100,3,price20_bull+pin_bull+mtf_adx25+cross_group_return_up,205,45,3.68025900,3.57369093,4,2,0.05844156,0.00000000
h4,100,3,ema20_rising+pin_bull+mtf_adx25+cross_group_return_up,205,45,3.68025900,3.57369093,4,2,0.05844156,0.00000000
h4,100,3,adx_up3+atr_expand+mtf_adx25+cross_target_relative_up,271,44,3.67482688,6.09151863,4,2,0.13125000,0.00000000
h4,100,3,adx25+atr_expand+mtf_volatility+cross_target_relative_up,304,35,3.67299533,0.00000000,4,0,0.00000000,0.00000000
h4,100,3,ichimoku_cloud_bull+atr_expand+horizontal_break_up+mtf_trend_bull,190,21,3.65314130,2.55263638,1,0,0.00000000,0.00000000
h4,100,3,ichimoku_cloud_bull+adx25+pin_bull+mtf_trend_bull,225,60,3.62137486,0.89342273,4,1,0.01562500,0.00000000
h4,100,3,rsi_up1+atr_expand+mtf_volatility+cross_target_relative_up,153,25,3.55036751,2.14421456,1,0,0.00000000,0.00000000
h4,100,3,adx25+atr_expand+elliott_impulse_bull+mtf_trend_bull,188,15,3.53148257,3.57369093,1,0,0.00000000,0.00000000
h4,100,3,price20_bull+pin_bull+mtf_volatility,248,42,3.52889351,5.10527276,4,3,0.10466270,0.00000000
h4,100,3,ema20_rising+pin_bull+mtf_volatility,248,42,3.52889351,5.10527276,4,3,0.10466270,0.00000000
h4,100,3,adx25+pin_bull+cross_group_return_up,284,75,3.50661298,1.42947637,4,2,0.03055556,0.00000000
h4,100,3,pin_bull+mtf_volatility+cross_target_relative_up,234,44,3.48209121,2.43660745,4,2,0.03708791,0.00000000
h4,100,3,atr_expand+mtf_volatility,1172,172,3.47614907,1.24663637,11,4,0.02577725,0.00000000
h4,100,3,pin_bull+mtf_adx25+cross_group_bull,237,62,3.43801411,2.59380793,4,1,0.03947368,0.00000000
h4,100,3,price20_bull+pin_bull+mtf_adx25+cross_target_relative_up,176,37,3.42933225,5.79517448,4,2,0.09545455,0.00000000
h4,100,3,ema20_rising+pin_bull+mtf_adx25+cross_target_relative_up,176,37,3.42933225,5.79517448,4,2,0.09545455,0.00000000
h4,100,3,adx25+horizontal_break_up+mtf_volatility+cross_group_return_up,363,52,3.40854842,3.09261715,4,1,0.04545455,0.00000000
h4,100,3,atr_expand+breakout20_up+elliott_impulse_bull+mtf_volatility,125,19,3.37994987,2.82133495,1,1,0.20000000,0.20000000
h4,100,3,atr_expand+retest_up+elliott_impulse_bull+mtf_volatility,125,19,3.37994987,2.82133495,1,1,0.20000000,0.20000000
h4,100,3,adx25+atr_expand+horizontal_break_up+cross_group_return_up,161,24,3.37395173,2.23355683,1,1,0.16666667,0.16666667
h4,100,3,ichimoku_cloud_bull+atr_expand+mtf_volatility+cross_group_return_up,242,36,3.36698076,2.97807578,3,1,0.04761905,0.00000000
h4,100,3,ichimoku_cloud_bull+adx25+horizontal_break_up+mtf_trend_bull,765,90,3.35312487,1.78684547,7,1,0.01785714,0.00000000
h4,100,3,ichimoku_cloud_bull+adx25+pin_bull,306,71,3.35312487,1.51001025,4,2,0.03033088,0.00000000
h4,100,3,adx25+pin_bull+mtf_trend_bull+cross_group_return_up,180,52,3.35312487,1.03087238,4,1,0.01666667,0.00000000
h4,100,3,ichimoku_cloud_bull+rsi_up1+superbb_bull+elliott_wave5_bull,135,20,3.35312487,0.00000000,1,0,0.00000000,0.00000000
h4,100,3,adx25+horizontal_break_up+mtf_trend_bull+cross_group_return_up,706,95,3.33412699,1.69280097,9,2,0.04409171,0.00000000
h4,100,3,pin_bull+mtf_adx25+cross_group_return_up,281,69,3.32925921,3.10755733,4,2,0.04724880,0.00000000
h4,100,3,ichimoku_cloud_bull+superbb_bull+breakout20_up+elliott_wave5_bull,136,20,3.32846954,0.00000000,1,0,0.00000000,0.00000000
h4,100,3,ichimoku_cloud_bull+superbb_bull+retest_up+elliott_wave5_bull,136,20,3.32846954,0.00000000,1,0,0.00000000,0.00000000
h4,100,3,adx_up3+engulf_bull+mtf_adx25+cross_target_relative_up,127,27,3.32672231,3.97076770,1,0,0.00000000,0.00000000
h4,100,3,ichimoku_cloud_bull+adx25+pin_bull+cross_group_return_up,164,43,3.31223310,1.24663637,4,1,0.02777778,0.00000000
h4,100,3,adx25+pin_bull+mtf_trend_bull+cross_target_relative_up,137,42,3.30417414,1.27631819,4,1,0.01785714,0.00000000
h4,100,3,rsi_up1+squeeze_release_up+elliott_wave5_bull+mtf_adx25,129,22,3.27514522,0.00000000,2,0,0.00000000,0.00000000
h4,100,3,ichimoku_cloud_bull+adx25+horizontal_break_up+mtf_volatility,362,44,3.25123433,2.43660745,4,1,0.06250000,0.00000000
h4,100,3,superbb_bull+horizontal_break_up+elliott_wave5_bull+cross_group_return_up,121,27,3.24227777,1.98538385,1,1,0.20000000,0.20000000
h4,100,3,atr_expand+elliott_impulse_bull+mtf_volatility+cross_group_return_up,121,22,3.24227777,2.43660745,1,1,0.20000000,0.20000000
h4,100,3,atr_expand+horizontal_break_up+mtf_trend_bull+cross_group_return_up,177,24,3.23945962,2.23355683,1,0,0.00000000,0.00000000
h4,100,3,ichimoku_cloud_bull+atr_expand+mtf_volatility+cross_group_bull,205,30,3.23862792,3.57369093,2,1,0.07142857,0.00000000
h4,100,3,atr_expand+mtf_volatility+cross_target_relative_up,514,70,3.22917667,1.53158183,9,1,0.02222222,0.00000000
h4,100,3,price20_bull+pin_bull+mtf_adx25,318,68,3.22659185,4.72988506,4,4,0.09102167,0.05882353
h4,100,3,ema20_rising+pin_bull+mtf_adx25,318,68,3.22659185,4.72988506,4,4,0.09102167,0.05882353
h4,100,3,price20_bull+adx25+pin_bull+cross_group_bull,159,31,3.22659185,0.00000000,4,0,0.00000000,0.00000000
h4,100,3,ema20_rising+adx25+pin_bull+cross_group_bull,159,31,3.22659185,0.00000000,4,0,0.00000000,0.00000000
h4,100,3,ichimoku_cloud_bull+adx_up3+atr_expand+mtf_trend_bull,526,143,3.21288010,4.49835222,9,5,0.08129541,0.00000000
h4,100,3,ichimoku_cloud_bull+adx25+breakout20_up+mtf_volatility,386,48,3.20544838,2.23355683,4,1,0.06250000,0.00000000
h4,100,3,ichimoku_cloud_bull+pin_bull+mtf_adx25,330,57,3.20071010,3.76177993,4,2,0.05138889,0.00000000
h4,100,3,ichimoku_cloud_bull+superbb_bull+elliott_wave5_bull,142,20,3.18782998,0.00000000,1,0,0.00000000,0.00000000
h4,100,3,ichimoku_cloud_bull+atr_expand+mtf_volatility+cross_target_relative_up,256,33,3.18284900,1.62440497,2,0,0.00000000,0.00000000
h4,100,3,price20_bull+adx25+pin_bull+cross_group_return_up,191,36,3.16001296,0.00000000,4,0,0.00000000,0.00000000
h4,100,3,ema20_rising+adx25+pin_bull+cross_group_return_up,191,36,3.16001296,0.00000000,4,0,0.00000000,0.00000000
h4,100,3,adx_up3+pin_bull,258,61,3.15817575,5.27265875,4,4,0.10760971,0.05882353
h4,100,3,adx25+breakout20_up+mtf_volatility+cross_group_return_up,488,91,3.15386130,2.94534967,8,3,0.05902778,0.00000000
h4,100,3,adx25+retest_up+mtf_volatility+cross_group_return_up,488,89,3.15386130,3.01153730,8,3,0.06092172,0.00000000
h4,100,6,adx25+volatility+pin_bull+mtf_volatility,159,28,4.90619679,6.54029544,4,4,0.38412698,0.22222222
h4,100,6,adx25+volatility+pin_bull+mtf_adx25,163,28,4.63624309,5.23223635,3,3,0.27407407,0.20000000
h4,100,6,volatility+pin_bull+mtf_volatility,246,36,4.55842522,5.59558610,4,4,0.30198413,0.22222222
h4,100,6,atr_expand+pin_bull,126,24,4.35315452,2.28910340,4,2,0.12500000,0.00000000
h4,100,6,adx25+pin_bull+mtf_volatility,254,48,4.27089018,5.72275851,4,4,0.32958708,0.15384615
h4,100,6,volatility+pin_bull+mtf_volatility+cross_group_return_up,128,22,4.18991122,5.82680866,3,3,0.33174603,0.16666667
h4,100,6,adx25+volatility+pin_bull,268,57,4.18422613,4.49788739,4,4,0.24232955,0.18181818
h4,100,6,adx25+pin_bull+mtf_adx25+cross_target_relative_up,135,36,4.15323186,3.05213787,4,4,0.16805556,0.11111111
h4,100,6,adx25+volatility+pin_bull+cross_group_return_up,128,34,3.99946071,4.84751309,4,4,0.26420455,0.16666667
h4,100,6,volatility+pin_bull+mtf_adx25,250,35,3.94918178,5.75545999,3,3,0.30079365,0.20000000
h4,100,6,ichimoku_cloud_bull+volatility+pin_bull,243,59,3.91246480,4.65580353,4,4,0.24687922,0.08333333
h4,100,6,ichimoku_cloud_bull+volatility+pin_bull+cross_group_return_up,127,29,3.83900241,6.31476801,4,4,0.35995671,0.14285714
h4,100,6,ichimoku_cloud_bull+pin_bull+mtf_volatility,235,36,3.83818560,4.06951716,4,4,0.20585317,0.12500000
h4,100,6,adx25+pin_bull+mtf_adx25,310,67,3.81392505,3.55323513,4,4,0.18962215,0.08333333
h4,100,6,volatility+pin_bull+cross_group_bull,202,40,3.80146761,5.03602749,4,4,0.29027778,0.16666667
h4,100,6,ichimoku_cloud_bull+adx25+pin_bull+cross_group_bull,137,36,3.73672242,3.56082752,4,4,0.20833333,0.08333333
h4,100,6,adx25+pin_bull+mtf_adx25+cross_group_return_up,137,38,3.73672242,2.40958253,4,4,0.13293651,0.11111111
h4,100,6,ichimoku_cloud_bull+pin_bull+mtf_volatility+cross_group_return_up,131,22,3.72178096,4.99440743,3,3,0.26507937,0.16666667
h4,100,6,pin_bull+mtf_volatility,488,86,3.72159029,4.47173688,4,4,0.24830155,0.16000000
h4,100,6,volatility+pin_bull,479,82,3.71517655,4.24321606,4,4,0.22704849,0.15384615
h4,100,6,volatility+pin_bull+mtf_trend_bull+cross_group_bull,128,32,3.71378495,5.72275851,4,4,0.34307359,0.18181818
h4,100,6,pin_bull+mtf_volatility+cross_group_bull,211,47,3.69708668,4.28598084,4,4,0.24924242,0.13333333
h4,100,6,adx25+volatility+pin_bull+mtf_trend_bull,149,47,3.68119107,4.67561546,4,4,0.25170940,0.20000000
h4,100,6,ichimoku_cloud_bull+volatility+pin_bull+mtf_trend_bull,184,52,3.64340106,4.57820681,4,4,0.24022615,0.09090909
h4,100,6,ichimoku_cloud_bull+adx25+pin_bull+mtf_adx25,149,30,3.59938682,3.05213787,3,3,0.20502646,0.14285714
h4,100,6,volatility+pin_bull+cross_target_relative_up,204,46,3.52520160,4.77725928,4,4,0.25320513,0.15384615
h4,100,6,sma_stack_bull+volatility+pin_bull,157,19,3.49361445,2.89149904,2,1,0.11111111,0.00000000
h4,100,6,sma_stack_bull+atr_expand+mtf_volatility+cross_group_return_up,164,19,3.49314106,2.89149904,1,0,0.00000000,0.00000000
h4,100,6,adx25+pin_bull+mtf_trend_bull+cross_group_bull,151,47,3.47099208,3.50671160,4,4,0.20352564,0.08333333
h4,100,6,pin_bull+mtf_adx25+cross_target_relative_up,281,61,3.47013029,3.00210282,4,4,0.15536768,0.07692308
h4,100,6,volatility+pin_bull+cross_group_return_up,235,43,3.42324661,5.11055643,4,4,0.28167388,0.14285714
h4,100,6,pin_bull+mtf_volatility+cross_group_return_up,250,53,3.41287314,3.80077546,4,4,0.21592643,0.12500000
h4,100,6,ichimoku_cloud_bull+pin_bull+mtf_adx25+cross_target_relative_up,161,30,3.40681658,3.05213787,3,3,0.22380952,0.10000000
h4,100,6,sma_stack_bull+adx25+atr_expand+mtf_volatility,204,15,3.40570324,1.22085515,1,1,0.20000000,0.20000000
h4,100,6,ichimoku_cloud_bull+adx25+pin_bull+cross_target_relative_up,127,32,3.35912711,4.00593096,4,4,0.23214286,0.12500000
h4,100,6,volatility+pin_bull+mtf_trend_bull+cross_group_return_up,148,34,3.29427909,5.92473822,4,4,0.33928571,0.16666667
h4,100,6,sma_stack_bull+volatility+pin_bull+mtf_trend_bull,135,19,3.25035537,2.89149904,2,1,0.11111111,0.00000000
h4,100,6,adx25+pin_bull+cross_group_bull,237,66,3.24006944,2.77467079,4,4,0.16646534,0.06250000
h4,100,6,pin_bull+mtf_volatility+cross_target_relative_up,234,44,3.22951976,4.16200619,4,4,0.20875305,0.11111111
h4,100,6,volatility+pin_bull+mtf_trend_bull,299,69,3.22046080,4.51185598,4,4,0.24120680,0.16666667
h4,100,6,ichimoku_cloud_bull+adx25+pin_bull+cross_group_return_up,164,43,3.19585246,3.40703762,4,4,0.19962121,0.08333333
h4,100,6,sma_stack_bull+atr_expand+mtf_volatility,359,49,3.19150493,2.24238701,5,2,0.12000000,0.00000000
h4,100,6,pin_bull+mtf_adx25+cross_group_bull,237,62,3.18863976,3.24904999,4,4,0.16318369,0.08333333
h4,100,6,pin_bull+mtf_adx25,585,117,3.18784854,3.44343760,4,4,0.17719665,0.09090909
h4,100,6,volatility+pin_bull+mtf_trend_bull+cross_target_relative_up,121,37,3.12275878,4.94941276,4,4,0.27500000,0.16666667
h4,100,6,adx25+pin_bull+cross_target_relative_up,262,63,3.11699155,3.19747777,4,4,0.17340686,0.08333333
h4,100,6,ichimoku_cloud_bull+adx25+pin_bull,306,71,3.10695734,3.09512573,4,4,0.18382353,0.05882353
h4,100,6,adx25+pin_bull,588,130,3.08866678,3.09909384,4,4,0.17919390,0.13333333
h4,100,6,ichimoku_cloud_bull+adx25+pin_bull+mtf_trend_bull,225,60,3.08783760,3.05213787,4,4,0.17410714,0.07142857
h4,100,6,ichimoku_cloud_bull+pin_bull+mtf_adx25+cross_group_bull,136,28,3.04720816,5.23223635,3,3,0.30000000,0.20000000
h4,100,6,sma_stack_bull+adx_up3+atr_expand+mtf_volatility,130,15,3.00032804,1.22085515,1,0,0.00000000,0.00000000
h4,100,6,price20_bull+pin_bull+mtf_adx25+cross_group_bull,175,41,2.99497031,1.78661729,4,1,0.08333333,0.00000000
h4,100,6,pin_bull+mtf_adx25+cross_group_return_up,281,69,2.99298737,3.18483952,4,4,0.15748068,0.07692308
h4,100,6,adx25+pin_bull+mtf_trend_bull+cross_group_return_up,180,52,2.97949242,3.16952779,4,4,0.18611111,0.11111111
h4,100,6,price20_bull+pin_bull+mtf_adx25+cross_target_relative_up,176,37,2.97795343,2.47470638,4,2,0.12045455,0.00000000
h4,100,6,adx25+pin_bull+cross_group_return_up,284,75,2.96137131,2.44171030,4,4,0.14803922,0.05882353
h4,100,6,ichimoku_cloud_bull+pin_bull+mtf_adx25,330,57,2.95486852,3.85533205,4,3,0.17083333,0.00000000
h4,100,6,sma_stack_bull+atr_expand+mtf_volatility+cross_target_relative_up,166,22,2.93706811,1.66480248,1,0,0.00000000,0.00000000
h4,100,6,price20_bull+volatility+pin_bull,218,18,2.90742797,3.05213787,1,1,0.22222222,0.22222222
h4,100,6,price20_bull+volatility+pin_bull+cross_group_return_up,156,13,2.89094108,4.22603705,1,1,0.33333333,0.33333333
h4,100,6,adx25+atr_expand+mtf_volatility+cross_target_relative_up,304,35,2.88682878,1.04644727,4,2,0.09166667,0.00000000
h4,100,6,adx_up3+atr_expand+mtf_volatility,431,87,2.88459612,1.26295360,10,4,0.06094017,0.00000000
h4,100,6,sma_stack_bull+pin_bull+mtf_volatility,140,13,2.87308198,1.40867902,1,1,0.14285714,0.14285714
h4,100,6,ichimoku_cloud_bull+adx_up3+pin_bull,145,41,2.85807110,4.46654323,4,4,0.25654762,0.14285714
h4,100,6,price20_bull+pin_bull+mtf_adx25+cross_group_return_up,205,45,2.85397057,2.03475858,4,2,0.09415584,0.00000000
h4,100,6,price20_bull+pin_bull+mtf_volatility+cross_group_bull,137,27,2.84702660,2.71301144,4,3,0.17500000,0.00000000
h4,100,6,ichimoku_cloud_bull+adx25+atr_expand+mtf_volatility,318,53,2.83639502,1.38210017,5,3,0.09576923,0.00000000
h4,100,6,price20_bull+adx25+pin_bull+mtf_adx25,147,27,2.81918578,1.35650572,4,2,0.08125000,0.00000000
h4,100,6,price20_bull+volatility+pin_bull+mtf_trend_bull,147,18,2.81918578,3.05213787,1,1,0.22222222,0.22222222
h4,100,6,ichimoku_cloud_bull+pin_bull+mtf_adx25+cross_group_return_up,161,32,2.80116030,5.15048266,3,3,0.29646465,0.20000000
h4,100,6,adx25+atr_expand+mtf_volatility,697,83,2.78052280,1.32381884,8,5,0.07566055,0.00000000
h4,100,6,price20_bull+pin_bull+mtf_volatility,248,42,2.75231705,3.05213787,4,4,0.17876984,0.10000000
h4,100,6,adx_up3+atr_expand+mtf_volatility+cross_target_relative_up,187,33,2.73759878,0.55493416,3,1,0.06666667,0.00000000
h4,100,6,ichimoku_cloud_bull+pin_bull+cross_group_bull,340,83,2.72456259,3.30954709,4,4,0.18534611,0.08333333
h4,100,6,atr_expand+elliott_impulse_bull+mtf_volatility+cross_group_return_up,121,22,2.71982216,0.83240124,1,1,0.20000000,0.20000000
h4,100,6,price20_bull+pin_bull+mtf_volatility+cross_group_return_up,162,31,2.70862948,2.95368181,4,4,0.17767857,0.10000000
h4,100,6,ichimoku_cloud_bull+pin_bull+mtf_trend_bull+cross_group_bull,241,73,2.68053166,3.51204906,4,4,0.19532655,0.09523810
h4,100,6,adx25+pin_bull+mtf_trend_bull+cross_target_relative_up,137,42,2.66908744,3.05213787,4,4,0.17175325,0.09090909
h4,100,6,ichimoku_cloud_bull+di_spread_up3+pin_bull,142,28,2.66094234,3.27014772,4,3,0.17361111,0.00000000
h4,100,6,ichimoku_cloud_bull+atr_expand+mtf_volatility,569,93,2.65626581,1.77220909,8,4,0.09140339,0.00000000
h4,100,6,adx_up3+pin_bull,258,61,2.64563809,4.20294395,4,4,0.24463119,0.17647059
h4,100,6,ichimoku_cloud_bull+pin_bull,793,172,2.62836114,2.66174814,4,4,0.14705290,0.05714286
h4,100,6,ichimoku_cloud_bull+pin_bull+cross_target_relative_up,362,80,2.62632306,3.20474476,4,4,0.18809770,0.05882353
h4,100,6,ichimoku_cloud_bull+adx_up3+atr_expand+mtf_volatility,201,45,2.60756121,1.62780686,5,3,0.10493506,0.00000000
h4,100,6,price20_bull+pin_bull+mtf_adx25,318,68,2.60641704,2.15445026,4,4,0.11733746,0.05882353
h4,100,6,pin_bull+cross_group_bull,569,146,2.59200132,2.88489744,4,4,0.16176400,0.06250000
h4,100,6,adx25+pin_bull+mtf_trend_bull,340,94,2.58116456,2.92225966,4,4,0.16176202,0.12500000
h4,100,6,pin_bull+cross_target_relative_up,625,136,2.57428145,2.82771597,4,3,0.15368364,0.04000000
h4,100,6,atr_expand+mtf_volatility,1172,172,2.56880688,1.91645866,11,6,0.12030527,0.00000000
h4,100,6,ichimoku_cloud_bull+pin_bull+cross_group_return_up,406,99,2.55184920,3.14462690,4,4,0.17458095,0.08333333
h4,100,6,ichimoku_cloud_bull+adx_up3+atr_expand+mtf_trend_bull,526,143,2.54899542,1.92092593,9,4,0.09387737,0.00000000
h4,100,6,atr_expand+breakout20_up+elliott_impulse_bull+mtf_volatility,125,19,2.53527719,0.96383301,1,1,0.20000000,0.20000000
h4,100,6,atr_expand+breakout_up20+elliott_impulse_bull+mtf_volatility,125,19,2.53527719,0.96383301,1,1,0.20000000,0.20000000
h4,100,6,atr_expand+retest_up+elliott_impulse_bull+mtf_volatility,125,19,2.53527719,0.96383301,1,1,0.20000000,0.20000000
h4,100,6,di_spread_up3+pin_bull+cross_group_bull,178,40,2.53363375,0.91564136,4,2,0.04687500,0.00000000
h4,100,6,price20_bull+adx25+pin_bull+cross_group_bull,159,31,2.52975772,0.59073636,4,1,0.04166667,0.00000000
h4,100,12,volatility+pin_bull+mtf_volatility+cross_group_return_up,128,22,2.96893571,2.46357599,3,3,0.33174603,0.16666667
h4,100,12,adx25+volatility+pin_bull+mtf_volatility,159,28,2.96085356,2.76523836,4,4,0.38412698,0.22222222
h4,100,12,volatility+pin_bull+mtf_volatility,246,36,2.92822587,2.36581504,4,4,0.30198413,0.22222222
h4,100,12,adx25+pin_bull+mtf_volatility,254,48,2.79133690,3.54872256,4,4,0.46862859,0.38461538
h4,100,12,adx25+volatility+pin_bull+mtf_adx25,163,28,2.71420695,2.48871452,3,3,0.30740741,0.20000000
h4,100,12,adx25+volatility+pin_bull,268,57,2.66668496,2.44505286,4,4,0.30795455,0.18181818
h4,100,12,pin_bull+mtf_volatility+cross_group_bull,211,47,2.63438703,2.63580167,4,4,0.36363636,0.20000000
h4,100,12,adx25+volatility+pin_bull+mtf_trend_bull,149,47,2.62662929,2.47106407,4,4,0.30683761,0.20000000
h4,100,12,adx25+pin_bull+mtf_adx25+cross_group_return_up,137,38,2.60829040,1.83378965,4,4,0.24503968,0.22222222
h4,100,12,ichimoku_cloud_bull+volatility+pin_bull+cross_group_return_up,127,29,2.59036064,2.93687384,4,4,0.38268398,0.14285714
h4,100,12,volatility+pin_bull+mtf_trend_bull+cross_group_bull,128,32,2.57012345,2.90350028,4,4,0.40151515,0.27272727
h4,100,12,adx25+pin_bull+mtf_adx25+cross_target_relative_up,135,36,2.56290216,2.36581504,4,4,0.31527778,0.22222222
h4,100,12,volatility+pin_bull+cross_group_bull,202,40,2.55520638,2.70993359,4,4,0.36388889,0.25000000
h4,100,12,ichimoku_cloud_bull+pin_bull+mtf_volatility+cross_group_return_up,131,22,2.55456334,2.81551542,3,3,0.37619048,0.20000000
h4,100,12,volatility+pin_bull+mtf_adx25,250,35,2.54105446,2.65462882,3,3,0.32857143,0.20000000
h4,100,12,pin_bull+mtf_volatility+cross_group_return_up,250,53,2.54105446,2.48349709,4,4,0.34205205,0.18750000
h4,100,12,ichimoku_cloud_bull+pin_bull+mtf_volatility,235,36,2.53429634,2.36581504,4,4,0.30406746,0.22222222
h4,100,12,pin_bull+mtf_volatility,488,86,2.53380175,2.79096151,4,4,0.36656115,0.27777778
h4,100,12,adx25+volatility+pin_bull+cross_group_return_up,128,34,2.52581097,2.50498063,4,4,0.31818182,0.16666667
h4,100,12,ichimoku_cloud_bull+adx25+pin_bull+cross_group_bull,137,36,2.52548753,2.36581504,4,4,0.30208333,0.25000000
h4,100,12,adx25+pin_bull+mtf_adx25,310,67,2.50665655,2.31124400,4,4,0.29842133,0.25000000
h4,100,12,adx25+pin_bull+mtf_trend_bull+cross_group_bull,151,47,2.47915082,2.63580167,4,4,0.35865385,0.25000000
h4,100,12,atr_expand+pin_bull,126,24,2.47587152,1.93566685,4,2,0.25000000,0.00000000
h4,100,12,volatility+pin_bull,479,82,2.47483775,2.45499210,4,4,0.30465719,0.15384615
h4,100,12,ichimoku_cloud_bull+volatility+pin_bull,243,59,2.45086272,2.36216972,4,3,0.29337045,0.08333333
h4,100,12,volatility+pin_bull+cross_group_return_up,235,43,2.43775172,2.70093049,4,4,0.34884560,0.14285714
h4,100,12,volatility+pin_bull+mtf_trend_bull+cross_group_return_up,148,34,2.41443097,2.96043165,4,4,0.39285714,0.16666667
h4,100,12,ichimoku_cloud_bull+volatility+pin_bull+mtf_trend_bull,184,52,2.37360726,2.38235920,4,3,0.29184558,0.09090909
h4,100,12,volatility+pin_bull+mtf_trend_bull,299,69,2.37123603,2.35646399,4,4,0.28957637,0.16666667
h4,100,12,adx25+pin_bull+cross_group_bull,237,66,2.36931502,2.46357599,4,4,0.33806022,0.25000000
h4,100,12,ichimoku_cloud_bull+adx25+pin_bull+mtf_adx25,149,30,2.36015965,1.54853348,3,3,0.24206349,0.14285714
h4,100,12,trend_bull+pin_bull+mtf_volatility,159,17,2.35441367,1.36635307,1,1,0.20000000,0.20000000
h4,100,12,ichimoku_cloud_bull+adx25+pin_bull+cross_group_return_up,164,43,2.35180346,2.34080642,4,4,0.30757576,0.20000000
h4,100,12,sma_stack_bull+pin_bull+mtf_volatility,140,13,2.34982715,1.19117960,1,1,0.14285714,0.14285714
h4,100,12,volatility+pin_bull+cross_target_relative_up,204,46,2.30772410,2.52478285,4,4,0.31089744,0.16666667
h4,100,12,adx25+pin_bull+cross_group_return_up,284,75,2.27678736,2.27118244,4,4,0.31601307,0.27777778
h4,100,12,ichimoku_cloud_bull+di_spread_up3+pin_bull,142,28,2.27678736,2.21219069,4,3,0.26041667,0.00000000
h4,100,12,sma_stack_bull+volatility+pin_bull,157,19,2.27602410,1.63003524,2,2,0.21111111,0.20000000
h4,100,12,adx25+pin_bull+mtf_trend_bull+cross_group_return_up,180,52,2.26879863,2.53125665,4,4,0.35277778,0.30000000
h4,100,12,trend_bull+volatility+pin_bull,178,22,2.26242560,2.11163656,2,2,0.31666667,0.30000000
h4,100,12,adx25+pin_bull,588,130,2.25722313,2.38235920,4,4,0.33082789,0.26666667
h4,100,12,ichimoku_cloud_bull+di_spread_up3+pin_bull+cross_group_return_up,121,26,2.25004823,2.08456430,3,3,0.31746032,0.28571429
h4,100,12,volatility+pin_bull+mtf_trend_bull+cross_target_relative_up,121,37,2.25004823,2.30187409,4,4,0.30000000,0.16666667
h4,100,12,ichimoku_cloud_bull+adx25+pin_bull+mtf_trend_bull,225,60,2.24358976,2.19375576,4,4,0.29241071,0.25000000
h4,100,12,trend_bull+volatility+pin_bull+mtf_trend_bull,155,22,2.23220510,2.11163656,2,2,0.31666667,0.30000000
h4,100,12,pin_bull+mtf_volatility+cross_target_relative_up,234,44,2.23001575,2.81551542,4,4,0.36599512,0.22222222
h4,100,12,ichimoku_cloud_bull+adx25+pin_bull,306,71,2.20577645,2.07198142,4,4,0.28860294,0.23529412
h4,100,12,sma_stack_bull+volatility+pin_bull+mtf_trend_bull,135,19,2.18476905,1.63003524,2,2,0.21111111,0.20000000
h4,100,12,pin_bull+mtf_adx25+cross_group_return_up,281,69,2.17998445,2.13203885,4,4,0.26421605,0.15384615
h4,100,12,pin_bull+mtf_adx25+cross_group_bull,237,62,2.17785522,2.12298945,4,4,0.26825335,0.16666667
h4,100,12,trend_bull+adx25+pin_bull+cross_group_return_up,136,18,2.16870457,3.44118551,2,2,0.60000000,0.60000000
h4,100,12,pin_bull+mtf_adx25,585,117,2.16214570,2.18382927,4,4,0.27533346,0.18181818
h4,100,12,pin_bull+mtf_adx25+cross_target_relative_up,281,61,2.13961437,2.15779256,4,4,0.27733455,0.22222222
h4,100,12,di_spread_up3+pin_bull+cross_group_bull,178,40,2.13496500,1.74210017,4,2,0.19687500,0.00000000
h4,100,12,trend_bull+pin_bull+mtf_adx25+cross_group_return_up,131,16,2.12158650,2.90350028,2,2,0.40178571,0.37500000
h4,100,12,adx25+pin_bull+mtf_trend_bull,340,94,2.11865754,2.22395766,4,4,0.30552508,0.22727273
h4,100,12,ichimoku_cloud_bull+pin_bull+mtf_adx25+cross_target_relative_up,161,30,2.11378754,1.54853348,3,3,0.25714286,0.14285714
h4,100,12,atr_expand+elliott_impulse_bull+mtf_volatility+cross_group_return_up,121,22,2.10942021,0.70387885,1,1,0.40000000,0.40000000
h4,100,12,di_spread_up3+pin_bull+cross_group_return_up,203,45,2.09556524,2.06471131,4,3,0.23602941,0.00000000
h4,100,12,trend_bull+atr_expand+mtf_volatility+cross_group_bull,155,19,2.08583100,1.63003524,2,1,0.25000000,0.00000000
h4,100,12,ichimoku_cloud_bull+pin_bull+cross_group_bull,340,83,2.08529286,2.14555844,4,4,0.28514929,0.20833333
h4,100,12,ichimoku_cloud_bull+pin_bull+mtf_adx25+cross_group_bull,136,28,2.08529286,2.48871452,3,3,0.33333333,0.20000000
h4,100,12,trend_bull+atr_expand+mtf_volatility+cross_group_return_up,185,23,2.08484198,2.01982628,3,1,0.16666667,0.00000000
h4,100,12,adx25+pin_bull+cross_target_relative_up,262,63,2.07828882,2.70378862,4,4,0.35814951,0.25000000
h4,100,12,sma_stack_bull+atr_expand+mtf_volatility+cross_group_return_up,164,19,2.07512070,1.22252643,1,0,0.00000000,0.00000000
h4,100,12,ichimoku_cloud_bull+pin_bull+mtf_adx25,330,57,2.06254421,2.17338032,4,3,0.23750000,0.00000000
h4,100,12,di_spread_up3+pin_bull,240,49,2.05609876,2.21219069,4,3,0.26000389,0.00000000
h4,100,12,pin_bull+cross_group_bull,569,146,2.05348206,2.22734268,4,4,0.29928209,0.21875000
h4,100,12,ichimoku_cloud_bull+pin_bull+mtf_trend_bull+cross_group_bull,241,73,2.04756723,2.22734268,4,4,0.29378594,0.23529412
h4,100,12,sma_stack_bull+adx25+pin_bull,208,26,2.04519107,2.08456430,4,3,0.27619048,0.00000000
h4,100,12,ichimoku_cloud_bull+pin_bull+mtf_adx25+cross_group_return_up,161,32,2.04332796,2.66154192,3,3,0.35454545,0.20000000
h4,100,12,trend_bull+adx25+pin_bull+mtf_trend_bull,198,29,2.03389776,2.66988531,4,4,0.36904762,0.14285714
h4,100,12,ichimoku_cloud_bull+pin_bull+cross_group_return_up,406,99,2.02571306,2.18984533,4,4,0.28894470,0.20833333
h4,100,12,trend_bull+di_spread_up3+atr_expand+mtf_volatility,160,9,2.02064878,2.58088913,1,1,0.60000000,0.60000000
h4,100,12,di_spread_up3+pin_bull+mtf_trend_bull,141,35,2.01134630,2.21219069,3,3,0.35933048,0.22222222
h4,100,12,sma_stack_bull+atr_expand+mtf_volatility,359,49,2.00652804,0.94808172,5,2,0.12000000,0.00000000
h4,100,12,sma_stack_bull+pin_bull+cross_group_bull,235,45,2.00330092,1.72059276,4,4,0.21783217,0.18181818
h4,100,12,trend_bull+adx25+pin_bull,236,31,1.99481235,2.49763465,4,4,0.36904762,0.14285714
h4,100,12,pin_bull+cross_group_return_up,685,162,1.98726887,2.19853519,4,4,0.29599479,0.25641026
h4,100,12,trend_bull+pin_bull+cross_group_bull,292,59,1.98131387,1.70601146,4,3,0.21232811,0.09090909
h4,100,12,ichimoku_cloud_bull+pin_bull+mtf_trend_bull+cross_group_return_up,287,85,1.97630543,2.36834532,4,4,0.31156185,0.23809524
h4,100,12,ichimoku_cloud_bull+pin_bull,793,172,1.97411230,1.98068236,4,4,0.26502417,0.20000000
h4,100,12,pin_bull+mtf_trend_bull+cross_group_bull,363,104,1.96879220,2.30791048,4,4,0.30476285,0.24000000
h4,100,12,trend_bull+pin_bull+mtf_trend_bull+cross_group_bull,241,58,1.95342621,1.73542545,4,3,0.21460084,0.10000000
h4,100,12,sma_stack_bull+pin_bull+cross_group_return_up,291,47,1.94913972,1.97685125,4,4,0.25630619,0.18181818
h4,100,12,pin_bull+elliott_pullback_bull+cross_target_relative_up,131,25,1.94839577,1.23882678,3,2,0.13888889,0.00000000
h4,100,12,sma_stack_bull+adx25+pin_bull+mtf_trend_bull,175,24,1.94468454,2.25827799,4,3,0.27619048,0.00000000
h4,100,12,pin_bull+cross_target_relative_up,625,136,1.93301643,2.27725512,4,4,0.30548745,0.22857143
h4,100,12,pin_bull+elliott_pullback_bull+mtf_trend_bull,156,39,1.92702448,1.78676940,4,3,0.24166667,0.00000000
h4,100,12,atr_expand+elliott_impulse_bull+mtf_volatility,171,23,1.92383510,0.67327543,1,1,0.40000000,0.40000000
h4,100,12,ichimoku_cloud_bull+adx25+pin_bull+cross_target_relative_up,127,32,1.92043978,2.17762521,4,4,0.29910714,0.25000000
h4,100,12,ichimoku_cloud_bull+pin_bull+mtf_trend_bull,551,146,1.91468487,2.01521480,4,4,0.26092334,0.22580645
h4,100,12,pin_bull+elliott_pullback_bull,247,49,1.90597456,1.73814983,4,3,0.24285131,0.11111111
h4,100,12,trend_bull+pin_bull+mtf_adx25,260,33,1.89793732,1.87701028,2,2,0.26923077,0.23076923
h4,100,12,ichimoku_cloud_bull+pin_bull+cross_target_relative_up,362,80,1.89588836,1.83888351,4,3,0.25558136,0.11764706
h4,100,12,trend_bull+atr_expand+mtf_volatility,393,56,1.89066552,1.38261918,5,2,0.17460317,0.00000000
h4,100,12,trend_bull+pin_bull+cross_group_return_up,354,65,1.89066552,1.90588736,4,3,0.23375668,0.09090909
h4,100,12,sma_stack_bull+adx25+atr_expand+mtf_volatility,204,15,1.89066552,0.51617783,1,1,0.20000000,0.20000000
h4,150,1,atr_expand+pin_bull,126,24,23.88738576,0.00000000,4,0,0.00000000,0.00000000
h4,150,1,adx25+volatility+pin_bull+mtf_adx25,163,28,22.15811489,0.00000000,3,0,0.00000000,0.00000000
h4,150,1,adx25+volatility+pin_bull+mtf_volatility,159,28,18.92962645,0.00000000,4,0,0.00000000,0.00000000
h4,150,1,adx25+atr_expand+impulse_bull+mtf_volatility,224,24,18.81131629,0.00000000,1,0,0.00000000,0.00000000
h4,150,1,volatility+pin_bull+mtf_adx25,250,35,16.85493939,0.00000000,3,0,0.00000000,0.00000000
h4,150,1,rsi_up1+atr_expand+mtf_volatility+cross_group_return_up,146,21,16.49211291,0.00000000,1,0,0.00000000,0.00000000
h4,150,1,adx25+atr_expand+mtf_volatility,697,83,16.40929742,0.00000000,8,0,0.00000000,0.00000000
h4,150,1,adx25+volatility+pin_bull,268,57,15.72289123,0.00000000,4,0,0.00000000,0.00000000
h4,150,1,macd_cross_up+horizontal_break_up+elliott_wave3_bull+cross_group_return_up,155,29,15.53450635,0.00000000,2,0,0.00000000,0.00000000
h4,150,1,atr_expand+impulse_bull+mtf_volatility+cross_group_return_up,157,27,15.33661455,0.00000000,2,0,0.00000000,0.00000000
h4,150,1,superbb_bull+horizontal_break_up+elliott_wave5_bull+cross_group_return_up,121,27,14.92468069,0.00000000,1,0,0.00000000,0.00000000
h4,150,1,ichimoku_cloud_bull+macd_cross_up+elliott_impulse_bull+mtf_volatility,162,19,14.86326225,0.00000000,1,0,0.00000000,0.00000000
h4,150,1,rsi_up1+atr_expand+mtf_volatility,378,58,14.33243146,0.00000000,6,0,0.00000000,0.00000000
h4,150,1,rsi_up1+atr_expand+impulse_bull+mtf_volatility,338,50,14.24762417,0.00000000,6,0,0.00000000,0.00000000
h4,150,1,ichimoku_cloud_bull+macd_cross_up+elliott_wave5_bull+mtf_volatility,127,14,14.21957767,0.00000000,1,0,0.00000000,0.00000000
h4,150,1,adx25+atr_expand+mtf_volatility+cross_target_relative_up,304,35,13.86096990,0.00000000,4,0,0.00000000,0.00000000
h4,150,1,adx25+volatility+pin_bull+mtf_adx_rising,174,45,13.83820968,0.00000000,4,0,0.00000000,0.00000000
h4,150,1,macd_cross_up+breakout20_up+elliott_wave3_bull+cross_group_return_up,176,35,13.68095730,0.00000000,3,0,0.00000000,0.00000000
h4,150,1,macd_cross_up+retest_up+elliott_wave3_bull+cross_group_return_up,176,35,13.68095730,0.00000000,3,0,0.00000000,0.00000000
h4,150,1,adx25+pin_bull+mtf_adx25,310,67,13.59269306,0.00000000,4,0,0.00000000,0.00000000
h4,150,1,macd_cross_up+elliott_impulse_bull+mtf_volatility+cross_group_return_up,179,29,13.45166751,0.00000000,1,0,0.00000000,0.00000000
h4,150,1,ichimoku_cloud_bull+macd_cross_up+horizontal_break_up+elliott_wave3_bull,180,29,13.37693603,0.00000000,2,0,0.00000000,0.00000000
h4,150,1,ichimoku_cloud_bull+rsi_up1+superbb_bull+elliott_wave5_bull,135,20,13.37693603,0.00000000,1,0,0.00000000,0.00000000
h4,150,1,atr_expand+impulse_bull+mtf_volatility,362,62,13.30303030,0.00000000,6,0,0.00000000,0.00000000
h4,150,1,ichimoku_cloud_bull+superbb_bull+breakout20_up+elliott_wave5_bull,136,20,13.27857620,0.00000000,1,0,0.00000000,0.00000000
h4,150,1,ichimoku_cloud_bull+superbb_bull+retest_up+elliott_wave5_bull,136,20,13.27857620,0.00000000,1,0,0.00000000,0.00000000
h4,150,1,superbb_bull+horizontal_break_up+elliott_impulse_bull+cross_group_return_up,137,31,13.18165229,0.00000000,1,0,0.00000000,0.00000000
h4,150,1,macd_cross_up+elliott_wave3_bull+mtf_volatility,183,26,13.15764199,0.00000000,1,0,0.00000000,0.00000000
h4,150,1,macd_cross_up+horizontal_break_up+elliott_wave5_bull+cross_group_return_up,183,35,13.15764199,0.00000000,2,0,0.00000000,0.00000000
h4,150,1,rsi_up1+superbb_bull+horizontal_break_up+cross_group_return_up,139,31,12.99198823,0.00000000,1,0,0.00000000,0.00000000
h4,150,1,ichimoku_cloud_bull+superbb_bull+impulse_bull+elliott_wave5_bull,140,20,12.89918831,0.00000000,1,0,0.00000000,0.00000000
h4,150,1,ichimoku_cloud_bull+superbb_bull+elliott_wave5_bull,142,20,12.71750960,0.00000000,1,0,0.00000000,0.00000000
h4,150,1,superbb_bull+horizontal_break_up+cross_group_return_up,144,31,12.54087753,0.00000000,1,0,0.00000000,0.00000000
h4,150,1,price20_bull+superbb_bull+horizontal_break_up+cross_group_return_up,144,31,12.54087753,0.00000000,1,0,0.00000000,0.00000000
h4,150,1,ema20_rising+superbb_bull+horizontal_break_up+cross_group_return_up,144,31,12.54087753,0.00000000,1,0,0.00000000,0.00000000
h4,150,1,superbb_bull+horizontal_break_up+retest_up+cross_group_return_up,144,31,12.54087753,0.00000000,1,0,0.00000000,0.00000000
h4,150,1,superbb_bull+horizontal_break_up+impulse_bull+cross_group_return_up,144,31,12.54087753,0.00000000,1,0,0.00000000,0.00000000
h4,150,1,adx25+atr_expand+mtf_volatility+cross_group_return_up,290,28,12.45438871,0.00000000,2,0,0.00000000,0.00000000
h4,150,1,ichimoku_cloud_bull+atr_expand+mtf_volatility+cross_group_return_up,242,36,12.43723391,0.00000000,3,0,0.00000000,0.00000000
h4,150,1,atr_expand+mtf_volatility,1172,172,12.32686938,0.00000000,11,0,0.00000000,0.00000000
h4,150,1,volatility+pin_bull+mtf_volatility,246,36,12.23500246,0.00000000,4,0,0.00000000,0.00000000
h4,150,1,macd_cross_up+impulse_bull+elliott_wave5_bull+mtf_volatility,148,20,12.20193489,0.00000000,1,0,0.00000000,0.00000000
h4,150,1,ichimoku_cloud_bull+adx25+pin_bull+mtf_adx25,149,30,12.12004271,0.00000000,3,0,0.00000000,0.00000000
h4,150,1,ichimoku_cloud_bull+macd_cross_up+breakout20_up+cross_group_return_up,201,33,11.97934570,0.00000000,2,0,0.00000000,0.00000000
h4,150,1,ichimoku_cloud_bull+macd_cross_up+retest_up+cross_group_return_up,201,33,11.97934570,0.00000000,2,0,0.00000000,0.00000000
h4,150,1,macd_cross_up+horizontal_break_up+impulse_bull+cross_group_return_up,202,40,11.92004200,0.00000000,3,0,0.00000000,0.00000000
h4,150,1,macd_cross_up+impulse_bull+elliott_impulse_bull+mtf_volatility,203,28,11.86132259,0.00000000,1,0,0.00000000,0.00000000
h4,150,1,adx25+pin_bull+mtf_volatility,254,48,11.84964806,0.00000000,4,0,0.00000000,0.00000000
h4,150,1,ichimoku_cloud_bull+macd_cross_up+breakout20_up+elliott_wave3_bull,204,32,11.80317885,0.00000000,2,0,0.00000000,0.00000000
h4,150,1,ichimoku_cloud_bull+macd_cross_up+retest_up+elliott_wave3_bull,204,32,11.80317885,0.00000000,2,0,0.00000000,0.00000000
h4,150,1,rsi_up1+atr_expand+mtf_volatility+cross_target_relative_up,153,25,11.80317885,0.00000000,1,0,0.00000000,0.00000000
h4,150,1,ichimoku_cloud_bull+atr_expand+mtf_volatility+cross_target_relative_up,256,33,11.75707268,0.00000000,2,0,0.00000000,0.00000000
h4,150,1,ichimoku_cloud_bull+atr_expand+mtf_volatility+cross_group_bull,205,30,11.74560237,0.00000000,2,0,0.00000000,0.00000000
h4,150,1,atr_expand+mtf_volatility+cross_target_relative_up,514,70,11.71132532,0.00000000,9,0,0.00000000,0.00000000
h4,150,1,ichimoku_cloud_bull+atr_expand+mtf_volatility,569,93,11.63722906,0.00000000,8,0,0.00000000,0.00000000
h4,150,1,macd_cross_up+horizontal_break_up+elliott_impulse_bull+cross_group_return_up,207,40,11.63211828,0.00000000,3,0,0.00000000,0.00000000
h4,150,1,ichimoku_cloud_bull+macd_cross_up+impulse_bull+mtf_volatility,209,27,11.52080615,0.00000000,2,0,0.00000000,0.00000000
h4,150,1,macd_cross_up+breakout20_up+elliott_wave5_bull+cross_group_return_up,211,44,11.41160419,0.00000000,4,0,0.00000000,0.00000000
h4,150,1,macd_cross_up+retest_up+elliott_wave5_bull+cross_group_return_up,211,44,11.41160419,0.00000000,4,0,0.00000000,0.00000000
h4,150,1,ichimoku_cloud_bull+adx25+atr_expand+mtf_volatility,318,53,11.35777587,0.00000000,5,0,0.00000000,0.00000000
h4,150,1,ichimoku_cloud_bull+macd_cross_up+horizontal_break_up+elliott_wave5_bull,213,34,11.30445298,0.00000000,3,0,0.00000000,0.00000000
h4,150,1,macd_cross_up+horizontal_break_up+impulse_bull+elliott_wave3_bull,213,36,11.30445298,0.00000000,4,0,0.00000000,0.00000000
h4,150,1,ichimoku_cloud_bull+rsi_up1+superbb_bull+elliott_impulse_bull,160,22,11.28678977,0.00000000,1,0,0.00000000,0.00000000
h4,150,1,ichimoku_cloud_bull+superbb_bull+breakout20_up+elliott_impulse_bull,160,22,11.28678977,0.00000000,1,0,0.00000000,0.00000000
h4,150,1,ichimoku_cloud_bull+superbb_bull+retest_up+elliott_impulse_bull,160,22,11.28678977,0.00000000,1,0,0.00000000,0.00000000
h4,150,1,ichimoku_cloud_bull+superbb_bull+impulse_bull+elliott_impulse_bull,165,22,10.94476584,0.00000000,1,0,0.00000000,0.00000000
h4,150,1,rsi_up1+superbb_bull+horizontal_break_up+elliott_wave5_bull,165,35,10.94476584,0.00000000,2,0,0.00000000,0.00000000
h4,150,1,ichimoku_cloud_bull+superbb_bull+elliott_impulse_bull,167,22,10.81369080,0.00000000,1,0,0.00000000,0.00000000
h4,150,1,macd_cross_up+horizontal_break_up+cross_group_return_up,227,43,10.60726205,0.00000000,3,0,0.00000000,0.00000000
h4,150,1,price20_bull+macd_cross_up+horizontal_break_up+cross_group_return_up,227,43,10.60726205,0.00000000,3,0,0.00000000,0.00000000
h4,150,1,ema20_rising+macd_cross_up+horizontal_break_up+cross_group_return_up,227,43,10.60726205,0.00000000,3,0,0.00000000,0.00000000
h4,150,1,macd_cross_up+horizontal_break_up+retest_up+cross_group_return_up,227,43,10.60726205,0.00000000,3,0,0.00000000,0.00000000
h4,150,3,adx25+volatility+pin_bull+mtf_adx25,163,28,12.72789889,11.35633117,3,1,0.03333333,0.00000000
h4,150,3,adx25+volatility+pin_bull+mtf_volatility,159,28,10.43847809,0.00000000,4,0,0.00000000,0.00000000
h4,150,3,adx25+volatility+pin_bull+mtf_adx_rising,174,45,10.13477237,7.06616162,4,1,0.01923077,0.00000000
h4,150,3,volatility+pin_bull+mtf_volatility,246,36,10.12023180,0.00000000,4,0,0.00000000,0.00000000
h4,150,3,atr_expand+pin_bull,126,24,9.87927390,13.24905303,4,1,0.04166667,0.00000000
h4,150,3,adx25+atr_expand+impulse_bull+mtf_volatility,224,24,9.72491025,0.00000000,1,0,0.00000000,0.00000000
h4,150,3,volatility+pin_bull+mtf_adx25,250,35,9.54337859,9.08506494,3,1,0.02777778,0.00000000
h4,150,3,adx25+volatility+pin_bull,268,57,9.28946651,5.57854864,4,1,0.01666667,0.00000000
h4,150,3,ichimoku_cloud_bull+volatility+pin_bull+cross_group_return_up,127,29,8.98469398,0.00000000,4,0,0.00000000,0.00000000
h4,150,3,volatility+pin_bull+mtf_volatility+cross_group_return_up,128,22,8.91450106,0.00000000,3,0,0.00000000,0.00000000
h4,150,3,volatility+pin_bull+cross_group_bull,202,40,8.72995243,0.00000000,4,0,0.00000000,0.00000000
h4,150,3,volatility+pin_bull+mtf_adx_rising,256,56,8.50929647,5.67816558,4,1,0.01666667,0.00000000
h4,150,3,adx25+pin_bull+mtf_adx25+cross_target_relative_up,135,36,8.45226767,8.83270202,4,1,0.02083333,0.00000000
h4,150,3,ichimoku_cloud_bull+volatility+pin_bull+mtf_adx_rising,123,42,8.43352650,7.57088745,4,1,0.03125000,0.00000000
h4,150,3,macd_bull+volatility+pin_bull,211,24,8.35758479,0.00000000,2,0,0.00000000,0.00000000
h4,150,3,adx25+volatility+pin_bull+cross_group_return_up,128,34,8.10409187,0.00000000,4,0,0.00000000,0.00000000
h4,150,3,price20_bull+volatility+pin_bull+cross_group_return_up,156,13,7.97941354,0.00000000,1,0,0.00000000,0.00000000
h4,150,3,ema20_rising+volatility+pin_bull+cross_group_return_up,156,13,7.97941354,0.00000000,1,0,0.00000000,0.00000000
h4,150,3,volatility+pin_bull+cross_group_return_up,235,43,7.94545859,0.00000000,4,0,0.00000000,0.00000000
h4,150,3,adx25+atr_expand+mtf_volatility,697,83,7.88782773,0.00000000,8,0,0.00000000,0.00000000
h4,150,3,volatility+pin_bull+mtf_adx_rising+cross_group_return_up,120,30,7.77992820,0.00000000,4,0,0.00000000,0.00000000
h4,150,3,volatility+pin_bull+cross_target_relative_up,204,46,7.62738059,6.91254941,4,1,0.01923077,0.00000000
h4,150,3,volatility+pin_bull,479,82,7.57960994,3.87777162,4,1,0.01086957,0.00000000
h4,150,3,adx25+pin_bull+mtf_volatility,254,48,7.35111326,0.00000000,4,0,0.00000000,0.00000000
h4,150,3,ichimoku_cloud_bull+atr_expand+impulse_bull+mtf_volatility,171,27,7.27946498,0.00000000,1,0,0.00000000,0.00000000
h4,150,3,ichimoku_cloud_bull+volatility+pin_bull,243,59,7.25699750,5.38944530,4,1,0.01666667,0.00000000
h4,150,3,macd_bull+pin_bull+mtf_volatility,230,44,7.21616529,7.22675620,4,1,0.01666667,0.00000000
h4,150,3,adx25+atr_expand+mtf_volatility+cross_target_relative_up,304,35,7.16572334,0.00000000,4,0,0.00000000,0.00000000
h4,150,3,adx25+pin_bull+mtf_adx25,310,67,7.02703192,4.74592944,4,1,0.01086957,0.00000000
h4,150,3,atr_expand+impulse_bull+mtf_volatility,362,62,6.87728460,0.00000000,6,0,0.00000000,0.00000000
h4,150,3,ichimoku_cloud_bull+adx25+atr_expand+mtf_volatility,318,53,6.85025124,0.00000000,5,0,0.00000000,0.00000000
h4,150,3,price20_bull+volatility+pin_bull,218,18,6.66171222,0.00000000,1,0,0.00000000,0.00000000
h4,150,3,ema20_rising+volatility+pin_bull,218,18,6.66171222,0.00000000,1,0,0.00000000,0.00000000
h4,150,3,ichimoku_cloud_bull+pin_bull+mtf_volatility,235,36,6.62121549,0.00000000,4,0,0.00000000,0.00000000
h4,150,3,macd_bull+pin_bull+mtf_adx25,269,65,6.55557766,4.89195804,4,1,0.01785714,0.00000000
h4,150,3,atr_expand+impulse_bull+mtf_volatility+cross_target_relative_up,159,24,6.52404880,0.00000000,1,0,0.00000000,0.00000000
h4,150,3,macd_bull+volatility+pin_bull+cross_group_return_up,144,16,6.48327350,0.00000000,1,0,0.00000000,0.00000000
h4,150,3,price20_bull+macd_bull+volatility+pin_bull,162,15,6.40323309,0.00000000,1,0,0.00000000,0.00000000
h4,150,3,ema20_rising+macd_bull+volatility+pin_bull,162,15,6.40323309,0.00000000,1,0,0.00000000,0.00000000
h4,150,3,ichimoku_cloud_bull+atr_expand+mtf_volatility,569,93,6.38072611,0.00000000,8,0,0.00000000,0.00000000
h4,150,3,pin_bull+mtf_volatility,488,86,6.37699033,3.69741015,4,1,0.01000000,0.00000000
h4,150,3,price20_bull+adx25+pin_bull+mtf_adx25,147,27,6.35096179,0.00000000,4,0,0.00000000,0.00000000
h4,150,3,ema20_rising+adx25+pin_bull+mtf_adx25,147,27,6.35096179,0.00000000,4,0,0.00000000,0.00000000
h4,150,3,ichimoku_cloud_bull+pin_bull+mtf_volatility+cross_group_return_up,131,22,6.33480159,0.00000000,3,0,0.00000000,0.00000000
h4,150,3,atr_expand+mtf_volatility,1172,172,6.01860202,0.00000000,11,0,0.00000000,0.00000000
h4,150,3,macd_bull+pin_bull+mtf_adx25+cross_target_relative_up,156,36,5.98456015,0.00000000,4,0,0.00000000,0.00000000
h4,150,3,price20_bull+pin_bull+mtf_adx25+cross_group_bull,175,41,5.92756434,0.00000000,4,0,0.00000000,0.00000000
h4,150,3,ema20_rising+pin_bull+mtf_adx25+cross_group_bull,175,41,5.92756434,0.00000000,4,0,0.00000000,0.00000000
h4,150,3,pin_bull+mtf_volatility+cross_group_bull,211,47,5.89947162,0.00000000,4,0,0.00000000,0.00000000
h4,150,3,price20_bull+pin_bull+mtf_adx25+cross_target_relative_up,176,37,5.89388500,0.00000000,4,0,0.00000000,0.00000000
h4,150,3,ema20_rising+pin_bull+mtf_adx25+cross_target_relative_up,176,37,5.89388500,0.00000000,4,0,0.00000000,0.00000000
h4,150,3,adx25+atr_expand+horizontal_break_up+mtf_adx_rising,163,16,5.72755450,0.00000000,1,0,0.00000000,0.00000000
h4,150,3,adx25+pin_bull+mtf_adx_rising+cross_target_relative_up,164,47,5.69263039,6.76547389,4,1,0.02083333,0.00000000
h4,150,3,adx25+atr_expand+impulse_bull+mtf_adx25,352,34,5.59919075,0.00000000,2,0,0.00000000,0.00000000
h4,150,3,ichimoku_cloud_bull+adx25+pin_bull+mtf_adx25,149,30,5.56952354,10.59924242,3,1,0.03703704,0.00000000
h4,150,3,macd_bull+pin_bull+mtf_adx25+cross_group_bull,152,38,5.45959874,0.00000000,4,0,0.00000000,0.00000000
h4,150,3,atr_expand+mtf_volatility+cross_target_relative_up,514,70,5.44897695,0.00000000,9,0,0.00000000,0.00000000
h4,150,3,adx25+pin_bull+mtf_adx_rising,363,90,5.42951830,3.53308081,4,1,0.01041667,0.00000000
h4,150,3,pin_bull+mtf_volatility+cross_group_return_up,250,53,5.39408355,0.00000000,4,0,0.00000000,0.00000000
h4,150,3,price20_bull+pin_bull+mtf_volatility+cross_group_bull,137,27,5.30019439,0.00000000,4,0,0.00000000,0.00000000
h4,150,3,ema20_rising+pin_bull+mtf_volatility+cross_group_bull,137,27,5.30019439,0.00000000,4,0,0.00000000,0.00000000
h4,150,3,adx25+pin_bull+mtf_adx25+cross_group_return_up,137,38,5.30019439,0.00000000,4,0,0.00000000,0.00000000
h4,150,3,ichimoku_cloud_bull+atr_expand+mtf_volatility+cross_target_relative_up,256,33,5.26765972,0.00000000,2,0,0.00000000,0.00000000
h4,150,3,price20_bull+macd_bull+pin_bull+mtf_volatility,180,32,5.18661880,9.93678977,4,1,0.02083333,0.00000000
h4,150,3,ema20_rising+macd_bull+pin_bull+mtf_volatility,180,32,5.18661880,9.93678977,4,1,0.02083333,0.00000000
h4,150,3,pin_bull+mtf_adx25+cross_target_relative_up,281,61,5.16816108,5.21274218,4,1,0.01315789,0.00000000
h4,150,3,volatility+horizontal_break_up+mtf_volatility+cross_group_return_up,201,45,5.16081473,0.00000000,5,0,0.00000000,0.00000000
h4,150,3,ichimoku_cloud_bull+adx25+horizontal_break_up+mtf_volatility,362,44,5.15796345,0.00000000,4,0,0.00000000,0.00000000
h4,150,3,adx25+atr_expand+horizontal_break_up+cross_group_return_up,161,24,5.15440378,0.00000000,1,0,0.00000000,0.00000000
h4,150,3,adx25+horizontal_break_up+impulse_bull+mtf_volatility,365,51,5.11556923,0.00000000,4,0,0.00000000,0.00000000
h4,150,3,price20_bull+pin_bull+mtf_adx25+cross_group_return_up,205,45,5.06011590,0.00000000,4,0,0.00000000,0.00000000
h4,150,3,ema20_rising+pin_bull+mtf_adx25+cross_group_return_up,205,45,5.06011590,0.00000000,4,0,0.00000000,0.00000000
h4,150,3,atr_expand+breakout20_up+elliott_impulse_bull+mtf_volatility,125,19,4.97915405,0.00000000,1,0,0.00000000,0.00000000
h4,150,3,atr_expand+retest_up+elliott_impulse_bull+mtf_volatility,125,19,4.97915405,0.00000000,1,0,0.00000000,0.00000000
h4,150,3,adx25+pin_bull,588,130,4.93963695,2.44597902,4,1,0.00735294,0.00000000
h4,150,3,adx25+volatility+horizontal_break_up+mtf_volatility,211,31,4.91622635,0.00000000,3,0,0.00000000,0.00000000
h4,150,3,adx25+breakout20_up+impulse_bull+mtf_volatility,487,88,4.89906498,3.61337810,9,1,0.01587302,0.00000000
h4,150,3,price20_bull+macd_bull+pin_bull+mtf_adx25,212,52,4.89303660,6.11494755,4,1,0.02083333,0.00000000
h4,150,3,ema20_rising+macd_bull+pin_bull+mtf_adx25,212,52,4.89303660,6.11494755,4,1,0.02083333,0.00000000
h4,150,3,adx25+pin_bull+mtf_adx_rising+cross_group_bull,149,46,4.87333310,0.00000000,4,0,0.00000000,0.00000000
h4,150,3,adx25+horizontal_break_up+mtf_volatility+cross_group_return_up,363,52,4.85799006,0.00000000,4,0,0.00000000,0.00000000
h4,150,3,adx25+volatility+breakout20_up+mtf_volatility,300,49,4.84084421,0.00000000,4,0,0.00000000,0.00000000
h4,150,3,ichimoku_cloud_bull+adx25+breakout20_up+mtf_volatility,386,48,4.83726106,0.00000000,4,0,0.00000000,0.00000000
h4,150,3,adx25+atr_expand+mtf_adx25+cross_target_relative_up,473,57,4.82476167,11.15709729,4,1,0.05555556,0.00000000
h4,150,3,volatility+horizontal_break_up+mtf_volatility+cross_group_bull,172,42,4.82476167,0.00000000,5,0,0.00000000,0.00000000
h4,150,3,pin_bull+mtf_adx25,585,117,4.78764812,5.43550894,4,2,0.01777389,0.00000000
h4,150,3,mtf_trend_bull+horizontal_break_up+atr_expand,260,30,4.78764812,0.00000000,3,0,0.00000000,0.00000000
h4,150,3,macd_bull+pin_bull+mtf_volatility+cross_target_relative_up,130,23,4.78764812,0.00000000,3,0,0.00000000,0.00000000
h4,150,6,adx25+volatility+pin_bull+mtf_volatility,159,28,7.76341538,2.61611818,4,1,0.03571429,0.00000000
h4,150,6,volatility+pin_bull+mtf_volatility,246,36,7.31167657,4.06951716,4,2,0.05000000,0.00000000
h4,150,6,atr_expand+pin_bull,126,24,7.27754176,3.05213787,4,1,0.04166667,0.00000000
h4,150,6,volatility+pin_bull+mtf_volatility+cross_group_return_up,128,22,7.16383017,6.65920990,3,2,0.11428571,0.00000000
h4,150,6,adx25+volatility+pin_bull+mtf_adx25,163,28,7.14016485,5.23223635,3,1,0.06666667,0.00000000
h4,150,6,adx25+volatility+pin_bull+cross_group_return_up,128,34,6.88829824,2.15445026,4,1,0.03125000,0.00000000
h4,150,6,adx25+pin_bull+mtf_adx25+cross_target_relative_up,135,36,6.79237231,6.10427574,4,2,0.06944444,0.00000000
h4,150,6,volatility+pin_bull+mtf_adx_rising+cross_group_return_up,120,30,6.75971667,4.88342059,4,2,0.06696429,0.00000000
h4,150,6,ichimoku_cloud_bull+volatility+pin_bull+cross_group_return_up,127,29,6.66483534,2.52590720,4,1,0.02272727,0.00000000
h4,150,6,volatility+pin_bull+cross_group_bull,202,40,6.63459062,3.66256545,4,2,0.04861111,0.00000000
h4,150,6,adx25+volatility+pin_bull,268,57,6.57986698,2.57022136,4,1,0.03333333,0.00000000
h4,150,6,adx25+volatility+pin_bull+mtf_adx_rising,174,45,6.48608496,3.25561373,4,1,0.03846154,0.00000000
h4,150,6,adx25+pin_bull+mtf_volatility,254,48,6.38713387,9.15641361,4,2,0.12662338,0.00000000
h4,150,6,volatility+pin_bull+mtf_adx_rising,256,56,6.33723438,3.92417726,4,2,0.05256410,0.00000000
h4,150,6,volatility+pin_bull+cross_group_return_up,235,43,6.15315560,3.40703762,4,2,0.04444444,0.00000000
h4,150,6,ichimoku_cloud_bull+volatility+pin_bull,243,59,5.95058258,2.48309522,4,2,0.02982456,0.00000000
h4,150,6,ichimoku_cloud_bull+adx25+pin_bull+cross_target_relative_up,127,32,5.83173092,2.28910340,4,1,0.03571429,0.00000000
h4,150,6,volatility+pin_bull+mtf_adx25,250,35,5.78396627,6.27868362,3,2,0.07936508,0.00000000
h4,150,6,volatility+pin_bull,479,82,5.74302878,2.67992594,4,2,0.03173913,0.00000000
h4,150,6,ichimoku_cloud_bull+volatility+pin_bull+mtf_adx_rising,123,42,5.73464829,3.48815757,4,2,0.05208333,0.00000000
h4,150,6,volatility+pin_bull+cross_target_relative_up,204,46,5.70513172,1.59241976,4,1,0.01923077,0.00000000
h4,150,6,ichimoku_cloud_bull+adx25+pin_bull+cross_group_bull,137,36,5.66348842,0.00000000,4,0,0.00000000,0.00000000
h4,150,6,adx25+pin_bull+mtf_adx_rising+cross_target_relative_up,164,47,5.59128208,4.67561546,4,2,0.06666667,0.00000000
h4,150,6,adx25+pin_bull+mtf_adx25,310,67,5.57463311,7.65312183,4,3,0.09466874,0.00000000
h4,150,6,ichimoku_cloud_bull+pin_bull+mtf_volatility,235,36,5.55284774,2.03475858,4,1,0.02083333,0.00000000
h4,150,6,ichimoku_cloud_bull+adx25+pin_bull+mtf_adx25,149,30,5.44406712,2.44171030,3,1,0.03703704,0.00000000
h4,150,6,adx25+pin_bull+mtf_adx_rising+cross_group_bull,149,46,5.44406712,1.59241976,4,1,0.02272727,0.00000000
h4,150,6,adx25+pin_bull+mtf_adx25+cross_group_return_up,137,38,5.40605713,1.92766602,4,1,0.02083333,0.00000000
h4,150,6,adx25+pin_bull+cross_target_relative_up,262,63,5.38444076,3.48815757,4,2,0.04503676,0.00000000
h4,150,6,pin_bull+mtf_volatility+cross_group_bull,211,47,5.34871462,4.67561546,4,2,0.07045455,0.00000000
h4,150,6,pin_bull+mtf_volatility,488,86,5.34802959,7.66583465,4,4,0.10455250,0.04000000
h4,150,6,ichimoku_cloud_bull+pin_bull+mtf_adx25+cross_target_relative_up,161,30,5.25735458,2.44171030,3,1,0.04761905,0.00000000
h4,150,6,pin_bull+mtf_volatility+cross_group_return_up,250,53,5.07860453,4.14630050,4,2,0.05494505,0.00000000
h4,150,6,adx25+pin_bull+cross_group_bull,237,66,5.05955678,1.10986832,4,1,0.01666667,0.00000000
h4,150,6,pin_bull+mtf_adx25+cross_target_relative_up,281,61,5.02036826,3.60252339,4,2,0.04102167,0.00000000
h4,150,6,price20_bull+volatility+pin_bull+cross_group_return_up,156,13,4.97370458,0.00000000,1,0,0.00000000,0.00000000
h4,150,6,ema20_rising+volatility+pin_bull+cross_group_return_up,156,13,4.97370458,0.00000000,1,0,0.00000000,0.00000000
h4,150,6,ichimoku_cloud_bull+pin_bull+mtf_volatility+cross_group_return_up,131,22,4.84599669,3.32960495,3,1,0.04761905,0.00000000
h4,150,6,ichimoku_cloud_bull+adx25+pin_bull,306,71,4.84071782,1.03170858,4,1,0.01470588,0.00000000
h4,150,6,pin_bull+mtf_volatility+cross_target_relative_up,234,44,4.82298626,3.32960495,4,1,0.03846154,0.00000000
h4,150,6,ichimoku_cloud_bull+adx25+pin_bull+cross_group_return_up,164,43,4.73108484,0.00000000,4,0,0.00000000,0.00000000
h4,150,6,adx25+pin_bull+mtf_adx_rising+cross_group_return_up,179,52,4.72868206,1.40867902,4,1,0.01923077,0.00000000
h4,150,6,adx25+pin_bull+cross_group_return_up,284,75,4.71896939,0.97668412,4,1,0.01388889,0.00000000
h4,150,6,adx25+pin_bull,588,130,4.67841970,4.50777286,4,3,0.06361656,0.00000000
h4,150,6,price20_bull+pin_bull+mtf_adx25+cross_target_relative_up,176,37,4.60889773,1.97976511,4,1,0.02272727,0.00000000
h4,150,6,ema20_rising+pin_bull+mtf_adx25+cross_target_relative_up,176,37,4.60889773,1.97976511,4,1,0.02272727,0.00000000
h4,150,6,adx25+pin_bull+mtf_adx_rising,363,90,4.56639143,4.88342059,4,3,0.06773619,0.00000000
h4,150,6,price20_bull+volatility+pin_bull,218,18,4.52984604,0.00000000,1,0,0.00000000,0.00000000
h4,150,6,ema20_rising+volatility+pin_bull,218,18,4.52984604,0.00000000,1,0,0.00000000,0.00000000
h4,150,6,pin_bull+mtf_adx_rising+cross_target_relative_up,293,66,4.45364921,3.32960495,4,2,0.04910714,0.00000000
h4,150,6,pin_bull+mtf_adx25,585,117,4.40097496,5.63471607,4,4,0.07635651,0.04545455
h4,150,6,atr_expand+horizontal_break_up+mtf_adx_rising+cross_group_bull,153,25,4.37969708,0.00000000,2,0,0.00000000,0.00000000
h4,150,6,pin_bull+mtf_adx_rising+cross_group_bull,266,70,4.37536418,2.09289454,4,2,0.03485577,0.00000000
h4,150,6,atr_expand+horizontal_break_up+mtf_adx_rising+cross_group_return_up,178,29,4.35897704,0.00000000,2,0,0.00000000,0.00000000
h4,150,6,price20_bull+adx25+pin_bull+mtf_adx25,147,27,4.31854126,5.42602288,4,2,0.08125000,0.00000000
h4,150,6,ema20_rising+adx25+pin_bull+mtf_adx25,147,27,4.31854126,5.42602288,4,2,0.08125000,0.00000000
h4,150,6,ichimoku_cloud_bull+pin_bull+mtf_adx25,330,57,4.27491964,2.57022136,4,2,0.02638889,0.00000000
h4,150,6,ichimoku_cloud_bull+pin_bull+mtf_adx_rising+cross_group_bull,165,43,4.27491964,1.70351881,4,1,0.02777778,0.00000000
h4,150,6,dmi_adx_bull+pin_bull+mtf_adx25,124,10,4.26630085,7.32513089,1,0,0.00000000,0.00000000
h4,150,6,ichimoku_cloud_bull+pin_bull+mtf_adx_rising+cross_target_relative_up,174,37,4.25649326,1.97976511,4,1,0.05000000,0.00000000
h4,150,6,adx25+atr_expand+engulf_bull,176,18,4.20812402,0.00000000,1,0,0.00000000,0.00000000
h4,150,6,adx25+atr_expand+mtf_volatility,697,83,4.19978654,0.00000000,8,0,0.00000000,0.00000000
h4,150,6,adx25+atr_expand+mtf_volatility+cross_target_relative_up,304,35,4.17648399,0.00000000,4,0,0.00000000,0.00000000
h4,150,6,ichimoku_cloud_bull+pin_bull+mtf_adx25+cross_group_bull,136,28,4.14918671,2.61611818,3,1,0.03333333,0.00000000
h4,150,6,dmi_adx_bull+atr_expand+horizontal_break_up+mtf_adx_rising,162,16,4.13638057,0.00000000,1,0,0.00000000,0.00000000
h4,150,6,adx25+atr_expand+horizontal_break_up+mtf_adx_rising,163,16,4.11100401,0.00000000,1,0,0.00000000,0.00000000
h4,150,6,ichimoku_cloud_bull+adx25+pin_bull+mtf_adx_rising,181,48,4.09187750,1.52606894,4,1,0.02500000,0.00000000
h4,150,6,atr_expand+elliott_impulse_bull+mtf_volatility+cross_group_return_up,121,22,4.08060511,0.00000000,1,0,0.00000000,0.00000000
h4,150,6,pin_bull+mtf_adx_rising+cross_group_return_up,321,75,4.06516891,1.95336824,4,2,0.03033088,0.00000000
h4,150,6,ichimoku_cloud_bull+pin_bull+cross_group_bull,340,83,4.04545704,0.88254589,4,1,0.01470588,0.00000000
h4,150,6,pin_bull+elliott_pullback_bull+cross_target_relative_up,131,25,4.03833057,0.00000000,3,0,0.00000000,0.00000000
h4,150,6,price20_bull+dmi_adx_bull+pin_bull+cross_group_bull,131,14,4.03833057,0.00000000,1,0,0.00000000,0.00000000
h4,150,6,ema20_rising+dmi_adx_bull+pin_bull+cross_group_bull,131,14,4.03833057,0.00000000,1,0,0.00000000,0.00000000
h4,150,6,ichimoku_cloud_bull+pin_bull+mtf_adx_rising+cross_group_return_up,201,47,4.03565175,1.55853849,4,1,0.02083333,0.00000000
h4,150,6,pin_bull+mtf_adx_rising,639,133,4.02906158,4.40609377,4,4,0.06357849,0.02777778
h4,150,6,pin_bull+mtf_adx25+cross_group_bull,237,62,4.01788333,2.36294545,4,2,0.02786378,0.00000000
h4,150,6,pin_bull+mtf_adx25+cross_group_return_up,281,69,4.01629460,2.12322634,4,2,0.02452153,0.00000000
h4,150,6,dmi_adx_bull+pin_bull+cross_group_bull,132,14,4.00773716,0.00000000,1,0,0.00000000,0.00000000
h4,150,6,ichimoku_cloud_bull+pin_bull+mtf_adx25+cross_group_return_up,161,32,3.94301594,2.28910340,3,1,0.03030303,0.00000000
h4,150,6,atr_expand+elliott_wave3_bull+mtf_adx_rising+cross_group_bull,234,22,3.91867633,0.00000000,2,0,0.00000000,0.00000000
h4,150,6,ichimoku_cloud_bull+adx25+atr_expand+mtf_volatility,318,53,3.88170769,0.00000000,5,0,0.00000000,0.00000000
h4,150,6,ichimoku_cloud_bull+dmi_adx_bull+pin_bull,155,17,3.86811277,0.00000000,1,0,0.00000000,0.00000000
h4,150,6,pin_bull+elliott_pullback_bull+cross_group_bull,138,32,3.83348772,0.00000000,4,0,0.00000000,0.00000000
h4,150,6,price20_bull+pin_bull+mtf_adx25+cross_group_bull,175,41,3.82910659,0.00000000,4,0,0.00000000,0.00000000
h4,150,6,ema20_rising+pin_bull+mtf_adx25+cross_group_bull,175,41,3.82910659,0.00000000,4,0,0.00000000,0.00000000
h4,150,6,price20_bull+adx25+pin_bull+cross_target_relative_up,157,24,3.81883745,3.05213787,3,1,0.04166667,0.00000000
h4,150,6,ema20_rising+adx25+pin_bull+cross_target_relative_up,157,24,3.81883745,3.05213787,3,1,0.04166667,0.00000000
h4,150,6,price20_bull+pin_bull+mtf_adx_rising+cross_group_bull,204,38,3.80342115,0.00000000,4,0,0.00000000,0.00000000
h4,150,6,ema20_rising+pin_bull+mtf_adx_rising+cross_group_bull,204,38,3.80342115,0.00000000,4,0,0.00000000,0.00000000
h4,150,6,mtf_trend_bull+horizontal_break_up+atr_expand,260,30,3.79810168,0.00000000,3,0,0.00000000,0.00000000
h4,150,12,adx25+volatility+pin_bull+mtf_volatility,159,28,4.68801256,3.72894456,4,3,0.17698413,0.00000000
h4,150,12,volatility+pin_bull+mtf_volatility+cross_group_return_up,128,22,4.55283265,3.79674355,3,3,0.21746032,0.16666667
h4,150,12,volatility+pin_bull+mtf_volatility,246,36,4.40735548,3.48034826,4,3,0.15555556,0.00000000
h4,150,12,adx25+pin_bull+mtf_volatility,254,48,4.16182761,5.65556592,4,4,0.27053502,0.11111111
h4,150,12,adx25+volatility+pin_bull+mtf_adx25,163,28,4.15724482,2.98315565,3,1,0.13333333,0.00000000
h4,150,12,volatility+pin_bull+mtf_trend_bull+cross_group_bull,128,32,4.02343350,4.56795709,4,3,0.22997835,0.00000000
h4,150,12,adx25+pin_bull+mtf_adx25+cross_target_relative_up,135,36,4.01559055,3.48034826,4,3,0.13888889,0.00000000
h4,150,12,ichimoku_cloud_bull+volatility+pin_bull+cross_group_return_up,127,29,3.94840055,5.76057643,4,3,0.27424242,0.00000000
h4,150,12,volatility+pin_bull+cross_group_bull,202,40,3.89134579,4.17641791,4,3,0.20277778,0.00000000
h4,150,12,atr_expand+pin_bull,126,24,3.87217660,0.87008706,4,1,0.04166667,0.00000000
h4,150,12,pin_bull+mtf_volatility+cross_group_bull,211,47,3.85382506,3.11009844,4,4,0.15984848,0.06666667
h4,150,12,adx25+pin_bull+mtf_adx25,310,67,3.80347670,3.42840276,4,3,0.14394410,0.00000000
h4,150,12,adx25+pin_bull+mtf_adx25+cross_group_return_up,137,38,3.75912035,1.64858602,4,2,0.06944444,0.00000000
h4,150,12,adx25+volatility+pin_bull,268,57,3.74214082,3.66352448,4,3,0.16458333,0.00000000
h4,150,12,ichimoku_cloud_bull+adx25+pin_bull+mtf_adx25,149,30,3.72924391,1.39213930,3,1,0.07407407,0.00000000
h4,150,12,adx25+volatility+pin_bull+cross_group_return_up,128,34,3.70579402,4.29925373,4,3,0.19476010,0.00000000
h4,150,12,ichimoku_cloud_bull+pin_bull+mtf_volatility,235,36,3.63325507,2.32023217,4,2,0.09722222,0.00000000
h4,150,12,sma_stack_bull+volatility+pin_bull,157,19,3.62554115,2.19811469,2,1,0.11111111,0.00000000
h4,150,12,ichimoku_cloud_bull+pin_bull+mtf_volatility+cross_group_return_up,131,22,3.62092850,2.84755767,3,2,0.16190476,0.00000000
h4,150,12,volatility+pin_bull+mtf_adx25,250,35,3.57789118,4.17641791,3,2,0.18650794,0.00000000
h4,150,12,volatility+pin_bull+cross_group_return_up,235,43,3.57558435,4.85629990,4,3,0.22323232,0.00000000
h4,150,12,volatility+pin_bull+mtf_trend_bull+cross_group_return_up,148,34,3.57129802,5.52761194,4,3,0.25595238,0.00000000
h4,150,12,ichimoku_cloud_bull+volatility+pin_bull,243,59,3.56941382,3.89327093,4,3,0.17699055,0.00000000
h4,150,12,ichimoku_cloud_bull+adx25+pin_bull+cross_group_bull,137,36,3.56127191,2.90029022,4,3,0.15625000,0.00000000
h4,150,12,pin_bull+mtf_volatility+cross_group_return_up,250,53,3.52368071,3.15201352,4,4,0.16321352,0.06250000
h4,150,12,adx25+pin_bull+mtf_trend_bull+cross_group_bull,151,47,3.50034508,2.66579867,4,3,0.12852564,0.00000000
h4,150,12,pin_bull+mtf_volatility,488,86,3.49924156,4.37066991,4,4,0.20965421,0.11111111
h4,150,12,ichimoku_cloud_bull+volatility+pin_bull+mtf_trend_bull,184,52,3.38815453,3.61420781,4,3,0.15733243,0.00000000
h4,150,12,sma_stack_bull+pin_bull+mtf_volatility,140,13,3.38815453,1.60631458,1,1,0.14285714,0.14285714
h4,150,12,adx25+pin_bull+cross_group_bull,237,66,3.37385852,2.84755767,4,4,0.14860819,0.06250000
h4,150,12,volatility+pin_bull,479,82,3.36693435,3.56523480,4,3,0.15358696,0.00000000
h4,150,12,adx25+volatility+pin_bull+mtf_trend_bull,149,47,3.36541524,3.55439822,4,3,0.15726496,0.00000000
h4,150,12,ichimoku_cloud_bull+pin_bull+mtf_adx25+cross_group_bull,136,28,3.28850292,2.98315565,3,2,0.13333333,0.00000000
h4,150,12,ichimoku_cloud_bull+pin_bull+mtf_adx25+cross_target_relative_up,161,30,3.28293234,1.39213930,3,2,0.08095238,0.00000000
h4,150,12,volatility+pin_bull+mtf_trend_bull+cross_target_relative_up,121,37,3.24814814,3.95066559,4,3,0.16944444,0.00000000
h4,150,12,sma_stack_bull+volatility+pin_bull+mtf_trend_bull,135,19,3.21247244,2.19811469,2,1,0.11111111,0.00000000
h4,150,12,ichimoku_cloud_bull+adx25+pin_bull+cross_target_relative_up,127,32,3.20140585,3.26282649,4,3,0.16517857,0.00000000
h4,150,12,volatility+pin_bull+cross_target_relative_up,204,46,3.18885132,4.08562622,4,3,0.17307692,0.00000000
h4,150,12,price20_bull+pin_bull+mtf_volatility+cross_group_bull,137,27,3.16557503,3.09364290,4,2,0.20000000,0.00000000
h4,150,12,pin_bull+mtf_adx25+cross_group_bull,237,62,3.14512235,2.35765527,4,3,0.10132869,0.00000000
h4,150,12,pin_bull+mtf_adx25+cross_target_relative_up,281,61,3.13494725,2.73863470,4,3,0.11443201,0.00000000
h4,150,12,price20_bull+adx25+pin_bull+mtf_adx25,147,27,3.13461916,2.32023217,4,2,0.11250000,0.00000000
h4,150,12,pin_bull+mtf_volatility+cross_target_relative_up,234,44,3.12752726,5.22052239,4,4,0.25202228,0.11111111
h4,150,12,price20_bull+volatility+pin_bull+cross_group_return_up,156,13,3.12752726,6.42525832,1,1,0.33333333,0.33333333
h4,150,12,adx25+pin_bull,588,130,3.06547314,3.37326062,4,4,0.16988017,0.10000000
h4,150,12,adx25+pin_bull+cross_group_return_up,284,75,3.05411112,2.78427861,4,4,0.14607843,0.10000000
h4,150,12,adx25+pin_bull+cross_target_relative_up,262,63,3.05192545,4.30900261,4,4,0.20894608,0.12500000
h4,150,12,pin_bull+mtf_adx25,585,117,3.03485978,3.21262916,4,3,0.14090423,0.04545455
h4,150,12,ichimoku_cloud_bull+adx25+pin_bull,306,71,3.01169291,2.35291150,4,3,0.12316176,0.00000000
h4,150,12,price20_bull+pin_bull+mtf_adx25+cross_target_relative_up,176,37,3.00313697,2.25752319,4,3,0.10170455,0.00000000
h4,150,12,volatility+pin_bull+mtf_trend_bull,299,69,2.99154781,3.63166775,4,3,0.15020903,0.00000000
h4,150,12,pin_bull+mtf_adx25+cross_group_return_up,281,69,2.99025738,2.42111183,4,3,0.10236474,0.00000000
h4,150,12,ichimoku_cloud_bull+pin_bull+cross_group_bull,340,83,2.98954811,2.01273152,4,3,0.10516934,0.00000000
h4,150,12,ichimoku_cloud_bull+pin_bull+mtf_trend_bull+cross_group_bull,241,73,2.98045129,2.00239215,4,3,0.10221878,0.00000000
h4,150,12,ichimoku_cloud_bull+adx25+pin_bull+cross_group_return_up,164,43,2.97496495,2.91377994,4,3,0.15378788,0.00000000
h4,150,12,ichimoku_cloud_bull+di_spread_up3+pin_bull,142,28,2.95867015,3.72894456,4,3,0.17361111,0.00000000
h4,150,12,ichimoku_cloud_bull+adx25+pin_bull+mtf_trend_bull,225,60,2.95145906,2.08820896,4,3,0.10416667,0.00000000
h4,150,12,ichimoku_cloud_bull+pin_bull+mtf_adx25+cross_group_return_up,161,32,2.94622133,3.26282649,3,2,0.14393939,0.00000000
h4,150,12,price20_bull+pin_bull+mtf_adx25+cross_group_bull,175,41,2.94285422,1.52795777,4,2,0.07291667,0.00000000
h4,150,12,adx25+pin_bull+mtf_trend_bull+cross_group_return_up,180,52,2.93640059,2.81105052,4,3,0.13333333,0.00000000
h4,150,12,price20_bull+pin_bull+mtf_volatility+cross_group_return_up,162,31,2.92803478,3.36807896,4,3,0.20267857,0.00000000
h4,150,12,ichimoku_cloud_bull+pin_bull+mtf_adx25,330,57,2.91586632,2.56446714,4,2,0.09027778,0.00000000
h4,150,12,pin_bull+elliott_pullback_bull+cross_target_relative_up,131,25,2.89674280,3.34113433,3,2,0.13888889,0.00000000
h4,150,12,adx25+horizontal_break_up+mtf_trend_bull+cross_group_bull,613,87,2.89623650,1.20012009,8,2,0.08134921,0.00000000
h4,150,12,ichimoku_cloud_bull+adx25+horizontal_break_up+mtf_trend_bull,765,90,2.86996619,0.23202322,7,1,0.01785714,0.00000000
h4,150,12,price20_bull+volatility+pin_bull+mtf_trend_bull,147,18,2.85803511,4.64046434,1,1,0.22222222,0.22222222
h4,150,12,sma_stack_bull+pin_bull+cross_group_bull,235,45,2.82586505,1.39213930,4,3,0.07045455,0.00000000
h4,150,12,di_spread_up3+pin_bull+cross_group_bull,178,40,2.81711725,1.56615672,4,2,0.07812500,0.00000000
h4,150,12,pin_bull+cross_group_bull,569,146,2.81056052,2.43147618,4,4,0.12034870,0.05714286
h4,150,12,price20_bull+pin_bull+mtf_volatility,248,42,2.78703034,3.48034826,4,4,0.18869048,0.07142857
h4,150,12,ichimoku_cloud_bull+horizontal_break_up+mtf_trend_bull+cross_group_bull,720,154,2.78581595,0.67798992,7,2,0.03492063,0.00000000
h4,150,12,adx25+horizontal_break_up+mtf_trend_bull+cross_group_return_up,706,95,2.78346973,1.09905734,9,2,0.07231041,0.00000000
h4,150,12,price20_bull+pin_bull+mtf_adx25+cross_group_return_up,205,45,2.77663395,1.85618574,4,3,0.08621934,0.00000000
h4,150,12,ichimoku_cloud_bull+macd_cross_up+elliott_wave5_bull+mtf_volatility,127,14,2.77455174,0.00000000,1,0,0.00000000,0.00000000
h4,150,12,adx25+pin_bull+mtf_trend_bull+cross_target_relative_up,137,42,2.76987815,3.48034826,4,3,0.13961039,0.00000000
h4,150,12,sma_stack_bull+adx25+horizontal_break_up+mtf_volatility,344,42,2.75780020,0.00000000,5,0,0.00000000,0.00000000
h4,150,12,pin_bull+elliott_pullback_bull+cross_group_bull,138,32,2.74980657,3.91539179,4,3,0.17673993,0.00000000
h4,150,12,ichimoku_cloud_bull+pin_bull+cross_group_return_up,406,99,2.73722829,2.10930197,4,3,0.10534695,0.00000000
h4,150,12,sma_stack_bull+adx25+pin_bull,208,26,2.73658635,0.80315729,4,1,0.04166667,0.00000000
h4,150,12,price20_bull+volatility+pin_bull,218,18,2.73539081,4.64046434,1,1,0.22222222,0.22222222
h4,150,12,ichimoku_cloud_bull+horizontal_break_up+engulf_bull+mtf_trend_bull,159,28,2.72757094,0.74578891,3,1,0.04761905,0.00000000
h4,150,12,sma_stack_bull+adx25+breakout20_up+mtf_volatility,348,43,2.72610134,0.00000000,5,0,0.00000000,0.00000000
h4,150,12,sma_stack_bull+adx25+breakout_up20+mtf_volatility,348,43,2.72610134,0.00000000,5,0,0.00000000,0.00000000
h4,150,12,pin_bull+mtf_trend_bull+cross_group_bull,363,104,2.72545764,2.61026119,4,3,0.12242424,0.00000000
h4,150,12,di_spread_up3+pin_bull,240,49,2.71052362,2.55699056,4,3,0.12053225,0.00000000
h4,150,12,sma_stack_bull+adx25+retest_up+mtf_volatility,347,42,2.69490101,0.00000000,5,0,0.00000000,0.00000000
h4,150,12,ichimoku_cloud_bull+di_spread_up3+pin_bull+cross_group_return_up,121,26,2.68812260,3.21262916,3,3,0.19576720,0.11111111
h4,150,12,sma_stack_bull+adx25+horizontal_break_up+mtf_trend_bull,848,103,2.68495265,0.40547747,8,1,0.02777778,0.00000000
h4,150,12,price20_bull+pin_bull+mtf_adx25,318,68,2.68495265,2.14962687,4,4,0.10572755,0.06666667
h4,150,12,ichimoku_cloud_bull+horizontal_break_up+mtf_trend_bull+cross_group_return_up,853,178,2.66921435,0.58657555,7,2,0.03340494,0.00000000
h4,150,12,sma_stack_bull+pin_bull+mtf_trend_bull+cross_group_bull,193,45,2.66839113,1.39213930,4,3,0.07045455,0.00000000
h4,150,12,horizontal_break_up+engulf_bull+elliott_wave3_bull+cross_group_return_up,127,20,2.66783821,0.00000000,1,0,0.00000000,0.00000000
h4,150,12,price20_bull+di_spread_up3+pin_bull+cross_group_bull,138,26,2.65159920,1.60631458,3,1,0.13333333,0.00000000
h4,150,12,ichimoku_cloud_bull+adx25+breakout20_up+mtf_trend_bull,834,105,2.64877308,0.59663113,8,2,0.03229167,0.00000000
h4,150,12,ichimoku_cloud_bull+adx25+breakout_up20+mtf_trend_bull,834,105,2.64877308,0.59663113,8,2,0.03229167,0.00000000
h4,150,12,volatility+horizontal_break_up+mtf_trend_bull+cross_group_bull,302,77,2.64769692,1.89837178,7,2,0.12857143,0.00000000
h4,200,1,nr4+pin_bull+mtf_adx25,138,18,40.40630562,,1,1,0.00000000,0.00000000
h4,200,1,adx25+nr4+pin_bull,147,27,37.93245017,,3,3,0.00000000,0.00000000
h4,200,1,adx25+volatility+pin_bull+mtf_adx25,163,28,34.20901948,,3,3,0.00000000,0.00000000
h4,200,1,adx_up3+atr_expand+pullback_bull+mtf_volatility,141,24,29.65994774,,1,1,0.00000000,0.00000000
h4,200,1,adx25+volatility+pin_bull+mtf_volatility,159,28,26.30221781,,4,4,0.00000000,0.00000000
h4,200,1,ichimoku_cloud_bull+atr_expand+pullback_bull+mtf_volatility,226,27,24.67287688,,2,2,0.00000000,0.00000000
h4,200,1,adx25+volatility+pin_bull+mtf_adx_rising,174,45,24.03478524,,4,4,0.00000000,0.00000000
h4,200,1,macd_bull+nr4+pin_bull,178,27,23.49467771,,4,4,0.00000000,0.00000000
h4,200,1,adx25+pin_bull+mtf_adx25,310,67,22.48415393,,4,4,0.00000000,0.00000000
h4,200,1,volatility+pin_bull+mtf_adx25,250,35,22.30428070,,3,3,0.00000000,0.00000000
h4,200,1,adx25+volatility+pin_bull,268,57,20.80623200,,4,4,0.00000000,0.00000000
h4,200,1,macd_bull+pin_bull+mtf_adx25,269,65,20.72888541,,4,4,0.00000000,0.00000000
h4,200,1,adx25+pin_bull+mtf_adx25+cross_target_relative_up,135,36,20.65211176,,4,4,0.00000000,0.00000000
h4,200,1,atr_expand+pullback_bull+mtf_volatility+cross_target_relative_up,203,24,20.60124449,,1,1,0.00000000,0.00000000
h4,200,1,ichimoku_cloud_bull+adx25+atr_expand+nr4,210,43,19.91453634,,2,2,0.00000000,0.00000000
h4,200,1,nr4+pin_bull+mtf_adx_rising,140,29,19.91453634,,3,3,0.00000000,0.00000000
h4,200,1,macd_bull+volatility+pin_bull,211,24,19.82015465,,2,2,0.00000000,0.00000000
h4,200,1,adx_up3+atr_expand+mtf_volatility,431,87,19.40627671,,10,10,0.00000000,0.00000000
h4,200,1,adx25+atr_expand+mtf_volatility+cross_group_return_up,290,28,19.22782819,,2,2,0.00000000,0.00000000
h4,200,1,adx_up3+atr_expand+mtf_volatility+cross_group_return_up,146,39,19.09613074,,3,3,0.00000000,0.00000000
h4,200,1,ichimoku_cloud_bull+adx25+pin_bull+mtf_adx25,149,30,18.71164488,,3,3,0.00000000,0.00000000
h4,200,1,macd_bull+pin_bull+mtf_volatility,230,44,18.18283753,,4,4,0.00000000,0.00000000
h4,200,1,macd_bull+pin_bull+mtf_adx25+cross_target_relative_up,156,36,17.87201979,,4,4,0.00000000,0.00000000
h4,200,1,volatility+pin_bull+mtf_volatility,246,36,17.00021395,,4,4,0.00000000,0.00000000
h4,200,1,nr4+pin_bull,331,64,16.84613346,,4,4,0.00000000,0.00000000
h4,200,1,atr_expand+pullback_bull+mtf_volatility,420,50,16.59544695,,6,6,0.00000000,0.00000000
h4,200,1,adx25+pin_bull+mtf_volatility,254,48,16.46477414,,4,4,0.00000000,0.00000000
h4,200,1,volatility+pin_bull+mtf_adx_rising,256,56,16.33614309,,4,4,0.00000000,0.00000000
h4,200,1,ichimoku_cloud_bull+atr_expand+mtf_volatility+cross_target_relative_up,256,33,16.33614309,,2,2,0.00000000,0.00000000
h4,200,1,ichimoku_cloud_bull+atr_expand+nr4+cross_target_relative_up,185,34,15.07045993,,2,2,0.00000000,0.00000000
h4,200,1,ichimoku_cloud_bull+nr4+pin_bull,189,46,14.75150840,,4,4,0.00000000,0.00000000
h4,200,1,ichimoku_cloud_bull+atr_expand+mtf_volatility,569,93,14.69965776,,8,8,0.00000000,0.00000000
h4,200,1,adx_up3+atr_expand+pullback_bull+mtf_adx_rising,286,43,14.62256165,,4,4,0.00000000,0.00000000
h4,200,1,adx25+atr_expand+nr4+cross_target_relative_up,193,34,14.44577766,,2,2,0.00000000,0.00000000
h4,200,1,adx25+atr_expand+mtf_volatility,697,83,14.00017619,,8,8,0.00000000,0.00000000
h4,200,1,ichimoku_cloud_bull+adx_up3+atr_expand+mtf_volatility,201,45,13.87082133,,5,5,0.00000000,0.00000000
h4,200,1,adx25+atr_expand+mtf_volatility+cross_target_relative_up,304,35,13.75675208,,4,4,0.00000000,0.00000000
h4,200,1,macd_bull+pin_bull+mtf_adx_rising,306,62,13.66683867,,4,4,0.00000000,0.00000000
h4,200,1,sma_stack_bull+adx25+atr_expand+mtf_volatility,204,15,13.66683867,,1,1,0.00000000,0.00000000
h4,200,1,ichimoku_cloud_bull+atr_expand+mtf_volatility+cross_group_bull,205,30,13.60017116,,2,2,0.00000000,0.00000000
h4,200,1,ichimoku_cloud_bull+adx25+atr_expand+mtf_volatility,318,53,13.15110890,,5,5,0.00000000,0.00000000
h4,200,1,sma_stack_bull+bb_expand+impulse_bull+mtf_volatility,319,57,13.10988286,,3,3,0.00000000,0.00000000
h4,200,1,trend_bull+adx25+atr_expand+mtf_volatility,222,19,12.55871661,,1,1,0.00000000,0.00000000
h4,200,1,adx25+atr_expand+pullback_bull+mtf_volatility,229,24,12.17482571,,1,1,0.00000000,0.00000000
h4,200,1,adx_up3+volatility+pullback_bull+mtf_volatility,692,147,12.08685732,,12,12,0.00000000,0.00000000
h4,200,1,adx25+atr_expand+mtf_volatility+cross_group_bull,232,28,12.01739262,,2,2,0.00000000,0.00000000
h4,200,1,pin_bull+mtf_adx25,585,117,11.91467986,,4,4,0.00000000,0.00000000
h4,200,1,atr_expand+mtf_volatility,1172,172,11.89434764,,11,11,0.00000000,0.00000000
h4,200,1,adx25+pin_bull,588,130,11.85389068,,4,4,0.00000000,0.00000000
h4,200,1,volatility+pin_bull,479,82,11.64106508,,4,4,0.00000000,0.00000000
h4,200,1,sma_stack_bull+bb_expand+pin_bull,120,20,11.61681287,,2,2,0.00000000,0.00000000
h4,200,1,adx25+pin_bull+mtf_adx_rising,363,90,11.52080615,,4,4,0.00000000,0.00000000
h4,200,1,ichimoku_cloud_bull+atr_expand+mtf_volatility+cross_group_return_up,242,36,11.52080615,,3,3,0.00000000,0.00000000
h4,200,1,triangle_breakout_up+impulse_bull+elliott_wave5_bull,121,17,11.52080615,,1,1,0.00000000,0.00000000
h4,200,1,trend_bull+adx25+range_tight+cross_group_bull,121,31,11.52080615,,3,3,0.00000000,0.00000000
h4,200,1,adx25+bb_expand+impulse_bull+mtf_volatility,491,89,11.35655840,,10,10,0.00000000,0.00000000
h4,200,1,triangle_breakout_up+impulse_bull+elliott_impulse_bull,123,17,11.33347597,,1,1,0.00000000,0.00000000
h4,200,1,trend_bull+bb_expand+impulse_bull+mtf_volatility,372,76,11.24207697,,6,6,0.00000000,0.00000000
h4,200,1,atr_expand+pin_bull,126,24,11.06363130,,4,4,0.00000000,0.00000000
h4,200,1,macd_bull+impulse_bull+elliott_pullback_bull+mtf_volatility,126,24,11.06363130,,1,1,0.00000000,0.00000000
h4,200,1,atr_expand+mtf_volatility+cross_group_return_up,505,77,11.04172312,,8,8,0.00000000,0.00000000
h4,200,1,ichimoku_cloud_bull+adx25+pin_bull+cross_target_relative_up,127,32,10.97651609,,4,4,0.00000000,0.00000000
h4,200,1,sma_stack_bull+nr4+pin_bull,128,22,10.89076206,,2,2,0.00000000,0.00000000
h4,200,1,sma_stack_bull+adx25+range_tight+cross_group_return_up,128,31,10.89076206,,1,1,0.00000000,0.00000000
h4,200,1,atr_expand+mtf_volatility+cross_target_relative_up,514,70,10.84838556,,9,9,0.00000000,0.00000000
h4,200,1,trend_bull+range_tight+mtf_volatility+cross_group_return_up,130,40,10.72321188,,4,4,0.00000000,0.00000000
h4,200,1,macd_bull+pin_bull+mtf_volatility+cross_target_relative_up,130,23,10.72321188,,3,3,0.00000000,0.00000000
h4,200,1,sma_stack_bull+atr_expand+nr4,262,37,10.64135530,,2,2,0.00000000,0.00000000
h4,200,1,adx25+pin_bull+cross_target_relative_up,262,63,10.64135530,,4,4,0.00000000,0.00000000
h4,200,1,pin_bull+elliott_pullback_bull+cross_target_relative_up,131,25,10.64135530,,3,3,0.00000000,0.00000000
h4,200,1,adx25+atr_expand+nr4,398,63,10.50766993,,8,8,0.00000000,0.00000000
h4,200,1,sma_stack_bull+atr_expand+pullback_bull+mtf_volatility,135,19,10.32605588,,1,1,0.00000000,0.00000000
h4,200,1,ichimoku_cloud_bull+adx_up3+atr_expand+pullback_bull,272,48,10.25012900,,3,3,0.00000000,0.00000000
h4,200,1,sma_stack_bull+adx25+bb_expand+mtf_volatility,828,117,10.10157640,,9,9,0.00000000,0.00000000
h4,200,1,ichimoku_cloud_bull+atr_expand+nr4,414,72,10.10157640,,8,8,0.00000000,0.00000000
h4,200,1,trend_bull+atr_expand+nr4+mtf_adx25,138,19,10.10157640,,1,1,0.00000000,0.00000000
h4,200,1,adx25+atr_expand+mtf_adx_rising+cross_group_return_up,693,79,10.05784664,,7,7,0.00000000,0.00000000
h4,200,1,adx_up3+volatility+nr4+mtf_adx25,561,109,9.93951903,,11,11,0.00000000,0.00000000
h4,200,1,adx_up3+bb_expand+pullback_bull+mtf_volatility,842,147,9.93361670,,11,11,0.00000000,0.00000000
h4,200,1,pin_bull+mtf_adx25+cross_target_relative_up,281,61,9.92183305,,4,4,0.00000000,0.00000000
h4,200,1,adx_up3+volatility+elliott_wave5_bull+mtf_adx25,141,38,9.88664925,,4,4,0.00000000,0.00000000
h4,200,1,trend_bull+atr_expand+nr4,283,35,9.85171409,,3,3,0.00000000,0.00000000
h4,200,1,sma_stack_bull+atr_expand+range_tight,143,34,9.74837443,,3,3,0.00000000,0.00000000
h4,200,3,ichimoku_cloud_bull+atr_expand+impulse_bull+mtf_volatility,171,27,17.26823534,0.00000000,1,0,0.00000000,0.00000000
h4,200,3,adx25+atr_expand+impulse_bull+mtf_volatility,224,24,16.77766047,0.00000000,1,0,0.00000000,0.00000000
h4,200,3,adx_up3+atr_expand+mtf_volatility,431,87,14.94807801,0.00000000,10,0,0.00000000,0.00000000
h4,200,3,adx25+volatility+pin_bull+mtf_adx25,163,28,13.17509534,0.00000000,3,0,0.00000000,0.00000000
h4,200,3,adx_up3+atr_expand+mtf_volatility+cross_target_relative_up,187,33,12.91969577,0.00000000,3,0,0.00000000,0.00000000
h4,200,3,ichimoku_cloud_bull+adx25+atr_expand+mtf_volatility,318,53,12.66238526,0.00000000,5,0,0.00000000,0.00000000
h4,200,3,atr_expand+impulse_bull+mtf_volatility,362,62,12.60641892,0.00000000,6,0,0.00000000,0.00000000
h4,200,3,ichimoku_cloud_bull+adx_up3+atr_expand+mtf_volatility,201,45,12.01981646,0.00000000,5,0,0.00000000,0.00000000
h4,200,3,atr_expand+impulse_bull+mtf_volatility+cross_target_relative_up,159,24,11.81822625,0.00000000,1,0,0.00000000,0.00000000
h4,200,3,ichimoku_cloud_bull+atr_expand+mtf_volatility,569,93,11.79448891,0.00000000,8,0,0.00000000,0.00000000
h4,200,3,adx25+atr_expand+mtf_volatility,697,83,11.55419946,0.00000000,8,0,0.00000000,0.00000000
h4,200,3,adx25+atr_expand+mtf_volatility+cross_target_relative_up,304,35,11.47945190,0.00000000,4,0,0.00000000,0.00000000
h4,200,3,squeeze_release_up+horizontal_break_up+elliott_impulse_bull+mtf_adx25,120,17,11.18510698,0.00000000,1,0,0.00000000,0.00000000
h4,200,3,volatility+pin_bull+mtf_volatility,246,36,10.91229949,0.00000000,4,0,0.00000000,0.00000000
h4,200,3,adx25+volatility+pin_bull+mtf_adx_rising,174,45,10.79941364,0.00000000,4,0,0.00000000,0.00000000
h4,200,3,ichimoku_cloud_bull+atr_expand+mtf_volatility+cross_target_relative_up,256,33,10.48603780,0.00000000,2,0,0.00000000,0.00000000
h4,200,3,adx25+volatility+pin_bull+mtf_volatility,159,28,10.12990821,0.00000000,4,0,0.00000000,0.00000000
h4,200,3,adx_up3+atr_expand+impulse_bull+mtf_adx25,186,30,10.10267727,0.00000000,1,0,0.00000000,0.00000000
h4,200,3,adx25+squeeze_release_up+elliott_wave5_bull,135,24,9.94231732,0.00000000,1,0,0.00000000,0.00000000
h4,200,3,price20_bull+adx25+squeeze_release_up+elliott_wave5_bull,135,24,9.94231732,0.00000000,1,0,0.00000000,0.00000000
h4,200,3,ema20_rising+adx25+squeeze_release_up+elliott_wave5_bull,135,24,9.94231732,0.00000000,1,0,0.00000000,0.00000000
h4,200,3,adx25+squeeze_release_up+breakout20_up+elliott_wave5_bull,135,24,9.94231732,0.00000000,1,0,0.00000000,0.00000000
h4,200,3,adx25+squeeze_release_up+retest_up+elliott_wave5_bull,135,24,9.94231732,0.00000000,1,0,0.00000000,0.00000000
h4,200,3,adx25+pin_bull+mtf_adx25+cross_target_relative_up,135,36,9.94231732,0.00000000,4,0,0.00000000,0.00000000
h4,200,3,adx_up3+atr_expand+mtf_adx25+cross_target_relative_up,271,44,9.90562980,39.74715909,4,1,0.02500000,0.00000000
h4,200,3,squeeze_release_up+horizontal_break_up+mtf_adx25,136,21,9.86921204,0.00000000,3,0,0.00000000,0.00000000
h4,200,3,price20_bull+squeeze_release_up+horizontal_break_up+mtf_adx25,136,21,9.86921204,0.00000000,3,0,0.00000000,0.00000000
h4,200,3,ema20_rising+squeeze_release_up+horizontal_break_up+mtf_adx25,136,21,9.86921204,0.00000000,3,0,0.00000000,0.00000000
h4,200,3,squeeze_release_up+horizontal_break_up+retest_up+mtf_adx25,136,21,9.86921204,0.00000000,3,0,0.00000000,0.00000000
h4,200,3,volatility+pin_bull+mtf_adx_rising,256,56,9.43743402,0.00000000,4,0,0.00000000,0.00000000
h4,200,3,atr_expand+mtf_volatility,1172,172,9.39090893,0.00000000,11,0,0.00000000,0.00000000
h4,200,3,ichimoku_cloud_bull+pin_bull+mtf_volatility,235,36,9.13847039,0.00000000,4,0,0.00000000,0.00000000
h4,200,3,adx_up3+volatility+impulse_bull+mtf_volatility,329,71,8.97528341,0.00000000,9,0,0.00000000,0.00000000
h4,200,3,adx25+squeeze_release_up+elliott_impulse_bull,151,25,8.88882674,0.00000000,1,0,0.00000000,0.00000000
h4,200,3,price20_bull+adx25+squeeze_release_up+elliott_impulse_bull,151,25,8.88882674,0.00000000,1,0,0.00000000,0.00000000
h4,200,3,ema20_rising+adx25+squeeze_release_up+elliott_impulse_bull,151,25,8.88882674,0.00000000,1,0,0.00000000,0.00000000
h4,200,3,adx25+squeeze_release_up+breakout20_up+elliott_impulse_bull,151,25,8.88882674,0.00000000,1,0,0.00000000,0.00000000
h4,200,3,adx25+squeeze_release_up+retest_up+elliott_impulse_bull,151,25,8.88882674,0.00000000,1,0,0.00000000,0.00000000
h4,200,3,atr_expand+mtf_volatility+cross_target_relative_up,514,70,8.87845068,0.00000000,9,0,0.00000000,0.00000000
h4,200,3,volatility+pin_bull+mtf_adx25,250,35,8.59016216,0.00000000,3,0,0.00000000,0.00000000
h4,200,3,atr_expand+impulse_bull+mtf_volatility+cross_group_return_up,157,27,8.54912636,0.00000000,2,0,0.00000000,0.00000000
h4,200,3,adx25+pin_bull+mtf_volatility,254,48,8.45488402,0.00000000,4,0,0.00000000,0.00000000
h4,200,3,squeeze_release_up+horizontal_break_up+elliott_wave5_bull+mtf_adx_rising,127,19,8.45488402,0.00000000,1,0,0.00000000,0.00000000
h4,200,3,adx25+atr_expand+impulse_bull+mtf_adx25,352,34,8.38883024,0.00000000,2,0,0.00000000,0.00000000
h4,200,3,ichimoku_cloud_bull+squeeze_release_up+horizontal_break_up+elliott_wave5_bull,160,26,8.38883024,0.00000000,3,0,0.00000000,0.00000000
h4,200,3,ichimoku_cloud_bull+squeeze_release_up+horizontal_break_up+mtf_adx_rising,129,19,8.32380054,0.00000000,2,0,0.00000000,0.00000000
h4,200,3,pin_bull+mtf_volatility,488,86,8.25130843,0.00000000,4,0,0.00000000,0.00000000
h4,200,3,adx25+atr_expand+horizontal_break_up+mtf_adx_rising,163,16,8.23443459,0.00000000,1,0,0.00000000,0.00000000
h4,200,3,ichimoku_cloud_bull+squeeze_release_up+elliott_impulse_bull+mtf_adx25,131,15,8.19671962,0.00000000,1,0,0.00000000,0.00000000
h4,200,3,adx25+atr_expand+horizontal_break_up+elliott_wave5_bull,198,23,8.13462326,0.00000000,1,0,0.00000000,0.00000000
h4,200,3,adx_up3+atr_expand+impulse_bull+mtf_adx_rising,266,43,8.07346068,0.00000000,4,0,0.00000000,0.00000000
h4,200,3,adx25+volatility+pin_bull,268,57,8.01321097,0.00000000,4,0,0.00000000,0.00000000
h4,200,3,ichimoku_cloud_bull+atr_expand+mtf_volatility+cross_group_bull,205,30,7.85685564,0.00000000,2,0,0.00000000,0.00000000
h4,200,3,squeeze_release_up+elliott_wave5_bull+mtf_adx25,171,28,7.84919788,0.00000000,3,0,0.00000000,0.00000000
h4,200,3,price20_bull+squeeze_release_up+elliott_wave5_bull+mtf_adx25,171,28,7.84919788,0.00000000,3,0,0.00000000,0.00000000
h4,200,3,ema20_rising+squeeze_release_up+elliott_wave5_bull+mtf_adx25,171,28,7.84919788,0.00000000,3,0,0.00000000,0.00000000
h4,200,3,squeeze_release_up+breakout20_up+elliott_wave5_bull+mtf_adx25,171,28,7.84919788,0.00000000,3,0,0.00000000,0.00000000
h4,200,3,squeeze_release_up+retest_up+elliott_wave5_bull+mtf_adx25,171,28,7.84919788,0.00000000,3,0,0.00000000,0.00000000
h4,200,3,adx25+pin_bull+mtf_adx25,310,67,7.79349390,0.00000000,4,0,0.00000000,0.00000000
h4,200,3,adx_up3+atr_expand+mtf_adx25,622,112,7.76843443,15.61495536,10,1,0.00714286,0.00000000
h4,200,3,ichimoku_cloud_bull+atr_expand+mtf_volatility+cross_group_return_up,242,36,7.76486766,0.00000000,3,0,0.00000000,0.00000000
h4,200,3,squeeze_release_up+horizontal_break_up+elliott_impulse_bull+mtf_adx_rising,140,21,7.66978764,0.00000000,1,0,0.00000000,0.00000000
h4,200,3,adx25+squeeze_release_up,176,27,7.62620931,0.00000000,1,0,0.00000000,0.00000000
h4,200,3,price20_bull+adx25+squeeze_release_up,176,27,7.62620931,0.00000000,1,0,0.00000000,0.00000000
h4,200,3,ema20_rising+adx25+squeeze_release_up,176,27,7.62620931,0.00000000,1,0,0.00000000,0.00000000
h4,200,3,adx25+squeeze_release_up+breakout20_up,176,27,7.62620931,0.00000000,1,0,0.00000000,0.00000000
h4,200,3,adx25+squeeze_release_up+retest_up,176,27,7.62620931,0.00000000,1,0,0.00000000,0.00000000
h4,200,3,price20_bull+adx25+squeeze_release_up+breakout20_up,176,27,7.62620931,0.00000000,1,0,0.00000000,0.00000000
h4,200,3,ema20_rising+adx25+squeeze_release_up+breakout20_up,176,27,7.62620931,0.00000000,1,0,0.00000000,0.00000000
h4,200,3,price20_bull+adx25+squeeze_release_up+retest_up,176,27,7.62620931,0.00000000,1,0,0.00000000,0.00000000
h4,200,3,ema20_rising+adx25+squeeze_release_up+retest_up,176,27,7.62620931,0.00000000,1,0,0.00000000,0.00000000
h4,200,3,adx25+squeeze_release_up+breakout20_up+retest_up,176,27,7.62620931,0.00000000,1,0,0.00000000,0.00000000
h4,200,3,ichimoku_cloud_bull+adx25+atr_expand+impulse_bull,430,49,7.49142049,0.00000000,4,0,0.00000000,0.00000000
h4,200,3,ichimoku_cloud_bull+squeeze_release_up+horizontal_break_up+elliott_impulse_bull,180,29,7.45673799,0.00000000,4,0,0.00000000,0.00000000
h4,200,3,squeeze_release_up+horizontal_break_up+elliott_wave5_bull+cross_target_relative_up,145,36,7.40531221,0.00000000,3,0,0.00000000,0.00000000
h4,200,3,adx25+atr_expand+mtf_adx25+cross_target_relative_up,473,57,7.37791412,0.00000000,4,0,0.00000000,0.00000000
h4,200,3,squeeze_release_up+horizontal_break_up+elliott_wave5_bull+cross_group_return_up,185,25,7.25520453,0.00000000,2,0,0.00000000,0.00000000
h4,200,3,ichimoku_cloud_bull+di_cross_up+volatility+mtf_volatility,187,15,7.17760876,0.00000000,1,0,0.00000000,0.00000000
h4,200,6,atr_expand+pin_bull,126,24,10.37215434,0.00000000,4,0,0.00000000,0.00000000
h4,200,6,adx25+pin_bull+mtf_volatility,254,48,9.60445158,13.24905303,4,2,0.04058442,0.00000000
h4,200,6,adx25+pin_bull+mtf_adx25+cross_target_relative_up,135,36,9.03529890,8.83270202,4,1,0.02083333,0.00000000
h4,200,6,rsi_up3+pin_bull+mtf_volatility,123,18,8.50010697,0.00000000,2,0,0.00000000,0.00000000
h4,200,6,ichimoku_cloud_bull+adx25+pin_bull+cross_group_bull,137,36,8.26743981,0.00000000,4,0,0.00000000,0.00000000
h4,200,6,dmi_adx_bull+atr_expand+horizontal_break_up+mtf_adx_rising,162,16,8.06723116,0.00000000,1,0,0.00000000,0.00000000
h4,200,6,adx25+atr_expand+horizontal_break_up+mtf_adx_rising,163,16,8.01773894,0.00000000,1,0,0.00000000,0.00000000
h4,200,6,atr_expand+horizontal_break_up+mtf_adx_rising+cross_group_bull,153,25,7.97232255,0.00000000,2,0,0.00000000,0.00000000
h4,200,6,atr_expand+horizontal_break_up+mtf_adx_rising+cross_group_return_up,178,29,7.83155924,0.00000000,2,0,0.00000000,0.00000000
h4,200,6,ichimoku_cloud_bull+pin_bull+mtf_volatility,235,36,7.78573628,8.83270202,4,1,0.02083333,0.00000000
h4,200,6,sma_stack_bull+atr_expand+elliott_wave3_bull+cross_group_bull,170,18,7.68759675,0.00000000,1,0,0.00000000,0.00000000
h4,200,6,dmi_adx_bull+atr_expand+horizontal_break_up+cross_group_bull,136,21,7.68759675,0.00000000,1,0,0.00000000,0.00000000
h4,200,6,pin_bull+mtf_volatility,488,86,7.67709457,14.78964059,4,4,0.04791635,0.04000000
h4,200,6,adx25+atr_expand+horizontal_break_up+cross_group_bull,137,21,7.63148290,0.00000000,1,0,0.00000000,0.00000000
h4,200,6,adx25+pin_bull+mtf_adx_rising+cross_group_bull,149,46,7.60160573,0.00000000,4,0,0.00000000,0.00000000
h4,200,6,adx25+pin_bull+mtf_adx25,310,67,7.58840195,9.49185889,4,2,0.02753623,0.00000000
h4,200,6,pin_bull+mtf_volatility+cross_group_bull,211,47,7.43255799,6.76547389,4,1,0.02500000,0.00000000
h4,200,6,adx25+atr_expand+engulf_bull,176,18,7.42551959,0.00000000,1,0,0.00000000,0.00000000
h4,200,6,sma_stack_bull+atr_expand+elliott_impulse_bull+cross_group_bull,177,21,7.38356750,0.00000000,1,0,0.00000000,0.00000000
h4,200,6,mtf_trend_bull+horizontal_break_up+atr_expand,260,30,7.37220816,0.00000000,3,0,0.00000000,0.00000000
h4,200,6,ichimoku_cloud_bull+pin_bull+mtf_volatility+cross_group_return_up,131,22,7.31593177,14.45351240,3,1,0.04761905,0.00000000
h4,200,6,sma_stack_bull+atr_expand+horizontal_break_up+cross_group_bull,170,21,7.17509030,0.00000000,1,0,0.00000000,0.00000000
h4,200,6,dmi_adx_bull+atr_expand+horizontal_break_up+cross_group_return_up,158,24,7.16860288,0.00000000,1,0,0.00000000,0.00000000
h4,200,6,adx25+atr_expand+mtf_volatility+cross_target_relative_up,304,35,7.16497504,0.00000000,4,0,0.00000000,0.00000000
h4,200,6,sma_stack_bull+atr_expand+elliott_wave3_bull+cross_group_return_up,207,22,7.15528329,0.00000000,1,0,0.00000000,0.00000000
h4,200,6,pin_bull+mtf_volatility+cross_target_relative_up,234,44,7.07434117,7.22675620,4,1,0.01923077,0.00000000
h4,200,6,adx25+atr_expand+horizontal_break_up+cross_group_return_up,161,24,7.03502642,0.00000000,1,0,0.00000000,0.00000000
h4,200,6,sma_stack_bull+atr_expand+horizontal_break_up+cross_group_return_up,199,26,7.00511329,0.00000000,1,0,0.00000000,0.00000000
h4,200,6,adx25+pin_bull+mtf_adx25+cross_group_return_up,137,38,6.99552600,0.00000000,4,0,0.00000000,0.00000000
h4,200,6,pin_bull+mtf_volatility+cross_group_return_up,250,53,6.97008772,5.99957118,4,1,0.01923077,0.00000000
h4,200,6,sma_stack_bull+atr_expand+elliott_impulse_bull+cross_group_return_up,213,26,6.95372601,0.00000000,1,0,0.00000000,0.00000000
h4,200,6,dmi_adx_bull+atr_expand+horizontal_break_up+elliott_wave3_bull,214,26,6.92123196,0.00000000,1,0,0.00000000,0.00000000
h4,200,6,ichimoku_cloud_bull+adx25+pin_bull+cross_group_return_up,164,43,6.90633692,0.00000000,4,0,0.00000000,0.00000000
h4,200,6,sma_stack_bull+atr_expand+breakout20_up+cross_group_bull,178,21,6.85261433,0.00000000,1,0,0.00000000,0.00000000
h4,200,6,sma_stack_bull+atr_expand+retest_up+cross_group_bull,178,21,6.85261433,0.00000000,1,0,0.00000000,0.00000000
h4,200,6,sma_stack_bull+pin_bull+mtf_volatility,140,13,6.84562187,24.45979021,1,1,0.14285714,0.14285714
h4,200,6,sma_stack_bull+adx25+atr_expand+mtf_volatility,204,15,6.83341933,0.00000000,1,0,0.00000000,0.00000000
h4,200,6,adx25+atr_expand+horizontal_break_up+elliott_wave3_bull,218,26,6.79423688,0.00000000,1,0,0.00000000,0.00000000
h4,200,6,ichimoku_cloud_bull+atr_expand+horizontal_break_up+cross_group_bull,167,18,6.78227098,0.00000000,1,0,0.00000000,0.00000000
h4,200,6,adx25+atr_expand+mtf_volatility,697,83,6.75008495,0.00000000,8,0,0.00000000,0.00000000
h4,200,6,adx25+pin_bull+mtf_adx_rising,363,90,6.72047025,3.53308081,4,1,0.01041667,0.00000000
h4,200,6,sma_stack_bull+atr_expand+breakout20_up+cross_group_return_up,209,26,6.66994040,0.00000000,1,0,0.00000000,0.00000000
h4,200,6,sma_stack_bull+atr_expand+retest_up+cross_group_return_up,209,26,6.66994040,0.00000000,1,0,0.00000000,0.00000000
h4,200,6,sma_stack_bull+atr_expand+horizontal_break_up+mtf_adx_rising,223,26,6.64189973,0.00000000,1,0,0.00000000,0.00000000
h4,200,6,dmi_adx_bull+atr_expand+horizontal_break_up+elliott_impulse_bull,223,27,6.64189973,0.00000000,1,0,0.00000000,0.00000000
h4,200,6,adx25+pin_bull+cross_group_bull,237,66,6.61717189,0.00000000,4,0,0.00000000,0.00000000
h4,200,6,adx25+atr_expand+horizontal_break_up+elliott_impulse_bull,227,27,6.52486185,0.00000000,1,0,0.00000000,0.00000000
h4,200,6,dmi_adx_bull+atr_expand+horizontal_break_up,241,30,6.50734331,0.00000000,1,0,0.00000000,0.00000000
h4,200,6,price20_bull+dmi_adx_bull+atr_expand+horizontal_break_up,241,30,6.50734331,0.00000000,1,0,0.00000000,0.00000000
h4,200,6,dmi_adx_bull+atr_expand+horizontal_break_up+retest_up,241,29,6.50734331,0.00000000,1,0,0.00000000,0.00000000
h4,200,6,ichimoku_cloud_bull+atr_expand+horizontal_break_up+cross_group_return_up,202,22,6.46975964,0.00000000,1,0,0.00000000,0.00000000
h4,200,6,adx25+pin_bull+mtf_adx_rising+cross_target_relative_up,164,47,6.37508023,6.76547389,4,1,0.02083333,0.00000000
h4,200,6,sma_stack_bull+atr_expand+breakout20_up+mtf_adx_rising,233,26,6.35683966,0.00000000,1,0,0.00000000,0.00000000
h4,200,6,sma_stack_bull+atr_expand+retest_up+mtf_adx_rising,233,26,6.35683966,0.00000000,1,0,0.00000000,0.00000000
h4,200,6,ichimoku_cloud_bull+rsi_up3+pin_bull,192,30,6.35294454,0.00000000,3,0,0.00000000,0.00000000
h4,200,6,adx25+atr_expand+horizontal_break_up,247,30,6.34927019,0.00000000,1,0,0.00000000,0.00000000
h4,200,6,price20_bull+adx25+atr_expand+horizontal_break_up,247,30,6.34927019,0.00000000,1,0,0.00000000,0.00000000
h4,200,6,adx25+atr_expand+horizontal_break_up+retest_up,247,29,6.34927019,0.00000000,1,0,0.00000000,0.00000000
h4,200,6,ichimoku_cloud_bull+rsi_up3+atr_expand+mtf_volatility,206,17,6.34413324,0.00000000,1,0,0.00000000,0.00000000
h4,200,6,atr_expand+elliott_wave3_bull+mtf_adx_rising+cross_group_bull,234,22,6.32967368,0.00000000,2,0,0.00000000,0.00000000
h4,200,6,adx25+pin_bull+mtf_adx_rising+cross_group_return_up,179,52,6.32759360,0.00000000,4,0,0.00000000,0.00000000
h4,200,6,adx25+pin_bull+cross_target_relative_up,262,63,6.31830471,5.04725830,4,1,0.01470588,0.00000000
h4,200,6,adx25+atr_expand+elliott_wave3_bull+cross_group_bull,209,23,6.25306913,0.00000000,1,0,0.00000000,0.00000000
h4,200,6,sma_stack_bull+atr_expand+horizontal_break_up+elliott_wave3_bull,265,31,6.24677673,0.00000000,3,0,0.00000000,0.00000000
h4,200,6,atr_expand+horizontal_break_up+elliott_wave3_bull+mtf_adx_rising,239,33,6.19725373,0.00000000,3,0,0.00000000,0.00000000
h4,200,6,ichimoku_cloud_bull+adx25+pin_bull+cross_target_relative_up,127,32,6.17429030,0.00000000,4,0,0.00000000,0.00000000
h4,200,6,sma_stack_bull+atr_expand+elliott_wave3_bull+mtf_adx_rising,226,23,6.16821922,0.00000000,1,0,0.00000000,0.00000000
h4,200,12,adx25+volatility+pin_bull+mtf_volatility,159,28,6.96888120,2.46147080,4,1,0.05000000,0.00000000
h4,200,12,volatility+pin_bull+mtf_volatility,246,36,6.63788170,3.82895457,4,1,0.05000000,0.00000000
h4,200,12,adx25+volatility+pin_bull+mtf_adx25,163,28,6.44008330,0.00000000,3,0,0.00000000,0.00000000
h4,200,12,atr_expand+pin_bull,126,24,6.24841415,0.00000000,4,0,0.00000000,0.00000000
h4,200,12,adx25+pin_bull+mtf_volatility,254,48,6.08441378,5.74343186,4,3,0.09108947,0.00000000
h4,200,12,adx25+pin_bull+mtf_adx25+cross_target_relative_up,135,36,6.04784777,1.91447729,4,1,0.02083333,0.00000000
h4,200,12,ichimoku_cloud_bull+volatility+pin_bull+cross_group_return_up,127,29,5.96961352,7.12977748,4,2,0.09545455,0.00000000
h4,200,12,volatility+pin_bull+mtf_volatility+cross_group_return_up,128,22,5.69516915,6.26556202,3,1,0.09523810,0.00000000
h4,200,12,adx25+volatility+pin_bull,268,57,5.44016158,1.20914355,4,1,0.01562500,0.00000000
h4,200,12,volatility+pin_bull+cross_group_bull,202,40,5.34105368,3.44605911,4,2,0.04861111,0.00000000
h4,200,12,ichimoku_cloud_bull+pin_bull+mtf_volatility,235,36,5.21144329,3.82895457,4,1,0.04166667,0.00000000
h4,200,12,volatility+pin_bull+mtf_adx25,250,35,5.13203083,3.93835327,3,2,0.05158730,0.00000000
h4,200,12,ichimoku_cloud_bull+adx25+pin_bull+cross_group_bull,137,36,5.10819259,0.00000000,4,0,0.00000000,0.00000000
h4,200,12,ichimoku_cloud_bull+adx25+pin_bull+mtf_adx25,149,30,5.08819408,0.00000000,3,0,0.00000000,0.00000000
h4,200,12,adx25+pin_bull+mtf_adx25,310,67,5.07935602,3.08602309,4,2,0.03840580,0.00000000
h4,200,12,ichimoku_cloud_bull+volatility+pin_bull,243,59,5.03987315,3.50446689,4,2,0.04298246,0.00000000
h4,200,12,sma_stack_bull+pin_bull+mtf_volatility,140,13,4.99873132,5.30162941,1,1,0.14285714,0.14285714
h4,200,12,trend_bull+pin_bull+mtf_volatility,159,17,4.95157348,8.10837438,1,1,0.20000000,0.20000000
h4,200,12,trend_bull+volatility+pin_bull,178,22,4.91448304,9.39834304,2,2,0.18333333,0.16666667
h4,200,12,ichimoku_cloud_bull+pin_bull+mtf_volatility+cross_group_return_up,131,22,4.89697598,6.26556202,3,1,0.09523810,0.00000000
h4,200,12,volatility+pin_bull+cross_group_return_up,235,43,4.83919735,4.80845458,4,2,0.06111111,0.00000000
h4,200,12,adx25+volatility+pin_bull+cross_group_return_up,128,34,4.78394209,2.02709360,4,1,0.02272727,0.00000000
h4,200,12,pin_bull+mtf_volatility,488,86,4.78020755,6.41127277,4,4,0.09670226,0.04000000
h4,200,12,volatility+pin_bull,479,82,4.74827297,2.52150667,4,2,0.03086957,0.00000000
h4,200,12,volatility+pin_bull+cross_target_relative_up,204,46,4.71694010,1.49828657,4,1,0.01923077,0.00000000
h4,200,12,pin_bull+mtf_volatility+cross_group_bull,211,47,4.69864951,2.93281627,4,2,0.04772727,0.00000000
h4,200,12,sma_stack_bull+volatility+pin_bull,157,19,4.45746742,3.62743065,2,1,0.05555556,0.00000000
h4,200,12,ichimoku_cloud_bull+adx25+pin_bull+cross_target_relative_up,127,32,4.36240988,2.15378695,4,1,0.03571429,0.00000000
h4,200,12,ichimoku_cloud_bull+adx25+pin_bull,306,71,4.28812736,0.97072088,4,1,0.01562500,0.00000000
h4,200,12,ichimoku_cloud_bull+adx25+pin_bull+cross_group_return_up,164,43,4.26720967,1.60281819,4,1,0.02272727,0.00000000
h4,200,12,adx25+pin_bull+mtf_adx25+cross_group_return_up,137,38,4.25682716,0.00000000,4,0,0.00000000,0.00000000
h4,200,12,pin_bull+mtf_volatility+cross_target_relative_up,234,44,4.23681644,6.26556202,4,3,0.09748932,0.00000000
h4,200,12,pin_bull+mtf_volatility+cross_group_return_up,250,53,4.19893431,3.90119900,4,2,0.05631868,0.00000000
h4,200,12,sma_stack_bull+dmi_adx_bull+pin_bull+mtf_rsi60,146,17,4.19414101,0.00000000,1,0,0.00000000,0.00000000
h4,200,12,adx25+pin_bull,588,130,4.16560944,2.12065176,4,3,0.03229847,0.00000000
h4,200,12,ichimoku_cloud_bull+dmi_adx_bull+pin_bull,155,17,4.13873454,0.00000000,1,0,0.00000000,0.00000000
h4,200,12,adx25+pin_bull+cross_target_relative_up,262,63,4.11791162,2.18797404,4,2,0.03033088,0.00000000
h4,200,12,adx25+pin_bull+cross_group_bull,237,66,4.06015097,0.00000000,4,0,0.00000000,0.00000000
h4,200,12,dmi_adx_bull+pin_bull+mtf_adx25,124,10,3.99764131,6.89211823,1,0,0.00000000,0.00000000
h4,200,12,dmi_adx_bull+atr_expand+horizontal_break_up+mtf_rsi60,154,14,3.97626355,4.92294159,1,1,0.20000000,0.20000000
h4,200,12,ichimoku_cloud_bull+adx25+pin_bull+mtf_rsi60,155,18,3.95061024,0.00000000,1,0,0.00000000,0.00000000
h4,200,12,adx25+atr_expand+horizontal_break_up+mtf_rsi60,157,14,3.90028399,4.92294159,1,1,0.20000000,0.20000000
h4,200,12,sma_stack_bull+dmi_adx_bull+pin_bull,158,19,3.87559865,0.00000000,2,0,0.00000000,0.00000000
h4,200,12,trend_bull+adx25+pin_bull+cross_group_return_up,136,18,3.85931462,3.82895457,2,1,0.10000000,0.00000000
h4,200,12,dmi_adx_bull+atr_expand+breakout20_up+mtf_rsi60,159,14,3.85122382,4.92294159,1,1,0.20000000,0.20000000
h4,200,12,dmi_adx_bull+atr_expand+breakout_up20+mtf_rsi60,159,14,3.85122382,4.92294159,1,1,0.20000000,0.20000000
h4,200,12,pin_bull+mtf_adx25+cross_target_relative_up,281,61,3.83947631,2.25971089,4,1,0.02631579,0.00000000
h4,200,12,sma_stack_bull+adx25+pin_bull+mtf_rsi60,175,20,3.83236068,0.00000000,2,0,0.00000000,0.00000000
h4,200,12,dmi_adx_bull+pin_bull+mtf_rsi60,161,19,3.80338253,0.00000000,1,0,0.00000000,0.00000000
h4,200,12,sma_stack_bull+adx25+pin_bull,208,26,3.78509704,0.00000000,4,0,0.00000000,0.00000000
h4,200,12,adx25+atr_expand+breakout20_up+mtf_rsi60,162,14,3.77990486,4.92294159,1,1,0.20000000,0.20000000
h4,200,12,adx25+atr_expand+breakout_up20+mtf_rsi60,162,14,3.77990486,4.92294159,1,1,0.20000000,0.20000000
h4,200,12,ichimoku_cloud_bull+pin_bull+cross_group_bull,340,83,3.77355208,2.49112707,4,2,0.03743316,0.00000000
h4,200,12,dmi_adx_bull+pin_bull+cross_group_bull,132,14,3.75536002,0.00000000,1,0,0.00000000,0.00000000
h4,200,12,adx25+pin_bull+cross_group_return_up,284,75,3.69624499,0.91894910,4,1,0.01250000,0.00000000
h4,200,12,ichimoku_cloud_bull+pin_bull+mtf_adx25+cross_group_bull,136,28,3.64490826,7.38441239,3,2,0.10000000,0.00000000
h4,200,12,pin_bull+mtf_adx25,585,117,3.63867764,5.30162941,4,4,0.06950110,0.03703704
h4,200,12,trend_bull+dmi_adx_bull+pin_bull,185,22,3.62520605,0.00000000,2,0,0.00000000,0.00000000
h4,200,12,trend_bull+dmi_adx_bull+pin_bull+mtf_rsi60,154,19,3.59757179,0.00000000,1,0,0.00000000,0.00000000
h4,200,12,trend_bull+pin_bull+cross_group_bull,292,59,3.59497801,3.50446689,4,2,0.04726891,0.00000000
h4,200,12,ichimoku_cloud_bull+pin_bull+mtf_rsi60+cross_group_bull,146,26,3.59497801,5.30162941,3,2,0.10317460,0.00000000
h4,200,12,atr_expand+breakout20_up+mtf_rsi60+cross_group_return_up,187,22,3.58643379,3.13278101,1,1,0.20000000,0.20000000
h4,200,12,atr_expand+breakout_up20+mtf_rsi60+cross_group_return_up,187,22,3.58643379,3.13278101,1,1,0.20000000,0.20000000
h4,200,12,atr_expand+horizontal_break_up+mtf_rsi60+cross_group_bull,148,18,3.54639722,3.82895457,1,1,0.20000000,0.20000000
h4,200,12,atr_expand+horizontal_break_up+mtf_rsi60+cross_group_return_up,174,22,3.51922177,3.13278101,1,1,0.20000000,0.20000000
h4,200,12,ichimoku_cloud_bull+atr_expand+elliott_wave3_bull+mtf_rsi60,225,20,3.49911193,0.00000000,2,0,0.00000000,0.00000000
h4,200,12,ichimoku_cloud_bull+di_spread_up3+pin_bull,142,28,3.49089805,7.38441239,4,2,0.10416667,0.00000000
h4,200,12,adx25+atr_expand+engulf_bull,176,18,3.47923061,0.00000000,1,0,0.00000000,0.00000000
h4,200,12,trend_bull+adx25+pin_bull,236,31,3.45957394,2.22326394,4,1,0.03571429,0.00000000
h4,200,12,adx25+pin_bull+mtf_rsi60,194,23,3.45702639,0.00000000,4,0,0.00000000,0.00000000
h4,200,12,ichimoku_cloud_bull+pin_bull+mtf_adx25+cross_target_relative_up,161,30,3.44115562,0.00000000,3,0,0.00000000,0.00000000
h4,200,12,atr_expand+breakout20_up+elliott_wave3_bull+mtf_rsi60,246,25,3.43747445,0.00000000,2,0,0.00000000,0.00000000
h4,200,12,atr_expand+breakout_up20+elliott_wave3_bull+mtf_rsi60,246,25,3.43747445,0.00000000,2,0,0.00000000,0.00000000
h4,200,12,atr_expand+retest_up+elliott_wave3_bull+mtf_rsi60,246,25,3.43747445,0.00000000,2,0,0.00000000,0.00000000
h4,200,12,atr_expand+horizontal_break_up+elliott_wave3_bull+mtf_rsi60,230,25,3.42304428,0.00000000,2,0,0.00000000,0.00000000
h4,200,12,sma_stack_bull+pin_bull+mtf_rsi60+cross_group_bull,162,24,3.41991392,2.87171593,3,1,0.04761905,0.00000000
h4,200,12,pin_bull+mtf_rsi60+cross_group_bull,180,29,3.40191437,4.75318498,4,2,0.06696429,0.00000000
h4,200,12,trend_bull+pin_bull+mtf_rsi60+cross_group_bull,180,29,3.40191437,4.75318498,4,2,0.06696429,0.00000000
h4,200,12,adx25+atr_expand+mtf_volatility,697,83,3.38866650,0.83037569,8,1,0.00961538,0.00000000
h4,200,12,adx25+atr_expand+mtf_volatility+cross_target_relative_up,304,35,3.35715234,1.96917664,4,1,0.03571429,0.00000000
h4,200,12,dmi_adx_bull+pin_bull,261,27,3.35163978,2.55263638,4,1,0.04166667,0.00000000
h4,200,12,sma_stack_bull+pin_bull+cross_group_bull,235,45,3.35021355,3.06316366,4,2,0.04545455,0.00000000
h4,300,1,ichimoku_cloud_bull+adx25+pin_bull+cross_target_relative_up,127,32,89.38020247,,4,4,0.00000000,0.00000000
h4,300,1,pin_bull+elliott_pullback_bull+cross_target_relative_up,131,25,86.65103599,,3,3,0.00000000,0.00000000
h4,300,1,sma_stack_bull+atr_expand+pullback_bull+mtf_volatility,135,19,84.08359788,,1,1,0.00000000,0.00000000
h4,300,1,adx25+pin_bull+mtf_adx25+cross_target_relative_up,135,36,84.08359788,,4,4,0.00000000,0.00000000
h4,300,1,adx_up3+atr_expand+mtf_volatility+cross_group_return_up,146,39,77.74853229,,3,3,0.00000000,0.00000000
h4,300,1,ichimoku_cloud_bull+adx25+pin_bull+mtf_adx25,149,30,76.18312560,,3,3,0.00000000,0.00000000
h4,300,1,ichimoku_cloud_bull+pin_bull+elliott_pullback_bull,150,36,75.67523810,,4,4,0.00000000,0.00000000
h4,300,1,rci_strong_bull+pin_bull+cross_target_relative_up,150,25,75.67523810,,4,4,0.00000000,0.00000000
h4,300,1,adx25+pin_bull+mtf_adx25,310,67,73.23410138,,4,4,0.00000000,0.00000000
h4,300,1,rci_strong_bull+close_near_high+elliott_pullback_bull,155,30,73.23410138,,1,1,0.00000000,0.00000000
h4,300,1,trend_bull+atr_expand+pullback_bull+mtf_volatility,156,21,72.76465201,,1,1,0.00000000,0.00000000
h4,300,1,ichimoku_cloud_bull+pin_bull+mtf_adx25+cross_target_relative_up,161,30,70.50488021,,3,3,0.00000000,0.00000000
h4,300,1,sma_stack_bull+atr_expand+mtf_volatility+cross_target_relative_up,166,22,68.38123924,,1,1,0.00000000,0.00000000
h4,300,1,adx25+inside_2+pullback_bull+mtf_volatility,172,22,65.99584718,,1,1,0.00000000,0.00000000
h4,300,1,ichimoku_cloud_bull+rci_strong_bull+pin_bull,173,22,65.61436829,,3,3,0.00000000,0.00000000
h4,300,1,trend_bull+atr_expand+mtf_volatility+cross_target_relative_up,189,23,60.05971277,,1,1,0.00000000,0.00000000
h4,300,1,trend_bull+inside_2+mtf_volatility,192,22,59.12127976,,2,2,0.00000000,0.00000000
h4,300,1,sma_stack_bull+adx_up3+elliott_wave5_bull+mtf_volatility,196,27,57.91472303,,2,2,0.00000000,0.00000000
h4,300,1,mtf_trend_bull+pullback_bull+macd_accel_up+atr_expand,199,20,57.04163676,,1,1,0.00000000,0.00000000
h4,300,1,atr_expand+pullback_bull+mtf_volatility+cross_target_relative_up,203,24,55.91766362,,1,1,0.00000000,0.00000000
h4,300,1,sma_stack_bull+adx25+atr_expand+mtf_volatility,204,15,55.64355742,,1,1,0.00000000,0.00000000
h4,300,1,sma_stack_bull+adx_up3+elliott_impulse_bull+mtf_volatility,212,31,53.54380054,,3,3,0.00000000,0.00000000
h4,300,1,adx_up3+close_near_high+elliott_wave5_bull+mtf_volatility,213,32,53.29242119,,1,1,0.00000000,0.00000000
h4,300,1,sma_stack_bull+adx_up3+horizontal_break_up+mtf_volatility,215,31,52.79667774,,3,3,0.00000000,0.00000000
h4,300,1,adx_up3+horizontal_break_up+close_near_high+mtf_volatility,215,29,52.79667774,,1,1,0.00000000,0.00000000
h4,300,1,bb_expand+inside_2+pullback_bull,220,26,51.59675325,,1,1,0.00000000,0.00000000
h4,300,1,superbb_expand+inside_2+pullback_bull,220,26,51.59675325,,1,1,0.00000000,0.00000000
h4,300,1,ichimoku_cloud_bull+bb_expand+inside_2,222,33,51.13191763,,1,1,0.00000000,0.00000000
h4,300,1,ichimoku_cloud_bull+superbb_expand+inside_2,222,33,51.13191763,,1,1,0.00000000,0.00000000
h4,300,1,trend_bull+adx25+atr_expand+mtf_volatility,222,19,51.13191763,,1,1,0.00000000,0.00000000
h4,300,1,sma_stack_bull+adx_up3+breakout20_up+mtf_volatility,224,33,50.67538265,,3,3,0.00000000,0.00000000
h4,300,1,ichimoku_cloud_bull+atr_expand+pullback_bull+mtf_volatility,226,27,50.22692794,,2,2,0.00000000,0.00000000
h4,300,1,adx25+inside_2+pullback_bull+cross_target_relative_up,227,33,50.00566394,,1,1,0.00000000,0.00000000
h4,300,1,adx25+atr_expand+pullback_bull+mtf_volatility,229,24,49.56893325,,1,1,0.00000000,0.00000000
h4,300,1,ichimoku_cloud_bull+adx25+inside_2+pullback_bull,230,30,49.35341615,,2,2,0.00000000,0.00000000
h4,300,1,adx_up3+close_near_high+elliott_impulse_bull+mtf_volatility,233,36,48.71796444,,1,1,0.00000000,0.00000000
h4,300,1,adx_up3+close_near_high+elliott_wave5_bull+mtf_adx25,235,37,48.30334347,,3,3,0.00000000,0.00000000
h4,300,1,adx25+bb_expand+inside_2,236,27,48.09866828,,1,1,0.00000000,0.00000000
h4,300,1,adx25+superbb_expand+inside_2,236,27,48.09866828,,1,1,0.00000000,0.00000000
h4,300,1,trend_bull+adx_up3+elliott_wave5_bull+mtf_volatility,240,31,47.29702381,,2,2,0.00000000,0.00000000
h4,300,1,ichimoku_cloud_bull+adx_up3+elliott_wave5_bull+mtf_volatility,240,24,47.29702381,,3,3,0.00000000,0.00000000
h4,300,1,pin_bull+elliott_pullback_bull,247,49,45.95662233,,4,4,0.00000000,0.00000000
h4,300,1,ichimoku_cloud_bull+adx_up3+horizontal_break_up+mtf_volatility,250,25,45.40514286,,2,2,0.00000000,0.00000000
h4,300,1,adx_up3+breakout20_up+close_near_high+mtf_volatility,251,40,45.22424587,,2,2,0.00000000,0.00000000
h4,300,1,adx25+pin_bull+mtf_volatility,254,48,44.69010124,,4,4,0.00000000,0.00000000
h4,300,1,trend_bull+adx_up3+horizontal_break_up+mtf_volatility,256,35,44.34095982,,3,3,0.00000000,0.00000000
h4,300,1,ichimoku_cloud_bull+atr_expand+mtf_volatility+cross_target_relative_up,256,33,44.34095982,,2,2,0.00000000,0.00000000
h4,300,1,adx25+bb_expand+horizontal_break_up+mtf_volatility,256,39,44.34095982,,4,4,0.00000000,0.00000000
h4,300,1,adx25+superbb_expand+horizontal_break_up+mtf_volatility,256,39,44.34095982,,4,4,0.00000000,0.00000000
h4,300,1,adx_up3+horizontal_break_up+close_near_high+mtf_adx25,257,44,44.16842690,,5,5,0.00000000,0.00000000
h4,300,1,trend_bull+adx_up3+elliott_impulse_bull+mtf_volatility,258,36,43.99723145,,3,3,0.00000000,0.00000000
h4,300,1,sma_stack_bull+adx_up3+elliott_wave5_bull+mtf_adx25,260,52,43.65879121,,6,6,0.00000000,0.00000000
h4,300,1,ichimoku_cloud_bull+adx_up3+elliott_impulse_bull+mtf_volatility,261,29,43.49151615,,3,3,0.00000000,0.00000000
h4,300,1,adx25+pin_bull+cross_target_relative_up,262,63,43.32551799,,4,4,0.00000000,0.00000000
h4,300,1,ichimoku_cloud_bull+inside_2+pullback_bull+cross_target_relative_up,265,36,42.83504043,,2,2,0.00000000,0.00000000
h4,300,1,adx_up3+bb_expand+horizontal_break_up+mtf_volatility,267,37,42.51417871,,3,3,0.00000000,0.00000000
h4,300,1,adx_up3+superbb_expand+horizontal_break_up+mtf_volatility,267,37,42.51417871,,3,3,0.00000000,0.00000000
h4,300,1,sma_stack_bull+bb_expand+elliott_wave5_bull+mtf_volatility,268,52,42.35554371,,4,4,0.00000000,0.00000000
h4,300,1,sma_stack_bull+superbb_expand+elliott_wave5_bull+mtf_volatility,268,52,42.35554371,,4,4,0.00000000,0.00000000
h4,300,1,sma_stack_bull+inside_2+cross_target_relative_up,269,36,42.19808816,,3,3,0.00000000,0.00000000
h4,300,1,adx_up3+close_near_high+elliott_impulse_bull+mtf_adx25,269,47,42.19808816,,4,4,0.00000000,0.00000000
h4,300,1,adx_up3+bb_expand+elliott_wave5_bull+mtf_volatility,272,39,41.73266807,,3,3,0.00000000,0.00000000
h4,300,1,adx_up3+superbb_expand+elliott_wave5_bull+mtf_volatility,272,39,41.73266807,,3,3,0.00000000,0.00000000
h4,300,1,trend_bull+adx_up3+breakout20_up+mtf_volatility,274,40,41.42805005,,4,4,0.00000000,0.00000000
h4,300,1,ichimoku_cloud_bull+adx_up3+breakout20_up+mtf_volatility,275,31,41.27740260,,3,3,0.00000000,0.00000000
h4,300,1,rci_strong_bull+pin_bull,279,47,40.68561188,,4,4,0.00000000,0.00000000
h4,300,1,sma_stack_bull+adx25+inside_2,279,27,40.68561188,,2,2,0.00000000,0.00000000
h4,300,1,pin_bull+mtf_adx25+cross_target_relative_up,281,61,40.39603457,,4,4,0.00000000,0.00000000
h4,300,1,ichimoku_cloud_bull+inside_2+mtf_volatility,285,34,39.82907268,,2,2,0.00000000,0.00000000
h4,300,1,inside_2+mtf_volatility+cross_target_relative_up,286,33,39.68981019,,1,1,0.00000000,0.00000000
h4,300,1,sma_stack_bull+bb_expand+horizontal_break_up+mtf_volatility,286,54,39.68981019,,5,5,0.00000000,0.00000000
h4,300,1,sma_stack_bull+superbb_expand+horizontal_break_up+mtf_volatility,286,54,39.68981019,,5,5,0.00000000,0.00000000
h4,300,1,adx_up3+bb_expand+elliott_impulse_bull+mtf_volatility,286,44,39.68981019,,4,4,0.00000000,0.00000000
h4,300,1,adx_up3+superbb_expand+elliott_impulse_bull+mtf_volatility,286,44,39.68981019,,4,4,0.00000000,0.00000000
h4,300,1,sma_stack_bull+bb_expand+elliott_impulse_bull+mtf_volatility,288,56,39.41418651,,4,4,0.00000000,0.00000000
h4,300,1,sma_stack_bull+superbb_expand+elliott_impulse_bull+mtf_volatility,288,56,39.41418651,,4,4,0.00000000,0.00000000
h4,300,1,rci_strong_bull+horizontal_break_up+close_near_high+mtf_volatility,288,43,39.41418651,,5,5,0.00000000,0.00000000
h4,300,3,adx_up3+atr_expand+pullback_bull+mtf_volatility,141,24,37.56926714,,1,1,0.00000000,0.00000000
h4,300,3,nr7+pin_bull,153,29,34.62265795,,3,3,0.00000000,0.00000000
h4,300,3,adx25+volatility+pin_bull+mtf_volatility,159,28,33.31614256,,4,4,0.00000000,0.00000000
h4,300,3,adx25+volatility+pin_bull+mtf_adx25,163,28,32.49856851,,3,3,0.00000000,0.00000000
h4,300,3,adx25+volatility+pin_bull+mtf_adx_rising,174,45,30.44406130,,4,4,0.00000000,0.00000000
h4,300,3,adx25+atr_expand+impulse_bull+mtf_volatility,224,24,29.56063988,,1,1,0.00000000,0.00000000
h4,300,3,adx25+atr_expand+pullback_bull+mtf_volatility,229,24,28.91521106,,1,1,0.00000000,0.00000000
h4,300,3,macd_bull+pin_bull+mtf_volatility,230,44,28.78949275,,4,4,0.00000000,0.00000000
h4,300,3,adx_up3+atr_expand+pullback_bull+mtf_adx25,184,34,28.78949275,,1,1,0.00000000,0.00000000
h4,300,3,adx_up3+atr_expand+mtf_volatility,431,87,27.65394432,,10,10,0.00000000,0.00000000
h4,300,3,atr_expand+pullback_bull+mtf_volatility+cross_target_relative_up,203,24,26.09490969,,1,1,0.00000000,0.00000000
h4,300,3,adx25+pin_bull+mtf_volatility,254,48,26.06922572,,4,4,0.00000000,0.00000000
h4,300,3,macd_bull+volatility+pin_bull,211,24,25.10552923,,2,2,0.00000000,0.00000000
h4,300,3,adx25+atr_expand+mtf_volatility,697,83,24.70031086,,8,8,0.00000000,0.00000000
h4,300,3,macd_bull+pin_bull+mtf_adx25,269,65,24.61555143,,4,4,0.00000000,0.00000000
h4,300,3,ichimoku_cloud_bull+atr_expand+impulse_bull+mtf_volatility,171,27,23.23362573,,1,1,0.00000000,0.00000000
h4,300,3,adx25+atr_expand+mtf_volatility+cross_target_relative_up,304,35,21.78152412,,4,4,0.00000000,0.00000000
h4,300,3,volatility+pin_bull+mtf_volatility,246,36,21.53360434,,4,4,0.00000000,0.00000000
h4,300,3,adx25+pin_bull+mtf_adx25,310,67,21.35994624,,4,4,0.00000000,0.00000000
h4,300,3,adx_up3+atr_expand+mtf_volatility+cross_target_relative_up,187,33,21.24572193,,3,3,0.00000000,0.00000000
h4,300,3,volatility+pin_bull+mtf_adx25,250,35,21.18906667,,3,3,0.00000000,0.00000000
h4,300,3,ichimoku_cloud_bull+adx25+atr_expand+mtf_volatility,318,53,20.82258910,,5,5,0.00000000,0.00000000
h4,300,3,volatility+pin_bull+mtf_adx_rising,256,56,20.69244792,,4,4,0.00000000,0.00000000
h4,300,3,adx25+volatility+pin_bull,268,57,19.76592040,,4,4,0.00000000,0.00000000
h4,300,3,adx25+pin_bull+mtf_adx25+cross_target_relative_up,135,36,19.61950617,,4,4,0.00000000,0.00000000
h4,300,3,adx_up3+atr_expand+mtf_adx25+cross_target_relative_up,271,44,19.54710947,,4,4,0.00000000,0.00000000
h4,300,3,sma_stack_bull+adx25+atr_expand+mtf_volatility,204,15,19.47524510,,1,1,0.00000000,0.00000000
h4,300,3,adx_up3+volatility+elliott_wave5_bull+mtf_adx25,141,38,18.78463357,,4,4,0.00000000,0.00000000
h4,300,3,adx_up3+atr_expand+pullback_bull+mtf_adx_rising,286,43,18.52191142,,4,4,0.00000000,0.00000000
h4,300,3,atr_expand+impulse_bull+mtf_volatility,362,62,18.29166667,,6,6,0.00000000,0.00000000
h4,300,3,adx25+atr_expand+mtf_volatility+cross_group_return_up,290,28,18.26643678,,2,2,0.00000000,0.00000000
h4,300,3,adx_up3+atr_expand+mtf_volatility+cross_group_return_up,146,39,18.14132420,,3,3,0.00000000,0.00000000
h4,300,3,trend_bull+adx25+atr_expand+mtf_volatility,222,19,17.89617117,,1,1,0.00000000,0.00000000
h4,300,3,macd_bull+pin_bull+mtf_adx_rising,306,62,17.31132898,,4,4,0.00000000,0.00000000
h4,300,3,trend_bull+atr_expand+mtf_volatility+cross_group_bull,155,19,17.08795699,,2,2,0.00000000,0.00000000
h4,300,3,adx_up3+volatility+horizontal_break_up+mtf_adx25,155,44,17.08795699,,4,4,0.00000000,0.00000000
h4,300,3,adx_up3+atr_expand+mtf_adx25,622,112,17.03301179,,10,10,0.00000000,0.00000000
h4,300,3,macd_bull+pin_bull+mtf_adx25+cross_target_relative_up,156,36,16.97841880,,4,4,0.00000000,0.00000000
h4,300,3,atr_expand+impulse_bull+mtf_volatility+cross_group_return_up,157,27,16.87027601,,2,2,0.00000000,0.00000000
h4,300,3,adx25+atr_expand+mtf_adx25+cross_target_relative_up,473,57,16.79894292,,4,4,0.00000000,0.00000000
h4,300,3,sma_stack_bull+atr_expand+mtf_volatility+cross_group_return_up,164,19,16.15020325,,1,1,0.00000000,0.00000000
h4,300,3,adx_up3+volatility+impulse_bull+mtf_volatility,329,71,16.10111449,,9,9,0.00000000,0.00000000
h4,300,3,adx_up3+volatility+elliott_impulse_bull+mtf_adx25,166,44,15.95562249,,4,4,0.00000000,0.00000000
h4,300,3,atr_expand+pullback_bull+mtf_volatility,420,50,15.76567460,,6,6,0.00000000,0.00000000
h4,300,3,adx_up3+atr_expand+pullback_bull+cross_target_relative_up,264,47,15.04905303,,3,3,0.00000000,0.00000000
h4,300,3,atr_expand+mtf_volatility,1172,172,14.68951934,,11,11,0.00000000,0.00000000
h4,300,3,adx25+pin_bull+mtf_adx_rising,363,90,14.59302112,,4,4,0.00000000,0.00000000
h4,300,3,adx25+atr_expand+pullback_bull+mtf_adx25,366,41,14.47340619,,4,4,0.00000000,0.00000000
h4,300,3,trend_bull+atr_expand+mtf_volatility+cross_group_return_up,185,23,14.31693694,,3,3,0.00000000,0.00000000
h4,300,3,adx_up3+atr_expand+impulse_bull+mtf_adx25,186,30,14.23996416,,1,1,0.00000000,0.00000000
h4,300,3,sma_stack_bull+adx25+atr_expand+cross_group_bull,375,39,14.12604444,,3,3,0.00000000,0.00000000
h4,300,3,trend_bull+adx25+atr_expand+horizontal_break_up,190,15,13.94017544,,1,1,0.00000000,0.00000000
h4,300,3,pin_bull+mtf_volatility,488,86,13.56881831,,4,4,0.00000000,0.00000000
h4,300,3,macd_bull+volatility+nr7+mtf_adx25,686,125,13.51343537,,10,10,0.00000000,0.00000000
h4,300,3,adx25+pin_bull,588,130,13.51343537,,4,4,0.00000000,0.00000000
h4,300,3,adx25+bb_expand+impulse_bull+mtf_volatility,491,89,13.48591310,,10,10,0.00000000,0.00000000
h4,300,3,adx25+atr_expand+horizontal_break_up+elliott_wave5_bull,198,23,13.37693603,,1,1,0.00000000,0.00000000
h4,300,3,macd_bull+volatility+nr7+mtf_volatility,697,111,13.30016738,,12,12,0.00000000,0.00000000
h4,300,3,adx_up3+bb_expand+impulse_bull+mtf_volatility,404,85,13.11204620,,8,8,0.00000000,0.00000000
h4,300,3,ichimoku_cloud_bull+atr_expand+mtf_volatility+cross_group_bull,205,30,12.92016260,,2,2,0.00000000,0.00000000
h4,300,3,atr_expand+mtf_volatility+cross_target_relative_up,514,70,12.88245785,,9,9,0.00000000,0.00000000
h4,300,3,sma_stack_bull+adx25+atr_expand+cross_target_relative_up,415,36,12.76449799,,2,2,0.00000000,0.00000000
h4,300,3,adx25+atr_expand+pullback_bull+cross_target_relative_up,418,59,12.67288676,,6,6,0.00000000,0.00000000
h4,300,3,adx25+volatility+horizontal_break_up+mtf_volatility,211,31,12.55276461,,3,3,0.00000000,0.00000000
h4,300,3,macd_bull+pin_bull,645,131,12.31922481,,4,4,0.00000000,0.00000000
h4,300,3,macd_bull+atr_expand+impulse_bull+mtf_volatility,215,30,12.31922481,,2,2,0.00000000,0.00000000
h4,300,3,adx_up3+atr_expand+mtf_adx_rising,867,167,12.21976163,,11,11,0.00000000,0.00000000
h4,300,3,atr_expand+pullback_bull+mtf_adx25+cross_target_relative_up,326,52,12.18696319,,5,5,0.00000000,0.00000000
h4,300,3,trend_bull+adx25+atr_expand+cross_group_bull,439,41,12.06666667,,4,4,0.00000000,0.00000000
h4,300,3,adx25+atr_expand+mtf_adx25,1102,131,12.01739262,,10,10,0.00000000,0.00000000
h4,300,3,sma_stack_bull+atr_expand+horizontal_break_up+elliott_wave5_bull,226,31,11.71961652,,3,3,0.00000000,0.00000000
h4,300,3,sma_stack_bull+volatility+horizontal_break_up+mtf_volatility,227,39,11.66798825,,4,4,0.00000000,0.00000000
h4,300,3,adx25+atr_expand+horizontal_break_up+elliott_impulse_bull,227,27,11.66798825,,1,1,0.00000000,0.00000000
h4,300,3,ichimoku_cloud_bull+atr_expand+mtf_volatility,569,93,11.63722906,,8,8,0.00000000,0.00000000
h4,300,3,adx25+volatility+elliott_wave5_bull+mtf_volatility,344,54,11.54927326,,4,4,0.00000000,0.00000000
h4,300,3,ichimoku_cloud_bull+adx25+atr_expand+cross_target_relative_up,577,82,11.47588099,,10,10,0.00000000,0.00000000
h4,300,3,adx25+atr_expand+mtf_adx_rising+cross_group_return_up,693,79,11.46594517,,7,7,0.00000000,0.00000000
h4,300,3,adx25+atr_expand+mtf_volatility+cross_group_bull,232,28,11.41652299,,2,2,0.00000000,0.00000000
h4,300,3,pin_bull+mtf_adx25,585,117,11.31894587,,4,4,0.00000000,0.00000000
h4,300,3,sma_stack_bull+adx25+atr_expand+cross_group_return_up,468,45,11.31894587,,5,5,0.00000000,0.00000000
h4,300,3,sma_stack_bull+macd_bull+atr_expand+elliott_wave5_bull,236,33,11.22302260,,3,3,0.00000000,0.00000000
h4,300,3,adx_up3+volatility+impulse_bull+mtf_adx25,356,95,11.15997191,,9,9,0.00000000,0.00000000
h4,300,3,sma_stack_bull+atr_expand+mtf_volatility,359,49,11.06671309,,5,5,0.00000000,0.00000000
h4,300,3,volatility+pin_bull,479,82,11.05901183,,4,4,0.00000000,0.00000000
h4,300,3,ichimoku_cloud_bull+atr_expand+horizontal_break_up+elliott_wave5_bull,240,26,11.03597222,,2,2,0.00000000,0.00000000
h4,300,3,sma_stack_bull+atr_expand+impulse_bull+mtf_volatility,120,21,11.03597222,,1,1,0.00000000,0.00000000
h4,300,3,sma_stack_bull+adx25+volatility+elliott_wave5_bull,362,63,10.97500000,,4,4,0.00000000,0.00000000
h4,300,3,trend_bull+adx25+atr_expand+cross_target_relative_up,484,39,10.94476584,,3,3,0.00000000,0.00000000
h4,300,3,ichimoku_cloud_bull+atr_expand+mtf_volatility+cross_group_return_up,242,36,10.94476584,,3,3,0.00000000,0.00000000
h4,300,3,triangle_breakout_up+impulse_bull+elliott_wave5_bull,121,17,10.94476584,,1,1,0.00000000,0.00000000
h4,300,3,atr_expand+elliott_impulse_bull+mtf_volatility+cross_group_return_up,121,22,10.94476584,,1,1,0.00000000,0.00000000
h4,300,6,atr_expand+pin_bull,126,24,23.73327360,0.00000000,4,0,0.00000000,0.00000000
h4,300,6,trend_bull+dmi_adx_bull+atr_expand+horizontal_break_up,184,15,20.89559958,0.00000000,1,0,0.00000000,0.00000000
h4,300,6,rsi_up3+pin_bull+mtf_volatility,123,18,20.83897194,0.00000000,2,0,0.00000000,0.00000000
h4,300,6,trend_bull+adx25+atr_expand+horizontal_break_up,190,15,20.23573854,0.00000000,1,0,0.00000000,0.00000000
h4,300,6,trend_bull+dmi_adx_bull+atr_expand+breakout20_up,191,15,20.12979226,0.00000000,1,0,0.00000000,0.00000000
h4,300,6,trend_bull+dmi_adx_bull+atr_expand+breakout_up20,191,15,20.12979226,0.00000000,1,0,0.00000000,0.00000000
h4,300,6,trend_bull+adx25+atr_expand+breakout20_up,197,16,19.51670215,0.00000000,1,0,0.00000000,0.00000000
h4,300,6,trend_bull+adx25+atr_expand+breakout_up20,197,16,19.51670215,0.00000000,1,0,0.00000000,0.00000000
h4,300,6,dmi_adx_bull+atr_expand+horizontal_break_up+cross_group_bull,136,21,18.84701139,0.00000000,1,0,0.00000000,0.00000000
h4,300,6,ichimoku_cloud_bull+atr_expand+mtf_volatility+cross_group_bull,205,30,18.75507474,0.00000000,2,0,0.00000000,0.00000000
h4,300,6,adx25+atr_expand+horizontal_break_up+cross_group_bull,137,21,18.70944196,0.00000000,1,0,0.00000000,0.00000000
h4,300,6,ichimoku_cloud_bull+rsi_up3+atr_expand+mtf_volatility,206,17,18.66403069,0.00000000,1,0,0.00000000,0.00000000
h4,300,6,dmi_adx_bull+atr_expand+horizontal_break_up+elliott_wave3_bull,214,26,17.96630992,0.00000000,1,0,0.00000000,0.00000000
h4,300,6,ichimoku_cloud_bull+rsi_up3+pin_bull,192,30,17.79995520,0.00000000,3,0,0.00000000,0.00000000
h4,300,6,adx25+atr_expand+horizontal_break_up+elliott_wave3_bull,218,26,17.63665286,0.00000000,1,0,0.00000000,0.00000000
h4,300,6,dmi_adx_bull+atr_expand+horizontal_break_up+elliott_impulse_bull,223,27,17.24121221,0.00000000,1,0,0.00000000,0.00000000
h4,300,6,ichimoku_cloud_bull+rsi_up3+pin_bull+cross_group_bull,149,21,17.20264126,0.00000000,2,0,0.00000000,0.00000000
h4,300,6,ichimoku_cloud_bull+atr_expand+strong_close_bull+cross_group_bull,225,25,17.08795699,0.00000000,1,0,0.00000000,0.00000000
h4,300,6,adx25+atr_expand+horizontal_break_up+elliott_impulse_bull,227,27,16.93740230,0.00000000,1,0,0.00000000,0.00000000
h4,300,6,atr_expand+horizontal_break_up+mtf_adx_rising+cross_group_bull,153,25,16.75289901,0.00000000,2,0,0.00000000,0.00000000
h4,300,6,ichimoku_cloud_bull+pin_bull+mtf_volatility,235,36,16.36080988,0.00000000,4,0,0.00000000,0.00000000
h4,300,6,ichimoku_cloud_bull+pin_bull+mtf_volatility+cross_group_return_up,131,22,16.30530247,0.00000000,3,0,0.00000000,0.00000000
h4,300,6,dmi_adx_bull+atr_expand+horizontal_break_up+cross_group_return_up,158,24,16.22274398,0.00000000,1,0,0.00000000,0.00000000
h4,300,6,ichimoku_cloud_bull+adx25+atr_expand+mtf_volatility,318,53,16.12071414,0.00000000,5,0,0.00000000,0.00000000
h4,300,6,atr_expand+strong_close_bull+mtf_adx_rising+cross_group_bull,214,28,15.97005326,0.00000000,2,0,0.00000000,0.00000000
h4,300,6,dmi_adx_bull+atr_expand+horizontal_break_up,241,30,15.95348682,0.00000000,1,0,0.00000000,0.00000000
h4,300,6,dmi_adx_bull+atr_expand+horizontal_break_up+retest_up,241,29,15.95348682,0.00000000,1,0,0.00000000,0.00000000
h4,300,6,adx25+atr_expand+horizontal_break_up+cross_group_return_up,161,24,15.92045682,0.00000000,1,0,0.00000000,0.00000000
h4,300,6,ichimoku_cloud_bull+atr_expand+mtf_volatility+cross_group_return_up,242,36,15.88756332,0.00000000,3,0,0.00000000,0.00000000
h4,300,6,adx25+atr_expand+strong_close_bull+cross_group_bull,216,22,15.82218240,0.00000000,1,0,0.00000000,0.00000000
h4,300,6,dmi_adx_bull+atr_expand+horizontal_break_up+mtf_adx_rising,162,16,15.82218240,0.00000000,1,0,0.00000000,0.00000000
h4,300,6,adx25+pin_bull+mtf_adx25+cross_target_relative_up,135,36,15.82218240,0.00000000,4,0,0.00000000,0.00000000
h4,300,6,ichimoku_cloud_bull+rsi_up3+pin_bull+cross_group_return_up,163,25,15.72511379,0.00000000,3,0,0.00000000,0.00000000
h4,300,6,adx25+atr_expand+horizontal_break_up+mtf_adx_rising,163,16,15.72511379,0.00000000,1,0,0.00000000,0.00000000
h4,300,6,adx25+atr_expand+horizontal_break_up,247,30,15.56595272,0.00000000,1,0,0.00000000,0.00000000
h4,300,6,adx25+atr_expand+horizontal_break_up+retest_up,247,29,15.56595272,0.00000000,1,0,0.00000000,0.00000000
h4,300,6,dmi_adx_bull+atr_expand+horizontal_break_up+elliott_wave5_bull,194,23,15.41439419,0.00000000,1,0,0.00000000,0.00000000
h4,300,6,ichimoku_cloud_bull+atr_expand+horizontal_break_up+cross_group_bull,167,18,15.34846436,0.00000000,1,0,0.00000000,0.00000000
h4,300,6,sma_stack_bull+atr_expand+elliott_wave5_bull+cross_group_bull,140,19,15.25710445,0.00000000,1,0,0.00000000,0.00000000
h4,300,6,adx25+pin_bull+mtf_volatility,254,48,15.13696977,0.00000000,4,0,0.00000000,0.00000000
h4,300,6,adx25+atr_expand+horizontal_break_up+elliott_wave5_bull,198,23,15.10299229,0.00000000,1,0,0.00000000,0.00000000
h4,300,6,sma_stack_bull+atr_expand+horizontal_break_up+cross_group_bull,170,21,15.07760911,0.00000000,1,0,0.00000000,0.00000000
h4,300,6,sma_stack_bull+atr_expand+elliott_wave3_bull+cross_group_bull,170,18,15.07760911,0.00000000,1,0,0.00000000,0.00000000
h4,300,6,rsi_up3+pin_bull+mtf_adx_rising,142,25,15.04221566,0.00000000,2,0,0.00000000,0.00000000
h4,300,6,ichimoku_cloud_bull+atr_expand+mtf_volatility+cross_target_relative_up,256,33,15.01871220,0.00000000,2,0,0.00000000,0.00000000
h4,300,6,ichimoku_cloud_bull+atr_expand+mtf_volatility,569,93,15.01577943,0.00000000,8,0,0.00000000,0.00000000
h4,300,6,mtf_trend_bull+range_compression+breakout20_up+atr_expand,201,24,14.87757449,0.00000000,1,0,0.00000000,0.00000000
h4,300,6,sma_stack_bull+rsi_up3+atr_expand+strong_close_bull,230,25,14.85909303,0.00000000,2,0,0.00000000,0.00000000
h4,300,6,mtf_trend_bull+horizontal_break_up+atr_expand,260,30,14.78765509,0.00000000,3,0,0.00000000,0.00000000
h4,300,12,adx25+volatility+pin_bull+mtf_volatility,159,28,13.29517426,0.00000000,4,0,0.00000000,0.00000000
h4,300,12,atr_expand+pin_bull,126,24,12.82965695,0.00000000,4,0,0.00000000,0.00000000
h4,300,12,volatility+pin_bull+mtf_volatility,246,36,12.63709175,0.00000000,4,0,0.00000000,0.00000000
h4,300,12,adx25+volatility+pin_bull+mtf_adx25,163,28,10.68028073,0.00000000,3,0,0.00000000,0.00000000
h4,300,12,adx25+volatility+pin_bull,268,57,10.20775232,0.00000000,4,0,0.00000000,0.00000000
h4,300,12,adx25+pin_bull+mtf_volatility,254,48,9.79125849,0.00000000,4,0,0.00000000,0.00000000
h4,300,12,ichimoku_cloud_bull+volatility+pin_bull+cross_group_return_up,127,29,9.79125849,0.00000000,4,0,0.00000000,0.00000000
h4,300,12,dmi_adx_bull+atr_expand+horizontal_break_up+mtf_rsi60,154,14,8.88207020,0.00000000,1,0,0.00000000,0.00000000
h4,300,12,adx25+atr_expand+horizontal_break_up+mtf_rsi60,157,14,8.71234911,0.00000000,1,0,0.00000000,0.00000000
h4,300,12,dmi_adx_bull+atr_expand+breakout20_up+mtf_rsi60,159,14,8.60275982,0.00000000,1,0,0.00000000,0.00000000
h4,300,12,dmi_adx_bull+atr_expand+breakout_up20+mtf_rsi60,159,14,8.60275982,0.00000000,1,0,0.00000000,0.00000000
h4,300,12,adx25+atr_expand+breakout20_up+mtf_rsi60,162,14,8.44344945,0.00000000,1,0,0.00000000,0.00000000
h4,300,12,adx25+atr_expand+breakout_up20+mtf_rsi60,162,14,8.44344945,0.00000000,1,0,0.00000000,0.00000000
h4,300,12,adx25+pin_bull+mtf_adx25+cross_target_relative_up,135,36,8.28993219,0.00000000,4,0,0.00000000,0.00000000
h4,300,12,bb_expand+pin_bull+mtf_volatility,121,24,8.22142035,0.00000000,3,0,0.00000000,0.00000000
h4,300,12,ichimoku_cloud_bull+volatility+pin_bull,243,59,8.18758734,0.00000000,4,0,0.00000000,0.00000000
h4,300,12,adx_up3+atr_expand+mtf_volatility,431,87,8.07835619,0.00000000,10,0,0.00000000,0.00000000
h4,300,12,volatility+pin_bull,479,82,8.04763772,0.00000000,4,0,0.00000000,0.00000000
h4,300,12,volatility+pin_bull+mtf_adx25,250,35,7.95833490,0.00000000,3,0,0.00000000,0.00000000
h4,300,12,ichimoku_cloud_bull+pin_bull+mtf_volatility,235,36,7.93716911,0.00000000,4,0,0.00000000,0.00000000
h4,300,12,ichimoku_cloud_bull+atr_expand+mtf_volatility+cross_group_bull,205,30,7.88554525,0.00000000,2,0,0.00000000,0.00000000
h4,300,12,ichimoku_cloud_bull+atr_expand+mtf_volatility+cross_target_relative_up,256,33,7.77181142,0.00000000,2,0,0.00000000,0.00000000
h4,300,12,ichimoku_cloud_bull+atr_expand+mtf_volatility+cross_group_return_up,242,36,7.70758158,0.00000000,3,0,0.00000000,0.00000000
h4,300,12,ichimoku_cloud_bull+pin_bull+mtf_volatility+cross_group_return_up,131,22,7.59383101,0.00000000,3,0,0.00000000,0.00000000
h4,300,12,adx25+atr_expand+mtf_volatility,697,83,7.49305205,0.00000000,8,0,0.00000000,0.00000000
h4,300,12,trend_bull+dmi_adx_bull+atr_expand+horizontal_break_up,184,15,7.43390658,0.00000000,1,0,0.00000000,0.00000000
h4,300,12,ichimoku_cloud_bull+adx25+atr_expand+mtf_volatility,318,53,7.42965620,0.00000000,5,0,0.00000000,0.00000000
h4,300,12,pin_bull+mtf_volatility,488,86,7.38959119,0.00000000,4,0,0.00000000,0.00000000
h4,300,12,volatility+pin_bull+cross_target_relative_up,204,46,7.31464605,0.00000000,4,0,0.00000000,0.00000000
h4,300,12,ichimoku_cloud_bull+dmi_adx_bull+pin_bull,155,17,7.22026352,0.00000000,1,0,0.00000000,0.00000000
h4,300,12,ichimoku_cloud_bull+atr_expand+mtf_volatility,569,93,7.21180392,0.00000000,8,0,0.00000000,0.00000000
h4,300,12,trend_bull+adx25+atr_expand+horizontal_break_up,190,15,7.19915163,0.00000000,1,0,0.00000000,0.00000000
h4,300,12,trend_bull+dmi_adx_bull+atr_expand+breakout20_up,191,15,7.16145974,0.00000000,1,0,0.00000000,0.00000000
h4,300,12,trend_bull+dmi_adx_bull+atr_expand+breakout_up20,191,15,7.16145974,0.00000000,1,0,0.00000000,0.00000000
h4,300,12,adx25+atr_expand+mtf_volatility+cross_target_relative_up,304,35,6.95372601,0.00000000,4,0,0.00000000,0.00000000
h4,300,12,trend_bull+adx25+atr_expand+breakout20_up,197,16,6.94334422,0.00000000,1,0,0.00000000,0.00000000
h4,300,12,trend_bull+adx25+atr_expand+breakout_up20,197,16,6.94334422,0.00000000,1,0,0.00000000,0.00000000
h4,300,12,adx25+pin_bull+mtf_adx25,310,67,6.81913777,0.00000000,4,0,0.00000000,0.00000000
h4,300,12,sma_stack_bull+dmi_adx_bull+pin_bull+mtf_rsi60,146,17,6.81364289,0.00000000,1,0,0.00000000,0.00000000
h4,300,12,volatility+pin_bull+mtf_volatility+cross_group_return_up,128,22,6.80033500,0.00000000,3,0,0.00000000,0.00000000
h4,300,12,volatility+pin_bull+cross_group_bull,202,40,6.77147926,0.00000000,4,0,0.00000000,0.00000000
h4,300,12,trend_bull+adx25+atr_expand+mtf_volatility,222,19,6.72156664,0.00000000,1,0,0.00000000,0.00000000
h4,300,12,sma_stack_bull+adx25+atr_expand+mtf_volatility,204,15,6.70509221,0.00000000,1,0,0.00000000,0.00000000
h4,300,12,atr_expand+mtf_volatility,1172,172,6.68428832,0.00000000,11,0,0.00000000,0.00000000
h4,300,12,trend_bull+dmi_adx_bull+pin_bull+mtf_rsi60,154,19,6.45968742,0.00000000,1,0,0.00000000,0.00000000
h4,300,12,ichimoku_cloud_bull+adx25+pin_bull+mtf_rsi60,155,18,6.41801201,0.00000000,1,0,0.00000000,0.00000000
h4,300,12,adx25+atr_expand+engulf_bull,176,18,6.35875480,0.00000000,1,0,0.00000000,0.00000000
h4,300,12,sma_stack_bull+dmi_adx_bull+pin_bull,158,19,6.29615103,0.00000000,2,0,0.00000000,0.00000000
h4,300,12,trend_bull+volatility+pin_bull,178,22,6.28730812,0.00000000,2,0,0.00000000,0.00000000
h4,300,12,ichimoku_cloud_bull+horizontal_break_up+engulf_bull+cross_target_relative_up,139,32,6.26217899,0.00000000,3,0,0.00000000,0.00000000
h4,300,12,trend_bull+pin_bull+mtf_volatility,159,17,6.25655259,0.00000000,1,0,0.00000000,0.00000000
h4,300,12,ichimoku_cloud_bull+atr_expand+horizontal_break_up+mtf_rsi60,220,23,6.21744914,0.00000000,1,0,0.00000000,0.00000000
h4,300,12,dmi_adx_bull+pin_bull+mtf_rsi60,161,19,6.17883144,0.00000000,1,0,0.00000000,0.00000000
h4,300,12,trend_bull+dmi_adx_bull+atr_expand+mtf_volatility,161,13,6.17883144,0.00000000,1,0,0.00000000,0.00000000
h4,300,12,ichimoku_cloud_bull+dmi_adx_bull+atr_expand+mtf_volatility,162,17,6.14069051,0.00000000,1,0,0.00000000,0.00000000
d1,50,1,volatility+pin_bull+mtf_macd_rising,122,26,2.13233296,1.94881327,3,3,0.44444444,0.33333333
d1,50,1,bb_expand+pin_bull,120,20,2.00363913,2.02676580,3,3,0.42857143,0.28571429
d1,50,1,volatility+pin_bull,166,36,1.94704810,1.97046675,4,4,0.40922619,0.33333333
d1,50,1,pin_bull+mtf_volatility,161,27,1.86062406,2.06429850,3,3,0.43333333,0.30000000
d1,50,1,sma_stack_bull+adx_up3+volatility+mtf_volatility,200,57,1.85254503,1.33339855,7,4,0.22142857,0.00000000
d1,50,1,pin_bull+mtf_macd_rising,316,61,1.83358551,1.74434761,4,4,0.35202429,0.30769231
d1,50,1,adx25+pin_bull+mtf_macd_rising,155,24,1.83092989,2.11121437,3,3,0.46825397,0.33333333
d1,50,1,sma_stack_bull+adx25+atr_expand+mtf_volatility,145,45,1.73973415,1.46377530,4,3,0.31458333,0.12500000
d1,50,1,sma_stack_bull+pin_bull+mtf_macd_rising,136,44,1.73893464,1.61220007,4,4,0.32473776,0.23076923
d1,50,1,adx25+pin_bull,204,36,1.71961314,1.82971912,4,4,0.37013889,0.25000000
d1,50,1,trend_bull+pin_bull+mtf_macd_rising,172,48,1.71871447,1.79453222,4,4,0.36423160,0.28571429
d1,50,1,adx_up3+atr_expand+mtf_volatility,218,59,1.71766327,1.11643879,6,3,0.23009259,0.00000000
d1,50,1,trend_bull+adx_up3+volatility+mtf_volatility,206,47,1.70291787,1.07806691,6,2,0.17361111,0.00000000
d1,50,1,price200_bull+pin_bull+mtf_macd_rising,230,55,1.69659536,1.65826293,4,4,0.33401892,0.27272727
d1,50,1,pin_bull+cross_target_relative_up,179,30,1.69554223,1.85786865,4,4,0.35158730,0.20000000
d1,50,1,adx_up3+atr_expand,229,60,1.68679191,1.09783147,6,3,0.21818783,0.00000000
d1,50,1,sma_stack_bull+adx25+atr_expand,155,45,1.67835240,1.46377530,4,3,0.31458333,0.12500000
d1,50,1,pin_bull+mtf_macd_rising+cross_group_return_up,127,29,1.67594960,1.39776952,4,2,0.27083333,0.16666667
d1,50,1,trend_bull+pin_bull,246,64,1.66636121,1.82092240,4,4,0.36578012,0.35294118
d1,50,1,pin_bull+cross_group_return_up,211,42,1.64388387,1.32704904,4,3,0.26186869,0.11111111
d1,50,1,sma_stack_bull+pin_bull,195,63,1.63727384,1.76939871,4,4,0.35460434,0.33333333
d1,50,1,rci_bull+pin_bull,237,52,1.62985379,1.26672862,4,4,0.25392842,0.20000000
d1,50,1,price200_bull+pin_bull,327,81,1.62725994,1.62641700,4,4,0.32464349,0.29411765
d1,50,1,pin_bull+cross_group_bull,185,37,1.61924580,1.50637999,4,3,0.29387626,0.12500000
d1,50,1,trend_bull+pin_bull+cross_group_bull,128,27,1.60126898,1.68897150,4,3,0.32589286,0.16666667
d1,50,1,trend_bull+pin_bull+cross_group_return_up,144,31,1.58758292,1.47103969,4,3,0.29464286,0.14285714
d1,50,1,sma_stack_bull+adx_up3+volatility+mtf_macd_rising,137,39,1.58238821,1.16928796,5,5,0.30095238,0.20000000
d1,50,1,rci_bull+pin_bull+mtf_macd_rising,162,37,1.58150023,1.09554908,4,3,0.22083333,0.11111111
d1,50,1,price200_bull+rci_bull+pin_bull,202,52,1.58053663,1.26672862,4,4,0.25392842,0.20000000
d1,50,1,sma_stack_bull+adx_up3+volatility,297,82,1.56601701,1.11224952,7,3,0.20470958,0.00000000
d1,50,1,pin_bull+mtf_price200_bull+cross_group_bull,146,28,1.56583521,1.62865109,4,4,0.31041667,0.20000000
d1,50,1,trend_bull+pin_bull+mtf_price200_bull,204,48,1.56504117,1.79453222,4,4,0.35968198,0.33333333
d1,50,1,price200_bull+pin_bull+cross_group_return_up,179,40,1.56342205,1.26672862,4,3,0.24943182,0.12500000
d1,50,1,pin_bull+mtf_price200_bull,270,53,1.56203561,1.72083889,4,4,0.34640360,0.30769231
d1,50,1,price200_bull+pin_bull+cross_group_bull,159,35,1.56176016,1.44768986,4,3,0.28097944,0.14285714
d1,50,1,adx_up3+volatility+mtf_volatility,546,120,1.55930842,1.68897150,11,9,0.34725754,0.16666667
d1,50,1,sma_stack_bull+adx25+bb_expand+mtf_volatility,253,70,1.55793881,1.66484334,7,5,0.31147459,0.00000000
d1,50,1,trend_bull+rci_bull+pin_bull,162,42,1.55716945,1.44768986,4,4,0.29285714,0.28571429
d1,50,1,price200_bull+adx25+pin_bull,142,30,1.55442796,1.52007435,4,2,0.29613095,0.14285714
d1,50,1,price200_bull+adx_up3+volatility+mtf_volatility,278,60,1.54544167,1.18228005,6,3,0.23630952,0.12500000
d1,50,1,trend_bull+pin_bull+mtf_price200_bull+cross_group_bull,120,25,1.54378753,1.82408922,4,4,0.34761905,0.20000000
d1,50,1,price200_bull+pin_bull+cross_target_relative_up,143,28,1.54355783,1.62865109,4,4,0.31041667,0.20000000
d1,50,1,price200_bull+rci_bull+pin_bull+mtf_macd_rising,138,37,1.54235942,1.09554908,4,3,0.22083333,0.11111111
d1,50,1,price200_bull+pin_bull+mtf_price200_bull,243,53,1.54094894,1.72083889,4,4,0.34640360,0.30769231
d1,50,1,sma_stack_bull+atr_expand+mtf_volatility,238,83,1.54019925,1.46513190,6,4,0.27272727,0.00000000
d1,50,1,pin_bull+mtf_price200_bull+cross_group_return_up,164,32,1.53817958,1.42506970,4,3,0.27976190,0.16666667
d1,50,1,adx25+atr_expand+mtf_volatility,303,67,1.53500677,1.51251179,8,7,0.31840278,0.12500000
d1,50,1,rci_bull+pin_bull+mtf_price200_bull,214,43,1.52874565,1.41402265,4,4,0.28399378,0.22222222
d1,50,1,price200_bull+rci_bull+pin_bull+mtf_price200_bull,191,43,1.52710630,1.41402265,4,4,0.28399378,0.22222222
d1,50,1,sma_stack_bull+pin_bull+mtf_price200_bull,150,44,1.52407960,1.84251436,4,4,0.37753913,0.33333333
d1,50,1,sma_stack_bull+adx_up3+mtf_volatility,339,98,1.52314943,1.24087702,8,5,0.26369724,0.00000000
d1,50,1,trend_bull+rci_bull+pin_bull+mtf_price200_bull,158,38,1.52175124,1.46673841,4,4,0.29478022,0.28571429
d1,50,1,sma_stack_bull+adx25+volatility+mtf_volatility,428,89,1.51953634,1.87874358,7,4,0.32064135,0.00000000
d1,50,1,adx25+atr_expand+mtf_macd_rising,169,43,1.51599430,1.41402265,5,3,0.35666667,0.16666667
d1,50,1,sma_stack_bull+rci_bull+atr_expand+mtf_volatility,143,44,1.51599430,1.49704292,4,3,0.32738095,0.14285714
d1,50,1,trend_bull+pin_bull+mtf_price200_bull+cross_group_return_up,133,29,1.51143492,1.57249071,4,3,0.31398810,0.16666667
d1,50,1,rci_bull+pin_bull+cross_group_return_up,134,30,1.50015555,0.84448575,4,2,0.15972222,0.00000000
d1,50,1,price200_bull+pin_bull+mtf_price200_bull+cross_group_bull,134,28,1.50015555,1.62865109,4,4,0.31041667,0.20000000
d1,50,1,sma_stack_bull+adx_up3+bb_expand+mtf_volatility,248,83,1.49398793,1.40408474,7,5,0.26256759,0.00000000
d1,50,1,sma_stack_bull+volatility+mtf_volatility,784,148,1.49317704,1.71179544,10,7,0.29397884,0.00000000
d1,50,1,rci_bull+pin_bull+mtf_price200_bull+cross_group_return_up,132,26,1.49302469,0.97440663,3,2,0.23412698,0.16666667
d1,50,1,sma_stack_bull+atr_expand,251,84,1.49183503,1.44768986,6,4,0.27034632,0.00000000
d1,50,1,trend_bull+adx25+atr_expand+mtf_volatility,164,46,1.49011147,1.32180378,4,2,0.28541667,0.12500000
d1,50,1,sma_stack_bull+bb_expand+mtf_volatility,477,145,1.48739063,1.50260223,9,7,0.28990035,0.00000000
d1,50,1,adx25+atr_expand,323,69,1.47656906,1.46867087,8,6,0.31125992,0.12500000
d1,50,1,sma_stack_bull+rci_bull+atr_expand,147,45,1.47474275,1.46377530,4,3,0.32043651,0.14285714
d1,50,1,adx_up3+volatility+mtf_macd_rising,409,95,1.47448052,1.54674232,10,8,0.29988095,0.12500000
d1,50,1,pin_bull+mtf_price200_bull+cross_target_relative_up,123,19,1.47408877,1.33339855,3,3,0.27619048,0.20000000
d1,50,1,price200_bull+pin_bull+mtf_price200_bull+cross_group_return_up,150,32,1.47152513,1.42506970,4,3,0.27976190,0.16666667
d1,50,1,trend_bull+rci_bull+atr_expand+mtf_volatility,180,48,1.44524790,1.58341078,5,4,0.34190476,0.14285714
d1,50,1,price200_bull+rci_bull+pin_bull+cross_group_return_up,123,30,1.44204336,0.84448575,4,2,0.15972222,0.00000000
d1,50,1,price200_bull+adx25+atr_expand+mtf_volatility,190,45,1.43141778,1.23857910,3,2,0.31944444,0.12500000
d1,50,1,trend_bull+adx_up3+volatility+mtf_macd_rising,146,32,1.43084941,0.95004647,2,2,0.34285714,0.28571429
d1,50,1,trend_bull+adx25+bb_expand+mtf_volatility,313,69,1.42300040,1.39523733,8,5,0.23898810,0.00000000
d1,50,1,trend_bull+adx_up3+volatility,341,70,1.42174480,0.94099841,7,2,0.21598639,0.00000000
d1,50,1,adx_up3+volatility+mtf_volatility+cross_target_relative_up,200,33,1.41897066,1.84251436,3,2,0.51428571,0.14285714
d1,50,1,sma_stack_bull+atr_expand+mtf_price200_bull,150,31,1.41897066,0.81724427,2,0,0.13392857,0.12500000
d1,50,1,sma_stack_bull+rci_bull+volatility+mtf_volatility,467,77,1.41795784,1.57929803,6,3,0.29444444,0.00000000
d1,50,1,trend_bull+volatility+mtf_volatility,895,147,1.41368586,1.65450269,10,8,0.31807359,0.00000000
d1,50,1,trend_bull+adx25+atr_expand,176,46,1.41090833,1.32180378,4,2,0.28541667,0.12500000
d1,50,1,trend_bull+bb_expand+close_near_high+mtf_volatility,179,39,1.40928185,1.55905061,4,4,0.44642857,0.20000000
d1,50,1,trend_bull+adx25+volatility+mtf_volatility,487,89,1.40828711,1.76488033,7,5,0.33902297,0.00000000
d1,50,1,sma_stack_bull+adx_up3+volatility+mtf_price200_bull,222,39,1.40263617,0.38976265,3,1,0.11111111,0.00000000
d1,50,1,trend_bull+rci_bull+volatility+mtf_volatility,551,93,1.40208838,1.63448855,7,5,0.33537415,0.00000000
d1,50,1,sma_stack_bull+rci_bull+atr_expand+mtf_price200_bull,130,28,1.39471476,0.72384493,2,0,0.15476190,0.14285714
d1,50,1,trend_bull+atr_expand+mtf_volatility,283,82,1.39278628,1.42120773,8,6,0.28613782,0.00000000
d1,50,1,price200_bull+adx25+atr_expand,204,46,1.39114771,1.21165347,3,2,0.31944444,0.12500000
d1,50,1,trend_bull+rci_bull+atr_expand,190,49,1.38992740,1.55109627,5,4,0.33634921,0.14285714
d1,50,1,adx25+volatility+mtf_volatility,973,163,1.38947967,1.95837800,12,10,0.36422333,0.00000000
d1,50,1,trend_bull+adx_up3+bb_expand+mtf_macd_rising,247,62,1.38833162,0.98069313,6,5,0.27890212,0.14285714
d1,50,1,adx_up3+volatility,853,189,1.38163419,1.47449893,12,8,0.29008661,0.00000000
d1,50,1,price200_bull+adx25+volatility+mtf_volatility,586,99,1.37888219,1.74015245,7,5,0.33683349,0.09090909
d1,50,1,price200_bull+volatility+mtf_volatility,1080,166,1.37590520,1.55670265,11,8,0.31407057,0.08333333
d1,50,1,trend_bull+bb_expand+mtf_volatility,604,137,1.37041869,1.40542154,10,7,0.25503340,0.00000000
d1,50,1,volatility+close_near_high+elliott_pullback_bull,127,37,1.36558857,2.05415453,4,4,0.40000000,0.20000000
d1,50,1,sma_stack_bull+volatility+elliott_pullback_bull+mtf_volatility,127,20,1.36558857,1.52007435,2,1,0.31250000,0.00000000
d1,50,1,sma_stack_bull+adx25+mtf_volatility,737,159,1.36377778,1.65710411,10,6,0.25771173,0.00000000
d1,50,1,sma_stack_bull+breakout20_up+close_near_high+elliott_impulse_bull,246,53,1.36192984,1.24282808,6,5,0.26150794,0.00000000
d1,50,1,sma_stack_bull+breakout_up20+close_near_high+elliott_impulse_bull,246,53,1.36192984,1.24282808,6,5,0.26150794,0.00000000
d1,50,1,sma_stack_bull+channel_breakout_up+close_near_high+elliott_impulse_bull,246,53,1.36192984,1.24282808,6,5,0.26150794,0.00000000
d1,50,3,volatility+pin_bull,166,36,1.52254539,1.51192457,4,4,0.68898810,0.62500000
d1,50,3,bb_expand+pin_bull,120,20,1.52113563,1.36073211,3,2,0.65714286,0.40000000
d1,50,3,pin_bull+mtf_volatility,161,27,1.45769874,1.67991619,3,3,0.78888889,0.70000000
d1,50,3,sma_stack_bull+adx_up3+volatility+mtf_volatility,200,57,1.44424306,1.23341215,7,4,0.45634921,0.00000000
d1,50,3,pin_bull+mtf_di_bull,189,26,1.43278081,1.39562268,3,2,0.62010582,0.40000000
d1,50,3,rci_bull+pin_bull+mtf_di_bull,136,20,1.43067378,1.24733777,2,1,0.62857143,0.40000000
d1,50,3,sma_stack_bull+pin_bull,195,63,1.41955514,1.40392996,4,4,0.62845763,0.57142857
d1,50,3,pin_bull+mtf_di_bull+cross_group_return_up,129,17,1.41500989,1.33405109,2,2,0.78571429,0.57142857
d1,50,3,trend_bull+pin_bull+cross_group_return_up,144,31,1.40691116,1.24367989,4,4,0.56696429,0.50000000
d1,50,3,trend_bull+pin_bull+mtf_price200_bull+cross_group_return_up,133,29,1.40261701,1.25124792,4,4,0.56696429,0.50000000
d1,50,3,trend_bull+pin_bull+cross_group_bull,128,27,1.39472257,1.34393295,4,4,0.59523810,0.50000000
d1,50,3,trend_bull+pin_bull,246,64,1.39434035,1.45286502,4,4,0.64285289,0.53846154
d1,50,3,trend_bull+adx_up3+volatility+mtf_volatility,206,47,1.39244038,1.20632280,6,3,0.46296296,0.00000000
d1,50,3,trend_bull+pin_bull+mtf_di_bull,124,22,1.39118395,1.34011496,3,2,0.61904762,0.40000000
d1,50,3,pin_bull+cross_group_return_up,211,42,1.38796397,1.34993265,4,4,0.60934343,0.54545455
d1,50,3,trend_bull+pin_bull+mtf_price200_bull+cross_group_bull,120,25,1.38740942,1.36073211,4,4,0.59642857,0.50000000
d1,50,3,price200_bull+pin_bull+mtf_di_bull,155,25,1.38471333,1.36073211,3,2,0.61547619,0.40000000
d1,50,3,rci_bull+pin_bull+mtf_price200_bull+cross_group_return_up,132,26,1.38285057,1.04671701,3,2,0.50992063,0.33333333
d1,50,3,pin_bull+mtf_price200_bull+cross_group_return_up,164,32,1.38210930,1.27568636,4,4,0.57341270,0.50000000
d1,50,3,price200_bull+pin_bull+cross_group_return_up,179,40,1.37835115,1.30403494,4,4,0.58636364,0.50000000
d1,50,3,sma_stack_bull+pin_bull+mtf_price200_bull,150,44,1.37737995,1.23702919,4,3,0.54318598,0.42857143
d1,50,3,price200_bull+pin_bull+mtf_price200_bull+cross_group_return_up,150,32,1.37737995,1.27568636,4,4,0.57341270,0.50000000
d1,50,3,rci_bull+pin_bull+cross_group_return_up,134,30,1.37718036,1.05834720,4,2,0.46180556,0.33333333
d1,50,3,rci_bull+pin_bull,237,52,1.37111683,1.22116985,4,3,0.53624023,0.40000000
d1,50,3,adx_up3+atr_expand+mtf_volatility,218,59,1.37100036,1.07628529,6,4,0.44120370,0.00000000
d1,50,3,price200_bull+rci_bull+pin_bull+cross_group_return_up,123,30,1.36987824,1.05834720,4,2,0.46180556,0.33333333
d1,50,3,sma_stack_bull+adx25+atr_expand+mtf_volatility,145,45,1.36954083,1.41112960,4,4,0.72638889,0.55555556
d1,50,3,pin_bull+cross_group_bull,185,37,1.36617587,1.40976750,4,4,0.62594697,0.54545455
d1,50,3,trend_bull+rci_bull+pin_bull,162,42,1.36202620,1.24193804,4,3,0.54285714,0.42857143
d1,50,3,price200_bull+pin_bull,327,81,1.36179901,1.45592736,4,4,0.64594474,0.52941176
d1,50,3,pin_bull+mtf_price200_bull+cross_group_bull,146,28,1.36016042,1.37693130,4,4,0.60138889,0.50000000
d1,50,3,rci_bull+pin_bull+mtf_price200_bull,214,43,1.35913320,1.21305576,4,4,0.53515929,0.44444444
d1,50,3,trend_bull+rci_bull+pin_bull+mtf_price200_bull,158,38,1.35842130,1.19362466,4,2,0.51813187,0.42857143
d1,50,3,adx_up3+atr_expand,229,60,1.35770060,1.05834720,6,3,0.42929894,0.00000000
d1,50,3,price200_bull+rci_bull+pin_bull+mtf_price200_bull,191,43,1.35476552,1.21305576,4,4,0.53515929,0.44444444
d1,50,3,price200_bull+rci_bull+pin_bull,202,52,1.35050231,1.22116985,4,3,0.53624023,0.40000000
d1,50,3,price200_bull+pin_bull+cross_group_bull,159,35,1.34987777,1.36073211,4,4,0.59866522,0.50000000
d1,50,3,price200_bull+pin_bull+mtf_price200_bull+cross_group_bull,134,28,1.34724166,1.37693130,4,4,0.60138889,0.50000000
d1,50,3,trend_bull+pin_bull+mtf_price200_bull,204,48,1.34709490,1.32293400,4,4,0.58981296,0.54545455
d1,50,3,price200_bull+pin_bull+cross_target_relative_up,143,28,1.34661358,1.37693130,4,3,0.61875000,0.37500000
d1,50,3,sma_stack_bull+adx25+atr_expand,155,45,1.34588959,1.41112960,4,4,0.72638889,0.55555556
d1,50,3,pin_bull+cross_target_relative_up,179,30,1.34473283,1.43632834,4,4,0.64206349,0.44444444
d1,50,3,pin_bull+mtf_price200_bull,270,53,1.34469133,1.32649986,4,4,0.59240759,0.53846154
d1,50,3,adx_up3+volatility+mtf_volatility,546,120,1.33726209,1.34183306,11,8,0.60902734,0.16666667
d1,50,3,price200_bull+pin_bull+mtf_price200_bull,243,53,1.33726209,1.32649986,4,4,0.59240759,0.53846154
d1,50,3,pin_bull+mtf_price200_bull+cross_target_relative_up,123,19,1.33726209,1.31298713,3,2,0.50476190,0.20000000
d1,50,3,price200_bull+adx_up3+volatility+mtf_volatility,278,60,1.32764150,1.17174154,6,4,0.54113757,0.25000000
d1,50,3,adx25+pin_bull,204,36,1.32742928,1.63791828,4,4,0.73819444,0.62500000
d1,50,3,adx25+volatility+inside_bar+mtf_volatility,202,30,1.32071182,1.20953966,1,0,0.20000000,0.20000000
d1,50,3,sma_stack_bull+adx_up3+volatility,297,82,1.31700054,1.24457205,7,4,0.49515088,0.00000000
d1,50,3,price200_bull+adx25+pin_bull,142,30,1.31371875,1.51192457,4,4,0.68898810,0.62500000
d1,50,3,adx_up3+volatility+mtf_volatility+cross_target_relative_up,200,33,1.30383054,1.58064841,3,3,0.79047619,0.57142857
d1,50,3,sma_stack_bull+volatility+inside_bar+mtf_volatility,166,34,1.29295522,1.00053832,2,1,0.51428571,0.42857143
d1,50,3,trend_bull+adx_up3+volatility,341,70,1.28824222,1.19874019,7,4,0.53117914,0.16666667
d1,50,3,sma_stack_bull+atr_expand+mtf_volatility,238,83,1.28107461,1.25690115,6,5,0.55749459,0.00000000
d1,50,3,sma_stack_bull+rci_bull+atr_expand+mtf_volatility,143,44,1.27647745,1.34011496,4,4,0.68898810,0.62500000
d1,50,3,sma_stack_bull+adx_up3+volatility+mtf_price200_bull,222,39,1.27401321,0.93041512,3,2,0.40740741,0.00000000
d1,50,3,sma_stack_bull+volatility+nr7,145,41,1.27270461,1.71474372,4,4,0.85208333,0.70000000
d1,50,3,trend_bull+adx25+atr_expand+mtf_volatility,164,46,1.27202979,1.38045287,4,4,0.72083333,0.50000000
d1,50,3,sma_stack_bull+adx25+volatility+mtf_volatility,428,89,1.27008654,1.35053936,7,4,0.50636206,0.00000000
d1,50,3,trend_bull+adx25+atr_expand,176,46,1.26508033,1.38045287,4,4,0.72083333,0.50000000
d1,50,3,volatility+close_near_high+elliott_pullback_bull,127,37,1.26355473,1.59365022,4,4,0.77708333,0.60000000
d1,50,3,sma_stack_bull+close_near_high+elliott_impulse_bull+cross_group_bull,162,38,1.26296975,1.37266836,4,4,0.77291667,0.62500000
d1,50,3,price200_bull+adx25+atr_expand,204,46,1.25859962,1.28184909,3,3,0.68518519,0.55555556
d1,50,3,price200_bull+volatility+nr7,212,53,1.25841409,1.75440304,5,5,0.88285714,0.70000000
d1,50,3,price200_bull+adx_up3+volatility+close_near_high,166,31,1.25670413,1.38999517,1,1,0.62500000,0.62500000
d1,50,3,price200_bull+adx25+atr_expand+mtf_volatility,190,45,1.25632254,1.31033463,3,3,0.68518519,0.55555556
d1,50,3,sma_stack_bull+bb_expand+elliott_impulse_bull+cross_group_return_up,123,30,1.25572172,1.20953966,2,1,0.56250000,0.12500000
d1,50,3,sma_stack_bull+rci_bull+atr_expand,147,45,1.25538890,1.31033463,4,4,0.66815476,0.62500000
d1,50,3,sma_stack_bull+atr_expand,251,84,1.25468216,1.24193804,6,5,0.55035173,0.00000000
d1,50,3,sma_stack_bull+close_near_high+elliott_wave5_bull+cross_group_bull,141,24,1.25190494,1.22843871,1,1,0.57142857,0.57142857
d1,50,3,adx25+atr_expand+mtf_volatility,303,67,1.25120067,1.32011324,8,6,0.57986111,0.20000000
d1,50,3,trend_bull+adx_up3+volatility+mtf_price200_bull,279,48,1.25098712,0.94495286,5,2,0.36825397,0.00000000
d1,50,3,sma_stack_bull+adx_up3+bb_expand+close_near_high,170,39,1.25073337,1.33747174,3,3,0.61851852,0.50000000
d1,50,3,price200_bull+rci_bull+volatility+nr7,130,26,1.24982572,1.57007552,1,1,0.75000000,0.75000000
d1,50,3,price200_bull+volatility+inside_bar+mtf_volatility,225,34,1.24811129,1.00053832,1,1,0.50000000,0.50000000
d1,50,3,adx_up3+volatility+inside_bar,169,45,1.24626497,1.15914217,4,2,0.47321429,0.00000000
d1,50,3,sma_stack_bull+rci_bull+elliott_wave5_bull+cross_group_bull,190,36,1.24576521,1.07094657,4,3,0.48055556,0.20000000
d1,50,3,trend_bull+volatility+close_near_high+cross_target_relative_up,211,26,1.24536493,1.30839626,2,2,0.57142857,0.57142857
d1,50,3,sma_stack_bull+adx25+bb_expand+mtf_volatility,253,70,1.24476373,1.32833373,7,5,0.57828131,0.00000000
d1,50,3,price200_bull+adx_up3+volatility,466,101,1.24399810,1.21253357,9,7,0.55098605,0.11111111
d1,50,3,sma_stack_bull+adx25+inside_bar+mtf_volatility,168,29,1.24174337,1.09484193,1,1,0.80000000,0.80000000
d1,50,3,sma_stack_bull+volatility+strong_close_bull+mtf_volatility,147,26,1.24174337,1.13394343,2,2,0.55000000,0.50000000
d1,50,3,trend_bull+rci_bull+volatility+strong_close_bull,275,55,1.24000667,1.03085766,4,2,0.52073864,0.40000000
d1,50,3,trend_bull+bb_expand+elliott_impulse_bull+cross_group_bull,191,26,1.23924288,1.22116985,1,0,0.20000000,0.20000000
d1,50,3,trend_bull+rci_bull+volatility+close_near_high,358,68,1.23827481,1.00053832,4,2,0.46246499,0.33333333
d1,50,3,sma_stack_bull+adx_up3+mtf_volatility,339,98,1.23667158,1.18022683,8,6,0.54311418,0.00000000
d1,50,3,adx25+atr_expand,323,69,1.23582890,1.31471702,8,6,0.59057540,0.20000000
d1,50,3,adx_up3+bb_expand+inside_bar+mtf_volatility,156,36,1.23439578,1.19694028,4,3,0.65833333,0.40000000
d1,50,3,trend_bull+volatility+inside_bar+mtf_volatility,187,27,1.23357065,1.00794971,1,1,0.50000000,0.50000000
d1,50,3,sma_stack_bull+volatility+mtf_volatility,784,148,1.23321491,1.22588479,10,6,0.46663492,0.00000000
d1,50,3,adx25+volatility+elliott_pullback_bull+mtf_di_bull,241,44,1.23183479,1.13394343,4,3,0.59444444,0.33333333
d1,50,3,sma_stack_bull+elliott_wave5_bull+cross_group_bull,202,40,1.23134034,1.13394343,5,3,0.47333333,0.20000000
d1,50,3,sma_stack_bull+elliott_wave5_bull+mtf_price200_bull+cross_group_bull,202,40,1.23134034,1.13394343,5,3,0.47333333,0.20000000
d1,50,3,volatility+nr7,378,80,1.23113018,1.78596090,11,11,0.78225108,0.50000000
d1,50,5,bb_expand+pin_bull,120,20,1.40957346,1.14909209,3,2,0.70476190,0.40000000
d1,50,5,sma_stack_bull+volatility+nr4+mtf_volatility,155,31,1.35615712,1.59675327,2,2,0.91666667,0.83333333
d1,50,5,pin_bull+mtf_volatility,161,27,1.32601737,1.44045732,3,3,0.82222222,0.80000000
d1,50,5,rci_bull+pin_bull+cross_group_return_up,134,30,1.32358151,1.11962819,4,3,0.64583333,0.50000000
d1,50,5,price200_bull+rci_bull+pin_bull+cross_group_return_up,123,30,1.32178804,1.11962819,4,3,0.64583333,0.50000000
d1,50,5,trend_bull+pin_bull+cross_group_bull,128,27,1.32147512,1.24403132,4,4,0.70386905,0.62500000
d1,50,5,rci_bull+pin_bull+mtf_di_bull,136,20,1.31619224,1.14909209,2,1,0.62857143,0.40000000
d1,50,5,pin_bull+mtf_di_bull,189,26,1.31203941,1.22388506,3,2,0.66772487,0.40000000
d1,50,5,trend_bull+volatility+nr4+mtf_volatility,174,25,1.31188960,1.62640726,2,2,0.90000000,0.80000000
d1,50,5,trend_bull+pin_bull+cross_group_return_up,144,31,1.31149634,1.14053805,4,4,0.66517857,0.57142857
d1,50,5,trend_bull+pin_bull+mtf_di_bull,124,22,1.31112846,1.12498526,3,2,0.61904762,0.40000000
d1,50,5,adx_up3+atr_expand+mtf_volatility,218,59,1.31076396,1.04871507,6,3,0.54140212,0.14285714
d1,50,5,volatility+nr4+mtf_di_bull+cross_target_relative_up,162,22,1.30769490,1.44640962,1,1,1.00000000,1.00000000
d1,50,5,volatility+pin_bull,166,36,1.30586289,1.27676899,4,4,0.74107143,0.71428571
d1,50,5,sma_stack_bull+adx_up3+volatility+mtf_volatility,200,57,1.30556610,1.30261451,7,5,0.68191610,0.14285714
d1,50,5,price200_bull+volatility+nr4+mtf_volatility,211,32,1.29976773,1.60209955,2,2,0.91666667,0.83333333
d1,50,5,rci_bull+volatility+nr4+cross_target_relative_up,158,27,1.29922588,1.37498199,1,1,1.00000000,1.00000000
d1,50,5,pin_bull+mtf_di_bull+cross_group_return_up,129,17,1.29850073,1.24788281,2,2,0.85714286,0.71428571
d1,50,5,nr4+elliott_pullback_bull+mtf_volatility,171,24,1.29649066,1.39953524,1,1,1.00000000,1.00000000
d1,50,5,price200_bull+pin_bull+mtf_di_bull,155,25,1.29258725,1.20212711,3,2,0.66309524,0.40000000
d1,50,5,adx_up3+atr_expand,229,60,1.29082913,1.06070039,6,4,0.55330688,0.14285714
d1,50,5,sma_stack_bull+pin_bull,195,63,1.28851226,1.26273856,4,4,0.72902661,0.64705882
d1,50,5,price200_bull+rci_bull+pin_bull,202,52,1.28450989,1.18988826,4,3,0.69290415,0.53846154
d1,50,5,rci_bull+pin_bull,237,52,1.28190286,1.18988826,4,3,0.69290415,0.53846154
d1,50,5,sma_stack_bull+bb_expand+retest_up+cross_group_bull,123,26,1.28173386,1.01990422,1,0,0.33333333,0.33333333
d1,50,5,volatility+nr4+mtf_di_bull+cross_group_bull,141,25,1.28116572,1.55569390,1,1,0.80000000,0.80000000
d1,50,5,sma_stack_bull+volatility+nr4+mtf_di_bull,176,23,1.27832015,1.46038459,1,1,1.00000000,1.00000000
d1,50,5,bb_expand+nr4+mtf_di_bull+cross_group_bull,121,25,1.27577539,0.98998703,1,1,0.60000000,0.60000000
d1,50,5,price200_bull+pin_bull+cross_group_return_up,179,40,1.27524463,1.23748379,4,4,0.71306818,0.62500000
d1,50,5,price200_bull+pin_bull+cross_target_relative_up,143,28,1.27473138,1.26273856,4,3,0.74166667,0.50000000
d1,50,5,price200_bull+volatility+nr4+mtf_di_bull,298,50,1.27299721,1.41426719,6,6,0.88174603,0.80000000
d1,50,5,trend_bull+nr4+close_near_high+mtf_volatility,120,25,1.27272167,1.34355383,1,1,0.60000000,0.60000000
d1,50,5,volatility+nr4+mtf_volatility,364,53,1.27227051,1.46763576,5,5,0.86666667,0.66666667
d1,50,5,price200_bull+pin_bull+cross_group_bull,159,35,1.27039777,1.31324810,4,4,0.73886183,0.62500000
d1,50,5,pin_bull+cross_group_bull,185,37,1.26939284,1.33782031,4,4,0.75820707,0.66666667
d1,50,5,pin_bull+cross_group_return_up,211,42,1.26863557,1.26273856,4,4,0.73030303,0.66666667
d1,50,5,trend_bull+pin_bull,246,64,1.26838247,1.27063067,4,4,0.72703535,0.69230769
d1,50,5,price200_bull+volatility+nr4+mtf_di_strong_bull,206,26,1.26753990,1.35987229,1,1,1.00000000,1.00000000
d1,50,5,trend_bull+rci_bull+pin_bull,162,42,1.26714622,1.13646470,4,3,0.65714286,0.50000000
d1,50,5,adx_up3+volatility+nr4,209,59,1.26506059,1.49816439,6,6,0.93915344,0.85714286
d1,50,5,price200_bull+pin_bull,327,81,1.26054311,1.30950665,4,4,0.75167112,0.72727273
d1,50,5,trend_bull+adx_up3+volatility+mtf_volatility,206,47,1.25956795,1.24124514,6,3,0.65231481,0.25000000
d1,50,5,rci_bull+bb_expand+nr4+cross_group_bull,124,26,1.25815357,1.08789783,1,1,0.60000000,0.60000000
d1,50,5,sma_stack_bull+rci_bull+volatility+nr4,212,42,1.25490511,1.17855599,3,3,0.72701808,0.57142857
d1,50,5,trend_bull+volatility+nr4+mtf_di_bull,219,27,1.25228763,1.37498199,2,2,0.90000000,0.80000000
d1,50,5,trend_bull+rci_bull+volatility+nr4,265,52,1.25180658,1.22388506,3,3,0.76094276,0.66666667
d1,50,5,trend_bull+volatility+nr4+mtf_di_strong_bull,150,16,1.24808835,1.21538586,1,1,1.00000000,1.00000000
d1,50,5,pin_bull+cross_target_relative_up,179,30,1.24772137,1.29641159,4,3,0.75555556,0.55555556
d1,50,5,price200_bull+rci_bull+volatility+nr4,345,70,1.24713633,1.23748379,5,4,0.71773525,0.50000000
d1,50,5,sma_stack_bull+elliott_wave5_bull+mtf_di_strong_bull+cross_group_bull,187,35,1.24703451,0.95968130,4,3,0.54523810,0.20000000
d1,50,5,sma_stack_bull+close_near_high+elliott_wave5_bull+cross_group_bull,141,24,1.24622483,0.95757674,1,1,0.57142857,0.57142857
d1,50,5,sma_stack_bull+adx25+atr_expand+mtf_volatility,145,45,1.24582321,1.45355239,4,4,0.91597222,0.87500000
d1,50,5,price200_bull+volatility+nr4+elliott_pullback_bull,127,31,1.24136429,1.36864566,2,2,0.91666667,0.83333333
d1,50,5,trend_bull+volatility+nr4+close_near_high,122,23,1.23839655,1.22979755,1,1,0.66666667,0.66666667
d1,50,5,price200_bull+rci_bull+volatility+nr7,130,26,1.23798237,1.29187868,1,1,0.75000000,0.75000000
d1,50,5,sma_stack_bull+close_near_high+elliott_impulse_bull+cross_group_bull,162,38,1.23673472,1.11652673,4,4,0.80416667,0.66666667
d1,50,5,sma_stack_bull+rci_bull+elliott_wave5_bull+cross_group_bull,190,36,1.23598777,0.93302349,4,2,0.52222222,0.20000000
d1,50,5,sma_stack_bull+nr4+mtf_volatility,319,66,1.23552715,1.39283889,8,8,0.78456439,0.60000000
d1,50,5,adx25+volatility+nr4+mtf_di_bull,250,37,1.23495057,1.52893750,3,3,0.86666667,0.60000000
d1,50,5,adx_up3+volatility+mtf_volatility,546,120,1.23317000,1.28167964,11,9,0.75811436,0.46153846
d1,50,5,volatility+nr4+mtf_di_strong_bull,309,39,1.23299479,1.40520137,3,3,0.83809524,0.71428571
d1,50,5,rci_bull+volatility+nr4+mtf_di_strong_bull,236,24,1.23166613,1.32587549,1,1,1.00000000,1.00000000
d1,50,5,trend_bull+nr7+mtf_volatility,128,26,1.23166613,1.42786591,1,1,0.75000000,0.75000000
d1,50,5,trend_bull+bb_expand+elliott_impulse_bull+cross_group_bull,191,26,1.22951663,1.08789783,1,0,0.40000000,0.40000000
d1,50,5,price200_bull+volatility+nr4+cross_group_bull,135,31,1.22862498,1.42567257,1,1,0.83333333,0.83333333
d1,50,5,sma_stack_bull+elliott_wave5_bull+cross_group_bull,202,40,1.22760123,0.97230869,5,4,0.54666667,0.20000000
d1,50,5,adx25+volatility+nr4+mtf_di_strong_bull,174,19,1.22694710,1.48870230,1,1,1.00000000,1.00000000
d1,50,5,volatility+nr4+cross_target_relative_up,257,51,1.22687366,1.52519010,4,4,0.89155844,0.80000000
d1,50,5,sma_stack_bull+adx25+bb_expand+mtf_volatility,253,70,1.22679789,1.36375764,7,5,0.76101441,0.20000000
d1,50,5,sma_stack_bull+adx25+nr4+mtf_volatility,154,35,1.22633424,1.51528627,4,4,0.87261905,0.80000000
d1,50,5,sma_stack_bull+bb_expand+close_near_high+mtf_volatility,150,39,1.22619206,1.26921414,4,4,0.81547619,0.71428571
d1,50,5,adx25+bb_expand+nr4+mtf_volatility,146,35,1.22604208,1.51528627,3,3,0.81111111,0.80000000
d1,50,5,price200_bull+adx25+pin_bull,142,30,1.22588366,1.29641159,4,4,0.76190476,0.71428571
d1,50,5,price200_bull+nr4+close_near_high+mtf_volatility,165,26,1.22420149,1.22388506,2,2,0.70000000,0.60000000
d1,50,5,sma_stack_bull+elliott_wave5_bull+mtf_di_bull+cross_group_bull,196,39,1.22328745,0.99723968,5,4,0.56000000,0.20000000
d1,50,5,volatility+nr4+mtf_di_bull,454,70,1.22262306,1.41426719,8,8,0.84404762,0.66666667
d1,50,5,sma_stack_bull+retest_up+elliott_wave5_bull+cross_group_bull,168,35,1.22189100,0.85866222,5,3,0.50000000,0.20000000
d1,50,5,sma_stack_bull+rci_bull+nr4+mtf_volatility,191,33,1.22091861,1.39283889,2,2,0.92857143,0.85714286
d1,50,5,price200_bull+volatility+nr4+cross_target_relative_up,152,30,1.22086204,1.47319498,1,1,0.90909091,0.90909091
d1,50,5,sma_stack_bull+adx25+atr_expand,155,45,1.21842241,1.45355239,4,4,0.91597222,0.87500000
d1,50,5,sma_stack_bull+retest_up+elliott_impulse_bull+cross_group_bull,178,45,1.21782719,0.94284479,5,2,0.52301587,0.16666667
d1,50,5,trend_bull+nr4+mtf_volatility,409,70,1.21660909,1.46477673,8,8,0.81095779,0.60000000
d1,50,5,sma_stack_bull+elliott_impulse_bull+mtf_di_strong_bull+cross_group_bull,208,47,1.21587554,1.09079118,6,4,0.62962963,0.16666667
d1,50,5,adx25+pin_bull,204,36,1.21556592,1.37498199,4,4,0.80069444,0.75000000
d1,50,5,sma_stack_bull+bb_expand+elliott_impulse_bull+cross_group_return_up,123,30,1.21497689,1.06070039,2,1,0.62500000,0.25000000
d1,50,5,sma_stack_bull+rci_bull+elliott_impulse_bull+cross_group_bull,207,49,1.21381590,1.04626909,6,4,0.61836219,0.16666667
d1,50,5,price200_bull+volatility+nr4+close_near_high,161,32,1.21381590,1.21538586,2,2,0.73333333,0.66666667
d1,50,5,sma_stack_bull+bb_expand+retest_up+cross_group_return_up,134,33,1.21328305,0.96427308,1,0,0.22222222,0.22222222
d1,50,5,volatility+nr4+mtf_di_bull+cross_group_return_up,195,36,1.21271742,1.57140798,3,3,0.93333333,0.80000000
d1,50,5,trend_bull+bb_expand+close_near_high+mtf_volatility,179,39,1.21102368,1.35987229,4,4,0.87857143,0.71428571
d1,50,5,sma_stack_bull+elliott_wave5_bull+mtf_di_strong_bull+cross_group_return_up,198,44,1.21093101,1.00445113,5,3,0.59909091,0.20000000
d1,50,5,adx25+volatility+nr4+cross_target_relative_up,137,30,1.21068885,1.70890618,1,1,1.00000000,1.00000000
d1,50,5,sma_stack_bull+close_near_high+elliott_wave5_bull+cross_group_return_up,148,32,1.20947395,1.04965143,2,2,0.62500000,0.62500000
d1,50,5,sma_stack_bull+bb_expand+close_near_high+cross_group_bull,129,33,1.20938793,0.96427308,2,1,0.52380952,0.33333333
d1,50,10,bb_expand+pin_bull,120,20,1.25732397,0.95161117,3,2,0.70476190,0.40000000
d1,50,10,pin_bull+mtf_volatility,161,27,1.22348295,1.30134861,3,3,0.91111111,0.83333333
d1,50,10,adx_up3+volatility+pullback_bull+mtf_volatility,193,33,1.22330311,1.02037561,3,2,0.74444444,0.60000000
d1,50,10,volatility+nr4+mtf_di_bull+cross_group_bull,141,25,1.21868281,1.28833512,1,1,0.80000000,0.80000000
d1,50,10,sma_stack_bull+volatility+nr4+mtf_volatility,155,31,1.21676513,1.36956446,2,2,0.91666667,0.83333333
d1,50,10,volatility+nr4+mtf_di_bull+cross_target_relative_up,162,22,1.21593059,1.26437848,1,1,1.00000000,1.00000000
d1,50,10,price200_bull+pin_bull+cross_target_relative_up,143,28,1.21140771,1.15029922,4,3,0.80416667,0.66666667
d1,50,10,ema200_rising+pin_bull+cross_target_relative_up,143,28,1.21140771,1.15029922,4,3,0.80416667,0.66666667
d1,50,10,sma_stack_bull+adx_up3+volatility+mtf_volatility,200,57,1.20144290,1.25854109,7,5,0.82448980,0.40000000
d1,50,10,sma_stack_bull+volatility+nr4+mtf_di_bull,176,23,1.19858535,1.20940550,1,1,1.00000000,1.00000000
d1,50,10,adx_up3+atr_expand+mtf_volatility,218,59,1.19836688,0.94292632,6,3,0.59854497,0.25000000
d1,50,10,adx_up3+volatility+nr4,209,59,1.19649649,1.26550638,6,6,0.96296296,0.88888889
d1,50,10,price200_bull+rci_bull+pin_bull+cross_group_return_up,123,30,1.19258371,1.02481203,4,2,0.70138889,0.50000000
d1,50,10,ema200_rising+rci_bull+pin_bull+cross_group_return_up,123,30,1.19258371,1.02481203,4,2,0.70138889,0.50000000
d1,50,10,sma_stack_bull+bb_expand+retest_up+cross_group_bull,123,26,1.19258371,0.84462530,1,0,0.33333333,0.33333333
d1,50,10,macd_bull+pin_bull,218,44,1.19195850,1.06473977,4,3,0.74551282,0.61538462
d1,50,10,rci_bull+pin_bull+cross_group_return_up,134,30,1.18851519,1.02481203,4,2,0.70138889,0.50000000
d1,50,10,pin_bull+cross_target_relative_up,179,30,1.18630195,1.17121375,4,3,0.81111111,0.66666667
d1,50,10,price200_bull+macd_bull+pin_bull,171,43,1.18461323,1.05545425,4,3,0.74361888,0.61538462
d1,50,10,ema200_rising+macd_bull+pin_bull,171,43,1.18461323,1.05545425,4,3,0.74361888,0.61538462
d1,50,10,sma_stack_bull+pin_bull,195,63,1.18209946,1.16191840,4,4,0.80727416,0.70588235
d1,50,10,price200_bull+volatility+nr4+mtf_di_bull,298,50,1.18137823,1.17121375,6,6,0.88174603,0.80000000
d1,50,10,ema200_rising+volatility+nr4+mtf_di_bull,298,50,1.18137823,1.17121375,6,6,0.88174603,0.80000000
d1,50,10,rci_bull+pin_bull+mtf_di_bull,136,20,1.18130928,0.95161117,2,1,0.62857143,0.40000000
d1,50,10,adx_up3+volatility+mtf_volatility,546,120,1.17954080,1.18341389,11,10,0.84670128,0.63636364
d1,50,10,sma_stack_bull+macd_bull+volatility+nr4,141,26,1.17905085,1.29509213,2,2,0.90000000,0.80000000
d1,50,10,rci_bull+pin_bull,237,52,1.17892543,1.09801289,4,3,0.75625257,0.61538462
d1,50,10,volatility+pullback_bull+mtf_di_strong_bull+cross_group_return_up,134,21,1.17808962,0.97601146,1,0,0.50000000,0.50000000
d1,50,10,adx_up3+atr_expand,229,60,1.17740673,0.95161117,6,3,0.61044974,0.25000000
d1,50,10,macd_bull+pin_bull+cross_group_return_up,127,27,1.17702244,0.97601146,4,2,0.65625000,0.40000000
d1,50,10,price200_bull+rci_bull+pin_bull,202,52,1.17571548,1.09801289,4,3,0.75625257,0.61538462
d1,50,10,ema200_rising+rci_bull+pin_bull,202,52,1.17571548,1.09801289,4,3,0.75625257,0.61538462
d1,50,10,sma_stack_bull+rci_bull+volatility+nr4,212,42,1.17297519,1.11544167,3,3,0.84186402,0.72727273
d1,50,10,volatility+pin_bull,166,36,1.16979941,1.05734575,4,4,0.74107143,0.71428571
d1,50,10,sma_stack_bull+macd_bull+elliott_wave5_bull+cross_group_bull,184,34,1.16925055,0.99036457,4,3,0.72500000,0.60000000
d1,50,10,pin_bull+mtf_di_bull,189,26,1.16788470,1.01355036,3,2,0.66772487,0.40000000
d1,50,10,rci_bull+volatility+nr4+cross_target_relative_up,158,27,1.16713617,1.24712575,1,1,1.00000000,1.00000000
d1,50,10,price200_bull+volatility+nr4+mtf_di_strong_bull,206,26,1.16644942,1.12616707,1,1,1.00000000,1.00000000
d1,50,10,ema200_rising+volatility+nr4+mtf_di_strong_bull,206,26,1.16644942,1.12616707,1,1,1.00000000,1.00000000
d1,50,10,macd_bull+pin_bull+mtf_di_bull,139,16,1.16586395,0.91501074,1,0,0.40000000,0.40000000
d1,50,10,macd_bull+volatility+pullback_bull+mtf_di_strong_bull,217,29,1.16526185,1.21160043,2,1,0.80000000,0.60000000
d1,50,10,volatility+pullback_bull+mtf_di_bull+cross_group_bull,198,33,1.16418886,0.97601146,1,0,0.40000000,0.40000000
d1,50,10,sma_stack_bull+volatility+pullback_bull+mtf_volatility,337,56,1.16073429,1.20258555,6,5,0.81719577,0.66666667
d1,50,10,volatility+nr4+mtf_di_bull+cross_group_return_up,195,36,1.16060674,1.30134861,3,3,0.93333333,0.80000000
d1,50,10,price200_bull+rci_bull+volatility+nr7,130,26,1.16060674,1.23878377,1,1,0.87500000,0.87500000
d1,50,10,ema200_rising+rci_bull+volatility+nr7,130,26,1.16060674,1.23878377,1,1,0.87500000,0.87500000
d1,50,10,sma_stack_bull+macd_bull+volatility+pullback_bull,248,47,1.16043341,1.12137487,4,3,0.78758117,0.60000000
d1,50,10,price200_bull+adx_up3+volatility+pullback_bull,183,34,1.16037185,1.16260188,3,1,0.60000000,0.20000000
d1,50,10,ema200_rising+adx_up3+volatility+pullback_bull,183,34,1.16037185,1.16260188,3,1,0.60000000,0.20000000
d1,50,10,price200_bull+pin_bull+cross_group_bull,159,35,1.15979570,1.17121375,4,4,0.80136183,0.71428571
d1,50,10,ema200_rising+pin_bull+cross_group_bull,159,35,1.15979570,1.17121375,4,4,0.80136183,0.71428571
d1,50,10,pin_bull+mtf_di_bull+cross_group_return_up,129,17,1.15877403,1.03342390,2,2,0.85714286,0.71428571
d1,50,10,price200_bull+volatility+nr4+mtf_volatility,211,32,1.15867138,1.37251611,2,2,0.91666667,0.83333333
d1,50,10,ema200_rising+volatility+nr4+mtf_volatility,211,32,1.15867138,1.37251611,2,2,0.91666667,0.83333333
d1,50,10,adx_up3+volatility+pullback_bull,304,56,1.15806155,1.15029922,6,4,0.74027778,0.20000000
d1,50,10,pin_bull+cross_group_bull,185,37,1.15537878,1.18704096,4,4,0.81376263,0.72727273
d1,50,10,price200_bull+pin_bull+cross_group_return_up,179,40,1.15508347,1.09801289,4,3,0.76306818,0.62500000
d1,50,10,ema200_rising+pin_bull+cross_group_return_up,179,40,1.15508347,1.09801289,4,3,0.76306818,0.62500000
d1,50,10,sma_stack_bull+rci_bull+elliott_wave5_bull+cross_group_bull,190,36,1.15438516,0.93534431,4,1,0.64166667,0.40000000
d1,50,10,price200_bull+rci_bull+volatility+nr4,345,70,1.15406548,1.10847015,5,4,0.80603934,0.66666667
d1,50,10,ema200_rising+rci_bull+volatility+nr4,345,70,1.15406548,1.10847015,5,4,0.80603934,0.66666667
d1,50,10,price200_bull+pin_bull+mtf_di_bull,155,25,1.15367361,0.99553169,3,2,0.66309524,0.40000000
d1,50,10,ema200_rising+pin_bull+mtf_di_bull,155,25,1.15367361,0.99553169,3,2,0.66309524,0.40000000
d1,50,10,price200_bull+pin_bull,327,81,1.15350823,1.17482861,4,4,0.81088458,0.76470588
d1,50,10,ema200_rising+pin_bull,327,81,1.15350823,1.17482861,4,4,0.81088458,0.76470588
d1,50,10,macd_bull+volatility+elliott_pullback_bull+mtf_di_strong_bull,126,22,1.15310135,1.26437848,1,1,1.00000000,1.00000000
d1,50,10,nr4+elliott_pullback_bull+mtf_volatility,171,24,1.15193424,1.28101504,1,1,1.00000000,1.00000000
d1,50,10,sma_stack_bull+elliott_wave5_bull+mtf_di_strong_bull+cross_group_bull,187,35,1.15049252,0.96206844,4,2,0.67261905,0.40000000
d1,50,10,price200_bull+volatility+nr4+cross_group_bull,135,31,1.14866634,1.22788538,1,1,0.83333333,0.83333333
d1,50,10,ema200_rising+volatility+nr4+cross_group_bull,135,31,1.14866634,1.22788538,1,1,0.83333333,0.83333333
d1,50,10,price200_bull+macd_bull+volatility+elliott_pullback_bull,257,53,1.14697517,1.24303346,5,5,0.89413919,0.83333333
d1,50,10,ema200_rising+macd_bull+volatility+elliott_pullback_bull,257,53,1.14697517,1.24303346,5,5,0.89413919,0.83333333
d1,50,10,sma_stack_bull+macd_bull+elliott_impulse_bull+cross_group_bull,201,47,1.14681291,1.02792696,5,3,0.66492063,0.40000000
d1,50,10,sma_stack_bull+adx_up3+pullback_bull+mtf_volatility,134,34,1.14681291,0.99036457,2,1,0.70000000,0.60000000
d1,50,10,nr4+pullback_bull+mtf_di_bull+cross_target_relative_up,145,34,1.14652531,1.03342390,2,1,0.50000000,0.20000000
d1,50,10,pin_bull+cross_group_return_up,211,42,1.14542942,1.11544167,4,3,0.77575758,0.66666667
d1,50,10,volatility+nr4+mtf_di_strong_bull,309,39,1.14384381,1.23878377,3,3,0.93333333,0.80000000
d1,50,10,sma_stack_bull+bb_expand+pullback_bull+mtf_volatility,160,50,1.14381556,1.17121375,7,5,0.85079365,0.40000000
d1,50,10,adx_up3+volatility+pullback_bull+mtf_di_bull,121,14,1.14302179,0.94115391,1,1,1.00000000,1.00000000
d1,50,10,bb_expand+nr4+mtf_di_bull+cross_group_bull,121,25,1.14302179,0.99553169,1,0,0.60000000,0.60000000
d1,50,10,price200_bull+macd_bull+volatility+nr4,274,55,1.14209477,1.22445074,5,5,0.88666667,0.80000000
d1,50,10,ema200_rising+macd_bull+volatility+nr4,274,55,1.14209477,1.22445074,5,5,0.88666667,0.80000000
d1,50,10,volatility+nr4+mtf_di_bull,454,70,1.14162309,1.23395734,8,8,0.88571429,0.71428571
d1,50,10,sma_stack_bull+elliott_wave5_bull+cross_group_bull,202,40,1.14113562,0.95161117,5,3,0.68000000,0.40000000
d1,50,10,volatility+pullback_bull+mtf_di_bull+cross_group_return_up,262,41,1.14108282,0.99981661,3,0,0.49629630,0.33333333
d1,50,10,sma_stack_bull+rci_bull+elliott_impulse_bull+cross_group_bull,207,49,1.14056764,0.98597076,6,4,0.70593434,0.33333333
d1,50,10,sma_stack_bull+elliott_wave5_bull+mtf_di_bull+cross_group_bull,196,39,1.14042990,0.97601146,5,3,0.69555556,0.40000000
d1,50,10,sma_stack_bull+macd_bull+volatility+elliott_pullback_bull,147,30,1.14042990,1.31761547,2,2,0.87820513,0.83333333
d1,50,10,macd_bull+volatility+nr4+cross_target_relative_up,163,29,1.13990517,1.26208378,1,1,1.00000000,1.00000000
d1,50,10,macd_bull+volatility+nr4+mtf_di_strong_bull,255,30,1.13953545,1.26881489,1,1,1.00000000,1.00000000
d1,50,10,price200_bull+macd_bull+volatility+pullback_bull,463,90,1.13753572,1.12241318,9,7,0.71933221,0.28571429
d1,50,10,ema200_rising+macd_bull+volatility+pullback_bull,463,90,1.13753572,1.12241318,9,7,0.71933221,0.28571429
d1,50,10,volatility+pullback_bull+mtf_di_strong_bull,258,33,1.13711470,1.15346809,3,2,0.83333333,0.50000000
d1,50,10,sma_stack_bull+bb_expand+retest_up+cross_group_return_up,134,33,1.13638734,0.97601146,1,0,0.55555556,0.55555556
d1,50,10,rci_bull+volatility+pullback_bull+mtf_di_strong_bull,209,24,1.13633745,1.09801289,1,1,1.00000000,1.00000000
d1,50,10,volatility+nr4+mtf_volatility,364,53,1.13604364,1.29827939,5,5,0.90000000,0.83333333
d1,100,1,sma_stack_bull+adx_up3+volatility+mtf_volatility,200,57,3.48443602,1.46029195,7,2,0.04444444,0.00000000
d1,100,1,sma_stack_bull+adx25+atr_expand+mtf_adx25,121,38,3.47963652,0.00000000,4,0,0.00000000,0.00000000
d1,100,1,sma_stack_bull+adx_up3+pullback_bull+mtf_volatility,134,34,3.35875363,1.22406825,2,0,0.00000000,0.00000000
d1,100,1,pin_bull+mtf_volatility,161,27,3.33654588,3.85354820,3,2,0.22222222,0.00000000
d1,100,1,adx_up3+volatility+pullback_bull+mtf_volatility,193,33,3.23468801,1.26116123,3,1,0.06666667,0.00000000
d1,100,1,sma_stack_bull+adx25+atr_expand+mtf_volatility,145,45,3.20407910,0.00000000,4,0,0.00000000,0.00000000
d1,100,1,sma_stack_bull+adx25+atr_expand,155,45,3.09103195,0.00000000,4,0,0.00000000,0.00000000
d1,100,1,trend_bull+adx_up3+volatility+mtf_volatility,206,47,3.03055722,1.32824427,6,3,0.06712963,0.00000000
d1,100,1,bb_expand+pin_bull,120,20,3.02468404,3.12137405,3,3,0.18095238,0.14285714
d1,100,1,pin_bull+mtf_macd_bull,207,51,3.01591684,2.85615926,4,4,0.14839744,0.07692308
d1,100,1,pin_bull+mtf_adx25,180,39,2.98435492,2.66784106,4,3,0.12916667,0.00000000
d1,100,1,sma_stack_bull+adx_up3+volatility+mtf_adx25,242,72,2.87969919,1.15606446,7,2,0.04642857,0.00000000
d1,100,1,adx25+atr_expand+pullback_bull+mtf_volatility,127,33,2.85796918,0.00000000,3,0,0.00000000,0.00000000
d1,100,1,adx_up3+atr_expand+mtf_volatility,218,59,2.79713901,1.05809290,6,1,0.01851852,0.00000000
d1,100,1,adx_up3+atr_expand,229,60,2.78957760,1.04045802,6,1,0.01851852,0.00000000
d1,100,1,adx25+pin_bull,204,36,2.77559242,3.46819338,4,3,0.16458333,0.00000000
d1,100,1,sma_stack_bull+atr_expand+pullback_bull,121,38,2.75971172,0.00000000,3,0,0.00000000,0.00000000
d1,100,1,sma_stack_bull+adx_up3+volatility,297,82,2.73749182,1.01508099,7,2,0.04444444,0.00000000
d1,100,1,adx25+atr_expand+pullback_bull,133,34,2.72903824,0.00000000,3,0,0.00000000,0.00000000
d1,100,1,sma_stack_bull+bb_expand+pullback_bull+mtf_volatility,160,50,2.72221564,2.08091603,7,4,0.12063492,0.00000000
d1,100,1,sma_stack_bull+atr_expand+mtf_adx25,188,74,2.70290915,0.28120487,6,1,0.01190476,0.00000000
d1,100,1,trend_bull+adx25+atr_expand+mtf_adx25,140,39,2.69628978,0.00000000,4,0,0.00000000,0.00000000
d1,100,1,sma_stack_bull+atr_expand+mtf_volatility,238,83,2.68408937,0.25071277,6,1,0.01190476,0.00000000
d1,100,1,adx_up3+atr_expand+mtf_adx25,211,60,2.68351115,1.04045802,6,1,0.01851852,0.00000000
d1,100,1,price200_bull+adx_up3+volatility+mtf_volatility,278,60,2.66346278,1.38727735,6,3,0.07566138,0.00000000
d1,100,1,trend_bull+adx25+atr_expand+mtf_volatility,164,46,2.65582014,0.00000000,4,0,0.00000000,0.00000000
d1,100,1,price200_bull+pin_bull+mtf_adx25,126,31,2.65019935,2.01378971,4,2,0.10416667,0.00000000
d1,100,1,sma_stack_bull+adx_up3+bb_expand+mtf_volatility,248,83,2.63440223,1.75498942,7,3,0.06984127,0.00000000
d1,100,1,adx25+atr_expand+mtf_adx25,260,60,2.62449508,0.69363868,7,2,0.04444444,0.00000000
d1,100,1,price200_bull+adx25+atr_expand+mtf_adx25,161,38,2.61513055,0.00000000,3,0,0.00000000,0.00000000
d1,100,1,sma_stack_bull+atr_expand,251,84,2.60291535,0.24772810,6,1,0.01111111,0.00000000
d1,100,1,sma_stack_bull+volatility+hh20+mtf_volatility,146,19,2.58548335,1.09521896,3,1,0.05555556,0.00000000
d1,100,1,adx25+volatility+pullback_bull+mtf_volatility,378,55,2.57338198,2.64843858,6,3,0.15297619,0.00000000
d1,100,1,adx_up3+volatility+pullback_bull+mtf_adx25,240,46,2.54073460,1.35711915,4,1,0.05000000,0.00000000
d1,100,1,volatility+pin_bull,166,36,2.53636156,2.89016115,4,3,0.16517857,0.00000000
d1,100,1,sma_stack_bull+adx25+bb_expand+mtf_volatility,253,70,2.52495364,2.37818975,7,5,0.11289516,0.00000000
d1,100,1,adx_up3+bb_expand+pullback_bull+mtf_macd_bull,150,31,2.51653712,3.35631618,4,2,0.19166667,0.00000000
d1,100,1,adx_up3+volatility+pullback_bull+cross_target_relative_up,127,20,2.51501287,1.04045802,1,0,0.00000000,0.00000000
d1,100,1,trend_bull+adx_up3+volatility+pullback_bull,139,27,2.50678850,0.77070964,1,0,0.00000000,0.00000000
d1,100,1,sma_stack_bull+volatility+pullback_bull+mtf_volatility,337,56,2.49873008,2.60114504,6,3,0.15317460,0.00000000
d1,100,1,adx25+atr_expand+mtf_volatility,303,67,2.49162092,0.62116896,8,2,0.03888889,0.00000000
d1,100,1,sma_stack_bull+adx_up3+volatility+mtf_macd_bull,146,38,2.48604168,1.64282845,5,2,0.08000000,0.00000000
d1,100,1,sma_stack_bull+adx_up3+mtf_volatility,339,98,2.48398831,1.48636859,8,4,0.10422078,0.00000000
d1,100,1,trend_bull+adx25+atr_expand,176,46,2.47474149,0.00000000,4,0,0.00000000,0.00000000
d1,100,1,price200_bull+adx25+atr_expand+mtf_volatility,190,45,2.44521826,0.00000000,3,0,0.00000000,0.00000000
d1,100,1,sma_stack_bull+volatility+pullback_bull+mtf_adx25,333,61,2.44154676,2.04680265,6,3,0.14603175,0.00000000
d1,100,1,adx_up3+volatility+mtf_volatility,546,120,2.41974724,1.73409669,11,6,0.08469308,0.00000000
d1,100,1,price200_bull+pin_bull+mtf_macd_bull,144,47,2.41974724,2.21374046,4,3,0.12500000,0.00000000
d1,100,1,trend_bull+adx_up3+volatility+mtf_adx25,277,58,2.41101169,1.07633588,6,3,0.06944444,0.00000000
d1,100,1,sma_stack_bull+adx25+volatility+mtf_volatility,428,89,2.40844001,2.33810790,7,4,0.10547201,0.00000000
d1,100,1,sma_stack_bull+volatility+elliott_pullback_bull+mtf_volatility,127,20,2.40069411,2.08091603,2,1,0.12500000,0.00000000
d1,100,1,sma_stack_bull+hh20+pullback_bull,158,39,2.38911752,1.60070464,5,3,0.10666667,0.00000000
d1,100,1,adx_up3+volatility+pullback_bull,304,56,2.38790846,1.11477644,6,1,0.03333333,0.00000000
d1,100,1,adx25+atr_expand,323,69,2.38228985,0.60316407,8,2,0.03888889,0.00000000
d1,100,1,price200_bull+adx_up3+volatility+pullback_bull,183,34,2.38007925,0.61203413,3,0,0.00000000,0.00000000
d1,100,1,sma_stack_bull+volatility+hh20+mtf_adx25,171,21,2.37729553,0.99091240,2,1,0.06250000,0.00000000
d1,100,1,adx25+bb_expand+pullback_bull+mtf_macd_bull,135,29,2.36597507,2.87022901,1,1,0.16666667,0.16666667
d1,100,1,pin_bull+cross_target_relative_up,179,30,2.35215653,1.38727735,4,2,0.07777778,0.00000000
d1,100,1,price200_bull+adx25+atr_expand,204,46,2.34857820,0.00000000,3,0,0.00000000,0.00000000
d1,100,1,adx25+bb_expand+pullback_bull+mtf_volatility,213,38,2.31750439,1.64282845,3,1,0.13333333,0.00000000
d1,100,1,adx25+volatility+pullback_bull+mtf_macd_bull,251,52,2.31370254,2.40105696,6,4,0.13511905,0.00000000
d1,100,1,sma_stack_bull+bb_expand+mtf_volatility,477,145,2.31321748,1.86564885,9,5,0.08460190,0.00000000
d1,100,1,price200_bull+atr_expand+pullback_bull+mtf_volatility,145,41,2.30293185,0.00000000,5,0,0.00000000,0.00000000
d1,100,1,trend_bull+adx_up3+volatility,341,70,2.29911468,0.89182116,7,3,0.05753968,0.00000000
d1,100,1,sma_stack_bull+adx25+volatility+hh20,152,34,2.29239212,0.61203413,2,1,0.04545455,0.00000000
d1,100,1,price200_bull+hh20+pullback_bull+mtf_volatility,146,27,2.28715835,0.77070964,1,1,0.20000000,0.20000000
d1,100,1,adx_up3+bb_expand+pullback_bull+mtf_volatility,237,45,2.26659868,0.92485157,5,0,0.00000000,0.00000000
d1,100,1,price200_bull+adx25+pin_bull,142,30,2.24934250,2.77455471,4,2,0.12500000,0.00000000
d1,100,1,sma_stack_bull+bb_expand+breakout20_up+cross_group_bull,123,26,2.24269256,0.00000000,1,0,0.00000000,0.00000000
d1,100,1,sma_stack_bull+bb_expand+retest_up+cross_group_bull,123,26,2.24269256,0.00000000,1,0,0.00000000,0.00000000
d1,100,1,price200_bull+atr_expand+pullback_bull,156,42,2.23361283,0.00000000,5,0,0.00000000,0.00000000
d1,100,1,trend_bull+volatility+hh20+mtf_volatility,176,24,2.22726734,1.73409669,3,1,0.05555556,0.00000000
d1,100,1,adx_up3+pullback_bull+mtf_volatility,366,61,2.22140730,1.02340133,8,2,0.04583333,0.00000000
d1,100,1,price200_bull+adx_up3+pullback_bull+mtf_volatility,236,42,2.21468391,0.99091240,3,1,0.06666667,0.00000000
d1,100,1,trend_bull+atr_expand+pullback_bull+mtf_volatility,138,37,2.20933443,0.00000000,4,0,0.00000000,0.00000000
d1,100,1,sma_stack_bull+adx_up3+volatility+cross_target_relative_up,125,29,2.20680948,0.71755725,3,0,0.00000000,0.00000000
d1,100,1,price200_bull+volatility+pullback_bull+mtf_volatility,450,64,2.19390416,2.27600191,8,3,0.11488095,0.00000000
d1,100,1,adx25+volatility+pullback_bull+mtf_adx25,477,69,2.19146919,2.71423830,8,4,0.16210317,0.00000000
d1,100,1,trend_bull+adx_up3+bb_expand+mtf_volatility,312,77,2.18707923,1.62149301,8,4,0.06949856,0.00000000
d1,100,1,sma_stack_bull+volatility+elliott_pullback_bull+cross_group_return_up,133,39,2.18323059,3.20140928,3,2,0.19393939,0.00000000
d1,100,1,adx_up3+volatility+mtf_macd_bull,419,107,2.18297006,1.94478134,10,6,0.09477124,0.00000000
d1,100,1,trend_bull+adx25+volatility+mtf_volatility,487,89,2.17628191,2.10429711,7,4,0.09390025,0.00000000
d1,100,1,sma_stack_bull+adx25+volatility+mtf_adx25,522,109,2.16942856,1.90909728,9,4,0.08395969,0.00000000
d1,100,1,sma_stack_bull+adx25+volatility+pullback_bull,375,92,2.16809352,1.80949220,7,4,0.11496599,0.00000000
d1,100,1,sma_stack_bull+breakout20_up+mtf_adx25+cross_group_bull,134,27,2.16693782,0.77070964,2,1,0.08333333,0.00000000
d1,100,1,sma_stack_bull+retest_up+mtf_adx25+cross_group_bull,134,27,2.16693782,0.77070964,2,1,0.08333333,0.00000000
d1,100,1,sma_stack_bull+volatility+mtf_volatility,784,148,2.16666143,1.82783165,10,4,0.07104762,0.00000000
d1,100,1,sma_stack_bull+adx25+pullback_bull+mtf_volatility,342,71,2.16503700,2.63778088,7,3,0.11255411,0.00000000
d1,100,1,price200_bull+adx_up3+volatility+mtf_adx25,383,83,2.16071424,1.00285110,8,3,0.04389881,0.00000000
d1,100,1,sma_stack_bull+pin_bull,195,63,2.15915907,1.98182479,4,4,0.09818803,0.05882353
d1,100,1,atr_expand+pullback_bull+mtf_adx25,175,46,2.15703182,0.00000000,4,0,0.00000000,0.00000000
d1,100,1,sma_stack_bull+volatility+pullback_bull+cross_group_bull,223,44,2.14847512,1.89174185,4,2,0.05902778,0.00000000
d1,100,1,atr_expand+pullback_bull+mtf_volatility,245,53,2.13332817,0.00000000,7,0,0.00000000,0.00000000
d1,100,1,price200_bull+pin_bull,327,81,2.13115353,1.79832250,4,3,0.09102050,0.04545455
d1,100,1,trend_bull+adx_up3+pullback_bull+mtf_volatility,184,36,2.13042963,1.15606446,1,0,0.00000000,0.00000000
d1,100,1,sma_stack_bull+bb_expand+elliott_impulse_bull+cross_group_return_up,123,30,2.12465611,0.00000000,2,0,0.00000000,0.00000000
d1,100,1,sma_stack_bull+bb_expand+elliott_impulse_bull+mtf_adx25,178,25,2.12067735,0.00000000,2,0,0.00000000,0.00000000
d1,100,1,sma_stack_bull+breakout20_up+elliott_impulse_bull+cross_group_bull,178,45,2.12067735,0.92485157,5,2,0.05079365,0.00000000
d1,100,1,sma_stack_bull+retest_up+elliott_impulse_bull+cross_group_bull,178,45,2.12067735,0.92485157,5,2,0.05079365,0.00000000
d1,100,3,pin_bull+mtf_volatility,161,27,2.35389639,1.92514124,3,3,0.40000000,0.20000000
d1,100,3,bb_expand+pin_bull,120,20,2.29341433,1.73262712,3,3,0.36190476,0.28571429
d1,100,3,volatility+pin_bull,166,36,2.17428181,2.56685499,4,4,0.47619048,0.33333333
d1,100,3,sma_stack_bull+adx_up3+volatility+mtf_volatility,200,57,2.12046834,1.72249480,7,3,0.24444444,0.00000000
d1,100,3,pin_bull+cross_target_relative_up,179,30,2.11719173,1.92514124,4,4,0.34603175,0.22222222
d1,100,3,price200_bull+pin_bull+cross_target_relative_up,143,28,2.05074307,1.65012107,4,4,0.30138889,0.22222222
d1,100,3,adx25+pin_bull,204,36,2.01254296,2.40642655,4,4,0.42638889,0.37500000
d1,100,3,trend_bull+adx_up3+volatility+mtf_volatility,206,47,1.97110256,1.72033898,6,4,0.28240741,0.00000000
d1,100,3,price200_bull+adx25+pin_bull,142,30,1.96986870,1.92514124,4,2,0.32738095,0.14285714
d1,100,3,sma_stack_bull+pin_bull,195,63,1.96661002,2.01681464,4,4,0.35406162,0.21428571
d1,100,3,price200_bull+pin_bull,327,81,1.87639855,1.63993513,4,4,0.29339349,0.17647059
d1,100,3,adx_up3+atr_expand+mtf_volatility,218,59,1.86260151,1.56621660,6,4,0.23333333,0.00000000
d1,100,3,pin_bull+cross_group_bull,185,37,1.85342833,1.71701787,4,3,0.29387626,0.12500000
d1,100,3,price200_bull+pin_bull+cross_group_return_up,179,40,1.83994043,1.44385593,4,3,0.24318182,0.00000000
d1,100,3,pin_bull+cross_group_return_up,211,42,1.83886535,1.65012107,4,3,0.28686869,0.11111111
d1,100,3,sma_stack_bull+adx25+atr_expand+mtf_volatility,145,45,1.83576863,1.54011299,4,4,0.34305556,0.22222222
d1,100,3,trend_bull+pin_bull+cross_group_bull,128,27,1.83285162,1.06952291,4,2,0.17559524,0.00000000
d1,100,3,adx_up3+atr_expand,229,60,1.83223595,1.54011299,6,4,0.22539683,0.00000000
d1,100,3,trend_bull+pin_bull+cross_group_return_up,144,31,1.81718622,1.11782395,4,3,0.19642857,0.00000000
d1,100,3,price200_bull+pin_bull+cross_group_bull,159,35,1.81600393,1.48510896,4,3,0.24179293,0.00000000
d1,100,3,trend_bull+pin_bull,246,64,1.81565789,1.53409693,4,2,0.27016211,0.15384615
d1,100,3,pin_bull+mtf_trend_bull+cross_group_return_up,127,26,1.81175884,1.11065841,4,3,0.18392857,0.00000000
d1,100,3,rci_bull+pin_bull,237,52,1.80846119,1.33279009,4,2,0.22790004,0.10000000
d1,100,3,sma_stack_bull+adx_up3+volatility,297,82,1.80769204,1.54950393,7,4,0.23512995,0.00000000
d1,100,3,price200_bull+adx_up3+volatility+mtf_volatility,278,60,1.80140812,1.73262712,6,5,0.34669312,0.00000000
d1,100,3,sma_stack_bull+horizontal_break_up+elliott_impulse_bull+cross_group_bull,153,39,1.79875634,1.03661452,4,1,0.19196429,0.12500000
d1,100,3,sma_stack_bull+adx25+atr_expand,155,45,1.77554658,1.54011299,4,4,0.34305556,0.22222222
d1,100,3,pin_bull+mtf_trend_bull,194,40,1.76744454,1.44385593,4,2,0.23773449,0.11111111
d1,100,3,price200_bull+pin_bull+mtf_trend_bull+cross_group_return_up,120,26,1.76705695,1.11065841,4,3,0.18392857,0.00000000
d1,100,3,sma_stack_bull+adx_up3+bb_expand+mtf_volatility,248,83,1.76463134,1.94833572,7,5,0.31345718,0.00000000
d1,100,3,sma_stack_bull+atr_expand+mtf_volatility,238,83,1.76294972,1.18291811,6,4,0.21834416,0.00000000
d1,100,3,sma_stack_bull+horizontal_break_up+elliott_impulse_bull+cross_group_return_up,164,49,1.76063795,0.94292632,6,3,0.21282051,0.07692308
d1,100,3,sma_stack_bull+horizontal_break_up+elliott_wave5_bull+cross_group_bull,144,30,1.75452463,1.15508475,3,2,0.24761905,0.14285714
d1,100,3,sma_stack_bull+adx_up3+volatility+mtf_rsi60,139,26,1.75272142,1.11065841,2,1,0.32142857,0.14285714
d1,100,3,adx_up3+volatility+mtf_volatility,546,120,1.75177027,1.68449859,11,8,0.31733418,0.08333333
d1,100,3,sma_stack_bull+breakout20_up+elliott_impulse_bull+cross_group_bull,178,45,1.74889212,1.15508475,5,2,0.18650794,0.00000000
d1,100,3,sma_stack_bull+retest_up+elliott_impulse_bull+cross_group_bull,178,45,1.74889212,1.15508475,5,2,0.18650794,0.00000000
d1,100,3,sma_stack_bull+adx_up3+mtf_volatility,339,98,1.74343408,1.70905396,8,7,0.35430195,0.00000000
d1,100,3,sma_stack_bull+horizontal_break_up+mtf_rsi60+cross_group_bull,161,44,1.73739972,0.91881741,5,1,0.14444444,0.00000000
d1,100,3,trend_bull+pin_bull+mtf_trend_bull,159,39,1.73087874,1.48087788,4,2,0.24120671,0.12500000
d1,100,3,sma_stack_bull+horizontal_break_up+elliott_wave5_bull+cross_group_return_up,154,37,1.72848345,0.93655520,3,1,0.20530303,0.09090909
d1,100,3,rci_bull+pin_bull+mtf_trend_bull,175,36,1.72731159,1.44385593,4,3,0.23958333,0.12500000
d1,100,3,sma_stack_bull+horizontal_break_up+mtf_rsi60+cross_group_return_up,175,58,1.72731159,0.89618644,7,3,0.17693259,0.00000000
d1,100,3,sma_stack_bull+close_near_high+elliott_impulse_bull+cross_group_bull,162,38,1.72667503,1.21587868,4,3,0.27361111,0.11111111
d1,100,3,sma_stack_bull+bb_expand+breakout20_up+cross_group_bull,123,26,1.72395800,0.88852673,1,0,0.00000000,0.00000000
d1,100,3,sma_stack_bull+bb_expand+retest_up+cross_group_bull,123,26,1.72395800,0.88852673,1,0,0.00000000,0.00000000
d1,100,3,price200_bull+rci_bull+pin_bull,202,52,1.71978157,1.33279009,4,2,0.22790004,0.10000000
d1,100,3,sma_stack_bull+breakout20_up+elliott_wave5_bull+cross_group_bull,168,35,1.71871800,1.15508475,5,3,0.18500000,0.00000000
d1,100,3,sma_stack_bull+retest_up+elliott_wave5_bull+cross_group_bull,168,35,1.71871800,1.15508475,5,3,0.18500000,0.00000000
d1,100,3,rci_bull+pin_bull+cross_group_return_up,134,30,1.71711472,0.96257062,4,2,0.15972222,0.00000000
d1,100,3,sma_stack_bull+horizontal_break_up+cross_group_bull,163,44,1.71608193,0.91881741,5,1,0.14444444,0.00000000
d1,100,3,sma_stack_bull+horizontal_break_up+retest_up+cross_group_bull,163,44,1.71608193,0.91881741,5,1,0.14444444,0.00000000
d1,100,3,sma_stack_bull+horizontal_break_up+mtf_trend_bull+cross_group_bull,163,44,1.71608193,0.91881741,5,1,0.14444444,0.00000000
d1,100,3,sma_stack_bull+horizontal_break_up+cross_group_return_up,177,59,1.70779395,0.88099684,7,3,0.17633735,0.00000000
d1,100,3,sma_stack_bull+horizontal_break_up+retest_up+cross_group_return_up,177,58,1.70779395,0.79661017,7,3,0.16273191,0.00000000
d1,100,3,sma_stack_bull+horizontal_break_up+mtf_trend_bull+cross_group_return_up,177,59,1.70779395,0.88099684,7,3,0.17633735,0.00000000
d1,100,3,sma_stack_bull+atr_expand,251,84,1.70759084,1.16883575,6,4,0.21437590,0.00000000
d1,100,3,price200_bull+pin_bull+mtf_trend_bull,180,40,1.70439535,1.44385593,4,2,0.23773449,0.11111111
d1,100,3,sma_stack_bull+breakout20_up+elliott_impulse_bull+cross_group_return_up,188,55,1.70386206,1.05007704,7,4,0.20662909,0.00000000
d1,100,3,sma_stack_bull+retest_up+elliott_impulse_bull+cross_group_return_up,188,55,1.70386206,1.05007704,7,4,0.20662909,0.00000000
d1,100,3,sma_stack_bull+rci_bull+atr_expand+mtf_volatility,143,44,1.70369424,0.78755778,4,2,0.16517857,0.00000000
d1,100,3,sma_stack_bull+adx_up3+volatility+cross_target_relative_up,125,29,1.69637467,1.79237288,3,2,0.31904762,0.10000000
d1,100,3,sma_stack_bull+horizontal_break_up+close_near_high+cross_group_return_up,128,39,1.69186303,0.88852673,5,2,0.16500000,0.00000000
d1,100,3,price200_bull+rci_bull+pin_bull+cross_group_return_up,123,30,1.68727804,0.96257062,4,2,0.15972222,0.00000000
d1,100,3,sma_stack_bull+bb_expand+elliott_impulse_bull+cross_group_return_up,123,30,1.68727804,1.15508475,2,1,0.30000000,0.00000000
d1,100,3,sma_stack_bull+adx25+volatility+mtf_volatility,428,89,1.68659243,1.94677204,7,5,0.30648737,0.00000000
d1,100,3,trend_bull+volatility+close_near_high+elliott_impulse_bull,150,23,1.68434364,1.00442152,3,0,0.15277778,0.12500000
d1,100,3,sma_stack_bull+breakout20_up+elliott_wave5_bull+cross_group_return_up,177,42,1.68230449,0.96257062,5,2,0.16040404,0.00000000
d1,100,3,sma_stack_bull+retest_up+elliott_wave5_bull+cross_group_return_up,177,42,1.68230449,0.96257062,5,2,0.16040404,0.00000000
d1,100,3,sma_stack_bull+rci_bull+horizontal_break_up+cross_group_bull,161,44,1.68135457,0.91881741,5,1,0.14444444,0.00000000
d1,100,3,sma_stack_bull+rci_bull+horizontal_break_up+cross_group_return_up,175,59,1.67575005,0.88099684,7,3,0.17633735,0.00000000
d1,100,3,trend_bull+adx_up3+volatility+mtf_rsi60,178,30,1.67285334,1.34759887,3,2,0.34761905,0.14285714
d1,100,3,trend_bull+rci_bull+pin_bull+mtf_trend_bull,143,35,1.67214435,1.48510896,4,3,0.24404762,0.14285714
d1,100,3,trend_bull+rci_bull+pin_bull,162,42,1.67097584,1.37510089,4,2,0.22500000,0.10000000
d1,100,3,sma_stack_bull+breakout20_up+close_near_high+cross_group_return_up,146,46,1.66868683,1.12997421,6,4,0.22500000,0.00000000
d1,100,3,sma_stack_bull+breakout20_up+close_near_high+cross_group_bull,138,37,1.66734328,1.40483280,4,2,0.17559524,0.00000000
d1,100,3,price200_bull+rci_bull+pin_bull+mtf_trend_bull,163,36,1.66072445,1.44385593,4,3,0.23958333,0.12500000
d1,100,3,sma_stack_bull+adx25+bb_expand+mtf_volatility,253,70,1.65842701,2.06265133,7,6,0.35929372,0.00000000
d1,100,3,sma_stack_bull+rci_bull+atr_expand,147,45,1.65733522,0.77005650,4,2,0.15823413,0.00000000
d1,100,3,trend_bull+bb_expand+horizontal_break_up+cross_group_bull,150,28,1.65426608,0.82506053,1,0,0.00000000,0.00000000
d1,100,3,sma_stack_bull+breakout20_up+mtf_rsi60+cross_group_bull,191,51,1.65347871,1.13243603,5,3,0.19430014,0.00000000
d1,100,3,sma_stack_bull+retest_up+mtf_rsi60+cross_group_bull,191,51,1.65347871,1.13243603,5,3,0.19430014,0.00000000
d1,100,3,trend_bull+adx25+atr_expand+mtf_volatility,164,46,1.65059808,1.50663228,4,3,0.33541667,0.12500000
d1,100,3,sma_stack_bull+bb_expand+breakout20_up+cross_group_return_up,134,34,1.64977689,1.01919242,2,1,0.30000000,0.00000000
d1,100,3,sma_stack_bull+bb_expand+retest_up+cross_group_return_up,134,33,1.64977689,0.87506420,1,0,0.00000000,0.00000000
d1,100,3,sma_stack_bull+volatility+elliott_wave5_bull+mtf_rsi60,134,22,1.64977689,1.05007704,2,1,0.20512821,0.07692308
d1,100,3,sma_stack_bull+adx_up3+bb_expand+close_near_high,170,39,1.64541973,1.48087788,3,2,0.30370370,0.11111111
d1,100,3,sma_stack_bull+adx_up3+volatility+mtf_trend_bull,217,39,1.64248454,1.03661452,3,1,0.18518519,0.00000000
d1,100,3,sma_stack_bull+elliott_impulse_bull+cross_group_bull,228,54,1.64239335,1.06952291,6,3,0.21064815,0.00000000
d1,100,3,trend_bull+adx_up3+volatility,341,70,1.64059446,1.48510896,7,5,0.25141723,0.00000000
d1,100,3,trend_bull+rci_bull+volatility+elliott_wave5_bull,176,27,1.64059446,1.06952291,2,1,0.20833333,0.08333333
d1,100,3,sma_stack_bull+elliott_impulse_bull+mtf_rsi60+cross_group_bull,223,54,1.63875523,1.06952291,6,3,0.21064815,0.00000000
d1,100,3,sma_stack_bull+volatility+elliott_wave5_bull,135,22,1.63755632,1.05007704,2,1,0.20512821,0.07692308
d1,100,3,sma_stack_bull+breakout20_up+mtf_rsi60+cross_group_return_up,204,66,1.63657339,1.05007704,7,4,0.20661521,0.00000000
d1,100,3,sma_stack_bull+retest_up+mtf_rsi60+cross_group_return_up,204,65,1.63657339,0.97737940,7,4,0.19300977,0.00000000
d1,100,3,trend_bull+volatility+elliott_wave5_bull+mtf_rsi60,185,28,1.63394340,1.03132567,2,1,0.20512821,0.07692308
d1,100,3,sma_stack_bull+close_near_high+elliott_wave5_bull+cross_group_bull,141,24,1.63186789,1.44385593,1,0,0.14285714,0.14285714
d1,100,3,sma_stack_bull+breakout20_up+cross_group_bull,194,51,1.62790945,1.13243603,5,3,0.19430014,0.00000000
d1,100,3,sma_stack_bull+retest_up+cross_group_bull,194,51,1.62790945,1.13243603,5,3,0.19430014,0.00000000
d1,100,3,sma_stack_bull+breakout20_up+retest_up+cross_group_bull,194,51,1.62790945,1.13243603,5,3,0.19430014,0.00000000
d1,100,5,bb_expand+pin_bull,120,20,2.16083284,1.63778371,3,3,0.50476190,0.40000000
d1,100,5,pin_bull+mtf_volatility,161,27,1.98951361,1.88715819,3,3,0.48888889,0.30000000
d1,100,5,volatility+pin_bull,166,36,1.98471960,2.22415072,4,4,0.64285714,0.50000000
d1,100,5,price200_bull+pin_bull+cross_target_relative_up,143,28,1.85595186,1.55979401,4,3,0.43472222,0.25000000
d1,100,5,pin_bull+cross_target_relative_up,179,30,1.84057795,1.69844237,4,4,0.47936508,0.33333333
d1,100,5,pin_bull+mtf_trend_bull+cross_group_return_up,127,26,1.80152807,1.11985211,4,3,0.29642857,0.00000000
d1,100,5,sma_stack_bull+adx_up3+volatility+mtf_volatility,200,57,1.79984664,1.91553650,7,5,0.45793651,0.00000000
d1,100,5,sma_stack_bull+pin_bull,195,63,1.79906444,1.67533431,4,3,0.47668067,0.23529412
d1,100,5,price200_bull+pin_bull+mtf_trend_bull+cross_group_return_up,120,26,1.77950939,1.11985211,4,3,0.29642857,0.00000000
d1,100,5,rci_bull+pin_bull+cross_group_return_up,134,30,1.77571513,1.09185581,4,2,0.30555556,0.16666667
d1,100,5,price200_bull+rci_bull+pin_bull+cross_group_return_up,123,30,1.76090825,1.09185581,4,2,0.30555556,0.16666667
d1,100,5,trend_bull+pin_bull+cross_group_bull,128,27,1.73978820,1.07837611,4,2,0.27827381,0.00000000
d1,100,5,trend_bull+pin_bull+cross_group_return_up,144,31,1.73714012,1.05663465,4,3,0.29017857,0.00000000
d1,100,5,price200_bull+pin_bull,327,81,1.72586756,1.70742884,4,4,0.49014037,0.37500000
d1,100,5,rci_bull+pin_bull+mtf_trend_bull,175,36,1.72576095,1.31427088,4,3,0.38958333,0.12500000
d1,100,5,pin_bull+mtf_trend_bull,194,40,1.71398990,1.36481976,4,3,0.39033189,0.11111111
d1,100,5,rci_bull+pin_bull,237,52,1.71193309,1.53979665,4,4,0.45152201,0.30769231
d1,100,5,trend_bull+pin_bull+mtf_trend_bull,159,39,1.70756157,1.39981514,4,3,0.39380411,0.12500000
d1,100,5,adx_up3+atr_expand+mtf_volatility,218,59,1.70720954,1.48048245,6,4,0.33518519,0.00000000
d1,100,5,trend_bull+rci_bull+pin_bull+mtf_trend_bull,143,35,1.70662240,1.35182148,4,3,0.39404762,0.14285714
d1,100,5,price200_bull+pin_bull+cross_group_return_up,179,40,1.70423884,1.36481976,4,3,0.36988636,0.12500000
d1,100,5,price200_bull+rci_bull+pin_bull,202,52,1.69141487,1.53979665,4,4,0.45152201,0.30769231
d1,100,5,trend_bull+pin_bull,246,64,1.68650368,1.47855474,4,3,0.42697241,0.26315789
d1,100,5,sma_stack_bull+bb_expand+breakout20_up+cross_group_bull,123,26,1.68650368,0.69990757,1,0,0.00000000,0.00000000
d1,100,5,sma_stack_bull+bb_expand+breakout_up20+cross_group_bull,123,26,1.68650368,0.69990757,1,0,0.00000000,0.00000000
d1,100,5,sma_stack_bull+bb_expand+retest_up+cross_group_bull,123,26,1.68650368,0.69990757,1,0,0.00000000,0.00000000
d1,100,5,price200_bull+rci_bull+pin_bull+mtf_trend_bull,163,36,1.68437348,1.31427088,4,3,0.38958333,0.12500000
d1,100,5,adx_up3+atr_expand,229,60,1.67848921,1.45580774,6,4,0.32328042,0.00000000
d1,100,5,price200_bull+pin_bull+mtf_trend_bull,180,40,1.67782314,1.36481976,4,3,0.39033189,0.11111111
d1,100,5,pin_bull+cross_group_return_up,211,42,1.67710025,1.47313879,4,3,0.41010101,0.22222222
d1,100,5,price200_bull+pin_bull+cross_group_bull,159,35,1.66918940,1.45580774,4,2,0.37851732,0.14285714
d1,100,5,pin_bull+cross_group_bull,185,37,1.66545590,1.57384621,4,3,0.42613636,0.25000000
d1,100,5,trend_bull+adx_up3+volatility+mtf_volatility,206,47,1.65857186,1.62616822,6,3,0.39814815,0.00000000
d1,100,5,trend_bull+rci_bull+pin_bull,162,42,1.65710928,1.38648357,4,3,0.40714286,0.20000000
d1,100,5,price200_bull+volatility+elliott_wave5_bull+cross_group_bull,131,24,1.63008494,1.66811304,1,1,0.40000000,0.40000000
d1,100,5,sma_stack_bull+adx_up3+volatility+mtf_rsi60,139,26,1.62405379,0.97987060,2,2,0.39285714,0.28571429
d1,100,5,sma_stack_bull+close_near_high+elliott_impulse_bull+cross_group_bull,162,38,1.61944770,1.14932190,4,3,0.37083333,0.25000000
d1,100,5,sma_stack_bull+close_near_high+elliott_wave5_bull+cross_group_bull,141,24,1.60101757,1.36481976,1,1,0.28571429,0.28571429
d1,100,5,sma_stack_bull+breakout20_up+elliott_wave5_bull+cross_group_bull,168,35,1.59792680,1.03986267,5,2,0.25000000,0.00000000
d1,100,5,sma_stack_bull+breakout_up20+elliott_wave5_bull+cross_group_bull,168,35,1.59792680,1.03986267,5,2,0.25000000,0.00000000
d1,100,5,sma_stack_bull+retest_up+elliott_wave5_bull+cross_group_bull,168,35,1.59792680,1.03986267,5,2,0.25000000,0.00000000
d1,100,5,price200_bull+volatility+close_near_high+elliott_wave5_bull,172,27,1.59623766,1.21317312,1,1,0.33333333,0.33333333
d1,100,5,sma_stack_bull+breakout20_up+elliott_impulse_bull+cross_group_bull,178,45,1.59384629,0.97053850,5,2,0.23373016,0.00000000
d1,100,5,sma_stack_bull+breakout_up20+elliott_impulse_bull+cross_group_bull,178,45,1.59384629,0.97053850,5,2,0.23373016,0.00000000
d1,100,5,sma_stack_bull+retest_up+elliott_impulse_bull+cross_group_bull,178,45,1.59384629,0.97053850,5,2,0.23373016,0.00000000
d1,100,5,sma_stack_bull+breakout20_up+close_near_high+cross_group_bull,138,37,1.59161089,1.08201927,4,2,0.20684524,0.00000000
d1,100,5,sma_stack_bull+breakout_up20+close_near_high+cross_group_bull,138,37,1.59161089,1.08201927,4,2,0.20684524,0.00000000
d1,100,5,sma_stack_bull+bb_expand+elliott_impulse_bull+cross_group_return_up,123,30,1.58729758,0.84922118,2,1,0.30000000,0.00000000
d1,100,5,trend_bull+volatility+close_near_high+elliott_impulse_bull,150,23,1.58630552,0.94943983,3,1,0.25000000,0.16666667
d1,100,5,volatility+breakout20_up+mtf_trend_bull+cross_group_bull,129,21,1.58441368,1.38648357,1,0,0.20000000,0.20000000
d1,100,5,volatility+breakout_up20+mtf_trend_bull+cross_group_bull,129,21,1.58441368,1.38648357,1,0,0.20000000,0.20000000
d1,100,5,volatility+retest_up+mtf_trend_bull+cross_group_bull,129,21,1.58441368,1.38648357,1,0,0.20000000,0.20000000
d1,100,5,adx_up3+volatility+mtf_volatility,546,120,1.58116533,1.69844237,11,9,0.49372219,0.16666667
d1,100,5,sma_stack_bull+bb_expand+breakout20_up+cross_group_return_up,134,34,1.57082492,0.74931281,2,1,0.30000000,0.00000000
d1,100,5,sma_stack_bull+bb_expand+breakout_up20+cross_group_return_up,134,34,1.57082492,0.74931281,2,1,0.30000000,0.00000000
d1,100,5,sma_stack_bull+bb_expand+retest_up+cross_group_return_up,134,33,1.57082492,0.66173079,1,0,0.00000000,0.00000000
d1,100,5,price200_bull+volatility+elliott_impulse_bull+cross_group_bull,169,32,1.57042080,1.36481976,3,2,0.33333333,0.20000000
d1,100,5,sma_stack_bull+breakout20_up+close_near_high+cross_group_return_up,146,46,1.56708264,0.87031985,6,3,0.24166667,0.00000000
d1,100,5,sma_stack_bull+breakout_up20+close_near_high+cross_group_return_up,146,46,1.56708264,0.87031985,6,3,0.24166667,0.00000000
d1,100,5,sma_stack_bull+bb_expand+mtf_rsi60+cross_group_bull,201,52,1.56323640,0.76989833,6,3,0.27559524,0.00000000
d1,100,5,price200_bull+volatility+breakout20_up+cross_group_bull,127,23,1.56132433,1.26591978,2,1,0.30000000,0.20000000
d1,100,5,price200_bull+volatility+breakout_up20+cross_group_bull,127,23,1.56132433,1.26591978,2,1,0.30000000,0.20000000
d1,100,5,price200_bull+volatility+retest_up+cross_group_bull,127,23,1.56132433,1.26591978,2,1,0.30000000,0.20000000
d1,100,5,sma_stack_bull+bb_expand+close_near_high+cross_group_bull,129,33,1.56076571,0.77201926,2,1,0.14285714,0.00000000
d1,100,5,price200_bull+adx_up3+volatility+mtf_volatility,278,60,1.55821378,1.63778371,6,5,0.48743386,0.00000000
d1,100,5,sma_stack_bull+bb_expand+close_near_high+elliott_impulse_bull,159,27,1.55407289,0.80878208,3,1,0.13333333,0.00000000
d1,100,5,sma_stack_bull+breakout20_up+elliott_wave5_bull+cross_group_return_up,177,42,1.55114620,0.86655223,5,2,0.22262626,0.00000000
d1,100,5,sma_stack_bull+breakout_up20+elliott_wave5_bull+cross_group_return_up,177,42,1.55114620,0.86655223,5,2,0.22262626,0.00000000
d1,100,5,sma_stack_bull+retest_up+elliott_wave5_bull+cross_group_return_up,177,42,1.55114620,0.86655223,5,2,0.22262626,0.00000000
d1,100,5,sma_stack_bull+adx_up3+volatility,297,82,1.55097211,1.64222215,7,5,0.39972091,0.00000000
d1,100,5,sma_stack_bull+breakout20_up+mtf_rsi60+cross_group_bull,191,51,1.54925126,0.92772062,5,2,0.23748196,0.00000000
d1,100,5,sma_stack_bull+breakout_up20+mtf_rsi60+cross_group_bull,191,51,1.54925126,0.92772062,5,2,0.23748196,0.00000000
d1,100,5,sma_stack_bull+retest_up+mtf_rsi60+cross_group_bull,191,51,1.54925126,0.92772062,5,2,0.23748196,0.00000000
d1,100,5,sma_stack_bull+volatility+elliott_wave5_bull+mtf_rsi60,134,22,1.54805934,1.32346159,2,2,0.40384615,0.30769231
d1,100,5,sma_stack_bull+close_near_high+elliott_wave5_bull+cross_group_return_up,148,32,1.54590584,1.13734980,2,0,0.25000000,0.25000000
d1,100,5,sma_stack_bull+bb_expand+breakout20_up+close_near_high,170,31,1.54323840,0.70442310,3,1,0.13333333,0.00000000
d1,100,5,sma_stack_bull+bb_expand+breakout_up20+close_near_high,170,31,1.54323840,0.70442310,3,1,0.13333333,0.00000000
d1,100,5,sma_stack_bull+breakout20_up+elliott_impulse_bull+cross_group_return_up,188,55,1.54152030,0.86025003,7,4,0.26604467,0.00000000
d1,100,5,sma_stack_bull+breakout_up20+elliott_impulse_bull+cross_group_return_up,188,55,1.54152030,0.86025003,7,4,0.26604467,0.00000000
d1,100,5,sma_stack_bull+retest_up+elliott_impulse_bull+cross_group_return_up,188,55,1.54152030,0.86025003,7,4,0.26604467,0.00000000
d1,100,5,sma_stack_bull+rci_bull+elliott_wave5_bull+cross_group_bull,190,36,1.54134949,1.11207536,4,2,0.26388889,0.00000000
d1,100,5,price200_bull+volatility+close_near_high+elliott_impulse_bull,224,42,1.53891246,0.95320745,3,1,0.24206349,0.14285714
d1,100,5,sma_stack_bull+volatility+elliott_wave5_bull,135,22,1.53659224,1.32346159,2,2,0.40384615,0.30769231
d1,100,5,volatility+elliott_impulse_bull+mtf_trend_bull+cross_group_bull,155,23,1.53513437,1.42415975,1,1,0.40000000,0.40000000
d1,100,5,sma_stack_bull+elliott_wave5_bull+mtf_trend_bull+cross_group_bull,199,39,1.53295856,1.21317312,5,3,0.29111111,0.00000000
d1,100,5,sma_stack_bull+adx_up3+bb_expand+mtf_volatility,248,83,1.52529377,1.84168449,7,6,0.48101343,0.00000000
d1,100,5,sma_stack_bull+elliott_impulse_bull+cross_group_bull,228,54,1.52529377,1.07837611,6,3,0.29629630,0.00000000
d1,100,5,sma_stack_bull+elliott_wave5_bull+cross_group_bull,202,40,1.52529377,1.18284379,5,3,0.28666667,0.00000000
d1,100,5,sma_stack_bull+breakout20_up+cross_group_bull,194,51,1.52529377,0.92772062,5,2,0.23748196,0.00000000
d1,100,5,sma_stack_bull+breakout_up20+cross_group_bull,194,51,1.52529377,0.92772062,5,2,0.23748196,0.00000000
d1,100,5,sma_stack_bull+retest_up+cross_group_bull,194,51,1.52529377,0.92772062,5,2,0.23748196,0.00000000
d1,100,5,sma_stack_bull+breakout20_up+retest_up+cross_group_bull,194,51,1.52529377,0.92772062,5,2,0.23748196,0.00000000
d1,100,5,sma_stack_bull+breakout_up20+retest_up+cross_group_bull,194,51,1.52529377,0.92772062,5,2,0.23748196,0.00000000
d1,100,5,sma_stack_bull+breakout20_up+mtf_trend_bull+cross_group_bull,194,51,1.52529377,0.92772062,5,2,0.23748196,0.00000000
d1,100,5,sma_stack_bull+breakout_up20+mtf_trend_bull+cross_group_bull,194,51,1.52529377,0.92772062,5,2,0.23748196,0.00000000
d1,100,5,sma_stack_bull+retest_up+mtf_trend_bull+cross_group_bull,194,51,1.52529377,0.92772062,5,2,0.23748196,0.00000000
d1,100,5,sma_stack_bull+volatility+mtf_rsi60+cross_group_bull,164,32,1.52529377,1.13734980,3,2,0.33597884,0.22222222
d1,100,5,price200_bull+volatility+elliott_wave5_bull+cross_group_return_up,156,35,1.52529377,1.45580774,2,1,0.35064935,0.27272727
d1,100,10,volatility+pin_bull,166,36,1.51907396,1.59080299,4,4,0.70535714,0.57142857
d1,100,10,rci_bull+pin_bull+mtf_di_bull,136,20,1.51423378,1.25991597,2,1,0.48571429,0.40000000
d1,100,10,trend_bull+pin_bull+cross_group_bull,128,27,1.46111971,1.01811391,4,3,0.43452381,0.00000000
d1,100,10,rci_bull+pin_bull+cross_group_return_up,134,30,1.45842437,1.14537815,4,3,0.50000000,0.16666667
d1,100,10,trend_bull+pin_bull+mtf_di_bull,124,22,1.45741263,1.24950344,3,2,0.52380952,0.40000000
d1,100,10,pin_bull+mtf_di_bull,189,26,1.45651598,1.40969619,3,2,0.59365079,0.40000000
d1,100,10,price200_bull+rci_bull+pin_bull+cross_group_return_up,123,30,1.45217707,1.14537815,4,3,0.50000000,0.16666667
d1,100,10,trend_bull+pin_bull+cross_group_return_up,144,31,1.43010968,0.96063974,4,3,0.42857143,0.00000000
d1,100,10,price200_bull+pin_bull+cross_target_relative_up,143,28,1.42541544,1.39081633,4,4,0.61180556,0.55555556
d1,100,10,price200_bull+pin_bull+mtf_di_bull,155,25,1.42351931,1.37445378,3,2,0.57976190,0.40000000
d1,100,10,pin_bull+cross_target_relative_up,179,30,1.42048974,1.45081232,4,4,0.63412698,0.55555556
d1,100,10,pin_bull+mtf_di_bull+cross_group_return_up,129,17,1.41721358,1.48225408,2,2,0.75714286,0.71428571
d1,100,10,sma_stack_bull+pin_bull,195,63,1.41170010,1.41808723,4,4,0.63384104,0.52941176
d1,100,10,price200_bull+volatility+elliott_wave5_bull+cross_group_bull,131,24,1.41161784,1.52717087,1,0,0.40000000,0.40000000
d1,100,10,rci_bull+pin_bull,237,52,1.40979037,1.27753717,4,3,0.57957631,0.38461538
d1,100,10,price200_bull+rci_bull+pin_bull,202,52,1.39398850,1.27753717,4,3,0.57957631,0.38461538
d1,100,10,price200_bull+pin_bull,327,81,1.38807125,1.47060898,4,4,0.65786542,0.58333333
d1,100,10,trend_bull+rci_bull+pin_bull,162,42,1.38795225,1.14537815,4,3,0.52142857,0.30000000
d1,100,10,trend_bull+pin_bull,246,64,1.38383933,1.36013655,4,4,0.60790409,0.52631579
d1,100,10,adx_up3+atr_expand,229,60,1.37645348,1.22173669,6,4,0.45912698,0.00000000
d1,100,10,sma_stack_bull+close_near_high+elliott_impulse_bull+cross_group_bull,162,38,1.37498073,1.02481203,4,3,0.53055556,0.40000000
d1,100,10,price200_bull+pin_bull+cross_group_bull,159,35,1.37449124,1.24355342,4,3,0.51772186,0.14285714
d1,100,10,pin_bull+cross_group_bull,185,37,1.37441980,1.30015898,4,3,0.55492424,0.25000000
d1,100,10,price200_bull+pin_bull+cross_group_return_up,179,40,1.37353140,1.20264706,4,3,0.51534091,0.12500000
d1,100,10,sma_stack_bull+close_near_high+elliott_wave5_bull+cross_group_bull,141,24,1.37111688,1.33627451,1,1,0.57142857,0.57142857
d1,100,10,rci_bull+volatility+elliott_wave5_bull+cross_group_bull,157,23,1.36523144,1.39437340,1,0,0.40000000,0.40000000
d1,100,10,price200_bull+volatility+elliott_impulse_bull+cross_group_bull,169,32,1.35533157,1.21696429,3,1,0.53333333,0.40000000
d1,100,10,pin_bull+cross_group_return_up,211,42,1.35444762,1.25446178,4,3,0.54646465,0.22222222
d1,100,10,sma_stack_bull+breakout20_up+elliott_wave5_bull+cross_group_bull,168,35,1.35089077,1.24355342,5,4,0.56500000,0.00000000
d1,100,10,sma_stack_bull+breakout_up20+elliott_wave5_bull+cross_group_bull,168,35,1.35089077,1.24355342,5,4,0.56500000,0.00000000
d1,100,10,sma_stack_bull+channel_breakout_up+elliott_wave5_bull+cross_group_bull,168,35,1.35089077,1.24355342,5,4,0.56500000,0.00000000
d1,100,10,sma_stack_bull+retest_up+elliott_wave5_bull+cross_group_bull,168,35,1.35089077,1.24355342,5,4,0.56500000,0.00000000
d1,100,10,volatility+breakout20_up+elliott_impulse_bull+cross_group_bull,137,23,1.34979516,1.19517720,1,0,0.40000000,0.40000000
d1,100,10,volatility+breakout_up20+elliott_impulse_bull+cross_group_bull,137,23,1.34979516,1.19517720,1,0,0.40000000,0.40000000
d1,100,10,volatility+channel_breakout_up+elliott_impulse_bull+cross_group_bull,137,23,1.34979516,1.19517720,1,0,0.40000000,0.40000000
d1,100,10,volatility+retest_up+elliott_impulse_bull+cross_group_bull,137,23,1.34979516,1.19517720,1,0,0.40000000,0.40000000
d1,100,10,sma_stack_bull+elliott_wave5_bull+mtf_di_strong_bull+cross_group_bull,187,35,1.34848277,1.37445378,4,3,0.57261905,0.00000000
d1,100,10,sma_stack_bull+bb_upper+elliott_wave5_bull+cross_group_bull,192,39,1.34620018,1.29222150,5,4,0.56666667,0.00000000
d1,100,10,sma_stack_bull+rci_bull+elliott_wave5_bull+cross_group_bull,190,36,1.33825086,1.27264239,4,3,0.51388889,0.00000000
d1,100,10,sma_stack_bull+breakout20_up+elliott_impulse_bull+cross_group_bull,178,45,1.33402572,1.06901961,5,3,0.46468254,0.00000000
d1,100,10,sma_stack_bull+breakout_up20+elliott_impulse_bull+cross_group_bull,178,45,1.33402572,1.06901961,5,3,0.46468254,0.00000000
d1,100,10,sma_stack_bull+channel_breakout_up+elliott_impulse_bull+cross_group_bull,178,45,1.33402572,1.06901961,5,3,0.46468254,0.00000000
d1,100,10,sma_stack_bull+retest_up+elliott_impulse_bull+cross_group_bull,178,45,1.33402572,1.06901961,5,3,0.46468254,0.00000000
d1,100,10,sma_stack_bull+elliott_impulse_bull+mtf_di_strong_bull+cross_group_bull,208,47,1.33357166,1.16974790,6,5,0.50694444,0.00000000
d1,100,10,price200_bull+volatility+elliott_wave5_bull+cross_group_return_up,156,35,1.33357166,1.50535414,2,1,0.62337662,0.42857143
d1,100,10,price200_bull+rsi_cross55_up+volatility+mtf_di_bull,153,30,1.33225103,1.06901961,2,2,0.60000000,0.60000000
d1,100,10,price200_bull+rsi_cross55_up+volatility,172,34,1.33169207,1.07800297,3,2,0.53333333,0.40000000
d1,100,10,sma_stack_bull+rci_bull+elliott_impulse_bull+cross_group_bull,207,49,1.32986242,1.02850283,6,4,0.44031385,0.00000000
d1,100,10,trend_bull+rci_bull+elliott_wave5_bull+cross_group_bull,300,50,1.32387296,1.09956303,5,3,0.46761905,0.16666667
d1,100,10,price200_bull+volatility+breakout20_up+cross_group_bull,127,23,1.32370750,1.09557910,2,1,0.50000000,0.40000000
d1,100,10,price200_bull+volatility+breakout_up20+cross_group_bull,127,23,1.32370750,1.09557910,2,1,0.50000000,0.40000000
d1,100,10,price200_bull+volatility+channel_breakout_up+cross_group_bull,127,23,1.32370750,1.09557910,2,1,0.50000000,0.40000000
d1,100,10,price200_bull+volatility+retest_up+cross_group_bull,127,23,1.32370750,1.09557910,2,1,0.50000000,0.40000000
d1,100,10,sma_stack_bull+bb_upper+elliott_impulse_bull+cross_group_bull,208,53,1.32346885,1.08054543,6,4,0.45568783,0.00000000
d1,100,10,sma_stack_bull+elliott_wave5_bull+cross_group_bull,202,40,1.32116821,1.31718487,5,4,0.58000000,0.00000000
d1,100,10,sma_stack_bull+close_near_high+elliott_wave5_bull+cross_group_return_up,148,32,1.32046531,1.28855042,2,2,0.56250000,0.50000000
d1,100,10,sma_stack_bull+elliott_wave5_bull+mtf_di_bull+cross_group_bull,196,39,1.31872671,1.35095885,5,4,0.59333333,0.00000000
d1,100,10,sma_stack_bull+elliott_impulse_bull+mtf_di_bull+cross_group_bull,220,53,1.31814191,1.12376724,6,5,0.47643098,0.00000000
d1,100,10,sma_stack_bull+elliott_impulse_bull+cross_group_bull,228,54,1.31797433,1.10295674,6,5,0.46759259,0.00000000
d1,100,10,sma_stack_bull+elliott_wave5_bull+mtf_rsi60+cross_group_bull,201,40,1.31728653,1.31718487,5,4,0.58000000,0.00000000
d1,100,10,sma_stack_bull+elliott_wave5_bull+mtf_di_strong_bull+cross_group_return_up,198,44,1.31601930,1.40569137,5,4,0.60227273,0.00000000
d1,100,10,trend_bull+breakout20_up+elliott_wave5_bull+cross_group_bull,264,49,1.31336603,1.07525296,6,4,0.51481481,0.16666667
d1,100,10,trend_bull+breakout_up20+elliott_wave5_bull+cross_group_bull,264,49,1.31336603,1.07525296,6,4,0.51481481,0.16666667
d1,100,10,trend_bull+channel_breakout_up+elliott_wave5_bull+cross_group_bull,264,49,1.31336603,1.07525296,6,4,0.51481481,0.16666667
d1,100,10,trend_bull+retest_up+elliott_wave5_bull+cross_group_bull,264,49,1.31336603,1.07525296,6,4,0.51481481,0.16666667
d1,100,10,trend_bull+rci_bull+elliott_impulse_bull+cross_group_bull,333,66,1.31257722,0.97183601,6,4,0.41534392,0.14285714
d1,100,10,trend_bull+bb_upper+elliott_wave5_bull+cross_group_bull,301,53,1.31249336,1.12376724,6,5,0.53383838,0.16666667
d1,100,10,rci_bull+volatility+elliott_impulse_bull+cross_group_bull,189,28,1.31197623,1.14537815,2,1,0.60000000,0.40000000
d1,100,10,sma_stack_bull+elliott_impulse_bull+mtf_rsi60+cross_group_bull,223,54,1.30983231,1.10295674,6,5,0.46759259,0.00000000
d1,100,10,sma_stack_bull+breakout20_up+elliott_wave5_bull+cross_group_return_up,177,42,1.30594588,1.25446178,5,4,0.56242424,0.00000000
d1,100,10,sma_stack_bull+breakout_up20+elliott_wave5_bull+cross_group_return_up,177,42,1.30594588,1.25446178,5,4,0.56242424,0.00000000
d1,100,10,sma_stack_bull+channel_breakout_up+elliott_wave5_bull+cross_group_return_up,177,42,1.30594588,1.25446178,5,4,0.56242424,0.00000000
d1,100,10,sma_stack_bull+retest_up+elliott_wave5_bull+cross_group_return_up,177,42,1.30594588,1.25446178,5,4,0.56242424,0.00000000
d1,100,10,price200_bull+volatility+mtf_rsi60+cross_group_bull,343,72,1.30494211,1.11356209,8,5,0.48112374,0.37500000
d1,100,10,rsi_cross55_up+volatility+close_near_high,174,29,1.30430833,1.26386555,1,1,0.60000000,0.60000000
d1,100,10,sma_stack_bull+bb_upper+elliott_wave5_bull+cross_group_return_up,205,49,1.30183404,1.30900360,6,5,0.58661616,0.00000000
d1,100,10,trend_bull+elliott_wave5_bull+mtf_di_strong_bull+cross_group_bull,302,47,1.30118913,1.21848739,5,4,0.56166667,0.16666667
d1,100,10,sma_stack_bull+rci_bull+elliott_wave5_bull+cross_group_return_up,202,46,1.30036241,1.29477530,5,4,0.52974359,0.00000000
d1,100,10,sma_stack_bull+close_near_high+elliott_impulse_bull+cross_group_return_up,173,49,1.29970095,1.02850283,5,3,0.49774892,0.28571429
d1,100,10,volatility+elliott_wave5_bull+mtf_di_bull+cross_group_bull,173,26,1.29970095,1.49780220,1,0,0.40000000,0.40000000
d1,100,10,rci_bull+volatility+breakout20_up+cross_group_bull,144,23,1.29877308,1.09557910,2,1,0.50000000,0.40000000
d1,100,10,rci_bull+volatility+breakout_up20+cross_group_bull,144,23,1.29877308,1.09557910,2,1,0.50000000,0.40000000
d1,100,10,rci_bull+volatility+channel_breakout_up+cross_group_bull,144,23,1.29877308,1.09557910,2,1,0.50000000,0.40000000
d1,100,10,rci_bull+volatility+retest_up+cross_group_bull,144,23,1.29877308,1.09557910,2,1,0.50000000,0.40000000
d1,100,10,volatility+elliott_wave5_bull+mtf_di_strong_bull+cross_group_bull,170,24,1.29791467,1.43172269,1,0,0.40000000,0.40000000
d1,100,10,volatility+elliott_wave5_bull+cross_group_bull,175,26,1.29685514,1.49780220,1,0,0.40000000,0.40000000
d1,100,10,trend_bull+bb_upper+elliott_impulse_bull+cross_group_bull,334,70,1.29606420,1.01447779,6,3,0.42676536,0.14285714
d1,100,10,volatility+breakout20_up+mtf_rsi60+cross_group_bull,146,24,1.29537472,1.14537815,2,1,0.50000000,0.40000000
d1,100,10,volatility+breakout_up20+mtf_rsi60+cross_group_bull,146,24,1.29537472,1.14537815,2,1,0.50000000,0.40000000
d1,100,10,volatility+channel_breakout_up+mtf_rsi60+cross_group_bull,146,24,1.29537472,1.14537815,2,1,0.50000000,0.40000000
d1,100,10,volatility+retest_up+mtf_rsi60+cross_group_bull,146,24,1.29537472,1.14537815,2,1,0.50000000,0.40000000
d1,100,10,price200_bull+volatility+close_near_high+elliott_wave5_bull,172,27,1.29503999,1.18779956,1,1,0.66666667,0.66666667
d1,100,10,volatility+elliott_wave5_bull+mtf_rsi60+cross_group_bull,172,26,1.29503999,1.49780220,1,0,0.40000000,0.40000000
d1,100,10,sma_stack_bull+adx_up3+volatility,297,82,1.29479318,1.50854683,7,5,0.57012036,0.00000000
d1,100,10,sma_stack_bull+breakout20_up+close_near_high+cross_group_bull,138,37,1.29433174,0.92868499,4,2,0.30952381,0.00000000
d1,100,10,sma_stack_bull+breakout_up20+close_near_high+cross_group_bull,138,37,1.29433174,0.92868499,4,2,0.30952381,0.00000000
d1,100,10,sma_stack_bull+channel_breakout_up+close_near_high+cross_group_bull,138,37,1.29433174,0.92868499,4,2,0.30952381,0.00000000
d1,150,1,ichimoku_cloud_bull+adx25+atr_expand+mtf_adx25,162,37,6.11640212,0.00000000,5,0,0.00000000,0.00000000
d1,150,1,ichimoku_cloud_bull+atr_expand+mtf_macd_bull,142,23,5.81488934,0.00000000,2,0,0.00000000,0.00000000
d1,150,1,ichimoku_cloud_bull+adx_up3+atr_expand,152,38,5.70394737,2.31409168,4,1,0.03571429,0.00000000
d1,150,1,ichimoku_cloud_bull+adx_up3+atr_expand+mtf_adx25,136,38,5.46428571,2.31409168,4,1,0.03571429,0.00000000
d1,150,1,sma_stack_bull+adx25+atr_expand+mtf_adx25,121,38,5.45926800,0.00000000,4,0,0.00000000,0.00000000
d1,150,1,ichimoku_cloud_bull+adx_up3+atr_expand+mtf_volatility,146,37,5.37279843,2.37663470,4,1,0.03571429,0.00000000
d1,150,1,ichimoku_cloud_bull+adx25+atr_expand+mtf_volatility,197,44,5.23930384,0.00000000,6,0,0.00000000,0.00000000
d1,150,1,sma_stack_bull+adx_up3+volatility+mtf_volatility,200,57,5.16071429,3.08545557,7,1,0.02857143,0.00000000
d1,150,1,ichimoku_cloud_bull+adx25+atr_expand,209,44,5.13602187,0.00000000,6,0,0.00000000,0.00000000
d1,150,1,adx_up3+atr_expand,229,60,5.04803493,1.46559140,6,1,0.01851852,0.00000000
d1,150,1,adx_up3+atr_expand+mtf_volatility,218,59,4.92398427,1.49043193,6,1,0.01851852,0.00000000
d1,150,1,adx_up3+atr_expand+mtf_adx25,211,60,4.89167231,1.46559140,6,1,0.01851852,0.00000000
d1,150,1,sma_stack_bull+adx25+atr_expand+mtf_volatility,145,45,4.84039409,0.00000000,4,0,0.00000000,0.00000000
d1,150,1,sma_stack_bull+adx25+atr_expand,155,45,4.79447005,0.00000000,4,0,0.00000000,0.00000000
d1,150,1,pin_bull+mtf_macd_bull,207,51,4.78674948,1.72422517,4,1,0.01666667,0.00000000
d1,150,1,adx25+atr_expand+mtf_adx25,260,60,4.76373626,0.00000000,7,0,0.00000000,0.00000000
d1,150,1,volatility+pin_bull,166,36,4.72547332,2.44265233,4,1,0.03571429,0.00000000
d1,150,1,pin_bull+mtf_adx25,180,39,4.58730159,2.25475600,4,1,0.02500000,0.00000000
d1,150,1,sma_stack_bull+horizontal_break_up+mtf_adx25+cross_group_return_up,127,32,4.55118110,2.74798387,4,1,0.05000000,0.00000000
d1,150,1,adx25+pin_bull,204,36,4.45238095,2.44265233,4,1,0.02500000,0.00000000
d1,150,1,pin_bull+mtf_volatility,161,27,4.35936114,0.00000000,3,0,0.00000000,0.00000000
d1,150,1,sma_stack_bull+horizontal_break_up+elliott_impulse_bull+cross_group_bull,153,39,4.31746032,2.25475600,4,1,0.04166667,0.00000000
d1,150,1,sma_stack_bull+breakout20_up+mtf_adx25+cross_group_bull,134,27,4.31343284,3.25686977,2,1,0.08333333,0.00000000
d1,150,1,sma_stack_bull+breakout_up20+mtf_adx25+cross_group_bull,134,27,4.31343284,3.25686977,2,1,0.08333333,0.00000000
d1,150,1,sma_stack_bull+retest_up+mtf_adx25+cross_group_bull,134,27,4.31343284,3.25686977,2,1,0.08333333,0.00000000
d1,150,1,sma_stack_bull+horizontal_break_up+elliott_wave5_bull+cross_group_bull,144,30,4.30059524,2.93118280,3,1,0.06666667,0.00000000
d1,150,1,sma_stack_bull+adx_up3+volatility+mtf_adx25,242,72,4.26505313,2.44265233,7,1,0.02857143,0.00000000
d1,150,1,sma_stack_bull+rci_strong_bull+breakout20_up+cross_group_return_up,126,30,4.25963719,0.00000000,3,0,0.00000000,0.00000000
d1,150,1,sma_stack_bull+rci_strong_bull+breakout_up20+cross_group_return_up,126,30,4.25963719,0.00000000,3,0,0.00000000,0.00000000
d1,150,1,sma_stack_bull+rci_strong_bull+retest_up+cross_group_return_up,126,30,4.25963719,0.00000000,3,0,0.00000000,0.00000000
d1,150,1,sma_stack_bull+elliott_wave5_bull+mtf_adx25+cross_group_bull,126,18,4.25963719,4.88530466,1,1,0.20000000,0.20000000
d1,150,1,adx25+atr_expand+mtf_volatility,303,67,4.22395097,0.00000000,8,0,0.00000000,0.00000000
d1,150,1,sma_stack_bull+atr_expand+mtf_adx25,188,74,4.17249240,1.18831735,6,1,0.01190476,0.00000000
d1,150,1,sma_stack_bull+adx_up3+bb_expand+mtf_volatility,248,83,4.16186636,3.17839098,7,2,0.03968254,0.00000000
d1,150,1,atr_expand+mtf_macd_bull,258,41,4.16057586,0.00000000,2,0,0.00000000,0.00000000
d1,150,1,trend_bull+adx25+atr_expand+mtf_adx25,140,39,4.12857143,0.00000000,4,0,0.00000000,0.00000000
d1,150,1,adx25+atr_expand,323,69,4.09022556,0.00000000,8,0,0.00000000,0.00000000
d1,150,1,sma_stack_bull+adx25+bb_expand+mtf_volatility,253,70,4.07961604,3.76866359,7,3,0.05602241,0.00000000
d1,150,1,sma_stack_bull+breakout20_up+mtf_adx25+cross_group_return_up,142,35,4.07042254,2.51244240,4,1,0.04166667,0.00000000
d1,150,1,sma_stack_bull+breakout_up20+mtf_adx25+cross_group_return_up,142,35,4.07042254,2.51244240,4,1,0.04166667,0.00000000
d1,150,1,sma_stack_bull+retest_up+mtf_adx25+cross_group_return_up,142,34,4.07042254,2.58633776,3,1,0.05555556,0.00000000
d1,150,1,sma_stack_bull+horizontal_break_up+cross_group_bull,163,44,4.05258545,1.99853372,5,1,0.03333333,0.00000000
d1,150,1,sma_stack_bull+horizontal_break_up+retest_up+cross_group_bull,163,44,4.05258545,1.99853372,5,1,0.03333333,0.00000000
d1,150,1,sma_stack_bull+adx_up3+volatility,297,82,4.03126503,2.14476790,7,1,0.02857143,0.00000000
d1,150,1,trend_bull+adx25+atr_expand+mtf_volatility,164,46,4.02787456,0.00000000,4,0,0.00000000,0.00000000
d1,150,1,sma_stack_bull+horizontal_break_up+elliott_impulse_bull+cross_group_return_up,164,49,4.02787456,1.79460171,6,1,0.02777778,0.00000000
d1,150,1,sma_stack_bull+bb_expand+breakout20_up+cross_group_bull,123,26,4.02787456,0.00000000,1,0,0.00000000,0.00000000
d1,150,1,sma_stack_bull+bb_expand+breakout_up20+cross_group_bull,123,26,4.02787456,0.00000000,1,0,0.00000000,0.00000000
d1,150,1,ichimoku_cloud_bull+bb_expand+horizontal_break_up+cross_group_bull,123,25,4.02787456,0.00000000,1,0,0.00000000,0.00000000
d1,150,1,sma_stack_bull+bb_expand+retest_up+cross_group_bull,123,26,4.02787456,0.00000000,1,0,0.00000000,0.00000000
d1,150,1,sma_stack_bull+bb_expand+elliott_impulse_bull+cross_group_return_up,123,30,4.02787456,0.00000000,2,0,0.00000000,0.00000000
d1,150,1,sma_stack_bull+horizontal_break_up+elliott_wave5_bull+cross_group_return_up,154,37,4.02133581,2.37663470,3,1,0.06666667,0.00000000
d1,150,1,trend_bull+adx_up3+volatility+mtf_volatility,206,47,4.00832178,3.74193548,6,2,0.04861111,0.00000000
d1,150,1,sma_stack_bull+horizontal_break_up+impulse_bull+cross_group_return_up,124,48,3.99539171,1.83198925,5,1,0.03333333,0.00000000
d1,150,1,sma_stack_bull+adx_up3+volatility+cross_target_relative_up,125,29,3.96342857,0.00000000,3,0,0.00000000,0.00000000
d1,150,1,sma_stack_bull+adx_up3+volatility+mtf_macd_bull,146,38,3.95890411,2.31409168,5,1,0.04000000,0.00000000
d1,150,1,sma_stack_bull+elliott_impulse_bull+mtf_adx25+cross_group_bull,146,25,3.95890411,3.51741935,2,1,0.07142857,0.00000000
d1,150,1,sma_stack_bull+elliott_wave5_bull+mtf_adx25+cross_group_return_up,136,26,3.94642857,3.38213400,2,1,0.10000000,0.00000000
d1,150,1,rci_strong_bull+horizontal_break_up+elliott_wave5_bull+cross_group_return_up,157,24,3.94449500,0.00000000,2,0,0.00000000,0.00000000
d1,150,1,rci_strong_bull+horizontal_break_up+elliott_impulse_bull+cross_group_return_up,169,32,3.90870668,0.00000000,3,0,0.00000000,0.00000000
d1,150,1,ichimoku_cloud_bull+adx25+pin_bull,127,28,3.90101237,0.00000000,4,0,0.00000000,0.00000000
d1,150,1,sma_stack_bull+adx25+elliott_wave5_bull+mtf_adx25,127,20,3.90101237,4.39677419,1,0,0.00000000,0.00000000
d1,150,1,sma_stack_bull+adx25+horizontal_break_up+mtf_adx25,150,25,3.85333333,3.51741935,2,0,0.00000000,0.00000000
d1,150,1,sma_stack_bull+bb_expand+horizontal_break_up+mtf_adx25,172,26,3.84053156,0.00000000,2,0,0.00000000,0.00000000
d1,150,1,sma_stack_bull+breakout20_up+impulse_bull+cross_group_bull,129,41,3.84053156,2.14476790,4,1,0.04166667,0.00000000
d1,150,1,sma_stack_bull+breakout_up20+impulse_bull+cross_group_bull,129,41,3.84053156,2.14476790,4,1,0.04166667,0.00000000
d1,150,1,sma_stack_bull+adx25+elliott_impulse_bull+mtf_adx25,151,25,3.82781457,3.51741935,2,0,0.00000000,0.00000000
d1,150,1,sma_stack_bull+atr_expand+mtf_volatility,238,83,3.81632653,1.05946366,6,1,0.01190476,0.00000000
d1,150,1,bb_expand+pin_bull,120,20,3.78452381,0.00000000,3,0,0.00000000,0.00000000
d1,150,1,sma_stack_bull+atr_expand,251,84,3.78315310,1.04685100,6,1,0.01111111,0.00000000
d1,150,1,ichimoku_cloud_bull+atr_expand+mtf_adx25,295,81,3.77869249,1.08562326,8,1,0.00781250,0.00000000
d1,150,1,sma_stack_bull+adx25+breakout20_up+mtf_adx25,153,25,3.77777778,3.51741935,2,0,0.00000000,0.00000000
d1,150,1,sma_stack_bull+adx25+breakout_up20+mtf_adx25,153,25,3.77777778,3.51741935,2,0,0.00000000,0.00000000
d1,150,1,ichimoku_cloud_bull+horizontal_break_up+elliott_wave5_bull+cross_group_bull,153,30,3.77777778,2.93118280,1,0,0.00000000,0.00000000
d1,150,1,trend_bull+rci_strong_bull+breakout20_up+cross_group_bull,186,31,3.77342550,0.00000000,4,0,0.00000000,0.00000000
d1,150,1,trend_bull+rci_strong_bull+breakout_up20+cross_group_bull,186,31,3.77342550,0.00000000,4,0,0.00000000,0.00000000
d1,150,1,trend_bull+rci_strong_bull+retest_up+cross_group_bull,186,31,3.77342550,0.00000000,4,0,0.00000000,0.00000000
d1,150,1,trend_bull+adx25+atr_expand,176,46,3.75324675,0.00000000,4,0,0.00000000,0.00000000
d1,150,1,trend_bull+rci_strong_bull+elliott_wave5_bull+cross_group_bull,165,21,3.75324675,0.00000000,2,0,0.00000000,0.00000000
d1,150,1,sma_stack_bull+bb_expand+elliott_wave5_bull+mtf_adx25,165,19,3.75324675,0.00000000,1,0,0.00000000,0.00000000
d1,150,1,trend_bull+horizontal_break_up+mtf_adx25+cross_group_bull,165,31,3.75324675,2.83662851,3,1,0.06666667,0.00000000
d1,150,1,sma_stack_bull+horizontal_break_up+cross_group_return_up,177,59,3.73204197,1.49043193,7,1,0.02040816,0.00000000
d1,150,1,sma_stack_bull+horizontal_break_up+retest_up+cross_group_return_up,177,58,3.73204197,1.51612903,7,1,0.02040816,0.00000000
d1,150,1,trend_bull+adx25+horizontal_break_up+cross_group_bull,122,26,3.72248244,3.38213400,2,0,0.00000000,0.00000000
d1,150,1,adx_up3+volatility+mtf_volatility+cross_target_relative_up,200,33,3.71571429,0.00000000,3,0,0.00000000,0.00000000
d1,150,1,sma_stack_bull+bb_expand+elliott_impulse_bull+mtf_adx25,178,25,3.71107544,0.00000000,2,0,0.00000000,0.00000000
d1,150,1,sma_stack_bull+breakout20_up+elliott_impulse_bull+cross_group_bull,178,45,3.71107544,1.95412186,5,1,0.02857143,0.00000000
d1,150,1,sma_stack_bull+breakout_up20+elliott_impulse_bull+cross_group_bull,178,45,3.71107544,1.95412186,5,1,0.02857143,0.00000000
d1,150,3,pin_bull+mtf_volatility,161,27,3.41270536,1.01982791,3,1,0.05555556,0.00000000
d1,150,3,volatility+pin_bull,166,36,3.25184438,2.67704826,4,4,0.21726190,0.08333333
d1,150,3,pin_bull+mtf_adx25,180,39,3.21313195,1.41206941,4,2,0.09791667,0.00000000
d1,150,3,adx25+pin_bull,204,36,3.07137613,2.67704826,4,4,0.20208333,0.10000000
d1,150,3,bb_expand+pin_bull,120,20,3.05247535,0.68838384,3,1,0.04761905,0.00000000
d1,150,3,ichimoku_cloud_bull+adx25+pin_bull,127,28,2.88422868,2.95021645,4,3,0.23541667,0.00000000
d1,150,3,sma_stack_bull+adx25+atr_expand+mtf_adx25,121,38,2.86791943,0.36230728,4,1,0.02777778,0.00000000
d1,150,3,ichimoku_cloud_bull+adx25+atr_expand+mtf_adx25,162,37,2.79661484,0.74419874,5,2,0.06222222,0.00000000
d1,150,3,ichimoku_cloud_bull+adx_up3+atr_expand+mtf_adx25,136,38,2.69336060,0.72461457,4,1,0.07142857,0.00000000
d1,150,3,sma_stack_bull+horizontal_break_up+elliott_impulse_bull+cross_group_bull,153,39,2.64610866,0.70603471,4,2,0.08333333,0.00000000
d1,150,3,ichimoku_cloud_bull+adx_up3+atr_expand,152,38,2.60010020,0.72461457,4,1,0.07142857,0.00000000
d1,150,3,sma_stack_bull+bb_expand+breakout20_up+cross_group_bull,123,26,2.58617937,0.52952603,1,0,0.00000000,0.00000000
d1,150,3,sma_stack_bull+bb_expand+breakout_up20+cross_group_bull,123,26,2.58617937,0.52952603,1,0,0.00000000,0.00000000
d1,150,3,sma_stack_bull+bb_expand+retest_up+cross_group_bull,123,26,2.58617937,0.52952603,1,0,0.00000000,0.00000000
d1,150,3,sma_stack_bull+bb_expand+elliott_impulse_bull+cross_group_return_up,123,30,2.58617937,1.37676768,2,1,0.10000000,0.00000000
d1,150,3,pin_bull+cross_target_relative_up,179,30,2.58486593,2.29461279,4,3,0.16111111,0.00000000
d1,150,3,ichimoku_cloud_bull+adx_up3+atr_expand+mtf_volatility,146,37,2.57490711,0.74419874,4,1,0.07142857,0.00000000
d1,150,3,sma_stack_bull+atr_expand+mtf_adx25,188,74,2.56366911,0.74419874,6,2,0.05714286,0.00000000
d1,150,3,sma_stack_bull+horizontal_break_up+elliott_wave5_bull+cross_group_bull,144,30,2.54372946,0.45892256,3,1,0.06666667,0.00000000
d1,150,3,sma_stack_bull+horizontal_break_up+elliott_impulse_bull+cross_group_return_up,164,49,2.52740257,0.84291899,6,3,0.08888889,0.00000000
d1,150,3,sma_stack_bull+adx25+atr_expand+mtf_volatility,145,45,2.52618650,0.61189675,4,2,0.05277778,0.00000000
d1,150,3,sma_stack_bull+horizontal_break_up+mtf_rsi60+cross_group_bull,161,44,2.51462500,0.62580349,5,2,0.06666667,0.00000000
d1,150,3,sma_stack_bull+elliott_impulse_bull+mtf_adx25+cross_group_bull,146,25,2.50888385,1.65212121,2,2,0.24285714,0.20000000
d1,150,3,sma_stack_bull+close_near_high+elliott_impulse_bull+cross_group_bull,162,38,2.49910263,0.72461457,4,2,0.07291667,0.00000000
d1,150,3,sma_stack_bull+adx25+atr_expand,155,45,2.48758602,0.61189675,4,2,0.05277778,0.00000000
d1,150,3,sma_stack_bull+horizontal_break_up+cross_group_bull,163,44,2.48377071,0.62580349,5,2,0.06666667,0.00000000
d1,150,3,sma_stack_bull+horizontal_break_up+retest_up+cross_group_bull,163,44,2.48377071,0.62580349,5,2,0.06666667,0.00000000
d1,150,3,adx_up3+atr_expand+mtf_adx25,211,60,2.46695439,0.91784512,6,2,0.06084656,0.00000000
d1,150,3,adx25+atr_expand+mtf_adx25,260,60,2.44692356,0.91784512,7,3,0.07301587,0.00000000
d1,150,3,ichimoku_cloud_bull+adx25+atr_expand+mtf_volatility,197,44,2.44654717,0.93870523,6,3,0.08333333,0.00000000
d1,150,3,sma_stack_bull+bb_expand+breakout20_up+cross_group_return_up,134,34,2.44581686,0.80986334,2,0,0.00000000,0.00000000
d1,150,3,sma_stack_bull+bb_expand+breakout_up20+cross_group_return_up,134,34,2.44581686,0.80986334,2,0,0.00000000,0.00000000
d1,150,3,sma_stack_bull+bb_expand+retest_up+cross_group_return_up,134,33,2.44581686,0.83440465,1,0,0.00000000,0.00000000
d1,150,3,sma_stack_bull+breakout20_up+mtf_adx25+cross_group_bull,134,27,2.44581686,1.52974186,2,2,0.26666667,0.20000000
d1,150,3,sma_stack_bull+breakout_up20+mtf_adx25+cross_group_bull,134,27,2.44581686,1.52974186,2,2,0.26666667,0.20000000
d1,150,3,sma_stack_bull+retest_up+mtf_adx25+cross_group_bull,134,27,2.44581686,1.52974186,2,2,0.26666667,0.20000000
d1,150,3,trend_bull+bb_expand+horizontal_break_up+cross_group_bull,150,28,2.44198028,0.49170274,1,0,0.00000000,0.00000000
d1,150,3,sma_stack_bull+horizontal_break_up+elliott_wave5_bull+cross_group_return_up,154,37,2.44114570,0.37209937,3,1,0.06666667,0.00000000
d1,150,3,sma_stack_bull+breakout20_up+elliott_impulse_bull+cross_group_bull,178,45,2.43692592,0.91784512,5,2,0.08214286,0.00000000
d1,150,3,sma_stack_bull+breakout_up20+elliott_impulse_bull+cross_group_bull,178,45,2.43692592,0.91784512,5,2,0.08214286,0.00000000
d1,150,3,sma_stack_bull+retest_up+elliott_impulse_bull+cross_group_bull,178,45,2.43692592,0.91784512,5,2,0.08214286,0.00000000
d1,150,3,adx_up3+atr_expand+mtf_volatility,218,59,2.43195767,0.93340181,6,2,0.06481481,0.00000000
d1,150,3,sma_stack_bull+horizontal_break_up+mtf_adx25+cross_group_return_up,127,32,2.42882415,1.29071970,4,2,0.10000000,0.00000000
d1,150,3,ichimoku_cloud_bull+pin_bull,274,64,2.42743910,2.15119949,4,3,0.16576236,0.06250000
d1,150,3,sma_stack_bull+horizontal_break_up+mtf_rsi60+cross_group_return_up,175,58,2.42361953,0.71212121,7,3,0.07278912,0.00000000
d1,150,3,trend_bull+adx25+atr_expand+mtf_adx25,140,39,2.40984896,0.70603471,4,1,0.02777778,0.00000000
d1,150,3,adx_up3+atr_expand,229,60,2.39932560,0.91784512,6,2,0.06084656,0.00000000
d1,150,3,ichimoku_cloud_bull+adx25+atr_expand,209,44,2.39831858,0.93870523,6,3,0.08333333,0.00000000
d1,150,3,sma_stack_bull+horizontal_break_up+cross_group_return_up,177,59,2.39623400,0.70005136,7,3,0.07278912,0.00000000
d1,150,3,sma_stack_bull+horizontal_break_up+retest_up+cross_group_return_up,177,58,2.39623400,0.71212121,7,3,0.07278912,0.00000000
d1,150,3,sma_stack_bull+breakout20_up+mtf_adx25+cross_group_return_up,142,35,2.37590743,1.57344877,4,2,0.13333333,0.00000000
d1,150,3,sma_stack_bull+breakout_up20+mtf_adx25+cross_group_return_up,142,35,2.37590743,1.57344877,4,2,0.13333333,0.00000000
d1,150,3,sma_stack_bull+retest_up+mtf_adx25+cross_group_return_up,142,34,2.37590743,1.61972668,3,2,0.17777778,0.00000000
d1,150,3,sma_stack_bull+elliott_wave5_bull+mtf_adx25+cross_group_bull,126,18,2.37159739,0.76487093,1,1,0.20000000,0.20000000
d1,150,3,sma_stack_bull+di_spread_up3+elliott_impulse_bull+cross_group_bull,159,43,2.36438011,1.28071412,6,3,0.08888889,0.00000000
d1,150,3,sma_stack_bull+adx_up3+volatility+mtf_volatility,200,57,2.36165198,1.20769094,7,3,0.07658730,0.00000000
d1,150,3,sma_stack_bull+breakout20_up+elliott_impulse_bull+cross_group_return_up,188,55,2.35857558,1.00128558,7,3,0.08724490,0.00000000
d1,150,3,sma_stack_bull+breakout_up20+elliott_impulse_bull+cross_group_return_up,188,55,2.35857558,1.00128558,7,3,0.08724490,0.00000000
d1,150,3,sma_stack_bull+retest_up+elliott_impulse_bull+cross_group_return_up,188,55,2.35857558,1.00128558,7,3,0.08724490,0.00000000
d1,150,3,trend_bull+bb_expand+horizontal_break_up+cross_group_return_up,172,37,2.35380596,1.11629812,2,0,0.00000000,0.00000000
d1,150,3,sma_stack_bull+breakout20_up+elliott_wave5_bull+cross_group_bull,168,35,2.35247161,0.39336219,5,1,0.04000000,0.00000000
d1,150,3,sma_stack_bull+breakout_up20+elliott_wave5_bull+cross_group_bull,168,35,2.35247161,0.39336219,5,1,0.04000000,0.00000000
d1,150,3,sma_stack_bull+retest_up+elliott_wave5_bull+cross_group_bull,168,35,2.35247161,0.39336219,5,1,0.04000000,0.00000000
d1,150,3,sma_stack_bull+horizontal_break_up+close_near_high+cross_group_return_up,128,39,2.33454118,0.35301735,5,1,0.04000000,0.00000000
d1,150,3,sma_stack_bull+elliott_impulse_bull+mtf_rsi60+cross_group_bull,223,54,2.33420348,1.01982791,6,3,0.08333333,0.00000000
d1,150,3,sma_stack_bull+elliott_impulse_bull+mtf_adx25+cross_group_return_up,157,35,2.33310218,1.96681097,4,3,0.17142857,0.00000000
d1,150,3,sma_stack_bull+di_spread_up3+horizontal_break_up+cross_group_return_up,120,41,2.32952066,1.00739098,7,3,0.07619048,0.00000000
d1,150,3,sma_stack_bull+elliott_impulse_bull+cross_group_bull,228,54,2.32529286,1.01982791,6,3,0.08333333,0.00000000
d1,150,3,trend_bull+bb_expand+elliott_impulse_bull+cross_group_bull,191,26,2.32152989,0.52952603,1,0,0.00000000,0.00000000
d1,150,3,ichimoku_cloud_bull+di_spread_up3+breakout20_up+cross_group_return_up,204,46,2.31534508,1.19718928,5,2,0.07333333,0.00000000
d1,150,3,ichimoku_cloud_bull+di_spread_up3+breakout_up20+cross_group_return_up,204,46,2.31534508,1.19718928,5,2,0.07333333,0.00000000
d1,150,3,ichimoku_cloud_bull+di_spread_up3+retest_up+cross_group_return_up,204,44,2.31534508,0.93870523,5,2,0.07333333,0.00000000
d1,150,3,sma_stack_bull+atr_expand+mtf_volatility,238,83,2.30859480,0.82937812,6,2,0.06601732,0.00000000
d1,150,3,sma_stack_bull+breakout20_up+close_near_high+cross_group_bull,138,37,2.30507292,0.74419874,4,1,0.03571429,0.00000000
d1,150,3,sma_stack_bull+breakout_up20+close_near_high+cross_group_bull,138,37,2.30507292,0.74419874,4,1,0.03571429,0.00000000
d1,150,3,ichimoku_cloud_bull+breakout20_up+close_near_high+cross_group_return_up,193,43,2.29747259,0.32017853,3,0,0.00000000,0.00000000
d1,150,3,ichimoku_cloud_bull+breakout_up20+close_near_high+cross_group_return_up,193,43,2.29747259,0.32017853,3,0,0.00000000,0.00000000
d1,150,3,sma_stack_bull+di_spread_up3+breakout20_up+cross_group_bull,126,36,2.29509425,1.14730640,4,2,0.10267857,0.00000000
d1,150,3,sma_stack_bull+di_spread_up3+breakout_up20+cross_group_bull,126,36,2.29509425,1.14730640,4,2,0.10267857,0.00000000
d1,150,3,sma_stack_bull+di_spread_up3+retest_up+cross_group_bull,126,36,2.29509425,1.14730640,4,2,0.10267857,0.00000000
d1,150,3,trend_bull+adx25+atr_expand+mtf_volatility,164,46,2.29229535,0.89789196,4,2,0.05625000,0.00000000
d1,150,3,volatility+breakout20_up+mtf_adx25+cross_group_bull,122,16,2.29133180,0.86047980,1,0,0.00000000,0.00000000
d1,150,3,volatility+breakout_up20+mtf_adx25+cross_group_bull,122,16,2.29133180,0.86047980,1,0,0.00000000,0.00000000
d1,150,3,volatility+retest_up+mtf_adx25+cross_group_bull,122,16,2.29133180,0.86047980,1,0,0.00000000,0.00000000
d1,150,3,sma_stack_bull+breakout20_up+elliott_wave5_bull+cross_group_return_up,177,42,2.28731427,0.32780183,5,1,0.04000000,0.00000000
d1,150,3,sma_stack_bull+breakout_up20+elliott_wave5_bull+cross_group_return_up,177,42,2.28731427,0.32780183,5,1,0.04000000,0.00000000
d1,150,3,sma_stack_bull+retest_up+elliott_wave5_bull+cross_group_return_up,177,42,2.28731427,0.32780183,5,1,0.04000000,0.00000000
d1,150,3,sma_stack_bull+close_near_high+elliott_impulse_bull+cross_group_return_up,173,49,2.28448110,0.56194599,5,2,0.05833333,0.00000000
d1,150,3,ichimoku_cloud_bull+bb_expand+horizontal_break_up+cross_group_bull,123,25,2.27270309,0.00000000,1,0,0.00000000,0.00000000
d1,150,3,sma_stack_bull+breakout20_up+mtf_rsi60+cross_group_bull,191,51,2.27106185,0.80986334,5,2,0.08214286,0.00000000
d1,150,3,sma_stack_bull+breakout_up20+mtf_rsi60+cross_group_bull,191,51,2.27106185,0.80986334,5,2,0.08214286,0.00000000
d1,150,3,sma_stack_bull+retest_up+mtf_rsi60+cross_group_bull,191,51,2.27106185,0.80986334,5,2,0.08214286,0.00000000
d1,150,3,ichimoku_cloud_bull+bb_expand+horizontal_break_up+cross_group_return_up,136,35,2.26809314,0.78672439,3,0,0.00000000,0.00000000
d1,150,3,sma_stack_bull+elliott_wave5_bull+mtf_adx25+cross_group_return_up,136,26,2.26809314,1.05905206,2,1,0.10000000,0.00000000
d1,150,3,sma_stack_bull+atr_expand,251,84,2.26583408,0.81950457,6,2,0.06443001,0.00000000
d1,150,3,sma_stack_bull+di_spread_up3+elliott_impulse_bull+cross_group_return_up,179,55,2.26175768,1.50192837,7,4,0.12380952,0.00000000
d1,150,3,trend_bull+horizontal_break_up+elliott_impulse_bull+cross_group_bull,209,46,2.25995405,0.89789196,5,2,0.06666667,0.00000000
d1,150,3,ichimoku_cloud_bull+di_spread_up3+breakout20_up+cross_group_bull,188,32,2.25602882,0.86047980,2,1,0.08333333,0.00000000
d1,150,3,ichimoku_cloud_bull+di_spread_up3+breakout_up20+cross_group_bull,188,32,2.25602882,0.86047980,2,1,0.08333333,0.00000000
d1,150,3,ichimoku_cloud_bull+di_spread_up3+retest_up+cross_group_bull,188,32,2.25602882,0.86047980,2,1,0.08333333,0.00000000
d1,150,5,volatility+pin_bull,166,36,2.74575967,3.12042125,4,4,0.46130952,0.16666667
d1,150,5,bb_expand+pin_bull,120,20,2.67287840,2.24670330,3,3,0.32380952,0.20000000
d1,150,5,pin_bull+mtf_volatility,161,27,2.55142364,2.21896622,3,2,0.25555556,0.10000000
d1,150,5,adx25+pin_bull,204,36,2.45496571,2.28830891,4,3,0.31388889,0.12500000
d1,150,5,pin_bull+cross_target_relative_up,179,30,2.35772867,2.49633700,4,4,0.35238095,0.14285714
d1,150,5,ichimoku_cloud_bull+adx25+pin_bull,127,28,2.25970656,2.40718210,4,3,0.34791667,0.00000000
d1,150,5,ichimoku_cloud_bull+pin_bull,274,64,2.19744901,2.22330014,4,3,0.32438187,0.12500000
d1,150,5,ichimoku_cloud_bull+pin_bull+cross_target_relative_up,121,22,2.18573788,3.06368631,3,3,0.30476190,0.20000000
d1,150,5,pin_bull+mtf_trend_bull+cross_group_return_up,127,26,2.17109062,1.72823331,4,3,0.23392857,0.00000000
d1,150,5,adx_up3+atr_expand+mtf_volatility,218,59,2.11662027,1.39625629,6,3,0.17222222,0.00000000
d1,150,5,ichimoku_cloud_bull+adx_up3+atr_expand,152,38,2.11016716,0.98539618,4,2,0.12142857,0.00000000
d1,150,5,sma_stack_bull+pin_bull,195,63,2.10656003,2.37746381,4,3,0.33015581,0.11764706
d1,150,5,ichimoku_cloud_bull+volatility+close_near_high+elliott_wave5_bull,129,21,2.09380927,1.42647828,1,0,0.00000000,0.00000000
d1,150,5,volatility+breakout20_up+mtf_trend_bull+cross_group_bull,129,21,2.09380927,1.06985871,1,0,0.00000000,0.00000000
d1,150,5,volatility+breakout_up20+mtf_trend_bull+cross_group_bull,129,21,2.09380927,1.06985871,1,0,0.00000000,0.00000000
d1,150,5,volatility+channel_breakout_up+mtf_trend_bull+cross_group_bull,129,21,2.09380927,1.06985871,1,0,0.00000000,0.00000000
d1,150,5,volatility+retest_up+mtf_trend_bull+cross_group_bull,129,21,2.09380927,1.06985871,1,0,0.00000000,0.00000000
d1,150,5,adx_up3+atr_expand,229,60,2.08866618,1.37298535,6,3,0.16031746,0.00000000
d1,150,5,ichimoku_cloud_bull+volatility+elliott_wave5_bull+cross_group_return_up,124,28,2.08747719,1.06985871,2,1,0.07142857,0.00000000
d1,150,5,ichimoku_cloud_bull+adx_up3+atr_expand+mtf_volatility,146,37,2.08126076,1.01202851,4,2,0.12142857,0.00000000
d1,150,5,pin_bull+mtf_trend_bull,194,40,2.05940712,2.43392857,4,3,0.34487734,0.11111111
d1,150,5,sma_stack_bull+bb_expand+breakout20_up+cross_group_bull,123,26,2.05869966,1.44019442,1,0,0.00000000,0.00000000
d1,150,5,sma_stack_bull+bb_expand+breakout_up20+cross_group_bull,123,26,2.05869966,1.44019442,1,0,0.00000000,0.00000000
d1,150,5,sma_stack_bull+bb_expand+channel_breakout_up+cross_group_bull,123,26,2.05869966,1.44019442,1,0,0.00000000,0.00000000
d1,150,5,sma_stack_bull+bb_expand+retest_up+cross_group_bull,123,26,2.05869966,1.44019442,1,0,0.00000000,0.00000000
d1,150,5,ichimoku_cloud_bull+volatility+elliott_impulse_bull+cross_group_bull,145,27,2.05680661,1.38685389,2,1,0.10000000,0.00000000
d1,150,5,sma_stack_bull+close_near_high+elliott_impulse_bull+cross_group_bull,162,38,2.04938045,1.77371313,4,3,0.31527778,0.11111111
d1,150,5,ichimoku_cloud_bull+volatility+breakout20_up+close_near_high,122,23,2.02945038,0.97682752,2,0,0.00000000,0.00000000
d1,150,5,ichimoku_cloud_bull+volatility+breakout_up20+close_near_high,122,23,2.02945038,0.97682752,2,0,0.00000000,0.00000000
d1,150,5,ichimoku_cloud_bull+volatility+channel_breakout_up+close_near_high,122,23,2.02945038,0.97682752,2,0,0.00000000,0.00000000
d1,150,5,ichimoku_cloud_bull+breakout20_up+close_near_high+cross_group_bull,178,32,2.02323143,1.17015797,2,0,0.00000000,0.00000000
d1,150,5,ichimoku_cloud_bull+breakout_up20+close_near_high+cross_group_bull,178,32,2.02323143,1.17015797,2,0,0.00000000,0.00000000
d1,150,5,ichimoku_cloud_bull+channel_breakout_up+close_near_high+cross_group_bull,178,32,2.02323143,1.17015797,2,0,0.00000000,0.00000000
d1,150,5,sma_stack_bull+adx25+atr_expand+mtf_volatility,145,45,2.01799894,1.33137973,4,3,0.19305556,0.00000000
d1,150,5,trend_bull+pin_bull+mtf_trend_bull,159,39,2.01726672,2.49633700,4,3,0.34834957,0.12500000
d1,150,5,ichimoku_cloud_bull+breakout20_up+close_near_high+cross_group_return_up,193,43,2.01176558,0.87081523,3,1,0.11111111,0.00000000
d1,150,5,ichimoku_cloud_bull+breakout_up20+close_near_high+cross_group_return_up,193,43,2.01176558,0.87081523,3,1,0.11111111,0.00000000
d1,150,5,ichimoku_cloud_bull+channel_breakout_up+close_near_high+cross_group_return_up,193,43,2.01176558,0.87081523,3,1,0.11111111,0.00000000
d1,150,5,pin_bull+cross_group_bull,185,37,2.00751038,2.22646273,4,3,0.29387626,0.12500000
d1,150,5,trend_bull+pin_bull,246,64,1.99007634,1.98926854,4,3,0.28843602,0.10526316
d1,150,5,sma_stack_bull+volatility+mtf_rsi60+cross_group_bull,164,32,1.99007634,1.40418956,3,2,0.15079365,0.00000000
d1,150,5,ichimoku_cloud_bull+volatility+elliott_wave5_bull+mtf_rsi60,199,35,1.97938628,0.85588697,3,1,0.04761905,0.00000000
d1,150,5,trend_bull+pin_bull+cross_group_bull,128,27,1.97828171,1.66422466,4,3,0.20684524,0.00000000
d1,150,5,ichimoku_cloud_bull+close_near_high+elliott_impulse_bull+cross_group_bull,242,41,1.97646511,1.82658805,3,1,0.14141414,0.00000000
d1,150,5,ichimoku_cloud_bull+bb_expand+elliott_impulse_bull+cross_group_bull,154,23,1.97314332,1.30243669,1,0,0.00000000,0.00000000
d1,150,5,volatility+breakout20_up+elliott_impulse_bull+cross_group_bull,137,23,1.97154304,0.97682752,1,1,0.20000000,0.20000000
d1,150,5,volatility+breakout_up20+elliott_impulse_bull+cross_group_bull,137,23,1.97154304,0.97682752,1,1,0.20000000,0.20000000
d1,150,5,volatility+channel_breakout_up+elliott_impulse_bull+cross_group_bull,137,23,1.97154304,0.97682752,1,1,0.20000000,0.20000000
d1,150,5,volatility+retest_up+elliott_impulse_bull+cross_group_bull,137,23,1.97154304,0.97682752,1,1,0.20000000,0.20000000
d1,150,5,sma_stack_bull+adx_up3+volatility+mtf_volatility,200,57,1.96948935,2.10217852,7,4,0.21190476,0.00000000
d1,150,5,sma_stack_bull+bb_expand+elliott_impulse_bull+cross_group_return_up,123,30,1.96720190,1.74743590,2,1,0.30000000,0.00000000
d1,150,5,sma_stack_bull+adx25+atr_expand,155,45,1.96041336,1.33137973,4,3,0.19305556,0.00000000
d1,150,5,volatility+elliott_impulse_bull+mtf_trend_bull+cross_group_bull,155,23,1.96041336,0.97682752,1,0,0.00000000,0.00000000
d1,150,5,ichimoku_cloud_bull+volatility+elliott_wave5_bull,201,35,1.95969089,0.85588697,3,1,0.04761905,0.00000000
d1,150,5,ichimoku_cloud_bull+pin_bull+cross_group_return_up,138,30,1.95725649,2.49633700,3,3,0.36111111,0.25000000
d1,150,5,ichimoku_cloud_bull+volatility+breakout20_up+elliott_wave5_bull,138,26,1.95725649,0.86411665,3,1,0.05555556,0.00000000
d1,150,5,ichimoku_cloud_bull+volatility+breakout_up20+elliott_wave5_bull,138,26,1.95725649,0.86411665,3,1,0.05555556,0.00000000
d1,150,5,ichimoku_cloud_bull+volatility+channel_breakout_up+elliott_wave5_bull,138,26,1.95725649,0.86411665,3,1,0.05555556,0.00000000
d1,150,5,ichimoku_cloud_bull+volatility+retest_up+elliott_wave5_bull,138,26,1.95725649,0.86411665,3,1,0.05555556,0.00000000
d1,150,5,ichimoku_cloud_bull+volatility+breakout20_up+elliott_impulse_bull,164,31,1.95576468,0.72474300,3,1,0.05555556,0.00000000
d1,150,5,ichimoku_cloud_bull+volatility+breakout_up20+elliott_impulse_bull,164,31,1.95576468,0.72474300,3,1,0.05555556,0.00000000
d1,150,5,ichimoku_cloud_bull+volatility+channel_breakout_up+elliott_impulse_bull,164,31,1.95576468,0.72474300,3,1,0.05555556,0.00000000
d1,150,5,ichimoku_cloud_bull+breakout20_up+elliott_impulse_bull+cross_group_bull,239,45,1.95418548,0.99853480,4,2,0.13571429,0.00000000
d1,150,5,ichimoku_cloud_bull+breakout_up20+elliott_impulse_bull+cross_group_bull,239,45,1.95418548,0.99853480,4,2,0.13571429,0.00000000
d1,150,5,ichimoku_cloud_bull+channel_breakout_up+elliott_impulse_bull+cross_group_bull,239,45,1.95418548,0.99853480,4,2,0.13571429,0.00000000
d1,150,5,ichimoku_cloud_bull+retest_up+elliott_impulse_bull+cross_group_bull,239,45,1.95418548,0.99853480,4,2,0.13571429,0.00000000
d1,150,5,ichimoku_cloud_bull+volatility+close_near_high+elliott_impulse_bull,173,36,1.95159968,1.24816850,3,1,0.04761905,0.00000000
d1,150,5,ichimoku_cloud_bull+pin_bull+mtf_trend_bull,124,29,1.95133737,2.84065934,3,3,0.46825397,0.33333333
d1,150,5,trend_bull+volatility+close_near_high+elliott_impulse_bull,150,23,1.95073230,0.65121835,3,1,0.05555556,0.00000000
d1,150,5,pin_bull+cross_group_return_up,211,42,1.94682088,2.13971743,4,3,0.28686869,0.11111111
d1,150,5,ichimoku_cloud_bull+breakout20_up+mtf_trend_bull+cross_group_bull,246,53,1.94432746,0.84781256,4,2,0.13571429,0.00000000
d1,150,5,ichimoku_cloud_bull+breakout_up20+mtf_trend_bull+cross_group_bull,246,53,1.94432746,0.84781256,4,2,0.13571429,0.00000000
d1,150,5,ichimoku_cloud_bull+channel_breakout_up+mtf_trend_bull+cross_group_bull,246,53,1.94432746,0.84781256,4,2,0.13571429,0.00000000
d1,150,5,ichimoku_cloud_bull+retest_up+mtf_trend_bull+cross_group_bull,246,53,1.94432746,0.84781256,4,2,0.13571429,0.00000000
d1,150,5,ichimoku_cloud_bull+bb_expand+breakout20_up+cross_group_bull,165,27,1.94391156,1.10948311,1,0,0.00000000,0.00000000
d1,150,5,ichimoku_cloud_bull+bb_expand+breakout_up20+cross_group_bull,165,27,1.94391156,1.10948311,1,0,0.00000000,0.00000000
d1,150,5,ichimoku_cloud_bull+bb_expand+channel_breakout_up+cross_group_bull,165,27,1.94391156,1.10948311,1,0,0.00000000,0.00000000
d1,150,5,ichimoku_cloud_bull+bb_expand+retest_up+cross_group_bull,165,27,1.94391156,1.10948311,1,0,0.00000000,0.00000000
d1,150,5,ichimoku_cloud_bull+bb_expand+elliott_impulse_bull+cross_group_return_up,165,32,1.94391156,1.40418956,3,2,0.22222222,0.00000000
d1,150,5,trend_bull+volatility+mtf_rsi60+cross_group_bull,238,40,1.93875302,1.31057692,4,3,0.21666667,0.00000000
d1,150,5,ichimoku_cloud_bull+breakout20_up+elliott_wave5_bull+cross_group_bull,218,39,1.93593317,1.15215554,3,1,0.04761905,0.00000000
d1,150,5,ichimoku_cloud_bull+breakout_up20+elliott_wave5_bull+cross_group_bull,218,39,1.93593317,1.15215554,3,1,0.04761905,0.00000000
d1,150,5,ichimoku_cloud_bull+channel_breakout_up+elliott_wave5_bull+cross_group_bull,218,39,1.93593317,1.15215554,3,1,0.04761905,0.00000000
d1,150,5,ichimoku_cloud_bull+retest_up+elliott_wave5_bull+cross_group_bull,218,39,1.93593317,1.15215554,3,1,0.04761905,0.00000000
d1,150,5,ichimoku_cloud_bull+pin_bull+cross_group_bull,125,26,1.93572667,2.59234996,3,3,0.35714286,0.16666667
d1,150,5,ichimoku_cloud_bull+volatility+elliott_wave5_bull+mtf_trend_bull,160,28,1.93431989,0.80239403,3,1,0.05555556,0.00000000
d1,150,5,ichimoku_cloud_bull+volatility+retest_up+elliott_impulse_bull,163,31,1.93324108,0.72474300,3,1,0.05555556,0.00000000
d1,150,5,ichimoku_cloud_bull+volatility+mtf_rsi60+cross_group_bull,294,60,1.93312365,1.49780220,7,5,0.22546382,0.00000000
d1,150,5,sma_stack_bull+bb_expand+breakout20_up+cross_group_return_up,134,34,1.93169531,1.54185520,2,1,0.30000000,0.00000000
d1,150,5,sma_stack_bull+bb_expand+breakout_up20+cross_group_return_up,134,34,1.93169531,1.54185520,2,1,0.30000000,0.00000000
d1,150,5,sma_stack_bull+bb_expand+channel_breakout_up+cross_group_return_up,134,34,1.93169531,1.54185520,2,1,0.30000000,0.00000000
d1,150,5,sma_stack_bull+bb_expand+retest_up+cross_group_return_up,134,33,1.93169531,1.36163836,1,0,0.00000000,0.00000000
d1,150,5,ichimoku_cloud_bull+bb_expand+breakout20_up+cross_group_return_up,181,38,1.92751917,1.37955466,3,2,0.22222222,0.00000000
d1,150,5,ichimoku_cloud_bull+bb_expand+breakout_up20+cross_group_return_up,181,38,1.92751917,1.37955466,3,2,0.22222222,0.00000000
d1,150,5,ichimoku_cloud_bull+bb_expand+channel_breakout_up+cross_group_return_up,181,38,1.92751917,1.37955466,3,2,0.22222222,0.00000000
d1,150,5,ichimoku_cloud_bull+bb_expand+retest_up+cross_group_return_up,181,36,1.92751917,1.04014042,3,2,0.18888889,0.00000000
d1,150,5,ichimoku_cloud_bull+volatility+elliott_impulse_bull+cross_group_return_up,164,40,1.92145302,0.93612637,4,2,0.07142857,0.00000000
d1,150,5,trend_bull+volatility+elliott_impulse_bull+cross_group_return_up,129,29,1.91932517,0.51648352,2,1,0.08333333,0.00000000
d1,150,5,rsi60+pin_bull+mtf_trend_bull,132,24,1.91833378,2.80837912,3,3,0.37301587,0.16666667
d1,150,10,bb_expand+pin_bull,120,20,2.17022985,2.08525730,3,3,0.57142857,0.40000000
d1,150,10,volatility+pin_bull,166,36,2.01431418,2.42226858,4,4,0.66369048,0.57142857
d1,150,10,rci_bull+pin_bull+cross_group_return_up,134,30,1.77553354,1.01103384,4,2,0.27083333,0.00000000
d1,150,10,price200_bull+rci_bull+pin_bull+cross_group_return_up,123,30,1.75134477,1.01103384,4,2,0.27083333,0.00000000
d1,150,10,sma_stack_bull+pin_bull,195,63,1.74772546,1.80541758,4,4,0.49165791,0.35294118
d1,150,10,pin_bull+mtf_trend_bull+cross_group_return_up,127,26,1.74681668,1.02075532,4,2,0.26964286,0.00000000
d1,150,10,pin_bull+cross_target_relative_up,179,30,1.74229088,2.14844692,4,4,0.57063492,0.55555556
d1,150,10,price200_bull+pin_bull+mtf_trend_bull+cross_group_return_up,120,26,1.74154247,1.02075532,4,2,0.26964286,0.00000000
d1,150,10,trend_bull+pin_bull+cross_group_bull,128,27,1.73316967,0.98294957,4,3,0.24851190,0.00000000
d1,150,10,sma_stack_bull+bb_expand+breakout20_up+cross_group_bull,123,26,1.72520530,1.16657751,1,1,0.33333333,0.33333333
d1,150,10,sma_stack_bull+bb_expand+breakout_up20+cross_group_bull,123,26,1.72520530,1.16657751,1,1,0.33333333,0.33333333
d1,150,10,sma_stack_bull+bb_expand+channel_breakout_up+cross_group_bull,123,26,1.72520530,1.16657751,1,1,0.33333333,0.33333333
d1,150,10,sma_stack_bull+bb_expand+retest_up+cross_group_bull,123,26,1.72520530,1.16657751,1,1,0.33333333,0.33333333
d1,150,10,rci_bull+pin_bull,237,52,1.72288914,1.31239970,4,3,0.37337515,0.07692308
d1,150,10,trend_bull+pin_bull+cross_group_return_up,144,31,1.71921500,0.97841985,4,2,0.26339286,0.00000000
d1,150,10,price200_bull+pin_bull+cross_target_relative_up,143,28,1.70875388,2.03109477,4,4,0.53888889,0.50000000
d1,150,10,trend_bull+pin_bull,246,64,1.69906583,1.54024687,4,4,0.42364679,0.31578947
d1,150,10,sma_stack_bull+bb_expand+close_near_high+cross_group_bull,129,33,1.69481056,0.91912168,2,0,0.07142857,0.00000000
d1,150,10,trend_bull+rci_bull+pin_bull+mtf_trend_bull,143,35,1.68627028,1.29990066,4,3,0.36488095,0.14285714
d1,150,10,rci_bull+pin_bull+mtf_trend_bull,175,36,1.67188077,1.26379230,4,3,0.36041667,0.12500000
d1,150,10,price200_bull+pin_bull,327,81,1.67148748,1.68505641,4,4,0.46836007,0.33333333
d1,150,10,price200_bull+rci_bull+pin_bull,202,52,1.67124411,1.31239970,4,3,0.37337515,0.07692308
d1,150,10,trend_bull+rci_bull+pin_bull,162,42,1.66711758,1.17352143,4,3,0.33214286,0.10000000
d1,150,10,sma_stack_bull+close_near_high+elliott_impulse_bull+cross_group_bull,162,38,1.66711758,1.19727692,4,3,0.41597222,0.22222222
d1,150,10,trend_bull+pin_bull+mtf_trend_bull,159,39,1.65813042,1.36100710,4,3,0.36918290,0.12500000
d1,150,10,sma_stack_bull+di_spread_up3+elliott_impulse_bull+cross_group_bull,159,43,1.65813042,1.49891645,6,4,0.37671958,0.00000000
d1,150,10,trend_bull+di_spread_up3+volatility+cross_group_bull,204,37,1.65485936,1.22963576,4,3,0.37797619,0.25000000
d1,150,10,price200_bull+pin_bull+cross_group_return_up,179,40,1.65248207,1.32698192,4,3,0.33636364,0.00000000
d1,150,10,pin_bull+cross_group_bull,185,37,1.65102571,1.53704469,4,3,0.38983586,0.12500000
d1,150,10,pin_bull+cross_group_return_up,211,42,1.64567192,1.44433406,4,3,0.37777778,0.11111111
d1,150,10,price200_bull+volatility+elliott_wave5_bull+cross_group_bull,131,24,1.64439242,1.57974038,1,0,0.20000000,0.20000000
d1,150,10,pin_bull+mtf_trend_bull,194,40,1.64072360,1.32698192,4,3,0.36571068,0.11111111
d1,150,10,price200_bull+rci_bull+pin_bull+mtf_trend_bull,163,36,1.63716498,1.26379230,4,3,0.36041667,0.12500000
d1,150,10,di_spread_up3+volatility+mtf_trend_bull+cross_group_bull,242,35,1.63414920,1.29990066,4,4,0.36785714,0.28571429
d1,150,10,sma_stack_bull+di_spread_up3+breakout20_up+cross_group_bull,126,36,1.63309477,1.36910833,4,3,0.33660714,0.00000000
d1,150,10,sma_stack_bull+di_spread_up3+breakout_up20+cross_group_bull,126,36,1.63309477,1.36910833,4,3,0.33660714,0.00000000
d1,150,10,sma_stack_bull+di_spread_up3+channel_breakout_up+cross_group_bull,126,36,1.63309477,1.36910833,4,3,0.33660714,0.00000000
d1,150,10,sma_stack_bull+di_spread_up3+retest_up+cross_group_bull,126,36,1.63309477,1.36910833,4,3,0.33660714,0.00000000
d1,150,10,sma_stack_bull+di_spread_up3+volatility+cross_group_bull,137,33,1.61931181,1.37868251,3,2,0.40714286,0.25000000
d1,150,10,sma_stack_bull+close_near_high+elliott_wave5_bull+cross_group_bull,141,24,1.61897893,1.42176634,1,0,0.14285714,0.14285714
d1,150,10,sma_stack_bull+volatility+close_near_high+cross_group_bull,151,28,1.61822388,1.08325055,2,1,0.18750000,0.00000000
d1,150,10,price200_bull+pin_bull+cross_group_bull,159,35,1.61768822,1.40822571,4,3,0.34122475,0.00000000
d1,150,10,price200_bull+di_spread_up3+volatility+cross_group_bull,324,73,1.60757767,1.61003677,8,5,0.41959325,0.14285714
d1,150,10,price200_bull+pin_bull+mtf_trend_bull,180,40,1.60757767,1.32698192,4,3,0.36571068,0.11111111
d1,150,10,sma_stack_bull+di_spread_up3+elliott_wave5_bull+cross_group_bull,142,32,1.60757767,1.65872740,3,3,0.52222222,0.40000000
d1,150,10,trend_bull+di_spread_up3+volatility+close_near_high,179,28,1.59859679,0.67703159,1,0,0.11111111,0.11111111
d1,150,10,sma_stack_bull+di_spread_up3+volatility+close_near_high,131,27,1.59530608,0.98294957,1,0,0.11111111,0.11111111
d1,150,10,sma_stack_bull+bb_expand+elliott_impulse_bull+cross_group_return_up,123,30,1.59450793,1.39017153,2,1,0.42500000,0.25000000
d1,150,10,price200_bull+volatility+mtf_rsi60+cross_group_bull,343,72,1.58414359,1.31645032,8,4,0.33552940,0.12500000
d1,150,10,sma_stack_bull+bb_expand+breakout20_up+cross_group_return_up,134,34,1.58358397,1.22662194,2,1,0.41111111,0.22222222
d1,150,10,sma_stack_bull+bb_expand+breakout_up20+cross_group_return_up,134,34,1.58358397,1.22662194,2,1,0.41111111,0.22222222
d1,150,10,sma_stack_bull+bb_expand+channel_breakout_up+cross_group_return_up,134,34,1.58358397,1.22662194,2,1,0.41111111,0.22222222
d1,150,10,sma_stack_bull+bb_expand+retest_up+cross_group_return_up,134,33,1.58358397,1.14890209,1,0,0.22222222,0.22222222
d1,150,10,trend_bull+bb_expand+elliott_impulse_bull+cross_group_bull,191,26,1.58232775,1.16657751,1,1,0.40000000,0.40000000
d1,150,10,trend_bull+bb_expand+close_near_high+cross_group_bull,187,33,1.58178765,0.80423147,3,0,0.11428571,0.00000000
d1,150,10,price200_bull+volatility+elliott_impulse_bull+cross_group_bull,169,32,1.57904078,1.30328581,3,1,0.26666667,0.20000000
d1,150,10,trend_bull+di_spread_up3+volatility+elliott_impulse_bull,167,22,1.57869903,0.86167657,1,0,0.16666667,0.16666667
d1,150,10,trend_bull+bb_expand+breakout20_up+cross_group_bull,202,29,1.57574444,1.04589708,1,1,0.33333333,0.33333333
d1,150,10,trend_bull+bb_expand+breakout_up20+cross_group_bull,202,29,1.57574444,1.04589708,1,1,0.33333333,0.33333333
d1,150,10,trend_bull+bb_expand+channel_breakout_up+cross_group_bull,202,29,1.57574444,1.04589708,1,1,0.33333333,0.33333333
d1,150,10,trend_bull+bb_expand+retest_up+cross_group_bull,202,29,1.57574444,1.04589708,1,1,0.33333333,0.33333333
d1,150,10,sma_stack_bull+volatility+close_near_high+mtf_di_strong_bull,239,36,1.57394633,0.63189615,3,0,0.11666667,0.10000000
d1,150,10,trend_bull+di_spread_up3+volatility+elliott_wave5_bull,143,18,1.57385226,1.05316025,1,0,0.20000000,0.20000000
d1,150,10,sma_stack_bull+breakout20_up+elliott_impulse_bull+cross_group_bull,178,45,1.57145233,1.17953948,5,3,0.29087302,0.00000000
d1,150,10,sma_stack_bull+breakout_up20+elliott_impulse_bull+cross_group_bull,178,45,1.57145233,1.17953948,5,3,0.29087302,0.00000000
d1,150,10,sma_stack_bull+channel_breakout_up+elliott_impulse_bull+cross_group_bull,178,45,1.57145233,1.17953948,5,3,0.29087302,0.00000000
d1,150,10,sma_stack_bull+retest_up+elliott_impulse_bull+cross_group_bull,178,45,1.57145233,1.17953948,5,3,0.29087302,0.00000000
d1,150,10,price200_bull+volatility+breakout20_up+cross_group_bull,127,23,1.56960339,1.15389732,2,1,0.30000000,0.20000000
d1,150,10,price200_bull+volatility+breakout_up20+cross_group_bull,127,23,1.56960339,1.15389732,2,1,0.30000000,0.20000000
d1,150,10,price200_bull+volatility+channel_breakout_up+cross_group_bull,127,23,1.56960339,1.15389732,2,1,0.30000000,0.20000000
d1,150,10,price200_bull+volatility+retest_up+cross_group_bull,127,23,1.56960339,1.15389732,2,1,0.30000000,0.20000000
d1,150,10,sma_stack_bull+breakout20_up+elliott_wave5_bull+cross_group_bull,168,35,1.56930201,1.29990066,5,3,0.33000000,0.00000000
d1,150,10,sma_stack_bull+breakout_up20+elliott_wave5_bull+cross_group_bull,168,35,1.56930201,1.29990066,5,3,0.33000000,0.00000000
d1,150,10,sma_stack_bull+channel_breakout_up+elliott_wave5_bull+cross_group_bull,168,35,1.56930201,1.29990066,5,3,0.33000000,0.00000000
d1,150,10,sma_stack_bull+retest_up+elliott_wave5_bull+cross_group_bull,168,35,1.56930201,1.29990066,5,3,0.33000000,0.00000000
d1,150,10,sma_stack_bull+volatility+mtf_rsi60+cross_group_bull,164,32,1.56836845,0.94784423,3,1,0.22486772,0.16666667
d1,150,10,trend_bull+volatility+mtf_rsi60+cross_group_bull,238,40,1.56705050,1.04262865,4,2,0.29722222,0.16666667
d1,150,10,sma_stack_bull+close_near_high+elliott_impulse_bull+cross_group_return_up,173,49,1.56111588,1.00587551,5,4,0.32002165,0.00000000
d1,150,10,sma_stack_bull+breakout20_up+close_near_high+cross_group_bull,138,37,1.56098121,0.92222682,4,1,0.10714286,0.00000000
d1,150,10,sma_stack_bull+breakout_up20+close_near_high+cross_group_bull,138,37,1.56098121,0.92222682,4,1,0.10714286,0.00000000
d1,150,10,sma_stack_bull+channel_breakout_up+close_near_high+cross_group_bull,138,37,1.56098121,0.92222682,4,1,0.10714286,0.00000000
d1,150,10,sma_stack_bull+rci_bull+elliott_impulse_bull+cross_group_bull,207,49,1.55321514,1.08325055,6,4,0.28474026,0.00000000
d1,150,10,sma_stack_bull+elliott_impulse_bull+mtf_di_strong_bull+cross_group_bull,208,47,1.54574776,1.45201669,6,5,0.37731481,0.00000000
d1,150,10,volatility+breakout20_up+mtf_trend_bull+cross_group_bull,129,21,1.54526845,1.08325055,1,1,0.40000000,0.40000000
d1,150,10,volatility+breakout_up20+mtf_trend_bull+cross_group_bull,129,21,1.54526845,1.08325055,1,1,0.40000000,0.40000000
d1,150,10,volatility+channel_breakout_up+mtf_trend_bull+cross_group_bull,129,21,1.54526845,1.08325055,1,1,0.40000000,0.40000000
d1,150,10,volatility+retest_up+mtf_trend_bull+cross_group_bull,129,21,1.54526845,1.08325055,1,1,0.40000000,0.40000000
d1,150,10,sma_stack_bull+close_near_high+elliott_wave5_bull+cross_group_return_up,148,32,1.54240560,1.06632476,2,0,0.06250000,0.00000000
d1,150,10,sma_stack_bull+di_spread_up3+volatility+cross_target_relative_up,192,33,1.54059526,1.72335314,3,3,0.46987179,0.38461538
d1,150,10,sma_stack_bull+rci_bull+elliott_wave5_bull+cross_group_bull,190,36,1.53989019,1.26379230,4,2,0.30555556,0.00000000
d1,150,10,sma_stack_bull+elliott_impulse_bull+cross_group_bull,228,54,1.53706987,1.26379230,6,4,0.32870370,0.00000000
d1,150,10,trend_bull+di_spread_up3+elliott_impulse_bull+cross_group_bull,268,54,1.53559658,1.40421367,6,4,0.35912698,0.16666667
d1,150,10,sma_stack_bull+bb_expand+mtf_rsi60+cross_group_bull,201,52,1.53559658,1.02075532,6,4,0.32402597,0.00000000
d1,150,10,trend_bull+volatility+close_near_high+cross_group_bull,199,28,1.53487315,0.94784423,2,0,0.08333333,0.00000000
d1,150,10,sma_stack_bull+volatility+close_near_high+mtf_rsi60,243,38,1.53480666,0.79818461,3,0,0.18716931,0.12500000
d1,150,10,trend_bull+di_spread_up3+elliott_wave5_bull+cross_group_bull,241,41,1.53420275,1.47956172,6,4,0.39074074,0.20000000
d1,150,10,trend_bull+di_spread_up3+breakout20_up+cross_group_bull,216,45,1.53315277,1.26379230,6,4,0.32361111,0.16666667
d1,150,10,trend_bull+di_spread_up3+breakout_up20+cross_group_bull,216,45,1.53315277,1.26379230,6,4,0.32361111,0.16666667
d1,200,1,ichimoku_cloud_bull+atr_expand+mtf_macd_bull,142,23,10.57511737,0.00000000,2,0,0.00000000,0.00000000
d1,200,1,volatility+pin_bull,166,36,9.04618474,0.00000000,4,0,0.00000000,0.00000000
d1,200,1,ichimoku_cloud_bull+adx_up3+atr_expand,152,38,8.56213450,0.00000000,4,0,0.00000000,0.00000000
d1,200,1,ichimoku_cloud_bull+adx_up3+atr_expand+mtf_volatility,146,37,8.22831050,0.00000000,4,0,0.00000000,0.00000000
d1,200,1,adx_up3+atr_expand,229,60,7.43182921,0.00000000,6,0,0.00000000,0.00000000
d1,200,1,ichimoku_cloud_bull+adx_up3+atr_expand+mtf_adx25,136,38,7.36111111,0.00000000,4,0,0.00000000,0.00000000
d1,200,1,adx_up3+atr_expand+mtf_volatility,218,59,7.34760449,0.00000000,6,0,0.00000000,0.00000000
d1,200,1,price200_bull+atr_expand+mtf_macd_bull,139,28,7.20223821,0.00000000,1,0,0.00000000,0.00000000
d1,200,1,atr_expand+mtf_macd_bull,258,41,6.98449612,0.00000000,2,0,0.00000000,0.00000000
d1,200,1,adx_up3+atr_expand+mtf_adx25,211,60,6.64244339,0.00000000,6,0,0.00000000,0.00000000
d1,200,1,ichimoku_cloud_bull+atr_expand+pullback_bull,151,37,6.62987491,0.00000000,3,0,0.00000000,0.00000000
d1,200,1,sma_stack_bull+adx_up3+volatility+mtf_volatility,200,57,6.50722222,0.00000000,7,0,0.00000000,0.00000000
d1,200,1,ichimoku_cloud_bull+adx_up3+volatility+mtf_macd_bull,268,60,6.35033167,5.04814815,7,1,0.01785714,0.00000000
d1,200,1,sma_stack_bull+atr_expand+mtf_volatility,238,83,6.30952381,0.00000000,6,0,0.00000000,0.00000000
d1,200,1,ichimoku_cloud_bull+atr_expand+pullback_bull+mtf_volatility,144,37,6.25694444,0.00000000,3,0,0.00000000,0.00000000
d1,200,1,sma_stack_bull+adx_up3+volatility+mtf_macd_bull,146,38,6.17123288,0.00000000,5,0,0.00000000,0.00000000
d1,200,1,ichimoku_cloud_bull+adx_up3+pullback_bull+mtf_macd_bull,149,29,6.04697987,0.00000000,1,0,0.00000000,0.00000000
d1,200,1,sma_stack_bull+atr_expand,251,84,5.98273572,0.00000000,6,0,0.00000000,0.00000000
d1,200,1,pin_bull+cross_group_bull,185,37,5.95255255,0.00000000,4,0,0.00000000,0.00000000
d1,200,1,sma_stack_bull+atr_expand+mtf_adx25,188,74,5.85756501,0.00000000,6,0,0.00000000,0.00000000
d1,200,1,sma_stack_bull+adx_up3+bb_expand+mtf_volatility,248,83,5.65143369,0.00000000,7,0,0.00000000,0.00000000
d1,200,1,pin_bull+mtf_adx25,180,39,5.56172840,0.00000000,4,0,0.00000000,0.00000000
d1,200,1,sma_stack_bull+horizontal_break_up+elliott_wave5_bull+cross_group_bull,144,30,5.56172840,0.00000000,3,0,0.00000000,0.00000000
d1,200,1,price200_bull+pin_bull+mtf_adx25,126,31,5.56172840,0.00000000,4,0,0.00000000,0.00000000
d1,200,1,sma_stack_bull+rci_strong_bull+breakout20_up+cross_group_return_up,126,30,5.56172840,0.00000000,3,0,0.00000000,0.00000000
d1,200,1,sma_stack_bull+rci_strong_bull+breakout_up20+cross_group_return_up,126,30,5.56172840,0.00000000,3,0,0.00000000,0.00000000
d1,200,1,sma_stack_bull+rci_strong_bull+retest_up+cross_group_return_up,126,30,5.56172840,0.00000000,3,0,0.00000000,0.00000000
d1,200,1,adx_up3+bb_expand+pullback_bull+mtf_macd_bull,150,31,5.33925926,0.00000000,4,0,0.00000000,0.00000000
d1,200,1,pin_bull+mtf_macd_bull,207,51,5.31991412,0.00000000,4,0,0.00000000,0.00000000
d1,200,1,sma_stack_bull+horizontal_break_up+elliott_impulse_bull+cross_group_bull,153,39,5.23456790,0.00000000,4,0,0.00000000,0.00000000
d1,200,1,pin_bull+cross_group_return_up,211,42,5.21906266,0.00000000,4,0,0.00000000,0.00000000
d1,200,1,sma_stack_bull+horizontal_break_up+elliott_wave5_bull+cross_group_return_up,154,37,5.20057720,0.00000000,3,0,0.00000000,0.00000000
d1,200,1,sma_stack_bull+rci_strong_bull+bb_expand+mtf_volatility,174,26,5.17816092,0.00000000,2,0,0.00000000,0.00000000
d1,200,1,rci_strong_bull+horizontal_break_up+elliott_wave5_bull+cross_group_return_up,157,24,5.10120311,0.00000000,2,0,0.00000000,0.00000000
d1,200,1,ichimoku_cloud_bull+atr_expand+mtf_adx25,295,81,5.09039548,0.00000000,8,0,0.00000000,0.00000000
d1,200,1,sma_stack_bull+adx_up3+volatility,297,82,5.05611672,0.00000000,7,0,0.00000000,0.00000000
d1,200,1,price200_bull+pin_bull+cross_group_bull,159,35,5.03703704,0.00000000,4,0,0.00000000,0.00000000
d1,200,1,adx_up3+volatility+mtf_macd_bull,419,107,5.01750199,2.83073728,10,1,0.00833333,0.00000000
d1,200,1,ichimoku_cloud_bull+adx_up3+volatility+mtf_volatility,340,71,5.00555556,4.26604069,6,1,0.01282051,0.00000000
d1,200,1,pin_bull+mtf_volatility,161,27,4.97446515,0.00000000,3,0,0.00000000,0.00000000
d1,200,1,ichimoku_cloud_bull+atr_expand,383,91,4.96634755,0.00000000,9,0,0.00000000,0.00000000
d1,200,1,sma_stack_bull+atr_expand+pullback_bull,121,38,4.96418733,0.00000000,3,0,0.00000000,0.00000000
d1,200,1,ichimoku_cloud_bull+atr_expand+mtf_volatility,365,90,4.93698630,0.00000000,9,0,0.00000000,0.00000000
d1,200,1,sma_stack_bull+horizontal_break_up+cross_group_bull,163,44,4.91342877,0.00000000,5,0,0.00000000,0.00000000
d1,200,1,sma_stack_bull+horizontal_break_up+retest_up+cross_group_bull,163,44,4.91342877,0.00000000,5,0,0.00000000,0.00000000
d1,200,1,sma_stack_bull+horizontal_break_up+elliott_impulse_bull+cross_group_return_up,164,49,4.88346883,0.00000000,6,0,0.00000000,0.00000000
d1,200,1,price200_bull+pin_bull+mtf_macd_bull,144,47,4.86651235,0.00000000,4,0,0.00000000,0.00000000
d1,200,1,ichimoku_cloud_bull+pin_bull+cross_group_bull,125,26,4.80533333,0.00000000,3,0,0.00000000,0.00000000
d1,200,1,di_spread_up3+atr_expand+mtf_macd_bull,125,21,4.80533333,0.00000000,2,0,0.00000000,0.00000000
d1,200,1,sma_stack_bull+breakout20_up+elliott_wave5_bull+cross_group_bull,168,35,4.76719577,0.00000000,5,0,0.00000000,0.00000000
d1,200,1,sma_stack_bull+breakout_up20+elliott_wave5_bull+cross_group_bull,168,35,4.76719577,0.00000000,5,0,0.00000000,0.00000000
d1,200,1,sma_stack_bull+retest_up+elliott_wave5_bull+cross_group_bull,168,35,4.76719577,0.00000000,5,0,0.00000000,0.00000000
d1,200,1,ichimoku_cloud_bull+rci_strong_bull+breakout20_up+cross_group_bull,147,24,4.76719577,0.00000000,1,0,0.00000000,0.00000000
d1,200,1,ichimoku_cloud_bull+rci_strong_bull+breakout_up20+cross_group_bull,147,24,4.76719577,0.00000000,1,0,0.00000000,0.00000000
d1,200,1,ichimoku_cloud_bull+rci_strong_bull+retest_up+cross_group_bull,147,24,4.76719577,0.00000000,1,0,0.00000000,0.00000000
d1,200,1,sma_stack_bull+horizontal_break_up+mtf_macd_bull+cross_group_bull,147,44,4.76719577,0.00000000,5,0,0.00000000,0.00000000
d1,200,1,sma_stack_bull+elliott_wave5_bull+mtf_adx25+cross_group_bull,126,18,4.76719577,0.00000000,1,0,0.00000000,0.00000000
d1,200,1,sma_stack_bull+di_spread_up3+bb_expand+mtf_volatility,169,32,4.73898751,0.00000000,3,0,0.00000000,0.00000000
d1,200,1,rci_strong_bull+horizontal_break_up+elliott_impulse_bull+cross_group_return_up,169,32,4.73898751,0.00000000,3,0,0.00000000,0.00000000
d1,200,1,sma_stack_bull+horizontal_break_up+mtf_adx25+cross_group_return_up,127,32,4.72965879,0.00000000,4,0,0.00000000,0.00000000
d1,200,1,adx_up3+volatility+pullback_bull+mtf_volatility,193,33,4.66839378,0.00000000,3,0,0.00000000,0.00000000
d1,200,1,sma_stack_bull+pin_bull,195,63,4.62051282,0.00000000,4,0,0.00000000,0.00000000
d1,200,1,ichimoku_cloud_bull+atr_expand+mtf_volatility+cross_target_relative_up,130,27,4.62051282,0.00000000,3,0,0.00000000,0.00000000
d1,200,1,ichimoku_cloud_bull+adx_up3+volatility+pullback_bull,174,38,4.60280971,0.00000000,4,0,0.00000000,0.00000000
d1,200,1,ichimoku_cloud_bull+horizontal_break_up+elliott_wave5_bull+cross_group_bull,153,30,4.58024691,0.00000000,1,0,0.00000000,0.00000000
d1,200,1,sma_stack_bull+adx_up3+volatility+mtf_adx25,242,72,4.55050505,0.00000000,7,0,0.00000000,0.00000000
d1,200,1,sma_stack_bull+horizontal_break_up+cross_group_return_up,177,59,4.52479598,0.00000000,7,0,0.00000000,0.00000000
d1,200,1,sma_stack_bull+horizontal_break_up+retest_up+cross_group_return_up,177,58,4.52479598,0.00000000,7,0,0.00000000,0.00000000
d1,200,1,sma_stack_bull+breakout20_up+elliott_wave5_bull+cross_group_return_up,177,42,4.52479598,0.00000000,5,0,0.00000000,0.00000000
d1,200,1,sma_stack_bull+breakout_up20+elliott_wave5_bull+cross_group_return_up,177,42,4.52479598,0.00000000,5,0,0.00000000,0.00000000
d1,200,1,sma_stack_bull+retest_up+elliott_wave5_bull+cross_group_return_up,177,42,4.52479598,0.00000000,5,0,0.00000000,0.00000000
d1,200,1,sma_stack_bull+breakout20_up+elliott_impulse_bull+cross_group_bull,178,45,4.49937578,0.00000000,5,0,0.00000000,0.00000000
d1,200,1,sma_stack_bull+breakout_up20+elliott_impulse_bull+cross_group_bull,178,45,4.49937578,0.00000000,5,0,0.00000000,0.00000000
d1,200,1,sma_stack_bull+retest_up+elliott_impulse_bull+cross_group_bull,178,45,4.49937578,0.00000000,5,0,0.00000000,0.00000000
d1,200,1,price200_bull+atr_expand+pullback_bull,156,42,4.49216524,0.00000000,5,0,0.00000000,0.00000000
d1,200,1,sma_stack_bull+breakout20_up+mtf_adx25+cross_group_bull,134,27,4.48258706,0.00000000,2,0,0.00000000,0.00000000
d1,200,1,sma_stack_bull+breakout_up20+mtf_adx25+cross_group_bull,134,27,4.48258706,0.00000000,2,0,0.00000000,0.00000000
d1,200,1,sma_stack_bull+retest_up+mtf_adx25+cross_group_bull,134,27,4.48258706,0.00000000,2,0,0.00000000,0.00000000
d1,200,1,pin_bull+cross_target_relative_up,179,30,4.47423960,0.00000000,4,0,0.00000000,0.00000000
d1,200,1,price200_bull+pin_bull+cross_group_return_up,179,40,4.47423960,0.00000000,4,0,0.00000000,0.00000000
d1,200,1,ichimoku_cloud_bull+rci_strong_bull+breakout20_up+cross_group_return_up,157,34,4.46355272,0.00000000,3,0,0.00000000,0.00000000
d1,200,1,ichimoku_cloud_bull+rci_strong_bull+breakout_up20+cross_group_return_up,157,34,4.46355272,0.00000000,3,0,0.00000000,0.00000000
d1,200,1,ichimoku_cloud_bull+rci_strong_bull+retest_up+cross_group_return_up,157,34,4.46355272,0.00000000,3,0,0.00000000,0.00000000
d1,200,1,sma_stack_bull+rci_strong_bull+horizontal_break_up+elliott_wave5_bull,180,22,4.44938272,0.00000000,1,0,0.00000000,0.00000000
d1,200,1,sma_stack_bull+adx_up3+mtf_volatility,339,98,4.42969518,0.00000000,8,0,0.00000000,0.00000000
d1,200,1,ichimoku_cloud_bull+adx_up3+volatility,520,107,4.42799145,2.83073728,7,1,0.01020408,0.00000000
d1,200,1,ichimoku_cloud_bull+atr_expand+cross_target_relative_up,136,27,4.41666667,0.00000000,3,0,0.00000000,0.00000000
d1,200,1,ichimoku_cloud_bull+rci_strong_bull+elliott_wave5_bull+cross_group_bull,136,18,4.41666667,0.00000000,1,0,0.00000000,0.00000000
d1,200,1,sma_stack_bull+elliott_wave5_bull+mtf_adx25+cross_group_return_up,136,26,4.41666667,0.00000000,2,0,0.00000000,0.00000000
d1,200,1,sma_stack_bull+horizontal_break_up+mtf_macd_bull+cross_group_return_up,160,56,4.37986111,0.00000000,7,0,0.00000000,0.00000000
d1,200,1,rci_strong_bull+horizontal_break_up+mtf_macd_bull+cross_group_return_up,160,30,4.37986111,0.00000000,1,0,0.00000000,0.00000000
d1,200,1,rci_strong_bull+breakout20_up+elliott_wave5_bull+cross_group_bull,207,26,4.35265700,0.00000000,2,0,0.00000000,0.00000000
d1,200,1,rci_strong_bull+breakout_up20+elliott_wave5_bull+cross_group_bull,207,26,4.35265700,0.00000000,2,0,0.00000000,0.00000000
d1,200,3,pin_bull+mtf_adx25,180,39,4.78792271,0.86293131,4,1,0.03125000,0.00000000
d1,200,3,pin_bull+mtf_volatility,161,27,4.50135026,2.49291267,3,1,0.05555556,0.00000000
d1,200,3,volatility+pin_bull,166,36,4.48376113,2.80452675,4,2,0.09375000,0.00000000
d1,200,3,bb_expand+pin_bull,120,20,4.08061594,0.00000000,3,0,0.00000000,0.00000000
d1,200,3,sma_stack_bull+adx25+atr_expand+mtf_adx25,121,38,3.88501617,0.00000000,4,0,0.00000000,0.00000000
d1,200,3,adx25+pin_bull,204,36,3.84057971,3.73936900,4,2,0.11458333,0.00000000
d1,200,3,sma_stack_bull+breakout20_up+mtf_adx25+cross_group_bull,134,27,3.80045425,0.00000000,2,0,0.00000000,0.00000000
d1,200,3,sma_stack_bull+breakout_up20+mtf_adx25+cross_group_bull,134,27,3.80045425,0.00000000,2,0,0.00000000,0.00000000
d1,200,3,sma_stack_bull+retest_up+mtf_adx25+cross_group_bull,134,27,3.80045425,0.00000000,2,0,0.00000000,0.00000000
d1,200,3,sma_stack_bull+elliott_impulse_bull+mtf_adx25+cross_group_bull,146,25,3.75640262,0.00000000,2,0,0.00000000,0.00000000
d1,200,3,sma_stack_bull+close_near_high+elliott_impulse_bull+cross_group_bull,162,38,3.62721417,0.00000000,4,0,0.00000000,0.00000000
d1,200,3,pin_bull+cross_target_relative_up,179,30,3.61100316,0.00000000,4,0,0.00000000,0.00000000
d1,200,3,sma_stack_bull+breakout20_up+mtf_adx25+cross_group_return_up,142,35,3.58634415,0.96155203,4,0,0.00000000,0.00000000
d1,200,3,sma_stack_bull+breakout_up20+mtf_adx25+cross_group_return_up,142,35,3.58634415,0.96155203,4,0,0.00000000,0.00000000
d1,200,3,sma_stack_bull+retest_up+mtf_adx25+cross_group_return_up,142,34,3.58634415,0.98983297,3,0,0.00000000,0.00000000
d1,200,3,sma_stack_bull+elliott_wave5_bull+mtf_adx25+cross_group_bull,126,18,3.57539683,0.00000000,1,0,0.00000000,0.00000000
d1,200,3,sma_stack_bull+horizontal_break_up+mtf_adx25+cross_group_return_up,127,32,3.54724409,1.05169753,4,0,0.00000000,0.00000000
d1,200,3,sma_stack_bull+elliott_impulse_bull+mtf_adx25+cross_group_return_up,157,35,3.49321518,0.96155203,4,0,0.00000000,0.00000000
d1,200,3,sma_stack_bull+breakout20_up+close_near_high+cross_group_bull,138,37,3.40642722,0.00000000,4,0,0.00000000,0.00000000
d1,200,3,sma_stack_bull+breakout_up20+close_near_high+cross_group_bull,138,37,3.40642722,0.00000000,4,0,0.00000000,0.00000000
d1,200,3,sma_stack_bull+close_near_high+elliott_impulse_bull+cross_group_return_up,173,49,3.39658206,0.00000000,5,0,0.00000000,0.00000000
d1,200,3,ichimoku_cloud_bull+adx25+pin_bull,127,28,3.39301609,4.80776014,4,2,0.14375000,0.00000000
d1,200,3,sma_stack_bull+adx25+atr_expand+mtf_volatility,145,45,3.37706147,0.00000000,4,0,0.00000000,0.00000000
d1,200,3,volatility+breakout20_up+mtf_adx25+cross_group_bull,122,16,3.37152530,2.10339506,1,0,0.00000000,0.00000000
d1,200,3,volatility+breakout_up20+mtf_adx25+cross_group_bull,122,16,3.37152530,2.10339506,1,0,0.00000000,0.00000000
d1,200,3,volatility+retest_up+mtf_adx25+cross_group_bull,122,16,3.37152530,2.10339506,1,0,0.00000000,0.00000000
d1,200,3,sma_stack_bull+bb_expand+breakout20_up+cross_group_bull,123,26,3.34411453,0.00000000,1,0,0.00000000,0.00000000
d1,200,3,sma_stack_bull+bb_expand+breakout_up20+cross_group_bull,123,26,3.34411453,0.00000000,1,0,0.00000000,0.00000000
d1,200,3,sma_stack_bull+bb_expand+retest_up+cross_group_bull,123,26,3.34411453,0.00000000,1,0,0.00000000,0.00000000
d1,200,3,sma_stack_bull+bb_expand+elliott_impulse_bull+cross_group_return_up,123,30,3.34411453,1.12181070,2,0,0.00000000,0.00000000
d1,200,3,sma_stack_bull+atr_expand+mtf_adx25,188,74,3.33395005,0.90957624,6,1,0.02380952,0.00000000
d1,200,3,sma_stack_bull+adx_up3+volatility+mtf_volatility,200,57,3.32978261,1.77128005,7,1,0.04285714,0.00000000
d1,200,3,sma_stack_bull+horizontal_break_up+elliott_impulse_bull+cross_group_bull,153,39,3.32850242,0.00000000,4,0,0.00000000,0.00000000
d1,200,3,sma_stack_bull+elliott_wave5_bull+mtf_adx25+cross_group_return_up,136,26,3.31250000,0.00000000,2,0,0.00000000,0.00000000
d1,200,3,sma_stack_bull+adx25+atr_expand,155,45,3.28555400,0.00000000,4,0,0.00000000,0.00000000
d1,200,3,adx_up3+atr_expand+mtf_volatility,218,59,3.23454328,1.71123666,6,1,0.03703704,0.00000000
d1,200,3,sma_stack_bull+breakout20_up+close_near_high+cross_group_return_up,146,46,3.21977367,0.00000000,6,0,0.00000000,0.00000000
d1,200,3,sma_stack_bull+breakout_up20+close_near_high+cross_group_return_up,146,46,3.21977367,0.00000000,6,0,0.00000000,0.00000000
d1,200,3,sma_stack_bull+horizontal_break_up+close_near_high+cross_group_return_up,128,39,3.21348505,0.00000000,5,0,0.00000000,0.00000000
d1,200,3,sma_stack_bull+close_near_high+elliott_impulse_bull+mtf_adx25,196,30,3.19787045,0.00000000,3,0,0.00000000,0.00000000
d1,200,3,sma_stack_bull+close_near_high+elliott_wave5_bull+cross_group_bull,141,24,3.19503546,0.00000000,1,0,0.00000000,0.00000000
d1,200,3,sma_stack_bull+breakout20_up+elliott_impulse_bull+cross_group_bull,178,45,3.19113337,0.00000000,5,0,0.00000000,0.00000000
d1,200,3,sma_stack_bull+breakout_up20+elliott_impulse_bull+cross_group_bull,178,45,3.19113337,0.00000000,5,0,0.00000000,0.00000000
d1,200,3,sma_stack_bull+retest_up+elliott_impulse_bull+cross_group_bull,178,45,3.19113337,0.00000000,5,0,0.00000000,0.00000000
d1,200,3,sma_stack_bull+bb_expand+close_near_high+mtf_adx25,234,54,3.18078781,0.62322817,6,1,0.01666667,0.00000000
d1,200,3,adx_up3+atr_expand,229,60,3.16470477,1.68271605,6,1,0.03703704,0.00000000
d1,200,3,sma_stack_bull+horizontal_break_up+mtf_rsi60+cross_group_bull,161,44,3.16311099,0.00000000,5,0,0.00000000,0.00000000
d1,200,3,sma_stack_bull+adx_up3+volatility+mtf_adx25,242,72,3.15657564,1.40226337,7,1,0.04285714,0.00000000
d1,200,3,adx_up3+atr_expand+mtf_adx25,211,60,3.15619205,1.68271605,6,1,0.03703704,0.00000000
d1,200,3,trend_bull+adx_up3+volatility+mtf_volatility,206,47,3.13771634,2.86419753,6,2,0.09722222,0.00000000
d1,200,3,sma_stack_bull+horizontal_break_up+elliott_wave5_bull+cross_group_bull,144,30,3.12847222,0.00000000,3,0,0.00000000,0.00000000
d1,200,3,sma_stack_bull+horizontal_break_up+cross_group_bull,163,44,3.12429981,0.00000000,5,0,0.00000000,0.00000000
d1,200,3,sma_stack_bull+horizontal_break_up+retest_up+cross_group_bull,163,44,3.12429981,0.00000000,5,0,0.00000000,0.00000000
d1,200,3,sma_stack_bull+horizontal_break_up+elliott_impulse_bull+cross_group_return_up,164,49,3.10524920,0.68682288,6,1,0.03333333,0.00000000
d1,200,3,adx25+atr_expand+cross_target_relative_up,120,20,3.10126812,0.00000000,2,0,0.00000000,0.00000000
d1,200,3,sma_stack_bull+volatility+close_near_high+mtf_adx25,209,48,3.09267735,2.10339506,5,2,0.10000000,0.00000000
d1,200,3,ichimoku_cloud_bull+adx_up3+atr_expand,152,38,3.09267735,1.77128005,4,1,0.07142857,0.00000000
d1,200,3,adx25+atr_expand+mtf_adx25,260,60,3.08871237,1.12181070,7,2,0.05714286,0.00000000
d1,200,3,trend_bull+horizontal_break_up+mtf_adx25+cross_group_bull,165,31,3.08642951,1.08562326,3,0,0.00000000,0.00000000
d1,200,3,rci_strong_bull+volatility+mtf_adx25+cross_group_bull,165,25,3.08642951,0.00000000,2,0,0.00000000,0.00000000
d1,200,3,ichimoku_cloud_bull+adx_up3+atr_expand+mtf_volatility,146,37,3.08561644,1.81915249,4,1,0.07142857,0.00000000
d1,200,3,trend_bull+adx_up3+volatility+mtf_rsi60,178,30,3.08109428,2.24362140,3,1,0.13333333,0.00000000
d1,200,3,sma_stack_bull+bb_expand+elliott_impulse_bull+mtf_adx25,178,25,3.08109428,1.34617284,2,0,0.00000000,0.00000000
d1,200,3,adx_up3+volatility+close_near_high+mtf_adx25,210,47,3.07795031,1.43209877,3,2,0.08095238,0.00000000
d1,200,3,sma_stack_bull+bb_expand+horizontal_break_up+mtf_adx25,172,26,3.07469666,1.29439696,2,0,0.00000000,0.00000000
d1,200,3,sma_stack_bull+breakout20_up+close_near_high+mtf_adx25,185,28,3.07038778,0.00000000,3,0,0.00000000,0.00000000
d1,200,3,sma_stack_bull+breakout_up20+close_near_high+mtf_adx25,185,28,3.07038778,0.00000000,3,0,0.00000000,0.00000000
d1,200,3,sma_stack_bull+bb_expand+breakout20_up+cross_group_return_up,134,34,3.06959766,0.98983297,2,0,0.00000000,0.00000000
d1,200,3,sma_stack_bull+bb_expand+breakout_up20+cross_group_return_up,134,34,3.06959766,0.98983297,2,0,0.00000000,0.00000000
d1,200,3,sma_stack_bull+bb_expand+retest_up+cross_group_return_up,134,33,3.06959766,1.01982791,1,0,0.00000000,0.00000000
d1,200,3,trend_bull+volatility+breakout20_up+close_near_high,128,19,3.06046196,1.77128005,2,0,0.00000000,0.00000000
d1,200,3,trend_bull+volatility+breakout_up20+close_near_high,128,19,3.06046196,1.77128005,2,0,0.00000000,0.00000000
d1,200,3,trend_bull+adx25+horizontal_break_up+cross_group_bull,122,26,3.05042766,1.29439696,2,0,0.00000000,0.00000000
d1,200,3,ichimoku_cloud_bull+volatility+breakout20_up+close_near_high,122,23,3.05042766,1.46323135,2,0,0.00000000,0.00000000
d1,200,3,ichimoku_cloud_bull+volatility+breakout_up20+close_near_high,122,23,3.05042766,1.46323135,2,0,0.00000000,0.00000000
d1,200,3,ichimoku_cloud_bull+breakout20_up+close_near_high+cross_group_return_up,193,43,3.04460464,0.78265863,3,0,0.00000000,0.00000000
d1,200,3,ichimoku_cloud_bull+breakout_up20+close_near_high+cross_group_return_up,193,43,3.04460464,0.78265863,3,0,0.00000000,0.00000000
d1,200,3,sma_stack_bull+close_near_high+elliott_wave5_bull+cross_group_return_up,148,32,3.04391892,0.00000000,2,0,0.00000000,0.00000000
d1,200,3,trend_bull+adx_up3+volatility+mtf_adx25,277,58,3.04057448,2.32098765,6,2,0.09722222,0.00000000
d1,200,3,sma_stack_bull+breakout20_up+elliott_wave5_bull+cross_group_bull,168,35,3.03131470,0.00000000,5,0,0.00000000,0.00000000
d1,200,3,sma_stack_bull+breakout_up20+elliott_wave5_bull+cross_group_bull,168,35,3.03131470,0.00000000,5,0,0.00000000,0.00000000
d1,200,3,sma_stack_bull+retest_up+elliott_wave5_bull+cross_group_bull,168,35,3.03131470,0.00000000,5,0,0.00000000,0.00000000
d1,200,3,ichimoku_cloud_bull+adx_up3+atr_expand+mtf_adx25,136,38,3.02445652,1.77128005,4,1,0.07142857,0.00000000
d1,200,3,sma_stack_bull+bb_expand+horizontal_break_up+close_near_high,149,30,3.02348993,0.00000000,2,0,0.00000000,0.00000000
d1,200,3,trend_bull+volatility+breakout20_up+mtf_adx25,149,21,3.02348993,3.20517343,2,0,0.00000000,0.00000000
d1,200,3,trend_bull+volatility+breakout_up20+mtf_adx25,149,21,3.02348993,3.20517343,2,0,0.00000000,0.00000000
d1,200,3,ichimoku_cloud_bull+adx25+atr_expand+mtf_adx25,162,37,3.02267848,0.90957624,5,1,0.04000000,0.00000000
d1,200,3,sma_stack_bull+breakout20_up+elliott_impulse_bull+cross_group_return_up,188,55,3.02139223,0.61189675,7,1,0.02857143,0.00000000
d1,200,3,sma_stack_bull+breakout_up20+elliott_impulse_bull+cross_group_return_up,188,55,3.02139223,0.61189675,7,1,0.02857143,0.00000000
d1,200,3,sma_stack_bull+retest_up+elliott_impulse_bull+cross_group_return_up,188,55,3.02139223,0.61189675,7,1,0.02857143,0.00000000
d1,200,3,sma_stack_bull+rci_strong_bull+volatility+mtf_adx25,208,26,3.01337793,0.00000000,3,0,0.00000000,0.00000000
d1,200,3,ichimoku_cloud_bull+breakout20_up+mtf_adx25+cross_group_return_up,208,40,3.01337793,2.52407407,5,1,0.04000000,0.00000000
d1,200,3,ichimoku_cloud_bull+breakout_up20+mtf_adx25+cross_group_return_up,208,40,3.01337793,2.52407407,5,1,0.04000000,0.00000000
d1,200,3,ichimoku_cloud_bull+retest_up+mtf_adx25+cross_group_return_up,208,38,3.01337793,1.77128005,5,1,0.04000000,0.00000000
d1,200,3,sma_stack_bull+elliott_impulse_bull+cross_group_bull,228,54,3.00676964,0.00000000,6,0,0.00000000,0.00000000
d1,200,3,volatility+elliott_impulse_bull+mtf_adx25+cross_group_bull,163,19,3.00413444,1.77128005,1,0,0.00000000,0.00000000
d1,200,3,trend_bull+bb_expand+horizontal_break_up+cross_group_bull,150,28,3.00333333,0.00000000,1,0,0.00000000,0.00000000
d1,200,3,trend_bull+close_near_high+elliott_impulse_bull+cross_group_bull,255,42,2.99565217,0.80129336,4,0,0.00000000,0.00000000
d1,200,3,sma_stack_bull+adx_up3+bb_expand+close_near_high,170,39,2.99565217,0.00000000,3,0,0.00000000,0.00000000
d1,200,5,volatility+pin_bull,166,36,3.48646442,3.52196382,4,4,0.24404762,0.08333333
d1,200,5,pin_bull+mtf_adx25,180,39,3.32616721,2.43828265,4,3,0.16666667,0.00000000
d1,200,5,bb_expand+pin_bull,120,20,3.32616721,2.37732558,3,1,0.14285714,0.00000000
d1,200,5,adx25+pin_bull,204,36,2.88593920,3.08171835,4,2,0.20138889,0.00000000
d1,200,5,trend_bull+volatility+elliott_impulse_bull+mtf_adx25,167,19,2.86807232,1.66829865,1,0,0.00000000,0.00000000
d1,200,5,trend_bull+volatility+breakout20_up+mtf_adx25,149,21,2.81273200,2.26411960,2,1,0.08333333,0.00000000
d1,200,5,trend_bull+volatility+breakout_up20+mtf_adx25,149,21,2.81273200,2.26411960,2,1,0.08333333,0.00000000
d1,200,5,trend_bull+volatility+elliott_wave5_bull+mtf_adx25,135,18,2.80876342,1.76098191,1,0,0.00000000,0.00000000
d1,200,5,pin_bull+cross_target_relative_up,179,30,2.78729096,2.64147287,4,4,0.19126984,0.11111111
d1,200,5,trend_bull+volatility+retest_up+mtf_adx25,148,19,2.76431464,1.66829865,2,1,0.10000000,0.00000000
d1,200,5,sma_stack_bull+adx25+atr_expand+mtf_adx25,121,38,2.72140954,0.41707466,4,1,0.03571429,0.00000000
d1,200,5,sma_stack_bull+close_near_high+elliott_impulse_bull+cross_group_bull,162,38,2.71021032,2.08537332,4,3,0.17291667,0.00000000
d1,200,5,volatility+breakout20_up+mtf_adx25+cross_group_bull,122,16,2.69910290,1.98110465,1,0,0.00000000,0.00000000
d1,200,5,volatility+breakout_up20+mtf_adx25+cross_group_bull,122,16,2.69910290,1.98110465,1,0,0.00000000,0.00000000
d1,200,5,volatility+retest_up+mtf_adx25+cross_group_bull,122,16,2.69910290,1.98110465,1,0,0.00000000,0.00000000
d1,200,5,ichimoku_cloud_bull+volatility+elliott_wave5_bull+mtf_adx25,148,22,2.69689233,1.44080338,2,0,0.00000000,0.00000000
d1,200,5,sma_stack_bull+bb_expand+breakout20_up+cross_group_bull,123,26,2.67715897,1.82871199,1,0,0.00000000,0.00000000
d1,200,5,sma_stack_bull+bb_expand+breakout_up20+cross_group_bull,123,26,2.67715897,1.82871199,1,0,0.00000000,0.00000000
d1,200,5,sma_stack_bull+bb_expand+retest_up+cross_group_bull,123,26,2.67715897,1.82871199,1,0,0.00000000,0.00000000
d1,200,5,trend_bull+bb_expand+horizontal_break_up+cross_group_bull,150,28,2.66093377,1.69808970,1,0,0.00000000,0.00000000
d1,200,5,ichimoku_cloud_bull+volatility+elliott_wave5_bull+cross_group_return_up,124,28,2.65556898,1.13205980,2,0,0.00000000,0.00000000
d1,200,5,ichimoku_cloud_bull+rci_strong_bull+breakout20_up+cross_group_bull,147,24,2.64735757,0.00000000,1,0,0.00000000,0.00000000
d1,200,5,ichimoku_cloud_bull+rci_strong_bull+breakout_up20+cross_group_bull,147,24,2.64735757,0.00000000,1,0,0.00000000,0.00000000
d1,200,5,ichimoku_cloud_bull+rci_strong_bull+retest_up+cross_group_bull,147,24,2.64735757,0.00000000,1,0,0.00000000,0.00000000
d1,200,5,volatility+elliott_wave5_bull+mtf_adx25+cross_group_bull,125,15,2.63432443,2.11317829,1,0,0.00000000,0.00000000
d1,200,5,volatility+breakout20_up+mtf_trend_bull+cross_group_bull,129,21,2.62999268,1.50941307,1,0,0.00000000,0.00000000
d1,200,5,volatility+breakout_up20+mtf_trend_bull+cross_group_bull,129,21,2.62999268,1.50941307,1,0,0.00000000,0.00000000
d1,200,5,volatility+retest_up+mtf_trend_bull+cross_group_bull,129,21,2.62999268,1.50941307,1,0,0.00000000,0.00000000
d1,200,5,rci_strong_bull+bb_expand+horizontal_break_up+cross_group_return_up,133,22,2.62592148,0.00000000,2,0,0.00000000,0.00000000
d1,200,5,ichimoku_cloud_bull+volatility+breakout20_up+close_near_high,122,23,2.61731190,1.37815976,2,0,0.00000000,0.00000000
d1,200,5,ichimoku_cloud_bull+volatility+breakout_up20+close_near_high,122,23,2.61731190,1.37815976,2,0,0.00000000,0.00000000
d1,200,5,ichimoku_cloud_bull+volatility+elliott_impulse_bull+cross_group_bull,145,27,2.61505560,1.17398794,2,1,0.10000000,0.00000000
d1,200,5,ichimoku_cloud_bull+breakout20_up+mtf_adx25+cross_group_bull,187,29,2.61468759,1.63953488,1,0,0.00000000,0.00000000
d1,200,5,ichimoku_cloud_bull+breakout_up20+mtf_adx25+cross_group_bull,187,29,2.61468759,1.63953488,1,0,0.00000000,0.00000000
d1,200,5,ichimoku_cloud_bull+retest_up+mtf_adx25+cross_group_bull,187,29,2.61468759,1.63953488,1,0,0.00000000,0.00000000
d1,200,5,sma_stack_bull+horizontal_break_up+elliott_impulse_bull+cross_group_bull,153,39,2.60875860,1.21914132,4,0,0.00000000,0.00000000
d1,200,5,ichimoku_cloud_bull+rci_strong_bull+breakout20_up+cross_group_return_up,157,34,2.60585074,0.00000000,3,0,0.00000000,0.00000000
d1,200,5,ichimoku_cloud_bull+rci_strong_bull+breakout_up20+cross_group_return_up,157,34,2.60585074,0.00000000,3,0,0.00000000,0.00000000
d1,200,5,ichimoku_cloud_bull+rci_strong_bull+retest_up+cross_group_return_up,157,34,2.60585074,0.00000000,3,0,0.00000000,0.00000000
d1,200,5,sma_stack_bull+elliott_impulse_bull+mtf_adx25+cross_group_bull,146,25,2.59714426,1.90186047,2,1,0.07142857,0.00000000
d1,200,5,sma_stack_bull+bb_expand+elliott_impulse_bull+cross_group_return_up,123,30,2.59603294,2.64147287,2,1,0.30000000,0.00000000
d1,200,5,trend_bull+volatility+breakout20_up+close_near_high,128,19,2.57258245,1.66829865,2,0,0.00000000,0.00000000
d1,200,5,trend_bull+volatility+breakout_up20+close_near_high,128,19,2.57258245,1.66829865,2,0,0.00000000,0.00000000
d1,200,5,volatility+elliott_impulse_bull+mtf_adx25+cross_group_bull,163,19,2.57114766,1.66829865,1,0,0.00000000,0.00000000
d1,200,5,sma_stack_bull+horizontal_break_up+elliott_wave5_bull+cross_group_bull,144,30,2.56392056,1.58488372,3,0,0.00000000,0.00000000
d1,200,5,trend_bull+bb_expand+elliott_impulse_bull+cross_group_bull,191,26,2.55992974,1.82871199,1,0,0.00000000,0.00000000
d1,200,5,sma_stack_bull+pin_bull,195,63,2.55859016,3.01882614,4,3,0.19833683,0.05882353
d1,200,5,trend_bull+bb_expand+horizontal_break_up+cross_group_return_up,172,37,2.55263995,2.14173476,2,1,0.20000000,0.00000000
d1,200,5,trend_bull+volatility+elliott_impulse_bull+cross_group_return_up,129,29,2.55263995,1.09302326,2,1,0.08333333,0.00000000
d1,200,5,ichimoku_cloud_bull+volatility+breakout20_up+mtf_adx25,149,23,2.54485276,2.06723964,3,1,0.05555556,0.00000000
d1,200,5,ichimoku_cloud_bull+volatility+breakout_up20+mtf_adx25,149,23,2.54485276,2.06723964,3,1,0.05555556,0.00000000
d1,200,5,sma_stack_bull+rci_strong_bull+volatility+mtf_adx25,208,26,2.54259897,0.00000000,3,0,0.00000000,0.00000000
d1,200,5,sma_stack_bull+horizontal_break_up+mtf_rsi60+cross_group_bull,161,44,2.54110911,1.08060254,5,0,0.00000000,0.00000000
d1,200,5,sma_stack_bull+bb_expand+breakout20_up+cross_group_return_up,134,34,2.53185862,1.86456908,2,1,0.20000000,0.00000000
d1,200,5,sma_stack_bull+bb_expand+breakout_up20+cross_group_return_up,134,34,2.53185862,1.86456908,2,1,0.20000000,0.00000000
d1,200,5,sma_stack_bull+bb_expand+retest_up+cross_group_return_up,134,33,2.53185862,1.92107118,1,0,0.00000000,0.00000000
d1,200,5,sma_stack_bull+breakout20_up+mtf_adx25+cross_group_bull,134,27,2.53185862,1.76098191,2,1,0.08333333,0.00000000
d1,200,5,sma_stack_bull+breakout_up20+mtf_adx25+cross_group_bull,134,27,2.53185862,1.76098191,2,1,0.08333333,0.00000000
d1,200,5,sma_stack_bull+retest_up+mtf_adx25+cross_group_bull,134,27,2.53185862,1.76098191,2,1,0.08333333,0.00000000
d1,200,5,ichimoku_cloud_bull+volatility+breakout20_up+elliott_wave5_bull,138,26,2.53077940,1.21914132,3,0,0.00000000,0.00000000
d1,200,5,ichimoku_cloud_bull+volatility+breakout_up20+elliott_wave5_bull,138,26,2.53077940,1.21914132,3,0,0.00000000,0.00000000
d1,200,5,ichimoku_cloud_bull+volatility+retest_up+elliott_wave5_bull,138,26,2.53077940,1.21914132,3,0,0.00000000,0.00000000
d1,200,5,trend_bull+volatility+close_near_high+elliott_impulse_bull,150,23,2.52788708,1.37815976,3,1,0.05555556,0.00000000
d1,200,5,ichimoku_cloud_bull+breakout20_up+close_near_high+cross_group_bull,178,32,2.52265491,1.98110465,2,0,0.00000000,0.00000000
d1,200,5,ichimoku_cloud_bull+breakout_up20+close_near_high+cross_group_bull,178,32,2.52265491,1.98110465,2,0,0.00000000,0.00000000
d1,200,5,trend_bull+rci_strong_bull+breakout20_up+cross_group_bull,186,31,2.52144934,0.00000000,4,0,0.00000000,0.00000000
d1,200,5,trend_bull+rci_strong_bull+breakout_up20+cross_group_bull,186,31,2.52144934,0.00000000,4,0,0.00000000,0.00000000
d1,200,5,trend_bull+rci_strong_bull+retest_up+cross_group_bull,186,31,2.52144934,0.00000000,4,0,0.00000000,0.00000000
d1,200,5,trend_bull+bb_expand+breakout20_up+cross_group_bull,202,29,2.51932467,1.63953488,1,0,0.00000000,0.00000000
d1,200,5,trend_bull+bb_expand+breakout_up20+cross_group_bull,202,29,2.51932467,1.63953488,1,0,0.00000000,0.00000000
d1,200,5,trend_bull+bb_expand+retest_up+cross_group_bull,202,29,2.51932467,1.63953488,1,0,0.00000000,0.00000000
d1,200,5,trend_bull+volatility+mtf_rsi60+cross_group_bull,238,40,2.51558865,1.58488372,4,2,0.15000000,0.00000000
d1,200,5,ichimoku_cloud_bull+bb_expand+horizontal_break_up+cross_group_bull,123,25,2.51490691,1.90186047,1,0,0.00000000,0.00000000
d1,200,5,ichimoku_cloud_bull+adx25+pin_bull,127,28,2.51426813,3.96220930,4,2,0.25625000,0.00000000
d1,200,5,pin_bull+mtf_trend_bull+cross_group_return_up,127,26,2.51426813,1.21914132,4,2,0.08125000,0.00000000
d1,200,5,ichimoku_cloud_bull+pin_bull,274,64,2.51283435,2.72401890,4,3,0.19172390,0.06250000
d1,200,5,sma_stack_bull+adx_up3+volatility+mtf_rsi60,139,26,2.51257235,0.60957066,2,1,0.08333333,0.00000000
d1,200,5,ichimoku_cloud_bull+rci_strong_bull+elliott_impulse_bull+cross_group_bull,147,21,2.51159565,0.00000000,1,0,0.00000000,0.00000000
d1,200,5,sma_stack_bull+horizontal_break_up+cross_group_bull,163,44,2.50992986,1.08060254,5,0,0.00000000,0.00000000
d1,200,5,sma_stack_bull+horizontal_break_up+retest_up+cross_group_bull,163,44,2.50992986,1.08060254,5,0,0.00000000,0.00000000
d1,200,5,sma_stack_bull+horizontal_break_up+mtf_trend_bull+cross_group_bull,163,44,2.50992986,1.08060254,5,0,0.00000000,0.00000000
d1,200,5,ichimoku_cloud_bull+breakout20_up+mtf_adx25+cross_group_return_up,208,40,2.49462541,1.98110465,5,2,0.09714286,0.00000000
d1,200,5,ichimoku_cloud_bull+breakout_up20+mtf_adx25+cross_group_return_up,208,40,2.49462541,1.98110465,5,2,0.09714286,0.00000000
d1,200,5,ichimoku_cloud_bull+retest_up+mtf_adx25+cross_group_return_up,208,38,2.49462541,1.66829865,5,2,0.10666667,0.00000000
d1,200,5,trend_bull+rci_strong_bull+elliott_impulse_bull+cross_group_bull,180,27,2.49462541,0.00000000,2,0,0.00000000,0.00000000
d1,200,5,trend_bull+rci_strong_bull+horizontal_break_up+cross_group_return_up,156,30,2.49462541,0.00000000,2,0,0.00000000,0.00000000
d1,200,5,ichimoku_cloud_bull+volatility+retest_up+mtf_adx25,148,21,2.49462541,1.50941307,3,1,0.06666667,0.00000000
d1,200,5,ichimoku_cloud_bull+rci_strong_bull+elliott_wave5_bull+cross_group_bull,136,18,2.49462541,0.00000000,1,0,0.00000000,0.00000000
d1,200,5,ichimoku_cloud_bull+bb_expand+horizontal_break_up+cross_group_return_up,136,35,2.49462541,2.26411960,3,1,0.13333333,0.00000000
d1,200,5,trend_bull+pin_bull+cross_group_bull,128,27,2.49462541,1.17398794,4,2,0.06696429,0.00000000
d1,200,5,sma_stack_bull+close_near_high+elliott_wave3_bull+mtf_adx25,120,27,2.49462541,1.76098191,3,1,0.05555556,0.00000000
d1,200,5,pin_bull+cross_group_bull,185,37,2.48114095,1.71338781,4,3,0.10606061,0.00000000
d1,200,5,trend_bull+volatility+breakout20_up+elliott_impulse_bull,173,29,2.48020561,1.09302326,2,0,0.00000000,0.00000000
d1,200,5,trend_bull+volatility+breakout_up20+elliott_impulse_bull,173,29,2.48020561,1.09302326,2,0,0.00000000,0.00000000
d1,200,5,trend_bull+rci_strong_bull+elliott_wave5_bull+cross_group_bull,165,21,2.47950647,0.00000000,2,0,0.00000000,0.00000000
d1,200,5,rci_strong_bull+volatility+mtf_adx25+cross_group_bull,165,25,2.47950647,0.00000000,2,0,0.00000000,0.00000000
d1,200,5,ichimoku_cloud_bull+volatility+close_near_high+elliott_wave5_bull,129,21,2.47528723,1.50941307,1,0,0.00000000,0.00000000
d1,200,10,bb_expand+pin_bull,120,20,2.82150830,2.50666667,3,3,0.39047619,0.20000000
d1,200,10,volatility+pin_bull,166,36,2.73982105,3.82962963,4,4,0.62797619,0.42857143
d1,200,10,rci_bull+pin_bull+cross_group_return_up,134,30,2.30045008,0.62666667,4,1,0.10069444,0.00000000
d1,200,10,rci_bull+pin_bull+mtf_price200_bull+cross_group_return_up,132,26,2.29702169,0.72307692,3,1,0.14484127,0.12500000
d1,200,10,trend_bull+pin_bull+cross_group_bull,128,27,2.28984349,0.92839506,4,1,0.12946429,0.00000000
d1,200,10,pin_bull+cross_target_relative_up,179,30,2.28675567,2.29777778,4,3,0.38174603,0.11111111
d1,200,10,trend_bull+pin_bull+mtf_price200_bull+cross_group_bull,120,25,2.27405147,1.00266667,4,1,0.14285714,0.00000000
d1,200,10,pin_bull+mtf_trend_bull+cross_group_return_up,127,26,2.26808283,0.96410256,4,1,0.16696429,0.00000000
d1,200,10,pin_bull+mtf_price200_bull+cross_target_relative_up,123,19,2.25967174,1.64912281,3,2,0.27619048,0.00000000
d1,200,10,price200_bull+rci_bull+pin_bull+cross_group_return_up,123,30,2.25967174,0.62666667,4,1,0.10069444,0.00000000
d1,200,10,sma_stack_bull+pin_bull,195,63,2.25461513,2.28783069,4,4,0.37769608,0.25000000
d1,200,10,price200_bull+pin_bull+mtf_trend_bull+cross_group_return_up,120,26,2.23193940,0.96410256,4,1,0.16696429,0.00000000
d1,200,10,trend_bull+pin_bull+cross_group_return_up,144,31,2.21088337,1.01075269,4,1,0.16071429,0.00000000
d1,200,10,trend_bull+pin_bull+mtf_price200_bull+cross_group_return_up,133,29,2.20375915,1.08045977,4,1,0.17410714,0.00000000
d1,200,10,sma_stack_bull+bb_expand+close_near_high+cross_group_bull,129,33,2.19374474,1.13939394,2,0,0.00000000,0.00000000
d1,200,10,price200_bull+pin_bull+cross_target_relative_up,143,28,2.19100530,2.23809524,4,3,0.36736111,0.12500000
d1,200,10,pin_bull+mtf_price200_bull+cross_group_bull,146,28,2.18059730,1.11904762,4,2,0.14583333,0.00000000
d1,200,10,trend_bull+pin_bull,246,64,2.17750186,1.76250000,4,4,0.30141956,0.17647059
d1,200,10,sma_stack_bull+pin_bull+mtf_price200_bull,150,44,2.15613769,1.56666667,4,2,0.23543124,0.00000000
d1,200,10,price200_bull+pin_bull+mtf_price200_bull+cross_group_bull,134,28,2.14960089,1.11904762,4,2,0.14583333,0.00000000
d1,200,10,rci_bull+pin_bull,237,52,2.13225642,0.96410256,4,2,0.17259358,0.00000000
d1,200,10,pin_bull+mtf_price200_bull+cross_group_return_up,164,32,2.12614568,1.17500000,4,2,0.17460317,0.00000000
d1,200,10,trend_bull+rci_bull+pin_bull,162,42,2.12120027,1.04444444,4,2,0.19285714,0.00000000
d1,200,10,sma_stack_bull+close_near_high+elliott_impulse_bull+cross_group_bull,162,38,2.12120027,1.31929825,4,2,0.28402778,0.11111111
d1,200,10,trend_bull+rci_bull+pin_bull+mtf_price200_bull,158,38,2.11093385,1.15438596,4,2,0.19560440,0.00000000
d1,200,10,trend_bull+di_spread_up3+volatility+cross_group_bull,204,37,2.10560321,1.18558559,4,3,0.27380952,0.00000000
d1,200,10,pin_bull+cross_group_bull,185,37,2.10332688,1.52432432,4,2,0.23327020,0.11111111
d1,200,10,sma_stack_bull+bb_expand+breakout20_up+cross_group_bull,123,26,2.09533198,0.96410256,1,0,0.00000000,0.00000000
d1,200,10,sma_stack_bull+bb_expand+breakout_up20+cross_group_bull,123,26,2.09533198,0.96410256,1,0,0.00000000,0.00000000
d1,200,10,sma_stack_bull+bb_expand+channel_breakout_up+cross_group_bull,123,26,2.09533198,0.96410256,1,0,0.00000000,0.00000000
d1,200,10,sma_stack_bull+bb_expand+retest_up+cross_group_bull,123,26,2.09533198,0.96410256,1,0,0.00000000,0.00000000
d1,200,10,price200_bull+pin_bull+mtf_price200_bull+cross_group_return_up,150,32,2.08875839,1.17500000,4,2,0.17460317,0.00000000
d1,200,10,trend_bull+rci_bull+pin_bull+mtf_trend_bull,143,35,2.08498891,1.25333333,4,3,0.24166667,0.00000000
d1,200,10,trend_bull+bb_expand+close_near_high+cross_group_bull,187,33,2.08083141,0.94949495,3,1,0.06666667,0.00000000
d1,200,10,rci_bull+pin_bull+mtf_price200_bull,214,43,2.07805326,1.16589147,4,2,0.18997669,0.00000000
d1,200,10,trend_bull+volatility+elliott_impulse_bull+cross_group_return_up,129,29,2.07622270,0.64827586,2,1,0.08333333,0.00000000
d1,200,10,price200_bull+pin_bull,327,81,2.07083178,1.77942387,4,3,0.30676248,0.13636364
d1,200,10,price200_bull+pin_bull+cross_group_bull,159,35,2.06587485,1.43238095,4,2,0.20549242,0.00000000
d1,200,10,price200_bull+pin_bull+cross_group_return_up,179,40,2.06090325,1.41000000,4,3,0.21590909,0.00000000
d1,200,10,pin_bull+cross_group_return_up,211,42,2.05969907,1.49206349,4,3,0.23914141,0.11111111
d1,200,10,trend_bull+pin_bull+mtf_price200_bull,204,48,2.05605961,1.43611111,4,2,0.22627373,0.00000000
d1,200,10,price200_bull+rci_bull+pin_bull,202,52,2.05139956,0.96410256,4,2,0.17259358,0.00000000
d1,200,10,sma_stack_bull+close_near_high+elliott_wave5_bull+cross_group_bull,141,24,2.04288312,1.82777778,1,0,0.14285714,0.14285714
d1,200,10,price200_bull+rci_bull+pin_bull+mtf_price200_bull,191,43,2.03725379,1.16589147,4,2,0.18997669,0.00000000
d1,200,10,sma_stack_bull+adx_up3+volatility+mtf_rsi60,139,26,2.03592138,0.24102564,2,1,0.08333333,0.00000000
d1,200,10,trend_bull+pin_bull+mtf_trend_bull,159,39,2.03409216,1.44615385,4,3,0.25270563,0.00000000
d1,200,10,pin_bull+mtf_price200_bull,270,53,2.02137908,1.41886792,4,2,0.22115385,0.00000000
d1,200,10,rci_bull+pin_bull+mtf_trend_bull,175,36,2.02137908,1.21851852,4,3,0.24166667,0.00000000
d1,200,10,trend_bull+volatility+mtf_rsi60+cross_group_bull,238,40,2.01713249,0.78333333,4,2,0.19166667,0.00000000
d1,200,10,sma_stack_bull+breakout20_up+close_near_high+cross_group_bull,138,37,2.01405525,1.01621622,4,0,0.03571429,0.00000000
d1,200,10,sma_stack_bull+breakout_up20+close_near_high+cross_group_bull,138,37,2.01405525,1.01621622,4,0,0.03571429,0.00000000
d1,200,10,sma_stack_bull+channel_breakout_up+close_near_high+cross_group_bull,138,37,2.01405525,1.01621622,4,0,0.03571429,0.00000000
d1,200,10,trend_bull+bb_expand+elliott_impulse_bull+cross_group_bull,191,26,2.01079595,0.96410256,1,0,0.00000000,0.00000000
d1,200,10,price200_bull+volatility+elliott_wave5_bull+cross_group_bull,131,24,2.00594871,0.52222222,1,0,0.00000000,0.00000000
d1,200,10,trend_bull+bb_expand+breakout20_up+cross_group_bull,202,29,2.00136543,0.86436782,1,0,0.00000000,0.00000000
d1,200,10,trend_bull+bb_expand+breakout_up20+cross_group_bull,202,29,2.00136543,0.86436782,1,0,0.00000000,0.00000000
d1,200,10,trend_bull+bb_expand+channel_breakout_up+cross_group_bull,202,29,2.00136543,0.86436782,1,0,0.00000000,0.00000000
d1,200,10,trend_bull+bb_expand+retest_up+cross_group_bull,202,29,2.00136543,0.86436782,1,0,0.00000000,0.00000000
d1,200,10,trend_bull+di_spread_up3+volatility+elliott_impulse_bull,167,22,1.99717095,0.56969697,1,0,0.00000000,0.00000000
d1,200,10,sma_stack_bull+bb_expand+close_near_high+cross_group_return_up,152,48,1.99478199,1.04444444,5,3,0.19333333,0.00000000
d1,200,10,sma_stack_bull+adx_up3+bb_expand+close_near_high,170,39,1.99165292,1.60683761,3,2,0.27407407,0.00000000
d1,200,10,sma_stack_bull+close_near_high+elliott_impulse_bull+cross_group_return_up,173,49,1.98632627,1.15102041,5,3,0.21850649,0.00000000
d1,200,10,sma_stack_bull+adx_up3+volatility+mtf_price200_bull,222,39,1.98040518,0.32136752,3,1,0.07407407,0.00000000
d1,200,10,sma_stack_bull+close_near_high+elliott_wave5_bull+cross_group_return_up,148,32,1.98040518,1.37083333,2,0,0.06250000,0.00000000
d1,200,10,pin_bull+mtf_trend_bull,194,40,1.97970116,1.41000000,4,3,0.25270563,0.00000000
d1,200,10,trend_bull+di_spread_up3+volatility+elliott_wave5_bull,143,18,1.97897253,0.69629630,1,0,0.00000000,0.00000000
d1,200,10,price200_bull+pin_bull+mtf_price200_bull,243,53,1.97562770,1.41886792,4,2,0.22115385,0.00000000
d1,200,10,sma_stack_bull+adx_up3+volatility,297,82,1.97373715,1.75772358,7,4,0.25811966,0.00000000
d1,200,10,price200_bull+volatility+elliott_impulse_bull+cross_group_bull,169,32,1.97353579,0.58750000,3,1,0.06666667,0.00000000
d1,200,10,sma_stack_bull+breakout20_up+close_near_high+cross_group_return_up,146,46,1.97292137,1.08985507,6,2,0.20416667,0.00000000
d1,200,10,sma_stack_bull+breakout_up20+close_near_high+cross_group_return_up,146,46,1.97292137,1.08985507,6,2,0.20416667,0.00000000
d1,200,10,sma_stack_bull+channel_breakout_up+close_near_high+cross_group_return_up,146,46,1.97292137,1.08985507,6,2,0.20416667,0.00000000
d1,200,10,sma_stack_bull+volatility+mtf_rsi60+cross_group_bull,164,32,1.97207715,0.58750000,3,1,0.10317460,0.00000000
d1,200,10,sma_stack_bull+bb_expand+elliott_impulse_bull+cross_group_return_up,123,30,1.97207715,1.46222222,2,1,0.30000000,0.00000000
d1,200,10,trend_bull+di_spread_up3+volatility+cross_group_return_up,247,57,1.96409304,0.98947368,5,2,0.23428571,0.00000000
d1,200,10,trend_bull+close_near_high+elliott_impulse_bull+cross_group_bull,255,42,1.96192676,1.49206349,4,2,0.24950397,0.11111111
d1,200,10,sma_stack_bull+bb_expand+breakout20_up+cross_group_return_up,134,34,1.96103941,1.10588235,2,1,0.20000000,0.00000000
d1,200,10,sma_stack_bull+bb_expand+breakout_up20+cross_group_return_up,134,34,1.96103941,1.10588235,2,1,0.20000000,0.00000000
d1,200,10,sma_stack_bull+bb_expand+channel_breakout_up+cross_group_return_up,134,34,1.96103941,1.10588235,2,1,0.20000000,0.00000000
d1,200,10,sma_stack_bull+bb_expand+retest_up+cross_group_return_up,134,33,1.96103941,1.13939394,1,0,0.00000000,0.00000000
d1,200,10,volatility+breakout20_up+mtf_trend_bull+cross_group_bull,129,21,1.95870066,0.59682540,1,0,0.00000000,0.00000000
d1,200,10,volatility+breakout_up20+mtf_trend_bull+cross_group_bull,129,21,1.95870066,0.59682540,1,0,0.00000000,0.00000000
d1,200,10,volatility+channel_breakout_up+mtf_trend_bull+cross_group_bull,129,21,1.95870066,0.59682540,1,0,0.00000000,0.00000000
d1,200,10,volatility+retest_up+mtf_trend_bull+cross_group_bull,129,21,1.95870066,0.59682540,1,0,0.00000000,0.00000000
d1,200,10,trend_bull+breakout20_up+close_near_high+cross_group_bull,217,40,1.95617331,1.09666667,6,2,0.15714286,0.00000000
d1,200,10,trend_bull+breakout_up20+close_near_high+cross_group_bull,217,40,1.95617331,1.09666667,6,2,0.15714286,0.00000000
d1,200,10,trend_bull+channel_breakout_up+close_near_high+cross_group_bull,217,40,1.95617331,1.09666667,6,2,0.15714286,0.00000000
d1,200,10,volatility+elliott_impulse_bull+mtf_trend_bull+cross_group_bull,155,23,1.95617331,0.54492754,1,0,0.00000000,0.00000000
d1,200,10,sma_stack_bull+di_spread_up3+volatility+cross_group_bull,137,33,1.95498342,1.32929293,3,2,0.25714286,0.00000000
d1,200,10,price200_bull+rci_bull+pin_bull+mtf_trend_bull,163,36,1.95317304,1.21851852,4,3,0.24166667,0.00000000
d1,200,10,trend_bull+close_near_high+elliott_wave5_bull+cross_group_bull,215,26,1.95086586,1.92820513,1,0,0.14285714,0.14285714
d1,200,10,price200_bull+volatility+breakout20_up+cross_group_bull,127,23,1.94975541,0.54492754,2,0,0.00000000,0.00000000
d1,200,10,price200_bull+volatility+breakout_up20+cross_group_bull,127,23,1.94975541,0.54492754,2,0,0.00000000,0.00000000
d1,200,10,price200_bull+volatility+channel_breakout_up+cross_group_bull,127,23,1.94975541,0.54492754,2,0,0.00000000,0.00000000
d1,200,10,price200_bull+volatility+retest_up+cross_group_bull,127,23,1.94975541,0.54492754,2,0,0.00000000,0.00000000
d1,200,10,sma_stack_bull+di_spread_up3+close_near_high+cross_group_bull,178,49,1.93053058,1.40680272,6,3,0.20185185,0.00000000
d1,200,10,sma_stack_bull+volatility+mtf_rsi60+cross_target_relative_up,210,31,1.92512294,0.80860215,3,2,0.12222222,0.00000000
d1,200,10,trend_bull+rci_bull+volatility+elliott_wave5_bull,176,27,1.92375566,0.46419753,2,0,0.00000000,0.00000000
d1,300,1,ichimoku_cloud_bull+atr_expand+mtf_macd_bull,142,23,12.32756539,,2,2,0.00000000,0.00000000
d1,300,1,adx_up3+atr_expand+mtf_adx25,211,60,10.37034529,,6,6,0.00000000,0.00000000
d1,300,1,atr_expand+mtf_macd_bull,258,41,10.17740864,,2,2,0.00000000,0.00000000
d1,300,1,ichimoku_cloud_bull+atr_expand+mtf_volatility+cross_target_relative_up,130,27,10.09912088,,3,3,0.00000000,0.00000000
d1,300,1,adx_up3+atr_expand+mtf_volatility,218,59,10.03735256,,6,6,0.00000000,0.00000000
d1,300,1,ichimoku_cloud_bull+atr_expand+cross_target_relative_up,136,27,9.65357143,,3,3,0.00000000,0.00000000
d1,300,1,ichimoku_cloud_bull+adx_up3+atr_expand+mtf_adx25,136,38,9.65357143,,4,4,0.00000000,0.00000000
d1,300,1,adx_up3+atr_expand,229,60,9.55520898,,6,6,0.00000000,0.00000000
d1,300,1,sma_stack_bull+atr_expand+mtf_adx25,188,74,9.31124620,,6,6,0.00000000,0.00000000
d1,300,1,sma_stack_bull+atr_expand+mtf_volatility,238,83,9.19387755,,6,6,0.00000000,0.00000000
d1,300,1,ichimoku_cloud_bull+atr_expand+pullback_bull+mtf_volatility,144,37,9.11726190,,3,3,0.00000000,0.00000000
d1,300,1,ichimoku_cloud_bull+adx_up3+atr_expand+mtf_volatility,146,37,8.99236791,,4,4,0.00000000,0.00000000
d1,300,1,ichimoku_cloud_bull+adx_up3+pullback_bull+mtf_macd_bull,149,29,8.81131352,,1,1,0.00000000,0.00000000
d1,300,1,adx_up3+bb_expand+pullback_bull+mtf_macd_bull,150,31,8.75257143,,4,4,0.00000000,0.00000000
d1,300,1,sma_stack_bull+atr_expand,251,84,8.71770063,,6,6,0.00000000,0.00000000
d1,300,1,ichimoku_cloud_bull+atr_expand+pullback_bull,151,37,8.69460738,,3,3,0.00000000,0.00000000
d1,300,1,ichimoku_cloud_bull+adx_up3+atr_expand,152,38,8.63740602,,4,4,0.00000000,0.00000000
d1,300,1,ichimoku_cloud_bull+adx_up3+volatility+mtf_macd_bull,268,60,8.16471215,,7,7,0.00000000,0.00000000
d1,300,1,ichimoku_cloud_bull+adx_up3+volatility+pullback_bull,174,38,7.54532020,,4,4,0.00000000,0.00000000
d1,300,1,atr_expand+pullback_bull+mtf_adx25,175,46,7.50220408,,4,4,0.00000000,0.00000000
d1,300,1,ichimoku_cloud_bull+bb_expand+pullback_bull+mtf_macd_bull,175,30,7.50220408,,1,1,0.00000000,0.00000000
d1,300,1,atr_expand+mtf_adx25+cross_target_relative_up,176,33,7.45957792,,2,2,0.00000000,0.00000000
d1,300,1,ichimoku_cloud_bull+atr_expand+mtf_adx25,295,81,7.41743341,,8,8,0.00000000,0.00000000
d1,300,1,adx_up3+volatility+mtf_macd_bull,419,107,7.31121718,,10,10,0.00000000,0.00000000
d1,300,1,ichimoku_cloud_bull+atr_expand+mtf_volatility,365,90,7.19389432,,9,9,0.00000000,0.00000000
d1,300,1,ichimoku_cloud_bull+elliott_wave3_bull+mtf_volatility+cross_target_relative_up,122,17,7.17423888,,1,1,0.00000000,0.00000000
d1,300,1,bb_expand+elliott_wave3_bull+mtf_volatility+cross_target_relative_up,122,25,7.17423888,,2,2,0.00000000,0.00000000
d1,300,1,ichimoku_cloud_bull+volatility+horizontal_break_up,123,35,7.11591173,,4,4,0.00000000,0.00000000
d1,300,1,price200_bull+volatility+elliott_wave3_bull+mtf_volatility,123,25,7.11591173,,2,2,0.00000000,0.00000000
d1,300,1,ichimoku_cloud_bull+rci_strong_bull+pullback_bull+elliott_pullback_bull,187,38,7.02077922,,4,4,0.00000000,0.00000000
d1,300,1,sma_stack_bull+di_spread_up3+horizontal_break_up+cross_target_relative_up,125,25,7.00205714,,2,2,0.00000000,0.00000000
d1,300,1,horizontal_break_up+elliott_impulse_bull+mtf_volatility+cross_target_relative_up,125,27,7.00205714,,2,2,0.00000000,0.00000000
d1,300,1,sma_stack_bull+volatility+horizontal_break_up,126,29,6.94648526,,3,3,0.00000000,0.00000000
d1,300,1,sma_stack_bull+bb_expand+horizontal_break_up+elliott_wave3_bull,127,32,6.89178853,,2,2,0.00000000,0.00000000
d1,300,1,ichimoku_cloud_bull+atr_expand,383,91,6.85580007,,9,9,0.00000000,0.00000000
d1,300,1,bb_expand+horizontal_break_up+elliott_wave3_bull+mtf_volatility,128,33,6.83794643,,3,3,0.00000000,0.00000000
d1,300,1,bb_expand+pullback_bull+mtf_macd_bull,321,59,6.81664441,,7,7,0.00000000,0.00000000
d1,300,1,adx_up3+volatility+pullback_bull+mtf_volatility,193,33,6.80251665,,3,3,0.00000000,0.00000000
d1,300,1,ichimoku_cloud_bull+horizontal_break_up+mtf_volatility,129,32,6.78493909,,3,3,0.00000000,0.00000000
d1,300,1,ichimoku_cloud_bull+volatility+elliott_wave3_bull+mtf_adx25,129,27,6.78493909,,2,2,0.00000000,0.00000000
d1,300,1,sma_stack_bull+elliott_wave3_bull+mtf_macd_bull+cross_target_relative_up,129,31,6.78493909,,4,4,0.00000000,0.00000000
d1,300,1,price200_bull+inside_2,194,37,6.76745214,,3,3,0.00000000,0.00000000
d1,300,1,price200_bull+atr_expand+mtf_volatility+cross_target_relative_up,130,25,6.73274725,,2,2,0.00000000,0.00000000
d1,300,1,price200_bull+horizontal_break_up+mtf_volatility+cross_target_relative_up,131,27,6.68135224,,2,2,0.00000000,0.00000000
d1,300,1,sma_stack_bull+horizontal_break_up+elliott_impulse_bull+mtf_volatility,132,30,6.63073593,,3,3,0.00000000,0.00000000
d1,300,1,sma_stack_bull+elliott_wave3_bull+cross_target_relative_up,133,31,6.58088077,,4,4,0.00000000,0.00000000
d1,300,1,price200_bull+di_spread_up3+volatility+horizontal_break_up,133,25,6.58088077,,1,1,0.00000000,0.00000000
d1,300,1,di_spread_up3+bb_expand+pullback_bull+cross_target_relative_up,133,22,6.58088077,,1,1,0.00000000,0.00000000
d1,300,1,volatility+horizontal_break_up+elliott_wave3_bull+mtf_macd_bull,133,29,6.58088077,,3,3,0.00000000,0.00000000
d1,300,1,horizontal_break_up+mtf_volatility+cross_target_relative_up,134,28,6.53176972,,2,2,0.00000000,0.00000000
d1,300,1,ichimoku_cloud_bull+di_spread_up3+horizontal_break_up+cross_target_relative_up,134,18,6.53176972,,1,1,0.00000000,0.00000000
d1,300,1,sma_stack_bull+bb_expand+elliott_wave3_bull+mtf_macd_bull,134,33,6.53176972,,3,3,0.00000000,0.00000000
d1,300,1,ichimoku_cloud_bull+elliott_impulse_bull+mtf_volatility+cross_target_relative_up,134,18,6.53176972,,1,1,0.00000000,0.00000000
d1,300,1,di_spread_up3+volatility+horizontal_break_up+mtf_macd_bull,134,24,6.53176972,,1,1,0.00000000,0.00000000
d1,300,1,ichimoku_cloud_bull+volatility+pullback_bull+mtf_macd_bull,270,56,6.48338624,,7,7,0.00000000,0.00000000
d1,300,1,atr_expand+impulse_bull+mtf_adx25,135,23,6.48338624,,1,1,0.00000000,0.00000000
d1,300,1,ichimoku_cloud_bull+adx_up3+pullback_bull+mtf_volatility,203,37,6.46741731,,5,5,0.00000000,0.00000000
d1,300,1,sma_stack_bull+di_spread_up3+elliott_impulse_bull+mtf_volatility,136,26,6.43571429,,2,2,0.00000000,0.00000000
d1,300,1,price200_bull+volatility+horizontal_break_up+elliott_wave3_bull,136,31,6.43571429,,3,3,0.00000000,0.00000000
d1,300,1,di_spread_up3+volatility+horizontal_break_up+elliott_impulse_bull,136,21,6.43571429,,1,1,0.00000000,0.00000000
d1,300,1,ichimoku_cloud_bull+bb_expand+horizontal_break_up+elliott_wave3_bull,137,31,6.38873827,,3,3,0.00000000,0.00000000
d1,300,1,price200_bull+atr_expand+cross_target_relative_up,138,25,6.34244306,,2,2,0.00000000,0.00000000
d1,300,1,sma_stack_bull+range_tight+mtf_volatility,138,49,6.34244306,,4,4,0.00000000,0.00000000
d1,300,1,sma_stack_bull+horizontal_break_up+elliott_wave3_bull+mtf_adx25,138,29,6.34244306,,3,3,0.00000000,0.00000000
d1,300,1,volatility+elliott_wave3_bull+mtf_adx25+cross_target_relative_up,138,18,6.34244306,,1,1,0.00000000,0.00000000
d1,300,1,atr_expand+mtf_adx25,485,125,6.31628866,,11,11,0.00000000,0.00000000
d1,300,1,sma_stack_bull+volatility+mtf_volatility+cross_target_relative_up,278,51,6.29681398,,5,5,0.00000000,0.00000000
d1,300,1,price200_bull+atr_expand+mtf_macd_bull,139,28,6.29681398,,1,1,0.00000000,0.00000000
d1,300,1,sma_stack_bull+bb_expand+elliott_wave3_bull,140,34,6.25183673,,3,3,0.00000000,0.00000000
d1,300,1,ichimoku_cloud_bull+di_spread_up3+volatility+elliott_wave3_bull,140,33,6.25183673,,2,2,0.00000000,0.00000000
d1,300,1,di_spread_up3+volatility+horizontal_break_up,141,25,6.20749747,,1,1,0.00000000,0.00000000
d1,300,1,price200_bull+volatility+elliott_wave3_bull+cross_target_relative_up,142,22,6.16378270,,2,2,0.00000000,0.00000000
d1,300,1,di_spread_up3+bb_expand+pullback_bull+cross_group_return_up,142,22,6.16378270,,1,1,0.00000000,0.00000000
d1,300,1,bb_expand+elliott_impulse_bull+mtf_volatility+cross_target_relative_up,142,26,6.16378270,,3,3,0.00000000,0.00000000
d1,300,1,volatility+horizontal_break_up+elliott_wave3_bull,143,31,6.12067932,,3,3,0.00000000,0.00000000
d1,300,1,horizontal_break_up+elliott_wave3_bull+mtf_adx25+cross_target_relative_up,143,29,6.12067932,,1,1,0.00000000,0.00000000
d1,300,1,sma_stack_bull+elliott_wave3_bull+mtf_volatility,144,32,6.07817460,,3,3,0.00000000,0.00000000
d1,300,1,sma_stack_bull+di_spread_up3+horizontal_break_up+elliott_wave3_bull,144,35,6.07817460,,4,4,0.00000000,0.00000000
d1,300,1,price200_bull+volatility+elliott_impulse_bull+mtf_volatility,144,25,6.07817460,,2,2,0.00000000,0.00000000
d1,300,1,sma_stack_bull+horizontal_break_up+mtf_volatility,145,31,6.03625616,,3,3,0.00000000,0.00000000
d1,300,1,bb_expand+horizontal_break_up+elliott_impulse_bull+mtf_volatility,145,35,6.03625616,,4,4,0.00000000,0.00000000
d1,300,1,sma_stack_bull+adx_up3+volatility+mtf_macd_bull,146,38,5.99491194,,5,5,0.00000000,0.00000000
d1,300,1,ichimoku_cloud_bull+horizontal_break_up+elliott_wave3_bull+mtf_adx25,146,29,5.99491194,,1,1,0.00000000,0.00000000
d1,300,1,di_spread_up3+volatility+elliott_wave3_bull+mtf_volatility,147,18,5.95413022,,1,1,0.00000000,0.00000000
d1,300,1,ichimoku_cloud_bull+bb_expand+elliott_wave3_bull+mtf_adx25,149,25,5.87420901,,2,2,0.00000000,0.00000000
d1,300,1,di_spread_up3+horizontal_break_up+elliott_wave3_bull+mtf_volatility,149,32,5.87420901,,1,1,0.00000000,0.00000000
d1,300,1,ichimoku_cloud_bull+rci_strong_bull+elliott_pullback_bull,224,45,5.86109694,,5,5,0.00000000,0.00000000
d1,300,1,di_spread_up3+pullback_bull+mtf_volatility+cross_group_return_up,224,23,5.86109694,,1,1,0.00000000,0.00000000
d1,300,1,ichimoku_cloud_bull+range_tight+cross_target_relative_up,151,25,5.79640492,,2,2,0.00000000,0.00000000
d1,300,1,ichimoku_cloud_bull+di_spread_up3+horizontal_break_up+elliott_wave3_bull,151,31,5.79640492,,1,1,0.00000000,0.00000000
d1,300,3,pin_bull+mtf_adx25,180,39,6.41415410,0.00000000,4,0,0.00000000,0.00000000
d1,300,3,volatility+breakout20_up+mtf_adx25+cross_group_bull,122,16,5.67810363,0.00000000,1,0,0.00000000,0.00000000
d1,300,3,volatility+breakout_up20+mtf_adx25+cross_group_bull,122,16,5.67810363,0.00000000,1,0,0.00000000,0.00000000
d1,300,3,volatility+retest_up+mtf_adx25+cross_group_bull,122,16,5.67810363,0.00000000,1,0,0.00000000,0.00000000
d1,300,3,volatility+pin_bull,166,36,5.56408549,0.00000000,4,0,0.00000000,0.00000000
d1,300,3,atr_expand+mtf_adx25+cross_target_relative_up,176,33,5.24794427,0.00000000,2,0,0.00000000,0.00000000
d1,300,3,trend_bull+volatility+elliott_impulse_bull+cross_target_relative_up,133,15,5.20848604,0.00000000,1,0,0.00000000,0.00000000
d1,300,3,volatility+breakout20_up+mtf_adx25+cross_target_relative_up,148,16,5.20066549,0.00000000,1,0,0.00000000,0.00000000
d1,300,3,volatility+breakout_up20+mtf_adx25+cross_target_relative_up,148,16,5.20066549,0.00000000,1,0,0.00000000,0.00000000
d1,300,3,bb_expand+pin_bull,120,20,5.13132328,0.00000000,3,0,0.00000000,0.00000000
d1,300,3,rsi60+volatility+breakout20_up+cross_group_bull,136,22,5.09359296,0.00000000,2,0,0.00000000,0.00000000
d1,300,3,rsi60+volatility+breakout_up20+cross_group_bull,136,22,5.09359296,0.00000000,2,0,0.00000000,0.00000000
d1,300,3,rsi60+volatility+retest_up+cross_group_bull,136,22,5.09359296,0.00000000,2,0,0.00000000,0.00000000
d1,300,3,ichimoku_cloud_bull+volatility+breakout20_up+close_near_high,122,23,5.04720323,0.00000000,2,0,0.00000000,0.00000000
d1,300,3,ichimoku_cloud_bull+volatility+breakout_up20+close_near_high,122,23,5.04720323,0.00000000,2,0,0.00000000,0.00000000
d1,300,3,ichimoku_cloud_bull+breakout20_up+mtf_adx25+cross_group_bull,187,29,4.93924166,0.00000000,1,0,0.00000000,0.00000000
d1,300,3,ichimoku_cloud_bull+breakout_up20+mtf_adx25+cross_group_bull,187,29,4.93924166,0.00000000,1,0,0.00000000,0.00000000
d1,300,3,ichimoku_cloud_bull+retest_up+mtf_adx25+cross_group_bull,187,29,4.93924166,0.00000000,1,0,0.00000000,0.00000000
d1,300,3,trend_bull+rci_strong_bull+volatility+cross_group_bull,156,27,4.93396470,0.00000000,1,0,0.00000000,0.00000000
d1,300,3,ichimoku_cloud_bull+breakout20_up+close_near_high+elliott_wave3_bull,159,36,4.84087102,0.00000000,3,0,0.00000000,0.00000000
d1,300,3,ichimoku_cloud_bull+breakout_up20+close_near_high+elliott_wave3_bull,159,36,4.84087102,0.00000000,3,0,0.00000000,0.00000000
d1,300,3,ichimoku_cloud_bull+breakout20_up+mtf_adx25+cross_group_return_up,208,40,4.81061558,0.00000000,5,0,0.00000000,0.00000000
d1,300,3,ichimoku_cloud_bull+breakout_up20+mtf_adx25+cross_group_return_up,208,40,4.81061558,0.00000000,5,0,0.00000000,0.00000000
d1,300,3,ichimoku_cloud_bull+retest_up+mtf_adx25+cross_group_return_up,208,38,4.81061558,0.00000000,5,0,0.00000000,0.00000000
d1,300,3,volatility+breakout20_up+mtf_adx25+cross_group_return_up,144,25,4.81061558,0.00000000,3,0,0.00000000,0.00000000
d1,300,3,volatility+breakout_up20+mtf_adx25+cross_group_return_up,144,25,4.81061558,0.00000000,3,0,0.00000000,0.00000000
d1,300,3,volatility+retest_up+mtf_adx25+cross_group_return_up,144,23,4.81061558,0.00000000,2,0,0.00000000,0.00000000
d1,300,3,ichimoku_cloud_bull+breakout20_up+close_near_high+cross_group_return_up,193,43,4.78569011,0.00000000,3,0,0.00000000,0.00000000
d1,300,3,ichimoku_cloud_bull+breakout_up20+close_near_high+cross_group_return_up,193,43,4.78569011,0.00000000,3,0,0.00000000,0.00000000
d1,300,3,sma_stack_bull+rsi60+volatility+elliott_wave5_bull,129,22,4.77332398,0.00000000,2,0,0.00000000,0.00000000
d1,300,3,ichimoku_cloud_bull+breakout20_up+close_near_high+cross_group_bull,178,32,4.75656372,0.00000000,2,0,0.00000000,0.00000000
d1,300,3,ichimoku_cloud_bull+breakout_up20+close_near_high+cross_group_bull,178,32,4.75656372,0.00000000,2,0,0.00000000,0.00000000
d1,300,3,volatility+breakout20_up+mtf_rsi60+cross_group_bull,146,24,4.74471673,0.00000000,2,0,0.00000000,0.00000000
d1,300,3,volatility+breakout_up20+mtf_rsi60+cross_group_bull,146,24,4.74471673,0.00000000,2,0,0.00000000,0.00000000
d1,300,3,volatility+retest_up+mtf_rsi60+cross_group_bull,146,24,4.74471673,0.00000000,2,0,0.00000000,0.00000000
d1,300,3,sma_stack_bull+volatility+breakout20_up+elliott_impulse_bull,130,24,4.73660611,0.00000000,2,0,0.00000000,0.00000000
d1,300,3,sma_stack_bull+volatility+breakout_up20+elliott_impulse_bull,130,24,4.73660611,0.00000000,2,0,0.00000000,0.00000000
d1,300,3,ichimoku_cloud_bull+atr_expand+mtf_volatility+cross_target_relative_up,130,27,4.73660611,0.00000000,3,0,0.00000000,0.00000000
d1,300,3,pin_bull+cross_target_relative_up,179,30,4.72999074,0.00000000,4,0,0.00000000,0.00000000
d1,300,3,volatility+breakout20_up+cross_group_bull,147,24,4.71243975,0.00000000,2,0,0.00000000,0.00000000
d1,300,3,volatility+breakout_up20+cross_group_bull,147,24,4.71243975,0.00000000,2,0,0.00000000,0.00000000
d1,300,3,volatility+retest_up+cross_group_bull,147,24,4.71243975,0.00000000,2,0,0.00000000,0.00000000
d1,300,3,volatility+breakout20_up+retest_up+cross_group_bull,147,24,4.71243975,0.00000000,2,0,0.00000000,0.00000000
d1,300,3,volatility+breakout_up20+retest_up+cross_group_bull,147,24,4.71243975,0.00000000,2,0,0.00000000,0.00000000
d1,300,3,volatility+retest_up+mtf_adx25+cross_target_relative_up,147,16,4.71243975,0.00000000,1,0,0.00000000,0.00000000
d1,300,3,rci_strong_bull+volatility+mtf_adx25+cross_group_bull,165,25,4.66483935,0.00000000,2,0,0.00000000,0.00000000
d1,300,3,ichimoku_cloud_bull+volatility+breakout20_up+mtf_adx25,149,23,4.64918552,0.00000000,3,0,0.00000000,0.00000000
d1,300,3,ichimoku_cloud_bull+volatility+breakout_up20+mtf_adx25,149,23,4.64918552,0.00000000,3,0,0.00000000,0.00000000
d1,300,3,trend_bull+volatility+breakout20_up+mtf_adx25,149,21,4.64918552,0.00000000,2,0,0.00000000,0.00000000
d1,300,3,trend_bull+volatility+breakout_up20+mtf_adx25,149,21,4.64918552,0.00000000,2,0,0.00000000,0.00000000
d1,300,3,sma_stack_bull+volatility+elliott_wave5_bull+mtf_rsi60,134,22,4.59521488,0.00000000,2,0,0.00000000,0.00000000
d1,300,3,sma_stack_bull+breakout20_up+mtf_adx25+cross_group_bull,134,27,4.59521488,0.00000000,2,0,0.00000000,0.00000000
d1,300,3,sma_stack_bull+breakout_up20+mtf_adx25+cross_group_bull,134,27,4.59521488,0.00000000,2,0,0.00000000,0.00000000
d1,300,3,sma_stack_bull+retest_up+mtf_adx25+cross_group_bull,134,27,4.59521488,0.00000000,2,0,0.00000000,0.00000000
d1,300,3,sma_stack_bull+volatility+elliott_wave5_bull,135,22,4.56117625,0.00000000,2,0,0.00000000,0.00000000
d1,300,3,sma_stack_bull+rsi60+volatility+elliott_impulse_bull,152,31,4.55742528,0.00000000,3,0,0.00000000,0.00000000
d1,300,3,trend_bull+volatility+mtf_rsi60+cross_group_bull,238,40,4.52763819,0.00000000,4,0,0.00000000,0.00000000
d1,300,3,sma_stack_bull+horizontal_break_up+elliott_impulse_bull+cross_group_bull,153,39,4.52763819,0.00000000,4,0,0.00000000,0.00000000
d1,300,3,ichimoku_cloud_bull+atr_expand+cross_target_relative_up,136,27,4.52763819,0.00000000,3,0,0.00000000,0.00000000
d1,300,3,ichimoku_cloud_bull+breakout20_up+mtf_rsi60+cross_group_bull,256,53,4.50995210,0.00000000,4,0,0.00000000,0.00000000
d1,300,3,ichimoku_cloud_bull+breakout_up20+mtf_rsi60+cross_group_bull,256,53,4.50995210,0.00000000,4,0,0.00000000,0.00000000
d1,300,3,ichimoku_cloud_bull+retest_up+mtf_rsi60+cross_group_bull,256,53,4.50995210,0.00000000,4,0,0.00000000,0.00000000
d1,300,3,volatility+breakout20_up+elliott_impulse_bull+cross_group_bull,137,23,4.49458974,0.00000000,1,0,0.00000000,0.00000000
d1,300,3,volatility+breakout_up20+elliott_impulse_bull+cross_group_bull,137,23,4.49458974,0.00000000,1,0,0.00000000,0.00000000
d1,300,3,volatility+retest_up+elliott_impulse_bull+cross_group_bull,137,23,4.49458974,0.00000000,1,0,0.00000000,0.00000000
d1,300,3,ichimoku_cloud_bull+horizontal_break_up+close_near_high+elliott_wave3_bull,120,31,4.48990787,0.00000000,3,0,0.00000000,0.00000000
d1,300,3,ichimoku_cloud_bull+breakout20_up+cross_group_bull,258,53,4.47499124,0.00000000,4,0,0.00000000,0.00000000
d1,300,3,ichimoku_cloud_bull+breakout_up20+cross_group_bull,258,53,4.47499124,0.00000000,4,0,0.00000000,0.00000000
d1,300,3,ichimoku_cloud_bull+retest_up+cross_group_bull,258,53,4.47499124,0.00000000,4,0,0.00000000,0.00000000
d1,300,3,ichimoku_cloud_bull+breakout20_up+retest_up+cross_group_bull,258,53,4.47499124,0.00000000,4,0,0.00000000,0.00000000
d1,300,3,ichimoku_cloud_bull+breakout_up20+retest_up+cross_group_bull,258,53,4.47499124,0.00000000,4,0,0.00000000,0.00000000
d1,300,3,trend_bull+volatility+horizontal_break_up+elliott_impulse_bull,139,27,4.42991938,0.00000000,2,0,0.00000000,0.00000000
d1,300,3,rsi60+volatility+breakout20_up+cross_target_relative_up,174,20,4.42355455,0.00000000,1,0,0.00000000,0.00000000
d1,300,3,rsi60+volatility+breakout_up20+cross_target_relative_up,174,20,4.42355455,0.00000000,1,0,0.00000000,0.00000000
d1,300,3,ichimoku_cloud_bull+breakout20_up+elliott_wave3_bull+cross_group_bull,122,29,4.41630283,0.00000000,2,0,0.00000000,0.00000000
d1,300,3,ichimoku_cloud_bull+breakout_up20+elliott_wave3_bull+cross_group_bull,122,29,4.41630283,0.00000000,2,0,0.00000000,0.00000000
d1,300,3,ichimoku_cloud_bull+retest_up+elliott_wave3_bull+cross_group_bull,122,29,4.41630283,0.00000000,2,0,0.00000000,0.00000000
d1,300,3,ichimoku_cloud_bull+breakout20_up+mtf_rsi60+cross_group_return_up,280,72,4.39827710,0.00000000,7,0,0.00000000,0.00000000
d1,300,3,ichimoku_cloud_bull+breakout_up20+mtf_rsi60+cross_group_return_up,280,72,4.39827710,0.00000000,7,0,0.00000000,0.00000000
d1,300,3,ichimoku_cloud_bull+retest_up+mtf_rsi60+cross_group_return_up,280,70,4.39827710,0.00000000,7,0,0.00000000,0.00000000
d1,300,3,ichimoku_cloud_bull+rsi60+volatility+breakout20_up,175,37,4.39827710,0.00000000,4,0,0.00000000,0.00000000
d1,300,3,ichimoku_cloud_bull+rsi60+volatility+breakout_up20,175,37,4.39827710,0.00000000,4,0,0.00000000,0.00000000
d1,300,3,ichimoku_cloud_bull+breakout20_up+cross_group_return_up,282,73,4.36708365,0.00000000,7,0,0.00000000,0.00000000
d1,300,3,ichimoku_cloud_bull+breakout_up20+cross_group_return_up,282,73,4.36708365,0.00000000,7,0,0.00000000,0.00000000
d1,300,3,ichimoku_cloud_bull+retest_up+cross_group_return_up,282,71,4.36708365,0.00000000,7,0,0.00000000,0.00000000
d1,300,3,ichimoku_cloud_bull+breakout20_up+retest_up+cross_group_return_up,282,71,4.36708365,0.00000000,7,0,0.00000000,0.00000000
d1,300,3,ichimoku_cloud_bull+breakout_up20+retest_up+cross_group_return_up,282,71,4.36708365,0.00000000,7,0,0.00000000,0.00000000
d1,300,3,ichimoku_cloud_bull+rsi60+breakout20_up+cross_group_bull,248,51,4.34507213,0.00000000,4,0,0.00000000,0.00000000
d1,300,3,ichimoku_cloud_bull+rsi60+breakout_up20+cross_group_bull,248,51,4.34507213,0.00000000,4,0,0.00000000,0.00000000
d1,300,3,ichimoku_cloud_bull+rsi60+retest_up+cross_group_bull,248,51,4.34507213,0.00000000,4,0,0.00000000,0.00000000
d1,300,3,sma_stack_bull+rsi60+volatility+breakout20_up,142,29,4.33632953,0.00000000,3,0,0.00000000,0.00000000
d1,300,3,sma_stack_bull+rsi60+volatility+breakout_up20,142,29,4.33632953,0.00000000,3,0,0.00000000,0.00000000
d1,300,3,sma_stack_bull+volatility+breakout20_up+mtf_rsi60,142,28,4.33632953,0.00000000,3,0,0.00000000,0.00000000
d1,300,3,sma_stack_bull+volatility+breakout_up20+mtf_rsi60,142,28,4.33632953,0.00000000,3,0,0.00000000,0.00000000
d1,300,3,sma_stack_bull+breakout20_up+mtf_adx25+cross_group_return_up,142,35,4.33632953,0.00000000,4,0,0.00000000,0.00000000
d1,300,3,sma_stack_bull+breakout_up20+mtf_adx25+cross_group_return_up,142,35,4.33632953,0.00000000,4,0,0.00000000,0.00000000
d1,300,5,volatility+breakout20_up+mtf_adx25+cross_group_bull,122,16,4.79966685,0.00000000,1,0,0.00000000,0.00000000
d1,300,5,volatility+breakout_up20+mtf_adx25+cross_group_bull,122,16,4.79966685,0.00000000,1,0,0.00000000,0.00000000
d1,300,5,volatility+retest_up+mtf_adx25+cross_group_bull,122,16,4.79966685,0.00000000,1,0,0.00000000,0.00000000
d1,300,5,price200_bull+volatility+breakout20_up+cross_group_bull,127,23,4.61070359,0.00000000,2,0,0.00000000,0.00000000
d1,300,5,price200_bull+volatility+breakout_up20+cross_group_bull,127,23,4.61070359,0.00000000,2,0,0.00000000,0.00000000
d1,300,5,price200_bull+volatility+retest_up+cross_group_bull,127,23,4.61070359,0.00000000,2,0,0.00000000,0.00000000
d1,300,5,ichimoku_cloud_bull+volatility+breakout20_up+mtf_adx25,149,23,4.55044360,0.00000000,3,0,0.00000000,0.00000000
d1,300,5,ichimoku_cloud_bull+volatility+breakout_up20+mtf_adx25,149,23,4.55044360,0.00000000,3,0,0.00000000,0.00000000
d1,300,5,volatility+breakout20_up+mtf_trend_bull+cross_group_bull,129,21,4.53921982,0.00000000,1,0,0.00000000,0.00000000
d1,300,5,volatility+breakout_up20+mtf_trend_bull+cross_group_bull,129,21,4.53921982,0.00000000,1,0,0.00000000,0.00000000
d1,300,5,volatility+retest_up+mtf_trend_bull+cross_group_bull,129,21,4.53921982,0.00000000,1,0,0.00000000,0.00000000
d1,300,5,rci_strong_bull+volatility+mtf_adx25+cross_group_bull,165,25,4.48275105,0.00000000,2,0,0.00000000,0.00000000
d1,300,5,ichimoku_cloud_bull+volatility+retest_up+mtf_adx25,148,21,4.37295394,0.00000000,3,0,0.00000000,0.00000000
d1,300,5,sma_stack_bull+volatility+strong_close_bull+mtf_adx25,159,33,4.26425218,0.00000000,1,0,0.00000000,0.00000000
d1,300,5,price200_bull+rci_strong_bull+volatility+strong_close_bull,154,23,4.20257911,0.00000000,1,0,0.00000000,0.00000000
d1,300,5,volatility+elliott_impulse_bull+mtf_trend_bull+cross_group_bull,155,23,4.17546570,0.00000000,1,0,0.00000000,0.00000000
d1,300,5,volatility+horizontal_break_up+elliott_wave5_bull+mtf_adx25,126,21,4.15810737,0.00000000,2,0,0.00000000,0.00000000
d1,300,5,ichimoku_cloud_bull+volatility+breakout20_up+mtf_trend_bull,172,37,4.12113378,0.00000000,4,0,0.00000000,0.00000000
d1,300,5,ichimoku_cloud_bull+volatility+breakout_up20+mtf_trend_bull,172,37,4.12113378,0.00000000,4,0,0.00000000,0.00000000
d1,300,5,ichimoku_cloud_bull+breakout20_up+mtf_adx25+cross_group_bull,187,29,4.12017560,0.00000000,1,0,0.00000000,0.00000000
d1,300,5,ichimoku_cloud_bull+breakout_up20+mtf_adx25+cross_group_bull,187,29,4.12017560,0.00000000,1,0,0.00000000,0.00000000
d1,300,5,ichimoku_cloud_bull+retest_up+mtf_adx25+cross_group_bull,187,29,4.12017560,0.00000000,1,0,0.00000000,0.00000000
d1,300,5,adx25+atr_expand+cross_target_relative_up,120,20,4.10918846,0.00000000,2,0,0.00000000,0.00000000
d1,300,5,rsi60+volatility+breakout20_up+cross_group_bull,136,22,4.07897384,0.00000000,2,0,0.00000000,0.00000000
d1,300,5,rsi60+volatility+breakout_up20+cross_group_bull,136,22,4.07897384,0.00000000,2,0,0.00000000,0.00000000
d1,300,5,rsi60+volatility+retest_up+cross_group_bull,136,22,4.07897384,0.00000000,2,0,0.00000000,0.00000000
d1,300,5,price200_bull+volatility+horizontal_break_up+mtf_adx25,159,25,4.07042254,0.00000000,2,0,0.00000000,0.00000000
d1,300,5,volatility+breakout20_up+mtf_adx25+cross_group_return_up,144,25,4.06638442,0.00000000,3,0,0.00000000,0.00000000
d1,300,5,volatility+breakout_up20+mtf_adx25+cross_group_return_up,144,25,4.06638442,0.00000000,3,0,0.00000000,0.00000000
d1,300,5,volatility+retest_up+mtf_adx25+cross_group_return_up,144,23,4.06638442,0.00000000,2,0,0.00000000,0.00000000
d1,300,5,volatility+breakout20_up+elliott_impulse_bull+cross_group_bull,137,23,4.04920031,0.00000000,1,0,0.00000000,0.00000000
d1,300,5,volatility+breakout_up20+elliott_impulse_bull+cross_group_bull,137,23,4.04920031,0.00000000,1,0,0.00000000,0.00000000
d1,300,5,volatility+retest_up+elliott_impulse_bull+cross_group_bull,137,23,4.04920031,0.00000000,1,0,0.00000000,0.00000000
d1,300,5,ichimoku_cloud_bull+volatility+horizontal_break_up+mtf_rsi60,122,34,4.04182472,0.00000000,4,0,0.00000000,0.00000000
d1,300,5,ichimoku_cloud_bull+volatility+breakout20_up+elliott_wave5_bull,138,26,4.01985828,0.00000000,3,0,0.00000000,0.00000000
d1,300,5,ichimoku_cloud_bull+volatility+breakout_up20+elliott_wave5_bull,138,26,4.01985828,0.00000000,3,0,0.00000000,0.00000000
d1,300,5,ichimoku_cloud_bull+volatility+retest_up+elliott_wave5_bull,138,26,4.01985828,0.00000000,3,0,0.00000000,0.00000000
d1,300,5,volatility+breakout20_up+mtf_rsi60+cross_group_bull,146,24,4.01068052,0.00000000,2,0,0.00000000,0.00000000
d1,300,5,volatility+breakout_up20+mtf_rsi60+cross_group_bull,146,24,4.01068052,0.00000000,2,0,0.00000000,0.00000000
d1,300,5,volatility+retest_up+mtf_rsi60+cross_group_bull,146,24,4.01068052,0.00000000,2,0,0.00000000,0.00000000
d1,300,5,ichimoku_cloud_bull+volatility+horizontal_break_up,123,35,4.00896436,0.00000000,4,0,0.00000000,0.00000000
d1,300,5,ichimoku_cloud_bull+rsi60+volatility+horizontal_break_up,123,35,4.00896436,0.00000000,4,0,0.00000000,0.00000000
d1,300,5,ichimoku_cloud_bull+volatility+horizontal_break_up+mtf_trend_bull,123,35,4.00896436,0.00000000,4,0,0.00000000,0.00000000
d1,300,5,volatility+horizontal_break_up+elliott_impulse_bull+mtf_adx25,154,22,4.00245630,0.00000000,2,0,0.00000000,0.00000000
d1,300,5,volatility+breakout20_up+cross_group_bull,147,24,3.98339698,0.00000000,2,0,0.00000000,0.00000000
d1,300,5,volatility+breakout_up20+cross_group_bull,147,24,3.98339698,0.00000000,2,0,0.00000000,0.00000000
d1,300,5,volatility+retest_up+cross_group_bull,147,24,3.98339698,0.00000000,2,0,0.00000000,0.00000000
d1,300,5,volatility+breakout20_up+retest_up+cross_group_bull,147,24,3.98339698,0.00000000,2,0,0.00000000,0.00000000
d1,300,5,volatility+breakout_up20+retest_up+cross_group_bull,147,24,3.98339698,0.00000000,2,0,0.00000000,0.00000000
d1,300,5,ichimoku_cloud_bull+volatility+elliott_wave5_bull+cross_group_return_up,124,28,3.97663400,0.00000000,2,0,0.00000000,0.00000000
d1,300,5,volatility+elliott_impulse_bull+mtf_adx25+cross_group_bull,163,19,3.97053487,0.00000000,1,0,0.00000000,0.00000000
d1,300,5,ichimoku_cloud_bull+volatility+retest_up+mtf_trend_bull,171,35,3.96500641,0.00000000,4,0,0.00000000,0.00000000
d1,300,5,ichimoku_cloud_bull+volatility+breakout20_up+mtf_rsi60,179,37,3.95997212,0.00000000,4,0,0.00000000,0.00000000
d1,300,5,ichimoku_cloud_bull+volatility+breakout_up20+mtf_rsi60,179,37,3.95997212,0.00000000,4,0,0.00000000,0.00000000
d1,300,5,ichimoku_cloud_bull+volatility+breakout20_up+elliott_impulse_bull,164,31,3.94632429,0.00000000,3,0,0.00000000,0.00000000
d1,300,5,ichimoku_cloud_bull+volatility+breakout_up20+elliott_impulse_bull,164,31,3.94632429,0.00000000,3,0,0.00000000,0.00000000
d1,300,5,sma_stack_bull+volatility+horizontal_break_up+mtf_rsi60,125,28,3.94482093,0.00000000,3,0,0.00000000,0.00000000
d1,300,5,ichimoku_cloud_bull+volatility+breakout20_up,181,38,3.91621553,0.00000000,4,0,0.00000000,0.00000000
d1,300,5,ichimoku_cloud_bull+volatility+breakout_up20,181,38,3.91621553,0.00000000,4,0,0.00000000,0.00000000
d1,300,5,sma_stack_bull+volatility+horizontal_break_up,126,29,3.91351282,0.00000000,3,0,0.00000000,0.00000000
d1,300,5,sma_stack_bull+rsi60+volatility+horizontal_break_up,126,29,3.91351282,0.00000000,3,0,0.00000000,0.00000000
d1,300,5,sma_stack_bull+volatility+horizontal_break_up+mtf_trend_bull,126,29,3.91351282,0.00000000,3,0,0.00000000,0.00000000
d1,300,5,price200_bull+volatility+breakout20_up+mtf_adx25,213,34,3.90662284,0.00000000,4,0,0.00000000,0.00000000
d1,300,5,price200_bull+volatility+breakout_up20+mtf_adx25,213,34,3.90662284,0.00000000,4,0,0.00000000,0.00000000
d1,300,5,rci_strong_bull+volatility+breakout20_up+mtf_adx25,127,18,3.88269776,0.00000000,1,0,0.00000000,0.00000000
d1,300,5,rci_strong_bull+volatility+breakout_up20+mtf_adx25,127,18,3.88269776,0.00000000,1,0,0.00000000,0.00000000
d1,300,5,rci_strong_bull+volatility+retest_up+mtf_adx25,127,18,3.88269776,0.00000000,1,0,0.00000000,0.00000000
d1,300,5,volatility+horizontal_break_up+mtf_adx25,167,25,3.87543223,0.00000000,2,0,0.00000000,0.00000000
d1,300,5,rsi60+volatility+horizontal_break_up+mtf_adx25,167,25,3.87543223,0.00000000,2,0,0.00000000,0.00000000
d1,300,5,ichimoku_cloud_bull+elliott_impulse_bull+mtf_adx25+cross_group_bull,231,29,3.86904109,0.00000000,2,0,0.00000000,0.00000000
d1,300,5,ichimoku_cloud_bull+breakout20_up+mtf_adx25+cross_group_return_up,208,40,3.85236419,0.00000000,5,0,0.00000000,0.00000000
d1,300,5,ichimoku_cloud_bull+breakout_up20+mtf_adx25+cross_group_return_up,208,40,3.85236419,0.00000000,5,0,0.00000000,0.00000000
d1,300,5,ichimoku_cloud_bull+retest_up+mtf_adx25+cross_group_return_up,208,38,3.85236419,0.00000000,5,0,0.00000000,0.00000000
d1,300,5,price200_bull+volatility+breakout20_up+cross_group_return_up,152,36,3.85236419,0.00000000,4,0,0.00000000,0.00000000
d1,300,5,price200_bull+volatility+breakout_up20+cross_group_return_up,152,36,3.85236419,0.00000000,4,0,0.00000000,0.00000000
d1,300,5,price200_bull+volatility+retest_up+cross_group_return_up,152,34,3.85236419,0.00000000,3,0,0.00000000,0.00000000
d1,300,5,price200_bull+volatility+elliott_impulse_bull+cross_group_bull,169,32,3.82956913,0.00000000,3,0,0.00000000,0.00000000
d1,300,5,ichimoku_cloud_bull+volatility+elliott_impulse_bull+cross_group_bull,145,27,3.82579616,0.00000000,2,0,0.00000000,0.00000000
d1,300,5,ichimoku_cloud_bull+volatility+retest_up+mtf_rsi60,178,35,3.80907919,0.00000000,4,0,0.00000000,0.00000000
d1,300,5,sma_stack_bull+elliott_impulse_bull+mtf_adx25+cross_group_bull,146,25,3.79959207,0.00000000,2,0,0.00000000,0.00000000
d1,300,5,sma_stack_bull+volatility+breakout20_up+elliott_impulse_bull,130,24,3.79309704,0.00000000,2,0,0.00000000,0.00000000
d1,300,5,sma_stack_bull+volatility+breakout_up20+elliott_impulse_bull,130,24,3.79309704,0.00000000,2,0,0.00000000,0.00000000
d1,300,5,ichimoku_cloud_bull+volatility+horizontal_break_up+retest_up,122,33,3.78921067,0.00000000,3,0,0.00000000,0.00000000
d1,300,5,ichimoku_cloud_bull+volatility+retest_up+elliott_impulse_bull,163,31,3.78146178,0.00000000,3,0,0.00000000,0.00000000
d1,300,5,volatility+breakout20_up+mtf_trend_bull+cross_group_return_up,163,34,3.78146178,0.00000000,3,0,0.00000000,0.00000000
d1,300,5,volatility+breakout_up20+mtf_trend_bull+cross_group_return_up,163,34,3.78146178,0.00000000,3,0,0.00000000,0.00000000
d1,300,5,volatility+retest_up+mtf_trend_bull+cross_group_return_up,163,32,3.78146178,0.00000000,3,0,0.00000000,0.00000000
d1,300,5,price200_bull+volatility+retest_up+mtf_adx25,212,32,3.77967807,0.00000000,3,0,0.00000000,0.00000000
d1,300,5,ichimoku_cloud_bull+rci_strong_bull+breakout20_up+cross_group_bull,147,24,3.77374451,0.00000000,1,0,0.00000000,0.00000000
d1,300,5,ichimoku_cloud_bull+rci_strong_bull+breakout_up20+cross_group_bull,147,24,3.77374451,0.00000000,1,0,0.00000000,0.00000000
d1,300,5,ichimoku_cloud_bull+rci_strong_bull+retest_up+cross_group_bull,147,24,3.77374451,0.00000000,1,0,0.00000000,0.00000000
d1,300,5,ichimoku_cloud_bull+volatility+retest_up,180,36,3.76675609,0.00000000,4,0,0.00000000,0.00000000
d1,300,5,ichimoku_cloud_bull+volatility+breakout20_up+retest_up,180,36,3.76675609,0.00000000,4,0,0.00000000,0.00000000
d1,300,5,ichimoku_cloud_bull+volatility+breakout_up20+retest_up,180,36,3.76675609,0.00000000,4,0,0.00000000,0.00000000
d1,300,5,price200_bull+volatility+elliott_wave5_bull+cross_group_bull,131,24,3.76414210,0.00000000,1,0,0.00000000,0.00000000
d1,300,10,volatility+pin_bull,166,36,3.66319661,3.58145646,4,4,0.21279762,0.08333333
d1,300,10,price200_bull+volatility+elliott_wave5_bull+cross_group_bull,131,24,3.41574749,0.00000000,1,0,0.00000000,0.00000000
d1,300,10,pin_bull+mtf_adx25,180,39,3.25079900,3.77823978,4,4,0.24791667,0.06666667
d1,300,10,trend_bull+di_spread_up3+volatility+elliott_wave5_bull,143,18,3.20934496,0.00000000,1,0,0.00000000,0.00000000
d1,300,10,adx25+pin_bull,204,36,3.20580524,3.58145646,4,4,0.19861111,0.10000000
d1,300,10,price200_bull+volatility+elliott_impulse_bull+cross_group_bull,169,32,3.19082951,0.00000000,3,0,0.00000000,0.00000000
d1,300,10,trend_bull+volatility+elliott_impulse_bull+cross_group_return_up,129,29,3.11294022,0.00000000,2,0,0.00000000,0.00000000
d1,300,10,price200_bull+volatility+elliott_wave5_bull+cross_group_return_up,156,35,3.08899453,0.00000000,2,0,0.00000000,0.00000000
d1,300,10,trend_bull+volatility+breakout20_up+mtf_adx25,149,21,3.08010959,0.00000000,2,0,0.00000000,0.00000000
d1,300,10,trend_bull+volatility+breakout_up20+mtf_adx25,149,21,3.08010959,0.00000000,2,0,0.00000000,0.00000000
d1,300,10,trend_bull+volatility+channel_breakout_up+mtf_adx25,149,21,3.08010959,0.00000000,2,0,0.00000000,0.00000000
d1,300,10,price200_bull+volatility+breakout20_up+cross_group_bull,127,23,3.07162110,0.00000000,2,0,0.00000000,0.00000000
d1,300,10,price200_bull+volatility+breakout_up20+cross_group_bull,127,23,3.07162110,0.00000000,2,0,0.00000000,0.00000000
d1,300,10,price200_bull+volatility+channel_breakout_up+cross_group_bull,127,23,3.07162110,0.00000000,2,0,0.00000000,0.00000000
d1,300,10,price200_bull+volatility+retest_up+cross_group_bull,127,23,3.07162110,0.00000000,2,0,0.00000000,0.00000000
d1,300,10,trend_bull+volatility+elliott_wave5_bull+mtf_adx25,135,18,3.05957553,0.00000000,1,0,0.00000000,0.00000000
d1,300,10,volatility+elliott_wave5_bull+mtf_adx25+cross_group_bull,125,15,3.02897978,0.00000000,1,0,0.00000000,0.00000000
d1,300,10,trend_bull+volatility+retest_up+mtf_adx25,148,19,3.02339812,0.00000000,2,0,0.00000000,0.00000000
d1,300,10,trend_bull+di_spread_up3+volatility+elliott_impulse_bull,167,22,3.02293391,0.00000000,1,0,0.00000000,0.00000000
d1,300,10,volatility+breakout20_up+mtf_adx25+cross_group_bull,122,16,3.00941855,0.00000000,1,0,0.00000000,0.00000000
d1,300,10,volatility+breakout_up20+mtf_adx25+cross_group_bull,122,16,3.00941855,0.00000000,1,0,0.00000000,0.00000000
d1,300,10,volatility+channel_breakout_up+mtf_adx25+cross_group_bull,122,16,3.00941855,0.00000000,1,0,0.00000000,0.00000000
d1,300,10,volatility+retest_up+mtf_adx25+cross_group_bull,122,16,3.00941855,0.00000000,1,0,0.00000000,0.00000000
d1,300,10,sma_stack_bull+volatility+mtf_rsi60+cross_group_bull,164,32,3.00827167,0.00000000,3,0,0.00000000,0.00000000
d1,300,10,sma_stack_bull+volatility+elliott_wave5_bull+mtf_rsi60,134,22,2.99678573,0.00000000,2,0,0.00000000,0.00000000
d1,300,10,trend_bull+di_spread_up3+volatility+breakout20_up,127,20,2.98127931,0.00000000,1,0,0.00000000,0.00000000
d1,300,10,trend_bull+di_spread_up3+volatility+breakout_up20,127,20,2.98127931,0.00000000,1,0,0.00000000,0.00000000
d1,300,10,trend_bull+di_spread_up3+volatility+channel_breakout_up,127,20,2.98127931,0.00000000,1,0,0.00000000,0.00000000
d1,300,10,sma_stack_bull+close_near_high+elliott_impulse_bull+cross_group_bull,162,38,2.97458732,0.00000000,4,0,0.00000000,0.00000000
d1,300,10,sma_stack_bull+volatility+elliott_wave5_bull,135,22,2.97458732,0.00000000,2,0,0.00000000,0.00000000
d1,300,10,volatility+elliott_impulse_bull+mtf_trend_bull+cross_group_bull,155,23,2.96087955,0.00000000,1,0,0.00000000,0.00000000
d1,300,10,volatility+breakout20_up+mtf_trend_bull+cross_group_bull,129,21,2.93505792,0.00000000,1,0,0.00000000,0.00000000
d1,300,10,volatility+breakout_up20+mtf_trend_bull+cross_group_bull,129,21,2.93505792,0.00000000,1,0,0.00000000,0.00000000
d1,300,10,volatility+channel_breakout_up+mtf_trend_bull+cross_group_bull,129,21,2.93505792,0.00000000,1,0,0.00000000,0.00000000
d1,300,10,volatility+retest_up+mtf_trend_bull+cross_group_bull,129,21,2.93505792,0.00000000,1,0,0.00000000,0.00000000
d1,300,10,trend_bull+volatility+elliott_wave5_bull+mtf_rsi60,185,28,2.91486588,0.00000000,2,0,0.00000000,0.00000000
d1,300,10,trend_bull+di_spread_up3+volatility+retest_up,126,18,2.91388146,0.00000000,1,0,0.00000000,0.00000000
d1,300,10,price200_bull+volatility+mtf_rsi60+cross_group_bull,343,72,2.91016477,0.25581832,8,1,0.01250000,0.00000000
d1,300,10,trend_bull+volatility+close_near_high+elliott_impulse_bull,150,23,2.90659675,0.00000000,3,0,0.00000000,0.00000000
d1,300,10,trend_bull+volatility+elliott_wave5_bull,186,28,2.89919456,0.00000000,2,0,0.00000000,0.00000000
d1,300,10,trend_bull+volatility+mtf_rsi60+cross_group_bull,238,40,2.89245586,0.46047297,4,1,0.04166667,0.00000000
d1,300,10,trend_bull+volatility+elliott_impulse_bull+mtf_adx25,167,19,2.88552782,0.00000000,1,0,0.00000000,0.00000000
d1,300,10,trend_bull+volatility+breakout20_up+close_near_high,128,19,2.86835206,0.00000000,2,0,0.00000000,0.00000000
d1,300,10,trend_bull+volatility+breakout_up20+close_near_high,128,19,2.86835206,0.00000000,2,0,0.00000000,0.00000000
d1,300,10,trend_bull+volatility+channel_breakout_up+close_near_high,128,19,2.86835206,0.00000000,2,0,0.00000000,0.00000000
d1,300,10,sma_stack_bull+close_near_high+elliott_wave3_bull+mtf_adx25,120,27,2.86835206,0.00000000,3,0,0.00000000,0.00000000
d1,300,10,trend_bull+volatility+elliott_impulse_bull+cross_target_relative_up,133,15,2.84678550,0.00000000,1,0,0.00000000,0.00000000
d1,300,10,sma_stack_bull+volatility+close_near_high+cross_group_bull,151,28,2.81136493,0.65781853,2,0,0.00000000,0.00000000
d1,300,10,trend_bull+volatility+breakout20_up+elliott_wave5_bull,147,24,2.80981426,0.00000000,2,0,0.00000000,0.00000000
d1,300,10,trend_bull+volatility+breakout_up20+elliott_wave5_bull,147,24,2.80981426,0.00000000,2,0,0.00000000,0.00000000
d1,300,10,trend_bull+volatility+channel_breakout_up+elliott_wave5_bull,147,24,2.80981426,0.00000000,2,0,0.00000000,0.00000000
d1,300,10,trend_bull+volatility+retest_up+elliott_wave5_bull,147,24,2.80981426,0.00000000,2,0,0.00000000,0.00000000
d1,300,10,volatility+elliott_wave5_bull+mtf_rsi60+cross_group_bull,172,26,2.80164620,0.00000000,1,0,0.00000000,0.00000000
d1,300,10,volatility+elliott_wave5_bull+mtf_adx25+cross_group_return_up,148,25,2.79082903,0.00000000,2,0,0.00000000,0.00000000
d1,300,10,price200_bull+volatility+elliott_impulse_bull+cross_group_return_up,198,46,2.78143230,0.00000000,4,0,0.00000000,0.00000000
d1,300,10,sma_stack_bull+volatility+elliott_wave5_bull+mtf_trend_bull,132,22,2.78143230,0.00000000,2,0,0.00000000,0.00000000
d1,300,10,sma_stack_bull+close_near_high+elliott_wave5_bull+cross_group_bull,141,24,2.76663745,0.00000000,1,0,0.00000000,0.00000000
d1,300,10,sma_stack_bull+volatility+elliott_impulse_bull+mtf_rsi60,166,33,2.76467668,0.00000000,3,0,0.00000000,0.00000000
d1,300,10,volatility+breakout20_up+elliott_impulse_bull+cross_group_bull,137,23,2.76366768,0.00000000,1,0,0.00000000,0.00000000
d1,300,10,volatility+breakout_up20+elliott_impulse_bull+cross_group_bull,137,23,2.76366768,0.00000000,1,0,0.00000000,0.00000000
d1,300,10,volatility+channel_breakout_up+elliott_impulse_bull+cross_group_bull,137,23,2.76366768,0.00000000,1,0,0.00000000,0.00000000
d1,300,10,volatility+retest_up+elliott_impulse_bull+cross_group_bull,137,23,2.76366768,0.00000000,1,0,0.00000000,0.00000000
d1,300,10,volatility+elliott_wave5_bull+cross_group_bull,175,26,2.75361798,0.00000000,1,0,0.00000000,0.00000000
d1,300,10,volatility+elliott_wave5_bull+mtf_trend_bull+cross_group_return_up,150,29,2.75361798,0.00000000,2,0,0.00000000,0.00000000
d1,300,10,sma_stack_bull+volatility+elliott_impulse_bull,167,33,2.74812173,0.00000000,3,0,0.00000000,0.00000000
d1,300,10,volatility+elliott_impulse_bull+mtf_adx25+cross_group_bull,163,19,2.74517130,0.00000000,1,0,0.00000000,0.00000000
d1,300,10,sma_stack_bull+close_near_high+elliott_impulse_bull+cross_group_return_up,173,49,2.71913143,0.00000000,5,0,0.00000000,0.00000000
d1,300,10,trend_bull+volatility+close_near_high+cross_group_bull,199,28,2.70979994,0.65781853,2,0,0.00000000,0.00000000
d1,300,10,trend_bull+volatility+elliott_wave5_bull+mtf_trend_bull,178,27,2.70720869,0.00000000,2,0,0.00000000,0.00000000
d1,300,10,price200_bull+di_spread_up3+volatility+elliott_wave5_bull,213,33,2.69328832,0.00000000,2,0,0.00000000,0.00000000
d1,300,10,pin_bull+cross_target_relative_up,179,30,2.69208461,2.45585586,4,3,0.16349206,0.00000000
d1,300,10,volatility+breakout20_up+mtf_rsi60+cross_group_bull,146,24,2.67188959,0.00000000,2,0,0.00000000,0.00000000
d1,300,10,volatility+breakout_up20+mtf_rsi60+cross_group_bull,146,24,2.67188959,0.00000000,2,0,0.00000000,0.00000000
d1,300,10,volatility+channel_breakout_up+mtf_rsi60+cross_group_bull,146,24,2.67188959,0.00000000,2,0,0.00000000,0.00000000
d1,300,10,volatility+retest_up+mtf_rsi60+cross_group_bull,146,24,2.67188959,0.00000000,2,0,0.00000000,0.00000000
d1,300,10,sma_stack_bull+di_spread_up3+elliott_impulse_bull+cross_group_bull,159,43,2.66991261,0.85669390,6,2,0.05714286,0.00000000
d1,300,10,trend_bull+volatility+elliott_impulse_bull+mtf_rsi60,228,38,2.66706420,0.00000000,3,0,0.00000000,0.00000000
d1,300,10,volatility+close_near_high+elliott_wave5_bull+cross_group_return_up,138,20,2.66050046,0.00000000,1,0,0.00000000,0.00000000
d1,300,10,trend_bull+volatility+elliott_impulse_bull,229,38,2.65541763,0.00000000,3,0,0.00000000,0.00000000
d1,300,10,volatility+breakout20_up+cross_group_bull,147,24,2.65371347,0.00000000,2,0,0.00000000,0.00000000
d1,300,10,volatility+breakout_up20+cross_group_bull,147,24,2.65371347,0.00000000,2,0,0.00000000,0.00000000
d1,300,10,volatility+channel_breakout_up+cross_group_bull,147,24,2.65371347,0.00000000,2,0,0.00000000,0.00000000
d1,300,10,volatility+retest_up+cross_group_bull,147,24,2.65371347,0.00000000,2,0,0.00000000,0.00000000
d1,300,10,volatility+breakout20_up+retest_up+cross_group_bull,147,24,2.65371347,0.00000000,2,0,0.00000000,0.00000000
d1,300,10,volatility+breakout_up20+retest_up+cross_group_bull,147,24,2.65371347,0.00000000,2,0,0.00000000,0.00000000
d1,300,10,volatility+channel_breakout_up+retest_up+cross_group_bull,147,24,2.65371347,0.00000000,2,0,0.00000000,0.00000000
d1,300,10,sma_stack_bull+volatility+elliott_impulse_bull+mtf_trend_bull,160,31,2.65322566,0.00000000,3,0,0.00000000,0.00000000
d1,300,10,trend_bull+volatility+breakout20_up+elliott_impulse_bull,173,29,2.65281115,0.00000000,2,0,0.00000000,0.00000000
d1,300,10,trend_bull+volatility+breakout_up20+elliott_impulse_bull,173,29,2.65281115,0.00000000,2,0,0.00000000,0.00000000
d1,300,10,trend_bull+volatility+channel_breakout_up+elliott_impulse_bull,173,29,2.65281115,0.00000000,2,0,0.00000000,0.00000000
d1,300,10,sma_stack_bull+di_spread_up3+close_near_high+elliott_impulse_bull,217,48,2.64364245,0.00000000,4,0,0.00000000,0.00000000
d1,300,10,price200_bull+volatility+breakout20_up+cross_group_return_up,152,36,2.64190321,0.00000000,4,0,0.00000000,0.00000000
d1,300,10,price200_bull+volatility+breakout_up20+cross_group_return_up,152,36,2.64190321,0.00000000,4,0,0.00000000,0.00000000
d1,300,10,price200_bull+volatility+channel_breakout_up+cross_group_return_up,152,36,2.64190321,0.00000000,4,0,0.00000000,0.00000000
d1,300,10,price200_bull+volatility+retest_up+cross_group_return_up,152,34,2.64190321,0.00000000,3,0,0.00000000,0.00000000
d1,300,10,volatility+elliott_impulse_bull+mtf_rsi60+cross_group_bull,226,36,2.63989924,0.00000000,4,0,0.00000000,0.00000000
d1,300,10,price200_bull+volatility+breakout20_up+mtf_adx25,213,34,2.63942255,0.00000000,4,0,0.00000000,0.00000000
