timeframe,period,from_target,to_target,conditions,samples,continuation_rate,unconditional_rate,lift,wilson95_lower,post_target_mfe_pips_mean,post_target_mae_pips_mean
h4,discovery,50,100,atr_expand+breakout20_up+close_near_high+mtf_volatility,366,0.79781421,0.39513721,2.01908144,0.75367183,111.36147541,-30.31366120
h4,validation,50,100,atr_expand+breakout20_up+close_near_high+mtf_volatility,50,0.66000000,0.40374460,1.63469679,0.52153826,88.39000000,-66.81000000
h4,oos,50,100,atr_expand+breakout20_up+close_near_high+mtf_volatility,26,1.00000000,0.34415584,2.90566038,0.87127108,104.78076923,22.31923077
h4,discovery,50,100,atr_expand+horizontal_break_up+strong_close_bull+mtf_volatility,185,0.78918919,0.39513721,1.99725353,0.72483475,134.18162162,-7.20378378
h4,validation,50,100,atr_expand+horizontal_break_up+strong_close_bull+mtf_volatility,38,0.78947368,0.40374460,1.95537893,0.63654221,92.12631579,-83.25263158
h4,oos,50,100,atr_expand+horizontal_break_up+strong_close_bull+mtf_volatility,26,1.00000000,0.34415584,2.90566038,0.87127108,104.78076923,22.31923077
h4,discovery,50,100,atr_expand+close_near_high+mtf_volatility+cross_target_relative_up,281,0.78647687,0.39513721,1.99038928,0.73486720,100.26441281,-24.05587189
h4,validation,50,100,atr_expand+close_near_high+mtf_volatility+cross_target_relative_up,36,0.86111111,0.40374460,2.13281147,0.71340470,153.83333333,1.46388889
h4,oos,50,100,atr_expand+close_near_high+mtf_volatility+cross_target_relative_up,14,0.71428571,0.34415584,2.07547170,0.45350916,76.10000000,-58.19285714
h4,discovery,50,100,atr_expand+horizontal_break_up+close_near_high+mtf_volatility,195,0.78461538,0.39513721,1.98567830,0.72171418,130.66051282,-11.15128205
h4,validation,50,100,atr_expand+horizontal_break_up+close_near_high+mtf_volatility,47,0.63829787,0.40374460,1.58094467,0.49535897,75.73617021,-75.34042553
h4,oos,50,100,atr_expand+horizontal_break_up+close_near_high+mtf_volatility,26,1.00000000,0.34415584,2.90566038,0.87127108,104.78076923,22.31923077
h4,discovery,50,100,atr_expand+breakout20_up+strong_close_bull+mtf_volatility,324,0.78395062,0.39513721,1.98399593,0.73595047,112.82469136,-30.58703704
h4,validation,50,100,atr_expand+breakout20_up+strong_close_bull+mtf_volatility,41,0.80487805,0.40374460,1.99353267,0.65986415,106.35853659,-72.27073171
h4,oos,50,100,atr_expand+breakout20_up+strong_close_bull+mtf_volatility,26,1.00000000,0.34415584,2.90566038,0.87127108,104.78076923,22.31923077
h4,discovery,50,100,trend_bull+atr_expand+close_near_high+mtf_volatility,231,0.77922078,0.39513721,1.97202582,0.72140899,130.69220779,-18.85800866
h4,validation,50,100,trend_bull+atr_expand+close_near_high+mtf_volatility,19,0.73684211,0.40374460,1.82502034,0.51208449,62.76315789,-105.52105263
h4,oos,50,100,trend_bull+atr_expand+close_near_high+mtf_volatility,6,0.50000000,0.34415584,1.45283019,0.18761631,73.56666667,-54.00000000
h4,discovery,50,100,di_strong_bull+atr_expand+close_near_high+mtf_volatility,392,0.77806122,0.39513721,1.96909125,0.73433741,112.18750000,-24.51938776
h4,validation,50,100,di_strong_bull+atr_expand+close_near_high+mtf_volatility,59,0.67796610,0.40374460,1.67919547,0.55105004,123.72372881,-65.75593220
h4,oos,50,100,di_strong_bull+atr_expand+close_near_high+mtf_volatility,27,0.96296296,0.34415584,2.79804333,0.81716534,101.92962963,18.25185185
h4,discovery,50,100,sma_stack_bull+atr_expand+close_near_high+mtf_volatility,209,0.77033493,0.39513721,1.94953780,0.70873790,133.78899522,-21.80047847
h4,validation,50,100,sma_stack_bull+atr_expand+close_near_high+mtf_volatility,21,0.47619048,0.40374460,1.17943491,0.28344006,43.50952381,-43.80952381
h4,oos,50,100,sma_stack_bull+atr_expand+close_near_high+mtf_volatility,7,0.57142857,0.34415584,1.66037736,0.25045836,68.77142857,-131.25714286
h4,discovery,50,100,price200_bull+atr_expand+close_near_high+mtf_volatility,368,0.76902174,0.39513721,1.94621443,0.72331495,113.05896739,-21.87744565
h4,validation,50,100,price200_bull+atr_expand+close_near_high+mtf_volatility,52,0.63461538,0.40374460,1.57182384,0.49871678,74.23653846,-77.58076923
h4,oos,50,100,price200_bull+atr_expand+close_near_high+mtf_volatility,18,0.83333333,0.34415584,2.42138365,0.60777962,101.13333333,8.16111111
h4,discovery,50,100,trend_bull+atr_expand+strong_close_bull+mtf_volatility,194,0.76804124,0.39513721,1.94373300,0.70379203,138.04175258,-19.62010309
h4,validation,50,100,trend_bull+atr_expand+strong_close_bull+mtf_volatility,17,0.82352941,0.40374460,2.03972861,0.58970541,67.55882353,-102.75882353
h4,oos,50,100,trend_bull+atr_expand+strong_close_bull+mtf_volatility,3,0.33333333,0.34415584,0.96855346,0.06149194,45.26666667,-49.20000000
h4,discovery,50,100,macd_accel_up+atr_expand+close_near_high+mtf_volatility,593,0.76559865,0.39513721,1.93755139,0.72986027,108.49342327,-34.50640809
h4,validation,50,100,macd_accel_up+atr_expand+close_near_high+mtf_volatility,87,0.72413793,0.40374460,1.79355447,0.62226228,116.23218391,-97.80459770
h4,oos,50,100,macd_accel_up+atr_expand+close_near_high+mtf_volatility,46,0.63043478,0.34415584,1.83182937,0.48600096,73.72826087,-1.92391304
h4,discovery,50,100,atr_expand+close_near_high+mtf_volatility,604,0.76324503,0.39513721,1.93159493,0.72774684,107.78990066,-35.48609272
h4,validation,50,100,atr_expand+close_near_high+mtf_volatility,91,0.71428571,0.40374460,1.76915237,0.61427471,113.39120879,-98.10879121
h4,oos,50,100,atr_expand+close_near_high+mtf_volatility,54,0.66666667,0.34415584,1.93710692,0.53360964,77.71111111,-31.59074074
h4,discovery,50,100,di_strong_bull+atr_expand+strong_close_bull+mtf_volatility,329,0.75987842,0.39513721,1.92307482,0.71089125,114.91185410,-24.93738602
h4,validation,50,100,di_strong_bull+atr_expand+strong_close_bull+mtf_volatility,49,0.81632653,0.40374460,2.02188842,0.68642397,147.04081633,-67.90816327
h4,oos,50,100,di_strong_bull+atr_expand+strong_close_bull+mtf_volatility,26,1.00000000,0.34415584,2.90566038,0.87127108,104.78076923,22.31923077
h4,discovery,50,100,price200_bull+atr_expand+strong_close_bull+mtf_volatility,323,0.75851393,0.39513721,1.91962162,0.70897731,115.70278638,-22.68730650
h4,validation,50,100,price200_bull+atr_expand+strong_close_bull+mtf_volatility,42,0.78571429,0.40374460,1.94606761,0.64060155,89.65714286,-82.90714286
h4,oos,50,100,price200_bull+atr_expand+strong_close_bull+mtf_volatility,15,0.86666667,0.34415584,2.51823899,0.62118017,100.98666667,21.55333333
h4,discovery,50,100,atr_expand+strong_close_bull+mtf_volatility+cross_target_relative_up,214,0.75233645,0.39513721,1.90398785,0.69039309,104.70327103,-22.44485981
h4,validation,50,100,atr_expand+strong_close_bull+mtf_volatility+cross_target_relative_up,34,0.91176471,0.40374460,2.25827097,0.77039513,161.58823529,9.13823529
h4,oos,50,100,atr_expand+strong_close_bull+mtf_volatility+cross_target_relative_up,14,0.71428571,0.34415584,2.07547170,0.45350916,76.10000000,-58.19285714
h4,discovery,50,100,sma_stack_bull+atr_expand+strong_close_bull+mtf_volatility,179,0.74860335,0.39513721,1.89454026,0.68028314,139.41955307,-23.14972067
h4,validation,50,100,sma_stack_bull+atr_expand+strong_close_bull+mtf_volatility,11,0.90909091,0.40374460,2.25164847,0.62264156,74.45454545,-33.44545455
h4,oos,50,100,sma_stack_bull+atr_expand+strong_close_bull+mtf_volatility,5,0.60000000,0.34415584,1.74339623,0.23072428,64.30000000,-145.06000000
h4,discovery,50,100,atr_expand+strong_close_bull+mtf_volatility,500,0.74800000,0.39513721,1.89301331,0.70815218,110.63980000,-37.26760000
h4,validation,50,100,atr_expand+strong_close_bull+mtf_volatility,81,0.80246914,0.40374460,1.98756624,0.70295609,126.22098765,-103.40493827
h4,oos,50,100,atr_expand+strong_close_bull+mtf_volatility,39,0.84615385,0.34415584,2.45863570,0.70270536,91.71538462,-26.12307692
h4,discovery,50,100,macd_accel_up+atr_expand+strong_close_bull+mtf_volatility,492,0.74796748,0.39513721,1.89293101,0.70778204,111.04288618,-36.34186992
h4,validation,50,100,macd_accel_up+atr_expand+strong_close_bull+mtf_volatility,78,0.80769231,0.40374460,2.00050306,0.70665187,128.88974359,-104.25128205
h4,oos,50,100,macd_accel_up+atr_expand+strong_close_bull+mtf_volatility,34,0.82352941,0.34415584,2.39289678,0.66486263,90.51764706,12.41764706
h4,discovery,50,100,atr_expand+structure_bull_transition+close_near_high+mtf_volatility,447,0.74496644,0.39513721,1.88533609,0.70259014,110.46711409,-26.05592841
h4,validation,50,100,atr_expand+structure_bull_transition+close_near_high+mtf_volatility,76,0.69736842,0.40374460,1.72725139,0.58665798,115.45263158,-113.03815789
h4,oos,50,100,atr_expand+structure_bull_transition+close_near_high+mtf_volatility,54,0.66666667,0.34415584,1.93710692,0.53360964,77.71111111,-31.59074074
h4,discovery,50,100,atr_expand+breakout20_up+impulse_bull+mtf_volatility,443,0.74040632,0.39513721,1.87379548,0.69763772,100.80835214,-33.86365688
h4,validation,50,100,atr_expand+breakout20_up+impulse_bull+mtf_volatility,96,0.53125000,0.40374460,1.31580707,0.43215602,73.92708333,-62.80729167
h4,oos,50,100,atr_expand+breakout20_up+impulse_bull+mtf_volatility,59,0.44067797,0.34415584,1.28046051,0.32150212,56.62203390,-28.13898305
h4,discovery,50,100,adx25+atr_expand+close_near_high+mtf_volatility,311,0.73311897,0.39513721,1.85535291,0.68133250,106.39678457,-60.16848875
h4,validation,50,100,adx25+atr_expand+close_near_high+mtf_volatility,47,0.80851064,0.40374460,2.00252992,0.67455995,122.36808511,-127.85744681
h4,oos,50,100,adx25+atr_expand+close_near_high+mtf_volatility,23,0.30434783,0.34415584,0.88433142,0.15604024,44.51304348,-92.26956522
h4,discovery,50,100,atr_expand+close_near_high+mtf_volatility+cross_group_return_up,298,0.72818792,0.39513721,1.84287357,0.67501016,94.62651007,-45.20335570
h4,validation,50,100,atr_expand+close_near_high+mtf_volatility+cross_group_return_up,46,0.58695652,0.40374460,1.45378173,0.44339498,72.75869565,-119.75434783
h4,oos,50,100,atr_expand+close_near_high+mtf_volatility+cross_group_return_up,38,0.71052632,0.34415584,2.06454816,0.55242862,79.95263158,1.83157895
h4,discovery,50,100,macd_accel_up+atr_expand+impulse_bull+mtf_volatility,793,0.72635561,0.39513721,1.83823642,0.69429021,100.90315259,-37.42219420
h4,validation,50,100,macd_accel_up+atr_expand+impulse_bull+mtf_volatility,180,0.61111111,0.40374460,1.51360814,0.53828197,86.87944444,-82.91277778
h4,oos,50,100,macd_accel_up+atr_expand+impulse_bull+mtf_volatility,116,0.32758621,0.34415584,0.95185426,0.24890298,45.74913793,-38.35431034
h4,discovery,50,100,atr_expand+horizontal_break_up+impulse_bull+mtf_volatility,235,0.72340426,0.39513721,1.83076723,0.66296822,117.76000000,-19.82212766
h4,validation,50,100,atr_expand+horizontal_break_up+impulse_bull+mtf_volatility,82,0.45121951,0.40374460,1.11758650,0.34811270,63.73536585,-64.79756098
h4,oos,50,100,atr_expand+horizontal_break_up+impulse_bull+mtf_volatility,40,0.65000000,0.34415584,1.88867925,0.49505881,72.37000000,-7.75500000
h4,discovery,50,100,atr_expand+structure_bull_transition+strong_close_bull+mtf_volatility,363,0.72176309,0.39513721,1.82661381,0.67352424,113.18842975,-27.25895317
h4,validation,50,100,atr_expand+structure_bull_transition+strong_close_bull+mtf_volatility,67,0.79104478,0.40374460,1.95927024,0.67928193,130.08358209,-122.58955224
h4,oos,50,100,atr_expand+structure_bull_transition+strong_close_bull+mtf_volatility,39,0.84615385,0.34415584,2.45863570,0.70270536,91.71538462,-26.12307692
h4,discovery,50,100,atr_expand+impulse_bull+mtf_volatility,814,0.72113022,0.39513721,1.82501218,0.68933987,100.64238329,-38.74766585
h4,validation,50,100,atr_expand+impulse_bull+mtf_volatility,183,0.60109290,0.40374460,1.48879489,0.52877057,86.00655738,-84.26775956
h4,oos,50,100,atr_expand+impulse_bull+mtf_volatility,125,0.36800000,0.34415584,1.06928302,0.28856997,49.91680000,-49.28880000
h4,discovery,50,100,trend_bull+atr_expand+breakout20_up+mtf_volatility,225,0.72000000,0.39513721,1.82215185,0.65801625,122.78355556,-19.87333333
h4,validation,50,100,trend_bull+atr_expand+breakout20_up+mtf_volatility,59,0.47457627,0.40374460,1.17543683,0.35265877,59.24745763,-76.99661017
h4,oos,50,100,trend_bull+atr_expand+breakout20_up+mtf_volatility,14,0.00000000,0.34415584,0.00000000,0.00000000,14.76428571,-51.52142857
h4,discovery,50,100,sma_stack_bull+atr_expand+horizontal_break_up+mtf_volatility,167,0.71856287,0.39513721,1.81851482,0.64603621,135.29880240,-21.92035928
h4,validation,50,100,sma_stack_bull+atr_expand+horizontal_break_up+mtf_volatility,41,0.26829268,0.40374460,0.66451089,0.15694964,46.20000000,-60.15609756
h4,oos,50,100,sma_stack_bull+atr_expand+horizontal_break_up+mtf_volatility,12,0.00000000,0.34415584,0.00000000,0.00000000,11.04166667,-54.25833333
h4,discovery,50,100,trend_bull+atr_expand+impulse_bull+mtf_volatility,280,0.71785714,0.39513721,1.81672878,0.66247008,117.66250000,-28.59607143
h4,validation,50,100,trend_bull+atr_expand+impulse_bull+mtf_volatility,68,0.44117647,0.40374460,1.09271176,0.32946234,49.01764706,-83.52205882
h4,oos,50,100,trend_bull+atr_expand+impulse_bull+mtf_volatility,20,0.20000000,0.34415584,0.58113208,0.08065766,33.15500000,-54.60000000
h4,discovery,50,100,atr_expand+impulse_bull+mtf_volatility+cross_target_relative_up,386,0.71761658,0.39513721,1.81611997,0.67073495,91.78393782,-33.91165803
h4,validation,50,100,atr_expand+impulse_bull+mtf_volatility+cross_target_relative_up,76,0.63157895,0.40374460,1.56430315,0.51925065,105.47105263,-33.27631579
h4,oos,50,100,atr_expand+impulse_bull+mtf_volatility+cross_target_relative_up,57,0.29824561,0.34415584,0.86660046,0.19532550,43.31929825,-58.27719298
h4,discovery,50,100,atr_expand+strong_close_bull+mtf_volatility+cross_group_return_up,253,0.71541502,0.39513721,1.81054834,0.65691679,96.05415020,-43.13715415
h4,validation,50,100,atr_expand+strong_close_bull+mtf_volatility+cross_group_return_up,37,0.72972973,0.40374460,1.80740431,0.57021832,88.86756757,-138.68378378
h4,oos,50,100,atr_expand+strong_close_bull+mtf_volatility+cross_group_return_up,26,1.00000000,0.34415584,2.90566038,0.87127108,104.78076923,22.31923077
h4,discovery,50,100,di_strong_bull+atr_expand+breakout20_up+mtf_volatility,407,0.71498771,0.39513721,1.80946693,0.66928049,102.18402948,-30.67321867
h4,validation,50,100,di_strong_bull+atr_expand+breakout20_up+mtf_volatility,92,0.51086957,0.40374460,1.26532854,0.41035492,77.59673913,-68.99347826
h4,oos,50,100,di_strong_bull+atr_expand+breakout20_up+mtf_volatility,62,0.41935484,0.34415584,1.21850274,0.30477586,54.65483871,-30.21935484
h4,discovery,50,100,atr_expand+breakout20_up+mtf_volatility,465,0.71182796,0.39513721,1.80147032,0.66905895,97.43053763,-34.84666667
h4,validation,50,100,atr_expand+breakout20_up+mtf_volatility,98,0.54081633,0.40374460,1.33950108,0.44248042,77.00408163,-65.25204082
h4,oos,50,100,atr_expand+breakout20_up+mtf_volatility,62,0.41935484,0.34415584,1.21850274,0.30477586,54.65483871,-30.21935484
h4,discovery,50,100,macd_accel_up+atr_expand+breakout20_up+mtf_volatility,465,0.71182796,0.39513721,1.80147032,0.66905895,97.43053763,-34.84666667
h4,validation,50,100,macd_accel_up+atr_expand+breakout20_up+mtf_volatility,98,0.54081633,0.40374460,1.33950108,0.44248042,77.00408163,-65.25204082
h4,oos,50,100,macd_accel_up+atr_expand+breakout20_up+mtf_volatility,62,0.41935484,0.34415584,1.21850274,0.30477586,54.65483871,-30.21935484
h4,discovery,50,100,atr_expand+structure_bull_transition+impulse_bull+mtf_volatility,599,0.71118531,0.39513721,1.79984393,0.67363631,102.61519199,-34.23422371
h4,validation,50,100,atr_expand+structure_bull_transition+impulse_bull+mtf_volatility,170,0.58823529,0.40374460,1.45694901,0.51309991,84.35294118,-88.80235294
h4,oos,50,100,atr_expand+structure_bull_transition+impulse_bull+mtf_volatility,111,0.35135135,0.34415584,1.02090770,0.26887012,48.17927928,-49.52342342
h4,discovery,50,100,price200_bull+atr_expand+impulse_bull+mtf_volatility,480,0.71041667,0.39513721,1.79789867,0.66829680,103.05854167,-28.63312500
h4,validation,50,100,price200_bull+atr_expand+impulse_bull+mtf_volatility,112,0.48214286,0.40374460,1.19417785,0.39173990,62.00178571,-73.25803571
h4,oos,50,100,price200_bull+atr_expand+impulse_bull+mtf_volatility,43,0.39534884,0.34415584,1.14874945,0.26365315,52.63023256,-34.82558140
h4,discovery,50,100,sma_stack_bull+atr_expand+breakout20_up+mtf_volatility,201,0.70646766,0.39513721,1.78790467,0.64011459,125.08905473,-23.18606965
h4,validation,50,100,sma_stack_bull+atr_expand+breakout20_up+mtf_volatility,50,0.40000000,0.40374460,0.99072533,0.27608390,54.36800000,-66.82800000
h4,oos,50,100,sma_stack_bull+atr_expand+breakout20_up+mtf_volatility,12,0.00000000,0.34415584,0.00000000,0.00000000,11.04166667,-54.25833333
h4,discovery,50,100,di_strong_bull+atr_expand+impulse_bull+mtf_volatility,540,0.70555556,0.39513721,1.78559634,0.66576900,97.17740741,-31.20037037
h4,validation,50,100,di_strong_bull+atr_expand+impulse_bull+mtf_volatility,128,0.55468750,0.40374460,1.37385739,0.46824339,87.41953125,-63.90000000
h4,oos,50,100,di_strong_bull+atr_expand+impulse_bull+mtf_volatility,90,0.35555556,0.34415584,1.03312369,0.26443869,48.33666667,-38.94888889
h4,discovery,50,100,sma_stack_bull+atr_expand+impulse_bull+mtf_volatility,258,0.70542636,0.39513721,1.78526937,0.64711606,119.09224806,-32.10968992
h4,validation,50,100,sma_stack_bull+atr_expand+impulse_bull+mtf_volatility,57,0.36842105,0.40374460,0.91251017,0.25523557,42.74035088,-73.19298246
h4,oos,50,100,sma_stack_bull+atr_expand+impulse_bull+mtf_volatility,21,0.19047619,0.34415584,0.55345912,0.07667565,32.46190476,-82.35238095
h4,discovery,50,100,atr_expand+impulse_bull+mtf_volatility+cross_group_return_up,412,0.70388350,0.39513721,1.78136474,0.65807973,88.60388350,-46.98276699
h4,validation,50,100,atr_expand+impulse_bull+mtf_volatility+cross_group_return_up,100,0.60000000,0.40374460,1.48608799,0.50200259,68.56500000,-87.12800000
h4,oos,50,100,atr_expand+impulse_bull+mtf_volatility+cross_group_return_up,80,0.35000000,0.34415584,1.01698113,0.25454551,47.26625000,-35.33000000
h4,discovery,50,100,trend_bull+atr_expand+horizontal_break_up+mtf_volatility,193,0.69948187,0.39513721,1.77022525,0.63142153,126.06010363,-23.65647668
h4,validation,50,100,trend_bull+atr_expand+horizontal_break_up+mtf_volatility,50,0.38000000,0.40374460,0.94118906,0.25862789,53.42800000,-73.35600000
h4,oos,50,100,trend_bull+atr_expand+horizontal_break_up+mtf_volatility,14,0.00000000,0.34415584,0.00000000,0.00000000,14.76428571,-51.52142857
h4,discovery,50,100,adx25+atr_expand+impulse_bull+mtf_volatility,466,0.69742489,0.39513721,1.76501953,0.65424213,98.22210300,-54.26459227
h4,validation,50,100,adx25+atr_expand+impulse_bull+mtf_volatility,99,0.67676768,0.40374460,1.67622719,0.57952968,86.67272727,-98.93838384
h4,oos,50,100,adx25+atr_expand+impulse_bull+mtf_volatility,31,0.25806452,0.34415584,0.74984784,0.13701706,39.11612903,-90.01290323
h4,discovery,50,100,di_strong_bull+atr_expand+horizontal_break_up+mtf_volatility,228,0.69736842,0.39513721,1.76487661,0.63487332,117.52324561,-23.11271930
h4,validation,50,100,di_strong_bull+atr_expand+horizontal_break_up+mtf_volatility,78,0.42307692,0.40374460,1.04788256,0.31959060,67.54102564,-72.19615385
h4,oos,50,100,di_strong_bull+atr_expand+horizontal_break_up+mtf_volatility,43,0.60465116,0.34415584,1.75691093,0.45579063,68.43488372,-12.17674419
h4,discovery,50,100,adx25+atr_expand+strong_close_bull+mtf_volatility,254,0.69685039,0.39513721,1.76356561,0.63774008,108.58582677,-65.96496063
h4,validation,50,100,adx25+atr_expand+strong_close_bull+mtf_volatility,45,0.84444444,0.40374460,2.09153125,0.71216091,126.82888889,-127.80666667
h4,oos,50,100,adx25+atr_expand+strong_close_bull+mtf_volatility,11,0.63636364,0.34415584,1.84905660,0.35380117,72.18181818,-140.23636364
h4,discovery,50,100,atr_expand+horizontal_break_up+mtf_volatility,248,0.69354839,0.39513721,1.75520900,0.63358140,113.16854839,-21.96532258
h4,validation,50,100,atr_expand+horizontal_break_up+mtf_volatility,84,0.46428571,0.40374460,1.14994904,0.36154228,67.56785714,-67.60238095
h4,oos,50,100,atr_expand+horizontal_break_up+mtf_volatility,43,0.60465116,0.34415584,1.75691093,0.45579063,68.43488372,-12.17674419
h4,discovery,50,100,macd_accel_up+atr_expand+horizontal_break_up+mtf_volatility,248,0.69354839,0.39513721,1.75520900,0.63358140,113.16854839,-21.96532258
h4,validation,50,100,macd_accel_up+atr_expand+horizontal_break_up+mtf_volatility,84,0.46428571,0.40374460,1.14994904,0.36154228,67.56785714,-67.60238095
h4,oos,50,100,macd_accel_up+atr_expand+horizontal_break_up+mtf_volatility,43,0.60465116,0.34415584,1.75691093,0.45579063,68.43488372,-12.17674419
h4,discovery,50,100,price200_bull+atr_expand+horizontal_break_up+mtf_volatility,234,0.69230769,0.39513721,1.75206909,0.63046352,116.07777778,-21.88803419
h4,validation,50,100,price200_bull+atr_expand+horizontal_break_up+mtf_volatility,84,0.46428571,0.40374460,1.14994904,0.36154228,67.56785714,-67.60238095
h4,oos,50,100,price200_bull+atr_expand+horizontal_break_up+mtf_volatility,28,0.42857143,0.34415584,1.24528302,0.26508547,57.98928571,-17.49285714
h4,discovery,50,100,atr_expand+close_near_high+mtf_volatility+cross_group_bull,210,0.69047619,0.39513721,1.74743399,0.62499833,88.27238095,-57.79095238
h4,validation,50,100,atr_expand+close_near_high+mtf_volatility+cross_group_bull,46,0.58695652,0.40374460,1.45378173,0.44339498,72.75869565,-119.75434783
h4,oos,50,100,atr_expand+close_near_high+mtf_volatility+cross_group_bull,42,0.64285714,0.34415584,1.86792453,0.49166366,74.85238095,1.85000000
h4,discovery,50,100,trend_bull+atr_expand+structure_bull_transition+mtf_volatility,243,0.68724280,0.39513721,1.73925103,0.62641954,118.15226337,-34.22921811
h4,validation,50,100,trend_bull+atr_expand+structure_bull_transition+mtf_volatility,65,0.44615385,0.40374460,1.10503979,0.33169527,57.75538462,-83.28615385
h4,oos,50,100,trend_bull+atr_expand+structure_bull_transition+mtf_volatility,22,0.18181818,0.34415584,0.52830189,0.07306885,33.51363636,-52.82727273
h4,discovery,50,100,sma_stack_bull+atr_expand+structure_bull_transition+mtf_volatility,232,0.68534483,0.39513721,1.73444771,0.62298243,120.06120690,-37.68836207
h4,validation,50,100,sma_stack_bull+atr_expand+structure_bull_transition+mtf_volatility,54,0.37037037,0.40374460,0.91733827,0.25423375,52.90925926,-72.33518519
h4,oos,50,100,sma_stack_bull+atr_expand+structure_bull_transition+mtf_volatility,21,0.19047619,0.34415584,0.55345912,0.07667565,32.46190476,-82.35238095
h4,discovery,50,100,price200_bull+atr_expand+breakout20_up+mtf_volatility,338,0.68047337,0.39513721,1.72211919,0.62897323,102.76124260,-27.70118343
h4,validation,50,100,price200_bull+atr_expand+breakout20_up+mtf_volatility,93,0.51612903,0.40374460,1.27835526,0.41595549,69.89139785,-70.46881720
h4,oos,50,100,price200_bull+atr_expand+breakout20_up+mtf_volatility,28,0.42857143,0.34415584,1.24528302,0.26508547,57.98928571,-17.49285714
h4,discovery,50,100,adx25+atr_expand+breakout20_up+mtf_volatility,228,0.67543860,0.39513721,1.70937735,0.61219264,91.45833333,-61.31535088
h4,validation,50,100,adx25+atr_expand+breakout20_up+mtf_volatility,29,0.58620690,0.40374460,1.45192505,0.40737836,78.96896552,-33.14482759
h4,oos,50,100,adx25+atr_expand+breakout20_up+mtf_volatility,10,0.10000000,0.34415584,0.29056604,0.01787621,21.43000000,-91.55000000
h4,discovery,50,100,atr_expand+breakout20_up+mtf_volatility+cross_group_return_up,260,0.67307692,0.39513721,1.70340050,0.61389891,86.74038462,-62.09038462
h4,validation,50,100,atr_expand+breakout20_up+mtf_volatility+cross_group_return_up,62,0.50000000,0.40374460,1.23840666,0.37922741,67.91935484,-80.14838710
h4,oos,50,100,atr_expand+breakout20_up+mtf_volatility+cross_group_return_up,62,0.41935484,0.34415584,1.21850274,0.30477586,54.65483871,-30.21935484
h4,discovery,50,100,price200_bull+macd_accel_up+atr_expand+mtf_volatility,538,0.66728625,0.39513721,1.68874565,0.62640876,97.50371747,-35.23308550
h4,validation,50,100,price200_bull+macd_accel_up+atr_expand+mtf_volatility,124,0.51612903,0.40374460,1.27835526,0.42901545,65.17338710,-71.88225806
h4,oos,50,100,price200_bull+macd_accel_up+atr_expand+mtf_volatility,49,0.30612245,0.34415584,0.88948787,0.19515491,39.44081633,-35.30204082
h4,discovery,50,100,trend_bull+atr_expand+horizontal_break_up+strong_close_bull,851,0.66627497,0.39513721,1.68618635,0.63390880,94.59353702,-4.42397180
h4,validation,50,100,trend_bull+atr_expand+horizontal_break_up+strong_close_bull,101,0.53465347,0.40374460,1.32423682,0.43789671,60.67524752,-51.65346535
h4,oos,50,100,trend_bull+atr_expand+horizontal_break_up+strong_close_bull,97,0.56701031,0.34415584,1.64753939,0.46771585,68.30927835,-42.01030928
h4,discovery,50,100,trend_bull+macd_accel_up+atr_expand+mtf_volatility,324,0.66358025,0.39513721,1.67936663,0.61048255,110.58796296,-35.71450617
h4,validation,50,100,trend_bull+macd_accel_up+atr_expand+mtf_volatility,79,0.50632911,0.40374460,1.25408269,0.39837397,56.28987342,-79.88481013
h4,oos,50,100,trend_bull+macd_accel_up+atr_expand+mtf_volatility,19,0.10526316,0.34415584,0.30585899,0.02935856,22.72105263,-51.88421053
h4,discovery,50,100,price200_bull+atr_expand+structure_bull_transition+mtf_volatility,407,0.66339066,0.39513721,1.67888684,0.61614344,99.97592138,-38.24103194
h4,validation,50,100,price200_bull+atr_expand+structure_bull_transition+mtf_volatility,105,0.46666667,0.40374460,1.15584621,0.37411114,61.40666667,-80.43047619
h4,oos,50,100,price200_bull+atr_expand+structure_bull_transition+mtf_volatility,45,0.37777778,0.34415584,1.09769392,0.25108085,51.94000000,-34.83777778
h4,discovery,50,100,atr_expand+impulse_bull+mtf_volatility+cross_group_bull,308,0.66233766,0.39513721,1.67622194,0.60781154,81.00064935,-56.88084416
h4,validation,50,100,atr_expand+impulse_bull+mtf_volatility+cross_group_bull,89,0.61797753,0.40374460,1.53061497,0.51414120,70.32696629,-92.97865169
h4,oos,50,100,atr_expand+impulse_bull+mtf_volatility+cross_group_bull,84,0.33333333,0.34415584,0.96855346,0.24177214,46.27261905,-33.55119048
h4,discovery,50,100,di_strong_bull+atr_expand+horizontal_break_up+strong_close_bull,1224,0.65686275,0.39513721,1.66236621,0.62981233,88.98251634,-5.62238562
h4,validation,50,100,di_strong_bull+atr_expand+horizontal_break_up+strong_close_bull,200,0.53500000,0.40374460,1.32509512,0.46586647,84.90100000,-25.09300000
h4,oos,50,100,di_strong_bull+atr_expand+horizontal_break_up+strong_close_bull,185,0.57297297,0.34415584,1.66486486,0.50092339,66.91513514,-22.64756757
h4,discovery,50,100,price200_bull+atr_expand+horizontal_break_up+strong_close_bull,1209,0.65591398,0.39513721,1.65996510,0.62867918,89.48949545,-5.56095947
h4,validation,50,100,price200_bull+atr_expand+horizontal_break_up+strong_close_bull,183,0.61202186,0.40374460,1.51586389,0.53980948,90.46502732,-24.09016393
h4,oos,50,100,price200_bull+atr_expand+horizontal_break_up+strong_close_bull,158,0.53164557,0.34415584,1.54478147,0.45401284,63.18037975,-26.27974684
h4,discovery,50,100,sma_stack_bull+atr_expand+breakout20_up+strong_close_bull,717,0.65411437,0.39513721,1.65541070,0.61856003,91.21687587,-12.46499303
h4,validation,50,100,sma_stack_bull+atr_expand+breakout20_up+strong_close_bull,72,0.47222222,0.40374460,1.16960629,0.36126510,58.29583333,-39.45000000
h4,oos,50,100,sma_stack_bull+atr_expand+breakout20_up+strong_close_bull,83,0.56626506,0.34415584,1.64537395,0.45905926,68.53373494,-45.89759036
h4,discovery,50,100,trend_bull+atr_expand+strong_close_bull+mtf_adx25,439,0.65375854,0.39513721,1.65451019,0.60809260,93.75968109,-12.85398633
h4,validation,50,100,trend_bull+atr_expand+strong_close_bull+mtf_adx25,41,0.53658537,0.40374460,1.32902178,0.38746471,63.73414634,-24.91951220
h4,oos,50,100,trend_bull+atr_expand+strong_close_bull+mtf_adx25,48,0.60416667,0.34415584,1.75550314,0.46310408,56.25208333,-24.31041667
h4,discovery,50,100,macd_accel_up+atr_expand+structure_bull_transition+mtf_volatility,659,0.65250379,0.39513721,1.65133472,0.61535904,95.63884674,-38.29984825
h4,validation,50,100,macd_accel_up+atr_expand+structure_bull_transition+mtf_volatility,180,0.60000000,0.40374460,1.48608799,0.52706353,86.05000000,-91.54333333
h4,oos,50,100,macd_accel_up+atr_expand+structure_bull_transition+mtf_volatility,112,0.28571429,0.34415584,0.83018868,0.21024840,39.83392857,-41.37946429
h4,discovery,50,100,trend_bull+di_strong_bull+atr_expand+strong_close_bull,938,0.65245203,0.39513721,1.65120370,0.62141216,92.75959488,-10.50703625
h4,validation,50,100,trend_bull+di_strong_bull+atr_expand+strong_close_bull,126,0.50793651,0.40374460,1.25806391,0.42170965,56.25238095,-49.18730159
h4,oos,50,100,trend_bull+di_strong_bull+atr_expand+strong_close_bull,115,0.60869565,0.34415584,1.76866284,0.51736700,67.91391304,-36.23304348
h4,discovery,50,100,sma_stack_bull+macd_accel_up+atr_expand+mtf_volatility,302,0.65231788,0.39513721,1.65086422,0.59699755,111.50430464,-39.01854305
h4,validation,50,100,sma_stack_bull+macd_accel_up+atr_expand+mtf_volatility,66,0.46969697,0.40374460,1.16335171,0.35430428,52.80909091,-68.52878788
h4,oos,50,100,sma_stack_bull+macd_accel_up+atr_expand+mtf_volatility,17,0.05882353,0.34415584,0.17092120,0.01046040,19.77058824,-56.36470588
h4,discovery,50,100,sma_stack_bull+atr_expand+horizontal_break_up+strong_close_bull,667,0.65217391,0.39513721,1.65049987,0.61525064,93.19490255,-10.87196402
h4,validation,50,100,sma_stack_bull+atr_expand+horizontal_break_up+strong_close_bull,65,0.46153846,0.40374460,1.14314461,0.34590334,59.22923077,-40.66307692
h4,oos,50,100,sma_stack_bull+atr_expand+horizontal_break_up+strong_close_bull,83,0.56626506,0.34415584,1.64537395,0.45905926,68.53373494,-45.89759036
h4,discovery,50,100,sma_stack_bull+di_strong_bull+atr_expand+strong_close_bull,721,0.65048544,0.39513721,1.64622673,0.61496688,92.48113731,-16.18557559
h4,validation,50,100,sma_stack_bull+di_strong_bull+atr_expand+strong_close_bull,75,0.46666667,0.40374460,1.15584621,0.35815696,57.59200000,-39.50266667
h4,oos,50,100,sma_stack_bull+di_strong_bull+atr_expand+strong_close_bull,86,0.54651163,0.34415584,1.58797718,0.44156170,66.50465116,-44.99883721
h4,discovery,50,100,sma_stack_bull+atr_expand+strong_close_bull+mtf_trend_bull,572,0.65034965,0.39513721,1.64588308,0.61038558,86.56048951,-25.05804196
h4,validation,50,100,sma_stack_bull+atr_expand+strong_close_bull+mtf_trend_bull,48,0.64583333,0.40374460,1.59960860,0.50439057,67.06041667,-29.20625000
h4,oos,50,100,sma_stack_bull+atr_expand+strong_close_bull+mtf_trend_bull,76,0.52631579,0.34415584,1.52929494,0.41552029,68.44473684,-77.26710526
h4,discovery,50,100,macd_accel_up+atr_expand+mtf_volatility,935,0.65026738,0.39513721,1.64567488,0.61914169,91.63219251,-46.31454545
h4,validation,50,100,macd_accel_up+atr_expand+mtf_volatility,212,0.58018868,0.40374460,1.43701905,0.51290566,80.73915094,-86.46273585
h4,oos,50,100,macd_accel_up+atr_expand+mtf_volatility,134,0.29104478,0.34415584,0.84567727,0.22081370,38.91791045,-43.31119403
h4,discovery,50,100,atr_expand+breakout20_up+mtf_volatility+cross_target_relative_up,214,0.64953271,0.39513721,1.64381560,0.58348288,82.66588785,-35.30467290
h4,validation,50,100,atr_expand+breakout20_up+mtf_volatility+cross_target_relative_up,34,0.70588235,0.40374460,1.74833881,0.53831090,119.66470588,14.91470588
h4,oos,50,100,atr_expand+breakout20_up+mtf_volatility+cross_target_relative_up,31,0.19354839,0.34415584,0.56238588,0.09187008,33.37419355,-49.36451613
h4,discovery,50,100,atr_expand+structure_bull_transition+mtf_volatility,684,0.64912281,0.39513721,1.64277823,0.61261504,95.17573099,-40.89415205
h4,validation,50,100,atr_expand+structure_bull_transition+mtf_volatility,182,0.59890110,0.40374460,1.48336622,0.52636103,86.31758242,-92.43681319
h4,oos,50,100,atr_expand+structure_bull_transition+mtf_volatility,121,0.33057851,0.34415584,0.96054889,0.25310787,44.57933884,-52.45041322
h4,discovery,50,100,di_strong_bull+atr_expand+horizontal_break_up+close_near_high,1461,0.64887064,0.39513721,1.64214005,0.62403350,85.73880903,-8.71950719
h4,validation,50,100,di_strong_bull+atr_expand+horizontal_break_up+close_near_high,239,0.53974895,0.40374460,1.33685740,0.47642966,81.30962343,-27.96903766
h4,oos,50,100,di_strong_bull+atr_expand+horizontal_break_up+close_near_high,237,0.54008439,0.34415584,1.56930181,0.47649808,64.25569620,-18.18987342
h4,discovery,50,100,trend_bull+atr_expand+breakout20_up+strong_close_bull,936,0.64850427,0.39513721,1.64121287,0.61736755,91.43076923,-7.91987179
h4,validation,50,100,trend_bull+atr_expand+breakout20_up+strong_close_bull,114,0.56140351,0.40374460,1.39049169,0.46978750,60.72894737,-47.13157895
h4,oos,50,100,trend_bull+atr_expand+breakout20_up+strong_close_bull,109,0.61467890,0.34415584,1.78604812,0.52089565,69.14220183,-37.87247706
h4,discovery,50,100,atr_expand+horizontal_break_up+strong_close_bull,1270,0.64645669,0.39513721,1.63603092,0.61975817,87.52527559,-6.27055118
h4,validation,50,100,atr_expand+horizontal_break_up+strong_close_bull,206,0.54854369,0.40374460,1.35864031,0.48031803,84.40631068,-24.59174757
h4,oos,50,100,atr_expand+horizontal_break_up+strong_close_bull,188,0.57978723,0.34415584,1.68466479,0.50832461,66.77446809,-22.41861702
h4,discovery,50,100,macd_accel_up+atr_expand+horizontal_break_up+strong_close_bull,1270,0.64645669,0.39513721,1.63603092,0.61975817,87.52527559,-6.27055118
h4,validation,50,100,macd_accel_up+atr_expand+horizontal_break_up+strong_close_bull,206,0.54854369,0.40374460,1.35864031,0.48031803,84.40631068,-24.59174757
h4,oos,50,100,macd_accel_up+atr_expand+horizontal_break_up+strong_close_bull,188,0.57978723,0.34415584,1.68466479,0.50832461,66.77446809,-22.41861702
h4,discovery,50,100,price200_bull+atr_expand+breakout20_up+strong_close_bull,1657,0.64333132,0.39513721,1.62812133,0.61996000,84.60983705,-11.28376584
h4,validation,50,100,price200_bull+atr_expand+breakout20_up+strong_close_bull,234,0.62393162,0.40374460,1.54536216,0.56033635,90.86025641,-14.97008547
h4,oos,50,100,price200_bull+atr_expand+breakout20_up+strong_close_bull,187,0.52406417,0.34415584,1.52275250,0.45272188,61.46791444,-23.84438503
h4,discovery,50,100,di_strong_bull+atr_expand+structure_bull_transition+mtf_volatility,454,0.64317181,0.39513721,1.62771764,0.59807239,92.25066079,-38.90550661
h4,validation,50,100,di_strong_bull+atr_expand+structure_bull_transition+mtf_volatility,125,0.56000000,0.40374460,1.38701546,0.47248061,87.47120000,-68.06720000
h4,oos,50,100,di_strong_bull+atr_expand+structure_bull_transition+mtf_volatility,86,0.31395349,0.34415584,0.91224221,0.22561297,42.23488372,-42.00930233
h4,discovery,50,100,macd_accel_up+atr_expand+mtf_volatility+cross_target_relative_up,464,0.64224138,0.39513721,1.62536294,0.59762242,84.10172414,-41.72047414
h4,validation,50,100,macd_accel_up+atr_expand+mtf_volatility+cross_target_relative_up,95,0.60000000,0.40374460,1.48608799,0.49945603,94.07473684,-48.84631579
h4,oos,50,100,macd_accel_up+atr_expand+mtf_volatility+cross_target_relative_up,68,0.22058824,0.34415584,0.64095450,0.13849012,31.97941176,-47.96176471
h4,discovery,50,100,atr_expand+horizontal_break_up+mtf_adx25+cross_target_relative_up,401,0.64089776,0.39513721,1.62196255,0.59281026,90.20473815,-11.61271820
h4,validation,50,100,atr_expand+horizontal_break_up+mtf_adx25+cross_target_relative_up,66,0.43939394,0.40374460,1.08829676,0.32628121,52.91666667,-27.57272727
h4,oos,50,100,atr_expand+horizontal_break_up+mtf_adx25+cross_target_relative_up,70,0.52857143,0.34415584,1.53584906,0.41321887,54.11142857,-12.78428571
h4,discovery,50,100,trend_bull+atr_expand+close_near_high+mtf_adx25,568,0.64084507,0.39513721,1.62182921,0.60056625,86.28538732,-16.18820423
h4,validation,50,100,trend_bull+atr_expand+close_near_high+mtf_adx25,49,0.57142857,0.40374460,1.41532190,0.43270493,67.19183673,-28.56326531
h4,oos,50,100,trend_bull+atr_expand+close_near_high+mtf_adx25,56,0.55357143,0.34415584,1.60849057,0.42413215,55.76071429,-25.58750000
h4,discovery,100,150,sma_stack_bull+atr_expand+strong_close_bull+mtf_volatility,127,0.81102362,0.47775477,1.69757306,0.73419296,145.91102362,-41.61023622
h4,validation,100,150,sma_stack_bull+atr_expand+strong_close_bull+mtf_volatility,5,0.40000000,0.49471831,0.80854093,0.11762077,49.30000000,-50.48000000
h4,oos,100,150,sma_stack_bull+atr_expand+strong_close_bull+mtf_volatility,0,,0.44026549,,,,
h4,discovery,100,150,sma_stack_bull+atr_expand+close_near_high+mtf_volatility,149,0.77181208,0.47775477,1.61549844,0.69809878,137.09463087,-45.61677852
h4,validation,100,150,sma_stack_bull+atr_expand+close_near_high+mtf_volatility,6,0.33333333,0.49471831,0.67378410,0.09677141,45.10000000,-53.28333333
h4,oos,100,150,sma_stack_bull+atr_expand+close_near_high+mtf_volatility,0,,0.44026549,,,,
h4,discovery,100,150,sma_stack_bull+atr_expand+strong_close_bull+mtf_adx25,212,0.72641509,0.47775477,1.52047692,0.66277619,105.73584906,-45.07971698
h4,validation,100,150,sma_stack_bull+atr_expand+strong_close_bull+mtf_adx25,27,0.70370370,0.49471831,1.42243311,0.51519317,111.57777778,-5.63703704
h4,oos,100,150,sma_stack_bull+atr_expand+strong_close_bull+mtf_adx25,11,0.36363636,0.44026549,0.82594792,0.15166471,48.15454545,-5.34545455
h4,discovery,100,150,price200_bull+atr_expand+strong_close_bull+mtf_volatility,247,0.70850202,0.47775477,1.48298264,0.64897950,113.31781377,-41.36599190
h4,validation,100,150,price200_bull+atr_expand+strong_close_bull+mtf_volatility,34,0.67647059,0.49471831,1.36738539,0.50842895,89.73823529,-41.97647059
h4,oos,100,150,price200_bull+atr_expand+strong_close_bull+mtf_volatility,37,0.83783784,0.44026549,1.90302866,0.68863516,89.52162162,12.68378378
h4,discovery,100,150,ema200_rising+atr_expand+strong_close_bull+mtf_volatility,247,0.70850202,0.47775477,1.48298264,0.64897950,113.31781377,-41.36599190
h4,validation,100,150,ema200_rising+atr_expand+strong_close_bull+mtf_volatility,34,0.67647059,0.49471831,1.36738539,0.50842895,89.73823529,-41.97647059
h4,oos,100,150,ema200_rising+atr_expand+strong_close_bull+mtf_volatility,37,0.83783784,0.44026549,1.90302866,0.68863516,89.52162162,12.68378378
h4,discovery,100,150,atr_expand+horizontal_break_up+strong_close_bull+mtf_adx25,365,0.70684932,0.47775477,1.47952331,0.65818957,99.32164384,-24.88301370
h4,validation,100,150,atr_expand+horizontal_break_up+strong_close_bull+mtf_adx25,32,0.68750000,0.49471831,1.38967972,0.51433322,106.17812500,-16.76562500
h4,oos,100,150,atr_expand+horizontal_break_up+strong_close_bull+mtf_adx25,27,0.62962963,0.44026549,1.43011353,0.44229234,63.59259259,-23.24074074
h4,discovery,100,150,price200_bull+atr_expand+strong_close_bull+mtf_adx25,426,0.69718310,0.47775477,1.45929072,0.65194840,97.87370892,-36.99530516
h4,validation,100,150,price200_bull+atr_expand+strong_close_bull+mtf_adx25,36,0.66666667,0.49471831,1.34756821,0.50333998,99.33888889,-16.19722222
h4,oos,100,150,price200_bull+atr_expand+strong_close_bull+mtf_adx25,17,0.41176471,0.44026549,0.93526456,0.21611057,46.21764706,-18.12352941
h4,discovery,100,150,ema200_rising+atr_expand+strong_close_bull+mtf_adx25,426,0.69718310,0.47775477,1.45929072,0.65194840,97.87370892,-36.99530516
h4,validation,100,150,ema200_rising+atr_expand+strong_close_bull+mtf_adx25,36,0.66666667,0.49471831,1.34756821,0.50333998,99.33888889,-16.19722222
h4,oos,100,150,ema200_rising+atr_expand+strong_close_bull+mtf_adx25,17,0.41176471,0.44026549,0.93526456,0.21611057,46.21764706,-18.12352941
h4,discovery,100,150,dmi_adx_strong_bull+atr_expand+strong_close_bull+mtf_adx25,442,0.68778281,0.47775477,1.43961474,0.64312020,96.61085973,-30.21515837
h4,validation,100,150,dmi_adx_strong_bull+atr_expand+strong_close_bull+mtf_adx25,46,0.58695652,0.49471831,1.18644592,0.44339498,86.45652174,-22.40434783
h4,oos,100,150,dmi_adx_strong_bull+atr_expand+strong_close_bull+mtf_adx25,28,0.64285714,0.44026549,1.46015793,0.45830307,63.12142857,-23.47857143
h4,discovery,100,150,price200_bull+dmi_adx_strong_bull+atr_expand+strong_close_bull,1081,0.68547641,0.47775477,1.43478717,0.65718139,90.36290472,-23.81692877
h4,validation,100,150,price200_bull+dmi_adx_strong_bull+atr_expand+strong_close_bull,225,0.74666667,0.49471831,1.50927639,0.68602453,114.09955556,-13.41377778
h4,oos,100,150,price200_bull+dmi_adx_strong_bull+atr_expand+strong_close_bull,137,0.70072993,0.44026549,1.59160767,0.61942784,75.65255474,-10.13576642
h4,discovery,100,150,ema200_rising+dmi_adx_strong_bull+atr_expand+strong_close_bull,1081,0.68547641,0.47775477,1.43478717,0.65718139,90.36290472,-23.81692877
h4,validation,100,150,ema200_rising+dmi_adx_strong_bull+atr_expand+strong_close_bull,225,0.74666667,0.49471831,1.50927639,0.68602453,114.09955556,-13.41377778
h4,oos,100,150,ema200_rising+dmi_adx_strong_bull+atr_expand+strong_close_bull,137,0.70072993,0.44026549,1.59160767,0.61942784,75.65255474,-10.13576642
h4,discovery,100,150,bb_expand+horizontal_break_up+strong_close_bull+mtf_adx25,835,0.68502994,0.47775477,1.43385265,0.65273733,93.08167665,-40.96598802
h4,validation,100,150,bb_expand+horizontal_break_up+strong_close_bull+mtf_adx25,122,0.59016393,0.49471831,1.19292923,0.50144090,78.74016393,-20.36639344
h4,oos,100,150,bb_expand+horizontal_break_up+strong_close_bull+mtf_adx25,142,0.70422535,0.44026549,1.59954703,0.62458072,84.66338028,-18.68521127
h4,discovery,100,150,dmi_adx_strong_bull+atr_expand+breakout20_up+strong_close_bull,1148,0.68466899,0.47775477,1.43309714,0.65721266,90.18545296,-25.15487805
h4,validation,100,150,dmi_adx_strong_bull+atr_expand+breakout20_up+strong_close_bull,209,0.75598086,0.49471831,1.52810366,0.69347461,117.72583732,-10.99712919
h4,oos,100,150,dmi_adx_strong_bull+atr_expand+breakout20_up+strong_close_bull,155,0.72903226,0.44026549,1.65589237,0.65415257,76.00451613,-12.16645161
h4,discovery,100,150,sma_stack_bull+atr_expand+structure_bull_transition+strong_close_bull,389,0.68123393,0.47775477,1.42590714,0.63334646,102.85475578,-32.50668380
h4,validation,100,150,sma_stack_bull+atr_expand+structure_bull_transition+strong_close_bull,64,0.68750000,0.49471831,1.38967972,0.56607664,70.72343750,-69.63750000
h4,oos,100,150,sma_stack_bull+atr_expand+structure_bull_transition+strong_close_bull,59,0.76271186,0.44026549,1.73239077,0.64025109,84.40000000,-11.98135593
h4,discovery,100,150,sma_stack_bull+bb_expand+strong_close_bull+mtf_adx25,521,0.67946257,0.47775477,1.42219946,0.63820140,95.82495202,-53.23685221
h4,validation,100,150,sma_stack_bull+bb_expand+strong_close_bull+mtf_adx25,82,0.62195122,0.49471831,1.25718254,0.51377137,80.10365854,-16.04146341
h4,oos,100,150,sma_stack_bull+bb_expand+strong_close_bull+mtf_adx25,78,0.64102564,0.44026549,1.45599794,0.53026803,74.40128205,-20.48717949
h4,discovery,100,150,price200_bull+atr_expand+horizontal_break_up+strong_close_bull,882,0.67800454,0.47775477,1.41914761,0.64645409,94.45850340,-20.13219955
h4,validation,100,150,price200_bull+atr_expand+horizontal_break_up+strong_close_bull,167,0.80838323,0.49471831,1.63402732,0.74202615,121.86467066,-18.34431138
h4,oos,100,150,price200_bull+atr_expand+horizontal_break_up+strong_close_bull,130,0.72307692,0.44026549,1.64236567,0.64059471,77.55384615,-9.24076923
h4,discovery,100,150,ema200_rising+atr_expand+horizontal_break_up+strong_close_bull,882,0.67800454,0.47775477,1.41914761,0.64645409,94.45850340,-20.13219955
h4,validation,100,150,ema200_rising+atr_expand+horizontal_break_up+strong_close_bull,167,0.80838323,0.49471831,1.63402732,0.74202615,121.86467066,-18.34431138
h4,oos,100,150,ema200_rising+atr_expand+horizontal_break_up+strong_close_bull,130,0.72307692,0.44026549,1.64236567,0.64059471,77.55384615,-9.24076923
h4,discovery,100,150,sma_stack_bull+atr_expand+horizontal_break_up+mtf_volatility,177,0.67796610,0.47775477,1.41906716,0.60597981,117.39378531,-55.48644068
h4,validation,100,150,sma_stack_bull+atr_expand+horizontal_break_up+mtf_volatility,23,0.43478261,0.49471831,0.87884883,0.25634635,67.77391304,-85.85652174
h4,oos,100,150,sma_stack_bull+atr_expand+horizontal_break_up+mtf_volatility,10,0.30000000,0.44026549,0.68140704,0.10779127,32.19000000,-100.18000000
h4,discovery,100,150,sma_stack_bull+atr_expand+impulse_bull+mtf_volatility,214,0.67757009,0.47775477,1.41823827,0.61229116,113.85046729,-62.64719626
h4,validation,100,150,sma_stack_bull+atr_expand+impulse_bull+mtf_volatility,35,0.28571429,0.49471831,0.57752923,0.16326536,25.72857143,-95.18285714
h4,oos,100,150,sma_stack_bull+atr_expand+impulse_bull+mtf_volatility,10,0.30000000,0.44026549,0.68140704,0.10779127,32.19000000,-100.18000000
h4,discovery,100,150,price200_bull+bb_expand+strong_close_bull+mtf_adx25,871,0.67738232,0.47775477,1.41784523,0.64561628,90.24293915,-43.55419059
h4,validation,100,150,price200_bull+bb_expand+strong_close_bull+mtf_adx25,123,0.60975610,0.49471831,1.23253190,0.52147564,79.02764228,-18.39430894
h4,oos,100,150,price200_bull+bb_expand+strong_close_bull+mtf_adx25,125,0.62400000,0.44026549,1.41732663,0.53658267,68.34560000,-20.61280000
h4,discovery,100,150,ema200_rising+bb_expand+strong_close_bull+mtf_adx25,871,0.67738232,0.47775477,1.41784523,0.64561628,90.24293915,-43.55419059
h4,validation,100,150,ema200_rising+bb_expand+strong_close_bull+mtf_adx25,123,0.60975610,0.49471831,1.23253190,0.52147564,79.02764228,-18.39430894
h4,oos,100,150,ema200_rising+bb_expand+strong_close_bull+mtf_adx25,125,0.62400000,0.44026549,1.41732663,0.53658267,68.34560000,-20.61280000
h4,discovery,100,150,dmi_adx_strong_bull+bb_expand+strong_close_bull+mtf_adx25,1072,0.67630597,0.47775477,1.41559230,0.64771092,89.95130597,-39.53442164
h4,validation,100,150,dmi_adx_strong_bull+bb_expand+strong_close_bull+mtf_adx25,138,0.57971014,0.49471831,1.17179844,0.49629083,82.33405797,-19.39347826
h4,oos,100,150,dmi_adx_strong_bull+bb_expand+strong_close_bull+mtf_adx25,159,0.69811321,0.44026549,1.58566417,0.62277499,83.27861635,-21.96666667
h4,discovery,100,150,price200_bull+volatility+strong_close_bull+mtf_volatility,721,0.67545076,0.47775477,1.41380225,0.64042321,94.31525659,-38.53037448
h4,validation,100,150,price200_bull+volatility+strong_close_bull+mtf_volatility,111,0.64864865,0.49471831,1.31114745,0.55622279,89.17387387,-38.77027027
h4,oos,100,150,price200_bull+volatility+strong_close_bull+mtf_volatility,51,0.76470588,0.44026549,1.73691989,0.63237775,77.54705882,-18.97843137
h4,discovery,100,150,ema200_rising+volatility+strong_close_bull+mtf_volatility,721,0.67545076,0.47775477,1.41380225,0.64042321,94.31525659,-38.53037448
h4,validation,100,150,ema200_rising+volatility+strong_close_bull+mtf_volatility,111,0.64864865,0.49471831,1.31114745,0.55622279,89.17387387,-38.77027027
h4,oos,100,150,ema200_rising+volatility+strong_close_bull+mtf_volatility,51,0.76470588,0.44026549,1.73691989,0.63237775,77.54705882,-18.97843137
h4,discovery,100,150,dmi_adx_strong_bull+atr_expand+strong_close_bull,1201,0.67443797,0.47775477,1.41168234,0.64741710,88.81240633,-25.69800167
h4,validation,100,150,dmi_adx_strong_bull+atr_expand+strong_close_bull,244,0.73770492,0.49471831,1.49116154,0.67913248,114.90081967,-12.92295082
h4,oos,100,150,dmi_adx_strong_bull+atr_expand+strong_close_bull,157,0.71974522,0.44026549,1.63479819,0.64488992,75.43885350,-12.13503185
h4,discovery,100,150,dmi_adx_strong_bull+atr_expand+horizontal_break_up+strong_close_bull,878,0.67425968,0.47775477,1.41130917,0.64255968,93.09214123,-20.61378132
h4,validation,100,150,dmi_adx_strong_bull+atr_expand+horizontal_break_up+strong_close_bull,165,0.81818182,0.49471831,1.65383371,0.75231681,122.94606061,-14.84848485
h4,oos,100,150,dmi_adx_strong_bull+atr_expand+horizontal_break_up+strong_close_bull,150,0.74000000,0.44026549,1.68080402,0.66443567,77.07666667,-11.45266667
h4,discovery,100,150,dmi_adx_strong_bull+atr_expand+structure_bull_transition+strong_close_bull,954,0.67400419,0.47775477,1.41077440,0.64361304,92.65880503,-25.51886792
h4,validation,100,150,dmi_adx_strong_bull+atr_expand+structure_bull_transition+strong_close_bull,220,0.71363636,0.49471831,1.44251051,0.65063573,108.95636364,-17.89181818
h4,oos,100,150,dmi_adx_strong_bull+atr_expand+structure_bull_transition+strong_close_bull,151,0.74172185,0.44026549,1.68471497,0.66652504,77.62251656,-10.78079470
h4,discovery,100,150,sma_stack_bull+atr_expand+structure_bull_transition+mtf_volatility,205,0.67317073,0.47775477,1.40902986,0.60629023,112.66243902,-63.49073171
h4,validation,100,150,sma_stack_bull+atr_expand+structure_bull_transition+mtf_volatility,42,0.40476190,0.49471831,0.81816641,0.27042861,50.83333333,-109.60238095
h4,oos,100,150,sma_stack_bull+atr_expand+structure_bull_transition+mtf_volatility,10,0.30000000,0.44026549,0.68140704,0.10779127,32.19000000,-100.18000000
h4,discovery,100,150,atr_expand+horizontal_break_up+strong_close_bull+mtf_volatility,165,0.67272727,0.47775477,1.40810164,0.59791288,117.72909091,-31.82424242
h4,validation,100,150,atr_expand+horizontal_break_up+strong_close_bull+mtf_volatility,34,0.67647059,0.49471831,1.36738539,0.50842895,89.73823529,-41.97647059
h4,oos,100,150,atr_expand+horizontal_break_up+strong_close_bull+mtf_volatility,46,0.80434783,0.44026549,1.82696089,0.66828741,82.82826087,6.56521739
h4,discovery,100,150,price200_bull+volatility+close_near_high+mtf_volatility,864,0.67245370,0.47775477,1.40752903,0.64045652,94.81203704,-42.25243056
h4,validation,100,150,price200_bull+volatility+close_near_high+mtf_volatility,144,0.68750000,0.49471831,1.38967972,0.60775379,87.87569444,-38.11875000
h4,oos,100,150,price200_bull+volatility+close_near_high+mtf_volatility,69,0.62318841,0.44026549,1.41548321,0.50521886,63.14057971,-30.61449275
h4,discovery,100,150,ema200_rising+volatility+close_near_high+mtf_volatility,864,0.67245370,0.47775477,1.40752903,0.64045652,94.81203704,-42.25243056
h4,validation,100,150,ema200_rising+volatility+close_near_high+mtf_volatility,144,0.68750000,0.49471831,1.38967972,0.60775379,87.87569444,-38.11875000
h4,oos,100,150,ema200_rising+volatility+close_near_high+mtf_volatility,69,0.62318841,0.44026549,1.41548321,0.50521886,63.14057971,-30.61449275
h4,discovery,100,150,atr_expand+horizontal_break_up+strong_close_bull,902,0.67073171,0.47775477,1.40392468,0.63939559,93.40898004,-20.54711752
h4,validation,100,150,atr_expand+horizontal_break_up+strong_close_bull,167,0.80838323,0.49471831,1.63402732,0.74202615,121.86467066,-18.34431138
h4,oos,100,150,atr_expand+horizontal_break_up+strong_close_bull,150,0.74000000,0.44026549,1.68080402,0.66443567,77.07666667,-11.45266667
h4,discovery,100,150,macd_accel_up+atr_expand+horizontal_break_up+strong_close_bull,902,0.67073171,0.47775477,1.40392468,0.63939559,93.40898004,-20.54711752
h4,validation,100,150,macd_accel_up+atr_expand+horizontal_break_up+strong_close_bull,167,0.80838323,0.49471831,1.63402732,0.74202615,121.86467066,-18.34431138
h4,oos,100,150,macd_accel_up+atr_expand+horizontal_break_up+strong_close_bull,150,0.74000000,0.44026549,1.68080402,0.66443567,77.07666667,-11.45266667
h4,discovery,100,150,bb_expand+strong_close_bull+mtf_trend_bull+cross_group_return_up,983,0.67039674,0.47775477,1.40322356,0.64039770,93.64933876,-45.72533062
h4,validation,100,150,bb_expand+strong_close_bull+mtf_trend_bull+cross_group_return_up,261,0.65900383,0.49471831,1.33207892,0.59955914,99.81111111,-3.46360153
h4,oos,100,150,bb_expand+strong_close_bull+mtf_trend_bull+cross_group_return_up,230,0.64347826,0.44026549,1.46156871,0.57968607,72.76043478,-26.16608696
h4,discovery,100,150,price200_bull+atr_expand+strong_close_bull,1275,0.66901961,0.47775477,1.40034104,0.64271637,89.45019608,-31.80486275
h4,validation,100,150,price200_bull+atr_expand+strong_close_bull,241,0.73858921,0.49471831,1.49294901,0.67967991,110.90912863,-25.24979253
h4,oos,100,150,price200_bull+atr_expand+strong_close_bull,137,0.70072993,0.44026549,1.59160767,0.61942784,75.65255474,-10.13576642
h4,discovery,100,150,ema200_rising+atr_expand+strong_close_bull,1275,0.66901961,0.47775477,1.40034104,0.64271637,89.45019608,-31.80486275
h4,validation,100,150,ema200_rising+atr_expand+strong_close_bull,241,0.73858921,0.49471831,1.49294901,0.67967991,110.90912863,-25.24979253
h4,oos,100,150,ema200_rising+atr_expand+strong_close_bull,137,0.70072993,0.44026549,1.59160767,0.61942784,75.65255474,-10.13576642
h4,discovery,100,150,price200_bull+macd_accel_up+atr_expand+strong_close_bull,1270,0.66850394,0.47775477,1.39926168,0.64213954,89.48149606,-31.47551181
h4,validation,100,150,price200_bull+macd_accel_up+atr_expand+strong_close_bull,241,0.73858921,0.49471831,1.49294901,0.67967991,110.90912863,-25.24979253
h4,oos,100,150,price200_bull+macd_accel_up+atr_expand+strong_close_bull,137,0.70072993,0.44026549,1.59160767,0.61942784,75.65255474,-10.13576642
h4,discovery,100,150,ema200_rising+macd_accel_up+atr_expand+strong_close_bull,1270,0.66850394,0.47775477,1.39926168,0.64213954,89.48149606,-31.47551181
h4,validation,100,150,ema200_rising+macd_accel_up+atr_expand+strong_close_bull,241,0.73858921,0.49471831,1.49294901,0.67967991,110.90912863,-25.24979253
h4,oos,100,150,ema200_rising+macd_accel_up+atr_expand+strong_close_bull,137,0.70072993,0.44026549,1.59160767,0.61942784,75.65255474,-10.13576642
h4,discovery,100,150,sma_stack_bull+atr_expand+breakout20_up+mtf_volatility,193,0.66839378,0.47775477,1.39903111,0.59925703,114.53367876,-52.25233161
h4,validation,100,150,sma_stack_bull+atr_expand+breakout20_up+mtf_volatility,35,0.40000000,0.49471831,0.80854093,0.25550729,59.94857143,-105.74000000
h4,oos,100,150,sma_stack_bull+atr_expand+breakout20_up+mtf_volatility,10,0.30000000,0.44026549,0.68140704,0.10779127,32.19000000,-100.18000000
h4,discovery,100,150,price200_bull+atr_expand+breakout20_up+strong_close_bull,1118,0.66815742,0.47775477,1.39853638,0.64002140,89.20330948,-26.33211091
h4,validation,100,150,price200_bull+atr_expand+breakout20_up+strong_close_bull,213,0.75117371,0.49471831,1.51838671,0.68900889,116.76056338,-13.70140845
h4,oos,100,150,price200_bull+atr_expand+breakout20_up+strong_close_bull,135,0.71111111,0.44026549,1.61518705,0.62965262,76.30518519,-10.14222222
h4,discovery,100,150,ema200_rising+atr_expand+breakout20_up+strong_close_bull,1118,0.66815742,0.47775477,1.39853638,0.64002140,89.20330948,-26.33211091
h4,validation,100,150,ema200_rising+atr_expand+breakout20_up+strong_close_bull,213,0.75117371,0.49471831,1.51838671,0.68900889,116.76056338,-13.70140845
h4,oos,100,150,ema200_rising+atr_expand+breakout20_up+strong_close_bull,135,0.71111111,0.44026549,1.61518705,0.62965262,76.30518519,-10.14222222
h4,discovery,100,150,price200_bull+atr_expand+close_near_high+mtf_volatility,299,0.66555184,0.47775477,1.39308257,0.61027353,103.75284281,-42.99264214
h4,validation,100,150,price200_bull+atr_expand+close_near_high+mtf_volatility,35,0.65714286,0.49471831,1.32831723,0.49151950,87.86285714,-42.70000000
h4,oos,100,150,price200_bull+atr_expand+close_near_high+mtf_volatility,38,0.84210526,0.44026549,1.91272150,0.69583188,89.68421053,11.48421053
h4,discovery,100,150,ema200_rising+atr_expand+close_near_high+mtf_volatility,299,0.66555184,0.47775477,1.39308257,0.61027353,103.75284281,-42.99264214
h4,validation,100,150,ema200_rising+atr_expand+close_near_high+mtf_volatility,35,0.65714286,0.49471831,1.32831723,0.49151950,87.86285714,-42.70000000
h4,oos,100,150,ema200_rising+atr_expand+close_near_high+mtf_volatility,38,0.84210526,0.44026549,1.91272150,0.69583188,89.68421053,11.48421053
h4,discovery,100,150,sma_stack_bull+atr_expand+strong_close_bull,508,0.66535433,0.47775477,1.39266916,0.62321556,97.32106299,-31.98622047
h4,validation,100,150,sma_stack_bull+atr_expand+strong_close_bull,79,0.74683544,0.49471831,1.50961755,0.64105741,87.82784810,-56.28101266
h4,oos,100,150,sma_stack_bull+atr_expand+strong_close_bull,59,0.76271186,0.44026549,1.73239077,0.64025109,84.40000000,-11.98135593
h4,discovery,100,150,dmi_adx_strong_bull+atr_expand+strong_close_bull+cross_group_return_up,718,0.66434540,0.47775477,1.39055735,0.62901119,83.84164345,-33.15097493
h4,validation,100,150,dmi_adx_strong_bull+atr_expand+strong_close_bull+cross_group_return_up,194,0.79381443,0.49471831,1.60457864,0.73144765,124.55979381,-10.98453608
h4,oos,100,150,dmi_adx_strong_bull+atr_expand+strong_close_bull+cross_group_return_up,133,0.75187970,0.44026549,1.70778706,0.67209657,79.19774436,-11.50375940
h4,discovery,100,150,sma_stack_bull+atr_expand+horizontal_break_up+strong_close_bull,464,0.66379310,0.47775477,1.38940132,0.61961972,97.53275862,-27.29741379
h4,validation,100,150,sma_stack_bull+atr_expand+horizontal_break_up+strong_close_bull,77,0.75324675,0.49471831,1.52257707,0.64646648,88.79220779,-57.04935065
h4,oos,100,150,sma_stack_bull+atr_expand+horizontal_break_up+strong_close_bull,57,0.78947368,0.44026549,1.79317641,0.66713879,86.25263158,-12.06140351
h4,discovery,100,150,atr_expand+horizontal_break_up+close_near_high+mtf_adx25,455,0.66373626,0.47775477,1.38928235,0.61911677,92.47384615,-26.23560440
h4,validation,100,150,atr_expand+horizontal_break_up+close_near_high+mtf_adx25,35,0.68571429,0.49471831,1.38607016,0.52020236,105.58571429,-17.15714286
h4,oos,100,150,atr_expand+horizontal_break_up+close_near_high+mtf_adx25,32,0.53125000,0.44026549,1.20665829,0.36449517,54.60937500,-25.10937500
h4,discovery,100,150,atr_expand+breakout20_up+strong_close_bull+mtf_adx25,511,0.66340509,0.47775477,1.38858916,0.62134938,93.64931507,-42.64324853
h4,validation,100,150,atr_expand+breakout20_up+strong_close_bull+mtf_adx25,37,0.62162162,0.49471831,1.25651630,0.46100430,94.92432432,-21.26216216
h4,oos,100,150,atr_expand+breakout20_up+strong_close_bull+mtf_adx25,28,0.64285714,0.44026549,1.46015793,0.45830307,63.12142857,-23.47857143
h4,discovery,100,150,price200_bull+atr_expand+structure_bull_transition+strong_close_bull,989,0.66329626,0.47775477,1.38836136,0.63326181,91.28281092,-31.97654196
h4,validation,100,150,price200_bull+atr_expand+structure_bull_transition+strong_close_bull,217,0.71428571,0.49471831,1.44382308,0.65086054,104.44101382,-31.65069124
h4,oos,100,150,price200_bull+atr_expand+structure_bull_transition+strong_close_bull,131,0.72519084,0.44026549,1.64716713,0.64315372,78.17938931,-8.48320611
h4,discovery,100,150,ema200_rising+atr_expand+structure_bull_transition+strong_close_bull,989,0.66329626,0.47775477,1.38836136,0.63326181,91.28281092,-31.97654196
h4,validation,100,150,ema200_rising+atr_expand+structure_bull_transition+strong_close_bull,217,0.71428571,0.49471831,1.44382308,0.65086054,104.44101382,-31.65069124
h4,oos,100,150,ema200_rising+atr_expand+structure_bull_transition+strong_close_bull,131,0.72519084,0.44026549,1.64716713,0.64315372,78.17938931,-8.48320611
h4,discovery,100,150,bb_expand+strong_close_bull+mtf_trend_bull+cross_group_bull,882,0.66326531,0.47775477,1.38829657,0.63142796,90.74013605,-43.95442177
h4,validation,100,150,bb_expand+strong_close_bull+mtf_trend_bull+cross_group_bull,235,0.63829787,0.49471831,1.29022488,0.57509603,101.59319149,0.70510638
h4,oos,100,150,bb_expand+strong_close_bull+mtf_trend_bull+cross_group_bull,218,0.65137615,0.44026549,1.47950763,0.58599237,74.70642202,-26.83990826
h4,discovery,100,150,sma_stack_bull+macd_accel_up+atr_expand+strong_close_bull,504,0.66269841,0.47775477,1.38711000,0.62032949,97.31706349,-31.37103175
h4,validation,100,150,sma_stack_bull+macd_accel_up+atr_expand+strong_close_bull,79,0.74683544,0.49471831,1.50961755,0.64105741,87.82784810,-56.28101266
h4,oos,100,150,sma_stack_bull+macd_accel_up+atr_expand+strong_close_bull,59,0.76271186,0.44026549,1.73239077,0.64025109,84.40000000,-11.98135593
h4,discovery,100,150,sma_stack_bull+atr_expand+breakout20_up+strong_close_bull,471,0.66242038,0.47775477,1.38652804,0.61855285,96.73290870,-27.50700637
h4,validation,100,150,sma_stack_bull+atr_expand+breakout20_up+strong_close_bull,77,0.75324675,0.49471831,1.52257707,0.64646648,88.79220779,-57.04935065
h4,oos,100,150,sma_stack_bull+atr_expand+breakout20_up+strong_close_bull,57,0.78947368,0.44026549,1.79317641,0.66713879,86.25263158,-12.06140351
h4,discovery,100,150,atr_expand+breakout20_up+strong_close_bull,1348,0.66097923,0.47775477,1.38351153,0.63528328,89.58635015,-33.08753709
h4,validation,100,150,atr_expand+breakout20_up+strong_close_bull,222,0.75225225,0.49471831,1.52056683,0.69149513,118.06261261,-15.08423423
h4,oos,100,150,atr_expand+breakout20_up+strong_close_bull,155,0.72903226,0.44026549,1.65589237,0.65415257,76.00451613,-12.16645161
h4,discovery,100,150,macd_accel_up+atr_expand+breakout20_up+strong_close_bull,1348,0.66097923,0.47775477,1.38351153,0.63528328,89.58635015,-33.08753709
h4,validation,100,150,macd_accel_up+atr_expand+breakout20_up+strong_close_bull,222,0.75225225,0.49471831,1.52056683,0.69149513,118.06261261,-15.08423423
h4,oos,100,150,macd_accel_up+atr_expand+breakout20_up+strong_close_bull,155,0.72903226,0.44026549,1.65589237,0.65415257,76.00451613,-12.16645161
h4,discovery,100,150,dmi_adx_strong_bull+atr_expand+strong_close_bull+mtf_trend_bull,501,0.66067864,0.47775477,1.38288237,0.61813589,94.63053892,-31.96067864
h4,validation,100,150,dmi_adx_strong_bull+atr_expand+strong_close_bull+mtf_trend_bull,125,0.70400000,0.49471831,1.42303203,0.61886043,131.47440000,20.88800000
h4,oos,100,150,dmi_adx_strong_bull+atr_expand+strong_close_bull+mtf_trend_bull,68,0.67647059,0.44026549,1.53650606,0.55844498,75.56470588,-20.61323529
h4,discovery,100,150,dmi_adx_strong_bull+bb_expand+strong_close_bull+mtf_trend_bull,1247,0.65998396,0.47775477,1.38142831,0.63323598,90.58732959,-38.67089014
h4,validation,100,150,dmi_adx_strong_bull+bb_expand+strong_close_bull+mtf_trend_bull,284,0.60563380,0.49471831,1.22419929,0.54774834,94.18767606,-4.79119718
h4,oos,100,150,dmi_adx_strong_bull+bb_expand+strong_close_bull+mtf_trend_bull,243,0.61316872,0.44026549,1.39272494,0.55062593,68.43909465,-27.07901235
h4,discovery,100,150,sma_stack_bull+dmi_adx_strong_bull+atr_expand+strong_close_bull,476,0.65966387,0.47775477,1.38075831,0.61597139,96.45294118,-28.85252101
h4,validation,100,150,sma_stack_bull+dmi_adx_strong_bull+atr_expand+strong_close_bull,77,0.75324675,0.49471831,1.52257707,0.64646648,88.79220779,-57.04935065
h4,oos,100,150,sma_stack_bull+dmi_adx_strong_bull+atr_expand+strong_close_bull,59,0.76271186,0.44026549,1.73239077,0.64025109,84.40000000,-11.98135593
h4,discovery,100,150,price200_bull+horizontal_break_up+close_near_high+mtf_volatility,902,0.65853659,0.47775477,1.37839878,0.62697647,95.00365854,-33.65133038
h4,validation,100,150,price200_bull+horizontal_break_up+close_near_high+mtf_volatility,131,0.52671756,0.49471831,1.06468175,0.44168055,63.50610687,-37.85114504
h4,oos,100,150,price200_bull+horizontal_break_up+close_near_high+mtf_volatility,168,0.72023810,0.44026549,1.63591768,0.64801989,73.44761905,-17.69761905
h4,discovery,100,150,ema200_rising+horizontal_break_up+close_near_high+mtf_volatility,902,0.65853659,0.47775477,1.37839878,0.62697647,95.00365854,-33.65133038
h4,validation,100,150,ema200_rising+horizontal_break_up+close_near_high+mtf_volatility,131,0.52671756,0.49471831,1.06468175,0.44168055,63.50610687,-37.85114504
h4,oos,100,150,ema200_rising+horizontal_break_up+close_near_high+mtf_volatility,168,0.72023810,0.44026549,1.63591768,0.64801989,73.44761905,-17.69761905
h4,discovery,100,150,price200_bull+breakout20_up+strong_close_bull+mtf_volatility,1048,0.65839695,0.47775477,1.37810649,0.62915252,93.50200382,-35.80324427
h4,validation,100,150,price200_bull+breakout20_up+strong_close_bull+mtf_volatility,145,0.54482759,0.49471831,1.10128850,0.46365975,63.50206897,-37.07724138
h4,oos,100,150,price200_bull+breakout20_up+strong_close_bull+mtf_volatility,222,0.74324324,0.44026549,1.68817058,0.68198228,75.12162162,-19.36441441
h4,discovery,100,150,ema200_rising+breakout20_up+strong_close_bull+mtf_volatility,1048,0.65839695,0.47775477,1.37810649,0.62915252,93.50200382,-35.80324427
h4,validation,100,150,ema200_rising+breakout20_up+strong_close_bull+mtf_volatility,145,0.54482759,0.49471831,1.10128850,0.46365975,63.50206897,-37.07724138
h4,oos,100,150,ema200_rising+breakout20_up+strong_close_bull+mtf_volatility,222,0.74324324,0.44026549,1.68817058,0.68198228,75.12162162,-19.36441441
h4,discovery,100,150,price200_bull+breakout20_up+close_near_high+mtf_volatility,1298,0.65793529,0.47775477,1.37714018,0.63169502,90.60146379,-34.86163328
h4,validation,100,150,price200_bull+breakout20_up+close_near_high+mtf_volatility,182,0.53846154,0.49471831,1.08842048,0.46598869,63.11648352,-40.13791209
h4,oos,100,150,price200_bull+breakout20_up+close_near_high+mtf_volatility,239,0.71129707,0.44026549,1.61560943,0.65086155,72.08451883,-22.14979079
h4,discovery,100,150,ema200_rising+breakout20_up+close_near_high+mtf_volatility,1298,0.65793529,0.47775477,1.37714018,0.63169502,90.60146379,-34.86163328
h4,validation,100,150,ema200_rising+breakout20_up+close_near_high+mtf_volatility,182,0.53846154,0.49471831,1.08842048,0.46598869,63.11648352,-40.13791209
h4,oos,100,150,ema200_rising+breakout20_up+close_near_high+mtf_volatility,239,0.71129707,0.44026549,1.61560943,0.65086155,72.08451883,-22.14979079
h4,discovery,100,150,sma_stack_bull+breakout20_up+close_near_high+mtf_volatility,698,0.65759312,0.47775477,1.37642399,0.62161419,102.68266476,-34.22621777
h4,validation,100,150,sma_stack_bull+breakout20_up+close_near_high+mtf_volatility,53,0.52830189,0.49471831,1.06788424,0.39660081,61.84150943,-31.19056604
h4,oos,100,150,sma_stack_bull+breakout20_up+close_near_high+mtf_volatility,72,0.68055556,0.44026549,1.54578448,0.56607651,77.40416667,-27.75000000
h4,discovery,100,150,dmi_adx_strong_bull+atr_expand+strong_close_bull+mtf_volatility,254,0.65748031,0.47775477,1.37618787,0.59716295,101.87125984,-37.44921260
h4,validation,100,150,dmi_adx_strong_bull+atr_expand+strong_close_bull+mtf_volatility,37,0.75675676,0.49471831,1.52967202,0.59882708,124.97297297,-13.02702703
h4,oos,100,150,dmi_adx_strong_bull+atr_expand+strong_close_bull+mtf_volatility,46,0.80434783,0.44026549,1.82696089,0.66828741,82.82826087,6.56521739
h4,discovery,100,150,volatility+breakout20_up+strong_close_bull+mtf_trend_bull,958,0.65657620,0.47775477,1.37429545,0.62593516,93.70876827,-37.39561587
h4,validation,100,150,volatility+breakout20_up+strong_close_bull+mtf_trend_bull,189,0.74074074,0.49471831,1.49729801,0.67390828,123.79100529,6.80423280
h4,oos,100,150,volatility+breakout20_up+strong_close_bull+mtf_trend_bull,147,0.61904762,0.44026549,1.40607801,0.53845953,64.94693878,-37.18435374
h4,discovery,100,150,sma_stack_bull+bb_expand+strong_close_bull+cross_group_return_up,899,0.65628476,0.47775477,1.37368543,0.62463219,94.20934372,-43.23081201
h4,validation,100,150,sma_stack_bull+bb_expand+strong_close_bull+cross_group_return_up,188,0.64361702,0.49471831,1.30097675,0.57290842,71.97287234,-38.53244681
h4,oos,100,150,sma_stack_bull+bb_expand+strong_close_bull+cross_group_return_up,170,0.65882353,0.44026549,1.49642329,0.58474991,75.66470588,-21.16882353
h4,discovery,100,150,adx25+atr_expand+horizontal_break_up+mtf_volatility,157,0.65605096,0.47775477,1.37319604,0.57881772,94.19363057,-74.20891720
h4,validation,100,150,adx25+atr_expand+horizontal_break_up+mtf_volatility,21,0.19047619,0.49471831,0.38501949,0.07667565,25.36666667,-58.00952381
h4,oos,100,150,adx25+atr_expand+horizontal_break_up+mtf_volatility,19,0.47368421,0.44026549,1.07590585,0.27329805,38.47894737,-71.24210526
h4,discovery,100,150,atr_expand+horizontal_break_up+close_near_high+mtf_volatility,186,0.65591398,0.47775477,1.37290933,0.58510679,109.17204301,-37.32311828
h4,validation,100,150,atr_expand+horizontal_break_up+close_near_high+mtf_volatility,35,0.65714286,0.49471831,1.32831723,0.49151950,87.86285714,-42.70000000
h4,oos,100,150,atr_expand+horizontal_break_up+close_near_high+mtf_volatility,46,0.80434783,0.44026549,1.82696089,0.66828741,82.82826087,6.56521739
h4,discovery,100,150,atr_expand+strong_close_bull,1588,0.65554156,0.47775477,1.37212982,0.63181965,90.81958438,-38.18557935
h4,validation,100,150,atr_expand+strong_close_bull,312,0.73076923,0.49471831,1.47714208,0.67896432,111.48685897,-44.92564103
h4,oos,100,150,atr_expand+strong_close_bull,160,0.71875000,0.44026549,1.63253769,0.64458552,75.13187500,-16.66125000
h4,discovery,100,150,macd_accel_up+atr_expand+strong_close_bull,1582,0.65486726,0.47775477,1.37071841,0.63109061,90.76219975,-37.95872314
h4,validation,100,150,macd_accel_up+atr_expand+strong_close_bull,312,0.73076923,0.49471831,1.47714208,0.67896432,111.48685897,-44.92564103
h4,oos,100,150,macd_accel_up+atr_expand+strong_close_bull,158,0.71518987,0.44026549,1.62445137,0.64036169,75.20379747,-12.17025316
h4,discovery,100,150,price200_bull+close_near_high+mtf_volatility+cross_group_return_up,1121,0.65477252,0.47775477,1.37052013,0.62645458,93.95967886,-42.60561998
h4,validation,100,150,price200_bull+close_near_high+mtf_volatility+cross_group_return_up,184,0.54891304,0.49471831,1.10954665,0.47674599,72.19456522,-48.49673913
h4,oos,100,150,price200_bull+close_near_high+mtf_volatility+cross_group_return_up,229,0.73799127,0.44026549,1.67624147,0.67744765,73.92401747,-23.22401747
h4,discovery,100,150,ema200_rising+close_near_high+mtf_volatility+cross_group_return_up,1121,0.65477252,0.47775477,1.37052013,0.62645458,93.95967886,-42.60561998
h4,validation,100,150,ema200_rising+close_near_high+mtf_volatility+cross_group_return_up,184,0.54891304,0.49471831,1.10954665,0.47674599,72.19456522,-48.49673913
h4,oos,100,150,ema200_rising+close_near_high+mtf_volatility+cross_group_return_up,229,0.73799127,0.44026549,1.67624147,0.67744765,73.92401747,-23.22401747
h4,discovery,100,150,price200_bull+structure_bull_transition+close_near_high+mtf_volatility,1529,0.65467626,0.47775477,1.37031863,0.63048278,91.27861347,-41.36487901
h4,validation,100,150,price200_bull+structure_bull_transition+close_near_high+mtf_volatility,234,0.58974359,0.49471831,1.19207957,0.52576528,72.36794872,-46.59316239
h4,oos,100,150,price200_bull+structure_bull_transition+close_near_high+mtf_volatility,234,0.72649573,0.44026549,1.65013100,0.66606913,72.97094017,-23.13119658
h4,discovery,100,150,ema200_rising+structure_bull_transition+close_near_high+mtf_volatility,1529,0.65467626,0.47775477,1.37031863,0.63048278,91.27861347,-41.36487901
h4,validation,100,150,ema200_rising+structure_bull_transition+close_near_high+mtf_volatility,234,0.58974359,0.49471831,1.19207957,0.52576528,72.36794872,-46.59316239
h4,oos,100,150,ema200_rising+structure_bull_transition+close_near_high+mtf_volatility,234,0.72649573,0.44026549,1.65013100,0.66606913,72.97094017,-23.13119658
h4,discovery,100,150,price200_bull+horizontal_break_up+strong_close_bull+mtf_adx25,993,0.65458207,0.47775477,1.37012149,0.62446218,90.23413897,-43.33202417
h4,validation,100,150,price200_bull+horizontal_break_up+strong_close_bull+mtf_adx25,120,0.60833333,0.49471831,1.22965599,0.51893782,79.78166667,-18.75666667
h4,oos,100,150,price200_bull+horizontal_break_up+strong_close_bull+mtf_adx25,118,0.58474576,0.44026549,1.32816626,0.49453649,64.63050847,-16.87372881
h4,discovery,100,150,ema200_rising+horizontal_break_up+strong_close_bull+mtf_adx25,993,0.65458207,0.47775477,1.37012149,0.62446218,90.23413897,-43.33202417
h4,validation,100,150,ema200_rising+horizontal_break_up+strong_close_bull+mtf_adx25,120,0.60833333,0.49471831,1.22965599,0.51893782,79.78166667,-18.75666667
h4,oos,100,150,ema200_rising+horizontal_break_up+strong_close_bull+mtf_adx25,118,0.58474576,0.44026549,1.32816626,0.49453649,64.63050847,-16.87372881
h4,discovery,100,150,bb_expand+breakout20_up+strong_close_bull+mtf_adx25,1186,0.65430017,0.47775477,1.36953143,0.62677391,87.92192243,-42.81677909
h4,validation,100,150,bb_expand+breakout20_up+strong_close_bull+mtf_adx25,158,0.59493671,0.49471831,1.20257669,0.51701870,80.15443038,-23.41708861
h4,oos,100,150,bb_expand+breakout20_up+strong_close_bull+mtf_adx25,181,0.66298343,0.44026549,1.50587190,0.59136845,80.00276243,-23.95911602
h4,discovery,100,150,sma_stack_bull+breakout20_up+strong_close_bull+mtf_volatility,564,0.65425532,0.47775477,1.36943755,0.61407903,106.89946809,-35.24645390
h4,validation,100,150,sma_stack_bull+breakout20_up+strong_close_bull+mtf_volatility,33,0.57575758,0.49471831,1.16380891,0.40807263,59.83939394,-29.43636364
h4,oos,100,150,sma_stack_bull+breakout20_up+strong_close_bull+mtf_volatility,61,0.75409836,0.44026549,1.71282643,0.63315576,86.77213115,-19.65081967
h4,discovery,150,200,adx25+atr_expand+strong_close_bull+mtf_volatility,150,0.89333333,0.54280355,1.64577652,0.83375378,151.63666667,-80.10066667
h4,validation,150,200,adx25+atr_expand+strong_close_bull+mtf_volatility,38,0.71052632,0.54139290,1.31240419,0.55242862,120.34473684,-149.26315789
h4,oos,150,200,adx25+atr_expand+strong_close_bull+mtf_volatility,5,1.00000000,0.40000000,2.50000000,0.56551754,96.88000000,-71.42000000
h4,discovery,150,200,sma_stack_bull+atr_expand+strong_close_bull+mtf_volatility,107,0.86915888,0.54280355,1.60124023,0.79229483,155.73831776,-61.99813084
h4,validation,150,200,sma_stack_bull+atr_expand+strong_close_bull+mtf_volatility,3,1.00000000,0.54139290,1.84708738,0.43850297,89.53333333,-2.86666667
h4,oos,150,200,sma_stack_bull+atr_expand+strong_close_bull+mtf_volatility,0,,0.40000000,,,,
h4,discovery,150,200,adx25+atr_expand+close_near_high+mtf_volatility,162,0.85802469,0.54280355,1.58072786,0.79596817,144.90246914,-89.69938272
h4,validation,150,200,adx25+atr_expand+close_near_high+mtf_volatility,41,0.65853659,0.54139290,1.21637462,0.50549837,113.81951220,-142.74878049
h4,oos,150,200,adx25+atr_expand+close_near_high+mtf_volatility,5,1.00000000,0.40000000,2.50000000,0.56551754,96.88000000,-71.42000000
h4,discovery,150,200,price200_bull+atr_expand+strong_close_bull+mtf_volatility,161,0.85714286,0.54280355,1.57910327,0.79475694,133.50496894,-51.62360248
h4,validation,150,200,price200_bull+atr_expand+strong_close_bull+mtf_volatility,21,0.76190476,0.54139290,1.40730467,0.54908826,112.26190476,6.68095238
h4,oos,150,200,price200_bull+atr_expand+strong_close_bull+mtf_volatility,21,0.61904762,0.40000000,1.54761905,0.40878654,70.28571429,-14.54761905
h4,discovery,150,200,ema200_rising+atr_expand+strong_close_bull+mtf_volatility,161,0.85714286,0.54280355,1.57910327,0.79475694,133.50496894,-51.62360248
h4,validation,150,200,ema200_rising+atr_expand+strong_close_bull+mtf_volatility,21,0.76190476,0.54139290,1.40730467,0.54908826,112.26190476,6.68095238
h4,oos,150,200,ema200_rising+atr_expand+strong_close_bull+mtf_volatility,21,0.61904762,0.40000000,1.54761905,0.40878654,70.28571429,-14.54761905
h4,discovery,150,200,adx25+atr_expand+strong_close_bull+mtf_adx25,237,0.84810127,0.54280355,1.56244606,0.79688047,145.35232068,-71.48143460
h4,validation,150,200,adx25+atr_expand+strong_close_bull+mtf_adx25,10,0.20000000,0.54139290,0.36941748,0.05668215,31.12000000,-117.48000000
h4,oos,150,200,adx25+atr_expand+strong_close_bull+mtf_adx25,9,1.00000000,0.40000000,2.50000000,0.70085495,78.38888889,-68.88888889
h4,discovery,150,200,atr_expand+strong_close_bull+mtf_volatility,223,0.84304933,0.54280355,1.55313894,0.78954842,137.78251121,-65.69506726
h4,validation,150,200,atr_expand+strong_close_bull+mtf_volatility,60,0.73333333,0.54139290,1.35453074,0.60991287,132.94166667,-88.25666667
h4,oos,150,200,atr_expand+strong_close_bull+mtf_volatility,29,0.72413793,0.40000000,1.81034483,0.54282868,76.99655172,-32.15517241
h4,discovery,150,200,macd_accel_up+atr_expand+strong_close_bull+mtf_volatility,222,0.84234234,0.54280355,1.55183647,0.78863602,137.97477477,-65.30585586
h4,validation,150,200,macd_accel_up+atr_expand+strong_close_bull+mtf_volatility,60,0.73333333,0.54139290,1.35453074,0.60991287,132.94166667,-88.25666667
h4,oos,150,200,macd_accel_up+atr_expand+strong_close_bull+mtf_volatility,29,0.72413793,0.40000000,1.81034483,0.54282868,76.99655172,-32.15517241
h4,discovery,150,200,sma_stack_bull+atr_expand+close_near_high+mtf_volatility,114,0.84210526,0.54280355,1.55139971,0.76417888,150.85175439,-73.27631579
h4,validation,150,200,sma_stack_bull+atr_expand+close_near_high+mtf_volatility,6,0.50000000,0.54139290,0.92354369,0.18761631,60.35000000,-31.55000000
h4,oos,150,200,sma_stack_bull+atr_expand+close_near_high+mtf_volatility,0,,0.40000000,,,,
h4,discovery,150,200,di_strong_bull+atr_expand+strong_close_bull+mtf_volatility,197,0.83756345,0.54280355,1.54303238,0.77968799,128.65025381,-61.63197970
h4,validation,150,200,di_strong_bull+atr_expand+strong_close_bull+mtf_volatility,49,0.77551020,0.54139290,1.43243511,0.64121213,146.51020408,-53.13265306
h4,oos,150,200,di_strong_bull+atr_expand+strong_close_bull+mtf_volatility,29,0.72413793,0.40000000,1.81034483,0.54282868,76.99655172,-32.15517241
h4,discovery,150,200,adx25+atr_expand+strong_close_bull+mtf_trend_bull,181,0.83425414,0.54280355,1.53693569,0.77325263,154.49447514,-76.37071823
h4,validation,150,200,adx25+atr_expand+strong_close_bull+mtf_trend_bull,38,0.97368421,0.54139290,1.79847982,0.86505124,215.16315789,71.33947368
h4,oos,150,200,adx25+atr_expand+strong_close_bull+mtf_trend_bull,4,0.25000000,0.40000000,0.62500000,0.04558726,41.00000000,-39.05000000
h4,discovery,150,200,atr_expand+breakout20_up+strong_close_bull+mtf_volatility,180,0.83333333,0.54280355,1.53523929,0.77204813,131.77000000,-58.18888889
h4,validation,150,200,atr_expand+breakout20_up+strong_close_bull+mtf_volatility,33,0.81818182,0.54139290,1.51125331,0.65611768,133.20000000,-13.91515152
h4,oos,150,200,atr_expand+breakout20_up+strong_close_bull+mtf_volatility,29,0.72413793,0.40000000,1.81034483,0.54282868,76.99655172,-32.15517241
h4,discovery,150,200,atr_expand+strong_close_bull+mtf_trend_bull+cross_group_return_up,174,0.83333333,0.54280355,1.53523929,0.77088911,143.12298851,-59.60000000
h4,validation,150,200,atr_expand+strong_close_bull+mtf_trend_bull+cross_group_return_up,112,0.84821429,0.54139290,1.56672590,0.77031376,123.13660714,3.46517857
h4,oos,150,200,atr_expand+strong_close_bull+mtf_trend_bull+cross_group_return_up,29,0.65517241,0.40000000,1.63793103,0.47345104,83.33793103,-3.41379310
h4,discovery,150,200,adx25+atr_expand+close_near_high+mtf_adx25,257,0.83268482,0.54280355,1.53404455,0.78222428,145.67198444,-70.62684825
h4,validation,150,200,adx25+atr_expand+close_near_high+mtf_adx25,24,0.08333333,0.54139290,0.15392395,0.02315882,29.45416667,-86.94583333
h4,oos,150,200,adx25+atr_expand+close_near_high+mtf_adx25,9,1.00000000,0.40000000,2.50000000,0.70085495,78.38888889,-68.88888889
h4,discovery,150,200,atr_expand+horizontal_break_up+strong_close_bull+mtf_volatility,125,0.83200000,0.54280355,1.53278291,0.75679079,140.75200000,-42.53600000
h4,validation,150,200,atr_expand+horizontal_break_up+strong_close_bull+mtf_volatility,21,0.76190476,0.54139290,1.40730467,0.54908826,112.26190476,6.68095238
h4,oos,150,200,atr_expand+horizontal_break_up+strong_close_bull+mtf_volatility,29,0.72413793,0.40000000,1.81034483,0.54282868,76.99655172,-32.15517241
h4,discovery,150,200,price200_bull+atr_expand+close_near_high+mtf_volatility,171,0.83040936,0.54280355,1.52985249,0.76705282,129.26491228,-60.08654971
h4,validation,150,200,price200_bull+atr_expand+close_near_high+mtf_volatility,24,0.66666667,0.54139290,1.23139159,0.46706317,102.12500000,-1.68333333
h4,oos,150,200,price200_bull+atr_expand+close_near_high+mtf_volatility,21,0.61904762,0.40000000,1.54761905,0.40878654,70.28571429,-14.54761905
h4,discovery,150,200,ema200_rising+atr_expand+close_near_high+mtf_volatility,171,0.83040936,0.54280355,1.52985249,0.76705282,129.26491228,-60.08654971
h4,validation,150,200,ema200_rising+atr_expand+close_near_high+mtf_volatility,24,0.66666667,0.54139290,1.23139159,0.46706317,102.12500000,-1.68333333
h4,oos,150,200,ema200_rising+atr_expand+close_near_high+mtf_volatility,21,0.61904762,0.40000000,1.54761905,0.40878654,70.28571429,-14.54761905
h4,discovery,150,200,atr_expand+structure_bull_transition+strong_close_bull+mtf_volatility,173,0.82080925,0.54280355,1.51216633,0.75688819,133.01965318,-47.98959538
h4,validation,150,200,atr_expand+structure_bull_transition+strong_close_bull+mtf_volatility,49,0.67346939,0.54139290,1.24395681,0.53379205,125.90408163,-121.87346939
h4,oos,150,200,atr_expand+structure_bull_transition+strong_close_bull+mtf_volatility,29,0.72413793,0.40000000,1.81034483,0.54282868,76.99655172,-32.15517241
h4,discovery,150,200,atr_expand+strong_close_bull+mtf_volatility+cross_group_return_up,141,0.81560284,0.54280355,1.50257463,0.74352370,132.99290780,-64.87943262
h4,validation,150,200,atr_expand+strong_close_bull+mtf_volatility+cross_group_return_up,21,0.76190476,0.54139290,1.40730467,0.54908826,111.26666667,-29.11904762
h4,oos,150,200,atr_expand+strong_close_bull+mtf_volatility+cross_group_return_up,29,0.72413793,0.40000000,1.81034483,0.54282868,76.99655172,-32.15517241
h4,discovery,150,200,atr_expand+close_near_high+mtf_volatility,238,0.81512605,0.54280355,1.50169625,0.76093989,132.48361345,-73.15084034
h4,validation,150,200,atr_expand+close_near_high+mtf_volatility,63,0.69841270,0.54139290,1.29002928,0.57639628,128.09523810,-86.92222222
h4,oos,150,200,atr_expand+close_near_high+mtf_volatility,29,0.72413793,0.40000000,1.81034483,0.54282868,76.99655172,-32.15517241
h4,discovery,150,200,macd_accel_up+atr_expand+close_near_high+mtf_volatility,237,0.81434599,0.54280355,1.50025916,0.75997031,132.64135021,-72.81772152
h4,validation,150,200,macd_accel_up+atr_expand+close_near_high+mtf_volatility,63,0.69841270,0.54139290,1.29002928,0.57639628,128.09523810,-86.92222222
h4,oos,150,200,macd_accel_up+atr_expand+close_near_high+mtf_volatility,29,0.72413793,0.40000000,1.81034483,0.54282868,76.99655172,-32.15517241
h4,discovery,150,200,adx25+atr_expand+strong_close_bull,447,0.81431767,0.54280355,1.50020699,0.77564600,131.25190157,-70.50671141
h4,validation,150,200,adx25+atr_expand+strong_close_bull,85,0.78823529,0.54139290,1.45593946,0.68990666,157.85764706,-39.64235294
h4,oos,150,200,adx25+atr_expand+strong_close_bull,20,0.50000000,0.40000000,1.25000000,0.29929801,54.89500000,-54.23500000
h4,discovery,150,200,di_strong_bull+atr_expand+close_near_high+mtf_volatility,209,0.80861244,0.54280355,1.48969631,0.74989951,123.19330144,-69.98038278
h4,validation,150,200,di_strong_bull+atr_expand+close_near_high+mtf_volatility,52,0.73076923,0.54139290,1.34979462,0.59747780,139.85576923,-53.54230769
h4,oos,150,200,di_strong_bull+atr_expand+close_near_high+mtf_volatility,29,0.72413793,0.40000000,1.81034483,0.54282868,76.99655172,-32.15517241
h4,discovery,150,200,sma_stack_bull+atr_expand+strong_close_bull+mtf_trend_bull,210,0.80476190,0.54280355,1.48260252,0.74587846,147.86142857,-71.86523810
h4,validation,150,200,sma_stack_bull+atr_expand+strong_close_bull+mtf_trend_bull,46,0.76086957,0.54139290,1.40539257,0.62064861,78.57826087,-27.28913043
h4,oos,150,200,sma_stack_bull+atr_expand+strong_close_bull+mtf_trend_bull,19,0.89473684,0.40000000,2.23684211,0.68605917,103.82631579,18.86842105
h4,discovery,150,200,atr_expand+horizontal_break_up+close_near_high+mtf_volatility,132,0.80303030,0.54280355,1.47941241,0.72703394,134.66287879,-52.70757576
h4,validation,150,200,atr_expand+horizontal_break_up+close_near_high+mtf_volatility,24,0.66666667,0.54139290,1.23139159,0.46706317,102.12500000,-1.68333333
h4,oos,150,200,atr_expand+horizontal_break_up+close_near_high+mtf_volatility,29,0.72413793,0.40000000,1.81034483,0.54282868,76.99655172,-32.15517241
h4,discovery,150,200,atr_expand+strong_close_bull+mtf_trend_bull+cross_group_bull,137,0.80291971,0.54280355,1.47920866,0.72844382,134.36569343,-59.04817518
h4,validation,150,200,atr_expand+strong_close_bull+mtf_trend_bull+cross_group_bull,100,0.83000000,0.54139290,1.53308252,0.74451995,125.00500000,10.43400000
h4,oos,150,200,atr_expand+strong_close_bull+mtf_trend_bull+cross_group_bull,27,0.66666667,0.40000000,1.66666667,0.47824761,85.66666667,-0.59259259
h4,discovery,150,200,adx25+atr_expand+close_near_high+mtf_trend_bull,218,0.80275229,0.54280355,1.47890024,0.74488510,147.98944954,-77.33119266
h4,validation,150,200,adx25+atr_expand+close_near_high+mtf_trend_bull,52,0.71153846,0.54139290,1.31427371,0.57727212,164.84423077,34.59615385
h4,oos,150,200,adx25+atr_expand+close_near_high+mtf_trend_bull,4,0.25000000,0.40000000,0.62500000,0.04558726,41.00000000,-39.05000000
h4,discovery,150,200,atr_expand+breakout20_up+close_near_high+mtf_volatility,192,0.80208333,0.54280355,1.47766782,0.74004260,125.63489583,-67.49166667
h4,validation,150,200,atr_expand+breakout20_up+close_near_high+mtf_volatility,36,0.75000000,0.54139290,1.38531553,0.58929546,124.69722222,-17.77500000
h4,oos,150,200,atr_expand+breakout20_up+close_near_high+mtf_volatility,29,0.72413793,0.40000000,1.81034483,0.54282868,76.99655172,-32.15517241
h4,discovery,150,200,adx25+atr_expand+breakout20_up+strong_close_bull,404,0.80198020,0.54280355,1.47747781,0.76035566,128.38960396,-64.61237624
h4,validation,150,200,adx25+atr_expand+breakout20_up+strong_close_bull,56,0.96428571,0.54139290,1.78111997,0.87881220,196.29107143,35.27321429
h4,oos,150,200,adx25+atr_expand+breakout20_up+strong_close_bull,20,0.50000000,0.40000000,1.25000000,0.29929801,54.89500000,-54.23500000
h4,discovery,150,200,adx25+atr_expand+close_near_high,505,0.80000000,0.54280355,1.47382972,0.76290649,128.59762376,-70.03683168
h4,validation,150,200,adx25+atr_expand+close_near_high,115,0.66086957,0.54139290,1.22068383,0.57039603,126.88000000,-64.90869565
h4,oos,150,200,adx25+atr_expand+close_near_high,24,0.41666667,0.40000000,1.04166667,0.24467603,47.92916667,-58.59583333
h4,discovery,150,200,di_strong_bull+atr_expand+strong_close_bull+mtf_trend_bull,280,0.80000000,0.54280355,1.47382972,0.74922909,142.42357143,-56.89000000
h4,validation,150,200,di_strong_bull+atr_expand+strong_close_bull+mtf_trend_bull,111,0.84684685,0.54139290,1.56420012,0.76836433,123.37207207,3.45135135
h4,oos,150,200,di_strong_bull+atr_expand+strong_close_bull+mtf_trend_bull,30,0.63333333,0.40000000,1.58333333,0.45513564,81.80333333,-4.47000000
h4,discovery,150,200,adx25+atr_expand+structure_bull_transition+strong_close_bull,352,0.79545455,0.54280355,1.46545569,0.75023334,127.28579545,-73.21363636
h4,validation,150,200,adx25+atr_expand+structure_bull_transition+strong_close_bull,85,0.78823529,0.54139290,1.45593946,0.68990666,157.85764706,-39.64235294
h4,oos,150,200,adx25+atr_expand+structure_bull_transition+strong_close_bull,18,0.55555556,0.40000000,1.38888889,0.33716416,57.65000000,-56.19444444
h4,discovery,150,200,adx25+atr_expand+breakout20_up+close_near_high,455,0.79340659,0.54280355,1.46168277,0.75382439,125.90659341,-63.83912088
h4,validation,150,200,adx25+atr_expand+breakout20_up+close_near_high,75,0.84000000,0.54139290,1.55155340,0.74083292,158.17866667,-18.51200000
h4,oos,150,200,adx25+atr_expand+breakout20_up+close_near_high,24,0.41666667,0.40000000,1.04166667,0.24467603,47.92916667,-58.59583333
h4,discovery,150,200,atr_expand+structure_bull_transition+close_near_high+mtf_volatility,187,0.78609626,0.54280355,1.44821503,0.72187508,127.07967914,-58.77379679
h4,validation,150,200,atr_expand+structure_bull_transition+close_near_high+mtf_volatility,52,0.63461538,0.54139290,1.17219007,0.49871678,120.43846154,-118.31730769
h4,oos,150,200,atr_expand+structure_bull_transition+close_near_high+mtf_volatility,29,0.72413793,0.40000000,1.81034483,0.54282868,76.99655172,-32.15517241
h4,discovery,150,200,price200_bull+atr_expand+strong_close_bull+mtf_trend_bull,293,0.78498294,0.54280355,1.44616397,0.73441356,140.03412969,-64.63890785
h4,validation,150,200,price200_bull+atr_expand+strong_close_bull+mtf_trend_bull,112,0.84821429,0.54139290,1.56672590,0.77031376,123.13660714,3.46517857
h4,oos,150,200,price200_bull+atr_expand+strong_close_bull+mtf_trend_bull,30,0.63333333,0.40000000,1.58333333,0.45513564,81.80333333,-4.47000000
h4,discovery,150,200,ema200_rising+atr_expand+strong_close_bull+mtf_trend_bull,293,0.78498294,0.54280355,1.44616397,0.73441356,140.03412969,-64.63890785
h4,validation,150,200,ema200_rising+atr_expand+strong_close_bull+mtf_trend_bull,112,0.84821429,0.54139290,1.56672590,0.77031376,123.13660714,3.46517857
h4,oos,150,200,ema200_rising+atr_expand+strong_close_bull+mtf_trend_bull,30,0.63333333,0.40000000,1.58333333,0.45513564,81.80333333,-4.47000000
h4,discovery,150,200,adx25+atr_expand+horizontal_break_up+strong_close_bull,249,0.78313253,0.54280355,1.44275500,0.72785195,132.14257028,-53.98795181
h4,validation,150,200,adx25+atr_expand+horizontal_break_up+strong_close_bull,32,0.96875000,0.54139290,1.78936590,0.84255736,215.80937500,55.00312500
h4,oos,150,200,adx25+atr_expand+horizontal_break_up+strong_close_bull,13,0.76923077,0.40000000,1.92307692,0.49743624,66.88461538,-59.70769231
h4,discovery,150,200,atr_expand+strong_close_bull+mtf_trend_bull,295,0.78305085,0.54280355,1.44260451,0.73254031,139.34711864,-64.68610169
h4,validation,150,200,atr_expand+strong_close_bull+mtf_trend_bull,112,0.84821429,0.54139290,1.56672590,0.77031376,123.13660714,3.46517857
h4,oos,150,200,atr_expand+strong_close_bull+mtf_trend_bull,30,0.63333333,0.40000000,1.58333333,0.45513564,81.80333333,-4.47000000
h4,discovery,150,200,atr_expand+close_near_high+mtf_trend_bull+cross_group_return_up,216,0.78240741,0.54280355,1.44141911,0.72270781,129.47546296,-60.69166667
h4,validation,150,200,atr_expand+close_near_high+mtf_trend_bull+cross_group_return_up,128,0.81250000,0.54139290,1.50075850,0.73615082,120.96796875,0.66171875
h4,oos,150,200,atr_expand+close_near_high+mtf_trend_bull+cross_group_return_up,29,0.65517241,0.40000000,1.63793103,0.47345104,83.33793103,-3.41379310
h4,discovery,150,200,macd_accel_up+atr_expand+strong_close_bull+mtf_trend_bull,294,0.78231293,0.54280355,1.44124505,0.73166406,139.49761905,-64.38877551
h4,validation,150,200,macd_accel_up+atr_expand+strong_close_bull+mtf_trend_bull,112,0.84821429,0.54139290,1.56672590,0.77031376,123.13660714,3.46517857
h4,oos,150,200,macd_accel_up+atr_expand+strong_close_bull+mtf_trend_bull,30,0.63333333,0.40000000,1.58333333,0.45513564,81.80333333,-4.47000000
h4,discovery,150,200,adx25+atr_expand+structure_bull_transition+close_near_high,408,0.77941176,0.54280355,1.43590028,0.73667496,124.24558824,-71.78480392
h4,validation,150,200,adx25+atr_expand+structure_bull_transition+close_near_high,106,0.71698113,0.54139290,1.32432680,0.62481003,135.30377358,-65.92547170
h4,oos,150,200,adx25+atr_expand+structure_bull_transition+close_near_high,18,0.55555556,0.40000000,1.38888889,0.33716416,57.65000000,-56.19444444
h4,discovery,150,200,atr_expand+close_near_high+mtf_volatility+cross_group_return_up,154,0.77922078,0.54280355,1.43554843,0.70736305,124.73636364,-75.99870130
h4,validation,150,200,atr_expand+close_near_high+mtf_volatility+cross_group_return_up,24,0.66666667,0.54139290,1.23139159,0.46706317,101.25416667,-33.00833333
h4,oos,150,200,atr_expand+close_near_high+mtf_volatility+cross_group_return_up,29,0.72413793,0.40000000,1.81034483,0.54282868,76.99655172,-32.15517241
h4,discovery,150,200,sma_stack_bull+adx25+atr_expand+strong_close_bull,172,0.77906977,0.54280355,1.43527022,0.71135069,153.64186047,-73.02732558
h4,validation,150,200,sma_stack_bull+adx25+atr_expand+strong_close_bull,4,0.75000000,0.54139290,1.38531553,0.30064184,71.22500000,-13.60000000
h4,oos,150,200,sma_stack_bull+adx25+atr_expand+strong_close_bull,2,0.50000000,0.40000000,1.25000000,0.09453121,51.90000000,-41.50000000
h4,discovery,150,200,price200_bull+adx25+atr_expand+strong_close_bull,334,0.77544910,0.54280355,1.42859992,0.72771051,116.84850299,-64.10149701
h4,validation,150,200,price200_bull+adx25+atr_expand+strong_close_bull,45,0.97777778,0.54139290,1.80604099,0.88433318,201.13777778,57.32888889
h4,oos,150,200,price200_bull+adx25+atr_expand+strong_close_bull,13,0.23076923,0.40000000,0.57692308,0.08179529,38.15384615,-46.39230769
h4,discovery,150,200,ema200_rising+adx25+atr_expand+strong_close_bull,334,0.77544910,0.54280355,1.42859992,0.72771051,116.84850299,-64.10149701
h4,validation,150,200,ema200_rising+adx25+atr_expand+strong_close_bull,45,0.97777778,0.54139290,1.80604099,0.88433318,201.13777778,57.32888889
h4,oos,150,200,ema200_rising+adx25+atr_expand+strong_close_bull,13,0.23076923,0.40000000,0.57692308,0.08179529,38.15384615,-46.39230769
h4,discovery,150,200,adx25+atr_expand+impulse_bull+mtf_volatility,236,0.77542373,0.54280355,1.42855317,0.71801586,114.06737288,-98.12881356
h4,validation,150,200,adx25+atr_expand+impulse_bull+mtf_volatility,74,0.62162162,0.54139290,1.14818945,0.50771459,100.30675676,-120.99324324
h4,oos,150,200,adx25+atr_expand+impulse_bull+mtf_volatility,30,0.26666667,0.40000000,0.66666667,0.14182663,30.64000000,-92.25333333
h4,discovery,150,200,atr_expand+horizontal_break_up+strong_close_bull+mtf_trend_bull,236,0.77542373,0.54280355,1.42855317,0.71801586,151.53601695,-57.10635593
h4,validation,150,200,atr_expand+horizontal_break_up+strong_close_bull+mtf_trend_bull,92,0.84782609,0.54139290,1.56600886,0.76063487,122.81413043,5.38478261
h4,oos,150,200,atr_expand+horizontal_break_up+strong_close_bull+mtf_trend_bull,30,0.63333333,0.40000000,1.58333333,0.45513564,81.80333333,-4.47000000
h4,discovery,150,200,atr_expand+breakout20_up+strong_close_bull+mtf_trend_bull,265,0.77358491,0.54280355,1.42516553,0.71949591,143.30188679,-54.76716981
h4,validation,150,200,atr_expand+breakout20_up+strong_close_bull+mtf_trend_bull,106,0.84905660,0.54139290,1.56828174,0.76879685,126.41886792,11.51037736
h4,oos,150,200,atr_expand+breakout20_up+strong_close_bull+mtf_trend_bull,30,0.63333333,0.40000000,1.58333333,0.45513564,81.80333333,-4.47000000
h4,discovery,150,200,sma_stack_bull+atr_expand+close_near_high+mtf_trend_bull,237,0.77215190,0.54280355,1.42252552,0.71466024,140.78945148,-74.70168776
h4,validation,150,200,sma_stack_bull+atr_expand+close_near_high+mtf_trend_bull,51,0.68627451,0.54139290,1.26760899,0.54973000,74.43725490,-30.29019608
h4,oos,150,200,sma_stack_bull+atr_expand+close_near_high+mtf_trend_bull,20,0.90000000,0.40000000,2.25000000,0.69896635,104.52500000,12.58000000
h4,discovery,150,200,di_strong_bull+atr_expand+close_near_high+mtf_trend_bull,329,0.77203647,0.54280355,1.42231288,0.72371825,135.69118541,-57.20151976
h4,validation,150,200,di_strong_bull+atr_expand+close_near_high+mtf_trend_bull,134,0.76865672,0.54139290,1.41977612,0.69037580,116.28880597,-1.05895522
h4,oos,150,200,di_strong_bull+atr_expand+close_near_high+mtf_trend_bull,30,0.63333333,0.40000000,1.58333333,0.45513564,81.80333333,-4.47000000
h4,discovery,150,200,adx25+atr_expand+impulse_bull+mtf_adx25,322,0.77018634,0.54280355,1.41890439,0.72120960,129.47018634,-73.53074534
h4,validation,150,200,adx25+atr_expand+impulse_bull+mtf_adx25,47,0.27659574,0.54139290,0.51089651,0.16936563,50.67234043,-88.11702128
h4,oos,150,200,adx25+atr_expand+impulse_bull+mtf_adx25,39,0.25641026,0.40000000,0.64102564,0.14568781,27.48717949,-91.52307692
h4,discovery,150,200,adx25+atr_expand+horizontal_break_up+close_near_high,282,0.76950355,0.54280355,1.41764650,0.71692467,129.20212766,-55.84219858
h4,validation,150,200,adx25+atr_expand+horizontal_break_up+close_near_high,51,0.78431373,0.54139290,1.44869598,0.65373640,152.49019608,-31.44313725
h4,oos,150,200,adx25+atr_expand+horizontal_break_up+close_near_high,17,0.58823529,0.40000000,1.47058824,0.36005443,54.22941176,-64.57647059
h4,discovery,150,200,atr_expand+structure_bull_transition+strong_close_bull+mtf_trend_bull,241,0.76763485,0.54280355,1.41420383,0.71036783,144.16804979,-61.31078838
h4,validation,150,200,atr_expand+structure_bull_transition+strong_close_bull+mtf_trend_bull,108,0.84259259,0.54139290,1.55634214,0.76231291,124.18796296,5.00925926
h4,oos,150,200,atr_expand+structure_bull_transition+strong_close_bull+mtf_trend_bull,28,0.67857143,0.40000000,1.69642857,0.49338843,85.49642857,-2.17500000
h4,discovery,150,200,price200_bull+adx25+atr_expand+close_near_high,386,0.76683938,0.54280355,1.41273833,0.72215335,116.65362694,-63.18290155
h4,validation,150,200,price200_bull+adx25+atr_expand+close_near_high,66,0.80303030,0.54139290,1.48326714,0.69161212,151.14393939,-15.73787879
h4,oos,150,200,price200_bull+adx25+atr_expand+close_near_high,17,0.17647059,0.40000000,0.44117647,0.06191127,32.25882353,-54.39411765
h4,discovery,150,200,ema200_rising+adx25+atr_expand+close_near_high,386,0.76683938,0.54280355,1.41273833,0.72215335,116.65362694,-63.18290155
h4,validation,150,200,ema200_rising+adx25+atr_expand+close_near_high,66,0.80303030,0.54139290,1.48326714,0.69161212,151.14393939,-15.73787879
h4,oos,150,200,ema200_rising+adx25+atr_expand+close_near_high,17,0.17647059,0.40000000,0.44117647,0.06191127,32.25882353,-54.39411765
h4,discovery,150,200,adx25+atr_expand+strong_close_bull+cross_group_return_up,258,0.75968992,0.54280355,1.39956698,0.70398728,119.72635659,-60.34069767
h4,validation,150,200,adx25+atr_expand+strong_close_bull+cross_group_return_up,55,0.80000000,0.54139290,1.47766990,0.67635121,168.46363636,23.17090909
h4,oos,150,200,adx25+atr_expand+strong_close_bull+cross_group_return_up,20,0.50000000,0.40000000,1.25000000,0.29929801,54.89500000,-54.23500000
h4,discovery,150,200,price200_bull+atr_expand+close_near_high+mtf_trend_bull,344,0.75872093,0.54280355,1.39778182,0.71080969,134.13372093,-64.05058140
h4,validation,150,200,price200_bull+atr_expand+close_near_high+mtf_trend_bull,128,0.81250000,0.54139290,1.50075850,0.73615082,120.96796875,0.66171875
h4,oos,150,200,price200_bull+atr_expand+close_near_high+mtf_trend_bull,30,0.63333333,0.40000000,1.58333333,0.45513564,81.80333333,-4.47000000
h4,discovery,150,200,ema200_rising+atr_expand+close_near_high+mtf_trend_bull,344,0.75872093,0.54280355,1.39778182,0.71080969,134.13372093,-64.05058140
h4,validation,150,200,ema200_rising+atr_expand+close_near_high+mtf_trend_bull,128,0.81250000,0.54139290,1.50075850,0.73615082,120.96796875,0.66171875
h4,oos,150,200,ema200_rising+atr_expand+close_near_high+mtf_trend_bull,30,0.63333333,0.40000000,1.58333333,0.45513564,81.80333333,-4.47000000
h4,discovery,150,200,atr_expand+close_near_high+mtf_trend_bull,346,0.75722543,0.54280355,1.39502669,0.70938327,133.58208092,-64.09421965
h4,validation,150,200,atr_expand+close_near_high+mtf_trend_bull,137,0.75912409,0.54139290,1.40216852,0.68108236,114.83868613,-2.85912409
h4,oos,150,200,atr_expand+close_near_high+mtf_trend_bull,31,0.64516129,0.40000000,1.61290323,0.46947954,82.96451613,-7.77419355
h4,discovery,150,200,macd_accel_up+atr_expand+close_near_high+mtf_trend_bull,345,0.75652174,0.54280355,1.39373028,0.70857085,133.69362319,-63.83913043
h4,validation,150,200,macd_accel_up+atr_expand+close_near_high+mtf_trend_bull,137,0.75912409,0.54139290,1.40216852,0.68108236,114.83868613,-2.85912409
h4,oos,150,200,macd_accel_up+atr_expand+close_near_high+mtf_trend_bull,30,0.63333333,0.40000000,1.58333333,0.45513564,81.80333333,-4.47000000
h4,discovery,150,200,sma_stack_bull+atr_expand+horizontal_break_up+strong_close_bull,258,0.75581395,0.54280355,1.39242633,0.69989061,140.71046512,-53.38488372
h4,validation,150,200,sma_stack_bull+atr_expand+horizontal_break_up+strong_close_bull,64,0.68750000,0.54139290,1.26987257,0.56607664,72.33437500,-40.81250000
h4,oos,150,200,sma_stack_bull+atr_expand+horizontal_break_up+strong_close_bull,19,0.89473684,0.40000000,2.23684211,0.68605917,103.82631579,18.86842105
h4,discovery,150,200,atr_expand+breakout20_up+close_near_high+mtf_trend_bull,310,0.75483871,0.54280355,1.39062966,0.70402403,136.40967742,-54.09741935
h4,validation,150,200,atr_expand+breakout20_up+close_near_high+mtf_trend_bull,120,0.82500000,0.54139290,1.52384709,0.74724290,125.33166667,9.76250000
h4,oos,150,200,atr_expand+breakout20_up+close_near_high+mtf_trend_bull,30,0.63333333,0.40000000,1.58333333,0.45513564,81.80333333,-4.47000000
h4,discovery,150,200,atr_expand+horizontal_break_up+close_near_high+mtf_trend_bull,280,0.75357143,0.54280355,1.38829496,0.69988998,142.83642857,-55.76821429
h4,validation,150,200,atr_expand+horizontal_break_up+close_near_high+mtf_trend_bull,106,0.82075472,0.54139290,1.51600568,0.73693605,122.05943396,4.21509434
h4,oos,150,200,atr_expand+horizontal_break_up+close_near_high+mtf_trend_bull,30,0.63333333,0.40000000,1.58333333,0.45513564,81.80333333,-4.47000000
h4,discovery,150,200,adx25+volatility+strong_close_bull+mtf_adx25,466,0.75321888,0.54280355,1.38764547,0.71210938,114.74077253,-68.48583691
h4,validation,150,200,adx25+volatility+strong_close_bull+mtf_adx25,22,0.40909091,0.54139290,0.75562665,0.23255816,43.45000000,-70.38181818
h4,oos,150,200,adx25+volatility+strong_close_bull+mtf_adx25,17,0.11764706,0.40000000,0.29411765,0.03287977,30.32352941,-66.58823529
h4,discovery,150,200,adx25+atr_expand+impulse_bull,656,0.75304878,0.54280355,1.38733209,0.71863887,114.96463415,-73.51966463
h4,validation,150,200,adx25+atr_expand+impulse_bull,138,0.51449275,0.54139290,0.95031307,0.43184968,82.84275362,-120.63260870
h4,oos,150,200,adx25+atr_expand+impulse_bull,54,0.20370370,0.40000000,0.50925926,0.11774054,28.08888889,-80.66111111
h4,discovery,150,200,atr_expand+strong_close_bull+mtf_volatility+cross_group_bull,105,0.75238095,0.54280355,1.38610176,0.66189664,124.96857143,-65.12000000
h4,validation,150,200,atr_expand+strong_close_bull+mtf_volatility+cross_group_bull,21,0.76190476,0.54139290,1.40730467,0.54908826,111.26666667,-29.11904762
h4,oos,150,200,atr_expand+strong_close_bull+mtf_volatility+cross_group_bull,29,0.72413793,0.40000000,1.81034483,0.54282868,76.99655172,-32.15517241
h4,discovery,150,200,adx25+atr_expand+structure_bull_transition+mtf_volatility,225,0.75111111,0.54280355,1.38376235,0.69071842,114.75200000,-91.12400000
h4,validation,150,200,adx25+atr_expand+structure_bull_transition+mtf_volatility,82,0.57317073,0.54139290,1.05869642,0.46521208,88.93658537,-130.47682927
h4,oos,150,200,adx25+atr_expand+structure_bull_transition+mtf_volatility,38,0.28947368,0.40000000,0.72368421,0.17003278,31.53947368,-80.68157895
h4,discovery,150,200,sma_stack_bull+atr_expand+breakout20_up+mtf_volatility,156,0.75000000,0.54280355,1.38171536,0.67659538,127.26794872,-89.89038462
h4,validation,150,200,sma_stack_bull+atr_expand+breakout20_up+mtf_volatility,25,0.40000000,0.54139290,0.73883495,0.23403302,55.30800000,-171.41600000
h4,oos,150,200,sma_stack_bull+atr_expand+breakout20_up+mtf_volatility,21,0.09523810,0.40000000,0.23809524,0.02651877,12.19047619,-100.04761905
h4,discovery,150,200,sma_stack_bull+atr_expand+horizontal_break_up+mtf_volatility,156,0.75000000,0.54280355,1.38171536,0.67659538,127.26794872,-89.89038462
h4,validation,150,200,sma_stack_bull+atr_expand+horizontal_break_up+mtf_volatility,13,0.76923077,0.54139290,1.42083645,0.49743624,111.02307692,-150.70769231
h4,oos,150,200,sma_stack_bull+atr_expand+horizontal_break_up+mtf_volatility,21,0.09523810,0.40000000,0.23809524,0.02651877,12.19047619,-100.04761905
h4,discovery,150,200,atr_expand+horizontal_break_up+mtf_volatility+cross_group_return_up,144,0.75000000,0.54280355,1.38171536,0.67340324,115.58402778,-93.13611111
h4,validation,150,200,atr_expand+horizontal_break_up+mtf_volatility+cross_group_return_up,27,0.85185185,0.54139290,1.57344480,0.67521315,137.92962963,-0.14444444
h4,oos,150,200,atr_expand+horizontal_break_up+mtf_volatility+cross_group_return_up,65,0.41538462,0.40000000,1.03846154,0.30360242,46.37846154,-58.15846154
h4,discovery,150,200,di_strong_bull+atr_expand+strong_close_bull,722,0.74930748,0.54280355,1.38043954,0.71643016,116.07770083,-55.19986150
h4,validation,150,200,di_strong_bull+atr_expand+strong_close_bull,203,0.78325123,0.54139290,1.44673346,0.72159373,116.17487685,-23.53793103
h4,oos,150,200,di_strong_bull+atr_expand+strong_close_bull,70,0.62857143,0.40000000,1.57142857,0.51147201,73.37857143,-23.40000000
h4,discovery,150,200,di_strong_bull+atr_expand+breakout20_up+strong_close_bull,693,0.74891775,0.54280355,1.37972155,0.71532000,117.29913420,-53.87070707
h4,validation,150,200,di_strong_bull+atr_expand+breakout20_up+strong_close_bull,171,0.80701754,0.54139290,1.49063192,0.74138837,116.79356725,-7.94970760
h4,oos,150,200,di_strong_bull+atr_expand+breakout20_up+strong_close_bull,70,0.62857143,0.40000000,1.57142857,0.51147201,73.37857143,-23.40000000
h4,discovery,150,200,atr_expand+strong_close_bull,768,0.74869792,0.54280355,1.37931655,0.71683414,118.38619792,-59.07252604
h4,validation,150,200,atr_expand+strong_close_bull,217,0.76958525,0.54139290,1.42149121,0.70916016,113.57373272,-35.15760369
h4,oos,150,200,atr_expand+strong_close_bull,70,0.62857143,0.40000000,1.57142857,0.51147201,73.37857143,-23.40000000
h4,discovery,150,200,adx25+atr_expand+impulse_bull+mtf_trend_bull,322,0.74844720,0.54280355,1.37885467,0.69831429,123.03198758,-84.40745342
h4,validation,150,200,adx25+atr_expand+impulse_bull+mtf_trend_bull,34,0.38235294,0.54139290,0.70623929,0.23900183,75.37352941,-56.85000000
h4,oos,150,200,adx25+atr_expand+impulse_bull+mtf_trend_bull,26,0.15384615,0.40000000,0.38461538,0.06150034,19.38846154,-86.35769231
h4,discovery,150,200,macd_accel_up+atr_expand+strong_close_bull,767,0.74837027,0.54280355,1.37871294,0.71647346,118.41655802,-58.95123859
h4,validation,150,200,macd_accel_up+atr_expand+strong_close_bull,217,0.76958525,0.54139290,1.42149121,0.70916016,113.57373272,-35.15760369
h4,oos,150,200,macd_accel_up+atr_expand+strong_close_bull,70,0.62857143,0.40000000,1.57142857,0.51147201,73.37857143,-23.40000000
h4,discovery,150,200,adx25+atr_expand+close_near_high+cross_group_return_up,307,0.74592834,0.54280355,1.37421419,0.69439822,114.44885993,-62.04429967
h4,validation,150,200,adx25+atr_expand+close_near_high+cross_group_return_up,76,0.69736842,0.54139290,1.28810041,0.58665798,134.07631579,-30.84342105
h4,oos,150,200,adx25+atr_expand+close_near_high+cross_group_return_up,24,0.41666667,0.40000000,1.04166667,0.24467603,47.92916667,-58.59583333
h4,discovery,150,200,adx25+atr_expand+breakout20_up+mtf_volatility,200,0.74500000,0.54280355,1.37250393,0.68037074,108.63800000,-98.76300000
h4,validation,150,200,adx25+atr_expand+breakout20_up+mtf_volatility,24,0.83333333,0.54139290,1.53923948,0.64146929,138.93750000,-43.65416667
h4,oos,150,200,adx25+atr_expand+breakout20_up+mtf_volatility,38,0.28947368,0.40000000,0.72368421,0.17003278,31.53947368,-80.68157895
h4,discovery,150,200,adx25+atr_expand+horizontal_break_up+mtf_volatility,145,0.74482759,0.54280355,1.37218629,0.66818682,112.59586207,-98.16620690
h4,validation,150,200,adx25+atr_expand+horizontal_break_up+mtf_volatility,12,0.75000000,0.54139290,1.38531553,0.46769467,108.03333333,-37.35000000
h4,oos,150,200,adx25+atr_expand+horizontal_break_up+mtf_volatility,38,0.28947368,0.40000000,0.72368421,0.17003278,31.53947368,-80.68157895
h4,discovery,150,200,atr_expand+strong_close_bull+mtf_adx25,337,0.74480712,0.54280355,1.37214859,0.69568215,130.08456973,-66.24154303
h4,validation,150,200,atr_expand+strong_close_bull+mtf_adx25,32,0.65625000,0.54139290,1.21215109,0.48311088,74.22500000,-52.26875000
h4,oos,150,200,atr_expand+strong_close_bull+mtf_adx25,12,1.00000000,0.40000000,2.50000000,0.75750599,81.50000000,-74.15833333
h4,discovery,150,200,macd_accel_up+atr_expand+strong_close_bull+mtf_adx25,337,0.74480712,0.54280355,1.37214859,0.69568215,130.08456973,-66.24154303
h4,validation,150,200,macd_accel_up+atr_expand+strong_close_bull+mtf_adx25,32,0.65625000,0.54139290,1.21215109,0.48311088,74.22500000,-52.26875000
h4,oos,150,200,macd_accel_up+atr_expand+strong_close_bull+mtf_adx25,12,1.00000000,0.40000000,2.50000000,0.75750599,81.50000000,-74.15833333
h4,discovery,200,300,sma_stack_bull+atr_expand+strong_close_bull+mtf_volatility,69,0.73913043,0.31486239,2.34747137,0.62489426,164.24492754,-87.13333333
h4,validation,200,300,sma_stack_bull+atr_expand+strong_close_bull+mtf_volatility,2,1.00000000,0.31200000,3.20512821,0.34238023,118.30000000,25.90000000
h4,oos,200,300,sma_stack_bull+atr_expand+strong_close_bull+mtf_volatility,0,,0.07389163,,,,
h4,discovery,200,300,trend_bull+atr_expand+strong_close_bull+mtf_volatility,69,0.73913043,0.31486239,2.34747137,0.62489426,164.24492754,-87.13333333
h4,validation,200,300,trend_bull+atr_expand+strong_close_bull+mtf_volatility,2,1.00000000,0.31200000,3.20512821,0.34238023,118.30000000,25.90000000
h4,oos,200,300,trend_bull+atr_expand+strong_close_bull+mtf_volatility,0,,0.07389163,,,,
h4,discovery,200,300,sma_stack_bull+atr_expand+close_near_high+mtf_volatility,75,0.72000000,0.31486239,2.28671329,0.60959310,158.09333333,-101.63333333
h4,validation,200,300,sma_stack_bull+atr_expand+close_near_high+mtf_volatility,4,0.50000000,0.31200000,1.60256410,0.15003899,65.72500000,-26.17500000
h4,oos,200,300,sma_stack_bull+atr_expand+close_near_high+mtf_volatility,0,,0.07389163,,,,
h4,discovery,200,300,trend_bull+atr_expand+close_near_high+mtf_volatility,75,0.72000000,0.31486239,2.28671329,0.60959310,158.09333333,-101.63333333
h4,validation,200,300,trend_bull+atr_expand+close_near_high+mtf_volatility,4,0.50000000,0.31200000,1.60256410,0.15003899,65.72500000,-26.17500000
h4,oos,200,300,trend_bull+atr_expand+close_near_high+mtf_volatility,0,,0.07389163,,,,
h4,discovery,200,300,atr_expand+breakout20_up+strong_close_bull+mtf_volatility,110,0.71818182,0.31486239,2.28093876,0.62785045,150.66636364,-72.53272727
h4,validation,200,300,atr_expand+breakout20_up+strong_close_bull+mtf_volatility,31,0.54838710,0.31200000,1.75765095,0.37772168,114.63225806,-46.80967742
h4,oos,200,300,atr_expand+breakout20_up+strong_close_bull+mtf_volatility,13,0.00000000,0.07389163,0.00000000,0.00000000,77.70000000,-86.63076923
h4,discovery,200,300,atr_expand+horizontal_break_up+strong_close_bull+mtf_volatility,73,0.71232877,0.31486239,2.26234952,0.59994537,159.10000000,-67.21643836
h4,validation,200,300,atr_expand+horizontal_break_up+strong_close_bull+mtf_volatility,19,0.57894737,0.31200000,1.85560054,0.36275904,111.34210526,-13.24210526
h4,oos,200,300,atr_expand+horizontal_break_up+strong_close_bull+mtf_volatility,13,0.00000000,0.07389163,0.00000000,0.00000000,77.70000000,-86.63076923
h4,discovery,200,300,atr_expand+structure_bull_transition+strong_close_bull+mtf_volatility,116,0.70689655,0.31486239,2.24509686,0.61849981,150.89827586,-66.43965517
h4,validation,200,300,atr_expand+structure_bull_transition+strong_close_bull+mtf_volatility,34,0.52941176,0.31200000,1.69683258,0.36736713,115.66176471,-147.12647059
h4,oos,200,300,atr_expand+structure_bull_transition+strong_close_bull+mtf_volatility,13,0.00000000,0.07389163,0.00000000,0.00000000,77.70000000,-86.63076923
h4,discovery,200,300,atr_expand+horizontal_break_up+close_near_high+mtf_volatility,78,0.69230769,0.31486239,2.19876278,0.58288167,152.23461538,-81.37564103
h4,validation,200,300,atr_expand+horizontal_break_up+close_near_high+mtf_volatility,21,0.52380952,0.31200000,1.67887668,0.32369535,101.99047619,-19.43333333
h4,oos,200,300,atr_expand+horizontal_break_up+close_near_high+mtf_volatility,13,0.00000000,0.07389163,0.00000000,0.00000000,77.70000000,-86.63076923
h4,discovery,200,300,adx25+atr_expand+strong_close_bull+mtf_volatility,100,0.69000000,0.31486239,2.19143357,0.59373944,154.09300000,-94.40700000
h4,validation,200,300,adx25+atr_expand+strong_close_bull+mtf_volatility,31,0.51612903,0.31200000,1.65425972,0.34840395,110.00645161,-159.10000000
h4,oos,200,300,adx25+atr_expand+strong_close_bull+mtf_volatility,5,0.00000000,0.07389163,0.00000000,0.00000000,82.38000000,-85.92000000
h4,discovery,200,300,atr_expand+strong_close_bull+mtf_volatility+cross_group_return_up,93,0.67741935,0.31486239,2.15147755,0.57701259,146.88817204,-76.67741935
h4,validation,200,300,atr_expand+strong_close_bull+mtf_volatility+cross_group_return_up,18,0.61111111,0.31200000,1.95868946,0.38619042,116.10000000,-11.52222222
h4,oos,200,300,atr_expand+strong_close_bull+mtf_volatility+cross_group_return_up,13,0.00000000,0.07389163,0.00000000,0.00000000,77.70000000,-86.63076923
h4,discovery,200,300,atr_expand+strong_close_bull+mtf_volatility,133,0.66917293,0.31486239,2.12528699,0.58544777,147.23082707,-76.92330827
h4,validation,200,300,atr_expand+strong_close_bull+mtf_volatility,46,0.54347826,0.31200000,1.74191750,0.40180181,117.18478261,-103.86739130
h4,oos,200,300,atr_expand+strong_close_bull+mtf_volatility,13,0.00000000,0.07389163,0.00000000,0.00000000,77.70000000,-86.63076923
h4,discovery,200,300,macd_accel_up+atr_expand+strong_close_bull+mtf_volatility,133,0.66917293,0.31486239,2.12528699,0.58544777,147.23082707,-76.92330827
h4,validation,200,300,macd_accel_up+atr_expand+strong_close_bull+mtf_volatility,46,0.54347826,0.31200000,1.74191750,0.40180181,117.18478261,-103.86739130
h4,oos,200,300,macd_accel_up+atr_expand+strong_close_bull+mtf_volatility,13,0.00000000,0.07389163,0.00000000,0.00000000,77.70000000,-86.63076923
h4,discovery,200,300,atr_expand+breakout20_up+close_near_high+mtf_volatility,126,0.65873016,0.31486239,2.09212084,0.57234512,138.23095238,-87.61904762
h4,validation,200,300,atr_expand+breakout20_up+close_near_high+mtf_volatility,33,0.51515152,0.31200000,1.65112665,0.35218375,108.48181818,-48.71515152
h4,oos,200,300,atr_expand+breakout20_up+close_near_high+mtf_volatility,13,0.00000000,0.07389163,0.00000000,0.00000000,77.70000000,-86.63076923
h4,discovery,200,300,atr_expand+structure_bull_transition+close_near_high+mtf_volatility,133,0.65413534,0.31486239,2.07752774,0.56999693,139.94060150,-82.24210526
h4,validation,200,300,atr_expand+structure_bull_transition+close_near_high+mtf_volatility,36,0.50000000,0.31200000,1.60256410,0.34474325,109.96666667,-143.30000000
h4,oos,200,300,atr_expand+structure_bull_transition+close_near_high+mtf_volatility,13,0.00000000,0.07389163,0.00000000,0.00000000,77.70000000,-86.63076923
h4,discovery,200,300,adx25+atr_expand+close_near_high+mtf_volatility,114,0.64912281,0.31486239,2.06160798,0.55795779,143.10350877,-107.69912281
h4,validation,200,300,adx25+atr_expand+close_near_high+mtf_volatility,33,0.48484848,0.31200000,1.55400155,0.32504042,104.13636364,-154.20000000
h4,oos,200,300,adx25+atr_expand+close_near_high+mtf_volatility,5,0.00000000,0.07389163,0.00000000,0.00000000,82.38000000,-85.92000000
h4,discovery,200,300,di_strong_bull+atr_expand+strong_close_bull+mtf_volatility,122,0.64754098,0.31486239,2.05658413,0.55944690,140.94344262,-79.57704918
h4,validation,200,300,di_strong_bull+atr_expand+strong_close_bull+mtf_volatility,41,0.58536585,0.31200000,1.87617261,0.43367103,122.57317073,-76.47317073
h4,oos,200,300,di_strong_bull+atr_expand+strong_close_bull+mtf_volatility,13,0.00000000,0.07389163,0.00000000,0.00000000,77.70000000,-86.63076923
h4,discovery,200,300,price200_bull+atr_expand+strong_close_bull+mtf_volatility,100,0.63000000,0.31486239,2.00087413,0.53220530,141.21000000,-72.01000000
h4,validation,200,300,price200_bull+atr_expand+strong_close_bull+mtf_volatility,19,0.57894737,0.31200000,1.85560054,0.36275904,111.34210526,-13.24210526
h4,oos,200,300,price200_bull+atr_expand+strong_close_bull+mtf_volatility,2,0.00000000,0.07389163,0.00000000,0.00000000,88.20000000,-16.80000000
h4,discovery,200,300,trend_bull+atr_expand+strong_close_bull+mtf_macd_bull,167,0.62275449,0.31486239,1.97786246,0.54726073,144.93353293,-89.64850299
h4,validation,200,300,trend_bull+atr_expand+strong_close_bull+mtf_macd_bull,7,0.28571429,0.31200000,0.91575092,0.08221892,73.12857143,-163.97142857
h4,oos,200,300,trend_bull+atr_expand+strong_close_bull+mtf_macd_bull,13,0.00000000,0.07389163,0.00000000,0.00000000,62.05384615,-28.86923077
h4,discovery,200,300,atr_expand+close_near_high+mtf_volatility,151,0.62251656,0.31486239,1.97710678,0.54306308,137.20662252,-89.93642384
h4,validation,200,300,atr_expand+close_near_high+mtf_volatility,48,0.52083333,0.31200000,1.66933761,0.38329232,112.85000000,-102.80000000
h4,oos,200,300,atr_expand+close_near_high+mtf_volatility,13,0.00000000,0.07389163,0.00000000,0.00000000,77.70000000,-86.63076923
h4,discovery,200,300,macd_accel_up+atr_expand+close_near_high+mtf_volatility,151,0.62251656,0.31486239,1.97710678,0.54306308,137.20662252,-89.93642384
h4,validation,200,300,macd_accel_up+atr_expand+close_near_high+mtf_volatility,48,0.52083333,0.31200000,1.66933761,0.38329232,112.85000000,-102.80000000
h4,oos,200,300,macd_accel_up+atr_expand+close_near_high+mtf_volatility,13,0.00000000,0.07389163,0.00000000,0.00000000,77.70000000,-86.63076923
h4,discovery,200,300,sma_stack_bull+atr_expand+strong_close_bull+mtf_macd_bull,132,0.62121212,0.31486239,1.97296390,0.53613872,151.73257576,-96.63560606
h4,validation,200,300,sma_stack_bull+atr_expand+strong_close_bull+mtf_macd_bull,7,0.28571429,0.31200000,0.91575092,0.08221892,73.12857143,-163.97142857
h4,oos,200,300,sma_stack_bull+atr_expand+strong_close_bull+mtf_macd_bull,13,0.00000000,0.07389163,0.00000000,0.00000000,62.05384615,-28.86923077
h4,discovery,200,300,sma_stack_bull+atr_expand+structure_bull_transition+strong_close_bull,154,0.61038961,0.31486239,1.93859171,0.53157806,143.09545455,-100.91038961
h4,validation,200,300,sma_stack_bull+atr_expand+structure_bull_transition+strong_close_bull,27,0.11111111,0.31200000,0.35612536,0.03852035,69.47407407,-89.01851852
h4,oos,200,300,sma_stack_bull+atr_expand+structure_bull_transition+strong_close_bull,13,0.00000000,0.07389163,0.00000000,0.00000000,62.05384615,-28.86923077
h4,discovery,200,300,atr_expand+close_near_high+mtf_volatility+cross_group_return_up,110,0.60909091,0.31486239,1.93446705,0.51569936,132.11818182,-93.73454545
h4,validation,200,300,atr_expand+close_near_high+mtf_volatility+cross_group_return_up,20,0.55000000,0.31200000,1.76282051,0.34208534,105.80500000,-18.19500000
h4,oos,200,300,atr_expand+close_near_high+mtf_volatility+cross_group_return_up,13,0.00000000,0.07389163,0.00000000,0.00000000,77.70000000,-86.63076923
h4,discovery,200,300,sma_stack_bull+atr_expand+structure_bull_transition+mtf_volatility,115,0.60869565,0.31486239,1.93321172,0.51736700,122.48869565,-138.42260870
h4,validation,200,300,sma_stack_bull+atr_expand+structure_bull_transition+mtf_volatility,18,0.66666667,0.31200000,2.13675214,0.43749467,99.77777778,-208.41111111
h4,oos,200,300,sma_stack_bull+atr_expand+structure_bull_transition+mtf_volatility,12,0.00000000,0.07389163,0.00000000,0.00000000,-34.99166667,-148.79166667
h4,discovery,200,300,price200_bull+atr_expand+close_near_high+mtf_volatility,109,0.60550459,0.31486239,1.92307692,0.51166488,136.22477064,-84.45412844
h4,validation,200,300,price200_bull+atr_expand+close_near_high+mtf_volatility,21,0.52380952,0.31200000,1.67887668,0.32369535,101.99047619,-19.43333333
h4,oos,200,300,price200_bull+atr_expand+close_near_high+mtf_volatility,2,0.00000000,0.07389163,0.00000000,0.00000000,88.20000000,-16.80000000
h4,discovery,200,300,atr_expand+strong_close_bull+mtf_volatility+cross_group_bull,76,0.60526316,0.31486239,1.92231015,0.49286297,144.00921053,-65.84736842
h4,validation,200,300,atr_expand+strong_close_bull+mtf_volatility+cross_group_bull,18,0.61111111,0.31200000,1.95868946,0.38619042,116.10000000,-11.52222222
h4,oos,200,300,atr_expand+strong_close_bull+mtf_volatility+cross_group_bull,13,0.00000000,0.07389163,0.00000000,0.00000000,77.70000000,-86.63076923
h4,discovery,200,300,di_strong_bull+atr_expand+close_near_high+mtf_volatility,138,0.60144928,0.31486239,1.91019729,0.51808224,130.71666667,-92.53478261
h4,validation,200,300,di_strong_bull+atr_expand+close_near_high+mtf_volatility,43,0.55813953,0.31200000,1.78890877,0.41107614,117.48372093,-76.55581395
h4,oos,200,300,di_strong_bull+atr_expand+close_near_high+mtf_volatility,13,0.00000000,0.07389163,0.00000000,0.00000000,77.70000000,-86.63076923
h4,discovery,200,300,trend_bull+atr_expand+structure_bull_transition+strong_close_bull,214,0.59813084,0.31486239,1.89965797,0.53127180,142.17289720,-87.37009346
h4,validation,200,300,trend_bull+atr_expand+structure_bull_transition+strong_close_bull,35,0.14285714,0.31200000,0.45787546,0.06260231,72.36000000,-71.26571429
h4,oos,200,300,trend_bull+atr_expand+structure_bull_transition+strong_close_bull,13,0.00000000,0.07389163,0.00000000,0.00000000,62.05384615,-28.86923077
h4,discovery,200,300,sma_stack_bull+atr_expand+breakout20_up+mtf_volatility,114,0.59649123,0.31486239,1.89445058,0.50471158,124.50964912,-137.91052632
h4,validation,200,300,sma_stack_bull+atr_expand+breakout20_up+mtf_volatility,16,0.75000000,0.31200000,2.40384615,0.50501683,117.98750000,-210.46250000
h4,oos,200,300,sma_stack_bull+atr_expand+breakout20_up+mtf_volatility,12,0.00000000,0.07389163,0.00000000,0.00000000,-34.99166667,-148.79166667
h4,discovery,200,300,sma_stack_bull+atr_expand+horizontal_break_up+mtf_volatility,114,0.59649123,0.31486239,1.89445058,0.50471158,124.50964912,-137.91052632
h4,validation,200,300,sma_stack_bull+atr_expand+horizontal_break_up+mtf_volatility,16,0.75000000,0.31200000,2.40384615,0.50501683,117.98750000,-210.46250000
h4,oos,200,300,sma_stack_bull+atr_expand+horizontal_break_up+mtf_volatility,12,0.00000000,0.07389163,0.00000000,0.00000000,-34.99166667,-148.79166667
h4,discovery,200,300,sma_stack_bull+atr_expand+strong_close_bull+cross_group_return_up,131,0.58778626,0.31486239,1.86680368,0.50216564,150.71068702,-85.69618321
h4,validation,200,300,sma_stack_bull+atr_expand+strong_close_bull+cross_group_return_up,27,0.11111111,0.31200000,0.35612536,0.03852035,69.47407407,-89.01851852
h4,oos,200,300,sma_stack_bull+atr_expand+strong_close_bull+cross_group_return_up,13,0.00000000,0.07389163,0.00000000,0.00000000,62.05384615,-28.86923077
h4,discovery,200,300,trend_bull+atr_expand+breakout20_up+mtf_volatility,116,0.58620690,0.31486239,1.86178764,0.49522201,123.21724138,-137.49396552
h4,validation,200,300,trend_bull+atr_expand+breakout20_up+mtf_volatility,19,0.78947368,0.31200000,2.53036437,0.56665722,128.58947368,-178.74210526
h4,oos,200,300,trend_bull+atr_expand+breakout20_up+mtf_volatility,14,0.00000000,0.07389163,0.00000000,0.00000000,-27.52857143,-135.38571429
h4,discovery,200,300,trend_bull+atr_expand+horizontal_break_up+mtf_volatility,116,0.58620690,0.31486239,1.86178764,0.49522201,123.21724138,-137.49396552
h4,validation,200,300,trend_bull+atr_expand+horizontal_break_up+mtf_volatility,19,0.78947368,0.31200000,2.53036437,0.56665722,128.58947368,-178.74210526
h4,oos,200,300,trend_bull+atr_expand+horizontal_break_up+mtf_volatility,14,0.00000000,0.07389163,0.00000000,0.00000000,-27.52857143,-135.38571429
h4,discovery,200,300,trend_bull+atr_expand+close_near_high+mtf_macd_bull,202,0.58415842,0.31486239,1.85528168,0.51523916,136.23811881,-88.33168317
h4,validation,200,300,trend_bull+atr_expand+close_near_high+mtf_macd_bull,9,0.22222222,0.31200000,0.71225071,0.06322511,59.80000000,-144.92222222
h4,oos,200,300,trend_bull+atr_expand+close_near_high+mtf_macd_bull,13,0.00000000,0.07389163,0.00000000,0.00000000,62.05384615,-28.86923077
h4,discovery,200,300,sma_stack_bull+atr_expand+breakout20_up+strong_close_bull,167,0.58083832,0.31486239,1.84473710,0.50500885,140.26646707,-98.09461078
h4,validation,200,300,sma_stack_bull+atr_expand+breakout20_up+strong_close_bull,27,0.11111111,0.31200000,0.35612536,0.03852035,69.47407407,-89.01851852
h4,oos,200,300,sma_stack_bull+atr_expand+breakout20_up+strong_close_bull,13,0.00000000,0.07389163,0.00000000,0.00000000,62.05384615,-28.86923077
h4,discovery,200,300,sma_stack_bull+atr_expand+horizontal_break_up+strong_close_bull,167,0.58083832,0.31486239,1.84473710,0.50500885,140.26646707,-98.09461078
h4,validation,200,300,sma_stack_bull+atr_expand+horizontal_break_up+strong_close_bull,27,0.11111111,0.31200000,0.35612536,0.03852035,69.47407407,-89.01851852
h4,oos,200,300,sma_stack_bull+atr_expand+horizontal_break_up+strong_close_bull,13,0.00000000,0.07389163,0.00000000,0.00000000,62.05384615,-28.86923077
h4,discovery,200,300,sma_stack_bull+adx25+atr_expand+strong_close_bull,119,0.57983193,0.31486239,1.84154081,0.49001505,149.03865546,-106.00672269
h4,validation,200,300,sma_stack_bull+adx25+atr_expand+strong_close_bull,2,1.00000000,0.31200000,3.20512821,0.34238023,118.30000000,25.90000000
h4,oos,200,300,sma_stack_bull+adx25+atr_expand+strong_close_bull,8,0.00000000,0.07389163,0.00000000,0.00000000,46.97500000,-46.42500000
h4,discovery,200,300,atr_expand+strong_close_bull+mtf_macd_bull+cross_group_return_up,164,0.57926829,0.31486239,1.83975070,0.50274571,143.28231707,-88.45365854
h4,validation,200,300,atr_expand+strong_close_bull+mtf_macd_bull+cross_group_return_up,23,0.47826087,0.31200000,1.53288740,0.29237157,102.83043478,-61.17391304
h4,oos,200,300,atr_expand+strong_close_bull+mtf_macd_bull+cross_group_return_up,17,0.00000000,0.07389163,0.00000000,0.00000000,61.04117647,-31.82941176
h4,discovery,200,300,trend_bull+atr_expand+strong_close_bull+cross_group_return_up,159,0.57861635,0.31486239,1.83768014,0.50089885,143.14465409,-85.93270440
h4,validation,200,300,trend_bull+atr_expand+strong_close_bull+cross_group_return_up,35,0.14285714,0.31200000,0.45787546,0.06260231,72.36000000,-71.26571429
h4,oos,200,300,trend_bull+atr_expand+strong_close_bull+cross_group_return_up,13,0.00000000,0.07389163,0.00000000,0.00000000,62.05384615,-28.86923077
h4,discovery,200,300,sma_stack_bull+atr_expand+close_near_high+mtf_macd_bull,166,0.57228916,0.31486239,1.81758503,0.49622996,139.07590361,-93.88313253
h4,validation,200,300,sma_stack_bull+atr_expand+close_near_high+mtf_macd_bull,9,0.22222222,0.31200000,0.71225071,0.06322511,59.80000000,-144.92222222
h4,oos,200,300,sma_stack_bull+atr_expand+close_near_high+mtf_macd_bull,13,0.00000000,0.07389163,0.00000000,0.00000000,62.05384615,-28.86923077
h4,discovery,200,300,sma_stack_bull+atr_expand+impulse_bull+mtf_volatility,98,0.57142857,0.31486239,1.81485181,0.47258436,126.54183673,-153.27244898
h4,validation,200,300,sma_stack_bull+atr_expand+impulse_bull+mtf_volatility,6,0.33333333,0.31200000,1.06837607,0.09677141,28.51666667,-81.45000000
h4,oos,200,300,sma_stack_bull+atr_expand+impulse_bull+mtf_volatility,12,0.00000000,0.07389163,0.00000000,0.00000000,-34.99166667,-148.79166667
h4,discovery,200,300,trend_bull+atr_expand+impulse_bull+mtf_volatility,98,0.57142857,0.31486239,1.81485181,0.47258436,126.54183673,-153.27244898
h4,validation,200,300,trend_bull+atr_expand+impulse_bull+mtf_volatility,9,0.55555556,0.31200000,1.78062678,0.26665129,80.72222222,-57.48888889
h4,oos,200,300,trend_bull+atr_expand+impulse_bull+mtf_volatility,12,0.00000000,0.07389163,0.00000000,0.00000000,-34.99166667,-148.79166667
h4,discovery,200,300,sma_stack_bull+adx25+atr_expand+close_near_high,144,0.56944444,0.31486239,1.80855025,0.48780358,144.05486111,-99.85277778
h4,validation,200,300,sma_stack_bull+adx25+atr_expand+close_near_high,4,0.50000000,0.31200000,1.60256410,0.15003899,65.72500000,-26.17500000
h4,oos,200,300,sma_stack_bull+adx25+atr_expand+close_near_high,8,0.00000000,0.07389163,0.00000000,0.00000000,46.97500000,-46.42500000
h4,discovery,200,300,atr_expand+horizontal_break_up+strong_close_bull+mtf_macd_bull,190,0.56842105,0.31486239,1.80529996,0.49732670,135.40263158,-82.15421053
h4,validation,200,300,atr_expand+horizontal_break_up+strong_close_bull+mtf_macd_bull,24,0.45833333,0.31200000,1.46901709,0.27891334,99.61666667,-60.46666667
h4,oos,200,300,atr_expand+horizontal_break_up+strong_close_bull+mtf_macd_bull,17,0.00000000,0.07389163,0.00000000,0.00000000,61.04117647,-31.82941176
h4,discovery,200,300,volatility+breakout20_up+strong_close_bull+mtf_volatility,224,0.56696429,0.31486239,1.80067329,0.50148677,125.69598214,-57.71875000
h4,validation,200,300,volatility+breakout20_up+strong_close_bull+mtf_volatility,38,0.55263158,0.31200000,1.77125506,0.39706297,111.77105263,-46.12105263
h4,oos,200,300,volatility+breakout20_up+strong_close_bull+mtf_volatility,3,0.00000000,0.07389163,0.00000000,0.00000000,32.86666667,-43.76666667
h4,discovery,200,300,trend_bull+atr_expand+breakout20_up+strong_close_bull,243,0.56378601,0.31486239,1.79057911,0.50092024,136.65884774,-84.63703704
h4,validation,200,300,trend_bull+atr_expand+breakout20_up+strong_close_bull,35,0.14285714,0.31200000,0.45787546,0.06260231,72.36000000,-71.26571429
h4,oos,200,300,trend_bull+atr_expand+breakout20_up+strong_close_bull,13,0.00000000,0.07389163,0.00000000,0.00000000,62.05384615,-28.86923077
h4,discovery,200,300,sma_stack_bull+atr_expand+structure_bull_transition+close_near_high,190,0.56315789,0.31486239,1.78858422,0.49207147,132.21000000,-97.65684211
h4,validation,200,300,sma_stack_bull+atr_expand+structure_bull_transition+close_near_high,29,0.10344828,0.31200000,0.33156499,0.03581489,65.58965517,-88.27586207
h4,oos,200,300,sma_stack_bull+atr_expand+structure_bull_transition+close_near_high,13,0.00000000,0.07389163,0.00000000,0.00000000,62.05384615,-28.86923077
h4,discovery,200,300,trend_bull+atr_expand+horizontal_break_up+strong_close_bull,238,0.56302521,0.31486239,1.78816282,0.49950244,137.26176471,-85.81764706
h4,validation,200,300,trend_bull+atr_expand+horizontal_break_up+strong_close_bull,35,0.14285714,0.31200000,0.45787546,0.06260231,72.36000000,-71.26571429
h4,oos,200,300,trend_bull+atr_expand+horizontal_break_up+strong_close_bull,13,0.00000000,0.07389163,0.00000000,0.00000000,62.05384615,-28.86923077
h4,discovery,200,300,trend_bull+atr_expand+structure_bull_transition+mtf_volatility,125,0.56000000,0.31486239,1.77855478,0.47248061,112.22560000,-136.88960000
h4,validation,200,300,trend_bull+atr_expand+structure_bull_transition+mtf_volatility,21,0.71428571,0.31200000,2.28937729,0.50043619,111.97142857,-180.00476190
h4,oos,200,300,trend_bull+atr_expand+structure_bull_transition+mtf_volatility,14,0.00000000,0.07389163,0.00000000,0.00000000,-27.52857143,-135.38571429
h4,discovery,200,300,sma_stack_bull+atr_expand+mtf_volatility+cross_group_bull,61,0.55737705,0.31486239,1.77022431,0.43303368,128.32131148,-174.62295082
h4,validation,200,300,sma_stack_bull+atr_expand+mtf_volatility+cross_group_bull,11,0.18181818,0.31200000,0.58275058,0.05136769,13.49090909,-99.30000000
h4,oos,200,300,sma_stack_bull+atr_expand+mtf_volatility+cross_group_bull,12,0.00000000,0.07389163,0.00000000,0.00000000,-34.99166667,-148.79166667
h4,discovery,200,300,atr_expand+horizontal_break_up+close_near_high+mtf_macd_bull,237,0.55696203,0.31486239,1.76890620,0.49331105,131.65654008,-77.63375527
h4,validation,200,300,atr_expand+horizontal_break_up+close_near_high+mtf_macd_bull,26,0.42307692,0.31200000,1.35601578,0.25544443,92.96538462,-61.83461538
h4,oos,200,300,atr_expand+horizontal_break_up+close_near_high+mtf_macd_bull,17,0.00000000,0.07389163,0.00000000,0.00000000,61.04117647,-31.82941176
h4,discovery,200,300,atr_expand+structure_bull_transition+impulse_bull+mtf_volatility,173,0.55491329,0.31486239,1.76239945,0.48046354,122.58265896,-115.70982659
h4,validation,200,300,atr_expand+structure_bull_transition+impulse_bull+mtf_volatility,65,0.47692308,0.31200000,1.52859961,0.36021791,106.04153846,-115.05076923
h4,oos,200,300,atr_expand+structure_bull_transition+impulse_bull+mtf_volatility,39,0.00000000,0.07389163,0.00000000,-0.00000000,24.06923077,-109.41282051
h4,discovery,200,300,sma_stack_bull+atr_expand+strong_close_bull,175,0.55428571,0.31486239,1.76040626,0.48026377,136.22800000,-102.23085714
h4,validation,200,300,sma_stack_bull+atr_expand+strong_close_bull,27,0.11111111,0.31200000,0.35612536,0.03852035,69.47407407,-89.01851852
h4,oos,200,300,sma_stack_bull+atr_expand+strong_close_bull,13,0.00000000,0.07389163,0.00000000,0.00000000,62.05384615,-28.86923077
h4,discovery,200,300,sma_stack_bull+macd_accel_up+atr_expand+strong_close_bull,175,0.55428571,0.31486239,1.76040626,0.48026377,136.22800000,-102.23085714
h4,validation,200,300,sma_stack_bull+macd_accel_up+atr_expand+strong_close_bull,27,0.11111111,0.31200000,0.35612536,0.03852035,69.47407407,-89.01851852
h4,oos,200,300,sma_stack_bull+macd_accel_up+atr_expand+strong_close_bull,13,0.00000000,0.07389163,0.00000000,0.00000000,62.05384615,-28.86923077
h4,discovery,200,300,sma_stack_bull+di_strong_bull+atr_expand+strong_close_bull,175,0.55428571,0.31486239,1.76040626,0.48026377,136.22800000,-102.23085714
h4,validation,200,300,sma_stack_bull+di_strong_bull+atr_expand+strong_close_bull,27,0.11111111,0.31200000,0.35612536,0.03852035,69.47407407,-89.01851852
h4,oos,200,300,sma_stack_bull+di_strong_bull+atr_expand+strong_close_bull,13,0.00000000,0.07389163,0.00000000,0.00000000,62.05384615,-28.86923077
h4,discovery,200,300,atr_expand+breakout20_up+strong_close_bull+mtf_macd_bull,224,0.55357143,0.31486239,1.75813770,0.48811214,130.30446429,-84.14419643
h4,validation,200,300,atr_expand+breakout20_up+strong_close_bull+mtf_macd_bull,24,0.45833333,0.31200000,1.46901709,0.27891334,99.61666667,-60.46666667
h4,oos,200,300,atr_expand+breakout20_up+strong_close_bull+mtf_macd_bull,17,0.00000000,0.07389163,0.00000000,0.00000000,61.04117647,-31.82941176
h4,discovery,200,300,atr_expand+close_near_high+mtf_macd_bull+cross_group_return_up,214,0.55140187,0.31486239,1.75124720,0.48444411,134.42289720,-82.65747664
h4,validation,200,300,atr_expand+close_near_high+mtf_macd_bull+cross_group_return_up,25,0.44000000,0.31200000,1.41025641,0.26665639,95.65600000,-62.54000000
h4,oos,200,300,atr_expand+close_near_high+mtf_macd_bull+cross_group_return_up,17,0.00000000,0.07389163,0.00000000,0.00000000,61.04117647,-31.82941176
h4,discovery,200,300,atr_expand+structure_bull_transition+strong_close_bull+mtf_adx25,147,0.55102041,0.31486239,1.75003568,0.47033524,139.41836735,-111.23469388
h4,validation,200,300,atr_expand+structure_bull_transition+strong_close_bull+mtf_adx25,14,0.28571429,0.31200000,0.91575092,0.11721379,92.21428571,-91.76428571
h4,oos,200,300,atr_expand+structure_bull_transition+strong_close_bull+mtf_adx25,11,0.00000000,0.07389163,0.00000000,0.00000000,75.79090909,-99.32727273
h4,discovery,200,300,atr_expand+breakout20_up+impulse_bull+mtf_volatility,155,0.54838710,0.31486239,1.74167231,0.46981660,116.33935484,-123.65225806
h4,validation,200,300,atr_expand+breakout20_up+impulse_bull+mtf_volatility,48,0.54166667,0.31200000,1.73611111,0.40291075,116.02291667,-44.00625000
h4,oos,200,300,atr_expand+breakout20_up+impulse_bull+mtf_volatility,39,0.00000000,0.07389163,0.00000000,-0.00000000,24.06923077,-109.41282051
h4,discovery,200,300,trend_bull+atr_expand+strong_close_bull,251,0.54581673,0.31486239,1.73350886,0.48399253,133.95816733,-87.94980080
h4,validation,200,300,trend_bull+atr_expand+strong_close_bull,35,0.14285714,0.31200000,0.45787546,0.06260231,72.36000000,-71.26571429
h4,oos,200,300,trend_bull+atr_expand+strong_close_bull,13,0.00000000,0.07389163,0.00000000,0.00000000,62.05384615,-28.86923077
h4,discovery,200,300,trend_bull+macd_accel_up+atr_expand+strong_close_bull,251,0.54581673,0.31486239,1.73350886,0.48399253,133.95816733,-87.94980080
h4,validation,200,300,trend_bull+macd_accel_up+atr_expand+strong_close_bull,35,0.14285714,0.31200000,0.45787546,0.06260231,72.36000000,-71.26571429
h4,oos,200,300,trend_bull+macd_accel_up+atr_expand+strong_close_bull,13,0.00000000,0.07389163,0.00000000,0.00000000,62.05384615,-28.86923077
h4,discovery,200,300,trend_bull+di_strong_bull+atr_expand+strong_close_bull,251,0.54581673,0.31486239,1.73350886,0.48399253,133.95816733,-87.94980080
h4,validation,200,300,trend_bull+di_strong_bull+atr_expand+strong_close_bull,35,0.14285714,0.31200000,0.45787546,0.06260231,72.36000000,-71.26571429
h4,oos,200,300,trend_bull+di_strong_bull+atr_expand+strong_close_bull,13,0.00000000,0.07389163,0.00000000,0.00000000,62.05384615,-28.86923077
h4,discovery,200,300,sma_stack_bull+atr_expand+breakout20_up+close_near_high,200,0.54500000,0.31486239,1.73091492,0.47578611,130.85950000,-94.85550000
h4,validation,200,300,sma_stack_bull+atr_expand+breakout20_up+close_near_high,29,0.10344828,0.31200000,0.33156499,0.03581489,65.58965517,-88.27586207
h4,oos,200,300,sma_stack_bull+atr_expand+breakout20_up+close_near_high,13,0.00000000,0.07389163,0.00000000,0.00000000,62.05384615,-28.86923077
h4,discovery,200,300,sma_stack_bull+atr_expand+horizontal_break_up+close_near_high,200,0.54500000,0.31486239,1.73091492,0.47578611,130.85950000,-94.85550000
h4,validation,200,300,sma_stack_bull+atr_expand+horizontal_break_up+close_near_high,29,0.10344828,0.31200000,0.33156499,0.03581489,65.58965517,-88.27586207
h4,oos,200,300,sma_stack_bull+atr_expand+horizontal_break_up+close_near_high,13,0.00000000,0.07389163,0.00000000,0.00000000,62.05384615,-28.86923077
h4,discovery,200,300,atr_expand+breakout20_up+close_near_high+mtf_macd_bull,273,0.54212454,0.31486239,1.72178249,0.48284824,126.89743590,-79.91978022
h4,validation,200,300,atr_expand+breakout20_up+close_near_high+mtf_macd_bull,26,0.42307692,0.31200000,1.35601578,0.25544443,92.96538462,-61.83461538
h4,oos,200,300,atr_expand+breakout20_up+close_near_high+mtf_macd_bull,17,0.00000000,0.07389163,0.00000000,0.00000000,61.04117647,-31.82941176
h4,discovery,200,300,trend_bull+atr_expand+structure_bull_transition+close_near_high,262,0.54198473,0.31486239,1.72133846,0.48148278,130.48206107,-86.54923664
h4,validation,200,300,trend_bull+atr_expand+structure_bull_transition+close_near_high,47,0.27659574,0.31200000,0.88652482,0.16936563,78.91063830,-60.70000000
h4,oos,200,300,trend_bull+atr_expand+structure_bull_transition+close_near_high,13,0.00000000,0.07389163,0.00000000,0.00000000,62.05384615,-28.86923077
h4,discovery,200,300,adx25+atr_expand+close_near_high+mtf_macd_bull,178,0.53932584,0.31486239,1.71289385,0.46604268,138.76235955,-98.09662921
h4,validation,200,300,adx25+atr_expand+close_near_high+mtf_macd_bull,8,0.50000000,0.31200000,1.60256410,0.21521606,82.26250000,-73.53750000
h4,oos,200,300,adx25+atr_expand+close_near_high+mtf_macd_bull,8,0.00000000,0.07389163,0.00000000,0.00000000,46.97500000,-46.42500000
h4,discovery,200,300,atr_expand+structure_bull_transition+strong_close_bull+mtf_macd_bull,204,0.53921569,0.31486239,1.71254399,0.47072096,127.59411765,-89.83137255
h4,validation,200,300,atr_expand+structure_bull_transition+strong_close_bull+mtf_macd_bull,14,0.42857143,0.31200000,1.37362637,0.21380799,102.10000000,-121.54285714
h4,oos,200,300,atr_expand+structure_bull_transition+strong_close_bull+mtf_macd_bull,17,0.00000000,0.07389163,0.00000000,0.00000000,61.04117647,-31.82941176
h4,discovery,200,300,sma_stack_bull+atr_expand+strong_close_bull+cross_group_bull,117,0.53846154,0.31486239,1.71014883,0.44834691,148.76410256,-78.00085470
h4,validation,200,300,sma_stack_bull+atr_expand+strong_close_bull+cross_group_bull,20,0.10000000,0.31200000,0.32051282,0.02786648,60.99500000,-81.99000000
h4,oos,200,300,sma_stack_bull+atr_expand+strong_close_bull+cross_group_bull,5,0.00000000,0.07389163,0.00000000,0.00000000,86.18000000,-0.78000000
h4,discovery,200,300,atr_expand+horizontal_break_up+impulse_bull+mtf_volatility,104,0.53846154,0.31486239,1.71014883,0.44299302,120.90384615,-134.99423077
h4,validation,200,300,atr_expand+horizontal_break_up+impulse_bull+mtf_volatility,30,0.66666667,0.31200000,2.13675214,0.48780052,129.30000000,-16.00666667
h4,oos,200,300,atr_expand+horizontal_break_up+impulse_bull+mtf_volatility,37,0.00000000,0.07389163,0.00000000,-0.00000000,26.54054054,-106.41081081
h4,discovery,200,300,atr_expand+close_near_high+mtf_volatility+cross_group_bull,93,0.53763441,0.31486239,1.70752187,0.43682930,127.06559140,-88.00215054
h4,validation,200,300,atr_expand+close_near_high+mtf_volatility+cross_group_bull,20,0.55000000,0.31200000,1.76282051,0.34208534,105.80500000,-18.19500000
h4,oos,200,300,atr_expand+close_near_high+mtf_volatility+cross_group_bull,13,0.00000000,0.07389163,0.00000000,0.00000000,77.70000000,-86.63076923
h4,discovery,200,300,sma_stack_bull+atr_expand+close_near_high+cross_group_return_up,166,0.53614458,0.31486239,1.70279018,0.46032308,135.91686747,-84.76506024
h4,validation,200,300,sma_stack_bull+atr_expand+close_near_high+cross_group_return_up,29,0.10344828,0.31200000,0.33156499,0.03581489,65.58965517,-88.27586207
h4,oos,200,300,sma_stack_bull+atr_expand+close_near_high+cross_group_return_up,13,0.00000000,0.07389163,0.00000000,0.00000000,62.05384615,-28.86923077
h4,discovery,200,300,di_strong_bull+atr_expand+strong_close_bull+mtf_macd_bull,232,0.53448276,0.31486239,1.69751226,0.47025772,127.60172414,-87.74525862
h4,validation,200,300,di_strong_bull+atr_expand+strong_close_bull+mtf_macd_bull,26,0.50000000,0.31200000,1.60256410,0.32060594,111.05384615,-56.81538462
h4,oos,200,300,di_strong_bull+atr_expand+strong_close_bull+mtf_macd_bull,17,0.00000000,0.07389163,0.00000000,0.00000000,61.04117647,-31.82941176
h4,discovery,200,300,trend_bull+volatility+strong_close_bull+mtf_macd_bull,223,0.53363229,0.31486239,1.69481117,0.46814119,128.69730942,-92.01748879
h4,validation,200,300,trend_bull+volatility+strong_close_bull+mtf_macd_bull,28,0.21428571,0.31200000,0.68681319,0.10212460,70.71785714,-74.62500000
h4,oos,200,300,trend_bull+volatility+strong_close_bull+mtf_macd_bull,17,0.11764706,0.07389163,1.59215686,0.03287977,66.37647059,-33.69411765
h4,discovery,200,300,atr_expand+horizontal_break_up+mtf_volatility+cross_group_return_up,107,0.53271028,0.31486239,1.69188288,0.43868684,118.96448598,-148.70280374
h4,validation,200,300,atr_expand+horizontal_break_up+mtf_volatility+cross_group_return_up,29,0.68965517,0.31200000,2.21043324,0.50769866,132.87241379,-15.03448276
h4,oos,200,300,atr_expand+horizontal_break_up+mtf_volatility+cross_group_return_up,43,0.00000000,0.07389163,0.00000000,0.00000000,23.14418605,-105.48837209
h4,discovery,200,300,atr_expand+impulse_bull+mtf_volatility,199,0.53266332,0.31486239,1.69173373,0.46338080,118.63718593,-123.12914573
h4,validation,200,300,atr_expand+impulse_bull+mtf_volatility,77,0.49350649,0.31200000,1.58175158,0.38483020,108.45064935,-94.20649351
h4,oos,200,300,atr_expand+impulse_bull+mtf_volatility,39,0.00000000,0.07389163,0.00000000,-0.00000000,24.06923077,-109.41282051
h4,discovery,200,300,adx25+atr_expand+strong_close_bull+mtf_macd_bull,154,0.53246753,0.31486239,1.69111192,0.45383564,139.34025974,-102.85779221
h4,validation,200,300,adx25+atr_expand+strong_close_bull+mtf_macd_bull,6,0.66666667,0.31200000,2.13675214,0.29999332,105.30000000,-71.96666667
h4,oos,200,300,adx25+atr_expand+strong_close_bull+mtf_macd_bull,8,0.00000000,0.07389163,0.00000000,0.00000000,46.97500000,-46.42500000
h4,discovery,200,300,atr_expand+strong_close_bull+mtf_macd_bull,233,0.53218884,0.31486239,1.69022680,0.46811873,127.48025751,-87.52660944
h4,validation,200,300,atr_expand+strong_close_bull+mtf_macd_bull,26,0.50000000,0.31200000,1.60256410,0.32060594,111.05384615,-56.81538462
h4,oos,200,300,atr_expand+strong_close_bull+mtf_macd_bull,17,0.00000000,0.07389163,0.00000000,0.00000000,61.04117647,-31.82941176
h4,discovery,200,300,macd_accel_up+atr_expand+strong_close_bull+mtf_macd_bull,233,0.53218884,0.31486239,1.69022680,0.46811873,127.48025751,-87.52660944
h4,validation,200,300,macd_accel_up+atr_expand+strong_close_bull+mtf_macd_bull,26,0.50000000,0.31200000,1.60256410,0.32060594,111.05384615,-56.81538462
h4,oos,200,300,macd_accel_up+atr_expand+strong_close_bull+mtf_macd_bull,17,0.00000000,0.07389163,0.00000000,0.00000000,61.04117647,-31.82941176
h4,discovery,200,300,adx25+atr_expand+structure_bull_transition+mtf_volatility,171,0.53216374,0.31486239,1.69014708,0.45749394,115.96023392,-130.71403509
h4,validation,200,300,adx25+atr_expand+structure_bull_transition+mtf_volatility,55,0.41818182,0.31200000,1.34032634,0.29737766,88.12909091,-143.46545455
h4,oos,200,300,adx25+atr_expand+structure_bull_transition+mtf_volatility,28,0.00000000,0.07389163,0.00000000,0.00000000,1.55000000,-123.90000000
d1,discovery,50,100,sma_stack_bull+atr_expand+breakout20_up+close_near_high,44,0.97727273,0.61101959,1.59941309,0.88192290,251.81363636,-67.32045455
d1,validation,50,100,sma_stack_bull+atr_expand+breakout20_up+close_near_high,14,1.00000000,0.61735986,1.61980082,0.78468920,227.81428571,-11.17857143
d1,oos,50,100,sma_stack_bull+atr_expand+breakout20_up+close_near_high,3,0.66666667,0.61319261,1.08720597,0.20765960,190.73333333,-13.46666667
d1,discovery,50,100,sma_stack_bull+atr_expand+horizontal_break_up+close_near_high,44,0.97727273,0.61101959,1.59941309,0.88192290,251.81363636,-67.32045455
d1,validation,50,100,sma_stack_bull+atr_expand+horizontal_break_up+close_near_high,14,1.00000000,0.61735986,1.61980082,0.78468920,227.81428571,-11.17857143
d1,oos,50,100,sma_stack_bull+atr_expand+horizontal_break_up+close_near_high,3,0.66666667,0.61319261,1.08720597,0.20765960,190.73333333,-13.46666667
d1,discovery,50,100,sma_stack_bull+atr_expand+breakout20_up+strong_close_bull,33,0.96969697,0.61101959,1.58701454,0.84681275,286.31212121,-48.02424242
d1,validation,50,100,sma_stack_bull+atr_expand+breakout20_up+strong_close_bull,14,1.00000000,0.61735986,1.61980082,0.78468920,227.81428571,-11.17857143
d1,oos,50,100,sma_stack_bull+atr_expand+breakout20_up+strong_close_bull,3,0.66666667,0.61319261,1.08720597,0.20765960,190.73333333,-13.46666667
d1,discovery,50,100,sma_stack_bull+atr_expand+horizontal_break_up+strong_close_bull,33,0.96969697,0.61101959,1.58701454,0.84681275,286.31212121,-48.02424242
d1,validation,50,100,sma_stack_bull+atr_expand+horizontal_break_up+strong_close_bull,14,1.00000000,0.61735986,1.61980082,0.78468920,227.81428571,-11.17857143
d1,oos,50,100,sma_stack_bull+atr_expand+horizontal_break_up+strong_close_bull,3,0.66666667,0.61319261,1.08720597,0.20765960,190.73333333,-13.46666667
d1,discovery,50,100,sma_stack_bull+atr_expand+close_near_high+cross_target_relative_up,32,0.96875000,0.61101959,1.58546472,0.84255736,274.03125000,-35.66875000
d1,validation,50,100,sma_stack_bull+atr_expand+close_near_high+cross_target_relative_up,7,1.00000000,0.61735986,1.61980082,0.64566956,221.21428571,-80.81428571
d1,oos,50,100,sma_stack_bull+atr_expand+close_near_high+cross_target_relative_up,1,1.00000000,0.61319261,1.63080895,0.20654931,204.80000000,12.00000000
d1,discovery,50,100,sma_stack_bull+atr_expand+breakout20_up,54,0.96296296,0.61101959,1.57599361,0.87464823,226.34814815,-83.83703704
d1,validation,50,100,sma_stack_bull+atr_expand+breakout20_up,27,0.77777778,0.61735986,1.25984508,0.59243071,154.00370370,-32.74444444
d1,oos,50,100,sma_stack_bull+atr_expand+breakout20_up,5,0.80000000,0.61319261,1.30464716,0.37553463,165.72000000,-31.20000000
d1,discovery,50,100,sma_stack_bull+atr_expand+horizontal_break_up,54,0.96296296,0.61101959,1.57599361,0.87464823,226.34814815,-83.83703704
d1,validation,50,100,sma_stack_bull+atr_expand+horizontal_break_up,27,0.77777778,0.61735986,1.25984508,0.59243071,154.00370370,-32.74444444
d1,oos,50,100,sma_stack_bull+atr_expand+horizontal_break_up,5,0.80000000,0.61319261,1.30464716,0.37553463,165.72000000,-31.20000000
d1,discovery,50,100,sma_stack_bull+macd_accel_up+atr_expand+breakout20_up,54,0.96296296,0.61101959,1.57599361,0.87464823,226.34814815,-83.83703704
d1,validation,50,100,sma_stack_bull+macd_accel_up+atr_expand+breakout20_up,27,0.77777778,0.61735986,1.25984508,0.59243071,154.00370370,-32.74444444
d1,oos,50,100,sma_stack_bull+macd_accel_up+atr_expand+breakout20_up,5,0.80000000,0.61319261,1.30464716,0.37553463,165.72000000,-31.20000000
d1,discovery,50,100,sma_stack_bull+macd_accel_up+atr_expand+horizontal_break_up,54,0.96296296,0.61101959,1.57599361,0.87464823,226.34814815,-83.83703704
d1,validation,50,100,sma_stack_bull+macd_accel_up+atr_expand+horizontal_break_up,27,0.77777778,0.61735986,1.25984508,0.59243071,154.00370370,-32.74444444
d1,oos,50,100,sma_stack_bull+macd_accel_up+atr_expand+horizontal_break_up,5,0.80000000,0.61319261,1.30464716,0.37553463,165.72000000,-31.20000000
d1,discovery,50,100,sma_stack_bull+atr_expand+breakout20_up+mtf_di_strong_bull,54,0.96296296,0.61101959,1.57599361,0.87464823,226.34814815,-83.83703704
d1,validation,50,100,sma_stack_bull+atr_expand+breakout20_up+mtf_di_strong_bull,27,0.77777778,0.61735986,1.25984508,0.59243071,154.00370370,-32.74444444
d1,oos,50,100,sma_stack_bull+atr_expand+breakout20_up+mtf_di_strong_bull,5,0.80000000,0.61319261,1.30464716,0.37553463,165.72000000,-31.20000000
d1,discovery,50,100,sma_stack_bull+atr_expand+horizontal_break_up+mtf_di_strong_bull,54,0.96296296,0.61101959,1.57599361,0.87464823,226.34814815,-83.83703704
d1,validation,50,100,sma_stack_bull+atr_expand+horizontal_break_up+mtf_di_strong_bull,27,0.77777778,0.61735986,1.25984508,0.59243071,154.00370370,-32.74444444
d1,oos,50,100,sma_stack_bull+atr_expand+horizontal_break_up+mtf_di_strong_bull,5,0.80000000,0.61319261,1.30464716,0.37553463,165.72000000,-31.20000000
d1,discovery,50,100,sma_stack_bull+atr_expand+retest_up,52,0.96153846,0.61101959,1.57366226,0.87018811,223.29615385,-78.53076923
d1,validation,50,100,sma_stack_bull+atr_expand+retest_up,26,0.76923077,0.61735986,1.24600063,0.57948446,151.58461538,-22.21923077
d1,oos,50,100,sma_stack_bull+atr_expand+retest_up,5,0.80000000,0.61319261,1.30464716,0.37553463,165.72000000,-31.20000000
d1,discovery,50,100,sma_stack_bull+macd_accel_up+atr_expand+retest_up,52,0.96153846,0.61101959,1.57366226,0.87018811,223.29615385,-78.53076923
d1,validation,50,100,sma_stack_bull+macd_accel_up+atr_expand+retest_up,26,0.76923077,0.61735986,1.24600063,0.57948446,151.58461538,-22.21923077
d1,oos,50,100,sma_stack_bull+macd_accel_up+atr_expand+retest_up,5,0.80000000,0.61319261,1.30464716,0.37553463,165.72000000,-31.20000000
d1,discovery,50,100,sma_stack_bull+atr_expand+breakout20_up+retest_up,52,0.96153846,0.61101959,1.57366226,0.87018811,223.29615385,-78.53076923
d1,validation,50,100,sma_stack_bull+atr_expand+breakout20_up+retest_up,26,0.76923077,0.61735986,1.24600063,0.57948446,151.58461538,-22.21923077
d1,oos,50,100,sma_stack_bull+atr_expand+breakout20_up+retest_up,5,0.80000000,0.61319261,1.30464716,0.37553463,165.72000000,-31.20000000
d1,discovery,50,100,sma_stack_bull+atr_expand+horizontal_break_up+retest_up,52,0.96153846,0.61101959,1.57366226,0.87018811,223.29615385,-78.53076923
d1,validation,50,100,sma_stack_bull+atr_expand+horizontal_break_up+retest_up,26,0.76923077,0.61735986,1.24600063,0.57948446,151.58461538,-22.21923077
d1,oos,50,100,sma_stack_bull+atr_expand+horizontal_break_up+retest_up,5,0.80000000,0.61319261,1.30464716,0.37553463,165.72000000,-31.20000000
d1,discovery,50,100,sma_stack_bull+atr_expand+breakout20_up+mtf_adx25,52,0.96153846,0.61101959,1.57366226,0.87018811,217.73846154,-87.94615385
d1,validation,50,100,sma_stack_bull+atr_expand+breakout20_up+mtf_adx25,23,0.73913043,0.61735986,1.19724408,0.53529995,149.63043478,-24.40869565
d1,oos,50,100,sma_stack_bull+atr_expand+breakout20_up+mtf_adx25,4,0.75000000,0.61319261,1.22310671,0.30064184,127.20000000,-60.40000000
d1,discovery,50,100,sma_stack_bull+atr_expand+horizontal_break_up+mtf_adx25,52,0.96153846,0.61101959,1.57366226,0.87018811,217.73846154,-87.94615385
d1,validation,50,100,sma_stack_bull+atr_expand+horizontal_break_up+mtf_adx25,23,0.73913043,0.61735986,1.19724408,0.53529995,149.63043478,-24.40869565
d1,oos,50,100,sma_stack_bull+atr_expand+horizontal_break_up+mtf_adx25,4,0.75000000,0.61319261,1.22310671,0.30064184,127.20000000,-60.40000000
d1,discovery,50,100,sma_stack_bull+atr_expand+retest_up+mtf_di_strong_bull,52,0.96153846,0.61101959,1.57366226,0.87018811,223.29615385,-78.53076923
d1,validation,50,100,sma_stack_bull+atr_expand+retest_up+mtf_di_strong_bull,26,0.76923077,0.61735986,1.24600063,0.57948446,151.58461538,-22.21923077
d1,oos,50,100,sma_stack_bull+atr_expand+retest_up+mtf_di_strong_bull,5,0.80000000,0.61319261,1.30464716,0.37553463,165.72000000,-31.20000000
d1,discovery,50,100,sma_stack_bull+dmi_adx_strong_bull+atr_expand+breakout20_up,50,0.96000000,0.61101959,1.57114440,0.86539909,234.49600000,-82.40800000
d1,validation,50,100,sma_stack_bull+dmi_adx_strong_bull+atr_expand+breakout20_up,27,0.77777778,0.61735986,1.25984508,0.59243071,154.00370370,-32.74444444
d1,oos,50,100,sma_stack_bull+dmi_adx_strong_bull+atr_expand+breakout20_up,5,0.80000000,0.61319261,1.30464716,0.37553463,165.72000000,-31.20000000
d1,discovery,50,100,sma_stack_bull+dmi_adx_strong_bull+atr_expand+horizontal_break_up,50,0.96000000,0.61101959,1.57114440,0.86539909,234.49600000,-82.40800000
d1,validation,50,100,sma_stack_bull+dmi_adx_strong_bull+atr_expand+horizontal_break_up,27,0.77777778,0.61735986,1.25984508,0.59243071,154.00370370,-32.74444444
d1,oos,50,100,sma_stack_bull+dmi_adx_strong_bull+atr_expand+horizontal_break_up,5,0.80000000,0.61319261,1.30464716,0.37553463,165.72000000,-31.20000000
d1,discovery,50,100,sma_stack_bull+atr_expand+retest_up+mtf_adx25,50,0.96000000,0.61101959,1.57114440,0.86539909,214.22000000,-82.59200000
d1,validation,50,100,sma_stack_bull+atr_expand+retest_up+mtf_adx25,23,0.73913043,0.61735986,1.19724408,0.53529995,149.63043478,-24.40869565
d1,oos,50,100,sma_stack_bull+atr_expand+retest_up+mtf_adx25,4,0.75000000,0.61319261,1.22310671,0.30064184,127.20000000,-60.40000000
d1,discovery,50,100,sma_stack_bull+atr_expand+structure_bull_transition+retest_up,49,0.95918367,0.61101959,1.56980839,0.86286968,215.67142857,-71.71428571
d1,validation,50,100,sma_stack_bull+atr_expand+structure_bull_transition+retest_up,25,0.76000000,0.61735986,1.23104862,0.56570317,151.65200000,-20.55600000
d1,oos,50,100,sma_stack_bull+atr_expand+structure_bull_transition+retest_up,5,0.80000000,0.61319261,1.30464716,0.37553463,165.72000000,-31.20000000
d1,discovery,50,100,sma_stack_bull+atr_expand+breakout20_up+mtf_adx_rising,49,0.95918367,0.61101959,1.56980839,0.86286968,242.15714286,-80.27142857
d1,validation,50,100,sma_stack_bull+atr_expand+breakout20_up+mtf_adx_rising,22,0.72727273,0.61735986,1.17803696,0.51848266,162.40000000,-35.80454545
d1,oos,50,100,sma_stack_bull+atr_expand+breakout20_up+mtf_adx_rising,5,0.80000000,0.61319261,1.30464716,0.37553463,165.72000000,-31.20000000
d1,discovery,50,100,sma_stack_bull+atr_expand+horizontal_break_up+mtf_adx_rising,49,0.95918367,0.61101959,1.56980839,0.86286968,242.15714286,-80.27142857
d1,validation,50,100,sma_stack_bull+atr_expand+horizontal_break_up+mtf_adx_rising,22,0.72727273,0.61735986,1.17803696,0.51848266,162.40000000,-35.80454545
d1,oos,50,100,sma_stack_bull+atr_expand+horizontal_break_up+mtf_adx_rising,5,0.80000000,0.61319261,1.30464716,0.37553463,165.72000000,-31.20000000
d1,discovery,50,100,sma_stack_bull+dmi_adx_strong_bull+atr_expand+retest_up,48,0.95833333,0.61101959,1.56841672,0.86024344,231.52916667,-76.60000000
d1,validation,50,100,sma_stack_bull+dmi_adx_strong_bull+atr_expand+retest_up,26,0.76923077,0.61735986,1.24600063,0.57948446,151.58461538,-22.21923077
d1,oos,50,100,sma_stack_bull+dmi_adx_strong_bull+atr_expand+retest_up,5,0.80000000,0.61319261,1.30464716,0.37553463,165.72000000,-31.20000000
d1,discovery,50,100,sma_stack_bull+atr_expand+close_near_high+mtf_adx_rising,48,0.95833333,0.61101959,1.56841672,0.86024344,245.46875000,-66.64583333
d1,validation,50,100,sma_stack_bull+atr_expand+close_near_high+mtf_adx_rising,13,1.00000000,0.61735986,1.61980082,0.77190463,233.80769231,-7.13076923
d1,oos,50,100,sma_stack_bull+atr_expand+close_near_high+mtf_adx_rising,3,0.66666667,0.61319261,1.08720597,0.20765960,190.73333333,-13.46666667
d1,discovery,50,100,sma_stack_bull+atr_expand+retest_up+mtf_adx_rising,47,0.95744681,0.61101959,1.56696582,0.85751472,239.45319149,-74.24893617
d1,validation,50,100,sma_stack_bull+atr_expand+retest_up+mtf_adx_rising,21,0.71428571,0.61735986,1.15700059,0.50043619,159.80476190,-22.91904762
d1,oos,50,100,sma_stack_bull+atr_expand+retest_up+mtf_adx_rising,5,0.80000000,0.61319261,1.30464716,0.37553463,165.72000000,-31.20000000
d1,discovery,50,100,sma_stack_bull+dmi_adx_strong_bull+atr_expand+close_near_high,45,0.95555556,0.61101959,1.56387058,0.85172489,241.59777778,-65.99555556
d1,validation,50,100,sma_stack_bull+dmi_adx_strong_bull+atr_expand+close_near_high,15,1.00000000,0.61735986,1.61980082,0.79611670,229.30666667,-28.64000000
d1,oos,50,100,sma_stack_bull+dmi_adx_strong_bull+atr_expand+close_near_high,3,0.66666667,0.61319261,1.08720597,0.20765960,190.73333333,-13.46666667
d1,discovery,50,100,sma_stack_bull+macd_accel_up+atr_expand+close_near_high,67,0.95522388,0.61101959,1.56332776,0.87642167,232.30298507,-75.09253731
d1,validation,50,100,sma_stack_bull+macd_accel_up+atr_expand+close_near_high,18,0.94444444,0.61735986,1.52981189,0.74242699,217.95000000,-21.83333333
d1,oos,50,100,sma_stack_bull+macd_accel_up+atr_expand+close_near_high,4,0.50000000,0.61319261,0.81540448,0.15003899,149.70000000,-32.45000000
d1,discovery,50,100,sma_stack_bull+atr_expand+strong_close_bull+mtf_adx25,39,0.94871795,0.61101959,1.55268009,0.83114360,267.64102564,-68.30000000
d1,validation,50,100,sma_stack_bull+atr_expand+strong_close_bull+mtf_adx25,14,1.00000000,0.61735986,1.61980082,0.78468920,235.90000000,-3.07857143
d1,oos,50,100,sma_stack_bull+atr_expand+strong_close_bull+mtf_adx25,3,0.33333333,0.61319261,0.54360298,0.06149194,93.00000000,-71.80000000
d1,discovery,50,100,atr_expand+structure_bull_transition+retest_up+cross_group_bull,39,0.94871795,0.61101959,1.55268009,0.83114360,175.11282051,-60.33333333
d1,validation,50,100,atr_expand+structure_bull_transition+retest_up+cross_group_bull,22,0.95454545,0.61735986,1.54617351,0.78201954,172.74090909,-28.10454545
d1,oos,50,100,atr_expand+structure_bull_transition+retest_up+cross_group_bull,13,0.84615385,0.61319261,1.37991527,0.57765369,160.40000000,-28.33076923
d1,discovery,50,100,sma_stack_bull+atr_expand+close_near_high+mtf_di_strong_bull,57,0.94736842,0.61101959,1.55047145,0.85630450,219.33684211,-69.87894737
d1,validation,50,100,sma_stack_bull+atr_expand+close_near_high+mtf_di_strong_bull,17,1.00000000,0.61735986,1.61980082,0.81568186,229.06470588,-18.64117647
d1,oos,50,100,sma_stack_bull+atr_expand+close_near_high+mtf_di_strong_bull,3,0.66666667,0.61319261,1.08720597,0.20765960,190.73333333,-13.46666667
d1,discovery,50,100,sma_stack_bull+atr_expand+close_near_high+mtf_adx25,57,0.94736842,0.61101959,1.55047145,0.85630450,230.83333333,-92.59649123
d1,validation,50,100,sma_stack_bull+atr_expand+close_near_high+mtf_adx25,15,0.93333333,0.61735986,1.51181410,0.70183470,221.34000000,-23.29333333
d1,oos,50,100,sma_stack_bull+atr_expand+close_near_high+mtf_adx25,3,0.33333333,0.61319261,0.54360298,0.06149194,93.00000000,-71.80000000
d1,discovery,50,100,sma_stack_bull+dmi_adx_strong_bull+atr_expand+strong_close_bull,38,0.94736842,0.61101959,1.55047145,0.82714538,256.27368421,-52.61315789
d1,validation,50,100,sma_stack_bull+dmi_adx_strong_bull+atr_expand+strong_close_bull,14,1.00000000,0.61735986,1.61980082,0.78468920,227.81428571,-11.17857143
d1,oos,50,100,sma_stack_bull+dmi_adx_strong_bull+atr_expand+strong_close_bull,3,0.66666667,0.61319261,1.08720597,0.20765960,190.73333333,-13.46666667
d1,discovery,50,100,sma_stack_bull+atr_expand+strong_close_bull,53,0.94339623,0.61101959,1.54397052,0.84629792,257.91132075,-55.15283019
d1,validation,50,100,sma_stack_bull+atr_expand+strong_close_bull,18,0.94444444,0.61735986,1.52981189,0.74242699,212.85000000,-7.52777778
d1,oos,50,100,sma_stack_bull+atr_expand+strong_close_bull,5,0.60000000,0.61319261,0.97848537,0.23072428,148.06000000,-34.18000000
d1,discovery,50,100,sma_stack_bull+atr_expand+strong_close_bull+mtf_adx_rising,35,0.94285714,0.61101959,1.54308825,0.81392943,278.48000000,-38.93142857
d1,validation,50,100,sma_stack_bull+atr_expand+strong_close_bull+mtf_adx_rising,13,1.00000000,0.61735986,1.61980082,0.77190463,233.80769231,-7.13076923
d1,oos,50,100,sma_stack_bull+atr_expand+strong_close_bull+mtf_adx_rising,3,0.66666667,0.61319261,1.08720597,0.20765960,190.73333333,-13.46666667
d1,discovery,50,100,sma_stack_bull+macd_accel_up+atr_expand+strong_close_bull,52,0.94230769,0.61101959,1.54218901,0.84357489,258.76730769,-57.01346154
d1,validation,50,100,sma_stack_bull+macd_accel_up+atr_expand+strong_close_bull,17,0.94117647,0.61735986,1.52451842,0.73017969,216.05294118,-7.05294118
d1,oos,50,100,sma_stack_bull+macd_accel_up+atr_expand+strong_close_bull,4,0.50000000,0.61319261,0.81540448,0.15003899,149.70000000,-32.45000000
d1,discovery,50,100,sma_stack_bull+atr_expand+breakout20_up+cross_target_relative_up,31,0.93548387,0.61101959,1.53102109,0.79281363,253.71290323,-76.80967742
d1,validation,50,100,sma_stack_bull+atr_expand+breakout20_up+cross_target_relative_up,18,0.66666667,0.61735986,1.07986721,0.43749467,119.45555556,-54.25000000
d1,oos,50,100,sma_stack_bull+atr_expand+breakout20_up+cross_target_relative_up,1,1.00000000,0.61319261,1.63080895,0.20654931,204.80000000,12.00000000
d1,discovery,50,100,sma_stack_bull+atr_expand+horizontal_break_up+cross_target_relative_up,31,0.93548387,0.61101959,1.53102109,0.79281363,253.71290323,-76.80967742
d1,validation,50,100,sma_stack_bull+atr_expand+horizontal_break_up+cross_target_relative_up,18,0.66666667,0.61735986,1.07986721,0.43749467,119.45555556,-54.25000000
d1,oos,50,100,sma_stack_bull+atr_expand+horizontal_break_up+cross_target_relative_up,1,1.00000000,0.61319261,1.63080895,0.20654931,204.80000000,12.00000000
d1,discovery,50,100,sma_stack_bull+atr_expand+structure_bull_transition+close_near_high,61,0.93442623,0.61101959,1.52929014,0.84317198,209.36065574,-77.65081967
d1,validation,50,100,sma_stack_bull+atr_expand+structure_bull_transition+close_near_high,15,0.86666667,0.61735986,1.40382738,0.62118017,205.73333333,-31.67333333
d1,oos,50,100,sma_stack_bull+atr_expand+structure_bull_transition+close_near_high,5,0.60000000,0.61319261,0.97848537,0.23072428,148.06000000,-34.18000000
d1,discovery,50,100,sma_stack_bull+atr_expand+close_near_high,74,0.93243243,0.61101959,1.52602708,0.85138806,228.87837838,-74.80270270
d1,validation,50,100,sma_stack_bull+atr_expand+close_near_high,20,0.90000000,0.61735986,1.45782074,0.69896635,204.95000000,-35.74500000
d1,oos,50,100,sma_stack_bull+atr_expand+close_near_high,5,0.60000000,0.61319261,0.97848537,0.23072428,148.06000000,-34.18000000
d1,discovery,50,100,sma_stack_bull+atr_expand+strong_close_bull+mtf_di_strong_bull,44,0.93181818,0.61101959,1.52502179,0.81774956,235.41818182,-59.75227273
d1,validation,50,100,sma_stack_bull+atr_expand+strong_close_bull+mtf_di_strong_bull,16,1.00000000,0.61735986,1.61980082,0.80639232,227.74375000,-2.73750000
d1,oos,50,100,sma_stack_bull+atr_expand+strong_close_bull+mtf_di_strong_bull,3,0.66666667,0.61319261,1.08720597,0.20765960,190.73333333,-13.46666667
d1,discovery,50,100,sma_stack_bull+atr_expand+structure_bull_transition+strong_close_bull,42,0.92857143,0.61101959,1.51970812,0.80990573,233.26904762,-65.21666667
d1,validation,50,100,sma_stack_bull+atr_expand+structure_bull_transition+strong_close_bull,14,0.92857143,0.61735986,1.50410076,0.68531296,219.17857143,-12.05714286
d1,oos,50,100,sma_stack_bull+atr_expand+structure_bull_transition+strong_close_bull,5,0.60000000,0.61319261,0.97848537,0.23072428,148.06000000,-34.18000000
d1,discovery,50,100,atr_expand+structure_bull_transition+strong_close_bull+cross_group_bull,42,0.92857143,0.61101959,1.51970812,0.80990573,189.80714286,-60.82857143
d1,validation,50,100,atr_expand+structure_bull_transition+strong_close_bull+cross_group_bull,25,0.88000000,0.61735986,1.42542472,0.70044206,161.77600000,-23.73200000
d1,oos,50,100,atr_expand+structure_bull_transition+strong_close_bull+cross_group_bull,11,0.90909091,0.61319261,1.48255359,0.62264156,206.21818182,17.71818182
d1,discovery,50,100,adx_up3+volatility+horizontal_break_up+cross_group_bull,104,0.92307692,0.61101959,1.51071577,0.85550445,179.27692308,-26.93750000
d1,validation,50,100,adx_up3+volatility+horizontal_break_up+cross_group_bull,19,0.73684211,0.61735986,1.19353745,0.51208449,95.27368421,-44.54736842
d1,oos,50,100,adx_up3+volatility+horizontal_break_up+cross_group_bull,18,0.94444444,0.61319261,1.54020845,0.74242699,117.03333333,-39.64444444
d1,discovery,50,100,price200_bull+adx_up3+atr_expand+close_near_high,49,0.91836735,0.61101959,1.50300803,0.80810872,210.56938776,-57.18775510
d1,validation,50,100,price200_bull+adx_up3+atr_expand+close_near_high,8,1.00000000,0.61735986,1.61980082,0.67559244,213.96250000,-7.60000000
d1,oos,50,100,price200_bull+adx_up3+atr_expand+close_near_high,4,0.75000000,0.61319261,1.22310671,0.30064184,157.40000000,-26.80000000
d1,discovery,50,100,ema200_rising+adx_up3+atr_expand+close_near_high,49,0.91836735,0.61101959,1.50300803,0.80810872,210.56938776,-57.18775510
d1,validation,50,100,ema200_rising+adx_up3+atr_expand+close_near_high,8,1.00000000,0.61735986,1.61980082,0.67559244,213.96250000,-7.60000000
d1,oos,50,100,ema200_rising+adx_up3+atr_expand+close_near_high,4,0.75000000,0.61319261,1.22310671,0.30064184,157.40000000,-26.80000000
d1,discovery,50,100,price200_bull+atr_expand+structure_bull_transition+retest_up,108,0.91666667,0.61101959,1.50022469,0.84917094,174.01018519,-37.92962963
d1,validation,50,100,price200_bull+atr_expand+structure_bull_transition+retest_up,47,0.85106383,0.61735986,1.37855389,0.72314378,135.67659574,-16.80638298
d1,oos,50,100,price200_bull+atr_expand+structure_bull_transition+retest_up,16,0.87500000,0.61319261,1.42695783,0.63977173,148.37500000,-36.39375000
d1,discovery,50,100,ema200_rising+atr_expand+structure_bull_transition+retest_up,108,0.91666667,0.61101959,1.50022469,0.84917094,174.01018519,-37.92962963
d1,validation,50,100,ema200_rising+atr_expand+structure_bull_transition+retest_up,47,0.85106383,0.61735986,1.37855389,0.72314378,135.67659574,-16.80638298
d1,oos,50,100,ema200_rising+atr_expand+structure_bull_transition+retest_up,16,0.87500000,0.61319261,1.42695783,0.63977173,148.37500000,-36.39375000
d1,discovery,50,100,adx_up3+atr_expand+breakout20_up+close_near_high,34,0.91176471,0.61101959,1.49220209,0.77039513,205.91470588,-43.80294118
d1,validation,50,100,adx_up3+atr_expand+breakout20_up+close_near_high,6,1.00000000,0.61735986,1.61980082,0.60966571,227.61666667,-1.50000000
d1,oos,50,100,adx_up3+atr_expand+breakout20_up+close_near_high,4,0.75000000,0.61319261,1.22310671,0.30064184,157.40000000,-26.80000000
d1,discovery,50,100,adx_up3+atr_expand+strong_close_bull+mtf_adx25,45,0.91111111,0.61101959,1.49113241,0.79266425,229.66444444,-66.18888889
d1,validation,50,100,adx_up3+atr_expand+strong_close_bull+mtf_adx25,4,1.00000000,0.61735986,1.61980082,0.51010916,248.22500000,14.15000000
d1,oos,50,100,adx_up3+atr_expand+strong_close_bull+mtf_adx25,6,0.83333333,0.61319261,1.35900746,0.43649718,154.71666667,-6.48333333
d1,discovery,50,100,price200_bull+adx_up3+atr_expand+strong_close_bull,32,0.90625000,0.61101959,1.48317668,0.75781845,239.37187500,-61.74062500
d1,validation,50,100,price200_bull+adx_up3+atr_expand+strong_close_bull,4,1.00000000,0.61735986,1.61980082,0.51010916,248.22500000,14.15000000
d1,oos,50,100,price200_bull+adx_up3+atr_expand+strong_close_bull,4,0.75000000,0.61319261,1.22310671,0.30064184,157.40000000,-26.80000000
d1,discovery,50,100,ema200_rising+adx_up3+atr_expand+strong_close_bull,32,0.90625000,0.61101959,1.48317668,0.75781845,239.37187500,-61.74062500
d1,validation,50,100,ema200_rising+adx_up3+atr_expand+strong_close_bull,4,1.00000000,0.61735986,1.61980082,0.51010916,248.22500000,14.15000000
d1,oos,50,100,ema200_rising+adx_up3+atr_expand+strong_close_bull,4,0.75000000,0.61319261,1.22310671,0.30064184,157.40000000,-26.80000000
d1,discovery,50,100,adx_up3+volatility+horizontal_break_up+cross_group_return_up,116,0.90517241,0.61101959,1.48141309,0.83814699,172.69137931,-30.52758621
d1,validation,50,100,adx_up3+volatility+horizontal_break_up+cross_group_return_up,21,0.71428571,0.61735986,1.15700059,0.50043619,107.74285714,-37.64285714
d1,oos,50,100,adx_up3+volatility+horizontal_break_up+cross_group_return_up,24,0.79166667,0.61319261,1.29105709,0.59529547,108.40000000,-46.18333333
d1,discovery,50,100,price200_bull+adx_up3+atr_expand+breakout20_up,41,0.90243902,0.61101959,1.47693960,0.77452319,193.08536585,-52.63658537
d1,validation,50,100,price200_bull+adx_up3+atr_expand+breakout20_up,14,0.57142857,0.61735986,0.92560047,0.32590645,120.15000000,-28.40000000
d1,oos,50,100,price200_bull+adx_up3+atr_expand+breakout20_up,9,0.77777778,0.61319261,1.26840696,0.45258897,122.72222222,-66.28888889
d1,discovery,50,100,ema200_rising+adx_up3+atr_expand+breakout20_up,41,0.90243902,0.61101959,1.47693960,0.77452319,193.08536585,-52.63658537
d1,validation,50,100,ema200_rising+adx_up3+atr_expand+breakout20_up,14,0.57142857,0.61735986,0.92560047,0.32590645,120.15000000,-28.40000000
d1,oos,50,100,ema200_rising+adx_up3+atr_expand+breakout20_up,9,0.77777778,0.61319261,1.26840696,0.45258897,122.72222222,-66.28888889
d1,discovery,50,100,adx_up3+atr_expand+strong_close_bull,49,0.89795918,0.61101959,1.46960786,0.78243638,219.74081633,-66.03265306
d1,validation,50,100,adx_up3+atr_expand+strong_close_bull,5,0.80000000,0.61735986,1.29584066,0.37553463,206.98000000,-38.30000000
d1,oos,50,100,adx_up3+atr_expand+strong_close_bull,6,0.83333333,0.61319261,1.35900746,0.43649718,154.71666667,-6.48333333
d1,discovery,50,100,price200_bull+adx_up3+atr_expand+retest_up,39,0.89743590,0.61101959,1.46875144,0.76421146,187.31025641,-43.96153846
d1,validation,50,100,price200_bull+adx_up3+atr_expand+retest_up,14,0.57142857,0.61735986,0.92560047,0.32590645,120.15000000,-28.40000000
d1,oos,50,100,price200_bull+adx_up3+atr_expand+retest_up,9,0.77777778,0.61319261,1.26840696,0.45258897,122.72222222,-66.28888889
d1,discovery,50,100,ema200_rising+adx_up3+atr_expand+retest_up,39,0.89743590,0.61101959,1.46875144,0.76421146,187.31025641,-43.96153846
d1,validation,50,100,ema200_rising+adx_up3+atr_expand+retest_up,14,0.57142857,0.61735986,0.92560047,0.32590645,120.15000000,-28.40000000
d1,oos,50,100,ema200_rising+adx_up3+atr_expand+retest_up,9,0.77777778,0.61319261,1.26840696,0.45258897,122.72222222,-66.28888889
d1,discovery,50,100,price200_bull+atr_expand+breakout20_up+close_near_high,103,0.89320388,0.61101959,1.46182529,0.81882000,184.08155340,-38.62912621
d1,validation,50,100,price200_bull+atr_expand+breakout20_up+close_near_high,23,1.00000000,0.61735986,1.61980082,0.85688338,195.98695652,0.18260870
d1,oos,50,100,price200_bull+atr_expand+breakout20_up+close_near_high,11,0.90909091,0.61319261,1.48255359,0.62264156,172.64545455,-8.44545455
d1,discovery,50,100,ema200_rising+atr_expand+breakout20_up+close_near_high,103,0.89320388,0.61101959,1.46182529,0.81882000,184.08155340,-38.62912621
d1,validation,50,100,ema200_rising+atr_expand+breakout20_up+close_near_high,23,1.00000000,0.61735986,1.61980082,0.85688338,195.98695652,0.18260870
d1,oos,50,100,ema200_rising+atr_expand+breakout20_up+close_near_high,11,0.90909091,0.61319261,1.48255359,0.62264156,172.64545455,-8.44545455
d1,discovery,50,100,price200_bull+atr_expand+structure_bull_transition+close_near_high,149,0.89261745,0.61101959,1.46086553,0.83268488,168.72281879,-47.86107383
d1,validation,50,100,price200_bull+atr_expand+structure_bull_transition+close_near_high,36,0.94444444,0.61735986,1.52981189,0.81855343,198.90833333,-8.04722222
d1,oos,50,100,price200_bull+atr_expand+structure_bull_transition+close_near_high,18,0.66666667,0.61319261,1.08720597,0.43749467,139.86111111,-26.43333333
d1,discovery,50,100,ema200_rising+atr_expand+structure_bull_transition+close_near_high,149,0.89261745,0.61101959,1.46086553,0.83268488,168.72281879,-47.86107383
d1,validation,50,100,ema200_rising+atr_expand+structure_bull_transition+close_near_high,36,0.94444444,0.61735986,1.52981189,0.81855343,198.90833333,-8.04722222
d1,oos,50,100,ema200_rising+atr_expand+structure_bull_transition+close_near_high,18,0.66666667,0.61319261,1.08720597,0.43749467,139.86111111,-26.43333333
d1,discovery,50,100,atr_expand+structure_bull_transition+retest_up,121,0.89256198,0.61101959,1.46077475,0.82483484,164.84545455,-39.05041322
d1,validation,50,100,atr_expand+structure_bull_transition+retest_up,49,0.85714286,0.61735986,1.38840070,0.73332294,133.30612245,-18.89183673
d1,oos,50,100,atr_expand+structure_bull_transition+retest_up,19,0.84210526,0.61319261,1.37331280,0.62434525,136.61052632,-33.62105263
d1,discovery,50,100,macd_accel_up+atr_expand+structure_bull_transition+retest_up,121,0.89256198,0.61101959,1.46077475,0.82483484,164.84545455,-39.05041322
d1,validation,50,100,macd_accel_up+atr_expand+structure_bull_transition+retest_up,49,0.85714286,0.61735986,1.38840070,0.73332294,133.30612245,-18.89183673
d1,oos,50,100,macd_accel_up+atr_expand+structure_bull_transition+retest_up,19,0.84210526,0.61319261,1.37331280,0.62434525,136.61052632,-33.62105263
d1,discovery,50,100,atr_expand+structure_bull_transition+retest_up+mtf_di_strong_bull,121,0.89256198,0.61101959,1.46077475,0.82483484,164.84545455,-39.05041322
d1,validation,50,100,atr_expand+structure_bull_transition+retest_up+mtf_di_strong_bull,49,0.85714286,0.61735986,1.38840070,0.73332294,133.30612245,-18.89183673
d1,oos,50,100,atr_expand+structure_bull_transition+retest_up+mtf_di_strong_bull,19,0.84210526,0.61319261,1.37331280,0.62434525,136.61052632,-33.62105263
d1,discovery,50,100,price200_bull+atr_expand+strong_close_bull+cross_target_relative_up,65,0.89230769,0.61101959,1.46035857,0.79398686,220.39230769,-25.45384615
d1,validation,50,100,price200_bull+atr_expand+strong_close_bull+cross_target_relative_up,16,1.00000000,0.61735986,1.61980082,0.80639232,240.26875000,0.78750000
d1,oos,50,100,price200_bull+atr_expand+strong_close_bull+cross_target_relative_up,3,1.00000000,0.61319261,1.63080895,0.43850297,194.00000000,10.26666667
d1,discovery,50,100,ema200_rising+atr_expand+strong_close_bull+cross_target_relative_up,65,0.89230769,0.61101959,1.46035857,0.79398686,220.39230769,-25.45384615
d1,validation,50,100,ema200_rising+atr_expand+strong_close_bull+cross_target_relative_up,16,1.00000000,0.61735986,1.61980082,0.80639232,240.26875000,0.78750000
d1,oos,50,100,ema200_rising+atr_expand+strong_close_bull+cross_target_relative_up,3,1.00000000,0.61319261,1.63080895,0.43850297,194.00000000,10.26666667
d1,discovery,50,100,atr_expand+structure_bull_transition+retest_up+mtf_adx25,119,0.89075630,0.61101959,1.45781956,0.82203581,160.04957983,-40.09327731
d1,validation,50,100,atr_expand+structure_bull_transition+retest_up+mtf_adx25,46,0.84782609,0.61735986,1.37330939,0.71775860,131.13695652,-19.76956522
d1,oos,50,100,atr_expand+structure_bull_transition+retest_up+mtf_adx25,18,0.83333333,0.61319261,1.35900746,0.60777962,126.43333333,-40.24444444
d1,discovery,50,100,volatility+strong_close_bull+mtf_di_strong_bull+cross_group_bull,472,0.88983051,0.61101959,1.45630439,0.85837589,161.45317797,-47.11334746
d1,validation,50,100,volatility+strong_close_bull+mtf_di_strong_bull+cross_group_bull,79,0.82278481,0.61735986,1.33274751,0.72423804,117.97088608,-72.59240506
d1,oos,50,100,volatility+strong_close_bull+mtf_di_strong_bull+cross_group_bull,53,0.81132075,0.61319261,1.32310915,0.68641541,133.29056604,-21.91509434
d1,discovery,50,100,volatility+strong_close_bull+mtf_adx_rising+cross_group_bull,425,0.88941176,0.61101959,1.45561907,0.85603639,159.89623529,-49.32400000
d1,validation,50,100,volatility+strong_close_bull+mtf_adx_rising+cross_group_bull,68,0.82352941,0.61735986,1.33395362,0.71639560,118.13970588,-77.76470588
d1,oos,50,100,volatility+strong_close_bull+mtf_adx_rising+cross_group_bull,47,0.80851064,0.61319261,1.31852639,0.67455995,131.46808511,-2.74042553
d1,discovery,50,100,adx_up3+atr_expand+horizontal_break_up,36,0.88888889,0.61101959,1.45476333,0.74685191,191.72777778,-60.95277778
d1,validation,50,100,adx_up3+atr_expand+horizontal_break_up,14,0.57142857,0.61735986,0.92560047,0.32590645,120.15000000,-28.40000000
d1,oos,50,100,adx_up3+atr_expand+horizontal_break_up,9,0.77777778,0.61319261,1.26840696,0.45258897,122.72222222,-66.28888889
d1,discovery,50,100,price200_bull+adx_up3+atr_expand+horizontal_break_up,36,0.88888889,0.61101959,1.45476333,0.74685191,191.72777778,-60.95277778
d1,validation,50,100,price200_bull+adx_up3+atr_expand+horizontal_break_up,14,0.57142857,0.61735986,0.92560047,0.32590645,120.15000000,-28.40000000
d1,oos,50,100,price200_bull+adx_up3+atr_expand+horizontal_break_up,9,0.77777778,0.61319261,1.26840696,0.45258897,122.72222222,-66.28888889
d1,discovery,50,100,ema200_rising+adx_up3+atr_expand+horizontal_break_up,36,0.88888889,0.61101959,1.45476333,0.74685191,191.72777778,-60.95277778
d1,validation,50,100,ema200_rising+adx_up3+atr_expand+horizontal_break_up,14,0.57142857,0.61735986,0.92560047,0.32590645,120.15000000,-28.40000000
d1,oos,50,100,ema200_rising+adx_up3+atr_expand+horizontal_break_up,9,0.77777778,0.61319261,1.26840696,0.45258897,122.72222222,-66.28888889
d1,discovery,50,100,adx_up3+atr_expand+horizontal_break_up+mtf_di_strong_bull,36,0.88888889,0.61101959,1.45476333,0.74685191,191.72777778,-60.95277778
d1,validation,50,100,adx_up3+atr_expand+horizontal_break_up+mtf_di_strong_bull,14,0.57142857,0.61735986,0.92560047,0.32590645,120.15000000,-28.40000000
d1,oos,50,100,adx_up3+atr_expand+horizontal_break_up+mtf_di_strong_bull,9,0.77777778,0.61319261,1.26840696,0.45258897,122.72222222,-66.28888889
d1,discovery,50,100,adx_up3+atr_expand+horizontal_break_up+mtf_adx_rising,36,0.88888889,0.61101959,1.45476333,0.74685191,191.72777778,-60.95277778
d1,validation,50,100,adx_up3+atr_expand+horizontal_break_up+mtf_adx_rising,13,0.53846154,0.61735986,0.87220044,0.29143796,117.86153846,-25.67692308
d1,oos,50,100,adx_up3+atr_expand+horizontal_break_up+mtf_adx_rising,8,0.87500000,0.61319261,1.42695783,0.52911182,137.92500000,-63.15000000
d1,discovery,50,100,adx_up3+atr_expand+horizontal_break_up+mtf_adx25,36,0.88888889,0.61101959,1.45476333,0.74685191,191.72777778,-60.95277778
d1,validation,50,100,adx_up3+atr_expand+horizontal_break_up+mtf_adx25,14,0.57142857,0.61735986,0.92560047,0.32590645,120.15000000,-28.40000000
d1,oos,50,100,adx_up3+atr_expand+horizontal_break_up+mtf_adx25,9,0.77777778,0.61319261,1.26840696,0.45258897,122.72222222,-66.28888889
d1,discovery,50,100,atr_expand+structure_bull_transition+retest_up+mtf_adx_rising,116,0.88793103,0.61101959,1.45319570,0.81766569,168.87241379,-35.61379310
d1,validation,50,100,atr_expand+structure_bull_transition+retest_up+mtf_adx_rising,35,0.80000000,0.61735986,1.29584066,0.64108387,147.97142857,-26.87714286
d1,oos,50,100,atr_expand+structure_bull_transition+retest_up+mtf_adx_rising,18,0.88888889,0.61319261,1.44960796,0.67200235,144.13888889,-30.41111111
d1,discovery,50,100,price200_bull+adx_up3+volatility+horizontal_break_up,187,0.88770053,0.61101959,1.45281846,0.83442634,156.23475936,-46.27165775
d1,validation,50,100,price200_bull+adx_up3+volatility+horizontal_break_up,37,0.67567568,0.61735986,1.09446001,0.51463667,97.13513514,-39.91891892
d1,oos,50,100,price200_bull+adx_up3+volatility+horizontal_break_up,35,0.80000000,0.61319261,1.30464716,0.64108387,108.95428571,-39.03142857
d1,discovery,50,100,ema200_rising+adx_up3+volatility+horizontal_break_up,187,0.88770053,0.61101959,1.45281846,0.83442634,156.23475936,-46.27165775
d1,validation,50,100,ema200_rising+adx_up3+volatility+horizontal_break_up,37,0.67567568,0.61735986,1.09446001,0.51463667,97.13513514,-39.91891892
d1,oos,50,100,ema200_rising+adx_up3+volatility+horizontal_break_up,35,0.80000000,0.61319261,1.30464716,0.64108387,108.95428571,-39.03142857
d1,discovery,100,150,trend_bull+atr_expand+breakout20_up+strong_close_bull,48,0.97916667,0.65042664,1.50542213,0.89100782,249.63333333,-81.91458333
d1,validation,100,150,trend_bull+atr_expand+breakout20_up+strong_close_bull,28,1.00000000,0.65224535,1.53316541,0.87935670,220.07857143,-15.51071429
d1,oos,100,150,trend_bull+atr_expand+breakout20_up+strong_close_bull,9,1.00000000,0.61234568,1.63306452,0.70085495,308.60000000,76.04444444
d1,discovery,100,150,trend_bull+atr_expand+horizontal_break_up+strong_close_bull,48,0.97916667,0.65042664,1.50542213,0.89100782,249.63333333,-81.91458333
d1,validation,100,150,trend_bull+atr_expand+horizontal_break_up+strong_close_bull,28,1.00000000,0.65224535,1.53316541,0.87935670,220.07857143,-15.51071429
d1,oos,100,150,trend_bull+atr_expand+horizontal_break_up+strong_close_bull,9,1.00000000,0.61234568,1.63306452,0.70085495,308.60000000,76.04444444
d1,discovery,100,150,sma_stack_bull+atr_expand+breakout20_up+strong_close_bull,38,0.97368421,0.65042664,1.49699312,0.86505124,279.30263158,-85.55789474
d1,validation,100,150,sma_stack_bull+atr_expand+breakout20_up+strong_close_bull,28,1.00000000,0.65224535,1.53316541,0.87935670,220.07857143,-15.51071429
d1,oos,100,150,sma_stack_bull+atr_expand+breakout20_up+strong_close_bull,7,1.00000000,0.61234568,1.63306452,0.64566956,316.11428571,87.82857143
d1,discovery,100,150,sma_stack_bull+atr_expand+horizontal_break_up+strong_close_bull,38,0.97368421,0.65042664,1.49699312,0.86505124,279.30263158,-85.55789474
d1,validation,100,150,sma_stack_bull+atr_expand+horizontal_break_up+strong_close_bull,28,1.00000000,0.65224535,1.53316541,0.87935670,220.07857143,-15.51071429
d1,oos,100,150,sma_stack_bull+atr_expand+horizontal_break_up+strong_close_bull,7,1.00000000,0.61234568,1.63306452,0.64566956,316.11428571,87.82857143
d1,discovery,100,150,trend_bull+adx_up3+atr_expand+breakout20_up,30,0.96666667,0.65042664,1.48620398,0.83329609,194.15000000,-100.74666667
d1,validation,100,150,trend_bull+adx_up3+atr_expand+breakout20_up,15,0.33333333,0.65224535,0.51105514,0.15176324,77.30000000,-54.78000000
d1,oos,100,150,trend_bull+adx_up3+atr_expand+breakout20_up,8,1.00000000,0.61234568,1.63306452,0.67559244,104.63750000,-106.17500000
d1,discovery,100,150,sma_stack_bull+atr_expand+strong_close_bull+mtf_adx_rising,40,0.95000000,0.65042664,1.46057977,0.83496123,269.78000000,-84.45250000
d1,validation,100,150,sma_stack_bull+atr_expand+strong_close_bull+mtf_adx_rising,27,1.00000000,0.65224535,1.53316541,0.87544497,224.52962963,-11.87037037
d1,oos,100,150,sma_stack_bull+atr_expand+strong_close_bull+mtf_adx_rising,7,1.00000000,0.61234568,1.63306452,0.64566956,316.11428571,87.82857143
d1,discovery,100,150,sma_stack_bull+atr_expand+strong_close_bull+mtf_macd_bull,52,0.94230769,0.65042664,1.44875321,0.84357489,279.54230769,-95.67500000
d1,validation,100,150,sma_stack_bull+atr_expand+strong_close_bull+mtf_macd_bull,30,1.00000000,0.65224535,1.53316541,0.88648661,217.22333333,-14.05333333
d1,oos,100,150,sma_stack_bull+atr_expand+strong_close_bull+mtf_macd_bull,8,1.00000000,0.61234568,1.63306452,0.67559244,288.03750000,65.46250000
d1,discovery,100,150,trend_bull+atr_expand+strong_close_bull+mtf_adx_rising,63,0.93650794,0.65042664,1.43983637,0.84780822,219.01428571,-68.14761905
d1,validation,100,150,trend_bull+atr_expand+strong_close_bull+mtf_adx_rising,27,1.00000000,0.65224535,1.53316541,0.87544497,224.52962963,-11.87037037
d1,oos,100,150,trend_bull+atr_expand+strong_close_bull+mtf_adx_rising,9,1.00000000,0.61234568,1.63306452,0.70085495,308.60000000,76.04444444
d1,discovery,100,150,sma_stack_bull+atr_expand+structure_bull_transition+strong_close_bull,42,0.92857143,0.65042664,1.42763436,0.80990573,230.73095238,-90.87857143
d1,validation,100,150,sma_stack_bull+atr_expand+structure_bull_transition+strong_close_bull,27,1.00000000,0.65224535,1.53316541,0.87544497,224.52962963,-11.87037037
d1,oos,100,150,sma_stack_bull+atr_expand+structure_bull_transition+strong_close_bull,8,1.00000000,0.61234568,1.63306452,0.67559244,288.03750000,65.46250000
d1,discovery,100,150,sma_stack_bull+atr_expand+strong_close_bull,54,0.92592593,0.65042664,1.42356703,0.82445884,272.64444444,-93.64814815
d1,validation,100,150,sma_stack_bull+atr_expand+strong_close_bull,30,1.00000000,0.65224535,1.53316541,0.88648661,217.22333333,-14.05333333
d1,oos,100,150,sma_stack_bull+atr_expand+strong_close_bull,8,1.00000000,0.61234568,1.63306452,0.67559244,288.03750000,65.46250000
d1,discovery,100,150,sma_stack_bull+macd_accel_up+atr_expand+strong_close_bull,53,0.92452830,0.65042664,1.42141825,0.82141523,274.70566038,-95.25660377
d1,validation,100,150,sma_stack_bull+macd_accel_up+atr_expand+strong_close_bull,30,1.00000000,0.65224535,1.53316541,0.88648661,217.22333333,-14.05333333
d1,oos,100,150,sma_stack_bull+macd_accel_up+atr_expand+strong_close_bull,7,1.00000000,0.61234568,1.63306452,0.64566956,316.11428571,87.82857143
d1,discovery,100,150,price200_bull+atr_expand+breakout20_up+strong_close_bull,84,0.91666667,0.65042664,1.40933136,0.83784278,191.83214286,-58.70000000
d1,validation,100,150,price200_bull+atr_expand+breakout20_up+strong_close_bull,36,1.00000000,0.65224535,1.53316541,0.90358137,194.16388889,-11.53888889
d1,oos,100,150,price200_bull+atr_expand+breakout20_up+strong_close_bull,22,0.81818182,0.61234568,1.33614370,0.61483393,180.13636364,-0.35000000
d1,discovery,100,150,trend_bull+atr_expand+breakout20_up+close_near_high,72,0.91666667,0.65042664,1.40933136,0.82987645,195.84305556,-93.81805556
d1,validation,100,150,trend_bull+atr_expand+breakout20_up+close_near_high,28,1.00000000,0.65224535,1.53316541,0.87935670,220.07857143,-15.51071429
d1,oos,100,150,trend_bull+atr_expand+breakout20_up+close_near_high,9,1.00000000,0.61234568,1.63306452,0.70085495,308.60000000,76.04444444
d1,discovery,100,150,trend_bull+adx_up3+atr_expand+impulse_bull,36,0.91666667,0.65042664,1.40933136,0.78173309,175.80555556,-117.99722222
d1,validation,100,150,trend_bull+adx_up3+atr_expand+impulse_bull,13,0.38461538,0.65224535,0.58967900,0.17709708,86.74615385,-39.57692308
d1,oos,100,150,trend_bull+adx_up3+atr_expand+impulse_bull,8,1.00000000,0.61234568,1.63306452,0.67559244,104.63750000,-106.17500000
d1,discovery,100,150,trend_bull+atr_expand+strong_close_bull+cross_target_relative_up,36,0.91666667,0.65042664,1.40933136,0.78173309,250.98888889,-39.78055556
d1,validation,100,150,trend_bull+atr_expand+strong_close_bull+cross_target_relative_up,8,1.00000000,0.65224535,1.53316541,0.67559244,195.83750000,-60.85000000
d1,oos,100,150,trend_bull+atr_expand+strong_close_bull+cross_target_relative_up,1,1.00000000,0.61234568,1.63306452,0.20654931,239.80000000,47.00000000
d1,discovery,100,150,adx_up3+atr_expand+horizontal_break_up+close_near_high,36,0.91666667,0.65042664,1.40933136,0.78173309,167.22777778,-61.39166667
d1,validation,100,150,adx_up3+atr_expand+horizontal_break_up+close_near_high,6,1.00000000,0.65224535,1.53316541,0.60966571,234.53333333,4.11666667
d1,oos,100,150,adx_up3+atr_expand+horizontal_break_up+close_near_high,5,1.00000000,0.61234568,1.63306452,0.56551754,182.96000000,5.56000000
d1,discovery,100,150,atr_expand+horizontal_break_up+strong_close_bull,68,0.91176471,0.65042664,1.40179483,0.82056231,201.26029412,-71.16323529
d1,validation,100,150,atr_expand+horizontal_break_up+strong_close_bull,29,1.00000000,0.65224535,1.53316541,0.88303020,220.21724138,-13.51034483
d1,oos,100,150,atr_expand+horizontal_break_up+strong_close_bull,22,0.81818182,0.61234568,1.33614370,0.61483393,180.13636364,-0.35000000
d1,discovery,100,150,macd_accel_up+atr_expand+horizontal_break_up+strong_close_bull,68,0.91176471,0.65042664,1.40179483,0.82056231,201.26029412,-71.16323529
d1,validation,100,150,macd_accel_up+atr_expand+horizontal_break_up+strong_close_bull,29,1.00000000,0.65224535,1.53316541,0.88303020,220.21724138,-13.51034483
d1,oos,100,150,macd_accel_up+atr_expand+horizontal_break_up+strong_close_bull,22,0.81818182,0.61234568,1.33614370,0.61483393,180.13636364,-0.35000000
d1,discovery,100,150,di_strong_bull+atr_expand+horizontal_break_up+strong_close_bull,68,0.91176471,0.65042664,1.40179483,0.82056231,201.26029412,-71.16323529
d1,validation,100,150,di_strong_bull+atr_expand+horizontal_break_up+strong_close_bull,29,1.00000000,0.65224535,1.53316541,0.88303020,220.21724138,-13.51034483
d1,oos,100,150,di_strong_bull+atr_expand+horizontal_break_up+strong_close_bull,22,0.81818182,0.61234568,1.33614370,0.61483393,180.13636364,-0.35000000
d1,discovery,100,150,atr_expand+horizontal_break_up+strong_close_bull+mtf_macd_bull,68,0.91176471,0.65042664,1.40179483,0.82056231,201.26029412,-71.16323529
d1,validation,100,150,atr_expand+horizontal_break_up+strong_close_bull+mtf_macd_bull,29,1.00000000,0.65224535,1.53316541,0.88303020,220.21724138,-13.51034483
d1,oos,100,150,atr_expand+horizontal_break_up+strong_close_bull+mtf_macd_bull,22,0.81818182,0.61234568,1.33614370,0.61483393,180.13636364,-0.35000000
d1,discovery,100,150,atr_expand+horizontal_break_up+strong_close_bull+mtf_di_strong_bull,68,0.91176471,0.65042664,1.40179483,0.82056231,201.26029412,-71.16323529
d1,validation,100,150,atr_expand+horizontal_break_up+strong_close_bull+mtf_di_strong_bull,29,1.00000000,0.65224535,1.53316541,0.88303020,220.21724138,-13.51034483
d1,oos,100,150,atr_expand+horizontal_break_up+strong_close_bull+mtf_di_strong_bull,22,0.81818182,0.61234568,1.33614370,0.61483393,180.13636364,-0.35000000
d1,discovery,100,150,trend_bull+atr_expand+horizontal_break_up+close_near_high,67,0.91044776,0.65042664,1.39977009,0.81807248,198.87313433,-100.35223881
d1,validation,100,150,trend_bull+atr_expand+horizontal_break_up+close_near_high,28,1.00000000,0.65224535,1.53316541,0.87935670,220.07857143,-15.51071429
d1,oos,100,150,trend_bull+atr_expand+horizontal_break_up+close_near_high,9,1.00000000,0.61234568,1.63306452,0.70085495,308.60000000,76.04444444
d1,discovery,100,150,price200_bull+atr_expand+horizontal_break_up+strong_close_bull,67,0.91044776,0.65042664,1.39977009,0.81807248,202.90000000,-71.58805970
d1,validation,100,150,price200_bull+atr_expand+horizontal_break_up+strong_close_bull,29,1.00000000,0.65224535,1.53316541,0.88303020,220.21724138,-13.51034483
d1,oos,100,150,price200_bull+atr_expand+horizontal_break_up+strong_close_bull,22,0.81818182,0.61234568,1.33614370,0.61483393,180.13636364,-0.35000000
d1,discovery,100,150,atr_expand+horizontal_break_up+strong_close_bull+mtf_adx_rising,67,0.91044776,0.65042664,1.39977009,0.81807248,203.35671642,-70.29402985
d1,validation,100,150,atr_expand+horizontal_break_up+strong_close_bull+mtf_adx_rising,28,1.00000000,0.65224535,1.53316541,0.87935670,224.51428571,-9.92857143
d1,oos,100,150,atr_expand+horizontal_break_up+strong_close_bull+mtf_adx_rising,22,0.81818182,0.61234568,1.33614370,0.61483393,180.13636364,-0.35000000
d1,discovery,100,150,adx_up3+volatility+horizontal_break_up+cross_group_bull,111,0.90990991,0.65042664,1.39894317,0.84206853,187.66666667,-31.74864865
d1,validation,100,150,adx_up3+volatility+horizontal_break_up+cross_group_bull,24,0.70833333,0.65224535,1.08599216,0.50832306,71.53333333,-94.10833333
d1,oos,100,150,adx_up3+volatility+horizontal_break_up+cross_group_bull,20,0.95000000,0.61234568,1.55141129,0.76386881,110.40000000,-63.00000000
d1,discovery,100,150,sma_stack_bull+atr_expand+strong_close_bull+mtf_di_strong_bull,44,0.90909091,0.65042664,1.39768399,0.78840761,249.02045455,-95.92954545
d1,validation,100,150,sma_stack_bull+atr_expand+strong_close_bull+mtf_di_strong_bull,30,1.00000000,0.65224535,1.53316541,0.88648661,217.22333333,-14.05333333
d1,oos,100,150,sma_stack_bull+atr_expand+strong_close_bull+mtf_di_strong_bull,7,1.00000000,0.61234568,1.63306452,0.64566956,316.11428571,87.82857143
d1,discovery,100,150,trend_bull+adx_up3+atr_expand+structure_bull_transition,33,0.90909091,0.65042664,1.39768399,0.76427394,144.77272727,-132.09393939
d1,validation,100,150,trend_bull+adx_up3+atr_expand+structure_bull_transition,14,0.28571429,0.65224535,0.43804726,0.11721379,75.68571429,-50.56428571
d1,oos,100,150,trend_bull+adx_up3+atr_expand+structure_bull_transition,9,1.00000000,0.61234568,1.63306452,0.70085495,121.76666667,-103.41111111
d1,discovery,100,150,atr_expand+horizontal_break_up+strong_close_bull+cross_target_relative_up,33,0.90909091,0.65042664,1.39768399,0.76427394,240.28787879,-38.26060606
d1,validation,100,150,atr_expand+horizontal_break_up+strong_close_bull+cross_target_relative_up,9,1.00000000,0.65224535,1.53316541,0.70085495,198.97777778,-49.36666667
d1,oos,100,150,atr_expand+horizontal_break_up+strong_close_bull+cross_target_relative_up,5,1.00000000,0.61234568,1.63306452,0.56551754,182.96000000,5.56000000
d1,discovery,100,150,trend_bull+atr_expand+strong_close_bull+mtf_macd_bull,76,0.90789474,0.65042664,1.39584493,0.82187292,208.27631579,-81.51842105
d1,validation,100,150,trend_bull+atr_expand+strong_close_bull+mtf_macd_bull,30,1.00000000,0.65224535,1.53316541,0.88648661,217.22333333,-14.05333333
d1,oos,100,150,trend_bull+atr_expand+strong_close_bull+mtf_macd_bull,10,1.00000000,0.61234568,1.63306452,0.72246720,286.89000000,59.33000000
d1,discovery,100,150,sma_stack_bull+di_strong_bull+atr_expand+strong_close_bull,42,0.90476190,0.65042664,1.39102835,0.77934894,256.17619048,-87.63095238
d1,validation,100,150,sma_stack_bull+di_strong_bull+atr_expand+strong_close_bull,28,1.00000000,0.65224535,1.53316541,0.87935670,220.07857143,-15.51071429
d1,oos,100,150,sma_stack_bull+di_strong_bull+atr_expand+strong_close_bull,7,1.00000000,0.61234568,1.63306452,0.64566956,316.11428571,87.82857143
d1,discovery,100,150,atr_expand+horizontal_break_up+close_near_high+cross_group_return_up,52,0.90384615,0.65042664,1.38962043,0.79390370,157.38653846,-88.69230769
d1,validation,100,150,atr_expand+horizontal_break_up+close_near_high+cross_group_return_up,29,1.00000000,0.65224535,1.53316541,0.88303020,220.21724138,-13.51034483
d1,oos,100,150,atr_expand+horizontal_break_up+close_near_high+cross_group_return_up,13,1.00000000,0.61234568,1.63306452,0.77190463,265.56923077,51.16923077
d1,discovery,100,150,trend_bull+atr_expand+breakout20_up+cross_group_return_up,41,0.90243902,0.65042664,1.38745704,0.77452319,184.44390244,-99.94878049
d1,validation,100,150,trend_bull+atr_expand+breakout20_up+cross_group_return_up,34,0.91176471,0.65224535,1.39788611,0.77039513,191.29411765,-42.76764706
d1,oos,100,150,trend_bull+atr_expand+breakout20_up+cross_group_return_up,16,1.00000000,0.61234568,1.63306452,0.80639232,210.91875000,-13.25000000
d1,discovery,100,150,sma_stack_bull+adx_up3+atr_expand+impulse_bull,30,0.90000000,0.65042664,1.38370715,0.74378917,175.35333333,-127.68000000
d1,validation,100,150,sma_stack_bull+adx_up3+atr_expand+impulse_bull,13,0.38461538,0.65224535,0.58967900,0.17709708,86.74615385,-39.57692308
d1,oos,100,150,sma_stack_bull+adx_up3+atr_expand+impulse_bull,5,1.00000000,0.61234568,1.63306452,0.56551754,124.40000000,-62.96000000
d1,discovery,100,150,price200_bull+atr_expand+breakout20_up+close_near_high,117,0.89743590,0.65042664,1.37976497,0.82925304,162.46324786,-65.95470085
d1,validation,100,150,price200_bull+atr_expand+breakout20_up+close_near_high,37,1.00000000,0.65224535,1.53316541,0.90594217,194.32702703,-11.74054054
d1,oos,100,150,price200_bull+atr_expand+breakout20_up+close_near_high,22,0.81818182,0.61234568,1.33614370,0.61483393,180.13636364,-0.35000000
d1,discovery,100,150,trend_bull+atr_expand+strong_close_bull,78,0.89743590,0.65042664,1.37976497,0.81045560,205.32820513,-80.47820513
d1,validation,100,150,trend_bull+atr_expand+strong_close_bull,30,1.00000000,0.65224535,1.53316541,0.88648661,217.22333333,-14.05333333
d1,oos,100,150,trend_bull+atr_expand+strong_close_bull,10,1.00000000,0.61234568,1.63306452,0.72246720,286.89000000,59.33000000
d1,discovery,100,150,trend_bull+atr_expand+structure_bull_transition+strong_close_bull,68,0.89705882,0.65042664,1.37918523,0.80242089,186.68676471,-78.19264706
d1,validation,100,150,trend_bull+atr_expand+structure_bull_transition+strong_close_bull,27,1.00000000,0.65224535,1.53316541,0.87544497,224.52962963,-11.87037037
d1,oos,100,150,trend_bull+atr_expand+structure_bull_transition+strong_close_bull,10,1.00000000,0.61234568,1.63306452,0.72246720,286.89000000,59.33000000
d1,discovery,100,150,trend_bull+macd_accel_up+atr_expand+strong_close_bull,77,0.89610390,0.65042664,1.37771708,0.80815625,205.87272727,-81.41428571
d1,validation,100,150,trend_bull+macd_accel_up+atr_expand+strong_close_bull,30,1.00000000,0.65224535,1.53316541,0.88648661,217.22333333,-14.05333333
d1,oos,100,150,trend_bull+macd_accel_up+atr_expand+strong_close_bull,9,1.00000000,0.61234568,1.63306452,0.70085495,308.60000000,76.04444444
d1,discovery,100,150,sma_stack_bull+atr_expand+breakout20_up+close_near_high,57,0.89473684,0.65042664,1.37561530,0.78877189,209.74736842,-106.01578947
d1,validation,100,150,sma_stack_bull+atr_expand+breakout20_up+close_near_high,28,1.00000000,0.65224535,1.53316541,0.87935670,220.07857143,-15.51071429
d1,oos,100,150,sma_stack_bull+atr_expand+breakout20_up+close_near_high,7,1.00000000,0.61234568,1.63306452,0.64566956,316.11428571,87.82857143
d1,discovery,100,150,sma_stack_bull+atr_expand+horizontal_break_up+close_near_high,57,0.89473684,0.65042664,1.37561530,0.78877189,209.74736842,-106.01578947
d1,validation,100,150,sma_stack_bull+atr_expand+horizontal_break_up+close_near_high,28,1.00000000,0.65224535,1.53316541,0.87935670,220.07857143,-15.51071429
d1,oos,100,150,sma_stack_bull+atr_expand+horizontal_break_up+close_near_high,7,1.00000000,0.61234568,1.63306452,0.64566956,316.11428571,87.82857143
d1,discovery,100,150,sma_stack_bull+atr_expand+close_near_high+cross_target_relative_up,37,0.89189189,0.65042664,1.37124132,0.75291468,227.69729730,-64.49459459
d1,validation,100,150,sma_stack_bull+atr_expand+close_near_high+cross_target_relative_up,8,1.00000000,0.65224535,1.53316541,0.67559244,195.83750000,-60.85000000
d1,oos,100,150,sma_stack_bull+atr_expand+close_near_high+cross_target_relative_up,1,1.00000000,0.61234568,1.63306452,0.20654931,239.80000000,47.00000000
d1,discovery,100,150,atr_expand+horizontal_break_up+close_near_high+cross_group_bull,46,0.89130435,0.65042664,1.37033800,0.76962171,161.11521739,-116.84347826
d1,validation,100,150,atr_expand+horizontal_break_up+close_near_high+cross_group_bull,27,1.00000000,0.65224535,1.53316541,0.87544497,208.69629630,-25.52962963
d1,oos,100,150,atr_expand+horizontal_break_up+close_near_high+cross_group_bull,13,1.00000000,0.61234568,1.63306452,0.77190463,265.56923077,51.16923077
d1,discovery,100,150,trend_bull+atr_expand+close_near_high+mtf_adx_rising,90,0.88888889,0.65042664,1.36662435,0.80742215,180.57444444,-82.60555556
d1,validation,100,150,trend_bull+atr_expand+close_near_high+mtf_adx_rising,27,1.00000000,0.65224535,1.53316541,0.87544497,224.52962963,-11.87037037
d1,oos,100,150,trend_bull+atr_expand+close_near_high+mtf_adx_rising,9,1.00000000,0.61234568,1.63306452,0.70085495,308.60000000,76.04444444
d1,discovery,100,150,price200_bull+adx_up3+atr_expand+breakout20_up,54,0.88888889,0.65042664,1.36662435,0.77805299,145.17407407,-70.10740741
d1,validation,100,150,price200_bull+adx_up3+atr_expand+breakout20_up,17,0.41176471,0.65224535,0.63130340,0.21611057,93.16470588,-46.95294118
d1,oos,100,150,price200_bull+adx_up3+atr_expand+breakout20_up,12,1.00000000,0.61234568,1.63306452,0.75750599,126.00833333,-72.38333333
d1,discovery,100,150,price200_bull+adx_up3+atr_expand+close_near_high,54,0.88888889,0.65042664,1.36662435,0.77805299,173.14814815,-66.85185185
d1,validation,100,150,price200_bull+adx_up3+atr_expand+close_near_high,7,1.00000000,0.65224535,1.53316541,0.64566956,221.68571429,-4.22857143
d1,oos,100,150,price200_bull+adx_up3+atr_expand+close_near_high,5,1.00000000,0.61234568,1.63306452,0.56551754,182.96000000,5.56000000
d1,discovery,100,150,price200_bull+adx_up3+atr_expand+strong_close_bull,36,0.88888889,0.65042664,1.36662435,0.74685191,209.49166667,-81.79444444
d1,validation,100,150,price200_bull+adx_up3+atr_expand+strong_close_bull,5,1.00000000,0.65224535,1.53316541,0.56551754,241.40000000,8.74000000
d1,oos,100,150,price200_bull+adx_up3+atr_expand+strong_close_bull,5,1.00000000,0.61234568,1.63306452,0.56551754,182.96000000,5.56000000
d1,discovery,100,150,trend_bull+atr_expand+horizontal_break_up+cross_group_return_up,36,0.88888889,0.65042664,1.36662435,0.74685191,188.50000000,-112.96111111
d1,validation,100,150,trend_bull+atr_expand+horizontal_break_up+cross_group_return_up,34,0.91176471,0.65224535,1.39788611,0.77039513,191.29411765,-42.76764706
d1,oos,100,150,trend_bull+atr_expand+horizontal_break_up+cross_group_return_up,16,1.00000000,0.61234568,1.63306452,0.80639232,210.91875000,-13.25000000
d1,discovery,100,150,atr_expand+horizontal_break_up+close_near_high,96,0.88541667,0.65042664,1.36128597,0.80637379,164.62291667,-79.10104167
d1,validation,100,150,atr_expand+horizontal_break_up+close_near_high,30,1.00000000,0.65224535,1.53316541,0.88648661,219.55000000,-13.69333333
d1,oos,100,150,atr_expand+horizontal_break_up+close_near_high,22,0.81818182,0.61234568,1.33614370,0.61483393,180.13636364,-0.35000000
d1,discovery,100,150,macd_accel_up+atr_expand+horizontal_break_up+close_near_high,96,0.88541667,0.65042664,1.36128597,0.80637379,164.62291667,-79.10104167
d1,validation,100,150,macd_accel_up+atr_expand+horizontal_break_up+close_near_high,30,1.00000000,0.65224535,1.53316541,0.88648661,219.55000000,-13.69333333
d1,oos,100,150,macd_accel_up+atr_expand+horizontal_break_up+close_near_high,22,0.81818182,0.61234568,1.33614370,0.61483393,180.13636364,-0.35000000
d1,discovery,100,150,di_strong_bull+atr_expand+horizontal_break_up+close_near_high,96,0.88541667,0.65042664,1.36128597,0.80637379,164.62291667,-79.10104167
d1,validation,100,150,di_strong_bull+atr_expand+horizontal_break_up+close_near_high,30,1.00000000,0.65224535,1.53316541,0.88648661,219.55000000,-13.69333333
d1,oos,100,150,di_strong_bull+atr_expand+horizontal_break_up+close_near_high,22,0.81818182,0.61234568,1.33614370,0.61483393,180.13636364,-0.35000000
d1,discovery,100,150,atr_expand+horizontal_break_up+close_near_high+mtf_macd_bull,96,0.88541667,0.65042664,1.36128597,0.80637379,164.62291667,-79.10104167
d1,validation,100,150,atr_expand+horizontal_break_up+close_near_high+mtf_macd_bull,30,1.00000000,0.65224535,1.53316541,0.88648661,219.55000000,-13.69333333
d1,oos,100,150,atr_expand+horizontal_break_up+close_near_high+mtf_macd_bull,22,0.81818182,0.61234568,1.33614370,0.61483393,180.13636364,-0.35000000
d1,discovery,100,150,atr_expand+horizontal_break_up+close_near_high+mtf_di_strong_bull,96,0.88541667,0.65042664,1.36128597,0.80637379,164.62291667,-79.10104167
d1,validation,100,150,atr_expand+horizontal_break_up+close_near_high+mtf_di_strong_bull,30,1.00000000,0.65224535,1.53316541,0.88648661,219.55000000,-13.69333333
d1,oos,100,150,atr_expand+horizontal_break_up+close_near_high+mtf_di_strong_bull,22,0.81818182,0.61234568,1.33614370,0.61483393,180.13636364,-0.35000000
d1,discovery,100,150,price200_bull+atr_expand+horizontal_break_up+close_near_high,95,0.88421053,0.65042664,1.35943159,0.80445506,165.39368421,-79.48421053
d1,validation,100,150,price200_bull+atr_expand+horizontal_break_up+close_near_high,30,1.00000000,0.65224535,1.53316541,0.88648661,219.55000000,-13.69333333
d1,oos,100,150,price200_bull+atr_expand+horizontal_break_up+close_near_high,22,0.81818182,0.61234568,1.33614370,0.61483393,180.13636364,-0.35000000
d1,discovery,100,150,atr_expand+horizontal_break_up+close_near_high+mtf_adx_rising,95,0.88421053,0.65042664,1.35943159,0.80445506,165.71578947,-78.57157895
d1,validation,100,150,atr_expand+horizontal_break_up+close_near_high+mtf_adx_rising,29,1.00000000,0.65224535,1.53316541,0.88303020,223.67586207,-10.24137931
d1,oos,100,150,atr_expand+horizontal_break_up+close_near_high+mtf_adx_rising,22,0.81818182,0.61234568,1.33614370,0.61483393,180.13636364,-0.35000000
d1,discovery,100,150,trend_bull+atr_expand+strong_close_bull+mtf_di_strong_bull,69,0.88405797,0.65042664,1.35919704,0.78754259,203.57536232,-80.57101449
d1,validation,100,150,trend_bull+atr_expand+strong_close_bull+mtf_di_strong_bull,30,1.00000000,0.65224535,1.53316541,0.88648661,217.22333333,-14.05333333
d1,oos,100,150,trend_bull+atr_expand+strong_close_bull+mtf_di_strong_bull,9,1.00000000,0.61234568,1.63306452,0.70085495,308.60000000,76.04444444
d1,discovery,100,150,atr_expand+horizontal_break_up+strong_close_bull+cross_group_return_up,43,0.88372093,0.65042664,1.35867886,0.75520838,172.28139535,-108.11860465
d1,validation,100,150,atr_expand+horizontal_break_up+strong_close_bull+cross_group_return_up,29,1.00000000,0.65224535,1.53316541,0.88303020,220.21724138,-13.51034483
d1,oos,100,150,atr_expand+horizontal_break_up+strong_close_bull+cross_group_return_up,13,1.00000000,0.61234568,1.63306452,0.77190463,265.56923077,51.16923077
d1,discovery,100,150,sma_stack_bull+atr_expand+close_near_high+mtf_adx_rising,60,0.88333333,0.65042664,1.35808295,0.77821212,205.54666667,-107.51666667
d1,validation,100,150,sma_stack_bull+atr_expand+close_near_high+mtf_adx_rising,27,1.00000000,0.65224535,1.53316541,0.87544497,224.52962963,-11.87037037
d1,oos,100,150,sma_stack_bull+atr_expand+close_near_high+mtf_adx_rising,7,1.00000000,0.61234568,1.63306452,0.64566956,316.11428571,87.82857143
d1,discovery,100,150,sma_stack_bull+atr_expand+close_near_high+mtf_macd_bull,77,0.88311688,0.65042664,1.35775016,0.79254916,218.35194805,-108.50259740
d1,validation,100,150,sma_stack_bull+atr_expand+close_near_high+mtf_macd_bull,30,1.00000000,0.65224535,1.53316541,0.88648661,217.22333333,-14.05333333
d1,oos,100,150,sma_stack_bull+atr_expand+close_near_high+mtf_macd_bull,8,1.00000000,0.61234568,1.63306452,0.67559244,288.03750000,65.46250000
d1,discovery,100,150,trend_bull+di_strong_bull+atr_expand+strong_close_bull,67,0.88059701,0.65042664,1.35387599,0.78167974,202.67910448,-76.02835821
d1,validation,100,150,trend_bull+di_strong_bull+atr_expand+strong_close_bull,28,1.00000000,0.65224535,1.53316541,0.87935670,220.07857143,-15.51071429
d1,oos,100,150,trend_bull+di_strong_bull+atr_expand+strong_close_bull,9,1.00000000,0.61234568,1.63306452,0.70085495,308.60000000,76.04444444
d1,discovery,100,150,price200_bull+adx_up3+atr_expand+impulse_bull,67,0.88059701,0.65042664,1.35387599,0.78167974,156.91044776,-76.09552239
d1,validation,100,150,price200_bull+adx_up3+atr_expand+impulse_bull,16,0.50000000,0.65224535,0.76658270,0.27999564,106.03750000,-34.08125000
d1,oos,100,150,price200_bull+adx_up3+atr_expand+impulse_bull,12,1.00000000,0.61234568,1.63306452,0.75750599,126.00833333,-72.38333333
d1,discovery,100,150,trend_bull+adx_up3+atr_expand+mtf_adx_rising,33,0.87878788,0.65042664,1.35109453,0.72674495,173.01212121,-119.86060606
d1,validation,100,150,trend_bull+adx_up3+atr_expand+mtf_adx_rising,14,0.28571429,0.65224535,0.43804726,0.11721379,75.68571429,-50.56428571
d1,oos,100,150,trend_bull+adx_up3+atr_expand+mtf_adx_rising,10,0.90000000,0.61234568,1.46975806,0.59584997,94.68000000,-113.13000000
d1,discovery,100,150,sma_stack_bull+adx_up3+close_near_high+cross_group_bull,129,0.87596899,0.65042664,1.34676062,0.80800024,196.98759690,-75.58449612
d1,validation,100,150,sma_stack_bull+adx_up3+close_near_high+cross_group_bull,40,0.62500000,0.65224535,0.95822838,0.47032439,78.71000000,-84.36750000
d1,oos,100,150,sma_stack_bull+adx_up3+close_near_high+cross_group_bull,30,0.90000000,0.61234568,1.46975806,0.74378917,148.98000000,-77.77666667
d1,discovery,100,150,sma_stack_bull+atr_expand+close_near_high,80,0.87500000,0.65042664,1.34527084,0.78497198,214.99000000,-108.97250000
d1,validation,100,150,sma_stack_bull+atr_expand+close_near_high,30,1.00000000,0.65224535,1.53316541,0.88648661,217.22333333,-14.05333333
d1,oos,100,150,sma_stack_bull+atr_expand+close_near_high,8,1.00000000,0.61234568,1.63306452,0.67559244,288.03750000,65.46250000
d1,discovery,100,150,adx_up3+atr_expand+horizontal_break_up,48,0.87500000,0.65042664,1.34527084,0.75299542,143.30416667,-75.14583333
d1,validation,100,150,adx_up3+atr_expand+horizontal_break_up,17,0.41176471,0.65224535,0.63130340,0.21611057,93.16470588,-46.95294118
d1,oos,100,150,adx_up3+atr_expand+horizontal_break_up,12,1.00000000,0.61234568,1.63306452,0.75750599,126.00833333,-72.38333333
d1,discovery,100,150,price200_bull+adx_up3+atr_expand+horizontal_break_up,48,0.87500000,0.65042664,1.34527084,0.75299542,143.30416667,-75.14583333
d1,validation,100,150,price200_bull+adx_up3+atr_expand+horizontal_break_up,17,0.41176471,0.65224535,0.63130340,0.21611057,93.16470588,-46.95294118
d1,oos,100,150,price200_bull+adx_up3+atr_expand+horizontal_break_up,12,1.00000000,0.61234568,1.63306452,0.75750599,126.00833333,-72.38333333
d1,discovery,100,150,adx_up3+atr_expand+horizontal_break_up+impulse_bull,48,0.87500000,0.65042664,1.34527084,0.75299542,143.30416667,-75.14583333
d1,validation,100,150,adx_up3+atr_expand+horizontal_break_up+impulse_bull,15,0.46666667,0.65224535,0.71547719,0.24809535,103.46666667,-32.73333333
d1,oos,100,150,adx_up3+atr_expand+horizontal_break_up+impulse_bull,12,1.00000000,0.61234568,1.63306452,0.75750599,126.00833333,-72.38333333
d1,discovery,100,150,adx_up3+atr_expand+horizontal_break_up+mtf_adx_rising,48,0.87500000,0.65042664,1.34527084,0.75299542,143.30416667,-75.14583333
d1,validation,100,150,adx_up3+atr_expand+horizontal_break_up+mtf_adx_rising,16,0.37500000,0.65224535,0.57493703,0.18481233,92.74375000,-42.77500000
d1,oos,100,150,adx_up3+atr_expand+horizontal_break_up+mtf_adx_rising,12,1.00000000,0.61234568,1.63306452,0.75750599,126.00833333,-72.38333333
d1,discovery,100,150,adx_up3+atr_expand+horizontal_break_up+mtf_macd_bull,48,0.87500000,0.65042664,1.34527084,0.75299542,143.30416667,-75.14583333
d1,validation,100,150,adx_up3+atr_expand+horizontal_break_up+mtf_macd_bull,17,0.41176471,0.65224535,0.63130340,0.21611057,93.16470588,-46.95294118
d1,oos,100,150,adx_up3+atr_expand+horizontal_break_up+mtf_macd_bull,12,1.00000000,0.61234568,1.63306452,0.75750599,126.00833333,-72.38333333
d1,discovery,100,150,adx_up3+atr_expand+horizontal_break_up+mtf_di_strong_bull,48,0.87500000,0.65042664,1.34527084,0.75299542,143.30416667,-75.14583333
d1,validation,100,150,adx_up3+atr_expand+horizontal_break_up+mtf_di_strong_bull,17,0.41176471,0.65224535,0.63130340,0.21611057,93.16470588,-46.95294118
d1,oos,100,150,adx_up3+atr_expand+horizontal_break_up+mtf_di_strong_bull,12,1.00000000,0.61234568,1.63306452,0.75750599,126.00833333,-72.38333333
d1,discovery,100,150,atr_expand+breakout20_up+strong_close_bull+cross_group_bull,31,0.87096774,0.65042664,1.33907144,0.71147594,203.96129032,-128.68387097
d1,validation,100,150,atr_expand+breakout20_up+strong_close_bull+cross_group_bull,34,1.00000000,0.65224535,1.53316541,0.89848545,183.48235294,-20.96764706
d1,oos,100,150,atr_expand+breakout20_up+strong_close_bull+cross_group_bull,20,0.85000000,0.61234568,1.38810484,0.63958114,192.76000000,16.86000000
d1,discovery,100,150,trend_bull+atr_expand+close_near_high+mtf_macd_bull,108,0.87037037,0.65042664,1.33815301,0.79411096,176.09351852,-89.28981481
d1,validation,100,150,trend_bull+atr_expand+close_near_high+mtf_macd_bull,30,1.00000000,0.65224535,1.53316541,0.88648661,217.22333333,-14.05333333
d1,oos,100,150,trend_bull+atr_expand+close_near_high+mtf_macd_bull,10,1.00000000,0.61234568,1.63306452,0.72246720,286.89000000,59.33000000
d1,discovery,100,150,volatility+structure_bull_transition+strong_close_bull+cross_group_bull,475,0.86947368,0.65042664,1.33677439,0.83619062,163.44463158,-64.69873684
d1,validation,100,150,volatility+structure_bull_transition+strong_close_bull+cross_group_bull,75,0.78666667,0.65224535,1.20609012,0.68120034,103.89066667,-77.02000000
d1,oos,100,150,volatility+structure_bull_transition+strong_close_bull+cross_group_bull,66,0.96969697,0.61234568,1.58357771,0.89607478,144.77424242,-41.72575758
d1,discovery,100,150,adx_up3+volatility+close_near_high+cross_group_bull,130,0.86923077,0.65042664,1.33640092,0.80054046,174.77307692,-47.12384615
d1,validation,100,150,adx_up3+volatility+close_near_high+cross_group_bull,17,0.64705882,0.65224535,0.99204820,0.41300363,92.57647059,-104.93529412
d1,oos,100,150,adx_up3+volatility+close_near_high+cross_group_bull,17,1.00000000,0.61234568,1.63306452,0.81568186,153.08823529,-55.01176471
d1,discovery,100,150,macd_accel_up+volatility+strong_close_bull+cross_group_bull,542,0.86900369,0.65042664,1.33605180,0.83798340,161.12693727,-64.63191882
d1,validation,100,150,macd_accel_up+volatility+strong_close_bull+cross_group_bull,90,0.77777778,0.65224535,1.19246198,0.68152690,101.44666667,-93.58555556
d1,oos,100,150,macd_accel_up+volatility+strong_close_bull+cross_group_bull,70,0.95714286,0.61234568,1.56307604,0.88140331,141.79000000,-56.50857143
d1,discovery,100,150,volatility+strong_close_bull+mtf_macd_bull+cross_group_bull,540,0.86851852,0.65042664,1.33530587,0.83739542,160.82814815,-64.52759259
d1,validation,100,150,volatility+strong_close_bull+mtf_macd_bull+cross_group_bull,88,0.77272727,0.65224535,1.18471872,0.67485723,100.97500000,-94.18295455
d1,oos,100,150,volatility+strong_close_bull+mtf_macd_bull+cross_group_bull,69,0.95652174,0.61234568,1.56206171,0.87978797,141.81594203,-49.42608696
d1,discovery,100,150,adx_up3+volatility+strong_close_bull+cross_group_bull,113,0.86725664,0.65042664,1.33336579,0.79248654,184.19557522,-52.63185841
d1,validation,100,150,adx_up3+volatility+strong_close_bull+cross_group_bull,12,0.66666667,0.65224535,1.02211027,0.39062209,104.95833333,-116.29166667
d1,oos,100,150,adx_up3+volatility+strong_close_bull+cross_group_bull,13,1.00000000,0.61234568,1.63306452,0.77190463,169.88461538,-44.11538462
d1,discovery,100,150,volatility+strong_close_bull+mtf_di_strong_bull+cross_group_bull,512,0.86718750,0.65042664,1.33325950,0.83503929,158.55351562,-64.78027344
d1,validation,100,150,volatility+strong_close_bull+mtf_di_strong_bull+cross_group_bull,88,0.79545455,0.65224535,1.21956339,0.69968036,103.02613636,-91.25113636
d1,oos,100,150,volatility+strong_close_bull+mtf_di_strong_bull+cross_group_bull,54,0.96296296,0.61234568,1.57258065,0.87464823,139.92777778,-33.22962963
d1,discovery,100,150,volatility+strong_close_bull+mtf_adx_rising+cross_group_bull,474,0.86708861,0.65042664,1.33310745,0.83355658,152.66033755,-65.99683544
d1,validation,100,150,volatility+strong_close_bull+mtf_adx_rising+cross_group_bull,78,0.78205128,0.65224535,1.19901397,0.67839295,100.85769231,-94.62179487
d1,oos,100,150,volatility+strong_close_bull+mtf_adx_rising+cross_group_bull,49,0.97959184,0.61234568,1.59973667,0.89306478,142.30000000,-21.09591837
d1,discovery,100,150,trend_bull+atr_expand+strong_close_bull+cross_group_bull,30,0.86666667,0.65042664,1.33245874,0.70318673,201.40333333,-139.02000000
d1,validation,100,150,trend_bull+atr_expand+strong_close_bull+cross_group_bull,26,1.00000000,0.65224535,1.53316541,0.87127108,208.10384615,-28.14615385
d1,oos,100,150,trend_bull+atr_expand+strong_close_bull+cross_group_bull,9,1.00000000,0.61234568,1.63306452,0.70085495,308.60000000,76.04444444
d1,discovery,100,150,adx_up3+atr_expand+breakout20_up+strong_close_bull,30,0.86666667,0.65042664,1.33245874,0.70318673,185.96333333,-90.46666667
d1,validation,100,150,adx_up3+atr_expand+breakout20_up+strong_close_bull,5,1.00000000,0.65224535,1.53316541,0.56551754,241.40000000,8.74000000
d1,oos,100,150,adx_up3+atr_expand+breakout20_up+strong_close_bull,5,1.00000000,0.61234568,1.63306452,0.56551754,182.96000000,5.56000000
d1,discovery,100,150,trend_bull+atr_expand+close_near_high,112,0.86607143,0.65042664,1.33154359,0.79073543,174.70000000,-90.45267857
d1,validation,100,150,trend_bull+atr_expand+close_near_high,30,1.00000000,0.65224535,1.53316541,0.88648661,217.22333333,-14.05333333
d1,oos,100,150,trend_bull+atr_expand+close_near_high,10,1.00000000,0.61234568,1.63306452,0.72246720,286.89000000,59.33000000
d1,discovery,150,200,sma_stack_bull+adx25+atr_expand+strong_close_bull,41,0.95121951,0.66077813,1.43954449,0.83861021,331.86585366,-134.33902439
d1,validation,150,200,sma_stack_bull+adx25+atr_expand+strong_close_bull,14,0.92857143,0.65834768,1.41045752,0.68531296,184.08571429,-7.55714286
d1,oos,150,200,sma_stack_bull+adx25+atr_expand+strong_close_bull,5,1.00000000,0.63500678,1.57478632,0.56551754,195.80000000,4.44000000
d1,discovery,150,200,trend_bull+adx25+atr_expand+strong_close_bull,48,0.93750000,0.66077813,1.41878183,0.83164562,267.58541667,-117.49166667
d1,validation,150,200,trend_bull+adx25+atr_expand+strong_close_bull,14,0.92857143,0.65834768,1.41045752,0.68531296,184.08571429,-7.55714286
d1,oos,150,200,trend_bull+adx25+atr_expand+strong_close_bull,11,1.00000000,0.63500678,1.57478632,0.74116703,243.80000000,21.81818182
d1,discovery,150,200,sma_stack_bull+breakout20_up+strong_close_bull+cross_group_return_up,273,0.93040293,0.66077813,1.40804135,0.89386618,209.28717949,-84.56886447
d1,validation,150,200,sma_stack_bull+breakout20_up+strong_close_bull+cross_group_return_up,117,0.84615385,0.65834768,1.28526898,0.76988632,145.01623932,-72.69829060
d1,oos,150,200,sma_stack_bull+breakout20_up+strong_close_bull+cross_group_return_up,87,0.79310345,0.63500678,1.24896846,0.69649126,133.49540230,-70.42643678
d1,discovery,150,200,sma_stack_bull+horizontal_break_up+strong_close_bull+cross_group_bull,225,0.92888889,0.66077813,1.40575005,0.88762089,209.12222222,-96.70444444
d1,validation,150,200,sma_stack_bull+horizontal_break_up+strong_close_bull+cross_group_bull,87,0.88505747,0.65834768,1.34436181,0.80119418,148.94137931,-65.80229885
d1,oos,150,200,sma_stack_bull+horizontal_break_up+strong_close_bull+cross_group_bull,61,0.83606557,0.63500678,1.31662463,0.72387161,148.22295082,-72.49836066
d1,discovery,150,200,sma_stack_bull+horizontal_break_up+strong_close_bull+cross_group_return_up,239,0.92887029,0.66077813,1.40572191,0.88905311,206.59456067,-92.19121339
d1,validation,150,200,sma_stack_bull+horizontal_break_up+strong_close_bull+cross_group_return_up,100,0.88000000,0.65834768,1.33667974,0.80187901,157.09200000,-54.16300000
d1,oos,150,200,sma_stack_bull+horizontal_break_up+strong_close_bull+cross_group_return_up,75,0.80000000,0.63500678,1.25982906,0.69588717,132.17200000,-70.02666667
d1,discovery,150,200,sma_stack_bull+strong_close_bull+mtf_adx_rising+cross_group_bull,311,0.92604502,0.66077813,1.40144623,0.89147613,198.64083601,-87.30578778
d1,validation,150,200,sma_stack_bull+strong_close_bull+mtf_adx_rising+cross_group_bull,120,0.82500000,0.65834768,1.25313725,0.74724290,130.81916667,-87.48916667
d1,oos,150,200,sma_stack_bull+strong_close_bull+mtf_adx_rising+cross_group_bull,85,0.89411765,0.63500678,1.40804424,0.81086481,173.02352941,-73.35529412
d1,discovery,150,200,atr_expand+breakout20_up+strong_close_bull+cross_group_bull,40,0.92500000,0.66077813,1.39986474,0.80135766,202.63750000,-180.40250000
d1,validation,150,200,atr_expand+breakout20_up+strong_close_bull+cross_group_bull,29,0.96551724,0.65834768,1.46657652,0.82824478,200.03793103,-29.86896552
d1,oos,150,200,atr_expand+breakout20_up+strong_close_bull+cross_group_bull,31,0.87096774,0.63500678,1.37158809,0.71147594,223.19032258,23.42903226
d1,discovery,150,200,sma_stack_bull+strong_close_bull+mtf_di_strong_bull+cross_group_bull,331,0.92145015,0.66077813,1.39449251,0.88739603,199.28912387,-94.34018127
d1,validation,150,200,sma_stack_bull+strong_close_bull+mtf_di_strong_bull+cross_group_bull,125,0.82400000,0.65834768,1.25161830,0.74787729,128.39600000,-86.10160000
d1,oos,150,200,sma_stack_bull+strong_close_bull+mtf_di_strong_bull+cross_group_bull,90,0.87777778,0.63500678,1.38231244,0.79426258,166.81222222,-78.29000000
d1,discovery,150,200,sma_stack_bull+breakout20_up+strong_close_bull+cross_group_bull,266,0.92105263,0.66077813,1.39389092,0.88233096,207.77218045,-89.64774436
d1,validation,150,200,sma_stack_bull+breakout20_up+strong_close_bull+cross_group_bull,104,0.84615385,0.65834768,1.28526898,0.76461977,136.68846154,-84.75192308
d1,oos,150,200,sma_stack_bull+breakout20_up+strong_close_bull+cross_group_bull,71,0.81690141,0.63500678,1.28644517,0.71151828,149.56056338,-73.53380282
d1,discovery,150,200,sma_stack_bull+bb_expand+strong_close_bull+cross_group_bull,201,0.92039801,0.66077813,1.39290023,0.87461788,187.72835821,-113.53731343
d1,validation,150,200,sma_stack_bull+bb_expand+strong_close_bull+cross_group_bull,79,0.87341772,0.65834768,1.32668156,0.78243641,144.21518987,-91.67215190
d1,oos,150,200,sma_stack_bull+bb_expand+strong_close_bull+cross_group_bull,55,0.83636364,0.63500678,1.31709402,0.71736254,153.51636364,-78.60363636
d1,discovery,150,200,sma_stack_bull+strong_close_bull+mtf_macd_bull+cross_group_bull,360,0.91944444,0.66077813,1.39145714,0.88670323,200.02916667,-94.18444444
d1,validation,150,200,sma_stack_bull+strong_close_bull+mtf_macd_bull+cross_group_bull,124,0.82258065,0.65834768,1.24946237,0.74595995,128.34919355,-85.79758065
d1,oos,150,200,sma_stack_bull+strong_close_bull+mtf_macd_bull+cross_group_bull,95,0.86315789,0.63500678,1.35928925,0.77983557,162.25789474,-81.78947368
d1,discovery,150,200,adx25+atr_expand+close_near_high+cross_group_bull,37,0.91891892,0.66077813,1.39066183,0.78699321,194.71081081,-112.47567568
d1,validation,150,200,adx25+atr_expand+close_near_high+cross_group_bull,10,0.80000000,0.65834768,1.21516340,0.49016247,91.43000000,-92.38000000
d1,oos,150,200,adx25+atr_expand+close_near_high+cross_group_bull,13,0.92307692,0.63500678,1.45364892,0.66686049,214.98461538,-9.89230769
d1,discovery,150,200,price200_bull+atr_expand+strong_close_bull+cross_group_bull,49,0.91836735,0.66077813,1.38982710,0.80810872,197.97551020,-156.42653061
d1,validation,150,200,price200_bull+atr_expand+strong_close_bull+cross_group_bull,29,0.96551724,0.65834768,1.46657652,0.82824478,200.03793103,-29.86896552
d1,oos,150,200,price200_bull+atr_expand+strong_close_bull+cross_group_bull,27,1.00000000,0.63500678,1.57478632,0.87544497,251.08148148,37.19259259
d1,discovery,150,200,sma_stack_bull+macd_accel_up+strong_close_bull+cross_group_bull,355,0.91830986,0.66077813,1.38974010,0.88514169,200.87154930,-93.96676056
d1,validation,150,200,sma_stack_bull+macd_accel_up+strong_close_bull+cross_group_bull,125,0.81600000,0.65834768,1.23946667,0.73901081,127.60000000,-85.82640000
d1,oos,150,200,sma_stack_bull+macd_accel_up+strong_close_bull+cross_group_bull,97,0.86597938,0.63500678,1.36373249,0.78410006,161.07938144,-86.81340206
d1,discovery,150,200,volatility+horizontal_break_up+strong_close_bull+cross_group_bull,157,0.91719745,0.66077813,1.38805662,0.86349376,190.56942675,-78.97133758
d1,validation,150,200,volatility+horizontal_break_up+strong_close_bull+cross_group_bull,18,0.66666667,0.65834768,1.01263617,0.43749467,99.02222222,-78.32777778
d1,oos,150,200,volatility+horizontal_break_up+strong_close_bull+cross_group_bull,30,0.93333333,0.63500678,1.46980057,0.78676542,180.24000000,-30.04333333
d1,discovery,150,200,sma_stack_bull+strong_close_bull+cross_group_bull,362,0.91712707,0.66077813,1.38795010,0.88415930,199.97099448,-93.83259669
d1,validation,150,200,sma_stack_bull+strong_close_bull+cross_group_bull,126,0.81746032,0.65834768,1.24168482,0.74096382,127.61666667,-86.22063492
d1,oos,150,200,sma_stack_bull+strong_close_bull+cross_group_bull,97,0.86597938,0.63500678,1.36373249,0.78410006,161.07938144,-86.81340206
d1,discovery,150,200,sma_stack_bull+bb_expand+strong_close_bull+cross_group_return_up,202,0.91584158,0.66077813,1.38600469,0.86936890,191.34950495,-111.82673267
d1,validation,150,200,sma_stack_bull+bb_expand+strong_close_bull+cross_group_return_up,85,0.88235294,0.65834768,1.34025375,0.79681397,155.33882353,-78.64352941
d1,oos,150,200,sma_stack_bull+bb_expand+strong_close_bull+cross_group_return_up,63,0.80952381,0.63500678,1.27482702,0.69593213,147.25079365,-77.78412698
d1,discovery,150,200,sma_stack_bull+di_strong_bull+strong_close_bull+cross_group_bull,319,0.91536050,0.66077813,1.38527663,0.87965615,194.81598746,-91.30783699
d1,validation,150,200,sma_stack_bull+di_strong_bull+strong_close_bull+cross_group_bull,125,0.81600000,0.65834768,1.23946667,0.73901081,127.48160000,-86.83520000
d1,oos,150,200,sma_stack_bull+di_strong_bull+strong_close_bull+cross_group_bull,90,0.88888889,0.63500678,1.39981007,0.80742215,167.76000000,-73.17333333
d1,discovery,150,200,atr_expand+horizontal_break_up+strong_close_bull+cross_group_bull,35,0.91428571,0.66077813,1.38365009,0.77620726,220.65714286,-202.78857143
d1,validation,150,200,atr_expand+horizontal_break_up+strong_close_bull+cross_group_bull,29,0.96551724,0.65834768,1.46657652,0.82824478,200.03793103,-29.86896552
d1,oos,150,200,atr_expand+horizontal_break_up+strong_close_bull+cross_group_bull,27,1.00000000,0.63500678,1.57478632,0.87544497,251.08148148,37.19259259
d1,discovery,150,200,sma_stack_bull+bb_expand+close_near_high+cross_group_bull,229,0.91266376,0.66077813,1.38119547,0.86895843,184.56288210,-110.98558952
d1,validation,150,200,sma_stack_bull+bb_expand+close_near_high+cross_group_bull,88,0.85227273,0.65834768,1.29456328,0.76348890,136.12613636,-93.45681818
d1,oos,150,200,sma_stack_bull+bb_expand+close_near_high+cross_group_bull,64,0.84375000,0.63500678,1.32872596,0.73571938,152.91562500,-72.85000000
d1,discovery,150,200,sma_stack_bull+strong_close_bull+mtf_adx_rising+cross_group_return_up,329,0.90881459,0.66077813,1.37537027,0.87281202,195.74650456,-91.53191489
d1,validation,150,200,sma_stack_bull+strong_close_bull+mtf_adx_rising+cross_group_return_up,140,0.83571429,0.65834768,1.26941176,0.76553560,143.56214286,-73.37071429
d1,oos,150,200,sma_stack_bull+strong_close_bull+mtf_adx_rising+cross_group_return_up,102,0.86274510,0.63500678,1.35863918,0.78271259,156.32254902,-68.80784314
d1,discovery,150,200,sma_stack_bull+volatility+strong_close_bull+cross_group_bull,153,0.90849673,0.66077813,1.37488923,0.85227269,188.17254902,-101.55294118
d1,validation,150,200,sma_stack_bull+volatility+strong_close_bull+cross_group_bull,16,0.62500000,0.65834768,0.94934641,0.38641041,77.53125000,-107.01875000
d1,oos,150,200,sma_stack_bull+volatility+strong_close_bull+cross_group_bull,22,0.90909091,0.63500678,1.43162393,0.72185053,150.26818182,-124.85454545
d1,discovery,150,200,sma_stack_bull+di_strong_bull+atr_expand+strong_close_bull,53,0.90566038,0.66077813,1.37059678,0.79746273,278.02075472,-119.51886792
d1,validation,150,200,sma_stack_bull+di_strong_bull+atr_expand+strong_close_bull,31,0.96774194,0.65834768,1.46995572,0.83805895,217.59032258,-16.52258065
d1,oos,150,200,sma_stack_bull+di_strong_bull+atr_expand+strong_close_bull,14,1.00000000,0.63500678,1.57478632,0.78468920,269.55000000,50.65000000
d1,discovery,150,200,sma_stack_bull+atr_expand+horizontal_break_up+strong_close_bull,53,0.90566038,0.66077813,1.37059678,0.79746273,278.02075472,-119.51886792
d1,validation,150,200,sma_stack_bull+atr_expand+horizontal_break_up+strong_close_bull,31,0.96774194,0.65834768,1.46995572,0.83805895,217.59032258,-16.52258065
d1,oos,150,200,sma_stack_bull+atr_expand+horizontal_break_up+strong_close_bull,14,1.00000000,0.63500678,1.57478632,0.78468920,269.55000000,50.65000000
d1,discovery,150,200,sma_stack_bull+atr_expand+breakout20_up+strong_close_bull,53,0.90566038,0.66077813,1.37059678,0.79746273,278.02075472,-119.51886792
d1,validation,150,200,sma_stack_bull+atr_expand+breakout20_up+strong_close_bull,31,0.96774194,0.65834768,1.46995572,0.83805895,217.59032258,-16.52258065
d1,oos,150,200,sma_stack_bull+atr_expand+breakout20_up+strong_close_bull,14,1.00000000,0.63500678,1.57478632,0.78468920,269.55000000,50.65000000
d1,discovery,150,200,sma_stack_bull+atr_expand+strong_close_bull+mtf_adx_rising,53,0.90566038,0.66077813,1.37059678,0.79746273,278.02075472,-119.51886792
d1,validation,150,200,sma_stack_bull+atr_expand+strong_close_bull+mtf_adx_rising,31,0.96774194,0.65834768,1.46995572,0.83805895,217.59032258,-16.52258065
d1,oos,150,200,sma_stack_bull+atr_expand+strong_close_bull+mtf_adx_rising,14,1.00000000,0.63500678,1.57478632,0.78468920,269.55000000,50.65000000
d1,discovery,150,200,sma_stack_bull+atr_expand+strong_close_bull,63,0.90476190,0.66077813,1.36923706,0.80738299,284.17301587,-130.31269841
d1,validation,150,200,sma_stack_bull+atr_expand+strong_close_bull,33,0.96969697,0.65834768,1.47292533,0.84681275,212.11515152,-18.16666667
d1,oos,150,200,sma_stack_bull+atr_expand+strong_close_bull,14,1.00000000,0.63500678,1.57478632,0.78468920,269.55000000,50.65000000
d1,discovery,150,200,sma_stack_bull+macd_accel_up+atr_expand+strong_close_bull,63,0.90476190,0.66077813,1.36923706,0.80738299,284.17301587,-130.31269841
d1,validation,150,200,sma_stack_bull+macd_accel_up+atr_expand+strong_close_bull,33,0.96969697,0.65834768,1.47292533,0.84681275,212.11515152,-18.16666667
d1,oos,150,200,sma_stack_bull+macd_accel_up+atr_expand+strong_close_bull,14,1.00000000,0.63500678,1.57478632,0.78468920,269.55000000,50.65000000
d1,discovery,150,200,sma_stack_bull+atr_expand+strong_close_bull+mtf_macd_bull,63,0.90476190,0.66077813,1.36923706,0.80738299,284.17301587,-130.31269841
d1,validation,150,200,sma_stack_bull+atr_expand+strong_close_bull+mtf_macd_bull,33,0.96969697,0.65834768,1.47292533,0.84681275,212.11515152,-18.16666667
d1,oos,150,200,sma_stack_bull+atr_expand+strong_close_bull+mtf_macd_bull,14,1.00000000,0.63500678,1.57478632,0.78468920,269.55000000,50.65000000
d1,discovery,150,200,sma_stack_bull+adx25+strong_close_bull+cross_group_bull,178,0.90449438,0.66077813,1.36883220,0.85238425,197.36460674,-112.67584270
d1,validation,150,200,sma_stack_bull+adx25+strong_close_bull+cross_group_bull,42,0.85714286,0.65834768,1.30196078,0.72158911,120.69285714,-57.85714286
d1,oos,150,200,sma_stack_bull+adx25+strong_close_bull+cross_group_bull,37,0.91891892,0.63500678,1.44710095,0.78699321,151.94324324,-99.42162162
d1,discovery,150,200,sma_stack_bull+di_strong_bull+strong_close_bull+cross_group_return_up,334,0.90419162,0.66077813,1.36837401,0.86787589,192.62724551,-93.40269461
d1,validation,150,200,sma_stack_bull+di_strong_bull+strong_close_bull+cross_group_return_up,141,0.82269504,0.65834768,1.24963612,0.75135179,140.19858156,-73.65531915
d1,oos,150,200,sma_stack_bull+di_strong_bull+strong_close_bull+cross_group_return_up,106,0.85849057,0.63500678,1.35193920,0.77957670,151.82735849,-70.67735849
d1,discovery,150,200,sma_stack_bull+strong_close_bull+mtf_di_strong_bull+cross_group_return_up,352,0.90340909,0.66077813,1.36718976,0.86805434,195.38125000,-99.74573864
d1,validation,150,200,sma_stack_bull+strong_close_bull+mtf_di_strong_bull+cross_group_return_up,145,0.83448276,0.65834768,1.26754113,0.76552342,141.03379310,-72.66137931
d1,oos,150,200,sma_stack_bull+strong_close_bull+mtf_di_strong_bull+cross_group_return_up,107,0.85046729,0.63500678,1.33930426,0.77083043,151.87850467,-73.17102804
d1,discovery,150,200,sma_stack_bull+strong_close_bull+mtf_macd_bull+cross_group_return_up,380,0.90263158,0.66077813,1.36601310,0.86867195,196.25921053,-99.35552632
d1,validation,150,200,sma_stack_bull+strong_close_bull+mtf_macd_bull+cross_group_return_up,145,0.83448276,0.65834768,1.26754113,0.76552342,140.90482759,-72.11724138
d1,oos,150,200,sma_stack_bull+strong_close_bull+mtf_macd_bull+cross_group_return_up,115,0.84347826,0.63500678,1.32829803,0.76611247,150.01391304,-76.24000000
d1,discovery,150,200,trend_bull+atr_expand+close_near_high+cross_group_return_up,41,0.90243902,0.66077813,1.36572169,0.77452319,206.54146341,-161.45853659
d1,validation,150,200,trend_bull+atr_expand+close_near_high+cross_group_return_up,31,0.96774194,0.65834768,1.46995572,0.83805895,217.59032258,-16.52258065
d1,oos,150,200,trend_bull+atr_expand+close_near_high+cross_group_return_up,20,1.00000000,0.63500678,1.57478632,0.83887484,273.82500000,46.34500000
d1,discovery,150,200,sma_stack_bull+macd_accel_up+strong_close_bull+cross_group_return_up,377,0.90185676,0.66077813,1.36484052,0.86765003,196.90503979,-98.97718833
d1,validation,150,200,sma_stack_bull+macd_accel_up+strong_close_bull+cross_group_return_up,146,0.82876712,0.65834768,1.25885934,0.75943523,140.17739726,-72.23561644
d1,oos,150,200,sma_stack_bull+macd_accel_up+strong_close_bull+cross_group_return_up,117,0.84615385,0.63500678,1.33251151,0.76988632,149.24615385,-80.50000000
d1,discovery,150,200,sma_stack_bull+strong_close_bull+cross_group_return_up,383,0.90078329,0.66077813,1.36321596,0.86674778,195.69242820,-98.94986945
d1,validation,150,200,sma_stack_bull+strong_close_bull+cross_group_return_up,147,0.82993197,0.65834768,1.26062870,0.76098943,140.10612245,-72.66598639
d1,oos,150,200,sma_stack_bull+strong_close_bull+cross_group_return_up,117,0.84615385,0.63500678,1.33251151,0.76988632,149.24615385,-80.50000000
d1,discovery,150,200,volatility+horizontal_break_up+close_near_high+cross_group_bull,180,0.90000000,0.66077813,1.36203055,0.84747785,184.88333333,-73.32388889
d1,validation,150,200,volatility+horizontal_break_up+close_near_high+cross_group_bull,22,0.72727273,0.65834768,1.10469400,0.51848266,99.05909091,-66.97272727
d1,oos,150,200,volatility+horizontal_break_up+close_near_high+cross_group_bull,38,0.94736842,0.63500678,1.49190283,0.82714538,175.76315789,-40.91052632
d1,discovery,150,200,price200_bull+adx25+atr_expand+strong_close_bull,60,0.90000000,0.66077813,1.36203055,0.79850535,247.74666667,-107.54166667
d1,validation,150,200,price200_bull+adx25+atr_expand+strong_close_bull,14,0.92857143,0.65834768,1.41045752,0.68531296,184.08571429,-7.55714286
d1,oos,150,200,price200_bull+adx25+atr_expand+strong_close_bull,11,1.00000000,0.63500678,1.57478632,0.74116703,243.80000000,21.81818182
d1,discovery,150,200,adx25+atr_expand+horizontal_break_up+strong_close_bull,40,0.90000000,0.66077813,1.36203055,0.76948225,298.17250000,-116.98500000
d1,validation,150,200,adx25+atr_expand+horizontal_break_up+strong_close_bull,14,0.92857143,0.65834768,1.41045752,0.68531296,184.08571429,-7.55714286
d1,oos,150,200,adx25+atr_expand+horizontal_break_up+strong_close_bull,11,1.00000000,0.63500678,1.57478632,0.74116703,243.80000000,21.81818182
d1,discovery,150,200,sma_stack_bull+bb_expand+close_near_high+cross_group_return_up,234,0.89743590,0.66077813,1.35815012,0.85192904,184.86880342,-111.55384615
d1,validation,150,200,sma_stack_bull+bb_expand+close_near_high+cross_group_return_up,98,0.82653061,0.65834768,1.25546218,0.73964908,140.75510204,-82.69285714
d1,oos,150,200,sma_stack_bull+bb_expand+close_near_high+cross_group_return_up,72,0.81944444,0.63500678,1.29044991,0.71519658,147.50000000,-72.77222222
d1,discovery,150,200,sma_stack_bull+adx25+strong_close_bull+cross_group_return_up,192,0.89583333,0.66077813,1.35572486,0.84458693,194.83645833,-109.31093750
d1,validation,150,200,sma_stack_bull+adx25+strong_close_bull+cross_group_return_up,52,0.88461538,0.65834768,1.34369030,0.77028336,156.05000000,-32.58653846
d1,oos,150,200,sma_stack_bull+adx25+strong_close_bull+cross_group_return_up,51,0.84313725,0.63500678,1.32776102,0.71989553,135.30588235,-83.73529412
d1,discovery,150,200,trend_bull+atr_expand+strong_close_bull+cross_target_relative_up,57,0.89473684,0.66077813,1.35406546,0.78877189,217.78947368,-51.31754386
d1,validation,150,200,trend_bull+atr_expand+strong_close_bull+cross_target_relative_up,2,1.00000000,0.65834768,1.51895425,0.34238023,191.45000000,-39.85000000
d1,oos,150,200,trend_bull+atr_expand+strong_close_bull+cross_target_relative_up,4,1.00000000,0.63500678,1.57478632,0.51010916,231.87500000,39.07500000
d1,discovery,150,200,sma_stack_bull+bb_expand+horizontal_break_up+cross_group_bull,255,0.89411765,0.66077813,1.35312839,0.85033143,182.06784314,-103.89176471
d1,validation,150,200,sma_stack_bull+bb_expand+horizontal_break_up+cross_group_bull,119,0.78151261,0.65834768,1.18708189,0.69910788,121.21764706,-91.62352941
d1,oos,150,200,sma_stack_bull+bb_expand+horizontal_break_up+cross_group_bull,73,0.79452055,0.63500678,1.25120009,0.68826347,133.82191781,-65.58904110
d1,discovery,150,200,price200_bull+bb_expand+strong_close_bull+cross_group_bull,347,0.89337176,0.66077813,1.35199959,0.85648296,168.59020173,-89.78126801
d1,validation,150,200,price200_bull+bb_expand+strong_close_bull+cross_group_bull,99,0.88888889,0.65834768,1.35018155,0.81191091,141.49292929,-92.57373737
d1,oos,150,200,price200_bull+bb_expand+strong_close_bull+cross_group_bull,63,0.85714286,0.63500678,1.34981685,0.75025434,155.51746032,-69.52380952
d1,discovery,150,200,price200_bull+bb_expand+close_near_high+cross_group_bull,438,0.89269406,0.66077813,1.35097399,0.86021986,172.64315068,-81.79680365
d1,validation,150,200,price200_bull+bb_expand+close_near_high+cross_group_bull,112,0.85714286,0.65834768,1.30196078,0.78048565,132.21607143,-97.86339286
d1,oos,150,200,price200_bull+bb_expand+close_near_high+cross_group_bull,76,0.84210526,0.63500678,1.32613585,0.74398568,148.96447368,-66.26184211
d1,discovery,150,200,adx25+bb_expand+horizontal_break_up+cross_group_bull,205,0.89268293,0.66077813,1.35095713,0.84286487,168.11365854,-109.83024390
d1,validation,150,200,adx25+bb_expand+horizontal_break_up+cross_group_bull,74,0.62162162,0.65834768,0.94421480,0.50771459,89.65810811,-116.18513514
d1,oos,150,200,adx25+bb_expand+horizontal_break_up+cross_group_bull,34,0.67647059,0.63500678,1.06529663,0.50842895,111.07647059,-88.14411765
d1,discovery,150,200,price200_bull+atr_expand+strong_close_bull+cross_target_relative_up,93,0.89247312,0.66077813,1.35063962,0.81327245,184.00107527,-45.54946237
d1,validation,150,200,price200_bull+atr_expand+strong_close_bull+cross_target_relative_up,5,1.00000000,0.65834768,1.51895425,0.56551754,228.64000000,27.16000000
d1,oos,150,200,price200_bull+atr_expand+strong_close_bull+cross_target_relative_up,12,1.00000000,0.63500678,1.57478632,0.75750599,190.14166667,8.29166667
d1,discovery,150,200,bb_expand+horizontal_break_up+close_near_high+cross_group_bull,350,0.89142857,0.66077813,1.34905883,0.85448678,166.82228571,-91.54542857
d1,validation,150,200,bb_expand+horizontal_break_up+close_near_high+cross_group_bull,81,0.88888889,0.65834768,1.35018155,0.80212905,148.82592593,-69.15802469
d1,oos,150,200,bb_expand+horizontal_break_up+close_near_high+cross_group_bull,69,0.85507246,0.63500678,1.34655642,0.75336478,151.83188406,-57.60724638
d1,discovery,150,200,adx25+atr_expand+breakout20_up+strong_close_bull,46,0.89130435,0.66077813,1.34887084,0.76962171,268.31956522,-105.13913043
d1,validation,150,200,adx25+atr_expand+breakout20_up+strong_close_bull,14,0.92857143,0.65834768,1.41045752,0.68531296,184.08571429,-7.55714286
d1,oos,150,200,adx25+atr_expand+breakout20_up+strong_close_bull,15,1.00000000,0.63500678,1.57478632,0.79611670,202.46666667,21.20000000
d1,discovery,150,200,adx25+atr_expand+strong_close_bull+mtf_adx_rising,55,0.89090909,0.66077813,1.34827267,0.78174451,240.90000000,-94.00545455
d1,validation,150,200,adx25+atr_expand+strong_close_bull+mtf_adx_rising,14,0.92857143,0.65834768,1.41045752,0.68531296,184.08571429,-7.55714286
d1,oos,150,200,adx25+atr_expand+strong_close_bull+mtf_adx_rising,15,1.00000000,0.63500678,1.57478632,0.79611670,202.46666667,21.20000000
d1,discovery,150,200,trend_bull+bb_expand+strong_close_bull+cross_group_return_up,284,0.89084507,0.66077813,1.34817578,0.84922909,181.91866197,-96.04119718
d1,validation,150,200,trend_bull+bb_expand+strong_close_bull+cross_group_return_up,81,0.90123457,0.65834768,1.36893408,0.81703499,159.78271605,-63.18641975
d1,oos,150,200,trend_bull+bb_expand+strong_close_bull+cross_group_return_up,61,0.80327869,0.63500678,1.26499229,0.68690059,140.13934426,-78.45245902
d1,discovery,150,200,sma_stack_bull+breakout20_up+close_near_high+cross_group_return_up,320,0.89062500,0.66077813,1.34784274,0.85168408,196.48468750,-87.76687500
d1,validation,150,200,sma_stack_bull+breakout20_up+close_near_high+cross_group_return_up,144,0.79166667,0.65834768,1.20250545,0.71818719,130.32847222,-75.83958333
d1,oos,150,200,sma_stack_bull+breakout20_up+close_near_high+cross_group_return_up,110,0.77272727,0.63500678,1.21688034,0.68599505,130.81454545,-77.38000000
d1,discovery,150,200,di_strong_bull+volatility+strong_close_bull+cross_group_bull,300,0.89000000,0.66077813,1.34689688,0.84954377,160.31966667,-67.43966667
d1,validation,150,200,di_strong_bull+volatility+strong_close_bull+cross_group_bull,42,0.85714286,0.65834768,1.30196078,0.72158911,113.59047619,-103.14285714
d1,oos,150,200,di_strong_bull+volatility+strong_close_bull+cross_group_bull,56,0.89285714,0.63500678,1.40605922,0.78531555,143.79107143,-33.75000000
d1,discovery,150,200,adx25+bb_expand+strong_close_bull+cross_group_bull,181,0.88950276,0.66077813,1.34614438,0.83549298,178.82596685,-106.26795580
d1,validation,150,200,adx25+bb_expand+strong_close_bull+cross_group_bull,29,0.79310345,0.65834768,1.20468785,0.61609910,113.41034483,-49.87931034
d1,oos,150,200,adx25+bb_expand+strong_close_bull+cross_group_bull,23,0.86956522,0.63500678,1.36937941,0.67872518,152.20869565,-75.18260870
d1,discovery,150,200,bb_expand+horizontal_break_up+strong_close_bull+cross_group_bull,289,0.88927336,0.66077813,1.34579720,0.84786617,169.36955017,-94.00553633
d1,validation,150,200,bb_expand+horizontal_break_up+strong_close_bull+cross_group_bull,69,0.94202899,0.65834768,1.43089893,0.86020757,164.02318841,-59.24782609
d1,oos,150,200,bb_expand+horizontal_break_up+strong_close_bull+cross_group_bull,60,0.85000000,0.63500678,1.33856838,0.73885411,152.22000000,-60.59500000
d1,discovery,150,200,price200_bull+volatility+strong_close_bull+cross_group_bull,343,0.88921283,0.66077813,1.34570560,0.85159034,168.51486880,-82.18833819
d1,validation,150,200,price200_bull+volatility+strong_close_bull+cross_group_bull,31,0.80645161,0.65834768,1.22496310,0.63719742,116.22580645,-99.09354839
d1,oos,150,200,price200_bull+volatility+strong_close_bull+cross_group_bull,59,0.89830508,0.63500678,1.41463856,0.79536186,143.08983051,-52.87966102
d1,discovery,150,200,price200_bull+bb_expand+strong_close_bull+cross_group_return_up,370,0.88918919,0.66077813,1.34566983,0.85312025,170.94135135,-86.63378378
d1,validation,150,200,price200_bull+bb_expand+strong_close_bull+cross_group_return_up,105,0.89523810,0.65834768,1.35982571,0.82208794,150.65333333,-81.97523810
d1,oos,150,200,price200_bull+bb_expand+strong_close_bull+cross_group_return_up,73,0.82191781,0.63500678,1.29434492,0.71878271,146.71369863,-69.67808219
d1,discovery,150,200,sma_stack_bull+atr_expand+strong_close_bull+mtf_di_strong_bull,54,0.88888889,0.66077813,1.34521536,0.77805299,273.15555556,-128.37037037
d1,validation,150,200,sma_stack_bull+atr_expand+strong_close_bull+mtf_di_strong_bull,33,0.96969697,0.65834768,1.47292533,0.84681275,212.11515152,-18.16666667
d1,oos,150,200,sma_stack_bull+atr_expand+strong_close_bull+mtf_di_strong_bull,14,1.00000000,0.63500678,1.57478632,0.78468920,269.55000000,50.65000000
d1,discovery,150,200,trend_bull+atr_expand+strong_close_bull+cross_group_return_up,36,0.88888889,0.66077813,1.34521536,0.74685191,211.30277778,-185.37777778
d1,validation,150,200,trend_bull+atr_expand+strong_close_bull+cross_group_return_up,31,0.96774194,0.65834768,1.46995572,0.83805895,217.59032258,-16.52258065
d1,oos,150,200,trend_bull+atr_expand+strong_close_bull+cross_group_return_up,20,1.00000000,0.63500678,1.57478632,0.83887484,273.82500000,46.34500000
d1,discovery,150,200,trend_bull+bb_expand+strong_close_bull+cross_group_bull,268,0.88805970,0.66077813,1.34396050,0.84469646,177.19402985,-100.84664179
d1,validation,150,200,trend_bull+bb_expand+strong_close_bull+cross_group_bull,75,0.89333333,0.65834768,1.35693246,0.80338637,148.42133333,-75.67333333
d1,oos,150,200,trend_bull+bb_expand+strong_close_bull+cross_group_bull,54,0.83333333,0.63500678,1.31232194,0.71263486,151.99259259,-77.16851852
d1,discovery,150,200,trend_bull+bb_expand+close_near_high+cross_group_bull,330,0.88787879,0.66077813,1.34368671,0.84927718,176.39242424,-96.93787879
d1,validation,150,200,trend_bull+bb_expand+close_near_high+cross_group_bull,84,0.86904762,0.65834768,1.32004357,0.78053927,139.49642857,-79.25714286
d1,oos,150,200,trend_bull+bb_expand+close_near_high+cross_group_bull,63,0.84126984,0.63500678,1.32482024,0.73188423,151.60000000,-71.52857143
d1,discovery,150,200,sma_stack_bull+volatility+strong_close_bull+cross_group_return_up,160,0.88750000,0.66077813,1.34311346,0.82918554,183.26875000,-107.57437500
d1,validation,150,200,sma_stack_bull+volatility+strong_close_bull+cross_group_return_up,28,0.78571429,0.65834768,1.19346405,0.60461414,162.61785714,-38.67500000
d1,oos,150,200,sma_stack_bull+volatility+strong_close_bull+cross_group_return_up,36,0.83333333,0.63500678,1.31232194,0.68109206,127.82500000,-94.26944444
d1,discovery,150,200,trend_bull+atr_expand+strong_close_bull+mtf_adx_rising,80,0.88750000,0.66077813,1.34311346,0.79981782,221.51500000,-97.13375000
d1,validation,150,200,trend_bull+atr_expand+strong_close_bull+mtf_adx_rising,31,0.96774194,0.65834768,1.46995572,0.83805895,217.59032258,-16.52258065
d1,oos,150,200,trend_bull+atr_expand+strong_close_bull+mtf_adx_rising,20,1.00000000,0.63500678,1.57478632,0.83887484,273.82500000,46.34500000
d1,discovery,150,200,bb_expand+horizontal_break_up+strong_close_bull+cross_group_return_up,302,0.88741722,0.66077813,1.34298818,0.84679431,173.14205298,-90.90364238
d1,validation,150,200,bb_expand+horizontal_break_up+strong_close_bull+cross_group_return_up,75,0.94666667,0.65834768,1.43794336,0.87074013,175.04533333,-47.07600000
d1,oos,150,200,bb_expand+horizontal_break_up+strong_close_bull+cross_group_return_up,67,0.80597015,0.63500678,1.26923077,0.69580888,141.02388060,-63.81641791
d1,discovery,150,200,adx25+atr_expand+strong_close_bull+mtf_di_strong_bull,62,0.88709677,0.66077813,1.34250323,0.78480258,267.55967742,-90.05322581
d1,validation,150,200,adx25+atr_expand+strong_close_bull+mtf_di_strong_bull,15,0.86666667,0.65834768,1.31642702,0.62118017,174.58666667,-23.62000000
d1,oos,150,200,adx25+atr_expand+strong_close_bull+mtf_di_strong_bull,15,1.00000000,0.63500678,1.57478632,0.79611670,202.46666667,21.20000000
d1,discovery,150,200,trend_bull+atr_expand+strong_close_bull,88,0.88636364,0.66077813,1.34139373,0.80331436,216.00113636,-106.14659091
d1,validation,150,200,trend_bull+atr_expand+strong_close_bull,33,0.96969697,0.65834768,1.47292533,0.84681275,212.11515152,-18.16666667
d1,oos,150,200,trend_bull+atr_expand+strong_close_bull,20,1.00000000,0.63500678,1.57478632,0.83887484,273.82500000,46.34500000
d1,discovery,150,200,trend_bull+macd_accel_up+atr_expand+strong_close_bull,88,0.88636364,0.66077813,1.34139373,0.80331436,216.00113636,-106.14659091
d1,validation,150,200,trend_bull+macd_accel_up+atr_expand+strong_close_bull,33,0.96969697,0.65834768,1.47292533,0.84681275,212.11515152,-18.16666667
d1,oos,150,200,trend_bull+macd_accel_up+atr_expand+strong_close_bull,20,1.00000000,0.63500678,1.57478632,0.83887484,273.82500000,46.34500000
d1,discovery,150,200,trend_bull+atr_expand+strong_close_bull+mtf_macd_bull,88,0.88636364,0.66077813,1.34139373,0.80331436,216.00113636,-106.14659091
d1,validation,150,200,trend_bull+atr_expand+strong_close_bull+mtf_macd_bull,33,0.96969697,0.65834768,1.47292533,0.84681275,212.11515152,-18.16666667
d1,oos,150,200,trend_bull+atr_expand+strong_close_bull+mtf_macd_bull,20,1.00000000,0.63500678,1.57478632,0.83887484,273.82500000,46.34500000
d1,discovery,150,200,volatility+nr4+mtf_macd_bull+cross_group_return_up,44,0.88636364,0.66077813,1.34139373,0.76020848,148.18409091,-74.49545455
d1,validation,150,200,volatility+nr4+mtf_macd_bull+cross_group_return_up,27,0.66666667,0.65834768,1.01263617,0.47824761,72.07777778,-112.22962963
d1,oos,150,200,volatility+nr4+mtf_macd_bull+cross_group_return_up,6,1.00000000,0.63500678,1.57478632,0.60966571,169.36666667,-53.85000000
d1,discovery,150,200,price200_bull+atr_expand+strong_close_bull+mtf_adx_rising,123,0.88617886,0.66077813,1.34111410,0.81798932,178.88130081,-76.28943089
d1,validation,150,200,price200_bull+atr_expand+strong_close_bull+mtf_adx_rising,34,0.97058824,0.65834768,1.47427912,0.85084427,220.75294118,-8.72647059
d1,oos,150,200,price200_bull+atr_expand+strong_close_bull+mtf_adx_rising,37,0.75675676,0.63500678,1.19173019,0.59882708,188.06486486,-5.01891892
d1,discovery,150,200,trend_bull+di_strong_bull+atr_expand+strong_close_bull,79,0.88607595,0.66077813,1.34095835,0.79745207,219.86455696,-98.76835443
d1,validation,150,200,trend_bull+di_strong_bull+atr_expand+strong_close_bull,31,0.96774194,0.65834768,1.46995572,0.83805895,217.59032258,-16.52258065
d1,oos,150,200,trend_bull+di_strong_bull+atr_expand+strong_close_bull,20,1.00000000,0.63500678,1.57478632,0.83887484,273.82500000,46.34500000
d1,discovery,150,200,adx25+volatility+nr4,35,0.88571429,0.66077813,1.34041102,0.74048531,114.07428571,-184.47142857
d1,validation,150,200,adx25+volatility+nr4,0,,0.65834768,,,,
d1,oos,150,200,adx25+volatility+nr4,7,0.85714286,0.63500678,1.34981685,0.48687217,157.71428571,-58.97142857
d1,discovery,150,200,atr_expand+breakout20_up+strong_close_bull,113,0.88495575,0.66077813,1.33926308,0.81307592,187.91415929,-81.53628319
d1,validation,150,200,atr_expand+breakout20_up+strong_close_bull,39,0.94871795,0.65834768,1.44105916,0.83114360,201.14102564,-17.57179487
d1,oos,150,200,atr_expand+breakout20_up+strong_close_bull,45,0.71111111,0.63500678,1.11984805,0.56631459,165.62888889,-8.56888889
d1,discovery,150,200,macd_accel_up+atr_expand+breakout20_up+strong_close_bull,113,0.88495575,0.66077813,1.33926308,0.81307592,187.91415929,-81.53628319
d1,validation,150,200,macd_accel_up+atr_expand+breakout20_up+strong_close_bull,39,0.94871795,0.65834768,1.44105916,0.83114360,201.14102564,-17.57179487
d1,oos,150,200,macd_accel_up+atr_expand+breakout20_up+strong_close_bull,45,0.71111111,0.63500678,1.11984805,0.56631459,165.62888889,-8.56888889
d1,discovery,150,200,atr_expand+breakout20_up+strong_close_bull+mtf_macd_bull,113,0.88495575,0.66077813,1.33926308,0.81307592,187.91415929,-81.53628319
d1,validation,150,200,atr_expand+breakout20_up+strong_close_bull+mtf_macd_bull,39,0.94871795,0.65834768,1.44105916,0.83114360,201.14102564,-17.57179487
d1,oos,150,200,atr_expand+breakout20_up+strong_close_bull+mtf_macd_bull,45,0.71111111,0.63500678,1.11984805,0.56631459,165.62888889,-8.56888889
d1,discovery,150,200,atr_expand+breakout20_up+strong_close_bull+mtf_adx_rising,113,0.88495575,0.66077813,1.33926308,0.81307592,187.91415929,-81.53628319
d1,validation,150,200,atr_expand+breakout20_up+strong_close_bull+mtf_adx_rising,39,0.94871795,0.65834768,1.44105916,0.83114360,201.14102564,-17.57179487
d1,oos,150,200,atr_expand+breakout20_up+strong_close_bull+mtf_adx_rising,45,0.71111111,0.63500678,1.11984805,0.56631459,165.62888889,-8.56888889
d1,discovery,150,200,atr_expand+breakout20_up+strong_close_bull+mtf_di_strong_bull,113,0.88495575,0.66077813,1.33926308,0.81307592,187.91415929,-81.53628319
d1,validation,150,200,atr_expand+breakout20_up+strong_close_bull+mtf_di_strong_bull,39,0.94871795,0.65834768,1.44105916,0.83114360,201.14102564,-17.57179487
d1,oos,150,200,atr_expand+breakout20_up+strong_close_bull+mtf_di_strong_bull,45,0.71111111,0.63500678,1.11984805,0.56631459,165.62888889,-8.56888889
d1,discovery,150,200,price200_bull+atr_expand+breakout20_up+strong_close_bull,104,0.88461538,0.66077813,1.33874798,0.80907950,190.55865385,-85.29807692
d1,validation,150,200,price200_bull+atr_expand+breakout20_up+strong_close_bull,34,0.97058824,0.65834768,1.47427912,0.85084427,220.75294118,-8.72647059
d1,oos,150,200,price200_bull+atr_expand+breakout20_up+strong_close_bull,37,0.75675676,0.63500678,1.19173019,0.59882708,188.06486486,-5.01891892
d1,discovery,150,200,atr_expand+breakout20_up+strong_close_bull+cross_group_return_up,52,0.88461538,0.66077813,1.33874798,0.77028336,186.63653846,-149.70961538
d1,validation,150,200,atr_expand+breakout20_up+strong_close_bull+cross_group_return_up,34,0.97058824,0.65834768,1.47427912,0.85084427,220.75294118,-8.72647059
d1,oos,150,200,atr_expand+breakout20_up+strong_close_bull+cross_group_return_up,32,0.87500000,0.63500678,1.37793803,0.71931695,217.82500000,18.50625000
d1,discovery,150,200,adx25+atr_expand+strong_close_bull,69,0.88405797,0.66077813,1.33790441,0.78754259,275.97681159,-99.92463768
d1,validation,150,200,adx25+atr_expand+strong_close_bull,15,0.86666667,0.65834768,1.31642702,0.62118017,174.58666667,-23.62000000
d1,oos,150,200,adx25+atr_expand+strong_close_bull,15,1.00000000,0.63500678,1.57478632,0.79611670,202.46666667,21.20000000
d1,discovery,200,300,sma_stack_bull+adx25+atr_expand+strong_close_bull,36,0.80555556,0.48151815,1.67294951,0.64971957,278.31388889,-154.02222222
d1,validation,200,300,sma_stack_bull+adx25+atr_expand+strong_close_bull,14,0.57142857,0.46029610,1.24143693,0.32590645,170.57142857,-25.00000000
d1,oos,200,300,sma_stack_bull+adx25+atr_expand+strong_close_bull,5,0.80000000,0.38952164,2.05380117,0.37553463,179.96000000,-11.40000000
d1,discovery,200,300,adx25+atr_expand+horizontal_break_up+strong_close_bull,36,0.80555556,0.48151815,1.67294951,0.64971957,278.31388889,-154.02222222
d1,validation,200,300,adx25+atr_expand+horizontal_break_up+strong_close_bull,14,0.57142857,0.46029610,1.24143693,0.32590645,170.57142857,-25.00000000
d1,oos,200,300,adx25+atr_expand+horizontal_break_up+strong_close_bull,8,0.87500000,0.38952164,2.24634503,0.52911182,214.81250000,2.40000000
d1,discovery,200,300,sma_stack_bull+adx25+atr_expand+close_near_high,44,0.79545455,0.48151815,1.65197209,0.65499422,269.60000000,-159.16590909
d1,validation,200,300,sma_stack_bull+adx25+atr_expand+close_near_high,14,0.57142857,0.46029610,1.24143693,0.32590645,170.57142857,-25.00000000
d1,oos,200,300,sma_stack_bull+adx25+atr_expand+close_near_high,5,0.80000000,0.38952164,2.05380117,0.37553463,179.96000000,-11.40000000
d1,discovery,200,300,adx25+atr_expand+horizontal_break_up+close_near_high,43,0.79069767,0.48151815,1.64209318,0.64794357,270.53720930,-162.51395349
d1,validation,200,300,adx25+atr_expand+horizontal_break_up+close_near_high,14,0.57142857,0.46029610,1.24143693,0.32590645,170.57142857,-25.00000000
d1,oos,200,300,adx25+atr_expand+horizontal_break_up+close_near_high,8,0.87500000,0.38952164,2.24634503,0.52911182,214.81250000,2.40000000
d1,discovery,200,300,sma_stack_bull+breakout20_up+strong_close_bull+cross_group_bull,231,0.77922078,0.48151815,1.61825837,0.72140899,213.91428571,-114.50735931
d1,validation,200,300,sma_stack_bull+breakout20_up+strong_close_bull+cross_group_bull,90,0.63333333,0.46029610,1.37592593,0.53022305,128.27777778,-95.02888889
d1,oos,200,300,sma_stack_bull+breakout20_up+strong_close_bull+cross_group_bull,48,0.58333333,0.38952164,1.49756335,0.44281332,140.20833333,-112.59791667
d1,discovery,200,300,sma_stack_bull+breakout20_up+strong_close_bull+cross_group_return_up,235,0.77872340,0.48151815,1.61722544,0.72140552,210.43787234,-113.27574468
d1,validation,200,300,sma_stack_bull+breakout20_up+strong_close_bull+cross_group_return_up,102,0.66666667,0.46029610,1.44834308,0.57060633,139.95490196,-80.42156863
d1,oos,200,300,sma_stack_bull+breakout20_up+strong_close_bull+cross_group_return_up,57,0.50877193,0.38952164,1.30614548,0.38259898,126.87543860,-109.42280702
d1,discovery,200,300,sma_stack_bull+breakout20_up+close_near_high+cross_group_return_up,269,0.77695167,0.48151815,1.61354597,0.72350295,211.96394052,-107.13568773
d1,validation,200,300,sma_stack_bull+breakout20_up+close_near_high+cross_group_return_up,113,0.61946903,0.46029610,1.34580552,0.52741879,132.01150442,-83.78230088
d1,oos,200,300,sma_stack_bull+breakout20_up+close_near_high+cross_group_return_up,77,0.53246753,0.38952164,1.36697805,0.42215021,123.05454545,-107.52467532
d1,discovery,200,300,sma_stack_bull+breakout20_up+close_near_high+cross_group_bull,264,0.76893939,0.48151815,1.59690635,0.71445517,214.38484848,-109.45037879
d1,validation,200,300,sma_stack_bull+breakout20_up+close_near_high+cross_group_bull,101,0.57425743,0.46029610,1.24758265,0.47685015,117.95148515,-97.96435644
d1,oos,200,300,sma_stack_bull+breakout20_up+close_near_high+cross_group_bull,68,0.58823529,0.38952164,1.51014792,0.46961467,131.96029412,-109.51470588
d1,discovery,200,300,sma_stack_bull+horizontal_break_up+strong_close_bull+cross_group_bull,214,0.76168224,0.48151815,1.58183495,0.70030242,213.81635514,-120.91168224
d1,validation,200,300,sma_stack_bull+horizontal_break_up+strong_close_bull+cross_group_bull,79,0.72151899,0.46029610,1.56751055,0.61417550,141.64936709,-74.45443038
d1,oos,200,300,sma_stack_bull+horizontal_break_up+strong_close_bull+cross_group_bull,45,0.55555556,0.38952164,1.42625081,0.41176134,134.00222222,-118.32666667
d1,discovery,200,300,sma_stack_bull+horizontal_break_up+strong_close_bull+cross_group_return_up,218,0.76146789,0.48151815,1.58138979,0.70067547,210.07064220,-119.46651376
d1,validation,200,300,sma_stack_bull+horizontal_break_up+strong_close_bull+cross_group_return_up,91,0.74725275,0.46029610,1.62341752,0.64920321,152.97472527,-60.79450549
d1,oos,200,300,sma_stack_bull+horizontal_break_up+strong_close_bull+cross_group_return_up,54,0.48148148,0.38952164,1.23608404,0.35393973,120.96296296,-114.02037037
d1,discovery,200,300,sma_stack_bull+horizontal_break_up+close_near_high+cross_group_return_up,250,0.76000000,0.48151815,1.57834133,0.70337952,211.03200000,-113.04160000
d1,validation,200,300,sma_stack_bull+horizontal_break_up+close_near_high+cross_group_return_up,101,0.68316832,0.46029610,1.48419316,0.58714909,141.49603960,-66.84851485
d1,oos,200,300,sma_stack_bull+horizontal_break_up+close_near_high+cross_group_return_up,73,0.52054795,0.38952164,1.33637747,0.40781597,119.88904110,-110.47808219
d1,discovery,200,300,sma_stack_bull+horizontal_break_up+close_near_high+cross_group_bull,245,0.75102041,0.48151815,1.55969283,0.69327852,213.62163265,-115.65632653
d1,validation,200,300,sma_stack_bull+horizontal_break_up+close_near_high+cross_group_bull,90,0.64444444,0.46029610,1.40006498,0.54150173,128.42666667,-80.26333333
d1,oos,200,300,sma_stack_bull+horizontal_break_up+close_near_high+cross_group_bull,64,0.57812500,0.38952164,1.48419225,0.45610032,128.90625000,-113.00781250
d1,discovery,200,300,sma_stack_bull+di_strong_bull+strong_close_bull+cross_group_bull,265,0.74716981,0.48151815,1.55169604,0.69156350,202.74830189,-112.22188679
d1,validation,200,300,sma_stack_bull+di_strong_bull+strong_close_bull+cross_group_bull,92,0.64130435,0.46029610,1.39324307,0.53945272,129.57173913,-93.49347826
d1,oos,200,300,sma_stack_bull+di_strong_bull+strong_close_bull+cross_group_bull,66,0.68181818,0.38952164,1.75039872,0.56212550,151.03484848,-107.14393939
d1,discovery,200,300,sma_stack_bull+strong_close_bull+mtf_adx_rising+cross_group_bull,261,0.73563218,0.48151815,1.52773510,0.67899290,198.42030651,-108.78620690
d1,validation,200,300,sma_stack_bull+strong_close_bull+mtf_adx_rising+cross_group_bull,86,0.68604651,0.46029610,1.49044608,0.58179597,134.33372093,-94.15465116
d1,oos,200,300,sma_stack_bull+strong_close_bull+mtf_adx_rising+cross_group_bull,60,0.75000000,0.38952164,1.92543860,0.62767930,162.91333333,-102.16666667
d1,discovery,200,300,sma_stack_bull+bb_expand+strong_close_bull+cross_group_bull,184,0.73369565,0.48151815,1.52371338,0.66552405,191.62554348,-141.58315217
d1,validation,200,300,sma_stack_bull+bb_expand+strong_close_bull+cross_group_bull,69,0.66666667,0.46029610,1.44834308,0.54926475,135.08550725,-103.41594203
d1,oos,200,300,sma_stack_bull+bb_expand+strong_close_bull+cross_group_bull,41,0.56097561,0.38952164,1.44016545,0.41040527,136.34146341,-126.94146341
d1,discovery,200,300,sma_stack_bull+di_strong_bull+strong_close_bull+cross_group_return_up,274,0.73357664,0.48151815,1.52346623,0.67826432,196.33138686,-119.27226277
d1,validation,200,300,sma_stack_bull+di_strong_bull+strong_close_bull+cross_group_return_up,106,0.67924528,0.46029610,1.47567031,0.58546172,144.48679245,-77.36981132
d1,oos,200,300,sma_stack_bull+di_strong_bull+strong_close_bull+cross_group_return_up,75,0.61333333,0.38952164,1.57458090,0.50017477,139.60266667,-105.38533333
d1,discovery,200,300,sma_stack_bull+bb_expand+close_near_high+cross_group_bull,213,0.73239437,0.48151815,1.52101092,0.66920907,196.63474178,-132.27417840
d1,validation,200,300,sma_stack_bull+bb_expand+close_near_high+cross_group_bull,71,0.64788732,0.46029610,1.40754468,0.53182062,132.15352113,-105.30563380
d1,oos,200,300,sma_stack_bull+bb_expand+close_near_high+cross_group_bull,52,0.59615385,0.38952164,1.53047683,0.46067575,135.49230769,-110.47500000
d1,discovery,200,300,sma_stack_bull+di_strong_bull+close_near_high+cross_group_bull,312,0.73076923,0.48151815,1.51763589,0.67896432,202.07339744,-107.40544872
d1,validation,200,300,sma_stack_bull+di_strong_bull+close_near_high+cross_group_bull,107,0.59813084,0.46029610,1.29944800,0.50339459,119.35327103,-96.21121495
d1,oos,200,300,sma_stack_bull+di_strong_bull+close_near_high+cross_group_bull,95,0.69473684,0.38952164,1.78356417,0.59606604,146.33263158,-102.25789474
d1,discovery,200,300,sma_stack_bull+atr_expand+strong_close_bull,52,0.73076923,0.48151815,1.51763589,0.59747780,257.27307692,-150.48846154
d1,validation,200,300,sma_stack_bull+atr_expand+strong_close_bull,36,0.75000000,0.46029610,1.62938596,0.58929546,181.12777778,-65.60833333
d1,oos,200,300,sma_stack_bull+atr_expand+strong_close_bull,14,0.92857143,0.38952164,2.38387636,0.68531296,231.75000000,12.85000000
d1,discovery,200,300,sma_stack_bull+macd_accel_up+atr_expand+strong_close_bull,52,0.73076923,0.48151815,1.51763589,0.59747780,257.27307692,-150.48846154
d1,validation,200,300,sma_stack_bull+macd_accel_up+atr_expand+strong_close_bull,36,0.75000000,0.46029610,1.62938596,0.58929546,181.12777778,-65.60833333
d1,oos,200,300,sma_stack_bull+macd_accel_up+atr_expand+strong_close_bull,14,0.92857143,0.38952164,2.38387636,0.68531296,231.75000000,12.85000000
d1,discovery,200,300,sma_stack_bull+atr_expand+strong_close_bull+mtf_macd_bull,52,0.73076923,0.48151815,1.51763589,0.59747780,257.27307692,-150.48846154
d1,validation,200,300,sma_stack_bull+atr_expand+strong_close_bull+mtf_macd_bull,36,0.75000000,0.46029610,1.62938596,0.58929546,181.12777778,-65.60833333
d1,oos,200,300,sma_stack_bull+atr_expand+strong_close_bull+mtf_macd_bull,14,0.92857143,0.38952164,2.38387636,0.68531296,231.75000000,12.85000000
d1,discovery,200,300,sma_stack_bull+bb_expand+strong_close_bull+cross_group_return_up,185,0.72972973,0.48151815,1.51547709,0.66154413,188.38540541,-141.27459459
d1,validation,200,300,sma_stack_bull+bb_expand+strong_close_bull+cross_group_return_up,75,0.69333333,0.46029610,1.50627680,0.58169545,148.45866667,-89.12266667
d1,oos,200,300,sma_stack_bull+bb_expand+strong_close_bull+cross_group_return_up,48,0.50000000,0.38952164,1.28362573,0.36389331,127.54583333,-125.02083333
d1,discovery,200,300,sma_stack_bull+bb_expand+close_near_high+cross_group_return_up,214,0.72897196,0.48151815,1.51390339,0.66577069,193.81028037,-132.05093458
d1,validation,200,300,sma_stack_bull+bb_expand+close_near_high+cross_group_return_up,77,0.67532468,0.46029610,1.46715273,0.56458084,145.40779221,-91.23636364
d1,oos,200,300,sma_stack_bull+bb_expand+close_near_high+cross_group_return_up,59,0.54237288,0.38952164,1.39240757,0.41657837,128.43728814,-110.86610169
d1,discovery,200,300,sma_stack_bull+di_strong_bull+close_near_high+cross_group_return_up,322,0.72670807,0.48151815,1.50920183,0.67557350,197.19068323,-112.44813665
d1,validation,200,300,sma_stack_bull+di_strong_bull+close_near_high+cross_group_return_up,121,0.64462810,0.46029610,1.40046397,0.55610140,135.86446281,-81.13223140
d1,oos,200,300,sma_stack_bull+di_strong_bull+close_near_high+cross_group_return_up,104,0.64423077,0.38952164,1.65390238,0.54859047,138.49519231,-101.41250000
d1,discovery,200,300,sma_stack_bull+macd_accel_up+strong_close_bull+cross_group_bull,289,0.72664360,0.48151815,1.50906793,0.67253854,198.65813149,-119.43460208
d1,validation,200,300,sma_stack_bull+macd_accel_up+strong_close_bull+cross_group_bull,93,0.64516129,0.46029610,1.40162234,0.54393496,129.71505376,-92.60645161
d1,oos,200,300,sma_stack_bull+macd_accel_up+strong_close_bull+cross_group_bull,67,0.67164179,0.38952164,1.72427337,0.55258181,149.37761194,-115.17462687
d1,discovery,200,300,sma_stack_bull+strong_close_bull+mtf_di_strong_bull+cross_group_bull,280,0.72500000,0.48151815,1.50565456,0.66992050,201.35428571,-119.28214286
d1,validation,200,300,sma_stack_bull+strong_close_bull+mtf_di_strong_bull+cross_group_bull,93,0.64516129,0.46029610,1.40162234,0.54393496,129.71505376,-92.60645161
d1,oos,200,300,sma_stack_bull+strong_close_bull+mtf_di_strong_bull+cross_group_bull,62,0.72580645,0.38952164,1.86332767,0.60407460,158.50483871,-105.74354839
d1,discovery,200,300,sma_stack_bull+strong_close_bull+mtf_macd_bull+cross_group_bull,287,0.72473868,0.48151815,1.50511185,0.67035314,199.49268293,-120.26829268
d1,validation,200,300,sma_stack_bull+strong_close_bull+mtf_macd_bull+cross_group_bull,93,0.64516129,0.46029610,1.40162234,0.54393496,129.71505376,-92.60645161
d1,oos,200,300,sma_stack_bull+strong_close_bull+mtf_macd_bull+cross_group_bull,66,0.68181818,0.38952164,1.75039872,0.56212550,151.03484848,-107.14393939
d1,discovery,200,300,sma_stack_bull+strong_close_bull+cross_group_bull,293,0.72354949,0.48151815,1.50264219,0.66969649,197.95802048,-118.88737201
d1,validation,200,300,sma_stack_bull+strong_close_bull+cross_group_bull,93,0.64516129,0.46029610,1.40162234,0.54393496,129.71505376,-92.60645161
d1,oos,200,300,sma_stack_bull+strong_close_bull+cross_group_bull,67,0.67164179,0.38952164,1.72427337,0.55258181,149.37761194,-115.17462687
d1,discovery,200,300,sma_stack_bull+breakout20_up+impulse_bull+cross_group_return_up,313,0.72204473,0.48151815,1.49951715,0.66995085,204.71853035,-109.80000000
d1,validation,200,300,sma_stack_bull+breakout20_up+impulse_bull+cross_group_return_up,146,0.52739726,0.46029610,1.14577826,0.44675456,115.62876712,-97.38150685
d1,oos,200,300,sma_stack_bull+breakout20_up+impulse_bull+cross_group_return_up,88,0.51136364,0.38952164,1.31279904,0.40865530,116.36250000,-123.70681818
d1,discovery,200,300,sma_stack_bull+di_strong_bull+atr_expand+strong_close_bull,50,0.72000000,0.48151815,1.49527073,0.58334876,254.28600000,-159.35200000
d1,validation,200,300,sma_stack_bull+di_strong_bull+atr_expand+strong_close_bull,36,0.75000000,0.46029610,1.62938596,0.58929546,181.12777778,-65.60833333
d1,oos,200,300,sma_stack_bull+di_strong_bull+atr_expand+strong_close_bull,14,0.92857143,0.38952164,2.38387636,0.68531296,231.75000000,12.85000000
d1,discovery,200,300,sma_stack_bull+atr_expand+horizontal_break_up+strong_close_bull,50,0.72000000,0.48151815,1.49527073,0.58334876,254.28600000,-159.35200000
d1,validation,200,300,sma_stack_bull+atr_expand+horizontal_break_up+strong_close_bull,36,0.75000000,0.46029610,1.62938596,0.58929546,181.12777778,-65.60833333
d1,oos,200,300,sma_stack_bull+atr_expand+horizontal_break_up+strong_close_bull,14,0.92857143,0.38952164,2.38387636,0.68531296,231.75000000,12.85000000
d1,discovery,200,300,sma_stack_bull+atr_expand+breakout20_up+strong_close_bull,50,0.72000000,0.48151815,1.49527073,0.58334876,254.28600000,-159.35200000
d1,validation,200,300,sma_stack_bull+atr_expand+breakout20_up+strong_close_bull,36,0.75000000,0.46029610,1.62938596,0.58929546,181.12777778,-65.60833333
d1,oos,200,300,sma_stack_bull+atr_expand+breakout20_up+strong_close_bull,14,0.92857143,0.38952164,2.38387636,0.68531296,231.75000000,12.85000000
d1,discovery,200,300,sma_stack_bull+atr_expand+strong_close_bull+mtf_adx_rising,50,0.72000000,0.48151815,1.49527073,0.58334876,254.28600000,-159.35200000
d1,validation,200,300,sma_stack_bull+atr_expand+strong_close_bull+mtf_adx_rising,36,0.75000000,0.46029610,1.62938596,0.58929546,181.12777778,-65.60833333
d1,oos,200,300,sma_stack_bull+atr_expand+strong_close_bull+mtf_adx_rising,14,0.92857143,0.38952164,2.38387636,0.68531296,231.75000000,12.85000000
d1,discovery,200,300,sma_stack_bull+atr_expand+strong_close_bull+mtf_di_strong_bull,50,0.72000000,0.48151815,1.49527073,0.58334876,254.28600000,-159.35200000
d1,validation,200,300,sma_stack_bull+atr_expand+strong_close_bull+mtf_di_strong_bull,36,0.75000000,0.46029610,1.62938596,0.58929546,181.12777778,-65.60833333
d1,oos,200,300,sma_stack_bull+atr_expand+strong_close_bull+mtf_di_strong_bull,14,0.92857143,0.38952164,2.38387636,0.68531296,231.75000000,12.85000000
d1,discovery,200,300,sma_stack_bull+strong_close_bull+mtf_adx_rising+cross_group_return_up,276,0.71739130,0.48151815,1.48985309,0.66156787,189.41304348,-118.76014493
d1,validation,200,300,sma_stack_bull+strong_close_bull+mtf_adx_rising+cross_group_return_up,104,0.72115385,0.46029610,1.56671727,0.62827491,148.21346154,-77.31153846
d1,oos,200,300,sma_stack_bull+strong_close_bull+mtf_adx_rising+cross_group_return_up,67,0.68656716,0.38952164,1.76259056,0.56795418,152.01492537,-97.63731343
d1,discovery,200,300,sma_stack_bull+horizontal_break_up+impulse_bull+cross_group_return_up,290,0.71724138,0.48151815,1.48954173,0.66283197,207.66517241,-112.70379310
d1,validation,200,300,sma_stack_bull+horizontal_break_up+impulse_bull+cross_group_return_up,134,0.56716418,0.46029610,1.23217247,0.48255815,121.31044776,-85.83582090
d1,oos,200,300,sma_stack_bull+horizontal_break_up+impulse_bull+cross_group_return_up,85,0.49411765,0.38952164,1.26852425,0.39040835,112.23529412,-127.13176471
d1,discovery,200,300,sma_stack_bull+bb_expand+impulse_bull+cross_group_bull,229,0.71615721,0.48151815,1.48729015,0.65457031,199.87467249,-140.22925764
d1,validation,200,300,sma_stack_bull+bb_expand+impulse_bull+cross_group_bull,88,0.55681818,0.46029610,1.20969564,0.45281791,117.87386364,-111.87386364
d1,oos,200,300,sma_stack_bull+bb_expand+impulse_bull+cross_group_bull,55,0.56363636,0.38952164,1.44699628,0.43269816,128.26727273,-114.42909091
d1,discovery,200,300,sma_stack_bull+breakout20_up+impulse_bull+cross_group_bull,308,0.71103896,0.48151815,1.47666076,0.65806291,207.25714286,-113.23051948
d1,validation,200,300,sma_stack_bull+breakout20_up+impulse_bull+cross_group_bull,134,0.48507463,0.46029610,1.05383172,0.40205717,103.56417910,-109.28880597
d1,oos,200,300,sma_stack_bull+breakout20_up+impulse_bull+cross_group_bull,78,0.56410256,0.38952164,1.44819313,0.45361987,124.44615385,-127.76923077
d1,discovery,200,300,sma_stack_bull+adx25+strong_close_bull+cross_group_return_up,145,0.71034483,0.48151815,1.47521921,0.63184197,203.67172414,-150.12965517
d1,validation,200,300,sma_stack_bull+adx25+strong_close_bull+cross_group_return_up,41,0.68292683,0.46029610,1.48366852,0.53015800,148.96341463,-38.65121951
d1,oos,200,300,sma_stack_bull+adx25+strong_close_bull+cross_group_return_up,31,0.58064516,0.38952164,1.49066214,0.40766262,123.41290323,-102.28064516
d1,discovery,200,300,sma_stack_bull+atr_expand+close_near_high,62,0.70967742,0.48151815,1.47383316,0.58712354,245.81290323,-156.72903226
d1,validation,200,300,sma_stack_bull+atr_expand+close_near_high,36,0.75000000,0.46029610,1.62938596,0.58929546,181.12777778,-65.60833333
d1,oos,200,300,sma_stack_bull+atr_expand+close_near_high,14,0.92857143,0.38952164,2.38387636,0.68531296,231.75000000,12.85000000
d1,discovery,200,300,sma_stack_bull+atr_expand+close_near_high+mtf_macd_bull,62,0.70967742,0.48151815,1.47383316,0.58712354,245.81290323,-156.72903226
d1,validation,200,300,sma_stack_bull+atr_expand+close_near_high+mtf_macd_bull,36,0.75000000,0.46029610,1.62938596,0.58929546,181.12777778,-65.60833333
d1,oos,200,300,sma_stack_bull+atr_expand+close_near_high+mtf_macd_bull,14,0.92857143,0.38952164,2.38387636,0.68531296,231.75000000,12.85000000
d1,discovery,200,300,sma_stack_bull+structure_bull_transition+strong_close_bull+cross_group_bull,254,0.70866142,0.48151815,1.47172316,0.65000430,197.71062992,-113.72795276
d1,validation,200,300,sma_stack_bull+structure_bull_transition+strong_close_bull+cross_group_bull,86,0.65116279,0.46029610,1.41466068,0.54593552,133.44069767,-95.21395349
d1,oos,200,300,sma_stack_bull+structure_bull_transition+strong_close_bull+cross_group_bull,62,0.70967742,0.38952164,1.82192039,0.58712354,155.67903226,-86.35645161
d1,discovery,200,300,sma_stack_bull+macd_accel_up+strong_close_bull+cross_group_return_up,305,0.70819672,0.48151815,1.47075810,0.65484167,189.94885246,-129.05704918
d1,validation,200,300,sma_stack_bull+macd_accel_up+strong_close_bull+cross_group_return_up,111,0.68468468,0.46029610,1.48748749,0.59330274,143.46846847,-77.07657658
d1,oos,200,300,sma_stack_bull+macd_accel_up+strong_close_bull+cross_group_return_up,77,0.61038961,0.38952164,1.56702362,0.49871067,140.18441558,-110.95844156
d1,discovery,200,300,sma_stack_bull+adx25+breakout20_up+cross_group_return_up,164,0.70731707,0.48151815,1.46893128,0.63357458,202.58841463,-126.42743902
d1,validation,200,300,sma_stack_bull+adx25+breakout20_up+cross_group_return_up,75,0.38666667,0.46029610,0.84003899,0.28455217,86.59600000,-94.58533333
d1,oos,200,300,sma_stack_bull+adx25+breakout20_up+cross_group_return_up,47,0.46808511,0.38952164,1.20169217,0.33331687,95.71914894,-132.09787234
d1,discovery,200,300,sma_stack_bull+strong_close_bull+mtf_macd_bull+cross_group_return_up,303,0.70627063,0.48151815,1.46675805,0.65266041,190.68184818,-129.91023102
d1,validation,200,300,sma_stack_bull+strong_close_bull+mtf_macd_bull+cross_group_return_up,111,0.68468468,0.46029610,1.48748749,0.59330274,143.46846847,-77.07657658
d1,oos,200,300,sma_stack_bull+strong_close_bull+mtf_macd_bull+cross_group_return_up,76,0.61842105,0.38952164,1.58764235,0.50601755,141.50263158,-103.92894737
d1,discovery,200,300,sma_stack_bull+strong_close_bull+mtf_di_strong_bull+cross_group_return_up,296,0.70608108,0.48151815,1.46636441,0.65180969,192.23445946,-129.20540541
d1,validation,200,300,sma_stack_bull+strong_close_bull+mtf_di_strong_bull+cross_group_return_up,111,0.68468468,0.46029610,1.48748749,0.59330274,143.46846847,-77.07657658
d1,oos,200,300,sma_stack_bull+strong_close_bull+mtf_di_strong_bull+cross_group_return_up,69,0.66666667,0.38952164,1.71150097,0.54926475,148.36956522,-100.98260870
d1,discovery,200,300,adx25+atr_expand+breakout20_up+close_near_high,51,0.70588235,0.48151815,1.46595170,0.57000924,243.30588235,-139.93725490
d1,validation,200,300,adx25+atr_expand+breakout20_up+close_near_high,14,0.57142857,0.46029610,1.24143693,0.32590645,170.57142857,-25.00000000
d1,oos,200,300,adx25+atr_expand+breakout20_up+close_near_high,8,0.87500000,0.38952164,2.24634503,0.52911182,214.81250000,2.40000000
d1,discovery,200,300,sma_stack_bull+close_near_high+mtf_macd_bull+cross_group_bull,343,0.70553936,0.48151815,1.46523938,0.65524033,198.04023324,-115.39387755
d1,validation,200,300,sma_stack_bull+close_near_high+mtf_macd_bull+cross_group_bull,108,0.60185185,0.46029610,1.30753195,0.50756383,119.57129630,-95.42222222
d1,oos,200,300,sma_stack_bull+close_near_high+mtf_macd_bull+cross_group_bull,95,0.69473684,0.38952164,1.78356417,0.59606604,146.33263158,-102.25789474
d1,discovery,200,300,sma_stack_bull+strong_close_bull+cross_group_return_up,309,0.70550162,0.48151815,1.46516100,0.65240533,189.39773463,-128.41359223
d1,validation,200,300,sma_stack_bull+strong_close_bull+cross_group_return_up,111,0.68468468,0.46029610,1.48748749,0.59330274,143.46846847,-77.07657658
d1,oos,200,300,sma_stack_bull+strong_close_bull+cross_group_return_up,77,0.61038961,0.38952164,1.56702362,0.49871067,140.18441558,-110.95844156
d1,discovery,200,300,sma_stack_bull+close_near_high+mtf_adx_rising+cross_group_bull,309,0.70550162,0.48151815,1.46516100,0.65240533,193.01521036,-105.20161812
d1,validation,200,300,sma_stack_bull+close_near_high+mtf_adx_rising+cross_group_bull,101,0.63366337,0.46029610,1.37664293,0.53641040,122.80099010,-96.93564356
d1,oos,200,300,sma_stack_bull+close_near_high+mtf_adx_rising+cross_group_bull,88,0.75000000,0.38952164,1.92543860,0.65036970,155.56818182,-97.62386364
d1,discovery,200,300,sma_stack_bull+bb_expand+horizontal_break_up+cross_group_bull,241,0.70539419,0.48151815,1.46493790,0.64497998,200.06721992,-123.19958506
d1,validation,200,300,sma_stack_bull+bb_expand+horizontal_break_up+cross_group_bull,105,0.56190476,0.46029610,1.22074631,0.46648342,112.95714286,-104.23619048
d1,oos,200,300,sma_stack_bull+bb_expand+horizontal_break_up+cross_group_bull,54,0.53703704,0.38952164,1.37870912,0.40605356,125.03703704,-106.85185185
d1,discovery,200,300,sma_stack_bull+close_near_high+mtf_di_strong_bull+cross_group_bull,336,0.70535714,0.48151815,1.46486096,0.65451148,199.34255952,-114.75476190
d1,validation,200,300,sma_stack_bull+close_near_high+mtf_di_strong_bull+cross_group_bull,108,0.60185185,0.46029610,1.30753195,0.50756383,119.57129630,-95.42222222
d1,oos,200,300,sma_stack_bull+close_near_high+mtf_di_strong_bull+cross_group_bull,91,0.72527473,0.38952164,1.86196260,0.62585218,151.21538462,-101.08901099
d1,discovery,200,300,sma_stack_bull+macd_accel_up+breakout20_up+strong_close_bull,380,0.70526316,0.48151815,1.46466578,0.65755215,199.57657895,-111.33631579
d1,validation,200,300,sma_stack_bull+macd_accel_up+breakout20_up+strong_close_bull,123,0.58536585,0.46029610,1.27171588,0.49700544,132.10731707,-90.84796748
d1,oos,200,300,sma_stack_bull+macd_accel_up+breakout20_up+strong_close_bull,69,0.42028986,0.38952164,1.07898974,0.31106115,115.72028986,-109.18985507
d1,discovery,200,300,sma_stack_bull+horizontal_break_up+impulse_bull+cross_group_bull,285,0.70526316,0.48151815,1.46466578,0.64988357,210.46035088,-116.46210526
d1,validation,200,300,sma_stack_bull+horizontal_break_up+impulse_bull+cross_group_bull,123,0.52845528,0.46029610,1.14807683,0.44071658,109.94227642,-97.34959350
d1,oos,200,300,sma_stack_bull+horizontal_break_up+impulse_bull+cross_group_bull,75,0.54666667,0.38952164,1.40343080,0.43448374,120.09200000,-131.81333333
d1,discovery,200,300,sma_stack_bull+macd_accel_up+close_near_high+cross_group_bull,346,0.70520231,0.48151815,1.46453941,0.65511760,196.80895954,-115.14219653
d1,validation,200,300,sma_stack_bull+macd_accel_up+close_near_high+cross_group_bull,108,0.60185185,0.46029610,1.30753195,0.50756383,119.57129630,-95.42222222
d1,oos,200,300,sma_stack_bull+macd_accel_up+close_near_high+cross_group_bull,96,0.68750000,0.38952164,1.76498538,0.58908120,145.22500000,-107.91354167
d1,discovery,200,300,sma_stack_bull+macd_accel_up+atr_expand+close_near_high,61,0.70491803,0.48151815,1.46394903,0.58110598,246.08360656,-159.04918033
d1,validation,200,300,sma_stack_bull+macd_accel_up+atr_expand+close_near_high,36,0.75000000,0.46029610,1.62938596,0.58929546,181.12777778,-65.60833333
d1,oos,200,300,sma_stack_bull+macd_accel_up+atr_expand+close_near_high,14,0.92857143,0.38952164,2.38387636,0.68531296,231.75000000,12.85000000
d1,discovery,200,300,sma_stack_bull+adx25+horizontal_break_up+cross_group_return_up,162,0.70370370,0.48151815,1.46142716,0.62932927,203.42592593,-127.72592593
d1,validation,200,300,sma_stack_bull+adx25+horizontal_break_up+cross_group_return_up,75,0.38666667,0.46029610,0.84003899,0.28455217,86.59600000,-94.58533333
d1,oos,200,300,sma_stack_bull+adx25+horizontal_break_up+cross_group_return_up,47,0.46808511,0.38952164,1.20169217,0.33331687,95.71914894,-132.09787234
d1,discovery,200,300,trend_bull+adx25+atr_expand+close_near_high,54,0.70370370,0.48151815,1.46142716,0.57172427,234.87777778,-141.31296296
d1,validation,200,300,trend_bull+adx25+atr_expand+close_near_high,14,0.57142857,0.46029610,1.24143693,0.32590645,170.57142857,-25.00000000
d1,oos,200,300,trend_bull+adx25+atr_expand+close_near_high,8,0.87500000,0.38952164,2.24634503,0.52911182,214.81250000,2.40000000
d1,discovery,200,300,sma_stack_bull+breakout20_up+strong_close_bull+mtf_adx_rising,361,0.70360111,0.48151815,1.46121409,0.65454887,196.93462604,-108.04182825
d1,validation,200,300,sma_stack_bull+breakout20_up+strong_close_bull+mtf_adx_rising,117,0.61538462,0.46029610,1.33693207,0.52489764,135.73760684,-91.19829060
d1,oos,200,300,sma_stack_bull+breakout20_up+strong_close_bull+mtf_adx_rising,62,0.46774194,0.38952164,1.20081117,0.34908833,124.14032258,-103.36774194
d1,discovery,200,300,sma_stack_bull+close_near_high+cross_group_bull,350,0.70285714,0.48151815,1.45966905,0.65298717,196.24400000,-114.73314286
d1,validation,200,300,sma_stack_bull+close_near_high+cross_group_bull,108,0.60185185,0.46029610,1.30753195,0.50756383,119.57129630,-95.42222222
d1,oos,200,300,sma_stack_bull+close_near_high+cross_group_bull,96,0.68750000,0.38952164,1.76498538,0.58908120,145.22500000,-107.91354167
d1,discovery,200,300,sma_stack_bull+structure_bull_transition+strong_close_bull+cross_group_return_up,265,0.70188679,0.48151815,1.45765386,0.64424655,192.59660377,-116.92037736
d1,validation,200,300,sma_stack_bull+structure_bull_transition+strong_close_bull+cross_group_return_up,101,0.70297030,0.46029610,1.52721325,0.60774958,148.90297030,-78.40297030
d1,oos,200,300,sma_stack_bull+structure_bull_transition+strong_close_bull+cross_group_return_up,72,0.63888889,0.38952164,1.64018843,0.52352480,144.97222222,-85.85000000
d1,discovery,200,300,sma_stack_bull+breakout20_up+strong_close_bull+mtf_macd_bull,377,0.70026525,0.48151815,1.45428630,0.65218840,198.74933687,-112.23899204
d1,validation,200,300,sma_stack_bull+breakout20_up+strong_close_bull+mtf_macd_bull,123,0.58536585,0.46029610,1.27171588,0.49700544,132.10731707,-90.84796748
d1,oos,200,300,sma_stack_bull+breakout20_up+strong_close_bull+mtf_macd_bull,69,0.42028986,0.38952164,1.07898974,0.31106115,114.93478261,-112.22318841
d1,discovery,200,300,sma_stack_bull+di_strong_bull+atr_expand+close_near_high,60,0.70000000,0.48151815,1.45373544,0.57491292,242.94166667,-164.32333333
d1,validation,200,300,sma_stack_bull+di_strong_bull+atr_expand+close_near_high,36,0.75000000,0.46029610,1.62938596,0.58929546,181.12777778,-65.60833333
d1,oos,200,300,sma_stack_bull+di_strong_bull+atr_expand+close_near_high,14,0.92857143,0.38952164,2.38387636,0.68531296,231.75000000,12.85000000
d1,discovery,200,300,sma_stack_bull+atr_expand+close_near_high+mtf_di_strong_bull,60,0.70000000,0.48151815,1.45373544,0.57491292,242.94166667,-164.32333333
d1,validation,200,300,sma_stack_bull+atr_expand+close_near_high+mtf_di_strong_bull,36,0.75000000,0.46029610,1.62938596,0.58929546,181.12777778,-65.60833333
d1,oos,200,300,sma_stack_bull+atr_expand+close_near_high+mtf_di_strong_bull,14,0.92857143,0.38952164,2.38387636,0.68531296,231.75000000,12.85000000
d1,discovery,200,300,trend_bull+atr_expand+breakout20_up+cross_group_return_up,30,0.70000000,0.48151815,1.45373544,0.52124213,230.15666667,-241.18666667
d1,validation,200,300,trend_bull+atr_expand+breakout20_up+cross_group_return_up,58,0.55172414,0.46029610,1.19862876,0.42452083,125.87586207,-138.15344828
d1,oos,200,300,trend_bull+atr_expand+breakout20_up+cross_group_return_up,25,0.64000000,0.38952164,1.64304094,0.44518498,166.32000000,-58.26400000
d1,discovery,200,300,sma_stack_bull+di_strong_bull+breakout20_up+strong_close_bull,382,0.69895288,0.48151815,1.45156081,0.65115884,197.76125654,-113.40602094
d1,validation,200,300,sma_stack_bull+di_strong_bull+breakout20_up+strong_close_bull,123,0.58536585,0.46029610,1.27171588,0.49700544,132.10731707,-90.84796748
d1,oos,200,300,sma_stack_bull+di_strong_bull+breakout20_up+strong_close_bull,70,0.41428571,0.38952164,1.06357561,0.30630179,114.02714286,-111.01428571
d1,discovery,200,300,sma_stack_bull+adx25+strong_close_bull+cross_group_bull,136,0.69852941,0.48151815,1.45068137,0.61682251,207.60514706,-150.50367647
d1,validation,200,300,sma_stack_bull+adx25+strong_close_bull+cross_group_bull,31,0.61290323,0.46029610,1.33154122,0.43824109,109.33225806,-65.44838710
d1,oos,200,300,sma_stack_bull+adx25+strong_close_bull+cross_group_bull,23,0.69565217,0.38952164,1.78591406,0.49134244,136.15652174,-120.18695652
d1,discovery,200,300,sma_stack_bull+close_near_high+mtf_adx_rising+cross_group_return_up,325,0.69846154,0.48151815,1.45054041,0.64648720,186.19692308,-112.76276923
d1,validation,200,300,sma_stack_bull+close_near_high+mtf_adx_rising+cross_group_return_up,119,0.68067227,0.46029610,1.47877046,0.59238424,138.97647059,-81.14453782
d1,oos,200,300,sma_stack_bull+close_near_high+mtf_adx_rising+cross_group_return_up,95,0.70526316,0.38952164,1.81058787,0.60705059,148.42315789,-94.76421053
d1,discovery,200,300,sma_stack_bull+breakout20_up+strong_close_bull,388,0.69845361,0.48151815,1.45052394,0.65102637,197.76546392,-112.19175258
d1,validation,200,300,sma_stack_bull+breakout20_up+strong_close_bull,123,0.58536585,0.46029610,1.27171588,0.49700544,132.10731707,-90.84796748
d1,oos,200,300,sma_stack_bull+breakout20_up+strong_close_bull,70,0.41428571,0.38952164,1.06357561,0.30630179,114.02714286,-111.01428571
d1,discovery,200,300,sma_stack_bull+breakout20_up+strong_close_bull+mtf_di_strong_bull,380,0.69736842,0.48151815,1.44827026,0.64939282,199.47131579,-113.52973684
d1,validation,200,300,sma_stack_bull+breakout20_up+strong_close_bull+mtf_di_strong_bull,123,0.58536585,0.46029610,1.27171588,0.49700544,132.10731707,-90.84796748
d1,oos,200,300,sma_stack_bull+breakout20_up+strong_close_bull+mtf_di_strong_bull,64,0.45312500,0.38952164,1.16328582,0.33729448,121.08125000,-106.79531250
d1,discovery,200,300,sma_stack_bull+close_near_high+mtf_macd_bull+cross_group_return_up,360,0.69722222,0.48151815,1.44796664,0.64788343,191.20000000,-122.72750000
d1,validation,200,300,sma_stack_bull+close_near_high+mtf_macd_bull+cross_group_return_up,126,0.65079365,0.46029610,1.41385872,0.56421287,135.30952381,-80.72460317
d1,oos,200,300,sma_stack_bull+close_near_high+mtf_macd_bull+cross_group_return_up,105,0.64761905,0.38952164,1.66260095,0.55251149,139.88095238,-100.39619048
d1,discovery,200,300,sma_stack_bull+macd_accel_up+close_near_high+cross_group_return_up,363,0.69696970,0.48151815,1.44744221,0.64783362,190.08292011,-122.42699725
d1,validation,200,300,sma_stack_bull+macd_accel_up+close_near_high+cross_group_return_up,126,0.65079365,0.46029610,1.41385872,0.56421287,135.30952381,-80.72460317
d1,oos,200,300,sma_stack_bull+macd_accel_up+close_near_high+cross_group_return_up,106,0.64150943,0.38952164,1.64691603,0.54674200,138.93867925,-105.53584906
d1,discovery,200,300,sma_stack_bull+close_near_high+mtf_di_strong_bull+cross_group_return_up,353,0.69688385,0.48151815,1.44726393,0.64703082,192.30396601,-122.26458924
d1,validation,200,300,sma_stack_bull+close_near_high+mtf_di_strong_bull+cross_group_return_up,126,0.65079365,0.46029610,1.41385872,0.56421287,135.30952381,-80.72460317
d1,oos,200,300,sma_stack_bull+close_near_high+mtf_di_strong_bull+cross_group_return_up,98,0.68367347,0.38952164,1.75516171,0.58616122,144.60000000,-98.06938776
d1,discovery,200,300,sma_stack_bull+adx25+strong_close_bull+mtf_adx_rising,227,0.69603524,0.48151815,1.44550157,0.63334737,204.41806167,-128.61629956
d1,validation,200,300,sma_stack_bull+adx25+strong_close_bull+mtf_adx_rising,45,0.64444444,0.46029610,1.40006498,0.49835814,144.28444444,-42.48444444
d1,oos,200,300,sma_stack_bull+adx25+strong_close_bull+mtf_adx_rising,33,0.51515152,0.38952164,1.32252348,0.35218375,116.59696970,-106.14848485
d1,discovery,200,300,sma_stack_bull+atr_expand+horizontal_break_up+close_near_high,59,0.69491525,0.48151815,1.44317561,0.56853673,243.17288136,-166.85084746
d1,validation,200,300,sma_stack_bull+atr_expand+horizontal_break_up+close_near_high,36,0.75000000,0.46029610,1.62938596,0.58929546,181.12777778,-65.60833333
d1,oos,200,300,sma_stack_bull+atr_expand+horizontal_break_up+close_near_high,14,0.92857143,0.38952164,2.38387636,0.68531296,231.75000000,12.85000000
d1,discovery,200,300,sma_stack_bull+atr_expand+breakout20_up+close_near_high,59,0.69491525,0.48151815,1.44317561,0.56853673,243.17288136,-166.85084746
d1,validation,200,300,sma_stack_bull+atr_expand+breakout20_up+close_near_high,36,0.75000000,0.46029610,1.62938596,0.58929546,181.12777778,-65.60833333
d1,oos,200,300,sma_stack_bull+atr_expand+breakout20_up+close_near_high,14,0.92857143,0.38952164,2.38387636,0.68531296,231.75000000,12.85000000
d1,discovery,200,300,sma_stack_bull+atr_expand+close_near_high+mtf_adx_rising,59,0.69491525,0.48151815,1.44317561,0.56853673,243.17288136,-166.85084746
d1,validation,200,300,sma_stack_bull+atr_expand+close_near_high+mtf_adx_rising,36,0.75000000,0.46029610,1.62938596,0.58929546,181.12777778,-65.60833333
d1,oos,200,300,sma_stack_bull+atr_expand+close_near_high+mtf_adx_rising,14,0.92857143,0.38952164,2.38387636,0.68531296,231.75000000,12.85000000
d1,discovery,200,300,sma_stack_bull+close_near_high+cross_group_return_up,367,0.69482289,0.48151815,1.44298379,0.64589435,189.61743869,-121.95749319
d1,validation,200,300,sma_stack_bull+close_near_high+cross_group_return_up,126,0.65079365,0.46029610,1.41385872,0.56421287,135.30952381,-80.72460317
d1,oos,200,300,sma_stack_bull+close_near_high+cross_group_return_up,106,0.64150943,0.38952164,1.64691603,0.54674200,138.93867925,-105.53584906
d1,discovery,200,300,sma_stack_bull+macd_accel_up+breakout20_up+close_near_high,462,0.69480519,0.48151815,1.44294705,0.65135129,193.61558442,-107.62186147
d1,validation,200,300,sma_stack_bull+macd_accel_up+breakout20_up+close_near_high,135,0.54814815,0.46029610,1.19085987,0.46402335,125.10222222,-93.04518519
d1,oos,200,300,sma_stack_bull+macd_accel_up+breakout20_up+close_near_high,96,0.45833333,0.38952164,1.17665692,0.36218849,113.20416667,-109.58333333
d1,discovery,200,300,sma_stack_bull+bb_expand+breakout20_up+cross_group_bull,261,0.69348659,0.48151815,1.44020861,0.63508292,193.12528736,-120.46590038
d1,validation,200,300,sma_stack_bull+bb_expand+breakout20_up+cross_group_bull,120,0.50833333,0.46029610,1.10436160,0.42002540,105.06083333,-117.75833333
d1,oos,200,300,sma_stack_bull+bb_expand+breakout20_up+cross_group_bull,54,0.53703704,0.38952164,1.37870912,0.40605356,125.03703704,-106.85185185
