timeframe,horizon_bars,target_pips,conditions,discovery_n,discovery_hit,discovery_lift,validation_n,validation_hit,validation_lift,validation_wilson95,oos_n,oos_hit,oos_lift,oos_wilson95
h4,1,50,ichimoku_cloud_bull+adx25+atr_expand+mtf_volatility,318,0.19496855,3.91113514,70,0.25714286,4.93512605,0.16929276,53,0.15094340,4.74572822,0.07852418
h4,1,50,adx25+atr_expand+impulse_bull+mtf_volatility,224,0.17857143,3.58220327,38,0.10526316,2.02022704,0.04170257,24,0.25000000,7.86011236,0.11999366
h4,1,50,atr_expand+mtf_volatility+adx25,697,0.17647059,3.54005970,112,0.18750000,3.59852941,0.12603456,83,0.14457831,4.54560715,0.08468299
h4,1,50,adx25+atr_expand+mtf_volatility,697,0.17647059,3.54005970,112,0.18750000,3.59852941,0.12603456,83,0.14457831,4.54560715,0.08468299
h4,1,50,adx_up3+atr_expand+mtf_volatility,431,0.17633411,3.53732183,68,0.20588235,3.95132641,0.12679561,87,0.12643678,3.97522924,0.07208953
h4,1,50,adx25+atr_expand+pullback_bull+mtf_volatility,229,0.17030568,3.41638949,51,0.23529412,4.51580161,0.14004949,24,0.04166667,1.31001873,0.00739346
h4,1,50,ichimoku_cloud_bull+atr_expand+pullback_bull+mtf_volatility,226,0.16814159,3.37297724,39,0.25641026,4.92106586,0.14568781,27,0.14814815,4.65784436,0.05915928
h4,1,50,ichimoku_cloud_bull+rsi_up1+atr_expand+mtf_volatility,168,0.16666667,3.34338972,34,0.14705882,2.82237601,0.06449441,26,0.11538462,3.62774417,0.04003245
h4,1,50,ichimoku_cloud_bull+adx_up3+atr_expand+mtf_volatility,201,0.16417910,3.29348838,39,0.28205128,5.41317245,0.16543492,45,0.17777778,5.58941323,0.09294390
h4,1,50,adx_up3+atr_expand+pullback_bull+mtf_volatility,141,0.16312057,3.27225376,24,0.29166667,5.59771242,0.14914648,24,0.00000000,0.00000000,0.00000000
h4,1,50,ichimoku_cloud_bull+atr_expand+impulse_bull+mtf_volatility,171,0.15789474,3.16742184,32,0.15625000,2.99877451,0.06864420,27,0.14814815,4.65784436,0.05915928
h4,1,50,adx25+atr_expand+mtf_volatility+cross_target_relative_up,304,0.15460526,3.10143388,57,0.14035088,2.69363605,0.07287276,35,0.20000000,6.28808989,0.10042446
h4,1,50,ichimoku_cloud_bull+superbb_bull+impulse_bull+cross_group_return_up,123,0.15447154,3.09875144,31,0.22580645,4.33371284,0.11395136,17,0.11764706,3.69887640,0.03287977
h4,1,50,ichimoku_cloud_bull+superbb_bull+cross_group_return_up,125,0.15200000,3.04917142,33,0.27272727,5.23422460,0.15067441,17,0.11764706,3.69887640,0.03287977
h4,1,50,ichimoku_cloud_bull+atr_expand+mtf_volatility,569,0.15114236,3.03196677,100,0.20000000,3.83843137,0.13336693,93,0.15053763,4.73297088,0.09184177
h4,1,50,adx25+atr_expand+breakout20_up+mtf_adx25,146,0.15068493,3.02279070,20,0.00000000,0.00000000,0.00000000,14,0.21428571,6.73723917,0.07571387
h4,1,50,adx25+atr_expand+retest_up+mtf_adx25,146,0.15068493,3.02279070,20,0.00000000,0.00000000,0.00000000,13,0.23076923,7.25548833,0.08179529
h4,1,50,rsi_up1+atr_expand+mtf_volatility,378,0.14814815,2.97190197,68,0.14705882,2.82237601,0.08188818,58,0.17241379,5.42076714,0.09644293
h4,1,50,rsi_up1+atr_expand+impulse_bull+mtf_volatility,338,0.14792899,2.96750567,58,0.13793103,2.64719405,0.07158487,50,0.18000000,5.65928090,0.09770193
h4,1,50,adx_up3+atr_expand+mtf_adx25,622,0.14469453,2.90262130,94,0.08510638,1.63337505,0.04375549,112,0.09821429,3.08790128,0.05572976
h4,1,50,adx_up3+atr_expand+mtf_volatility+cross_target_relative_up,187,0.14438503,2.89641248,33,0.27272727,5.23422460,0.15067441,33,0.15151515,4.76370446,0.06650457
h4,1,50,atr_expand+breakout20_up+elliott_impulse_bull+mtf_volatility,125,0.14400000,2.88868871,20,0.05000000,0.95960784,0.00888145,19,0.21052632,6.61904199,0.08507677
h4,1,50,atr_expand+retest_up+elliott_impulse_bull+mtf_volatility,125,0.14400000,2.88868871,20,0.05000000,0.95960784,0.00888145,19,0.21052632,6.61904199,0.08507677
h4,1,50,adx_up3+atr_expand+mtf_adx25+cross_target_relative_up,271,0.14391144,2.88691215,33,0.12121212,2.32632204,0.04816161,44,0.13636364,4.28733401,0.06402954
h4,1,50,atr_expand+impulse_bull+mtf_volatility,362,0.14364641,2.88159556,63,0.14285714,2.74173669,0.07701948,62,0.17741935,5.57814426,0.10206438
h4,1,50,atr_expand+pullback_bull+mtf_volatility,420,0.14285714,2.86576261,78,0.19230769,3.69079940,0.12015206,50,0.10000000,3.14404494,0.04347576
h4,1,50,atr_expand+mtf_volatility+breakout20_up,140,0.14285714,2.86576261,24,0.08333333,1.59934641,0.02315882,20,0.20000000,6.28808989,0.08065766
h4,1,50,atr_expand+breakout20_up+mtf_volatility,140,0.14285714,2.86576261,24,0.08333333,1.59934641,0.02315882,20,0.20000000,6.28808989,0.08065766
h4,1,50,atr_expand+retest_up+mtf_volatility,140,0.14285714,2.86576261,23,0.04347826,0.83444160,0.00771667,19,0.21052632,6.61904199,0.08507677
h4,1,50,price20_bull+atr_expand+breakout20_up+mtf_volatility,140,0.14285714,2.86576261,24,0.08333333,1.59934641,0.02315882,20,0.20000000,6.28808989,0.08065766
h4,1,50,ema20_rising+atr_expand+breakout20_up+mtf_volatility,140,0.14285714,2.86576261,24,0.08333333,1.59934641,0.02315882,20,0.20000000,6.28808989,0.08065766
h4,1,50,price20_bull+atr_expand+retest_up+mtf_volatility,140,0.14285714,2.86576261,23,0.04347826,0.83444160,0.00771667,19,0.21052632,6.61904199,0.08507677
h4,1,50,ema20_rising+atr_expand+retest_up+mtf_volatility,140,0.14285714,2.86576261,23,0.04347826,0.83444160,0.00771667,19,0.21052632,6.61904199,0.08507677
h4,1,50,atr_expand+breakout20_up+retest_up+mtf_volatility,140,0.14285714,2.86576261,23,0.04347826,0.83444160,0.00771667,19,0.21052632,6.61904199,0.08507677
h4,1,50,ichimoku_cloud_bull+rsi_up1+superbb_bull+elliott_wave5_bull,135,0.14074074,2.82330687,32,0.18750000,3.59852941,0.08889545,20,0.10000000,3.14404494,0.02786648
h4,1,50,rsi_up1+superbb_bull+elliott_impulse_bull+mtf_adx25,128,0.14062500,2.82098507,22,0.09090909,1.74474153,0.02529543,21,0.09523810,2.99432852,0.02651877
h4,1,50,superbb_bull+breakout20_up+elliott_impulse_bull+mtf_adx25,128,0.14062500,2.82098507,23,0.08695652,1.66888321,0.02418000,21,0.09523810,2.99432852,0.02651877
h4,1,50,superbb_bull+retest_up+elliott_impulse_bull+mtf_adx25,128,0.14062500,2.82098507,23,0.08695652,1.66888321,0.02418000,21,0.09523810,2.99432852,0.02651877
h4,1,50,triangle_breakout_up+impulse_bull+elliott_wave5_bull,121,0.14049587,2.81839464,19,0.10526316,2.02022704,0.02935856,17,0.05882353,1.84943820,0.01046040
h4,1,50,price20_bull+triangle_breakout_up+impulse_bull+elliott_wave5_bull,121,0.14049587,2.81839464,19,0.10526316,2.02022704,0.02935856,17,0.05882353,1.84943820,0.01046040
h4,1,50,ema20_rising+triangle_breakout_up+impulse_bull+elliott_wave5_bull,121,0.14049587,2.81839464,19,0.10526316,2.02022704,0.02935856,17,0.05882353,1.84943820,0.01046040
h4,1,50,rsi_up1+atr_expand+elliott_impulse_bull+mtf_volatility,121,0.14049587,2.81839464,24,0.04166667,0.79967320,0.00739346,15,0.13333333,4.19205993,0.03736126
h4,1,50,atr_expand+mtf_volatility,1172,0.13993174,2.80707806,192,0.16145833,3.09873366,0.11613945,172,0.14534884,4.56983277,0.10042961
h4,1,50,ichimoku_cloud_bull+superbb_bull+breakout20_up+elliott_wave5_bull,136,0.13970588,2.80254726,35,0.17142857,3.29008403,0.08102640,20,0.10000000,3.14404494,0.02786648
h4,1,50,ichimoku_cloud_bull+superbb_bull+retest_up+elliott_wave5_bull,136,0.13970588,2.80254726,35,0.17142857,3.29008403,0.08102640,20,0.10000000,3.14404494,0.02786648
h4,1,50,ichimoku_cloud_bull+adx_up3+atr_expand+mtf_adx25,373,0.13941019,2.79661553,42,0.11904762,2.28478058,0.05193803,71,0.12676056,3.98540908,0.06814528
h4,1,50,rsi_up1+triangle_breakout_up+impulse_bull,151,0.13907285,2.78984837,21,0.14285714,2.74173669,0.04981012,16,0.06250000,1.96502809,0.01111934
h4,1,50,price20_bull+rsi_up1+triangle_breakout_up+impulse_bull,151,0.13907285,2.78984837,21,0.14285714,2.74173669,0.04981012,16,0.06250000,1.96502809,0.01111934
h4,1,50,ema20_rising+rsi_up1+triangle_breakout_up+impulse_bull,151,0.13907285,2.78984837,21,0.14285714,2.74173669,0.04981012,16,0.06250000,1.96502809,0.01111934
h4,1,50,ichimoku_cloud_bull+adx25+atr_expand+mtf_adx25,634,0.13880126,2.78440027,75,0.13333333,2.55895425,0.07406585,79,0.11392405,3.58182335,0.06110579
h4,1,50,atr_expand+impulse_bull+elliott_impulse_bull+mtf_volatility,137,0.13868613,2.78209071,28,0.03571429,0.68543417,0.00633252,21,0.19047619,5.98865704,0.07667565
h4,1,50,triangle_breakout_up+impulse_bull+elliott_impulse_bull,123,0.13821138,2.77256708,19,0.10526316,2.02022704,0.02935856,17,0.05882353,1.84943820,0.01046040
h4,1,50,price20_bull+triangle_breakout_up+impulse_bull+elliott_impulse_bull,123,0.13821138,2.77256708,19,0.10526316,2.02022704,0.02935856,17,0.05882353,1.84943820,0.01046040
h4,1,50,ema20_rising+triangle_breakout_up+impulse_bull+elliott_impulse_bull,123,0.13821138,2.77256708,19,0.10526316,2.02022704,0.02935856,17,0.05882353,1.84943820,0.01046040
h4,1,50,superbb_bull+elliott_impulse_bull+mtf_adx25,131,0.13740458,2.75638236,24,0.08333333,1.59934641,0.02315882,21,0.09523810,2.99432852,0.02651877
h4,1,50,price20_bull+superbb_bull+elliott_impulse_bull+mtf_adx25,131,0.13740458,2.75638236,24,0.08333333,1.59934641,0.02315882,21,0.09523810,2.99432852,0.02651877
h4,1,50,ema20_rising+superbb_bull+elliott_impulse_bull+mtf_adx25,131,0.13740458,2.75638236,24,0.08333333,1.59934641,0.02315882,21,0.09523810,2.99432852,0.02651877
h4,1,50,superbb_bull+impulse_bull+elliott_impulse_bull+mtf_adx25,131,0.13740458,2.75638236,24,0.08333333,1.59934641,0.02315882,21,0.09523810,2.99432852,0.02651877
h4,1,50,rsi_up1+triangle_breakout_up,153,0.13725490,2.75337977,24,0.12500000,2.39901961,0.04344334,16,0.06250000,1.96502809,0.01111934
h4,1,50,price20_bull+rsi_up1+triangle_breakout_up,153,0.13725490,2.75337977,24,0.12500000,2.39901961,0.04344334,16,0.06250000,1.96502809,0.01111934
h4,1,50,ema20_rising+rsi_up1+triangle_breakout_up,153,0.13725490,2.75337977,24,0.12500000,2.39901961,0.04344334,16,0.06250000,1.96502809,0.01111934
h4,1,50,rsi_up1+triangle_breakout_up+retest_up,153,0.13725490,2.75337977,22,0.13636364,2.61711230,0.04749004,16,0.06250000,1.96502809,0.01111934
h4,1,50,price20_bull+rsi_up1+triangle_breakout_up+retest_up,153,0.13725490,2.75337977,22,0.13636364,2.61711230,0.04749004,16,0.06250000,1.96502809,0.01111934
h4,1,50,ema20_rising+rsi_up1+triangle_breakout_up+retest_up,153,0.13725490,2.75337977,22,0.13636364,2.61711230,0.04749004,16,0.06250000,1.96502809,0.01111934
h4,1,50,ichimoku_cloud_bull+atr_expand+mtf_volatility+cross_group_return_up,242,0.13636364,2.73550068,42,0.23809524,4.56956116,0.13480964,36,0.08333333,2.62003745,0.02874861
h4,1,50,rsi_up1+superbb_bull+breakout20_up+mtf_adx25,132,0.13636364,2.73550068,23,0.08695652,1.66888321,0.02418000,22,0.09090909,2.85822268,0.02529543
h4,1,50,rsi_up1+superbb_bull+retest_up+mtf_adx25,132,0.13636364,2.73550068,23,0.08695652,1.66888321,0.02418000,22,0.09090909,2.85822268,0.02529543
h4,1,50,ichimoku_cloud_bull+superbb_bull+impulse_bull+elliott_wave5_bull,140,0.13571429,2.72247448,35,0.17142857,3.29008403,0.08102640,20,0.10000000,3.14404494,0.02786648
h4,1,50,price20_bull+rsi_up1+atr_expand+mtf_volatility,231,0.13419913,2.69208003,44,0.11363636,2.18092692,0.04952781,36,0.16666667,5.24007491,0.07870448
h4,1,50,ema20_rising+rsi_up1+atr_expand+mtf_volatility,231,0.13419913,2.69208003,44,0.11363636,2.18092692,0.04952781,36,0.16666667,5.24007491,0.07870448
h4,1,50,price20_bull+atr_expand+impulse_bull+mtf_volatility,246,0.13414634,2.69102099,44,0.09090909,1.74474153,0.03592219,41,0.17073171,5.36788161,0.08525252
h4,1,50,ema20_rising+atr_expand+impulse_bull+mtf_volatility,246,0.13414634,2.69102099,44,0.09090909,1.74474153,0.03592219,41,0.17073171,5.36788161,0.08525252
h4,1,50,ichimoku_cloud_bull+superbb_bull+elliott_wave5_bull,142,0.13380282,2.68412977,35,0.17142857,3.29008403,0.08102640,20,0.10000000,3.14404494,0.02786648
h4,1,50,superbb_bull+breakout20_up+mtf_adx25,135,0.13333333,2.67471177,25,0.08000000,1.53537255,0.02222040,22,0.09090909,2.85822268,0.02529543
h4,1,50,superbb_bull+retest_up+mtf_adx25,135,0.13333333,2.67471177,25,0.08000000,1.53537255,0.02222040,22,0.09090909,2.85822268,0.02529543
h4,1,50,price20_bull+superbb_bull+breakout20_up+mtf_adx25,135,0.13333333,2.67471177,25,0.08000000,1.53537255,0.02222040,22,0.09090909,2.85822268,0.02529543
h4,1,50,ema20_rising+superbb_bull+breakout20_up+mtf_adx25,135,0.13333333,2.67471177,25,0.08000000,1.53537255,0.02222040,22,0.09090909,2.85822268,0.02529543
h4,1,50,price20_bull+superbb_bull+retest_up+mtf_adx25,135,0.13333333,2.67471177,25,0.08000000,1.53537255,0.02222040,22,0.09090909,2.85822268,0.02529543
h4,1,50,ema20_rising+superbb_bull+retest_up+mtf_adx25,135,0.13333333,2.67471177,25,0.08000000,1.53537255,0.02222040,22,0.09090909,2.85822268,0.02529543
h4,1,50,superbb_bull+breakout20_up+impulse_bull+mtf_adx25,135,0.13333333,2.67471177,25,0.08000000,1.53537255,0.02222040,22,0.09090909,2.85822268,0.02529543
h4,1,50,superbb_bull+breakout20_up+retest_up+mtf_adx25,135,0.13333333,2.67471177,25,0.08000000,1.53537255,0.02222040,22,0.09090909,2.85822268,0.02529543
h4,1,50,price20_bull+adx25+atr_expand+mtf_volatility,301,0.13289037,2.66582569,53,0.03773585,0.72423233,0.01041029,26,0.11538462,3.62774417,0.04003245
h4,1,50,ema20_rising+adx25+atr_expand+mtf_volatility,301,0.13289037,2.66582569,53,0.03773585,0.72423233,0.01041029,26,0.11538462,3.62774417,0.04003245
h4,1,50,ichimoku_cloud_bull+atr_expand+mtf_volatility+cross_group_bull,205,0.13170732,2.64209334,37,0.24324324,4.66836248,0.13361353,30,0.06666667,2.09602996,0.01847702
h4,1,50,adx25+breakout20_up+impulse_bull+mtf_volatility,487,0.13141684,2.63626622,82,0.14634146,2.80860832,0.08574162,88,0.10227273,3.21550051,0.05474450
h4,1,50,rsi_up1+superbb_bull+impulse_bull+mtf_adx25,137,0.13138686,2.63566489,25,0.08000000,1.53537255,0.02222040,22,0.09090909,2.85822268,0.02529543
h4,1,50,ichimoku_cloud_bull+rsi_up1+superbb_bull+elliott_impulse_bull,160,0.13125000,2.63291940,36,0.19444444,3.73180828,0.09753095,22,0.09090909,2.85822268,0.02529543
h4,1,50,ichimoku_cloud_bull+superbb_bull+breakout20_up+elliott_impulse_bull,160,0.13125000,2.63291940,39,0.17948718,3.44474610,0.08977265,22,0.09090909,2.85822268,0.02529543
h4,1,50,ichimoku_cloud_bull+superbb_bull+retest_up+elliott_impulse_bull,160,0.13125000,2.63291940,38,0.15789474,3.03034056,0.07443863,22,0.09090909,2.85822268,0.02529543
h4,1,50,adx25+atr_expand+impulse_bull+mtf_adx25,352,0.13068182,2.62152148,49,0.08163265,1.56670668,0.03220282,34,0.11764706,3.69887640,0.04671447
h4,1,50,adx_up3+atr_expand+pullback_bull+mtf_adx25,184,0.13043478,2.61656587,31,0.09677419,1.85730550,0.03346464,34,0.00000000,0.00000000,0.00000000
h4,1,50,rsi_up1+superbb_bull+mtf_adx25,138,0.13043478,2.61656587,25,0.08000000,1.53537255,0.02222040,22,0.09090909,2.85822268,0.02529543
h4,1,50,price20_bull+rsi_up1+superbb_bull+mtf_adx25,138,0.13043478,2.61656587,25,0.08000000,1.53537255,0.02222040,22,0.09090909,2.85822268,0.02529543
h4,1,50,ema20_rising+rsi_up1+superbb_bull+mtf_adx25,138,0.13043478,2.61656587,25,0.08000000,1.53537255,0.02222040,22,0.09090909,2.85822268,0.02529543
h4,1,50,adx_up3+atr_expand+impulse_bull+mtf_adx25,186,0.12903226,2.58843075,23,0.17391304,3.33776641,0.06978654,30,0.10000000,3.14404494,0.03459989
h4,1,50,rsi_up1+superbb_bull+elliott_wave5_bull+cross_group_return_up,186,0.12903226,2.58843075,40,0.15000000,2.87882353,0.07061188,36,0.11111111,3.49338327,0.04406640
h4,1,50,adx25+atr_expand+mtf_adx25,1102,0.12885662,2.58490748,156,0.07051282,1.35329311,0.03982640,131,0.09160305,2.88004117,0.05317812
h4,1,50,adx25+horizontal_break_up+impulse_bull+mtf_volatility,365,0.12876712,2.58311205,51,0.07843137,1.50526720,0.03092220,51,0.09803922,3.08239700,0.04260807
h4,1,50,ichimoku_cloud_bull+adx25+atr_expand+horizontal_break_up,171,0.12865497,2.58086224,26,0.11538462,2.21447964,0.04003245,15,0.06666667,2.09602996,0.01186690
h4,1,50,superbb_bull+impulse_bull+mtf_adx25,140,0.12857143,2.57918635,28,0.07142857,1.37086835,0.01981206,22,0.09090909,2.85822268,0.02529543
h4,1,50,price20_bull+superbb_bull+impulse_bull+mtf_adx25,140,0.12857143,2.57918635,28,0.07142857,1.37086835,0.01981206,22,0.09090909,2.85822268,0.02529543
h4,1,50,ema20_rising+superbb_bull+impulse_bull+mtf_adx25,140,0.12857143,2.57918635,28,0.07142857,1.37086835,0.01981206,22,0.09090909,2.85822268,0.02529543
h4,1,50,adx25+atr_expand+mtf_volatility+cross_group_return_up,290,0.12758621,2.55942247,54,0.18518519,3.55410312,0.10382686,28,0.10714286,3.36861958,0.03711837
h4,1,50,ichimoku_cloud_bull+superbb_bull+impulse_bull+elliott_impulse_bull,165,0.12727273,2.55313397,38,0.15789474,3.03034056,0.07443863,22,0.09090909,2.85822268,0.02529543
h4,1,50,superbb_bull+mtf_adx25,142,0.12676056,2.54285978,28,0.07142857,1.37086835,0.01981206,22,0.09090909,2.85822268,0.02529543
h4,1,50,price20_bull+superbb_bull+mtf_adx25,142,0.12676056,2.54285978,28,0.07142857,1.37086835,0.01981206,22,0.09090909,2.85822268,0.02529543
h4,1,50,ema20_rising+superbb_bull+mtf_adx25,142,0.12676056,2.54285978,28,0.07142857,1.37086835,0.01981206,22,0.09090909,2.85822268,0.02529543
h4,1,50,volatility+breakout20_up+impulse_bull+mtf_volatility,396,0.12626263,2.53287100,68,0.08823529,1.69342561,0.04106812,56,0.07142857,2.24574639,0.02812604
h4,1,50,rsi_up1+volatility+breakout20_up+mtf_volatility,317,0.12618297,2.53127297,55,0.09090909,1.74474153,0.03945816,40,0.05000000,1.57202247,0.01382067
h4,1,50,ichimoku_cloud_bull+superbb_bull+elliott_impulse_bull,167,0.12574850,2.52255751,39,0.17948718,3.44474610,0.08977265,22,0.09090909,2.85822268,0.02529543
h4,1,50,adx25+atr_expand+mtf_volatility+cross_group_bull,232,0.12500000,2.50754229,49,0.18367347,3.52509004,0.09976341,28,0.10714286,3.36861958,0.03711837
h4,1,50,superbb_bull+impulse_bull+elliott_wave5_bull+cross_group_return_up,192,0.12500000,2.50754229,42,0.14285714,2.74173669,0.06715967,36,0.11111111,3.49338327,0.04406640
h4,1,50,ichimoku_cloud_bull+superbb_bull+horizontal_break_up+elliott_impulse_bull,128,0.12500000,2.50754229,29,0.17241379,3.30899256,0.07597857,17,0.11764706,3.69887640,0.03287977
h4,1,50,superbb_bull+elliott_wave5_bull+cross_group_return_up,193,0.12435233,2.49454984,42,0.14285714,2.74173669,0.06715967,36,0.11111111,3.49338327,0.04406640
h4,1,50,price20_bull+superbb_bull+elliott_wave5_bull+cross_group_return_up,193,0.12435233,2.49454984,42,0.14285714,2.74173669,0.06715967,36,0.11111111,3.49338327,0.04406640
h4,1,50,ema20_rising+superbb_bull+elliott_wave5_bull+cross_group_return_up,193,0.12435233,2.49454984,42,0.14285714,2.74173669,0.06715967,36,0.11111111,3.49338327,0.04406640
h4,1,50,superbb_bull+horizontal_break_up+elliott_wave5_bull+cross_group_return_up,121,0.12396694,2.48681880,27,0.14814815,2.84328250,0.05915928,27,0.14814815,4.65784436,0.05915928
h4,1,50,triangle_breakout_up+impulse_bull,186,0.12365591,2.48057947,25,0.16000000,3.07074510,0.06403451,22,0.04545455,1.42911134,0.00806943
h4,1,50,price20_bull+triangle_breakout_up+impulse_bull,186,0.12365591,2.48057947,25,0.16000000,3.07074510,0.06403451,22,0.04545455,1.42911134,0.00806943
h4,1,50,ema20_rising+triangle_breakout_up+impulse_bull,186,0.12365591,2.48057947,25,0.16000000,3.07074510,0.06403451,22,0.04545455,1.42911134,0.00806943
h4,1,100,adx25+atr_expand+impulse_bull+mtf_volatility,224,0.07142857,10.33814728,38,0.05263158,7.35939850,0.01455421,24,0.04166667,19.43194444,0.00739346
h4,1,100,adx_up3+atr_expand+pullback_bull+mtf_volatility,141,0.06382979,9.23834438,24,0.08333333,11.65238095,0.02315882,24,0.00000000,0.00000000,0.00000000
h4,1,100,ichimoku_cloud_bull+adx25+atr_expand+mtf_volatility,318,0.06289308,9.10277119,70,0.08571429,11.98530612,0.03987667,53,0.01886792,8.79937107,0.00333845
h4,1,100,adx_up3+atr_expand+mtf_volatility,431,0.06264501,9.06686699,68,0.04411765,6.16890756,0.01511662,87,0.01149425,5.36053640,0.00203191
h4,1,100,atr_expand+mtf_volatility+adx25,697,0.06025825,8.72142124,112,0.06250000,8.73928571,0.03060192,83,0.01204819,5.61887550,0.00212998
h4,1,100,adx25+atr_expand+mtf_volatility,697,0.06025825,8.72142124,112,0.06250000,8.73928571,0.03060192,83,0.01204819,5.61887550,0.00212998
h4,1,100,atr_expand+pullback_bull+mtf_volatility+cross_target_relative_up,203,0.05911330,8.55570809,42,0.04761905,6.65850340,0.01315752,24,0.04166667,19.43194444,0.00739346
h4,1,100,rsi_up1+atr_expand+mtf_volatility,378,0.05820106,8.42367556,68,0.05882353,8.22521008,0.02311077,58,0.01724138,8.04080460,0.00305004
h4,1,100,rsi_up1+atr_expand+mtf_volatility+cross_group_return_up,146,0.05479452,7.93063353,31,0.03225806,4.51059908,0.00571722,21,0.00000000,0.00000000,-0.00000000
h4,1,100,adx_up3+atr_expand+impulse_bull+mtf_adx25,186,0.05376344,7.78140118,23,0.00000000,0.00000000,0.00000000,30,0.03333333,15.54555556,0.00590859
h4,1,100,ichimoku_cloud_bull+rsi_up1+atr_expand+mtf_volatility,168,0.05357143,7.75361046,34,0.05882353,8.22521008,0.01628266,26,0.00000000,0.00000000,0.00000000
h4,1,100,rsi_up1+atr_expand+impulse_bull+mtf_volatility,338,0.05325444,7.70773111,58,0.06896552,9.64334975,0.02714425,50,0.02000000,9.32733333,0.00353926
h4,1,100,adx_up3+atr_expand+impulse_bull+mtf_adx_rising,266,0.05263158,7.61758221,53,0.03773585,5.27654987,0.01041029,43,0.02325581,10.84573643,0.00411709
h4,1,100,adx25+atr_expand+pullback_bull+mtf_volatility,229,0.05240175,7.58431766,51,0.07843137,10.96694678,0.03092220,24,0.00000000,0.00000000,0.00000000
h4,1,100,atr_expand+impulse_bull+mtf_volatility+cross_group_return_up,157,0.05095541,7.37498405,31,0.03225806,4.51059908,0.00571722,27,0.03703704,17.27283951,0.00656815
h4,1,100,adx25+atr_expand+elliott_wave5_bull+mtf_adx25,140,0.05000000,7.23670310,24,0.00000000,0.00000000,0.00000000,12,0.08333333,38.86388889,0.01486509
h4,1,100,atr_expand+impulse_bull+mtf_volatility,362,0.04972376,7.19672131,63,0.06349206,8.87800454,0.02496562,62,0.03225806,15.04408602,0.00889137
h4,1,100,rsi_up1+atr_expand+elliott_impulse_bull+mtf_volatility,121,0.04958678,7.17689563,24,0.00000000,0.00000000,0.00000000,15,0.00000000,0.00000000,0.00000000
h4,1,100,superbb_bull+horizontal_break_up+elliott_wave5_bull+cross_group_return_up,121,0.04958678,7.17689563,27,0.00000000,0.00000000,0.00000000,27,0.00000000,0.00000000,0.00000000
h4,1,100,atr_expand+elliott_impulse_bull+mtf_volatility+cross_group_return_up,121,0.04958678,7.17689563,19,0.00000000,0.00000000,0.00000000,22,0.04545455,21.19848485,0.00806943
h4,1,100,ichimoku_cloud_bull+atr_expand+mtf_volatility,569,0.04920914,7.12223855,100,0.06000000,8.38971429,0.02778612,93,0.02150538,10.02939068,0.00591750
h4,1,100,ichimoku_cloud_bull+superbb_bull+impulse_bull+cross_group_return_up,123,0.04878049,7.06019814,31,0.00000000,0.00000000,0.00000000,17,0.00000000,0.00000000,0.00000000
h4,1,100,ichimoku_cloud_bull+atr_expand+pullback_bull+mtf_volatility,226,0.04867257,7.04457824,39,0.07692308,10.75604396,0.02650740,27,0.03703704,17.27283951,0.00656815
h4,1,100,adx_up3+atr_expand+mtf_volatility+cross_target_relative_up,187,0.04812834,6.96581047,33,0.06060606,8.47445887,0.01678088,33,0.00000000,0.00000000,0.00000000
h4,1,100,ichimoku_cloud_bull+superbb_bull+cross_group_return_up,125,0.04800000,6.94723497,33,0.00000000,0.00000000,0.00000000,17,0.00000000,0.00000000,0.00000000
h4,1,100,atr_expand+breakout20_up+elliott_impulse_bull+mtf_volatility,125,0.04800000,6.94723497,20,0.00000000,0.00000000,0.00000000,19,0.05263158,24.54561404,0.00935199
h4,1,100,atr_expand+retest_up+elliott_impulse_bull+mtf_volatility,125,0.04800000,6.94723497,20,0.00000000,0.00000000,0.00000000,19,0.05263158,24.54561404,0.00935199
h4,1,100,adx25+atr_expand+breakout20_up+mtf_adx25,146,0.04794521,6.93930434,20,0.00000000,0.00000000,0.00000000,14,0.07142857,33.31190476,0.01272222
h4,1,100,adx25+atr_expand+retest_up+mtf_adx25,146,0.04794521,6.93930434,20,0.00000000,0.00000000,0.00000000,13,0.07692308,35.87435897,0.01371042
h4,1,100,ichimoku_cloud_bull+superbb_bull+horizontal_break_up+elliott_impulse_bull,128,0.04687500,6.78440915,29,0.00000000,0.00000000,0.00000000,17,0.00000000,0.00000000,0.00000000
h4,1,100,ichimoku_cloud_bull+atr_expand+impulse_bull+mtf_volatility,171,0.04678363,6.77118418,32,0.06250000,8.73928571,0.01731057,27,0.03703704,17.27283951,0.00656815
h4,1,100,atr_expand+mtf_volatility,1172,0.04607509,6.66863425,192,0.05729167,8.01101190,0.03228853,172,0.01744186,8.13430233,0.00594924
h4,1,100,adx25+atr_expand+mtf_volatility+cross_target_relative_up,304,0.04605263,6.66538443,57,0.03508772,4.90626566,0.00967566,35,0.00000000,0.00000000,0.00000000
h4,1,100,adx25+atr_expand+impulse_bull+mtf_adx25,352,0.04545455,6.57882100,49,0.02040816,2.85364431,0.00361167,34,0.02941176,13.71666667,0.00521091
h4,1,100,atr_expand+pullback_bull+mtf_volatility,420,0.04523810,6.54749328,78,0.06410256,8.96336996,0.02768932,50,0.02000000,9.32733333,0.00353926
h4,1,100,ichimoku_cloud_bull+rsi_up1+superbb_bull+elliott_wave5_bull,135,0.04444444,6.43262497,32,0.00000000,0.00000000,0.00000000,20,0.00000000,0.00000000,0.00000000
h4,1,100,adx_up3+atr_expand+mtf_adx25+cross_target_relative_up,271,0.04428044,6.40888835,33,0.00000000,0.00000000,0.00000000,44,0.04545455,21.19848485,0.01255511
h4,1,100,ichimoku_cloud_bull+superbb_bull+breakout20_up+elliott_wave5_bull,136,0.04411765,6.38532626,35,0.00000000,0.00000000,0.00000000,20,0.00000000,0.00000000,0.00000000
h4,1,100,ichimoku_cloud_bull+superbb_bull+retest_up+elliott_wave5_bull,136,0.04411765,6.38532626,35,0.00000000,0.00000000,0.00000000,20,0.00000000,0.00000000,0.00000000
h4,1,100,price20_bull+atr_expand+elliott_wave5_bull+mtf_volatility,137,0.04379562,6.33871804,21,0.00000000,0.00000000,-0.00000000,19,0.05263158,24.54561404,0.00935199
h4,1,100,ema20_rising+atr_expand+elliott_wave5_bull+mtf_volatility,137,0.04379562,6.33871804,21,0.00000000,0.00000000,-0.00000000,19,0.05263158,24.54561404,0.00935199
h4,1,100,superbb_bull+horizontal_break_up+elliott_impulse_bull+cross_group_return_up,137,0.04379562,6.33871804,33,0.03030303,4.23722944,0.00536941,31,0.00000000,0.00000000,0.00000000
h4,1,100,atr_expand+impulse_bull+elliott_impulse_bull+mtf_volatility,137,0.04379562,6.33871804,28,0.00000000,0.00000000,0.00000000,21,0.04761905,22.20793651,0.00845599
h4,1,100,rsi_up1+atr_expand+elliott_wave5_bull+mtf_adx25,183,0.04371585,6.32717211,33,0.00000000,0.00000000,0.00000000,19,0.00000000,0.00000000,0.00000000
h4,1,100,ichimoku_cloud_bull+rsi_up1+superbb_bull+horizontal_break_up,138,0.04347826,6.29278530,31,0.00000000,0.00000000,0.00000000,18,0.00000000,0.00000000,0.00000000
h4,1,100,atr_expand+elliott_wave5_bull+mtf_volatility,139,0.04316547,6.24751346,21,0.00000000,0.00000000,-0.00000000,19,0.05263158,24.54561404,0.00935199
h4,1,100,rsi_up1+superbb_bull+horizontal_break_up+cross_group_return_up,139,0.04316547,6.24751346,34,0.02941176,4.11260504,0.00521091,31,0.00000000,0.00000000,0.00000000
h4,1,100,atr_expand+breakout20_up+elliott_wave5_bull+mtf_adx25,209,0.04306220,6.23256726,35,0.00000000,0.00000000,0.00000000,24,0.04166667,19.43194444,0.00739346
h4,1,100,atr_expand+retest_up+elliott_wave5_bull+mtf_adx25,209,0.04306220,6.23256726,35,0.00000000,0.00000000,0.00000000,24,0.04166667,19.43194444,0.00739346
h4,1,100,atr_expand+mtf_volatility+breakout20_up,140,0.04285714,6.20288837,24,0.00000000,0.00000000,0.00000000,20,0.05000000,23.31833333,0.00888145
h4,1,100,atr_expand+breakout20_up+mtf_volatility,140,0.04285714,6.20288837,24,0.00000000,0.00000000,0.00000000,20,0.05000000,23.31833333,0.00888145
h4,1,100,atr_expand+retest_up+mtf_volatility,140,0.04285714,6.20288837,23,0.00000000,0.00000000,0.00000000,19,0.05263158,24.54561404,0.00935199
h4,1,100,price20_bull+atr_expand+breakout20_up+mtf_volatility,140,0.04285714,6.20288837,24,0.00000000,0.00000000,0.00000000,20,0.05000000,23.31833333,0.00888145
h4,1,100,ema20_rising+atr_expand+breakout20_up+mtf_volatility,140,0.04285714,6.20288837,24,0.00000000,0.00000000,0.00000000,20,0.05000000,23.31833333,0.00888145
h4,1,100,ichimoku_cloud_bull+superbb_bull+impulse_bull+elliott_wave5_bull,140,0.04285714,6.20288837,35,0.00000000,0.00000000,0.00000000,20,0.00000000,0.00000000,0.00000000
h4,1,100,price20_bull+atr_expand+retest_up+mtf_volatility,140,0.04285714,6.20288837,23,0.00000000,0.00000000,0.00000000,19,0.05263158,24.54561404,0.00935199
h4,1,100,ema20_rising+atr_expand+retest_up+mtf_volatility,140,0.04285714,6.20288837,23,0.00000000,0.00000000,0.00000000,19,0.05263158,24.54561404,0.00935199
h4,1,100,atr_expand+breakout20_up+retest_up+mtf_volatility,140,0.04285714,6.20288837,23,0.00000000,0.00000000,0.00000000,19,0.05263158,24.54561404,0.00935199
h4,1,100,ichimoku_cloud_bull+superbb_bull+elliott_wave5_bull,142,0.04225352,6.11552374,35,0.00000000,0.00000000,0.00000000,20,0.00000000,0.00000000,0.00000000
h4,1,100,ichimoku_cloud_bull+atr_expand+elliott_wave5_bull+mtf_adx25,142,0.04225352,6.11552374,22,0.00000000,0.00000000,0.00000000,14,0.07142857,33.31190476,0.01272222
h4,1,100,ichimoku_cloud_bull+superbb_bull+horizontal_break_up,143,0.04195804,6.07275784,34,0.00000000,0.00000000,0.00000000,18,0.00000000,0.00000000,0.00000000
h4,1,100,ichimoku_cloud_bull+superbb_bull+horizontal_break_up+impulse_bull,143,0.04195804,6.07275784,33,0.00000000,0.00000000,0.00000000,18,0.00000000,0.00000000,0.00000000
h4,1,100,ichimoku_cloud_bull+superbb_bull+horizontal_break_up+retest_up,143,0.04195804,6.07275784,32,0.00000000,0.00000000,0.00000000,18,0.00000000,0.00000000,0.00000000
h4,1,100,superbb_bull+horizontal_break_up+cross_group_return_up,144,0.04166667,6.03058591,36,0.02777778,3.88412698,0.00492041,31,0.00000000,0.00000000,0.00000000
h4,1,100,price20_bull+superbb_bull+horizontal_break_up+cross_group_return_up,144,0.04166667,6.03058591,36,0.02777778,3.88412698,0.00492041,31,0.00000000,0.00000000,0.00000000
h4,1,100,ema20_rising+superbb_bull+horizontal_break_up+cross_group_return_up,144,0.04166667,6.03058591,36,0.02777778,3.88412698,0.00492041,31,0.00000000,0.00000000,0.00000000
h4,1,100,superbb_bull+horizontal_break_up+impulse_bull+cross_group_return_up,144,0.04166667,6.03058591,34,0.00000000,0.00000000,0.00000000,31,0.00000000,0.00000000,0.00000000
h4,1,100,superbb_bull+horizontal_break_up+retest_up+cross_group_return_up,144,0.04166667,6.03058591,33,0.00000000,0.00000000,0.00000000,31,0.00000000,0.00000000,0.00000000
h4,1,100,adx25+atr_expand+mtf_volatility+cross_group_return_up,290,0.04137931,5.98899567,54,0.05555556,7.76825397,0.01907327,28,0.03571429,16.65595238,0.00633252
h4,1,100,triangle_breakout_up+impulse_bull+elliott_wave5_bull,121,0.04132231,5.98074636,19,0.05263158,7.35939850,0.00935199,17,0.00000000,0.00000000,0.00000000
h4,1,100,price20_bull+triangle_breakout_up+impulse_bull+elliott_wave5_bull,121,0.04132231,5.98074636,19,0.05263158,7.35939850,0.00935199,17,0.00000000,0.00000000,0.00000000
h4,1,100,ema20_rising+triangle_breakout_up+impulse_bull+elliott_wave5_bull,121,0.04132231,5.98074636,19,0.05263158,7.35939850,0.00935199,17,0.00000000,0.00000000,0.00000000
h4,1,100,adx25+atr_expand+elliott_impulse_bull+mtf_adx25,170,0.04117647,5.95963784,29,0.00000000,0.00000000,0.00000000,16,0.06250000,29.14791667,0.01111934
h4,1,100,atr_expand+elliott_wave5_bull+mtf_adx25+cross_group_return_up,171,0.04093567,5.92478616,29,0.00000000,0.00000000,0.00000000,22,0.04545455,21.19848485,0.00806943
h4,1,100,triangle_breakout_up+impulse_bull+elliott_impulse_bull,123,0.04065041,5.88349845,19,0.05263158,7.35939850,0.00935199,17,0.00000000,0.00000000,0.00000000
h4,1,100,price20_bull+triangle_breakout_up+impulse_bull+elliott_impulse_bull,123,0.04065041,5.88349845,19,0.05263158,7.35939850,0.00935199,17,0.00000000,0.00000000,0.00000000
h4,1,100,ema20_rising+triangle_breakout_up+impulse_bull+elliott_impulse_bull,123,0.04065041,5.88349845,19,0.05263158,7.35939850,0.00935199,17,0.00000000,0.00000000,0.00000000
h4,1,100,atr_expand+horizontal_break_up+elliott_wave5_bull+mtf_adx25,149,0.04026846,5.82821726,22,0.00000000,0.00000000,0.00000000,18,0.05555556,25.90925926,0.00987519
h4,1,100,rsi_up1+atr_expand+mtf_volatility+cross_target_relative_up,153,0.03921569,5.67584557,30,0.10000000,13.98285714,0.03459989,25,0.04000000,18.65466667,0.00709623
h4,1,100,atr_expand+impulse_bull+elliott_wave5_bull+mtf_adx25,207,0.03864734,5.59358693,38,0.00000000,0.00000000,0.00000000,24,0.04166667,19.43194444,0.00739346
h4,1,100,atr_expand+horizontal_break_up+mtf_adx25+cross_group_return_up,130,0.03846154,5.56669469,19,0.00000000,0.00000000,0.00000000,18,0.05555556,25.90925926,0.00987519
h4,1,100,adx_up3+atr_expand+mtf_adx_rising,867,0.03806228,5.50890893,174,0.01724138,2.41083744,0.00588066,167,0.01796407,8.37784431,0.00612790
h4,1,100,rsi_up1+atr_expand+breakout20_up+mtf_adx25,212,0.03773585,5.46166271,32,0.00000000,0.00000000,0.00000000,23,0.00000000,0.00000000,0.00000000
h4,1,100,rsi_up1+atr_expand+retest_up+mtf_adx25,212,0.03773585,5.46166271,32,0.00000000,0.00000000,0.00000000,22,0.00000000,0.00000000,0.00000000
h4,1,100,rsi_up1+superbb_bull+elliott_wave5_bull+cross_group_return_up,186,0.03763441,5.44698083,40,0.00000000,0.00000000,0.00000000,36,0.00000000,0.00000000,0.00000000
h4,1,100,superbb_bull+breakout20_up+elliott_wave5_bull+cross_group_return_up,186,0.03763441,5.44698083,40,0.00000000,0.00000000,0.00000000,36,0.00000000,0.00000000,0.00000000
h4,1,100,superbb_bull+retest_up+elliott_wave5_bull+cross_group_return_up,186,0.03763441,5.44698083,40,0.00000000,0.00000000,0.00000000,36,0.00000000,0.00000000,0.00000000
h4,1,100,ichimoku_cloud_bull+rsi_up1+superbb_bull+elliott_impulse_bull,160,0.03750000,5.42752732,36,0.00000000,0.00000000,0.00000000,22,0.00000000,0.00000000,0.00000000
h4,1,100,ichimoku_cloud_bull+superbb_bull+breakout20_up+elliott_impulse_bull,160,0.03750000,5.42752732,39,0.00000000,0.00000000,-0.00000000,22,0.00000000,0.00000000,0.00000000
h4,1,100,ichimoku_cloud_bull+superbb_bull+retest_up+elliott_impulse_bull,160,0.03750000,5.42752732,38,0.00000000,0.00000000,0.00000000,22,0.00000000,0.00000000,0.00000000
h4,1,100,atr_expand+breakout20_up+mtf_adx25+cross_group_return_up,187,0.03743316,5.41785259,26,0.00000000,0.00000000,0.00000000,25,0.04000000,18.65466667,0.00709623
h4,1,100,atr_expand+retest_up+mtf_adx25+cross_group_return_up,187,0.03743316,5.41785259,26,0.00000000,0.00000000,0.00000000,24,0.04166667,19.43194444,0.00739346
h4,1,100,triangle_breakout_up+mtf_volatility,135,0.03703704,5.36052081,24,0.00000000,0.00000000,0.00000000,15,0.00000000,0.00000000,0.00000000
h4,1,100,price20_bull+triangle_breakout_up+mtf_volatility,135,0.03703704,5.36052081,24,0.00000000,0.00000000,0.00000000,15,0.00000000,0.00000000,0.00000000
h4,1,100,ema20_rising+triangle_breakout_up+mtf_volatility,135,0.03703704,5.36052081,24,0.00000000,0.00000000,0.00000000,15,0.00000000,0.00000000,0.00000000
h4,1,100,triangle_breakout_up+retest_up+mtf_volatility,135,0.03703704,5.36052081,24,0.00000000,0.00000000,0.00000000,15,0.00000000,0.00000000,0.00000000
h4,1,100,price20_bull+triangle_breakout_up+retest_up+mtf_volatility,135,0.03703704,5.36052081,24,0.00000000,0.00000000,0.00000000,15,0.00000000,0.00000000,0.00000000
h4,1,100,ema20_rising+triangle_breakout_up+retest_up+mtf_volatility,135,0.03703704,5.36052081,24,0.00000000,0.00000000,0.00000000,15,0.00000000,0.00000000,0.00000000
h4,1,100,adx_up3+atr_expand+mtf_adx25,622,0.03697749,5.35190261,94,0.01063830,1.48753799,0.00188040,112,0.02678571,12.49196429,0.00915082
h4,1,100,atr_expand+mtf_volatility+cross_target_relative_up,514,0.03696498,5.35009178,88,0.06818182,9.53376623,0.03162093,70,0.02857143,13.32476190,0.00787061
h4,1,100,adx25+atr_expand+horizontal_break_up+mtf_adx_rising,163,0.03680982,5.32763418,27,0.03703704,5.17883598,0.00656815,16,0.06250000,29.14791667,0.01111934
h4,1,100,adx_up3+volatility+impulse_bull+mtf_volatility,329,0.03647416,5.27905393,78,0.03846154,5.37802198,0.01316583,71,0.01408451,6.56854460,0.00249060
h4,1,100,superbb_bull+impulse_bull+elliott_wave5_bull+cross_group_return_up,192,0.03645833,5.27676267,42,0.00000000,0.00000000,-0.00000000,36,0.00000000,0.00000000,0.00000000
h4,1,100,ichimoku_cloud_bull+superbb_bull+impulse_bull+elliott_impulse_bull,165,0.03636364,5.26305680,38,0.00000000,0.00000000,0.00000000,22,0.00000000,0.00000000,0.00000000
h4,1,100,rsi_up1+superbb_bull+horizontal_break_up+elliott_wave5_bull,165,0.03636364,5.26305680,33,0.00000000,0.00000000,0.00000000,35,0.00000000,0.00000000,0.00000000
h4,1,100,superbb_bull+elliott_wave5_bull+cross_group_return_up,193,0.03626943,5.24942194,42,0.00000000,0.00000000,-0.00000000,36,0.00000000,0.00000000,0.00000000
h4,1,100,price20_bull+superbb_bull+elliott_wave5_bull+cross_group_return_up,193,0.03626943,5.24942194,42,0.00000000,0.00000000,-0.00000000,36,0.00000000,0.00000000,0.00000000
h4,1,100,ema20_rising+superbb_bull+elliott_wave5_bull+cross_group_return_up,193,0.03626943,5.24942194,42,0.00000000,0.00000000,-0.00000000,36,0.00000000,0.00000000,0.00000000
h4,1,100,price20_bull+atr_expand+elliott_wave5_bull+mtf_adx25,249,0.03614458,5.23135164,43,0.00000000,0.00000000,0.00000000,27,0.03703704,17.27283951,0.00656815
h4,1,100,ema20_rising+atr_expand+elliott_wave5_bull+mtf_adx25,249,0.03614458,5.23135164,43,0.00000000,0.00000000,0.00000000,27,0.03703704,17.27283951,0.00656815
h4,1,100,adx25+atr_expand+impulse_bull+mtf_adx_rising,500,0.03600000,5.21042623,85,0.03529412,4.93512605,0.01207504,51,0.01960784,9.14444444,0.00346969
h4,1,100,atr_expand+breakout20_up+elliott_impulse_bull+mtf_adx25,250,0.03600000,5.21042623,38,0.00000000,0.00000000,0.00000000,28,0.03571429,16.65595238,0.00633252
h4,1,100,atr_expand+retest_up+elliott_impulse_bull+mtf_adx25,250,0.03600000,5.21042623,38,0.00000000,0.00000000,0.00000000,28,0.03571429,16.65595238,0.00633252
h4,1,100,ichimoku_cloud_bull+superbb_bull+elliott_impulse_bull,167,0.03592814,5.20002618,39,0.00000000,0.00000000,-0.00000000,22,0.00000000,0.00000000,0.00000000
h4,1,100,atr_expand+elliott_wave5_bull+mtf_adx25,251,0.03585657,5.18966756,43,0.00000000,0.00000000,0.00000000,27,0.03703704,17.27283951,0.00656815
h4,1,100,price20_bull+atr_expand+elliott_impulse_bull+mtf_volatility,169,0.03550296,5.13848741,30,0.00000000,0.00000000,0.00000000,23,0.04347826,20.27681159,0.00771667
h4,1,100,ema20_rising+atr_expand+elliott_impulse_bull+mtf_volatility,169,0.03550296,5.13848741,30,0.00000000,0.00000000,0.00000000,23,0.04347826,20.27681159,0.00771667
h4,1,100,ichimoku_cloud_bull+atr_expand+breakout20_up+mtf_adx25,170,0.03529412,5.10826101,24,0.00000000,0.00000000,0.00000000,14,0.07142857,33.31190476,0.01272222
h4,1,100,ichimoku_cloud_bull+atr_expand+retest_up+mtf_adx25,170,0.03529412,5.10826101,24,0.00000000,0.00000000,0.00000000,14,0.07142857,33.31190476,0.01272222
h4,1,100,ichimoku_cloud_bull+atr_expand+mtf_volatility+cross_target_relative_up,256,0.03515625,5.08830686,48,0.04166667,5.82619048,0.01150189,33,0.03030303,14.13232323,0.00536941
h4,1,150,adx_up3+atr_expand+pullback_bull+mtf_volatility,141,0.04255319,25.61540941,24,0.04166667,23.30476190,0.00739346,24,0.00000000,0.00000000,0.00000000
h4,1,150,adx_up3+atr_expand+mtf_volatility,431,0.03480278,20.94995781,68,0.02941176,16.45042017,0.00810318,87,0.00000000,0.00000000,0.00000000
h4,1,150,adx25+atr_expand+impulse_bull+mtf_volatility,224,0.03125000,18.81131629,38,0.02631579,14.71879699,0.00466059,24,0.00000000,0.00000000,0.00000000
h4,1,150,atr_expand+pullback_bull+mtf_volatility+cross_target_relative_up,203,0.02955665,17.79198388,42,0.02380952,13.31700680,0.00421540,24,0.00000000,0.00000000,0.00000000
h4,1,150,rsi_up1+atr_expand+mtf_volatility+cross_group_return_up,146,0.02739726,16.49211291,31,0.00000000,0.00000000,0.00000000,21,0.00000000,0.00000000,-0.00000000
h4,1,150,atr_expand+mtf_volatility+adx25,697,0.02725968,16.40929742,112,0.02678571,14.98163265,0.00915082,83,0.00000000,0.00000000,0.00000000
h4,1,150,adx25+atr_expand+mtf_volatility,697,0.02725968,16.40929742,112,0.02678571,14.98163265,0.00915082,83,0.00000000,0.00000000,0.00000000
h4,1,150,adx_up3+atr_expand+mtf_volatility+cross_target_relative_up,187,0.02673797,16.09524388,33,0.06060606,33.89783550,0.01678088,33,0.00000000,0.00000000,0.00000000
h4,1,150,ichimoku_cloud_bull+atr_expand+pullback_bull+mtf_volatility,226,0.02654867,15.98129525,39,0.05128205,28.68278388,0.01417796,27,0.00000000,0.00000000,0.00000000
h4,1,150,adx25+atr_expand+pullback_bull+mtf_volatility,229,0.02620087,15.77193331,51,0.03921569,21.93389356,0.01082108,24,0.00000000,0.00000000,0.00000000
h4,1,150,atr_expand+impulse_bull+mtf_volatility+cross_group_return_up,157,0.02547771,15.33661455,31,0.00000000,0.00000000,0.00000000,27,0.00000000,0.00000000,0.00000000
h4,1,150,superbb_bull+horizontal_break_up+elliott_wave5_bull+cross_group_return_up,121,0.02479339,14.92468069,27,0.00000000,0.00000000,0.00000000,27,0.00000000,0.00000000,0.00000000
h4,1,150,ichimoku_cloud_bull+superbb_bull+impulse_bull+cross_group_return_up,123,0.02439024,14.68200296,31,0.00000000,0.00000000,0.00000000,17,0.00000000,0.00000000,0.00000000
h4,1,150,ichimoku_cloud_bull+superbb_bull+cross_group_return_up,125,0.02400000,14.44709091,33,0.00000000,0.00000000,0.00000000,17,0.00000000,0.00000000,0.00000000
h4,1,150,atr_expand+pullback_bull+mtf_volatility,420,0.02380952,14.33243146,78,0.02564103,14.34139194,0.00706009,50,0.00000000,0.00000000,0.00000000
h4,1,150,rsi_up1+atr_expand+mtf_volatility,378,0.02380952,14.33243146,68,0.01470588,8.22521008,0.00260068,58,0.00000000,0.00000000,0.00000000
h4,1,150,rsi_up1+atr_expand+impulse_bull+mtf_volatility,338,0.02366864,14.24762417,58,0.01724138,9.64334975,0.00305004,50,0.00000000,0.00000000,0.00000000
h4,1,150,ichimoku_cloud_bull+superbb_bull+horizontal_break_up+elliott_impulse_bull,128,0.02343750,14.10848722,29,0.00000000,0.00000000,0.00000000,17,0.00000000,0.00000000,0.00000000
h4,1,150,adx25+atr_expand+mtf_volatility+cross_target_relative_up,304,0.02302632,13.86096990,57,0.03508772,19.62506266,0.00967566,35,0.00000000,0.00000000,0.00000000
h4,1,150,adx_up3+atr_expand+impulse_bull+mtf_adx_rising,266,0.02255639,13.57809296,53,0.03773585,21.10619946,0.01041029,43,0.00000000,0.00000000,0.00000000
h4,1,150,ichimoku_cloud_bull+rsi_up1+superbb_bull+elliott_wave5_bull,135,0.02222222,13.37693603,32,0.00000000,0.00000000,0.00000000,20,0.00000000,0.00000000,0.00000000
h4,1,150,atr_expand+impulse_bull+mtf_volatility,362,0.02209945,13.30303030,63,0.01587302,8.87800454,0.00280749,62,0.00000000,0.00000000,0.00000000
h4,1,150,ichimoku_cloud_bull+superbb_bull+breakout20_up+elliott_wave5_bull,136,0.02205882,13.27857620,35,0.00000000,0.00000000,0.00000000,20,0.00000000,0.00000000,0.00000000
h4,1,150,ichimoku_cloud_bull+superbb_bull+retest_up+elliott_wave5_bull,136,0.02205882,13.27857620,35,0.00000000,0.00000000,0.00000000,20,0.00000000,0.00000000,0.00000000
h4,1,150,superbb_bull+horizontal_break_up+elliott_impulse_bull+cross_group_return_up,137,0.02189781,13.18165229,33,0.00000000,0.00000000,0.00000000,31,0.00000000,0.00000000,0.00000000
h4,1,150,adx_up3+atr_expand+pullback_bull+mtf_adx25,184,0.02173913,13.08613307,31,0.00000000,0.00000000,0.00000000,34,0.00000000,0.00000000,0.00000000
h4,1,150,ichimoku_cloud_bull+rsi_up1+superbb_bull+horizontal_break_up,138,0.02173913,13.08613307,31,0.00000000,0.00000000,0.00000000,18,0.00000000,0.00000000,0.00000000
h4,1,150,rsi_up1+superbb_bull+horizontal_break_up+cross_group_return_up,139,0.02158273,12.99198823,34,0.00000000,0.00000000,0.00000000,31,0.00000000,0.00000000,0.00000000
h4,1,150,adx_up3+atr_expand+impulse_bull+mtf_adx25,186,0.02150538,12.94542196,23,0.00000000,0.00000000,0.00000000,30,0.00000000,0.00000000,0.00000000
h4,1,150,ichimoku_cloud_bull+superbb_bull+impulse_bull+elliott_wave5_bull,140,0.02142857,12.89918831,35,0.00000000,0.00000000,0.00000000,20,0.00000000,0.00000000,0.00000000
h4,1,150,adx25+atr_expand+elliott_wave5_bull+mtf_adx25,140,0.02142857,12.89918831,24,0.00000000,0.00000000,0.00000000,12,0.00000000,0.00000000,0.00000000
h4,1,150,ichimoku_cloud_bull+superbb_bull+elliott_wave5_bull,142,0.02112676,12.71750960,35,0.00000000,0.00000000,0.00000000,20,0.00000000,0.00000000,0.00000000
h4,1,150,adx_up3+atr_expand+pullback_bull+mtf_adx_rising,286,0.02097902,12.62857597,56,0.00000000,0.00000000,0.00000000,43,0.00000000,0.00000000,0.00000000
h4,1,150,ichimoku_cloud_bull+superbb_bull+horizontal_break_up,143,0.02097902,12.62857597,34,0.00000000,0.00000000,0.00000000,18,0.00000000,0.00000000,0.00000000
h4,1,150,ichimoku_cloud_bull+superbb_bull+horizontal_break_up+impulse_bull,143,0.02097902,12.62857597,33,0.00000000,0.00000000,0.00000000,18,0.00000000,0.00000000,0.00000000
h4,1,150,ichimoku_cloud_bull+superbb_bull+horizontal_break_up+retest_up,143,0.02097902,12.62857597,32,0.00000000,0.00000000,0.00000000,18,0.00000000,0.00000000,0.00000000
h4,1,150,superbb_bull+horizontal_break_up+cross_group_return_up,144,0.02083333,12.54087753,36,0.00000000,0.00000000,0.00000000,31,0.00000000,0.00000000,0.00000000
h4,1,150,price20_bull+superbb_bull+horizontal_break_up+cross_group_return_up,144,0.02083333,12.54087753,36,0.00000000,0.00000000,0.00000000,31,0.00000000,0.00000000,0.00000000
h4,1,150,ema20_rising+superbb_bull+horizontal_break_up+cross_group_return_up,144,0.02083333,12.54087753,36,0.00000000,0.00000000,0.00000000,31,0.00000000,0.00000000,0.00000000
h4,1,150,superbb_bull+horizontal_break_up+impulse_bull+cross_group_return_up,144,0.02083333,12.54087753,34,0.00000000,0.00000000,0.00000000,31,0.00000000,0.00000000,0.00000000
h4,1,150,superbb_bull+horizontal_break_up+retest_up+cross_group_return_up,144,0.02083333,12.54087753,33,0.00000000,0.00000000,0.00000000,31,0.00000000,0.00000000,0.00000000
h4,1,150,adx25+atr_expand+mtf_volatility+cross_group_return_up,290,0.02068966,12.45438871,54,0.01851852,10.35767196,0.00327649,28,0.00000000,0.00000000,0.00000000
h4,1,150,ichimoku_cloud_bull+atr_expand+mtf_volatility+cross_group_return_up,242,0.02066116,12.43723391,42,0.02380952,13.31700680,0.00421540,36,0.00000000,0.00000000,0.00000000
h4,1,150,adx25+atr_expand+breakout20_up+mtf_adx25,146,0.02054795,12.36908468,20,0.00000000,0.00000000,0.00000000,14,0.00000000,0.00000000,0.00000000
h4,1,150,adx25+atr_expand+retest_up+mtf_adx25,146,0.02054795,12.36908468,20,0.00000000,0.00000000,0.00000000,13,0.00000000,0.00000000,0.00000000
h4,1,150,adx_up3+atr_expand+mtf_volatility+cross_group_return_up,146,0.02054795,12.36908468,22,0.00000000,0.00000000,0.00000000,39,0.00000000,0.00000000,-0.00000000
h4,1,150,atr_expand+mtf_volatility,1172,0.02047782,12.32686938,192,0.02083333,11.65238095,0.00813078,172,0.00000000,0.00000000,0.00000000
h4,1,150,atr_expand+horizontal_break_up+elliott_wave5_bull+mtf_adx25,149,0.02013423,12.12004271,22,0.00000000,0.00000000,0.00000000,18,0.00000000,0.00000000,0.00000000
h4,1,150,rsi_up1+atr_expand+mtf_volatility+cross_target_relative_up,153,0.01960784,11.80317885,30,0.03333333,18.64380952,0.00590859,25,0.00000000,0.00000000,0.00000000
h4,1,150,ichimoku_cloud_bull+atr_expand+mtf_volatility+cross_target_relative_up,256,0.01953125,11.75707268,48,0.04166667,23.30476190,0.01150189,33,0.00000000,0.00000000,0.00000000
h4,1,150,ichimoku_cloud_bull+atr_expand+mtf_volatility+cross_group_bull,205,0.01951220,11.74560237,37,0.02702703,15.11660232,0.00478697,30,0.00000000,0.00000000,0.00000000
h4,1,150,atr_expand+mtf_volatility+cross_target_relative_up,514,0.01945525,11.71132532,88,0.03409091,19.06753247,0.01166100,70,0.00000000,0.00000000,0.00000000
h4,1,150,ichimoku_cloud_bull+atr_expand+mtf_volatility,569,0.01933216,11.63722906,100,0.03000000,16.77942857,0.01025452,93,0.00000000,0.00000000,0.00000000
h4,1,150,atr_expand+breakout20_up+elliott_wave5_bull+mtf_adx25,209,0.01913876,11.52080615,35,0.00000000,0.00000000,0.00000000,24,0.00000000,0.00000000,0.00000000
h4,1,150,atr_expand+retest_up+elliott_wave5_bull+mtf_adx25,209,0.01913876,11.52080615,35,0.00000000,0.00000000,0.00000000,24,0.00000000,0.00000000,0.00000000
h4,1,150,ichimoku_cloud_bull+adx25+atr_expand+mtf_volatility,318,0.01886792,11.35777587,70,0.04285714,23.97061224,0.01468154,53,0.00000000,0.00000000,0.00000000
h4,1,150,ichimoku_cloud_bull+rsi_up1+superbb_bull+elliott_impulse_bull,160,0.01875000,11.28678977,36,0.00000000,0.00000000,0.00000000,22,0.00000000,0.00000000,0.00000000
h4,1,150,ichimoku_cloud_bull+superbb_bull+breakout20_up+elliott_impulse_bull,160,0.01875000,11.28678977,39,0.00000000,0.00000000,-0.00000000,22,0.00000000,0.00000000,0.00000000
h4,1,150,ichimoku_cloud_bull+superbb_bull+retest_up+elliott_impulse_bull,160,0.01875000,11.28678977,38,0.00000000,0.00000000,0.00000000,22,0.00000000,0.00000000,0.00000000
h4,1,150,adx_up3+atr_expand+mtf_adx25+cross_target_relative_up,271,0.01845018,11.10631220,33,0.00000000,0.00000000,0.00000000,44,0.02272727,105.99242424,0.00402325
h4,1,150,adx_up3+volatility+impulse_bull+mtf_volatility,329,0.01823708,10.97803261,78,0.01282051,7.17069597,0.00226673,71,0.00000000,0.00000000,0.00000000
h4,1,150,ichimoku_cloud_bull+superbb_bull+impulse_bull+elliott_impulse_bull,165,0.01818182,10.94476584,38,0.00000000,0.00000000,0.00000000,22,0.00000000,0.00000000,0.00000000
h4,1,150,rsi_up1+superbb_bull+horizontal_break_up+elliott_wave5_bull,165,0.01818182,10.94476584,33,0.00000000,0.00000000,0.00000000,35,0.00000000,0.00000000,0.00000000
h4,1,150,ichimoku_cloud_bull+superbb_bull+elliott_impulse_bull,167,0.01796407,10.81369080,39,0.00000000,0.00000000,-0.00000000,22,0.00000000,0.00000000,0.00000000
h4,1,150,adx25+atr_expand+elliott_impulse_bull+mtf_adx25,170,0.01764706,10.62286096,29,0.00000000,0.00000000,0.00000000,16,0.00000000,0.00000000,0.00000000
h4,1,150,atr_expand+elliott_wave5_bull+mtf_adx25+cross_group_return_up,171,0.01754386,10.56073897,29,0.00000000,0.00000000,0.00000000,22,0.00000000,0.00000000,0.00000000
h4,1,150,ichimoku_cloud_bull+rsi_up1+horizontal_break_up+mtf_volatility,286,0.01748252,10.52381331,53,0.00000000,0.00000000,0.00000000,38,0.00000000,0.00000000,0.00000000
h4,1,150,superbb_bull+horizontal_break_up+elliott_wave5_bull,172,0.01744186,10.49933932,36,0.00000000,0.00000000,0.00000000,36,0.00000000,0.00000000,0.00000000
h4,1,150,price20_bull+superbb_bull+horizontal_break_up+elliott_wave5_bull,172,0.01744186,10.49933932,36,0.00000000,0.00000000,0.00000000,36,0.00000000,0.00000000,0.00000000
h4,1,150,ema20_rising+superbb_bull+horizontal_break_up+elliott_wave5_bull,172,0.01744186,10.49933932,36,0.00000000,0.00000000,0.00000000,36,0.00000000,0.00000000,0.00000000
h4,1,150,superbb_bull+horizontal_break_up+impulse_bull+elliott_wave5_bull,172,0.01744186,10.49933932,36,0.00000000,0.00000000,0.00000000,36,0.00000000,0.00000000,0.00000000
h4,1,150,superbb_bull+horizontal_break_up+retest_up+elliott_wave5_bull,172,0.01744186,10.49933932,36,0.00000000,0.00000000,0.00000000,36,0.00000000,0.00000000,0.00000000
h4,1,150,adx_up3+atr_expand+mtf_adx_rising,867,0.01730104,10.41456957,174,0.01149425,6.42889984,0.00315782,167,0.00598802,27.92614770,0.00105782
h4,1,150,ichimoku_cloud_bull+rsi_up1+superbb_bull+breakout20_up,175,0.01714286,10.31935065,42,0.00000000,0.00000000,-0.00000000,23,0.00000000,0.00000000,0.00000000
h4,1,150,ichimoku_cloud_bull+rsi_up1+superbb_bull+retest_up,175,0.01714286,10.31935065,39,0.00000000,0.00000000,-0.00000000,23,0.00000000,0.00000000,0.00000000
h4,1,150,adx25+atr_expand+impulse_bull+mtf_adx25,352,0.01704545,10.26071798,49,0.00000000,0.00000000,0.00000000,34,0.00000000,0.00000000,0.00000000
h4,1,150,adx25+atr_expand+mtf_adx25+cross_target_relative_up,473,0.01691332,10.18117753,78,0.00000000,0.00000000,-0.00000000,57,0.00000000,0.00000000,0.00000000
h4,1,150,ichimoku_cloud_bull+superbb_bull+breakout20_up+impulse_bull,180,0.01666667,10.03270202,43,0.00000000,0.00000000,0.00000000,23,0.00000000,0.00000000,0.00000000
h4,1,150,atr_expand+horizontal_break_up+elliott_impulse_bull+mtf_adx25,180,0.01666667,10.03270202,25,0.00000000,0.00000000,0.00000000,21,0.00000000,0.00000000,-0.00000000
h4,1,150,ichimoku_cloud_bull+adx25+horizontal_break_up+mtf_volatility,362,0.01657459,9.97727273,48,0.00000000,0.00000000,0.00000000,44,0.00000000,0.00000000,0.00000000
h4,1,150,ichimoku_cloud_bull+superbb_bull+breakout20_up,181,0.01657459,9.97727273,45,0.00000000,0.00000000,0.00000000,23,0.00000000,0.00000000,0.00000000
h4,1,150,ichimoku_cloud_bull+superbb_bull+retest_up,181,0.01657459,9.97727273,42,0.00000000,0.00000000,-0.00000000,23,0.00000000,0.00000000,0.00000000
h4,1,150,ichimoku_cloud_bull+superbb_bull+breakout20_up+retest_up,181,0.01657459,9.97727273,42,0.00000000,0.00000000,-0.00000000,23,0.00000000,0.00000000,0.00000000
h4,1,150,triangle_breakout_up+impulse_bull+elliott_wave5_bull,121,0.01652893,9.94978713,19,0.00000000,0.00000000,0.00000000,17,0.00000000,0.00000000,0.00000000
h4,1,150,price20_bull+triangle_breakout_up+impulse_bull+elliott_wave5_bull,121,0.01652893,9.94978713,19,0.00000000,0.00000000,0.00000000,17,0.00000000,0.00000000,0.00000000
h4,1,150,ema20_rising+triangle_breakout_up+impulse_bull+elliott_wave5_bull,121,0.01652893,9.94978713,19,0.00000000,0.00000000,0.00000000,17,0.00000000,0.00000000,0.00000000
h4,1,150,adx25+superbb_bull+breakout20_up+elliott_impulse_bull,121,0.01652893,9.94978713,21,0.00000000,0.00000000,-0.00000000,14,0.00000000,0.00000000,0.00000000
h4,1,150,adx25+superbb_bull+retest_up+elliott_impulse_bull,121,0.01652893,9.94978713,19,0.00000000,0.00000000,0.00000000,14,0.00000000,0.00000000,0.00000000
h4,1,150,rsi_up1+atr_expand+elliott_impulse_bull+mtf_volatility,121,0.01652893,9.94978713,24,0.00000000,0.00000000,0.00000000,15,0.00000000,0.00000000,0.00000000
h4,1,150,atr_expand+elliott_impulse_bull+mtf_volatility+cross_group_return_up,121,0.01652893,9.94978713,19,0.00000000,0.00000000,0.00000000,22,0.00000000,0.00000000,0.00000000
h4,1,150,adx25+horizontal_break_up+impulse_bull+mtf_volatility,365,0.01643836,9.89526775,51,0.00000000,0.00000000,0.00000000,51,0.00000000,0.00000000,0.00000000
h4,1,150,adx25+breakout20_up+impulse_bull+mtf_volatility,487,0.01642710,9.88849480,82,0.00000000,0.00000000,-0.00000000,88,0.00000000,0.00000000,0.00000000
h4,1,150,adx25+atr_expand+pullback_bull+mtf_adx25,366,0.01639344,9.86823150,69,0.00000000,0.00000000,0.00000000,41,0.00000000,0.00000000,-0.00000000
h4,1,150,rsi_up1+atr_expand+elliott_wave5_bull+mtf_adx25,183,0.01639344,9.86823150,33,0.00000000,0.00000000,0.00000000,19,0.00000000,0.00000000,0.00000000
h4,1,150,triangle_breakout_up+elliott_impulse_bull+mtf_adx25,122,0.01639344,9.86823150,12,0.00000000,0.00000000,0.00000000,12,0.00000000,0.00000000,0.00000000
h4,1,150,price20_bull+triangle_breakout_up+elliott_impulse_bull+mtf_adx25,122,0.01639344,9.86823150,12,0.00000000,0.00000000,0.00000000,12,0.00000000,0.00000000,0.00000000
h4,1,150,ema20_rising+triangle_breakout_up+elliott_impulse_bull+mtf_adx25,122,0.01639344,9.86823150,12,0.00000000,0.00000000,0.00000000,12,0.00000000,0.00000000,0.00000000
h4,1,150,triangle_breakout_up+retest_up+elliott_impulse_bull+mtf_adx25,122,0.01639344,9.86823150,12,0.00000000,0.00000000,0.00000000,12,0.00000000,0.00000000,0.00000000
h4,1,150,adx25+superbb_bull+elliott_impulse_bull,123,0.01626016,9.78800197,22,0.00000000,0.00000000,0.00000000,14,0.00000000,0.00000000,0.00000000
h4,1,150,triangle_breakout_up+impulse_bull+elliott_impulse_bull,123,0.01626016,9.78800197,19,0.00000000,0.00000000,0.00000000,17,0.00000000,0.00000000,0.00000000
h4,1,150,price20_bull+adx25+superbb_bull+elliott_impulse_bull,123,0.01626016,9.78800197,22,0.00000000,0.00000000,0.00000000,14,0.00000000,0.00000000,0.00000000
h4,1,150,ema20_rising+adx25+superbb_bull+elliott_impulse_bull,123,0.01626016,9.78800197,22,0.00000000,0.00000000,0.00000000,14,0.00000000,0.00000000,0.00000000
h4,1,150,price20_bull+triangle_breakout_up+impulse_bull+elliott_impulse_bull,123,0.01626016,9.78800197,19,0.00000000,0.00000000,0.00000000,17,0.00000000,0.00000000,0.00000000
h4,1,150,ema20_rising+triangle_breakout_up+impulse_bull+elliott_impulse_bull,123,0.01626016,9.78800197,19,0.00000000,0.00000000,0.00000000,17,0.00000000,0.00000000,0.00000000
h4,1,150,adx25+superbb_bull+impulse_bull+elliott_impulse_bull,123,0.01626016,9.78800197,20,0.00000000,0.00000000,0.00000000,14,0.00000000,0.00000000,0.00000000
h4,1,150,ichimoku_cloud_bull+rsi_up1+superbb_bull+impulse_bull,185,0.01621622,9.76154791,41,0.00000000,0.00000000,-0.00000000,23,0.00000000,0.00000000,0.00000000
h4,1,150,ichimoku_cloud_bull+rsi_up1+superbb_bull,186,0.01612903,9.70906647,43,0.00000000,0.00000000,0.00000000,23,0.00000000,0.00000000,0.00000000
h4,1,150,rsi_up1+superbb_bull+elliott_wave5_bull+cross_group_return_up,186,0.01612903,9.70906647,40,0.00000000,0.00000000,0.00000000,36,0.00000000,0.00000000,0.00000000
h4,1,150,superbb_bull+breakout20_up+elliott_wave5_bull+cross_group_return_up,186,0.01612903,9.70906647,40,0.00000000,0.00000000,0.00000000,36,0.00000000,0.00000000,0.00000000
h4,1,150,superbb_bull+retest_up+elliott_wave5_bull+cross_group_return_up,186,0.01612903,9.70906647,40,0.00000000,0.00000000,0.00000000,36,0.00000000,0.00000000,0.00000000
h4,1,150,adx_up3+atr_expand+mtf_adx25,622,0.01607717,9.67784761,94,0.00000000,0.00000000,-0.00000000,112,0.00892857,41.63988095,0.00157785
h4,1,150,price20_bull+atr_expand+elliott_wave5_bull+mtf_adx25,249,0.01606426,9.67007424,43,0.00000000,0.00000000,0.00000000,27,0.00000000,0.00000000,0.00000000
h4,1,150,ema20_rising+atr_expand+elliott_wave5_bull+mtf_adx25,249,0.01606426,9.67007424,43,0.00000000,0.00000000,0.00000000,27,0.00000000,0.00000000,0.00000000
h4,1,150,atr_expand+breakout20_up+mtf_adx25+cross_group_return_up,187,0.01604278,9.65714633,26,0.00000000,0.00000000,0.00000000,25,0.00000000,0.00000000,0.00000000
h4,1,150,atr_expand+retest_up+mtf_adx25+cross_group_return_up,187,0.01604278,9.65714633,26,0.00000000,0.00000000,0.00000000,24,0.00000000,0.00000000,0.00000000
h4,1,150,adx25+atr_expand+impulse_bull+mtf_adx_rising,500,0.01600000,9.63139394,85,0.02352941,13.16033613,0.00647651,51,0.00000000,0.00000000,0.00000000
h4,1,150,atr_expand+breakout20_up+elliott_impulse_bull+mtf_adx25,250,0.01600000,9.63139394,38,0.00000000,0.00000000,0.00000000,28,0.00000000,0.00000000,0.00000000
h4,1,150,atr_expand+retest_up+elliott_impulse_bull+mtf_adx25,250,0.01600000,9.63139394,38,0.00000000,0.00000000,0.00000000,28,0.00000000,0.00000000,0.00000000
h4,1,150,atr_expand+breakout20_up+elliott_impulse_bull+mtf_volatility,125,0.01600000,9.63139394,20,0.00000000,0.00000000,0.00000000,19,0.00000000,0.00000000,0.00000000
h4,1,150,atr_expand+retest_up+elliott_impulse_bull+mtf_volatility,125,0.01600000,9.63139394,20,0.00000000,0.00000000,0.00000000,19,0.00000000,0.00000000,0.00000000
h4,1,200,adx_up3+atr_expand+pullback_bull+mtf_volatility,141,0.02127660,29.65994774,24,0.00000000,0.00000000,0.00000000,24,0.00000000,,0.00000000
h4,1,200,ichimoku_cloud_bull+atr_expand+pullback_bull+mtf_volatility,226,0.01769912,24.67287688,39,0.02564103,31.37179487,0.00454070,27,0.00000000,,0.00000000
h4,1,200,atr_expand+pullback_bull+mtf_volatility+cross_target_relative_up,203,0.01477833,20.60124449,42,0.00000000,0.00000000,-0.00000000,24,0.00000000,,0.00000000
h4,1,200,adx_up3+atr_expand+mtf_volatility,431,0.01392111,19.40627671,68,0.00000000,0.00000000,0.00000000,87,0.00000000,,0.00000000
h4,1,200,adx25+atr_expand+mtf_volatility+cross_group_return_up,290,0.01379310,19.22782819,54,0.01851852,22.65740741,0.00327649,28,0.00000000,,0.00000000
h4,1,200,adx_up3+atr_expand+mtf_volatility+cross_group_return_up,146,0.01369863,19.09613074,22,0.00000000,0.00000000,0.00000000,39,0.00000000,,-0.00000000
h4,1,200,atr_expand+pullback_bull+mtf_volatility,420,0.01190476,16.59544695,78,0.01282051,15.68589744,0.00226673,50,0.00000000,,0.00000000
h4,1,200,ichimoku_cloud_bull+atr_expand+mtf_volatility+cross_target_relative_up,256,0.01171875,16.33614309,48,0.00000000,0.00000000,0.00000000,33,0.00000000,,0.00000000
h4,1,200,ichimoku_cloud_bull+atr_expand+mtf_volatility,569,0.01054482,14.69965776,100,0.01000000,12.23500000,0.00176743,93,0.00000000,,0.00000000
h4,1,200,adx_up3+atr_expand+pullback_bull+mtf_adx_rising,286,0.01048951,14.62256165,56,0.00000000,0.00000000,0.00000000,43,0.00000000,,0.00000000
h4,1,200,atr_expand+mtf_volatility+adx25,697,0.01004304,14.00017619,112,0.00892857,10.92410714,0.00157785,83,0.00000000,,0.00000000
h4,1,200,adx25+atr_expand+mtf_volatility,697,0.01004304,14.00017619,112,0.00892857,10.92410714,0.00157785,83,0.00000000,,0.00000000
h4,1,200,ichimoku_cloud_bull+adx_up3+atr_expand+mtf_volatility,201,0.00995025,13.87082133,39,0.00000000,0.00000000,-0.00000000,45,0.00000000,,0.00000000
h4,1,200,adx25+atr_expand+mtf_volatility+cross_target_relative_up,304,0.00986842,13.75675208,57,0.00000000,0.00000000,0.00000000,35,0.00000000,,0.00000000
h4,1,200,ichimoku_cloud_bull+atr_expand+mtf_volatility+cross_group_bull,205,0.00975610,13.60017116,37,0.02702703,33.06756757,0.00478697,30,0.00000000,,0.00000000
h4,1,200,ichimoku_cloud_bull+adx25+atr_expand+mtf_volatility,318,0.00943396,13.15110890,70,0.01428571,17.47857143,0.00252625,53,0.00000000,,0.00000000
h4,1,200,adx25+atr_expand+pullback_bull+mtf_volatility,229,0.00873362,12.17482571,51,0.01960784,23.99019608,0.00346969,24,0.00000000,,0.00000000
h4,1,200,adx_up3+volatility+pullback_bull+mtf_volatility,692,0.00867052,12.08685732,130,0.00000000,0.00000000,0.00000000,147,0.00000000,,0.00000000
h4,1,200,adx25+atr_expand+mtf_volatility+cross_group_bull,232,0.00862069,12.01739262,49,0.02040816,24.96938776,0.00361167,28,0.00000000,,0.00000000
h4,1,200,atr_expand+mtf_volatility,1172,0.00853242,11.89434764,192,0.01041667,12.74479167,0.00286129,172,0.00000000,,0.00000000
h4,1,200,ichimoku_cloud_bull+atr_expand+mtf_volatility+cross_group_return_up,242,0.00826446,11.52080615,42,0.02380952,29.13095238,0.00421540,36,0.00000000,,0.00000000
h4,1,200,triangle_breakout_up+impulse_bull+elliott_wave5_bull,121,0.00826446,11.52080615,19,0.00000000,0.00000000,0.00000000,17,0.00000000,,0.00000000
h4,1,200,price20_bull+triangle_breakout_up+impulse_bull+elliott_wave5_bull,121,0.00826446,11.52080615,19,0.00000000,0.00000000,0.00000000,17,0.00000000,,0.00000000
h4,1,200,ema20_rising+triangle_breakout_up+impulse_bull+elliott_wave5_bull,121,0.00826446,11.52080615,19,0.00000000,0.00000000,0.00000000,17,0.00000000,,0.00000000
h4,1,200,triangle_breakout_up+elliott_impulse_bull+mtf_adx25,122,0.00819672,11.42637331,12,0.00000000,0.00000000,0.00000000,12,0.00000000,,0.00000000
h4,1,200,price20_bull+triangle_breakout_up+elliott_impulse_bull+mtf_adx25,122,0.00819672,11.42637331,12,0.00000000,0.00000000,0.00000000,12,0.00000000,,0.00000000
h4,1,200,ema20_rising+triangle_breakout_up+elliott_impulse_bull+mtf_adx25,122,0.00819672,11.42637331,12,0.00000000,0.00000000,0.00000000,12,0.00000000,,0.00000000
h4,1,200,triangle_breakout_up+retest_up+elliott_impulse_bull+mtf_adx25,122,0.00819672,11.42637331,12,0.00000000,0.00000000,0.00000000,12,0.00000000,,0.00000000
h4,1,200,triangle_breakout_up+impulse_bull+elliott_impulse_bull,123,0.00813008,11.33347597,19,0.00000000,0.00000000,0.00000000,17,0.00000000,,0.00000000
h4,1,200,price20_bull+triangle_breakout_up+impulse_bull+elliott_impulse_bull,123,0.00813008,11.33347597,19,0.00000000,0.00000000,0.00000000,17,0.00000000,,0.00000000
h4,1,200,ema20_rising+triangle_breakout_up+impulse_bull+elliott_impulse_bull,123,0.00813008,11.33347597,19,0.00000000,0.00000000,0.00000000,17,0.00000000,,0.00000000
h4,1,200,atr_expand+mtf_volatility+cross_group_return_up,505,0.00792079,11.04172312,89,0.01123596,13.74719101,0.00198618,77,0.00000000,,0.00000000
h4,1,200,atr_expand+mtf_volatility+cross_target_relative_up,514,0.00778210,10.84838556,88,0.01136364,13.90340909,0.00200879,70,0.00000000,,0.00000000
h4,1,200,triangle_breakout_up+mtf_volatility,135,0.00740741,10.32605588,24,0.00000000,0.00000000,0.00000000,15,0.00000000,,0.00000000
h4,1,200,price20_bull+triangle_breakout_up+mtf_volatility,135,0.00740741,10.32605588,24,0.00000000,0.00000000,0.00000000,15,0.00000000,,0.00000000
h4,1,200,ema20_rising+triangle_breakout_up+mtf_volatility,135,0.00740741,10.32605588,24,0.00000000,0.00000000,0.00000000,15,0.00000000,,0.00000000
h4,1,200,triangle_breakout_up+retest_up+mtf_volatility,135,0.00740741,10.32605588,24,0.00000000,0.00000000,0.00000000,15,0.00000000,,0.00000000
h4,1,200,price20_bull+triangle_breakout_up+retest_up+mtf_volatility,135,0.00740741,10.32605588,24,0.00000000,0.00000000,0.00000000,15,0.00000000,,0.00000000
h4,1,200,ema20_rising+triangle_breakout_up+retest_up+mtf_volatility,135,0.00740741,10.32605588,24,0.00000000,0.00000000,0.00000000,15,0.00000000,,0.00000000
h4,1,200,ichimoku_cloud_bull+adx_up3+atr_expand+pullback_bull,272,0.00735294,10.25012900,45,0.00000000,0.00000000,0.00000000,48,0.00000000,,0.00000000
h4,1,200,adx25+atr_expand+mtf_adx_rising+cross_group_return_up,693,0.00721501,10.05784664,139,0.00000000,0.00000000,0.00000000,79,0.00000000,,-0.00000000
h4,1,200,adx_up3+volatility+horizontal_break_up+mtf_volatility,141,0.00709220,9.88664925,27,0.00000000,0.00000000,0.00000000,23,0.00000000,,0.00000000
h4,1,200,adx_up3+volatility+elliott_wave5_bull+mtf_adx25,141,0.00709220,9.88664925,33,0.00000000,0.00000000,0.00000000,38,0.00000000,,0.00000000
h4,1,200,adx_up3+volatility+elliott_wave5_bull+mtf_volatility,144,0.00694444,9.68067739,32,0.00000000,0.00000000,0.00000000,21,0.00000000,,-0.00000000
h4,1,200,adx_up3+atr_expand+mtf_adx_rising,867,0.00692042,9.64718023,174,0.00000000,0.00000000,0.00000000,167,0.00000000,,0.00000000
h4,1,200,adx25+triangle_breakout_up,145,0.00689655,9.61391410,20,0.00000000,0.00000000,0.00000000,17,0.00000000,,0.00000000
h4,1,200,price20_bull+adx25+triangle_breakout_up,145,0.00689655,9.61391410,20,0.00000000,0.00000000,0.00000000,17,0.00000000,,0.00000000
h4,1,200,ema20_rising+adx25+triangle_breakout_up,145,0.00689655,9.61391410,20,0.00000000,0.00000000,0.00000000,17,0.00000000,,0.00000000
h4,1,200,adx25+triangle_breakout_up+retest_up,145,0.00689655,9.61391410,20,0.00000000,0.00000000,0.00000000,17,0.00000000,,0.00000000
h4,1,200,price20_bull+adx25+triangle_breakout_up+retest_up,145,0.00689655,9.61391410,20,0.00000000,0.00000000,0.00000000,17,0.00000000,,0.00000000
h4,1,200,ema20_rising+adx25+triangle_breakout_up+retest_up,145,0.00689655,9.61391410,20,0.00000000,0.00000000,0.00000000,17,0.00000000,,0.00000000
h4,1,200,rsi_up1+atr_expand+mtf_volatility+cross_group_return_up,146,0.00684932,9.54806537,31,0.00000000,0.00000000,0.00000000,21,0.00000000,,-0.00000000
h4,1,200,triangle_breakout_up+mtf_adx25,149,0.00671141,9.35582244,15,0.00000000,0.00000000,0.00000000,19,0.00000000,,0.00000000
h4,1,200,price20_bull+triangle_breakout_up+mtf_adx25,149,0.00671141,9.35582244,15,0.00000000,0.00000000,0.00000000,19,0.00000000,,0.00000000
h4,1,200,ema20_rising+triangle_breakout_up+mtf_adx25,149,0.00671141,9.35582244,15,0.00000000,0.00000000,0.00000000,19,0.00000000,,0.00000000
h4,1,200,triangle_breakout_up+retest_up+mtf_adx25,149,0.00671141,9.35582244,15,0.00000000,0.00000000,0.00000000,19,0.00000000,,0.00000000
h4,1,200,price20_bull+triangle_breakout_up+retest_up+mtf_adx25,149,0.00671141,9.35582244,15,0.00000000,0.00000000,0.00000000,19,0.00000000,,0.00000000
h4,1,200,ema20_rising+triangle_breakout_up+retest_up+mtf_adx25,149,0.00671141,9.35582244,15,0.00000000,0.00000000,0.00000000,19,0.00000000,,0.00000000
h4,1,200,adx25+volatility+breakout20_up+mtf_volatility,300,0.00666667,9.29345029,51,0.00000000,0.00000000,0.00000000,49,0.00000000,,0.00000000
h4,1,200,rsi_up1+triangle_breakout_up+impulse_bull,151,0.00662252,9.23190426,21,0.00000000,0.00000000,-0.00000000,16,0.00000000,,0.00000000
h4,1,200,price20_bull+rsi_up1+triangle_breakout_up+impulse_bull,151,0.00662252,9.23190426,21,0.00000000,0.00000000,-0.00000000,16,0.00000000,,0.00000000
h4,1,200,ema20_rising+rsi_up1+triangle_breakout_up+impulse_bull,151,0.00662252,9.23190426,21,0.00000000,0.00000000,-0.00000000,16,0.00000000,,0.00000000
h4,1,200,adx25+impulse_bull+elliott_pullback_bull+mtf_volatility,152,0.00657895,9.17116805,29,0.00000000,0.00000000,0.00000000,25,0.00000000,,0.00000000
h4,1,200,rsi_up1+triangle_breakout_up,153,0.00653595,9.11122578,24,0.00000000,0.00000000,0.00000000,16,0.00000000,,0.00000000
h4,1,200,price20_bull+rsi_up1+triangle_breakout_up,153,0.00653595,9.11122578,24,0.00000000,0.00000000,0.00000000,16,0.00000000,,0.00000000
h4,1,200,ema20_rising+rsi_up1+triangle_breakout_up,153,0.00653595,9.11122578,24,0.00000000,0.00000000,0.00000000,16,0.00000000,,0.00000000
h4,1,200,rsi_up1+triangle_breakout_up+retest_up,153,0.00653595,9.11122578,22,0.00000000,0.00000000,0.00000000,16,0.00000000,,0.00000000
h4,1,200,price20_bull+rsi_up1+triangle_breakout_up+retest_up,153,0.00653595,9.11122578,22,0.00000000,0.00000000,0.00000000,16,0.00000000,,0.00000000
h4,1,200,ema20_rising+rsi_up1+triangle_breakout_up+retest_up,153,0.00653595,9.11122578,22,0.00000000,0.00000000,0.00000000,16,0.00000000,,0.00000000
h4,1,200,adx25+volatility+impulse_bull+mtf_volatility,1082,0.00646950,9.01859779,181,0.00552486,6.75966851,0.00097594,188,0.00000000,,-0.00000000
h4,1,200,triangle_breakout_up+mtf_adx_rising,155,0.00645161,8.99366157,28,0.00000000,0.00000000,0.00000000,16,0.00000000,,0.00000000
h4,1,200,price20_bull+triangle_breakout_up+mtf_adx_rising,155,0.00645161,8.99366157,28,0.00000000,0.00000000,0.00000000,16,0.00000000,,0.00000000
h4,1,200,ema20_rising+triangle_breakout_up+mtf_adx_rising,155,0.00645161,8.99366157,28,0.00000000,0.00000000,0.00000000,16,0.00000000,,0.00000000
h4,1,200,triangle_breakout_up+retest_up+mtf_adx_rising,155,0.00645161,8.99366157,26,0.00000000,0.00000000,0.00000000,16,0.00000000,,0.00000000
h4,1,200,price20_bull+triangle_breakout_up+retest_up+mtf_adx_rising,155,0.00645161,8.99366157,26,0.00000000,0.00000000,0.00000000,16,0.00000000,,0.00000000
h4,1,200,ema20_rising+triangle_breakout_up+retest_up+mtf_adx_rising,155,0.00645161,8.99366157,26,0.00000000,0.00000000,0.00000000,16,0.00000000,,0.00000000
h4,1,200,adx_up3+volatility+horizontal_break_up+mtf_adx25,155,0.00645161,8.99366157,36,0.00000000,0.00000000,0.00000000,44,0.00000000,,0.00000000
h4,1,200,adx_up3+volatility+breakout20_up+mtf_volatility,157,0.00636943,8.87909264,38,0.00000000,0.00000000,0.00000000,23,0.00000000,,0.00000000
h4,1,200,atr_expand+impulse_bull+mtf_volatility+cross_group_return_up,157,0.00636943,8.87909264,31,0.00000000,0.00000000,0.00000000,27,0.00000000,,0.00000000
h4,1,200,adx_up3+volatility+elliott_impulse_bull+mtf_volatility,158,0.00632911,8.82289585,38,0.00000000,0.00000000,0.00000000,22,0.00000000,,0.00000000
h4,1,200,rsi_up1+volatility+breakout20_up+mtf_volatility,317,0.00630915,8.79506337,55,0.00000000,0.00000000,0.00000000,40,0.00000000,,0.00000000
h4,1,200,atr_expand+pullback_bull+mtf_adx25+cross_target_relative_up,326,0.00613497,8.55225487,55,0.00000000,0.00000000,0.00000000,52,0.00000000,,0.00000000
h4,1,200,adx_up3+volatility+pullback_bull+mtf_adx25,657,0.00608828,8.48716922,112,0.00000000,0.00000000,0.00000000,152,0.00000000,,0.00000000
h4,1,200,adx_up3+volatility+impulse_bull+mtf_volatility,329,0.00607903,8.47427078,78,0.00000000,0.00000000,-0.00000000,71,0.00000000,,0.00000000
h4,1,200,volatility+impulse_bull+elliott_pullback_bull+mtf_volatility,165,0.00606061,8.44859117,28,0.00000000,0.00000000,0.00000000,22,0.00000000,,0.00000000
h4,1,200,adx_up3+volatility+breakout20_up+mtf_adx25,166,0.00602410,8.39769605,40,0.00000000,0.00000000,0.00000000,44,0.00000000,,0.00000000
h4,1,200,adx_up3+volatility+elliott_impulse_bull+mtf_adx25,166,0.00602410,8.39769605,36,0.00000000,0.00000000,0.00000000,44,0.00000000,,0.00000000
h4,1,200,ichimoku_cloud_bull+atr_expand+pullback_bull+mtf_adx_rising,500,0.00600000,8.36410526,100,0.00000000,0.00000000,0.00000000,76,0.00000000,,0.00000000
h4,1,200,adx_up3+atr_expand+pullback_bull,502,0.00597610,8.33078213,99,0.00000000,0.00000000,0.00000000,92,0.00000000,,0.00000000
h4,1,200,adx_up3+volatility+mtf_volatility,1847,0.00595560,8.30221602,372,0.00000000,0.00000000,0.00000000,376,0.00000000,,-0.00000000
h4,1,200,ichimoku_cloud_bull+adx25+atr_expand+cross_group_bull,508,0.00590551,8.23238707,103,0.00970874,11.87864078,0.00171589,66,0.00000000,,0.00000000
h4,1,200,adx25+volatility+elliott_wave5_bull+mtf_volatility,344,0.00581395,8.10475316,51,0.00000000,0.00000000,0.00000000,54,0.00000000,,0.00000000
h4,1,200,adx25+volatility+pullback_bull+mtf_adx25,2772,0.00577201,8.04627731,422,0.00000000,0.00000000,0.00000000,425,0.00000000,,-0.00000000
h4,1,200,volatility+pullback_bull+mtf_adx25+cross_target_relative_up,2266,0.00573698,7.99745281,402,0.00000000,0.00000000,0.00000000,348,0.00000000,,0.00000000
h4,1,200,volatility+impulse_bull+elliott_pullback_bull+mtf_adx25,179,0.00558659,7.78780751,25,0.00000000,0.00000000,0.00000000,27,0.00000000,,0.00000000
h4,1,200,adx25+volatility+breakout20_up+mtf_adx25,359,0.00557103,7.76611445,61,0.00000000,0.00000000,-0.00000000,71,0.00000000,,0.00000000
h4,1,200,rsi_up1+volatility+horizontal_break_up+mtf_volatility,182,0.00549451,7.65943705,34,0.00000000,0.00000000,0.00000000,21,0.00000000,,-0.00000000
h4,1,200,adx25+atr_expand+pullback_bull+mtf_adx25,366,0.00546448,7.61758221,69,0.00000000,0.00000000,0.00000000,41,0.00000000,,-0.00000000
h4,1,200,rsi_up1+volatility+elliott_wave5_bull+mtf_volatility,367,0.00544959,7.59682585,52,0.00000000,0.00000000,0.00000000,35,0.00000000,,0.00000000
h4,1,200,adx_up3+atr_expand+pullback_bull+mtf_adx25,184,0.00543478,7.57618230,31,0.00000000,0.00000000,0.00000000,34,0.00000000,,0.00000000
h4,1,200,adx_up3+volatility+pullback_bull+mtf_adx_rising,1105,0.00542986,7.56932603,233,0.00000000,0.00000000,0.00000000,280,0.00000000,,0.00000000
h4,1,200,ichimoku_cloud_bull+atr_expand+mtf_adx_rising+cross_group_bull,553,0.00542495,7.56248215,93,0.00000000,0.00000000,0.00000000,74,0.00000000,,-0.00000000
h4,1,200,adx25+atr_expand+mtf_adx_rising+cross_group_bull,556,0.00539568,7.52167739,113,0.00000000,0.00000000,0.00000000,70,0.00000000,,0.00000000
h4,1,200,triangle_breakout_up+impulse_bull,186,0.00537634,7.49471798,25,0.00000000,0.00000000,0.00000000,22,0.00000000,,0.00000000
h4,1,200,price20_bull+triangle_breakout_up+impulse_bull,186,0.00537634,7.49471798,25,0.00000000,0.00000000,0.00000000,22,0.00000000,,0.00000000
h4,1,200,ema20_rising+triangle_breakout_up+impulse_bull,186,0.00537634,7.49471798,25,0.00000000,0.00000000,0.00000000,22,0.00000000,,0.00000000
h4,1,200,ichimoku_cloud_bull+atr_expand+pullback_bull,934,0.00535332,7.46262068,167,0.00598802,7.32634731,0.00105782,139,0.00000000,,0.00000000
h4,1,200,adx_up3+atr_expand+mtf_adx_rising+cross_group_return_up,374,0.00534759,7.45463927,85,0.00000000,0.00000000,0.00000000,60,0.00000000,,0.00000000
h4,1,200,adx_up3+atr_expand+mtf_volatility+cross_target_relative_up,187,0.00534759,7.45463927,33,0.00000000,0.00000000,0.00000000,33,0.00000000,,0.00000000
h4,1,200,ichimoku_cloud_bull+adx25+atr_expand+cross_target_relative_up,577,0.00519931,7.24792484,115,0.00000000,0.00000000,0.00000000,82,0.00000000,,-0.00000000
h4,1,200,adx25+impulse_bull+elliott_pullback_bull+mtf_adx25,194,0.00515464,7.18565744,37,0.00000000,0.00000000,-0.00000000,39,0.00000000,,-0.00000000
h4,1,200,volatility+pullback_bull+mtf_volatility+cross_target_relative_up,2156,0.00510204,7.11233441,390,0.00769231,9.41153846,0.00261946,314,0.00000000,,0.00000000
h4,1,200,ichimoku_cloud_bull+atr_expand+pullback_bull+mtf_adx25,395,0.00506329,7.05831668,52,0.00000000,0.00000000,0.00000000,57,0.00000000,,0.00000000
h4,1,200,volatility+breakout20_up+impulse_bull+mtf_volatility,396,0.00505051,7.04049265,68,0.00000000,0.00000000,0.00000000,56,0.00000000,,0.00000000
h4,1,200,mtf_trend_bull+pullback_bull+macd_accel_up+atr_expand,199,0.00502513,7.00511329,37,0.00000000,0.00000000,-0.00000000,20,0.00000000,,0.00000000
h4,1,200,adx25+volatility+elliott_wave5_bull+mtf_adx25,406,0.00492611,6.86708150,60,0.00000000,0.00000000,0.00000000,80,0.00000000,,0.00000000
h4,1,200,rsi_up1+volatility+elliott_pullback_bull+mtf_volatility,203,0.00492611,6.86708150,33,0.00000000,0.00000000,0.00000000,32,0.00000000,,0.00000000
h4,1,200,ichimoku_cloud_bull+adx25+atr_expand+cross_group_return_up,627,0.00478469,6.66994040,117,0.00854701,10.45726496,0.00151035,76,0.00000000,,0.00000000
h4,1,200,adx25+atr_expand+pullback_bull+cross_target_relative_up,418,0.00478469,6.66994040,104,0.00000000,0.00000000,0.00000000,59,0.00000000,,-0.00000000
h4,1,200,atr_expand+mtf_volatility+cross_group_bull,422,0.00473934,6.60671822,79,0.01265823,15.48734177,0.00223799,71,0.00000000,,0.00000000
h4,1,300,adx_up3+volatility+horizontal_break_up+mtf_volatility,141,0.00709220,80.50557244,27,0.00000000,0.00000000,0.00000000,23,0.00000000,,0.00000000
h4,1,300,adx_up3+volatility+elliott_wave5_bull+mtf_adx25,141,0.00709220,80.50557244,33,0.00000000,0.00000000,0.00000000,38,0.00000000,,0.00000000
h4,1,300,adx_up3+volatility+elliott_wave5_bull+mtf_volatility,144,0.00694444,78.82837302,32,0.00000000,0.00000000,0.00000000,21,0.00000000,,-0.00000000
h4,1,300,adx_up3+atr_expand+mtf_volatility+cross_group_return_up,146,0.00684932,77.74853229,22,0.00000000,0.00000000,0.00000000,39,0.00000000,,-0.00000000
h4,1,300,adx_up3+volatility+horizontal_break_up+mtf_adx25,155,0.00645161,73.23410138,36,0.00000000,0.00000000,0.00000000,44,0.00000000,,0.00000000
h4,1,300,adx_up3+volatility+breakout20_up+mtf_volatility,157,0.00636943,72.30118289,38,0.00000000,0.00000000,0.00000000,23,0.00000000,,0.00000000
h4,1,300,adx_up3+volatility+elliott_impulse_bull+mtf_volatility,158,0.00632911,71.84358047,38,0.00000000,0.00000000,0.00000000,22,0.00000000,,0.00000000
h4,1,300,adx_up3+volatility+breakout20_up+mtf_adx25,166,0.00602410,68.38123924,40,0.00000000,0.00000000,0.00000000,44,0.00000000,,0.00000000
h4,1,300,adx_up3+volatility+elliott_impulse_bull+mtf_adx25,166,0.00602410,68.38123924,36,0.00000000,0.00000000,0.00000000,44,0.00000000,,0.00000000
h4,1,300,rsi_up1+volatility+horizontal_break_up+mtf_volatility,182,0.00549451,62.36970173,34,0.00000000,0.00000000,0.00000000,21,0.00000000,,-0.00000000
h4,1,300,mtf_trend_bull+pullback_bull+macd_accel_up+atr_expand,199,0.00502513,57.04163676,37,0.00000000,0.00000000,-0.00000000,20,0.00000000,,0.00000000
h4,1,300,atr_expand+pullback_bull+mtf_volatility+cross_target_relative_up,203,0.00492611,55.91766362,42,0.00000000,0.00000000,-0.00000000,24,0.00000000,,0.00000000
h4,1,300,adx25+volatility+horizontal_break_up+mtf_volatility,211,0.00473934,53.79756263,35,0.00000000,0.00000000,0.00000000,31,0.00000000,,0.00000000
h4,1,300,ichimoku_cloud_bull+atr_expand+pullback_bull+mtf_volatility,226,0.00442478,50.22692794,39,0.00000000,0.00000000,-0.00000000,27,0.00000000,,0.00000000
h4,1,300,adx25+atr_expand+pullback_bull+mtf_volatility,229,0.00436681,49.56893325,51,0.00000000,0.00000000,0.00000000,24,0.00000000,,0.00000000
h4,1,300,adx_up3+impulse_bull+elliott_wave5_bull+mtf_volatility,235,0.00425532,48.30334347,37,0.00000000,0.00000000,-0.00000000,40,0.00000000,,0.00000000
h4,1,300,ichimoku_cloud_bull+adx_up3+elliott_wave5_bull+mtf_volatility,240,0.00416667,47.29702381,34,0.00000000,0.00000000,0.00000000,24,0.00000000,,0.00000000
h4,1,300,ichimoku_cloud_bull+volatility+horizontal_break_up+mtf_volatility,243,0.00411523,46.71310994,41,0.00000000,0.00000000,-0.00000000,36,0.00000000,,0.00000000
h4,1,300,ichimoku_cloud_bull+adx_up3+horizontal_break_up+mtf_volatility,250,0.00400000,45.40514286,35,0.00000000,0.00000000,0.00000000,25,0.00000000,,0.00000000
h4,1,300,adx_up3+horizontal_break_up+impulse_bull+mtf_volatility,251,0.00398406,45.22424587,41,0.00000000,0.00000000,-0.00000000,40,0.00000000,,0.00000000
h4,1,300,adx25+volatility+horizontal_break_up+mtf_adx25,254,0.00393701,44.69010124,47,0.00000000,0.00000000,-0.00000000,53,0.00000000,,0.00000000
h4,1,300,volatility+horizontal_break_up+impulse_bull+mtf_volatility,254,0.00393701,44.69010124,45,0.00000000,0.00000000,0.00000000,37,0.00000000,,-0.00000000
h4,1,300,ichimoku_cloud_bull+atr_expand+mtf_volatility+cross_target_relative_up,256,0.00390625,44.34095982,48,0.00000000,0.00000000,0.00000000,33,0.00000000,,0.00000000
h4,1,300,ichimoku_cloud_bull+adx_up3+elliott_impulse_bull+mtf_volatility,261,0.00383142,43.49151615,39,0.00000000,0.00000000,-0.00000000,29,0.00000000,,0.00000000
h4,1,300,adx_up3+impulse_bull+elliott_impulse_bull+mtf_volatility,264,0.00378788,42.99729437,49,0.00000000,0.00000000,0.00000000,46,0.00000000,,0.00000000
h4,1,300,ichimoku_cloud_bull+adx_up3+volatility+elliott_wave5_bull,269,0.00371747,42.19808816,48,0.00000000,0.00000000,0.00000000,47,0.00000000,,-0.00000000
h4,1,300,ichimoku_cloud_bull+adx_up3+breakout20_up+mtf_volatility,275,0.00363636,41.27740260,39,0.00000000,0.00000000,-0.00000000,31,0.00000000,,0.00000000
h4,1,300,adx_up3+impulse_bull+elliott_wave5_bull+mtf_adx25,275,0.00363636,41.27740260,58,0.00000000,0.00000000,0.00000000,48,0.00000000,,0.00000000
h4,1,300,rsi_up1+volatility+horizontal_break_up+mtf_adx25,276,0.00362319,41.12784679,54,0.00000000,0.00000000,0.00000000,51,0.00000000,,0.00000000
h4,1,300,volatility+horizontal_break_up+elliott_wave5_bull+mtf_volatility,280,0.00357143,40.54030612,51,0.00000000,0.00000000,0.00000000,45,0.00000000,,0.00000000
h4,1,300,adx_up3+breakout20_up+impulse_bull+mtf_volatility,284,0.00352113,39.96931590,48,0.00000000,0.00000000,0.00000000,51,0.00000000,,0.00000000
h4,1,300,ichimoku_cloud_bull+rsi_up1+horizontal_break_up+mtf_volatility,286,0.00349650,39.68981019,53,0.00000000,0.00000000,0.00000000,38,0.00000000,,0.00000000
h4,1,300,adx25+atr_expand+mtf_volatility+cross_group_return_up,290,0.00344828,39.14236453,54,0.00000000,0.00000000,0.00000000,28,0.00000000,,0.00000000
h4,1,300,adx_up3+volatility+elliott_wave5_bull+mtf_adx_rising,295,0.00338983,38.47893462,75,0.00000000,0.00000000,0.00000000,59,0.00000000,,-0.00000000
h4,1,300,ichimoku_cloud_bull+volatility+breakout20_up+mtf_volatility,296,0.00337838,38.34893822,55,0.00000000,0.00000000,0.00000000,41,0.00000000,,-0.00000000
h4,1,300,ichimoku_cloud_bull+adx_up3+elliott_wave5_bull+mtf_adx25,297,0.00336700,38.21981722,51,0.00000000,0.00000000,0.00000000,47,0.00000000,,-0.00000000
h4,1,300,adx25+volatility+breakout20_up+mtf_volatility,300,0.00333333,37.83761905,51,0.00000000,0.00000000,0.00000000,49,0.00000000,,0.00000000
h4,1,300,ichimoku_cloud_bull+adx_up3+volatility+horizontal_break_up,303,0.00330033,37.46298916,58,0.00000000,0.00000000,0.00000000,48,0.00000000,,0.00000000
h4,1,300,adx25+atr_expand+mtf_volatility+cross_target_relative_up,304,0.00328947,37.33975564,57,0.00000000,0.00000000,0.00000000,35,0.00000000,,0.00000000
h4,1,300,volatility+horizontal_break_up+elliott_impulse_bull+mtf_volatility,312,0.00320513,36.38232601,57,0.00000000,0.00000000,0.00000000,46,0.00000000,,0.00000000
h4,1,300,adx_up3+horizontal_break_up+impulse_bull+mtf_adx25,314,0.00318471,36.15059145,63,0.00000000,0.00000000,0.00000000,57,0.00000000,,0.00000000
h4,1,300,ichimoku_cloud_bull+adx_up3+volatility+breakout20_up,317,0.00315457,35.80847228,61,0.00000000,0.00000000,-0.00000000,49,0.00000000,,0.00000000
h4,1,300,rsi_up1+volatility+breakout20_up+mtf_volatility,317,0.00315457,35.80847228,55,0.00000000,0.00000000,0.00000000,40,0.00000000,,0.00000000
h4,1,300,adx_up3+horizontal_break_up+elliott_wave5_bull+mtf_volatility,317,0.00315457,35.80847228,50,0.00000000,0.00000000,0.00000000,43,0.00000000,,0.00000000
h4,1,300,ichimoku_cloud_bull+adx_up3+volatility+elliott_impulse_bull,318,0.00314465,35.69586703,58,0.00000000,0.00000000,0.00000000,49,0.00000000,,0.00000000
h4,1,300,ichimoku_cloud_bull+adx25+atr_expand+mtf_volatility,318,0.00314465,35.69586703,70,0.00000000,0.00000000,0.00000000,53,0.00000000,,0.00000000
h4,1,300,adx_up3+impulse_bull+elliott_impulse_bull+mtf_adx25,323,0.00309598,35.14329943,64,0.00000000,0.00000000,0.00000000,61,0.00000000,,-0.00000000
h4,1,300,ichimoku_cloud_bull+volatility+horizontal_break_up+mtf_adx25,326,0.00306748,34.81989483,58,0.00000000,0.00000000,0.00000000,70,0.00000000,,0.00000000
h4,1,300,adx_up3+volatility+impulse_bull+mtf_volatility,329,0.00303951,34.50238819,78,0.00000000,0.00000000,-0.00000000,71,0.00000000,,0.00000000
h4,1,300,ichimoku_cloud_bull+adx_up3+horizontal_break_up+mtf_adx25,331,0.00302115,34.29391454,57,0.00000000,0.00000000,0.00000000,53,0.00000000,,0.00000000
h4,1,300,ichimoku_cloud_bull+adx_up3+elliott_impulse_bull+mtf_adx25,331,0.00302115,34.29391454,55,0.00000000,0.00000000,0.00000000,53,0.00000000,,0.00000000
h4,1,300,ichimoku_cloud_bull+volatility+elliott_wave5_bull+mtf_volatility,336,0.00297619,33.78358844,64,0.00000000,0.00000000,0.00000000,45,0.00000000,,0.00000000
h4,1,300,rsi_up1+horizontal_break_up+elliott_wave5_bull+mtf_volatility,338,0.00295858,33.58368555,62,0.00000000,0.00000000,0.00000000,57,0.00000000,,0.00000000
h4,1,300,volatility+horizontal_break_up+elliott_wave5_bull+mtf_adx25,338,0.00295858,33.58368555,60,0.00000000,0.00000000,0.00000000,81,0.00000000,,0.00000000
h4,1,300,adx_up3+horizontal_break_up+elliott_impulse_bull+mtf_volatility,341,0.00293255,33.28822790,58,0.00000000,0.00000000,0.00000000,49,0.00000000,,0.00000000
h4,1,300,adx25+volatility+elliott_wave5_bull+mtf_volatility,344,0.00290698,32.99792359,51,0.00000000,0.00000000,0.00000000,54,0.00000000,,0.00000000
h4,1,300,adx_up3+volatility+horizontal_break_up+mtf_adx_rising,345,0.00289855,32.90227743,85,0.00000000,0.00000000,0.00000000,66,0.00000000,,0.00000000
h4,1,300,volatility+horizontal_break_up+mtf_volatility,346,0.00289017,32.80718415,62,0.00000000,0.00000000,0.00000000,49,0.00000000,,0.00000000
h4,1,300,price20_bull+volatility+horizontal_break_up+mtf_volatility,346,0.00289017,32.80718415,62,0.00000000,0.00000000,0.00000000,49,0.00000000,,0.00000000
h4,1,300,ema20_rising+volatility+horizontal_break_up+mtf_volatility,346,0.00289017,32.80718415,62,0.00000000,0.00000000,0.00000000,49,0.00000000,,0.00000000
h4,1,300,adx_up3+volatility+impulse_bull+elliott_wave5_bull,346,0.00289017,32.80718415,69,0.00000000,0.00000000,0.00000000,60,0.00000000,,0.00000000
h4,1,300,adx_up3+breakout20_up+impulse_bull+mtf_adx25,348,0.00287356,32.61863711,71,0.00000000,0.00000000,0.00000000,60,0.00000000,,0.00000000
h4,1,300,atr_expand+mtf_volatility+adx25,697,0.00286944,32.57183849,112,0.00000000,0.00000000,0.00000000,83,0.00000000,,0.00000000
h4,1,300,adx25+atr_expand+mtf_volatility,697,0.00286944,32.57183849,112,0.00000000,0.00000000,0.00000000,83,0.00000000,,0.00000000
h4,1,300,adx_up3+volatility+elliott_impulse_bull+mtf_adx_rising,350,0.00285714,32.43224490,86,0.00000000,0.00000000,0.00000000,65,0.00000000,,0.00000000
h4,1,300,volatility+horizontal_break_up+impulse_bull+mtf_adx25,351,0.00284900,32.33984534,66,0.00000000,0.00000000,0.00000000,74,0.00000000,,-0.00000000
h4,1,300,ichimoku_cloud_bull+adx_up3+breakout20_up+mtf_adx25,354,0.00282486,32.06577885,62,0.00000000,0.00000000,0.00000000,54,0.00000000,,0.00000000
h4,1,300,adx_up3+volatility+breakout20_up+mtf_adx_rising,356,0.00280899,31.88563403,89,0.00000000,0.00000000,0.00000000,67,0.00000000,,0.00000000
h4,1,300,adx_up3+volatility+impulse_bull+mtf_adx25,356,0.00280899,31.88563403,69,0.00000000,0.00000000,0.00000000,95,0.00000000,,0.00000000
h4,1,300,adx25+volatility+breakout20_up+mtf_adx25,359,0.00278552,31.61918026,61,0.00000000,0.00000000,-0.00000000,71,0.00000000,,0.00000000
h4,1,300,ichimoku_cloud_bull+adx25+horizontal_break_up+mtf_volatility,362,0.00276243,31.35714286,48,0.00000000,0.00000000,0.00000000,44,0.00000000,,0.00000000
h4,1,300,adx_up3+breakout20_up+elliott_wave5_bull+mtf_volatility,363,0.00275482,31.27075954,62,0.00000000,0.00000000,0.00000000,53,0.00000000,,0.00000000
h4,1,300,ichimoku_cloud_bull+adx_up3+impulse_bull+mtf_volatility,365,0.00273973,31.09941292,66,0.00000000,0.00000000,0.00000000,77,0.00000000,,0.00000000
h4,1,300,adx25+horizontal_break_up+impulse_bull+mtf_volatility,365,0.00273973,31.09941292,51,0.00000000,0.00000000,0.00000000,51,0.00000000,,0.00000000
h4,1,300,rsi_up1+volatility+elliott_wave5_bull+mtf_volatility,367,0.00272480,30.92993383,52,0.00000000,0.00000000,0.00000000,35,0.00000000,,0.00000000
h4,1,300,adx_up3+horizontal_break_up+elliott_wave5_bull+mtf_adx25,367,0.00272480,30.92993383,69,0.00000000,0.00000000,0.00000000,68,0.00000000,,0.00000000
h4,1,300,adx_up3+elliott_wave5_bull+mtf_volatility,369,0.00271003,30.76229191,62,0.00000000,0.00000000,0.00000000,54,0.00000000,,0.00000000
h4,1,300,price20_bull+adx_up3+elliott_wave5_bull+mtf_volatility,369,0.00271003,30.76229191,62,0.00000000,0.00000000,0.00000000,54,0.00000000,,0.00000000
h4,1,300,ema20_rising+adx_up3+elliott_wave5_bull+mtf_volatility,369,0.00271003,30.76229191,62,0.00000000,0.00000000,0.00000000,54,0.00000000,,0.00000000
h4,1,300,adx_up3+horizontal_break_up+mtf_volatility,370,0.00270270,30.67915058,59,0.00000000,0.00000000,-0.00000000,52,0.00000000,,0.00000000
h4,1,300,price20_bull+adx_up3+horizontal_break_up+mtf_volatility,370,0.00270270,30.67915058,59,0.00000000,0.00000000,-0.00000000,52,0.00000000,,0.00000000
h4,1,300,ema20_rising+adx_up3+horizontal_break_up+mtf_volatility,370,0.00270270,30.67915058,59,0.00000000,0.00000000,-0.00000000,52,0.00000000,,0.00000000
h4,1,300,ichimoku_cloud_bull+volatility+breakout20_up+mtf_adx25,370,0.00270270,30.67915058,69,0.00000000,0.00000000,0.00000000,83,0.00000000,,0.00000000
h4,1,300,ichimoku_cloud_bull+volatility+elliott_wave5_bull+mtf_adx25,372,0.00268817,30.51420891,73,0.00000000,0.00000000,0.00000000,86,0.00000000,,0.00000000
h4,1,300,adx_up3+atr_expand+mtf_adx_rising+cross_group_return_up,374,0.00267380,30.35103132,85,0.00000000,0.00000000,0.00000000,60,0.00000000,,0.00000000
h4,1,300,rsi_up1+volatility+horizontal_break_up+mtf_adx_rising,385,0.00259740,29.48385900,92,0.00000000,0.00000000,0.00000000,74,0.00000000,,-0.00000000
h4,1,300,ichimoku_cloud_bull+adx25+breakout20_up+mtf_volatility,386,0.00259067,29.40747594,52,0.00000000,0.00000000,0.00000000,48,0.00000000,,0.00000000
h4,1,300,adx_up3+volatility+horizontal_break_up+impulse_bull,387,0.00258398,29.33148763,86,0.00000000,0.00000000,0.00000000,66,0.00000000,,0.00000000
h4,1,300,rsi_up1+horizontal_break_up+elliott_impulse_bull+mtf_volatility,388,0.00257732,29.25589102,73,0.00000000,0.00000000,0.00000000,66,0.00000000,,0.00000000
h4,1,300,adx_up3+breakout20_up+elliott_impulse_bull+mtf_volatility,391,0.00255754,29.03142126,72,0.00000000,0.00000000,0.00000000,59,0.00000000,,-0.00000000
h4,1,300,price20_bull+adx_up3+impulse_bull+mtf_volatility,393,0.00254453,28.88367866,73,0.00000000,0.00000000,0.00000000,70,0.00000000,,0.00000000
h4,1,300,ema20_rising+adx_up3+impulse_bull+mtf_volatility,393,0.00254453,28.88367866,73,0.00000000,0.00000000,0.00000000,70,0.00000000,,0.00000000
h4,1,300,volatility+breakout20_up+impulse_bull+mtf_volatility,396,0.00252525,28.66486291,68,0.00000000,0.00000000,0.00000000,56,0.00000000,,0.00000000
h4,1,300,volatility+horizontal_break_up+elliott_impulse_bull+mtf_adx25,398,0.00251256,28.52081838,67,0.00000000,0.00000000,0.00000000,88,0.00000000,,0.00000000
h4,1,300,ichimoku_cloud_bull+horizontal_break_up+impulse_bull+mtf_volatility,399,0.00250627,28.44933763,64,0.00000000,0.00000000,0.00000000,61,0.00000000,,-0.00000000
h4,1,300,price20_bull+adx_up3+elliott_impulse_bull+mtf_volatility,400,0.00250000,28.37821429,74,0.00000000,0.00000000,-0.00000000,60,0.00000000,,0.00000000
h4,1,300,ema20_rising+adx_up3+elliott_impulse_bull+mtf_volatility,400,0.00250000,28.37821429,74,0.00000000,0.00000000,-0.00000000,60,0.00000000,,0.00000000
h4,1,300,ichimoku_cloud_bull+adx25+elliott_wave5_bull+mtf_volatility,403,0.00248139,28.16696207,53,0.00000000,0.00000000,0.00000000,51,0.00000000,,0.00000000
h4,1,300,adx_up3+elliott_impulse_bull+mtf_volatility,404,0.00247525,28.09724187,74,0.00000000,0.00000000,-0.00000000,62,0.00000000,,0.00000000
h4,1,300,ichimoku_cloud_bull+adx25+volatility+horizontal_break_up,406,0.00246305,27.95883181,80,0.00000000,0.00000000,0.00000000,59,0.00000000,,-0.00000000
h4,1,300,adx25+volatility+elliott_wave5_bull+mtf_adx25,406,0.00246305,27.95883181,60,0.00000000,0.00000000,0.00000000,80,0.00000000,,0.00000000
h4,1,300,adx_up3+horizontal_break_up+elliott_impulse_bull+mtf_adx25,409,0.00244499,27.75375480,75,0.00000000,0.00000000,0.00000000,78,0.00000000,,-0.00000000
h4,1,300,ichimoku_cloud_bull+rsi_up1+volatility+horizontal_break_up,410,0.00243902,27.68606272,91,0.00000000,0.00000000,0.00000000,71,0.00000000,,0.00000000
h4,1,300,adx_up3+volatility+impulse_bull+elliott_impulse_bull,413,0.00242131,27.48495330,91,0.00000000,0.00000000,0.00000000,69,0.00000000,,0.00000000
h4,1,300,ichimoku_cloud_bull+rsi_up1+breakout20_up+mtf_volatility,414,0.00241546,27.41856453,78,0.00000000,0.00000000,-0.00000000,54,0.00000000,,0.00000000
h4,1,300,adx_up3+breakout20_up+elliott_wave5_bull+mtf_adx25,414,0.00241546,27.41856453,82,0.00000000,0.00000000,-0.00000000,71,0.00000000,,0.00000000
h4,1,300,adx_up3+volatility+breakout20_up+impulse_bull,417,0.00239808,27.22130867,98,0.00000000,0.00000000,0.00000000,67,0.00000000,,0.00000000
h4,1,300,adx_up3+volatility+horizontal_break_up+elliott_wave5_bull,418,0.00239234,27.15618592,100,0.00000000,0.00000000,0.00000000,79,0.00000000,,-0.00000000
h4,1,300,adx25+atr_expand+pullback_bull+cross_target_relative_up,418,0.00239234,27.15618592,104,0.00000000,0.00000000,0.00000000,59,0.00000000,,-0.00000000
h4,1,300,atr_expand+pullback_bull+mtf_volatility,420,0.00238095,27.02687075,78,0.00000000,0.00000000,-0.00000000,50,0.00000000,,0.00000000
h4,1,300,adx_up3+elliott_wave5_bull+mtf_adx25,421,0.00237530,26.96267391,83,0.00000000,0.00000000,0.00000000,73,0.00000000,,0.00000000
h4,1,300,price20_bull+adx_up3+elliott_wave5_bull+mtf_adx25,421,0.00237530,26.96267391,83,0.00000000,0.00000000,0.00000000,73,0.00000000,,0.00000000
h4,1,300,ema20_rising+adx_up3+elliott_wave5_bull+mtf_adx25,421,0.00237530,26.96267391,83,0.00000000,0.00000000,0.00000000,73,0.00000000,,0.00000000
h4,1,300,mtf_volatility+breakout20_up+adx_up3,427,0.00234192,26.58380729,73,0.00000000,0.00000000,0.00000000,67,0.00000000,,0.00000000
h4,1,300,adx_up3+breakout20_up+mtf_volatility,427,0.00234192,26.58380729,73,0.00000000,0.00000000,0.00000000,67,0.00000000,,0.00000000
h4,1,300,price20_bull+adx_up3+breakout20_up+mtf_volatility,427,0.00234192,26.58380729,73,0.00000000,0.00000000,0.00000000,67,0.00000000,,0.00000000
h4,1,300,ema20_rising+adx_up3+breakout20_up+mtf_volatility,427,0.00234192,26.58380729,73,0.00000000,0.00000000,0.00000000,67,0.00000000,,0.00000000
h4,1,300,volatility+impulse_bull+elliott_wave5_bull+mtf_volatility,427,0.00234192,26.58380729,65,0.00000000,0.00000000,0.00000000,54,0.00000000,,0.00000000
h4,1,300,rsi_up1+volatility+breakout20_up+mtf_adx25,428,0.00233645,26.52169559,73,0.00000000,0.00000000,0.00000000,80,0.00000000,,0.00000000
h4,1,300,adx_up3+atr_expand+mtf_volatility,431,0.00232019,26.33708982,68,0.00000000,0.00000000,0.00000000,87,0.00000000,,0.00000000
h4,3,50,adx_up3+atr_expand+mtf_volatility,431,0.35730858,2.22572772,68,0.33823529,2.05758052,0.23714253,87,0.24137931,2.00304741,0.16364163
h4,3,50,ichimoku_cloud_bull+adx25+atr_expand+mtf_volatility,318,0.33333333,2.07638236,70,0.42857143,2.60712066,0.31935309,53,0.26415094,2.19201415,0.16437354
h4,3,50,adx_up3+atr_expand+mtf_volatility+cross_target_relative_up,187,0.33155080,2.06527871,33,0.45454545,2.76512797,0.29842939,33,0.18181818,1.50878896,0.08610768
h4,3,50,atr_expand+mtf_volatility+adx25,697,0.32568149,2.02871791,112,0.35714286,2.17260055,0.27449589,83,0.24096386,1.99959982,0.16174744
h4,3,50,adx25+atr_expand+mtf_volatility,697,0.32568149,2.02871791,112,0.35714286,2.17260055,0.27449589,83,0.24096386,1.99959982,0.16174744
h4,3,50,ichimoku_cloud_bull+adx_up3+atr_expand+mtf_volatility,201,0.31840796,1.98341001,39,0.43589744,2.65168683,0.29304754,45,0.28888889,2.39729801,0.17730082
h4,3,50,triangle_breakout_up+impulse_bull,186,0.31720430,1.97591224,25,0.28000000,1.70331883,0.14283854,22,0.22727273,1.88598620,0.10123040
h4,3,50,price20_bull+triangle_breakout_up+impulse_bull,186,0.31720430,1.97591224,25,0.28000000,1.70331883,0.14283854,22,0.22727273,1.88598620,0.10123040
h4,3,50,ema20_rising+triangle_breakout_up+impulse_bull,186,0.31720430,1.97591224,25,0.28000000,1.70331883,0.14283854,22,0.22727273,1.88598620,0.10123040
h4,3,50,adx25+atr_expand+mtf_volatility+cross_target_relative_up,304,0.31578947,1.96709907,57,0.33333333,2.02776051,0.22493806,35,0.25714286,2.13385867,0.14163027
h4,3,50,atr_expand+breakout20_up+elliott_impulse_bull+mtf_volatility,125,0.29600000,1.84382753,20,0.20000000,1.21665631,0.08065766,19,0.31578947,2.62052819,0.15364379
h4,3,50,atr_expand+retest_up+elliott_impulse_bull+mtf_volatility,125,0.29600000,1.84382753,20,0.20000000,1.21665631,0.08065766,19,0.31578947,2.62052819,0.15364379
h4,3,50,ichimoku_cloud_bull+atr_expand+mtf_volatility,569,0.29525483,1.83918578,100,0.39000000,2.37247980,0.30016874,93,0.27956989,2.31996582,0.19850339
h4,3,50,adx25+atr_expand+impulse_bull+mtf_volatility,224,0.29464286,1.83537369,38,0.23684211,1.44077721,0.12993707,24,0.25000000,2.07458482,0.11999366
h4,3,50,adx25+atr_expand+breakout20_up+mtf_adx25,146,0.29452055,1.83461181,20,0.10000000,0.60832815,0.02786648,14,0.28571429,2.37095408,0.11721379
h4,3,50,adx25+atr_expand+retest_up+mtf_adx25,146,0.29452055,1.83461181,20,0.10000000,0.60832815,0.02786648,13,0.30769231,2.55333516,0.12680704
h4,3,50,atr_expand+mtf_volatility+breakout20_up,140,0.29285714,1.82425021,24,0.25000000,1.52082039,0.11999366,20,0.30000000,2.48950178,0.14547724
h4,3,50,atr_expand+breakout20_up+mtf_volatility,140,0.29285714,1.82425021,24,0.25000000,1.52082039,0.11999366,20,0.30000000,2.48950178,0.14547724
h4,3,50,atr_expand+retest_up+mtf_volatility,140,0.29285714,1.82425021,23,0.21739130,1.32245251,0.09663978,19,0.31578947,2.62052819,0.15364379
h4,3,50,price20_bull+atr_expand+breakout20_up+mtf_volatility,140,0.29285714,1.82425021,24,0.25000000,1.52082039,0.11999366,20,0.30000000,2.48950178,0.14547724
h4,3,50,ema20_rising+atr_expand+breakout20_up+mtf_volatility,140,0.29285714,1.82425021,24,0.25000000,1.52082039,0.11999366,20,0.30000000,2.48950178,0.14547724
h4,3,50,price20_bull+atr_expand+retest_up+mtf_volatility,140,0.29285714,1.82425021,23,0.21739130,1.32245251,0.09663978,19,0.31578947,2.62052819,0.15364379
h4,3,50,ema20_rising+atr_expand+retest_up+mtf_volatility,140,0.29285714,1.82425021,23,0.21739130,1.32245251,0.09663978,19,0.31578947,2.62052819,0.15364379
h4,3,50,atr_expand+breakout20_up+retest_up+mtf_volatility,140,0.29285714,1.82425021,23,0.21739130,1.32245251,0.09663978,19,0.31578947,2.62052819,0.15364379
h4,3,50,atr_expand+mtf_volatility,1172,0.29266212,1.82303536,192,0.34375000,2.09112803,0.28022437,172,0.25000000,2.07458482,0.19122773
h4,3,50,ichimoku_cloud_bull+triangle_breakout_up,165,0.29090909,1.81211551,27,0.25925926,1.57714707,0.13170375,13,0.07692308,0.63833379,0.01371042
h4,3,50,ichimoku_cloud_bull+triangle_breakout_up+retest_up,165,0.29090909,1.81211551,25,0.20000000,1.21665631,0.08860585,13,0.07692308,0.63833379,0.01371042
h4,3,50,adx25+horizontal_break_up+impulse_bull+mtf_volatility,365,0.29041096,1.80901257,51,0.21568627,1.31208033,0.12493938,51,0.19607843,1.62712535,0.11015343
h4,3,50,triangle_breakout_up+impulse_bull+elliott_wave5_bull,121,0.28925620,1.80181940,19,0.26315789,1.60086356,0.11806412,17,0.29411765,2.44068802,0.13279990
h4,3,50,price20_bull+triangle_breakout_up+impulse_bull+elliott_wave5_bull,121,0.28925620,1.80181940,19,0.26315789,1.60086356,0.11806412,17,0.29411765,2.44068802,0.13279990
h4,3,50,ema20_rising+triangle_breakout_up+impulse_bull+elliott_wave5_bull,121,0.28925620,1.80181940,19,0.26315789,1.60086356,0.11806412,17,0.29411765,2.44068802,0.13279990
h4,3,50,ichimoku_cloud_bull+atr_expand+impulse_bull+mtf_volatility,171,0.28654971,1.78496027,32,0.28125000,1.71092293,0.15564580,27,0.29629630,2.45876719,0.15853040
h4,3,50,triangle_breakout_up+impulse_bull+elliott_impulse_bull,123,0.28455285,1.77252152,19,0.26315789,1.60086356,0.11806412,17,0.29411765,2.44068802,0.13279990
h4,3,50,price20_bull+triangle_breakout_up+impulse_bull+elliott_impulse_bull,123,0.28455285,1.77252152,19,0.26315789,1.60086356,0.11806412,17,0.29411765,2.44068802,0.13279990
h4,3,50,ema20_rising+triangle_breakout_up+impulse_bull+elliott_impulse_bull,123,0.28455285,1.77252152,19,0.26315789,1.60086356,0.11806412,17,0.29411765,2.44068802,0.13279990
h4,3,50,adx_up3+atr_expand+mtf_adx25+cross_target_relative_up,271,0.28413284,1.76990526,33,0.12121212,0.73736746,0.04816161,44,0.20454545,1.69738758,0.11153253
h4,3,50,adx25+elliott_pullback_bull+mtf_volatility+cross_group_bull,988,0.28340081,1.76534532,212,0.22169811,1.34865204,0.17101424,201,0.20398010,1.69269607,0.15407123
h4,3,50,adx25+atr_expand+mtf_volatility+cross_group_return_up,290,0.28275862,1.76134503,54,0.37037037,2.25306724,0.25423375,28,0.21428571,1.77821556,0.10212460
h4,3,50,adx25+breakout20_up+impulse_bull+mtf_volatility,487,0.28131417,1.75234733,82,0.26829268,1.63209993,0.18436120,88,0.21590909,1.79168689,0.14280825
h4,3,50,adx25+horizontal_break_up+mtf_volatility+cross_group_return_up,363,0.28099174,1.75033885,50,0.24000000,1.45998757,0.14297391,52,0.23076923,1.91500137,0.13724261
h4,3,50,adx_up3+atr_expand+mtf_volatility+cross_group_return_up,146,0.28082192,1.74928103,22,0.36363636,2.21210238,0.19733205,39,0.20512821,1.70222344,0.10779718
h4,3,50,atr_expand+mtf_volatility+cross_target_relative_up,514,0.27821012,1.73301173,88,0.36363636,2.21210238,0.27079300,70,0.24285714,2.01531096,0.15751861
h4,3,50,ichimoku_cloud_bull+atr_expand+mtf_volatility+cross_target_relative_up,256,0.27734375,1.72761501,48,0.31250000,1.90102548,0.19945683,33,0.30303030,2.51464826,0.17375531
h4,3,50,ichimoku_cloud_bull+atr_expand+mtf_volatility+cross_group_return_up,242,0.27685950,1.72459857,42,0.38095238,2.31744059,0.24999726,36,0.22222222,1.84407539,0.11716332
h4,3,50,adx25+atr_expand+mtf_volatility+cross_group_bull,232,0.27586207,1.71838540,49,0.38775510,2.35882345,0.26429012,28,0.21428571,1.77821556,0.10212460
h4,3,50,price20_bull+di_cross_up+engulf_bull+mtf_adx25,183,0.27322404,1.70195275,36,0.13888889,0.84490021,0.06081815,19,0.10526316,0.87350940,0.02935856
h4,3,50,ema20_rising+di_cross_up+engulf_bull+mtf_adx25,183,0.27322404,1.70195275,36,0.13888889,0.84490021,0.06081815,19,0.10526316,0.87350940,0.02935856
h4,3,50,adx25+elliott_pullback_bull+mtf_volatility+cross_group_return_up,1154,0.27296360,1.70033044,244,0.22131148,1.34630001,0.17376818,227,0.19823789,1.64504523,0.15158606
h4,3,50,price20_bull+adx25+atr_expand+mtf_volatility,301,0.27242525,1.69697694,53,0.18867925,1.14778897,0.10585325,26,0.15384615,1.27666758,0.06150034
h4,3,50,ema20_rising+adx25+atr_expand+mtf_volatility,301,0.27242525,1.69697694,53,0.18867925,1.14778897,0.10585325,26,0.15384615,1.27666758,0.06150034
h4,3,50,adx_up3+atr_expand+mtf_adx25,622,0.27170418,1.69248530,94,0.19148936,1.16488370,0.12470143,112,0.19642857,1.63003093,0.13344971
h4,3,50,horizontal_break_up+impulse_bull+mtf_volatility+cross_group_return_up,410,0.27073171,1.68642762,65,0.23076923,1.40383420,0.14513835,83,0.25301205,2.09957981,0.17185231
h4,3,50,adx25+triangle_breakout_up,145,0.26896552,1.67542576,20,0.20000000,1.21665631,0.08065766,17,0.11764706,0.97627521,0.03287977
h4,3,50,price20_bull+adx25+triangle_breakout_up,145,0.26896552,1.67542576,20,0.20000000,1.21665631,0.08065766,17,0.11764706,0.97627521,0.03287977
h4,3,50,ema20_rising+adx25+triangle_breakout_up,145,0.26896552,1.67542576,20,0.20000000,1.21665631,0.08065766,17,0.11764706,0.97627521,0.03287977
h4,3,50,adx25+triangle_breakout_up+retest_up,145,0.26896552,1.67542576,20,0.20000000,1.21665631,0.08065766,17,0.11764706,0.97627521,0.03287977
h4,3,50,price20_bull+adx25+triangle_breakout_up+retest_up,145,0.26896552,1.67542576,20,0.20000000,1.21665631,0.08065766,17,0.11764706,0.97627521,0.03287977
h4,3,50,ema20_rising+adx25+triangle_breakout_up+retest_up,145,0.26896552,1.67542576,20,0.20000000,1.21665631,0.08065766,17,0.11764706,0.97627521,0.03287977
h4,3,50,price20_bull+di_cross_up+engulf_bull+mtf_volatility,134,0.26865672,1.67350220,20,0.25000000,1.52082039,0.11186170,12,0.08333333,0.69152827,0.01486509
h4,3,50,ema20_rising+di_cross_up+engulf_bull+mtf_volatility,134,0.26865672,1.67350220,20,0.25000000,1.52082039,0.11186170,12,0.08333333,0.69152827,0.01486509
h4,3,50,breakout20_up+engulf_bull+mtf_volatility,190,0.26842105,1.67203421,27,0.11111111,0.67592017,0.03852035,30,0.16666667,1.38305654,0.07336542
h4,3,50,price20_bull+breakout20_up+engulf_bull+mtf_volatility,190,0.26842105,1.67203421,27,0.11111111,0.67592017,0.03852035,30,0.16666667,1.38305654,0.07336542
h4,3,50,ema20_rising+breakout20_up+engulf_bull+mtf_volatility,190,0.26842105,1.67203421,27,0.11111111,0.67592017,0.03852035,30,0.16666667,1.38305654,0.07336542
h4,3,50,atr_expand+impulse_bull+mtf_volatility,362,0.26795580,1.66913609,63,0.25396825,1.54496039,0.16280411,62,0.27419355,2.27535109,0.17881064
h4,3,50,adx25+atr_expand+horizontal_break_up+cross_group_return_up,161,0.26708075,1.66368524,29,0.27586207,1.67814663,0.14698755,24,0.16666667,1.38305654,0.06678676
h4,3,50,ichimoku_cloud_bull+adx25+breakout20_up+engulf_bull,169,0.26627219,1.65864863,29,0.24137931,1.46837830,0.12218422,15,0.00000000,0.00000000,0.00000000
h4,3,50,ichimoku_cloud_bull+adx25+horizontal_break_up+engulf_bull,143,0.26573427,1.65529782,25,0.28000000,1.70331883,0.14283854,13,0.00000000,0.00000000,0.00000000
h4,3,50,price20_bull+atr_expand+mtf_volatility+cross_group_return_up,310,0.26451613,1.64770987,52,0.26923077,1.63780657,0.16768960,45,0.20000000,1.65966785,0.10896127
h4,3,50,ema20_rising+atr_expand+mtf_volatility+cross_group_return_up,310,0.26451613,1.64770987,52,0.26923077,1.63780657,0.16768960,45,0.20000000,1.65966785,0.10896127
h4,3,50,atr_expand+elliott_impulse_bull+mtf_volatility+cross_group_return_up,121,0.26446281,1.64737774,19,0.26315789,1.60086356,0.11806412,22,0.27272727,2.26318344,0.13150760
h4,3,50,adx25+horizontal_break_up+mtf_volatility+cross_group_bull,315,0.26349206,1.64133081,48,0.25000000,1.52082039,0.14920634,53,0.22641509,1.87886927,0.13454631
h4,3,50,ichimoku_cloud_bull+atr_expand+mtf_volatility+cross_group_bull,205,0.26341463,1.64084850,37,0.43243243,2.63060823,0.28671719,30,0.20000000,1.65966785,0.09505107
h4,3,50,adx25+breakout20_up+mtf_volatility+cross_group_return_up,488,0.26229508,1.63387464,82,0.30487805,1.85465901,0.21583396,91,0.23076923,1.91500137,0.15618160
h4,3,50,adx25+retest_up+mtf_volatility+cross_group_return_up,488,0.26229508,1.63387464,82,0.30487805,1.85465901,0.21583396,89,0.23595506,1.95803511,0.15982439
h4,3,50,volatility+mtf_volatility+adx25,5762,0.26188823,1.63134032,958,0.32776618,1.99389395,0.29878148,969,0.26315789,2.18377349,0.23640646
h4,3,50,triangle_breakout_up+mtf_adx25,149,0.26174497,1.63044789,15,0.13333333,0.81110421,0.03736126,19,0.15789474,1.31026409,0.05520472
h4,3,50,price20_bull+triangle_breakout_up+mtf_adx25,149,0.26174497,1.63044789,15,0.13333333,0.81110421,0.03736126,19,0.15789474,1.31026409,0.05520472
h4,3,50,ema20_rising+triangle_breakout_up+mtf_adx25,149,0.26174497,1.63044789,15,0.13333333,0.81110421,0.03736126,19,0.15789474,1.31026409,0.05520472
h4,3,50,triangle_breakout_up+retest_up+mtf_adx25,149,0.26174497,1.63044789,15,0.13333333,0.81110421,0.03736126,19,0.15789474,1.31026409,0.05520472
h4,3,50,price20_bull+triangle_breakout_up+retest_up+mtf_adx25,149,0.26174497,1.63044789,15,0.13333333,0.81110421,0.03736126,19,0.15789474,1.31026409,0.05520472
h4,3,50,ema20_rising+triangle_breakout_up+retest_up+mtf_adx25,149,0.26174497,1.63044789,15,0.13333333,0.81110421,0.03736126,19,0.15789474,1.31026409,0.05520472
h4,3,50,di_cross_up+engulf_bull+mtf_volatility,153,0.26143791,1.62853518,23,0.30434783,1.85143351,0.15604024,16,0.06250000,0.51864620,0.01111934
h4,3,50,price20_bull+engulf_bull+elliott_pullback_bull+mtf_adx25,138,0.26086957,1.62499489,31,0.12903226,0.78493955,0.05134284,20,0.25000000,2.07458482,0.11186170
h4,3,50,ema20_rising+engulf_bull+elliott_pullback_bull+mtf_adx25,138,0.26086957,1.62499489,31,0.12903226,0.78493955,0.05134284,20,0.25000000,2.07458482,0.11186170
h4,3,50,di_cross_up+engulf_bull+mtf_adx25,211,0.26066351,1.62371132,39,0.12820513,0.77990789,0.05602818,21,0.09523810,0.79031803,0.02651877
h4,3,50,ichimoku_cloud_bull+horizontal_break_up+impulse_bull+mtf_volatility,399,0.26065163,1.62363733,64,0.25000000,1.52082039,0.16014927,61,0.13114754,1.08830679,0.06798077
h4,3,50,ichimoku_cloud_bull+triangle_breakout_up+elliott_wave5_bull,123,0.26016260,1.62059111,19,0.21052632,1.28069085,0.08507677,9,0.11111111,0.92203770,0.01989089
h4,3,50,ichimoku_cloud_bull+triangle_breakout_up+retest_up+elliott_wave5_bull,123,0.26016260,1.62059111,19,0.21052632,1.28069085,0.08507677,9,0.11111111,0.92203770,0.01989089
h4,3,50,adx_up3+atr_expand+mtf_volatility+cross_group_bull,123,0.26016260,1.62059111,20,0.40000000,2.43331262,0.21880653,38,0.21052632,1.74701879,0.11074792
h4,3,50,adx_up3+engulf_bull+mtf_adx25+cross_target_relative_up,127,0.25984252,1.61859727,20,0.10000000,0.60832815,0.02786648,27,0.25925926,2.15142129,0.13170375
h4,3,50,horizontal_break_up+impulse_bull+mtf_volatility+cross_group_bull,351,0.25925926,1.61496405,63,0.23809524,1.44840037,0.14993784,79,0.24050633,1.99580311,0.15972180
h4,3,50,triangle_breakout_up+mtf_volatility,135,0.25925926,1.61496405,24,0.12500000,0.76041019,0.04344334,15,0.20000000,1.65966785,0.07047549
h4,3,50,price20_bull+triangle_breakout_up+mtf_volatility,135,0.25925926,1.61496405,24,0.12500000,0.76041019,0.04344334,15,0.20000000,1.65966785,0.07047549
h4,3,50,ema20_rising+triangle_breakout_up+mtf_volatility,135,0.25925926,1.61496405,24,0.12500000,0.76041019,0.04344334,15,0.20000000,1.65966785,0.07047549
h4,3,50,triangle_breakout_up+retest_up+mtf_volatility,135,0.25925926,1.61496405,24,0.12500000,0.76041019,0.04344334,15,0.20000000,1.65966785,0.07047549
h4,3,50,price20_bull+triangle_breakout_up+retest_up+mtf_volatility,135,0.25925926,1.61496405,24,0.12500000,0.76041019,0.04344334,15,0.20000000,1.65966785,0.07047549
h4,3,50,ema20_rising+triangle_breakout_up+retest_up+mtf_volatility,135,0.25925926,1.61496405,24,0.12500000,0.76041019,0.04344334,15,0.20000000,1.65966785,0.07047549
h4,3,50,ichimoku_cloud_bull+breakout20_up+impulse_bull+mtf_volatility,538,0.25836431,1.60938930,88,0.23863636,1.45169219,0.16171043,77,0.12987013,1.07770640,0.07209829
h4,3,50,triangle_breakout_up+mtf_adx_rising,155,0.25806452,1.60752182,28,0.17857143,1.08630028,0.07878502,16,0.12500000,1.03729241,0.03497749
h4,3,50,price20_bull+triangle_breakout_up+mtf_adx_rising,155,0.25806452,1.60752182,28,0.17857143,1.08630028,0.07878502,16,0.12500000,1.03729241,0.03497749
h4,3,50,ema20_rising+triangle_breakout_up+mtf_adx_rising,155,0.25806452,1.60752182,28,0.17857143,1.08630028,0.07878502,16,0.12500000,1.03729241,0.03497749
h4,3,50,triangle_breakout_up+retest_up+mtf_adx_rising,155,0.25806452,1.60752182,26,0.11538462,0.70191710,0.04003245,16,0.12500000,1.03729241,0.03497749
h4,3,50,price20_bull+triangle_breakout_up+retest_up+mtf_adx_rising,155,0.25806452,1.60752182,26,0.11538462,0.70191710,0.04003245,16,0.12500000,1.03729241,0.03497749
h4,3,50,ema20_rising+triangle_breakout_up+retest_up+mtf_adx_rising,155,0.25806452,1.60752182,26,0.11538462,0.70191710,0.04003245,16,0.12500000,1.03729241,0.03497749
h4,3,50,ichimoku_cloud_bull+superbb_bull+horizontal_break_up+elliott_impulse_bull,128,0.25781250,1.60595198,29,0.20689655,1.25860997,0.09846070,17,0.11764706,0.97627521,0.03287977
h4,3,50,atr_expand+mtf_volatility+cross_group_return_up,505,0.25742574,1.60354281,89,0.33707865,2.05054434,0.24742835,77,0.20779221,1.72433024,0.13215078
h4,3,50,ichimoku_cloud_bull+superbb_bull+breakout20_up+elliott_wave5_bull,136,0.25735294,1.60308932,35,0.22857143,1.39046435,0.12065880,20,0.10000000,0.82983393,0.02786648
h4,3,50,ichimoku_cloud_bull+superbb_bull+retest_up+elliott_wave5_bull,136,0.25735294,1.60308932,35,0.22857143,1.39046435,0.12065880,20,0.10000000,0.82983393,0.02786648
h4,3,50,adx25+horizontal_break_up+mtf_volatility,522,0.25670498,1.59905308,80,0.21250000,1.29269733,0.13712387,68,0.19117647,1.58644721,0.11527294
h4,3,50,price20_bull+adx25+horizontal_break_up+mtf_volatility,522,0.25670498,1.59905308,80,0.21250000,1.29269733,0.13712387,68,0.19117647,1.58644721,0.11527294
h4,3,50,ema20_rising+adx25+horizontal_break_up+mtf_volatility,522,0.25670498,1.59905308,80,0.21250000,1.29269733,0.13712387,68,0.19117647,1.58644721,0.11527294
h4,3,50,superbb_bull+horizontal_break_up+elliott_wave5_bull+cross_group_return_up,121,0.25619835,1.59589718,27,0.22222222,1.35184034,0.10607239,27,0.22222222,1.84407539,0.10607239
h4,3,50,ichimoku_cloud_bull+triangle_breakout_up+elliott_impulse_bull,125,0.25600000,1.59466165,19,0.21052632,1.28069085,0.08507677,9,0.11111111,0.92203770,0.01989089
h4,3,50,ichimoku_cloud_bull+triangle_breakout_up+retest_up+elliott_impulse_bull,125,0.25600000,1.59466165,19,0.21052632,1.28069085,0.08507677,9,0.11111111,0.92203770,0.01989089
h4,3,50,adx25+horizontal_break_up+engulf_bull+cross_target_relative_up,125,0.25600000,1.59466165,15,0.20000000,1.21665631,0.07047549,17,0.00000000,0.00000000,0.00000000
h4,3,50,adx25+horizontal_break_up+engulf_bull+cross_group_return_up,125,0.25600000,1.59466165,28,0.25000000,1.52082039,0.12676495,13,0.07692308,0.63833379,0.01371042
h4,3,50,adx25+atr_expand+horizontal_break_up+cross_group_bull,137,0.25547445,1.59138794,25,0.20000000,1.21665631,0.08860585,21,0.19047619,1.58063605,0.07667565
h4,3,50,atr_expand+impulse_bull+elliott_impulse_bull+mtf_volatility,137,0.25547445,1.59138794,28,0.17857143,1.08630028,0.07878502,21,0.28571429,2.37095408,0.13813863
h4,3,50,price20_bull+triangle_breakout_up,325,0.25538462,1.59082833,54,0.20370370,1.23918698,0.11774054,40,0.15000000,1.24475089,0.07061188
h4,3,50,ema20_rising+triangle_breakout_up,325,0.25538462,1.59082833,54,0.20370370,1.23918698,0.11774054,40,0.15000000,1.24475089,0.07061188
h4,3,100,adx_up3+atr_expand+mtf_volatility,431,0.16009281,4.83130056,68,0.16176471,4.49178139,0.09280092,87,0.01149425,0.61615361,0.00203191
h4,3,100,ichimoku_cloud_bull+adx25+atr_expand+mtf_volatility,318,0.15094340,4.55518850,70,0.17142857,4.76012158,0.10087725,53,0.01886792,1.01142196,0.00333845
h4,3,100,adx_up3+atr_expand+mtf_volatility+cross_target_relative_up,187,0.14438503,4.35726921,33,0.18181818,5.04861380,0.08610768,33,0.00000000,0.00000000,0.00000000
h4,3,100,adx25+atr_expand+impulse_bull+mtf_volatility,224,0.13839286,4.17643678,38,0.05263158,1.46144084,0.01455421,24,0.04166667,2.23355683,0.00739346
h4,3,100,atr_expand+mtf_volatility+adx25,697,0.13486370,4.06993348,112,0.13392857,3.71884498,0.08287142,83,0.01204819,0.64584776,0.00212998
h4,3,100,adx25+atr_expand+mtf_volatility,697,0.13486370,4.06993348,112,0.13392857,3.71884498,0.08287142,83,0.01204819,0.64584776,0.00212998
h4,3,100,ichimoku_cloud_bull+atr_expand+impulse_bull+mtf_volatility,171,0.13450292,4.05904589,32,0.06250000,1.73546099,0.01731057,27,0.03703704,1.98538385,0.00656815
h4,3,100,ichimoku_cloud_bull+adx_up3+atr_expand+mtf_volatility,201,0.12935323,3.90363791,39,0.17948718,4.98388798,0.08977265,45,0.02222222,1.19123031,0.00393360
h4,3,100,ichimoku_cloud_bull+adx25+atr_expand+horizontal_break_up,171,0.12865497,3.88256564,26,0.07692308,2.13595199,0.02135509,15,0.06666667,3.57369093,0.01186690
h4,3,100,ichimoku_cloud_bull+atr_expand+mtf_volatility,569,0.12653779,3.81867296,100,0.15000000,4.16510638,0.09305985,93,0.02150538,1.15280353,0.00591750
h4,3,100,ichimoku_cloud_bull+superbb_bull+impulse_bull+cross_group_return_up,123,0.12195122,3.68025900,31,0.06451613,1.79144361,0.01787478,17,0.00000000,0.00000000,0.00000000
h4,3,100,adx_up3+atr_expand+mtf_adx25+cross_target_relative_up,271,0.12177122,3.67482688,33,0.06060606,1.68287127,0.01678088,44,0.11363636,6.09151863,0.04952781
h4,3,100,adx25+atr_expand+mtf_volatility+cross_target_relative_up,304,0.12171053,3.67299533,57,0.10526316,2.92288167,0.04914466,35,0.00000000,0.00000000,0.00000000
h4,3,100,ichimoku_cloud_bull+superbb_bull+cross_group_return_up,125,0.12000000,3.62137486,33,0.09090909,2.52430690,0.03140394,17,0.00000000,0.00000000,0.00000000
h4,3,100,atr_expand+impulse_bull+mtf_volatility,362,0.11602210,3.50132928,63,0.09523810,2.64451199,0.04438348,62,0.03225806,1.72920529,0.00889137
h4,3,100,atr_expand+mtf_volatility,1172,0.11518771,3.47614907,192,0.15625000,4.33865248,0.11169509,172,0.02325581,1.24663637,0.00908004
h4,3,100,atr_expand+engulf_bull+cross_target_relative_up,139,0.11510791,3.47374087,30,0.06666667,1.85115839,0.01847702,16,0.00000000,0.00000000,0.00000000
h4,3,100,adx25+horizontal_break_up+mtf_volatility+cross_group_return_up,363,0.11294766,3.40854842,50,0.12000000,3.33208511,0.05617600,52,0.05769231,3.09261715,0.01981417
h4,3,100,adx25+breakout20_up+impulse_bull+mtf_volatility,487,0.11293634,3.40820700,82,0.12195122,3.38626535,0.06760854,88,0.05681818,3.04575932,0.02451103
h4,3,100,adx25+horizontal_break_up+impulse_bull+mtf_volatility,365,0.11232877,3.38987144,51,0.07843137,2.17783340,0.03092220,51,0.05882353,3.15325670,0.02020664
h4,3,100,atr_expand+breakout20_up+elliott_impulse_bull+mtf_volatility,125,0.11200000,3.37994987,20,0.05000000,1.38836879,0.00888145,19,0.05263158,2.82133495,0.00935199
h4,3,100,atr_expand+retest_up+elliott_impulse_bull+mtf_volatility,125,0.11200000,3.37994987,20,0.05000000,1.38836879,0.00888145,19,0.05263158,2.82133495,0.00935199
h4,3,100,adx25+atr_expand+horizontal_break_up+cross_group_return_up,161,0.11180124,3.37395173,29,0.13793103,3.82998288,0.05497440,24,0.04166667,2.23355683,0.00739346
h4,3,100,ichimoku_cloud_bull+atr_expand+mtf_volatility+cross_group_return_up,242,0.11157025,3.36698076,42,0.16666667,4.62789598,0.08315917,36,0.05555556,2.97807578,0.01536999
h4,3,100,adx25+atr_expand+horizontal_break_up+mtf_adx_rising,163,0.11042945,3.33255355,27,0.07407407,2.05684266,0.02055465,16,0.06250000,3.35033525,0.01111934
h4,3,100,ichimoku_cloud_bull+superbb_bull+breakout20_up+elliott_wave5_bull,136,0.11029412,3.32846954,35,0.05714286,1.58670719,0.01581316,20,0.00000000,0.00000000,0.00000000
h4,3,100,ichimoku_cloud_bull+superbb_bull+retest_up+elliott_wave5_bull,136,0.11029412,3.32846954,35,0.05714286,1.58670719,0.01581316,20,0.00000000,0.00000000,0.00000000
h4,3,100,adx_up3+engulf_bull+mtf_adx25+cross_target_relative_up,127,0.11023622,3.32672231,20,0.05000000,1.38836879,0.00888145,27,0.07407407,3.97076770,0.02055465
h4,3,100,ichimoku_cloud_bull+adx25+atr_expand+breakout20_up,209,0.11004785,3.32103755,30,0.06666667,1.85115839,0.01847702,16,0.06250000,3.35033525,0.01111934
h4,3,100,ichimoku_cloud_bull+adx25+atr_expand+retest_up,209,0.11004785,3.32103755,28,0.03571429,0.99169200,0.00633252,16,0.06250000,3.35033525,0.01111934
h4,3,100,ichimoku_cloud_bull+superbb_bull+horizontal_break_up+elliott_impulse_bull,128,0.10937500,3.30073229,29,0.10344828,2.87248716,0.03581489,17,0.00000000,0.00000000,0.00000000
h4,3,100,ichimoku_cloud_bull+adx25+horizontal_break_up+mtf_volatility,362,0.10773481,3.25123433,48,0.12500000,3.47092199,0.05857051,44,0.04545455,2.43660745,0.01255511
h4,3,100,superbb_bull+horizontal_break_up+elliott_wave5_bull+cross_group_return_up,121,0.10743802,3.24227777,27,0.11111111,3.08526399,0.03852035,27,0.03703704,1.98538385,0.00656815
h4,3,100,atr_expand+elliott_impulse_bull+mtf_volatility+cross_group_return_up,121,0.10743802,3.24227777,19,0.05263158,1.46144084,0.00935199,22,0.04545455,2.43660745,0.00806943
h4,3,100,ichimoku_cloud_bull+atr_expand+mtf_volatility+cross_group_bull,205,0.10731707,3.23862792,37,0.16216216,4.50281771,0.07651207,30,0.06666667,3.57369093,0.01847702
h4,3,100,ichimoku_cloud_bull+superbb_bull+impulse_bull+elliott_wave5_bull,140,0.10714286,3.23337041,35,0.05714286,1.58670719,0.01581316,20,0.00000000,0.00000000,0.00000000
h4,3,100,atr_expand+mtf_volatility+cross_target_relative_up,514,0.10700389,3.22917667,88,0.15909091,4.41753707,0.09719902,70,0.02857143,1.53158183,0.00787061
h4,3,100,squeeze_release_up+impulse_bull+mtf_volatility,122,0.10655738,3.21570172,19,0.05263158,1.46144084,0.00935199,17,0.00000000,0.00000000,0.00000000
h4,3,100,price20_bull+squeeze_release_up+impulse_bull+mtf_volatility,122,0.10655738,3.21570172,19,0.05263158,1.46144084,0.00935199,17,0.00000000,0.00000000,0.00000000
h4,3,100,ema20_rising+squeeze_release_up+impulse_bull+mtf_volatility,122,0.10655738,3.21570172,19,0.05263158,1.46144084,0.00935199,17,0.00000000,0.00000000,0.00000000
h4,3,100,squeeze_release_up+breakout20_up+impulse_bull+mtf_volatility,122,0.10655738,3.21570172,19,0.05263158,1.46144084,0.00935199,17,0.00000000,0.00000000,0.00000000
h4,3,100,ichimoku_cloud_bull+adx25+breakout20_up+mtf_volatility,386,0.10621762,3.20544838,52,0.13461538,3.73791598,0.06676882,48,0.04166667,2.23355683,0.01150189
h4,3,100,ichimoku_cloud_bull+superbb_bull+elliott_wave5_bull,142,0.10563380,3.18782998,35,0.05714286,1.58670719,0.01581316,20,0.00000000,0.00000000,0.00000000
h4,3,100,ichimoku_cloud_bull+atr_expand+mtf_volatility+cross_target_relative_up,256,0.10546875,3.18284900,48,0.08333333,2.31394799,0.03288376,33,0.03030303,1.62440497,0.00536941
h4,3,100,adx25+breakout20_up+mtf_volatility+cross_group_return_up,488,0.10450820,3.15386130,82,0.17073171,4.74077149,0.10451595,91,0.05494505,2.94534967,0.02369510
h4,3,100,adx25+retest_up+mtf_volatility+cross_group_return_up,488,0.10450820,3.15386130,82,0.17073171,4.74077149,0.10451595,89,0.05617978,3.01153730,0.02423288
h4,3,100,adx_up3+atr_expand+mtf_adx25,622,0.10450161,3.15366246,94,0.09574468,2.65857854,0.05119196,112,0.06250000,3.35033525,0.03060192
h4,3,100,atr_expand+engulf_bull+mtf_adx25,134,0.10447761,3.15293831,17,0.05882353,1.63337505,0.01046040,13,0.00000000,0.00000000,0.00000000
h4,3,100,squeeze_release_up+impulse_bull+elliott_wave5_bull+mtf_adx25,134,0.10447761,3.15293831,23,0.04347826,1.20727721,0.00771667,21,0.00000000,0.00000000,-0.00000000
h4,3,100,ichimoku_cloud_bull+atr_expand+horizontal_break_up+cross_group_return_up,202,0.10396040,3.13732970,43,0.04651163,1.29150586,0.01284926,22,0.04545455,2.43660745,0.00806943
h4,3,100,ichimoku_cloud_bull+adx25+retest_up+mtf_volatility,385,0.10389610,3.13538949,52,0.13461538,3.73791598,0.06676882,48,0.04166667,2.23355683,0.01150189
h4,3,100,squeeze_release_up+elliott_wave5_bull+mtf_adx25+cross_group_return_up,135,0.10370370,3.12958321,20,0.05000000,1.38836879,0.00888145,15,0.00000000,0.00000000,0.00000000
h4,3,100,adx25+impulse_bull+elliott_wave5_bull+mtf_volatility,502,0.10358566,3.12602079,76,0.14473684,4.01896230,0.08278516,87,0.05747126,3.08076805,0.02479564
h4,3,100,adx25+atr_expand+breakout20_up+mtf_adx25,146,0.10273973,3.10049217,20,0.00000000,0.00000000,0.00000000,14,0.07142857,3.82895457,0.01272222
h4,3,100,adx25+atr_expand+retest_up+mtf_adx25,146,0.10273973,3.10049217,20,0.00000000,0.00000000,0.00000000,13,0.07692308,4.12348954,0.01371042
h4,3,100,horizontal_break_up+impulse_bull+mtf_volatility+cross_group_return_up,410,0.10243902,3.09141756,65,0.09230769,2.56314239,0.04299509,83,0.07228916,3.87508655,0.03355030
h4,3,100,adx_up3+atr_expand+impulse_bull+mtf_adx25,186,0.10215054,3.08271157,23,0.13043478,3.62183164,0.04537659,30,0.06666667,3.57369093,0.01847702
h4,3,100,adx25+horizontal_break_up+mtf_volatility+cross_group_bull,315,0.10158730,3.06571417,48,0.12500000,3.47092199,0.05857051,53,0.05660377,3.03426589,0.01943666
h4,3,100,superbb_bull+breakout20_up+elliott_impulse_bull+mtf_adx25,128,0.10156250,3.06496570,23,0.08695652,2.41455442,0.02418000,21,0.04761905,2.55263638,0.00845599
h4,3,100,superbb_bull+retest_up+elliott_impulse_bull+mtf_adx25,128,0.10156250,3.06496570,23,0.08695652,2.41455442,0.02418000,21,0.04761905,2.55263638,0.00845599
h4,3,100,adx_up3+atr_expand+impulse_bull+mtf_adx_rising,266,0.10150376,3.06319302,53,0.13207547,3.66738927,0.06547853,43,0.04651163,2.49327274,0.01284926
h4,3,100,atr_expand+horizontal_break_up+mtf_adx_rising+cross_group_return_up,178,0.10112360,3.05172039,40,0.15000000,4.16510638,0.07061188,29,0.03448276,1.84846083,0.00611321
h4,3,100,ichimoku_cloud_bull+squeeze_release_up+horizontal_break_up+mtf_adx_rising,129,0.10077519,3.04120628,25,0.04000000,1.11069504,0.00709623,19,0.00000000,0.00000000,0.00000000
h4,3,100,atr_expand+impulse_bull+mtf_volatility+cross_target_relative_up,159,0.10062893,3.03679233,29,0.17241379,4.78747860,0.07597857,24,0.04166667,2.23355683,0.00739346
h4,3,100,ichimoku_cloud_bull+horizontal_break_up+impulse_bull+mtf_volatility,399,0.10025063,3.02537582,64,0.07812500,2.16932624,0.03383118,61,0.03278689,1.75755292,0.00903789
h4,3,100,adx25+atr_expand+mtf_volatility+cross_group_return_up,290,0.10000000,3.01781238,54,0.14814815,4.11368532,0.07703063,28,0.03571429,1.91447729,0.00633252
h4,3,100,ichimoku_cloud_bull+superbb_bull+breakout20_up+elliott_impulse_bull,160,0.10000000,3.01781238,39,0.07692308,2.13595199,0.02650740,22,0.00000000,0.00000000,0.00000000
h4,3,100,ichimoku_cloud_bull+superbb_bull+retest_up+elliott_impulse_bull,160,0.10000000,3.01781238,38,0.05263158,1.46144084,0.01455421,22,0.00000000,0.00000000,0.00000000
h4,3,100,atr_expand+mtf_volatility+breakout20_up,140,0.10000000,3.01781238,24,0.04166667,1.15697400,0.00739346,20,0.05000000,2.68026820,0.00888145
h4,3,100,atr_expand+breakout20_up+mtf_volatility,140,0.10000000,3.01781238,24,0.04166667,1.15697400,0.00739346,20,0.05000000,2.68026820,0.00888145
h4,3,100,atr_expand+retest_up+mtf_volatility,140,0.10000000,3.01781238,23,0.04347826,1.20727721,0.00771667,19,0.05263158,2.82133495,0.00935199
h4,3,100,price20_bull+atr_expand+breakout20_up+mtf_volatility,140,0.10000000,3.01781238,24,0.04166667,1.15697400,0.00739346,20,0.05000000,2.68026820,0.00888145
h4,3,100,ema20_rising+atr_expand+breakout20_up+mtf_volatility,140,0.10000000,3.01781238,24,0.04166667,1.15697400,0.00739346,20,0.05000000,2.68026820,0.00888145
h4,3,100,price20_bull+atr_expand+retest_up+mtf_volatility,140,0.10000000,3.01781238,23,0.04347826,1.20727721,0.00771667,19,0.05263158,2.82133495,0.00935199
h4,3,100,ema20_rising+atr_expand+retest_up+mtf_volatility,140,0.10000000,3.01781238,23,0.04347826,1.20727721,0.00771667,19,0.05263158,2.82133495,0.00935199
h4,3,100,atr_expand+breakout20_up+retest_up+mtf_volatility,140,0.10000000,3.01781238,23,0.04347826,1.20727721,0.00771667,19,0.05263158,2.82133495,0.00935199
h4,3,100,squeeze_release_up+horizontal_break_up+elliott_impulse_bull+mtf_adx25,120,0.10000000,3.01781238,15,0.06666667,1.85115839,0.01186690,17,0.00000000,0.00000000,0.00000000
h4,3,100,squeeze_release_up+elliott_wave5_bull+mtf_adx25,171,0.09941520,3.00016436,28,0.03571429,0.99169200,0.00633252,28,0.00000000,0.00000000,0.00000000
h4,3,100,price20_bull+squeeze_release_up+elliott_wave5_bull+mtf_adx25,171,0.09941520,3.00016436,28,0.03571429,0.99169200,0.00633252,28,0.00000000,0.00000000,0.00000000
h4,3,100,ema20_rising+squeeze_release_up+elliott_wave5_bull+mtf_adx25,171,0.09941520,3.00016436,28,0.03571429,0.99169200,0.00633252,28,0.00000000,0.00000000,0.00000000
h4,3,100,squeeze_release_up+breakout20_up+elliott_wave5_bull+mtf_adx25,171,0.09941520,3.00016436,28,0.03571429,0.99169200,0.00633252,28,0.00000000,0.00000000,0.00000000
h4,3,100,squeeze_release_up+retest_up+elliott_wave5_bull+mtf_adx25,171,0.09941520,3.00016436,28,0.03571429,0.99169200,0.00633252,28,0.00000000,0.00000000,0.00000000
h4,3,100,superbb_bull+elliott_impulse_bull+mtf_adx25,131,0.09923664,2.99477565,24,0.08333333,2.31394799,0.02315882,21,0.04761905,2.55263638,0.00845599
h4,3,100,ichimoku_cloud_bull+squeeze_release_up+elliott_impulse_bull+mtf_adx25,131,0.09923664,2.99477565,17,0.05882353,1.63337505,0.01046040,15,0.00000000,0.00000000,0.00000000
h4,3,100,price20_bull+superbb_bull+elliott_impulse_bull+mtf_adx25,131,0.09923664,2.99477565,24,0.08333333,2.31394799,0.02315882,21,0.04761905,2.55263638,0.00845599
h4,3,100,ema20_rising+superbb_bull+elliott_impulse_bull+mtf_adx25,131,0.09923664,2.99477565,24,0.08333333,2.31394799,0.02315882,21,0.04761905,2.55263638,0.00845599
h4,3,100,superbb_bull+impulse_bull+elliott_impulse_bull+mtf_adx25,131,0.09923664,2.99477565,24,0.08333333,2.31394799,0.02315882,21,0.04761905,2.55263638,0.00845599
h4,3,100,impulse_bull+elliott_wave5_bull+mtf_volatility+cross_group_return_up,737,0.09905020,2.98914931,117,0.14529915,4.03457598,0.09273939,145,0.05517241,2.95753732,0.02821877
h4,3,100,ichimoku_cloud_bull+adx25+horizontal_break_up+cross_group_return_up,802,0.09850374,2.97265808,152,0.09210526,2.55752146,0.05565865,101,0.02970297,1.59223853,0.01015248
h4,3,100,ichimoku_cloud_bull+squeeze_release_up+mtf_adx25+cross_group_return_up,122,0.09836066,2.96834005,14,0.07142857,1.98338399,0.01272222,8,0.00000000,0.00000000,0.00000000
h4,3,100,adx25+squeeze_release_up+impulse_bull+elliott_impulse_bull,122,0.09836066,2.96834005,32,0.06250000,1.73546099,0.01731057,17,0.00000000,0.00000000,0.00000000
h4,3,100,ichimoku_cloud_bull+superbb_bull+horizontal_break_up,143,0.09790210,2.95450163,34,0.08823529,2.45006258,0.03046594,18,0.00000000,0.00000000,0.00000000
h4,3,100,ichimoku_cloud_bull+adx25+horizontal_break_up+engulf_bull,143,0.09790210,2.95450163,25,0.04000000,1.11069504,0.00709623,13,0.00000000,0.00000000,0.00000000
h4,3,100,ichimoku_cloud_bull+superbb_bull+horizontal_break_up+retest_up,143,0.09790210,2.95450163,32,0.06250000,1.73546099,0.01731057,18,0.00000000,0.00000000,0.00000000
h4,3,100,ichimoku_cloud_bull+superbb_bull+horizontal_break_up+impulse_bull,143,0.09790210,2.95450163,33,0.06060606,1.68287127,0.01678088,18,0.00000000,0.00000000,0.00000000
h4,3,100,breakout20_up+impulse_bull+mtf_volatility+cross_group_return_up,668,0.09730539,2.93649408,116,0.12068966,3.35123502,0.07326997,143,0.05594406,2.99890148,0.02861724
h4,3,100,ichimoku_cloud_bull+superbb_bull+impulse_bull+elliott_impulse_bull,165,0.09696970,2.92636352,38,0.05263158,1.46144084,0.01455421,22,0.00000000,0.00000000,0.00000000
h4,3,100,adx25+atr_expand+horizontal_break_up+elliott_impulse_bull,227,0.09691630,2.92475209,37,0.10810811,3.00187847,0.04285190,27,0.03703704,1.98538385,0.00656815
h4,3,100,ichimoku_cloud_bull+adx25+elliott_wave5_bull+mtf_volatility,403,0.09677419,2.92046359,53,0.09433962,2.61956376,0.04097264,51,0.03921569,2.10217114,0.01082108
h4,3,100,adx25+atr_expand+engulf_bull,176,0.09659091,2.91493241,39,0.02564103,0.71198400,0.00454070,18,0.00000000,0.00000000,0.00000000
h4,3,100,adx25+horizontal_break_up+mtf_adx25+cross_group_return_up,466,0.09656652,2.91419651,84,0.04761905,1.32225599,0.01867175,57,0.07017544,3.76177993,0.02762642
h4,3,100,squeeze_release_up+impulse_bull+mtf_adx25+cross_group_return_up,145,0.09655172,2.91374989,19,0.05263158,1.46144084,0.00935199,15,0.00000000,0.00000000,0.00000000
h4,3,100,ichimoku_cloud_bull+adx25+atr_expand+elliott_impulse_bull,228,0.09649123,2.91192423,37,0.05405405,1.50093924,0.01495098,18,0.05555556,2.97807578,0.00987519
h4,3,100,adx25+elliott_wave5_bull+mtf_volatility+cross_group_return_up,560,0.09642857,2.91003337,88,0.18181818,5.04861380,0.11513100,105,0.04761905,2.55263638,0.02050917
h4,3,100,superbb_bull+breakout20_up+mtf_adx25,135,0.09629630,2.90604155,25,0.08000000,2.22139007,0.02222040,22,0.04545455,2.43660745,0.00806943
h4,3,100,superbb_bull+retest_up+mtf_adx25,135,0.09629630,2.90604155,25,0.08000000,2.22139007,0.02222040,22,0.04545455,2.43660745,0.00806943
h4,3,100,price20_bull+superbb_bull+breakout20_up+mtf_adx25,135,0.09629630,2.90604155,25,0.08000000,2.22139007,0.02222040,22,0.04545455,2.43660745,0.00806943
h4,3,100,ema20_rising+superbb_bull+breakout20_up+mtf_adx25,135,0.09629630,2.90604155,25,0.08000000,2.22139007,0.02222040,22,0.04545455,2.43660745,0.00806943
h4,3,100,price20_bull+superbb_bull+retest_up+mtf_adx25,135,0.09629630,2.90604155,25,0.08000000,2.22139007,0.02222040,22,0.04545455,2.43660745,0.00806943
h4,3,100,ema20_rising+superbb_bull+retest_up+mtf_adx25,135,0.09629630,2.90604155,25,0.08000000,2.22139007,0.02222040,22,0.04545455,2.43660745,0.00806943
h4,3,100,superbb_bull+breakout20_up+retest_up+mtf_adx25,135,0.09629630,2.90604155,25,0.08000000,2.22139007,0.02222040,22,0.04545455,2.43660745,0.00806943
h4,3,100,superbb_bull+breakout20_up+impulse_bull+mtf_adx25,135,0.09629630,2.90604155,25,0.08000000,2.22139007,0.02222040,22,0.04545455,2.43660745,0.00806943
h4,3,100,ichimoku_cloud_bull+adx25+horizontal_break_up+cross_group_bull,696,0.09626437,2.90507801,129,0.08527132,2.36776073,0.04828052,93,0.03225806,1.72920529,0.01103061
h4,3,100,mtf_trend_bull+horizontal_break_up+atr_expand,260,0.09615385,2.90174267,50,0.12000000,3.33208511,0.05617600,30,0.03333333,1.78684547,0.00590859
h4,3,100,ichimoku_cloud_bull+squeeze_release_up+impulse_bull+mtf_adx25,125,0.09600000,2.89709989,17,0.05882353,1.63337505,0.01046040,16,0.00000000,0.00000000,0.00000000
h4,3,100,adx25+breakout20_up+engulf_bull+elliott_impulse_bull,146,0.09589041,2.89379269,33,0.03030303,0.84143563,0.00536941,15,0.00000000,0.00000000,0.00000000
h4,3,100,ichimoku_cloud_bull+superbb_bull+elliott_impulse_bull,167,0.09580838,2.89131725,39,0.07692308,2.13595199,0.02650740,22,0.00000000,0.00000000,0.00000000
h4,3,100,adx25+horizontal_break_up+elliott_wave5_bull+mtf_volatility,439,0.09567198,2.88720091,70,0.07142857,1.98338399,0.03089422,59,0.05084746,2.72569647,0.01744272
h4,3,100,squeeze_release_up+horizontal_break_up+mtf_adx25,136,0.09558824,2.88467360,18,0.05555556,1.54263199,0.00987519,21,0.00000000,0.00000000,-0.00000000
h4,3,100,price20_bull+squeeze_release_up+horizontal_break_up+mtf_adx25,136,0.09558824,2.88467360,18,0.05555556,1.54263199,0.00987519,21,0.00000000,0.00000000,-0.00000000
h4,3,150,adx25+atr_expand+impulse_bull+mtf_volatility,224,0.09375000,9.72491025,38,0.02631579,2.39608323,0.00466059,24,0.00000000,0.00000000,0.00000000
h4,3,150,adx_up3+atr_expand+mtf_volatility,431,0.09280742,9.62713466,68,0.08823529,8.03392613,0.04106812,87,0.00000000,0.00000000,0.00000000
h4,3,150,adx_up3+atr_expand+mtf_volatility+cross_target_relative_up,187,0.08021390,8.32077882,33,0.12121212,11.03650458,0.04816161,33,0.00000000,0.00000000,0.00000000
h4,3,150,atr_expand+mtf_volatility+adx25,697,0.07604017,7.88782773,112,0.09821429,8.94252492,0.05572976,83,0.00000000,0.00000000,0.00000000
h4,3,150,adx25+atr_expand+mtf_volatility,697,0.07604017,7.88782773,112,0.09821429,8.94252492,0.05572976,83,0.00000000,0.00000000,0.00000000
h4,3,150,atr_expand+engulf_bull+mtf_adx25,134,0.07462687,7.74122209,17,0.00000000,0.00000000,0.00000000,13,0.00000000,0.00000000,0.00000000
h4,3,150,ichimoku_cloud_bull+atr_expand+impulse_bull+mtf_volatility,171,0.07017544,7.27946498,32,0.03125000,2.84534884,0.00553786,27,0.00000000,0.00000000,0.00000000
h4,3,150,adx_up3+atr_expand+impulse_bull+mtf_adx25,186,0.06989247,7.25011230,23,0.00000000,0.00000000,0.00000000,30,0.00000000,0.00000000,0.00000000
h4,3,150,adx25+atr_expand+mtf_volatility+cross_target_relative_up,304,0.06907895,7.16572334,57,0.08771930,7.98694410,0.03805167,35,0.00000000,0.00000000,0.00000000
h4,3,150,atr_expand+impulse_bull+mtf_volatility,362,0.06629834,6.87728460,63,0.03174603,2.89051310,0.00874953,62,0.00000000,0.00000000,0.00000000
h4,3,150,ichimoku_cloud_bull+adx25+atr_expand+mtf_volatility,318,0.06603774,6.85025124,70,0.11428571,10.40584718,0.05906129,53,0.00000000,0.00000000,0.00000000
h4,3,150,atr_expand+engulf_bull+cross_target_relative_up,139,0.06474820,6.71648478,30,0.06666667,6.07007752,0.01847702,16,0.00000000,0.00000000,0.00000000
h4,3,150,adx_up3+atr_expand+impulse_bull+mtf_adx_rising,266,0.06390977,6.62951275,53,0.07547170,6.87178587,0.02973956,43,0.00000000,0.00000000,0.00000000
h4,3,150,atr_expand+engulf_bull+mtf_adx_rising,188,0.06382979,6.62121549,36,0.05555556,5.05839793,0.01536999,17,0.00000000,0.00000000,0.00000000
h4,3,150,adx_up3+engulf_bull+mtf_adx25+cross_target_relative_up,127,0.06299213,6.53432290,20,0.05000000,4.55255814,0.00888145,27,0.00000000,0.00000000,0.00000000
h4,3,150,atr_expand+impulse_bull+mtf_volatility+cross_target_relative_up,159,0.06289308,6.52404880,29,0.06896552,6.27939054,0.01912127,24,0.00000000,0.00000000,0.00000000
h4,3,150,adx_up3+atr_expand+mtf_adx25+cross_target_relative_up,271,0.06273063,6.50719702,33,0.00000000,0.00000000,0.00000000,44,0.04545455,14.45351240,0.01255511
h4,3,150,ichimoku_cloud_bull+atr_expand+mtf_volatility,569,0.06151142,6.38072611,100,0.09000000,8.19460465,0.04807254,93,0.00000000,0.00000000,0.00000000
h4,3,150,ichimoku_cloud_bull+adx25+atr_expand+horizontal_break_up,171,0.05847953,6.06622082,26,0.00000000,0.00000000,0.00000000,15,0.00000000,0.00000000,0.00000000
h4,3,150,atr_expand+mtf_volatility,1172,0.05802048,6.01860202,192,0.08333333,7.58759690,0.05194400,172,0.00000000,0.00000000,0.00000000
h4,3,150,adx25+atr_expand+horizontal_break_up+mtf_adx_rising,163,0.05521472,5.72755450,27,0.03703704,3.37226529,0.00656815,16,0.00000000,0.00000000,0.00000000
h4,3,150,adx25+atr_expand+breakout20_up+mtf_adx25,146,0.05479452,5.68396581,20,0.00000000,0.00000000,0.00000000,14,0.00000000,0.00000000,0.00000000
h4,3,150,adx25+atr_expand+retest_up+mtf_adx25,146,0.05479452,5.68396581,20,0.00000000,0.00000000,0.00000000,13,0.00000000,0.00000000,0.00000000
h4,3,150,ichimoku_cloud_bull+adx_up3+atr_expand+mtf_volatility,201,0.05472637,5.67689620,39,0.07692308,7.00393560,0.02650740,45,0.00000000,0.00000000,0.00000000
h4,3,150,adx25+atr_expand+impulse_bull+mtf_adx25,352,0.05397727,5.59919075,49,0.00000000,0.00000000,0.00000000,34,0.00000000,0.00000000,0.00000000
h4,3,150,adx_up3+atr_expand+mtf_adx25,622,0.05305466,5.50348619,94,0.01063830,0.96862939,0.00188040,112,0.01785714,5.67816558,0.00491081
h4,3,150,atr_expand+mtf_volatility+cross_target_relative_up,514,0.05252918,5.44897695,88,0.10227273,9.31205074,0.05474450,70,0.00000000,0.00000000,0.00000000
h4,3,150,adx25+atr_expand+engulf_bull,176,0.05113636,5.30449650,39,0.00000000,0.00000000,-0.00000000,18,0.00000000,0.00000000,0.00000000
h4,3,150,ichimoku_cloud_bull+atr_expand+mtf_volatility+cross_target_relative_up,256,0.05078125,5.26765972,48,0.06250000,5.69069767,0.02148323,33,0.00000000,0.00000000,0.00000000
h4,3,150,breakout20_up+engulf_bull+mtf_adx25+cross_target_relative_up,139,0.05035971,5.22393260,19,0.00000000,0.00000000,0.00000000,24,0.00000000,0.00000000,0.00000000
h4,3,150,ichimoku_cloud_bull+adx25+horizontal_break_up+mtf_volatility,362,0.04972376,5.15796345,48,0.04166667,3.79379845,0.01150189,44,0.00000000,0.00000000,0.00000000
h4,3,150,adx25+atr_expand+horizontal_break_up+cross_group_return_up,161,0.04968944,5.15440378,29,0.03448276,3.13969527,0.00611321,24,0.00000000,0.00000000,0.00000000
h4,3,150,adx25+horizontal_break_up+impulse_bull+mtf_volatility,365,0.04931507,5.11556923,51,0.03921569,3.57063383,0.01082108,51,0.00000000,0.00000000,0.00000000
h4,3,150,atr_expand+breakout20_up+elliott_impulse_bull+mtf_volatility,125,0.04800000,4.97915405,20,0.00000000,0.00000000,0.00000000,19,0.00000000,0.00000000,0.00000000
h4,3,150,atr_expand+retest_up+elliott_impulse_bull+mtf_volatility,125,0.04800000,4.97915405,20,0.00000000,0.00000000,0.00000000,19,0.00000000,0.00000000,0.00000000
h4,3,150,ichimoku_cloud_bull+adx25+atr_expand+breakout20_up,209,0.04784689,4.96327158,30,0.00000000,0.00000000,0.00000000,16,0.00000000,0.00000000,0.00000000
h4,3,150,ichimoku_cloud_bull+adx25+atr_expand+retest_up,209,0.04784689,4.96327158,28,0.00000000,0.00000000,0.00000000,16,0.00000000,0.00000000,0.00000000
h4,3,150,adx25+breakout20_up+impulse_bull+mtf_volatility,487,0.04722793,4.89906498,82,0.04878049,4.44152014,0.01913107,88,0.01136364,3.61337810,0.00200879
h4,3,150,adx25+atr_expand+elliott_impulse_bull+mtf_adx25,170,0.04705882,4.88152358,29,0.00000000,0.00000000,0.00000000,16,0.00000000,0.00000000,0.00000000
h4,3,150,ichimoku_cloud_bull+adx25+atr_expand+elliott_wave5_bull,192,0.04687500,4.86245512,26,0.00000000,0.00000000,0.00000000,15,0.00000000,0.00000000,0.00000000
h4,3,150,adx25+horizontal_break_up+mtf_volatility+cross_group_return_up,363,0.04683196,4.85799006,50,0.04000000,3.64204651,0.01103888,52,0.00000000,0.00000000,0.00000000
h4,3,150,ichimoku_cloud_bull+adx25+breakout20_up+mtf_volatility,386,0.04663212,4.83726106,52,0.03846154,3.50196780,0.01061171,48,0.00000000,0.00000000,0.00000000
h4,3,150,adx25+atr_expand+mtf_adx25+cross_target_relative_up,473,0.04651163,4.82476167,78,0.01282051,1.16732260,0.00226673,57,0.03508772,11.15709729,0.00967566
h4,3,150,mtf_trend_bull+horizontal_break_up+atr_expand,260,0.04615385,4.78764812,50,0.06000000,5.46306977,0.02061497,30,0.00000000,0.00000000,0.00000000
h4,3,150,ichimoku_cloud_bull+atr_expand+mtf_volatility+cross_group_return_up,242,0.04545455,4.71510800,42,0.09523810,8.67153931,0.03766225,36,0.00000000,0.00000000,0.00000000
h4,3,150,adx25+atr_expand+horizontal_break_up+elliott_wave5_bull,198,0.04545455,4.71510800,30,0.03333333,3.03503876,0.00590859,23,0.00000000,0.00000000,0.00000000
h4,3,150,atr_expand+impulse_bull+mtf_adx25+cross_target_relative_up,265,0.04528302,4.69731514,48,0.02083333,1.89689922,0.00368711,40,0.00000000,0.00000000,0.00000000
h4,3,150,adx_up3+atr_expand+mtf_adx_rising,867,0.04498270,4.66616224,174,0.04022989,3.66297781,0.01962174,167,0.01197605,3.80811105,0.00329043
h4,3,150,atr_expand+horizontal_break_up+mtf_adx_rising+cross_group_return_up,178,0.04494382,4.66212926,40,0.07500000,6.82883721,0.02583603,29,0.00000000,0.00000000,0.00000000
h4,3,150,atr_expand+impulse_bull+mtf_volatility+cross_group_return_up,157,0.04458599,4.62501039,31,0.00000000,0.00000000,0.00000000,27,0.00000000,0.00000000,0.00000000
h4,3,150,ichimoku_cloud_bull+atr_expand+horizontal_break_up+cross_group_return_up,202,0.04455446,4.62173952,43,0.00000000,0.00000000,0.00000000,22,0.00000000,0.00000000,0.00000000
h4,3,150,adx25+atr_expand+breakout20_up+mtf_adx_rising,225,0.04444444,4.61032782,36,0.02777778,2.52919897,0.00492041,18,0.00000000,0.00000000,0.00000000
h4,3,150,adx25+atr_expand+retest_up+mtf_adx_rising,225,0.04444444,4.61032782,36,0.02777778,2.52919897,0.00492041,17,0.00000000,0.00000000,0.00000000
h4,3,150,atr_expand+horizontal_break_up+elliott_impulse_bull+mtf_adx25,180,0.04444444,4.61032782,25,0.04000000,3.64204651,0.00709623,21,0.00000000,0.00000000,-0.00000000
h4,3,150,atr_expand+horizontal_break_up+mtf_adx25+cross_target_relative_up,135,0.04444444,4.61032782,16,0.06250000,5.69069767,0.01111934,15,0.00000000,0.00000000,0.00000000
h4,3,150,ichimoku_cloud_bull+adx25+retest_up+mtf_volatility,385,0.04415584,4.58039063,52,0.03846154,3.50196780,0.01061171,48,0.00000000,0.00000000,0.00000000
h4,3,150,adx25+atr_expand+horizontal_break_up+elliott_impulse_bull,227,0.04405286,4.56970819,37,0.02702703,2.46084224,0.00478697,27,0.00000000,0.00000000,0.00000000
h4,3,150,ichimoku_cloud_bull+adx25+horizontal_break_up+mtf_adx25,545,0.04403670,4.56803124,83,0.02409639,2.19400392,0.00663317,63,0.00000000,0.00000000,0.00000000
h4,3,150,adx25+atr_expand+impulse_bull+mtf_adx_rising,500,0.04400000,4.56422454,85,0.02352941,2.14238030,0.00647651,51,0.00000000,0.00000000,0.00000000
h4,3,150,ichimoku_cloud_bull+atr_expand+mtf_volatility+cross_group_bull,205,0.04390244,4.55410431,37,0.10810811,9.84336895,0.04285190,30,0.00000000,0.00000000,0.00000000
h4,3,150,ichimoku_cloud_bull+adx25+atr_expand+elliott_impulse_bull,228,0.04385965,4.54966561,37,0.00000000,0.00000000,-0.00000000,18,0.00000000,0.00000000,0.00000000
h4,3,150,adx25+impulse_bull+elliott_wave5_bull+mtf_volatility,502,0.04382470,4.54604038,76,0.09210526,8.38629131,0.04533400,87,0.01149425,3.65491118,0.00203191
h4,3,150,adx25+atr_expand+horizontal_break_up+cross_group_bull,137,0.04379562,4.54302377,25,0.00000000,0.00000000,0.00000000,21,0.00000000,0.00000000,-0.00000000
h4,3,150,ichimoku_cloud_bull+atr_expand+horizontal_break_up+mtf_adx_rising,206,0.04368932,4.53199701,31,0.00000000,0.00000000,0.00000000,22,0.00000000,0.00000000,0.00000000
h4,3,150,adx_up3+atr_expand+impulse_bull,461,0.04338395,4.50032000,99,0.04040404,3.67883486,0.01582264,89,0.00000000,0.00000000,0.00000000
h4,3,150,adx25+horizontal_break_up+elliott_wave5_bull+mtf_volatility,439,0.04328018,4.48955614,70,0.02857143,2.60146179,0.00787061,59,0.00000000,0.00000000,-0.00000000
h4,3,150,atr_expand+mtf_volatility+breakout20_up,140,0.04285714,4.44567326,24,0.00000000,0.00000000,0.00000000,20,0.00000000,0.00000000,0.00000000
h4,3,150,atr_expand+breakout20_up+mtf_volatility,140,0.04285714,4.44567326,24,0.00000000,0.00000000,0.00000000,20,0.00000000,0.00000000,0.00000000
h4,3,150,atr_expand+retest_up+mtf_volatility,140,0.04285714,4.44567326,23,0.00000000,0.00000000,0.00000000,19,0.00000000,0.00000000,0.00000000
h4,3,150,price20_bull+atr_expand+breakout20_up+mtf_volatility,140,0.04285714,4.44567326,24,0.00000000,0.00000000,0.00000000,20,0.00000000,0.00000000,0.00000000
h4,3,150,ema20_rising+atr_expand+breakout20_up+mtf_volatility,140,0.04285714,4.44567326,24,0.00000000,0.00000000,0.00000000,20,0.00000000,0.00000000,0.00000000
h4,3,150,price20_bull+atr_expand+retest_up+mtf_volatility,140,0.04285714,4.44567326,23,0.00000000,0.00000000,0.00000000,19,0.00000000,0.00000000,0.00000000
h4,3,150,ema20_rising+atr_expand+retest_up+mtf_volatility,140,0.04285714,4.44567326,23,0.00000000,0.00000000,0.00000000,19,0.00000000,0.00000000,0.00000000
h4,3,150,adx25+atr_expand+elliott_wave5_bull+mtf_adx25,140,0.04285714,4.44567326,24,0.00000000,0.00000000,0.00000000,12,0.00000000,0.00000000,0.00000000
h4,3,150,atr_expand+breakout20_up+retest_up+mtf_volatility,140,0.04285714,4.44567326,23,0.00000000,0.00000000,0.00000000,19,0.00000000,0.00000000,0.00000000
h4,3,150,ichimoku_cloud_bull+horizontal_break_up+impulse_bull+mtf_volatility,399,0.04260652,4.41967517,64,0.03125000,2.84534884,0.00861214,61,0.00000000,0.00000000,-0.00000000
h4,3,150,ichimoku_cloud_bull+adx25+elliott_wave5_bull+mtf_volatility,403,0.04218362,4.37580742,53,0.03773585,3.43589294,0.01041029,51,0.00000000,0.00000000,0.00000000
h4,3,150,adx25+atr_expand+mtf_adx25,1102,0.04174229,4.33002658,156,0.02564103,2.33464520,0.01001547,131,0.01526718,4.85461485,0.00419684
h4,3,150,ichimoku_cloud_bull+atr_expand+horizontal_break_up+elliott_wave5_bull,240,0.04166667,4.32218233,40,0.00000000,0.00000000,0.00000000,26,0.00000000,0.00000000,0.00000000
h4,3,150,adx25+engulf_bull+elliott_impulse_bull+cross_target_relative_up,120,0.04166667,4.32218233,32,0.00000000,0.00000000,0.00000000,18,0.00000000,0.00000000,0.00000000
h4,3,150,squeeze_release_up+horizontal_break_up+elliott_impulse_bull+mtf_adx25,120,0.04166667,4.32218233,15,0.00000000,0.00000000,0.00000000,17,0.00000000,0.00000000,0.00000000
h4,3,150,horizontal_break_up+impulse_bull+mtf_volatility+cross_group_return_up,410,0.04146341,4.30109852,65,0.03076923,2.80157424,0.00847900,83,0.00000000,0.00000000,0.00000000
h4,3,150,adx25+atr_expand+mtf_volatility+cross_group_return_up,290,0.04137931,4.29237418,54,0.09259259,8.43066322,0.04020113,28,0.00000000,0.00000000,0.00000000
h4,3,150,adx25+superbb_bull+breakout20_up+elliott_impulse_bull,121,0.04132231,4.28646182,21,0.04761905,4.33576966,0.00845599,14,0.00000000,0.00000000,0.00000000
h4,3,150,adx25+superbb_bull+retest_up+elliott_impulse_bull,121,0.04132231,4.28646182,19,0.05263158,4.79216646,0.00935199,14,0.00000000,0.00000000,0.00000000
h4,3,150,superbb_bull+horizontal_break_up+elliott_wave5_bull+cross_group_return_up,121,0.04132231,4.28646182,27,0.07407407,6.74453058,0.02055465,27,0.00000000,0.00000000,0.00000000
h4,3,150,atr_expand+elliott_impulse_bull+mtf_volatility+cross_group_return_up,121,0.04132231,4.28646182,19,0.00000000,0.00000000,0.00000000,22,0.00000000,0.00000000,0.00000000
h4,3,150,atr_expand+breakout20_up+mtf_adx25+cross_target_relative_up,170,0.04117647,4.27133313,27,0.03703704,3.37226529,0.00656815,22,0.00000000,0.00000000,0.00000000
h4,3,150,atr_expand+retest_up+mtf_adx25+cross_target_relative_up,170,0.04117647,4.27133313,27,0.03703704,3.37226529,0.00656815,21,0.00000000,0.00000000,-0.00000000
h4,3,150,ichimoku_cloud_bull+adx25+breakout20_up+mtf_adx25,584,0.04109589,4.26297436,94,0.02127660,1.93725878,0.00585434,68,0.00000000,0.00000000,0.00000000
h4,3,150,ichimoku_cloud_bull+horizontal_break_up+mtf_volatility+cross_group_return_up,390,0.04102564,4.25568722,69,0.02898551,2.63916414,0.00798520,59,0.00000000,0.00000000,-0.00000000
h4,3,150,adx25+breakout20_up+mtf_volatility+cross_group_return_up,488,0.04098361,4.25132688,82,0.06097561,5.55190017,0.02632396,91,0.01098901,3.49425574,0.00194247
h4,3,150,adx25+retest_up+mtf_volatility+cross_group_return_up,488,0.04098361,4.25132688,82,0.06097561,5.55190017,0.02632396,89,0.01123596,3.57277835,0.00198618
h4,3,150,adx25+squeeze_release_up+impulse_bull+elliott_impulse_bull,122,0.04098361,4.25132688,32,0.03125000,2.84534884,0.00553786,17,0.00000000,0.00000000,0.00000000
h4,3,150,adx25+horizontal_break_up+mtf_adx25+cross_group_return_up,466,0.04077253,4.22943164,84,0.02380952,2.16788483,0.00655390,57,0.00000000,0.00000000,0.00000000
h4,3,150,adx25+atr_expand+elliott_wave5_bull+mtf_adx_rising,221,0.04072398,4.22439540,33,0.03030303,2.75912615,0.00536941,15,0.00000000,0.00000000,0.00000000
h4,3,150,adx25+superbb_bull+elliott_impulse_bull,123,0.04065041,4.21676325,22,0.04545455,4.13868922,0.00806943,14,0.00000000,0.00000000,0.00000000
h4,3,150,price20_bull+adx25+superbb_bull+elliott_impulse_bull,123,0.04065041,4.21676325,22,0.04545455,4.13868922,0.00806943,14,0.00000000,0.00000000,0.00000000
h4,3,150,ema20_rising+adx25+superbb_bull+elliott_impulse_bull,123,0.04065041,4.21676325,22,0.04545455,4.13868922,0.00806943,14,0.00000000,0.00000000,0.00000000
h4,3,150,ichimoku_cloud_bull+superbb_bull+impulse_bull+cross_group_return_up,123,0.04065041,4.21676325,31,0.03225806,2.93713428,0.00571722,17,0.00000000,0.00000000,0.00000000
h4,3,150,adx25+superbb_bull+impulse_bull+elliott_impulse_bull,123,0.04065041,4.21676325,20,0.05000000,4.55255814,0.00888145,14,0.00000000,0.00000000,0.00000000
h4,3,150,adx25+atr_expand+breakout20_up+cross_group_return_up,222,0.04054054,4.20536659,40,0.02500000,2.27627907,0.00442683,29,0.00000000,0.00000000,0.00000000
h4,3,150,adx25+atr_expand+retest_up+cross_group_return_up,222,0.04054054,4.20536659,37,0.02702703,2.46084224,0.00478697,28,0.00000000,0.00000000,0.00000000
h4,3,150,adx25+atr_expand+horizontal_break_up,247,0.04048583,4.19969134,42,0.02380952,2.16788483,0.00421540,30,0.00000000,0.00000000,0.00000000
h4,3,150,price20_bull+adx25+atr_expand+horizontal_break_up,247,0.04048583,4.19969134,42,0.02380952,2.16788483,0.00421540,30,0.00000000,0.00000000,0.00000000
h4,3,150,ema20_rising+adx25+atr_expand+horizontal_break_up,247,0.04048583,4.19969134,42,0.02380952,2.16788483,0.00421540,30,0.00000000,0.00000000,0.00000000
h4,3,150,adx25+atr_expand+horizontal_break_up+retest_up,247,0.04048583,4.19969134,40,0.02500000,2.27627907,0.00442683,29,0.00000000,0.00000000,0.00000000
h4,3,150,ichimoku_cloud_bull+atr_expand+horizontal_break_up+mtf_adx25,149,0.04026846,4.17714266,19,0.00000000,0.00000000,0.00000000,11,0.00000000,0.00000000,0.00000000
h4,3,150,atr_expand+horizontal_break_up+elliott_wave5_bull+mtf_adx25,149,0.04026846,4.17714266,22,0.04545455,4.13868922,0.00806943,18,0.00000000,0.00000000,0.00000000
h4,3,150,adx25+horizontal_break_up+elliott_impulse_bull+mtf_volatility,474,0.04008439,4.15804883,76,0.02631579,2.39608323,0.00724666,62,0.00000000,0.00000000,0.00000000
h4,3,150,atr_expand+breakout20_up+elliott_impulse_bull+mtf_adx25,250,0.04000000,4.14929504,38,0.02631579,2.39608323,0.00466059,28,0.00000000,0.00000000,0.00000000
h4,3,150,atr_expand+retest_up+elliott_impulse_bull+mtf_adx25,250,0.04000000,4.14929504,38,0.02631579,2.39608323,0.00466059,28,0.00000000,0.00000000,0.00000000
h4,3,150,ichimoku_cloud_bull+superbb_bull+cross_group_return_up,125,0.04000000,4.14929504,33,0.03030303,2.75912615,0.00536941,17,0.00000000,0.00000000,0.00000000
h4,3,150,adx25+breakout20_up+elliott_wave5_bull+mtf_volatility,577,0.03986135,4.13491273,102,0.04901961,4.46329229,0.02111760,99,0.01010101,3.21189164,0.00178531
h4,3,150,horizontal_break_up+impulse_bull+elliott_wave5_bull+mtf_volatility,478,0.03974895,4.12325344,80,0.02500000,2.27627907,0.00688289,91,0.00000000,0.00000000,0.00000000
h4,3,150,adx25+squeeze_release_up+elliott_impulse_bull,151,0.03973510,4.12181626,40,0.02500000,2.27627907,0.00442683,25,0.00000000,0.00000000,0.00000000
h4,3,150,price20_bull+adx25+squeeze_release_up+elliott_impulse_bull,151,0.03973510,4.12181626,40,0.02500000,2.27627907,0.00442683,25,0.00000000,0.00000000,0.00000000
h4,3,150,ema20_rising+adx25+squeeze_release_up+elliott_impulse_bull,151,0.03973510,4.12181626,40,0.02500000,2.27627907,0.00442683,25,0.00000000,0.00000000,0.00000000
h4,3,150,adx25+squeeze_release_up+breakout20_up+elliott_impulse_bull,151,0.03973510,4.12181626,40,0.02500000,2.27627907,0.00442683,25,0.00000000,0.00000000,0.00000000
h4,3,150,adx25+squeeze_release_up+retest_up+elliott_impulse_bull,151,0.03973510,4.12181626,40,0.02500000,2.27627907,0.00442683,25,0.00000000,0.00000000,0.00000000
h4,3,200,ichimoku_cloud_bull+atr_expand+impulse_bull+mtf_volatility,171,0.06432749,17.26823534,32,0.00000000,0.00000000,0.00000000,27,0.00000000,0.00000000,0.00000000
h4,3,200,adx25+atr_expand+impulse_bull+mtf_volatility,224,0.06250000,16.77766047,38,0.00000000,0.00000000,0.00000000,24,0.00000000,0.00000000,0.00000000
h4,3,200,adx_up3+atr_expand+mtf_volatility,431,0.05568445,14.94807801,68,0.04411765,11.21619557,0.01511662,87,0.00000000,0.00000000,0.00000000
h4,3,200,adx_up3+atr_expand+mtf_volatility+cross_target_relative_up,187,0.04812834,12.91969577,33,0.06060606,15.40810704,0.01678088,33,0.00000000,0.00000000,0.00000000
h4,3,200,ichimoku_cloud_bull+adx25+atr_expand+mtf_volatility,318,0.04716981,12.66238526,70,0.04285714,10.89573284,0.01468154,53,0.00000000,0.00000000,0.00000000
h4,3,200,atr_expand+impulse_bull+mtf_volatility,362,0.04696133,12.60641892,63,0.01587302,4.03545661,0.00280749,62,0.00000000,0.00000000,0.00000000
h4,3,200,ichimoku_cloud_bull+adx_up3+atr_expand+mtf_volatility,201,0.04477612,12.01981646,39,0.00000000,0.00000000,-0.00000000,45,0.00000000,0.00000000,0.00000000
h4,3,200,atr_expand+impulse_bull+mtf_volatility+cross_target_relative_up,159,0.04402516,11.81822625,29,0.03448276,8.76668159,0.00611321,24,0.00000000,0.00000000,0.00000000
h4,3,200,ichimoku_cloud_bull+atr_expand+mtf_volatility,569,0.04393673,11.79448891,100,0.03000000,7.62701299,0.01025452,93,0.00000000,0.00000000,0.00000000
h4,3,200,atr_expand+mtf_volatility+adx25,697,0.04304161,11.55419946,112,0.04464286,11.34972171,0.01921726,83,0.00000000,0.00000000,0.00000000
h4,3,200,adx25+atr_expand+mtf_volatility,697,0.04304161,11.55419946,112,0.04464286,11.34972171,0.01921726,83,0.00000000,0.00000000,0.00000000
h4,3,200,adx25+atr_expand+mtf_volatility+cross_target_relative_up,304,0.04276316,11.47945190,57,0.03508772,8.92048303,0.00967566,35,0.00000000,0.00000000,0.00000000
h4,3,200,atr_expand+engulf_bull+mtf_adx_rising,188,0.04255319,11.42308798,36,0.05555556,14.12409812,0.01536999,17,0.00000000,0.00000000,0.00000000
h4,3,200,squeeze_release_up+horizontal_break_up+elliott_impulse_bull+mtf_adx25,120,0.04166667,11.18510698,15,0.00000000,0.00000000,0.00000000,17,0.00000000,0.00000000,0.00000000
h4,3,200,ichimoku_cloud_bull+atr_expand+mtf_volatility+cross_target_relative_up,256,0.03906250,10.48603780,48,0.02083333,5.29653680,0.00368711,33,0.00000000,0.00000000,0.00000000
h4,3,200,adx_up3+atr_expand+impulse_bull+mtf_adx25,186,0.03763441,10.10267727,23,0.00000000,0.00000000,0.00000000,30,0.00000000,0.00000000,0.00000000
h4,3,200,atr_expand+engulf_bull+mtf_adx25,134,0.03731343,10.01651372,17,0.00000000,0.00000000,0.00000000,13,0.00000000,0.00000000,0.00000000
h4,3,200,adx25+squeeze_release_up+elliott_wave5_bull,135,0.03703704,9.94231732,32,0.00000000,0.00000000,0.00000000,24,0.00000000,0.00000000,0.00000000
h4,3,200,price20_bull+adx25+squeeze_release_up+elliott_wave5_bull,135,0.03703704,9.94231732,32,0.00000000,0.00000000,0.00000000,24,0.00000000,0.00000000,0.00000000
h4,3,200,ema20_rising+adx25+squeeze_release_up+elliott_wave5_bull,135,0.03703704,9.94231732,32,0.00000000,0.00000000,0.00000000,24,0.00000000,0.00000000,0.00000000
h4,3,200,adx25+squeeze_release_up+breakout20_up+elliott_wave5_bull,135,0.03703704,9.94231732,32,0.00000000,0.00000000,0.00000000,24,0.00000000,0.00000000,0.00000000
h4,3,200,adx25+squeeze_release_up+retest_up+elliott_wave5_bull,135,0.03703704,9.94231732,32,0.00000000,0.00000000,0.00000000,24,0.00000000,0.00000000,0.00000000
h4,3,200,adx_up3+atr_expand+mtf_adx25+cross_target_relative_up,271,0.03690037,9.90562980,33,0.00000000,0.00000000,0.00000000,44,0.02272727,39.74715909,0.00402325
h4,3,200,squeeze_release_up+horizontal_break_up+mtf_adx25,136,0.03676471,9.86921204,18,0.00000000,0.00000000,0.00000000,21,0.00000000,0.00000000,-0.00000000
h4,3,200,price20_bull+squeeze_release_up+horizontal_break_up+mtf_adx25,136,0.03676471,9.86921204,18,0.00000000,0.00000000,0.00000000,21,0.00000000,0.00000000,-0.00000000
h4,3,200,ema20_rising+squeeze_release_up+horizontal_break_up+mtf_adx25,136,0.03676471,9.86921204,18,0.00000000,0.00000000,0.00000000,21,0.00000000,0.00000000,-0.00000000
h4,3,200,squeeze_release_up+horizontal_break_up+retest_up+mtf_adx25,136,0.03676471,9.86921204,18,0.00000000,0.00000000,0.00000000,21,0.00000000,0.00000000,-0.00000000
h4,3,200,ichimoku_cloud_bull+adx25+atr_expand+horizontal_break_up,171,0.03508772,9.41903746,26,0.00000000,0.00000000,0.00000000,15,0.00000000,0.00000000,0.00000000
h4,3,200,atr_expand+mtf_volatility,1172,0.03498294,9.39090893,192,0.04166667,10.59307359,0.02126190,172,0.00000000,0.00000000,0.00000000
h4,3,200,adx25+squeeze_release_up+cross_group_return_up,120,0.03333333,8.94808559,29,0.00000000,0.00000000,0.00000000,14,0.00000000,0.00000000,0.00000000
h4,3,200,price20_bull+adx25+squeeze_release_up+cross_group_return_up,120,0.03333333,8.94808559,29,0.00000000,0.00000000,0.00000000,14,0.00000000,0.00000000,0.00000000
h4,3,200,ema20_rising+adx25+squeeze_release_up+cross_group_return_up,120,0.03333333,8.94808559,29,0.00000000,0.00000000,0.00000000,14,0.00000000,0.00000000,0.00000000
h4,3,200,adx25+squeeze_release_up+breakout20_up+cross_group_return_up,120,0.03333333,8.94808559,29,0.00000000,0.00000000,0.00000000,14,0.00000000,0.00000000,0.00000000
h4,3,200,adx25+squeeze_release_up+retest_up+cross_group_return_up,120,0.03333333,8.94808559,29,0.00000000,0.00000000,0.00000000,14,0.00000000,0.00000000,0.00000000
h4,3,200,adx25+squeeze_release_up+elliott_impulse_bull,151,0.03311258,8.88882674,40,0.00000000,0.00000000,0.00000000,25,0.00000000,0.00000000,0.00000000
h4,3,200,price20_bull+adx25+squeeze_release_up+elliott_impulse_bull,151,0.03311258,8.88882674,40,0.00000000,0.00000000,0.00000000,25,0.00000000,0.00000000,0.00000000
h4,3,200,ema20_rising+adx25+squeeze_release_up+elliott_impulse_bull,151,0.03311258,8.88882674,40,0.00000000,0.00000000,0.00000000,25,0.00000000,0.00000000,0.00000000
h4,3,200,adx25+squeeze_release_up+breakout20_up+elliott_impulse_bull,151,0.03311258,8.88882674,40,0.00000000,0.00000000,0.00000000,25,0.00000000,0.00000000,0.00000000
h4,3,200,adx25+squeeze_release_up+retest_up+elliott_impulse_bull,151,0.03311258,8.88882674,40,0.00000000,0.00000000,0.00000000,25,0.00000000,0.00000000,0.00000000
h4,3,200,atr_expand+mtf_volatility+cross_target_relative_up,514,0.03307393,8.87845068,88,0.05681818,14.44510035,0.02451103,70,0.00000000,0.00000000,0.00000000
h4,3,200,adx25+squeeze_release_up+impulse_bull+elliott_impulse_bull,122,0.03278689,8.80139566,32,0.00000000,0.00000000,0.00000000,17,0.00000000,0.00000000,0.00000000
h4,3,200,atr_expand+impulse_bull+mtf_volatility+cross_group_return_up,157,0.03184713,8.54912636,31,0.00000000,0.00000000,0.00000000,27,0.00000000,0.00000000,0.00000000
h4,3,200,squeeze_release_up+horizontal_break_up+elliott_wave5_bull+mtf_adx_rising,127,0.03149606,8.45488402,22,0.00000000,0.00000000,0.00000000,19,0.00000000,0.00000000,0.00000000
h4,3,200,adx25+atr_expand+impulse_bull+mtf_adx25,352,0.03125000,8.38883024,49,0.00000000,0.00000000,0.00000000,34,0.00000000,0.00000000,0.00000000
h4,3,200,ichimoku_cloud_bull+adx25+atr_expand+elliott_wave5_bull,192,0.03125000,8.38883024,26,0.00000000,0.00000000,0.00000000,15,0.00000000,0.00000000,0.00000000
h4,3,200,ichimoku_cloud_bull+squeeze_release_up+horizontal_break_up+elliott_wave5_bull,160,0.03125000,8.38883024,27,0.00000000,0.00000000,0.00000000,26,0.00000000,0.00000000,0.00000000
h4,3,200,ichimoku_cloud_bull+squeeze_release_up+horizontal_break_up+mtf_adx_rising,129,0.03100775,8.32380054,25,0.00000000,0.00000000,0.00000000,19,0.00000000,0.00000000,0.00000000
h4,3,200,adx25+atr_expand+horizontal_break_up+mtf_adx_rising,163,0.03067485,8.23443459,27,0.00000000,0.00000000,0.00000000,16,0.00000000,0.00000000,0.00000000
h4,3,200,ichimoku_cloud_bull+squeeze_release_up+elliott_impulse_bull+mtf_adx25,131,0.03053435,8.19671962,17,0.00000000,0.00000000,0.00000000,15,0.00000000,0.00000000,0.00000000
h4,3,200,adx25+atr_expand+horizontal_break_up+elliott_wave5_bull,198,0.03030303,8.13462326,30,0.00000000,0.00000000,0.00000000,23,0.00000000,0.00000000,0.00000000
h4,3,200,adx_up3+atr_expand+impulse_bull+mtf_adx_rising,266,0.03007519,8.07346068,53,0.03773585,9.59372703,0.01041029,43,0.00000000,0.00000000,0.00000000
h4,3,200,squeeze_release_up+elliott_wave5_bull+mtf_adx25+cross_group_return_up,135,0.02962963,7.95385385,20,0.00000000,0.00000000,0.00000000,15,0.00000000,0.00000000,0.00000000
h4,3,200,ichimoku_cloud_bull+atr_expand+mtf_volatility+cross_group_bull,205,0.02926829,7.85685564,37,0.05405405,13.74236574,0.01495098,30,0.00000000,0.00000000,0.00000000
h4,3,200,squeeze_release_up+elliott_wave5_bull+mtf_adx25,171,0.02923977,7.84919788,28,0.00000000,0.00000000,0.00000000,28,0.00000000,0.00000000,0.00000000
h4,3,200,price20_bull+squeeze_release_up+elliott_wave5_bull+mtf_adx25,171,0.02923977,7.84919788,28,0.00000000,0.00000000,0.00000000,28,0.00000000,0.00000000,0.00000000
h4,3,200,ema20_rising+squeeze_release_up+elliott_wave5_bull+mtf_adx25,171,0.02923977,7.84919788,28,0.00000000,0.00000000,0.00000000,28,0.00000000,0.00000000,0.00000000
h4,3,200,squeeze_release_up+breakout20_up+elliott_wave5_bull+mtf_adx25,171,0.02923977,7.84919788,28,0.00000000,0.00000000,0.00000000,28,0.00000000,0.00000000,0.00000000
h4,3,200,squeeze_release_up+retest_up+elliott_wave5_bull+mtf_adx25,171,0.02923977,7.84919788,28,0.00000000,0.00000000,0.00000000,28,0.00000000,0.00000000,0.00000000
h4,3,200,adx_up3+atr_expand+mtf_adx25,622,0.02893891,7.76843443,94,0.01063830,2.70461453,0.00188040,112,0.00892857,15.61495536,0.00157785
h4,3,200,ichimoku_cloud_bull+atr_expand+mtf_volatility+cross_group_return_up,242,0.02892562,7.76486766,42,0.04761905,12.10636982,0.01315752,36,0.00000000,0.00000000,0.00000000
h4,3,200,atr_expand+engulf_bull+cross_target_relative_up,139,0.02877698,7.72496597,30,0.06666667,16.94891775,0.01847702,16,0.00000000,0.00000000,0.00000000
h4,3,200,ichimoku_cloud_bull+adx25+atr_expand+breakout20_up,209,0.02870813,7.70648519,30,0.00000000,0.00000000,0.00000000,16,0.00000000,0.00000000,0.00000000
h4,3,200,ichimoku_cloud_bull+adx25+atr_expand+retest_up,209,0.02870813,7.70648519,28,0.00000000,0.00000000,0.00000000,16,0.00000000,0.00000000,0.00000000
h4,3,200,adx25+atr_expand+elliott_wave5_bull+mtf_adx25,140,0.02857143,7.66978764,24,0.00000000,0.00000000,0.00000000,12,0.00000000,0.00000000,0.00000000
h4,3,200,squeeze_release_up+horizontal_break_up+elliott_impulse_bull+mtf_adx_rising,140,0.02857143,7.66978764,26,0.00000000,0.00000000,0.00000000,21,0.00000000,0.00000000,-0.00000000
h4,3,200,adx25+squeeze_release_up,176,0.02840909,7.62620931,47,0.00000000,0.00000000,-0.00000000,27,0.00000000,0.00000000,0.00000000
h4,3,200,price20_bull+adx25+squeeze_release_up,176,0.02840909,7.62620931,47,0.00000000,0.00000000,-0.00000000,27,0.00000000,0.00000000,0.00000000
h4,3,200,ema20_rising+adx25+squeeze_release_up,176,0.02840909,7.62620931,47,0.00000000,0.00000000,-0.00000000,27,0.00000000,0.00000000,0.00000000
h4,3,200,adx25+squeeze_release_up+breakout20_up,176,0.02840909,7.62620931,47,0.00000000,0.00000000,-0.00000000,27,0.00000000,0.00000000,0.00000000
h4,3,200,adx25+atr_expand+engulf_bull,176,0.02840909,7.62620931,39,0.00000000,0.00000000,-0.00000000,18,0.00000000,0.00000000,0.00000000
h4,3,200,adx25+squeeze_release_up+retest_up,176,0.02840909,7.62620931,46,0.00000000,0.00000000,0.00000000,27,0.00000000,0.00000000,0.00000000
h4,3,200,price20_bull+adx25+squeeze_release_up+breakout20_up,176,0.02840909,7.62620931,47,0.00000000,0.00000000,-0.00000000,27,0.00000000,0.00000000,0.00000000
h4,3,200,ema20_rising+adx25+squeeze_release_up+breakout20_up,176,0.02840909,7.62620931,47,0.00000000,0.00000000,-0.00000000,27,0.00000000,0.00000000,0.00000000
h4,3,200,price20_bull+adx25+squeeze_release_up+retest_up,176,0.02840909,7.62620931,46,0.00000000,0.00000000,0.00000000,27,0.00000000,0.00000000,0.00000000
h4,3,200,ema20_rising+adx25+squeeze_release_up+retest_up,176,0.02840909,7.62620931,46,0.00000000,0.00000000,0.00000000,27,0.00000000,0.00000000,0.00000000
h4,3,200,adx25+squeeze_release_up+breakout20_up+retest_up,176,0.02840909,7.62620931,46,0.00000000,0.00000000,0.00000000,27,0.00000000,0.00000000,0.00000000
h4,3,200,ichimoku_cloud_bull+atr_expand+elliott_wave5_bull+mtf_adx25,142,0.02816901,7.56176247,22,0.00000000,0.00000000,0.00000000,14,0.00000000,0.00000000,0.00000000
h4,3,200,ichimoku_cloud_bull+adx25+atr_expand+impulse_bull,430,0.02790698,7.49142049,78,0.00000000,0.00000000,-0.00000000,49,0.00000000,0.00000000,0.00000000
h4,3,200,ichimoku_cloud_bull+squeeze_release_up+horizontal_break_up+elliott_impulse_bull,180,0.02777778,7.45673799,30,0.00000000,0.00000000,0.00000000,29,0.00000000,0.00000000,0.00000000
h4,3,200,adx25+squeeze_release_up+impulse_bull,144,0.02777778,7.45673799,39,0.00000000,0.00000000,-0.00000000,19,0.00000000,0.00000000,0.00000000
h4,3,200,price20_bull+adx25+squeeze_release_up+impulse_bull,144,0.02777778,7.45673799,39,0.00000000,0.00000000,-0.00000000,19,0.00000000,0.00000000,0.00000000
h4,3,200,ema20_rising+adx25+squeeze_release_up+impulse_bull,144,0.02777778,7.45673799,39,0.00000000,0.00000000,-0.00000000,19,0.00000000,0.00000000,0.00000000
h4,3,200,adx25+squeeze_release_up+breakout20_up+impulse_bull,144,0.02777778,7.45673799,39,0.00000000,0.00000000,-0.00000000,19,0.00000000,0.00000000,0.00000000
h4,3,200,squeeze_release_up+horizontal_break_up+elliott_wave5_bull+cross_target_relative_up,145,0.02758621,7.40531221,20,0.00000000,0.00000000,0.00000000,36,0.00000000,0.00000000,0.00000000
h4,3,200,adx25+atr_expand+mtf_adx25+cross_target_relative_up,473,0.02748414,7.37791412,78,0.00000000,0.00000000,-0.00000000,57,0.00000000,0.00000000,0.00000000
h4,3,200,adx25+atr_expand+breakout20_up+mtf_adx25,146,0.02739726,7.35459089,20,0.00000000,0.00000000,0.00000000,14,0.00000000,0.00000000,0.00000000
h4,3,200,adx25+atr_expand+retest_up+mtf_adx25,146,0.02739726,7.35459089,20,0.00000000,0.00000000,0.00000000,13,0.00000000,0.00000000,0.00000000
h4,3,200,squeeze_release_up+horizontal_break_up+elliott_wave5_bull+cross_group_return_up,185,0.02702703,7.25520453,34,0.00000000,0.00000000,0.00000000,25,0.00000000,0.00000000,0.00000000
h4,3,200,ichimoku_cloud_bull+atr_expand+horizontal_break_up+mtf_adx25,149,0.02684564,7.20651188,19,0.00000000,0.00000000,0.00000000,11,0.00000000,0.00000000,0.00000000
h4,3,200,ichimoku_cloud_bull+squeeze_release_up+elliott_wave5_bull+mtf_adx_rising,149,0.02684564,7.20651188,21,0.00000000,0.00000000,-0.00000000,18,0.00000000,0.00000000,0.00000000
h4,3,200,atr_expand+horizontal_break_up+elliott_wave5_bull+mtf_adx25,149,0.02684564,7.20651188,22,0.00000000,0.00000000,0.00000000,18,0.00000000,0.00000000,0.00000000
h4,3,200,adx25+atr_expand+horizontal_break_up+elliott_impulse_bull,227,0.02643172,7.09539826,37,0.00000000,0.00000000,-0.00000000,27,0.00000000,0.00000000,0.00000000
h4,3,200,ichimoku_cloud_bull+adx25+atr_expand+elliott_impulse_bull,228,0.02631579,7.06427809,37,0.00000000,0.00000000,-0.00000000,18,0.00000000,0.00000000,0.00000000
h4,3,200,ichimoku_cloud_bull+squeeze_release_up+mtf_adx25,152,0.02631579,7.06427809,20,0.00000000,0.00000000,0.00000000,19,0.00000000,0.00000000,0.00000000
h4,3,200,ichimoku_cloud_bull+squeeze_release_up+breakout20_up+mtf_adx25,152,0.02631579,7.06427809,20,0.00000000,0.00000000,0.00000000,19,0.00000000,0.00000000,0.00000000
h4,3,200,ichimoku_cloud_bull+squeeze_release_up+retest_up+mtf_adx25,152,0.02631579,7.06427809,20,0.00000000,0.00000000,0.00000000,19,0.00000000,0.00000000,0.00000000
h4,3,200,adx25+atr_expand+impulse_bull+mtf_adx_rising,500,0.02600000,6.97950676,85,0.00000000,0.00000000,0.00000000,51,0.00000000,0.00000000,0.00000000
h4,3,200,squeeze_release_up+elliott_impulse_bull+mtf_adx25+cross_group_return_up,154,0.02597403,6.97253422,22,0.00000000,0.00000000,0.00000000,17,0.00000000,0.00000000,0.00000000
h4,3,200,squeeze_release_up+elliott_impulse_bull+mtf_adx25,196,0.02551020,6.84802468,31,0.00000000,0.00000000,0.00000000,32,0.00000000,0.00000000,0.00000000
h4,3,200,price20_bull+squeeze_release_up+elliott_impulse_bull+mtf_adx25,196,0.02551020,6.84802468,31,0.00000000,0.00000000,0.00000000,32,0.00000000,0.00000000,0.00000000
h4,3,200,ema20_rising+squeeze_release_up+elliott_impulse_bull+mtf_adx25,196,0.02551020,6.84802468,31,0.00000000,0.00000000,0.00000000,32,0.00000000,0.00000000,0.00000000
h4,3,200,squeeze_release_up+breakout20_up+elliott_impulse_bull+mtf_adx25,196,0.02551020,6.84802468,31,0.00000000,0.00000000,0.00000000,32,0.00000000,0.00000000,0.00000000
h4,3,200,squeeze_release_up+retest_up+elliott_impulse_bull+mtf_adx25,196,0.02551020,6.84802468,31,0.00000000,0.00000000,0.00000000,32,0.00000000,0.00000000,0.00000000
h4,3,200,ichimoku_cloud_bull+squeeze_release_up+horizontal_break_up+cross_group_return_up,159,0.02515723,6.75327214,28,0.00000000,0.00000000,0.00000000,17,0.00000000,0.00000000,0.00000000
h4,3,200,squeeze_release_up+horizontal_break_up+elliott_impulse_bull+cross_target_relative_up,159,0.02515723,6.75327214,28,0.00000000,0.00000000,0.00000000,39,0.00000000,0.00000000,-0.00000000
h4,3,200,ichimoku_cloud_bull+atr_expand+horizontal_break_up+elliott_wave5_bull,240,0.02500000,6.71106419,40,0.00000000,0.00000000,0.00000000,26,0.00000000,0.00000000,0.00000000
h4,3,200,adx_up3+engulf_bull+mtf_volatility,281,0.02491103,6.68718140,46,0.04347826,11.05364201,0.01200545,43,0.00000000,0.00000000,0.00000000
h4,3,200,ichimoku_cloud_bull+adx25+horizontal_break_up+mtf_volatility,362,0.02486188,6.67398649,48,0.02083333,5.29653680,0.00368711,44,0.00000000,0.00000000,0.00000000
h4,3,200,adx25+atr_expand+horizontal_break_up+cross_group_return_up,161,0.02484472,6.66938056,29,0.00000000,0.00000000,0.00000000,24,0.00000000,0.00000000,0.00000000
h4,3,200,squeeze_release_up+horizontal_break_up+elliott_wave5_bull,243,0.02469136,6.62821154,42,0.00000000,0.00000000,-0.00000000,44,0.00000000,0.00000000,0.00000000
h4,3,200,price20_bull+squeeze_release_up+horizontal_break_up+elliott_wave5_bull,243,0.02469136,6.62821154,42,0.00000000,0.00000000,-0.00000000,44,0.00000000,0.00000000,0.00000000
h4,3,200,ema20_rising+squeeze_release_up+horizontal_break_up+elliott_wave5_bull,243,0.02469136,6.62821154,42,0.00000000,0.00000000,-0.00000000,44,0.00000000,0.00000000,0.00000000
h4,3,200,squeeze_release_up+horizontal_break_up+retest_up+elliott_wave5_bull,243,0.02469136,6.62821154,42,0.00000000,0.00000000,-0.00000000,44,0.00000000,0.00000000,0.00000000
h4,3,200,squeeze_release_up+impulse_bull+mtf_volatility,122,0.02459016,6.60104674,19,0.00000000,0.00000000,0.00000000,17,0.00000000,0.00000000,0.00000000
h4,3,200,squeeze_release_up+elliott_wave5_bull+mtf_volatility,122,0.02459016,6.60104674,19,0.00000000,0.00000000,0.00000000,20,0.00000000,0.00000000,0.00000000
h4,3,200,price20_bull+squeeze_release_up+impulse_bull+mtf_volatility,122,0.02459016,6.60104674,19,0.00000000,0.00000000,0.00000000,17,0.00000000,0.00000000,0.00000000
h4,3,200,ema20_rising+squeeze_release_up+impulse_bull+mtf_volatility,122,0.02459016,6.60104674,19,0.00000000,0.00000000,0.00000000,17,0.00000000,0.00000000,0.00000000
h4,3,200,price20_bull+squeeze_release_up+elliott_wave5_bull+mtf_volatility,122,0.02459016,6.60104674,19,0.00000000,0.00000000,0.00000000,20,0.00000000,0.00000000,0.00000000
h4,3,200,ema20_rising+squeeze_release_up+elliott_wave5_bull+mtf_volatility,122,0.02459016,6.60104674,19,0.00000000,0.00000000,0.00000000,20,0.00000000,0.00000000,0.00000000
h4,3,200,ichimoku_cloud_bull+squeeze_release_up+mtf_adx25+cross_group_return_up,122,0.02459016,6.60104674,14,0.00000000,0.00000000,0.00000000,8,0.00000000,0.00000000,0.00000000
h4,3,300,adx25+atr_expand+impulse_bull+mtf_volatility,224,0.02232143,29.56063988,38,0.00000000,0.00000000,0.00000000,24,0.00000000,,0.00000000
h4,3,300,adx_up3+atr_expand+mtf_volatility,431,0.02088167,27.65394432,68,0.00000000,0.00000000,0.00000000,87,0.00000000,,0.00000000
h4,3,300,atr_expand+mtf_volatility+adx25,697,0.01865136,24.70031086,112,0.00000000,0.00000000,0.00000000,83,0.00000000,,0.00000000
h4,3,300,adx25+atr_expand+mtf_volatility,697,0.01865136,24.70031086,112,0.00000000,0.00000000,0.00000000,83,0.00000000,,0.00000000
h4,3,300,ichimoku_cloud_bull+atr_expand+impulse_bull+mtf_volatility,171,0.01754386,23.23362573,32,0.00000000,0.00000000,0.00000000,27,0.00000000,,0.00000000
h4,3,300,adx25+atr_expand+mtf_volatility+cross_target_relative_up,304,0.01644737,21.78152412,57,0.00000000,0.00000000,0.00000000,35,0.00000000,,0.00000000
h4,3,300,adx_up3+atr_expand+mtf_volatility+cross_target_relative_up,187,0.01604278,21.24572193,33,0.00000000,0.00000000,0.00000000,33,0.00000000,,0.00000000
h4,3,300,ichimoku_cloud_bull+adx25+atr_expand+mtf_volatility,318,0.01572327,20.82258910,70,0.00000000,0.00000000,0.00000000,53,0.00000000,,0.00000000
h4,3,300,adx_up3+atr_expand+mtf_adx25+cross_target_relative_up,271,0.01476015,19.54710947,33,0.00000000,0.00000000,0.00000000,44,0.00000000,,0.00000000
h4,3,300,atr_expand+impulse_bull+mtf_volatility,362,0.01381215,18.29166667,63,0.00000000,0.00000000,0.00000000,62,0.00000000,,0.00000000
h4,3,300,adx25+atr_expand+mtf_volatility+cross_group_return_up,290,0.01379310,18.26643678,54,0.00000000,0.00000000,0.00000000,28,0.00000000,,0.00000000
h4,3,300,adx_up3+atr_expand+mtf_volatility+cross_group_return_up,146,0.01369863,18.14132420,22,0.00000000,0.00000000,0.00000000,39,0.00000000,,-0.00000000
h4,3,300,adx_up3+atr_expand+mtf_adx25,622,0.01286174,17.03301179,94,0.00000000,0.00000000,-0.00000000,112,0.00000000,,0.00000000
h4,3,300,atr_expand+impulse_bull+mtf_volatility+cross_group_return_up,157,0.01273885,16.87027601,31,0.00000000,0.00000000,0.00000000,27,0.00000000,,0.00000000
h4,3,300,adx25+atr_expand+mtf_adx25+cross_target_relative_up,473,0.01268499,16.79894292,78,0.00000000,0.00000000,-0.00000000,57,0.00000000,,0.00000000
h4,3,300,ichimoku_cloud_bull+adx25+atr_expand+horizontal_break_up,171,0.01169591,15.48908382,26,0.00000000,0.00000000,0.00000000,15,0.00000000,,0.00000000
h4,3,300,atr_expand+mtf_volatility,1172,0.01109215,14.68951934,192,0.00000000,0.00000000,0.00000000,172,0.00000000,,0.00000000
h4,3,300,adx_up3+atr_expand+impulse_bull+mtf_adx25,186,0.01075269,14.23996416,23,0.00000000,0.00000000,0.00000000,30,0.00000000,,0.00000000
h4,3,300,ichimoku_cloud_bull+adx25+atr_expand+elliott_wave5_bull,192,0.01041667,13.79496528,26,0.00000000,0.00000000,0.00000000,15,0.00000000,,0.00000000
h4,3,300,adx25+atr_expand+horizontal_break_up+elliott_wave5_bull,198,0.01010101,13.37693603,30,0.00000000,0.00000000,0.00000000,23,0.00000000,,0.00000000
h4,3,300,ichimoku_cloud_bull+atr_expand+mtf_volatility+cross_group_bull,205,0.00975610,12.92016260,37,0.00000000,0.00000000,-0.00000000,30,0.00000000,,0.00000000
h4,3,300,atr_expand+mtf_volatility+cross_target_relative_up,514,0.00972763,12.88245785,88,0.00000000,0.00000000,0.00000000,70,0.00000000,,0.00000000
h4,3,300,ichimoku_cloud_bull+adx25+atr_expand+breakout20_up,209,0.00956938,12.67288676,30,0.00000000,0.00000000,0.00000000,16,0.00000000,,0.00000000
h4,3,300,ichimoku_cloud_bull+adx25+atr_expand+retest_up,209,0.00956938,12.67288676,28,0.00000000,0.00000000,0.00000000,16,0.00000000,,0.00000000
h4,3,300,adx_up3+atr_expand+mtf_adx_rising,867,0.00922722,12.21976163,174,0.00000000,0.00000000,0.00000000,167,0.00000000,,0.00000000
h4,3,300,adx25+atr_expand+mtf_adx25,1102,0.00907441,12.01739262,156,0.00000000,0.00000000,-0.00000000,131,0.00000000,,0.00000000
h4,3,300,adx25+atr_expand+horizontal_break_up+elliott_impulse_bull,227,0.00881057,11.66798825,37,0.00000000,0.00000000,-0.00000000,27,0.00000000,,0.00000000
h4,3,300,ichimoku_cloud_bull+atr_expand+mtf_volatility,569,0.00878735,11.63722906,100,0.00000000,0.00000000,0.00000000,93,0.00000000,,0.00000000
h4,3,300,ichimoku_cloud_bull+adx25+atr_expand+elliott_impulse_bull,228,0.00877193,11.61681287,37,0.00000000,0.00000000,-0.00000000,18,0.00000000,,0.00000000
h4,3,300,ichimoku_cloud_bull+adx25+atr_expand+cross_target_relative_up,577,0.00866551,11.47588099,115,0.00000000,0.00000000,0.00000000,82,0.00000000,,-0.00000000
h4,3,300,adx25+atr_expand+mtf_adx_rising+cross_group_return_up,693,0.00865801,11.46594517,139,0.00000000,0.00000000,0.00000000,79,0.00000000,,-0.00000000
h4,3,300,adx25+atr_expand+mtf_volatility+cross_group_bull,232,0.00862069,11.41652299,49,0.00000000,0.00000000,0.00000000,28,0.00000000,,0.00000000
h4,3,300,ichimoku_cloud_bull+atr_expand+horizontal_break_up+elliott_wave5_bull,240,0.00833333,11.03597222,40,0.00000000,0.00000000,0.00000000,26,0.00000000,,0.00000000
h4,3,300,ichimoku_cloud_bull+atr_expand+mtf_volatility+cross_group_return_up,242,0.00826446,10.94476584,42,0.00000000,0.00000000,-0.00000000,36,0.00000000,,0.00000000
h4,3,300,triangle_breakout_up+impulse_bull+elliott_wave5_bull,121,0.00826446,10.94476584,19,0.00000000,0.00000000,0.00000000,17,0.00000000,,0.00000000
h4,3,300,price20_bull+triangle_breakout_up+impulse_bull+elliott_wave5_bull,121,0.00826446,10.94476584,19,0.00000000,0.00000000,0.00000000,17,0.00000000,,0.00000000
h4,3,300,ema20_rising+triangle_breakout_up+impulse_bull+elliott_wave5_bull,121,0.00826446,10.94476584,19,0.00000000,0.00000000,0.00000000,17,0.00000000,,0.00000000
h4,3,300,atr_expand+elliott_impulse_bull+mtf_volatility+cross_group_return_up,121,0.00826446,10.94476584,19,0.00000000,0.00000000,0.00000000,22,0.00000000,,0.00000000
h4,3,300,triangle_breakout_up+elliott_impulse_bull+mtf_adx25,122,0.00819672,10.85505464,12,0.00000000,0.00000000,0.00000000,12,0.00000000,,0.00000000
h4,3,300,price20_bull+triangle_breakout_up+elliott_impulse_bull+mtf_adx25,122,0.00819672,10.85505464,12,0.00000000,0.00000000,0.00000000,12,0.00000000,,0.00000000
h4,3,300,ema20_rising+triangle_breakout_up+elliott_impulse_bull+mtf_adx25,122,0.00819672,10.85505464,12,0.00000000,0.00000000,0.00000000,12,0.00000000,,0.00000000
h4,3,300,triangle_breakout_up+retest_up+elliott_impulse_bull+mtf_adx25,122,0.00819672,10.85505464,12,0.00000000,0.00000000,0.00000000,12,0.00000000,,0.00000000
h4,3,300,triangle_breakout_up+impulse_bull+elliott_impulse_bull,123,0.00813008,10.76680217,19,0.00000000,0.00000000,0.00000000,17,0.00000000,,0.00000000
h4,3,300,price20_bull+triangle_breakout_up+impulse_bull+elliott_impulse_bull,123,0.00813008,10.76680217,19,0.00000000,0.00000000,0.00000000,17,0.00000000,,0.00000000
h4,3,300,ema20_rising+triangle_breakout_up+impulse_bull+elliott_impulse_bull,123,0.00813008,10.76680217,19,0.00000000,0.00000000,0.00000000,17,0.00000000,,0.00000000
h4,3,300,adx25+atr_expand+horizontal_break_up,247,0.00809717,10.72321188,42,0.00000000,0.00000000,-0.00000000,30,0.00000000,,0.00000000
h4,3,300,price20_bull+adx25+atr_expand+horizontal_break_up,247,0.00809717,10.72321188,42,0.00000000,0.00000000,-0.00000000,30,0.00000000,,0.00000000
h4,3,300,ema20_rising+adx25+atr_expand+horizontal_break_up,247,0.00809717,10.72321188,42,0.00000000,0.00000000,-0.00000000,30,0.00000000,,0.00000000
h4,3,300,adx25+atr_expand+horizontal_break_up+retest_up,247,0.00809717,10.72321188,40,0.00000000,0.00000000,0.00000000,29,0.00000000,,0.00000000
h4,3,300,adx25+atr_expand+mtf_adx_rising,1486,0.00807537,10.69434724,295,0.00000000,0.00000000,0.00000000,208,0.00000000,,0.00000000
h4,3,300,atr_expand+breakout20_up+elliott_impulse_bull+mtf_volatility,125,0.00800000,10.59453333,20,0.00000000,0.00000000,0.00000000,19,0.00000000,,0.00000000
h4,3,300,atr_expand+retest_up+elliott_impulse_bull+mtf_volatility,125,0.00800000,10.59453333,20,0.00000000,0.00000000,0.00000000,19,0.00000000,,0.00000000
h4,3,300,atr_expand+mtf_volatility+cross_group_return_up,505,0.00792079,10.48963696,89,0.00000000,0.00000000,0.00000000,77,0.00000000,,0.00000000
h4,3,300,ichimoku_cloud_bull+adx25+atr_expand+cross_group_bull,508,0.00787402,10.42769029,103,0.00000000,0.00000000,0.00000000,66,0.00000000,,0.00000000
h4,3,300,ichimoku_cloud_bull+atr_expand+mtf_volatility+cross_target_relative_up,256,0.00781250,10.34622396,48,0.00000000,0.00000000,0.00000000,33,0.00000000,,0.00000000
h4,3,300,mtf_trend_bull+horizontal_break_up+atr_expand,260,0.00769231,10.18705128,50,0.00000000,0.00000000,0.00000000,30,0.00000000,,0.00000000
h4,3,300,atr_expand+impulse_bull+mtf_volatility+cross_group_bull,130,0.00769231,10.18705128,32,0.00000000,0.00000000,0.00000000,26,0.00000000,,0.00000000
h4,3,300,adx_up3+atr_expand+impulse_bull+mtf_adx_rising,266,0.00751880,9.95726817,53,0.00000000,0.00000000,0.00000000,43,0.00000000,,0.00000000
h4,3,300,adx25+atr_expand+mtf_adx_rising+cross_target_relative_up,669,0.00747384,9.89773293,142,0.00000000,0.00000000,0.00000000,92,0.00000000,,0.00000000
h4,3,300,atr_expand+engulf_bull+mtf_adx25,134,0.00746269,9.88296020,17,0.00000000,0.00000000,0.00000000,13,0.00000000,,0.00000000
h4,3,300,triangle_breakout_up+mtf_volatility,135,0.00740741,9.80975309,24,0.00000000,0.00000000,0.00000000,15,0.00000000,,0.00000000
h4,3,300,price20_bull+triangle_breakout_up+mtf_volatility,135,0.00740741,9.80975309,24,0.00000000,0.00000000,0.00000000,15,0.00000000,,0.00000000
h4,3,300,ema20_rising+triangle_breakout_up+mtf_volatility,135,0.00740741,9.80975309,24,0.00000000,0.00000000,0.00000000,15,0.00000000,,0.00000000
h4,3,300,triangle_breakout_up+retest_up+mtf_volatility,135,0.00740741,9.80975309,24,0.00000000,0.00000000,0.00000000,15,0.00000000,,0.00000000
h4,3,300,price20_bull+triangle_breakout_up+retest_up+mtf_volatility,135,0.00740741,9.80975309,24,0.00000000,0.00000000,0.00000000,15,0.00000000,,0.00000000
h4,3,300,ema20_rising+triangle_breakout_up+retest_up+mtf_volatility,135,0.00740741,9.80975309,24,0.00000000,0.00000000,0.00000000,15,0.00000000,,0.00000000
h4,3,300,atr_expand+horizontal_break_up+mtf_adx25+cross_target_relative_up,135,0.00740741,9.80975309,16,0.00000000,0.00000000,0.00000000,15,0.00000000,,0.00000000
h4,3,300,adx_up3+atr_expand+mtf_adx_rising+cross_target_relative_up,408,0.00735294,9.73762255,85,0.00000000,0.00000000,0.00000000,80,0.00000000,,0.00000000
h4,3,300,adx25+atr_expand+cross_target_relative_up,1095,0.00730594,9.67537291,228,0.00000000,0.00000000,0.00000000,149,0.00000000,,0.00000000
h4,3,300,price20_bull+atr_expand+elliott_wave5_bull+mtf_volatility,137,0.00729927,9.66654501,21,0.00000000,0.00000000,-0.00000000,19,0.00000000,,0.00000000
h4,3,300,ema20_rising+atr_expand+elliott_wave5_bull+mtf_volatility,137,0.00729927,9.66654501,21,0.00000000,0.00000000,-0.00000000,19,0.00000000,,0.00000000
h4,3,300,adx25+atr_expand+horizontal_break_up+cross_group_bull,137,0.00729927,9.66654501,25,0.00000000,0.00000000,0.00000000,21,0.00000000,,-0.00000000
h4,3,300,atr_expand+impulse_bull+elliott_impulse_bull+mtf_volatility,137,0.00729927,9.66654501,28,0.00000000,0.00000000,0.00000000,21,0.00000000,,-0.00000000
h4,3,300,ichimoku_cloud_bull+atr_expand+mtf_adx_rising+cross_group_bull,553,0.00723327,9.57914406,93,0.00000000,0.00000000,0.00000000,74,0.00000000,,-0.00000000
h4,3,300,adx25+atr_expand+mtf_adx_rising+cross_group_bull,556,0.00719424,9.52745803,113,0.00000000,0.00000000,0.00000000,70,0.00000000,,0.00000000
h4,3,300,atr_expand+elliott_wave5_bull+mtf_volatility,139,0.00719424,9.52745803,21,0.00000000,0.00000000,-0.00000000,19,0.00000000,,0.00000000
h4,3,300,adx25+atr_expand+breakout20_up+elliott_wave5_bull,280,0.00714286,9.45940476,45,0.00000000,0.00000000,0.00000000,29,0.00000000,,0.00000000
h4,3,300,adx25+atr_expand+retest_up+elliott_wave5_bull,280,0.00714286,9.45940476,45,0.00000000,0.00000000,0.00000000,29,0.00000000,,0.00000000
h4,3,300,atr_expand+mtf_volatility+breakout20_up,140,0.00714286,9.45940476,24,0.00000000,0.00000000,0.00000000,20,0.00000000,,0.00000000
h4,3,300,atr_expand+breakout20_up+mtf_volatility,140,0.00714286,9.45940476,24,0.00000000,0.00000000,0.00000000,20,0.00000000,,0.00000000
h4,3,300,atr_expand+retest_up+mtf_volatility,140,0.00714286,9.45940476,23,0.00000000,0.00000000,0.00000000,19,0.00000000,,0.00000000
h4,3,300,price20_bull+atr_expand+breakout20_up+mtf_volatility,140,0.00714286,9.45940476,24,0.00000000,0.00000000,0.00000000,20,0.00000000,,0.00000000
h4,3,300,ema20_rising+atr_expand+breakout20_up+mtf_volatility,140,0.00714286,9.45940476,24,0.00000000,0.00000000,0.00000000,20,0.00000000,,0.00000000
h4,3,300,price20_bull+atr_expand+retest_up+mtf_volatility,140,0.00714286,9.45940476,23,0.00000000,0.00000000,0.00000000,19,0.00000000,,0.00000000
h4,3,300,ema20_rising+atr_expand+retest_up+mtf_volatility,140,0.00714286,9.45940476,23,0.00000000,0.00000000,0.00000000,19,0.00000000,,0.00000000
h4,3,300,adx25+atr_expand+elliott_wave5_bull+mtf_adx25,140,0.00714286,9.45940476,24,0.00000000,0.00000000,0.00000000,12,0.00000000,,0.00000000
h4,3,300,atr_expand+breakout20_up+retest_up+mtf_volatility,140,0.00714286,9.45940476,23,0.00000000,0.00000000,0.00000000,19,0.00000000,,0.00000000
h4,3,300,atr_expand+mtf_adx25+cross_target_relative_up,842,0.00712589,9.43693587,131,0.00000000,0.00000000,0.00000000,126,0.00000000,,0.00000000
h4,3,300,ichimoku_cloud_bull+atr_expand+elliott_wave5_bull+mtf_adx25,142,0.00704225,9.32617371,22,0.00000000,0.00000000,0.00000000,14,0.00000000,,0.00000000
h4,3,300,ichimoku_cloud_bull+atr_expand+horizontal_break_up+elliott_impulse_bull,286,0.00699301,9.26095571,48,0.00000000,0.00000000,0.00000000,29,0.00000000,,0.00000000
h4,3,300,ichimoku_cloud_bull+adx_up3+atr_expand+elliott_wave5_bull,143,0.00699301,9.26095571,26,0.00000000,0.00000000,0.00000000,15,0.00000000,,0.00000000
h4,3,300,ichimoku_cloud_bull+adx25+atr_expand+impulse_bull,430,0.00697674,9.23941860,78,0.00000000,0.00000000,-0.00000000,49,0.00000000,,0.00000000
h4,3,300,adx25+triangle_breakout_up,145,0.00689655,9.13321839,20,0.00000000,0.00000000,0.00000000,17,0.00000000,,0.00000000
h4,3,300,price20_bull+adx25+triangle_breakout_up,145,0.00689655,9.13321839,20,0.00000000,0.00000000,0.00000000,17,0.00000000,,0.00000000
h4,3,300,ema20_rising+adx25+triangle_breakout_up,145,0.00689655,9.13321839,20,0.00000000,0.00000000,0.00000000,17,0.00000000,,0.00000000
h4,3,300,adx25+triangle_breakout_up+retest_up,145,0.00689655,9.13321839,20,0.00000000,0.00000000,0.00000000,17,0.00000000,,0.00000000
h4,3,300,price20_bull+adx25+triangle_breakout_up+retest_up,145,0.00689655,9.13321839,20,0.00000000,0.00000000,0.00000000,17,0.00000000,,0.00000000
h4,3,300,ema20_rising+adx25+triangle_breakout_up+retest_up,145,0.00689655,9.13321839,20,0.00000000,0.00000000,0.00000000,17,0.00000000,,0.00000000
h4,3,300,adx25+atr_expand+breakout20_up+mtf_adx25,146,0.00684932,9.07066210,20,0.00000000,0.00000000,0.00000000,14,0.00000000,,0.00000000
h4,3,300,adx25+atr_expand+retest_up+mtf_adx25,146,0.00684932,9.07066210,20,0.00000000,0.00000000,0.00000000,13,0.00000000,,0.00000000
h4,3,300,ichimoku_cloud_bull+adx_up3+atr_expand+horizontal_break_up,147,0.00680272,9.00895692,29,0.00000000,0.00000000,0.00000000,14,0.00000000,,0.00000000
h4,3,300,ichimoku_cloud_bull+adx_up3+elliott_wave5_bull+mtf_adx25,297,0.00673401,8.91795735,51,0.00000000,0.00000000,0.00000000,47,0.00000000,,-0.00000000
h4,3,300,triangle_breakout_up+mtf_adx25,149,0.00671141,8.88803132,15,0.00000000,0.00000000,0.00000000,19,0.00000000,,0.00000000
h4,3,300,price20_bull+triangle_breakout_up+mtf_adx25,149,0.00671141,8.88803132,15,0.00000000,0.00000000,0.00000000,19,0.00000000,,0.00000000
h4,3,300,ema20_rising+triangle_breakout_up+mtf_adx25,149,0.00671141,8.88803132,15,0.00000000,0.00000000,0.00000000,19,0.00000000,,0.00000000
h4,3,300,triangle_breakout_up+retest_up+mtf_adx25,149,0.00671141,8.88803132,15,0.00000000,0.00000000,0.00000000,19,0.00000000,,0.00000000
h4,3,300,ichimoku_cloud_bull+atr_expand+horizontal_break_up+mtf_adx25,149,0.00671141,8.88803132,19,0.00000000,0.00000000,0.00000000,11,0.00000000,,0.00000000
h4,3,300,price20_bull+triangle_breakout_up+retest_up+mtf_adx25,149,0.00671141,8.88803132,15,0.00000000,0.00000000,0.00000000,19,0.00000000,,0.00000000
h4,3,300,ema20_rising+triangle_breakout_up+retest_up+mtf_adx25,149,0.00671141,8.88803132,15,0.00000000,0.00000000,0.00000000,19,0.00000000,,0.00000000
h4,3,300,atr_expand+horizontal_break_up+elliott_wave5_bull+mtf_adx25,149,0.00671141,8.88803132,22,0.00000000,0.00000000,0.00000000,18,0.00000000,,0.00000000
h4,3,300,adx25+atr_expand,2444,0.00654664,8.66983088,473,0.00000000,0.00000000,0.00000000,347,0.00000000,,0.00000000
h4,3,300,adx_up3+atr_expand+horizontal_break_up+cross_target_relative_up,153,0.00653595,8.65566449,36,0.00000000,0.00000000,0.00000000,24,0.00000000,,0.00000000
h4,3,300,atr_expand+horizontal_break_up+mtf_adx_rising+cross_group_bull,153,0.00653595,8.65566449,34,0.00000000,0.00000000,0.00000000,25,0.00000000,,0.00000000
h4,3,300,adx_up3+atr_expand+impulse_bull,461,0.00650759,8.61811280,99,0.00000000,0.00000000,0.00000000,89,0.00000000,,0.00000000
h4,3,300,triangle_breakout_up+mtf_adx_rising,155,0.00645161,8.54397849,28,0.00000000,0.00000000,0.00000000,16,0.00000000,,0.00000000
h4,3,300,price20_bull+triangle_breakout_up+mtf_adx_rising,155,0.00645161,8.54397849,28,0.00000000,0.00000000,0.00000000,16,0.00000000,,0.00000000
h4,3,300,ema20_rising+triangle_breakout_up+mtf_adx_rising,155,0.00645161,8.54397849,28,0.00000000,0.00000000,0.00000000,16,0.00000000,,0.00000000
h4,3,300,triangle_breakout_up+retest_up+mtf_adx_rising,155,0.00645161,8.54397849,26,0.00000000,0.00000000,0.00000000,16,0.00000000,,0.00000000
h4,3,300,price20_bull+triangle_breakout_up+retest_up+mtf_adx_rising,155,0.00645161,8.54397849,26,0.00000000,0.00000000,0.00000000,16,0.00000000,,0.00000000
h4,3,300,ema20_rising+triangle_breakout_up+retest_up+mtf_adx_rising,155,0.00645161,8.54397849,26,0.00000000,0.00000000,0.00000000,16,0.00000000,,0.00000000
h4,6,50,sma_stack_bull+atr_expand+mtf_volatility+cross_group_bull,136,0.52941176,1.81024741,24,0.50000000,1.76487559,0.31427426,15,0.26666667,1.15759644,0.10897453
h4,6,50,sma_stack_bull+atr_expand+mtf_volatility+cross_group_return_up,164,0.51829268,1.77222731,23,0.47826087,1.68814186,0.29237157,19,0.31578947,1.37083789,0.15364379
h4,6,50,sma_stack_bull+adx25+atr_expand+mtf_volatility,204,0.50490196,1.72643966,37,0.51351351,1.81257493,0.35894897,15,0.26666667,1.15759644,0.10897453
h4,6,50,sma_stack_bull+atr_expand+mtf_volatility,359,0.50139276,1.71444045,62,0.45161290,1.59408117,0.33419713,49,0.30612245,1.32887347,0.19515491
h4,6,50,atr_expand+mtf_volatility+breakout20_up,140,0.48571429,1.66083017,24,0.37500000,1.32365669,0.21159368,20,0.35000000,1.51934533,0.18119182
h4,6,50,atr_expand+breakout20_up+mtf_volatility,140,0.48571429,1.66083017,24,0.37500000,1.32365669,0.21159368,20,0.35000000,1.51934533,0.18119182
h4,6,50,atr_expand+breakout_up20+mtf_volatility,140,0.48571429,1.66083017,24,0.37500000,1.32365669,0.21159368,20,0.35000000,1.51934533,0.18119182
h4,6,50,atr_expand+retest_up+mtf_volatility,140,0.48571429,1.66083017,23,0.34782609,1.22773954,0.18811276,19,0.36842105,1.59931087,0.19149513
h4,6,50,price20_bull+atr_expand+breakout20_up+mtf_volatility,140,0.48571429,1.66083017,24,0.37500000,1.32365669,0.21159368,20,0.35000000,1.51934533,0.18119182
h4,6,50,price20_bull+atr_expand+breakout_up20+mtf_volatility,140,0.48571429,1.66083017,24,0.37500000,1.32365669,0.21159368,20,0.35000000,1.51934533,0.18119182
h4,6,50,price20_bull+atr_expand+retest_up+mtf_volatility,140,0.48571429,1.66083017,23,0.34782609,1.22773954,0.18811276,19,0.36842105,1.59931087,0.19149513
h4,6,50,atr_expand+breakout20_up+retest_up+mtf_volatility,140,0.48571429,1.66083017,23,0.34782609,1.22773954,0.18811276,19,0.36842105,1.59931087,0.19149513
h4,6,50,atr_expand+breakout_up20+retest_up+mtf_volatility,140,0.48571429,1.66083017,23,0.34782609,1.22773954,0.18811276,19,0.36842105,1.59931087,0.19149513
h4,6,50,price20_bull+atr_expand+elliott_wave3_bull+mtf_volatility,158,0.48101266,1.64475363,28,0.32142857,1.13456288,0.17933247,22,0.36363636,1.57854060,0.19733205
h4,6,50,atr_expand+elliott_impulse_bull+mtf_volatility,171,0.47953216,1.63969129,30,0.33333333,1.17658372,0.19230498,23,0.34782609,1.50990840,0.18811276
h4,6,50,price20_bull+atr_expand+elliott_impulse_bull+mtf_volatility,169,0.47928994,1.63886304,30,0.33333333,1.17658372,0.19230498,23,0.34782609,1.50990840,0.18811276
h4,6,50,atr_expand+elliott_wave3_bull+mtf_volatility,159,0.47798742,1.63440927,28,0.32142857,1.13456288,0.17933247,22,0.36363636,1.57854060,0.19733205
h4,6,50,dmi_adx_bull+atr_expand+mtf_volatility+cross_group_return_up,178,0.47752809,1.63283865,29,0.37931034,1.33887113,0.22688022,17,0.29411765,1.27676078,0.13279990
h4,6,50,dmi_adx_bull+atr_expand+mtf_volatility+cross_group_bull,147,0.47619048,1.62826487,28,0.39285714,1.38668796,0.23565687,18,0.27777778,1.20582963,0.12499753
h4,6,50,atr_expand+mtf_volatility+adx25,697,0.47345768,1.61892045,112,0.47321429,1.67032868,0.38317766,83,0.38554217,1.67363341,0.28811157
h4,6,50,adx25+atr_expand+mtf_volatility,697,0.47345768,1.61892045,112,0.47321429,1.67032868,0.38317766,83,0.38554217,1.67363341,0.28811157
h4,6,50,atr_expand+elliott_impulse_bull+mtf_volatility+cross_group_return_up,121,0.47107438,1.61077112,19,0.42105263,1.48621102,0.23141891,22,0.36363636,1.57854060,0.19733205
h4,6,50,adx25+atr_expand+mtf_volatility+cross_target_relative_up,304,0.47039474,1.60844717,57,0.47368421,1.67198740,0.34987168,35,0.42857143,1.86042285,0.27984568
h4,6,50,ichimoku_cloud_bull+adx25+atr_expand+mtf_volatility,318,0.46855346,1.60215119,70,0.52857143,1.86572562,0.41321887,53,0.41509434,1.80191899,0.29260909
h4,6,50,sma_stack_bull+dmi_adx_bull+atr_expand+mtf_volatility,143,0.46853147,1.60207599,25,0.36000000,1.27071042,0.20247881,11,0.27272727,1.18390545,0.09746059
h4,6,50,ichimoku_cloud_bull+atr_expand+impulse_bull+mtf_volatility,171,0.46783626,1.59969882,32,0.40625000,1.43396141,0.25519635,27,0.33333333,1.44699555,0.18643261
h4,6,50,atr_expand+impulse_bull+elliott_impulse_bull+mtf_volatility,137,0.46715328,1.59736349,28,0.35714286,1.26062542,0.20705830,21,0.38095238,1.65370920,0.20751011
h4,6,50,sma_stack_bull+atr_expand+impulse_bull+mtf_volatility,120,0.46666667,1.59569957,19,0.31578947,1.11465826,0.15364379,21,0.19047619,0.82685460,0.07667565
h4,6,50,price20_bull+atr_expand+mtf_volatility+cross_group_return_up,310,0.46451613,1.58834612,52,0.36538462,1.28971677,0.24800700,45,0.31111111,1.35052918,0.19528699
h4,6,50,atr_expand+breakout20_up+elliott_impulse_bull+mtf_volatility,125,0.46400000,1.58658129,20,0.35000000,1.23541291,0.18119182,19,0.36842105,1.59931087,0.19149513
h4,6,50,atr_expand+breakout_up20+elliott_impulse_bull+mtf_volatility,125,0.46400000,1.58658129,20,0.35000000,1.23541291,0.18119182,19,0.36842105,1.59931087,0.19149513
h4,6,50,atr_expand+retest_up+elliott_impulse_bull+mtf_volatility,125,0.46400000,1.58658129,20,0.35000000,1.23541291,0.18119182,19,0.36842105,1.59931087,0.19149513
h4,6,50,atr_expand+impulse_bull+elliott_wave3_bull+mtf_volatility,125,0.46400000,1.58658129,26,0.34615385,1.22183694,0.19412230,20,0.40000000,1.73639466,0.21880653
h4,6,50,ichimoku_cloud_bull+atr_expand+mtf_volatility+cross_group_bull,205,0.46341463,1.58457971,37,0.48648649,1.71717625,0.33446404,30,0.26666667,1.15759644,0.14182663
h4,6,50,atr_expand+mtf_volatility,1172,0.46075085,1.57547130,192,0.46875000,1.65457086,0.39947015,172,0.37209302,1.61525085,0.30338948
h4,6,50,atr_expand+mtf_volatility+cross_target_relative_up,514,0.45719844,1.56332434,88,0.50000000,1.76487559,0.39774167,70,0.35714286,1.55035238,0.25503339
h4,6,50,price20_bull+atr_expand+mtf_volatility+cross_group_bull,265,0.45660377,1.56129096,48,0.37500000,1.32365669,0.25215267,44,0.29545455,1.28256424,0.18155529
h4,6,50,ichimoku_cloud_bull+atr_expand+mtf_volatility+cross_group_return_up,242,0.45454545,1.55425283,42,0.45238095,1.59679220,0.31223393,36,0.27777778,1.20582963,0.15848338
h4,6,50,ichimoku_cloud_bull+atr_expand+mtf_volatility,569,0.45342707,1.55042866,100,0.51000000,1.80017310,0.41348012,93,0.39784946,1.72705921,0.30433423
h4,6,50,sma_stack_bull+volatility+engulf_bull+mtf_volatility,212,0.45283019,1.54838773,32,0.31250000,1.10304724,0.17952542,26,0.46153846,2.00353230,0.28755854
h4,6,50,sma_stack_bull+atr_expand+mtf_volatility+cross_target_relative_up,166,0.45180723,1.54488986,27,0.44444444,1.56877830,0.27585858,22,0.31818182,1.38122303,0.16360593
h4,6,50,price20_bull+atr_expand+impulse_bull+mtf_volatility,246,0.45121951,1.54288025,44,0.34090909,1.20332426,0.21875820,41,0.34146341,1.48228813,0.21558808
h4,6,50,adx25+atr_expand+impulse_bull+mtf_volatility,224,0.44642857,1.52649832,38,0.34210526,1.20754645,0.21212415,24,0.29166667,1.26612111,0.14914648
h4,6,50,atr_expand+impulse_bull+mtf_volatility,362,0.44198895,1.51131767,63,0.38095238,1.34466711,0.27117468,62,0.35483871,1.54035010,0.24742733
h4,6,50,atr_expand+impulse_bull+mtf_volatility+cross_target_relative_up,159,0.44025157,1.50537696,29,0.44827586,1.58230225,0.28413168,24,0.29166667,1.26612111,0.14914648
h4,6,50,adx25+atr_expand+mtf_volatility+cross_group_bull,232,0.43965517,1.50333765,49,0.42857143,1.51275050,0.30023319,28,0.32142857,1.39531714,0.17933247
h4,6,50,atr_expand+mtf_volatility+cross_group_return_up,505,0.43960396,1.50316254,89,0.41573034,1.46742464,0.31890529,77,0.29870130,1.29665835,0.20803895
h4,6,50,adx25+atr_expand+mtf_volatility+cross_group_return_up,290,0.43793103,1.49744221,54,0.42592593,1.50341254,0.30331824,28,0.32142857,1.39531714,0.17933247
h4,6,50,ichimoku_cloud_bull+atr_expand+mtf_volatility+cross_target_relative_up,256,0.43750000,1.49596835,48,0.41666667,1.47072966,0.28849668,33,0.45454545,1.97317575,0.29842939
h4,6,50,dmi_adx_bull+atr_expand+impulse_bull+mtf_volatility,122,0.43442623,1.48545803,22,0.22727273,0.80221618,0.10123040,12,0.25000000,1.08524666,0.08894167
h4,6,50,price20_bull+atr_expand+mtf_volatility,510,0.43333333,1.48172103,95,0.38947368,1.37474519,0.29754095,72,0.30555556,1.32641259,0.21126631
h4,6,50,ichimoku_cloud_bull+volatility+engulf_bull+mtf_volatility,352,0.43181818,1.47654019,60,0.50000000,1.76487559,0.37735024,52,0.32692308,1.41916872,0.21522074
h4,6,50,atr_expand+mtf_volatility+cross_group_bull,422,0.43127962,1.47469866,79,0.40506329,1.42977263,0.30366278,71,0.28169014,1.22281314,0.19037091
h4,6,50,price20_bull+adx25+atr_expand+mtf_volatility,301,0.42857143,1.46543838,53,0.26415094,0.93238710,0.16437354,26,0.23076923,1.00176615,0.11033849
h4,6,50,price20_bull+dmi_adx_bull+atr_expand+mtf_volatility,266,0.42857143,1.46543838,48,0.29166667,1.02951076,0.18241579,24,0.20833333,0.90437222,0.09244825
h4,6,50,dmi_adx_bull+atr_expand+mtf_volatility,288,0.42708333,1.46035006,52,0.32692308,1.15395711,0.21522074,29,0.27586207,1.19751356,0.14698755
h4,6,50,dmi_adx_bull+atr_expand+horizontal_break_up+mtf_adx_rising,162,0.42592593,1.45639247,27,0.29629630,1.04585220,0.15853040,16,0.25000000,1.08524666,0.10182067
h4,6,50,sma_stack_bull+atr_expand+breakout20_up+mtf_adx_rising,233,0.42489270,1.45285951,46,0.39130435,1.38120698,0.26393225,26,0.19230769,0.83480513,0.08507061
h4,6,50,sma_stack_bull+atr_expand+breakout_up20+mtf_adx_rising,233,0.42489270,1.45285951,46,0.39130435,1.38120698,0.26393225,26,0.19230769,0.83480513,0.08507061
h4,6,50,sma_stack_bull+atr_expand+retest_up+mtf_adx_rising,233,0.42489270,1.45285951,45,0.37777778,1.33346155,0.25108085,26,0.19230769,0.83480513,0.08507061
h4,6,50,adx25+atr_expand+horizontal_break_up+mtf_adx_rising,163,0.42331288,1.44745754,27,0.29629630,1.04585220,0.15853040,16,0.25000000,1.08524666,0.10182067
h4,6,50,adx25+elliott_pullback_bull+mtf_volatility+cross_group_bull,988,0.42206478,1.44318982,212,0.32547170,1.14883411,0.26599250,201,0.35820896,1.55498030,0.29515369
h4,6,50,breakout20_up+engulf_bull+mtf_volatility,190,0.42105263,1.43972894,27,0.18518519,0.65365762,0.08180707,30,0.26666667,1.15759644,0.14182663
h4,6,50,breakout_up20+engulf_bull+mtf_volatility,190,0.42105263,1.43972894,27,0.18518519,0.65365762,0.08180707,30,0.26666667,1.15759644,0.14182663
h4,6,50,price20_bull+breakout20_up+engulf_bull+mtf_volatility,190,0.42105263,1.43972894,27,0.18518519,0.65365762,0.08180707,30,0.26666667,1.15759644,0.14182663
h4,6,50,price20_bull+breakout_up20+engulf_bull+mtf_volatility,190,0.42105263,1.43972894,27,0.18518519,0.65365762,0.08180707,30,0.26666667,1.15759644,0.14182663
h4,6,50,ichimoku_cloud_bull+dmi_adx_bull+atr_expand+mtf_volatility,162,0.41975309,1.43528533,29,0.34482759,1.21715558,0.19940719,17,0.35294118,1.53211294,0.17309720
h4,6,50,impulse_bull+elliott_pullback_bull+mtf_volatility+cross_group_bull,162,0.41975309,1.43528533,40,0.27500000,0.97068157,0.16108016,25,0.48000000,2.08367360,0.30031286
h4,6,50,ichimoku_cloud_bull+adx25+horizontal_break_up+engulf_bull,143,0.41958042,1.43469492,25,0.32000000,1.12952038,0.17205190,13,0.15384615,0.66784410,0.04325818
h4,6,50,sma_stack_bull+atr_expand+horizontal_break_up+mtf_adx_rising,223,0.41704036,1.42600955,43,0.37209302,1.31339578,0.24376339,26,0.19230769,0.83480513,0.08507061
h4,6,50,sma_stack_bull+atr_expand+elliott_impulse_bull+mtf_adx_rising,235,0.41702128,1.42594430,39,0.41025641,1.44810304,0.27079310,27,0.18518519,0.80388642,0.08180707
h4,6,50,sma_stack_bull+dmi_adx_bull+atr_expand+horizontal_break_up,161,0.41614907,1.42296191,22,0.27272727,0.96265941,0.13150760,12,0.16666667,0.72349778,0.04696514
h4,6,50,volatility+engulf_bull+mtf_volatility+cross_target_relative_up,291,0.41580756,1.42179417,55,0.54545455,1.92531882,0.41522690,38,0.31578947,1.37083789,0.19084604
h4,6,50,atr_expand+horizontal_break_up+mtf_adx_rising+cross_group_return_up,178,0.41573034,1.42153012,40,0.45000000,1.58838803,0.30705308,29,0.34482759,1.49689195,0.19940719
h4,6,50,ichimoku_cloud_bull+dmi_adx_bull+horizontal_break_up+engulf_bull,142,0.41549296,1.42071843,25,0.32000000,1.12952038,0.17205190,13,0.15384615,0.66784410,0.04325818
h4,6,50,dmi_adx_bull+volatility+engulf_bull+mtf_adx25,188,0.41489362,1.41866907,36,0.25000000,0.88243779,0.13750478,29,0.27586207,1.19751356,0.14698755
h4,6,50,macd_cross_up+elliott_pullback_bull+mtf_volatility+cross_group_bull,133,0.41353383,1.41401949,30,0.50000000,1.76487559,0.33154126,23,0.39130435,1.69864695,0.22157623
h4,6,50,sma_stack_bull+adx25+atr_expand+horizontal_break_up,167,0.41317365,1.41278790,22,0.27272727,0.96265941,0.13150760,12,0.16666667,0.72349778,0.04696514
h4,6,50,ichimoku_cloud_bull+dmi_adx_bull+breakout20_up+engulf_bull,165,0.41212121,1.40918923,26,0.30769231,1.08607728,0.16501316,14,0.14285714,0.62014095,0.04009392
h4,6,50,ichimoku_cloud_bull+dmi_adx_bull+breakout_up20+engulf_bull,165,0.41212121,1.40918923,26,0.30769231,1.08607728,0.16501316,14,0.14285714,0.62014095,0.04009392
h4,6,50,sma_stack_bull+atr_expand+elliott_wave3_bull+mtf_adx_rising,226,0.41150442,1.40708022,38,0.39473684,1.39332283,0.25598076,23,0.21739130,0.94369275,0.09663978
h4,6,50,adx25+volatility+elliott_pullback_bull+mtf_volatility,992,0.41129032,1.40634813,180,0.34444444,1.21580318,0.27892844,162,0.35185185,1.52738419,0.28252189
h4,6,50,atr_expand+horizontal_break_up+elliott_impulse_bull+mtf_adx_rising,248,0.41129032,1.40634813,47,0.36170213,1.27671851,0.23966213,36,0.27777778,1.20582963,0.15848338
h4,6,50,atr_expand+engulf_bull+mtf_adx25,134,0.41044776,1.40346711,17,0.23529412,0.83052969,0.09555044,13,0.07692308,0.33392205,0.01371042
h4,6,50,atr_expand+horizontal_break_up+elliott_wave3_bull+mtf_adx_rising,239,0.41004184,1.40207912,47,0.36170213,1.27671851,0.23966213,33,0.30303030,1.31545050,0.17375531
h4,6,50,adx25+volatility+engulf_bull+mtf_volatility,427,0.40983607,1.40137550,68,0.54411765,1.92059990,0.42656606,72,0.30555556,1.32641259,0.21126631
h4,6,50,price20_bull+atr_expand+mtf_volatility+cross_target_relative_up,305,0.40983607,1.40137550,62,0.41935484,1.48021823,0.30477586,37,0.24324324,1.05591567,0.13361353
h4,6,50,dmi_adx_bull+engulf_bull+mtf_volatility+cross_target_relative_up,171,0.40935673,1.39973647,26,0.34615385,1.22183694,0.19412230,27,0.18518519,0.80388642,0.08180707
h4,6,50,adx25+atr_expand+engulf_bull,176,0.40909091,1.39882755,39,0.20512821,0.72405152,0.10779718,18,0.11111111,0.48233185,0.03101952
h4,6,50,adx25+elliott_pullback_bull+mtf_volatility+cross_group_return_up,1154,0.40901213,1.39855818,244,0.33196721,1.17176166,0.27588550,227,0.35242291,1.52986314,0.29320313
h4,6,50,dmi_adx_bull+elliott_pullback_bull+mtf_volatility+cross_group_bull,455,0.40879121,1.39780277,96,0.29166667,1.02951076,0.21016593,67,0.35820896,1.55498030,0.25398057
h4,6,50,sma_stack_bull+dmi_adx_bull+atr_expand+breakout20_up,164,0.40853659,1.39693212,23,0.26086957,0.92080465,0.12548616,12,0.16666667,0.72349778,0.04696514
h4,6,50,sma_stack_bull+dmi_adx_bull+atr_expand+breakout_up20,164,0.40853659,1.39693212,23,0.26086957,0.92080465,0.12548616,12,0.16666667,0.72349778,0.04696514
h4,6,50,sma_stack_bull+dmi_adx_bull+atr_expand+retest_up,164,0.40853659,1.39693212,23,0.26086957,0.92080465,0.12548616,12,0.16666667,0.72349778,0.04696514
h4,6,50,ichimoku_cloud_bull+engulf_bull+mtf_volatility+cross_target_relative_up,333,0.40840841,1.39649383,60,0.41666667,1.47072966,0.30064279,55,0.34545455,1.49961357,0.23362710
h4,6,50,ichimoku_cloud_bull+adx25+breakout20_up+engulf_bull,169,0.40828402,1.39606852,29,0.27586207,0.97372446,0.14698755,15,0.13333333,0.57879822,0.03736126
h4,6,50,ichimoku_cloud_bull+adx25+breakout_up20+engulf_bull,169,0.40828402,1.39606852,29,0.27586207,0.97372446,0.14698755,15,0.13333333,0.57879822,0.03736126
h4,6,50,mtf_trend_bull+range_compression+breakout20_up+atr_expand,201,0.40796020,1.39496125,33,0.42424242,1.49747019,0.27235597,24,0.29166667,1.26612111,0.14914648
h4,6,50,atr_expand+impulse_bull+mtf_volatility+cross_group_return_up,157,0.40764331,1.39387770,31,0.38709677,1.36635529,0.23733101,27,0.33333333,1.44699555,0.18643261
h4,6,50,atr_expand+horizontal_break_up+mtf_adx_rising,268,0.40671642,1.39070832,56,0.35714286,1.26062542,0.24456572,39,0.25641026,1.11307350,0.14568781
h4,6,50,price20_bull+atr_expand+horizontal_break_up+mtf_adx_rising,268,0.40671642,1.39070832,56,0.35714286,1.26062542,0.24456572,39,0.25641026,1.11307350,0.14568781
h4,6,50,atr_expand+horizontal_break_up+retest_up+mtf_adx_rising,268,0.40671642,1.39070832,54,0.33333333,1.17658372,0.22241417,38,0.26315789,1.14236491,0.14971621
h4,6,50,ichimoku_cloud_bull+superbb_bull+impulse_bull+cross_group_return_up,123,0.40650407,1.38998221,31,0.51612903,1.82180706,0.34840395,17,0.17647059,0.76605647,0.06191127
h4,6,50,sma_stack_bull+adx25+atr_expand+breakout20_up,170,0.40588235,1.38785635,23,0.26086957,0.92080465,0.12548616,13,0.15384615,0.66784410,0.04325818
h4,6,50,sma_stack_bull+adx25+atr_expand+breakout_up20,170,0.40588235,1.38785635,23,0.26086957,0.92080465,0.12548616,13,0.15384615,0.66784410,0.04325818
h4,6,50,sma_stack_bull+adx25+atr_expand+retest_up,170,0.40588235,1.38785635,23,0.26086957,0.92080465,0.12548616,13,0.15384615,0.66784410,0.04325818
h4,6,50,volatility+elliott_pullback_bull+mtf_volatility+cross_group_bull,917,0.40567067,1.38713252,179,0.43575419,1.53810386,0.36521832,131,0.35114504,1.52431593,0.27470789
h4,6,50,ichimoku_cloud_bull+dmi_adx_bull+engulf_bull+mtf_volatility,212,0.40566038,1.38709734,30,0.30000000,1.05892535,0.16664748,26,0.15384615,0.66784410,0.06150034
h4,6,50,sma_stack_bull+adx25+horizontal_break_up+cross_group_bull,710,0.40563380,1.38700647,160,0.37500000,1.32365669,0.30374323,99,0.25252525,1.09620875,0.17729377
h4,6,50,sma_stack_bull+adx25+volatility+engulf_bull,291,0.40549828,1.38654307,66,0.27272727,0.96265941,0.18003345,35,0.20000000,0.86819733,0.10042446
h4,6,50,sma_stack_bull+dmi_adx_bull+horizontal_break_up+cross_group_bull,706,0.40509915,1.38517830,158,0.37974684,1.34041184,0.30777542,99,0.25252525,1.09620875,0.17729377
h4,6,50,volatility+engulf_bull+mtf_volatility,709,0.40479549,1.38413997,119,0.51260504,1.80936825,0.42381908,98,0.32653061,1.41746503,0.24176256
h4,6,50,dmi_adx_bull+elliott_pullback_bull+mtf_volatility+cross_group_return_up,537,0.40409683,1.38175103,115,0.28695652,1.01288512,0.21222581,75,0.33333333,1.44699555,0.23708221
h4,6,50,adx25+volatility+impulse_bull+mtf_volatility,1082,0.40388170,1.38101541,181,0.48066298,1.69662073,0.40903706,188,0.39893617,1.73177659,0.33163742
h4,6,50,dmi_adx_bull+volatility+engulf_bull+mtf_volatility,161,0.40372671,1.38048543,26,0.34615385,1.22183694,0.19412230,20,0.20000000,0.86819733,0.08065766
h4,6,50,ichimoku_cloud_bull+atr_expand+breakout20_up+mtf_adx_rising,243,0.40329218,1.37899963,34,0.38235294,1.34961074,0.23900183,22,0.13636364,0.59195273,0.04749004
h4,6,50,ichimoku_cloud_bull+atr_expand+breakout_up20+mtf_adx_rising,243,0.40329218,1.37899963,34,0.38235294,1.34961074,0.23900183,22,0.13636364,0.59195273,0.04749004
h4,6,50,ichimoku_cloud_bull+atr_expand+retest_up+mtf_adx_rising,243,0.40329218,1.37899963,33,0.36363636,1.28354588,0.22187178,22,0.13636364,0.59195273,0.04749004
h4,6,50,ichimoku_cloud_bull+atr_expand+horizontal_break_up+mtf_adx_rising,206,0.40291262,1.37770178,31,0.38709677,1.36635529,0.23733101,22,0.13636364,0.59195273,0.04749004
h4,6,50,dmi_adx_bull+impulse_bull+mtf_volatility+cross_group_return_up,589,0.40237691,1.37586999,83,0.37349398,1.31834080,0.27719687,90,0.34444444,1.49522874,0.25445914
h4,6,100,sma_stack_bull+atr_expand+mtf_volatility+cross_group_return_up,164,0.28658537,3.49314106,23,0.17391304,2.01689676,0.06978654,19,0.15789474,2.89149904,0.05520472
h4,6,100,sma_stack_bull+adx25+atr_expand+mtf_volatility,204,0.27941176,3.40570324,37,0.16216216,1.88061996,0.07651207,15,0.06666667,1.22085515,0.01186690
h4,6,100,sma_stack_bull+atr_expand+mtf_volatility+cross_group_bull,136,0.27941176,3.40570324,24,0.16666667,1.93285940,0.06678676,15,0.06666667,1.22085515,0.01186690
h4,6,100,sma_stack_bull+atr_expand+mtf_volatility,359,0.26183844,3.19150493,62,0.16129032,1.87050910,0.09004069,49,0.12244898,2.24238701,0.05734826
h4,6,100,sma_stack_bull+dmi_adx_bull+atr_expand+mtf_volatility,143,0.24475524,2.98328072,25,0.08000000,0.92777251,0.02222040,11,0.09090909,1.66480248,0.01623217
h4,6,100,sma_stack_bull+atr_expand+impulse_bull+mtf_volatility,120,0.24166667,2.94563456,19,0.05263158,0.61037665,0.00935199,21,0.09523810,1.74407878,0.02651877
h4,6,100,sma_stack_bull+atr_expand+mtf_volatility+cross_target_relative_up,166,0.24096386,2.93706811,27,0.22222222,2.57714587,0.10607239,22,0.09090909,1.66480248,0.02529543
h4,6,100,adx25+atr_expand+mtf_volatility+cross_target_relative_up,304,0.23684211,2.88682878,57,0.26315789,3.05188326,0.16645787,35,0.05714286,1.04644727,0.01581316
h4,6,100,ichimoku_cloud_bull+adx25+atr_expand+mtf_volatility,318,0.23270440,2.83639502,70,0.28571429,3.31347326,0.19322220,53,0.07547170,1.38210017,0.02973956
h4,6,100,atr_expand+mtf_volatility+adx25,697,0.22812052,2.78052280,112,0.25892857,3.00283514,0.18675389,83,0.07228916,1.32381884,0.03355030
h4,6,100,adx25+atr_expand+mtf_volatility,697,0.22812052,2.78052280,112,0.25892857,3.00283514,0.18675389,83,0.07228916,1.32381884,0.03355030
h4,6,100,atr_expand+elliott_impulse_bull+mtf_volatility+cross_group_return_up,121,0.22314050,2.71982216,19,0.10526316,1.22075331,0.02935856,22,0.04545455,0.83240124,0.00806943
h4,6,100,ichimoku_cloud_bull+atr_expand+impulse_bull+mtf_volatility,171,0.22222222,2.70862948,32,0.18750000,2.17446682,0.08889545,27,0.11111111,2.03475858,0.03852035
h4,6,100,ichimoku_cloud_bull+atr_expand+mtf_volatility,569,0.21792619,2.65626581,100,0.26000000,3.01526066,0.18404698,93,0.09677419,1.77220909,0.05175167
h4,6,100,atr_expand+mtf_volatility,1172,0.21075085,2.56880688,192,0.25000000,2.89928910,0.19406065,172,0.10465116,1.91645866,0.06722757
h4,6,100,atr_expand+breakout20_up+elliott_impulse_bull+mtf_volatility,125,0.20800000,2.53527719,20,0.10000000,1.15971564,0.02786648,19,0.05263158,0.96383301,0.00935199
h4,6,100,atr_expand+breakout_up20+elliott_impulse_bull+mtf_volatility,125,0.20800000,2.53527719,20,0.10000000,1.15971564,0.02786648,19,0.05263158,0.96383301,0.00935199
h4,6,100,atr_expand+retest_up+elliott_impulse_bull+mtf_volatility,125,0.20800000,2.53527719,20,0.10000000,1.15971564,0.02786648,19,0.05263158,0.96383301,0.00935199
h4,6,100,atr_expand+mtf_volatility+breakout20_up,140,0.20714286,2.52482962,24,0.08333333,0.96642970,0.02315882,20,0.05000000,0.91564136,0.00888145
h4,6,100,atr_expand+breakout20_up+mtf_volatility,140,0.20714286,2.52482962,24,0.08333333,0.96642970,0.02315882,20,0.05000000,0.91564136,0.00888145
h4,6,100,atr_expand+breakout_up20+mtf_volatility,140,0.20714286,2.52482962,24,0.08333333,0.96642970,0.02315882,20,0.05000000,0.91564136,0.00888145
h4,6,100,atr_expand+retest_up+mtf_volatility,140,0.20714286,2.52482962,23,0.08695652,1.00844838,0.02418000,19,0.05263158,0.96383301,0.00935199
h4,6,100,price20_bull+atr_expand+breakout20_up+mtf_volatility,140,0.20714286,2.52482962,24,0.08333333,0.96642970,0.02315882,20,0.05000000,0.91564136,0.00888145
h4,6,100,price20_bull+atr_expand+breakout_up20+mtf_volatility,140,0.20714286,2.52482962,24,0.08333333,0.96642970,0.02315882,20,0.05000000,0.91564136,0.00888145
h4,6,100,price20_bull+atr_expand+retest_up+mtf_volatility,140,0.20714286,2.52482962,23,0.08695652,1.00844838,0.02418000,19,0.05263158,0.96383301,0.00935199
h4,6,100,atr_expand+breakout20_up+retest_up+mtf_volatility,140,0.20714286,2.52482962,23,0.08695652,1.00844838,0.02418000,19,0.05263158,0.96383301,0.00935199
h4,6,100,atr_expand+breakout_up20+retest_up+mtf_volatility,140,0.20714286,2.52482962,23,0.08695652,1.00844838,0.02418000,19,0.05263158,0.96383301,0.00935199
h4,6,100,price20_bull+atr_expand+elliott_impulse_bull+mtf_volatility,169,0.20710059,2.52431445,30,0.06666667,0.77314376,0.01847702,23,0.04347826,0.79620988,0.00771667
h4,6,100,atr_expand+mtf_volatility+cross_target_relative_up,514,0.20622568,2.51365031,88,0.27272727,3.16286084,0.19065480,70,0.08571429,1.56967091,0.03987667
h4,6,100,sma_stack_bull+dmi_adx_bull+atr_expand+horizontal_break_up,161,0.20496894,2.49833216,22,0.09090909,1.05428695,0.02529543,12,0.08333333,1.52606894,0.01486509
h4,6,100,atr_expand+elliott_impulse_bull+mtf_volatility,171,0.20467836,2.49479031,30,0.06666667,0.77314376,0.01847702,23,0.04347826,0.79620988,0.00771667
h4,6,100,price20_bull+atr_expand+elliott_wave3_bull+mtf_volatility,158,0.20253165,2.46862433,28,0.07142857,0.82836831,0.01981206,22,0.04545455,0.83240124,0.00806943
h4,6,100,atr_expand+engulf_bull+cross_target_relative_up,139,0.20143885,2.45530442,30,0.13333333,1.54628752,0.05309655,16,0.18750000,3.43365510,0.06591599
h4,6,100,atr_expand+elliott_wave3_bull+mtf_volatility,159,0.20125786,2.45309839,28,0.07142857,0.82836831,0.01981206,22,0.04545455,0.83240124,0.00806943
h4,6,100,sma_stack_bull+dmi_adx_bull+atr_expand+breakout20_up,164,0.20121951,2.45263096,23,0.08695652,1.00844838,0.02418000,12,0.08333333,1.52606894,0.01486509
h4,6,100,sma_stack_bull+dmi_adx_bull+atr_expand+breakout_up20,164,0.20121951,2.45263096,23,0.08695652,1.00844838,0.02418000,12,0.08333333,1.52606894,0.01486509
h4,6,100,sma_stack_bull+dmi_adx_bull+atr_expand+retest_up,164,0.20121951,2.45263096,23,0.08695652,1.00844838,0.02418000,12,0.08333333,1.52606894,0.01486509
h4,6,100,adx25+atr_expand+impulse_bull+mtf_volatility,224,0.20089286,2.44864941,38,0.15789474,1.83112996,0.07443863,24,0.04166667,0.76303447,0.00739346
h4,6,100,ichimoku_cloud_bull+atr_expand+mtf_volatility+cross_group_bull,205,0.20000000,2.43776653,37,0.18918919,2.19405662,0.09479979,30,0.06666667,1.22085515,0.01847702
h4,6,100,atr_expand+impulse_bull+mtf_volatility,362,0.19889503,2.42429821,63,0.15873016,1.84081848,0.08857092,62,0.09677419,1.77220909,0.04511187
h4,6,100,adx25+atr_expand+engulf_bull,176,0.19886364,2.42391558,39,0.10256410,1.18945194,0.04061331,18,0.05555556,1.01737929,0.00987519
h4,6,100,sma_stack_bull+adx25+atr_expand+horizontal_break_up,167,0.19760479,2.40857172,22,0.09090909,1.05428695,0.02529543,12,0.08333333,1.52606894,0.01486509
h4,6,100,sma_stack_bull+dmi_adx_bull+atr_expand+elliott_wave3_bull,157,0.19745223,2.40671218,19,0.10526316,1.22075331,0.02935856,10,0.10000000,1.83128272,0.01787621
h4,6,100,ichimoku_cloud_bull+atr_expand+mtf_volatility+cross_group_return_up,242,0.19421488,2.36725262,42,0.21428571,2.48510494,0.11705800,36,0.11111111,2.03475858,0.04406640
h4,6,100,sma_stack_bull+adx25+atr_expand+breakout20_up,170,0.19411765,2.36606751,23,0.08695652,1.00844838,0.02418000,13,0.07692308,1.40867902,0.01371042
h4,6,100,sma_stack_bull+adx25+atr_expand+breakout_up20,170,0.19411765,2.36606751,23,0.08695652,1.00844838,0.02418000,13,0.07692308,1.40867902,0.01371042
h4,6,100,sma_stack_bull+adx25+atr_expand+retest_up,170,0.19411765,2.36606751,23,0.08695652,1.00844838,0.02418000,13,0.07692308,1.40867902,0.01371042
h4,6,100,atr_expand+engulf_bull+mtf_adx25,134,0.19402985,2.36499738,17,0.17647059,2.04655701,0.06191127,13,0.00000000,0.00000000,0.00000000
h4,6,100,ichimoku_cloud_bull+atr_expand+mtf_volatility+cross_target_relative_up,256,0.19140625,2.33301875,48,0.16666667,1.93285940,0.08695514,33,0.12121212,2.21973663,0.04816161
h4,6,100,sma_stack_bull+adx25+atr_expand+elliott_wave3_bull,162,0.19135802,2.33243094,19,0.10526316,1.22075331,0.02935856,12,0.08333333,1.52606894,0.01486509
h4,6,100,ichimoku_cloud_bull+dmi_adx_bull+atr_expand+mtf_volatility,162,0.19135802,2.33243094,29,0.06896552,0.79980389,0.01912127,17,0.05882353,1.07722513,0.01046040
h4,6,100,sma_stack_bull+dmi_adx_bull+atr_expand+elliott_impulse_bull,163,0.19018405,2.31812155,19,0.10526316,1.22075331,0.02935856,12,0.08333333,1.52606894,0.01486509
h4,6,100,dmi_adx_bull+atr_expand+breakout20_up+mtf_adx25,143,0.18881119,2.30138798,16,0.06250000,0.72482227,0.01111934,14,0.07142857,1.30805909,0.01272222
h4,6,100,dmi_adx_bull+atr_expand+breakout_up20+mtf_adx25,143,0.18881119,2.30138798,16,0.06250000,0.72482227,0.01111934,14,0.07142857,1.30805909,0.01272222
h4,6,100,dmi_adx_bull+atr_expand+retest_up+mtf_adx25,143,0.18881119,2.30138798,16,0.06250000,0.72482227,0.01111934,13,0.07692308,1.40867902,0.01371042
h4,6,100,sma_stack_bull+dmi_adx_bull+horizontal_break_up+mtf_volatility,342,0.18713450,2.28095114,54,0.12962963,1.50333509,0.06423721,42,0.04761905,0.87203939,0.01315752
h4,6,100,atr_expand+engulf_bull+mtf_adx_rising,188,0.18617021,2.26919757,36,0.11111111,1.28857293,0.04406640,17,0.11764706,2.15445026,0.03287977
h4,6,100,sma_stack_bull+adx25+horizontal_break_up+mtf_volatility,344,0.18604651,2.26768979,54,0.12962963,1.50333509,0.06423721,42,0.04761905,0.87203939,0.01315752
h4,6,100,dmi_adx_bull+atr_expand+mtf_volatility+cross_group_return_up,178,0.18539326,2.25972740,29,0.13793103,1.59960778,0.05497440,17,0.05882353,1.07722513,0.01046040
h4,6,100,dmi_adx_bull+atr_expand+horizontal_break_up+mtf_adx_rising,162,0.18518519,2.25719123,27,0.14814815,1.71809724,0.05915928,16,0.06250000,1.14455170,0.01111934
h4,6,100,sma_stack_bull+dmi_adx_bull+breakout20_up+mtf_volatility,346,0.18497110,2.25458176,57,0.14035088,1.62767107,0.07287276,42,0.04761905,0.87203939,0.01315752
h4,6,100,sma_stack_bull+dmi_adx_bull+breakout_up20+mtf_volatility,346,0.18497110,2.25458176,57,0.14035088,1.62767107,0.07287276,42,0.04761905,0.87203939,0.01315752
h4,6,100,adx25+atr_expand+breakout20_up+mtf_adx25,146,0.18493151,2.25409919,20,0.05000000,0.57985782,0.00888145,14,0.07142857,1.30805909,0.01272222
h4,6,100,adx25+atr_expand+breakout_up20+mtf_adx25,146,0.18493151,2.25409919,20,0.05000000,0.57985782,0.00888145,14,0.07142857,1.30805909,0.01272222
h4,6,100,adx25+atr_expand+retest_up+mtf_adx25,146,0.18493151,2.25409919,20,0.05000000,0.57985782,0.00888145,13,0.07692308,1.40867902,0.01371042
h4,6,100,sma_stack_bull+adx25+atr_expand+elliott_impulse_bull,168,0.18452381,2.24912983,19,0.10526316,1.22075331,0.02935856,14,0.07142857,1.30805909,0.01272222
h4,6,100,adx25+atr_expand+horizontal_break_up+mtf_adx_rising,163,0.18404908,2.24334343,27,0.14814815,1.71809724,0.05915928,16,0.06250000,1.14455170,0.01111934
h4,6,100,sma_stack_bull+adx25+breakout20_up+mtf_volatility,348,0.18390805,2.24162439,57,0.14035088,1.62767107,0.07287276,43,0.04651163,0.85175941,0.01284926
h4,6,100,sma_stack_bull+adx25+breakout_up20+mtf_volatility,348,0.18390805,2.24162439,57,0.14035088,1.62767107,0.07287276,43,0.04651163,0.85175941,0.01284926
h4,6,100,adx25+atr_expand+elliott_wave3_bull+mtf_adx25,158,0.18354430,2.23719080,27,0.03703704,0.42952431,0.00656815,15,0.06666667,1.22085515,0.01186690
h4,6,100,sma_stack_bull+dmi_adx_bull+retest_up+mtf_volatility,345,0.18260870,2.22578683,57,0.14035088,1.62767107,0.07287276,41,0.04878049,0.89330865,0.01348095
h4,6,100,atr_expand+impulse_bull+elliott_impulse_bull+mtf_volatility,137,0.18248175,2.22423953,28,0.07142857,0.82836831,0.01981206,21,0.04761905,0.87203939,0.00845599
h4,6,100,ichimoku_cloud_bull+dmi_adx_bull+atr_expand+horizontal_break_up,165,0.18181818,2.21615139,26,0.19230769,2.23022238,0.08507061,15,0.13333333,2.44171030,0.03736126
h4,6,100,sma_stack_bull+adx25+retest_up+mtf_volatility,347,0.18155620,2.21295809,57,0.14035088,1.62767107,0.07287276,42,0.04761905,0.87203939,0.01315752
h4,6,100,sma_stack_bull+horizontal_break_up+mtf_volatility+cross_group_return_up,365,0.18082192,2.20400809,59,0.11864407,1.37593381,0.05867583,68,0.08823529,1.61583770,0.04106812
h4,6,100,sma_stack_bull+volatility+horizontal_break_up+mtf_volatility,227,0.18061674,2.20150722,45,0.11111111,1.28857293,0.04840472,39,0.10256410,1.87823869,0.04061331
h4,6,100,adx25+atr_expand+mtf_adx25+cross_target_relative_up,473,0.17970402,2.19038219,78,0.06410256,0.74340746,0.02768932,57,0.05263158,0.96383301,0.01806030
h4,6,100,sma_stack_bull+volatility+breakout20_up+mtf_volatility,245,0.17959184,2.18901484,47,0.10638298,1.23374004,0.04630478,41,0.14634146,2.67992594,0.06884248
h4,6,100,sma_stack_bull+volatility+breakout_up20+mtf_volatility,245,0.17959184,2.18901484,47,0.10638298,1.23374004,0.04630478,41,0.14634146,2.67992594,0.06884248
h4,6,100,adx25+atr_expand+mtf_volatility+cross_group_return_up,290,0.17931034,2.18558378,54,0.24074074,2.79190802,0.14644291,28,0.03571429,0.65402954,0.00633252
h4,6,100,price20_bull+atr_expand+impulse_bull+mtf_volatility,246,0.17886179,2.18011641,44,0.09090909,1.05428695,0.03592219,41,0.07317073,1.33996297,0.02519783
h4,6,100,dmi_adx_bull+atr_expand+elliott_wave3_bull+mtf_adx25,146,0.17808219,2.17061403,23,0.04347826,0.50422419,0.00771667,14,0.07142857,1.30805909,0.01272222
h4,6,100,ichimoku_cloud_bull+atr_expand+engulf_bull,191,0.17801047,2.16973984,37,0.13513514,1.56718330,0.05913294,18,0.22222222,4.06951716,0.09000928
h4,6,100,sma_stack_bull+horizontal_break_up+impulse_bull+mtf_volatility,377,0.17771883,2.16618511,63,0.07936508,0.92040924,0.03437585,61,0.08196721,1.50105141,0.03551957
h4,6,100,mtf_trend_bull+horizontal_break_up+atr_expand,260,0.17692308,2.15648578,50,0.14000000,1.62360190,0.06950833,30,0.06666667,1.22085515,0.01847702
h4,6,100,adx25+atr_expand+elliott_impulse_bull+mtf_adx25,170,0.17647059,2.15097047,29,0.03448276,0.39990194,0.00611321,16,0.06250000,1.14455170,0.01111934
h4,6,100,sma_stack_bull+volatility+retest_up+mtf_volatility,244,0.17622951,2.14803198,45,0.11111111,1.28857293,0.04840472,40,0.15000000,2.74692408,0.07061188
h4,6,100,atr_expand+impulse_bull+mtf_volatility+cross_target_relative_up,159,0.17610063,2.14646109,29,0.24137931,2.79931361,0.12218422,24,0.04166667,0.76303447,0.00739346
h4,6,100,atr_expand+impulse_bull+elliott_wave3_bull+mtf_volatility,125,0.17600000,2.14523455,26,0.07692308,0.89208895,0.02135509,20,0.05000000,0.91564136,0.00888145
h4,6,100,sma_stack_bull+atr_expand+horizontal_break_up+cross_group_return_up,199,0.17587940,2.14376454,37,0.18918919,2.19405662,0.09479979,26,0.03846154,0.70433951,0.00682198
h4,6,100,macd_cross_up+elliott_wave3_bull+mtf_volatility+cross_group_return_up,131,0.17557252,2.14002405,19,0.10526316,1.22075331,0.02935856,19,0.15789474,2.89149904,0.05520472
h4,6,100,ichimoku_cloud_bull+adx25+atr_expand+horizontal_break_up,171,0.17543860,2.13839169,26,0.19230769,2.23022238,0.08507061,15,0.13333333,2.44171030,0.03736126
h4,6,100,sma_stack_bull+atr_expand+horizontal_break_up+mtf_adx_rising,223,0.17488789,2.13167925,43,0.16279070,1.88790918,0.08116627,26,0.03846154,0.70433951,0.00682198
h4,6,100,atr_expand+mtf_volatility+cross_group_return_up,505,0.17425743,2.12399460,89,0.21348315,2.47579743,0.14114797,77,0.09090909,1.66480248,0.04473571
h4,6,100,atr_expand+horizontal_break_up+mtf_adx_rising+cross_group_return_up,178,0.17415730,2.12277422,40,0.22500000,2.60936019,0.12316091,29,0.03448276,0.63147680,0.00611321
h4,6,100,dmi_adx_bull+horizontal_break_up+mtf_volatility+cross_group_return_up,362,0.17403315,2.12126093,50,0.16000000,1.85554502,0.08337421,52,0.05769231,1.05650926,0.01981417
h4,6,100,adx25+horizontal_break_up+mtf_volatility+cross_group_return_up,363,0.17355372,2.11541724,50,0.16000000,1.85554502,0.08337421,52,0.05769231,1.05650926,0.01981417
h4,6,100,macd_cross_up+volatility+elliott_pullback_bull+mtf_volatility,127,0.17322835,2.11145132,19,0.10526316,1.22075331,0.02935856,16,0.06250000,1.14455170,0.01111934
h4,6,100,macd_cross_up+elliott_impulse_bull+mtf_volatility+cross_group_return_up,179,0.17318436,2.11091515,23,0.08695652,1.00844838,0.02418000,29,0.10344828,1.89443040,0.03581489
h4,6,100,dmi_adx_bull+atr_expand+elliott_impulse_bull+mtf_adx25,156,0.17307692,2.10960565,24,0.04166667,0.48321485,0.00739346,15,0.06666667,1.22085515,0.01186690
h4,6,100,sma_stack_bull+atr_expand+engulf_bull,133,0.17293233,2.10784324,17,0.11764706,1.36437134,0.03287977,6,0.00000000,0.00000000,0.00000000
h4,6,100,price20_bull+adx25+atr_expand+mtf_volatility,301,0.17275748,2.10571195,53,0.05660377,0.65644281,0.01943666,26,0.03846154,0.70433951,0.00682198
h4,6,100,macd_cross_up+volatility+elliott_pullback_bull+cross_group_bull,168,0.17261905,2.10402468,37,0.02702703,0.31343666,0.00478697,21,0.09523810,1.74407878,0.02651877
h4,6,100,ichimoku_cloud_bull+macd_cross_up+impulse_bull+mtf_volatility,209,0.17224880,2.09951184,37,0.08108108,0.94030998,0.02796057,27,0.07407407,1.35650572,0.02055465
h4,6,100,sma_stack_bull+macd_cross_up+impulse_bull+mtf_volatility,128,0.17187500,2.09495561,17,0.05882353,0.68218567,0.01046040,12,0.00000000,0.00000000,0.00000000
h4,6,100,sma_stack_bull+atr_expand+breakout20_up+mtf_adx_rising,233,0.17167382,2.09250346,46,0.15217391,1.76478467,0.07572282,26,0.03846154,0.70433951,0.00682198
h4,6,100,sma_stack_bull+atr_expand+breakout_up20+mtf_adx_rising,233,0.17167382,2.09250346,46,0.15217391,1.76478467,0.07572282,26,0.03846154,0.70433951,0.00682198
h4,6,100,sma_stack_bull+atr_expand+retest_up+mtf_adx_rising,233,0.17167382,2.09250346,45,0.15555556,1.80400211,0.07745423,26,0.03846154,0.70433951,0.00682198
h4,6,100,price20_bull+atr_expand+mtf_volatility+cross_group_return_up,310,0.17096774,2.08389719,52,0.11538462,1.33813343,0.05396969,45,0.08888889,1.62780686,0.03511112
h4,6,100,dmi_adx_bull+atr_expand+horizontal_break_up+cross_group_return_up,158,0.17088608,2.08290178,29,0.27586207,3.19921556,0.14698755,24,0.04166667,0.76303447,0.00739346
h4,6,100,sma_stack_bull+dmi_adx_bull+elliott_impulse_bull+mtf_volatility,357,0.17086835,2.08268569,58,0.13793103,1.59960778,0.07158487,44,0.04545455,0.83240124,0.01255511
h4,6,100,ichimoku_cloud_bull+superbb_bull+impulse_bull+cross_group_return_up,123,0.17073171,2.08102021,31,0.09677419,1.12230546,0.03346464,17,0.00000000,0.00000000,0.00000000
h4,6,100,sma_stack_bull+atr_expand+horizontal_break_up+cross_group_bull,170,0.17058824,2.07927145,33,0.09090909,1.05428695,0.03140394,21,0.04761905,0.87203939,0.00845599
h4,6,100,sma_stack_bull+atr_expand+elliott_wave3_bull+cross_group_bull,170,0.17058824,2.07927145,31,0.09677419,1.12230546,0.03346464,18,0.05555556,1.01737929,0.00987519
h4,6,100,dmi_adx_bull+atr_expand+mtf_volatility+cross_group_bull,147,0.17006803,2.07293072,28,0.10714286,1.24255247,0.03711837,18,0.05555556,1.01737929,0.00987519
h4,6,100,sma_stack_bull+atr_expand+horizontal_break_up+elliott_wave3_bull,265,0.16981132,2.06980177,44,0.15909091,1.84500215,0.07926677,31,0.03225806,0.59073636,0.00571722
h4,6,100,macd_cross_up+elliott_impulse_bull+mtf_volatility+cross_group_bull,159,0.16981132,2.06980177,21,0.04761905,0.55224554,0.00845599,28,0.10714286,1.96208863,0.03711837
h4,6,100,sma_stack_bull+volatility+horizontal_break_up+cross_group_bull,354,0.16949153,2.06590384,104,0.16346154,1.89568903,0.10463536,85,0.08235294,1.50811518,0.04046372
h4,6,100,sma_stack_bull+atr_expand+elliott_impulse_bull+cross_group_bull,177,0.16949153,2.06590384,32,0.09375000,1.08723341,0.03240155,21,0.04761905,0.87203939,0.00845599
h4,6,100,adx25+volatility+elliott_pullback_bull+mtf_volatility,992,0.16935484,2.06423779,180,0.11666667,1.35300158,0.07758567,162,0.07407407,1.35650572,0.04287845
h4,6,150,atr_expand+engulf_bull+mtf_adx25,134,0.14179104,5.00069890,17,0.00000000,0.00000000,0.00000000,13,0.00000000,0.00000000,0.00000000
h4,6,150,sma_stack_bull+adx25+atr_expand+mtf_volatility,204,0.13235294,4.66783504,37,0.10810811,3.46938414,0.04285190,15,0.00000000,0.00000000,0.00000000
h4,6,150,sma_stack_bull+dmi_adx_bull+atr_expand+horizontal_break_up,161,0.13043478,4.60018526,22,0.04545455,1.45871833,0.00806943,12,0.00000000,0.00000000,0.00000000
h4,6,150,adx25+atr_expand+impulse_bull+mtf_volatility,224,0.12946429,4.56595769,38,0.05263158,1.68904228,0.01455421,24,0.00000000,0.00000000,0.00000000
h4,6,150,sma_stack_bull+dmi_adx_bull+atr_expand+breakout20_up,164,0.12804878,4.51603553,23,0.04347826,1.39529579,0.00771667,12,0.00000000,0.00000000,0.00000000
h4,6,150,sma_stack_bull+dmi_adx_bull+atr_expand+breakout_up20,164,0.12804878,4.51603553,23,0.04347826,1.39529579,0.00771667,12,0.00000000,0.00000000,0.00000000
h4,6,150,sma_stack_bull+dmi_adx_bull+atr_expand+retest_up,164,0.12804878,4.51603553,23,0.04347826,1.39529579,0.00771667,12,0.00000000,0.00000000,0.00000000
h4,6,150,sma_stack_bull+dmi_adx_bull+atr_expand+elliott_wave3_bull,157,0.12738854,4.49274994,19,0.05263158,1.68904228,0.00935199,10,0.00000000,0.00000000,0.00000000
h4,6,150,sma_stack_bull+adx25+atr_expand+horizontal_break_up,167,0.12574850,4.43490914,22,0.04545455,1.45871833,0.00806943,12,0.00000000,0.00000000,0.00000000
h4,6,150,sma_stack_bull+atr_expand+mtf_volatility+cross_group_bull,136,0.12500000,4.40851087,24,0.16666667,5.34863388,0.06678676,15,0.00000000,0.00000000,0.00000000
h4,6,150,atr_expand+horizontal_break_up+mtf_adx_rising+cross_group_bull,153,0.12418301,4.37969708,34,0.08823529,2.83162970,0.03046594,25,0.00000000,0.00000000,0.00000000
h4,6,150,atr_expand+horizontal_break_up+mtf_adx_rising+cross_group_return_up,178,0.12359551,4.35897704,40,0.10000000,3.20918033,0.03957953,29,0.00000000,0.00000000,0.00000000
h4,6,150,sma_stack_bull+adx25+atr_expand+breakout20_up,170,0.12352941,4.35664604,23,0.04347826,1.39529579,0.00771667,13,0.00000000,0.00000000,0.00000000
h4,6,150,sma_stack_bull+adx25+atr_expand+breakout_up20,170,0.12352941,4.35664604,23,0.04347826,1.39529579,0.00771667,13,0.00000000,0.00000000,0.00000000
h4,6,150,sma_stack_bull+adx25+atr_expand+retest_up,170,0.12352941,4.35664604,23,0.04347826,1.39529579,0.00771667,13,0.00000000,0.00000000,0.00000000
h4,6,150,sma_stack_bull+adx25+atr_expand+elliott_wave3_bull,162,0.12345679,4.35408481,19,0.05263158,1.68904228,0.00935199,12,0.00000000,0.00000000,0.00000000
h4,6,150,sma_stack_bull+dmi_adx_bull+atr_expand+elliott_impulse_bull,163,0.12269939,4.32737264,19,0.05263158,1.68904228,0.00935199,12,0.00000000,0.00000000,0.00000000
h4,6,150,atr_expand+engulf_bull+mtf_adx_rising,188,0.12234043,4.31471277,36,0.05555556,1.78287796,0.01536999,17,0.00000000,0.00000000,0.00000000
h4,6,150,ichimoku_cloud_bull+dmi_adx_bull+atr_expand+horizontal_break_up,165,0.12121212,4.27491964,26,0.07692308,2.46860025,0.02135509,15,0.00000000,0.00000000,0.00000000
h4,6,150,adx25+atr_expand+engulf_bull,176,0.11931818,4.20812402,39,0.02564103,0.82286675,0.00454070,18,0.00000000,0.00000000,0.00000000
h4,6,150,atr_expand+mtf_volatility+adx25,697,0.11908178,4.19978654,112,0.11607143,3.72494145,0.06910034,83,0.00000000,0.00000000,0.00000000
h4,6,150,adx25+atr_expand+mtf_volatility,697,0.11908178,4.19978654,112,0.11607143,3.72494145,0.06910034,83,0.00000000,0.00000000,0.00000000
h4,6,150,sma_stack_bull+adx25+atr_expand+elliott_impulse_bull,168,0.11904762,4.19858179,19,0.05263158,1.68904228,0.00935199,14,0.00000000,0.00000000,0.00000000
h4,6,150,adx25+atr_expand+mtf_volatility+cross_target_relative_up,304,0.11842105,4.17648399,57,0.10526316,3.37808456,0.04914466,35,0.00000000,0.00000000,0.00000000
h4,6,150,sma_stack_bull+atr_expand+elliott_wave3_bull+cross_group_bull,170,0.11764706,4.14918671,31,0.06451613,2.07043892,0.01787478,18,0.00000000,0.00000000,0.00000000
h4,6,150,dmi_adx_bull+atr_expand+horizontal_break_up+mtf_adx_rising,162,0.11728395,4.13638057,27,0.07407407,2.37717061,0.02055465,16,0.00000000,0.00000000,0.00000000
h4,6,150,ichimoku_cloud_bull+adx25+atr_expand+horizontal_break_up,171,0.11695906,4.12492246,26,0.07692308,2.46860025,0.02135509,15,0.00000000,0.00000000,0.00000000
h4,6,150,adx25+atr_expand+horizontal_break_up+mtf_adx_rising,163,0.11656442,4.11100401,27,0.07407407,2.37717061,0.02055465,16,0.00000000,0.00000000,0.00000000
h4,6,150,sma_stack_bull+atr_expand+mtf_volatility+cross_group_return_up,164,0.11585366,4.08593691,23,0.13043478,4.18588738,0.04537659,19,0.05263158,3.85533205,0.00935199
h4,6,150,atr_expand+elliott_impulse_bull+mtf_volatility+cross_group_return_up,121,0.11570248,4.08060511,19,0.10526316,3.37808456,0.02935856,22,0.00000000,0.00000000,0.00000000
h4,6,150,sma_stack_bull+atr_expand+elliott_impulse_bull+cross_group_bull,177,0.11299435,3.98509458,32,0.06250000,2.00573770,0.01731057,21,0.00000000,0.00000000,-0.00000000
h4,6,150,sma_stack_bull+atr_expand+horizontal_break_up+cross_group_bull,170,0.11176471,3.94172737,33,0.06060606,1.94495777,0.01678088,21,0.00000000,0.00000000,-0.00000000
h4,6,150,sma_stack_bull+dmi_adx_bull+horizontal_break_up+mtf_volatility,342,0.11111111,3.91867633,54,0.03703704,1.18858531,0.01021637,42,0.00000000,0.00000000,-0.00000000
h4,6,150,atr_expand+elliott_wave3_bull+mtf_adx_rising+cross_group_bull,234,0.11111111,3.91867633,40,0.07500000,2.40688525,0.02583603,22,0.00000000,0.00000000,0.00000000
h4,6,150,sma_stack_bull+atr_expand+elliott_wave3_bull+cross_group_return_up,207,0.11111111,3.91867633,38,0.07894737,2.53356342,0.02721460,22,0.00000000,0.00000000,0.00000000
h4,6,150,sma_stack_bull+atr_expand+horizontal_break_up+cross_group_return_up,199,0.11055276,3.89898449,37,0.08108108,2.60203810,0.02796057,26,0.00000000,0.00000000,0.00000000
h4,6,150,sma_stack_bull+adx25+horizontal_break_up+mtf_volatility,344,0.11046512,3.89589333,54,0.03703704,1.18858531,0.01021637,42,0.00000000,0.00000000,-0.00000000
h4,6,150,ichimoku_cloud_bull+adx25+atr_expand+mtf_volatility,318,0.11006289,3.88170769,70,0.12857143,4.12608899,0.06914100,53,0.00000000,0.00000000,0.00000000
h4,6,150,sma_stack_bull+dmi_adx_bull+breakout20_up+mtf_volatility,346,0.10982659,3.87337372,57,0.03508772,1.12602819,0.00967566,42,0.00000000,0.00000000,-0.00000000
h4,6,150,sma_stack_bull+dmi_adx_bull+breakout_up20+mtf_volatility,346,0.10982659,3.87337372,57,0.03508772,1.12602819,0.00967566,42,0.00000000,0.00000000,-0.00000000
h4,6,150,sma_stack_bull+adx25+breakout20_up+mtf_volatility,348,0.10919540,3.85111295,57,0.03508772,1.12602819,0.00967566,43,0.00000000,0.00000000,0.00000000
h4,6,150,sma_stack_bull+adx25+breakout_up20+mtf_volatility,348,0.10919540,3.85111295,57,0.03508772,1.12602819,0.00967566,43,0.00000000,0.00000000,0.00000000
h4,6,150,sma_stack_bull+atr_expand+elliott_impulse_bull+cross_group_return_up,213,0.10798122,3.80829108,39,0.07692308,2.46860025,0.02650740,26,0.00000000,0.00000000,0.00000000
h4,6,150,atr_expand+engulf_bull+cross_target_relative_up,139,0.10791367,3.80590867,30,0.10000000,3.20918033,0.03459989,16,0.06250000,4.57820681,0.01111934
h4,6,150,mtf_trend_bull+horizontal_break_up+atr_expand,260,0.10769231,3.79810168,50,0.08000000,2.56734426,0.03154951,30,0.00000000,0.00000000,0.00000000
h4,6,150,adx25+atr_expand+elliott_wave3_bull+mtf_adx25,158,0.10759494,3.79466759,27,0.00000000,0.00000000,0.00000000,15,0.00000000,0.00000000,0.00000000
h4,6,150,sma_stack_bull+dmi_adx_bull+retest_up+mtf_volatility,345,0.10724638,3.78237455,57,0.03508772,1.12602819,0.00967566,41,0.00000000,0.00000000,-0.00000000
h4,6,150,atr_expand+elliott_impulse_bull+mtf_adx_rising+cross_group_bull,243,0.10699588,3.77354017,42,0.07142857,2.29227166,0.02459041,26,0.00000000,0.00000000,0.00000000
h4,6,150,sma_stack_bull+atr_expand+breakout20_up+cross_group_bull,178,0.10674157,3.76457108,36,0.05555556,1.78287796,0.01536999,21,0.00000000,0.00000000,-0.00000000
h4,6,150,sma_stack_bull+atr_expand+breakout_up20+cross_group_bull,178,0.10674157,3.76457108,36,0.05555556,1.78287796,0.01536999,21,0.00000000,0.00000000,-0.00000000
h4,6,150,sma_stack_bull+atr_expand+retest_up+cross_group_bull,178,0.10674157,3.76457108,36,0.05555556,1.78287796,0.01536999,21,0.00000000,0.00000000,-0.00000000
h4,6,150,sma_stack_bull+adx25+retest_up+mtf_volatility,347,0.10662824,3.76057412,57,0.03508772,1.12602819,0.00967566,42,0.00000000,0.00000000,-0.00000000
h4,6,150,sma_stack_bull+atr_expand+mtf_volatility,359,0.10584958,3.73311227,62,0.12903226,4.14087784,0.06685878,49,0.04081633,2.98984934,0.01126563
h4,6,150,dmi_adx_bull+breakout20_up+engulf_bull+elliott_wave3_bull,142,0.10563380,3.72550215,29,0.03448276,1.10661391,0.00611321,13,0.00000000,0.00000000,0.00000000
h4,6,150,dmi_adx_bull+breakout_up20+engulf_bull+elliott_wave3_bull,142,0.10563380,3.72550215,29,0.03448276,1.10661391,0.00611321,13,0.00000000,0.00000000,0.00000000
h4,6,150,sma_stack_bull+atr_expand+breakout20_up+cross_group_return_up,209,0.10526316,3.71243021,41,0.07317073,2.34818073,0.02519783,26,0.00000000,0.00000000,0.00000000
h4,6,150,sma_stack_bull+atr_expand+breakout_up20+cross_group_return_up,209,0.10526316,3.71243021,41,0.07317073,2.34818073,0.02519783,26,0.00000000,0.00000000,0.00000000
h4,6,150,sma_stack_bull+atr_expand+retest_up+cross_group_return_up,209,0.10526316,3.71243021,41,0.07317073,2.34818073,0.02519783,26,0.00000000,0.00000000,0.00000000
h4,6,150,atr_expand+impulse_bull+mtf_volatility,362,0.10497238,3.70217488,63,0.07936508,2.54696851,0.03437585,62,0.00000000,0.00000000,0.00000000
h4,6,150,dmi_adx_bull+atr_expand+breakout20_up+mtf_adx25,143,0.10489510,3.69944968,16,0.00000000,0.00000000,0.00000000,14,0.00000000,0.00000000,0.00000000
h4,6,150,dmi_adx_bull+atr_expand+breakout_up20+mtf_adx25,143,0.10489510,3.69944968,16,0.00000000,0.00000000,0.00000000,14,0.00000000,0.00000000,0.00000000
h4,6,150,dmi_adx_bull+atr_expand+retest_up+mtf_adx25,143,0.10489510,3.69944968,16,0.00000000,0.00000000,0.00000000,13,0.00000000,0.00000000,0.00000000
h4,6,150,adx25+breakout20_up+engulf_bull+elliott_wave3_bull,144,0.10416667,3.67375906,32,0.03125000,1.00286885,0.00553786,15,0.00000000,0.00000000,0.00000000
h4,6,150,adx25+breakout_up20+engulf_bull+elliott_wave3_bull,144,0.10416667,3.67375906,32,0.03125000,1.00286885,0.00553786,15,0.00000000,0.00000000,0.00000000
h4,6,150,dmi_adx_bull+breakout20_up+engulf_bull+elliott_impulse_bull,144,0.10416667,3.67375906,30,0.03333333,1.06972678,0.00590859,13,0.00000000,0.00000000,0.00000000
h4,6,150,dmi_adx_bull+breakout_up20+engulf_bull+elliott_impulse_bull,144,0.10416667,3.67375906,30,0.03333333,1.06972678,0.00590859,13,0.00000000,0.00000000,0.00000000
h4,6,150,sma_stack_bull+atr_expand+horizontal_break_up+mtf_adx_rising,223,0.10313901,3.63751570,43,0.06976744,2.23896302,0.02401159,26,0.00000000,0.00000000,0.00000000
h4,6,150,dmi_adx_bull+atr_expand+horizontal_break_up+cross_group_bull,136,0.10294118,3.63053837,25,0.12000000,3.85101639,0.04166817,21,0.00000000,0.00000000,-0.00000000
h4,6,150,adx25+atr_expand+breakout20_up+mtf_adx25,146,0.10273973,3.62343360,20,0.00000000,0.00000000,0.00000000,14,0.00000000,0.00000000,0.00000000
h4,6,150,adx25+atr_expand+breakout_up20+mtf_adx25,146,0.10273973,3.62343360,20,0.00000000,0.00000000,0.00000000,14,0.00000000,0.00000000,0.00000000
h4,6,150,adx25+atr_expand+retest_up+mtf_adx25,146,0.10273973,3.62343360,20,0.00000000,0.00000000,0.00000000,13,0.00000000,0.00000000,0.00000000
h4,6,150,adx25+breakout20_up+engulf_bull+elliott_impulse_bull,146,0.10273973,3.62343360,33,0.03030303,0.97247889,0.00536941,15,0.00000000,0.00000000,0.00000000
h4,6,150,adx25+breakout_up20+engulf_bull+elliott_impulse_bull,146,0.10273973,3.62343360,33,0.03030303,0.97247889,0.00536941,15,0.00000000,0.00000000,0.00000000
h4,6,150,ichimoku_cloud_bull+superbb_bull+horizontal_break_up+elliott_wave3_bull,127,0.10236220,3.61011914,28,0.07142857,2.29227166,0.01981206,15,0.00000000,0.00000000,0.00000000
h4,6,150,adx25+atr_expand+horizontal_break_up+cross_group_bull,137,0.10218978,3.60403809,25,0.12000000,3.85101639,0.04166817,21,0.00000000,0.00000000,-0.00000000
h4,6,150,atr_expand+elliott_wave3_bull+mtf_adx_rising+cross_group_return_up,284,0.10211268,3.60131874,53,0.07547170,2.42202289,0.02973956,27,0.00000000,0.00000000,0.00000000
h4,6,150,ichimoku_cloud_bull+atr_expand+horizontal_break_up+mtf_adx_rising,206,0.10194175,3.59529042,31,0.03225806,1.03521946,0.00571722,22,0.00000000,0.00000000,0.00000000
h4,6,150,atr_expand+breakout20_up+mtf_adx_rising+cross_group_bull,206,0.10194175,3.59529042,42,0.07142857,2.29227166,0.02459041,26,0.00000000,0.00000000,0.00000000
h4,6,150,atr_expand+breakout_up20+mtf_adx_rising+cross_group_bull,206,0.10194175,3.59529042,42,0.07142857,2.29227166,0.02459041,26,0.00000000,0.00000000,0.00000000
h4,6,150,atr_expand+retest_up+mtf_adx_rising+cross_group_bull,206,0.10194175,3.59529042,41,0.07317073,2.34818073,0.02519783,25,0.00000000,0.00000000,0.00000000
h4,6,150,ichimoku_cloud_bull+atr_expand+mtf_volatility,569,0.10193322,3.59498954,100,0.11000000,3.53009836,0.06254196,93,0.01075269,0.78764848,0.00190064
h4,6,150,sma_stack_bull+atr_expand+horizontal_break_up+elliott_wave3_bull,265,0.10188679,3.59335226,44,0.06818182,2.18807750,0.02345940,31,0.00000000,0.00000000,0.00000000
h4,6,150,sma_stack_bull+volatility+horizontal_break_up+cross_group_bull,354,0.10169492,3.58658512,104,0.04807692,1.54287516,0.02070804,85,0.00000000,0.00000000,0.00000000
h4,6,150,ichimoku_cloud_bull+superbb_bull+horizontal_break_up+elliott_impulse_bull,128,0.10156250,3.58191509,29,0.06896552,2.21322781,0.01912127,17,0.00000000,0.00000000,0.00000000
h4,6,150,atr_expand+mtf_volatility,1172,0.10153584,3.58097470,192,0.11979167,3.84433060,0.08116402,172,0.01744186,1.27763911,0.00594924
h4,6,150,sma_stack_bull+horizontal_break_up+mtf_volatility+cross_group_return_up,365,0.10136986,3.57512115,59,0.03389831,1.08785774,0.00934591,68,0.00000000,0.00000000,0.00000000
h4,6,150,dmi_adx_bull+atr_expand+horizontal_break_up+cross_group_return_up,158,0.10126582,3.57145185,29,0.13793103,4.42645562,0.05497440,24,0.00000000,0.00000000,0.00000000
h4,6,150,atr_expand+horizontal_break_up+elliott_wave3_bull+mtf_adx_rising,239,0.10041841,3.54156522,47,0.08510638,2.73121730,0.03359412,33,0.00000000,0.00000000,0.00000000
h4,6,150,adx25+atr_expand+elliott_impulse_bull+mtf_adx25,170,0.10000000,3.52680870,29,0.00000000,0.00000000,0.00000000,16,0.00000000,0.00000000,0.00000000
h4,6,150,ichimoku_cloud_bull+atr_expand+impulse_bull+mtf_volatility,171,0.09941520,3.50618409,32,0.06250000,2.00573770,0.01731057,27,0.00000000,0.00000000,0.00000000
h4,6,150,adx25+atr_expand+horizontal_break_up+cross_group_return_up,161,0.09937888,3.50490306,29,0.13793103,4.42645562,0.05497440,24,0.00000000,0.00000000,0.00000000
h4,6,150,sma_stack_bull+atr_expand+horizontal_break_up+mtf_adx25,131,0.09923664,3.49988650,17,0.05882353,1.88775313,0.01046040,10,0.00000000,0.00000000,0.00000000
h4,6,150,atr_expand+mtf_volatility+cross_target_relative_up,514,0.09922179,3.49936272,88,0.15909091,5.10551416,0.09719902,70,0.01428571,1.04644727,0.00252625
h4,6,150,ichimoku_cloud_bull+atr_expand+horizontal_break_up+cross_group_return_up,202,0.09900990,3.49188980,43,0.04651163,1.49264201,0.01284926,22,0.00000000,0.00000000,0.00000000
h4,6,150,atr_expand+elliott_impulse_bull+mtf_adx_rising+cross_group_return_up,293,0.09897611,3.49069803,55,0.07272727,2.33394933,0.02864406,32,0.00000000,0.00000000,0.00000000
h4,6,150,sma_stack_bull+atr_expand+breakout20_up+mtf_adx_rising,233,0.09871245,3.48139915,46,0.06521739,2.09294369,0.02242786,26,0.00000000,0.00000000,0.00000000
h4,6,150,sma_stack_bull+atr_expand+breakout_up20+mtf_adx_rising,233,0.09871245,3.48139915,46,0.06521739,2.09294369,0.02242786,26,0.00000000,0.00000000,0.00000000
h4,6,150,sma_stack_bull+atr_expand+retest_up+mtf_adx_rising,233,0.09871245,3.48139915,45,0.06666667,2.13945355,0.02293203,26,0.00000000,0.00000000,0.00000000
h4,6,150,ichimoku_cloud_bull+dmi_adx_bull+atr_expand+breakout20_up,203,0.09852217,3.47468837,30,0.06666667,2.13945355,0.01847702,16,0.00000000,0.00000000,0.00000000
h4,6,150,ichimoku_cloud_bull+dmi_adx_bull+atr_expand+breakout_up20,203,0.09852217,3.47468837,30,0.06666667,2.13945355,0.01847702,16,0.00000000,0.00000000,0.00000000
h4,6,150,ichimoku_cloud_bull+dmi_adx_bull+atr_expand+retest_up,203,0.09852217,3.47468837,28,0.07142857,2.29227166,0.01981206,16,0.00000000,0.00000000,0.00000000
h4,6,150,dmi_adx_bull+atr_expand+horizontal_break_up+elliott_wave3_bull,214,0.09813084,3.46088704,37,0.10810811,3.46938414,0.04285190,26,0.00000000,0.00000000,0.00000000
h4,6,150,sma_stack_bull+dmi_adx_bull+elliott_impulse_bull+mtf_volatility,357,0.09803922,3.45765559,58,0.03448276,1.10661391,0.00950793,44,0.00000000,0.00000000,0.00000000
h4,6,150,sma_stack_bull+dmi_adx_bull+atr_expand+mtf_volatility,143,0.09790210,3.45281971,25,0.00000000,0.00000000,0.00000000,11,0.00000000,0.00000000,0.00000000
h4,6,150,sma_stack_bull+atr_expand+horizontal_break_up+elliott_impulse_bull,276,0.09782609,3.45013895,45,0.06666667,2.13945355,0.02293203,34,0.00000000,0.00000000,0.00000000
h4,6,150,ichimoku_cloud_bull+atr_expand+mtf_volatility+cross_target_relative_up,256,0.09765625,3.44414912,48,0.08333333,2.67431694,0.03288376,33,0.03030303,2.21973663,0.00536941
h4,6,150,atr_expand+breakout20_up+mtf_adx_rising+cross_group_return_up,246,0.09756098,3.44078898,50,0.08000000,2.56734426,0.03154951,32,0.00000000,0.00000000,0.00000000
h4,6,150,atr_expand+breakout_up20+mtf_adx_rising+cross_group_return_up,246,0.09756098,3.44078898,50,0.08000000,2.56734426,0.03154951,32,0.00000000,0.00000000,0.00000000
h4,6,150,atr_expand+retest_up+mtf_adx_rising+cross_group_return_up,246,0.09756098,3.44078898,49,0.08163265,2.61973904,0.03220282,31,0.00000000,0.00000000,0.00000000
h4,6,150,ichimoku_cloud_bull+superbb_bull+impulse_bull+cross_group_return_up,123,0.09756098,3.44078898,31,0.06451613,2.07043892,0.01787478,17,0.00000000,0.00000000,0.00000000
h4,6,150,sma_stack_bull+atr_expand+elliott_wave3_bull+mtf_adx_rising,226,0.09734513,3.43317661,38,0.07894737,2.53356342,0.02721460,23,0.00000000,0.00000000,0.00000000
h4,6,150,sma_stack_bull+adx25+elliott_impulse_bull+mtf_volatility,361,0.09695291,3.41934361,58,0.03448276,1.10661391,0.00950793,47,0.00000000,0.00000000,-0.00000000
h4,6,150,sma_stack_bull+atr_expand+breakout20_up+elliott_wave3_bull,279,0.09677419,3.41304068,48,0.06250000,2.00573770,0.02148323,32,0.00000000,0.00000000,0.00000000
h4,6,150,sma_stack_bull+atr_expand+breakout_up20+elliott_wave3_bull,279,0.09677419,3.41304068,48,0.06250000,2.00573770,0.02148323,32,0.00000000,0.00000000,0.00000000
h4,6,150,sma_stack_bull+atr_expand+retest_up+elliott_wave3_bull,279,0.09677419,3.41304068,48,0.06250000,2.00573770,0.02148323,32,0.00000000,0.00000000,0.00000000
h4,6,150,atr_expand+horizontal_break_up+elliott_impulse_bull+mtf_adx_rising,248,0.09677419,3.41304068,47,0.08510638,2.73121730,0.03359412,36,0.00000000,0.00000000,0.00000000
h4,6,150,price20_bull+atr_expand+engulf_bull+mtf_adx_rising,124,0.09677419,3.41304068,24,0.08333333,2.67431694,0.02315882,10,0.00000000,0.00000000,0.00000000
h4,6,150,adx25+atr_expand+horizontal_break_up+elliott_wave3_bull,218,0.09633028,3.39738453,37,0.10810811,3.46938414,0.04285190,26,0.00000000,0.00000000,0.00000000
h4,6,150,ichimoku_cloud_bull+superbb_bull+cross_group_return_up,125,0.09600000,3.38573635,33,0.06060606,1.94495777,0.01678088,17,0.00000000,0.00000000,0.00000000
h4,6,150,dmi_adx_bull+atr_expand+elliott_wave3_bull+mtf_adx25,146,0.09589041,3.38187136,23,0.00000000,0.00000000,0.00000000,14,0.00000000,0.00000000,0.00000000
h4,6,200,sma_stack_bull+dmi_adx_bull+atr_expand+horizontal_break_up,161,0.10559006,9.19964994,22,0.00000000,0.00000000,0.00000000,12,0.00000000,0.00000000,0.00000000
h4,6,200,sma_stack_bull+dmi_adx_bull+atr_expand+breakout20_up,164,0.10365854,9.03136366,23,0.00000000,0.00000000,0.00000000,12,0.00000000,0.00000000,0.00000000
h4,6,200,sma_stack_bull+dmi_adx_bull+atr_expand+breakout_up20,164,0.10365854,9.03136366,23,0.00000000,0.00000000,0.00000000,12,0.00000000,0.00000000,0.00000000
h4,6,200,sma_stack_bull+dmi_adx_bull+atr_expand+retest_up,164,0.10365854,9.03136366,23,0.00000000,0.00000000,0.00000000,12,0.00000000,0.00000000,0.00000000
h4,6,200,ichimoku_cloud_bull+dmi_adx_bull+atr_expand+horizontal_break_up,165,0.10303030,8.97662812,26,0.00000000,0.00000000,0.00000000,15,0.00000000,0.00000000,0.00000000
h4,6,200,sma_stack_bull+dmi_adx_bull+atr_expand+elliott_wave3_bull,157,0.10191083,8.87909264,19,0.00000000,0.00000000,0.00000000,10,0.00000000,0.00000000,0.00000000
h4,6,200,sma_stack_bull+adx25+atr_expand+horizontal_break_up,167,0.10179641,8.86912359,22,0.00000000,0.00000000,0.00000000,12,0.00000000,0.00000000,0.00000000
h4,6,200,sma_stack_bull+adx25+atr_expand+breakout20_up,170,0.10000000,8.71260965,23,0.00000000,0.00000000,0.00000000,13,0.00000000,0.00000000,0.00000000
h4,6,200,sma_stack_bull+adx25+atr_expand+breakout_up20,170,0.10000000,8.71260965,23,0.00000000,0.00000000,0.00000000,13,0.00000000,0.00000000,0.00000000
h4,6,200,sma_stack_bull+adx25+atr_expand+retest_up,170,0.10000000,8.71260965,23,0.00000000,0.00000000,0.00000000,13,0.00000000,0.00000000,0.00000000
h4,6,200,ichimoku_cloud_bull+adx25+atr_expand+horizontal_break_up,171,0.09941520,8.66165872,26,0.00000000,0.00000000,0.00000000,15,0.00000000,0.00000000,0.00000000
h4,6,200,sma_stack_bull+adx25+atr_expand+elliott_wave3_bull,162,0.09876543,8.60504657,19,0.00000000,0.00000000,0.00000000,12,0.00000000,0.00000000,0.00000000
h4,6,200,adx25+atr_expand+impulse_bull+mtf_volatility,224,0.09821429,8.55702733,38,0.00000000,0.00000000,0.00000000,24,0.00000000,0.00000000,0.00000000
h4,6,200,sma_stack_bull+dmi_adx_bull+atr_expand+elliott_impulse_bull,163,0.09815951,8.55225487,19,0.00000000,0.00000000,0.00000000,12,0.00000000,0.00000000,0.00000000
h4,6,200,sma_stack_bull+adx25+atr_expand+elliott_impulse_bull,168,0.09523810,8.29772348,19,0.00000000,0.00000000,0.00000000,14,0.00000000,0.00000000,0.00000000
h4,6,200,dmi_adx_bull+atr_expand+horizontal_break_up+mtf_adx_rising,162,0.09259259,8.06723116,27,0.00000000,0.00000000,0.00000000,16,0.00000000,0.00000000,0.00000000
h4,6,200,adx25+atr_expand+horizontal_break_up+mtf_adx_rising,163,0.09202454,8.01773894,27,0.00000000,0.00000000,0.00000000,16,0.00000000,0.00000000,0.00000000
h4,6,200,atr_expand+horizontal_break_up+mtf_adx_rising+cross_group_bull,153,0.09150327,7.97232255,34,0.02941176,2.29388329,0.00521091,25,0.00000000,0.00000000,0.00000000
h4,6,200,atr_expand+engulf_bull+mtf_adx_rising,188,0.09042553,7.87842362,36,0.05555556,4.33289066,0.01536999,17,0.00000000,0.00000000,0.00000000
h4,6,200,atr_expand+horizontal_break_up+mtf_adx_rising+cross_group_return_up,178,0.08988764,7.83155924,40,0.02500000,1.94980080,0.00442683,29,0.00000000,0.00000000,0.00000000
h4,6,200,atr_expand+engulf_bull+mtf_adx25,134,0.08955224,7.80233700,17,0.00000000,0.00000000,0.00000000,13,0.00000000,0.00000000,0.00000000
h4,6,200,sma_stack_bull+atr_expand+elliott_wave3_bull+cross_group_bull,170,0.08823529,7.68759675,31,0.03225806,2.51587200,0.00571722,18,0.00000000,0.00000000,0.00000000
h4,6,200,dmi_adx_bull+atr_expand+horizontal_break_up+cross_group_bull,136,0.08823529,7.68759675,25,0.00000000,0.00000000,0.00000000,21,0.00000000,0.00000000,-0.00000000
h4,6,200,adx25+atr_expand+horizontal_break_up+cross_group_bull,137,0.08759124,7.63148290,25,0.00000000,0.00000000,0.00000000,21,0.00000000,0.00000000,-0.00000000
h4,6,200,adx25+atr_expand+engulf_bull,176,0.08522727,7.42551959,39,0.00000000,0.00000000,-0.00000000,18,0.00000000,0.00000000,0.00000000
h4,6,200,sma_stack_bull+atr_expand+elliott_impulse_bull+cross_group_bull,177,0.08474576,7.38356750,32,0.03125000,2.43725100,0.00553786,21,0.00000000,0.00000000,-0.00000000
h4,6,200,mtf_trend_bull+horizontal_break_up+atr_expand,260,0.08461538,7.37220816,50,0.02000000,1.55984064,0.00353926,30,0.00000000,0.00000000,0.00000000
h4,6,200,sma_stack_bull+atr_expand+horizontal_break_up+mtf_adx25,131,0.08396947,7.31593177,17,0.00000000,0.00000000,0.00000000,10,0.00000000,0.00000000,0.00000000
h4,6,200,ichimoku_cloud_bull+dmi_adx_bull+atr_expand+breakout20_up,203,0.08374384,7.29627409,30,0.00000000,0.00000000,0.00000000,16,0.00000000,0.00000000,0.00000000
h4,6,200,ichimoku_cloud_bull+dmi_adx_bull+atr_expand+breakout_up20,203,0.08374384,7.29627409,30,0.00000000,0.00000000,0.00000000,16,0.00000000,0.00000000,0.00000000
h4,6,200,ichimoku_cloud_bull+dmi_adx_bull+atr_expand+retest_up,203,0.08374384,7.29627409,28,0.00000000,0.00000000,0.00000000,16,0.00000000,0.00000000,0.00000000
h4,6,200,ichimoku_cloud_bull+atr_expand+horizontal_break_up+mtf_adx_rising,206,0.08252427,7.19001767,31,0.00000000,0.00000000,0.00000000,22,0.00000000,0.00000000,0.00000000
h4,6,200,sma_stack_bull+atr_expand+horizontal_break_up+cross_group_bull,170,0.08235294,7.17509030,33,0.03030303,2.36339491,0.00536941,21,0.00000000,0.00000000,-0.00000000
h4,6,200,dmi_adx_bull+atr_expand+horizontal_break_up+cross_group_return_up,158,0.08227848,7.16860288,29,0.00000000,0.00000000,0.00000000,24,0.00000000,0.00000000,0.00000000
h4,6,200,adx25+atr_expand+mtf_volatility+cross_target_relative_up,304,0.08223684,7.16497504,57,0.03508772,2.73656252,0.00967566,35,0.00000000,0.00000000,0.00000000
h4,6,200,sma_stack_bull+atr_expand+elliott_wave3_bull+cross_group_return_up,207,0.08212560,7.15528329,38,0.02631579,2.05242189,0.00466059,22,0.00000000,0.00000000,0.00000000
h4,6,200,ichimoku_cloud_bull+adx25+atr_expand+breakout20_up,209,0.08133971,7.08681168,30,0.00000000,0.00000000,0.00000000,16,0.00000000,0.00000000,0.00000000
h4,6,200,ichimoku_cloud_bull+adx25+atr_expand+breakout_up20,209,0.08133971,7.08681168,30,0.00000000,0.00000000,0.00000000,16,0.00000000,0.00000000,0.00000000
h4,6,200,ichimoku_cloud_bull+adx25+atr_expand+retest_up,209,0.08133971,7.08681168,28,0.00000000,0.00000000,0.00000000,16,0.00000000,0.00000000,0.00000000
h4,6,200,adx25+atr_expand+horizontal_break_up+cross_group_return_up,161,0.08074534,7.03502642,29,0.00000000,0.00000000,0.00000000,24,0.00000000,0.00000000,0.00000000
h4,6,200,ichimoku_cloud_bull+atr_expand+horizontal_break_up+mtf_adx25,149,0.08053691,7.01686683,19,0.00000000,0.00000000,0.00000000,11,0.00000000,0.00000000,0.00000000
h4,6,200,sma_stack_bull+atr_expand+horizontal_break_up+cross_group_return_up,199,0.08040201,7.00511329,37,0.02702703,2.10789275,0.00478697,26,0.00000000,0.00000000,0.00000000
h4,6,200,sma_stack_bull+atr_expand+elliott_impulse_bull+cross_group_return_up,213,0.07981221,6.95372601,39,0.02564103,1.99979569,0.00454070,26,0.00000000,0.00000000,0.00000000
h4,6,200,dmi_adx_bull+atr_expand+horizontal_break_up+elliott_wave3_bull,214,0.07943925,6.92123196,37,0.00000000,0.00000000,-0.00000000,26,0.00000000,0.00000000,0.00000000
h4,6,200,sma_stack_bull+atr_expand+breakout20_up+cross_group_bull,178,0.07865169,6.85261433,36,0.02777778,2.16644533,0.00492041,21,0.00000000,0.00000000,-0.00000000
h4,6,200,sma_stack_bull+atr_expand+breakout_up20+cross_group_bull,178,0.07865169,6.85261433,36,0.02777778,2.16644533,0.00492041,21,0.00000000,0.00000000,-0.00000000
h4,6,200,sma_stack_bull+atr_expand+retest_up+cross_group_bull,178,0.07865169,6.85261433,36,0.02777778,2.16644533,0.00492041,21,0.00000000,0.00000000,-0.00000000
h4,6,200,sma_stack_bull+atr_expand+breakout20_up+mtf_adx25,140,0.07857143,6.84562187,19,0.00000000,0.00000000,0.00000000,10,0.00000000,0.00000000,0.00000000
h4,6,200,sma_stack_bull+atr_expand+breakout_up20+mtf_adx25,140,0.07857143,6.84562187,19,0.00000000,0.00000000,0.00000000,10,0.00000000,0.00000000,0.00000000
h4,6,200,sma_stack_bull+atr_expand+retest_up+mtf_adx25,140,0.07857143,6.84562187,19,0.00000000,0.00000000,0.00000000,10,0.00000000,0.00000000,0.00000000
h4,6,200,sma_stack_bull+adx25+atr_expand+mtf_volatility,204,0.07843137,6.83341933,37,0.05405405,4.21578551,0.01495098,15,0.00000000,0.00000000,0.00000000
h4,6,200,ichimoku_cloud_bull+dmi_adx_bull+atr_expand+elliott_wave3_bull,205,0.07804878,6.80008558,29,0.00000000,0.00000000,0.00000000,12,0.00000000,0.00000000,0.00000000
h4,6,200,adx25+atr_expand+horizontal_break_up+elliott_wave3_bull,218,0.07798165,6.79423688,37,0.00000000,0.00000000,-0.00000000,26,0.00000000,0.00000000,0.00000000
h4,6,200,ichimoku_cloud_bull+atr_expand+horizontal_break_up+cross_group_bull,167,0.07784431,6.78227098,40,0.00000000,0.00000000,0.00000000,18,0.00000000,0.00000000,0.00000000
h4,6,200,atr_expand+mtf_volatility+adx25,697,0.07747489,6.75008495,112,0.04464286,3.48178714,0.01921726,83,0.00000000,0.00000000,0.00000000
h4,6,200,adx25+atr_expand+mtf_volatility,697,0.07747489,6.75008495,112,0.04464286,3.48178714,0.01921726,83,0.00000000,0.00000000,0.00000000
h4,6,200,sma_stack_bull+dmi_adx_bull+atr_expand+mtf_volatility,143,0.07692308,6.70200742,25,0.00000000,0.00000000,0.00000000,11,0.00000000,0.00000000,0.00000000
h4,6,200,sma_stack_bull+atr_expand+breakout20_up+cross_group_return_up,209,0.07655502,6.66994040,41,0.02439024,1.90224468,0.00431853,26,0.00000000,0.00000000,0.00000000
h4,6,200,sma_stack_bull+atr_expand+breakout_up20+cross_group_return_up,209,0.07655502,6.66994040,41,0.02439024,1.90224468,0.00431853,26,0.00000000,0.00000000,0.00000000
h4,6,200,sma_stack_bull+atr_expand+retest_up+cross_group_return_up,209,0.07655502,6.66994040,41,0.02439024,1.90224468,0.00431853,26,0.00000000,0.00000000,0.00000000
h4,6,200,sma_stack_bull+atr_expand+horizontal_break_up+mtf_adx_rising,223,0.07623318,6.64189973,43,0.02325581,1.81376818,0.00411709,26,0.00000000,0.00000000,0.00000000
h4,6,200,dmi_adx_bull+atr_expand+horizontal_break_up+elliott_impulse_bull,223,0.07623318,6.64189973,37,0.00000000,0.00000000,-0.00000000,27,0.00000000,0.00000000,0.00000000
h4,6,200,ichimoku_cloud_bull+atr_expand+impulse_bull+mtf_volatility,171,0.07602339,6.62362137,32,0.00000000,0.00000000,0.00000000,27,0.00000000,0.00000000,0.00000000
h4,6,200,atr_expand+horizontal_break_up+elliott_wave3_bull+mtf_adx25,171,0.07602339,6.62362137,24,0.00000000,0.00000000,0.00000000,21,0.00000000,0.00000000,-0.00000000
h4,6,200,adx25+atr_expand+elliott_wave3_bull+mtf_adx25,158,0.07594937,6.61717189,27,0.00000000,0.00000000,0.00000000,15,0.00000000,0.00000000,0.00000000
h4,6,200,dmi_adx_bull+atr_expand+horizontal_break_up+impulse_bull,212,0.07547170,6.57555445,37,0.00000000,0.00000000,-0.00000000,24,0.00000000,0.00000000,0.00000000
h4,6,200,atr_expand+impulse_bull+mtf_volatility+cross_target_relative_up,159,0.07547170,6.57555445,29,0.06896552,5.37876082,0.01912127,24,0.00000000,0.00000000,0.00000000
h4,6,200,adx25+atr_expand+horizontal_break_up+elliott_impulse_bull,227,0.07488987,6.52486185,37,0.00000000,0.00000000,-0.00000000,27,0.00000000,0.00000000,0.00000000
h4,6,200,dmi_adx_bull+atr_expand+horizontal_break_up,241,0.07468880,6.50734331,42,0.00000000,0.00000000,-0.00000000,30,0.00000000,0.00000000,0.00000000
h4,6,200,price20_bull+dmi_adx_bull+atr_expand+horizontal_break_up,241,0.07468880,6.50734331,42,0.00000000,0.00000000,-0.00000000,30,0.00000000,0.00000000,0.00000000
h4,6,200,dmi_adx_bull+atr_expand+horizontal_break_up+retest_up,241,0.07468880,6.50734331,40,0.00000000,0.00000000,0.00000000,29,0.00000000,0.00000000,0.00000000
h4,6,200,atr_expand+impulse_bull+mtf_volatility,362,0.07458564,6.49835526,63,0.03174603,2.47593752,0.00874953,62,0.00000000,0.00000000,0.00000000
h4,6,200,ichimoku_cloud_bull+adx25+atr_expand+elliott_wave3_bull,215,0.07441860,6.48380253,36,0.00000000,0.00000000,0.00000000,14,0.00000000,0.00000000,0.00000000
h4,6,200,ichimoku_cloud_bull+atr_expand+horizontal_break_up+cross_group_return_up,202,0.07425743,6.46975964,43,0.00000000,0.00000000,0.00000000,22,0.00000000,0.00000000,0.00000000
h4,6,200,ichimoku_cloud_bull+dmi_adx_bull+atr_expand+elliott_impulse_bull,216,0.07407407,6.45378493,30,0.00000000,0.00000000,0.00000000,16,0.00000000,0.00000000,0.00000000
h4,6,200,adx25+atr_expand+horizontal_break_up+impulse_bull,216,0.07407407,6.45378493,37,0.00000000,0.00000000,-0.00000000,24,0.00000000,0.00000000,0.00000000
h4,6,200,atr_expand+horizontal_break_up+mtf_adx25+cross_target_relative_up,135,0.07407407,6.45378493,16,0.00000000,0.00000000,0.00000000,15,0.00000000,0.00000000,0.00000000
h4,6,200,sma_stack_bull+atr_expand+elliott_wave3_bull+mtf_adx25,136,0.07352941,6.40633062,16,0.00000000,0.00000000,0.00000000,10,0.00000000,0.00000000,0.00000000
h4,6,200,sma_stack_bull+atr_expand+breakout20_up+mtf_adx_rising,233,0.07296137,6.35683966,46,0.02173913,1.69547895,0.00384785,26,0.00000000,0.00000000,0.00000000
h4,6,200,sma_stack_bull+atr_expand+breakout_up20+mtf_adx_rising,233,0.07296137,6.35683966,46,0.02173913,1.69547895,0.00384785,26,0.00000000,0.00000000,0.00000000
h4,6,200,sma_stack_bull+atr_expand+retest_up+mtf_adx_rising,233,0.07296137,6.35683966,45,0.02222222,1.73315626,0.00393360,26,0.00000000,0.00000000,0.00000000
h4,6,200,adx25+atr_expand+horizontal_break_up,247,0.07287449,6.34927019,42,0.00000000,0.00000000,-0.00000000,30,0.00000000,0.00000000,0.00000000
h4,6,200,price20_bull+adx25+atr_expand+horizontal_break_up,247,0.07287449,6.34927019,42,0.00000000,0.00000000,-0.00000000,30,0.00000000,0.00000000,0.00000000
h4,6,200,adx25+atr_expand+horizontal_break_up+retest_up,247,0.07287449,6.34927019,40,0.00000000,0.00000000,0.00000000,29,0.00000000,0.00000000,0.00000000
h4,6,200,atr_expand+elliott_wave3_bull+mtf_adx_rising+cross_group_bull,234,0.07264957,6.32967368,40,0.02500000,1.94980080,0.00442683,22,0.00000000,0.00000000,0.00000000
h4,6,200,atr_expand+horizontal_break_up+elliott_impulse_bull+mtf_adx25,180,0.07222222,6.29244030,25,0.00000000,0.00000000,0.00000000,21,0.00000000,0.00000000,-0.00000000
h4,6,200,adx25+atr_expand+elliott_wave3_bull+cross_group_bull,209,0.07177033,6.25306913,40,0.00000000,0.00000000,0.00000000,23,0.00000000,0.00000000,0.00000000
h4,6,200,sma_stack_bull+atr_expand+horizontal_break_up+elliott_wave3_bull,265,0.07169811,6.24677673,44,0.02272727,1.77254618,0.00402325,31,0.00000000,0.00000000,0.00000000
h4,6,200,atr_expand+horizontal_break_up+elliott_wave3_bull+mtf_adx_rising,239,0.07112971,6.19725373,47,0.02127660,1.65940493,0.00376577,33,0.00000000,0.00000000,0.00000000
h4,6,200,sma_stack_bull+atr_expand+elliott_impulse_bull+mtf_adx25,141,0.07092199,6.17915578,16,0.00000000,0.00000000,0.00000000,10,0.00000000,0.00000000,0.00000000
h4,6,200,sma_stack_bull+atr_expand+elliott_wave3_bull+mtf_adx_rising,226,0.07079646,6.16821922,38,0.02631579,2.05242189,0.00466059,23,0.00000000,0.00000000,0.00000000
h4,6,200,ichimoku_cloud_bull+atr_expand+breakout20_up+mtf_adx25,170,0.07058824,6.15007740,24,0.00000000,0.00000000,0.00000000,14,0.00000000,0.00000000,0.00000000
h4,6,200,ichimoku_cloud_bull+atr_expand+breakout_up20+mtf_adx25,170,0.07058824,6.15007740,24,0.00000000,0.00000000,0.00000000,14,0.00000000,0.00000000,0.00000000
h4,6,200,ichimoku_cloud_bull+atr_expand+retest_up+mtf_adx25,170,0.07058824,6.15007740,24,0.00000000,0.00000000,0.00000000,14,0.00000000,0.00000000,0.00000000
h4,6,200,adx25+atr_expand+elliott_impulse_bull+mtf_adx25,170,0.07058824,6.15007740,29,0.00000000,0.00000000,0.00000000,16,0.00000000,0.00000000,0.00000000
h4,6,200,ichimoku_cloud_bull+adx25+atr_expand+elliott_impulse_bull,228,0.07017544,6.11411203,37,0.00000000,0.00000000,-0.00000000,18,0.00000000,0.00000000,0.00000000
h4,6,200,ichimoku_cloud_bull+atr_expand+breakout20_up+mtf_adx_rising,243,0.06995885,6.09524132,34,0.00000000,0.00000000,0.00000000,22,0.00000000,0.00000000,0.00000000
h4,6,200,ichimoku_cloud_bull+atr_expand+breakout_up20+mtf_adx_rising,243,0.06995885,6.09524132,34,0.00000000,0.00000000,0.00000000,22,0.00000000,0.00000000,0.00000000
h4,6,200,ichimoku_cloud_bull+atr_expand+retest_up+mtf_adx_rising,243,0.06995885,6.09524132,33,0.00000000,0.00000000,0.00000000,22,0.00000000,0.00000000,0.00000000
h4,6,200,atr_expand+elliott_impulse_bull+mtf_adx_rising+cross_group_bull,243,0.06995885,6.09524132,42,0.02380952,1.85695314,0.00421540,26,0.00000000,0.00000000,0.00000000
h4,6,200,dmi_adx_bull+atr_expand+breakout20_up+mtf_adx25,143,0.06993007,6.09273402,16,0.00000000,0.00000000,0.00000000,14,0.00000000,0.00000000,0.00000000
h4,6,200,dmi_adx_bull+atr_expand+breakout_up20+mtf_adx25,143,0.06993007,6.09273402,16,0.00000000,0.00000000,0.00000000,14,0.00000000,0.00000000,0.00000000
h4,6,200,dmi_adx_bull+atr_expand+retest_up+mtf_adx25,143,0.06993007,6.09273402,16,0.00000000,0.00000000,0.00000000,13,0.00000000,0.00000000,0.00000000
h4,6,200,atr_expand+horizontal_break_up+impulse_bull+mtf_adx_rising,229,0.06986900,6.08741286,51,0.01960784,1.52925553,0.00346969,32,0.00000000,0.00000000,0.00000000
h4,6,200,mtf_trend_bull+range_compression+breakout20_up+atr_expand,201,0.06965174,6.06848433,33,0.00000000,0.00000000,0.00000000,24,0.00000000,0.00000000,0.00000000
h4,6,200,ichimoku_cloud_bull+atr_expand+horizontal_break_up+elliott_wave3_bull,273,0.06959707,6.06372100,47,0.00000000,0.00000000,-0.00000000,27,0.00000000,0.00000000,0.00000000
h4,6,200,atr_expand+horizontal_break_up+mtf_adx25,203,0.06896552,6.00869631,28,0.00000000,0.00000000,0.00000000,22,0.00000000,0.00000000,0.00000000
h4,6,200,price20_bull+atr_expand+horizontal_break_up+mtf_adx25,203,0.06896552,6.00869631,28,0.00000000,0.00000000,0.00000000,22,0.00000000,0.00000000,0.00000000
h4,6,200,atr_expand+horizontal_break_up+retest_up+mtf_adx25,203,0.06896552,6.00869631,28,0.00000000,0.00000000,0.00000000,21,0.00000000,0.00000000,-0.00000000
h4,6,200,sma_stack_bull+atr_expand+horizontal_break_up+elliott_impulse_bull,276,0.06884058,5.99781099,45,0.02222222,1.73315626,0.00393360,34,0.00000000,0.00000000,0.00000000
h4,6,200,adx25+atr_expand+elliott_impulse_bull+cross_group_bull,218,0.06880734,5.99491490,42,0.00000000,0.00000000,-0.00000000,26,0.00000000,0.00000000,0.00000000
h4,6,200,atr_expand+horizontal_break_up+elliott_impulse_bull+mtf_adx_rising,248,0.06854839,5.97235339,47,0.02127660,1.65940493,0.00376577,36,0.00000000,0.00000000,0.00000000
h4,6,200,adx25+atr_expand+breakout20_up+mtf_adx25,146,0.06849315,5.96754086,20,0.00000000,0.00000000,0.00000000,14,0.00000000,0.00000000,0.00000000
h4,6,200,adx25+atr_expand+breakout_up20+mtf_adx25,146,0.06849315,5.96754086,20,0.00000000,0.00000000,0.00000000,14,0.00000000,0.00000000,0.00000000
h4,6,200,adx25+atr_expand+retest_up+mtf_adx25,146,0.06849315,5.96754086,20,0.00000000,0.00000000,0.00000000,13,0.00000000,0.00000000,0.00000000
h4,6,200,sma_stack_bull+atr_expand+breakout20_up+elliott_wave3_bull,279,0.06810036,5.93331840,48,0.02083333,1.62483400,0.00368711,32,0.00000000,0.00000000,0.00000000
h4,6,200,sma_stack_bull+atr_expand+breakout_up20+elliott_wave3_bull,279,0.06810036,5.93331840,48,0.02083333,1.62483400,0.00368711,32,0.00000000,0.00000000,0.00000000
h4,6,200,sma_stack_bull+atr_expand+retest_up+elliott_wave3_bull,279,0.06810036,5.93331840,48,0.02083333,1.62483400,0.00368711,32,0.00000000,0.00000000,0.00000000
h4,6,200,atr_expand+mtf_volatility+cross_target_relative_up,514,0.06809339,5.93271085,88,0.09090909,7.09018472,0.04678642,70,0.00000000,0.00000000,0.00000000
h4,6,200,sma_stack_bull+atr_expand+elliott_impulse_bull+mtf_adx_rising,235,0.06808511,5.93198955,39,0.02564103,1.99979569,0.00454070,27,0.00000000,0.00000000,0.00000000
h4,6,300,sma_stack_bull+dmi_adx_bull+atr_expand+elliott_wave3_bull,157,0.05732484,24.48911033,19,0.00000000,0.00000000,0.00000000,10,0.00000000,0.00000000,0.00000000
h4,6,300,sma_stack_bull+dmi_adx_bull+atr_expand+horizontal_break_up,161,0.05590062,23.88068523,22,0.00000000,0.00000000,0.00000000,12,0.00000000,0.00000000,0.00000000
h4,6,300,sma_stack_bull+adx25+atr_expand+elliott_wave3_bull,162,0.05555556,23.73327360,19,0.00000000,0.00000000,0.00000000,12,0.00000000,0.00000000,0.00000000
h4,6,300,sma_stack_bull+dmi_adx_bull+atr_expand+elliott_impulse_bull,163,0.05521472,23.58767069,19,0.00000000,0.00000000,0.00000000,12,0.00000000,0.00000000,0.00000000
h4,6,300,sma_stack_bull+dmi_adx_bull+atr_expand+breakout20_up,164,0.05487805,23.44384343,23,0.00000000,0.00000000,0.00000000,12,0.00000000,0.00000000,0.00000000
h4,6,300,sma_stack_bull+dmi_adx_bull+atr_expand+breakout_up20,164,0.05487805,23.44384343,23,0.00000000,0.00000000,0.00000000,12,0.00000000,0.00000000,0.00000000
h4,6,300,sma_stack_bull+dmi_adx_bull+atr_expand+retest_up,164,0.05487805,23.44384343,23,0.00000000,0.00000000,0.00000000,12,0.00000000,0.00000000,0.00000000
h4,6,300,ichimoku_cloud_bull+dmi_adx_bull+atr_expand+horizontal_break_up,165,0.05454545,23.30175953,26,0.00000000,0.00000000,0.00000000,15,0.00000000,0.00000000,0.00000000
h4,6,300,sma_stack_bull+adx25+atr_expand+horizontal_break_up,167,0.05389222,23.02269654,22,0.00000000,0.00000000,0.00000000,12,0.00000000,0.00000000,0.00000000
h4,6,300,sma_stack_bull+adx25+atr_expand+elliott_impulse_bull,168,0.05357143,22.88565668,19,0.00000000,0.00000000,0.00000000,14,0.00000000,0.00000000,0.00000000
h4,6,300,sma_stack_bull+adx25+atr_expand+breakout20_up,170,0.05294118,22.61641366,23,0.00000000,0.00000000,0.00000000,13,0.00000000,0.00000000,0.00000000
h4,6,300,sma_stack_bull+adx25+atr_expand+breakout_up20,170,0.05294118,22.61641366,23,0.00000000,0.00000000,0.00000000,13,0.00000000,0.00000000,0.00000000
h4,6,300,sma_stack_bull+adx25+atr_expand+retest_up,170,0.05294118,22.61641366,23,0.00000000,0.00000000,0.00000000,13,0.00000000,0.00000000,0.00000000
h4,6,300,ichimoku_cloud_bull+adx25+atr_expand+horizontal_break_up,171,0.05263158,22.48415393,26,0.00000000,0.00000000,0.00000000,15,0.00000000,0.00000000,0.00000000
h4,6,300,ichimoku_cloud_bull+dmi_adx_bull+atr_expand+breakout20_up,203,0.04433498,18.93985381,30,0.00000000,0.00000000,0.00000000,16,0.00000000,0.00000000,0.00000000
h4,6,300,ichimoku_cloud_bull+dmi_adx_bull+atr_expand+breakout_up20,203,0.04433498,18.93985381,30,0.00000000,0.00000000,0.00000000,16,0.00000000,0.00000000,0.00000000
h4,6,300,ichimoku_cloud_bull+dmi_adx_bull+atr_expand+retest_up,203,0.04433498,18.93985381,28,0.00000000,0.00000000,0.00000000,16,0.00000000,0.00000000,0.00000000
h4,6,300,dmi_adx_bull+atr_expand+horizontal_break_up+cross_group_bull,136,0.04411765,18.84701139,25,0.00000000,0.00000000,0.00000000,21,0.00000000,0.00000000,-0.00000000
h4,6,300,ichimoku_cloud_bull+dmi_adx_bull+atr_expand+elliott_wave3_bull,205,0.04390244,18.75507474,29,0.00000000,0.00000000,0.00000000,12,0.00000000,0.00000000,0.00000000
h4,6,300,ichimoku_cloud_bull+atr_expand+mtf_volatility+cross_group_bull,205,0.04390244,18.75507474,37,0.00000000,0.00000000,-0.00000000,30,0.00000000,0.00000000,0.00000000
h4,6,300,adx25+atr_expand+horizontal_break_up+cross_group_bull,137,0.04379562,18.70944196,25,0.00000000,0.00000000,0.00000000,21,0.00000000,0.00000000,-0.00000000
h4,6,300,ichimoku_cloud_bull+adx25+atr_expand+breakout20_up,209,0.04306220,18.39612595,30,0.00000000,0.00000000,0.00000000,16,0.00000000,0.00000000,0.00000000
h4,6,300,ichimoku_cloud_bull+adx25+atr_expand+breakout_up20,209,0.04306220,18.39612595,30,0.00000000,0.00000000,0.00000000,16,0.00000000,0.00000000,0.00000000
h4,6,300,ichimoku_cloud_bull+adx25+atr_expand+retest_up,209,0.04306220,18.39612595,28,0.00000000,0.00000000,0.00000000,16,0.00000000,0.00000000,0.00000000
h4,6,300,dmi_adx_bull+atr_expand+horizontal_break_up+elliott_wave3_bull,214,0.04205607,17.96630992,37,0.00000000,0.00000000,-0.00000000,26,0.00000000,0.00000000,0.00000000
h4,6,300,ichimoku_cloud_bull+adx25+atr_expand+elliott_wave3_bull,215,0.04186047,17.88274569,36,0.00000000,0.00000000,0.00000000,14,0.00000000,0.00000000,0.00000000
h4,6,300,ichimoku_cloud_bull+dmi_adx_bull+atr_expand+elliott_impulse_bull,216,0.04166667,17.79995520,30,0.00000000,0.00000000,0.00000000,16,0.00000000,0.00000000,0.00000000
h4,6,300,adx25+atr_expand+horizontal_break_up+elliott_wave3_bull,218,0.04128440,17.63665286,37,0.00000000,0.00000000,-0.00000000,26,0.00000000,0.00000000,0.00000000
h4,6,300,ichimoku_cloud_bull+atr_expand+impulse_bull+mtf_volatility,171,0.04093567,17.48767528,32,0.00000000,0.00000000,0.00000000,27,0.00000000,0.00000000,0.00000000
h4,6,300,dmi_adx_bull+atr_expand+horizontal_break_up+elliott_impulse_bull,223,0.04035874,17.24121221,37,0.00000000,0.00000000,-0.00000000,27,0.00000000,0.00000000,0.00000000
h4,6,300,adx25+atr_expand+impulse_bull+mtf_volatility,224,0.04017857,17.16424251,38,0.00000000,0.00000000,0.00000000,24,0.00000000,0.00000000,0.00000000
h4,6,300,adx25+atr_expand+horizontal_break_up+elliott_impulse_bull,227,0.03964758,16.93740230,37,0.00000000,0.00000000,-0.00000000,27,0.00000000,0.00000000,0.00000000
h4,6,300,ichimoku_cloud_bull+adx25+atr_expand+elliott_impulse_bull,228,0.03947368,16.86311545,37,0.00000000,0.00000000,-0.00000000,18,0.00000000,0.00000000,0.00000000
h4,6,300,atr_expand+horizontal_break_up+mtf_adx_rising+cross_group_bull,153,0.03921569,16.75289901,34,0.00000000,0.00000000,0.00000000,25,0.00000000,0.00000000,0.00000000
h4,6,300,dmi_adx_bull+atr_expand+horizontal_break_up+cross_group_return_up,158,0.03797468,16.22274398,29,0.00000000,0.00000000,0.00000000,24,0.00000000,0.00000000,0.00000000
h4,6,300,ichimoku_cloud_bull+adx25+atr_expand+mtf_volatility,318,0.03773585,16.12071414,70,0.00000000,0.00000000,0.00000000,53,0.00000000,0.00000000,0.00000000
h4,6,300,dmi_adx_bull+atr_expand+horizontal_break_up,241,0.03734440,15.95348682,42,0.00000000,0.00000000,-0.00000000,30,0.00000000,0.00000000,0.00000000
h4,6,300,price20_bull+dmi_adx_bull+atr_expand+horizontal_break_up,241,0.03734440,15.95348682,42,0.00000000,0.00000000,-0.00000000,30,0.00000000,0.00000000,0.00000000
h4,6,300,dmi_adx_bull+atr_expand+horizontal_break_up+retest_up,241,0.03734440,15.95348682,40,0.00000000,0.00000000,0.00000000,29,0.00000000,0.00000000,0.00000000
h4,6,300,adx25+atr_expand+horizontal_break_up+cross_group_return_up,161,0.03726708,15.92045682,29,0.00000000,0.00000000,0.00000000,24,0.00000000,0.00000000,0.00000000
h4,6,300,ichimoku_cloud_bull+atr_expand+mtf_volatility+cross_group_return_up,242,0.03719008,15.88756332,42,0.00000000,0.00000000,-0.00000000,36,0.00000000,0.00000000,0.00000000
h4,6,300,dmi_adx_bull+atr_expand+horizontal_break_up+mtf_adx_rising,162,0.03703704,15.82218240,27,0.00000000,0.00000000,0.00000000,16,0.00000000,0.00000000,0.00000000
h4,6,300,adx25+atr_expand+horizontal_break_up+mtf_adx_rising,163,0.03680982,15.72511379,27,0.00000000,0.00000000,0.00000000,16,0.00000000,0.00000000,0.00000000
h4,6,300,sma_stack_bull+atr_expand+mtf_volatility+cross_group_bull,136,0.03676471,15.70584282,24,0.00000000,0.00000000,0.00000000,15,0.00000000,0.00000000,0.00000000
h4,6,300,adx25+atr_expand+horizontal_break_up,247,0.03643725,15.56595272,42,0.00000000,0.00000000,-0.00000000,30,0.00000000,0.00000000,0.00000000
h4,6,300,price20_bull+adx25+atr_expand+horizontal_break_up,247,0.03643725,15.56595272,42,0.00000000,0.00000000,-0.00000000,30,0.00000000,0.00000000,0.00000000
h4,6,300,adx25+atr_expand+horizontal_break_up+retest_up,247,0.03643725,15.56595272,40,0.00000000,0.00000000,0.00000000,29,0.00000000,0.00000000,0.00000000
h4,6,300,ichimoku_cloud_bull+atr_expand+horizontal_break_up+cross_group_bull,167,0.03592814,15.34846436,40,0.00000000,0.00000000,0.00000000,18,0.00000000,0.00000000,0.00000000
h4,6,300,sma_stack_bull+atr_expand+horizontal_break_up+cross_group_bull,170,0.03529412,15.07760911,33,0.00000000,0.00000000,0.00000000,21,0.00000000,0.00000000,-0.00000000
h4,6,300,sma_stack_bull+atr_expand+elliott_wave3_bull+cross_group_bull,170,0.03529412,15.07760911,31,0.00000000,0.00000000,0.00000000,18,0.00000000,0.00000000,0.00000000
h4,6,300,ichimoku_cloud_bull+atr_expand+mtf_volatility+cross_target_relative_up,256,0.03515625,15.01871220,48,0.00000000,0.00000000,0.00000000,33,0.00000000,0.00000000,0.00000000
h4,6,300,ichimoku_cloud_bull+atr_expand+mtf_volatility,569,0.03514938,15.01577943,100,0.00000000,0.00000000,0.00000000,93,0.00000000,0.00000000,0.00000000
h4,6,300,mtf_trend_bull+range_compression+breakout20_up+atr_expand,201,0.03482587,14.87757449,33,0.00000000,0.00000000,0.00000000,24,0.00000000,0.00000000,0.00000000
h4,6,300,mtf_trend_bull+horizontal_break_up+atr_expand,260,0.03461538,14.78765509,50,0.00000000,0.00000000,0.00000000,30,0.00000000,0.00000000,0.00000000
h4,6,300,atr_expand+mtf_volatility+adx25,697,0.03443329,14.70986254,112,0.00000000,0.00000000,0.00000000,83,0.00000000,0.00000000,0.00000000
h4,6,300,adx25+atr_expand+mtf_volatility,697,0.03443329,14.70986254,112,0.00000000,0.00000000,0.00000000,83,0.00000000,0.00000000,0.00000000
h4,6,300,sma_stack_bull+adx25+atr_expand+mtf_volatility,204,0.03431373,14.65878663,37,0.00000000,0.00000000,-0.00000000,15,0.00000000,0.00000000,0.00000000
h4,6,300,sma_stack_bull+atr_expand+horizontal_break_up+elliott_wave3_bull,265,0.03396226,14.50864273,44,0.00000000,0.00000000,0.00000000,31,0.00000000,0.00000000,0.00000000
h4,6,300,sma_stack_bull+atr_expand+elliott_impulse_bull+cross_group_bull,177,0.03389831,14.48131948,32,0.00000000,0.00000000,0.00000000,21,0.00000000,0.00000000,-0.00000000
h4,6,300,sma_stack_bull+atr_expand+breakout20_up+cross_group_bull,178,0.03370787,14.39996375,36,0.00000000,0.00000000,0.00000000,21,0.00000000,0.00000000,-0.00000000
h4,6,300,sma_stack_bull+atr_expand+breakout_up20+cross_group_bull,178,0.03370787,14.39996375,36,0.00000000,0.00000000,0.00000000,21,0.00000000,0.00000000,-0.00000000
h4,6,300,sma_stack_bull+atr_expand+retest_up+cross_group_bull,178,0.03370787,14.39996375,36,0.00000000,0.00000000,0.00000000,21,0.00000000,0.00000000,-0.00000000
h4,6,300,atr_expand+horizontal_break_up+mtf_adx_rising+cross_group_return_up,178,0.03370787,14.39996375,40,0.00000000,0.00000000,0.00000000,29,0.00000000,0.00000000,0.00000000
h4,6,300,sma_stack_bull+dmi_adx_bull+atr_expand+impulse_bull,238,0.03361345,14.35962772,30,0.00000000,0.00000000,0.00000000,17,0.00000000,0.00000000,0.00000000
h4,6,300,adx25+atr_expand+elliott_wave3_bull+cross_group_bull,209,0.03349282,14.30809796,40,0.00000000,0.00000000,0.00000000,23,0.00000000,0.00000000,0.00000000
h4,6,300,atr_expand+elliott_impulse_bull+mtf_volatility+cross_group_return_up,121,0.03305785,14.12227850,19,0.00000000,0.00000000,0.00000000,22,0.00000000,0.00000000,0.00000000
h4,6,300,dmi_adx_bull+atr_expand+horizontal_break_up+impulse_bull,212,0.03301887,14.10562487,37,0.00000000,0.00000000,-0.00000000,24,0.00000000,0.00000000,0.00000000
h4,6,300,ichimoku_cloud_bull+atr_expand+horizontal_break_up+elliott_wave3_bull,273,0.03296703,14.08348104,47,0.00000000,0.00000000,-0.00000000,27,0.00000000,0.00000000,0.00000000
h4,6,300,dmi_adx_bull+atr_expand+breakout20_up+cross_group_bull,182,0.03296703,14.08348104,32,0.00000000,0.00000000,0.00000000,24,0.00000000,0.00000000,0.00000000
h4,6,300,dmi_adx_bull+atr_expand+breakout_up20+cross_group_bull,182,0.03296703,14.08348104,32,0.00000000,0.00000000,0.00000000,24,0.00000000,0.00000000,0.00000000
h4,6,300,dmi_adx_bull+atr_expand+retest_up+cross_group_bull,182,0.03296703,14.08348104,29,0.00000000,0.00000000,0.00000000,23,0.00000000,0.00000000,0.00000000
h4,6,300,adx25+atr_expand+mtf_volatility+cross_target_relative_up,304,0.03289474,14.05259621,57,0.00000000,0.00000000,0.00000000,35,0.00000000,0.00000000,0.00000000
h4,6,300,sma_stack_bull+atr_expand+horizontal_break_up+elliott_impulse_bull,276,0.03260870,13.93039972,45,0.00000000,0.00000000,0.00000000,34,0.00000000,0.00000000,0.00000000
h4,6,300,adx25+atr_expand+breakout20_up+cross_group_bull,184,0.03260870,13.93039972,34,0.00000000,0.00000000,0.00000000,24,0.00000000,0.00000000,0.00000000
h4,6,300,adx25+atr_expand+breakout_up20+cross_group_bull,184,0.03260870,13.93039972,34,0.00000000,0.00000000,0.00000000,24,0.00000000,0.00000000,0.00000000
h4,6,300,adx25+atr_expand+retest_up+cross_group_bull,184,0.03260870,13.93039972,31,0.00000000,0.00000000,0.00000000,23,0.00000000,0.00000000,0.00000000
h4,6,300,adx25+atr_expand+horizontal_break_up+impulse_bull,216,0.03240741,13.84440960,37,0.00000000,0.00000000,-0.00000000,24,0.00000000,0.00000000,0.00000000
h4,6,300,sma_stack_bull+atr_expand+breakout20_up+elliott_wave3_bull,279,0.03225806,13.78061048,48,0.00000000,0.00000000,0.00000000,32,0.00000000,0.00000000,0.00000000
h4,6,300,sma_stack_bull+atr_expand+breakout_up20+elliott_wave3_bull,279,0.03225806,13.78061048,48,0.00000000,0.00000000,0.00000000,32,0.00000000,0.00000000,0.00000000
h4,6,300,sma_stack_bull+atr_expand+retest_up+elliott_wave3_bull,279,0.03225806,13.78061048,48,0.00000000,0.00000000,0.00000000,32,0.00000000,0.00000000,0.00000000
h4,6,300,adx25+atr_expand+elliott_impulse_bull+cross_group_bull,218,0.03211009,13.71739667,42,0.00000000,0.00000000,-0.00000000,26,0.00000000,0.00000000,0.00000000
h4,6,300,sma_stack_bull+adx25+atr_expand+cross_group_bull,375,0.03200000,13.67036559,58,0.00000000,0.00000000,0.00000000,39,0.00000000,0.00000000,-0.00000000
h4,6,300,atr_expand+impulse_bull+mtf_volatility+cross_group_return_up,157,0.03184713,13.60506130,31,0.00000000,0.00000000,0.00000000,27,0.00000000,0.00000000,0.00000000
h4,6,300,adx25+atr_expand+elliott_wave3_bull+mtf_adx25,158,0.03164557,13.51895331,27,0.00000000,0.00000000,0.00000000,15,0.00000000,0.00000000,0.00000000
h4,6,300,ichimoku_cloud_bull+atr_expand+horizontal_break_up+elliott_impulse_bull,286,0.03146853,13.44332281,48,0.00000000,0.00000000,0.00000000,29,0.00000000,0.00000000,0.00000000
h4,6,300,dmi_adx_bull+atr_expand+elliott_wave3_bull+cross_group_bull,193,0.03108808,13.28079559,35,0.00000000,0.00000000,0.00000000,22,0.00000000,0.00000000,0.00000000
h4,6,300,adx25+atr_expand+mtf_volatility+cross_group_return_up,290,0.03103448,13.25789766,54,0.00000000,0.00000000,0.00000000,28,0.00000000,0.00000000,0.00000000
h4,6,300,sma_stack_bull+dmi_adx_bull+atr_expand+cross_group_bull,291,0.03092784,13.21233788,40,0.00000000,0.00000000,0.00000000,23,0.00000000,0.00000000,0.00000000
h4,6,300,atr_expand+impulse_bull+mtf_volatility+cross_group_bull,130,0.03076923,13.14458230,32,0.00000000,0.00000000,0.00000000,26,0.00000000,0.00000000,0.00000000
h4,6,300,sma_stack_bull+atr_expand+breakout20_up+elliott_impulse_bull,293,0.03071672,13.12215127,50,0.00000000,0.00000000,0.00000000,35,0.00000000,0.00000000,0.00000000
h4,6,300,sma_stack_bull+atr_expand+breakout_up20+elliott_impulse_bull,293,0.03071672,13.12215127,50,0.00000000,0.00000000,0.00000000,35,0.00000000,0.00000000,0.00000000
h4,6,300,sma_stack_bull+atr_expand+retest_up+elliott_impulse_bull,293,0.03071672,13.12215127,50,0.00000000,0.00000000,0.00000000,35,0.00000000,0.00000000,0.00000000
h4,6,300,sma_stack_bull+atr_expand+horizontal_break_up+mtf_adx25,131,0.03053435,13.04424198,17,0.00000000,0.00000000,0.00000000,10,0.00000000,0.00000000,0.00000000
h4,6,300,sma_stack_bull+atr_expand+mtf_volatility+cross_group_return_up,164,0.03048780,13.02435746,23,0.00000000,0.00000000,0.00000000,19,0.00000000,0.00000000,0.00000000
h4,6,300,adx25+atr_expand+mtf_volatility+cross_group_bull,232,0.03017241,12.88962273,49,0.00000000,0.00000000,0.00000000,28,0.00000000,0.00000000,0.00000000
h4,6,300,sma_stack_bull+atr_expand+horizontal_break_up+cross_group_return_up,199,0.03015075,12.88036959,37,0.00000000,0.00000000,-0.00000000,26,0.00000000,0.00000000,0.00000000
h4,6,300,dmi_adx_bull+atr_expand+breakout20_up+elliott_wave3_bull,299,0.03010033,12.85883051,50,0.00000000,0.00000000,0.00000000,29,0.00000000,0.00000000,0.00000000
h4,6,300,dmi_adx_bull+atr_expand+breakout_up20+elliott_wave3_bull,299,0.03010033,12.85883051,50,0.00000000,0.00000000,0.00000000,29,0.00000000,0.00000000,0.00000000
h4,6,300,dmi_adx_bull+atr_expand+retest_up+elliott_wave3_bull,299,0.03010033,12.85883051,48,0.00000000,0.00000000,0.00000000,29,0.00000000,0.00000000,0.00000000
h4,6,300,atr_expand+elliott_wave3_bull+mtf_adx_rising+cross_group_bull,234,0.02991453,12.77945501,40,0.00000000,0.00000000,0.00000000,22,0.00000000,0.00000000,0.00000000
h4,6,300,dmi_adx_bull+atr_expand+elliott_impulse_bull+cross_group_bull,201,0.02985075,12.75220671,36,0.00000000,0.00000000,0.00000000,25,0.00000000,0.00000000,0.00000000
h4,6,300,ichimoku_cloud_bull+atr_expand+horizontal_break_up+cross_group_return_up,202,0.02970297,12.68907697,43,0.00000000,0.00000000,0.00000000,22,0.00000000,0.00000000,0.00000000
h4,6,300,sma_stack_bull+atr_expand+horizontal_break_up,304,0.02960526,12.64733659,54,0.00000000,0.00000000,0.00000000,35,0.00000000,0.00000000,0.00000000
h4,6,300,sma_stack_bull+atr_expand+horizontal_break_up+retest_up,304,0.02960526,12.64733659,53,0.00000000,0.00000000,0.00000000,35,0.00000000,0.00000000,0.00000000
h4,6,300,adx25+atr_expand+breakout20_up+elliott_wave3_bull,305,0.02950820,12.60586991,52,0.00000000,0.00000000,0.00000000,31,0.00000000,0.00000000,0.00000000
h4,6,300,adx25+atr_expand+breakout_up20+elliott_wave3_bull,305,0.02950820,12.60586991,52,0.00000000,0.00000000,0.00000000,31,0.00000000,0.00000000,0.00000000
h4,6,300,adx25+atr_expand+retest_up+elliott_wave3_bull,305,0.02950820,12.60586991,50,0.00000000,0.00000000,0.00000000,31,0.00000000,0.00000000,0.00000000
h4,6,300,adx25+atr_expand+elliott_impulse_bull+mtf_adx25,170,0.02941176,12.56467426,29,0.00000000,0.00000000,0.00000000,16,0.00000000,0.00000000,0.00000000
h4,6,300,sma_stack_bull+atr_expand+elliott_wave3_bull+mtf_adx25,136,0.02941176,12.56467426,16,0.00000000,0.00000000,0.00000000,10,0.00000000,0.00000000,0.00000000
h4,6,300,sma_stack_bull+atr_expand+elliott_wave3_bull,307,0.02931596,12.52374698,48,0.00000000,0.00000000,0.00000000,34,0.00000000,0.00000000,0.00000000
h4,6,300,atr_expand+mtf_volatility+cross_target_relative_up,514,0.02918288,12.46689469,88,0.01136364,4.04462810,0.00200879,70,0.00000000,0.00000000,0.00000000
h4,6,300,ichimoku_cloud_bull+atr_expand+horizontal_break_up+mtf_adx_rising,206,0.02912621,12.44268713,31,0.00000000,0.00000000,0.00000000,22,0.00000000,0.00000000,0.00000000
h4,6,300,atr_expand+breakout20_up+mtf_adx_rising+cross_group_bull,206,0.02912621,12.44268713,42,0.00000000,0.00000000,-0.00000000,26,0.00000000,0.00000000,0.00000000
h4,6,300,atr_expand+breakout_up20+mtf_adx_rising+cross_group_bull,206,0.02912621,12.44268713,42,0.00000000,0.00000000,-0.00000000,26,0.00000000,0.00000000,0.00000000
h4,6,300,atr_expand+retest_up+mtf_adx_rising+cross_group_bull,206,0.02912621,12.44268713,41,0.00000000,0.00000000,-0.00000000,25,0.00000000,0.00000000,0.00000000
h4,6,300,atr_expand+mtf_volatility,1172,0.02901024,12.39314287,192,0.00520833,1.85378788,0.00091999,172,0.00000000,0.00000000,0.00000000
h4,6,300,sma_stack_bull+atr_expand+elliott_wave3_bull+cross_group_return_up,207,0.02898551,12.38257753,38,0.00000000,0.00000000,0.00000000,22,0.00000000,0.00000000,0.00000000
h4,6,300,atr_expand+elliott_impulse_bull+mtf_adx_rising+cross_group_bull,243,0.02880658,12.30614186,42,0.00000000,0.00000000,-0.00000000,26,0.00000000,0.00000000,0.00000000
h4,6,300,dmi_adx_bull+atr_expand+breakout20_up+elliott_impulse_bull,313,0.02875399,12.28367515,50,0.00000000,0.00000000,0.00000000,31,0.00000000,0.00000000,0.00000000
h4,6,300,dmi_adx_bull+atr_expand+breakout_up20+elliott_impulse_bull,313,0.02875399,12.28367515,50,0.00000000,0.00000000,0.00000000,31,0.00000000,0.00000000,0.00000000
h4,12,50,sma_stack_bull+atr_expand+mtf_volatility+cross_group_bull,136,0.64705882,1.46101694,24,0.50000000,1.17630093,0.31427426,15,0.40000000,1.04919385,0.19824496
h4,12,50,sma_stack_bull+atr_expand+mtf_volatility+cross_group_return_up,164,0.63414634,1.43186139,23,0.47826087,1.12515741,0.29237157,19,0.42105263,1.10441458,0.23141891
h4,12,50,sma_stack_bull+atr_expand+impulse_bull+mtf_volatility,120,0.63333333,1.43002567,19,0.31578947,0.74292690,0.15364379,21,0.19047619,0.49961612,0.07667565
h4,12,50,trend_bull+atr_expand+mtf_volatility+cross_group_bull,155,0.63225806,1.42759778,27,0.40740741,0.95846742,0.24514757,19,0.47368421,1.24246640,0.27329805
h4,12,50,trend_bull+atr_expand+mtf_volatility+cross_group_return_up,185,0.62702703,1.41578644,29,0.37931034,0.89236622,0.22688022,23,0.47826087,1.25447091,0.29237157
h4,12,50,atr_expand+elliott_wave3_bull+mtf_volatility,159,0.61635220,1.39168337,28,0.39285714,0.92423644,0.23565687,22,0.45454545,1.19226574,0.26920294
h4,12,50,trend_bull+atr_expand+impulse_bull+mtf_volatility,129,0.61240310,1.38276656,22,0.31818182,0.74855513,0.16360593,23,0.30434783,0.79829967,0.15604024
h4,12,50,atr_expand+impulse_bull+elliott_wave3_bull+mtf_volatility,125,0.60800000,1.37282464,26,0.42307692,0.99533155,0.25544443,20,0.50000000,1.31149231,0.29929801
h4,12,50,squeeze_release_up+impulse_bull+mtf_volatility,122,0.60655738,1.36956729,19,0.63157895,1.48585380,0.41039533,17,0.70588235,1.85151856,0.46866890
h4,12,50,squeeze_release_up+breakout20_up+impulse_bull+mtf_volatility,122,0.60655738,1.36956729,19,0.63157895,1.48585380,0.41039533,17,0.70588235,1.85151856,0.46866890
h4,12,50,ichimoku_cloud_bull+atr_expand+impulse_bull+mtf_volatility,171,0.60233918,1.36004288,32,0.46875000,1.10278212,0.30869387,27,0.33333333,0.87432821,0.18643261
h4,12,50,sma_stack_bull+atr_expand+mtf_volatility,359,0.60167131,1.35853487,62,0.54838710,1.29013650,0.42532512,49,0.36734694,0.96354537,0.24665173
h4,12,50,atr_expand+elliott_wave5_bull+mtf_volatility,139,0.59712230,1.34826351,21,0.33333333,0.78420062,0.17194753,19,0.42105263,1.10441458,0.23141891
h4,12,50,squeeze_release_up+mtf_volatility,156,0.59615385,1.34607679,24,0.54166667,1.27432600,0.35074865,25,0.72000000,1.88854893,0.52423395
h4,12,50,squeeze_release_up+breakout20_up+mtf_volatility,156,0.59615385,1.34607679,24,0.54166667,1.27432600,0.35074865,25,0.72000000,1.88854893,0.52423395
h4,12,50,squeeze_release_up+retest_up+mtf_volatility,156,0.59615385,1.34607679,24,0.54166667,1.27432600,0.35074865,25,0.72000000,1.88854893,0.52423395
h4,12,50,squeeze_release_up+breakout20_up+retest_up+mtf_volatility,156,0.59615385,1.34607679,24,0.54166667,1.27432600,0.35074865,25,0.72000000,1.88854893,0.52423395
h4,12,50,atr_expand+mtf_volatility+breakout20_up,140,0.59285714,1.33863305,24,0.37500000,0.88222569,0.21159368,20,0.50000000,1.31149231,0.29929801
h4,12,50,atr_expand+breakout20_up+mtf_volatility,140,0.59285714,1.33863305,24,0.37500000,0.88222569,0.21159368,20,0.50000000,1.31149231,0.29929801
h4,12,50,atr_expand+retest_up+mtf_volatility,140,0.59285714,1.33863305,23,0.34782609,0.81829630,0.18811276,19,0.47368421,1.24246640,0.27329805
h4,12,50,atr_expand+breakout20_up+retest_up+mtf_volatility,140,0.59285714,1.33863305,23,0.34782609,0.81829630,0.18811276,19,0.47368421,1.24246640,0.27329805
h4,12,50,ichimoku_cloud_bull+atr_expand+mtf_volatility+cross_group_bull,205,0.59024390,1.33273252,37,0.48648649,1.14450901,0.33446404,30,0.33333333,0.87432821,0.19230498
h4,12,50,squeeze_release_up+elliott_wave5_bull+mtf_volatility,122,0.59016393,1.33255196,19,0.52631579,1.23821150,0.31707809,20,0.75000000,1.96723847,0.53129912
h4,12,50,squeeze_release_up+breakout20_up+elliott_wave5_bull+mtf_volatility,122,0.59016393,1.33255196,19,0.52631579,1.23821150,0.31707809,20,0.75000000,1.96723847,0.53129912
h4,12,50,squeeze_release_up+retest_up+elliott_wave5_bull+mtf_volatility,122,0.59016393,1.33255196,19,0.52631579,1.23821150,0.31707809,20,0.75000000,1.96723847,0.53129912
h4,12,50,atr_expand+impulse_bull+mtf_volatility+cross_group_return_up,157,0.58598726,1.32312130,31,0.45161290,1.06246535,0.29161736,27,0.40740741,1.06862337,0.24514757
h4,12,50,trend_bull+dmi_adx_bull+horizontal_break_up+mtf_volatility,405,0.58518519,1.32131027,61,0.50819672,1.19558455,0.38602618,51,0.56862745,1.49150106,0.43265302
h4,12,50,trend_bull+horizontal_break_up+mtf_volatility+cross_group_bull,359,0.58495822,1.32079779,58,0.46551724,1.09517672,0.34332022,76,0.50000000,1.31149231,0.39032595
h4,12,50,atr_expand+impulse_bull+mtf_volatility,362,0.58287293,1.31608934,63,0.44444444,1.04560082,0.32847096,62,0.41935484,1.09996130,0.30477586
h4,12,50,trend_bull+adx25+horizontal_break_up+mtf_volatility,407,0.58230958,1.31481734,61,0.50819672,1.19558455,0.38602618,51,0.56862745,1.49150106,0.43265302
h4,12,50,sma_stack_bull+dmi_adx_bull+horizontal_break_up+mtf_volatility,342,0.58187135,1.31382783,54,0.51851852,1.21986763,0.38851700,42,0.52380952,1.37394433,0.37722464
h4,12,50,sma_stack_bull+dmi_adx_bull+breakout20_up+mtf_volatility,346,0.58092486,1.31169072,57,0.54385965,1.27948522,0.41590686,42,0.52380952,1.37394433,0.37722464
h4,12,50,trend_bull+dmi_adx_bull+breakout20_up+mtf_volatility,415,0.58072289,1.31123470,65,0.53846154,1.26678561,0.41853399,51,0.56862745,1.49150106,0.43265302
h4,12,50,trend_bull+atr_expand+mtf_volatility,393,0.58015267,1.30994718,69,0.47826087,1.12515741,0.36468721,56,0.41071429,1.07729726,0.29166774
h4,12,50,trend_bull+dmi_adx_bull+retest_up+mtf_volatility,414,0.57971014,1.30894798,65,0.53846154,1.26678561,0.41853399,49,0.55102041,1.44531806,0.41315108
h4,12,50,sma_stack_bull+dmi_adx_bull+retest_up+mtf_volatility,345,0.57971014,1.30894798,57,0.54385965,1.27948522,0.41590686,41,0.51219512,1.34347993,0.36484509
h4,12,50,sma_stack_bull+horizontal_break_up+mtf_volatility+cross_group_bull,316,0.57911392,1.30760175,55,0.43636364,1.02658990,0.31373442,64,0.45312500,1.18853991,0.33729448
h4,12,50,trend_bull+adx25+breakout20_up+mtf_volatility,418,0.57894737,1.30722568,65,0.53846154,1.26678561,0.41853399,58,0.58620690,1.53761168,0.45798408
h4,12,50,breakout20_up+engulf_bull+mtf_volatility,190,0.57894737,1.30722568,27,0.44444444,1.04560082,0.27585858,30,0.40000000,1.04919385,0.24590628
h4,12,50,dmi_adx_bull+atr_expand+mtf_volatility+cross_group_return_up,178,0.57865169,1.30655805,29,0.48275862,1.13573882,0.31386090,17,0.35294118,0.92575928,0.17309720
h4,12,50,atr_expand+mtf_volatility,1172,0.57849829,1.30621170,192,0.55208333,1.29883227,0.48140813,172,0.44767442,1.17424312,0.37531222
h4,12,50,sma_stack_bull+adx25+horizontal_break_up+mtf_volatility,344,0.57848837,1.30618930,54,0.51851852,1.21986763,0.38851700,42,0.52380952,1.37394433,0.37722464
h4,12,50,sma_stack_bull+adx25+atr_expand+mtf_volatility,204,0.57843137,1.30606060,37,0.54054054,1.27167668,0.38384047,15,0.26666667,0.69946257,0.10897453
h4,12,50,trend_bull+adx25+retest_up+mtf_volatility,417,0.57793765,1.30494580,65,0.53846154,1.26678561,0.41853399,56,0.57142857,1.49884836,0.44137621
h4,12,50,sma_stack_bull+adx25+breakout20_up+mtf_volatility,348,0.57758621,1.30415227,57,0.54385965,1.27948522,0.41590686,43,0.51162791,1.34199213,0.36752308
h4,12,50,sma_stack_bull+breakout20_up+mtf_volatility+cross_group_bull,357,0.57703081,1.30289822,62,0.46774194,1.10041054,0.34908833,69,0.47826087,1.25447091,0.36468721
h4,12,50,sma_stack_bull+retest_up+mtf_volatility+cross_group_bull,357,0.57703081,1.30289822,62,0.46774194,1.10041054,0.34908833,68,0.47058824,1.23434571,0.35673106
h4,12,50,trend_bull+horizontal_break_up+mtf_volatility+cross_group_return_up,416,0.57692308,1.30265496,63,0.42857143,1.00825794,0.31396918,81,0.49382716,1.29530105,0.38772116
h4,12,50,sma_stack_bull+adx25+retest_up+mtf_volatility,347,0.57636888,1.30140361,57,0.54385965,1.27948522,0.41590686,42,0.50000000,1.31149231,0.35525990
h4,12,50,sma_stack_bull+horizontal_break_up+mtf_volatility+cross_group_return_up,365,0.57534247,1.29908604,59,0.40677966,0.95699058,0.29089034,68,0.44117647,1.15719910,0.32946234
h4,12,50,ichimoku_cloud_bull+adx25+horizontal_break_up+engulf_bull,143,0.57342657,1.29476008,25,0.40000000,0.94104074,0.23403302,13,0.38461538,1.00884024,0.17709708
h4,12,50,trend_bull+breakout20_up+mtf_volatility+cross_group_bull,442,0.57239819,1.29243806,73,0.50684932,1.19241464,0.39472241,100,0.52000000,1.36395201,0.42316578
h4,12,50,trend_bull+retest_up+mtf_volatility+cross_group_bull,442,0.57239819,1.29243806,73,0.50684932,1.19241464,0.39472241,98,0.51020408,1.33825746,0.41273047
h4,12,50,sma_stack_bull+breakout20_up+impulse_bull+mtf_volatility,423,0.57210402,1.29177384,71,0.46478873,1.09346283,0.35358448,68,0.42647059,1.11862580,0.31597243
h4,12,50,trend_bull+dmi_adx_bull+impulse_bull+mtf_volatility,630,0.57142857,1.29024872,107,0.46728972,1.09934666,0.37553358,76,0.50000000,1.31149231,0.39032595
h4,12,50,sma_stack_bull+volatility+breakout20_up+mtf_volatility,245,0.57142857,1.29024872,47,0.59574468,1.40155004,0.45342123,41,0.58536585,1.53540564,0.43367103
h4,12,50,ichimoku_cloud_bull+atr_expand+mtf_volatility,569,0.57117750,1.28968183,100,0.60000000,1.41156111,0.50200259,93,0.45161290,1.18457370,0.35439761
h4,12,50,ichimoku_cloud_bull+dmi_adx_bull+engulf_bull+mtf_volatility,212,0.57075472,1.28872720,30,0.43333333,1.01946080,0.27377486,26,0.30769231,0.80707219,0.16501316
h4,12,50,trend_bull+volatility+breakout20_up+mtf_volatility,291,0.57044674,1.28803180,55,0.58181818,1.36878653,0.45033104,50,0.56000000,1.46887139,0.42306028
h4,12,50,ichimoku_cloud_bull+dmi_adx_bull+horizontal_break_up+engulf_bull,142,0.57042254,1.28797716,25,0.40000000,0.94104074,0.23403302,13,0.38461538,1.00884024,0.17709708
h4,12,50,sma_stack_bull+breakout20_up+mtf_volatility+cross_group_return_up,412,0.57038835,1.28789997,68,0.44117647,1.03791258,0.32946234,74,0.45945946,1.20515510,0.35073371
h4,12,50,sma_stack_bull+retest_up+mtf_volatility+cross_group_return_up,412,0.57038835,1.28789997,67,0.44776119,1.05340381,0.33476393,73,0.45205479,1.18573278,0.34314656
h4,12,50,ichimoku_cloud_bull+atr_expand+mtf_volatility+cross_group_return_up,242,0.57024793,1.28758292,42,0.47619048,1.12028660,0.33359601,36,0.33333333,0.87432821,0.20214619
h4,12,50,trend_bull+engulf_bull+mtf_volatility+cross_target_relative_up,242,0.57024793,1.28758292,38,0.57894737,1.36203265,0.42192345,39,0.53846154,1.41237634,0.38569448
h4,12,50,ichimoku_cloud_bull+dmi_adx_bull+breakout20_up+engulf_bull,165,0.56969697,1.28633888,26,0.42307692,0.99533155,0.25544443,14,0.35714286,0.93678022,0.16344732
h4,12,50,sma_stack_bull+volatility+retest_up+mtf_volatility,244,0.56967213,1.28628280,45,0.60000000,1.41156111,0.45451855,40,0.57500000,1.50821616,0.42195069
h4,12,50,macd_cross_up+horizontal_break_up+mtf_trend_bull+cross_target_relative_up,123,0.56910569,1.28500381,26,0.46153846,1.08581624,0.28755854,26,0.50000000,1.31149231,0.32060594
h4,12,50,trend_bull+volatility+retest_up+mtf_volatility,290,0.56896552,1.28468731,53,0.58490566,1.37605014,0.45094422,48,0.54166667,1.42078334,0.40291075
h4,12,50,sma_stack_bull+elliott_wave3_bull+mtf_volatility+cross_group_bull,255,0.56862745,1.28392398,37,0.54054054,1.27167668,0.38384047,48,0.56250000,1.47542885,0.42275017
h4,12,50,ichimoku_cloud_bull+dmi_adx_bull+horizontal_break_up+mtf_trend_bull,758,0.56860158,1.28386557,119,0.42016807,0.98848817,0.33534414,90,0.36666667,0.96176103,0.27447255
h4,12,50,atr_expand+mtf_volatility+cross_group_return_up,505,0.56831683,1.28322262,89,0.47191011,1.11021660,0.37152022,77,0.40259740,1.05600680,0.30022017
h4,12,50,sma_stack_bull+volatility+horizontal_break_up+mtf_volatility,227,0.56828194,1.28314383,45,0.57777778,1.35928107,0.43300789,39,0.56410256,1.47963235,0.40975692
h4,12,50,sma_stack_bull+dmi_adx_bull+elliott_wave5_bull+mtf_volatility,308,0.56818182,1.28291777,52,0.51923077,1.22154327,0.38685683,41,0.46341463,1.21552946,0.32056234
h4,12,50,ichimoku_cloud_bull+impulse_bull+elliott_pullback_bull+mtf_volatility,155,0.56774194,1.28192454,38,0.47368421,1.11439035,0.32479023,24,0.41666667,1.09291026,0.24467603
h4,12,50,ichimoku_cloud_bull+adx25+horizontal_break_up+mtf_trend_bull,765,0.56732026,1.28097243,122,0.40983607,0.96418109,0.32661775,90,0.36666667,0.96176103,0.27447255
h4,12,50,atr_expand+mtf_volatility+adx25,697,0.56671449,1.27960464,112,0.53571429,1.26032242,0.44370351,83,0.43373494,1.13768008,0.33239165
h4,12,50,adx25+atr_expand+mtf_volatility,697,0.56671449,1.27960464,112,0.53571429,1.26032242,0.44370351,83,0.43373494,1.13768008,0.33239165
h4,12,50,ichimoku_cloud_bull+dmi_adx_bull+horizontal_break_up+mtf_volatility,360,0.56666667,1.27949665,48,0.52083333,1.22531346,0.38329232,44,0.52272727,1.37110560,0.37935466
h4,12,50,macd_cross_up+elliott_wave5_bull+mtf_volatility+cross_group_return_up,120,0.56666667,1.27949665,14,0.78571429,1.84847288,0.52410769,22,0.59090909,1.54994546,0.38734818
h4,12,50,atr_expand+impulse_bull+mtf_volatility+cross_target_relative_up,159,0.56603774,1.27807657,29,0.55172414,1.29798723,0.37547963,24,0.37500000,0.98361924,0.21159368
h4,12,50,trend_bull+dmi_adx_bull+elliott_wave5_bull+mtf_volatility,364,0.56593407,1.27784249,58,0.51724138,1.21686303,0.39162262,48,0.52083333,1.36613783,0.38329232
h4,12,50,dmi_adx_bull+horizontal_break_up+impulse_bull+mtf_volatility,364,0.56593407,1.27784249,51,0.43137255,1.01484786,0.30501236,51,0.47058824,1.23434571,0.34052990
h4,12,50,trend_bull+adx25+engulf_bull+mtf_volatility,269,0.56505576,1.27585933,45,0.53333333,1.25472099,0.39077455,26,0.34615385,0.90795622,0.19412230
h4,12,50,sma_stack_bull+volatility+elliott_wave3_bull+mtf_volatility,232,0.56465517,1.27495483,37,0.59459459,1.39884434,0.43485965,39,0.56410256,1.47963235,0.40975692
h4,12,50,dmi_adx_bull+atr_expand+mtf_volatility+cross_group_bull,147,0.56462585,1.27488862,28,0.46428571,1.09227943,0.29531570,18,0.33333333,0.87432821,0.16278775
h4,12,50,sma_stack_bull+adx25+elliott_wave5_bull+mtf_volatility,310,0.56451613,1.27464088,52,0.51923077,1.22154327,0.38685683,43,0.44186047,1.15899321,0.30433310
h4,12,50,adx25+horizontal_break_up+impulse_bull+mtf_volatility,365,0.56438356,1.27434155,51,0.43137255,1.01484786,0.30501236,51,0.47058824,1.23434571,0.34052990
h4,12,50,trend_bull+volatility+horizontal_break_up+mtf_volatility,257,0.56420233,1.27393235,49,0.55102041,1.29633163,0.41315108,45,0.55555556,1.45721368,0.41176134
h4,12,50,dmi_adx_bull+horizontal_break_up+mtf_trend_bull+cross_group_bull,610,0.56393443,1.27332743,131,0.45801527,1.07752757,0.37510791,87,0.50574713,1.32656694,0.40269097
h4,12,50,ichimoku_cloud_bull+triangle_breakout_up,165,0.56363636,1.27265442,27,0.51851852,1.21986763,0.33985616,13,0.38461538,1.00884024,0.17709708
h4,12,50,ichimoku_cloud_bull+triangle_breakout_up+retest_up,165,0.56363636,1.27265442,25,0.48000000,1.12924889,0.30031286,13,0.38461538,1.00884024,0.17709708
h4,12,50,ichimoku_cloud_bull+adx25+horizontal_break_up+mtf_volatility,362,0.56353591,1.27242761,48,0.52083333,1.22531346,0.38329232,44,0.52272727,1.37110560,0.37935466
h4,12,50,trend_bull+breakout20_up+impulse_bull+mtf_volatility,513,0.56335283,1.27201422,78,0.48717949,1.14613936,0.37948952,90,0.46666667,1.22405949,0.36708425
h4,12,50,sma_stack_bull+breakout20_up+mtf_volatility+cross_target_relative_up,403,0.56327543,1.27183947,70,0.51428571,1.20990952,0.39954384,73,0.36986301,0.97014500,0.26823150
h4,12,50,sma_stack_bull+retest_up+mtf_volatility+cross_target_relative_up,403,0.56327543,1.27183947,69,0.52173913,1.22744444,0.40587255,73,0.36986301,0.97014500,0.26823150
h4,12,50,adx25+horizontal_break_up+mtf_trend_bull+cross_group_bull,613,0.56280587,1.27077923,133,0.45112782,1.06132414,0.36911564,87,0.50574713,1.32656694,0.40269097
h4,12,50,sma_stack_bull+horizontal_break_up+mtf_volatility+cross_target_relative_up,359,0.56267409,1.27048168,60,0.50000000,1.17630093,0.37735024,67,0.34328358,0.90042756,0.24089006
h4,12,50,sma_stack_bull+horizontal_break_up+impulse_bull+mtf_volatility,377,0.56233422,1.26971426,63,0.42857143,1.00825794,0.31396918,61,0.40983607,1.07499370,0.29535337
h4,12,50,ichimoku_cloud_bull+adx25+breakout20_up+engulf_bull,169,0.56213018,1.26925355,29,0.41379310,0.97349042,0.25513177,15,0.33333333,0.87432821,0.15176324
h4,12,50,trend_bull+horizontal_break_up+mtf_volatility+cross_target_relative_up,411,0.56204380,1.26905851,66,0.50000000,1.17630093,0.38273688,75,0.36000000,0.94427447,0.26064929
h4,12,50,adx25+horizontal_break_up+mtf_volatility+cross_group_bull,315,0.56190476,1.26874458,48,0.43750000,1.02926331,0.30701269,53,0.56603774,1.48470828,0.43265351
h4,12,50,dmi_adx_bull+horizontal_break_up+mtf_volatility+cross_group_bull,315,0.56190476,1.26874458,48,0.43750000,1.02926331,0.30701269,53,0.56603774,1.48470828,0.43265351
h4,12,50,trend_bull+breakout20_up+mtf_volatility+cross_group_return_up,509,0.56188605,1.26870233,81,0.48148148,1.13273422,0.37599642,107,0.50467290,1.32374925,0.41143260
h4,12,50,trend_bull+retest_up+mtf_volatility+cross_group_return_up,509,0.56188605,1.26870233,80,0.48750000,1.14689340,0.38107880,105,0.49523810,1.29900191,0.40147668
h4,12,50,trend_bull+adx25+elliott_wave5_bull+mtf_volatility,372,0.56182796,1.26857116,59,0.52542373,1.23611284,0.40039795,57,0.52631579,1.38051822,0.39918016
h4,12,50,trend_bull+dmi_adx_bull+engulf_bull+mtf_volatility,235,0.56170213,1.26828704,35,0.54285714,1.27712672,0.38189725,22,0.40909091,1.07303917,0.23255816
h4,12,50,ichimoku_cloud_bull+dmi_adx_bull+breakout20_up+mtf_volatility,381,0.56167979,1.26823661,51,0.54901961,1.29162455,0.41384709,44,0.52272727,1.37110560,0.37935466
h4,12,50,sma_stack_bull+engulf_bull+mtf_volatility+cross_target_relative_up,203,0.56157635,1.26800306,35,0.57142857,1.34434391,0.40857411,29,0.48275862,1.26626844,0.31386090
h4,12,50,atr_expand+impulse_bull+mtf_volatility+cross_group_bull,130,0.56153846,1.26791750,32,0.40625000,0.95574450,0.25519635,26,0.38461538,1.00884024,0.22428594
h4,12,50,dmi_adx_bull+engulf_bull+mtf_volatility+cross_target_relative_up,171,0.56140351,1.26761278,26,0.57692308,1.35727030,0.38948614,27,0.44444444,1.16577095,0.27585858
h4,12,50,sma_stack_bull+volatility+engulf_bull+mtf_volatility,212,0.56132075,1.26742593,32,0.46875000,1.10278212,0.30869387,26,0.57692308,1.51326036,0.38948614
h4,12,50,dmi_adx_bull+horizontal_break_up+mtf_volatility+cross_group_return_up,362,0.56077348,1.26619022,50,0.42000000,0.98809278,0.29375003,52,0.57692308,1.51326036,0.44194325
h4,12,50,trend_bull+horizontal_break_up+impulse_bull+mtf_volatility,428,0.56074766,1.26613193,67,0.44776119,1.05340381,0.33476393,71,0.45070423,1.18219025,0.34047961
h4,12,50,ichimoku_cloud_bull+dmi_adx_bull+retest_up+mtf_volatility,380,0.56052632,1.26563214,51,0.54901961,1.29162455,0.41384709,44,0.52272727,1.37110560,0.37935466
h4,12,50,macd_cross_up+breakout20_up+mtf_trend_bull+cross_target_relative_up,141,0.56028369,1.26508430,32,0.43750000,1.02926331,0.28165331,31,0.45161290,1.18457370,0.29161736
h4,12,50,macd_cross_up+retest_up+mtf_trend_bull+cross_target_relative_up,141,0.56028369,1.26508430,32,0.43750000,1.02926331,0.28165331,31,0.45161290,1.18457370,0.29161736
h4,12,50,trend_bull+adx25+impulse_bull+mtf_volatility,707,0.56011315,1.26469924,129,0.46511628,1.09423342,0.38130031,98,0.50000000,1.31149231,0.40289183
h4,12,50,sma_stack_bull+elliott_pullback_bull+mtf_volatility+cross_group_bull,591,0.56006768,1.26459657,146,0.44520548,1.04739123,0.36702251,84,0.42857143,1.12413627,0.32815977
h4,12,50,horizontal_break_up+engulf_bull+mtf_trend_bull+cross_target_relative_up,125,0.56000000,1.26444375,20,0.35000000,0.82341065,0.18119182,30,0.43333333,1.13662667,0.27377486
h4,12,50,ichimoku_cloud_bull+adx25+breakout20_up+mtf_volatility,386,0.55958549,1.26350782,52,0.55769231,1.31202796,0.42339762,48,0.52083333,1.36613783,0.38329232
h4,12,100,sma_stack_bull+atr_expand+mtf_volatility+cross_group_bull,136,0.37500000,2.12699872,24,0.25000000,1.43856555,0.11999366,15,0.06666667,0.51617783,0.01186690
h4,12,100,trend_bull+atr_expand+mtf_volatility+cross_group_bull,155,0.36774194,2.08583100,27,0.25925926,1.49184576,0.13170375,19,0.21052632,1.63003524,0.08507677
h4,12,100,trend_bull+atr_expand+mtf_volatility+cross_group_return_up,185,0.36756757,2.08484198,29,0.24137931,1.38895984,0.12218422,23,0.26086957,2.01982628,0.12548616
h4,12,100,sma_stack_bull+atr_expand+mtf_volatility+cross_group_return_up,164,0.36585366,2.07512070,23,0.26086957,1.50111188,0.12548616,19,0.15789474,1.22252643,0.05520472
h4,12,100,sma_stack_bull+atr_expand+mtf_volatility,359,0.35376045,2.00652804,62,0.20967742,1.20653885,0.12683989,49,0.12244898,0.94808172,0.05734826
h4,12,100,sma_stack_bull+atr_expand+impulse_bull+mtf_volatility,120,0.35000000,1.98519880,19,0.15789474,0.90856772,0.05520472,21,0.09523810,0.73739690,0.02651877
h4,12,100,trend_bull+atr_expand+impulse_bull+mtf_volatility,129,0.34883721,1.97860346,22,0.18181818,1.04622949,0.07306885,23,0.17391304,1.34655085,0.06978654
h4,12,100,dmi_adx_bull+atr_expand+horizontal_break_up+mtf_trend_bull,141,0.34042553,1.93089245,22,0.27272727,1.56934424,0.13150760,12,0.33333333,2.58088913,0.13812009
h4,12,100,atr_expand+elliott_wave3_bull+mtf_volatility,159,0.33962264,1.92633846,28,0.14285714,0.82203746,0.05699005,22,0.09090909,0.70387885,0.02529543
h4,12,100,ichimoku_cloud_bull+atr_expand+impulse_bull+mtf_volatility,171,0.33918129,1.92383510,32,0.28125000,1.61838624,0.15564580,27,0.11111111,0.86029638,0.03852035
h4,12,100,squeeze_release_up+impulse_bull+mtf_volatility,122,0.33606557,1.90616278,19,0.26315789,1.51427953,0.11806412,17,0.23529412,1.82180410,0.09555044
h4,12,100,squeeze_release_up+breakout20_up+impulse_bull+mtf_volatility,122,0.33606557,1.90616278,19,0.26315789,1.51427953,0.11806412,17,0.23529412,1.82180410,0.09555044
h4,12,100,trend_bull+atr_expand+mtf_volatility,393,0.33333333,1.89066552,69,0.20289855,1.16753146,0.12489333,56,0.17857143,1.38261918,0.09999857
h4,12,100,sma_stack_bull+adx25+atr_expand+mtf_volatility,204,0.33333333,1.89066552,37,0.21621622,1.24416480,0.11386512,15,0.06666667,0.51617783,0.01186690
h4,12,100,adx25+atr_expand+horizontal_break_up+mtf_trend_bull,144,0.33333333,1.89066552,22,0.27272727,1.56934424,0.13150760,12,0.33333333,2.58088913,0.13812009
h4,12,100,squeeze_release_up+elliott_wave5_bull+mtf_adx25+cross_group_return_up,135,0.33333333,1.89066552,20,0.25000000,1.43856555,0.11186170,15,0.06666667,0.51617783,0.01186690
h4,12,100,sma_stack_bull+atr_expand+mtf_volatility+cross_target_relative_up,166,0.33132530,1.87927597,27,0.25925926,1.49184576,0.13170375,22,0.09090909,0.70387885,0.02529543
h4,12,100,dmi_adx_bull+horizontal_break_up+engulf_bull+cross_group_return_up,124,0.33064516,1.87541822,28,0.25000000,1.43856555,0.12676495,13,0.15384615,1.19117960,0.04325818
h4,12,100,ichimoku_cloud_bull+dmi_adx_bull+horizontal_break_up+mtf_trend_bull,758,0.32981530,1.87071127,119,0.21008403,1.20887861,0.14654378,90,0.11111111,0.86029638,0.06148319
h4,12,100,atr_expand+impulse_bull+mtf_volatility,362,0.32872928,1.86455136,63,0.23809524,1.37006243,0.14993784,62,0.12903226,0.99905386,0.06685878
h4,12,100,atr_expand+mtf_volatility+breakout20_up,140,0.32857143,1.86365602,24,0.16666667,0.95904370,0.06678676,20,0.15000000,1.16140011,0.05236875
h4,12,100,atr_expand+breakout20_up+mtf_volatility,140,0.32857143,1.86365602,24,0.16666667,0.95904370,0.06678676,20,0.15000000,1.16140011,0.05236875
h4,12,100,atr_expand+retest_up+mtf_volatility,140,0.32857143,1.86365602,23,0.17391304,1.00074125,0.06978654,19,0.10526316,0.81501762,0.02935856
h4,12,100,atr_expand+breakout20_up+retest_up+mtf_volatility,140,0.32857143,1.86365602,23,0.17391304,1.00074125,0.06978654,19,0.10526316,0.81501762,0.02935856
h4,12,100,ichimoku_cloud_bull+adx25+horizontal_break_up+mtf_trend_bull,765,0.32810458,1.86100803,122,0.20491803,1.17915209,0.14282958,90,0.11111111,0.86029638,0.06148319
h4,12,100,adx25+horizontal_break_up+engulf_bull+cross_group_return_up,125,0.32800000,1.86041488,28,0.25000000,1.43856555,0.12676495,13,0.15384615,1.19117960,0.04325818
h4,12,100,atr_expand+impulse_bull+elliott_wave3_bull+mtf_volatility,125,0.32800000,1.86041488,26,0.15384615,0.88527111,0.06150034,20,0.10000000,0.77426674,0.02786648
h4,12,100,sma_stack_bull+dmi_adx_bull+horizontal_break_up+mtf_volatility,342,0.32748538,1.85749595,54,0.20370370,1.17216452,0.11774054,42,0.11904762,0.92174612,0.05193803
h4,12,100,ichimoku_cloud_bull+atr_expand+mtf_volatility,569,0.32688928,1.85411487,100,0.33000000,1.89890653,0.24563123,93,0.11827957,0.91579937,0.06734438
h4,12,100,adx25+horizontal_break_up+mtf_trend_bull+cross_group_bull,613,0.32626427,1.85056984,133,0.20300752,1.16815849,0.14343687,87,0.21839080,1.69092736,0.14450814
h4,12,100,dmi_adx_bull+horizontal_break_up+mtf_trend_bull+cross_group_bull,610,0.32622951,1.85037265,131,0.20610687,1.18599297,0.14569275,87,0.21839080,1.69092736,0.14450814
h4,12,100,sma_stack_bull+adx25+horizontal_break_up+mtf_volatility,344,0.32558140,1.84669656,54,0.20370370,1.17216452,0.11774054,42,0.11904762,0.92174612,0.05193803
h4,12,100,volatility+horizontal_break_up+mtf_trend_bull+cross_group_bull,302,0.32450331,1.84058167,81,0.29629630,1.70496658,0.20791957,77,0.28571429,2.21219069,0.19689518
h4,12,100,sma_stack_bull+dmi_adx_bull+breakout20_up+mtf_volatility,346,0.32369942,1.83602201,57,0.24561404,1.41332756,0.15232837,42,0.11904762,0.92174612,0.05193803
h4,12,100,dmi_adx_bull+horizontal_break_up+mtf_volatility+cross_group_return_up,362,0.32320442,1.83321436,50,0.22000000,1.26593768,0.12753916,52,0.17307692,1.34007705,0.09382474
h4,12,100,adx25+horizontal_break_up+mtf_volatility+cross_group_return_up,363,0.32231405,1.82816418,50,0.22000000,1.26593768,0.12753916,52,0.17307692,1.34007705,0.09382474
h4,12,100,sma_stack_bull+adx25+breakout20_up+mtf_volatility,348,0.32183908,1.82547016,57,0.24561404,1.41332756,0.15232837,43,0.11627907,0.90031016,0.05070428
h4,12,100,sma_stack_bull+dmi_adx_bull+retest_up+mtf_volatility,345,0.32173913,1.82490325,57,0.24561404,1.41332756,0.15232837,41,0.09756098,0.75538219,0.03859708
h4,12,100,sma_stack_bull+dmi_adx_bull+atr_expand+mtf_volatility,143,0.32167832,1.82455834,25,0.16000000,0.92068195,0.06403451,11,0.09090909,0.70387885,0.01623217
h4,12,100,ichimoku_cloud_bull+horizontal_break_up+mtf_trend_bull+cross_group_return_up,853,0.32121923,1.82195435,175,0.21714286,1.24949693,0.16248728,178,0.13483146,1.04395516,0.09230813
h4,12,100,trend_bull+dmi_adx_bull+horizontal_break_up+mtf_volatility,405,0.32098765,1.82064088,61,0.19672131,1.13198601,0.11627802,51,0.15686275,1.21453606,0.08169223
h4,12,100,ichimoku_cloud_bull+horizontal_break_up+mtf_trend_bull+cross_group_bull,720,0.32083333,1.81976557,150,0.22000000,1.26593768,0.16116024,154,0.15584416,1.20664947,0.10701941
h4,12,100,ichimoku_cloud_bull+atr_expand+mtf_volatility+cross_target_relative_up,256,0.32031250,1.81681140,48,0.20833333,1.19880462,0.11730273,33,0.15151515,1.17313142,0.06650457
h4,12,100,adx25+horizontal_break_up+engulf_bull+cross_target_relative_up,125,0.32000000,1.81503890,15,0.20000000,1.15085244,0.07047549,17,0.23529412,1.82180410,0.09555044
h4,12,100,dmi_adx_bull+horizontal_break_up+engulf_bull+cross_target_relative_up,125,0.32000000,1.81503890,15,0.20000000,1.15085244,0.07047549,17,0.23529412,1.82180410,0.09555044
h4,12,100,atr_expand+mtf_volatility,1172,0.31996587,1.81484532,192,0.30208333,1.73826671,0.24154102,172,0.13953488,1.08037220,0.09559298
h4,12,100,sma_stack_bull+adx25+retest_up+mtf_volatility,347,0.31988473,1.81438507,57,0.24561404,1.41332756,0.15232837,42,0.09523810,0.73739690,0.03766225
h4,12,100,trend_bull+adx25+horizontal_break_up+mtf_volatility,407,0.31941032,1.81169424,61,0.19672131,1.13198601,0.11627802,51,0.15686275,1.21453606,0.08169223
h4,12,100,dmi_adx_bull+horizontal_break_up+mtf_trend_bull+cross_group_return_up,701,0.31811698,1.80435840,148,0.22297297,1.28304495,0.16340563,95,0.20000000,1.54853348,0.13194547
h4,12,100,adx25+horizontal_break_up+mtf_trend_bull+cross_group_return_up,706,0.31728045,1.79961364,154,0.21428571,1.23305619,0.15684996,95,0.20000000,1.54853348,0.13194547
h4,12,100,macd_cross_up+elliott_wave5_bull+mtf_volatility+cross_group_return_up,120,0.31666667,1.79613225,14,0.42857143,2.46611237,0.21380799,22,0.13636364,1.05581828,0.04749004
h4,12,100,atr_expand+mtf_volatility+adx25,697,0.31563845,1.79030021,112,0.31250000,1.79820694,0.23408225,83,0.14457831,1.11942179,0.08468299
h4,12,100,adx25+atr_expand+mtf_volatility,697,0.31563845,1.79030021,112,0.31250000,1.79820694,0.23408225,83,0.14457831,1.11942179,0.08468299
h4,12,100,horizontal_break_up+engulf_bull+elliott_wave3_bull+cross_group_return_up,127,0.31496063,1.78645561,33,0.18181818,1.04622949,0.08610768,20,0.10000000,0.77426674,0.02786648
h4,12,100,sma_stack_bull+dmi_adx_bull+elliott_wave5_bull+mtf_volatility,308,0.31493506,1.78631061,52,0.23076923,1.32790666,0.13724261,41,0.09756098,0.75538219,0.03859708
h4,12,100,adx25+horizontal_break_up+mtf_volatility+cross_group_bull,315,0.31428571,1.78262749,48,0.22916667,1.31868509,0.13307826,53,0.16981132,1.31479258,0.09199945
h4,12,100,dmi_adx_bull+horizontal_break_up+mtf_volatility+cross_group_bull,315,0.31428571,1.78262749,48,0.22916667,1.31868509,0.13307826,53,0.16981132,1.31479258,0.09199945
h4,12,100,trend_bull+adx25+breakout20_up+mtf_volatility,418,0.31339713,1.77758744,65,0.24615385,1.41643377,0.15757987,58,0.17241379,1.33494266,0.09644293
h4,12,100,atr_expand+horizontal_break_up+mtf_trend_bull+cross_group_bull,150,0.31333333,1.77722559,30,0.33333333,1.91808740,0.19230498,20,0.20000000,1.54853348,0.08065766
h4,12,100,trend_bull+dmi_adx_bull+breakout20_up+mtf_volatility,415,0.31325301,1.77677001,65,0.24615385,1.41643377,0.15757987,51,0.15686275,1.21453606,0.08169223
h4,12,100,ichimoku_cloud_bull+adx25+breakout20_up+mtf_trend_bull,834,0.31294964,1.77504929,141,0.19858156,1.14269037,0.14111755,105,0.11428571,0.88487627,0.06659702
h4,12,100,sma_stack_bull+adx25+elliott_wave5_bull+mtf_volatility,310,0.31290323,1.77478602,52,0.23076923,1.32790666,0.13724261,43,0.09302326,0.72024813,0.03677164
h4,12,100,ichimoku_cloud_bull+dmi_adx_bull+breakout20_up+mtf_trend_bull,819,0.31257631,1.77293177,134,0.20895522,1.20238315,0.14871215,92,0.10869565,0.84159428,0.06012152
h4,12,100,squeeze_release_up+mtf_adx25+cross_group_return_up,176,0.31250000,1.77249893,23,0.30434783,1.75129719,0.15604024,17,0.05882353,0.45545102,0.01046040
h4,12,100,squeeze_release_up+breakout20_up+mtf_adx25+cross_group_return_up,176,0.31250000,1.77249893,23,0.30434783,1.75129719,0.15604024,17,0.05882353,0.45545102,0.01046040
h4,12,100,squeeze_release_up+retest_up+mtf_adx25+cross_group_return_up,176,0.31250000,1.77249893,23,0.30434783,1.75129719,0.15604024,17,0.05882353,0.45545102,0.01046040
h4,12,100,horizontal_break_up+engulf_bull+mtf_trend_bull+cross_group_return_up,128,0.31250000,1.77249893,31,0.16129032,0.92810681,0.07092624,21,0.14285714,1.10609534,0.04981012
h4,12,100,trend_bull+atr_expand+mtf_volatility+cross_target_relative_up,189,0.31216931,1.77062327,38,0.21052632,1.21142362,0.11074792,23,0.17391304,1.34655085,0.06978654
h4,12,100,ichimoku_cloud_bull+adx25+retest_up+mtf_trend_bull,833,0.31212485,1.77037108,138,0.18840580,1.08413636,0.13194152,105,0.11428571,0.88487627,0.06659702
h4,12,100,trend_bull+horizontal_break_up+mtf_volatility+cross_group_bull,359,0.31197772,1.76953654,58,0.15517241,0.89290275,0.08384492,76,0.18421053,1.42628084,0.11302596
h4,12,100,trend_bull+adx25+retest_up+mtf_volatility,417,0.31175060,1.76824833,65,0.24615385,1.41643377,0.15757987,56,0.14285714,1.10609534,0.07420789
h4,12,100,ichimoku_cloud_bull+dmi_adx_bull+retest_up+mtf_trend_bull,818,0.31173594,1.76816519,131,0.19847328,1.14206731,0.13919720,92,0.10869565,0.84159428,0.06012152
h4,12,100,trend_bull+dmi_adx_bull+retest_up+mtf_volatility,414,0.31159420,1.76736125,65,0.24615385,1.41643377,0.15757987,49,0.12244898,0.94808172,0.05734826
h4,12,100,trend_bull+macd_cross_up+impulse_bull+mtf_volatility,138,0.31159420,1.76736125,21,0.14285714,0.82203746,0.04981012,18,0.22222222,1.72059276,0.09000928
h4,12,100,sma_stack_bull+atr_expand+breakout20_up+mtf_trend_bull,222,0.31081081,1.76291785,35,0.14285714,0.82203746,0.06260231,25,0.08000000,0.61941339,0.02222040
h4,12,100,sma_stack_bull+atr_expand+retest_up+mtf_trend_bull,222,0.31081081,1.76291785,34,0.14705882,0.84621503,0.06449441,25,0.08000000,0.61941339,0.02222040
h4,12,100,atr_expand+horizontal_break_up+mtf_trend_bull+cross_group_return_up,177,0.31073446,1.76248481,36,0.33333333,1.91808740,0.20214619,24,0.16666667,1.29044457,0.06678676
h4,12,100,trend_bull+dmi_adx_bull+atr_expand+mtf_volatility,161,0.31055901,1.76148962,32,0.15625000,0.89910347,0.06864420,13,0.23076923,1.78676940,0.08179529
h4,12,100,sma_stack_bull+horizontal_break_up+mtf_volatility+cross_group_bull,316,0.31012658,1.75903691,55,0.14545455,0.83698359,0.07559289,64,0.17187500,1.33077096,0.09877742
h4,12,100,trend_bull+horizontal_break_up+mtf_volatility+cross_group_return_up,416,0.31009615,1.75886432,63,0.14285714,0.82203746,0.07701948,81,0.17283951,1.33823881,0.10584404
h4,12,100,ichimoku_cloud_bull+dmi_adx_bull+horizontal_break_up+engulf_bull,142,0.30985915,1.75752007,25,0.24000000,1.38102293,0.11496314,13,0.15384615,1.19117960,0.04325818
h4,12,100,volatility+horizontal_break_up+mtf_trend_bull+cross_group_return_up,339,0.30973451,1.75681310,93,0.30107527,1.73246604,0.21726303,91,0.26373626,2.04202217,0.18410599
h4,12,100,horizontal_break_up+elliott_wave3_bull+mtf_trend_bull+cross_group_bull,656,0.30945122,1.75520626,139,0.20863309,1.20052952,0.14937488,132,0.23484848,1.81835371,0.17066821
h4,12,100,macd_cross_up+breakout20_up+mtf_trend_bull+cross_group_return_up,139,0.30935252,1.75464642,31,0.16129032,0.92810681,0.07092624,29,0.10344828,0.80096559,0.03581489
h4,12,100,macd_cross_up+retest_up+mtf_trend_bull+cross_group_return_up,139,0.30935252,1.75464642,31,0.16129032,0.92810681,0.07092624,29,0.10344828,0.80096559,0.03581489
h4,12,100,adx25+atr_expand+mtf_volatility+cross_target_relative_up,304,0.30921053,1.75384105,57,0.28070175,1.61523149,0.18079399,35,0.11428571,0.88487627,0.04535179
h4,12,100,macd_cross_up+horizontal_break_up+mtf_trend_bull+cross_target_relative_up,123,0.30894309,1.75232414,26,0.15384615,0.88527111,0.06150034,26,0.15384615,1.19117960,0.06150034
h4,12,100,ichimoku_cloud_bull+horizontal_break_up+engulf_bull+cross_group_bull,136,0.30882353,1.75164600,37,0.21621622,1.24416480,0.11386512,26,0.03846154,0.29779490,0.00682198
h4,12,100,dmi_adx_bull+breakout20_up+engulf_bull+cross_group_bull,136,0.30882353,1.75164600,32,0.28125000,1.61838624,0.15564580,17,0.17647059,1.36635307,0.06191127
h4,12,100,sma_stack_bull+dmi_adx_bull+horizontal_break_up+mtf_trend_bull,837,0.30824373,1.74835737,180,0.19444444,1.11888432,0.14326402,102,0.15686275,1.21453606,0.09892289
h4,12,100,atr_expand+impulse_bull+mtf_volatility+cross_target_relative_up,159,0.30817610,1.74797379,29,0.31034483,1.78580551,0.17275617,24,0.04166667,0.32261114,0.00739346
h4,12,100,adx25+atr_expand+impulse_bull+mtf_volatility,224,0.30803571,1.74717752,38,0.23684211,1.36285157,0.12993707,24,0.12500000,0.96783343,0.04344334
h4,12,100,ichimoku_cloud_bull+adx25+horizontal_break_up+engulf_bull,143,0.30769231,1.74522971,25,0.24000000,1.38102293,0.11496314,13,0.15384615,1.19117960,0.04325818
h4,12,100,ichimoku_cloud_bull+atr_expand+mtf_volatility+cross_group_bull,205,0.30731707,1.74310139,37,0.24324324,1.39968540,0.13361353,30,0.06666667,0.51617783,0.01847702
h4,12,100,sma_stack_bull+horizontal_break_up+mtf_volatility+cross_group_return_up,365,0.30684932,1.74044826,59,0.13559322,0.78023894,0.07034175,68,0.16176471,1.25249032,0.09280092
h4,12,100,adx25+atr_expand+engulf_bull,176,0.30681818,1.74027168,39,0.15384615,0.88527111,0.07247472,18,0.11111111,0.86029638,0.03101952
h4,12,100,dmi_adx_bull+horizontal_break_up+elliott_wave3_bull+mtf_trend_bull,627,0.30622010,1.73687933,105,0.20000000,1.15085244,0.13469908,68,0.19117647,1.48021583,0.11527294
h4,12,100,adx25+horizontal_break_up+engulf_bull+mtf_trend_bull,134,0.30597015,1.73546164,21,0.09523810,0.54802497,0.02651877,12,0.33333333,2.58088913,0.13812009
h4,12,100,dmi_adx_bull+horizontal_break_up+engulf_bull+mtf_trend_bull,134,0.30597015,1.73546164,21,0.09523810,0.54802497,0.02651877,12,0.33333333,2.58088913,0.13812009
h4,12,100,ichimoku_cloud_bull+dmi_adx_bull+horizontal_break_up+mtf_volatility,360,0.30555556,1.73311006,48,0.22916667,1.31868509,0.13307826,44,0.09090909,0.70387885,0.03592219
h4,12,100,atr_expand+mtf_volatility+cross_target_relative_up,514,0.30544747,1.73249701,88,0.31818182,1.83090161,0.23022582,70,0.11428571,0.88487627,0.05906129
h4,12,100,sma_stack_bull+adx25+horizontal_break_up+mtf_trend_bull,848,0.30542453,1.73236688,186,0.18817204,1.08279127,0.13852662,103,0.15533981,1.20274445,0.09793824
h4,12,100,sma_stack_bull+atr_expand+elliott_wave3_bull+mtf_trend_bull,213,0.30516432,1.73089097,29,0.13793103,0.79369134,0.05497440,25,0.08000000,0.61941339,0.02222040
h4,12,100,sma_stack_bull+atr_expand+horizontal_break_up+mtf_trend_bull,210,0.30476190,1.72860848,32,0.12500000,0.71928277,0.04970134,24,0.08333333,0.64522228,0.02315882
h4,12,100,macd_cross_up+horizontal_break_up+elliott_wave5_bull+mtf_trend_bull,161,0.30434783,1.72625983,33,0.18181818,1.04622949,0.08610768,29,0.10344828,0.80096559,0.03581489
h4,12,100,sma_stack_bull+volatility+horizontal_break_up+mtf_volatility,227,0.30396476,1.72408706,45,0.22222222,1.27872493,0.12544686,39,0.20512821,1.58823947,0.10779718
h4,12,100,ichimoku_cloud_bull+adx25+horizontal_break_up+mtf_volatility,362,0.30386740,1.72353487,48,0.22916667,1.31868509,0.13307826,44,0.09090909,0.70387885,0.03592219
h4,12,100,trend_bull+horizontal_break_up+engulf_bull+cross_group_return_up,168,0.30357143,1.72185610,45,0.20000000,1.15085244,0.10896127,31,0.12903226,0.99905386,0.05134284
h4,12,100,squeeze_release_up+impulse_bull+mtf_adx25+cross_group_return_up,145,0.30344828,1.72115758,19,0.36842105,2.11999134,0.19149513,15,0.06666667,0.51617783,0.01186690
h4,12,100,adx25+breakout20_up+mtf_trend_bull+cross_group_bull,712,0.30337079,1.72071806,158,0.21518987,1.23825895,0.15827671,110,0.19090909,1.47814560,0.12839408
h4,12,100,adx25+retest_up+mtf_trend_bull+cross_group_bull,712,0.30337079,1.72071806,155,0.20000000,1.15085244,0.14462847,107,0.16822430,1.30250480,0.10914211
h4,12,100,adx25+horizontal_break_up+elliott_wave3_bull+mtf_trend_bull,633,0.30331754,1.72041602,108,0.19444444,1.11888432,0.13084378,69,0.18840580,1.45876342,0.11354748
h4,12,100,macd_cross_up+horizontal_break_up+mtf_trend_bull+cross_group_return_up,122,0.30327869,1.72019568,24,0.12500000,0.71928277,0.04344334,24,0.12500000,0.96783343,0.04344334
h4,12,100,squeeze_release_up+impulse_bull+elliott_wave5_bull+mtf_trend_bull,188,0.30319149,1.71970109,34,0.26470588,1.52318705,0.14601191,29,0.17241379,1.33494266,0.07597857
h4,12,100,dmi_adx_bull+breakout20_up+engulf_bull+elliott_wave3_bull,142,0.30281690,1.71757643,29,0.20689655,1.19053701,0.09846070,13,0.15384615,1.19117960,0.04325818
h4,12,100,trend_bull+horizontal_break_up+engulf_bull+cross_group_bull,152,0.30263158,1.71652528,40,0.22500000,1.29470899,0.12316091,26,0.11538462,0.89338470,0.04003245
h4,12,100,horizontal_break_up+impulse_bull+mtf_volatility+cross_group_return_up,410,0.30243902,1.71543311,65,0.20000000,1.15085244,0.12077959,83,0.19277108,1.49256239,0.12228903
h4,12,100,atr_expand+elliott_wave5_bull+mtf_volatility,139,0.30215827,1.71384069,21,0.19047619,1.09604994,0.07667565,19,0.10526316,0.81501762,0.02935856
h4,12,100,adx25+breakout20_up+engulf_bull+cross_group_bull,139,0.30215827,1.71384069,33,0.27272727,1.56934424,0.15067441,20,0.20000000,1.54853348,0.08065766
h4,12,100,ichimoku_cloud_bull+adx25+atr_expand+mtf_volatility,318,0.30188679,1.71230085,70,0.37142857,2.13729739,0.26770651,53,0.11320755,0.87652839,0.05293031
h4,12,150,macd_cross_up+elliott_wave5_bull+mtf_volatility+cross_group_return_up,120,0.22500000,3.04933908,14,0.14285714,1.83863999,0.04009392,22,0.00000000,0.00000000,0.00000000
h4,12,150,adx25+horizontal_break_up+mtf_trend_bull+cross_group_bull,613,0.21370310,2.89623650,133,0.07518797,0.96770526,0.04135080,87,0.05747126,1.20012009,0.02479564
h4,12,150,dmi_adx_bull+horizontal_break_up+mtf_trend_bull+cross_group_bull,610,0.21311475,2.88826288,131,0.07633588,0.98247939,0.04199024,87,0.05747126,1.20012009,0.02479564
h4,12,150,trend_bull+atr_expand+mtf_volatility+cross_group_bull,155,0.21290323,2.88539611,27,0.22222222,2.86010665,0.10607239,19,0.15789474,3.29717203,0.05520472
h4,12,150,ichimoku_cloud_bull+dmi_adx_bull+horizontal_break_up+mtf_trend_bull,758,0.21240106,2.87859039,119,0.05042017,0.64893176,0.02331032,90,0.01111111,0.23202322,0.00196408
h4,12,150,ichimoku_cloud_bull+adx25+horizontal_break_up+mtf_trend_bull,765,0.21176471,2.86996619,122,0.04918033,0.63297442,0.02273217,90,0.01111111,0.23202322,0.00196408
h4,12,150,sma_stack_bull+atr_expand+mtf_volatility+cross_group_bull,136,0.20588235,2.79024491,24,0.20833333,2.68134999,0.09244825,15,0.00000000,0.00000000,0.00000000
h4,12,150,dmi_adx_bull+atr_expand+horizontal_break_up+mtf_trend_bull,141,0.20567376,2.78741791,22,0.27272727,3.51013089,0.13150760,12,0.16666667,3.48034826,0.04696514
h4,12,150,ichimoku_cloud_bull+horizontal_break_up+mtf_trend_bull+cross_group_bull,720,0.20555556,2.78581595,150,0.07333333,0.94383520,0.04143882,154,0.03246753,0.67798992,0.01394636
h4,12,150,dmi_adx_bull+horizontal_break_up+mtf_trend_bull+cross_group_return_up,701,0.20542083,2.78399003,148,0.08108108,1.04355243,0.04698837,95,0.05263158,1.09905734,0.02268811
h4,12,150,adx25+horizontal_break_up+mtf_trend_bull+cross_group_return_up,706,0.20538244,2.78346973,154,0.07792208,1.00289454,0.04513429,95,0.05263158,1.09905734,0.02268811
h4,12,150,ichimoku_cloud_bull+macd_cross_up+elliott_wave5_bull+mtf_volatility,127,0.20472441,2.77455174,15,0.06666667,0.85803200,0.01186690,14,0.00000000,0.00000000,0.00000000
h4,12,150,sma_stack_bull+dmi_adx_bull+horizontal_break_up+mtf_volatility,342,0.20467836,2.77392768,54,0.07407407,0.95336888,0.02918153,42,0.00000000,0.00000000,-0.00000000
h4,12,150,sma_stack_bull+adx25+horizontal_break_up+mtf_volatility,344,0.20348837,2.75780020,54,0.07407407,0.95336888,0.02918153,42,0.00000000,0.00000000,-0.00000000
h4,12,150,sma_stack_bull+dmi_adx_bull+breakout20_up+mtf_volatility,346,0.20231214,2.74185916,57,0.07017544,0.90319158,0.02762642,42,0.00000000,0.00000000,-0.00000000
h4,12,150,adx25+atr_expand+horizontal_break_up+mtf_trend_bull,144,0.20138889,2.72934670,22,0.27272727,3.51013089,0.13150760,12,0.16666667,3.48034826,0.04696514
h4,12,150,ichimoku_cloud_bull+horizontal_break_up+engulf_bull+mtf_trend_bull,159,0.20125786,2.72757094,32,0.12500000,1.60880999,0.04970134,28,0.03571429,0.74578891,0.00633252
h4,12,150,sma_stack_bull+adx25+breakout20_up+mtf_volatility,348,0.20114943,2.72610134,57,0.07017544,0.90319158,0.02762642,43,0.00000000,0.00000000,0.00000000
h4,12,150,ichimoku_cloud_bull+macd_cross_up+impulse_bull+mtf_volatility,209,0.20095694,2.72349264,37,0.10810811,1.39140324,0.04285190,27,0.07407407,1.54682145,0.02055465
h4,12,150,sma_stack_bull+dmi_adx_bull+retest_up+mtf_volatility,345,0.20000000,2.71052362,57,0.07017544,0.90319158,0.02762642,41,0.00000000,0.00000000,-0.00000000
h4,12,150,sma_stack_bull+dmi_adx_bull+horizontal_break_up+mtf_trend_bull,837,0.19952210,2.70404686,180,0.05000000,0.64352400,0.02652514,102,0.01960784,0.40945274,0.00539375
h4,12,150,sma_stack_bull+adx25+retest_up+mtf_volatility,347,0.19884726,2.69490101,57,0.07017544,0.90319158,0.02762642,42,0.00000000,0.00000000,-0.00000000
h4,12,150,sma_stack_bull+adx25+horizontal_break_up+mtf_trend_bull,848,0.19811321,2.68495265,186,0.04838710,0.62276516,0.02566251,103,0.01941748,0.40547747,0.00534123
h4,12,150,ichimoku_cloud_bull+dmi_adx_bull+breakout20_up+mtf_trend_bull,819,0.19780220,2.68073765,134,0.05223881,0.67233850,0.02553200,92,0.01086957,0.22697923,0.00192133
h4,12,150,ichimoku_cloud_bull+horizontal_break_up+mtf_trend_bull+cross_group_return_up,853,0.19695193,2.66921435,175,0.06285714,0.80900160,0.03545755,178,0.02808989,0.58657555,0.01205673
h4,12,150,horizontal_break_up+engulf_bull+elliott_wave3_bull+cross_group_return_up,127,0.19685039,2.66783821,33,0.09090909,1.17004363,0.03140394,20,0.00000000,0.00000000,0.00000000
h4,12,150,ichimoku_cloud_bull+dmi_adx_bull+retest_up+mtf_trend_bull,818,0.19682152,2.66744684,131,0.03816794,0.49123969,0.01641133,92,0.01086957,0.22697923,0.00192133
h4,12,150,adx25+atr_expand+impulse_bull+mtf_volatility,224,0.19642857,2.66212142,38,0.10526316,1.35478736,0.04170257,24,0.04166667,0.87008706,0.00739346
h4,12,150,macd_cross_up+impulse_bull+elliott_wave5_bull+mtf_volatility,148,0.19594595,2.65558058,16,0.12500000,1.60880999,0.03497749,20,0.05000000,1.04410448,0.00888145
h4,12,150,trend_bull+macd_cross_up+impulse_bull+mtf_volatility,138,0.19565217,2.65159920,21,0.09523810,1.22575999,0.02651877,18,0.11111111,2.32023217,0.03101952
h4,12,150,ichimoku_cloud_bull+adx25+breakout20_up+mtf_trend_bull,834,0.19544365,2.64877308,141,0.04964539,0.63896000,0.02425353,105,0.02857143,0.59663113,0.00976384
h4,12,150,volatility+horizontal_break_up+mtf_trend_bull+cross_group_bull,302,0.19536424,2.64769692,81,0.14814815,1.90673777,0.08682708,77,0.09090909,1.89837178,0.04473571
h4,12,150,sma_stack_bull+dmi_adx_bull+breakout20_up+mtf_trend_bull,862,0.19489559,2.64134553,183,0.04918033,0.63297442,0.02608670,102,0.01960784,0.40945274,0.00539375
h4,12,150,ichimoku_cloud_bull+adx25+retest_up+mtf_trend_bull,833,0.19447779,2.63568323,138,0.03623188,0.46632174,0.01557359,105,0.02857143,0.59663113,0.00976384
h4,12,150,atr_expand+engulf_bull+mtf_adx25,134,0.19402985,2.62961247,17,0.00000000,0.00000000,0.00000000,13,0.00000000,0.00000000,0.00000000
h4,12,150,sma_stack_bull+dmi_adx_bull+retest_up+mtf_trend_bull,861,0.19396051,2.62867274,182,0.04945055,0.63645231,0.02623122,100,0.01000000,0.20882090,0.00176743
h4,12,150,ichimoku_cloud_bull+horizontal_break_up+mtf_volatility+cross_group_bull,330,0.19393939,2.62838654,68,0.08823529,1.13563058,0.04106812,55,0.01818182,0.37967436,0.00321678
h4,12,150,horizontal_break_up+impulse_bull+mtf_trend_bull+cross_group_bull,702,0.19373219,2.62557844,158,0.09493671,1.22188101,0.05837855,169,0.05917160,1.23562660,0.03245500
h4,12,150,adx25+horizontal_break_up+mtf_volatility+cross_group_bull,315,0.19365079,2.62447525,48,0.10416667,1.34067499,0.04532172,53,0.05660377,1.18200507,0.01943666
h4,12,150,dmi_adx_bull+horizontal_break_up+mtf_volatility+cross_group_bull,315,0.19365079,2.62447525,48,0.10416667,1.34067499,0.04532172,53,0.05660377,1.18200507,0.01943666
h4,12,150,horizontal_break_up+elliott_wave3_bull+mtf_trend_bull+cross_group_bull,656,0.19359756,2.62375381,139,0.09352518,1.20371395,0.05547239,132,0.07575758,1.58197648,0.04166806
h4,12,150,sma_stack_bull+adx25+breakout20_up+mtf_trend_bull,873,0.19358534,2.62358816,189,0.04761905,0.61288000,0.02525191,106,0.01886792,0.39400169,0.00518961
h4,12,150,atr_expand+horizontal_break_up+mtf_trend_bull+cross_group_bull,150,0.19333333,2.62017284,30,0.23333333,3.00311199,0.11792388,20,0.15000000,3.13231343,0.05236875
h4,12,150,dmi_adx_bull+horizontal_break_up+impulse_bull+mtf_trend_bull,740,0.19324324,2.61895188,132,0.09090909,1.17004363,0.05276921,89,0.03370787,0.70389066,0.01152922
h4,12,150,dmi_adx_bull+horizontal_break_up+elliott_wave3_bull+mtf_trend_bull,627,0.19298246,2.61541753,105,0.10476190,1.34833599,0.05951087,68,0.05882353,1.22835821,0.02311077
h4,12,150,sma_stack_bull+adx25+retest_up+mtf_trend_bull,872,0.19266055,2.61105487,188,0.04787234,0.61614000,0.02538731,104,0.00961538,0.20078932,0.00169937
h4,12,150,ichimoku_cloud_bull+horizontal_break_up+engulf_bull+elliott_wave3_bull,130,0.19230769,2.60627271,28,0.07142857,0.91932000,0.01981206,18,0.05555556,1.16011609,0.00987519
h4,12,150,adx25+horizontal_break_up+impulse_bull+mtf_trend_bull,746,0.19168901,2.59788792,133,0.09022556,1.16124631,0.05236654,89,0.03370787,0.70389066,0.01152922
h4,12,150,sma_stack_bull+dmi_adx_bull+elliott_wave5_bull+mtf_volatility,308,0.19155844,2.59611840,52,0.05769231,0.74252769,0.01981417,41,0.00000000,0.00000000,-0.00000000
h4,12,150,sma_stack_bull+dmi_adx_bull+elliott_wave5_bull+mtf_trend_bull,726,0.19146006,2.59478501,157,0.04458599,0.57384305,0.02176275,94,0.02127660,0.44429978,0.00585434
h4,12,150,adx25+horizontal_break_up+elliott_wave3_bull+mtf_trend_bull,633,0.19115324,2.59062684,108,0.10185185,1.31088222,0.05782932,69,0.05797101,1.21055592,0.02277239
h4,12,150,dmi_adx_bull+horizontal_break_up+mtf_volatility+cross_group_return_up,362,0.19060773,2.58323384,50,0.10000000,1.28704799,0.04347576,52,0.05769231,1.20473594,0.01981417
h4,12,150,dmi_adx_bull+breakout20_up+mtf_trend_bull+cross_group_bull,693,0.19047619,2.58145107,151,0.07284768,0.93758463,0.04116107,91,0.05494505,1.14736756,0.02369510
h4,12,150,dmi_adx_bull+retest_up+mtf_trend_bull+cross_group_bull,693,0.19047619,2.58145107,148,0.05405405,0.69570162,0.02764146,88,0.03409091,0.71188942,0.01166100
h4,12,150,horizontal_break_up+impulse_bull+mtf_trend_bull+cross_group_return_up,809,0.19035847,2.57985561,191,0.08900524,1.14554010,0.05631270,194,0.05154639,1.07639637,0.02823678
h4,12,150,sma_stack_bull+adx25+elliott_wave5_bull+mtf_volatility,310,0.19032258,2.57936925,52,0.05769231,0.74252769,0.01981417,43,0.00000000,0.00000000,0.00000000
h4,12,150,adx25+horizontal_break_up+mtf_volatility+cross_group_return_up,363,0.19008264,2.57611749,50,0.10000000,1.28704799,0.04347576,52,0.05769231,1.20473594,0.01981417
h4,12,150,sma_stack_bull+horizontal_break_up+mtf_volatility+cross_group_bull,316,0.18987342,2.57328192,55,0.07272727,0.93603491,0.02864406,64,0.01562500,0.32628265,0.00276354
h4,12,150,ichimoku_cloud_bull+horizontal_break_up+mtf_volatility+cross_group_return_up,390,0.18974359,2.57152241,69,0.08695652,1.11917217,0.04046362,59,0.01694915,0.35393372,0.00299823
h4,12,150,sma_stack_bull+adx25+elliott_wave5_bull+mtf_trend_bull,738,0.18970190,2.57095737,164,0.04268293,0.54934975,0.02082700,102,0.01960784,0.40945274,0.00539375
h4,12,150,trend_bull+atr_expand+mtf_volatility+cross_group_return_up,185,0.18918919,2.56400883,29,0.20689655,2.66285792,0.09846070,23,0.17391304,3.63166775,0.06978654
h4,12,150,ichimoku_cloud_bull+dmi_adx_bull+horizontal_break_up+mtf_volatility,360,0.18888889,2.55993898,48,0.10416667,1.34067499,0.04532172,44,0.00000000,0.00000000,0.00000000
h4,12,150,macd_cross_up+horizontal_break_up+mtf_trend_bull+cross_group_return_up,122,0.18852459,2.55500178,24,0.08333333,1.07254000,0.02315882,24,0.04166667,0.87008706,0.00739346
h4,12,150,ichimoku_cloud_bull+adx25+horizontal_break_up+mtf_volatility,362,0.18784530,2.54579567,48,0.10416667,1.34067499,0.04532172,44,0.00000000,0.00000000,0.00000000
h4,12,150,sma_stack_bull+horizontal_break_up+mtf_trend_bull+cross_group_bull,820,0.18780488,2.54524779,197,0.06091371,0.78398863,0.03518509,188,0.04255319,0.88859956,0.02171756
h4,12,150,trend_bull+dmi_adx_bull+horizontal_break_up+mtf_volatility,405,0.18765432,2.54320735,61,0.08196721,1.05495737,0.03551957,51,0.05882353,1.22835821,0.02020664
h4,12,150,sma_stack_bull+dmi_adx_bull+elliott_wave3_bull+mtf_trend_bull,592,0.18750000,2.54111590,100,0.05000000,0.64352400,0.02154368,65,0.03076923,0.64252583,0.00847900
h4,12,150,macd_cross_up+horizontal_break_up+impulse_bull+mtf_trend_bull,176,0.18750000,2.54111590,37,0.08108108,1.04355243,0.02796057,30,0.03333333,0.69606965,0.00590859
h4,12,150,macd_cross_up+breakout20_up+mtf_trend_bull+cross_group_return_up,139,0.18705036,2.53502209,31,0.09677419,1.24553032,0.03346464,29,0.03448276,0.72007205,0.00611321
h4,12,150,macd_cross_up+retest_up+mtf_trend_bull+cross_group_return_up,139,0.18705036,2.53502209,31,0.09677419,1.24553032,0.03346464,29,0.03448276,0.72007205,0.00611321
h4,12,150,dmi_adx_bull+horizontal_break_up+elliott_wave5_bull+mtf_trend_bull,824,0.18689320,2.53289222,160,0.06875000,0.88484550,0.03881942,109,0.03669725,0.76631521,0.01436170
h4,12,150,adx25+breakout20_up+mtf_trend_bull+cross_group_bull,712,0.18679775,2.53159861,158,0.06962025,0.89604607,0.03931646,110,0.06363636,1.32886024,0.03116452
h4,12,150,adx25+retest_up+mtf_trend_bull+cross_group_bull,712,0.18679775,2.53159861,155,0.05161290,0.66428284,0.02638210,107,0.04672897,0.97579858,0.02012266
h4,12,150,trend_bull+adx25+horizontal_break_up+mtf_volatility,407,0.18673219,2.53071002,61,0.08196721,1.05495737,0.03551957,51,0.05882353,1.22835821,0.02020664
h4,12,150,trend_bull+horizontal_break_up+mtf_volatility+cross_group_bull,359,0.18662953,2.52931870,58,0.08620690,1.10952413,0.03738538,76,0.05263158,1.09905734,0.02065543
h4,12,150,adx25+horizontal_break_up+elliott_wave5_bull+mtf_trend_bull,833,0.18607443,2.52179569,166,0.06626506,0.85286313,0.03740095,110,0.03636364,0.75934871,0.01423031
h4,12,150,ichimoku_cloud_bull+horizontal_break_up+elliott_wave3_bull+mtf_trend_bull,766,0.18407311,2.49467252,146,0.06164384,0.79338575,0.03276672,134,0.03731343,0.77918245,0.01604151
h4,12,150,ichimoku_cloud_bull+horizontal_break_up+engulf_bull+cross_group_bull,136,0.18382353,2.49129009,37,0.10810811,1.39140324,0.04285190,26,0.00000000,0.00000000,0.00000000
h4,12,150,dmi_adx_bull+breakout20_up+mtf_trend_bull+cross_group_return_up,795,0.18364780,2.48890848,170,0.07647059,0.98421317,0.04523178,100,0.05000000,1.04410448,0.02154368
h4,12,150,dmi_adx_bull+retest_up+mtf_trend_bull+cross_group_return_up,795,0.18364780,2.48890848,167,0.05988024,0.77068742,0.03284757,97,0.03092784,0.64583782,0.01057334
h4,12,150,sma_stack_bull+horizontal_break_up+mtf_volatility+cross_group_return_up,365,0.18356164,2.48774086,59,0.06779661,0.87257491,0.02667862,68,0.01470588,0.30708955,0.00260068
h4,12,150,trend_bull+dmi_adx_bull+breakout20_up+mtf_volatility,415,0.18313253,2.48192524,65,0.07692308,0.99003692,0.03330350,51,0.05882353,1.22835821,0.02020664
h4,12,150,sma_stack_bull+atr_expand+mtf_volatility+cross_group_return_up,164,0.18292683,2.47913746,23,0.21739130,2.79793042,0.09663978,19,0.05263158,1.09905734,0.00935199
h4,12,150,dmi_adx_bull+horizontal_break_up+mtf_trend_bull,1029,0.18270165,2.47608572,199,0.07537688,0.97013668,0.04620866,126,0.03968254,0.82865435,0.01706711
h4,12,150,sma_stack_bull+adx25+elliott_wave3_bull+mtf_trend_bull,608,0.18256579,2.47424443,109,0.04587156,0.59038899,0.01975045,72,0.02777778,0.58005804,0.00765102
h4,12,150,ichimoku_cloud_bull+macd_cross_up+horizontal_break_up+mtf_trend_bull,159,0.18238994,2.47186117,32,0.06250000,0.80440500,0.01731057,29,0.03448276,0.72007205,0.00611321
h4,12,150,trend_bull+dmi_adx_bull+horizontal_break_up+mtf_trend_bull,993,0.18227593,2.47031609,192,0.05208333,0.67033750,0.02853346,124,0.04032258,0.84201974,0.01734434
h4,12,150,dmi_adx_bull+horizontal_break_up+retest_up+mtf_trend_bull,1028,0.18190661,2.46531088,196,0.06632653,0.85365428,0.03916785,123,0.02439024,0.50931926,0.00832906
h4,12,150,ichimoku_cloud_bull+breakout20_up+mtf_volatility+cross_group_bull,451,0.18181818,2.46411238,96,0.10416667,1.34067499,0.05757153,74,0.06756757,1.41095200,0.02920409
h4,12,150,ichimoku_cloud_bull+retest_up+mtf_volatility+cross_group_bull,451,0.18181818,2.46411238,96,0.10416667,1.34067499,0.05757153,74,0.06756757,1.41095200,0.02920409
h4,12,150,trend_bull+adx25+breakout20_up+mtf_volatility,418,0.18181818,2.46411238,65,0.07692308,0.99003692,0.03330350,58,0.08620690,1.80018013,0.03738538
h4,12,150,adx25+horizontal_break_up+mtf_trend_bull,1040,0.18173077,2.46292771,205,0.07317073,0.94174244,0.04484079,127,0.03937008,0.82212951,0.01693180
h4,12,150,ichimoku_cloud_bull+adx25+horizontal_break_up+mtf_adx25,545,0.18165138,2.46185173,83,0.02409639,0.31013205,0.00663317,63,0.01587302,0.33146174,0.00280749
h4,12,150,adx25+horizontal_break_up+mtf_adx25+cross_group_bull,397,0.18136020,2.45790555,70,0.02857143,0.36772800,0.00787061,54,0.07407407,1.54682145,0.02918153
h4,12,150,horizontal_break_up+elliott_wave3_bull+mtf_trend_bull+cross_group_return_up,761,0.18134034,2.45763640,164,0.09146341,1.17717804,0.05621191,148,0.06756757,1.41095200,0.03711222
h4,12,150,ichimoku_cloud_bull+horizontal_break_up+impulse_bull+mtf_trend_bull,877,0.18129989,2.45708812,182,0.07692308,0.99003692,0.04637182,177,0.03389831,0.70786744,0.01562675
h4,12,150,trend_bull+adx25+horizontal_break_up+mtf_trend_bull,1004,0.18127490,2.45674950,198,0.05050505,0.65002424,0.02766156,125,0.04000000,0.83528358,0.01720461
h4,12,150,trend_bull+dmi_adx_bull+retest_up+mtf_volatility,414,0.18115942,2.45518444,65,0.07692308,0.99003692,0.03330350,49,0.04081633,0.85233019,0.01126563
h4,12,150,ichimoku_cloud_bull+dmi_adx_bull+horizontal_break_up+mtf_adx25,541,0.18114603,2.45500291,81,0.02469136,0.31778963,0.00679759,63,0.01587302,0.33146174,0.00280749
h4,12,150,macd_cross_up+horizontal_break_up+elliott_wave5_bull+mtf_adx25,127,0.18110236,2.45441115,19,0.00000000,0.00000000,0.00000000,19,0.05263158,1.09905734,0.00935199
h4,12,150,adx25+horizontal_break_up+retest_up+mtf_trend_bull,1039,0.18094321,2.45225429,202,0.06435644,0.82829821,0.03799249,124,0.02419355,0.50521184,0.00826162
h4,12,150,ichimoku_cloud_bull+macd_cross_up+mtf_volatility+cross_group_return_up,282,0.18085106,2.45100540,62,0.11290323,1.45311870,0.05577864,50,0.08000000,1.67056716,0.03154951
h4,12,150,atr_expand+horizontal_break_up+mtf_trend_bull+cross_group_return_up,177,0.18079096,2.45019085,36,0.22222222,2.86010665,0.11716332,24,0.12500000,2.61026119,0.04344334
h4,12,150,ichimoku_cloud_bull+dmi_adx_bull+elliott_wave5_bull+mtf_trend_bull,736,0.18070652,2.44904648,120,0.04166667,0.53627000,0.01792672,94,0.01063830,0.22214989,0.00188040
h4,12,150,breakout20_up+engulf_bull+elliott_wave3_bull+mtf_trend_bull,155,0.18064516,2.44821489,30,0.03333333,0.42901600,0.00590859,23,0.13043478,2.72375081,0.04537659
h4,12,150,sma_stack_bull+horizontal_break_up+engulf_bull+elliott_wave3_bull,133,0.18045113,2.44558522,30,0.06666667,0.85803200,0.01847702,16,0.06250000,1.30513060,0.01111934
h4,12,150,macd_cross_up+horizontal_break_up+elliott_wave3_bull+mtf_trend_bull,133,0.18045113,2.44558522,23,0.08695652,1.11917217,0.02418000,21,0.04761905,0.99438522,0.00845599
h4,12,150,volatility+horizontal_break_up+mtf_volatility+cross_group_bull,172,0.18023256,2.44262303,33,0.18181818,2.34008726,0.08610768,42,0.07142857,1.49157783,0.02459041
h4,12,150,macd_cross_up+horizontal_break_up+elliott_wave5_bull+mtf_trend_bull,161,0.18012422,2.44115482,33,0.09090909,1.17004363,0.03140394,29,0.03448276,0.72007205,0.00611321
h4,12,150,adx25+breakout20_up+mtf_trend_bull+cross_group_return_up,817,0.17992656,2.43847596,182,0.07142857,0.91932000,0.04221524,121,0.05785124,1.20805477,0.02830275
h4,12,150,adx25+retest_up+mtf_trend_bull+cross_group_return_up,817,0.17992656,2.43847596,179,0.05586592,0.71902123,0.03062499,118,0.04237288,0.88483430,0.01823282
h4,12,150,trend_bull+adx25+retest_up+mtf_volatility,417,0.17985612,2.43752124,65,0.07692308,0.99003692,0.03330350,56,0.07142857,1.49157783,0.02812604
h4,12,150,atr_expand+horizontal_break_up+elliott_wave3_bull+mtf_trend_bull,228,0.17982456,2.43709361,42,0.19047619,2.45151999,0.09982008,26,0.07692308,1.60631458,0.02135509
h4,12,150,dmi_adx_bull+horizontal_break_up+mtf_adx25+cross_group_bull,395,0.17974684,2.43604022,68,0.02941176,0.37854353,0.00810318,54,0.07407407,1.54682145,0.02918153
h4,12,150,sma_stack_bull+macd_cross_up+impulse_bull+mtf_volatility,128,0.17968750,2.43523607,17,0.11764706,1.51417411,0.03287977,12,0.08333333,1.74017413,0.01486509
h4,12,150,horizontal_break_up+engulf_bull+mtf_trend_bull+cross_group_return_up,128,0.17968750,2.43523607,31,0.09677419,1.24553032,0.03346464,21,0.00000000,0.00000000,-0.00000000
h4,12,150,macd_cross_up+elliott_wave5_bull+mtf_volatility,184,0.17934783,2.43063260,20,0.15000000,1.93057199,0.05236875,27,0.03703704,0.77341072,0.00656815
h4,12,150,sma_stack_bull+breakout20_up+mtf_volatility+cross_group_bull,357,0.17927171,2.42960101,62,0.08064516,1.03794193,0.03493835,69,0.04347826,0.90791694,0.01489590
h4,12,150,sma_stack_bull+retest_up+mtf_volatility+cross_group_bull,357,0.17927171,2.42960101,62,0.08064516,1.03794193,0.03493835,68,0.04411765,0.92126866,0.01511662
h4,12,150,adx25+horizontal_break_up+engulf_bull+mtf_trend_bull,134,0.17910448,2.42733459,21,0.00000000,0.00000000,-0.00000000,12,0.00000000,0.00000000,0.00000000
h4,12,200,dmi_adx_bull+atr_expand+horizontal_break_up+mtf_trend_bull,141,0.14184397,4.13606611,22,0.18181818,4.74569697,0.07306885,12,0.08333333,5.74343186,0.01486509
h4,12,200,atr_expand+engulf_bull+mtf_adx25,134,0.14179104,4.13452280,17,0.00000000,0.00000000,0.00000000,13,0.00000000,0.00000000,0.00000000
h4,12,200,adx25+atr_expand+horizontal_break_up+mtf_trend_bull,144,0.13888889,4.04989806,22,0.18181818,4.74569697,0.07306885,12,0.08333333,5.74343186,0.01486509
h4,12,200,adx25+atr_expand+impulse_bull+mtf_volatility,224,0.12946429,3.77508355,38,0.05263158,1.37375439,0.01455421,24,0.00000000,0.00000000,0.00000000
h4,12,200,atr_expand+horizontal_break_up+mtf_trend_bull+cross_group_bull,150,0.12666667,3.69350703,30,0.16666667,4.35022222,0.07336542,20,0.05000000,3.44605911,0.00888145
h4,12,200,atr_expand+horizontal_break_up+mtf_trend_bull+cross_group_return_up,177,0.12429379,3.62431555,36,0.13888889,3.62518519,0.06081815,24,0.04166667,2.87171593,0.00739346
h4,12,200,ichimoku_cloud_bull+dmi_adx_bull+atr_expand+horizontal_break_up,165,0.12121212,3.53445649,26,0.15384615,4.01558974,0.06150034,15,0.00000000,0.00000000,0.00000000
h4,12,200,dmi_adx_bull+atr_expand+elliott_wave3_bull+mtf_trend_bull,165,0.12121212,3.53445649,24,0.16666667,4.35022222,0.06678676,9,0.00000000,0.00000000,0.00000000
h4,12,200,ichimoku_cloud_bull+atr_expand+horizontal_break_up+mtf_trend_bull,190,0.12105263,3.52980589,33,0.06060606,1.58189899,0.01678088,21,0.00000000,0.00000000,-0.00000000
h4,12,200,adx25+atr_expand+elliott_wave3_bull+mtf_trend_bull,175,0.12000000,3.49911193,26,0.15384615,4.01558974,0.06150034,13,0.00000000,0.00000000,0.00000000
h4,12,200,adx25+atr_expand+engulf_bull,176,0.11931818,3.47923061,39,0.02564103,0.66926496,0.00454070,18,0.00000000,0.00000000,0.00000000
h4,12,200,dmi_adx_bull+atr_expand+breakout20_up+mtf_trend_bull,168,0.11904762,3.47134120,26,0.19230769,5.01948718,0.08507061,12,0.08333333,5.74343186,0.01486509
h4,12,200,dmi_adx_bull+atr_expand+retest_up+mtf_trend_bull,168,0.11904762,3.47134120,23,0.08695652,2.26968116,0.02418000,11,0.00000000,0.00000000,0.00000000
h4,12,200,atr_expand+horizontal_break_up+elliott_wave3_bull+mtf_trend_bull,228,0.11842105,3.45307098,42,0.11904762,3.10730159,0.05193803,26,0.00000000,0.00000000,0.00000000
h4,12,200,sma_stack_bull+dmi_adx_bull+atr_expand+horizontal_break_up,161,0.11801242,3.44115562,22,0.00000000,0.00000000,0.00000000,12,0.00000000,0.00000000,0.00000000
h4,12,200,sma_stack_bull+atr_expand+elliott_wave3_bull+mtf_trend_bull,213,0.11737089,3.42244907,29,0.03448276,0.90004598,0.00611321,25,0.00000000,0.00000000,0.00000000
h4,12,200,ichimoku_cloud_bull+adx25+atr_expand+horizontal_break_up,171,0.11695906,3.41044047,26,0.15384615,4.01558974,0.06150034,15,0.00000000,0.00000000,0.00000000
h4,12,200,adx25+atr_expand+breakout20_up+mtf_trend_bull,171,0.11695906,3.41044047,26,0.19230769,5.01948718,0.08507061,14,0.07142857,4.92294159,0.01272222
h4,12,200,adx25+atr_expand+retest_up+mtf_trend_bull,171,0.11695906,3.41044047,23,0.08695652,2.26968116,0.02418000,13,0.00000000,0.00000000,0.00000000
h4,12,200,dmi_adx_bull+horizontal_break_up+mtf_trend_bull+cross_group_bull,610,0.11639344,3.39394736,131,0.06106870,1.59397455,0.03126622,87,0.02298851,1.58439499,0.00632709
h4,12,200,atr_expand+mtf_volatility+adx25,697,0.11621234,3.38866650,112,0.07142857,1.86438095,0.03663590,83,0.01204819,0.83037569,0.00212998
h4,12,200,adx25+atr_expand+mtf_volatility,697,0.11621234,3.38866650,112,0.07142857,1.86438095,0.03663590,83,0.01204819,0.83037569,0.00212998
h4,12,200,ichimoku_cloud_bull+dmi_adx_bull+horizontal_break_up+mtf_trend_bull,758,0.11609499,3.38524461,119,0.03361345,0.87735574,0.01314775,90,0.00000000,0.00000000,0.00000000
h4,12,200,sma_stack_bull+dmi_adx_bull+atr_expand+breakout20_up,164,0.11585366,3.37820765,23,0.00000000,0.00000000,0.00000000,12,0.00000000,0.00000000,0.00000000
h4,12,200,sma_stack_bull+dmi_adx_bull+atr_expand+retest_up,164,0.11585366,3.37820765,23,0.00000000,0.00000000,0.00000000,12,0.00000000,0.00000000,0.00000000
h4,12,200,adx25+horizontal_break_up+mtf_trend_bull+cross_group_bull,613,0.11582382,3.37733750,133,0.06015038,1.57000501,0.03079118,87,0.02298851,1.58439499,0.00632709
h4,12,200,adx25+atr_expand+mtf_volatility+cross_target_relative_up,304,0.11513158,3.35715234,57,0.07017544,1.83167251,0.02762642,35,0.02857143,1.96917664,0.00506149
h4,12,200,ichimoku_cloud_bull+adx25+horizontal_break_up+mtf_trend_bull,765,0.11503268,3.35426851,122,0.03278689,0.85578142,0.01282260,90,0.00000000,0.00000000,0.00000000
h4,12,200,sma_stack_bull+dmi_adx_bull+atr_expand+elliott_wave3_bull,157,0.11464968,3.34310057,19,0.00000000,0.00000000,0.00000000,10,0.00000000,0.00000000,0.00000000
h4,12,200,trend_bull+atr_expand+elliott_wave3_bull+mtf_trend_bull,254,0.11417323,3.32920754,41,0.02439024,0.63661789,0.00431853,31,0.03225806,2.22326394,0.00571722
h4,12,200,trend_bull+dmi_adx_bull+atr_expand+horizontal_break_up,184,0.11413043,3.32795971,30,0.06666667,1.74008889,0.01847702,15,0.06666667,4.59474548,0.01186690
h4,12,200,sma_stack_bull+adx25+atr_expand+horizontal_break_up,167,0.11377246,3.31752129,22,0.00000000,0.00000000,0.00000000,12,0.00000000,0.00000000,0.00000000
h4,12,200,ichimoku_cloud_bull+horizontal_break_up+engulf_bull+mtf_trend_bull,159,0.11320755,3.30104899,32,0.06250000,1.63133333,0.01731057,28,0.00000000,0.00000000,0.00000000
h4,12,200,dmi_adx_bull+horizontal_break_up+mtf_trend_bull+cross_group_return_up,701,0.11269615,3.28613697,148,0.06081081,1.58724324,0.03231936,95,0.02105263,1.45097226,0.00579251
h4,12,200,sma_stack_bull+atr_expand+breakout20_up+mtf_trend_bull,222,0.11261261,3.28370113,35,0.05714286,1.49150476,0.01581316,25,0.00000000,0.00000000,0.00000000
h4,12,200,sma_stack_bull+atr_expand+retest_up+mtf_trend_bull,222,0.11261261,3.28370113,34,0.05882353,1.53537255,0.01628266,25,0.00000000,0.00000000,0.00000000
h4,12,200,horizontal_break_up+engulf_bull+mtf_trend_bull+cross_target_relative_up,125,0.11200000,3.26583780,20,0.10000000,2.61013333,0.02786648,30,0.00000000,0.00000000,0.00000000
h4,12,200,adx25+horizontal_break_up+engulf_bull+mtf_trend_bull,134,0.11194030,3.26409695,21,0.00000000,0.00000000,-0.00000000,12,0.00000000,0.00000000,0.00000000
h4,12,200,dmi_adx_bull+horizontal_break_up+engulf_bull+mtf_trend_bull,134,0.11194030,3.26409695,21,0.00000000,0.00000000,-0.00000000,12,0.00000000,0.00000000,0.00000000
h4,12,200,adx25+horizontal_break_up+mtf_trend_bull+cross_group_return_up,706,0.11189802,3.26286405,154,0.05844156,1.52540260,0.03104768,95,0.02105263,1.45097226,0.00579251
h4,12,200,sma_stack_bull+adx25+atr_expand+breakout20_up,170,0.11176471,3.25897679,23,0.00000000,0.00000000,0.00000000,13,0.00000000,0.00000000,0.00000000
h4,12,200,sma_stack_bull+adx25+atr_expand+retest_up,170,0.11176471,3.25897679,23,0.00000000,0.00000000,0.00000000,13,0.00000000,0.00000000,0.00000000
h4,12,200,sma_stack_bull+dmi_adx_bull+horizontal_break_up+mtf_volatility,342,0.11111111,3.23991845,54,0.03703704,0.96671605,0.01021637,42,0.00000000,0.00000000,-0.00000000
h4,12,200,sma_stack_bull+atr_expand+elliott_wave3_bull+cross_group_return_up,207,0.11111111,3.23991845,38,0.02631579,0.68687719,0.00466059,22,0.00000000,0.00000000,0.00000000
h4,12,200,sma_stack_bull+adx25+atr_expand+elliott_wave3_bull,162,0.11111111,3.23991845,19,0.00000000,0.00000000,0.00000000,12,0.00000000,0.00000000,0.00000000
h4,12,200,trend_bull+atr_expand+horizontal_break_up+mtf_trend_bull,244,0.11065574,3.22664010,43,0.02325581,0.60700775,0.00411709,28,0.03571429,2.46147080,0.00633252
h4,12,200,trend_bull+adx25+atr_expand+horizontal_break_up,190,0.11052632,3.22286625,30,0.06666667,1.74008889,0.01847702,15,0.06666667,4.59474548,0.01186690
h4,12,200,sma_stack_bull+adx25+horizontal_break_up+mtf_volatility,344,0.11046512,3.22108172,54,0.03703704,0.96671605,0.01021637,42,0.00000000,0.00000000,-0.00000000
h4,12,200,dmi_adx_bull+atr_expand+horizontal_break_up+cross_group_bull,136,0.11029412,3.21609552,25,0.24000000,6.26432000,0.11496314,21,0.04761905,3.28196106,0.00845599
h4,12,200,sma_stack_bull+atr_expand+breakout20_up+cross_group_return_up,209,0.11004785,3.20891445,41,0.04878049,1.27323577,0.01348095,26,0.00000000,0.00000000,0.00000000
h4,12,200,sma_stack_bull+atr_expand+retest_up+cross_group_return_up,209,0.11004785,3.20891445,41,0.04878049,1.27323577,0.01348095,26,0.00000000,0.00000000,0.00000000
h4,12,200,adx25+atr_expand+elliott_wave3_bull+cross_group_bull,209,0.11004785,3.20891445,40,0.15000000,3.91520000,0.07061188,23,0.00000000,0.00000000,0.00000000
h4,12,200,trend_bull+dmi_adx_bull+atr_expand+breakout20_up,191,0.10994764,3.20599260,32,0.06250000,1.63133333,0.01731057,15,0.06666667,4.59474548,0.01186690
h4,12,200,trend_bull+dmi_adx_bull+atr_expand+retest_up,191,0.10994764,3.20599260,32,0.06250000,1.63133333,0.01731057,14,0.00000000,0.00000000,0.00000000
h4,12,200,sma_stack_bull+dmi_adx_bull+horizontal_break_up+mtf_trend_bull,837,0.10991637,3.20508062,180,0.03888889,1.01505185,0.01896329,102,0.00980392,0.67569787,0.00173273
h4,12,200,trend_bull+dmi_adx_bull+atr_expand+elliott_wave3_bull,182,0.10989011,3.20431495,27,0.07407407,1.93343210,0.02055465,11,0.00000000,0.00000000,0.00000000
h4,12,200,sma_stack_bull+dmi_adx_bull+breakout20_up+mtf_volatility,346,0.10982659,3.20246275,57,0.03508772,0.91583626,0.00967566,42,0.00000000,0.00000000,-0.00000000
h4,12,200,sma_stack_bull+atr_expand+horizontal_break_up+mtf_trend_bull,210,0.10952381,3.19363390,32,0.03125000,0.81566667,0.00553786,24,0.00000000,0.00000000,0.00000000
h4,12,200,adx25+atr_expand+horizontal_break_up+cross_group_bull,137,0.10948905,3.19262037,25,0.24000000,6.26432000,0.11496314,21,0.04761905,3.28196106,0.00845599
h4,12,200,horizontal_break_up+engulf_bull+mtf_trend_bull+cross_group_return_up,128,0.10937500,3.18929472,31,0.06451613,1.68395699,0.01787478,21,0.00000000,0.00000000,-0.00000000
h4,12,200,sma_stack_bull+adx25+breakout20_up+mtf_volatility,348,0.10919540,3.18405779,57,0.03508772,0.91583626,0.00967566,43,0.00000000,0.00000000,0.00000000
h4,12,200,trend_bull+atr_expand+breakout20_up+mtf_adx25,174,0.10919540,3.18405779,24,0.00000000,0.00000000,0.00000000,16,0.06250000,4.30757389,0.01111934
h4,12,200,trend_bull+atr_expand+retest_up+mtf_adx25,174,0.10919540,3.18405779,24,0.00000000,0.00000000,0.00000000,15,0.00000000,0.00000000,0.00000000
h4,12,200,atr_expand+breakout20_up+mtf_trend_bull+cross_group_return_up,220,0.10909091,3.18101084,46,0.15217391,3.97194203,0.07572282,26,0.03846154,2.65081470,0.00682198
h4,12,200,atr_expand+retest_up+mtf_trend_bull+cross_group_return_up,220,0.10909091,3.18101084,42,0.09523810,2.48584127,0.03766225,25,0.00000000,0.00000000,0.00000000
h4,12,200,dmi_adx_bull+atr_expand+elliott_wave5_bull+mtf_trend_bull,147,0.10884354,3.17379767,20,0.10000000,2.61013333,0.02786648,10,0.00000000,0.00000000,0.00000000
h4,12,200,ichimoku_cloud_bull+atr_expand+breakout20_up+mtf_trend_bull,230,0.10869565,3.16948544,44,0.06818182,1.77963636,0.02345940,23,0.00000000,0.00000000,0.00000000
h4,12,200,ichimoku_cloud_bull+atr_expand+retest_up+mtf_trend_bull,230,0.10869565,3.16948544,41,0.02439024,0.63661789,0.00431853,23,0.00000000,0.00000000,0.00000000
h4,12,200,sma_stack_bull+adx25+horizontal_break_up+mtf_trend_bull,848,0.10849057,3.16350528,186,0.03763441,0.98230824,0.01834761,103,0.00970874,0.66913769,0.00171589
h4,12,200,ichimoku_cloud_bull+atr_expand+elliott_wave3_bull+mtf_trend_bull,231,0.10822511,3.15576472,39,0.05128205,1.33852991,0.01417796,24,0.00000000,0.00000000,0.00000000
h4,12,200,ichimoku_cloud_bull+atr_expand+horizontal_break_up+cross_group_bull,167,0.10778443,3.14291490,40,0.10000000,2.61013333,0.03957953,18,0.00000000,0.00000000,0.00000000
h4,12,200,trend_bull+atr_expand+elliott_wave3_bull+mtf_adx25,167,0.10778443,3.14291490,21,0.00000000,0.00000000,-0.00000000,14,0.00000000,0.00000000,0.00000000
h4,12,200,atr_expand+impulse_bull+mtf_volatility,362,0.10773481,3.14146789,63,0.09523810,2.48584127,0.04438348,62,0.00000000,0.00000000,0.00000000
h4,12,200,trend_bull+atr_expand+horizontal_break_up+mtf_adx25,158,0.10759494,3.13738939,20,0.00000000,0.00000000,0.00000000,13,0.07692308,5.30162941,0.01371042
h4,12,200,dmi_adx_bull+atr_expand+horizontal_break_up+cross_group_return_up,158,0.10759494,3.13738939,29,0.20689655,5.40027586,0.09846070,24,0.04166667,2.87171593,0.00739346
h4,12,200,ichimoku_cloud_bull+dmi_adx_bull+breakout20_up+mtf_trend_bull,819,0.10744811,3.13310795,134,0.03731343,0.97393035,0.01604151,92,0.00000000,0.00000000,0.00000000
h4,12,200,sma_stack_bull+dmi_adx_bull+elliott_wave5_bull+mtf_trend_bull,726,0.10743802,3.13281371,157,0.03184713,0.83125265,0.01367839,94,0.01063830,0.73320407,0.00188040
h4,12,200,ichimoku_cloud_bull+dmi_adx_bull+atr_expand+elliott_wave3_bull,205,0.10731707,3.12928709,29,0.13793103,3.60018391,0.05497440,12,0.00000000,0.00000000,0.00000000
h4,12,200,sma_stack_bull+dmi_adx_bull+retest_up+mtf_volatility,345,0.10724638,3.12722563,57,0.03508772,0.91583626,0.00967566,41,0.00000000,0.00000000,-0.00000000
h4,12,200,sma_stack_bull+dmi_adx_bull+elliott_wave5_bull+mtf_volatility,308,0.10714286,3.12420708,52,0.03846154,1.00389744,0.01061171,41,0.00000000,0.00000000,-0.00000000
h4,12,200,sma_stack_bull+atr_expand+breakout20_up+mtf_adx25,140,0.10714286,3.12420708,19,0.00000000,0.00000000,0.00000000,10,0.00000000,0.00000000,0.00000000
h4,12,200,sma_stack_bull+atr_expand+retest_up+mtf_adx25,140,0.10714286,3.12420708,19,0.00000000,0.00000000,0.00000000,10,0.00000000,0.00000000,0.00000000
h4,12,200,trend_bull+atr_expand+breakout20_up+mtf_trend_bull,271,0.10701107,3.12036426,49,0.04081633,1.06536054,0.01126563,31,0.03225806,2.22326394,0.00571722
h4,12,200,trend_bull+atr_expand+retest_up+mtf_trend_bull,271,0.10701107,3.12036426,48,0.04166667,1.08755556,0.01150189,30,0.00000000,0.00000000,0.00000000
h4,12,200,trend_bull+adx25+atr_expand+elliott_wave3_bull,187,0.10695187,3.11863808,27,0.07407407,1.93343210,0.02055465,13,0.00000000,0.00000000,0.00000000
h4,12,200,dmi_adx_bull+horizontal_break_up+elliott_wave3_bull+mtf_trend_bull,627,0.10685805,3.11590243,105,0.07619048,1.98867302,0.03911065,68,0.01470588,1.01354680,0.00260068
h4,12,200,sma_stack_bull+dmi_adx_bull+breakout20_up+mtf_trend_bull,862,0.10672854,3.11212584,183,0.03825137,0.99841166,0.01865037,102,0.00980392,0.67569787,0.00173273
h4,12,200,sma_stack_bull+adx25+retest_up+mtf_volatility,347,0.10662824,3.10920128,57,0.03508772,0.91583626,0.00967566,42,0.00000000,0.00000000,-0.00000000
h4,12,200,trend_bull+adx25+atr_expand+breakout20_up,197,0.10659898,3.10834816,32,0.06250000,1.63133333,0.01731057,16,0.06250000,4.30757389,0.01111934
h4,12,200,trend_bull+adx25+atr_expand+retest_up,197,0.10659898,3.10834816,32,0.06250000,1.63133333,0.01731057,15,0.00000000,0.00000000,0.00000000
h4,12,200,sma_stack_bull+adx25+elliott_wave5_bull+mtf_volatility,310,0.10645161,3.10405090,52,0.03846154,1.00389744,0.01061171,43,0.00000000,0.00000000,0.00000000
h4,12,200,ichimoku_cloud_bull+dmi_adx_bull+retest_up+mtf_trend_bull,818,0.10635697,3.10129113,131,0.02290076,0.59774046,0.00781844,92,0.00000000,0.00000000,0.00000000
h4,12,200,volatility+horizontal_break_up+mtf_trend_bull+cross_group_bull,302,0.10596026,3.08972356,81,0.12345679,3.22238683,0.06846116,77,0.02597403,1.79016058,0.00715216
h4,12,200,sma_stack_bull+atr_expand+horizontal_break_up+cross_group_bull,170,0.10588235,3.08745170,33,0.03030303,0.79094949,0.00536941,21,0.00000000,0.00000000,-0.00000000
h4,12,200,sma_stack_bull+atr_expand+elliott_wave3_bull+cross_group_bull,170,0.10588235,3.08745170,31,0.03225806,0.84197849,0.00571722,18,0.00000000,0.00000000,0.00000000
h4,12,200,adx25+horizontal_break_up+elliott_wave3_bull+mtf_trend_bull,633,0.10584518,3.08636781,108,0.07407407,1.93343210,0.03801025,69,0.01449275,0.99885771,0.00256292
h4,12,200,atr_expand+elliott_wave3_bull+mtf_trend_bull+cross_group_return_up,227,0.10572687,3.08291800,46,0.10869565,2.83710145,0.04733146,27,0.03703704,2.55263638,0.00656815
h4,12,200,sma_stack_bull+dmi_adx_bull+retest_up+mtf_trend_bull,861,0.10569106,3.08187365,182,0.03846154,1.00389744,0.01875352,100,0.00000000,0.00000000,0.00000000
h4,12,200,sma_stack_bull+adx25+elliott_wave5_bull+mtf_trend_bull,738,0.10569106,3.08187365,164,0.03048780,0.79577236,0.01309144,102,0.00980392,0.67569787,0.00173273
h4,12,200,adx25+atr_expand+horizontal_break_up+cross_group_return_up,161,0.10559006,3.07892871,29,0.20689655,5.40027586,0.09846070,24,0.04166667,2.87171593,0.00739346
h4,12,200,sma_stack_bull+atr_expand+horizontal_break_up+cross_group_return_up,199,0.10552764,3.07710848,37,0.02702703,0.70544144,0.00478697,26,0.00000000,0.00000000,0.00000000
h4,12,200,ichimoku_cloud_bull+adx25+breakout20_up+mtf_trend_bull,834,0.10551559,3.07675709,141,0.03546099,0.92557920,0.01524018,105,0.01904762,1.31278442,0.00523918
h4,12,200,sma_stack_bull+adx25+breakout20_up+mtf_trend_bull,873,0.10538373,3.07291234,189,0.03703704,0.96671605,0.01805452,106,0.00943396,0.65019983,0.00166727
h4,12,200,volatility+horizontal_break_up+mtf_volatility+cross_group_bull,172,0.10465116,3.05155110,33,0.12121212,3.16379798,0.04816161,42,0.02380952,1.64098053,0.00421540
h4,12,200,ichimoku_cloud_bull+adx25+retest_up+mtf_trend_bull,833,0.10444178,3.04544555,138,0.02173913,0.56742029,0.00742039,105,0.01904762,1.31278442,0.00523918
h4,12,200,sma_stack_bull+adx25+retest_up+mtf_trend_bull,872,0.10435780,3.04299680,188,0.03723404,0.97185816,0.01815117,104,0.00000000,0.00000000,0.00000000
h4,12,200,atr_expand+horizontal_break_up+impulse_bull+mtf_trend_bull,221,0.10407240,3.03467475,43,0.06976744,1.82102326,0.02401159,26,0.00000000,0.00000000,0.00000000
h4,12,200,ichimoku_cloud_bull+atr_expand+horizontal_break_up+cross_group_return_up,202,0.10396040,3.03140885,43,0.09302326,2.42803101,0.03677164,22,0.00000000,0.00000000,0.00000000
h4,12,200,dmi_adx_bull+breakout20_up+mtf_trend_bull+cross_group_bull,693,0.10389610,3.02953414,151,0.05960265,1.55570861,0.03167076,91,0.02197802,1.51475126,0.00604801
h4,12,200,dmi_adx_bull+retest_up+mtf_trend_bull+cross_group_bull,693,0.10389610,3.02953414,148,0.04054054,1.05816216,0.01871037,88,0.00000000,0.00000000,0.00000000
h4,12,200,mtf_trend_bull+horizontal_break_up+atr_expand,260,0.10384615,3.02807763,50,0.10000000,2.61013333,0.04347576,30,0.03333333,2.29737274,0.00590859
h4,12,200,atr_expand+horizontal_break_up+mtf_trend_bull,260,0.10384615,3.02807763,50,0.10000000,2.61013333,0.04347576,30,0.03333333,2.29737274,0.00590859
h4,12,200,atr_expand+horizontal_break_up+retest_up+mtf_trend_bull,260,0.10384615,3.02807763,46,0.06521739,1.70226087,0.02242786,29,0.00000000,0.00000000,0.00000000
h4,12,200,atr_expand+breakout20_up+mtf_trend_bull+cross_group_bull,183,0.10382514,3.02746478,39,0.17948718,4.68485470,0.08977265,21,0.04761905,3.28196106,0.00845599
h4,12,200,atr_expand+retest_up+mtf_trend_bull+cross_group_bull,183,0.10382514,3.02746478,35,0.11428571,2.98300952,0.04535179,20,0.00000000,0.00000000,0.00000000
h4,12,200,atr_expand+horizontal_break_up+mtf_adx25+cross_target_relative_up,135,0.10370370,3.02392389,16,0.00000000,0.00000000,0.00000000,15,0.06666667,4.59474548,0.01186690
h4,12,200,ichimoku_cloud_bull+dmi_adx_bull+atr_expand+breakout20_up,203,0.10344828,3.01647580,30,0.16666667,4.35022222,0.07336542,16,0.00000000,0.00000000,0.00000000
h4,12,200,ichimoku_cloud_bull+dmi_adx_bull+atr_expand+retest_up,203,0.10344828,3.01647580,28,0.10714286,2.79657143,0.03711837,16,0.00000000,0.00000000,0.00000000
h4,12,200,atr_expand+elliott_wave3_bull+mtf_trend_bull+cross_group_bull,184,0.10326087,3.01101117,40,0.12500000,3.26266667,0.05459500,23,0.04347826,2.99657314,0.00771667
h4,12,200,sma_stack_bull+dmi_adx_bull+elliott_wave3_bull+mtf_trend_bull,592,0.10304054,3.00458654,100,0.03000000,0.78304000,0.01025452,65,0.01538462,1.06032588,0.00272094
h4,12,300,dmi_adx_bull+atr_expand+horizontal_break_up+mtf_trend_bull,141,0.07092199,8.81907679,22,0.04545455,5.14345770,0.00806943,12,0.00000000,0.00000000,0.00000000
h4,12,300,adx25+atr_expand+horizontal_break_up+mtf_trend_bull,144,0.06944444,8.63534603,22,0.04545455,5.14345770,0.00806943,12,0.00000000,0.00000000,0.00000000
h4,12,300,sma_stack_bull+dmi_adx_bull+atr_expand+horizontal_break_up,161,0.06832298,8.49589323,22,0.00000000,0.00000000,0.00000000,12,0.00000000,0.00000000,0.00000000
h4,12,300,sma_stack_bull+dmi_adx_bull+atr_expand+breakout20_up,164,0.06707317,8.34048055,23,0.00000000,0.00000000,0.00000000,12,0.00000000,0.00000000,0.00000000
h4,12,300,sma_stack_bull+dmi_adx_bull+atr_expand+retest_up,164,0.06707317,8.34048055,23,0.00000000,0.00000000,0.00000000,12,0.00000000,0.00000000,0.00000000
h4,12,300,adx25+atr_expand+impulse_bull+mtf_volatility,224,0.06696429,8.32694081,38,0.00000000,0.00000000,0.00000000,24,0.00000000,0.00000000,0.00000000
h4,12,300,ichimoku_cloud_bull+dmi_adx_bull+atr_expand+horizontal_break_up,165,0.06666667,8.28993219,26,0.00000000,0.00000000,0.00000000,15,0.00000000,0.00000000,0.00000000
h4,12,300,sma_stack_bull+adx25+atr_expand+horizontal_break_up,167,0.06586826,8.19065156,22,0.00000000,0.00000000,0.00000000,12,0.00000000,0.00000000,0.00000000
h4,12,300,sma_stack_bull+adx25+atr_expand+breakout20_up,170,0.06470588,8.04611065,23,0.00000000,0.00000000,0.00000000,13,0.00000000,0.00000000,0.00000000
h4,12,300,sma_stack_bull+adx25+atr_expand+retest_up,170,0.06470588,8.04611065,23,0.00000000,0.00000000,0.00000000,13,0.00000000,0.00000000,0.00000000
h4,12,300,ichimoku_cloud_bull+adx25+atr_expand+horizontal_break_up,171,0.06432749,7.99905737,26,0.00000000,0.00000000,0.00000000,15,0.00000000,0.00000000,0.00000000
h4,12,300,ichimoku_cloud_bull+atr_expand+impulse_bull+mtf_volatility,171,0.06432749,7.99905737,32,0.00000000,0.00000000,0.00000000,27,0.00000000,0.00000000,0.00000000
h4,12,300,sma_stack_bull+dmi_adx_bull+atr_expand+elliott_wave3_bull,157,0.06369427,7.92031737,19,0.00000000,0.00000000,0.00000000,10,0.00000000,0.00000000,0.00000000
h4,12,300,ichimoku_cloud_bull+atr_expand+mtf_volatility+cross_group_bull,205,0.06341463,7.88554525,37,0.00000000,0.00000000,-0.00000000,30,0.00000000,0.00000000,0.00000000
h4,12,300,ichimoku_cloud_bull+atr_expand+mtf_volatility+cross_target_relative_up,256,0.06250000,7.77181142,48,0.00000000,0.00000000,0.00000000,33,0.00000000,0.00000000,0.00000000
h4,12,300,ichimoku_cloud_bull+atr_expand+mtf_volatility+cross_group_return_up,242,0.06198347,7.70758158,42,0.00000000,0.00000000,-0.00000000,36,0.00000000,0.00000000,0.00000000
h4,12,300,sma_stack_bull+adx25+atr_expand+elliott_wave3_bull,162,0.06172840,7.67586313,19,0.00000000,0.00000000,0.00000000,12,0.00000000,0.00000000,0.00000000
h4,12,300,dmi_adx_bull+atr_expand+elliott_wave3_bull+mtf_trend_bull,165,0.06060606,7.53630199,24,0.04166667,4.71483622,0.00739346,9,0.00000000,0.00000000,0.00000000
h4,12,300,atr_expand+mtf_volatility+adx25,697,0.06025825,7.49305205,112,0.00000000,0.00000000,0.00000000,83,0.00000000,0.00000000,0.00000000
h4,12,300,adx25+atr_expand+mtf_volatility,697,0.06025825,7.49305205,112,0.00000000,0.00000000,0.00000000,83,0.00000000,0.00000000,0.00000000
h4,12,300,trend_bull+dmi_adx_bull+atr_expand+horizontal_break_up,184,0.05978261,7.43390658,30,0.00000000,0.00000000,0.00000000,15,0.00000000,0.00000000,0.00000000
h4,12,300,ichimoku_cloud_bull+adx25+atr_expand+mtf_volatility,318,0.05974843,7.42965620,70,0.00000000,0.00000000,0.00000000,53,0.00000000,0.00000000,0.00000000
h4,12,300,atr_expand+engulf_bull+mtf_adx25,134,0.05970149,7.42381987,17,0.00000000,0.00000000,0.00000000,13,0.00000000,0.00000000,0.00000000
h4,12,300,dmi_adx_bull+atr_expand+breakout20_up+mtf_trend_bull,168,0.05952381,7.40172517,26,0.03846154,4.35215651,0.00682198,12,0.00000000,0.00000000,0.00000000
h4,12,300,dmi_adx_bull+atr_expand+retest_up+mtf_trend_bull,168,0.05952381,7.40172517,23,0.00000000,0.00000000,0.00000000,11,0.00000000,0.00000000,0.00000000
h4,12,300,adx25+atr_expand+breakout20_up+mtf_trend_bull,171,0.05847953,7.27187034,26,0.03846154,4.35215651,0.00682198,14,0.00000000,0.00000000,0.00000000
h4,12,300,adx25+atr_expand+retest_up+mtf_trend_bull,171,0.05847953,7.27187034,23,0.00000000,0.00000000,0.00000000,13,0.00000000,0.00000000,0.00000000
h4,12,300,sma_stack_bull+dmi_adx_bull+atr_expand+elliott_wave5_bull,137,0.05839416,7.26125447,19,0.00000000,0.00000000,0.00000000,10,0.00000000,0.00000000,0.00000000
h4,12,300,atr_expand+impulse_bull+mtf_volatility,362,0.05801105,7.21361502,63,0.01587302,1.79612809,0.00280749,62,0.00000000,0.00000000,0.00000000
h4,12,300,ichimoku_cloud_bull+atr_expand+mtf_volatility,569,0.05799649,7.21180392,100,0.00000000,0.00000000,0.00000000,93,0.00000000,0.00000000,0.00000000
h4,12,300,trend_bull+adx25+atr_expand+horizontal_break_up,190,0.05789474,7.19915163,30,0.00000000,0.00000000,0.00000000,15,0.00000000,0.00000000,0.00000000
h4,12,300,trend_bull+dmi_adx_bull+atr_expand+breakout20_up,191,0.05759162,7.16145974,32,0.00000000,0.00000000,0.00000000,15,0.00000000,0.00000000,0.00000000
h4,12,300,trend_bull+dmi_adx_bull+atr_expand+retest_up,191,0.05759162,7.16145974,32,0.00000000,0.00000000,0.00000000,14,0.00000000,0.00000000,0.00000000
h4,12,300,adx25+atr_expand+elliott_wave3_bull+mtf_trend_bull,175,0.05714286,7.10565616,26,0.03846154,4.35215651,0.00682198,13,0.00000000,0.00000000,0.00000000
h4,12,300,sma_stack_bull+adx25+atr_expand+elliott_wave5_bull,141,0.05673759,7.05526143,19,0.00000000,0.00000000,0.00000000,12,0.00000000,0.00000000,0.00000000
h4,12,300,horizontal_break_up+engulf_bull+mtf_trend_bull+cross_target_relative_up,125,0.05600000,6.96354304,20,0.00000000,0.00000000,0.00000000,30,0.00000000,0.00000000,0.00000000
h4,12,300,adx25+atr_expand+mtf_volatility+cross_target_relative_up,304,0.05592105,6.95372601,57,0.00000000,0.00000000,0.00000000,35,0.00000000,0.00000000,0.00000000
h4,12,300,trend_bull+adx25+atr_expand+breakout20_up,197,0.05583756,6.94334422,32,0.00000000,0.00000000,0.00000000,16,0.00000000,0.00000000,0.00000000
h4,12,300,trend_bull+adx25+atr_expand+retest_up,197,0.05583756,6.94334422,32,0.00000000,0.00000000,0.00000000,15,0.00000000,0.00000000,0.00000000
h4,12,300,trend_bull+dmi_adx_bull+atr_expand+elliott_wave3_bull,182,0.05494505,6.83236169,27,0.00000000,0.00000000,0.00000000,11,0.00000000,0.00000000,0.00000000
h4,12,300,horizontal_break_up+engulf_bull+mtf_trend_bull+cross_group_return_up,128,0.05468750,6.80033500,31,0.00000000,0.00000000,0.00000000,21,0.00000000,0.00000000,-0.00000000
h4,12,300,dmi_adx_bull+atr_expand+elliott_wave5_bull+mtf_trend_bull,147,0.05442177,6.76729158,20,0.00000000,0.00000000,0.00000000,10,0.00000000,0.00000000,0.00000000
h4,12,300,ichimoku_cloud_bull+dmi_adx_bull+atr_expand+breakout20_up,203,0.05418719,6.73812222,30,0.00000000,0.00000000,0.00000000,16,0.00000000,0.00000000,0.00000000
h4,12,300,ichimoku_cloud_bull+dmi_adx_bull+atr_expand+retest_up,203,0.05418719,6.73812222,28,0.00000000,0.00000000,0.00000000,16,0.00000000,0.00000000,0.00000000
h4,12,300,trend_bull+adx25+atr_expand+mtf_volatility,222,0.05405405,6.72156664,45,0.00000000,0.00000000,0.00000000,19,0.00000000,0.00000000,0.00000000
h4,12,300,sma_stack_bull+adx25+atr_expand+mtf_volatility,204,0.05392157,6.70509221,37,0.00000000,0.00000000,-0.00000000,15,0.00000000,0.00000000,0.00000000
h4,12,300,atr_expand+mtf_volatility,1172,0.05375427,6.68428832,192,0.01562500,1.76806358,0.00532789,172,0.00000000,0.00000000,0.00000000
h4,12,300,trend_bull+adx25+atr_expand+elliott_wave3_bull,187,0.05347594,6.64967822,27,0.00000000,0.00000000,0.00000000,13,0.00000000,0.00000000,0.00000000
h4,12,300,ichimoku_cloud_bull+adx25+atr_expand+breakout20_up,209,0.05263158,6.54468330,30,0.00000000,0.00000000,0.00000000,16,0.00000000,0.00000000,0.00000000
h4,12,300,ichimoku_cloud_bull+adx25+atr_expand+retest_up,209,0.05263158,6.54468330,28,0.00000000,0.00000000,0.00000000,16,0.00000000,0.00000000,0.00000000
h4,12,300,ichimoku_cloud_bull+atr_expand+horizontal_break_up+mtf_trend_bull,190,0.05263158,6.54468330,33,0.00000000,0.00000000,0.00000000,21,0.00000000,0.00000000,-0.00000000
h4,12,300,macd_cross_up+horizontal_break_up+elliott_wave3_bull+mtf_trend_bull,133,0.05263158,6.54468330,23,0.00000000,0.00000000,0.00000000,21,0.00000000,0.00000000,-0.00000000
h4,12,300,adx25+atr_expand+elliott_wave5_bull+mtf_trend_bull,156,0.05128205,6.37687091,22,0.00000000,0.00000000,0.00000000,13,0.00000000,0.00000000,0.00000000
h4,12,300,adx25+atr_expand+engulf_bull,176,0.05113636,6.35875480,39,0.00000000,0.00000000,-0.00000000,18,0.00000000,0.00000000,0.00000000
h4,12,300,ichimoku_cloud_bull+horizontal_break_up+engulf_bull+cross_target_relative_up,139,0.05035971,6.26217899,25,0.00000000,0.00000000,0.00000000,32,0.00000000,0.00000000,0.00000000
h4,12,300,ichimoku_cloud_bull+horizontal_break_up+engulf_bull+mtf_trend_bull,159,0.05031447,6.25655259,32,0.00000000,0.00000000,0.00000000,28,0.00000000,0.00000000,0.00000000
h4,12,300,trend_bull+dmi_adx_bull+atr_expand+elliott_wave5_bull,161,0.04968944,6.17883144,25,0.00000000,0.00000000,0.00000000,11,0.00000000,0.00000000,0.00000000
h4,12,300,trend_bull+dmi_adx_bull+atr_expand+mtf_volatility,161,0.04968944,6.17883144,32,0.00000000,0.00000000,0.00000000,13,0.00000000,0.00000000,0.00000000
h4,12,300,volatility+horizontal_break_up+mtf_trend_bull+cross_group_bull,302,0.04966887,6.17627398,81,0.01234568,1.39698851,0.00218265,77,0.00000000,0.00000000,0.00000000
h4,12,300,ichimoku_cloud_bull+dmi_adx_bull+atr_expand+mtf_volatility,162,0.04938272,6.14069051,29,0.00000000,0.00000000,0.00000000,17,0.00000000,0.00000000,0.00000000
h4,12,300,ichimoku_cloud_bull+dmi_adx_bull+horizontal_break_up+engulf_bull,142,0.04929577,6.12987943,25,0.00000000,0.00000000,0.00000000,13,0.00000000,0.00000000,0.00000000
h4,12,300,sma_stack_bull+dmi_adx_bull+atr_expand+mtf_volatility,143,0.04895105,6.08701314,25,0.00000000,0.00000000,0.00000000,11,0.00000000,0.00000000,0.00000000
h4,12,300,ichimoku_cloud_bull+adx25+horizontal_break_up+engulf_bull,143,0.04895105,6.08701314,25,0.00000000,0.00000000,0.00000000,13,0.00000000,0.00000000,0.00000000
h4,12,300,ichimoku_cloud_bull+dmi_adx_bull+atr_expand+elliott_wave3_bull,205,0.04878049,6.06580404,29,0.00000000,0.00000000,0.00000000,12,0.00000000,0.00000000,0.00000000
h4,12,300,atr_expand+mtf_volatility+cross_target_relative_up,514,0.04863813,6.04810228,88,0.02272727,2.57172885,0.00625493,70,0.00000000,0.00000000,0.00000000
h4,12,300,trend_bull+adx25+atr_expand+elliott_wave5_bull,165,0.04848485,6.02904159,25,0.00000000,0.00000000,0.00000000,13,0.00000000,0.00000000,0.00000000
h4,12,300,adx25+atr_expand+mtf_volatility+cross_group_return_up,290,0.04827586,6.00305434,54,0.00000000,0.00000000,0.00000000,28,0.00000000,0.00000000,0.00000000
h4,12,300,sma_stack_bull+atr_expand+horizontal_break_up+mtf_trend_bull,210,0.04761905,5.92138013,32,0.00000000,0.00000000,0.00000000,24,0.00000000,0.00000000,0.00000000
h4,12,300,dmi_adx_bull+horizontal_break_up+mtf_trend_bull+cross_group_bull,610,0.04754098,5.91167295,131,0.00763359,0.86378679,0.00134879,87,0.00000000,0.00000000,0.00000000
h4,12,300,adx25+atr_expand+mtf_volatility+cross_group_bull,232,0.04741379,5.89585694,49,0.00000000,0.00000000,0.00000000,28,0.00000000,0.00000000,0.00000000
h4,12,300,trend_bull+horizontal_break_up+engulf_bull+cross_target_relative_up,169,0.04733728,5.88634238,30,0.00000000,0.00000000,0.00000000,31,0.00000000,0.00000000,0.00000000
h4,12,300,adx25+horizontal_break_up+mtf_trend_bull+cross_group_bull,613,0.04730832,5.88274144,133,0.00751880,0.85079751,0.00132849,87,0.00000000,0.00000000,0.00000000
h4,12,300,sma_stack_bull+dmi_adx_bull+horizontal_break_up+engulf_bull,148,0.04729730,5.88137081,24,0.00000000,0.00000000,0.00000000,13,0.00000000,0.00000000,0.00000000
h4,12,300,sma_stack_bull+adx25+horizontal_break_up+engulf_bull,149,0.04697987,5.84189852,24,0.00000000,0.00000000,0.00000000,13,0.00000000,0.00000000,0.00000000
h4,12,300,sma_stack_bull+atr_expand+elliott_wave3_bull+mtf_trend_bull,213,0.04694836,5.83798041,29,0.00000000,0.00000000,0.00000000,25,0.00000000,0.00000000,0.00000000
h4,12,300,dmi_adx_bull+atr_expand+horizontal_break_up+elliott_wave3_bull,214,0.04672897,5.81070013,37,0.02702703,3.05827214,0.00478697,26,0.00000000,0.00000000,0.00000000
h4,12,300,macd_cross_up+breakout20_up+elliott_wave3_bull+mtf_trend_bull,150,0.04666667,5.80295253,30,0.00000000,0.00000000,0.00000000,24,0.00000000,0.00000000,0.00000000
h4,12,300,macd_cross_up+retest_up+elliott_wave3_bull+mtf_trend_bull,150,0.04666667,5.80295253,30,0.00000000,0.00000000,0.00000000,24,0.00000000,0.00000000,0.00000000
h4,12,300,ichimoku_cloud_bull+volatility+horizontal_break_up+mtf_trend_bull,408,0.04656863,5.79076145,84,0.00000000,0.00000000,-0.00000000,77,0.00000000,0.00000000,0.00000000
h4,12,300,ichimoku_cloud_bull+adx25+atr_expand+elliott_wave3_bull,215,0.04651163,5.78367362,36,0.00000000,0.00000000,0.00000000,14,0.00000000,0.00000000,0.00000000
h4,12,300,volatility+horizontal_break_up+mtf_volatility+cross_group_bull,172,0.04651163,5.78367362,33,0.00000000,0.00000000,0.00000000,42,0.00000000,0.00000000,-0.00000000
h4,12,300,ichimoku_cloud_bull+horizontal_break_up+engulf_bull+cross_group_return_up,151,0.04635762,5.76452238,41,0.00000000,0.00000000,-0.00000000,30,0.00000000,0.00000000,0.00000000
h4,12,300,ichimoku_cloud_bull+horizontal_break_up+engulf_bull+elliott_wave3_bull,130,0.04615385,5.73918382,28,0.00000000,0.00000000,0.00000000,18,0.00000000,0.00000000,0.00000000
h4,12,300,adx25+atr_expand+horizontal_break_up+elliott_wave3_bull,218,0.04587156,5.70408178,37,0.02702703,3.05827214,0.00478697,26,0.00000000,0.00000000,0.00000000
h4,12,300,dmi_adx_bull+atr_expand+horizontal_break_up,241,0.04564315,5.67567971,42,0.02380952,2.69419213,0.00421540,30,0.00000000,0.00000000,0.00000000
h4,12,300,dmi_adx_bull+atr_expand+horizontal_break_up+retest_up,241,0.04564315,5.67567971,40,0.00000000,0.00000000,0.00000000,29,0.00000000,0.00000000,0.00000000
h4,12,300,sma_stack_bull+atr_expand+breakout20_up+mtf_trend_bull,222,0.04504505,5.60130553,35,0.02857143,3.23303055,0.00506149,25,0.00000000,0.00000000,0.00000000
h4,12,300,sma_stack_bull+atr_expand+retest_up+mtf_trend_bull,222,0.04504505,5.60130553,34,0.02941176,3.32811969,0.00521091,25,0.00000000,0.00000000,0.00000000
h4,12,300,ichimoku_cloud_bull+dmi_adx_bull+elliott_wave3_bull+mtf_trend_bull,622,0.04501608,5.59770341,90,0.00000000,0.00000000,0.00000000,71,0.00000000,0.00000000,0.00000000
h4,12,300,sma_stack_bull+atr_expand+elliott_wave5_bull+mtf_trend_bull,178,0.04494382,5.58871833,30,0.03333333,3.77186898,0.00590859,26,0.00000000,0.00000000,0.00000000
h4,12,300,sma_stack_bull+dmi_adx_bull+breakout20_up+engulf_bull,156,0.04487179,5.57976205,24,0.00000000,0.00000000,0.00000000,14,0.00000000,0.00000000,0.00000000
h4,12,300,adx25+horizontal_break_up+engulf_bull+mtf_trend_bull,134,0.04477612,5.56786490,21,0.00000000,0.00000000,-0.00000000,12,0.00000000,0.00000000,0.00000000
h4,12,300,dmi_adx_bull+horizontal_break_up+engulf_bull+mtf_trend_bull,134,0.04477612,5.56786490,21,0.00000000,0.00000000,-0.00000000,12,0.00000000,0.00000000,0.00000000
h4,12,300,dmi_adx_bull+horizontal_break_up+elliott_wave3_bull+mtf_trend_bull,627,0.04465710,5.55306462,105,0.00952381,1.07767685,0.00168317,68,0.00000000,0.00000000,0.00000000
h4,12,300,sma_stack_bull+adx25+breakout20_up+engulf_bull,157,0.04458599,5.54422216,24,0.00000000,0.00000000,0.00000000,14,0.00000000,0.00000000,0.00000000
h4,12,300,adx25+atr_expand+horizontal_break_up,247,0.04453441,5.53780895,42,0.02380952,2.69419213,0.00421540,30,0.00000000,0.00000000,0.00000000
h4,12,300,adx25+atr_expand+horizontal_break_up+retest_up,247,0.04453441,5.53780895,40,0.00000000,0.00000000,0.00000000,29,0.00000000,0.00000000,0.00000000
h4,12,300,ichimoku_cloud_bull+horizontal_break_up+elliott_wave3_bull+mtf_trend_bull,766,0.04438642,5.51940655,146,0.00000000,0.00000000,0.00000000,134,0.00000000,0.00000000,0.00000000
h4,12,300,dmi_adx_bull+atr_expand+horizontal_break_up+cross_group_return_up,158,0.04430380,5.50913215,29,0.03448276,3.90193343,0.00611321,24,0.00000000,0.00000000,0.00000000
h4,12,300,volatility+horizontal_break_up+mtf_trend_bull+cross_group_return_up,339,0.04424779,5.50216738,93,0.01075269,1.21673193,0.00190064,91,0.00000000,0.00000000,0.00000000
h4,12,300,adx25+horizontal_break_up+elliott_wave3_bull+mtf_trend_bull,633,0.04423381,5.50042894,108,0.00925926,1.04774138,0.00163636,69,0.00000000,0.00000000,0.00000000
h4,12,300,dmi_adx_bull+horizontal_break_up+mtf_trend_bull+cross_group_return_up,701,0.04422254,5.49902777,148,0.00675676,0.76456804,0.00119373,95,0.00000000,0.00000000,0.00000000
h4,12,300,ichimoku_cloud_bull+horizontal_break_up+engulf_bull+cross_group_bull,136,0.04411765,5.48598453,37,0.00000000,0.00000000,-0.00000000,26,0.00000000,0.00000000,0.00000000
h4,12,300,dmi_adx_bull+atr_expand+horizontal_break_up+cross_group_bull,136,0.04411765,5.48598453,25,0.04000000,4.52624277,0.00709623,21,0.00000000,0.00000000,-0.00000000
h4,12,300,ichimoku_cloud_bull+macd_cross_up+horizontal_break_up+mtf_trend_bull,159,0.04402516,5.47448352,32,0.00000000,0.00000000,0.00000000,29,0.00000000,0.00000000,0.00000000
h4,12,300,atr_expand+impulse_bull+mtf_volatility+cross_target_relative_up,159,0.04402516,5.47448352,29,0.00000000,0.00000000,0.00000000,24,0.00000000,0.00000000,0.00000000
h4,12,300,sma_stack_bull+dmi_adx_bull+elliott_wave3_bull+mtf_trend_bull,592,0.04391892,5.46127289,100,0.00000000,0.00000000,0.00000000,65,0.00000000,0.00000000,0.00000000
h4,12,300,adx25+horizontal_break_up+mtf_trend_bull+cross_group_return_up,706,0.04390935,5.46008281,154,0.00649351,0.73477967,0.00114718,95,0.00000000,0.00000000,0.00000000
h4,12,300,atr_expand+horizontal_break_up+elliott_wave3_bull+mtf_trend_bull,228,0.04385965,5.45390275,42,0.02380952,2.69419213,0.00421540,26,0.00000000,0.00000000,0.00000000
h4,12,300,adx25+atr_expand+horizontal_break_up+cross_group_bull,137,0.04379562,5.44594085,25,0.04000000,4.52624277,0.00709623,21,0.00000000,0.00000000,-0.00000000
h4,12,300,ichimoku_cloud_bull+atr_expand+breakout20_up+mtf_trend_bull,230,0.04347826,5.40647751,44,0.00000000,0.00000000,0.00000000,23,0.00000000,0.00000000,0.00000000
h4,12,300,ichimoku_cloud_bull+atr_expand+retest_up+mtf_trend_bull,230,0.04347826,5.40647751,41,0.00000000,0.00000000,-0.00000000,23,0.00000000,0.00000000,0.00000000
h4,12,300,ichimoku_cloud_bull+dmi_adx_bull+atr_expand+elliott_wave5_bull,184,0.04347826,5.40647751,23,0.00000000,0.00000000,0.00000000,14,0.00000000,0.00000000,0.00000000
h4,12,300,adx25+atr_expand+horizontal_break_up+cross_group_return_up,161,0.04347826,5.40647751,29,0.03448276,3.90193343,0.00611321,24,0.00000000,0.00000000,0.00000000
h4,12,300,ichimoku_cloud_bull+atr_expand+elliott_wave3_bull+mtf_trend_bull,231,0.04329004,5.38307285,39,0.00000000,0.00000000,-0.00000000,24,0.00000000,0.00000000,0.00000000
h4,12,300,volatility+horizontal_break_up+elliott_wave3_bull+mtf_trend_bull,416,0.04326923,5.38048483,97,0.01030928,1.16655742,0.00182216,80,0.00000000,0.00000000,0.00000000
h4,12,300,sma_stack_bull+horizontal_break_up+engulf_bull+cross_target_relative_up,140,0.04285714,5.32924212,26,0.00000000,0.00000000,0.00000000,26,0.00000000,0.00000000,0.00000000
h4,12,300,sma_stack_bull+adx25+elliott_wave3_bull+mtf_trend_bull,608,0.04276316,5.31755518,109,0.00000000,0.00000000,0.00000000,72,0.00000000,0.00000000,0.00000000
h4,12,300,dmi_adx_bull+atr_expand+horizontal_break_up+impulse_bull,212,0.04245283,5.27896625,37,0.00000000,0.00000000,-0.00000000,24,0.00000000,0.00000000,0.00000000
h4,12,300,ichimoku_cloud_bull+dmi_adx_bull+breakout20_up+engulf_bull,165,0.04242424,5.27541139,26,0.00000000,0.00000000,0.00000000,14,0.00000000,0.00000000,0.00000000
d1,1,50,sma_stack_bull+adx_up3+volatility+mtf_volatility,200,0.47000000,1.85254503,23,0.30434783,1.21480386,0.15604024,57,0.26315789,1.33339855,0.16645787
d1,1,50,ichimoku_cloud_bull+adx25+atr_expand+mtf_adx25,162,0.46913580,1.84913873,14,0.42857143,1.71064217,0.21380799,37,0.29729730,1.50637999,0.17489479
d1,1,50,ichimoku_cloud_bull+adx_up3+atr_expand,152,0.46710526,1.84113518,13,0.61538462,2.45630671,0.35522892,38,0.15789474,0.80003913,0.07443863
d1,1,50,ichimoku_cloud_bull+adx_up3+atr_expand+mtf_volatility,146,0.46575342,1.83580680,12,0.66666667,2.66099894,0.39062209,37,0.16216216,0.82166181,0.07651207
d1,1,50,sma_stack_bull+adx25+atr_expand+mtf_adx25,121,0.46280992,1.82420471,11,0.45454545,1.81431746,0.21271272,38,0.28947368,1.46673841,0.17003278
d1,1,50,ichimoku_cloud_bull+adx_up3+atr_expand+mtf_adx25,136,0.45588235,1.79689913,13,0.61538462,2.45630671,0.35522892,38,0.15789474,0.80003913,0.07443863
d1,1,50,sma_stack_bull+adx_up3+pullback_bull+mtf_volatility,134,0.44776119,1.76488889,36,0.19444444,0.77612469,0.09753095,34,0.14705882,0.74513449,0.06449441
d1,1,50,ichimoku_cloud_bull+adx25+atr_expand+mtf_volatility,197,0.44670051,1.76070810,20,0.35000000,1.39702444,0.18119182,44,0.29545455,1.49704292,0.18155529
d1,1,50,adx_up3+volatility+pullback_bull+mtf_volatility,193,0.44559585,1.75635402,29,0.51724138,2.06456814,0.34431022,33,0.24242424,1.22834291,0.12831713
d1,1,50,sma_stack_bull+adx25+atr_expand+mtf_volatility,145,0.44137931,1.73973415,17,0.35294118,1.40876414,0.17309720,45,0.28888889,1.46377530,0.17730082
d1,1,50,adx_up3+atr_expand+mtf_volatility,218,0.43577982,1.71766327,37,0.62162162,2.48120171,0.46100430,59,0.22033898,1.11643879,0.13354198
d1,1,50,ichimoku_cloud_bull+adx25+atr_expand,209,0.43540670,1.71619259,20,0.35000000,1.39702444,0.18119182,44,0.29545455,1.49704292,0.18155529
d1,1,50,trend_bull+adx_up3+volatility+mtf_volatility,206,0.43203883,1.70291787,26,0.34615385,1.38167253,0.19412230,47,0.21276596,1.07806691,0.11989708
d1,1,50,adx_up3+atr_expand,229,0.42794760,1.68679191,38,0.60526316,2.41590693,0.44717868,60,0.21666667,1.09783147,0.13123044
d1,1,50,sma_stack_bull+adx25+atr_expand,155,0.42580645,1.67835240,17,0.35294118,1.40876414,0.17309720,45,0.28888889,1.46377530,0.17730082
d1,1,50,adx_up3+atr_expand+mtf_adx25,211,0.42180095,1.66256436,37,0.62162162,2.48120171,0.46100430,60,0.21666667,1.09783147,0.13123044
d1,1,50,ichimoku_cloud_bull+adx_up3+volatility+pullback_bull,174,0.41954023,1.65365355,27,0.37037037,1.47833274,0.21532513,38,0.21052632,1.06671884,0.11074792
d1,1,50,sma_stack_bull+volatility+pullback_bull+mtf_volatility,337,0.41839763,1.64914988,43,0.27906977,1.11390653,0.16746614,56,0.30357143,1.53817047,0.19900325
d1,1,50,ichimoku_cloud_bull+atr_expand+pullback_bull+mtf_volatility,144,0.41666667,1.64232716,19,0.36842105,1.47055204,0.19149513,37,0.27027027,1.36943635,0.15397462
d1,1,50,sma_stack_bull+atr_expand+pullback_bull,121,0.41322314,1.62875421,15,0.46666667,1.86269926,0.24809535,38,0.21052632,1.06671884,0.11074792
d1,1,50,sma_stack_bull+bb_expand+pullback_bull+mtf_volatility,160,0.41250000,1.62590389,46,0.30434783,1.21480386,0.19079841,50,0.24000000,1.21605948,0.14297391
d1,1,50,sma_stack_bull+adx_up3+volatility+mtf_adx25,242,0.40909091,1.61246666,30,0.30000000,1.19744952,0.16664748,72,0.25000000,1.26672862,0.16439051
d1,1,50,ichimoku_cloud_bull+adx_up3+volatility+mtf_volatility,340,0.40882353,1.61141276,37,0.37837838,1.51029669,0.24063999,71,0.33802817,1.71275983,0.23884988
d1,1,50,ichimoku_cloud_bull+atr_expand+pullback_bull,151,0.40397351,1.59229600,21,0.38095238,1.52057082,0.20751011,37,0.27027027,1.36943635,0.15397462
d1,1,50,adx25+atr_expand+mtf_adx25,260,0.40384615,1.59179401,39,0.41025641,1.63753781,0.27079310,60,0.30000000,1.52007435,0.19898166
d1,1,50,trend_bull+atr_expand+pullback_bull+mtf_volatility,138,0.39855072,1.57092163,18,0.33333333,1.33049947,0.16278775,37,0.21621622,1.09554908,0.11386512
d1,1,50,sma_stack_bull+adx_up3+volatility,297,0.39730640,1.56601701,38,0.28947368,1.15543375,0.17003278,82,0.21951220,1.11224952,0.14360786
d1,1,50,adx_up3+volatility+mtf_volatility,546,0.39560440,1.55930842,81,0.41975309,1.67544378,0.31830963,120,0.33333333,1.68897150,0.25531741
d1,1,50,sma_stack_bull+adx25+bb_expand+mtf_volatility,253,0.39525692,1.55793881,59,0.25423729,1.01478773,0.16055978,70,0.32857143,1.66484334,0.22998869
d1,1,50,adx25+bb_expand+pullback_bull+mtf_volatility,213,0.39436620,1.55442796,47,0.38297872,1.52865896,0.25790681,38,0.18421053,0.93337899,0.09221765
d1,1,50,ichimoku_cloud_bull+adx_up3+pullback_bull+mtf_volatility,203,0.39408867,1.55333406,38,0.21052632,0.84031545,0.11074792,37,0.21621622,1.09554908,0.11386512
d1,1,50,sma_stack_bull+atr_expand+mtf_volatility,238,0.39075630,1.54019925,48,0.47916667,1.91259299,0.34471316,83,0.28915663,1.46513190,0.20267449
d1,1,50,atr_expand+mtf_volatility+adx25,303,0.38943894,1.53500677,47,0.36170213,1.44373347,0.23966213,67,0.29850746,1.51251179,0.20231511
d1,1,50,adx25+atr_expand+mtf_volatility,303,0.38943894,1.53500677,47,0.36170213,1.44373347,0.23966213,67,0.29850746,1.51251179,0.20231511
d1,1,50,trend_bull+adx_up3+volatility+pullback_bull,139,0.38848921,1.53126331,17,0.35294118,1.40876414,0.17309720,27,0.11111111,0.56299050,0.03852035
d1,1,50,ichimoku_cloud_bull+adx_up3+volatility,520,0.38846154,1.53115424,72,0.33333333,1.33049947,0.23534643,107,0.29906542,1.51533892,0.22051009
d1,1,50,trend_bull+volatility+pullback_bull+mtf_volatility,394,0.38832487,1.53061556,51,0.31372549,1.25223479,0.20327678,60,0.30000000,1.52007435,0.19898166
d1,1,50,sma_stack_bull+atr_expand+mtf_adx25,188,0.38829787,1.53050914,32,0.56250000,2.24521785,0.39325591,74,0.28378378,1.43790817,0.19373547
d1,1,50,sma_stack_bull+volatility+pullback_bull+mtf_adx25,333,0.38738739,1.52692038,40,0.45000000,1.79617428,0.30705308,61,0.27868852,1.41209093,0.18188544
d1,1,50,sma_stack_bull+adx_up3+mtf_volatility,339,0.38643068,1.52314943,80,0.21250000,0.84819341,0.13712387,98,0.24489796,1.24087702,0.17044970
d1,1,50,ichimoku_cloud_bull+adx_up3+volatility+mtf_adx25,443,0.38600451,1.52146967,61,0.36065574,1.43955680,0.25174112,93,0.33333333,1.68897150,0.24582387
d1,1,50,adx25+atr_expand+pullback_bull+mtf_volatility,127,0.38582677,1.52076908,16,0.37500000,1.49681190,0.18481233,33,0.18181818,0.92125718,0.08610768
d1,1,50,sma_stack_bull+adx25+volatility+mtf_volatility,428,0.38551402,1.51953634,61,0.21311475,0.85064720,0.12899774,89,0.37078652,1.87874358,0.27773632
d1,1,50,adx_up3+volatility+pullback_bull+mtf_adx25,240,0.38333333,1.51094098,41,0.48780488,1.94707239,0.34254430,46,0.26086957,1.32180378,0.15600886
d1,1,50,atr_expand+pullback_bull+mtf_adx25,175,0.38285714,1.50906404,32,0.46875000,1.87101488,0.30869387,46,0.19565217,0.99135284,0.10650610
d1,1,50,ichimoku_cloud_bull+adx25+volatility+mtf_volatility,585,0.38119658,1.50251879,82,0.25609756,1.02221301,0.17403576,111,0.39639640,2.00850665,0.31033266
d1,1,50,sma_stack_bull+adx25+pullback_bull+mtf_volatility,342,0.38011696,1.49826337,86,0.24418605,0.97466822,0.16561965,71,0.26760563,1.35593487,0.17852803
d1,1,50,sma_stack_bull+adx_up3+bb_expand+mtf_volatility,248,0.37903226,1.49398793,57,0.26315789,1.05039432,0.16645787,83,0.27710843,1.40408474,0.19231928
d1,1,50,sma_stack_bull+volatility+mtf_volatility,784,0.37882653,1.49317704,111,0.27927928,1.11474280,0.20427657,148,0.33783784,1.71179544,0.26659894
d1,1,50,trend_bull+adx25+atr_expand+mtf_adx25,140,0.37857143,1.49217153,19,0.42105263,1.68063091,0.23141891,39,0.25641026,1.29920885,0.14568781
d1,1,50,sma_stack_bull+atr_expand,251,0.37848606,1.49183503,49,0.48979592,1.95501963,0.35575110,84,0.28571429,1.44768986,0.20015034
d1,1,50,adx25+volatility+pullback_bull+mtf_volatility,378,0.37830688,1.49112878,57,0.33333333,1.33049947,0.22493806,55,0.34545455,1.75038864,0.23362710
d1,1,50,trend_bull+adx25+atr_expand+mtf_volatility,164,0.37804878,1.49011147,25,0.36000000,1.43693943,0.20247881,46,0.26086957,1.32180378,0.15600886
d1,1,50,trend_bull+atr_expand+pullback_bull,151,0.37748344,1.48788315,19,0.36842105,1.47055204,0.19149513,37,0.21621622,1.09554908,0.11386512
d1,1,50,sma_stack_bull+bb_expand+mtf_volatility,477,0.37735849,1.48739063,136,0.36029412,1.43811340,0.28446945,145,0.29655172,1.50260223,0.22823917
d1,1,50,adx25+atr_expand,323,0.37461300,1.47656906,47,0.36170213,1.44373347,0.23966213,69,0.28985507,1.46867087,0.19616058
d1,1,50,trend_bull+adx_up3+volatility+mtf_adx25,277,0.37184116,1.46564359,33,0.33333333,1.33049947,0.19750228,58,0.22413793,1.13568773,0.13593661
d1,1,50,adx_up3+volatility+pullback_bull,304,0.37171053,1.46512870,53,0.41509434,1.65684839,0.29260909,56,0.21428571,1.08576739,0.12705904
d1,1,50,sma_stack_bull+rci_strong_bull+volatility+pullback_bull,130,0.36923077,1.45535453,25,0.32000000,1.27727949,0.17205190,25,0.12000000,0.60802974,0.04166817
d1,1,50,adx25+atr_expand+pullback_bull,133,0.36842105,1.45216296,16,0.37500000,1.49681190,0.18481233,34,0.17647059,0.89416138,0.08348969
d1,1,50,adx_up3+bb_expand+pullback_bull+mtf_volatility,237,0.36708861,1.44691101,45,0.37777778,1.50789940,0.25108085,45,0.15555556,0.78818670,0.07745423
d1,1,50,adx_up3+pullback_bull+mtf_volatility,366,0.36612022,1.44309403,76,0.32894737,1.31299290,0.23379274,61,0.21311475,1.07983424,0.12899774
d1,1,50,trend_bull+bb_expand+pullback_bull+mtf_volatility,211,0.36492891,1.43839838,54,0.29629630,1.18266619,0.19137425,50,0.22000000,1.11472119,0.12753916
d1,1,50,atr_expand+pullback_bull+mtf_volatility,245,0.36326531,1.43184115,41,0.46341463,1.84971877,0.32056234,53,0.20754717,1.05162376,0.12004598
d1,1,50,ichimoku_cloud_bull+adx25+bb_expand+mtf_volatility,383,0.36292428,1.43049697,80,0.26250000,1.04776833,0.17857401,78,0.33333333,1.68897150,0.23872670
d1,1,50,ichimoku_cloud_bull+atr_expand+mtf_adx25,295,0.36271186,1.42965971,49,0.44897959,1.79210133,0.31852841,81,0.25925926,1.31364450,0.17627559
d1,1,50,adx25+volatility+pullback_bull+mtf_macd_bull,251,0.36254980,1.42902092,45,0.31111111,1.24179950,0.19528699,52,0.30769231,1.55905061,0.19914728
d1,1,50,ichimoku_cloud_bull+atr_expand+mtf_volatility,365,0.36164384,1.42544998,69,0.43478261,1.73543409,0.32432803,90,0.26666667,1.35117720,0.18623819
d1,1,50,sma_stack_bull+rci_strong_bull+volatility+mtf_volatility,180,0.36111111,1.42335020,31,0.25806452,1.03006410,0.13701706,29,0.13793103,0.69888476,0.05497440
d1,1,50,sma_stack_bull+rci_strong_bull+pullback_bull+mtf_volatility,144,0.36111111,1.42335020,32,0.18750000,0.74840595,0.08889545,24,0.04166667,0.21112144,0.00739346
d1,1,50,trend_bull+adx25+bb_expand+mtf_volatility,313,0.36102236,1.42300040,71,0.26760563,1.06814746,0.17852803,69,0.27536232,1.39523733,0.18394522
d1,1,50,trend_bull+adx_up3+volatility,341,0.36070381,1.42174480,41,0.31707317,1.26559706,0.19564614,70,0.18571429,0.94099841,0.11187300
d1,1,50,adx_up3+volatility+mtf_volatility+cross_target_relative_up,200,0.36000000,1.41897066,34,0.38235294,1.52616116,0.23900183,33,0.36363636,1.84251436,0.22187178
d1,1,50,ichimoku_cloud_bull+atr_expand+mtf_macd_bull,142,0.35915493,1.41563975,34,0.47058824,1.87835219,0.31451504,23,0.17391304,0.88120252,0.06978654
d1,1,50,trend_bull+adx_up3+pullback_bull+mtf_volatility,184,0.35869565,1.41382947,40,0.25000000,0.99787460,0.14187119,36,0.13888889,0.70373812,0.06081815
d1,1,50,trend_bull+volatility+mtf_volatility,895,0.35865922,1.41368586,130,0.31538462,1.25885719,0.24178320,147,0.32653061,1.65450269,0.25598239
d1,1,50,ichimoku_cloud_bull+volatility+pullback_bull+mtf_volatility,449,0.35857461,1.41335237,67,0.31343284,1.25106666,0.21505348,71,0.35211268,1.78412482,0.25122748
d1,1,50,trend_bull+adx25+atr_expand,176,0.35795455,1.41090833,25,0.36000000,1.43693943,0.20247881,46,0.26086957,1.32180378,0.15600886
d1,1,50,rci_strong_bull+volatility+pullback_bull+mtf_volatility,137,0.35766423,1.40976404,19,0.26315789,1.05039432,0.11806412,17,0.11764706,0.59610759,0.03287977
d1,1,50,trend_bull+bb_expand+close_near_high+mtf_volatility,179,0.35754190,1.40928185,50,0.44000000,1.75625930,0.31162199,39,0.30769231,1.55905061,0.18565932
d1,1,50,trend_bull+adx25+volatility+mtf_volatility,487,0.35728953,1.40828711,70,0.27142857,1.08340671,0.18119600,89,0.34831461,1.76488033,0.25747483
d1,1,50,trend_bull+volatility+pullback_bull+mtf_adx25,404,0.35643564,1.40492145,47,0.44680851,1.78343546,0.31410966,69,0.30434783,1.54210441,0.20849627
d1,1,50,adx_up3+volatility+mtf_adx25,720,0.35555556,1.40145251,119,0.39495798,1.57647416,0.31173465,166,0.32530120,1.64827339,0.25868483
d1,1,50,sma_stack_bull+pullback_bull+mtf_volatility,678,0.35545723,1.40106494,168,0.22023810,0.87908001,0.16421726,145,0.24827586,1.25799257,0.18506551
d1,1,50,ichimoku_cloud_bull+bb_expand+pullback_bull+mtf_volatility,242,0.35537190,1.40072862,61,0.27868852,1.11238480,0.18188544,50,0.22000000,1.11472119,0.12753916
d1,1,50,ichimoku_cloud_bull+atr_expand,383,0.35509138,1.39962294,71,0.43661972,1.74276691,0.32746123,91,0.26373626,1.33632910,0.18410599
d1,1,50,ichimoku_cloud_bull+adx_up3+volatility+mtf_macd_bull,268,0.35447761,1.39720370,25,0.24000000,0.95795962,0.11496314,60,0.36666667,1.85786865,0.25620917
d1,1,50,trend_bull+atr_expand+mtf_volatility,283,0.35335689,1.39278628,58,0.43103448,1.72047345,0.31181799,82,0.28048780,1.42120773,0.19477150
d1,1,50,ichimoku_cloud_bull+adx25+volatility+pullback_bull,507,0.35305720,1.39160502,86,0.25581395,1.02108099,0.17543075,121,0.28099174,1.42376110,0.20859681
d1,1,50,volatility+mtf_volatility+adx25,973,0.35251799,1.38947967,141,0.29078014,1.16064847,0.22216498,163,0.38650307,1.95837800,0.31518127
d1,1,50,adx25+volatility+mtf_volatility,973,0.35251799,1.38947967,141,0.29078014,1.16064847,0.22216498,163,0.38650307,1.95837800,0.31518127
d1,1,50,ichimoku_cloud_bull+adx25+volatility,1323,0.35071807,1.38238513,197,0.24873096,0.99280925,0.19356020,299,0.28762542,1.45737340,0.23926721
d1,1,50,ichimoku_cloud_bull+rci_strong_bull+volatility+pullback_bull,154,0.35064935,1.38211428,34,0.38235294,1.52616116,0.23900183,35,0.17142857,0.86861391,0.08102640
d1,1,50,adx_up3+volatility,853,0.35052755,1.38163419,142,0.36619718,1.46167547,0.29145378,189,0.29100529,1.47449893,0.23092437
d1,1,50,volatility+pullback_bull+mtf_volatility,761,0.34954008,1.37774199,126,0.38888889,1.55224938,0.30825962,95,0.31578947,1.60007826,0.23103226
d1,1,50,sma_stack_bull+volatility+pullback_bull,687,0.34934498,1.37697299,116,0.32758621,1.30755982,0.24890298,140,0.25714286,1.30292087,0.19191049
d1,1,50,sma_stack_bull+adx_up3+volatility+mtf_macd_bull,146,0.34931507,1.37685510,16,0.18750000,0.74840595,0.06591599,38,0.26315789,1.33339855,0.14971621
d1,1,50,atr_expand+pullback_bull,261,0.34865900,1.37426916,43,0.46511628,1.85651089,0.32511058,55,0.20000000,1.01338290,0.11552215
d1,1,50,sma_stack_bull+volatility+mtf_adx25,809,0.34857849,1.37395182,112,0.33928571,1.35425839,0.25823111,175,0.30285714,1.53455125,0.23961550
d1,1,50,adx25+atr_expand+mtf_macd_bull,135,0.34814815,1.37225558,20,0.30000000,1.19744952,0.14547724,19,0.26315789,1.33339855,0.11806412
d1,1,50,trend_bull+bb_expand+mtf_volatility,604,0.34768212,1.37041869,158,0.34177215,1.36418300,0.27235793,137,0.27737226,1.40542154,0.20925685
d1,1,50,ichimoku_cloud_bull+volatility+pullback_bull+mtf_adx25,461,0.34707158,1.36801221,74,0.39189189,1.56423586,0.28864920,90,0.34444444,1.74527055,0.25445914
d1,1,50,ichimoku_cloud_bull+adx25+volatility+mtf_adx25,758,0.34696570,1.36759486,96,0.34375000,1.37207758,0.25640393,137,0.31386861,1.59034543,0.24213653
d1,1,50,sma_stack_bull+rci_strong_bull+volatility+mtf_adx25,208,0.34615385,1.36439487,36,0.33333333,1.33049947,0.20214619,26,0.19230769,0.97440663,0.08507061
d1,1,50,trend_bull+rci_strong_bull+volatility+mtf_volatility,208,0.34615385,1.36439487,35,0.28571429,1.14042812,0.16326536,35,0.17142857,0.86861391,0.08102640
d1,1,50,sma_stack_bull+adx25+mtf_volatility,737,0.34599729,1.36377778,183,0.24043716,0.95970453,0.18426530,159,0.32704403,1.65710411,0.25895401
d1,1,50,ichimoku_cloud_bull+adx25+pullback_bull+mtf_volatility,422,0.34597156,1.36367639,96,0.25000000,0.99787460,0.17413968,76,0.28947368,1.46673841,0.19961017
d1,1,50,trend_bull+breakout20_up+close_near_high+mtf_adx25,298,0.34563758,1.36235998,54,0.37037037,1.47833274,0.25423375,34,0.26470588,1.34124207,0.14601191
d1,1,50,sma_stack_bull+breakout20_up+close_near_high+elliott_impulse_bull,246,0.34552846,1.36192984,73,0.32876712,1.31227345,0.23194486,53,0.24528302,1.24282808,0.14932902
d1,1,50,trend_bull+breakout20_up+close_near_high+cross_group_return_up,246,0.34552846,1.36192984,75,0.30666667,1.22405951,0.21386867,52,0.28846154,1.46160995,0.18329960
d1,1,50,trend_bull+adx25+pullback_bull+mtf_volatility,457,0.34354486,1.35411132,95,0.25263158,1.00837854,0.17604542,83,0.25301205,1.28199042,0.17185231
d1,1,50,adx25+bb_expand+mtf_volatility,670,0.34328358,1.35308148,132,0.27272727,1.08859047,0.20398542,135,0.32592593,1.65143880,0.25262820
d1,1,50,trend_bull+rci_strong_bull+volatility+mtf_adx25,277,0.34296029,1.35180719,40,0.32500000,1.29723698,0.20084502,37,0.24324324,1.23249272,0.13361353
d1,1,50,ichimoku_cloud_bull+adx_up3+pullback_bull+mtf_macd_bull,149,0.34228188,1.34913318,29,0.27586207,1.10110301,0.14698755,29,0.24137931,1.22304833,0.12218422
d1,1,50,trend_bull+bb_expand+breakout20_up+close_near_high,263,0.34220532,1.34883143,56,0.32142857,1.28298163,0.21400995,34,0.23529412,1.19221518,0.12436986
d1,1,50,sma_stack_bull+close_near_high+elliott_wave3_bull+mtf_adx25,120,0.34166667,1.34670827,27,0.51851852,2.06966584,0.33985616,27,0.29629630,1.50130800,0.15853040
d1,1,50,trend_bull+volatility+mtf_adx25,984,0.34146341,1.34590713,132,0.34848485,1.39097672,0.27252673,182,0.29120879,1.47553005,0.23006341
d1,1,50,sma_stack_bull+adx25+volatility+pullback_bull,375,0.34133333,1.34539441,62,0.27419355,1.09444311,0.17881064,92,0.25000000,1.26672862,0.17275255
d1,1,50,adx_up3+volatility+mtf_macd_bull,419,0.34128878,1.34521881,62,0.33870968,1.35195914,0.23341702,107,0.32710280,1.65740194,0.24554958
d1,1,50,trend_bull+bb_expand+breakout20_up+mtf_adx25,329,0.34042553,1.34181623,73,0.30136986,1.20291733,0.20822591,35,0.22857143,1.15815189,0.12065880
d1,1,100,sma_stack_bull+adx_up3+volatility+mtf_volatility,200,0.24000000,3.48443602,23,0.17391304,2.34128097,0.06978654,57,0.07017544,1.46029195,0.02762642
d1,1,100,sma_stack_bull+adx25+atr_expand+mtf_adx25,121,0.23966942,3.47963652,11,0.27272727,3.67155425,0.09746059,38,0.00000000,0.00000000,0.00000000
d1,1,100,sma_stack_bull+adx_up3+pullback_bull+mtf_volatility,134,0.23134328,3.35875363,36,0.13888889,1.86977300,0.06081815,34,0.05882353,1.22406825,0.01628266
d1,1,100,ichimoku_cloud_bull+adx25+atr_expand+mtf_adx25,162,0.22839506,3.31594992,14,0.14285714,1.92319508,0.04009392,37,0.00000000,0.00000000,-0.00000000
d1,1,100,adx_up3+volatility+pullback_bull+mtf_volatility,193,0.22279793,3.23468801,29,0.34482759,4.64219503,0.19940719,33,0.06060606,1.26116123,0.01678088
d1,1,100,sma_stack_bull+adx25+atr_expand+mtf_volatility,145,0.22068966,3.20407910,17,0.17647059,2.37571157,0.06191127,45,0.00000000,0.00000000,0.00000000
d1,1,100,sma_stack_bull+adx25+atr_expand,155,0.21290323,3.09103195,17,0.17647059,2.37571157,0.06191127,45,0.00000000,0.00000000,0.00000000
d1,1,100,ichimoku_cloud_bull+adx_up3+atr_expand,152,0.21052632,3.05652282,13,0.30769231,4.14226634,0.12680704,38,0.02631579,0.54760948,0.00466059
d1,1,100,trend_bull+adx_up3+volatility+mtf_volatility,206,0.20873786,3.03055722,26,0.15384615,2.07113317,0.06150034,47,0.06382979,1.32824427,0.02194539
d1,1,100,ichimoku_cloud_bull+adx25+atr_expand+mtf_volatility,197,0.20812183,3.02161330,20,0.10000000,1.34623656,0.02786648,44,0.00000000,0.00000000,0.00000000
d1,1,100,ichimoku_cloud_bull+adx_up3+atr_expand+mtf_volatility,146,0.20547945,2.98325002,12,0.33333333,4.48745520,0.13812009,37,0.02702703,0.56240974,0.00478697
d1,1,100,ichimoku_cloud_bull+adx25+atr_expand,209,0.20095694,2.91758997,20,0.10000000,1.34623656,0.02786648,44,0.00000000,0.00000000,0.00000000
d1,1,100,ichimoku_cloud_bull+adx_up3+atr_expand+mtf_adx25,136,0.19852941,2.88234597,13,0.30769231,4.14226634,0.12680704,38,0.02631579,0.54760948,0.00466059
d1,1,100,sma_stack_bull+adx_up3+volatility+mtf_adx25,242,0.19834711,2.87969919,30,0.16666667,2.24372760,0.07336542,72,0.05555556,1.15606446,0.02181422
d1,1,100,adx25+atr_expand+pullback_bull+mtf_volatility,127,0.19685039,2.85796918,16,0.31250000,4.20698925,0.14164644,33,0.00000000,0.00000000,0.00000000
d1,1,100,ichimoku_cloud_bull+atr_expand+pullback_bull+mtf_volatility,144,0.19444444,2.82303844,19,0.21052632,2.83418223,0.08507677,37,0.00000000,0.00000000,-0.00000000
d1,1,100,adx_up3+atr_expand+mtf_volatility,218,0.19266055,2.79713901,37,0.29729730,4.00232491,0.17489479,59,0.05084746,1.05809290,0.01744272
d1,1,100,adx_up3+atr_expand,229,0.19213974,2.78957760,38,0.28947368,3.89700057,0.17003278,60,0.05000000,1.04045802,0.01714950
d1,1,100,ichimoku_cloud_bull+atr_expand+pullback_bull,151,0.19205298,2.78831801,21,0.19047619,2.56426011,0.07667565,37,0.00000000,0.00000000,-0.00000000
d1,1,100,sma_stack_bull+atr_expand+pullback_bull,121,0.19008264,2.75971172,15,0.20000000,2.69247312,0.07047549,38,0.00000000,0.00000000,0.00000000
d1,1,100,ichimoku_cloud_bull+adx_up3+volatility+pullback_bull,174,0.18965517,2.75350547,27,0.22222222,2.99163680,0.10607239,38,0.05263158,1.09521896,0.01455421
d1,1,100,sma_stack_bull+adx_up3+volatility,297,0.18855219,2.73749182,38,0.15789474,2.12563667,0.07443863,82,0.04878049,1.01508099,0.01913107
d1,1,100,adx25+atr_expand+pullback_bull,133,0.18796992,2.72903824,16,0.31250000,4.20698925,0.14164644,34,0.00000000,0.00000000,0.00000000
d1,1,100,sma_stack_bull+bb_expand+pullback_bull+mtf_volatility,160,0.18750000,2.72221564,46,0.10869565,1.46330061,0.04733146,50,0.10000000,2.08091603,0.04347576
d1,1,100,ichimoku_cloud_bull+adx_up3+pullback_bull+mtf_volatility,203,0.18719212,2.71774566,38,0.10526316,1.41709111,0.04170257,37,0.05405405,1.12481948,0.01495098
d1,1,100,sma_stack_bull+atr_expand+mtf_adx25,188,0.18617021,2.70290915,32,0.28125000,3.78629032,0.15564580,74,0.01351351,0.28120487,0.00238946
d1,1,100,trend_bull+adx25+atr_expand+mtf_adx25,140,0.18571429,2.69628978,19,0.15789474,2.12563667,0.05520472,39,0.00000000,0.00000000,-0.00000000
d1,1,100,sma_stack_bull+atr_expand+mtf_volatility,238,0.18487395,2.68408937,48,0.20833333,2.80465950,0.11730273,83,0.01204819,0.25071277,0.00212998
d1,1,100,adx_up3+atr_expand+mtf_adx25,211,0.18483412,2.68351115,37,0.29729730,4.00232491,0.17489479,60,0.05000000,1.04045802,0.01714950
d1,1,100,trend_bull+adx25+atr_expand+mtf_volatility,164,0.18292683,2.65582014,25,0.12000000,1.61548387,0.04166817,46,0.00000000,0.00000000,0.00000000
d1,1,100,sma_stack_bull+adx_up3+bb_expand+mtf_volatility,248,0.18145161,2.63440223,57,0.08771930,1.18090926,0.03805167,83,0.08433735,1.75498942,0.04145334
d1,1,100,adx25+atr_expand+mtf_adx25,260,0.18076923,2.62449508,39,0.20512821,2.76151089,0.10779718,60,0.03333333,0.69363868,0.00918932
d1,1,100,sma_stack_bull+atr_expand,251,0.17928287,2.60291535,49,0.20408163,2.74742155,0.11481850,84,0.01190476,0.24772810,0.00210458
d1,1,100,adx25+atr_expand+mtf_macd_bull,135,0.17777778,2.58106372,20,0.10000000,1.34623656,0.02786648,19,0.00000000,0.00000000,0.00000000
d1,1,100,adx25+volatility+pullback_bull+mtf_volatility,378,0.17724868,2.57338198,57,0.17543860,2.36181852,0.09818852,55,0.12727273,2.64843858,0.06304210
d1,1,100,adx_up3+volatility+pullback_bull+mtf_adx25,240,0.17500000,2.54073460,41,0.29268293,3.94020456,0.17609188,46,0.06521739,1.35711915,0.02242786
d1,1,100,sma_stack_bull+adx25+bb_expand+mtf_volatility,253,0.17391304,2.52495364,59,0.10169492,1.36905413,0.04744797,70,0.11428571,2.37818975,0.05906129
d1,1,100,adx_up3+bb_expand+pullback_bull+mtf_macd_bull,150,0.17333333,2.51653712,30,0.20000000,2.69247312,0.09505107,31,0.16129032,3.35631618,0.07092624
d1,1,100,adx_up3+volatility+pullback_bull+cross_target_relative_up,127,0.17322835,2.51501287,26,0.30769231,4.14226634,0.16501316,20,0.05000000,1.04045802,0.00888145
d1,1,100,trend_bull+adx_up3+volatility+pullback_bull,139,0.17266187,2.50678850,17,0.23529412,3.16761543,0.09555044,27,0.03703704,0.77070964,0.00656815
d1,1,100,sma_stack_bull+volatility+pullback_bull+mtf_volatility,337,0.17210682,2.49873008,43,0.13953488,1.87846962,0.06555723,56,0.12500000,2.60114504,0.06189069
d1,1,100,atr_expand+mtf_volatility+adx25,303,0.17161716,2.49162092,47,0.17021277,2.29146648,0.08886364,67,0.02985075,0.62116896,0.00822469
d1,1,100,adx25+atr_expand+mtf_volatility,303,0.17161716,2.49162092,47,0.17021277,2.29146648,0.08886364,67,0.02985075,0.62116896,0.00822469
d1,1,100,sma_stack_bull+adx_up3+volatility+mtf_macd_bull,146,0.17123288,2.48604168,16,0.06250000,0.84139785,0.01111934,38,0.07894737,1.64282845,0.02721460
d1,1,100,sma_stack_bull+adx_up3+mtf_volatility,339,0.17109145,2.48398831,80,0.08750000,1.17795699,0.04303200,98,0.07142857,1.48636859,0.03502845
d1,1,100,trend_bull+adx25+atr_expand,176,0.17045455,2.47474149,25,0.12000000,1.61548387,0.04166817,46,0.00000000,0.00000000,0.00000000
d1,1,100,ichimoku_cloud_bull+atr_expand+mtf_macd_bull,142,0.16901408,2.45382818,34,0.23529412,3.16761543,0.12436986,23,0.00000000,0.00000000,0.00000000
d1,1,100,sma_stack_bull+volatility+pullback_bull+mtf_adx25,333,0.16816817,2.44154676,40,0.17500000,2.35591398,0.08745414,61,0.09836066,2.04680265,0.04586458
d1,1,100,adx_up3+volatility+mtf_volatility,546,0.16666667,2.41974724,81,0.17283951,2.32682862,0.10584404,120,0.08333333,1.73409669,0.04589365
d1,1,100,trend_bull+adx_up3+volatility+mtf_adx25,277,0.16606498,2.41101169,33,0.15151515,2.03975236,0.06650457,58,0.05172414,1.07633588,0.01774613
d1,1,100,sma_stack_bull+adx25+volatility+mtf_volatility,428,0.16588785,2.40844001,61,0.13114754,1.76555614,0.06798077,89,0.11235955,2.33810790,0.06218743
d1,1,100,ichimoku_cloud_bull+adx_up3+volatility+mtf_volatility,340,0.16470588,2.39127962,37,0.16216216,2.18308631,0.07651207,71,0.09859155,2.05160735,0.04858282
d1,1,100,adx_up3+volatility+pullback_bull,304,0.16447368,2.38790846,53,0.26415094,3.55609657,0.16437354,56,0.05357143,1.11477644,0.01838578
d1,1,100,adx25+atr_expand,323,0.16408669,2.38228985,47,0.17021277,2.29146648,0.08886364,69,0.02898551,0.60316407,0.00798520
d1,1,100,adx25+bb_expand+pullback_bull+mtf_macd_bull,135,0.16296296,2.36597507,31,0.06451613,0.86853972,0.01787478,29,0.13793103,2.87022901,0.05497440
d1,1,100,adx25+bb_expand+pullback_bull+mtf_volatility,213,0.15962441,2.31750439,47,0.14893617,2.00503317,0.07406720,38,0.07894737,1.64282845,0.02721460
d1,1,100,adx25+volatility+pullback_bull+mtf_macd_bull,251,0.15936255,2.31370254,45,0.08888889,1.19665472,0.03511112,52,0.11538462,2.40105696,0.05396969
d1,1,100,sma_stack_bull+bb_expand+mtf_volatility,477,0.15932914,2.31321748,136,0.13235294,1.78178368,0.08538612,145,0.08965517,1.86564885,0.05314353
d1,1,100,trend_bull+adx_up3+volatility,341,0.15835777,2.29911468,41,0.14634146,1.97010228,0.06884248,70,0.04285714,0.89182116,0.01468154
d1,1,100,sma_stack_bull+horizontal_break_up+elliott_impulse_bull+cross_group_bull,153,0.15686275,2.27740916,83,0.08433735,1.13538023,0.04145334,39,0.05128205,1.06713643,0.01417796
d1,1,100,adx_up3+bb_expand+pullback_bull+mtf_volatility,237,0.15611814,2.26659868,45,0.24444444,3.29080048,0.14235479,45,0.04444444,0.92485157,0.01227413
d1,1,100,rci_strong_bull+close_near_high+elliott_wave5_bull+cross_group_bull,148,0.15540541,2.25625080,27,0.07407407,0.99721227,0.02055465,9,0.00000000,0.00000000,0.00000000
d1,1,100,sma_stack_bull+bb_expand+breakout20_up+cross_group_bull,123,0.15447154,2.24269256,63,0.09523810,1.28213006,0.04438348,26,0.00000000,0.00000000,0.00000000
d1,1,100,sma_stack_bull+bb_expand+retest_up+cross_group_bull,123,0.15447154,2.24269256,62,0.09677419,1.30280957,0.04511187,26,0.00000000,0.00000000,0.00000000
d1,1,100,ichimoku_cloud_bull+adx_up3+pullback_bull+mtf_macd_bull,149,0.15436242,2.24110818,29,0.06896552,0.92843901,0.01912127,29,0.10344828,2.15267176,0.03581489
d1,1,100,sma_stack_bull+rci_strong_bull+volatility+mtf_adx25,208,0.15384615,2.23361283,36,0.11111111,1.49581840,0.04406640,26,0.03846154,0.80035232,0.00682198
d1,1,100,adx_up3+pullback_bull+mtf_volatility,366,0.15300546,2.22140730,76,0.17105263,2.30277306,0.10278019,61,0.04918033,1.02340133,0.01686598
d1,1,100,sma_stack_bull+rci_strong_bull+pullback_bull+mtf_volatility,144,0.15277778,2.21810163,32,0.06250000,0.84139785,0.01731057,24,0.04166667,0.86704835,0.00739346
d1,1,100,sma_stack_bull+horizontal_break_up+elliott_wave5_bull+cross_group_bull,144,0.15277778,2.21810163,78,0.08974359,1.20816101,0.04415301,30,0.06666667,1.38727735,0.01847702
d1,1,100,ichimoku_cloud_bull+atr_expand+mtf_adx25,295,0.15254237,2.21468391,49,0.18367347,2.47267939,0.09976341,81,0.01234568,0.25690321,0.00218265
d1,1,100,trend_bull+atr_expand+pullback_bull+mtf_volatility,138,0.15217391,2.20933443,18,0.16666667,2.24372760,0.05836577,37,0.00000000,0.00000000,-0.00000000
d1,1,100,sma_stack_bull+adx_up3+volatility+cross_target_relative_up,125,0.15200000,2.20680948,23,0.17391304,2.34128097,0.06978654,29,0.03448276,0.71755725,0.00611321
d1,1,100,adx25+volatility+pullback_bull+mtf_adx25,477,0.15094340,2.19146919,81,0.13580247,1.82822249,0.07755463,69,0.13043478,2.71423830,0.07016628
d1,1,100,trend_bull+adx_up3+bb_expand+mtf_volatility,312,0.15064103,2.18707923,61,0.08196721,1.10347259,0.03551957,77,0.07792208,1.62149301,0.03620096
d1,1,100,ichimoku_cloud_bull+adx25+volatility+mtf_volatility,585,0.15042735,2.18397699,82,0.10975610,1.47757671,0.05882714,111,0.11711712,2.43710886,0.06973493
d1,1,100,adx_up3+volatility+mtf_macd_bull,419,0.15035800,2.18297006,62,0.11290323,1.51994450,0.05577864,107,0.09345794,1.94478134,0.05155827
d1,1,100,sma_stack_bull+rci_strong_bull+volatility+mtf_volatility,180,0.15000000,2.17777251,31,0.09677419,1.30280957,0.03346464,29,0.03448276,0.71755725,0.00611321
d1,1,100,ichimoku_cloud_bull+adx25+volatility+pullback_bull,507,0.14990138,2.17634071,86,0.05813953,0.78269567,0.02508694,121,0.09917355,2.06371838,0.05764524
d1,1,100,trend_bull+adx25+volatility+mtf_volatility,487,0.14989733,2.17628191,70,0.12857143,1.73087558,0.06914100,89,0.10112360,2.10429711,0.05411855
d1,1,100,sma_stack_bull+adx25+volatility+mtf_adx25,522,0.14942529,2.16942856,64,0.12500000,1.68279570,0.06472243,109,0.09174312,1.90909728,0.05059743
d1,1,100,sma_stack_bull+rci_strong_bull+bb_expand+mtf_volatility,174,0.14942529,2.16942856,45,0.04444444,0.59832736,0.01227413,26,0.03846154,0.80035232,0.00682198
d1,1,100,sma_stack_bull+horizontal_break_up+elliott_wave5_bull+cross_group_return_up,154,0.14935065,2.16834493,87,0.08045977,1.08317884,0.03952027,37,0.05405405,1.12481948,0.01495098
d1,1,100,sma_stack_bull+adx25+volatility+pullback_bull,375,0.14933333,2.16809352,62,0.09677419,1.30280957,0.04511187,92,0.08695652,1.80949220,0.04472119
d1,1,100,ichimoku_cloud_bull+adx25+pullback_bull+mtf_volatility,422,0.14928910,2.16745132,96,0.05208333,0.70116487,0.02244960,76,0.13157895,2.73804741,0.07306882
d1,1,100,sma_stack_bull+breakout20_up+mtf_adx25+cross_group_bull,134,0.14925373,2.16693782,67,0.08955224,1.20558498,0.04169095,27,0.03703704,0.77070964,0.00656815
d1,1,100,sma_stack_bull+retest_up+mtf_adx25+cross_group_bull,134,0.14925373,2.16693782,67,0.08955224,1.20558498,0.04169095,27,0.03703704,0.77070964,0.00656815
d1,1,100,sma_stack_bull+volatility+mtf_volatility,784,0.14923469,2.16666143,111,0.09909910,1.33410830,0.05624022,148,0.08783784,1.82783165,0.05205094
d1,1,100,sma_stack_bull+adx25+pullback_bull+mtf_volatility,342,0.14912281,2.16503700,86,0.06976744,0.93923481,0.03236541,71,0.12676056,2.63778088,0.06814528
d1,1,100,ichimoku_cloud_bull+adx_up3+volatility+mtf_adx25,443,0.14898420,2.16302462,61,0.14754098,1.98625066,0.07961169,93,0.09677419,2.01378971,0.05175167
d1,1,100,ichimoku_cloud_bull+bb_expand+pullback_bull+mtf_volatility,242,0.14876033,2.15977439,61,0.08196721,1.10347259,0.03551957,50,0.08000000,1.66473282,0.03154951
d1,1,100,atr_expand+pullback_bull+mtf_adx25,175,0.14857143,2.15703182,32,0.34375000,4.62768817,0.20410438,46,0.00000000,0.00000000,0.00000000
d1,1,100,sma_stack_bull+volatility+pullback_bull+cross_group_bull,223,0.14798206,2.14847512,63,0.07936508,1.06844171,0.03437585,44,0.09090909,1.89174185,0.03592219
d1,1,100,ichimoku_cloud_bull+atr_expand+mtf_volatility,365,0.14794521,2.14794001,69,0.18840580,2.53638772,0.11354748,90,0.01111111,0.23121289,0.00196408
d1,1,100,sma_stack_bull+horizontal_break_up+cross_group_bull,163,0.14723926,2.13769081,90,0.07777778,1.04707288,0.03818482,44,0.04545455,0.94587092,0.01255511
d1,1,100,sma_stack_bull+horizontal_break_up+retest_up+cross_group_bull,163,0.14723926,2.13769081,89,0.07865169,1.05883774,0.03861982,44,0.04545455,0.94587092,0.01255511
d1,1,100,atr_expand+pullback_bull+mtf_volatility,245,0.14693878,2.13332817,41,0.34146341,4.59690532,0.21558808,53,0.00000000,0.00000000,0.00000000
d1,1,100,trend_bull+adx_up3+pullback_bull+mtf_volatility,184,0.14673913,2.13042963,40,0.12500000,1.68279570,0.05459500,36,0.05555556,1.15606446,0.01536999
d1,1,100,sma_stack_bull+horizontal_break_up+elliott_impulse_bull+cross_group_return_up,164,0.14634146,2.12465611,95,0.07368421,0.99196378,0.03614897,49,0.04081633,0.84935348,0.01126563
d1,1,100,rci_strong_bull+close_near_high+elliott_impulse_bull+cross_group_bull,164,0.14634146,2.12465611,30,0.06666667,0.89749104,0.01847702,15,0.00000000,0.00000000,0.00000000
d1,1,100,sma_stack_bull+bb_expand+elliott_impulse_bull+cross_group_return_up,123,0.14634146,2.12465611,65,0.09230769,1.24267990,0.04299509,30,0.00000000,0.00000000,0.00000000
d1,1,100,ichimoku_cloud_bull+atr_expand,383,0.14621410,2.12280697,71,0.18309859,2.46494018,0.11024726,91,0.01098901,0.22867209,0.00194247
d1,1,100,sma_stack_bull+rci_strong_bull+volatility+pullback_bull,130,0.14615385,2.12193219,25,0.12000000,1.61548387,0.04166817,25,0.08000000,1.66473282,0.02222040
d1,1,100,sma_stack_bull+bb_expand+elliott_impulse_bull+mtf_adx25,178,0.14606742,2.12067735,60,0.10000000,1.34623656,0.04664283,25,0.00000000,0.00000000,0.00000000
d1,1,100,sma_stack_bull+breakout20_up+elliott_impulse_bull+cross_group_bull,178,0.14606742,2.12067735,90,0.10000000,1.34623656,0.05350675,45,0.04444444,0.92485157,0.01227413
d1,1,100,sma_stack_bull+retest_up+elliott_impulse_bull+cross_group_bull,178,0.14606742,2.12067735,90,0.10000000,1.34623656,0.05350675,45,0.04444444,0.92485157,0.01227413
d1,1,100,rci_strong_bull+volatility+pullback_bull+mtf_volatility,137,0.14598540,2.11948663,19,0.10526316,1.41709111,0.02935856,17,0.05882353,1.22406825,0.01046040
d1,1,100,adx_up3+volatility+mtf_adx25,720,0.14583333,2.11727883,119,0.15126050,2.03632421,0.09787297,166,0.07831325,1.62963304,0.04633545
d1,1,100,trend_bull+atr_expand+pullback_bull,151,0.14569536,2.11527573,19,0.15789474,2.12563667,0.05520472,37,0.00000000,0.00000000,-0.00000000
d1,1,100,sma_stack_bull+bb_expand+horizontal_break_up+mtf_adx25,172,0.14534884,2.11024468,55,0.09090909,1.22385142,0.03945816,26,0.00000000,0.00000000,0.00000000
d1,1,100,adx_up3+volatility+mtf_volatility+cross_target_relative_up,200,0.14500000,2.10518009,34,0.20588235,2.77166350,0.10349527,33,0.03030303,0.63058062,0.00536941
d1,1,100,sma_stack_bull+breakout20_up+close_near_high+cross_group_bull,138,0.14492754,2.10412803,55,0.10909091,1.46862170,0.05096725,37,0.02702703,0.56240974,0.00478697
d1,1,100,trend_bull+atr_expand+mtf_volatility,283,0.14487633,2.10338452,58,0.15517241,2.08898776,0.08384492,82,0.01219512,0.25377025,0.00215599
d1,1,100,trend_bull+volatility+pullback_bull+mtf_volatility,394,0.14467005,2.10038973,51,0.13725490,1.84777567,0.06811102,60,0.11666667,2.42773537,0.05767721
d1,1,100,sma_stack_bull+breakout20_up+elliott_wave5_bull+cross_group_bull,168,0.14285714,2.07406906,85,0.10588235,1.42542694,0.05671241,35,0.05714286,1.18909487,0.01581316
d1,1,100,sma_stack_bull+retest_up+elliott_wave5_bull+cross_group_bull,168,0.14285714,2.07406906,85,0.10588235,1.42542694,0.05671241,35,0.05714286,1.18909487,0.01581316
d1,1,100,sma_stack_bull+horizontal_break_up+mtf_macd_bull+cross_group_bull,147,0.14285714,2.07406906,85,0.05882353,0.79190386,0.02538516,44,0.04545455,0.94587092,0.01255511
d1,1,100,sma_stack_bull+elliott_wave5_bull+mtf_adx25+cross_group_bull,126,0.14285714,2.07406906,68,0.08823529,1.18785579,0.04106812,18,0.05555556,1.15606446,0.00987519
d1,1,100,ichimoku_cloud_bull+volatility+pullback_bull+mtf_volatility,449,0.14253898,2.06944975,67,0.14925373,2.00930830,0.08314273,71,0.11267606,2.34469412,0.05821272
d1,1,100,ichimoku_cloud_bull+adx_up3+volatility,520,0.14230769,2.06609187,72,0.13888889,1.86977300,0.07722731,107,0.08411215,1.75030320,0.04488195
d1,1,100,sma_stack_bull+volatility+mtf_adx25,809,0.14215080,2.06381408,112,0.12500000,1.68279570,0.07594027,175,0.08571429,1.78364231,0.05263095
d1,1,150,adx25+atr_expand+mtf_macd_bull,135,0.16296296,6.72804233,20,0.05000000,1.77169811,0.00888145,19,0.00000000,0.00000000,0.00000000
d1,1,150,ichimoku_cloud_bull+adx25+atr_expand+mtf_adx25,162,0.14814815,6.11640212,14,0.07142857,2.53099730,0.01272222,37,0.00000000,0.00000000,-0.00000000
d1,1,150,ichimoku_cloud_bull+atr_expand+mtf_macd_bull,142,0.14084507,5.81488934,34,0.05882353,2.08435072,0.01628266,23,0.00000000,0.00000000,0.00000000
d1,1,150,ichimoku_cloud_bull+adx_up3+atr_expand,152,0.13815789,5.70394737,13,0.15384615,5.45137881,0.04325818,38,0.02631579,2.31409168,0.00466059
d1,1,150,ichimoku_cloud_bull+adx_up3+atr_expand+mtf_adx25,136,0.13235294,5.46428571,13,0.15384615,5.45137881,0.04325818,38,0.02631579,2.31409168,0.00466059
d1,1,150,sma_stack_bull+adx25+atr_expand+mtf_adx25,121,0.13223140,5.45926800,11,0.09090909,3.22126930,0.01623217,38,0.00000000,0.00000000,0.00000000
d1,1,150,ichimoku_cloud_bull+adx_up3+atr_expand+mtf_volatility,146,0.13013699,5.37279843,12,0.16666667,5.90566038,0.04696514,37,0.02702703,2.37663470,0.00478697
d1,1,150,ichimoku_cloud_bull+adx25+atr_expand+mtf_volatility,197,0.12690355,5.23930384,20,0.05000000,1.77169811,0.00888145,44,0.00000000,0.00000000,0.00000000
d1,1,150,sma_stack_bull+adx_up3+volatility+mtf_volatility,200,0.12500000,5.16071429,23,0.08695652,3.08121411,0.02418000,57,0.03508772,3.08545557,0.00967566
d1,1,150,ichimoku_cloud_bull+adx25+atr_expand,209,0.12440191,5.13602187,20,0.05000000,1.77169811,0.00888145,44,0.00000000,0.00000000,0.00000000
d1,1,150,adx_up3+atr_expand,229,0.12227074,5.04803493,38,0.10526316,3.72989076,0.04170257,60,0.01666667,1.46559140,0.00294816
d1,1,150,adx_up3+atr_expand+mtf_volatility,218,0.11926606,4.92398427,37,0.10810811,3.83069862,0.04285190,59,0.01694915,1.49043193,0.00299823
d1,1,150,adx_up3+atr_expand+mtf_adx25,211,0.11848341,4.89167231,37,0.10810811,3.83069862,0.04285190,60,0.01666667,1.46559140,0.00294816
d1,1,150,sma_stack_bull+adx25+atr_expand+mtf_volatility,145,0.11724138,4.84039409,17,0.05882353,2.08435072,0.01046040,45,0.00000000,0.00000000,0.00000000
d1,1,150,sma_stack_bull+adx25+atr_expand,155,0.11612903,4.79447005,17,0.05882353,2.08435072,0.01046040,45,0.00000000,0.00000000,0.00000000
d1,1,150,adx25+atr_expand+mtf_adx25,260,0.11538462,4.76373626,39,0.07692308,2.72568940,0.02650740,60,0.00000000,0.00000000,0.00000000
d1,1,150,sma_stack_bull+horizontal_break_up+mtf_adx25+cross_group_return_up,127,0.11023622,4.55118110,67,0.02985075,1.05773022,0.00822469,32,0.03125000,2.74798387,0.00553786
d1,1,150,adx25+atr_expand+pullback_bull+mtf_volatility,127,0.11023622,4.55118110,16,0.06250000,2.21462264,0.01111934,33,0.00000000,0.00000000,0.00000000
d1,1,150,rci_strong_bull+horizontal_break_up+close_near_high+cross_group_return_up,131,0.10687023,4.41221374,29,0.03448276,1.22186077,0.00611321,17,0.00000000,0.00000000,0.00000000
d1,1,150,adx_up3+bb_expand+pullback_bull+mtf_macd_bull,150,0.10666667,4.40380952,30,0.06666667,2.36226415,0.01847702,31,0.00000000,0.00000000,0.00000000
d1,1,150,rci_strong_bull+horizontal_break_up+elliott_wave5_bull+cross_group_bull,141,0.10638298,4.39209726,41,0.00000000,0.00000000,-0.00000000,15,0.00000000,0.00000000,0.00000000
d1,1,150,rci_strong_bull+horizontal_break_up+elliott_impulse_bull+cross_group_bull,152,0.10526316,4.34586466,44,0.00000000,0.00000000,0.00000000,21,0.00000000,0.00000000,-0.00000000
d1,1,150,adx25+atr_expand+pullback_bull,133,0.10526316,4.34586466,16,0.06250000,2.21462264,0.01111934,34,0.00000000,0.00000000,0.00000000
d1,1,150,sma_stack_bull+horizontal_break_up+elliott_impulse_bull+cross_group_bull,153,0.10457516,4.31746032,83,0.02409639,0.85383042,0.00663317,39,0.02564103,2.25475600,0.00454070
d1,1,150,sma_stack_bull+adx_up3+pullback_bull+mtf_volatility,134,0.10447761,4.31343284,36,0.02777778,0.98427673,0.00492041,34,0.00000000,0.00000000,0.00000000
d1,1,150,sma_stack_bull+breakout20_up+mtf_adx25+cross_group_bull,134,0.10447761,4.31343284,67,0.02985075,1.05773022,0.00822469,27,0.03703704,3.25686977,0.00656815
d1,1,150,sma_stack_bull+retest_up+mtf_adx25+cross_group_bull,134,0.10447761,4.31343284,67,0.02985075,1.05773022,0.00822469,27,0.03703704,3.25686977,0.00656815
d1,1,150,sma_stack_bull+horizontal_break_up+elliott_wave5_bull+cross_group_bull,144,0.10416667,4.30059524,78,0.02564103,0.90856313,0.00706009,30,0.03333333,2.93118280,0.00590859
d1,1,150,adx25+bb_expand+pullback_bull+mtf_macd_bull,135,0.10370370,4.28148148,31,0.00000000,0.00000000,0.00000000,29,0.03448276,3.03225806,0.00611321
d1,1,150,adx_up3+volatility+pullback_bull+mtf_volatility,193,0.10362694,4.27831236,29,0.13793103,4.88744307,0.05497440,33,0.00000000,0.00000000,0.00000000
d1,1,150,sma_stack_bull+adx_up3+volatility+mtf_adx25,242,0.10330579,4.26505313,30,0.03333333,1.18113208,0.00590859,72,0.02777778,2.44265233,0.00765102
d1,1,150,sma_stack_bull+rci_strong_bull+breakout20_up+cross_group_return_up,126,0.10317460,4.25963719,48,0.04166667,1.47641509,0.01150189,30,0.00000000,0.00000000,0.00000000
d1,1,150,sma_stack_bull+rci_strong_bull+retest_up+cross_group_return_up,126,0.10317460,4.25963719,48,0.04166667,1.47641509,0.01150189,30,0.00000000,0.00000000,0.00000000
d1,1,150,sma_stack_bull+elliott_wave5_bull+mtf_adx25+cross_group_bull,126,0.10317460,4.25963719,68,0.02941176,1.04217536,0.00810318,18,0.05555556,4.88530466,0.00987519
d1,1,150,atr_expand+mtf_volatility+adx25,303,0.10231023,4.22395097,47,0.06382979,2.26174227,0.02194539,67,0.00000000,0.00000000,0.00000000
d1,1,150,adx25+atr_expand+mtf_volatility,303,0.10231023,4.22395097,47,0.06382979,2.26174227,0.02194539,67,0.00000000,0.00000000,0.00000000
d1,1,150,trend_bull+rci_strong_bull+horizontal_break_up+cross_group_bull,137,0.10218978,4.21897810,38,0.00000000,0.00000000,0.00000000,20,0.00000000,0.00000000,0.00000000
d1,1,150,sma_stack_bull+horizontal_break_up+close_near_high+cross_group_return_up,128,0.10156250,4.19308036,62,0.03225806,1.14303104,0.00889137,39,0.00000000,0.00000000,-0.00000000
d1,1,150,rci_strong_bull+close_near_high+elliott_wave5_bull+cross_group_bull,148,0.10135135,4.18436293,27,0.00000000,0.00000000,0.00000000,9,0.00000000,0.00000000,0.00000000
d1,1,150,sma_stack_bull+atr_expand+mtf_adx25,188,0.10106383,4.17249240,32,0.09375000,3.32193396,0.03240155,74,0.01351351,1.18831735,0.00238946
d1,1,150,sma_stack_bull+adx_up3+bb_expand+mtf_volatility,248,0.10080645,4.16186636,57,0.01754386,0.62164846,0.00310366,83,0.03614458,3.17839098,0.01236780
d1,1,150,atr_expand+mtf_macd_bull,258,0.10077519,4.16057586,73,0.04109589,1.45619023,0.01407394,41,0.00000000,0.00000000,-0.00000000
d1,1,150,sma_stack_bull+bb_expand+pullback_bull+mtf_volatility,160,0.10000000,4.12857143,46,0.02173913,0.77030353,0.00384785,50,0.02000000,1.75870968,0.00353926
d1,1,150,trend_bull+adx25+atr_expand+mtf_adx25,140,0.10000000,4.12857143,19,0.05263158,1.86494538,0.00935199,39,0.00000000,0.00000000,-0.00000000
d1,1,150,rci_strong_bull+breakout20_up+close_near_high+cross_group_bull,171,0.09941520,4.10442774,29,0.00000000,0.00000000,0.00000000,17,0.00000000,0.00000000,0.00000000
d1,1,150,ichimoku_cloud_bull+atr_expand+pullback_bull,151,0.09933775,4.10122990,21,0.09523810,3.37466307,0.02651877,37,0.00000000,0.00000000,-0.00000000
d1,1,150,adx25+atr_expand,323,0.09907121,4.09022556,47,0.06382979,2.26174227,0.02194539,69,0.00000000,0.00000000,0.00000000
d1,1,150,sma_stack_bull+adx25+bb_expand+mtf_volatility,253,0.09881423,4.07961604,59,0.05084746,1.80172689,0.01744272,70,0.04285714,3.76866359,0.01468154
d1,1,150,sma_stack_bull+breakout20_up+mtf_adx25+cross_group_return_up,142,0.09859155,4.07042254,74,0.04054054,1.43651198,0.01388243,35,0.02857143,2.51244240,0.00506149
d1,1,150,sma_stack_bull+retest_up+mtf_adx25+cross_group_return_up,142,0.09859155,4.07042254,74,0.04054054,1.43651198,0.01388243,34,0.02941176,2.58633776,0.00521091
d1,1,150,ichimoku_cloud_bull+horizontal_break_up+mtf_adx25+cross_group_bull,132,0.09848485,4.06601732,59,0.00000000,0.00000000,-0.00000000,23,0.04347826,3.82328191,0.00771667
d1,1,150,sma_stack_bull+horizontal_break_up+cross_group_bull,163,0.09815951,4.05258545,90,0.02222222,0.78742138,0.00611544,44,0.02272727,1.99853372,0.00402325
d1,1,150,rci_strong_bull+horizontal_break_up+cross_group_bull,163,0.09815951,4.05258545,46,0.00000000,0.00000000,0.00000000,23,0.00000000,0.00000000,0.00000000
d1,1,150,sma_stack_bull+horizontal_break_up+retest_up+cross_group_bull,163,0.09815951,4.05258545,89,0.02247191,0.79626881,0.00618440,44,0.02272727,1.99853372,0.00402325
d1,1,150,rci_strong_bull+horizontal_break_up+retest_up+cross_group_bull,163,0.09815951,4.05258545,46,0.00000000,0.00000000,0.00000000,23,0.00000000,0.00000000,0.00000000
d1,1,150,sma_stack_bull+adx_up3+volatility,297,0.09764310,4.03126503,38,0.05263158,1.86494538,0.01455421,82,0.02439024,2.14476790,0.00671437
d1,1,150,trend_bull+adx25+atr_expand+mtf_volatility,164,0.09756098,4.02787456,25,0.04000000,1.41735849,0.00709623,46,0.00000000,0.00000000,0.00000000
d1,1,150,sma_stack_bull+horizontal_break_up+elliott_impulse_bull+cross_group_return_up,164,0.09756098,4.02787456,95,0.02105263,0.74597815,0.00579251,49,0.02040816,1.79460171,0.00361167
d1,1,150,rci_strong_bull+close_near_high+elliott_impulse_bull+cross_group_bull,164,0.09756098,4.02787456,30,0.00000000,0.00000000,0.00000000,15,0.00000000,0.00000000,0.00000000
d1,1,150,sma_stack_bull+bb_expand+breakout20_up+cross_group_bull,123,0.09756098,4.02787456,63,0.03174603,1.12488769,0.00874953,26,0.00000000,0.00000000,0.00000000
d1,1,150,ichimoku_cloud_bull+bb_expand+horizontal_break_up+cross_group_bull,123,0.09756098,4.02787456,57,0.00000000,0.00000000,0.00000000,25,0.00000000,0.00000000,0.00000000
d1,1,150,sma_stack_bull+bb_expand+retest_up+cross_group_bull,123,0.09756098,4.02787456,62,0.03225806,1.14303104,0.00889137,26,0.00000000,0.00000000,0.00000000
d1,1,150,sma_stack_bull+bb_expand+elliott_impulse_bull+cross_group_return_up,123,0.09756098,4.02787456,65,0.03076923,1.09027576,0.00847900,30,0.00000000,0.00000000,0.00000000
d1,1,150,sma_stack_bull+horizontal_break_up+elliott_wave5_bull+cross_group_return_up,154,0.09740260,4.02133581,87,0.02298851,0.81457385,0.00632709,37,0.02702703,2.37663470,0.00478697
d1,1,150,ichimoku_cloud_bull+atr_expand+pullback_bull+mtf_volatility,144,0.09722222,4.01388889,19,0.10526316,3.72989076,0.02935856,37,0.00000000,0.00000000,-0.00000000
d1,1,150,trend_bull+adx_up3+volatility+mtf_volatility,206,0.09708738,4.00832178,26,0.07692308,2.72568940,0.02135509,47,0.04255319,3.74193548,0.01174828
d1,1,150,sma_stack_bull+rci_strong_bull+close_near_high+cross_group_bull,135,0.09629630,3.97566138,42,0.00000000,0.00000000,-0.00000000,23,0.00000000,0.00000000,0.00000000
d1,1,150,sma_stack_bull+adx_up3+volatility+cross_target_relative_up,125,0.09600000,3.96342857,23,0.04347826,1.54060705,0.00771667,29,0.00000000,0.00000000,0.00000000
d1,1,150,rci_strong_bull+horizontal_break_up+mtf_adx25+cross_group_bull,125,0.09600000,3.96342857,29,0.00000000,0.00000000,0.00000000,17,0.00000000,0.00000000,0.00000000
d1,1,150,sma_stack_bull+adx_up3+volatility+mtf_macd_bull,146,0.09589041,3.95890411,16,0.06250000,2.21462264,0.01111934,38,0.02631579,2.31409168,0.00466059
d1,1,150,sma_stack_bull+elliott_impulse_bull+mtf_adx25+cross_group_bull,146,0.09589041,3.95890411,74,0.02702703,0.95767466,0.00744335,25,0.04000000,3.51741935,0.00709623
d1,1,150,sma_stack_bull+elliott_wave5_bull+mtf_adx25+cross_group_return_up,136,0.09558824,3.94642857,71,0.02816901,0.99813978,0.00775926,26,0.03846154,3.38213400,0.00682198
d1,1,150,rci_strong_bull+horizontal_break_up+elliott_wave5_bull+cross_group_return_up,157,0.09554140,3.94449500,46,0.00000000,0.00000000,0.00000000,24,0.00000000,0.00000000,0.00000000
d1,1,150,trend_bull+rci_strong_bull+close_near_high+cross_group_bull,190,0.09473684,3.91127820,47,0.00000000,0.00000000,-0.00000000,28,0.00000000,0.00000000,0.00000000
d1,1,150,rci_strong_bull+horizontal_break_up+elliott_impulse_bull+cross_group_return_up,169,0.09467456,3.90870668,50,0.00000000,0.00000000,0.00000000,32,0.00000000,0.00000000,0.00000000
d1,1,150,sma_stack_bull+adx25+elliott_wave5_bull+mtf_adx25,127,0.09448819,3.90101237,36,0.00000000,0.00000000,0.00000000,20,0.05000000,4.39677419,0.00888145
d1,1,150,adx_up3+volatility+pullback_bull+cross_target_relative_up,127,0.09448819,3.90101237,26,0.07692308,2.72568940,0.02135509,20,0.00000000,0.00000000,0.00000000
d1,1,150,sma_stack_bull+breakout20_up+close_near_high+cross_group_bull,138,0.09420290,3.88923395,55,0.01818182,0.64425386,0.00321678,37,0.00000000,0.00000000,-0.00000000
d1,1,150,sma_stack_bull+bb_expand+horizontal_break_up+close_near_high,149,0.09395973,3.87919463,45,0.04444444,1.57484277,0.01227413,30,0.00000000,0.00000000,0.00000000
d1,1,150,sma_stack_bull+adx25+horizontal_break_up+mtf_adx25,150,0.09333333,3.85333333,41,0.02439024,0.86424298,0.00431853,25,0.04000000,3.51741935,0.00709623
d1,1,150,sma_stack_bull+bb_expand+horizontal_break_up+mtf_adx25,172,0.09302326,3.84053156,55,0.03636364,1.28850772,0.01002954,26,0.00000000,0.00000000,0.00000000
d1,1,150,sma_stack_bull+adx25+close_near_high+elliott_impulse_bull,140,0.09285714,3.83367347,28,0.00000000,0.00000000,0.00000000,29,0.00000000,0.00000000,0.00000000
d1,1,150,sma_stack_bull+adx25+elliott_impulse_bull+mtf_adx25,151,0.09271523,3.82781457,42,0.00000000,0.00000000,-0.00000000,25,0.04000000,3.51741935,0.00709623
d1,1,150,ichimoku_cloud_bull+bb_expand+close_near_high+elliott_wave5_bull,162,0.09259259,3.82275132,49,0.02040816,0.72314209,0.00361167,20,0.00000000,0.00000000,0.00000000
d1,1,150,sma_stack_bull+atr_expand+mtf_volatility,238,0.09243697,3.81632653,48,0.08333333,2.95283019,0.03288376,83,0.01204819,1.05946366,0.00212998
d1,1,150,sma_stack_bull+rci_strong_bull+elliott_wave5_bull+mtf_adx25,141,0.09219858,3.80648430,36,0.02777778,0.98427673,0.00492041,15,0.00000000,0.00000000,0.00000000
d1,1,150,ichimoku_cloud_bull+bb_expand+horizontal_break_up+close_near_high,152,0.09210526,3.80263158,45,0.02222222,0.78742138,0.00393360,28,0.00000000,0.00000000,0.00000000
d1,1,150,sma_stack_bull+atr_expand,251,0.09163347,3.78315310,49,0.08163265,2.89256835,0.03220282,84,0.01190476,1.04685100,0.00210458
d1,1,150,ichimoku_cloud_bull+atr_expand+mtf_adx25,295,0.09152542,3.77869249,49,0.06122449,2.16942626,0.02104015,81,0.01234568,1.08562326,0.00218265
d1,1,150,sma_stack_bull+adx25+breakout20_up+mtf_adx25,153,0.09150327,3.77777778,41,0.02439024,0.86424298,0.00431853,25,0.04000000,3.51741935,0.00709623
d1,1,150,ichimoku_cloud_bull+horizontal_break_up+elliott_wave5_bull+cross_group_bull,153,0.09150327,3.77777778,82,0.01219512,0.43212149,0.00215599,30,0.03333333,2.93118280,0.00590859
d1,1,150,trend_bull+rci_strong_bull+breakout20_up+cross_group_bull,186,0.09139785,3.77342550,44,0.02272727,0.80531732,0.00402325,31,0.00000000,0.00000000,0.00000000
d1,1,150,trend_bull+rci_strong_bull+retest_up+cross_group_bull,186,0.09139785,3.77342550,44,0.02272727,0.80531732,0.00402325,31,0.00000000,0.00000000,0.00000000
d1,1,150,trend_bull+adx25+atr_expand,176,0.09090909,3.75324675,25,0.04000000,1.41735849,0.00709623,46,0.00000000,0.00000000,0.00000000
d1,1,150,trend_bull+rci_strong_bull+elliott_wave5_bull+cross_group_bull,165,0.09090909,3.75324675,41,0.02439024,0.86424298,0.00431853,21,0.00000000,0.00000000,-0.00000000
d1,1,150,sma_stack_bull+bb_expand+elliott_wave5_bull+mtf_adx25,165,0.09090909,3.75324675,56,0.05357143,1.89824798,0.01838578,19,0.00000000,0.00000000,0.00000000
d1,1,150,trend_bull+horizontal_break_up+mtf_adx25+cross_group_bull,165,0.09090909,3.75324675,63,0.01587302,0.56244385,0.00280749,31,0.03225806,2.83662851,0.00571722
d1,1,150,sma_stack_bull+rci_strong_bull+elliott_impulse_bull+mtf_adx25,154,0.09090909,3.75324675,39,0.02564103,0.90856313,0.00454070,19,0.00000000,0.00000000,0.00000000
d1,1,150,sma_stack_bull+adx25+close_near_high+elliott_wave5_bull,121,0.09090909,3.75324675,22,0.00000000,0.00000000,0.00000000,18,0.00000000,0.00000000,0.00000000
d1,1,150,sma_stack_bull+horizontal_break_up+cross_group_return_up,177,0.09039548,3.73204197,106,0.02830189,1.00284799,0.00967128,59,0.01694915,1.49043193,0.00299823
d1,1,150,sma_stack_bull+horizontal_break_up+retest_up+cross_group_return_up,177,0.09039548,3.73204197,105,0.02857143,1.01239892,0.00976384,58,0.01724138,1.51612903,0.00305004
d1,1,150,ichimoku_cloud_bull+bb_expand+elliott_wave5_bull+cross_group_bull,144,0.09027778,3.72718254,60,0.01666667,0.59056604,0.00294816,17,0.00000000,0.00000000,0.00000000
d1,1,150,trend_bull+adx25+horizontal_break_up+cross_group_bull,122,0.09016393,3.72248244,46,0.00000000,0.00000000,0.00000000,26,0.03846154,3.38213400,0.00682198
d1,1,150,sma_stack_bull+bb_expand+horizontal_break_up+cross_target_relative_up,122,0.09016393,3.72248244,53,0.01886792,0.66856533,0.00333845,17,0.00000000,0.00000000,0.00000000
d1,1,150,ichimoku_cloud_bull+horizontal_break_up+close_near_high+cross_group_bull,122,0.09016393,3.72248244,50,0.00000000,0.00000000,0.00000000,28,0.00000000,0.00000000,0.00000000
d1,1,150,adx_up3+close_near_high+elliott_impulse_bull+cross_group_bull,122,0.09016393,3.72248244,24,0.00000000,0.00000000,0.00000000,13,0.00000000,0.00000000,0.00000000
d1,1,150,adx_up3+volatility+mtf_volatility+cross_target_relative_up,200,0.09000000,3.71571429,34,0.05882353,2.08435072,0.01628266,33,0.00000000,0.00000000,0.00000000
d1,1,150,sma_stack_bull+bb_expand+elliott_impulse_bull+mtf_adx25,178,0.08988764,3.71107544,60,0.05000000,1.77169811,0.01714950,25,0.00000000,0.00000000,0.00000000
d1,1,150,sma_stack_bull+breakout20_up+elliott_impulse_bull+cross_group_bull,178,0.08988764,3.71107544,90,0.03333333,1.18113208,0.01140039,45,0.02222222,1.95412186,0.00393360
d1,1,150,sma_stack_bull+retest_up+elliott_impulse_bull+cross_group_bull,178,0.08988764,3.71107544,90,0.03333333,1.18113208,0.01140039,45,0.02222222,1.95412186,0.00393360
d1,1,150,sma_stack_bull+bb_expand+close_near_high+mtf_adx25,234,0.08974359,3.70512821,56,0.07142857,2.53099730,0.02812604,54,0.00000000,0.00000000,0.00000000
d1,1,150,trend_bull+rci_strong_bull+horizontal_break_up+cross_group_return_up,156,0.08974359,3.70512821,47,0.02127660,0.75391409,0.00376577,30,0.00000000,0.00000000,0.00000000
d1,1,150,sma_stack_bull+adx25+horizontal_break_up+close_near_high,145,0.08965517,3.70147783,34,0.02941176,1.04217536,0.00521091,27,0.00000000,0.00000000,0.00000000
d1,1,150,ichimoku_cloud_bull+bb_expand+breakout20_up+close_near_high,201,0.08955224,3.69722814,56,0.01785714,0.63274933,0.00315921,33,0.00000000,0.00000000,0.00000000
d1,1,150,sma_stack_bull+bb_expand+breakout20_up+cross_group_return_up,134,0.08955224,3.69722814,71,0.04225352,1.49720967,0.01447326,34,0.00000000,0.00000000,0.00000000
d1,1,150,sma_stack_bull+bb_expand+retest_up+cross_group_return_up,134,0.08955224,3.69722814,70,0.04285714,1.51859838,0.01468154,33,0.00000000,0.00000000,0.00000000
d1,1,150,adx25+horizontal_break_up+elliott_wave5_bull+cross_group_bull,123,0.08943089,3.69221835,45,0.00000000,0.00000000,0.00000000,21,0.04761905,4.18740399,0.00845599
d1,1,150,sma_stack_bull+breakout20_up+elliott_wave5_bull+cross_group_bull,168,0.08928571,3.68622449,85,0.03529412,1.25061043,0.01207504,35,0.02857143,2.51244240,0.00506149
d1,1,150,sma_stack_bull+retest_up+elliott_wave5_bull+cross_group_bull,168,0.08928571,3.68622449,85,0.03529412,1.25061043,0.01207504,35,0.02857143,2.51244240,0.00506149
d1,1,150,horizontal_break_up+close_near_high+elliott_wave5_bull+cross_group_bull,168,0.08928571,3.68622449,56,0.01785714,0.63274933,0.00315921,21,0.00000000,0.00000000,-0.00000000
d1,1,200,adx25+atr_expand+mtf_macd_bull,135,0.11111111,11.12345679,20,0.05000000,4.17333333,0.00888145,19,0.00000000,0.00000000,0.00000000
d1,1,200,ichimoku_cloud_bull+atr_expand+mtf_macd_bull,142,0.10563380,10.57511737,34,0.05882353,4.90980392,0.01628266,23,0.00000000,0.00000000,0.00000000
d1,1,200,ichimoku_cloud_bull+adx_up3+atr_expand,152,0.08552632,8.56213450,13,0.15384615,12.84102564,0.04325818,38,0.00000000,0.00000000,0.00000000
d1,1,200,ichimoku_cloud_bull+adx_up3+atr_expand+mtf_volatility,146,0.08219178,8.22831050,12,0.16666667,13.91111111,0.04696514,37,0.00000000,0.00000000,-0.00000000
d1,1,200,ichimoku_cloud_bull+adx25+atr_expand+mtf_adx25,162,0.08024691,8.03360768,14,0.07142857,5.96190476,0.01272222,37,0.00000000,0.00000000,-0.00000000
d1,1,200,ichimoku_cloud_bull+adx25+atr_expand+mtf_volatility,197,0.07614213,7.62267343,20,0.05000000,4.17333333,0.00888145,44,0.00000000,0.00000000,0.00000000
d1,1,200,sma_stack_bull+adx25+atr_expand+mtf_volatility,145,0.07586207,7.59463602,17,0.05882353,4.90980392,0.01046040,45,0.00000000,0.00000000,0.00000000
d1,1,200,sma_stack_bull+adx25+atr_expand+mtf_adx25,121,0.07438017,7.44628099,11,0.09090909,7.58787879,0.01623217,38,0.00000000,0.00000000,0.00000000
d1,1,200,adx_up3+atr_expand,229,0.07423581,7.43182921,38,0.07894737,6.58947368,0.02721460,60,0.00000000,0.00000000,0.00000000
d1,1,200,ichimoku_cloud_bull+adx_up3+atr_expand+mtf_adx25,136,0.07352941,7.36111111,13,0.15384615,12.84102564,0.04325818,38,0.00000000,0.00000000,0.00000000
d1,1,200,adx_up3+atr_expand+mtf_volatility,218,0.07339450,7.34760449,37,0.08108108,6.76756757,0.02796057,59,0.00000000,0.00000000,-0.00000000
d1,1,200,ichimoku_cloud_bull+adx25+atr_expand,209,0.07177033,7.18500797,20,0.05000000,4.17333333,0.00888145,44,0.00000000,0.00000000,0.00000000
d1,1,200,sma_stack_bull+adx25+atr_expand,155,0.07096774,7.10465950,17,0.05882353,4.90980392,0.01046040,45,0.00000000,0.00000000,0.00000000
d1,1,200,atr_expand+mtf_macd_bull,258,0.06976744,6.98449612,73,0.04109589,3.43013699,0.01407394,41,0.00000000,0.00000000,-0.00000000
d1,1,200,adx_up3+atr_expand+mtf_adx25,211,0.06635071,6.64244339,37,0.08108108,6.76756757,0.02796057,60,0.00000000,0.00000000,0.00000000
d1,1,200,ichimoku_cloud_bull+atr_expand+pullback_bull,151,0.06622517,6.62987491,21,0.09523810,7.94920635,0.02651877,37,0.00000000,0.00000000,-0.00000000
d1,1,200,sma_stack_bull+adx_up3+volatility+mtf_volatility,200,0.06500000,6.50722222,23,0.08695652,7.25797101,0.02418000,57,0.00000000,0.00000000,0.00000000
d1,1,200,ichimoku_cloud_bull+adx_up3+volatility+mtf_macd_bull,268,0.06343284,6.35033167,25,0.08000000,6.67733333,0.02222040,60,0.01666667,5.04814815,0.00294816
d1,1,200,sma_stack_bull+atr_expand+mtf_volatility,238,0.06302521,6.30952381,48,0.06250000,5.21666667,0.02148323,83,0.00000000,0.00000000,0.00000000
d1,1,200,adx25+atr_expand+pullback_bull+mtf_volatility,127,0.06299213,6.30621172,16,0.00000000,0.00000000,0.00000000,33,0.00000000,0.00000000,0.00000000
d1,1,200,ichimoku_cloud_bull+atr_expand+pullback_bull+mtf_volatility,144,0.06250000,6.25694444,19,0.10526316,8.78596491,0.02935856,37,0.00000000,0.00000000,-0.00000000
d1,1,200,sma_stack_bull+adx_up3+volatility+mtf_macd_bull,146,0.06164384,6.17123288,16,0.06250000,5.21666667,0.01111934,38,0.00000000,0.00000000,0.00000000
d1,1,200,adx25+atr_expand+mtf_adx25,260,0.06153846,6.16068376,39,0.05128205,4.28034188,0.01417796,60,0.00000000,0.00000000,0.00000000
d1,1,200,trend_bull+adx25+atr_expand+mtf_volatility,164,0.06097561,6.10433604,25,0.04000000,3.33866667,0.00709623,46,0.00000000,0.00000000,0.00000000
d1,1,200,ichimoku_cloud_bull+adx_up3+pullback_bull+mtf_macd_bull,149,0.06040268,6.04697987,29,0.03448276,2.87816092,0.00611321,29,0.00000000,0.00000000,0.00000000
d1,1,200,adx25+atr_expand+pullback_bull,133,0.06015038,6.02172097,16,0.00000000,0.00000000,0.00000000,34,0.00000000,0.00000000,0.00000000
d1,1,200,sma_stack_bull+atr_expand,251,0.05976096,5.98273572,49,0.06122449,5.11020408,0.02104015,84,0.00000000,0.00000000,-0.00000000
d1,1,200,atr_expand+mtf_volatility+adx25,303,0.05940594,5.94719472,47,0.04255319,3.55177305,0.01174828,67,0.00000000,0.00000000,0.00000000
d1,1,200,adx25+atr_expand+mtf_volatility,303,0.05940594,5.94719472,47,0.04255319,3.55177305,0.01174828,67,0.00000000,0.00000000,0.00000000
d1,1,200,sma_stack_bull+rci_strong_bull+close_near_high+cross_group_bull,135,0.05925926,5.93251029,42,0.00000000,0.00000000,-0.00000000,23,0.00000000,0.00000000,0.00000000
d1,1,200,sma_stack_bull+atr_expand+mtf_adx25,188,0.05851064,5.85756501,32,0.06250000,5.21666667,0.01731057,74,0.00000000,0.00000000,-0.00000000
d1,1,200,trend_bull+rci_strong_bull+close_near_high+cross_group_bull,190,0.05789474,5.79590643,47,0.00000000,0.00000000,-0.00000000,28,0.00000000,0.00000000,0.00000000
d1,1,200,trend_bull+adx25+atr_expand+mtf_adx25,140,0.05714286,5.72063492,19,0.05263158,4.39298246,0.00935199,39,0.00000000,0.00000000,-0.00000000
d1,1,200,trend_bull+adx_up3+volatility+mtf_macd_bull,158,0.05696203,5.70253165,16,0.06250000,5.21666667,0.01111934,28,0.03571429,10.81746032,0.00633252
d1,1,200,adx25+horizontal_break_up+elliott_wave5_bull+cross_group_bull,123,0.05691057,5.69738031,45,0.00000000,0.00000000,0.00000000,21,0.00000000,0.00000000,-0.00000000
d1,1,200,trend_bull+adx25+atr_expand,176,0.05681818,5.68813131,25,0.04000000,3.33866667,0.00709623,46,0.00000000,0.00000000,0.00000000
d1,1,200,rci_strong_bull+horizontal_break_up+elliott_wave5_bull+cross_group_bull,141,0.05673759,5.68006304,41,0.00000000,0.00000000,-0.00000000,15,0.00000000,0.00000000,0.00000000
d1,1,200,sma_stack_bull+adx_up3+bb_expand+mtf_volatility,248,0.05645161,5.65143369,57,0.01754386,1.46432749,0.00310366,83,0.00000000,0.00000000,0.00000000
d1,1,200,adx25+atr_expand,323,0.05572755,5.57894737,47,0.04255319,3.55177305,0.01174828,69,0.00000000,0.00000000,0.00000000
d1,1,200,sma_stack_bull+horizontal_break_up+elliott_wave5_bull+cross_group_bull,144,0.05555556,5.56172840,78,0.00000000,0.00000000,-0.00000000,30,0.00000000,0.00000000,0.00000000
d1,1,200,sma_stack_bull+rci_strong_bull+breakout20_up+cross_group_return_up,126,0.05555556,5.56172840,48,0.02083333,1.73888889,0.00368711,30,0.00000000,0.00000000,0.00000000
d1,1,200,sma_stack_bull+rci_strong_bull+retest_up+cross_group_return_up,126,0.05555556,5.56172840,48,0.02083333,1.73888889,0.00368711,30,0.00000000,0.00000000,0.00000000
d1,1,200,rci_strong_bull+close_near_high+elliott_wave5_bull+cross_group_bull,148,0.05405405,5.41141141,27,0.00000000,0.00000000,0.00000000,9,0.00000000,0.00000000,0.00000000
d1,1,200,rci_strong_bull+horizontal_break_up+close_near_high+cross_group_return_up,131,0.05343511,5.34944869,29,0.03448276,2.87816092,0.00611321,17,0.00000000,0.00000000,0.00000000
d1,1,200,trend_bull+adx_up3+volatility+mtf_volatility,206,0.05339806,5.34573894,26,0.07692308,6.42051282,0.02135509,47,0.02127660,6.44444444,0.00376577
d1,1,200,sma_stack_bull+bb_expand+close_near_high+mtf_volatility,150,0.05333333,5.33925926,44,0.06818182,5.69090909,0.02345940,39,0.00000000,0.00000000,-0.00000000
d1,1,200,adx_up3+bb_expand+pullback_bull+mtf_macd_bull,150,0.05333333,5.33925926,30,0.03333333,2.78222222,0.00590859,31,0.00000000,0.00000000,0.00000000
d1,1,200,sma_stack_bull+adx_up3+bb_expand+close_near_high,170,0.05294118,5.30000000,28,0.03571429,2.98095238,0.00633252,39,0.00000000,0.00000000,-0.00000000
d1,1,200,rci_strong_bull+breakout20_up+close_near_high+cross_group_bull,171,0.05263158,5.26900585,29,0.00000000,0.00000000,0.00000000,17,0.00000000,0.00000000,0.00000000
d1,1,200,rci_strong_bull+horizontal_break_up+elliott_impulse_bull+cross_group_bull,152,0.05263158,5.26900585,44,0.00000000,0.00000000,0.00000000,21,0.00000000,0.00000000,-0.00000000
d1,1,200,sma_stack_bull+horizontal_break_up+elliott_impulse_bull+cross_group_bull,153,0.05228758,5.23456790,83,0.00000000,0.00000000,0.00000000,39,0.00000000,0.00000000,-0.00000000
d1,1,200,sma_stack_bull+horizontal_break_up+elliott_wave5_bull+cross_group_return_up,154,0.05194805,5.20057720,87,0.00000000,0.00000000,0.00000000,37,0.00000000,0.00000000,-0.00000000
d1,1,200,adx25+bb_expand+pullback_bull+mtf_macd_bull,135,0.05185185,5.19094650,31,0.00000000,0.00000000,0.00000000,29,0.00000000,0.00000000,0.00000000
d1,1,200,sma_stack_bull+rci_strong_bull+bb_expand+mtf_volatility,174,0.05172414,5.17816092,45,0.02222222,1.85481481,0.00393360,26,0.00000000,0.00000000,0.00000000
d1,1,200,trend_bull+rci_strong_bull+horizontal_break_up+cross_group_bull,137,0.05109489,5.11516626,38,0.00000000,0.00000000,0.00000000,20,0.00000000,0.00000000,0.00000000
d1,1,200,sma_stack_bull+rci_strong_bull+close_near_high+cross_group_return_up,157,0.05095541,5.10120311,57,0.01754386,1.46432749,0.00310366,33,0.00000000,0.00000000,0.00000000
d1,1,200,rci_strong_bull+horizontal_break_up+elliott_wave5_bull+cross_group_return_up,157,0.05095541,5.10120311,46,0.00000000,0.00000000,0.00000000,24,0.00000000,0.00000000,0.00000000
d1,1,200,ichimoku_cloud_bull+atr_expand+mtf_adx25,295,0.05084746,5.09039548,49,0.06122449,5.11020408,0.02104015,81,0.00000000,0.00000000,0.00000000
d1,1,200,sma_stack_bull+adx25+bb_expand+close_near_high,177,0.05084746,5.09039548,33,0.03030303,2.52929293,0.00536941,35,0.00000000,0.00000000,0.00000000
d1,1,200,sma_stack_bull+adx_up3+volatility,297,0.05050505,5.05611672,38,0.05263158,4.39298246,0.01455421,82,0.00000000,0.00000000,-0.00000000
d1,1,200,adx25+horizontal_break_up+elliott_impulse_bull+cross_group_bull,139,0.05035971,5.04156675,49,0.00000000,0.00000000,0.00000000,25,0.00000000,0.00000000,0.00000000
d1,1,200,adx_up3+volatility+mtf_macd_bull,419,0.05011933,5.01750199,62,0.03225806,2.69247312,0.00889137,107,0.00934579,2.83073728,0.00165167
d1,1,200,ichimoku_cloud_bull+adx_up3+volatility+mtf_volatility,340,0.05000000,5.00555556,37,0.08108108,6.76756757,0.02796057,71,0.01408451,4.26604069,0.00249060
d1,1,200,sma_stack_bull+adx25+close_near_high+elliott_impulse_bull,140,0.05000000,5.00555556,28,0.00000000,0.00000000,0.00000000,29,0.00000000,0.00000000,0.00000000
d1,1,200,adx25+atr_expand+cross_target_relative_up,120,0.05000000,5.00555556,20,0.00000000,0.00000000,0.00000000,20,0.00000000,0.00000000,0.00000000
d1,1,200,sma_stack_bull+rci_strong_bull+close_near_high+elliott_wave5_bull,141,0.04964539,4.97005516,24,0.00000000,0.00000000,0.00000000,16,0.00000000,0.00000000,0.00000000
d1,1,200,ichimoku_cloud_bull+atr_expand,383,0.04960836,4.96634755,71,0.05633803,4.70234742,0.02212452,91,0.00000000,0.00000000,0.00000000
d1,1,200,sma_stack_bull+atr_expand+pullback_bull,121,0.04958678,4.96418733,15,0.06666667,5.56444444,0.01186690,38,0.00000000,0.00000000,0.00000000
d1,1,200,sma_stack_bull+adx25+close_near_high+elliott_wave5_bull,121,0.04958678,4.96418733,22,0.00000000,0.00000000,0.00000000,18,0.00000000,0.00000000,0.00000000
d1,1,200,trend_bull+rci_strong_bull+close_near_high+cross_group_return_up,243,0.04938272,4.94375857,65,0.01538462,1.28410256,0.00272094,45,0.00000000,0.00000000,0.00000000
d1,1,200,ichimoku_cloud_bull+atr_expand+mtf_volatility,365,0.04931507,4.93698630,69,0.05797101,4.83864734,0.02277239,90,0.00000000,0.00000000,0.00000000
d1,1,200,adx25+horizontal_break_up+elliott_wave5_bull+cross_group_return_up,142,0.04929577,4.93505477,53,0.00000000,0.00000000,0.00000000,29,0.00000000,0.00000000,0.00000000
d1,1,200,trend_bull+adx25+horizontal_break_up+cross_group_bull,122,0.04918033,4.92349727,46,0.00000000,0.00000000,0.00000000,26,0.00000000,0.00000000,0.00000000
d1,1,200,adx25+horizontal_break_up+close_near_high+cross_target_relative_up,122,0.04918033,4.92349727,32,0.00000000,0.00000000,0.00000000,15,0.00000000,0.00000000,0.00000000
d1,1,200,sma_stack_bull+horizontal_break_up+cross_group_bull,163,0.04907975,4.91342877,90,0.00000000,0.00000000,0.00000000,44,0.00000000,0.00000000,0.00000000
d1,1,200,rci_strong_bull+horizontal_break_up+cross_group_bull,163,0.04907975,4.91342877,46,0.00000000,0.00000000,0.00000000,23,0.00000000,0.00000000,0.00000000
d1,1,200,sma_stack_bull+horizontal_break_up+retest_up+cross_group_bull,163,0.04907975,4.91342877,89,0.00000000,0.00000000,0.00000000,44,0.00000000,0.00000000,0.00000000
d1,1,200,rci_strong_bull+horizontal_break_up+retest_up+cross_group_bull,163,0.04907975,4.91342877,46,0.00000000,0.00000000,0.00000000,23,0.00000000,0.00000000,0.00000000
d1,1,200,rci_strong_bull+horizontal_break_up+mtf_macd_bull+cross_group_bull,143,0.04895105,4.90054390,39,0.00000000,0.00000000,-0.00000000,22,0.00000000,0.00000000,0.00000000
d1,1,200,sma_stack_bull+horizontal_break_up+elliott_impulse_bull+cross_group_return_up,164,0.04878049,4.88346883,95,0.00000000,0.00000000,0.00000000,49,0.00000000,0.00000000,0.00000000
d1,1,200,rci_strong_bull+close_near_high+elliott_impulse_bull+cross_group_bull,164,0.04878049,4.88346883,30,0.00000000,0.00000000,0.00000000,15,0.00000000,0.00000000,0.00000000
d1,1,200,trend_bull+rci_strong_bull+elliott_wave5_bull+cross_group_bull,165,0.04848485,4.85387205,41,0.00000000,0.00000000,-0.00000000,21,0.00000000,0.00000000,-0.00000000
d1,1,200,trend_bull+rci_strong_bull+breakout20_up+cross_group_bull,186,0.04838710,4.84408602,44,0.00000000,0.00000000,0.00000000,31,0.00000000,0.00000000,0.00000000
d1,1,200,trend_bull+rci_strong_bull+retest_up+cross_group_bull,186,0.04838710,4.84408602,44,0.00000000,0.00000000,0.00000000,31,0.00000000,0.00000000,0.00000000
d1,1,200,sma_stack_bull+adx25+horizontal_break_up+close_near_high,145,0.04827586,4.83295019,34,0.02941176,2.45490196,0.00521091,27,0.00000000,0.00000000,0.00000000
d1,1,200,sma_stack_bull+adx_up3+close_near_high+mtf_adx25,188,0.04787234,4.79255319,41,0.02439024,2.03577236,0.00431853,41,0.00000000,0.00000000,-0.00000000
d1,1,200,sma_stack_bull+breakout20_up+elliott_wave5_bull+cross_group_bull,168,0.04761905,4.76719577,85,0.00000000,0.00000000,0.00000000,35,0.00000000,0.00000000,0.00000000
d1,1,200,sma_stack_bull+retest_up+elliott_wave5_bull+cross_group_bull,168,0.04761905,4.76719577,85,0.00000000,0.00000000,0.00000000,35,0.00000000,0.00000000,0.00000000
d1,1,200,ichimoku_cloud_bull+rci_strong_bull+breakout20_up+cross_group_bull,147,0.04761905,4.76719577,43,0.00000000,0.00000000,0.00000000,24,0.00000000,0.00000000,0.00000000
d1,1,200,ichimoku_cloud_bull+rci_strong_bull+retest_up+cross_group_bull,147,0.04761905,4.76719577,43,0.00000000,0.00000000,0.00000000,24,0.00000000,0.00000000,0.00000000
d1,1,200,sma_stack_bull+horizontal_break_up+mtf_macd_bull+cross_group_bull,147,0.04761905,4.76719577,85,0.00000000,0.00000000,0.00000000,44,0.00000000,0.00000000,0.00000000
d1,1,200,sma_stack_bull+elliott_wave5_bull+mtf_adx25+cross_group_bull,126,0.04761905,4.76719577,68,0.00000000,0.00000000,0.00000000,18,0.00000000,0.00000000,0.00000000
d1,1,200,sma_stack_bull+adx25+bb_expand+mtf_volatility,253,0.04743083,4.74835310,59,0.01694915,1.41468927,0.00299823,70,0.00000000,0.00000000,0.00000000
d1,1,200,rci_strong_bull+horizontal_break_up+elliott_impulse_bull+cross_group_return_up,169,0.04733728,4.73898751,50,0.00000000,0.00000000,0.00000000,32,0.00000000,0.00000000,0.00000000
d1,1,200,sma_stack_bull+adx25+elliott_wave5_bull+mtf_adx25,127,0.04724409,4.72965879,36,0.00000000,0.00000000,0.00000000,20,0.00000000,0.00000000,0.00000000
d1,1,200,sma_stack_bull+horizontal_break_up+mtf_adx25+cross_group_return_up,127,0.04724409,4.72965879,67,0.01492537,1.24577114,0.00263957,32,0.00000000,0.00000000,0.00000000
d1,1,200,sma_stack_bull+bb_expand+close_near_high+mtf_adx25,234,0.04700855,4.70607787,56,0.03571429,2.98095238,0.00984943,54,0.00000000,0.00000000,0.00000000
d1,1,200,sma_stack_bull+adx25+breakout20_up+close_near_high,149,0.04697987,4.70320656,35,0.02857143,2.38476190,0.00506149,27,0.00000000,0.00000000,0.00000000
d1,1,200,sma_stack_bull+horizontal_break_up+close_near_high+cross_group_return_up,128,0.04687500,4.69270833,62,0.01612903,1.34623656,0.00285287,39,0.00000000,0.00000000,-0.00000000
d1,1,200,rci_strong_bull+close_near_high+elliott_wave5_bull+cross_group_return_up,171,0.04678363,4.68356075,31,0.00000000,0.00000000,0.00000000,17,0.00000000,0.00000000,0.00000000
d1,1,200,adx25+horizontal_break_up+cross_group_bull,150,0.04666667,4.67185185,53,0.00000000,0.00000000,0.00000000,27,0.00000000,0.00000000,0.00000000
d1,1,200,sma_stack_bull+rci_strong_bull+horizontal_break_up+close_near_high,150,0.04666667,4.67185185,31,0.03225806,2.69247312,0.00571722,22,0.00000000,0.00000000,0.00000000
d1,1,200,sma_stack_bull+adx25+horizontal_break_up+mtf_adx25,150,0.04666667,4.67185185,41,0.02439024,2.03577236,0.00431853,25,0.00000000,0.00000000,0.00000000
d1,1,200,ichimoku_cloud_bull+adx25+horizontal_break_up+mtf_adx25,150,0.04666667,4.67185185,39,0.02564103,2.14017094,0.00454070,28,0.00000000,0.00000000,0.00000000
d1,1,200,adx25+horizontal_break_up+retest_up+cross_group_bull,150,0.04666667,4.67185185,52,0.00000000,0.00000000,0.00000000,27,0.00000000,0.00000000,0.00000000
d1,1,200,adx_up3+volatility+pullback_bull+mtf_volatility,193,0.04663212,4.66839378,29,0.10344828,8.63448276,0.03581489,33,0.00000000,0.00000000,0.00000000
d1,1,200,sma_stack_bull+adx25+horizontal_break_up+elliott_impulse_bull,172,0.04651163,4.65633075,58,0.00000000,0.00000000,0.00000000,42,0.00000000,0.00000000,-0.00000000
d1,1,200,sma_stack_bull+rci_strong_bull+close_near_high+cross_target_relative_up,129,0.04651163,4.65633075,50,0.00000000,0.00000000,0.00000000,17,0.00000000,0.00000000,0.00000000
d1,1,200,trend_bull+horizontal_break_up+elliott_wave5_bull+cross_group_bull,194,0.04639175,4.64432990,83,0.00000000,0.00000000,0.00000000,36,0.00000000,0.00000000,0.00000000
d1,1,200,trend_bull+atr_expand+pullback_bull,151,0.04635762,4.64091244,19,0.05263158,4.39298246,0.00935199,37,0.00000000,0.00000000,-0.00000000
d1,1,200,sma_stack_bull+rci_strong_bull+close_near_high+elliott_impulse_bull,151,0.04635762,4.64091244,27,0.00000000,0.00000000,0.00000000,24,0.00000000,0.00000000,0.00000000
d1,1,200,sma_stack_bull+adx25+elliott_impulse_bull+mtf_adx25,151,0.04635762,4.64091244,42,0.00000000,0.00000000,-0.00000000,25,0.00000000,0.00000000,0.00000000
d1,1,200,ichimoku_cloud_bull+atr_expand+mtf_volatility+cross_target_relative_up,130,0.04615385,4.62051282,30,0.06666667,5.56444444,0.01847702,27,0.00000000,0.00000000,0.00000000
d1,1,200,ichimoku_cloud_bull+adx_up3+volatility+pullback_bull,174,0.04597701,4.60280971,27,0.11111111,9.27407407,0.03852035,38,0.00000000,0.00000000,0.00000000
d1,1,200,trend_bull+atr_expand+mtf_volatility,283,0.04593640,4.59874362,58,0.05172414,4.31724138,0.01774613,82,0.00000000,0.00000000,-0.00000000
d1,1,200,trend_bull+atr_expand,305,0.04590164,4.59526412,59,0.05084746,4.24406780,0.01744272,84,0.00000000,0.00000000,-0.00000000
d1,1,200,sma_stack_bull+adx25+breakout20_up+mtf_adx25,153,0.04575163,4.58024691,41,0.02439024,2.03577236,0.00431853,25,0.00000000,0.00000000,0.00000000
d1,1,200,ichimoku_cloud_bull+horizontal_break_up+elliott_wave5_bull+cross_group_bull,153,0.04575163,4.58024691,82,0.00000000,0.00000000,-0.00000000,30,0.00000000,0.00000000,0.00000000
d1,1,200,sma_stack_bull+adx_up3+volatility+mtf_adx25,242,0.04545455,4.55050505,30,0.03333333,2.78222222,0.00590859,72,0.00000000,0.00000000,0.00000000
d1,1,200,sma_stack_bull+adx25+breakout20_up+elliott_impulse_bull,176,0.04545455,4.55050505,58,0.00000000,0.00000000,0.00000000,42,0.00000000,0.00000000,-0.00000000
d1,1,300,adx25+atr_expand+mtf_macd_bull,135,0.04444444,19.45015873,20,0.00000000,0.00000000,0.00000000,19,0.00000000,,0.00000000
d1,1,300,sma_stack_bull+adx25+atr_expand+mtf_adx25,121,0.03305785,14.46706021,11,0.00000000,0.00000000,0.00000000,38,0.00000000,,0.00000000
d1,1,300,ichimoku_cloud_bull+adx25+atr_expand+mtf_adx25,162,0.03086420,13.50705467,14,0.00000000,0.00000000,0.00000000,37,0.00000000,,-0.00000000
d1,1,300,ichimoku_cloud_bull+atr_expand+mtf_macd_bull,142,0.02816901,12.32756539,34,0.00000000,0.00000000,0.00000000,23,0.00000000,,0.00000000
d1,1,300,sma_stack_bull+adx25+atr_expand+mtf_volatility,145,0.02758621,12.07251232,17,0.00000000,0.00000000,0.00000000,45,0.00000000,,0.00000000
d1,1,300,adx25+atr_expand+mtf_adx25,260,0.02692308,11.78230769,39,0.02564103,24.07692308,0.00454070,60,0.00000000,,0.00000000
d1,1,300,sma_stack_bull+adx25+atr_expand,155,0.02580645,11.29364055,17,0.00000000,0.00000000,0.00000000,45,0.00000000,,0.00000000
d1,1,300,ichimoku_cloud_bull+adx25+atr_expand+mtf_volatility,197,0.02538071,11.10732415,20,0.00000000,0.00000000,0.00000000,44,0.00000000,,0.00000000
d1,1,300,adx25+atr_expand+cross_target_relative_up,120,0.02500000,10.94071429,20,0.00000000,0.00000000,0.00000000,20,0.00000000,,0.00000000
d1,1,300,ichimoku_cloud_bull+adx25+atr_expand,209,0.02392344,10.46958305,20,0.00000000,0.00000000,0.00000000,44,0.00000000,,0.00000000
d1,1,300,adx_up3+atr_expand+mtf_adx25,211,0.02369668,10.37034529,37,0.00000000,0.00000000,-0.00000000,60,0.00000000,,0.00000000
d1,1,300,adx25+atr_expand+pullback_bull+mtf_volatility,127,0.02362205,10.33768279,16,0.00000000,0.00000000,0.00000000,33,0.00000000,,0.00000000
d1,1,300,atr_expand+mtf_macd_bull,258,0.02325581,10.17740864,73,0.01369863,12.86301370,0.00242225,41,0.00000000,,-0.00000000
d1,1,300,atr_expand+mtf_volatility+adx25,303,0.02310231,10.11023102,47,0.02127660,19.97872340,0.00376577,67,0.00000000,,0.00000000
d1,1,300,adx25+atr_expand+mtf_volatility,303,0.02310231,10.11023102,47,0.02127660,19.97872340,0.00376577,67,0.00000000,,0.00000000
d1,1,300,ichimoku_cloud_bull+atr_expand+mtf_volatility+cross_target_relative_up,130,0.02307692,10.09912088,30,0.00000000,0.00000000,0.00000000,27,0.00000000,,0.00000000
d1,1,300,adx_up3+atr_expand+mtf_volatility,218,0.02293578,10.03735256,37,0.00000000,0.00000000,-0.00000000,59,0.00000000,,-0.00000000
d1,1,300,adx25+atr_expand+pullback_bull,133,0.02255639,9.87132116,16,0.00000000,0.00000000,0.00000000,34,0.00000000,,0.00000000
d1,1,300,trend_bull+inside_2,134,0.02238806,9.79765458,38,0.00000000,0.00000000,0.00000000,28,0.00000000,,0.00000000
d1,1,300,adx25+bb_expand+pullback_bull+mtf_macd_bull,135,0.02222222,9.72507937,31,0.00000000,0.00000000,0.00000000,29,0.00000000,,0.00000000
d1,1,300,ichimoku_cloud_bull+atr_expand+cross_target_relative_up,136,0.02205882,9.65357143,30,0.00000000,0.00000000,0.00000000,27,0.00000000,,0.00000000
d1,1,300,ichimoku_cloud_bull+adx_up3+atr_expand+mtf_adx25,136,0.02205882,9.65357143,13,0.00000000,0.00000000,0.00000000,38,0.00000000,,0.00000000
d1,1,300,adx_up3+atr_expand,229,0.02183406,9.55520898,38,0.00000000,0.00000000,0.00000000,60,0.00000000,,0.00000000
d1,1,300,adx25+atr_expand,323,0.02167183,9.48421053,47,0.02127660,19.97872340,0.00376577,69,0.00000000,,0.00000000
d1,1,300,trend_bull+adx25+atr_expand+mtf_adx25,140,0.02142857,9.37775510,19,0.00000000,0.00000000,0.00000000,39,0.00000000,,-0.00000000
d1,1,300,sma_stack_bull+atr_expand+mtf_adx25,188,0.02127660,9.31124620,32,0.00000000,0.00000000,0.00000000,74,0.00000000,,-0.00000000
d1,1,300,sma_stack_bull+atr_expand+mtf_volatility,238,0.02100840,9.19387755,48,0.00000000,0.00000000,0.00000000,83,0.00000000,,0.00000000
d1,1,300,ichimoku_cloud_bull+atr_expand+pullback_bull+mtf_volatility,144,0.02083333,9.11726190,19,0.00000000,0.00000000,0.00000000,37,0.00000000,,-0.00000000
d1,1,300,ichimoku_cloud_bull+adx_up3+atr_expand+mtf_volatility,146,0.02054795,8.99236791,12,0.00000000,0.00000000,0.00000000,37,0.00000000,,-0.00000000
d1,1,300,volatility+breakout20_up+mtf_adx25+cross_target_relative_up,148,0.02027027,8.87084942,30,0.00000000,0.00000000,0.00000000,16,0.00000000,,0.00000000
d1,1,300,ichimoku_cloud_bull+adx_up3+pullback_bull+mtf_macd_bull,149,0.02013423,8.81131352,29,0.00000000,0.00000000,0.00000000,29,0.00000000,,0.00000000
d1,1,300,ichimoku_cloud_bull+volatility+breakout20_up+mtf_adx25,149,0.02013423,8.81131352,21,0.00000000,0.00000000,-0.00000000,23,0.00000000,,0.00000000
d1,1,300,trend_bull+volatility+breakout20_up+mtf_adx25,149,0.02013423,8.81131352,18,0.00000000,0.00000000,0.00000000,21,0.00000000,,-0.00000000
d1,1,300,adx_up3+bb_expand+pullback_bull+mtf_macd_bull,150,0.02000000,8.75257143,30,0.00000000,0.00000000,0.00000000,31,0.00000000,,0.00000000
d1,1,300,sma_stack_bull+atr_expand,251,0.01992032,8.71770063,49,0.00000000,0.00000000,0.00000000,84,0.00000000,,-0.00000000
d1,1,300,ichimoku_cloud_bull+atr_expand+pullback_bull,151,0.01986755,8.69460738,21,0.00000000,0.00000000,-0.00000000,37,0.00000000,,-0.00000000
d1,1,300,ichimoku_cloud_bull+adx_up3+atr_expand,152,0.01973684,8.63740602,13,0.00000000,0.00000000,0.00000000,38,0.00000000,,0.00000000
d1,1,300,ichimoku_cloud_bull+adx_up3+volatility+mtf_macd_bull,268,0.01865672,8.16471215,25,0.00000000,0.00000000,0.00000000,60,0.00000000,,0.00000000
d1,1,300,trend_bull+adx25+atr_expand+mtf_volatility,164,0.01829268,8.00540070,25,0.00000000,0.00000000,0.00000000,46,0.00000000,,0.00000000
d1,1,300,ichimoku_cloud_bull+adx_up3+volatility+pullback_bull,174,0.01724138,7.54532020,27,0.03703704,34.77777778,0.00656815,38,0.00000000,,0.00000000
d1,1,300,ichimoku_cloud_bull+bb_expand+breakout20_up+cross_target_relative_up,174,0.01724138,7.54532020,77,0.00000000,0.00000000,0.00000000,20,0.00000000,,0.00000000
d1,1,300,atr_expand+pullback_bull+mtf_adx25,175,0.01714286,7.50220408,32,0.03125000,29.34375000,0.00553786,46,0.00000000,,0.00000000
d1,1,300,ichimoku_cloud_bull+bb_expand+pullback_bull+mtf_macd_bull,175,0.01714286,7.50220408,38,0.00000000,0.00000000,0.00000000,30,0.00000000,,0.00000000
d1,1,300,trend_bull+adx25+atr_expand,176,0.01704545,7.45957792,25,0.00000000,0.00000000,0.00000000,46,0.00000000,,0.00000000
d1,1,300,atr_expand+mtf_adx25+cross_target_relative_up,176,0.01704545,7.45957792,53,0.00000000,0.00000000,0.00000000,33,0.00000000,,0.00000000
d1,1,300,ichimoku_cloud_bull+atr_expand+mtf_adx25,295,0.01694915,7.41743341,49,0.00000000,0.00000000,0.00000000,81,0.00000000,,0.00000000
d1,1,300,adx_up3+volatility+mtf_macd_bull,419,0.01670644,7.31121718,62,0.00000000,0.00000000,0.00000000,107,0.00000000,,0.00000000
d1,1,300,ichimoku_cloud_bull+volatility+breakout20_up,181,0.01657459,7.25351223,30,0.00000000,0.00000000,0.00000000,38,0.00000000,,0.00000000
d1,1,300,volatility+breakout20_up+cross_target_relative_up,181,0.01657459,7.25351223,40,0.00000000,0.00000000,0.00000000,21,0.00000000,,-0.00000000
d1,1,300,trend_bull+elliott_wave3_bull+mtf_volatility+cross_target_relative_up,121,0.01652893,7.23353011,34,0.00000000,0.00000000,0.00000000,16,0.00000000,,0.00000000
d1,1,300,ichimoku_cloud_bull+atr_expand+mtf_volatility,365,0.01643836,7.19389432,69,0.00000000,0.00000000,0.00000000,90,0.00000000,,0.00000000
d1,1,300,volatility+horizontal_break_up+cross_target_relative_up,122,0.01639344,7.17423888,27,0.00000000,0.00000000,0.00000000,13,0.00000000,,0.00000000
d1,1,300,atr_expand+close_near_high+mtf_adx25,122,0.01639344,7.17423888,35,0.00000000,0.00000000,0.00000000,33,0.00000000,,0.00000000
d1,1,300,ichimoku_cloud_bull+volatility+breakout20_up+close_near_high,122,0.01639344,7.17423888,13,0.00000000,0.00000000,0.00000000,23,0.00000000,,0.00000000
d1,1,300,sma_stack_bull+bb_expand+horizontal_break_up+cross_target_relative_up,122,0.01639344,7.17423888,53,0.00000000,0.00000000,0.00000000,17,0.00000000,,0.00000000
d1,1,300,ichimoku_cloud_bull+elliott_wave3_bull+mtf_volatility+cross_target_relative_up,122,0.01639344,7.17423888,40,0.00000000,0.00000000,0.00000000,17,0.00000000,,0.00000000
d1,1,300,volatility+breakout20_up+mtf_adx25+cross_group_bull,122,0.01639344,7.17423888,18,0.00000000,0.00000000,0.00000000,16,0.00000000,,0.00000000
d1,1,300,volatility+retest_up+mtf_adx25+cross_group_bull,122,0.01639344,7.17423888,18,0.00000000,0.00000000,0.00000000,16,0.00000000,,0.00000000
d1,1,300,bb_expand+elliott_wave3_bull+mtf_volatility+cross_target_relative_up,122,0.01639344,7.17423888,36,0.00000000,0.00000000,0.00000000,25,0.00000000,,0.00000000
d1,1,300,ichimoku_cloud_bull+volatility+horizontal_break_up,123,0.01626016,7.11591173,28,0.00000000,0.00000000,0.00000000,35,0.00000000,,0.00000000
d1,1,300,sma_stack_bull+breakout20_up+elliott_wave3_bull+mtf_volatility,123,0.01626016,7.11591173,38,0.00000000,0.00000000,0.00000000,26,0.00000000,,0.00000000
d1,1,300,volatility+elliott_impulse_bull+mtf_volatility+cross_target_relative_up,124,0.01612903,7.05852535,28,0.00000000,0.00000000,0.00000000,13,0.00000000,,0.00000000
d1,1,300,ichimoku_cloud_bull+adx25+elliott_wave3_bull+mtf_adx25,125,0.01600000,7.00205714,25,0.00000000,0.00000000,0.00000000,26,0.00000000,,0.00000000
d1,1,300,trend_bull+bb_expand+elliott_wave3_bull+cross_target_relative_up,125,0.01600000,7.00205714,36,0.00000000,0.00000000,0.00000000,18,0.00000000,,0.00000000
d1,1,300,trend_bull+horizontal_break_up+elliott_wave3_bull+cross_target_relative_up,125,0.01600000,7.00205714,44,0.00000000,0.00000000,0.00000000,26,0.00000000,,0.00000000
d1,1,300,horizontal_break_up+elliott_impulse_bull+mtf_volatility+cross_target_relative_up,125,0.01600000,7.00205714,44,0.00000000,0.00000000,0.00000000,27,0.00000000,,0.00000000
d1,1,300,adx25+volatility+pullback_bull+mtf_macd_bull,251,0.01593625,6.97416050,45,0.00000000,0.00000000,0.00000000,52,0.00000000,,0.00000000
d1,1,300,sma_stack_bull+volatility+horizontal_break_up,126,0.01587302,6.94648526,24,0.00000000,0.00000000,0.00000000,29,0.00000000,,0.00000000
d1,1,300,trend_bull+breakout20_up+mtf_volatility+cross_target_relative_up,126,0.01587302,6.94648526,40,0.00000000,0.00000000,0.00000000,19,0.00000000,,0.00000000
d1,1,300,trend_bull+volatility+breakout20_up,190,0.01578947,6.90992481,27,0.00000000,0.00000000,0.00000000,36,0.00000000,,0.00000000
d1,1,300,sma_stack_bull+bb_expand+horizontal_break_up+elliott_wave3_bull,127,0.01574803,6.89178853,41,0.00000000,0.00000000,-0.00000000,32,0.00000000,,0.00000000
d1,1,300,ichimoku_cloud_bull+atr_expand,383,0.01566580,6.85580007,71,0.00000000,0.00000000,0.00000000,91,0.00000000,,0.00000000
d1,1,300,trend_bull+volatility+breakout20_up+close_near_high,128,0.01562500,6.83794643,13,0.00000000,0.00000000,0.00000000,19,0.00000000,,0.00000000
d1,1,300,sma_stack_bull+bb_expand+elliott_impulse_bull+cross_target_relative_up,128,0.01562500,6.83794643,57,0.00000000,0.00000000,0.00000000,16,0.00000000,,0.00000000
d1,1,300,bb_expand+horizontal_break_up+elliott_wave3_bull+mtf_volatility,128,0.01562500,6.83794643,37,0.00000000,0.00000000,-0.00000000,33,0.00000000,,0.00000000
d1,1,300,bb_expand+pullback_bull+mtf_macd_bull,321,0.01557632,6.81664441,86,0.01162791,10.91860465,0.00205557,59,0.00000000,,-0.00000000
d1,1,300,adx_up3+volatility+pullback_bull+mtf_volatility,193,0.01554404,6.80251665,29,0.03448276,32.37931034,0.00611321,33,0.00000000,,0.00000000
d1,1,300,ichimoku_cloud_bull+horizontal_break_up+mtf_volatility,129,0.01550388,6.78493909,51,0.00000000,0.00000000,0.00000000,32,0.00000000,,0.00000000
d1,1,300,ichimoku_cloud_bull+volatility+elliott_wave3_bull+mtf_adx25,129,0.01550388,6.78493909,20,0.00000000,0.00000000,0.00000000,27,0.00000000,,0.00000000
d1,1,300,sma_stack_bull+elliott_wave3_bull+mtf_macd_bull+cross_target_relative_up,129,0.01550388,6.78493909,53,0.00000000,0.00000000,0.00000000,31,0.00000000,,0.00000000
d1,1,300,bb_expand+horizontal_break_up+elliott_wave3_bull+cross_target_relative_up,129,0.01550388,6.78493909,41,0.00000000,0.00000000,-0.00000000,26,0.00000000,,0.00000000
d1,1,300,atr_expand+close_near_high+mtf_macd_bull,130,0.01538462,6.73274725,38,0.00000000,0.00000000,0.00000000,21,0.00000000,,-0.00000000
d1,1,300,sma_stack_bull+volatility+breakout20_up+elliott_impulse_bull,130,0.01538462,6.73274725,20,0.00000000,0.00000000,0.00000000,24,0.00000000,,0.00000000
d1,1,300,sma_stack_bull+volatility+breakout20_up+mtf_macd_bull,130,0.01538462,6.73274725,24,0.00000000,0.00000000,0.00000000,27,0.00000000,,0.00000000
d1,1,300,ichimoku_cloud_bull+bb_expand+horizontal_break_up+cross_target_relative_up,130,0.01538462,6.73274725,55,0.00000000,0.00000000,0.00000000,15,0.00000000,,0.00000000
d1,1,300,trend_bull+bb_expand+elliott_wave3_bull+mtf_volatility,131,0.01526718,6.68135224,34,0.00000000,0.00000000,0.00000000,22,0.00000000,,0.00000000
d1,1,300,trend_bull+volatility+horizontal_break_up+mtf_macd_bull,132,0.01515152,6.63073593,25,0.00000000,0.00000000,0.00000000,30,0.00000000,,0.00000000
d1,1,300,sma_stack_bull+horizontal_break_up+elliott_impulse_bull+mtf_volatility,132,0.01515152,6.63073593,49,0.00000000,0.00000000,0.00000000,30,0.00000000,,0.00000000
d1,1,300,sma_stack_bull+elliott_wave3_bull+cross_target_relative_up,133,0.01503759,6.58088077,55,0.00000000,0.00000000,0.00000000,31,0.00000000,,0.00000000
d1,1,300,trend_bull+volatility+elliott_impulse_bull+cross_target_relative_up,133,0.01503759,6.58088077,22,0.00000000,0.00000000,0.00000000,15,0.00000000,,0.00000000
d1,1,300,volatility+horizontal_break_up+elliott_wave3_bull+mtf_macd_bull,133,0.01503759,6.58088077,20,0.00000000,0.00000000,0.00000000,29,0.00000000,,0.00000000
d1,1,300,horizontal_break_up+mtf_volatility+cross_target_relative_up,134,0.01492537,6.53176972,46,0.00000000,0.00000000,0.00000000,28,0.00000000,,0.00000000
d1,1,300,trend_bull+adx25+close_near_high+elliott_wave3_bull,134,0.01492537,6.53176972,17,0.00000000,0.00000000,0.00000000,25,0.00000000,,0.00000000
d1,1,300,sma_stack_bull+bb_expand+elliott_wave3_bull+mtf_macd_bull,134,0.01492537,6.53176972,43,0.00000000,0.00000000,0.00000000,33,0.00000000,,0.00000000
d1,1,300,trend_bull+horizontal_break_up+elliott_wave3_bull+mtf_volatility,134,0.01492537,6.53176972,39,0.00000000,0.00000000,-0.00000000,33,0.00000000,,0.00000000
d1,1,300,ichimoku_cloud_bull+elliott_impulse_bull+mtf_volatility+cross_target_relative_up,134,0.01492537,6.53176972,54,0.00000000,0.00000000,0.00000000,18,0.00000000,,0.00000000
d1,1,300,volatility+breakout20_up+elliott_impulse_bull+mtf_volatility,134,0.01492537,6.53176972,25,0.00000000,0.00000000,0.00000000,25,0.00000000,,0.00000000
d1,1,300,ichimoku_cloud_bull+volatility+pullback_bull+mtf_macd_bull,270,0.01481481,6.48338624,37,0.00000000,0.00000000,-0.00000000,56,0.00000000,,0.00000000
d1,1,300,ichimoku_cloud_bull+adx_up3+pullback_bull+mtf_volatility,203,0.01477833,6.46741731,38,0.02631579,24.71052632,0.00466059,37,0.00000000,,-0.00000000
d1,1,300,ichimoku_cloud_bull+breakout20_up+mtf_adx25+cross_target_relative_up,204,0.01470588,6.43571429,75,0.00000000,0.00000000,0.00000000,23,0.00000000,,0.00000000
d1,1,300,ichimoku_cloud_bull+breakout20_up+elliott_wave3_bull+mtf_volatility,136,0.01470588,6.43571429,41,0.00000000,0.00000000,-0.00000000,31,0.00000000,,0.00000000
d1,1,300,sma_stack_bull+horizontal_break_up+mtf_adx25+cross_target_relative_up,136,0.01470588,6.43571429,61,0.00000000,0.00000000,-0.00000000,18,0.00000000,,0.00000000
d1,1,300,ichimoku_cloud_bull+bb_expand+horizontal_break_up+elliott_wave3_bull,137,0.01459854,6.38873827,39,0.00000000,0.00000000,-0.00000000,31,0.00000000,,0.00000000
d1,1,300,adx25+inside_2,138,0.01449275,6.34244306,27,0.00000000,0.00000000,0.00000000,21,0.00000000,,-0.00000000
d1,1,300,sma_stack_bull+bb_expand+breakout20_up+cross_target_relative_up,138,0.01449275,6.34244306,61,0.00000000,0.00000000,-0.00000000,17,0.00000000,,0.00000000
d1,1,300,sma_stack_bull+horizontal_break_up+elliott_wave3_bull+mtf_adx25,138,0.01449275,6.34244306,47,0.00000000,0.00000000,-0.00000000,29,0.00000000,,0.00000000
d1,1,300,volatility+elliott_wave3_bull+mtf_adx25+cross_target_relative_up,138,0.01449275,6.34244306,26,0.00000000,0.00000000,0.00000000,18,0.00000000,,0.00000000
d1,1,300,atr_expand+mtf_adx25,485,0.01443299,6.31628866,107,0.01869159,17.55140187,0.00514096,125,0.00000000,,0.00000000
d1,1,300,sma_stack_bull+volatility+mtf_volatility+cross_target_relative_up,278,0.01438849,6.29681398,48,0.02083333,19.56250000,0.00368711,51,0.00000000,,0.00000000
d1,1,300,sma_stack_bull+bb_expand+breakout20_up+elliott_wave3_bull,139,0.01438849,6.29681398,44,0.00000000,0.00000000,0.00000000,33,0.00000000,,0.00000000
d1,1,300,trend_bull+volatility+horizontal_break_up+elliott_impulse_bull,139,0.01438849,6.29681398,21,0.00000000,0.00000000,-0.00000000,27,0.00000000,,0.00000000
d1,1,300,sma_stack_bull+bb_expand+elliott_wave3_bull,140,0.01428571,6.25183673,44,0.00000000,0.00000000,0.00000000,34,0.00000000,,0.00000000
d1,1,300,trend_bull+atr_expand+mtf_volatility,283,0.01413428,6.18556285,58,0.00000000,0.00000000,0.00000000,82,0.00000000,,-0.00000000
d1,1,300,trend_bull+bb_expand+breakout20_up+cross_target_relative_up,213,0.01408451,6.16378270,72,0.00000000,0.00000000,0.00000000,22,0.00000000,,0.00000000
d1,1,300,adx25+bb_expand+pullback_bull+mtf_volatility,213,0.01408451,6.16378270,47,0.00000000,0.00000000,-0.00000000,38,0.00000000,,0.00000000
d1,1,300,trend_bull+elliott_impulse_bull+mtf_volatility+cross_target_relative_up,142,0.01408451,6.16378270,47,0.00000000,0.00000000,-0.00000000,19,0.00000000,,0.00000000
d1,1,300,bb_expand+elliott_impulse_bull+mtf_volatility+cross_target_relative_up,142,0.01408451,6.16378270,49,0.00000000,0.00000000,0.00000000,26,0.00000000,,0.00000000
d1,1,300,sma_stack_bull+volatility+breakout20_up,143,0.01398601,6.12067932,24,0.00000000,0.00000000,0.00000000,29,0.00000000,,0.00000000
d1,1,300,volatility+horizontal_break_up+elliott_wave3_bull,143,0.01398601,6.12067932,20,0.00000000,0.00000000,0.00000000,31,0.00000000,,0.00000000
d1,1,300,trend_bull+volatility+elliott_wave3_bull+mtf_macd_bull,143,0.01398601,6.12067932,19,0.00000000,0.00000000,0.00000000,33,0.00000000,,0.00000000
d1,3,50,sma_stack_bull+adx_up3+volatility+mtf_volatility,200,0.72000000,1.44424306,23,0.65217391,1.34739561,0.44890335,57,0.54385965,1.23341215,0.41590686
d1,3,50,ichimoku_cloud_bull+adx_up3+atr_expand+mtf_volatility,146,0.71917808,1.44259438,12,0.91666667,1.89383938,0.64612009,37,0.45945946,1.04200207,0.31038570
d1,3,50,ichimoku_cloud_bull+adx_up3+atr_expand,152,0.71710526,1.43843653,13,0.84615385,1.74815943,0.57765369,38,0.44736842,1.01458096,0.30146401
d1,3,50,ichimoku_cloud_bull+adx_up3+atr_expand+mtf_adx25,136,0.71323529,1.43067378,13,0.84615385,1.74815943,0.57765369,38,0.44736842,1.01458096,0.30146401
d1,3,50,sma_stack_bull+adx25+atr_expand+mtf_adx25,121,0.71074380,1.42567611,11,0.54545455,1.12691269,0.28009154,38,0.63157895,1.43234959,0.47283960
d1,3,50,ichimoku_cloud_bull+adx25+atr_expand+mtf_adx25,162,0.70987654,1.42393649,14,0.57142857,1.18057520,0.32590645,37,0.59459459,1.34847327,0.43485965
d1,3,50,trend_bull+adx_up3+volatility+mtf_volatility,206,0.69417476,1.39244038,26,0.69230769,1.43031226,0.50011742,47,0.53191489,1.20632280,0.39232383
d1,3,50,sma_stack_bull+adx_up3+volatility+mtf_adx25,242,0.68595041,1.37594323,30,0.76666667,1.58393839,0.59071674,72,0.55555556,1.25993714,0.44087391
d1,3,50,adx_up3+atr_expand+mtf_volatility,218,0.68348624,1.37100036,37,0.83783784,1.73097850,0.68863516,59,0.47457627,1.07628529,0.35265877
d1,3,50,sma_stack_bull+adx25+atr_expand+mtf_volatility,145,0.68275862,1.36954083,17,0.58823529,1.21529800,0.36005443,45,0.62222222,1.41112960,0.47629934
d1,3,50,adx_up3+atr_expand,229,0.67685590,1.35770060,38,0.81578947,1.68542644,0.66581142,60,0.46666667,1.05834720,0.34627906
d1,3,50,adx_up3+atr_expand+mtf_adx25,211,0.67298578,1.34993756,37,0.83783784,1.73097850,0.68863516,60,0.46666667,1.05834720,0.34627906
d1,3,50,sma_stack_bull+adx25+atr_expand,155,0.67096774,1.34588959,17,0.58823529,1.21529800,0.36005443,45,0.62222222,1.41112960,0.47629934
d1,3,50,ichimoku_cloud_bull+adx_up3+volatility+mtf_volatility,340,0.67058824,1.34512834,37,0.70270270,1.45178842,0.54216864,71,0.61971831,1.40545101,0.50341856
d1,3,50,adx_up3+volatility+mtf_volatility,546,0.66666667,1.33726209,81,0.74074074,1.53037526,0.63595651,120,0.59166667,1.34183306,0.50220783
d1,3,50,sma_stack_bull+bb_expand+breakout20_up+cross_group_bull,123,0.66666667,1.33726209,63,0.36507937,0.75425638,0.25715393,26,0.50000000,1.13394343,0.32060594
d1,3,50,sma_stack_bull+bb_expand+breakout_up20+cross_group_bull,123,0.66666667,1.33726209,63,0.36507937,0.75425638,0.25715393,26,0.50000000,1.13394343,0.32060594
d1,3,50,sma_stack_bull+bb_expand+retest_up+cross_group_bull,123,0.66666667,1.33726209,62,0.37096774,0.76642180,0.26157166,26,0.50000000,1.13394343,0.32060594
d1,3,50,trend_bull+adx_up3+volatility+mtf_adx25,277,0.66425993,1.33243443,33,0.78787879,1.62776278,0.62248355,58,0.55172414,1.25124792,0.42452083
d1,3,50,sma_stack_bull+adx_up3+volatility+mtf_rsi60,139,0.66187050,1.32764150,26,0.69230769,1.43031226,0.50011742,26,0.42307692,0.95949059,0.25544443
d1,3,50,ichimoku_cloud_bull+adx25+atr_expand,209,0.66028708,1.32446533,20,0.60000000,1.23960396,0.38658150,44,0.59090909,1.34011496,0.44409754
d1,3,50,ichimoku_cloud_bull+adx25+atr_expand+mtf_volatility,197,0.65989848,1.32368583,20,0.60000000,1.23960396,0.38658150,44,0.59090909,1.34011496,0.44409754
d1,3,50,ichimoku_cloud_bull+bb_expand+horizontal_break_up+cross_group_bull,123,0.65853659,1.32095402,57,0.36842105,0.76116033,0.25523557,25,0.48000000,1.08858569,0.30031286
d1,3,50,trend_bull+adx25+atr_expand+mtf_adx25,140,0.65714286,1.31815835,19,0.52631579,1.08737190,0.31707809,39,0.61538462,1.39562268,0.45899061
d1,3,50,sma_stack_bull+adx_up3+volatility,297,0.65656566,1.31700054,38,0.73684211,1.52232065,0.57991154,82,0.54878049,1.24457205,0.44130776
d1,3,50,ichimoku_cloud_bull+adx_up3+volatility+mtf_adx25,443,0.65462754,1.31311289,61,0.68852459,1.42249635,0.56408566,93,0.66666667,1.51192457,0.56593470
d1,3,50,ichimoku_cloud_bull+adx_up3+volatility,520,0.65192308,1.30768803,72,0.65277778,1.34864320,0.53761304,107,0.62616822,1.42007869,0.53161942
d1,3,50,adx25+atr_expand+mtf_adx25,260,0.65000000,1.30383054,39,0.58974359,1.21841415,0.43418623,60,0.58333333,1.32293400,0.45728081
d1,3,50,adx_up3+volatility+mtf_volatility+cross_target_relative_up,200,0.65000000,1.30383054,34,0.73529412,1.51912250,0.56882859,33,0.69696970,1.58064841,0.52661865
d1,3,50,ichimoku_cloud_bull+horizontal_break_up+elliott_impulse_bull+cross_group_bull,168,0.64880952,1.30144257,86,0.38372093,0.79276997,0.28801440,36,0.50000000,1.13394343,0.34474325
d1,3,50,ichimoku_cloud_bull+horizontal_break_up+elliott_wave5_bull+cross_group_bull,153,0.64705882,1.29793085,82,0.39024390,0.80624648,0.29184681,30,0.50000000,1.13394343,0.33154126
d1,3,50,trend_bull+bb_expand+horizontal_break_up+cross_group_bull,150,0.64666667,1.29714423,60,0.40000000,0.82640264,0.28569491,28,0.46428571,1.05294747,0.29531570
d1,3,50,sma_stack_bull+atr_expand+mtf_adx25,188,0.64361702,1.29102697,32,0.71875000,1.48494224,0.54625491,74,0.54054054,1.22588479,0.42781346
d1,3,50,trend_bull+adx_up3+volatility,341,0.64222874,1.28824222,41,0.75609756,1.56210255,0.60656664,70,0.52857143,1.19874019,0.41321887
d1,3,50,sma_stack_bull+horizontal_break_up+elliott_impulse_bull+cross_group_bull,153,0.64052288,1.28482044,83,0.40963855,0.84631596,0.31012913,39,0.46153846,1.04671701,0.31566886
d1,3,50,ichimoku_cloud_bull+horizontal_break_up+cross_group_bull,175,0.64000000,1.28377161,93,0.36559140,0.75531424,0.27485702,41,0.43902439,0.99565764,0.29890132
d1,3,50,ichimoku_cloud_bull+rsi60+horizontal_break_up+cross_group_bull,175,0.64000000,1.28377161,93,0.36559140,0.75531424,0.27485702,41,0.43902439,0.99565764,0.29890132
d1,3,50,ichimoku_cloud_bull+horizontal_break_up+retest_up+cross_group_bull,175,0.64000000,1.28377161,92,0.36956522,0.76352418,0.27801634,41,0.43902439,0.99565764,0.29890132
d1,3,50,sma_stack_bull+atr_expand+mtf_volatility,238,0.63865546,1.28107461,48,0.68750000,1.42037954,0.54666929,83,0.55421687,1.25690115,0.44725016
d1,3,50,ichimoku_cloud_bull+horizontal_break_up+mtf_rsi60+cross_group_bull,174,0.63793103,1.27962148,93,0.36559140,0.75531424,0.27485702,41,0.43902439,0.99565764,0.29890132
d1,3,50,trend_bull+volatility+elliott_wave5_bull+mtf_adx25,135,0.63703704,1.27782822,15,0.53333333,1.10187019,0.30116980,18,0.22222222,0.50397486,0.09000928
d1,3,50,sma_stack_bull+bb_expand+breakout20_up+cross_group_return_up,134,0.63432836,1.27239490,71,0.38028169,0.78566448,0.27627173,34,0.50000000,1.13394343,0.34069326
d1,3,50,sma_stack_bull+bb_expand+breakout_up20+cross_group_return_up,134,0.63432836,1.27239490,71,0.38028169,0.78566448,0.27627173,34,0.50000000,1.13394343,0.34069326
d1,3,50,sma_stack_bull+bb_expand+retest_up+cross_group_return_up,134,0.63432836,1.27239490,70,0.38571429,0.79688826,0.28047691,33,0.48484848,1.09958151,0.32504042
d1,3,50,ichimoku_cloud_bull+horizontal_break_up+close_near_high+cross_group_return_up,134,0.63432836,1.27239490,63,0.49206349,1.01660642,0.37266809,36,0.44444444,1.00794971,0.29541269
d1,3,50,trend_bull+adx25+atr_expand+mtf_volatility,164,0.63414634,1.27202979,25,0.56000000,1.15696370,0.37067332,46,0.60869565,1.38045287,0.46456843
d1,3,50,sma_stack_bull+adx25+volatility+mtf_volatility,428,0.63317757,1.27008654,61,0.44262295,0.91446194,0.32507806,89,0.59550562,1.35053936,0.49164225
d1,3,50,ichimoku_cloud_bull+horizontal_break_up+elliott_impulse_bull+cross_group_return_up,185,0.63243243,1.26859188,99,0.41414141,0.85561890,0.32209499,46,0.47826087,1.08464154,0.34124689
d1,3,50,ichimoku_cloud_bull+bb_expand+horizontal_break_up+cross_group_return_up,136,0.63235294,1.26843243,66,0.39393939,0.81388139,0.28503000,35,0.51428571,1.16634181,0.35568805
d1,3,50,sma_stack_bull+horizontal_break_up+elliott_wave5_bull+cross_group_bull,144,0.63194444,1.26761302,78,0.42307692,0.87407972,0.31959060,30,0.43333333,0.98275097,0.27377486
d1,3,50,ichimoku_cloud_bull+adx_up3+volatility+close_near_high,163,0.63190184,1.26752757,20,0.55000000,1.13630363,0.34208534,32,0.78125000,1.77178661,0.61245006
d1,3,50,ichimoku_cloud_bull+horizontal_break_up+close_near_high+cross_group_bull,122,0.63114754,1.26601452,50,0.42000000,0.86772277,0.29375003,28,0.50000000,1.13394343,0.32633127
d1,3,50,ichimoku_cloud_bull+adx25+volatility+mtf_volatility,585,0.63076923,1.26525567,82,0.47560976,0.98261290,0.37104980,111,0.63963964,1.45063033,0.54703636
d1,3,50,trend_bull+adx25+atr_expand,176,0.63068182,1.26508033,25,0.56000000,1.15696370,0.37067332,46,0.60869565,1.38045287,0.46456843
d1,3,50,volatility+close_near_high+elliott_pullback_bull,127,0.62992126,1.26355473,19,0.57894737,1.19610908,0.36275904,37,0.70270270,1.59365022,0.54216864
d1,3,50,sma_stack_bull+horizontal_break_up+mtf_adx25+cross_group_return_up,127,0.62992126,1.26355473,67,0.47761194,0.98674942,0.36250387,32,0.46875000,1.06307196,0.30869387
d1,3,50,sma_stack_bull+close_near_high+elliott_impulse_bull+cross_group_bull,162,0.62962963,1.26296975,58,0.46551724,0.96176169,0.34332022,38,0.60526316,1.37266836,0.44717868
d1,3,50,trend_bull+adx_up3+volatility+mtf_rsi60,178,0.62921348,1.26213501,26,0.69230769,1.43031226,0.50011742,30,0.43333333,0.98275097,0.27377486
d1,3,50,sma_stack_bull+breakout20_up+elliott_impulse_bull+cross_group_bull,178,0.62921348,1.26213501,90,0.41111111,0.84935827,0.31513204,45,0.46666667,1.05834720,0.32935132
d1,3,50,sma_stack_bull+breakout_up20+elliott_impulse_bull+cross_group_bull,178,0.62921348,1.26213501,90,0.41111111,0.84935827,0.31513204,45,0.46666667,1.05834720,0.32935132
d1,3,50,sma_stack_bull+retest_up+elliott_impulse_bull+cross_group_bull,178,0.62921348,1.26213501,90,0.41111111,0.84935827,0.31513204,45,0.46666667,1.05834720,0.32935132
d1,3,50,ichimoku_cloud_bull+horizontal_break_up+cross_group_return_up,194,0.62886598,1.26143795,111,0.41441441,0.85618292,0.32713458,57,0.43859649,0.99468722,0.31772697
d1,3,50,ichimoku_cloud_bull+rsi60+horizontal_break_up+cross_group_return_up,194,0.62886598,1.26143795,111,0.41441441,0.85618292,0.32713458,57,0.43859649,0.99468722,0.31772697
d1,3,50,ichimoku_cloud_bull+horizontal_break_up+retest_up+cross_group_return_up,194,0.62886598,1.26143795,110,0.41818182,0.86396640,0.33029106,55,0.41818182,0.94838905,0.29737766
d1,3,50,ichimoku_cloud_bull+horizontal_break_up+mtf_adx25+cross_group_bull,132,0.62878788,1.26128129,59,0.42372881,0.87542653,0.30612727,23,0.47826087,1.08464154,0.29237157
d1,3,50,ichimoku_cloud_bull+horizontal_break_up+elliott_wave5_bull+cross_group_return_up,167,0.62874251,1.26119030,92,0.40217391,0.83089396,0.30784959,37,0.45945946,1.04200207,0.31038570
d1,3,50,ichimoku_cloud_bull+horizontal_break_up+mtf_adx25+cross_group_return_up,148,0.62837838,1.26045988,66,0.48484848,1.00170017,0.36846963,33,0.51515152,1.16830535,0.35218375
d1,3,50,ichimoku_cloud_bull+horizontal_break_up+mtf_rsi60+cross_group_return_up,193,0.62694301,1.25758067,111,0.41441441,0.85618292,0.32713458,56,0.44642857,1.01244949,0.32386721
d1,3,50,sma_stack_bull+bb_expand+mtf_rsi60+cross_group_bull,201,0.62686567,1.25742555,115,0.46086957,0.95215956,0.37250651,52,0.44230769,1.00310380,0.31595057
d1,3,50,sma_stack_bull+breakout20_up+mtf_adx25+cross_group_bull,134,0.62686567,1.25742555,67,0.41791045,0.86340574,0.30742301,27,0.51851852,1.17594133,0.33985616
d1,3,50,sma_stack_bull+breakout_up20+mtf_adx25+cross_group_bull,134,0.62686567,1.25742555,67,0.41791045,0.86340574,0.30742301,27,0.51851852,1.17594133,0.33985616
d1,3,50,sma_stack_bull+retest_up+mtf_adx25+cross_group_bull,134,0.62686567,1.25742555,67,0.41791045,0.86340574,0.30742301,27,0.51851852,1.17594133,0.33985616
d1,3,50,sma_stack_bull+breakout20_up+mtf_adx25+cross_group_return_up,142,0.62676056,1.25721471,74,0.45945946,0.94924628,0.35073371,35,0.51428571,1.16634181,0.35568805
d1,3,50,sma_stack_bull+breakout_up20+mtf_adx25+cross_group_return_up,142,0.62676056,1.25721471,74,0.45945946,0.94924628,0.35073371,35,0.51428571,1.16634181,0.35568805
d1,3,50,sma_stack_bull+retest_up+mtf_adx25+cross_group_return_up,142,0.62676056,1.25721471,74,0.45945946,0.94924628,0.35073371,34,0.50000000,1.13394343,0.34069326
d1,3,50,sma_stack_bull+bb_expand+elliott_impulse_bull+cross_group_return_up,123,0.62601626,1.25572172,65,0.38461538,0.79461792,0.27595007,30,0.53333333,1.20953966,0.36142300
d1,3,50,sma_stack_bull+horizontal_break_up+cross_group_bull,163,0.62576687,1.25522147,90,0.38888889,0.80344701,0.29469917,44,0.40909091,0.92777190,0.27687856
d1,3,50,sma_stack_bull+rsi60+horizontal_break_up+cross_group_bull,163,0.62576687,1.25522147,89,0.38202247,0.78926095,0.28794915,44,0.40909091,0.92777190,0.27687856
d1,3,50,sma_stack_bull+horizontal_break_up+retest_up+cross_group_bull,163,0.62576687,1.25522147,89,0.39325843,0.81247451,0.29821544,44,0.40909091,0.92777190,0.27687856
d1,3,50,sma_stack_bull+atr_expand,251,0.62549801,1.25468216,49,0.69387755,1.43355560,0.55472106,84,0.54761905,1.24193804,0.44143037
d1,3,50,sma_stack_bull+breakout20_up+elliott_wave5_bull+cross_group_bull,168,0.62500000,1.25368321,85,0.42352941,0.87501456,0.32403542,35,0.42857143,0.97195151,0.27984568
d1,3,50,sma_stack_bull+breakout_up20+elliott_wave5_bull+cross_group_bull,168,0.62500000,1.25368321,85,0.42352941,0.87501456,0.32403542,35,0.42857143,0.97195151,0.27984568
d1,3,50,sma_stack_bull+retest_up+elliott_wave5_bull+cross_group_bull,168,0.62500000,1.25368321,85,0.42352941,0.87501456,0.32403542,35,0.42857143,0.97195151,0.27984568
d1,3,50,sma_stack_bull+close_near_high+elliott_wave5_bull+cross_group_bull,141,0.62411348,1.25190494,53,0.47169811,0.97453142,0.34382243,24,0.54166667,1.22843871,0.35074865
d1,3,50,atr_expand+mtf_volatility+adx25,303,0.62376238,1.25120067,47,0.57446809,1.18685486,0.43281919,67,0.58208955,1.32011324,0.46269932
d1,3,50,adx25+atr_expand+mtf_volatility,303,0.62376238,1.25120067,47,0.57446809,1.18685486,0.43281919,67,0.58208955,1.32011324,0.46269932
d1,3,50,adx_up3+volatility+mtf_adx25,720,0.62361111,1.25089725,119,0.70588235,1.45835760,0.61861188,166,0.65060241,1.47549265,0.57541113
d1,3,50,sma_stack_bull+adx_up3+bb_expand+close_near_high,170,0.62352941,1.25073337,28,0.53571429,1.10678925,0.35812689,39,0.58974359,1.33747174,0.43418623
d1,3,50,sma_stack_bull+bb_expand+horizontal_break_up+mtf_adx25,172,0.62209302,1.24785213,55,0.49090909,1.01422142,0.36376778,26,0.46153846,1.04671701,0.28755854
d1,3,50,sma_stack_bull+horizontal_break_up+elliott_impulse_bull+cross_group_return_up,164,0.62195122,1.24756768,95,0.43157895,0.89164495,0.33655833,49,0.44897959,1.01823491,0.31852841
d1,3,50,ichimoku_cloud_bull+adx_up3+volatility+strong_close_bull,132,0.62121212,1.24608513,17,0.58823529,1.21529800,0.36005443,26,0.73076923,1.65730193,0.53916960
d1,3,50,sma_stack_bull+horizontal_break_up+mtf_rsi60+cross_group_bull,161,0.62111801,1.24589636,89,0.38202247,0.78926095,0.28794915,44,0.40909091,0.92777190,0.27687856
d1,3,50,bb_expand+horizontal_break_up+cross_group_bull,182,0.62087912,1.24541717,70,0.38571429,0.79688826,0.28047691,31,0.51612903,1.17052225,0.34840395
d1,3,50,rsi60+bb_expand+horizontal_break_up+cross_group_bull,182,0.62087912,1.24541717,70,0.38571429,0.79688826,0.28047691,31,0.51612903,1.17052225,0.34840395
d1,3,50,bb_expand+horizontal_break_up+retest_up+cross_group_bull,182,0.62087912,1.24541717,69,0.39130435,0.80843737,0.28481324,31,0.51612903,1.17052225,0.34840395
d1,3,50,trend_bull+volatility+close_near_high+cross_target_relative_up,211,0.62085308,1.24536493,32,0.62500000,1.29125413,0.45254407,26,0.57692308,1.30839626,0.38948614
d1,3,50,bb_expand+horizontal_break_up+elliott_impulse_bull+cross_group_bull,174,0.62068966,1.24503712,65,0.40000000,0.82640264,0.28972030,28,0.57142857,1.29593535,0.39070786
d1,3,50,sma_stack_bull+adx25+bb_expand+mtf_volatility,253,0.62055336,1.24476373,59,0.44067797,0.91044359,0.32150212,70,0.58571429,1.32833373,0.46881212
d1,3,50,bb_expand+horizontal_break_up+mtf_rsi60+cross_group_bull,179,0.62011173,1.24387787,70,0.38571429,0.79688826,0.28047691,31,0.51612903,1.17052225,0.34840395
d1,3,50,sma_stack_bull+volatility+strong_close_bull+mtf_volatility,147,0.61904762,1.24174337,30,0.63333333,1.30847085,0.45513564,26,0.50000000,1.13394343,0.32060594
d1,3,50,sma_stack_bull+elliott_wave5_bull+mtf_adx25+cross_group_bull,126,0.61904762,1.24174337,68,0.44117647,0.91147350,0.32946234,18,0.50000000,1.13394343,0.29031022
d1,3,50,sma_stack_bull+bb_expand+horizontal_break_up,215,0.61860465,1.24085482,81,0.40740741,0.84170639,0.30696278,43,0.44186047,1.00208954,0.30433310
d1,3,50,sma_stack_bull+rsi60+bb_expand+horizontal_break_up,215,0.61860465,1.24085482,81,0.40740741,0.84170639,0.30696278,43,0.44186047,1.00208954,0.30433310
d1,3,50,trend_bull+bb_expand+elliott_wave5_bull+cross_group_bull,178,0.61797753,1.23959688,60,0.41666667,0.86083608,0.30064279,17,0.52941176,1.20064598,0.30963235
d1,3,50,trend_bull+bb_expand+elliott_impulse_bull+cross_group_bull,191,0.61780105,1.23924288,64,0.40625000,0.83931518,0.29456909,26,0.53846154,1.22116985,0.35457939
d1,3,50,trend_bull+volatility+breakout20_up+mtf_adx25,149,0.61744966,1.23853804,18,0.61111111,1.26255959,0.38619042,21,0.38095238,0.86395690,0.20751011
d1,3,50,trend_bull+volatility+breakout_up20+mtf_adx25,149,0.61744966,1.23853804,18,0.61111111,1.26255959,0.38619042,21,0.38095238,0.86395690,0.20751011
d1,3,50,ichimoku_cloud_bull+volatility+breakout20_up+mtf_adx25,149,0.61744966,1.23853804,21,0.57142857,1.18057520,0.36546554,23,0.52173913,1.18324532,0.32962737
d1,3,50,ichimoku_cloud_bull+volatility+breakout_up20+mtf_adx25,149,0.61744966,1.23853804,21,0.57142857,1.18057520,0.36546554,23,0.52173913,1.18324532,0.32962737
d1,3,50,sma_stack_bull+horizontal_break_up+elliott_wave5_bull+cross_group_return_up,154,0.61688312,1.23740161,87,0.42528736,0.87864649,0.32673241,37,0.40540541,0.91941359,0.26346518
d1,3,50,sma_stack_bull+adx_up3+mtf_volatility,339,0.61651917,1.23667158,80,0.41250000,0.85222772,0.31105858,98,0.52040816,1.18022683,0.42260806
d1,3,50,adx25+atr_expand,323,0.61609907,1.23582890,47,0.57446809,1.18685486,0.43281919,69,0.57971014,1.31471702,0.46207405
d1,3,50,ichimoku_cloud_bull+adx_up3+volatility+mtf_rsi60,164,0.61585366,1.23533663,30,0.66666667,1.37733773,0.48780052,31,0.48387097,1.09736461,0.31970252
d1,3,50,sma_stack_bull+horizontal_break_up+cross_group_return_up,177,0.61581921,1.23526753,106,0.43396226,0.89656890,0.34355713,59,0.40677966,0.92253025,0.29089034
d1,3,50,sma_stack_bull+rsi60+horizontal_break_up+cross_group_return_up,177,0.61581921,1.23526753,105,0.42857143,0.88543140,0.33808812,59,0.40677966,0.92253025,0.29089034
d1,3,50,sma_stack_bull+horizontal_break_up+retest_up+cross_group_return_up,177,0.61581921,1.23526753,105,0.43809524,0.90510765,0.34704364,58,0.39655172,0.89933444,0.28088758
d1,3,50,sma_stack_bull+bb_expand+horizontal_break_up+retest_up,213,0.61502347,1.23367137,79,0.40506329,0.83686343,0.30366278,42,0.42857143,0.97195151,0.29117651
d1,3,50,trend_bull+volatility+retest_up+mtf_adx25,148,0.61486486,1.23335321,18,0.61111111,1.26255959,0.38619042,19,0.31578947,0.71617480,0.15364379
d1,3,50,ichimoku_cloud_bull+volatility+retest_up+mtf_adx25,148,0.61486486,1.23335321,21,0.57142857,1.18057520,0.36546554,21,0.47619048,1.07994612,0.28344006
d1,3,50,sma_stack_bull+volatility+mtf_volatility,784,0.61479592,1.23321491,111,0.54954955,1.13537300,0.45688031,148,0.54054054,1.22588479,0.46024159
d1,3,100,sma_stack_bull+adx_up3+volatility+mtf_volatility,200,0.47000000,2.12046834,23,0.30434783,1.40953198,0.15604024,57,0.29824561,1.72249480,0.19532550
d1,3,100,ichimoku_cloud_bull+adx_up3+atr_expand+mtf_adx25,136,0.44852941,2.02360088,13,0.46153846,2.13753201,0.23206068,38,0.23684211,1.36786351,0.12993707
d1,3,100,ichimoku_cloud_bull+adx_up3+atr_expand,152,0.44078947,1.98868111,13,0.46153846,2.13753201,0.23206068,38,0.23684211,1.36786351,0.12993707
d1,3,100,ichimoku_cloud_bull+adx_up3+atr_expand+mtf_volatility,146,0.43835616,1.97770291,12,0.50000000,2.31565968,0.25378160,37,0.24324324,1.40483280,0.13361353
d1,3,100,ichimoku_cloud_bull+adx25+atr_expand+mtf_adx25,162,0.43827160,1.97732141,14,0.28571429,1.32323410,0.11721379,37,0.29729730,1.71701787,0.17489479
d1,3,100,sma_stack_bull+adx25+atr_expand+mtf_adx25,121,0.43801653,1.97617060,11,0.27272727,1.26308710,0.09746059,38,0.28947368,1.67183318,0.17003278
d1,3,100,trend_bull+adx_up3+volatility+mtf_volatility,206,0.43689320,1.97110256,26,0.34615385,1.60314901,0.19412230,47,0.29787234,1.72033898,0.18651251
d1,3,100,sma_stack_bull+adx_up3+volatility+mtf_adx25,242,0.42975207,1.93888436,30,0.40000000,1.85252774,0.24590628,72,0.27777778,1.60428437,0.18760286
d1,3,100,adx_up3+atr_expand+mtf_volatility,218,0.41284404,1.86260151,37,0.48648649,2.25307428,0.33446404,59,0.27118644,1.56621660,0.17436971
d1,3,100,adx_up3+atr_expand+mtf_adx25,211,0.41232227,1.86024751,37,0.48648649,2.25307428,0.33446404,60,0.26666667,1.54011299,0.17132640
d1,3,100,sma_stack_bull+atr_expand+mtf_adx25,188,0.40957447,1.84785041,32,0.46875000,2.17093095,0.30869387,74,0.21621622,1.24874027,0.13770452
d1,3,100,sma_stack_bull+adx25+atr_expand+mtf_volatility,145,0.40689655,1.83576863,17,0.17647059,0.81729165,0.06191127,45,0.26666667,1.54011299,0.15964904
d1,3,100,adx_up3+atr_expand,229,0.40611354,1.83223595,38,0.47368421,2.19378285,0.32479023,60,0.26666667,1.54011299,0.17132640
d1,3,100,sma_stack_bull+adx_up3+volatility,297,0.40067340,1.80769204,38,0.34210526,1.58439873,0.21212415,82,0.26829268,1.54950393,0.18436120
d1,3,100,sma_stack_bull+horizontal_break_up+elliott_impulse_bull+cross_group_bull,153,0.39869281,1.79875634,83,0.14457831,0.66958834,0.08468299,39,0.17948718,1.03661452,0.08977265
d1,3,100,sma_stack_bull+breakout20_up+mtf_adx25+cross_group_bull,134,0.39552239,1.78445255,67,0.13432836,0.62211753,0.07231092,27,0.25925926,1.49733208,0.13170375
d1,3,100,sma_stack_bull+breakout_up20+mtf_adx25+cross_group_bull,134,0.39552239,1.78445255,67,0.13432836,0.62211753,0.07231092,27,0.25925926,1.49733208,0.13170375
d1,3,100,sma_stack_bull+retest_up+mtf_adx25+cross_group_bull,134,0.39552239,1.78445255,67,0.13432836,0.62211753,0.07231092,27,0.25925926,1.49733208,0.13170375
d1,3,100,sma_stack_bull+breakout20_up+mtf_adx25+cross_group_return_up,142,0.39436620,1.77923624,74,0.16216216,0.75102476,0.09527064,35,0.25714286,1.48510896,0.14163027
d1,3,100,sma_stack_bull+breakout_up20+mtf_adx25+cross_group_return_up,142,0.39436620,1.77923624,74,0.16216216,0.75102476,0.09527064,35,0.25714286,1.48510896,0.14163027
d1,3,100,sma_stack_bull+retest_up+mtf_adx25+cross_group_return_up,142,0.39436620,1.77923624,74,0.16216216,0.75102476,0.09527064,34,0.23529412,1.35892323,0.12436986
d1,3,100,sma_stack_bull+horizontal_break_up+mtf_adx25+cross_group_return_up,127,0.39370079,1.77623416,67,0.16417910,0.76036586,0.09422612,32,0.21875000,1.26337394,0.11023836
d1,3,100,sma_stack_bull+adx25+atr_expand,155,0.39354839,1.77554658,17,0.17647059,0.81729165,0.06191127,45,0.26666667,1.54011299,0.15964904
d1,3,100,trend_bull+adx_up3+volatility+mtf_adx25,277,0.39350181,1.77533642,33,0.42424242,1.96480215,0.27235597,58,0.27586207,1.59322034,0.17752352
d1,3,100,ichimoku_cloud_bull+adx25+atr_expand,209,0.39234450,1.77011507,20,0.20000000,0.92626387,0.08065766,44,0.27272727,1.57511556,0.16346382
d1,3,100,sma_stack_bull+adx_up3+bb_expand+mtf_volatility,248,0.39112903,1.76463134,57,0.17543860,0.81251217,0.09818852,83,0.33734940,1.94833572,0.24484305
d1,3,100,ichimoku_cloud_bull+adx25+atr_expand+mtf_volatility,197,0.39086294,1.76343084,20,0.20000000,0.92626387,0.08065766,44,0.27272727,1.57511556,0.16346382
d1,3,100,sma_stack_bull+atr_expand+mtf_volatility,238,0.39075630,1.76294972,48,0.33333333,1.54377312,0.21676781,83,0.20481928,1.18291811,0.13199871
d1,3,100,sma_stack_bull+elliott_impulse_bull+mtf_adx25+cross_group_bull,146,0.39041096,1.76139165,74,0.16216216,0.75102476,0.09527064,25,0.24000000,1.38610169,0.11496314
d1,3,100,sma_stack_bull+horizontal_break_up+elliott_impulse_bull+cross_group_return_up,164,0.39024390,1.76063795,95,0.14736842,0.68251022,0.08986081,49,0.16326531,0.94292632,0.08512698
d1,3,100,sma_stack_bull+horizontal_break_up+elliott_wave5_bull+cross_group_bull,144,0.38888889,1.75452463,78,0.15384615,0.71251067,0.09025505,30,0.20000000,1.15508475,0.09505107
d1,3,100,sma_stack_bull+adx_up3+volatility+mtf_rsi60,139,0.38848921,1.75272142,26,0.23076923,1.06876601,0.11033849,26,0.19230769,1.11065841,0.08507061
d1,3,100,adx_up3+volatility+mtf_volatility,546,0.38827839,1.75177027,81,0.41975309,1.94401060,0.31830963,120,0.29166667,1.68449859,0.21781564
d1,3,100,sma_stack_bull+breakout20_up+elliott_impulse_bull+cross_group_bull,178,0.38764045,1.74889212,90,0.15555556,0.72042746,0.09498276,45,0.20000000,1.15508475,0.10896127
d1,3,100,sma_stack_bull+breakout_up20+elliott_impulse_bull+cross_group_bull,178,0.38764045,1.74889212,90,0.15555556,0.72042746,0.09498276,45,0.20000000,1.15508475,0.10896127
d1,3,100,sma_stack_bull+retest_up+elliott_impulse_bull+cross_group_bull,178,0.38764045,1.74889212,90,0.15555556,0.72042746,0.09498276,45,0.20000000,1.15508475,0.10896127
d1,3,100,sma_stack_bull+adx_up3+mtf_volatility,339,0.38643068,1.74343408,80,0.16250000,0.75258940,0.09749819,98,0.29591837,1.70905396,0.21463181
d1,3,100,trend_bull+adx25+atr_expand+mtf_adx25,140,0.38571429,1.74020198,19,0.26315789,1.21876825,0.11806412,39,0.28205128,1.62896567,0.16543492
d1,3,100,sma_stack_bull+horizontal_break_up+mtf_rsi60+cross_group_bull,161,0.38509317,1.73739972,89,0.14606742,0.67648485,0.08739460,44,0.15909091,0.91881741,0.07926677
d1,3,100,sma_stack_bull+horizontal_break_up+elliott_wave5_bull+cross_group_return_up,154,0.38311688,1.72848345,87,0.16091954,0.74526978,0.09834644,37,0.16216216,0.93655520,0.07651207
d1,3,100,sma_stack_bull+horizontal_break_up+mtf_rsi60+cross_group_return_up,175,0.38285714,1.72731159,105,0.18095238,0.83804826,0.11901666,58,0.15517241,0.89618644,0.08384492
d1,3,100,sma_stack_bull+close_near_high+elliott_impulse_bull+cross_group_bull,162,0.38271605,1.72667503,58,0.20689655,0.95820401,0.12251484,38,0.21052632,1.21587868,0.11074792
d1,3,100,ichimoku_cloud_bull+adx_up3+volatility+mtf_volatility,340,0.38235294,1.72503682,37,0.43243243,2.00273270,0.28671719,71,0.30985915,1.78956792,0.21439726
d1,3,100,sma_stack_bull+bb_expand+breakout20_up+cross_group_bull,123,0.38211382,1.72395800,63,0.15873016,0.73513006,0.08857092,26,0.15384615,0.88852673,0.06150034
d1,3,100,sma_stack_bull+bb_expand+breakout_up20+cross_group_bull,123,0.38211382,1.72395800,63,0.15873016,0.73513006,0.08857092,26,0.15384615,0.88852673,0.06150034
d1,3,100,sma_stack_bull+bb_expand+retest_up+cross_group_bull,123,0.38211382,1.72395800,62,0.16129032,0.74698699,0.09004069,26,0.15384615,0.88852673,0.06150034
d1,3,100,sma_stack_bull+breakout20_up+elliott_wave5_bull+cross_group_bull,168,0.38095238,1.71871800,85,0.16470588,0.76280554,0.10072462,35,0.20000000,1.15508475,0.10042446
d1,3,100,sma_stack_bull+breakout_up20+elliott_wave5_bull+cross_group_bull,168,0.38095238,1.71871800,85,0.16470588,0.76280554,0.10072462,35,0.20000000,1.15508475,0.10042446
d1,3,100,sma_stack_bull+retest_up+elliott_wave5_bull+cross_group_bull,168,0.38095238,1.71871800,85,0.16470588,0.76280554,0.10072462,35,0.20000000,1.15508475,0.10042446
d1,3,100,sma_stack_bull+elliott_wave5_bull+mtf_adx25+cross_group_bull,126,0.38095238,1.71871800,68,0.14705882,0.68107638,0.08188818,18,0.22222222,1.28342750,0.09000928
d1,3,100,adx25+atr_expand+mtf_adx25,260,0.38076923,1.71789170,39,0.30769231,1.42502134,0.18565932,60,0.30000000,1.73262712,0.19898166
d1,3,100,sma_stack_bull+horizontal_break_up+cross_group_bull,163,0.38036810,1.71608193,90,0.14444444,0.66896835,0.08639989,44,0.15909091,0.91881741,0.07926677
d1,3,100,sma_stack_bull+rsi60+horizontal_break_up+cross_group_bull,163,0.38036810,1.71608193,89,0.13483146,0.62444755,0.07884271,44,0.15909091,0.91881741,0.07926677
d1,3,100,sma_stack_bull+horizontal_break_up+retest_up+cross_group_bull,163,0.38036810,1.71608193,89,0.14606742,0.67648485,0.08739460,44,0.15909091,0.91881741,0.07926677
d1,3,100,sma_stack_bull+horizontal_break_up+cross_group_return_up,177,0.37853107,1.70779395,106,0.17924528,0.83014215,0.11786198,59,0.15254237,0.88099684,0.08238464
d1,3,100,sma_stack_bull+rsi60+horizontal_break_up+cross_group_return_up,177,0.37853107,1.70779395,105,0.17142857,0.79394046,0.11127785,59,0.15254237,0.88099684,0.08238464
d1,3,100,sma_stack_bull+horizontal_break_up+retest_up+cross_group_return_up,177,0.37853107,1.70779395,105,0.18095238,0.83804826,0.11901666,58,0.13793103,0.79661017,0.07158487
d1,3,100,sma_stack_bull+atr_expand,251,0.37848606,1.70759084,49,0.34693878,1.60678427,0.22924393,84,0.20238095,1.16883575,0.13037457
d1,3,100,trend_bull+volatility+strong_close_bull+elliott_impulse_bull,127,0.37795276,1.70518479,9,0.00000000,0.00000000,0.00000000,17,0.17647059,1.01919242,0.06191127
d1,3,100,trend_bull+volatility+elliott_wave5_bull+mtf_adx25,135,0.37777778,1.70439535,15,0.00000000,0.00000000,0.00000000,18,0.11111111,0.64171375,0.03101952
d1,3,100,sma_stack_bull+breakout20_up+elliott_impulse_bull+cross_group_return_up,188,0.37765957,1.70386206,102,0.15686275,0.72648147,0.09892289,55,0.18181818,1.05007704,0.10187670
d1,3,100,sma_stack_bull+breakout_up20+elliott_impulse_bull+cross_group_return_up,188,0.37765957,1.70386206,102,0.15686275,0.72648147,0.09892289,55,0.18181818,1.05007704,0.10187670
d1,3,100,sma_stack_bull+retest_up+elliott_impulse_bull+cross_group_return_up,188,0.37765957,1.70386206,102,0.15686275,0.72648147,0.09892289,55,0.18181818,1.05007704,0.10187670
d1,3,100,sma_stack_bull+volatility+strong_close_bull+mtf_adx25,159,0.37735849,1.70250368,26,0.30769231,1.42502134,0.16501316,33,0.27272727,1.57511556,0.15067441
d1,3,100,sma_stack_bull+adx_up3+volatility+cross_target_relative_up,125,0.37600000,1.69637467,23,0.26086957,1.20817027,0.12548616,29,0.31034483,1.79237288,0.17275617
d1,3,100,sma_stack_bull+horizontal_break_up+close_near_high+cross_group_return_up,128,0.37500000,1.69186303,62,0.24193548,1.12048049,0.15245896,39,0.15384615,0.88852673,0.07247472
d1,3,100,sma_stack_bull+bb_expand+elliott_impulse_bull+cross_group_return_up,123,0.37398374,1.68727804,65,0.15384615,0.71251067,0.08577094,30,0.20000000,1.15508475,0.09505107
d1,3,100,sma_stack_bull+adx25+volatility+mtf_volatility,428,0.37383178,1.68659243,61,0.16393443,0.75923268,0.09156012,89,0.33707865,1.94677204,0.24742835
d1,3,100,trend_bull+volatility+close_near_high+elliott_impulse_bull,150,0.37333333,1.68434364,11,0.00000000,0.00000000,0.00000000,23,0.17391304,1.00442152,0.06978654
d1,3,100,sma_stack_bull+breakout20_up+elliott_wave5_bull+cross_group_return_up,177,0.37288136,1.68230449,94,0.17021277,0.78830968,0.10757621,42,0.16666667,0.96257062,0.08315917
d1,3,100,sma_stack_bull+breakout_up20+elliott_wave5_bull+cross_group_return_up,177,0.37288136,1.68230449,94,0.17021277,0.78830968,0.10757621,42,0.16666667,0.96257062,0.08315917
d1,3,100,sma_stack_bull+retest_up+elliott_wave5_bull+cross_group_return_up,177,0.37288136,1.68230449,94,0.17021277,0.78830968,0.10757621,42,0.16666667,0.96257062,0.08315917
d1,3,100,sma_stack_bull+rsi60+volatility+mtf_volatility,274,0.37226277,1.67951367,48,0.20833333,0.96485820,0.11730273,46,0.32608696,1.88329035,0.20865943
d1,3,100,trend_bull+adx_up3+volatility+mtf_rsi60,178,0.37078652,1.67285334,26,0.23076923,1.06876601,0.11033849,30,0.23333333,1.34759887,0.11792388
d1,3,100,ichimoku_cloud_bull+adx_up3+volatility+mtf_adx25,443,0.37020316,1.67022145,61,0.39344262,1.82215844,0.28068351,93,0.36559140,2.11144523,0.27485702
d1,3,100,sma_stack_bull+breakout20_up+close_near_high+cross_group_return_up,146,0.36986301,1.66868683,67,0.25373134,1.17511088,0.16487914,46,0.19565217,1.12997421,0.10650610
d1,3,100,sma_stack_bull+breakout_up20+close_near_high+cross_group_return_up,146,0.36986301,1.66868683,67,0.25373134,1.17511088,0.16487914,46,0.19565217,1.12997421,0.10650610
d1,3,100,sma_stack_bull+breakout20_up+close_near_high+cross_group_bull,138,0.36956522,1.66734328,55,0.20000000,0.92626387,0.11552215,37,0.24324324,1.40483280,0.13361353
d1,3,100,sma_stack_bull+breakout_up20+close_near_high+cross_group_bull,138,0.36956522,1.66734328,55,0.20000000,0.92626387,0.11552215,37,0.24324324,1.40483280,0.13361353
d1,3,100,ichimoku_cloud_bull+atr_expand+mtf_adx25,295,0.36949153,1.66701081,49,0.38775510,1.79581771,0.26429012,81,0.24691358,1.42603055,0.16590312
d1,3,100,sma_stack_bull+elliott_impulse_bull+mtf_adx25+cross_group_return_up,157,0.36942675,1.66671857,80,0.16250000,0.75258940,0.09749819,35,0.22857143,1.32009685,0.12065880
d1,3,100,trend_bull+volatility+breakout20_up+mtf_adx25,149,0.36912752,1.66536853,18,0.05555556,0.25729552,0.00987519,21,0.19047619,1.10008071,0.07667565
d1,3,100,trend_bull+volatility+breakout_up20+mtf_adx25,149,0.36912752,1.66536853,18,0.05555556,0.25729552,0.00987519,21,0.19047619,1.10008071,0.07667565
d1,3,100,trend_bull+atr_expand+mtf_adx25,233,0.36909871,1.66523858,42,0.38095238,1.76431214,0.24999726,74,0.22972973,1.32678653,0.14867187
d1,3,100,sma_stack_bull+breakout20_up+strong_close_bull+cross_group_return_up,125,0.36800000,1.66028159,55,0.29090909,1.34729290,0.18771194,34,0.17647059,1.01919242,0.08348969
d1,3,100,sma_stack_bull+breakout_up20+strong_close_bull+cross_group_return_up,125,0.36800000,1.66028159,55,0.29090909,1.34729290,0.18771194,34,0.17647059,1.01919242,0.08348969
d1,3,100,sma_stack_bull+elliott_wave5_bull+mtf_adx25+cross_group_return_up,136,0.36764706,1.65868925,71,0.15492958,0.71752835,0.08877304,26,0.19230769,1.11065841,0.08507061
d1,3,100,sma_stack_bull+adx25+bb_expand+mtf_volatility,253,0.36758893,1.65842701,59,0.15254237,0.70647244,0.08238464,70,0.35714286,2.06265133,0.25503339
d1,3,100,trend_bull+bb_expand+horizontal_break_up+cross_group_bull,150,0.36666667,1.65426608,60,0.15000000,0.69469790,0.08097441,28,0.14285714,0.82506053,0.05699005
d1,3,100,sma_stack_bull+breakout20_up+mtf_rsi60+cross_group_bull,191,0.36649215,1.65347871,97,0.15463918,0.71618341,0.09601122,51,0.19607843,1.13243603,0.11015343
d1,3,100,sma_stack_bull+breakout_up20+mtf_rsi60+cross_group_bull,191,0.36649215,1.65347871,97,0.15463918,0.71618341,0.09601122,51,0.19607843,1.13243603,0.11015343
d1,3,100,sma_stack_bull+retest_up+mtf_rsi60+cross_group_bull,191,0.36649215,1.65347871,96,0.15625000,0.72364365,0.09703710,51,0.19607843,1.13243603,0.11015343
d1,3,100,trend_bull+adx25+atr_expand+mtf_volatility,164,0.36585366,1.65059808,25,0.20000000,0.92626387,0.08860585,46,0.26086957,1.50663228,0.15600886
d1,3,100,sma_stack_bull+bb_expand+breakout20_up+cross_group_return_up,134,0.36567164,1.64977689,71,0.18309859,0.84798805,0.11024726,34,0.17647059,1.01919242,0.08348969
d1,3,100,sma_stack_bull+bb_expand+breakout_up20+cross_group_return_up,134,0.36567164,1.64977689,71,0.18309859,0.84798805,0.11024726,34,0.17647059,1.01919242,0.08348969
d1,3,100,sma_stack_bull+bb_expand+retest_up+cross_group_return_up,134,0.36567164,1.64977689,70,0.18571429,0.86010217,0.11187300,33,0.15151515,0.87506420,0.06650457
d1,3,100,sma_stack_bull+volatility+elliott_wave5_bull+mtf_rsi60,134,0.36567164,1.64977689,22,0.00000000,0.00000000,0.00000000,22,0.18181818,1.05007704,0.07306885
d1,3,100,trend_bull+volatility+elliott_impulse_bull+mtf_adx25,167,0.36526946,1.64796240,20,0.05000000,0.23156597,0.00888145,19,0.10526316,0.60793934,0.02935856
d1,3,100,trend_bull+volatility+retest_up+mtf_adx25,148,0.36486486,1.64613701,18,0.05555556,0.25729552,0.00987519,19,0.10526316,0.60793934,0.02935856
d1,3,100,sma_stack_bull+adx_up3+bb_expand+close_near_high,170,0.36470588,1.64541973,28,0.17857143,0.82702131,0.07878502,39,0.25641026,1.48087788,0.14568781
d1,3,100,ichimoku_cloud_bull+volatility+close_near_high+elliott_wave5_bull,129,0.36434109,1.64377390,11,0.18181818,0.84205807,0.05136769,21,0.23809524,1.37510089,0.10628013
d1,3,100,sma_stack_bull+elliott_impulse_bull+cross_group_bull,228,0.36403509,1.64239335,110,0.16363636,0.75785226,0.10608808,54,0.18518519,1.06952291,0.10382686
d1,3,100,sma_stack_bull+volatility+mtf_adx25+cross_group_bull,228,0.36403509,1.64239335,53,0.35849057,1.66028430,0.24301953,40,0.27500000,1.58824153,0.16108016
d1,3,100,trend_bull+adx_up3+volatility,341,0.36363636,1.64059446,41,0.36585366,1.69438513,0.23589831,70,0.25714286,1.48510896,0.16929276
d1,3,100,sma_stack_bull+elliott_impulse_bull+mtf_rsi60+cross_group_bull,223,0.36322870,1.63875523,109,0.16513761,0.76480503,0.10708690,54,0.18518519,1.06952291,0.10382686
d1,3,100,sma_stack_bull+volatility+elliott_wave5_bull,135,0.36296296,1.63755632,22,0.00000000,0.00000000,0.00000000,22,0.18181818,1.05007704,0.07306885
d1,3,100,sma_stack_bull+breakout20_up+mtf_rsi60+cross_group_return_up,204,0.36274510,1.63657339,114,0.19298246,0.89376339,0.13103892,66,0.18181818,1.05007704,0.10718606
d1,3,100,sma_stack_bull+breakout_up20+mtf_rsi60+cross_group_return_up,204,0.36274510,1.63657339,114,0.19298246,0.89376339,0.13103892,66,0.18181818,1.05007704,0.10718606
d1,3,100,sma_stack_bull+retest_up+mtf_rsi60+cross_group_return_up,204,0.36274510,1.63657339,113,0.19469027,0.90167280,0.13223331,65,0.16923077,0.97737940,0.09721218
d1,3,100,sma_stack_bull+strong_close_bull+elliott_impulse_bull+cross_group_bull,138,0.36231884,1.63465027,49,0.24489796,1.13420066,0.14602345,25,0.20000000,1.15508475,0.08860585
d1,3,100,trend_bull+volatility+elliott_wave5_bull+mtf_rsi60,185,0.36216216,1.63394340,25,0.00000000,0.00000000,0.00000000,28,0.17857143,1.03132567,0.07878502
d1,3,100,sma_stack_bull+close_near_high+elliott_wave5_bull+cross_group_bull,141,0.36170213,1.63186789,53,0.20754717,0.96121723,0.12004598,24,0.25000000,1.44385593,0.11999366
d1,3,100,sma_stack_bull+breakout20_up+cross_group_bull,194,0.36082474,1.62790945,98,0.15306122,0.70887541,0.09500683,51,0.19607843,1.13243603,0.11015343
d1,3,100,sma_stack_bull+breakout_up20+cross_group_bull,194,0.36082474,1.62790945,98,0.15306122,0.70887541,0.09500683,51,0.19607843,1.13243603,0.11015343
d1,3,100,sma_stack_bull+retest_up+cross_group_bull,194,0.36082474,1.62790945,97,0.15463918,0.71618341,0.09601122,51,0.19607843,1.13243603,0.11015343
d1,3,100,sma_stack_bull+breakout20_up+retest_up+cross_group_bull,194,0.36082474,1.62790945,97,0.15463918,0.71618341,0.09601122,51,0.19607843,1.13243603,0.11015343
d1,3,100,sma_stack_bull+breakout_up20+retest_up+cross_group_bull,194,0.36082474,1.62790945,97,0.15463918,0.71618341,0.09601122,51,0.19607843,1.13243603,0.11015343
d1,3,100,volatility+breakout20_up+mtf_adx25+cross_group_bull,122,0.36065574,1.62714696,18,0.11111111,0.51459104,0.03101952,16,0.18750000,1.08289195,0.06591599
d1,3,100,volatility+breakout_up20+mtf_adx25+cross_group_bull,122,0.36065574,1.62714696,18,0.11111111,0.51459104,0.03101952,16,0.18750000,1.08289195,0.06591599
d1,3,100,volatility+retest_up+mtf_adx25+cross_group_bull,122,0.36065574,1.62714696,18,0.11111111,0.51459104,0.03101952,16,0.18750000,1.08289195,0.06591599
d1,3,150,sma_stack_bull+adx25+atr_expand+mtf_adx25,121,0.29752066,2.86791943,11,0.27272727,2.52306314,0.09746059,38,0.02631579,0.36230728,0.00466059
d1,3,150,ichimoku_cloud_bull+adx25+atr_expand+mtf_adx25,162,0.29012346,2.79661484,14,0.21428571,1.98240676,0.07571387,37,0.05405405,0.74419874,0.01495098
d1,3,150,ichimoku_cloud_bull+adx_up3+atr_expand+mtf_adx25,136,0.27941176,2.69336060,13,0.38461538,3.55816597,0.17709708,38,0.05263158,0.72461457,0.01455421
d1,3,150,sma_stack_bull+horizontal_break_up+elliott_impulse_bull+cross_group_bull,153,0.27450980,2.64610866,83,0.06024096,0.55730310,0.02600340,39,0.05128205,0.70603471,0.01417796
d1,3,150,ichimoku_cloud_bull+adx_up3+atr_expand,152,0.26973684,2.60010020,13,0.38461538,3.55816597,0.17709708,38,0.05263158,0.72461457,0.01455421
d1,3,150,sma_stack_bull+bb_expand+breakout20_up+cross_group_bull,123,0.26829268,2.58617937,63,0.06349206,0.58737978,0.02496562,26,0.03846154,0.52952603,0.00682198
d1,3,150,sma_stack_bull+bb_expand+breakout_up20+cross_group_bull,123,0.26829268,2.58617937,63,0.06349206,0.58737978,0.02496562,26,0.03846154,0.52952603,0.00682198
d1,3,150,sma_stack_bull+bb_expand+retest_up+cross_group_bull,123,0.26829268,2.58617937,62,0.06451613,0.59685365,0.02537291,26,0.03846154,0.52952603,0.00682198
d1,3,150,sma_stack_bull+bb_expand+elliott_impulse_bull+cross_group_return_up,123,0.26829268,2.58617937,65,0.06153846,0.56930656,0.02418905,30,0.10000000,1.37676768,0.03459989
d1,3,150,ichimoku_cloud_bull+adx_up3+atr_expand+mtf_volatility,146,0.26712329,2.57490711,12,0.41666667,3.85467980,0.19326031,37,0.05405405,0.74419874,0.01495098
d1,3,150,sma_stack_bull+atr_expand+mtf_adx25,188,0.26595745,2.56366911,32,0.34375000,3.18011084,0.20410438,74,0.05405405,0.74419874,0.02121901
d1,3,150,sma_stack_bull+horizontal_break_up+elliott_wave5_bull+cross_group_bull,144,0.26388889,2.54372946,78,0.06410256,0.59302766,0.02768932,30,0.03333333,0.45892256,0.00590859
d1,3,150,sma_stack_bull+horizontal_break_up+elliott_impulse_bull+cross_group_return_up,164,0.26219512,2.52740257,95,0.06315789,0.58428831,0.02926489,49,0.06122449,0.84291899,0.02104015
d1,3,150,sma_stack_bull+adx25+atr_expand+mtf_volatility,145,0.26206897,2.52618650,17,0.17647059,1.63257027,0.06191127,45,0.04444444,0.61189675,0.01227413
d1,3,150,sma_stack_bull+horizontal_break_up+mtf_rsi60+cross_group_bull,161,0.26086957,2.51462500,89,0.05617978,0.51973211,0.02423288,44,0.04545455,0.62580349,0.01255511
d1,3,150,sma_stack_bull+elliott_impulse_bull+mtf_adx25+cross_group_bull,146,0.26027397,2.50888385,74,0.06756757,0.62508321,0.02920409,25,0.12000000,1.65212121,0.04166817
d1,3,150,sma_stack_bull+close_near_high+elliott_impulse_bull+cross_group_bull,162,0.25925926,2.49910263,58,0.05172414,0.47851198,0.01774613,38,0.05263158,0.72461457,0.01455421
d1,3,150,sma_stack_bull+adx25+atr_expand,155,0.25806452,2.48758602,17,0.17647059,1.63257027,0.06191127,45,0.04444444,0.61189675,0.01227413
d1,3,150,sma_stack_bull+horizontal_break_up+cross_group_bull,163,0.25766871,2.48377071,90,0.05555556,0.51395731,0.02396097,44,0.04545455,0.62580349,0.01255511
d1,3,150,sma_stack_bull+rsi60+horizontal_break_up+cross_group_bull,163,0.25766871,2.48377071,89,0.05617978,0.51973211,0.02423288,44,0.04545455,0.62580349,0.01255511
d1,3,150,sma_stack_bull+horizontal_break_up+retest_up+cross_group_bull,163,0.25766871,2.48377071,89,0.05617978,0.51973211,0.02423288,44,0.04545455,0.62580349,0.01255511
d1,3,150,adx_up3+atr_expand+mtf_adx25,211,0.25592417,2.46695439,37,0.29729730,2.75036613,0.17489479,60,0.06666667,0.91784512,0.02622870
d1,3,150,adx25+atr_expand+mtf_adx25,260,0.25384615,2.44692356,39,0.17948718,1.66047745,0.08977265,60,0.06666667,0.91784512,0.02622870
d1,3,150,ichimoku_cloud_bull+adx25+atr_expand+mtf_volatility,197,0.25380711,2.44654717,20,0.15000000,1.38768473,0.05236875,44,0.06818182,0.93870523,0.02345940
d1,3,150,sma_stack_bull+bb_expand+breakout20_up+cross_group_return_up,134,0.25373134,2.44581686,71,0.08450704,0.78179421,0.03930651,34,0.05882353,0.80986334,0.01628266
d1,3,150,sma_stack_bull+bb_expand+breakout_up20+cross_group_return_up,134,0.25373134,2.44581686,71,0.08450704,0.78179421,0.03930651,34,0.05882353,0.80986334,0.01628266
d1,3,150,sma_stack_bull+bb_expand+retest_up+cross_group_return_up,134,0.25373134,2.44581686,70,0.08571429,0.79296270,0.03987667,33,0.06060606,0.83440465,0.01678088
d1,3,150,sma_stack_bull+breakout20_up+mtf_adx25+cross_group_bull,134,0.25373134,2.44581686,67,0.05970149,0.55231233,0.02345935,27,0.11111111,1.52974186,0.03852035
d1,3,150,sma_stack_bull+breakout_up20+mtf_adx25+cross_group_bull,134,0.25373134,2.44581686,67,0.05970149,0.55231233,0.02345935,27,0.11111111,1.52974186,0.03852035
d1,3,150,sma_stack_bull+retest_up+mtf_adx25+cross_group_bull,134,0.25373134,2.44581686,67,0.05970149,0.55231233,0.02345935,27,0.11111111,1.52974186,0.03852035
d1,3,150,trend_bull+bb_expand+horizontal_break_up+cross_group_bull,150,0.25333333,2.44198028,60,0.05000000,0.46256158,0.01714950,28,0.03571429,0.49170274,0.00633252
d1,3,150,sma_stack_bull+horizontal_break_up+elliott_wave5_bull+cross_group_return_up,154,0.25324675,2.44114570,87,0.06896552,0.63801597,0.03198884,37,0.02702703,0.37209937,0.00478697
d1,3,150,sma_stack_bull+breakout20_up+elliott_impulse_bull+cross_group_bull,178,0.25280899,2.43692592,90,0.06666667,0.61674877,0.03090993,45,0.06666667,0.91784512,0.02293203
d1,3,150,sma_stack_bull+breakout_up20+elliott_impulse_bull+cross_group_bull,178,0.25280899,2.43692592,90,0.06666667,0.61674877,0.03090993,45,0.06666667,0.91784512,0.02293203
d1,3,150,sma_stack_bull+retest_up+elliott_impulse_bull+cross_group_bull,178,0.25280899,2.43692592,90,0.06666667,0.61674877,0.03090993,45,0.06666667,0.91784512,0.02293203
d1,3,150,adx_up3+atr_expand+mtf_volatility,218,0.25229358,2.43195767,37,0.29729730,2.75036613,0.17489479,59,0.06779661,0.93340181,0.02667862
d1,3,150,sma_stack_bull+horizontal_break_up+mtf_adx25+cross_group_return_up,127,0.25196850,2.42882415,67,0.07462687,0.69039041,0.03229605,32,0.09375000,1.29071970,0.03240155
d1,3,150,sma_stack_bull+horizontal_break_up+mtf_rsi60+cross_group_return_up,175,0.25142857,2.42361953,105,0.07619048,0.70485574,0.03911065,58,0.05172414,0.71212121,0.01774613
d1,3,150,trend_bull+adx25+atr_expand+mtf_adx25,140,0.25000000,2.40984896,19,0.21052632,1.94762769,0.08507677,39,0.05128205,0.70603471,0.01417796
d1,3,150,adx_up3+atr_expand,229,0.24890830,2.39932560,38,0.28947368,2.67798807,0.17003278,60,0.06666667,0.91784512,0.02622870
d1,3,150,ichimoku_cloud_bull+adx25+atr_expand,209,0.24880383,2.39831858,20,0.15000000,1.38768473,0.05236875,44,0.06818182,0.93870523,0.02345940
d1,3,150,sma_stack_bull+horizontal_break_up+cross_group_return_up,177,0.24858757,2.39623400,106,0.07547170,0.69820615,0.03873684,59,0.05084746,0.70005136,0.01744272
d1,3,150,sma_stack_bull+rsi60+horizontal_break_up+cross_group_return_up,177,0.24858757,2.39623400,105,0.07619048,0.70485574,0.03911065,59,0.05084746,0.70005136,0.01744272
d1,3,150,sma_stack_bull+horizontal_break_up+retest_up+cross_group_return_up,177,0.24858757,2.39623400,105,0.07619048,0.70485574,0.03911065,58,0.05172414,0.71212121,0.01774613
d1,3,150,sma_stack_bull+breakout20_up+mtf_adx25+cross_group_return_up,142,0.24647887,2.37590743,74,0.08108108,0.75009985,0.03768985,35,0.11428571,1.57344877,0.04535179
d1,3,150,sma_stack_bull+breakout_up20+mtf_adx25+cross_group_return_up,142,0.24647887,2.37590743,74,0.08108108,0.75009985,0.03768985,35,0.11428571,1.57344877,0.04535179
d1,3,150,sma_stack_bull+retest_up+mtf_adx25+cross_group_return_up,142,0.24647887,2.37590743,74,0.08108108,0.75009985,0.03768985,34,0.11764706,1.61972668,0.04671447
d1,3,150,sma_stack_bull+strong_close_bull+elliott_impulse_bull+cross_group_bull,138,0.24637681,2.37492361,49,0.06122449,0.56640193,0.02104015,25,0.04000000,0.55070707,0.00709623
d1,3,150,sma_stack_bull+elliott_wave5_bull+mtf_adx25+cross_group_bull,126,0.24603175,2.37159739,68,0.05882353,0.54419009,0.02311077,18,0.05555556,0.76487093,0.00987519
d1,3,150,sma_stack_bull+adx_up3+volatility+mtf_volatility,200,0.24500000,2.36165198,23,0.21739130,2.01113729,0.09663978,57,0.08771930,1.20769094,0.03805167
d1,3,150,sma_stack_bull+breakout20_up+elliott_impulse_bull+cross_group_return_up,188,0.24468085,2.35857558,102,0.06862745,0.63488844,0.03363822,55,0.07272727,1.00128558,0.02864406
d1,3,150,sma_stack_bull+breakout_up20+elliott_impulse_bull+cross_group_return_up,188,0.24468085,2.35857558,102,0.06862745,0.63488844,0.03363822,55,0.07272727,1.00128558,0.02864406
d1,3,150,sma_stack_bull+retest_up+elliott_impulse_bull+cross_group_return_up,188,0.24468085,2.35857558,102,0.06862745,0.63488844,0.03363822,55,0.07272727,1.00128558,0.02864406
d1,3,150,trend_bull+bb_expand+horizontal_break_up+cross_group_return_up,172,0.24418605,2.35380596,68,0.07352941,0.68023761,0.03181484,37,0.08108108,1.11629812,0.02796057
d1,3,150,sma_stack_bull+breakout20_up+elliott_wave5_bull+cross_group_bull,168,0.24404762,2.35247161,85,0.07058824,0.65302811,0.03275096,35,0.02857143,0.39336219,0.00506149
d1,3,150,sma_stack_bull+breakout_up20+elliott_wave5_bull+cross_group_bull,168,0.24404762,2.35247161,85,0.07058824,0.65302811,0.03275096,35,0.02857143,0.39336219,0.00506149
d1,3,150,sma_stack_bull+retest_up+elliott_wave5_bull+cross_group_bull,168,0.24404762,2.35247161,85,0.07058824,0.65302811,0.03275096,35,0.02857143,0.39336219,0.00506149
d1,3,150,sma_stack_bull+horizontal_break_up+close_near_high+cross_group_return_up,128,0.24218750,2.33454118,62,0.09677419,0.89528047,0.04511187,39,0.02564103,0.35301735,0.00454070
d1,3,150,sma_stack_bull+elliott_impulse_bull+mtf_rsi60+cross_group_bull,223,0.24215247,2.33420348,109,0.07339450,0.67898947,0.03765708,54,0.07407407,1.01982791,0.02918153
d1,3,150,sma_stack_bull+elliott_impulse_bull+mtf_adx25+cross_group_return_up,157,0.24203822,2.33310218,80,0.06250000,0.57820197,0.02698938,35,0.14285714,1.96681097,0.06260231
d1,3,150,sma_stack_bull+rsi60+elliott_impulse_bull+cross_group_bull,211,0.24170616,2.32990137,101,0.07920792,0.73277081,0.04068097,53,0.07547170,1.03906994,0.02973956
d1,3,150,sma_stack_bull+elliott_impulse_bull+cross_group_bull,228,0.24122807,2.32529286,110,0.07272727,0.67281684,0.03731042,54,0.07407407,1.01982791,0.02918153
d1,3,150,trend_bull+bb_expand+elliott_impulse_bull+cross_group_bull,191,0.24083770,2.32152989,64,0.06250000,0.57820197,0.02457120,26,0.03846154,0.52952603,0.00682198
d1,3,150,sma_stack_bull+atr_expand+mtf_volatility,238,0.23949580,2.30859480,48,0.22916667,2.12007389,0.13307826,83,0.06024096,0.82937812,0.02600340
d1,3,150,sma_stack_bull+breakout20_up+close_near_high+cross_group_bull,138,0.23913043,2.30507292,55,0.05454545,0.50461263,0.01872322,37,0.05405405,0.74419874,0.01495098
d1,3,150,sma_stack_bull+breakout_up20+close_near_high+cross_group_bull,138,0.23913043,2.30507292,55,0.05454545,0.50461263,0.01872322,37,0.05405405,0.74419874,0.01495098
d1,3,150,ichimoku_cloud_bull+breakout20_up+close_near_high+cross_group_return_up,193,0.23834197,2.29747259,74,0.08108108,0.75009985,0.03768985,43,0.02325581,0.32017853,0.00411709
d1,3,150,ichimoku_cloud_bull+breakout_up20+close_near_high+cross_group_return_up,193,0.23834197,2.29747259,74,0.08108108,0.75009985,0.03768985,43,0.02325581,0.32017853,0.00411709
d1,3,150,trend_bull+adx25+atr_expand+mtf_volatility,164,0.23780488,2.29229535,25,0.16000000,1.48019704,0.06403451,46,0.06521739,0.89789196,0.02242786
d1,3,150,volatility+breakout20_up+mtf_adx25+cross_group_bull,122,0.23770492,2.29133180,18,0.00000000,0.00000000,0.00000000,16,0.06250000,0.86047980,0.01111934
d1,3,150,volatility+breakout_up20+mtf_adx25+cross_group_bull,122,0.23770492,2.29133180,18,0.00000000,0.00000000,0.00000000,16,0.06250000,0.86047980,0.01111934
d1,3,150,volatility+retest_up+mtf_adx25+cross_group_bull,122,0.23770492,2.29133180,18,0.00000000,0.00000000,0.00000000,16,0.06250000,0.86047980,0.01111934
d1,3,150,sma_stack_bull+breakout20_up+elliott_wave5_bull+cross_group_return_up,177,0.23728814,2.28731427,94,0.07446809,0.68892150,0.03653858,42,0.02380952,0.32780183,0.00421540
d1,3,150,sma_stack_bull+breakout_up20+elliott_wave5_bull+cross_group_return_up,177,0.23728814,2.28731427,94,0.07446809,0.68892150,0.03653858,42,0.02380952,0.32780183,0.00421540
d1,3,150,sma_stack_bull+retest_up+elliott_wave5_bull+cross_group_return_up,177,0.23728814,2.28731427,94,0.07446809,0.68892150,0.03653858,42,0.02380952,0.32780183,0.00421540
d1,3,150,sma_stack_bull+close_near_high+elliott_impulse_bull+cross_group_return_up,173,0.23699422,2.28448110,66,0.06060606,0.56068070,0.02381861,49,0.04081633,0.56194599,0.01126563
d1,3,150,ichimoku_cloud_bull+bb_expand+horizontal_break_up+cross_group_bull,123,0.23577236,2.27270309,57,0.03508772,0.32460461,0.00967566,25,0.00000000,0.00000000,0.00000000
d1,3,150,sma_stack_bull+breakout20_up+mtf_rsi60+cross_group_bull,191,0.23560209,2.27106185,97,0.06185567,0.57224113,0.02865489,51,0.05882353,0.80986334,0.02020664
d1,3,150,sma_stack_bull+breakout_up20+mtf_rsi60+cross_group_bull,191,0.23560209,2.27106185,97,0.06185567,0.57224113,0.02865489,51,0.05882353,0.80986334,0.02020664
d1,3,150,sma_stack_bull+retest_up+mtf_rsi60+cross_group_bull,191,0.23560209,2.27106185,96,0.06250000,0.57820197,0.02895667,51,0.05882353,0.80986334,0.02020664
d1,3,150,ichimoku_cloud_bull+bb_expand+horizontal_break_up+cross_group_return_up,136,0.23529412,2.26809314,66,0.06060606,0.56068070,0.02381861,35,0.05714286,0.78672439,0.01581316
d1,3,150,sma_stack_bull+elliott_wave5_bull+mtf_adx25+cross_group_return_up,136,0.23529412,2.26809314,71,0.05633803,0.52119614,0.02212452,26,0.07692308,1.05905206,0.02135509
d1,3,150,sma_stack_bull+atr_expand,251,0.23505976,2.26583408,49,0.24489796,2.26560772,0.14602345,84,0.05952381,0.81950457,0.02569056
d1,3,150,trend_bull+horizontal_break_up+elliott_impulse_bull+cross_group_bull,209,0.23444976,2.25995405,88,0.05681818,0.52563815,0.02451103,46,0.06521739,0.89789196,0.02242786
d1,3,150,sma_stack_bull+rsi60+breakout20_up+cross_group_bull,192,0.23437500,2.25923340,96,0.06250000,0.57820197,0.02895667,51,0.05882353,0.80986334,0.02020664
d1,3,150,sma_stack_bull+rsi60+breakout_up20+cross_group_bull,192,0.23437500,2.25923340,96,0.06250000,0.57820197,0.02895667,51,0.05882353,0.80986334,0.02020664
d1,3,150,sma_stack_bull+rsi60+retest_up+cross_group_bull,192,0.23437500,2.25923340,95,0.06315789,0.58428831,0.02926489,51,0.05882353,0.80986334,0.02020664
d1,3,150,ichimoku_cloud_bull+bb_expand+elliott_impulse_bull+cross_group_bull,154,0.23376623,2.25336526,63,0.04761905,0.44053483,0.01632617,23,0.00000000,0.00000000,0.00000000
d1,3,150,adx25+atr_expand+cross_target_relative_up,120,0.23333333,2.24919236,20,0.15000000,1.38768473,0.05236875,20,0.10000000,1.37676768,0.02786648
d1,3,150,sma_stack_bull+breakout20_up+close_near_high+cross_group_return_up,146,0.23287671,2.24479081,67,0.10447761,0.96654658,0.05153770,46,0.04347826,0.59859464,0.01200545
d1,3,150,sma_stack_bull+breakout_up20+close_near_high+cross_group_return_up,146,0.23287671,2.24479081,67,0.10447761,0.96654658,0.05153770,46,0.04347826,0.59859464,0.01200545
d1,3,150,trend_bull+bb_expand+breakout20_up+cross_group_bull,202,0.23267327,2.24282973,69,0.05797101,0.53630328,0.02277239,29,0.03448276,0.47474747,0.00611321
d1,3,150,trend_bull+bb_expand+breakout_up20+cross_group_bull,202,0.23267327,2.24282973,69,0.05797101,0.53630328,0.02277239,29,0.03448276,0.47474747,0.00611321
d1,3,150,trend_bull+bb_expand+retest_up+cross_group_bull,202,0.23267327,2.24282973,68,0.05882353,0.54419009,0.02311077,29,0.03448276,0.47474747,0.00611321
d1,3,150,sma_stack_bull+rsi60+elliott_impulse_bull+cross_group_return_up,228,0.23245614,2.24073675,116,0.07758621,0.71776796,0.04135328,68,0.08823529,1.21479501,0.04106812
d1,3,150,sma_stack_bull+breakout20_up+strong_close_bull+cross_group_return_up,125,0.23200000,2.23633984,55,0.10909091,1.00922526,0.05096725,34,0.02941176,0.40493167,0.00521091
d1,3,150,sma_stack_bull+breakout_up20+strong_close_bull+cross_group_return_up,125,0.23200000,2.23633984,55,0.10909091,1.00922526,0.05096725,34,0.02941176,0.40493167,0.00521091
d1,3,150,sma_stack_bull+breakout20_up+cross_group_bull,194,0.23195876,2.23594234,98,0.06122449,0.56640193,0.02835932,51,0.05882353,0.80986334,0.02020664
d1,3,150,sma_stack_bull+breakout_up20+cross_group_bull,194,0.23195876,2.23594234,98,0.06122449,0.56640193,0.02835932,51,0.05882353,0.80986334,0.02020664
d1,3,150,sma_stack_bull+retest_up+cross_group_bull,194,0.23195876,2.23594234,97,0.06185567,0.57224113,0.02865489,51,0.05882353,0.80986334,0.02020664
d1,3,150,sma_stack_bull+breakout20_up+retest_up+cross_group_bull,194,0.23195876,2.23594234,97,0.06185567,0.57224113,0.02865489,51,0.05882353,0.80986334,0.02020664
d1,3,150,sma_stack_bull+breakout_up20+retest_up+cross_group_bull,194,0.23195876,2.23594234,97,0.06185567,0.57224113,0.02865489,51,0.05882353,0.80986334,0.02020664
d1,3,150,atr_expand+mtf_volatility+adx25,303,0.23102310,2.22692313,47,0.14893617,1.37784299,0.07406720,67,0.07462687,1.02743856,0.03229605
d1,3,150,adx25+atr_expand+mtf_volatility,303,0.23102310,2.22692313,47,0.14893617,1.37784299,0.07406720,67,0.07462687,1.02743856,0.03229605
d1,3,150,ichimoku_cloud_bull+breakout20_up+mtf_adx25+cross_group_return_up,208,0.23076923,2.22447596,78,0.06410256,0.59302766,0.02768932,40,0.10000000,1.37676768,0.03957953
d1,3,150,ichimoku_cloud_bull+breakout_up20+mtf_adx25+cross_group_return_up,208,0.23076923,2.22447596,78,0.06410256,0.59302766,0.02768932,40,0.10000000,1.37676768,0.03957953
d1,3,150,ichimoku_cloud_bull+retest_up+mtf_adx25+cross_group_return_up,208,0.23076923,2.22447596,78,0.06410256,0.59302766,0.02768932,38,0.07894737,1.08692185,0.02721460
d1,3,150,sma_stack_bull+rsi60+elliott_wave5_bull+cross_group_bull,195,0.23076923,2.22447596,93,0.06451613,0.59685365,0.02990143,39,0.05128205,0.70603471,0.01417796
d1,3,150,sma_stack_bull+breakout20_up+mtf_rsi60+cross_group_return_up,204,0.23039216,2.22084120,114,0.08771930,0.81151154,0.04834511,66,0.06060606,0.83440465,0.02381861
d1,3,150,sma_stack_bull+breakout_up20+mtf_rsi60+cross_group_return_up,204,0.23039216,2.22084120,114,0.08771930,0.81151154,0.04834511,66,0.06060606,0.83440465,0.02381861
d1,3,150,sma_stack_bull+retest_up+mtf_rsi60+cross_group_return_up,204,0.23039216,2.22084120,113,0.08849558,0.81869306,0.04877938,65,0.06153846,0.84724165,0.02418905
d1,3,150,trend_bull+bb_expand+elliott_wave5_bull+cross_group_bull,178,0.23033708,2.22031028,60,0.06666667,0.61674877,0.02622870,17,0.00000000,0.00000000,0.00000000
d1,3,150,ichimoku_cloud_bull+breakout20_up+close_near_high+cross_group_bull,178,0.23033708,2.22031028,59,0.03389831,0.31360107,0.00934591,32,0.03125000,0.43023990,0.00553786
d1,3,150,ichimoku_cloud_bull+breakout_up20+close_near_high+cross_group_bull,178,0.23033708,2.22031028,59,0.03389831,0.31360107,0.00934591,32,0.03125000,0.43023990,0.00553786
d1,3,150,ichimoku_cloud_bull+bb_expand+elliott_impulse_bull+cross_group_return_up,165,0.23030303,2.21998207,73,0.05479452,0.50691680,0.02151250,32,0.06250000,0.86047980,0.01731057
d1,3,150,ichimoku_cloud_bull+bb_expand+elliott_wave5_bull+cross_group_return_up,152,0.23026316,2.21959773,70,0.05714286,0.52864180,0.02244378,24,0.04166667,0.57365320,0.00739346
d1,3,150,ichimoku_cloud_bull+breakout20_up+mtf_adx25+cross_group_bull,187,0.22994652,2.21654557,71,0.04225352,0.39089711,0.01447326,29,0.06896552,0.94949495,0.01912127
d1,3,150,ichimoku_cloud_bull+breakout_up20+mtf_adx25+cross_group_bull,187,0.22994652,2.21654557,71,0.04225352,0.39089711,0.01447326,29,0.06896552,0.94949495,0.01912127
d1,3,150,ichimoku_cloud_bull+retest_up+mtf_adx25+cross_group_bull,187,0.22994652,2.21654557,71,0.04225352,0.39089711,0.01447326,29,0.06896552,0.94949495,0.01912127
d1,3,150,sma_stack_bull+elliott_impulse_bull+mtf_rsi60+cross_group_return_up,240,0.22916667,2.20902821,125,0.08000000,0.74009852,0.04403303,71,0.08450704,1.16346564,0.03930651
d1,3,200,sma_stack_bull+adx25+atr_expand+mtf_adx25,121,0.19834711,3.88501617,11,0.09090909,1.65754634,0.01623217,38,0.00000000,0.00000000,0.00000000
d1,3,200,sma_stack_bull+breakout20_up+mtf_adx25+cross_group_bull,134,0.19402985,3.80045425,67,0.02985075,0.54426895,0.00822469,27,0.00000000,0.00000000,0.00000000
d1,3,200,sma_stack_bull+breakout_up20+mtf_adx25+cross_group_bull,134,0.19402985,3.80045425,67,0.02985075,0.54426895,0.00822469,27,0.00000000,0.00000000,0.00000000
d1,3,200,sma_stack_bull+retest_up+mtf_adx25+cross_group_bull,134,0.19402985,3.80045425,67,0.02985075,0.54426895,0.00822469,27,0.00000000,0.00000000,0.00000000
d1,3,200,sma_stack_bull+elliott_impulse_bull+mtf_adx25+cross_group_bull,146,0.19178082,3.75640262,74,0.02702703,0.49278405,0.00744335,25,0.00000000,0.00000000,0.00000000
d1,3,200,sma_stack_bull+close_near_high+elliott_impulse_bull+cross_group_bull,162,0.18518519,3.62721417,58,0.03448276,0.62872447,0.00950793,38,0.00000000,0.00000000,0.00000000
d1,3,200,sma_stack_bull+breakout20_up+mtf_adx25+cross_group_return_up,142,0.18309859,3.58634415,74,0.05405405,0.98556809,0.02121901,35,0.02857143,0.96155203,0.00506149
d1,3,200,sma_stack_bull+breakout_up20+mtf_adx25+cross_group_return_up,142,0.18309859,3.58634415,74,0.05405405,0.98556809,0.02121901,35,0.02857143,0.96155203,0.00506149
d1,3,200,sma_stack_bull+retest_up+mtf_adx25+cross_group_return_up,142,0.18309859,3.58634415,74,0.05405405,0.98556809,0.02121901,34,0.02941176,0.98983297,0.00521091
d1,3,200,sma_stack_bull+elliott_wave5_bull+mtf_adx25+cross_group_bull,126,0.18253968,3.57539683,68,0.02941176,0.53626499,0.00810318,18,0.00000000,0.00000000,0.00000000
d1,3,200,sma_stack_bull+horizontal_break_up+mtf_adx25+cross_group_return_up,127,0.18110236,3.54724409,67,0.05970149,1.08853789,0.02345935,32,0.03125000,1.05169753,0.00553786
d1,3,200,sma_stack_bull+elliott_impulse_bull+mtf_adx25+cross_group_return_up,157,0.17834395,3.49321518,80,0.02500000,0.45582524,0.00688289,35,0.02857143,0.96155203,0.00506149
d1,3,200,sma_stack_bull+bb_expand+strong_close_bull+mtf_adx25,178,0.17415730,3.41121153,49,0.12244898,2.23261343,0.05734826,34,0.02941176,0.98983297,0.00521091
d1,3,200,sma_stack_bull+breakout20_up+close_near_high+cross_group_bull,138,0.17391304,3.40642722,55,0.03636364,0.66301853,0.01002954,37,0.00000000,0.00000000,-0.00000000
d1,3,200,sma_stack_bull+breakout_up20+close_near_high+cross_group_bull,138,0.17391304,3.40642722,55,0.03636364,0.66301853,0.01002954,37,0.00000000,0.00000000,-0.00000000
d1,3,200,sma_stack_bull+strong_close_bull+elliott_impulse_bull+cross_group_bull,138,0.17391304,3.40642722,49,0.04081633,0.74420448,0.01126563,25,0.00000000,0.00000000,0.00000000
d1,3,200,sma_stack_bull+close_near_high+elliott_impulse_bull+cross_group_return_up,173,0.17341040,3.39658206,66,0.04545455,0.82877317,0.01557827,49,0.00000000,0.00000000,0.00000000
d1,3,200,sma_stack_bull+adx25+atr_expand+mtf_volatility,145,0.17241379,3.37706147,17,0.05882353,1.07252998,0.01046040,45,0.00000000,0.00000000,0.00000000
d1,3,200,volatility+breakout20_up+mtf_adx25+cross_group_bull,122,0.17213115,3.37152530,18,0.00000000,0.00000000,0.00000000,16,0.06250000,2.10339506,0.01111934
d1,3,200,volatility+breakout_up20+mtf_adx25+cross_group_bull,122,0.17213115,3.37152530,18,0.00000000,0.00000000,0.00000000,16,0.06250000,2.10339506,0.01111934
d1,3,200,volatility+retest_up+mtf_adx25+cross_group_bull,122,0.17213115,3.37152530,18,0.00000000,0.00000000,0.00000000,16,0.06250000,2.10339506,0.01111934
d1,3,200,sma_stack_bull+bb_expand+breakout20_up+cross_group_bull,123,0.17073171,3.34411453,63,0.03174603,0.57882571,0.00874953,26,0.00000000,0.00000000,0.00000000
d1,3,200,sma_stack_bull+bb_expand+breakout_up20+cross_group_bull,123,0.17073171,3.34411453,63,0.03174603,0.57882571,0.00874953,26,0.00000000,0.00000000,0.00000000
d1,3,200,sma_stack_bull+bb_expand+retest_up+cross_group_bull,123,0.17073171,3.34411453,62,0.03225806,0.58816160,0.00889137,26,0.00000000,0.00000000,0.00000000
d1,3,200,sma_stack_bull+bb_expand+elliott_impulse_bull+cross_group_return_up,123,0.17073171,3.34411453,65,0.03076923,0.56101568,0.00847900,30,0.03333333,1.12181070,0.00590859
d1,3,200,sma_stack_bull+atr_expand+mtf_adx25,188,0.17021277,3.33395005,32,0.15625000,2.84890777,0.06864420,74,0.02702703,0.90957624,0.00744335
d1,3,200,sma_stack_bull+adx_up3+volatility+mtf_volatility,200,0.17000000,3.32978261,23,0.08695652,1.58547911,0.02418000,57,0.05263158,1.77128005,0.01806030
d1,3,200,sma_stack_bull+horizontal_break_up+elliott_impulse_bull+cross_group_bull,153,0.16993464,3.32850242,83,0.03614458,0.65902445,0.01236780,39,0.00000000,0.00000000,-0.00000000
d1,3,200,sma_stack_bull+volatility+strong_close_bull+mtf_adx25,159,0.16981132,3.32608696,26,0.03846154,0.70126960,0.00682198,33,0.09090909,3.05948373,0.03140394
d1,3,200,sma_stack_bull+elliott_wave5_bull+mtf_adx25+cross_group_return_up,136,0.16911765,3.31250000,71,0.02816901,0.51360591,0.00775926,26,0.00000000,0.00000000,0.00000000
d1,3,200,sma_stack_bull+breakout20_up+strong_close_bull+cross_group_return_up,125,0.16800000,3.29060870,55,0.09090909,1.65754634,0.03945816,34,0.00000000,0.00000000,0.00000000
d1,3,200,sma_stack_bull+breakout_up20+strong_close_bull+cross_group_return_up,125,0.16800000,3.29060870,55,0.09090909,1.65754634,0.03945816,34,0.00000000,0.00000000,0.00000000
d1,3,200,sma_stack_bull+adx25+atr_expand,155,0.16774194,3.28555400,17,0.05882353,1.07252998,0.01046040,45,0.00000000,0.00000000,0.00000000
d1,3,200,sma_stack_bull+strong_close_bull+elliott_wave5_bull+cross_group_bull,120,0.16666667,3.26449275,44,0.04545455,0.82877317,0.01255511,16,0.00000000,0.00000000,0.00000000
d1,3,200,adx_up3+atr_expand+mtf_volatility,218,0.16513761,3.23454328,37,0.13513514,2.46392023,0.05913294,59,0.05084746,1.71123666,0.01744272
d1,3,200,sma_stack_bull+breakout20_up+close_near_high+cross_group_return_up,146,0.16438356,3.21977367,67,0.08955224,1.63280684,0.04169095,46,0.00000000,0.00000000,0.00000000
d1,3,200,sma_stack_bull+breakout_up20+close_near_high+cross_group_return_up,146,0.16438356,3.21977367,67,0.08955224,1.63280684,0.04169095,46,0.00000000,0.00000000,0.00000000
d1,3,200,sma_stack_bull+strong_close_bull+elliott_impulse_bull+cross_group_return_up,146,0.16438356,3.21977367,55,0.05454545,0.99452780,0.01872322,34,0.00000000,0.00000000,0.00000000
d1,3,200,sma_stack_bull+horizontal_break_up+close_near_high+cross_group_return_up,128,0.16406250,3.21348505,62,0.08064516,1.47040401,0.03493835,39,0.00000000,0.00000000,-0.00000000
d1,3,200,sma_stack_bull+close_near_high+elliott_impulse_bull+mtf_adx25,196,0.16326531,3.19787045,48,0.08333333,1.51941748,0.03288376,30,0.00000000,0.00000000,0.00000000
d1,3,200,sma_stack_bull+close_near_high+elliott_wave5_bull+cross_group_bull,141,0.16312057,3.19503546,53,0.03773585,0.68803810,0.01041029,24,0.00000000,0.00000000,0.00000000
d1,3,200,sma_stack_bull+breakout20_up+elliott_impulse_bull+cross_group_bull,178,0.16292135,3.19113337,90,0.03333333,0.60776699,0.01140039,45,0.00000000,0.00000000,0.00000000
d1,3,200,sma_stack_bull+breakout_up20+elliott_impulse_bull+cross_group_bull,178,0.16292135,3.19113337,90,0.03333333,0.60776699,0.01140039,45,0.00000000,0.00000000,0.00000000
d1,3,200,sma_stack_bull+retest_up+elliott_impulse_bull+cross_group_bull,178,0.16292135,3.19113337,90,0.03333333,0.60776699,0.01140039,45,0.00000000,0.00000000,0.00000000
d1,3,200,sma_stack_bull+bb_expand+horizontal_break_up+strong_close_bull,123,0.16260163,3.18487098,39,0.10256410,1.87005228,0.04061331,22,0.00000000,0.00000000,0.00000000
d1,3,200,sma_stack_bull+bb_expand+close_near_high+mtf_adx25,234,0.16239316,3.18078781,56,0.12500000,2.27912621,0.06189069,54,0.01851852,0.62322817,0.00327649
d1,3,200,adx_up3+atr_expand,229,0.16157205,3.16470477,38,0.13157895,2.39908022,0.05753868,60,0.05000000,1.68271605,0.01714950
d1,3,200,sma_stack_bull+horizontal_break_up+mtf_rsi60+cross_group_bull,161,0.16149068,3.16311099,89,0.03370787,0.61459583,0.01152922,44,0.00000000,0.00000000,0.00000000
d1,3,200,sma_stack_bull+adx_up3+volatility+mtf_adx25,242,0.16115702,3.15657564,30,0.06666667,1.21553398,0.01847702,72,0.04166667,1.40226337,0.01427081
d1,3,200,adx_up3+atr_expand+mtf_adx25,211,0.16113744,3.15619205,37,0.13513514,2.46392023,0.05913294,60,0.05000000,1.68271605,0.01714950
d1,3,200,adx_up3+volatility+strong_close_bull+mtf_adx25,168,0.16071429,3.14790373,26,0.11538462,2.10380881,0.04003245,37,0.02702703,0.90957624,0.00478697
d1,3,200,trend_bull+adx_up3+volatility+mtf_volatility,206,0.16019417,3.13771634,26,0.11538462,2.10380881,0.04003245,47,0.08510638,2.86419753,0.03359412
d1,3,200,sma_stack_bull+strong_close_bull+elliott_wave5_bull+cross_group_return_up,125,0.16000000,3.13391304,48,0.06250000,1.13956311,0.02148323,22,0.00000000,0.00000000,0.00000000
d1,3,200,sma_stack_bull+breakout20_up+strong_close_bull+mtf_adx25,144,0.15972222,3.12847222,44,0.11363636,2.07193292,0.04952781,19,0.00000000,0.00000000,0.00000000
d1,3,200,sma_stack_bull+breakout_up20+strong_close_bull+mtf_adx25,144,0.15972222,3.12847222,44,0.11363636,2.07193292,0.04952781,19,0.00000000,0.00000000,0.00000000
d1,3,200,sma_stack_bull+horizontal_break_up+elliott_wave5_bull+cross_group_bull,144,0.15972222,3.12847222,78,0.03846154,0.70126960,0.01316583,30,0.00000000,0.00000000,0.00000000
d1,3,200,sma_stack_bull+horizontal_break_up+cross_group_bull,163,0.15950920,3.12429981,90,0.03333333,0.60776699,0.01140039,44,0.00000000,0.00000000,0.00000000
d1,3,200,sma_stack_bull+rsi60+horizontal_break_up+cross_group_bull,163,0.15950920,3.12429981,89,0.03370787,0.61459583,0.01152922,44,0.00000000,0.00000000,0.00000000
d1,3,200,sma_stack_bull+horizontal_break_up+retest_up+cross_group_bull,163,0.15950920,3.12429981,89,0.03370787,0.61459583,0.01152922,44,0.00000000,0.00000000,0.00000000
d1,3,200,sma_stack_bull+horizontal_break_up+elliott_impulse_bull+cross_group_return_up,164,0.15853659,3.10524920,95,0.04210526,0.76770567,0.01649377,49,0.02040816,0.68682288,0.00361167
d1,3,200,adx25+atr_expand+cross_target_relative_up,120,0.15833333,3.10126812,20,0.05000000,0.91165049,0.00888145,20,0.00000000,0.00000000,0.00000000
d1,3,200,sma_stack_bull+strong_close_bull+mtf_adx25+cross_group_bull,139,0.15827338,3.10009384,61,0.03278689,0.59780360,0.00903789,20,0.05000000,1.68271605,0.00888145
d1,3,200,sma_stack_bull+volatility+close_near_high+mtf_adx25,209,0.15789474,3.09267735,31,0.03225806,0.58816160,0.00571722,48,0.06250000,2.10339506,0.02148323
d1,3,200,ichimoku_cloud_bull+adx_up3+atr_expand,152,0.15789474,3.09267735,13,0.23076923,4.20761763,0.08179529,38,0.05263158,1.77128005,0.01455421
d1,3,200,sma_stack_bull+bb_expand+strong_close_bull+elliott_impulse_bull,133,0.15789474,3.09267735,37,0.08108108,1.47835214,0.02796057,19,0.00000000,0.00000000,0.00000000
d1,3,200,trend_bull+horizontal_break_up+strong_close_bull+cross_group_bull,133,0.15789474,3.09267735,43,0.04651163,0.84804696,0.01284926,22,0.04545455,1.52974186,0.00806943
d1,3,200,adx25+atr_expand+mtf_adx25,260,0.15769231,3.08871237,39,0.10256410,1.87005228,0.04061331,60,0.03333333,1.12181070,0.00918932
d1,3,200,trend_bull+horizontal_break_up+mtf_adx25+cross_group_bull,165,0.15757576,3.08642951,63,0.03174603,0.57882571,0.00874953,31,0.03225806,1.08562326,0.00571722
d1,3,200,ichimoku_cloud_bull+adx_up3+atr_expand+mtf_volatility,146,0.15753425,3.08561644,12,0.25000000,4.55825243,0.08894167,37,0.05405405,1.81915249,0.01495098
d1,3,200,trend_bull+adx_up3+volatility+mtf_rsi60,178,0.15730337,3.08109428,26,0.03846154,0.70126960,0.00682198,30,0.06666667,2.24362140,0.01847702
d1,3,200,sma_stack_bull+bb_expand+elliott_impulse_bull+mtf_adx25,178,0.15730337,3.08109428,60,0.05000000,0.91165049,0.01714950,25,0.04000000,1.34617284,0.00709623
d1,3,200,sma_stack_bull+strong_close_bull+elliott_impulse_bull+mtf_adx25,159,0.15723270,3.07971014,42,0.09523810,1.73647712,0.03766225,19,0.00000000,0.00000000,0.00000000
d1,3,200,adx_up3+volatility+close_near_high+mtf_adx25,210,0.15714286,3.07795031,36,0.08333333,1.51941748,0.02874861,47,0.04255319,1.43209877,0.01174828
d1,3,200,sma_stack_bull+bb_expand+horizontal_break_up+mtf_adx25,172,0.15697674,3.07469666,55,0.07272727,1.32603707,0.02864406,26,0.03846154,1.29439696,0.00682198
d1,3,200,sma_stack_bull+breakout20_up+close_near_high+mtf_adx25,185,0.15675676,3.07038778,49,0.10204082,1.86051119,0.04437955,28,0.00000000,0.00000000,0.00000000
d1,3,200,sma_stack_bull+breakout_up20+close_near_high+mtf_adx25,185,0.15675676,3.07038778,49,0.10204082,1.86051119,0.04437955,28,0.00000000,0.00000000,0.00000000
d1,3,200,sma_stack_bull+bb_expand+breakout20_up+cross_group_return_up,134,0.15671642,3.06959766,71,0.05633803,1.02721181,0.02212452,34,0.02941176,0.98983297,0.00521091
d1,3,200,sma_stack_bull+bb_expand+breakout_up20+cross_group_return_up,134,0.15671642,3.06959766,71,0.05633803,1.02721181,0.02212452,34,0.02941176,0.98983297,0.00521091
d1,3,200,sma_stack_bull+bb_expand+retest_up+cross_group_return_up,134,0.15671642,3.06959766,70,0.05714286,1.04188627,0.02244378,33,0.03030303,1.01982791,0.00536941
d1,3,200,sma_stack_bull+rsi60+elliott_impulse_bull+cross_group_bull,211,0.15639810,3.06336287,101,0.03960396,0.72209939,0.01550715,53,0.00000000,0.00000000,0.00000000
d1,3,200,trend_bull+volatility+breakout20_up+close_near_high,128,0.15625000,3.06046196,13,0.07692308,1.40253921,0.01371042,19,0.05263158,1.77128005,0.00935199
d1,3,200,trend_bull+volatility+breakout_up20+close_near_high,128,0.15625000,3.06046196,13,0.07692308,1.40253921,0.01371042,19,0.05263158,1.77128005,0.00935199
d1,3,200,trend_bull+adx25+horizontal_break_up+cross_group_bull,122,0.15573770,3.05042766,46,0.00000000,0.00000000,0.00000000,26,0.03846154,1.29439696,0.00682198
d1,3,200,ichimoku_cloud_bull+volatility+breakout20_up+close_near_high,122,0.15573770,3.05042766,13,0.07692308,1.40253921,0.01371042,23,0.04347826,1.46323135,0.00771667
d1,3,200,ichimoku_cloud_bull+volatility+breakout_up20+close_near_high,122,0.15573770,3.05042766,13,0.07692308,1.40253921,0.01371042,23,0.04347826,1.46323135,0.00771667
d1,3,200,sma_stack_bull+adx25+bb_expand+strong_close_bull,135,0.15555556,3.04685990,27,0.03703704,0.67529666,0.00656815,26,0.03846154,1.29439696,0.00682198
d1,3,200,ichimoku_cloud_bull+breakout20_up+close_near_high+cross_group_return_up,193,0.15544041,3.04460464,74,0.06756757,1.23196012,0.02920409,43,0.02325581,0.78265863,0.00411709
d1,3,200,ichimoku_cloud_bull+breakout_up20+close_near_high+cross_group_return_up,193,0.15544041,3.04460464,74,0.06756757,1.23196012,0.02920409,43,0.02325581,0.78265863,0.00411709
d1,3,200,trend_bull+horizontal_break_up+strong_close_bull+cross_group_return_up,148,0.15540541,3.04391892,53,0.09433962,1.72009526,0.04097264,30,0.03333333,1.12181070,0.00590859
d1,3,200,sma_stack_bull+close_near_high+elliott_wave5_bull+cross_group_return_up,148,0.15540541,3.04391892,58,0.05172414,0.94308671,0.01774613,32,0.00000000,0.00000000,0.00000000
d1,3,200,trend_bull+adx_up3+volatility+mtf_adx25,277,0.15523466,3.04057448,33,0.09090909,1.65754634,0.03140394,58,0.06896552,2.32098765,0.02714425
d1,3,200,sma_stack_bull+breakout20_up+elliott_wave5_bull+cross_group_bull,168,0.15476190,3.03131470,85,0.03529412,0.64351799,0.01207504,35,0.00000000,0.00000000,0.00000000
d1,3,200,sma_stack_bull+breakout_up20+elliott_wave5_bull+cross_group_bull,168,0.15476190,3.03131470,85,0.03529412,0.64351799,0.01207504,35,0.00000000,0.00000000,0.00000000
d1,3,200,sma_stack_bull+retest_up+elliott_wave5_bull+cross_group_bull,168,0.15476190,3.03131470,85,0.03529412,0.64351799,0.01207504,35,0.00000000,0.00000000,0.00000000
d1,3,200,ichimoku_cloud_bull+adx_up3+atr_expand+mtf_adx25,136,0.15441176,3.02445652,13,0.23076923,4.20761763,0.08179529,38,0.05263158,1.77128005,0.01455421
d1,3,200,sma_stack_bull+bb_expand+horizontal_break_up+close_near_high,149,0.15436242,3.02348993,45,0.08888889,1.62071197,0.03511112,30,0.00000000,0.00000000,0.00000000
d1,3,200,trend_bull+volatility+breakout20_up+mtf_adx25,149,0.15436242,3.02348993,18,0.05555556,1.01294498,0.00987519,21,0.09523810,3.20517343,0.02651877
d1,3,200,trend_bull+volatility+breakout_up20+mtf_adx25,149,0.15436242,3.02348993,18,0.05555556,1.01294498,0.00987519,21,0.09523810,3.20517343,0.02651877
d1,3,200,ichimoku_cloud_bull+adx25+atr_expand+mtf_adx25,162,0.15432099,3.02267848,14,0.14285714,2.60471567,0.04009392,37,0.02702703,0.90957624,0.00478697
d1,3,200,sma_stack_bull+adx25+strong_close_bull+mtf_adx25,188,0.15425532,3.02139223,49,0.02040816,0.37210224,0.00361167,44,0.04545455,1.52974186,0.01255511
d1,3,200,sma_stack_bull+breakout20_up+elliott_impulse_bull+cross_group_return_up,188,0.15425532,3.02139223,102,0.03921569,0.71501999,0.01535407,55,0.01818182,0.61189675,0.00321678
d1,3,200,sma_stack_bull+breakout_up20+elliott_impulse_bull+cross_group_return_up,188,0.15425532,3.02139223,102,0.03921569,0.71501999,0.01535407,55,0.01818182,0.61189675,0.00321678
d1,3,200,sma_stack_bull+retest_up+elliott_impulse_bull+cross_group_return_up,188,0.15425532,3.02139223,102,0.03921569,0.71501999,0.01535407,55,0.01818182,0.61189675,0.00321678
d1,3,200,ichimoku_cloud_bull+breakout20_up+mtf_adx25+cross_group_return_up,208,0.15384615,3.01337793,78,0.03846154,0.70126960,0.01316583,40,0.07500000,2.52407407,0.02583603
d1,3,200,ichimoku_cloud_bull+breakout_up20+mtf_adx25+cross_group_return_up,208,0.15384615,3.01337793,78,0.03846154,0.70126960,0.01316583,40,0.07500000,2.52407407,0.02583603
d1,3,200,ichimoku_cloud_bull+retest_up+mtf_adx25+cross_group_return_up,208,0.15384615,3.01337793,78,0.03846154,0.70126960,0.01316583,38,0.05263158,1.77128005,0.01455421
d1,3,200,trend_bull+bb_expand+horizontal_break_up+strong_close_bull,156,0.15384615,3.01337793,39,0.10256410,1.87005228,0.04061331,23,0.00000000,0.00000000,0.00000000
d1,3,200,adx_up3+volatility+close_near_high+mtf_volatility,156,0.15384615,3.01337793,24,0.12500000,2.27912621,0.04344334,27,0.00000000,0.00000000,0.00000000
d1,3,200,sma_stack_bull+adx_up3+bb_expand+strong_close_bull,130,0.15384615,3.01337793,24,0.04166667,0.75970874,0.00739346,27,0.00000000,0.00000000,0.00000000
d1,3,200,sma_stack_bull+elliott_impulse_bull+cross_group_bull,228,0.15350877,3.00676964,110,0.03636364,0.66301853,0.01423031,54,0.00000000,0.00000000,0.00000000
d1,3,200,volatility+elliott_impulse_bull+mtf_adx25+cross_group_bull,163,0.15337423,3.00413444,32,0.00000000,0.00000000,0.00000000,19,0.05263158,1.77128005,0.00935199
d1,3,200,trend_bull+bb_expand+horizontal_break_up+cross_group_bull,150,0.15333333,3.00333333,60,0.03333333,0.60776699,0.00918932,28,0.00000000,0.00000000,0.00000000
d1,3,200,sma_stack_bull+horizontal_break_up+strong_close_bull+mtf_adx25,137,0.15328467,3.00238020,40,0.12500000,2.27912621,0.05459500,17,0.00000000,0.00000000,0.00000000
d1,3,200,trend_bull+close_near_high+elliott_impulse_bull+cross_group_bull,255,0.15294118,2.99565217,69,0.02898551,0.52849304,0.00798520,42,0.02380952,0.80129336,0.00421540
d1,3,200,sma_stack_bull+adx_up3+bb_expand+close_near_high,170,0.15294118,2.99565217,28,0.03571429,0.65117892,0.00633252,39,0.00000000,0.00000000,-0.00000000
d1,3,200,sma_stack_bull+adx25+bb_expand+close_near_high,177,0.15254237,2.98784083,33,0.03030303,0.55251545,0.00536941,35,0.02857143,0.96155203,0.00506149
d1,3,200,sma_stack_bull+elliott_impulse_bull+mtf_rsi60+cross_group_bull,223,0.15246637,2.98635212,109,0.03669725,0.66910127,0.01436170,54,0.00000000,0.00000000,0.00000000
d1,3,200,sma_stack_bull+adx25+elliott_impulse_bull+mtf_adx25,151,0.15231788,2.98344371,42,0.00000000,0.00000000,-0.00000000,25,0.04000000,1.34617284,0.00709623
d1,3,200,sma_stack_bull+horizontal_break_up+close_near_high+mtf_adx25,171,0.15204678,2.97813374,45,0.11111111,2.02588997,0.04840472,25,0.00000000,0.00000000,0.00000000
d1,3,200,bb_expand+horizontal_break_up+strong_close_bull+cross_group_return_up,125,0.15200000,2.97721739,33,0.12121212,2.21006178,0.04816161,22,0.00000000,0.00000000,0.00000000
d1,3,300,adx25+atr_expand+cross_target_relative_up,120,0.10000000,7.69698492,20,0.00000000,0.00000000,0.00000000,20,0.00000000,0.00000000,0.00000000
d1,3,300,sma_stack_bull+adx25+atr_expand+mtf_adx25,121,0.08264463,6.36114457,11,0.00000000,0.00000000,0.00000000,38,0.00000000,0.00000000,0.00000000
d1,3,300,adx25+atr_expand+mtf_adx25,260,0.07692308,5.92075763,39,0.02564103,2.04909984,0.00454070,60,0.00000000,0.00000000,0.00000000
d1,3,300,volatility+breakout20_up+mtf_adx25+cross_group_bull,122,0.07377049,5.67810363,18,0.00000000,0.00000000,0.00000000,16,0.00000000,0.00000000,0.00000000
d1,3,300,volatility+breakout_up20+mtf_adx25+cross_group_bull,122,0.07377049,5.67810363,18,0.00000000,0.00000000,0.00000000,16,0.00000000,0.00000000,0.00000000
d1,3,300,volatility+retest_up+mtf_adx25+cross_group_bull,122,0.07377049,5.67810363,18,0.00000000,0.00000000,0.00000000,16,0.00000000,0.00000000,0.00000000
d1,3,300,sma_stack_bull+adx25+atr_expand+mtf_volatility,145,0.06896552,5.30826547,17,0.00000000,0.00000000,0.00000000,45,0.00000000,0.00000000,0.00000000
d1,3,300,atr_expand+mtf_adx25+cross_target_relative_up,176,0.06818182,5.24794427,53,0.00000000,0.00000000,0.00000000,33,0.00000000,0.00000000,0.00000000
d1,3,300,ichimoku_cloud_bull+adx25+atr_expand+mtf_adx25,162,0.06790123,5.22634779,14,0.00000000,0.00000000,0.00000000,37,0.00000000,0.00000000,-0.00000000
d1,3,300,trend_bull+volatility+elliott_impulse_bull+cross_target_relative_up,133,0.06766917,5.20848604,22,0.00000000,0.00000000,0.00000000,15,0.00000000,0.00000000,0.00000000
d1,3,300,volatility+breakout20_up+mtf_adx25+cross_target_relative_up,148,0.06756757,5.20066549,30,0.00000000,0.00000000,0.00000000,16,0.00000000,0.00000000,0.00000000
d1,3,300,volatility+breakout_up20+mtf_adx25+cross_target_relative_up,148,0.06756757,5.20066549,30,0.00000000,0.00000000,0.00000000,16,0.00000000,0.00000000,0.00000000
d1,3,300,rsi60+volatility+breakout20_up+cross_group_bull,136,0.06617647,5.09359296,29,0.00000000,0.00000000,0.00000000,22,0.00000000,0.00000000,0.00000000
d1,3,300,rsi60+volatility+breakout_up20+cross_group_bull,136,0.06617647,5.09359296,29,0.00000000,0.00000000,0.00000000,22,0.00000000,0.00000000,0.00000000
d1,3,300,rsi60+volatility+retest_up+cross_group_bull,136,0.06617647,5.09359296,29,0.00000000,0.00000000,0.00000000,22,0.00000000,0.00000000,0.00000000
d1,3,300,atr_expand+mtf_volatility+adx25,303,0.06600660,5.08051810,47,0.02127660,1.70031689,0.00376577,67,0.00000000,0.00000000,0.00000000
d1,3,300,adx25+atr_expand+mtf_volatility,303,0.06600660,5.08051810,47,0.02127660,1.70031689,0.00376577,67,0.00000000,0.00000000,0.00000000
d1,3,300,volatility+horizontal_break_up+cross_target_relative_up,122,0.06557377,5.04720323,27,0.00000000,0.00000000,0.00000000,13,0.00000000,0.00000000,0.00000000
d1,3,300,ichimoku_cloud_bull+volatility+breakout20_up+close_near_high,122,0.06557377,5.04720323,13,0.00000000,0.00000000,0.00000000,23,0.00000000,0.00000000,0.00000000
d1,3,300,ichimoku_cloud_bull+volatility+breakout_up20+close_near_high,122,0.06557377,5.04720323,13,0.00000000,0.00000000,0.00000000,23,0.00000000,0.00000000,0.00000000
d1,3,300,rsi60+volatility+horizontal_break_up+cross_target_relative_up,122,0.06557377,5.04720323,27,0.00000000,0.00000000,0.00000000,13,0.00000000,0.00000000,0.00000000
d1,3,300,volatility+horizontal_break_up+mtf_rsi60+cross_target_relative_up,122,0.06557377,5.04720323,27,0.00000000,0.00000000,0.00000000,13,0.00000000,0.00000000,0.00000000
d1,3,300,sma_stack_bull+adx25+atr_expand,155,0.06451613,4.96579673,17,0.00000000,0.00000000,0.00000000,45,0.00000000,0.00000000,0.00000000
d1,3,300,ichimoku_cloud_bull+breakout20_up+mtf_adx25+cross_group_bull,187,0.06417112,4.93924166,71,0.00000000,0.00000000,0.00000000,29,0.00000000,0.00000000,0.00000000
d1,3,300,ichimoku_cloud_bull+breakout_up20+mtf_adx25+cross_group_bull,187,0.06417112,4.93924166,71,0.00000000,0.00000000,0.00000000,29,0.00000000,0.00000000,0.00000000
d1,3,300,ichimoku_cloud_bull+retest_up+mtf_adx25+cross_group_bull,187,0.06417112,4.93924166,71,0.00000000,0.00000000,0.00000000,29,0.00000000,0.00000000,0.00000000
d1,3,300,ichimoku_cloud_bull+breakout20_up+mtf_adx25+cross_group_return_up,208,0.06250000,4.81061558,78,0.00000000,0.00000000,-0.00000000,40,0.00000000,0.00000000,0.00000000
d1,3,300,ichimoku_cloud_bull+breakout_up20+mtf_adx25+cross_group_return_up,208,0.06250000,4.81061558,78,0.00000000,0.00000000,-0.00000000,40,0.00000000,0.00000000,0.00000000
d1,3,300,ichimoku_cloud_bull+retest_up+mtf_adx25+cross_group_return_up,208,0.06250000,4.81061558,78,0.00000000,0.00000000,-0.00000000,38,0.00000000,0.00000000,0.00000000
d1,3,300,volatility+breakout20_up+mtf_adx25+cross_group_return_up,144,0.06250000,4.81061558,25,0.00000000,0.00000000,0.00000000,25,0.00000000,0.00000000,0.00000000
d1,3,300,volatility+breakout_up20+mtf_adx25+cross_group_return_up,144,0.06250000,4.81061558,25,0.00000000,0.00000000,0.00000000,25,0.00000000,0.00000000,0.00000000
d1,3,300,volatility+retest_up+mtf_adx25+cross_group_return_up,144,0.06250000,4.81061558,25,0.00000000,0.00000000,0.00000000,23,0.00000000,0.00000000,0.00000000
d1,3,300,ichimoku_cloud_bull+breakout20_up+close_near_high+cross_group_return_up,193,0.06217617,4.78569011,74,0.00000000,0.00000000,-0.00000000,43,0.00000000,0.00000000,0.00000000
d1,3,300,ichimoku_cloud_bull+breakout_up20+close_near_high+cross_group_return_up,193,0.06217617,4.78569011,74,0.00000000,0.00000000,-0.00000000,43,0.00000000,0.00000000,0.00000000
d1,3,300,sma_stack_bull+rsi60+volatility+elliott_wave5_bull,129,0.06201550,4.77332398,21,0.00000000,0.00000000,-0.00000000,22,0.00000000,0.00000000,0.00000000
d1,3,300,adx25+atr_expand,323,0.06191950,4.76593494,47,0.02127660,1.70031689,0.00376577,69,0.00000000,0.00000000,0.00000000
d1,3,300,trend_bull+adx_up3+volatility+mtf_rsi60,178,0.06179775,4.75656372,26,0.00000000,0.00000000,0.00000000,30,0.00000000,0.00000000,0.00000000
d1,3,300,ichimoku_cloud_bull+breakout20_up+close_near_high+cross_group_bull,178,0.06179775,4.75656372,59,0.00000000,0.00000000,-0.00000000,32,0.00000000,0.00000000,0.00000000
d1,3,300,ichimoku_cloud_bull+breakout_up20+close_near_high+cross_group_bull,178,0.06179775,4.75656372,59,0.00000000,0.00000000,-0.00000000,32,0.00000000,0.00000000,0.00000000
d1,3,300,volatility+breakout20_up+mtf_rsi60+cross_group_bull,146,0.06164384,4.74471673,29,0.00000000,0.00000000,0.00000000,24,0.00000000,0.00000000,0.00000000
d1,3,300,volatility+breakout_up20+mtf_rsi60+cross_group_bull,146,0.06164384,4.74471673,29,0.00000000,0.00000000,0.00000000,24,0.00000000,0.00000000,0.00000000
d1,3,300,volatility+retest_up+mtf_rsi60+cross_group_bull,146,0.06164384,4.74471673,29,0.00000000,0.00000000,0.00000000,24,0.00000000,0.00000000,0.00000000
d1,3,300,adx_up3+atr_expand+mtf_adx25,211,0.06161137,4.74221820,37,0.02702703,2.15986199,0.00478697,60,0.00000000,0.00000000,0.00000000
d1,3,300,sma_stack_bull+volatility+breakout20_up+elliott_impulse_bull,130,0.06153846,4.73660611,20,0.00000000,0.00000000,0.00000000,24,0.00000000,0.00000000,0.00000000
d1,3,300,sma_stack_bull+volatility+breakout_up20+elliott_impulse_bull,130,0.06153846,4.73660611,20,0.00000000,0.00000000,0.00000000,24,0.00000000,0.00000000,0.00000000
d1,3,300,ichimoku_cloud_bull+atr_expand+mtf_volatility+cross_target_relative_up,130,0.06153846,4.73660611,30,0.00000000,0.00000000,0.00000000,27,0.00000000,0.00000000,0.00000000
d1,3,300,volatility+breakout20_up+cross_group_bull,147,0.06122449,4.71243975,29,0.00000000,0.00000000,0.00000000,24,0.00000000,0.00000000,0.00000000
d1,3,300,volatility+breakout_up20+cross_group_bull,147,0.06122449,4.71243975,29,0.00000000,0.00000000,0.00000000,24,0.00000000,0.00000000,0.00000000
d1,3,300,volatility+retest_up+cross_group_bull,147,0.06122449,4.71243975,29,0.00000000,0.00000000,0.00000000,24,0.00000000,0.00000000,0.00000000
d1,3,300,volatility+breakout20_up+retest_up+cross_group_bull,147,0.06122449,4.71243975,29,0.00000000,0.00000000,0.00000000,24,0.00000000,0.00000000,0.00000000
d1,3,300,volatility+breakout_up20+retest_up+cross_group_bull,147,0.06122449,4.71243975,29,0.00000000,0.00000000,0.00000000,24,0.00000000,0.00000000,0.00000000
d1,3,300,volatility+retest_up+mtf_adx25+cross_target_relative_up,147,0.06122449,4.71243975,30,0.00000000,0.00000000,0.00000000,16,0.00000000,0.00000000,0.00000000
d1,3,300,trend_bull+volatility+breakout20_up+mtf_adx25,149,0.06040268,4.64918552,18,0.00000000,0.00000000,0.00000000,21,0.00000000,0.00000000,-0.00000000
d1,3,300,trend_bull+volatility+breakout_up20+mtf_adx25,149,0.06040268,4.64918552,18,0.00000000,0.00000000,0.00000000,21,0.00000000,0.00000000,-0.00000000
d1,3,300,ichimoku_cloud_bull+volatility+breakout20_up+mtf_adx25,149,0.06040268,4.64918552,21,0.00000000,0.00000000,-0.00000000,23,0.00000000,0.00000000,0.00000000
d1,3,300,ichimoku_cloud_bull+volatility+breakout_up20+mtf_adx25,149,0.06040268,4.64918552,21,0.00000000,0.00000000,-0.00000000,23,0.00000000,0.00000000,0.00000000
d1,3,300,sma_stack_bull+volatility+elliott_wave5_bull+mtf_rsi60,134,0.05970149,4.59521488,22,0.00000000,0.00000000,0.00000000,22,0.00000000,0.00000000,0.00000000
d1,3,300,sma_stack_bull+breakout20_up+mtf_adx25+cross_group_bull,134,0.05970149,4.59521488,67,0.00000000,0.00000000,0.00000000,27,0.00000000,0.00000000,0.00000000
d1,3,300,sma_stack_bull+breakout_up20+mtf_adx25+cross_group_bull,134,0.05970149,4.59521488,67,0.00000000,0.00000000,0.00000000,27,0.00000000,0.00000000,0.00000000
d1,3,300,sma_stack_bull+retest_up+mtf_adx25+cross_group_bull,134,0.05970149,4.59521488,67,0.00000000,0.00000000,0.00000000,27,0.00000000,0.00000000,0.00000000
d1,3,300,adx_up3+atr_expand+mtf_volatility,218,0.05963303,4.58994514,37,0.02702703,2.15986199,0.00478697,59,0.00000000,0.00000000,-0.00000000
d1,3,300,sma_stack_bull+volatility+elliott_wave5_bull,135,0.05925926,4.56117625,22,0.00000000,0.00000000,0.00000000,22,0.00000000,0.00000000,0.00000000
d1,3,300,sma_stack_bull+rsi60+volatility+elliott_impulse_bull,152,0.05921053,4.55742528,27,0.03703704,2.95981087,0.00656815,31,0.00000000,0.00000000,0.00000000
d1,3,300,trend_bull+volatility+mtf_rsi60+cross_group_bull,238,0.05882353,4.52763819,42,0.02380952,1.90273556,0.00421540,40,0.00000000,0.00000000,0.00000000
d1,3,300,sma_stack_bull+horizontal_break_up+elliott_impulse_bull+cross_group_bull,153,0.05882353,4.52763819,83,0.00000000,0.00000000,0.00000000,39,0.00000000,0.00000000,-0.00000000
d1,3,300,ichimoku_cloud_bull+atr_expand+cross_target_relative_up,136,0.05882353,4.52763819,30,0.00000000,0.00000000,0.00000000,27,0.00000000,0.00000000,0.00000000
d1,3,300,ichimoku_cloud_bull+breakout20_up+mtf_rsi60+cross_group_bull,256,0.05859375,4.50995210,109,0.00000000,0.00000000,0.00000000,53,0.00000000,0.00000000,0.00000000
d1,3,300,ichimoku_cloud_bull+breakout_up20+mtf_rsi60+cross_group_bull,256,0.05859375,4.50995210,109,0.00000000,0.00000000,0.00000000,53,0.00000000,0.00000000,0.00000000
d1,3,300,ichimoku_cloud_bull+retest_up+mtf_rsi60+cross_group_bull,256,0.05859375,4.50995210,108,0.00000000,0.00000000,0.00000000,53,0.00000000,0.00000000,0.00000000
d1,3,300,volatility+breakout20_up+elliott_impulse_bull+cross_group_bull,137,0.05839416,4.49458974,25,0.00000000,0.00000000,0.00000000,23,0.00000000,0.00000000,0.00000000
d1,3,300,volatility+breakout_up20+elliott_impulse_bull+cross_group_bull,137,0.05839416,4.49458974,25,0.00000000,0.00000000,0.00000000,23,0.00000000,0.00000000,0.00000000
d1,3,300,volatility+retest_up+elliott_impulse_bull+cross_group_bull,137,0.05839416,4.49458974,25,0.00000000,0.00000000,0.00000000,23,0.00000000,0.00000000,0.00000000
d1,3,300,ichimoku_cloud_bull+breakout20_up+cross_group_bull,258,0.05813953,4.47499124,110,0.00000000,0.00000000,0.00000000,53,0.00000000,0.00000000,0.00000000
d1,3,300,ichimoku_cloud_bull+breakout_up20+cross_group_bull,258,0.05813953,4.47499124,110,0.00000000,0.00000000,0.00000000,53,0.00000000,0.00000000,0.00000000
d1,3,300,ichimoku_cloud_bull+retest_up+cross_group_bull,258,0.05813953,4.47499124,109,0.00000000,0.00000000,0.00000000,53,0.00000000,0.00000000,0.00000000
d1,3,300,ichimoku_cloud_bull+breakout20_up+retest_up+cross_group_bull,258,0.05813953,4.47499124,109,0.00000000,0.00000000,0.00000000,53,0.00000000,0.00000000,0.00000000
d1,3,300,ichimoku_cloud_bull+breakout_up20+retest_up+cross_group_bull,258,0.05813953,4.47499124,109,0.00000000,0.00000000,0.00000000,53,0.00000000,0.00000000,0.00000000
d1,3,300,volatility+horizontal_break_up+retest_up+cross_target_relative_up,121,0.05785124,4.45280120,26,0.00000000,0.00000000,0.00000000,13,0.00000000,0.00000000,0.00000000
d1,3,300,trend_bull+volatility+horizontal_break_up+elliott_impulse_bull,139,0.05755396,4.42991938,21,0.00000000,0.00000000,-0.00000000,27,0.00000000,0.00000000,0.00000000
d1,3,300,rsi60+volatility+breakout20_up+cross_target_relative_up,174,0.05747126,4.42355455,38,0.00000000,0.00000000,0.00000000,20,0.00000000,0.00000000,0.00000000
d1,3,300,rsi60+volatility+breakout_up20+cross_target_relative_up,174,0.05747126,4.42355455,38,0.00000000,0.00000000,0.00000000,20,0.00000000,0.00000000,0.00000000
d1,3,300,ichimoku_cloud_bull+breakout20_up+mtf_rsi60+cross_group_return_up,280,0.05714286,4.39827710,130,0.00000000,0.00000000,0.00000000,72,0.00000000,0.00000000,0.00000000
d1,3,300,ichimoku_cloud_bull+breakout_up20+mtf_rsi60+cross_group_return_up,280,0.05714286,4.39827710,130,0.00000000,0.00000000,0.00000000,72,0.00000000,0.00000000,0.00000000
d1,3,300,ichimoku_cloud_bull+retest_up+mtf_rsi60+cross_group_return_up,280,0.05714286,4.39827710,129,0.00000000,0.00000000,0.00000000,70,0.00000000,0.00000000,0.00000000
d1,3,300,ichimoku_cloud_bull+rsi60+volatility+breakout20_up,175,0.05714286,4.39827710,30,0.00000000,0.00000000,0.00000000,37,0.00000000,0.00000000,-0.00000000
d1,3,300,ichimoku_cloud_bull+rsi60+volatility+breakout_up20,175,0.05714286,4.39827710,30,0.00000000,0.00000000,0.00000000,37,0.00000000,0.00000000,-0.00000000
d1,3,300,adx_up3+atr_expand,229,0.05676856,4.36946742,38,0.02631579,2.10302352,0.00466059,60,0.00000000,0.00000000,0.00000000
d1,3,300,ichimoku_cloud_bull+breakout20_up+cross_group_return_up,282,0.05673759,4.36708365,131,0.00000000,0.00000000,0.00000000,73,0.00000000,0.00000000,0.00000000
d1,3,300,ichimoku_cloud_bull+breakout_up20+cross_group_return_up,282,0.05673759,4.36708365,131,0.00000000,0.00000000,0.00000000,73,0.00000000,0.00000000,0.00000000
d1,3,300,ichimoku_cloud_bull+retest_up+cross_group_return_up,282,0.05673759,4.36708365,130,0.00000000,0.00000000,0.00000000,71,0.00000000,0.00000000,0.00000000
d1,3,300,ichimoku_cloud_bull+breakout20_up+retest_up+cross_group_return_up,282,0.05673759,4.36708365,130,0.00000000,0.00000000,0.00000000,71,0.00000000,0.00000000,0.00000000
d1,3,300,ichimoku_cloud_bull+breakout_up20+retest_up+cross_group_return_up,282,0.05673759,4.36708365,130,0.00000000,0.00000000,0.00000000,71,0.00000000,0.00000000,0.00000000
d1,3,300,ichimoku_cloud_bull+rsi60+breakout20_up+cross_group_bull,248,0.05645161,4.34507213,107,0.00000000,0.00000000,0.00000000,51,0.00000000,0.00000000,0.00000000
d1,3,300,ichimoku_cloud_bull+rsi60+breakout_up20+cross_group_bull,248,0.05645161,4.34507213,107,0.00000000,0.00000000,0.00000000,51,0.00000000,0.00000000,0.00000000
d1,3,300,ichimoku_cloud_bull+rsi60+retest_up+cross_group_bull,248,0.05645161,4.34507213,106,0.00000000,0.00000000,0.00000000,51,0.00000000,0.00000000,0.00000000
d1,3,300,sma_stack_bull+rsi60+volatility+breakout20_up,142,0.05633803,4.33632953,24,0.00000000,0.00000000,0.00000000,29,0.00000000,0.00000000,0.00000000
d1,3,300,sma_stack_bull+rsi60+volatility+breakout_up20,142,0.05633803,4.33632953,24,0.00000000,0.00000000,0.00000000,29,0.00000000,0.00000000,0.00000000
d1,3,300,sma_stack_bull+volatility+breakout20_up+mtf_rsi60,142,0.05633803,4.33632953,24,0.00000000,0.00000000,0.00000000,28,0.00000000,0.00000000,0.00000000
d1,3,300,sma_stack_bull+volatility+breakout_up20+mtf_rsi60,142,0.05633803,4.33632953,24,0.00000000,0.00000000,0.00000000,28,0.00000000,0.00000000,0.00000000
d1,3,300,sma_stack_bull+breakout20_up+mtf_adx25+cross_group_return_up,142,0.05633803,4.33632953,74,0.00000000,0.00000000,-0.00000000,35,0.00000000,0.00000000,0.00000000
d1,3,300,sma_stack_bull+breakout_up20+mtf_adx25+cross_group_return_up,142,0.05633803,4.33632953,74,0.00000000,0.00000000,-0.00000000,35,0.00000000,0.00000000,0.00000000
d1,3,300,sma_stack_bull+retest_up+mtf_adx25+cross_group_return_up,142,0.05633803,4.33632953,74,0.00000000,0.00000000,-0.00000000,34,0.00000000,0.00000000,0.00000000
d1,3,300,rsi60+volatility+elliott_impulse_bull+cross_group_bull,160,0.05625000,4.32955402,33,0.03030303,2.42166344,0.00536941,25,0.00000000,0.00000000,0.00000000
d1,3,300,sma_stack_bull+breakout20_up+elliott_impulse_bull+cross_group_bull,178,0.05617978,4.32414883,90,0.00000000,0.00000000,0.00000000,45,0.00000000,0.00000000,0.00000000
d1,3,300,sma_stack_bull+breakout_up20+elliott_impulse_bull+cross_group_bull,178,0.05617978,4.32414883,90,0.00000000,0.00000000,0.00000000,45,0.00000000,0.00000000,0.00000000
d1,3,300,sma_stack_bull+retest_up+elliott_impulse_bull+cross_group_bull,178,0.05617978,4.32414883,90,0.00000000,0.00000000,0.00000000,45,0.00000000,0.00000000,0.00000000
d1,3,300,trend_bull+adx_up3+volatility+cross_group_bull,125,0.05600000,4.31031156,24,0.00000000,0.00000000,0.00000000,22,0.00000000,0.00000000,0.00000000
d1,3,300,sma_stack_bull+volatility+horizontal_break_up+mtf_rsi60,125,0.05600000,4.31031156,24,0.00000000,0.00000000,0.00000000,28,0.00000000,0.00000000,0.00000000
d1,3,300,adx25+volatility+breakout20_up+mtf_adx25,125,0.05600000,4.31031156,19,0.00000000,0.00000000,0.00000000,20,0.00000000,0.00000000,0.00000000
d1,3,300,adx25+volatility+breakout_up20+mtf_adx25,125,0.05600000,4.31031156,19,0.00000000,0.00000000,0.00000000,20,0.00000000,0.00000000,0.00000000
d1,3,300,sma_stack_bull+volatility+breakout20_up,143,0.05594406,4.30600555,24,0.00000000,0.00000000,0.00000000,29,0.00000000,0.00000000,0.00000000
d1,3,300,sma_stack_bull+volatility+breakout_up20,143,0.05594406,4.30600555,24,0.00000000,0.00000000,0.00000000,29,0.00000000,0.00000000,0.00000000
d1,3,300,sma_stack_bull+horizontal_break_up+mtf_rsi60+cross_group_bull,161,0.05590062,4.30266238,89,0.00000000,0.00000000,0.00000000,44,0.00000000,0.00000000,0.00000000
d1,3,300,ichimoku_cloud_bull+volatility+breakout20_up+mtf_rsi60,179,0.05586592,4.29999158,30,0.00000000,0.00000000,0.00000000,37,0.00000000,0.00000000,-0.00000000
d1,3,300,ichimoku_cloud_bull+volatility+breakout_up20+mtf_rsi60,179,0.05586592,4.29999158,30,0.00000000,0.00000000,0.00000000,37,0.00000000,0.00000000,-0.00000000
d1,3,300,ichimoku_cloud_bull+adx25+atr_expand+mtf_volatility,197,0.05583756,4.29780884,20,0.00000000,0.00000000,0.00000000,44,0.00000000,0.00000000,0.00000000
d1,3,300,volatility+breakout20_up+mtf_rsi60+cross_target_relative_up,180,0.05555556,4.27610274,40,0.00000000,0.00000000,0.00000000,21,0.00000000,0.00000000,-0.00000000
d1,3,300,volatility+breakout_up20+mtf_rsi60+cross_target_relative_up,180,0.05555556,4.27610274,40,0.00000000,0.00000000,0.00000000,21,0.00000000,0.00000000,-0.00000000
d1,3,300,sma_stack_bull+horizontal_break_up+elliott_wave5_bull+cross_group_bull,144,0.05555556,4.27610274,78,0.00000000,0.00000000,-0.00000000,30,0.00000000,0.00000000,0.00000000
d1,3,300,sma_stack_bull+volatility+horizontal_break_up,126,0.05555556,4.27610274,24,0.00000000,0.00000000,0.00000000,29,0.00000000,0.00000000,0.00000000
d1,5,50,adx_up3+atr_expand+mtf_volatility,218,0.79816514,1.31076396,37,0.83783784,1.39182615,0.68863516,59,0.59322034,1.04871507,0.46593401
d1,5,50,sma_stack_bull+adx_up3+volatility+mtf_volatility,200,0.79500000,1.30556610,23,0.82608696,1.37230544,0.62862352,57,0.73684211,1.30261451,0.61023421
d1,5,50,adx_up3+atr_expand,229,0.78602620,1.29082913,38,0.81578947,1.35519914,0.66581142,60,0.60000000,1.06070039,0.47366053
d1,5,50,sma_stack_bull+bb_expand+breakout20_up+cross_group_bull,123,0.78048780,1.28173386,63,0.49206349,0.81742171,0.37266809,26,0.57692308,1.01990422,0.38948614
d1,5,50,sma_stack_bull+bb_expand+breakout_up20+cross_group_bull,123,0.78048780,1.28173386,63,0.49206349,0.81742171,0.37266809,26,0.57692308,1.01990422,0.38948614
d1,5,50,sma_stack_bull+bb_expand+channel_breakout_up+cross_group_bull,123,0.78048780,1.28173386,63,0.49206349,0.81742171,0.37266809,26,0.57692308,1.01990422,0.38948614
d1,5,50,sma_stack_bull+bb_expand+retest_up+cross_group_bull,123,0.78048780,1.28173386,62,0.50000000,0.83060593,0.37922741,26,0.57692308,1.01990422,0.38948614
d1,5,50,trend_bull+adx_up3+volatility+mtf_volatility,206,0.76699029,1.25956795,26,0.84615385,1.40564080,0.66468801,47,0.70212766,1.24124514,0.56022326
d1,5,50,sma_stack_bull+close_near_high+elliott_wave5_bull+cross_group_bull,141,0.75886525,1.24622483,53,0.52830189,0.87762136,0.39660081,24,0.54166667,0.95757674,0.35074865
d1,5,50,sma_stack_bull+adx25+atr_expand+mtf_volatility,145,0.75862069,1.24582321,17,0.76470588,1.27033848,0.52738202,45,0.82222222,1.45355239,0.68670175
d1,5,50,sma_stack_bull+strong_close_bull+elliott_wave5_bull+cross_group_bull,120,0.75833333,1.24535131,44,0.54545455,0.90611556,0.40066183,16,0.56250000,0.99440661,0.33178556
d1,5,50,sma_stack_bull+close_near_high+elliott_impulse_bull+cross_group_bull,162,0.75308642,1.23673472,58,0.55172414,0.91653068,0.42452083,38,0.63157895,1.11652673,0.47283960
d1,5,50,adx_up3+volatility+mtf_volatility,546,0.75091575,1.23317000,81,0.83950617,1.39459761,0.74452951,120,0.72500000,1.28167964,0.63907034
d1,5,50,sma_stack_bull+elliott_wave5_bull+mtf_trend_bull+cross_group_bull,199,0.74874372,1.22960304,99,0.55555556,0.92289547,0.45742143,39,0.53846154,0.95191061,0.38569448
d1,5,50,trend_bull+bb_expand+elliott_impulse_bull+cross_group_bull,191,0.74869110,1.22951663,64,0.54687500,0.90847523,0.42573597,26,0.61538462,1.08789783,0.42534850
d1,5,50,sma_stack_bull+elliott_wave5_bull+cross_group_bull,202,0.74752475,1.22760123,99,0.55555556,0.92289547,0.45742143,40,0.55000000,0.97230869,0.39829092
d1,5,50,trend_bull+bb_expand+elliott_wave5_bull+cross_group_bull,178,0.74719101,1.22705315,60,0.55000000,0.91366652,0.42491936,17,0.58823529,1.03990234,0.36005443
d1,5,50,sma_stack_bull+adx25+bb_expand+mtf_volatility,253,0.74703557,1.22679789,59,0.61016949,1.01362079,0.48266342,70,0.77142857,1.36375764,0.66049668
d1,5,50,sma_stack_bull+bb_expand+close_near_high+mtf_volatility,150,0.74666667,1.22619206,44,0.68181818,1.13264445,0.53443104,39,0.71794872,1.26921414,0.56224681
d1,5,50,sma_stack_bull+strong_close_bull+elliott_impulse_bull+cross_group_bull,138,0.74637681,1.22571605,49,0.57142857,0.94926392,0.43270493,25,0.60000000,1.06070039,0.40739457
d1,5,50,sma_stack_bull+elliott_wave5_bull+mtf_rsi60+cross_group_bull,201,0.74626866,1.22553844,98,0.55102041,0.91536163,0.45247546,40,0.55000000,0.97230869,0.39829092
d1,5,50,sma_stack_bull+breakout20_up+elliott_wave5_bull+cross_group_bull,168,0.74404762,1.22189100,85,0.54117647,0.89900877,0.43576336,35,0.48571429,0.85866222,0.32994236
d1,5,50,sma_stack_bull+breakout_up20+elliott_wave5_bull+cross_group_bull,168,0.74404762,1.22189100,85,0.54117647,0.89900877,0.43576336,35,0.48571429,0.85866222,0.32994236
d1,5,50,sma_stack_bull+channel_breakout_up+elliott_wave5_bull+cross_group_bull,168,0.74404762,1.22189100,85,0.54117647,0.89900877,0.43576336,35,0.48571429,0.85866222,0.32994236
d1,5,50,sma_stack_bull+retest_up+elliott_wave5_bull+cross_group_bull,168,0.74404762,1.22189100,85,0.54117647,0.89900877,0.43576336,35,0.48571429,0.85866222,0.32994236
d1,5,50,sma_stack_bull+rsi60+elliott_wave5_bull+cross_group_bull,195,0.74358974,1.22113907,93,0.55913978,0.92884964,0.45788157,39,0.53846154,0.95191061,0.38569448
d1,5,50,sma_stack_bull+adx25+atr_expand,155,0.74193548,1.21842241,17,0.76470588,1.27033848,0.52738202,45,0.82222222,1.45355239,0.68670175
d1,5,50,sma_stack_bull+breakout20_up+elliott_impulse_bull+cross_group_bull,178,0.74157303,1.21782719,90,0.54444444,0.90443756,0.44184634,45,0.53333333,0.94284479,0.39077455
d1,5,50,sma_stack_bull+breakout_up20+elliott_impulse_bull+cross_group_bull,178,0.74157303,1.21782719,90,0.54444444,0.90443756,0.44184634,45,0.53333333,0.94284479,0.39077455
d1,5,50,sma_stack_bull+channel_breakout_up+elliott_impulse_bull+cross_group_bull,178,0.74157303,1.21782719,90,0.54444444,0.90443756,0.44184634,45,0.53333333,0.94284479,0.39077455
d1,5,50,sma_stack_bull+retest_up+elliott_impulse_bull+cross_group_bull,178,0.74157303,1.21782719,90,0.54444444,0.90443756,0.44184634,45,0.53333333,0.94284479,0.39077455
d1,5,50,sma_stack_bull+bb_expand+elliott_impulse_bull+cross_group_return_up,123,0.73983740,1.21497689,65,0.50769231,0.84338448,0.38916452,30,0.60000000,1.06070039,0.42320360
d1,5,50,sma_stack_bull+bb_expand+breakout20_up+cross_group_return_up,134,0.73880597,1.21328305,71,0.49295775,0.81890725,0.38005151,34,0.55882353,0.98790723,0.39453899
d1,5,50,sma_stack_bull+bb_expand+breakout_up20+cross_group_return_up,134,0.73880597,1.21328305,71,0.49295775,0.81890725,0.38005151,34,0.55882353,0.98790723,0.39453899
d1,5,50,sma_stack_bull+bb_expand+channel_breakout_up+cross_group_return_up,134,0.73880597,1.21328305,71,0.49295775,0.81890725,0.38005151,34,0.55882353,0.98790723,0.39453899
d1,5,50,sma_stack_bull+bb_expand+retest_up+cross_group_return_up,134,0.73880597,1.21328305,70,0.50000000,0.83060593,0.38595718,33,0.54545455,0.96427308,0.37985939
d1,5,50,trend_bull+bb_expand+close_near_high+mtf_volatility,179,0.73743017,1.21102368,50,0.70000000,1.16284830,0.56249650,39,0.76923077,1.35987229,0.61663743
d1,5,50,sma_stack_bull+close_near_high+elliott_wave5_bull+cross_group_return_up,148,0.73648649,1.20947395,58,0.53448276,0.88788909,0.40800175,32,0.59375000,1.04965143,0.42260025
d1,5,50,sma_stack_bull+bb_expand+close_near_high+cross_group_bull,129,0.73643411,1.20938793,46,0.54347826,0.90283253,0.40180181,33,0.54545455,0.96427308,0.37985939
d1,5,50,sma_stack_bull+bb_expand+mtf_rsi60+cross_group_bull,201,0.73631841,1.20919793,115,0.55652174,0.92450051,0.46535755,52,0.51923077,0.91791380,0.38685683
d1,5,50,sma_stack_bull+strong_close_bull+elliott_wave5_bull+cross_group_return_up,125,0.73600000,1.20867503,48,0.56250000,0.93443167,0.42275017,22,0.63636364,1.12498526,0.42951708
d1,5,50,sma_stack_bull+adx25+volatility+mtf_volatility,428,0.73598131,1.20864433,61,0.57377049,0.95315434,0.44895230,89,0.76404494,1.35070462,0.66606374
d1,5,50,volatility+elliott_impulse_bull+mtf_trend_bull+cross_group_bull,155,0.73548387,1.20782743,30,0.63333333,1.05210084,0.45513564,23,0.78260870,1.38352225,0.58096517
d1,5,50,sma_stack_bull+elliott_impulse_bull+mtf_rsi60+cross_group_bull,223,0.73542601,1.20773241,109,0.56880734,0.94490949,0.47505894,54,0.61111111,1.08034299,0.47788299
d1,5,50,sma_stack_bull+rsi60+elliott_impulse_bull+cross_group_bull,211,0.73459716,1.20637125,101,0.56435644,0.93751560,0.46705647,53,0.60377358,1.06737146,0.46941479
d1,5,50,price200_bull+adx_up3+volatility+mtf_volatility,278,0.73381295,1.20508341,39,0.84615385,1.40564080,0.70270536,60,0.70000000,1.23748379,0.57491292
d1,5,50,atr_expand+mtf_volatility+adx25,303,0.73267327,1.20321180,47,0.72340426,1.20172772,0.58241436,67,0.74626866,1.31927909,0.63070805
d1,5,50,adx25+atr_expand+mtf_volatility,303,0.73267327,1.20321180,47,0.72340426,1.20172772,0.58241436,67,0.74626866,1.31927909,0.63070805
d1,5,50,trend_bull+bb_expand+breakout20_up+cross_group_bull,202,0.73267327,1.20321180,69,0.52173913,0.86671923,0.40587255,29,0.55172414,0.97535668,0.37547963
d1,5,50,trend_bull+bb_expand+breakout_up20+cross_group_bull,202,0.73267327,1.20321180,69,0.52173913,0.86671923,0.40587255,29,0.55172414,0.97535668,0.37547963
d1,5,50,trend_bull+bb_expand+channel_breakout_up+cross_group_bull,202,0.73267327,1.20321180,69,0.52173913,0.86671923,0.40587255,29,0.55172414,0.97535668,0.37547963
d1,5,50,trend_bull+bb_expand+retest_up+cross_group_bull,202,0.73267327,1.20321180,68,0.52941176,0.87946510,0.41240922,29,0.55172414,0.97535668,0.37547963
d1,5,50,sma_stack_bull+elliott_impulse_bull+cross_group_bull,228,0.73245614,1.20285523,110,0.57272727,0.95142133,0.47936923,54,0.61111111,1.08034299,0.47788299
d1,5,50,trend_bull+adx25+bb_expand+mtf_volatility,313,0.73162939,1.20149752,71,0.64788732,1.07627810,0.53182062,69,0.73913043,1.30665990,0.62489426
d1,5,50,sma_stack_bull+elliott_impulse_bull+mtf_trend_bull+cross_group_bull,219,0.73059361,1.19979654,109,0.56880734,0.94490949,0.47505894,53,0.60377358,1.06737146,0.46941479
d1,5,50,sma_stack_bull+adx_up3+bb_expand+close_near_high,170,0.72941176,1.19785569,28,0.67857143,1.12725090,0.49338843,39,0.66666667,1.17855599,0.50977394
d1,5,50,trend_bull+bb_expand+strong_close_bull+mtf_volatility,136,0.72794118,1.19544066,44,0.70454545,1.17039926,0.55779800,29,0.72413793,1.28015564,0.54282868
d1,5,50,trend_bull+bb_expand+strong_close_bull+cross_group_bull,147,0.72789116,1.19535851,39,0.61538462,1.02228422,0.45899061,25,0.48000000,0.84856031,0.30031286
d1,5,50,trend_bull+bb_expand+close_near_high+cross_group_bull,187,0.72727273,1.19434291,48,0.58333333,0.96904025,0.44281332,33,0.54545455,0.96427308,0.37985939
d1,5,50,sma_stack_bull+atr_expand+mtf_volatility,238,0.72689076,1.19371563,48,0.81250000,1.34973463,0.68060133,83,0.75903614,1.34184989,0.65690264
d1,5,50,sma_stack_bull+elliott_wave5_bull+mtf_trend_bull+cross_group_return_up,212,0.72641509,1.19293449,110,0.55454545,0.92121748,0.46138688,50,0.56000000,0.98998703,0.42306028
d1,5,50,volatility+elliott_wave5_bull+mtf_trend_bull+cross_group_bull,124,0.72580645,1.19193497,24,0.58333333,0.96904025,0.38834666,18,0.77777778,1.37498199,0.54785416
d1,5,50,trend_bull+adx25+atr_expand+mtf_volatility,164,0.72560976,1.19161195,25,0.80000000,1.32896948,0.60869050,46,0.78260870,1.38352225,0.64426313
d1,5,50,trend_bull+bb_expand+mtf_rsi60+cross_group_bull,335,0.72537313,1.19122336,121,0.57024793,0.94730263,0.48122152,59,0.50847458,0.89889863,0.38435143
d1,5,50,sma_stack_bull+volatility+mtf_volatility,784,0.72448980,1.18977272,111,0.67567568,1.12244044,0.58398134,148,0.72297297,1.27809619,0.64592599
d1,5,50,volatility+close_near_high+elliott_pullback_bull,127,0.72440945,1.18964078,19,0.63157895,1.04918643,0.41039533,37,0.81081081,1.43337890,0.65795303
d1,5,50,price200_bull+bb_expand+elliott_impulse_bull+cross_group_bull,242,0.72314050,1.18755688,81,0.51851852,0.86136911,0.41135649,31,0.64516129,1.14053805,0.46947954
d1,5,50,trend_bull+bb_expand+breakout20_up+cross_target_relative_up,213,0.72300469,1.18733386,72,0.50000000,0.83060593,0.38747092,22,0.63636364,1.12498526,0.42951708
d1,5,50,trend_bull+bb_expand+breakout_up20+cross_target_relative_up,213,0.72300469,1.18733386,72,0.50000000,0.83060593,0.38747092,22,0.63636364,1.12498526,0.42951708
d1,5,50,trend_bull+bb_expand+channel_breakout_up+cross_target_relative_up,213,0.72300469,1.18733386,72,0.50000000,0.83060593,0.38747092,22,0.63636364,1.12498526,0.42951708
d1,5,50,volatility+breakout20_up+elliott_impulse_bull+cross_group_bull,137,0.72262774,1.18671481,25,0.60000000,0.99672711,0.40739457,23,0.73913043,1.30665990,0.53529995
d1,5,50,volatility+breakout_up20+elliott_impulse_bull+cross_group_bull,137,0.72262774,1.18671481,25,0.60000000,0.99672711,0.40739457,23,0.73913043,1.30665990,0.53529995
d1,5,50,volatility+channel_breakout_up+elliott_impulse_bull+cross_group_bull,137,0.72262774,1.18671481,25,0.60000000,0.99672711,0.40739457,23,0.73913043,1.30665990,0.53529995
d1,5,50,volatility+retest_up+elliott_impulse_bull+cross_group_bull,137,0.72262774,1.18671481,25,0.60000000,0.99672711,0.40739457,23,0.73913043,1.30665990,0.53529995
d1,5,50,sma_stack_bull+elliott_wave5_bull+cross_group_return_up,216,0.72222222,1.18604887,110,0.55454545,0.92121748,0.46138688,51,0.56862745,1.00523893,0.43265302
d1,5,50,price200_bull+volatility+elliott_impulse_bull+cross_group_bull,169,0.72189349,1.18550902,27,0.66666667,1.10747457,0.47824761,32,0.75000000,1.32587549,0.57893441
d1,5,50,trend_bull+bb_expand+retest_up+cross_target_relative_up,212,0.72169811,1.18518816,70,0.50000000,0.83060593,0.38595718,22,0.63636364,1.12498526,0.42951708
d1,5,50,bb_expand+close_near_high+elliott_impulse_bull+cross_group_bull,183,0.72131148,1.18455322,44,0.50000000,0.83060593,0.35831761,22,0.68181818,1.20534135,0.47318598
d1,5,50,sma_stack_bull+adx_up3+volatility,297,0.72053872,1.18328418,38,0.84210526,1.39891524,0.69583188,82,0.75609756,1.33665496,0.65307292
d1,5,50,sma_stack_bull+elliott_wave5_bull+mtf_rsi60+cross_group_return_up,214,0.71962617,1.18178557,109,0.55045872,0.91442854,0.45694216,51,0.56862745,1.00523893,0.43265302
d1,5,50,price200_bull+bb_expand+elliott_wave5_bull+cross_group_bull,221,0.71945701,1.18150778,76,0.51315789,0.85246398,0.40288693,22,0.63636364,1.12498526,0.42951708
d1,5,50,sma_stack_bull+adx_up3+volatility+mtf_rsi60,139,0.71942446,1.18145432,26,0.84615385,1.40564080,0.66468801,26,0.57692308,1.01990422,0.38948614
d1,5,50,sma_stack_bull+rsi60+elliott_wave5_bull+cross_group_return_up,210,0.71904762,1.18083546,103,0.55339806,0.91931141,0.45719211,50,0.56000000,0.98998703,0.42306028
d1,5,50,bb_expand+elliott_impulse_bull+mtf_trend_bull+cross_group_bull,242,0.71900826,1.18077084,84,0.51190476,0.85038226,0.40685183,31,0.64516129,1.14053805,0.46947954
d1,5,50,trend_bull+adx_up3+bb_expand+close_near_high,231,0.71861472,1.18012455,30,0.70000000,1.16284830,0.52124213,41,0.70731707,1.25041916,0.55520532
d1,5,50,adx25+atr_expand,323,0.71826625,1.17955229,47,0.72340426,1.20172772,0.58241436,69,0.75362319,1.33228068,0.64039337
d1,5,50,sma_stack_bull+breakout20_up+elliott_wave5_bull+cross_group_return_up,177,0.71751412,1.17831713,94,0.53191489,0.88362333,0.43178264,42,0.50000000,0.88391699,0.35525990
d1,5,50,sma_stack_bull+breakout_up20+elliott_wave5_bull+cross_group_return_up,177,0.71751412,1.17831713,94,0.53191489,0.88362333,0.43178264,42,0.50000000,0.88391699,0.35525990
d1,5,50,sma_stack_bull+channel_breakout_up+elliott_wave5_bull+cross_group_return_up,177,0.71751412,1.17831713,94,0.53191489,0.88362333,0.43178264,42,0.50000000,0.88391699,0.35525990
d1,5,50,sma_stack_bull+retest_up+elliott_wave5_bull+cross_group_return_up,177,0.71751412,1.17831713,94,0.53191489,0.88362333,0.43178264,42,0.50000000,0.88391699,0.35525990
d1,5,50,sma_stack_bull+adx_up3+bb_expand+breakout20_up,138,0.71739130,1.17811543,41,0.46341463,0.76982988,0.32056234,26,0.53846154,0.95191061,0.35457939
d1,5,50,sma_stack_bull+adx_up3+bb_expand+breakout_up20,138,0.71739130,1.17811543,41,0.46341463,0.76982988,0.32056234,26,0.53846154,0.95191061,0.35457939
d1,5,50,sma_stack_bull+adx_up3+bb_expand+channel_breakout_up,138,0.71739130,1.17811543,41,0.46341463,0.76982988,0.32056234,26,0.53846154,0.95191061,0.35457939
d1,5,50,sma_stack_bull+breakout20_up+close_near_high+cross_group_bull,138,0.71739130,1.17811543,55,0.49090909,0.81550400,0.36376778,37,0.51351351,0.90780664,0.35894897
d1,5,50,sma_stack_bull+breakout_up20+close_near_high+cross_group_bull,138,0.71739130,1.17811543,55,0.49090909,0.81550400,0.36376778,37,0.51351351,0.90780664,0.35894897
d1,5,50,sma_stack_bull+channel_breakout_up+close_near_high+cross_group_bull,138,0.71739130,1.17811543,55,0.49090909,0.81550400,0.36376778,37,0.51351351,0.90780664,0.35894897
d1,5,50,sma_stack_bull+breakout20_up+mtf_rsi60+cross_group_bull,191,0.71727749,1.17792852,97,0.51546392,0.85629477,0.41733126,51,0.49019608,0.86658529,0.35857486
d1,5,50,sma_stack_bull+breakout_up20+mtf_rsi60+cross_group_bull,191,0.71727749,1.17792852,97,0.51546392,0.85629477,0.41733126,51,0.49019608,0.86658529,0.35857486
d1,5,50,sma_stack_bull+channel_breakout_up+mtf_rsi60+cross_group_bull,191,0.71727749,1.17792852,97,0.51546392,0.85629477,0.41733126,51,0.49019608,0.86658529,0.35857486
d1,5,50,sma_stack_bull+retest_up+mtf_rsi60+cross_group_bull,191,0.71727749,1.17792852,96,0.52083333,0.86521451,0.42203768,51,0.49019608,0.86658529,0.35857486
d1,5,50,sma_stack_bull+rsi60+strong_close_bull+cross_group_bull,212,0.71698113,1.17744184,84,0.53571429,0.88993492,0.42984716,50,0.54000000,0.95463035,0.40398871
d1,5,50,sma_stack_bull+breakout20_up+cross_group_bull,194,0.71649485,1.17664325,98,0.52040816,0.86450821,0.42260806,51,0.49019608,0.86658529,0.35857486
d1,5,50,sma_stack_bull+breakout_up20+cross_group_bull,194,0.71649485,1.17664325,98,0.52040816,0.86450821,0.42260806,51,0.49019608,0.86658529,0.35857486
d1,5,50,sma_stack_bull+channel_breakout_up+cross_group_bull,194,0.71649485,1.17664325,98,0.52040816,0.86450821,0.42260806,51,0.49019608,0.86658529,0.35857486
d1,5,50,sma_stack_bull+retest_up+cross_group_bull,194,0.71649485,1.17664325,97,0.52577320,0.87342067,0.42732770,51,0.49019608,0.86658529,0.35857486
d1,5,50,sma_stack_bull+breakout20_up+retest_up+cross_group_bull,194,0.71649485,1.17664325,97,0.52577320,0.87342067,0.42732770,51,0.49019608,0.86658529,0.35857486
d1,5,50,sma_stack_bull+breakout_up20+retest_up+cross_group_bull,194,0.71649485,1.17664325,97,0.52577320,0.87342067,0.42732770,51,0.49019608,0.86658529,0.35857486
d1,5,50,sma_stack_bull+channel_breakout_up+retest_up+cross_group_bull,194,0.71649485,1.17664325,97,0.52577320,0.87342067,0.42732770,51,0.49019608,0.86658529,0.35857486
d1,5,50,sma_stack_bull+breakout20_up+mtf_trend_bull+cross_group_bull,194,0.71649485,1.17664325,98,0.52040816,0.86450821,0.42260806,51,0.49019608,0.86658529,0.35857486
d1,5,50,sma_stack_bull+breakout_up20+mtf_trend_bull+cross_group_bull,194,0.71649485,1.17664325,98,0.52040816,0.86450821,0.42260806,51,0.49019608,0.86658529,0.35857486
d1,5,50,sma_stack_bull+channel_breakout_up+mtf_trend_bull+cross_group_bull,194,0.71649485,1.17664325,98,0.52040816,0.86450821,0.42260806,51,0.49019608,0.86658529,0.35857486
d1,5,50,sma_stack_bull+retest_up+mtf_trend_bull+cross_group_bull,194,0.71649485,1.17664325,97,0.52577320,0.87342067,0.42732770,51,0.49019608,0.86658529,0.35857486
d1,5,50,trend_bull+adx25+atr_expand,176,0.71590909,1.17568131,25,0.80000000,1.32896948,0.60869050,46,0.78260870,1.38352225,0.64426313
d1,5,50,price200_bull+adx25+atr_expand+mtf_volatility,190,0.71578947,1.17548487,24,0.79166667,1.31512605,0.59529547,45,0.73333333,1.29641159,0.58961162
d1,5,50,trend_bull+adx_up3+volatility,341,0.71554252,1.17507932,41,0.85365854,1.41810768,0.71556542,70,0.74285714,1.31324810,0.62973870
d1,5,50,bb_expand+elliott_impulse_bull+mtf_rsi60+cross_group_bull,260,0.71538462,1.17482000,86,0.50000000,0.83060593,0.39660972,32,0.62500000,1.10489624,0.45254407
d1,5,50,adx25+bb_expand+mtf_volatility,670,0.71492537,1.17406582,132,0.65909091,1.09488963,0.57475309,135,0.74814815,1.32260172,0.66875376
d1,5,50,trend_bull+adx25+volatility+mtf_volatility,487,0.71457906,1.17349709,70,0.62857143,1.04419031,0.51147201,89,0.70786517,1.25138810,0.60636494
d1,5,50,trend_bull+bb_expand+elliott_wave5_bull+cross_group_return_up,196,0.71428571,1.17301536,67,0.53731343,0.89259144,0.41916458,23,0.52173913,0.92234816,0.32962737
d1,5,50,trend_bull+bb_expand+strong_close_bull+cross_group_return_up,182,0.71428571,1.17301536,46,0.65217391,1.08339903,0.50770059,36,0.41666667,0.73659749,0.27140562
d1,5,100,sma_stack_bull+adx_up3+volatility+mtf_volatility,200,0.59000000,1.79984664,23,0.39130435,1.20273251,0.22157623,57,0.52631579,1.91553650,0.39918016
d1,5,100,adx_up3+atr_expand+mtf_volatility,218,0.55963303,1.70720954,37,0.62162162,1.91064714,0.46100430,59,0.40677966,1.48048245,0.29089034
d1,5,100,sma_stack_bull+bb_expand+breakout20_up+cross_group_bull,123,0.55284553,1.68650368,63,0.23809524,0.73182137,0.14993784,26,0.19230769,0.69990757,0.08507061
d1,5,100,sma_stack_bull+bb_expand+breakout_up20+cross_group_bull,123,0.55284553,1.68650368,63,0.23809524,0.73182137,0.14993784,26,0.19230769,0.69990757,0.08507061
d1,5,100,sma_stack_bull+bb_expand+channel_breakout_up+cross_group_bull,123,0.55284553,1.68650368,63,0.23809524,0.73182137,0.14993784,26,0.19230769,0.69990757,0.08507061
d1,5,100,sma_stack_bull+bb_expand+retest_up+cross_group_bull,123,0.55284553,1.68650368,62,0.24193548,0.74362494,0.15245896,26,0.19230769,0.69990757,0.08507061
d1,5,100,adx_up3+atr_expand,229,0.55021834,1.67848921,38,0.60526316,1.86036696,0.44717868,60,0.40000000,1.45580774,0.28569491
d1,5,100,trend_bull+adx_up3+volatility+mtf_volatility,206,0.54368932,1.65857186,26,0.46153846,1.41860758,0.28755854,47,0.44680851,1.62616822,0.31410966
d1,5,100,price200_bull+volatility+elliott_wave5_bull+cross_group_bull,131,0.53435115,1.63008494,22,0.36363636,1.11769082,0.19733205,24,0.45833333,1.66811304,0.27891334
d1,5,100,sma_stack_bull+adx_up3+volatility+mtf_rsi60,139,0.53237410,1.62405379,26,0.34615385,1.06395568,0.19412230,26,0.26923077,0.97987060,0.13704448
d1,5,100,volatility+elliott_wave5_bull+mtf_trend_bull+cross_group_bull,124,0.53225806,1.62369982,24,0.25000000,0.76841244,0.11999366,18,0.50000000,1.81975968,0.29031022
d1,5,100,sma_stack_bull+close_near_high+elliott_impulse_bull+cross_group_bull,162,0.53086420,1.61944770,58,0.25862069,0.79490942,0.16345545,38,0.31578947,1.14932190,0.19084604
d1,5,100,sma_stack_bull+strong_close_bull+elliott_wave5_bull+cross_group_bull,120,0.52500000,1.60155845,44,0.29545455,0.90812379,0.18155529,16,0.37500000,1.36481976,0.18481233
d1,5,100,sma_stack_bull+close_near_high+elliott_wave5_bull+cross_group_bull,141,0.52482270,1.60101757,53,0.26415094,0.81190748,0.16437354,24,0.37500000,1.36481976,0.21159368
d1,5,100,sma_stack_bull+breakout20_up+elliott_wave5_bull+cross_group_bull,168,0.52380952,1.59792680,85,0.27058824,0.83169346,0.18759617,35,0.28571429,1.03986267,0.16326536
d1,5,100,sma_stack_bull+breakout_up20+elliott_wave5_bull+cross_group_bull,168,0.52380952,1.59792680,85,0.27058824,0.83169346,0.18759617,35,0.28571429,1.03986267,0.16326536
d1,5,100,sma_stack_bull+channel_breakout_up+elliott_wave5_bull+cross_group_bull,168,0.52380952,1.59792680,85,0.27058824,0.83169346,0.18759617,35,0.28571429,1.03986267,0.16326536
d1,5,100,sma_stack_bull+retest_up+elliott_wave5_bull+cross_group_bull,168,0.52380952,1.59792680,85,0.27058824,0.83169346,0.18759617,35,0.28571429,1.03986267,0.16326536
d1,5,100,price200_bull+volatility+close_near_high+elliott_wave5_bull,172,0.52325581,1.59623766,16,0.37500000,1.15261866,0.18481233,27,0.33333333,1.21317312,0.18643261
d1,5,100,sma_stack_bull+breakout20_up+elliott_impulse_bull+cross_group_bull,178,0.52247191,1.59384629,90,0.25555556,0.78548827,0.17674759,45,0.26666667,0.97053850,0.15964904
d1,5,100,sma_stack_bull+breakout_up20+elliott_impulse_bull+cross_group_bull,178,0.52247191,1.59384629,90,0.25555556,0.78548827,0.17674759,45,0.26666667,0.97053850,0.15964904
d1,5,100,sma_stack_bull+channel_breakout_up+elliott_impulse_bull+cross_group_bull,178,0.52247191,1.59384629,90,0.25555556,0.78548827,0.17674759,45,0.26666667,0.97053850,0.15964904
d1,5,100,sma_stack_bull+retest_up+elliott_impulse_bull+cross_group_bull,178,0.52247191,1.59384629,90,0.25555556,0.78548827,0.17674759,45,0.26666667,0.97053850,0.15964904
d1,5,100,sma_stack_bull+breakout20_up+close_near_high+cross_group_bull,138,0.52173913,1.59161089,55,0.23636364,0.72649903,0.14366656,37,0.29729730,1.08201927,0.17489479
d1,5,100,sma_stack_bull+breakout_up20+close_near_high+cross_group_bull,138,0.52173913,1.59161089,55,0.23636364,0.72649903,0.14366656,37,0.29729730,1.08201927,0.17489479
d1,5,100,sma_stack_bull+channel_breakout_up+close_near_high+cross_group_bull,138,0.52173913,1.59161089,55,0.23636364,0.72649903,0.14366656,37,0.29729730,1.08201927,0.17489479
d1,5,100,sma_stack_bull+strong_close_bull+elliott_impulse_bull+cross_group_bull,138,0.52173913,1.59161089,49,0.28571429,0.87818564,0.17849594,25,0.28000000,1.01906542,0.14283854
d1,5,100,sma_stack_bull+bb_expand+elliott_impulse_bull+cross_group_return_up,123,0.52032520,1.58729758,65,0.24615385,0.75659071,0.15757987,30,0.23333333,0.84922118,0.11792388
d1,5,100,trend_bull+volatility+close_near_high+elliott_impulse_bull,150,0.52000000,1.58630552,11,0.09090909,0.27942270,0.01623217,23,0.26086957,0.94943983,0.12548616
d1,5,100,volatility+breakout20_up+mtf_trend_bull+cross_group_bull,129,0.51937984,1.58441368,26,0.23076923,0.70930379,0.11033849,21,0.38095238,1.38648357,0.20751011
d1,5,100,volatility+breakout_up20+mtf_trend_bull+cross_group_bull,129,0.51937984,1.58441368,26,0.23076923,0.70930379,0.11033849,21,0.38095238,1.38648357,0.20751011
d1,5,100,volatility+channel_breakout_up+mtf_trend_bull+cross_group_bull,129,0.51937984,1.58441368,26,0.23076923,0.70930379,0.11033849,21,0.38095238,1.38648357,0.20751011
d1,5,100,volatility+retest_up+mtf_trend_bull+cross_group_bull,129,0.51937984,1.58441368,26,0.23076923,0.70930379,0.11033849,21,0.38095238,1.38648357,0.20751011
d1,5,100,adx_up3+volatility+mtf_volatility,546,0.51831502,1.58116533,81,0.54320988,1.66963690,0.43524016,120,0.46666667,1.69844237,0.37982917
d1,5,100,sma_stack_bull+bb_expand+breakout20_up+cross_group_return_up,134,0.51492537,1.57082492,71,0.26760563,0.82252599,0.17852803,34,0.20588235,0.74931281,0.10349527
d1,5,100,sma_stack_bull+bb_expand+breakout_up20+cross_group_return_up,134,0.51492537,1.57082492,71,0.26760563,0.82252599,0.17852803,34,0.20588235,0.74931281,0.10349527
d1,5,100,sma_stack_bull+bb_expand+channel_breakout_up+cross_group_return_up,134,0.51492537,1.57082492,71,0.26760563,0.82252599,0.17852803,34,0.20588235,0.74931281,0.10349527
d1,5,100,sma_stack_bull+bb_expand+retest_up+cross_group_return_up,134,0.51492537,1.57082492,70,0.27142857,0.83427636,0.18119600,33,0.18181818,0.66173079,0.08610768
d1,5,100,price200_bull+volatility+elliott_impulse_bull+cross_group_bull,169,0.51479290,1.57042080,27,0.40740741,1.25222768,0.24514757,32,0.37500000,1.36481976,0.22933887
d1,5,100,sma_stack_bull+breakout20_up+close_near_high+cross_group_return_up,146,0.51369863,1.56708264,67,0.29850746,0.91750739,0.20231511,46,0.23913043,0.87031985,0.13912178
d1,5,100,sma_stack_bull+breakout_up20+close_near_high+cross_group_return_up,146,0.51369863,1.56708264,67,0.29850746,0.91750739,0.20231511,46,0.23913043,0.87031985,0.13912178
d1,5,100,sma_stack_bull+channel_breakout_up+close_near_high+cross_group_return_up,146,0.51369863,1.56708264,67,0.29850746,0.91750739,0.20231511,46,0.23913043,0.87031985,0.13912178
d1,5,100,sma_stack_bull+bb_expand+mtf_rsi60+cross_group_bull,201,0.51243781,1.56323640,115,0.26086957,0.80182168,0.18927464,52,0.21153846,0.76989833,0.12244371
d1,5,100,sma_stack_bull+breakout20_up+strong_close_bull+cross_group_return_up,125,0.51200000,1.56190082,55,0.34545455,1.06180628,0.23362710,34,0.23529412,0.85635750,0.12436986
d1,5,100,sma_stack_bull+breakout_up20+strong_close_bull+cross_group_return_up,125,0.51200000,1.56190082,55,0.34545455,1.06180628,0.23362710,34,0.23529412,0.85635750,0.12436986
d1,5,100,sma_stack_bull+channel_breakout_up+strong_close_bull+cross_group_return_up,125,0.51200000,1.56190082,55,0.34545455,1.06180628,0.23362710,34,0.23529412,0.85635750,0.12436986
d1,5,100,sma_stack_bull+strong_close_bull+elliott_wave5_bull+cross_group_return_up,125,0.51200000,1.56190082,48,0.33333333,1.02454992,0.21676781,22,0.31818182,1.15802889,0.16360593
d1,5,100,price200_bull+volatility+breakout20_up+cross_group_bull,127,0.51181102,1.56132433,23,0.26086957,0.80182168,0.12548616,23,0.34782609,1.26591978,0.18811276
d1,5,100,price200_bull+volatility+breakout_up20+cross_group_bull,127,0.51181102,1.56132433,23,0.26086957,0.80182168,0.12548616,23,0.34782609,1.26591978,0.18811276
d1,5,100,price200_bull+volatility+channel_breakout_up+cross_group_bull,127,0.51181102,1.56132433,23,0.26086957,0.80182168,0.12548616,23,0.34782609,1.26591978,0.18811276
d1,5,100,trend_bull+volatility+strong_close_bull+elliott_impulse_bull,127,0.51181102,1.56132433,9,0.11111111,0.34151664,0.01989089,17,0.29411765,1.07044687,0.13279990
d1,5,100,price200_bull+volatility+retest_up+cross_group_bull,127,0.51181102,1.56132433,23,0.26086957,0.80182168,0.12548616,23,0.34782609,1.26591978,0.18811276
d1,5,100,sma_stack_bull+bb_expand+close_near_high+cross_group_bull,129,0.51162791,1.56076571,46,0.23913043,0.73500320,0.13912178,33,0.21212121,0.77201926,0.10676022
d1,5,100,price200_bull+adx_up3+volatility+mtf_volatility,278,0.51079137,1.55821378,39,0.48717949,1.49741911,0.33865175,60,0.45000000,1.63778371,0.33093654
d1,5,100,sma_stack_bull+bb_expand+close_near_high+elliott_impulse_bull,159,0.50943396,1.55407289,42,0.28571429,0.87818564,0.17167025,27,0.22222222,0.80878208,0.10607239
d1,5,100,sma_stack_bull+breakout20_up+elliott_wave5_bull+cross_group_return_up,177,0.50847458,1.55114620,94,0.27659574,0.85015844,0.19630020,42,0.23809524,0.86655223,0.13480964
d1,5,100,sma_stack_bull+breakout_up20+elliott_wave5_bull+cross_group_return_up,177,0.50847458,1.55114620,94,0.27659574,0.85015844,0.19630020,42,0.23809524,0.86655223,0.13480964
d1,5,100,sma_stack_bull+channel_breakout_up+elliott_wave5_bull+cross_group_return_up,177,0.50847458,1.55114620,94,0.27659574,0.85015844,0.19630020,42,0.23809524,0.86655223,0.13480964
d1,5,100,sma_stack_bull+retest_up+elliott_wave5_bull+cross_group_return_up,177,0.50847458,1.55114620,94,0.27659574,0.85015844,0.19630020,42,0.23809524,0.86655223,0.13480964
d1,5,100,sma_stack_bull+adx_up3+volatility,297,0.50841751,1.55097211,38,0.44736842,1.37505384,0.30146401,82,0.45121951,1.64222215,0.34811270
d1,5,100,sma_stack_bull+breakout20_up+mtf_rsi60+cross_group_bull,191,0.50785340,1.54925126,97,0.25773196,0.79217777,0.18109592,51,0.25490196,0.92772062,0.15545768
d1,5,100,sma_stack_bull+breakout_up20+mtf_rsi60+cross_group_bull,191,0.50785340,1.54925126,97,0.25773196,0.79217777,0.18109592,51,0.25490196,0.92772062,0.15545768
d1,5,100,sma_stack_bull+channel_breakout_up+mtf_rsi60+cross_group_bull,191,0.50785340,1.54925126,97,0.25773196,0.79217777,0.18109592,51,0.25490196,0.92772062,0.15545768
d1,5,100,sma_stack_bull+retest_up+mtf_rsi60+cross_group_bull,191,0.50785340,1.54925126,96,0.26041667,0.80042962,0.18305900,51,0.25490196,0.92772062,0.15545768
d1,5,100,sma_stack_bull+volatility+elliott_wave5_bull+mtf_rsi60,134,0.50746269,1.54805934,22,0.27272727,0.83826811,0.13150760,22,0.36363636,1.32346159,0.19733205
d1,5,100,sma_stack_bull+close_near_high+elliott_wave5_bull+cross_group_return_up,148,0.50675676,1.54590584,58,0.29310345,0.90089734,0.19178183,32,0.31250000,1.13734980,0.17952542
d1,5,100,sma_stack_bull+bb_expand+breakout20_up+close_near_high,170,0.50588235,1.54323840,50,0.28000000,0.86062193,0.17474171,31,0.19354839,0.70442310,0.09187008
d1,5,100,sma_stack_bull+bb_expand+breakout_up20+close_near_high,170,0.50588235,1.54323840,50,0.28000000,0.86062193,0.17474171,31,0.19354839,0.70442310,0.09187008
d1,5,100,sma_stack_bull+bb_expand+channel_breakout_up+close_near_high,170,0.50588235,1.54323840,50,0.28000000,0.86062193,0.17474171,31,0.19354839,0.70442310,0.09187008
d1,5,100,sma_stack_bull+breakout20_up+elliott_impulse_bull+cross_group_return_up,188,0.50531915,1.54152030,102,0.25490196,0.78347935,0.18029658,55,0.23636364,0.86025003,0.14366656
d1,5,100,sma_stack_bull+breakout_up20+elliott_impulse_bull+cross_group_return_up,188,0.50531915,1.54152030,102,0.25490196,0.78347935,0.18029658,55,0.23636364,0.86025003,0.14366656
d1,5,100,sma_stack_bull+channel_breakout_up+elliott_impulse_bull+cross_group_return_up,188,0.50531915,1.54152030,102,0.25490196,0.78347935,0.18029658,55,0.23636364,0.86025003,0.14366656
d1,5,100,sma_stack_bull+retest_up+elliott_impulse_bull+cross_group_return_up,188,0.50531915,1.54152030,102,0.25490196,0.78347935,0.18029658,55,0.23636364,0.86025003,0.14366656
d1,5,100,price200_bull+volatility+close_near_high+elliott_impulse_bull,224,0.50446429,1.53891246,21,0.33333333,1.02454992,0.17194753,42,0.26190476,0.95320745,0.15302640
d1,5,100,sma_stack_bull+volatility+elliott_wave5_bull,135,0.50370370,1.53659224,22,0.27272727,0.83826811,0.13150760,22,0.36363636,1.32346159,0.19733205
d1,5,100,price200_bull+volatility+strong_close_bull+elliott_wave5_bull,141,0.50354610,1.53611145,13,0.38461538,1.18217298,0.17709708,20,0.35000000,1.27383178,0.18119182
d1,5,100,sma_stack_bull+adx25+atr_expand+mtf_volatility,145,0.50344828,1.53581303,17,0.35294118,1.08481756,0.17309720,45,0.53333333,1.94107699,0.39077455
d1,5,100,sma_stack_bull+bb_expand+close_near_high+elliott_wave5_bull,147,0.50340136,1.53566991,39,0.30769231,0.94573839,0.18565932,16,0.31250000,1.13734980,0.14164644
d1,5,100,sma_stack_bull+volatility+strong_close_bull+mtf_volatility,147,0.50340136,1.53566991,30,0.36666667,1.12700491,0.21873921,26,0.46153846,1.67977817,0.28755854
d1,5,100,volatility+elliott_impulse_bull+mtf_trend_bull+cross_group_bull,155,0.50322581,1.53513437,30,0.26666667,0.81963993,0.14182663,23,0.39130435,1.42415975,0.22157623
d1,5,100,sma_stack_bull+elliott_wave5_bull+mtf_trend_bull+cross_group_bull,199,0.50251256,1.53295856,99,0.30303030,0.93140902,0.22126290,39,0.33333333,1.21317312,0.20632956
d1,5,100,sma_stack_bull+adx25+bb_expand+mtf_volatility,253,0.50197628,1.53132260,59,0.30508475,0.93772365,0.20253632,70,0.55714286,2.02773221,0.44083551
d1,5,100,sma_stack_bull+adx_up3+bb_expand+mtf_volatility,248,0.50000000,1.52529377,57,0.26315789,0.80885520,0.16645787,83,0.50602410,1.84168449,0.40060395
d1,5,100,sma_stack_bull+elliott_impulse_bull+cross_group_bull,228,0.50000000,1.52529377,110,0.30000000,0.92209493,0.22229896,54,0.29629630,1.07837611,0.19137425
d1,5,100,sma_stack_bull+elliott_wave5_bull+cross_group_bull,202,0.50000000,1.52529377,99,0.30303030,0.93140902,0.22126290,40,0.32500000,1.18284379,0.20084502
d1,5,100,sma_stack_bull+breakout20_up+cross_group_bull,194,0.50000000,1.52529377,98,0.25510204,0.78409433,0.17917461,51,0.25490196,0.92772062,0.15545768
d1,5,100,sma_stack_bull+breakout_up20+cross_group_bull,194,0.50000000,1.52529377,98,0.25510204,0.78409433,0.17917461,51,0.25490196,0.92772062,0.15545768
d1,5,100,sma_stack_bull+channel_breakout_up+cross_group_bull,194,0.50000000,1.52529377,98,0.25510204,0.78409433,0.17917461,51,0.25490196,0.92772062,0.15545768
d1,5,100,sma_stack_bull+retest_up+cross_group_bull,194,0.50000000,1.52529377,97,0.25773196,0.79217777,0.18109592,51,0.25490196,0.92772062,0.15545768
d1,5,100,sma_stack_bull+breakout20_up+retest_up+cross_group_bull,194,0.50000000,1.52529377,97,0.25773196,0.79217777,0.18109592,51,0.25490196,0.92772062,0.15545768
d1,5,100,sma_stack_bull+breakout_up20+retest_up+cross_group_bull,194,0.50000000,1.52529377,97,0.25773196,0.79217777,0.18109592,51,0.25490196,0.92772062,0.15545768
d1,5,100,sma_stack_bull+channel_breakout_up+retest_up+cross_group_bull,194,0.50000000,1.52529377,97,0.25773196,0.79217777,0.18109592,51,0.25490196,0.92772062,0.15545768
d1,5,100,sma_stack_bull+breakout20_up+mtf_trend_bull+cross_group_bull,194,0.50000000,1.52529377,98,0.25510204,0.78409433,0.17917461,51,0.25490196,0.92772062,0.15545768
d1,5,100,sma_stack_bull+breakout_up20+mtf_trend_bull+cross_group_bull,194,0.50000000,1.52529377,98,0.25510204,0.78409433,0.17917461,51,0.25490196,0.92772062,0.15545768
d1,5,100,sma_stack_bull+channel_breakout_up+mtf_trend_bull+cross_group_bull,194,0.50000000,1.52529377,98,0.25510204,0.78409433,0.17917461,51,0.25490196,0.92772062,0.15545768
d1,5,100,sma_stack_bull+retest_up+mtf_trend_bull+cross_group_bull,194,0.50000000,1.52529377,97,0.25773196,0.79217777,0.18109592,51,0.25490196,0.92772062,0.15545768
d1,5,100,sma_stack_bull+rsi60+breakout20_up+cross_group_bull,192,0.50000000,1.52529377,96,0.25000000,0.76841244,0.17413968,51,0.25490196,0.92772062,0.15545768
d1,5,100,sma_stack_bull+rsi60+breakout_up20+cross_group_bull,192,0.50000000,1.52529377,96,0.25000000,0.76841244,0.17413968,51,0.25490196,0.92772062,0.15545768
d1,5,100,sma_stack_bull+rsi60+channel_breakout_up+cross_group_bull,192,0.50000000,1.52529377,96,0.25000000,0.76841244,0.17413968,51,0.25490196,0.92772062,0.15545768
d1,5,100,sma_stack_bull+rsi60+retest_up+cross_group_bull,192,0.50000000,1.52529377,95,0.25263158,0.77650099,0.17604542,51,0.25490196,0.92772062,0.15545768
d1,5,100,sma_stack_bull+volatility+mtf_rsi60+cross_group_bull,164,0.50000000,1.52529377,40,0.47500000,1.45998363,0.32935470,32,0.31250000,1.13734980,0.17952542
d1,5,100,price200_bull+volatility+elliott_wave5_bull+cross_group_return_up,156,0.50000000,1.52529377,26,0.34615385,1.06395568,0.19412230,35,0.40000000,1.45580774,0.25550729
d1,5,100,sma_stack_bull+bb_expand+close_near_high+mtf_volatility,150,0.50000000,1.52529377,44,0.45454545,1.39711352,0.31705234,39,0.41025641,1.49313615,0.27079310
d1,5,100,sma_stack_bull+adx_up3+mtf_volatility,339,0.49852507,1.52079437,80,0.25000000,0.76841244,0.16806232,98,0.44897959,1.63406992,0.35428362
d1,5,100,sma_stack_bull+elliott_impulse_bull+mtf_rsi60+cross_group_bull,223,0.49775785,1.51845388,109,0.30275229,0.93055451,0.22442994,54,0.29629630,1.07837611,0.19137425
d1,5,100,sma_stack_bull+elliott_wave5_bull+mtf_rsi60+cross_group_bull,201,0.49751244,1.51770524,98,0.30612245,0.94091319,0.22362660,40,0.32500000,1.18284379,0.20084502
d1,5,100,sma_stack_bull+rsi60+elliott_wave5_bull+cross_group_bull,195,0.49743590,1.51747175,93,0.31182796,0.95844992,0.22672869,39,0.33333333,1.21317312,0.20632956
d1,5,100,trend_bull+bb_expand+elliott_impulse_bull+cross_group_bull,191,0.49738220,1.51730793,64,0.25000000,0.76841244,0.16014927,26,0.23076923,0.83988908,0.11033849
d1,5,100,sma_stack_bull+close_near_high+elliott_impulse_bull+cross_group_return_up,173,0.49710983,1.51647704,66,0.27272727,0.83826811,0.18003345,49,0.26530612,0.96558677,0.16211282
d1,5,100,sma_stack_bull+breakout20_up+mtf_rsi60+cross_group_return_up,204,0.49509804,1.51033991,114,0.28947368,0.88974072,0.21416645,66,0.22727273,0.82716349,0.14285230
d1,5,100,sma_stack_bull+breakout_up20+mtf_rsi60+cross_group_return_up,204,0.49509804,1.51033991,114,0.28947368,0.88974072,0.21416645,66,0.22727273,0.82716349,0.14285230
d1,5,100,sma_stack_bull+channel_breakout_up+mtf_rsi60+cross_group_return_up,204,0.49509804,1.51033991,114,0.28947368,0.88974072,0.21416645,66,0.22727273,0.82716349,0.14285230
d1,5,100,sma_stack_bull+retest_up+mtf_rsi60+cross_group_return_up,204,0.49509804,1.51033991,113,0.29203540,0.89761453,0.21614306,65,0.21538462,0.78389648,0.13286758
d1,5,100,trend_bull+bb_expand+elliott_wave5_bull+cross_group_bull,178,0.49438202,1.50815563,60,0.26666667,0.81963993,0.17132640,17,0.29411765,1.07044687,0.13279990
d1,5,100,sma_stack_bull+volatility+elliott_impulse_bull+mtf_rsi60,166,0.49397590,1.50691673,27,0.29629630,0.91071104,0.15853040,33,0.24242424,0.88230772,0.12831713
d1,5,100,sma_stack_bull+elliott_impulse_bull+mtf_trend_bull+cross_group_bull,219,0.49315068,1.50439933,109,0.29357798,0.90235589,0.21628704,53,0.30188679,1.09872283,0.19518303
d1,5,100,sma_stack_bull+strong_close_bull+elliott_impulse_bull+cross_group_return_up,146,0.49315068,1.50439933,55,0.30909091,0.95003720,0.20282288,34,0.23529412,0.85635750,0.12436986
d1,5,100,sma_stack_bull+rsi60+elliott_impulse_bull+cross_group_bull,211,0.49289100,1.50360712,101,0.30693069,0.94339745,0.22543627,53,0.30188679,1.09872283,0.19518303
d1,5,100,price200_bull+volatility+mtf_rsi60+cross_group_bull,343,0.49271137,1.50305916,67,0.46268657,1.42213645,0.34858444,72,0.38888889,1.41536864,0.28465714
d1,5,100,sma_stack_bull+volatility+elliott_wave5_bull+mtf_trend_bull,132,0.49242424,1.50218325,22,0.27272727,0.83826811,0.13150760,22,0.36363636,1.32346159,0.19733205
d1,5,150,adx_up3+atr_expand+mtf_volatility,218,0.37614679,2.11662027,37,0.45945946,2.56042987,0.31038570,59,0.18644068,1.39625629,0.10742722
d1,5,150,volatility+breakout20_up+mtf_trend_bull+cross_group_bull,129,0.37209302,2.09380927,26,0.07692308,0.42866925,0.02135509,21,0.14285714,1.06985871,0.04981012
d1,5,150,volatility+breakout_up20+mtf_trend_bull+cross_group_bull,129,0.37209302,2.09380927,26,0.07692308,0.42866925,0.02135509,21,0.14285714,1.06985871,0.04981012
d1,5,150,volatility+channel_breakout_up+mtf_trend_bull+cross_group_bull,129,0.37209302,2.09380927,26,0.07692308,0.42866925,0.02135509,21,0.14285714,1.06985871,0.04981012
d1,5,150,volatility+retest_up+mtf_trend_bull+cross_group_bull,129,0.37209302,2.09380927,26,0.07692308,0.42866925,0.02135509,21,0.14285714,1.06985871,0.04981012
d1,5,150,adx_up3+atr_expand,229,0.37117904,2.08866618,38,0.44736842,2.49305013,0.30146401,60,0.18333333,1.37298535,0.10557797
d1,5,150,price200_bull+volatility+breakout20_up+cross_group_bull,127,0.37007874,2.08247467,23,0.08695652,0.48458263,0.02418000,23,0.13043478,0.97682752,0.04537659
d1,5,150,price200_bull+volatility+breakout_up20+cross_group_bull,127,0.37007874,2.08247467,23,0.08695652,0.48458263,0.02418000,23,0.13043478,0.97682752,0.04537659
d1,5,150,price200_bull+volatility+channel_breakout_up+cross_group_bull,127,0.37007874,2.08247467,23,0.08695652,0.48458263,0.02418000,23,0.13043478,0.97682752,0.04537659
d1,5,150,price200_bull+volatility+retest_up+cross_group_bull,127,0.37007874,2.08247467,23,0.08695652,0.48458263,0.02418000,23,0.13043478,0.97682752,0.04537659
d1,5,150,sma_stack_bull+bb_expand+breakout20_up+cross_group_bull,123,0.36585366,2.05869966,63,0.11111111,0.61918892,0.05487549,26,0.19230769,1.44019442,0.08507061
d1,5,150,sma_stack_bull+bb_expand+breakout_up20+cross_group_bull,123,0.36585366,2.05869966,63,0.11111111,0.61918892,0.05487549,26,0.19230769,1.44019442,0.08507061
d1,5,150,sma_stack_bull+bb_expand+channel_breakout_up+cross_group_bull,123,0.36585366,2.05869966,63,0.11111111,0.61918892,0.05487549,26,0.19230769,1.44019442,0.08507061
d1,5,150,sma_stack_bull+bb_expand+retest_up+cross_group_bull,123,0.36585366,2.05869966,62,0.11290323,0.62917584,0.05577864,26,0.19230769,1.44019442,0.08507061
d1,5,150,sma_stack_bull+close_near_high+elliott_impulse_bull+cross_group_bull,162,0.36419753,2.04938045,58,0.10344828,0.57648624,0.04828141,38,0.23684211,1.77371313,0.12993707
d1,5,150,sma_stack_bull+adx25+atr_expand+mtf_volatility,145,0.35862069,2.01799894,17,0.23529412,1.31122360,0.09555044,45,0.17777778,1.33137973,0.09294390
d1,5,150,price200_bull+volatility+elliott_impulse_bull+cross_group_bull,169,0.35502959,1.99779139,27,0.22222222,1.23837784,0.10607239,32,0.15625000,1.17015797,0.06864420
d1,5,150,volatility+elliott_wave5_bull+mtf_trend_bull+cross_group_bull,124,0.35483871,1.99671731,24,0.08333333,0.46439169,0.02315882,18,0.16666667,1.24816850,0.05836577
d1,5,150,trend_bull+volatility+strong_close_bull+elliott_impulse_bull,127,0.35433071,1.99385873,9,0.00000000,0.00000000,0.00000000,17,0.11764706,0.88106012,0.03287977
d1,5,150,sma_stack_bull+volatility+mtf_rsi60+cross_group_bull,164,0.35365854,1.99007634,40,0.22500000,1.25385757,0.12316091,32,0.18750000,1.40418956,0.08889545
d1,5,150,price200_bull+volatility+mtf_rsi60+cross_group_bull,343,0.35276968,1.98507464,67,0.22388060,1.24761947,0.14063731,72,0.18055556,1.35218254,0.10866817
d1,5,150,price200_bull+volatility+elliott_wave5_bull+cross_group_bull,131,0.35114504,1.97593260,22,0.13636364,0.75991368,0.04749004,24,0.16666667,1.24816850,0.06678676
d1,5,150,volatility+breakout20_up+elliott_impulse_bull+cross_group_bull,137,0.35036496,1.97154304,25,0.08000000,0.44581602,0.02222040,23,0.13043478,0.97682752,0.04537659
d1,5,150,volatility+breakout_up20+elliott_impulse_bull+cross_group_bull,137,0.35036496,1.97154304,25,0.08000000,0.44581602,0.02222040,23,0.13043478,0.97682752,0.04537659
d1,5,150,volatility+channel_breakout_up+elliott_impulse_bull+cross_group_bull,137,0.35036496,1.97154304,25,0.08000000,0.44581602,0.02222040,23,0.13043478,0.97682752,0.04537659
d1,5,150,volatility+retest_up+elliott_impulse_bull+cross_group_bull,137,0.35036496,1.97154304,25,0.08000000,0.44581602,0.02222040,23,0.13043478,0.97682752,0.04537659
d1,5,150,sma_stack_bull+adx_up3+volatility+mtf_volatility,200,0.35000000,1.96948935,23,0.26086957,1.45374790,0.12548616,57,0.28070175,2.10217852,0.18079399
d1,5,150,sma_stack_bull+bb_expand+elliott_impulse_bull+cross_group_return_up,123,0.34959350,1.96720190,65,0.10769231,0.60013696,0.05315422,30,0.23333333,1.74743590,0.11792388
d1,5,150,sma_stack_bull+adx25+atr_expand,155,0.34838710,1.96041336,17,0.23529412,1.31122360,0.09555044,45,0.17777778,1.33137973,0.09294390
d1,5,150,volatility+elliott_impulse_bull+mtf_trend_bull+cross_group_bull,155,0.34838710,1.96041336,30,0.13333333,0.74302671,0.05309655,23,0.13043478,0.97682752,0.04537659
d1,5,150,sma_stack_bull+strong_close_bull+elliott_impulse_bull+cross_group_bull,138,0.34782609,1.95725649,49,0.12244898,0.68237146,0.05734826,25,0.20000000,1.49780220,0.08860585
d1,5,150,trend_bull+volatility+close_near_high+elliott_impulse_bull,150,0.34666667,1.95073230,11,0.00000000,0.00000000,0.00000000,23,0.08695652,0.65121835,0.02418000
d1,5,150,trend_bull+volatility+mtf_rsi60+cross_group_bull,238,0.34453782,1.93875302,42,0.21428571,1.19415006,0.11705800,40,0.17500000,1.31057692,0.08745414
d1,5,150,sma_stack_bull+bb_expand+breakout20_up+cross_group_return_up,134,0.34328358,1.93169531,71,0.12676056,0.70639863,0.06814528,34,0.20588235,1.54185520,0.10349527
d1,5,150,sma_stack_bull+bb_expand+breakout_up20+cross_group_return_up,134,0.34328358,1.93169531,71,0.12676056,0.70639863,0.06814528,34,0.20588235,1.54185520,0.10349527
d1,5,150,sma_stack_bull+bb_expand+channel_breakout_up+cross_group_return_up,134,0.34328358,1.93169531,71,0.12676056,0.70639863,0.06814528,34,0.20588235,1.54185520,0.10349527
d1,5,150,sma_stack_bull+bb_expand+retest_up+cross_group_return_up,134,0.34328358,1.93169531,70,0.12857143,0.71649004,0.06914100,33,0.18181818,1.36163836,0.08610768
d1,5,150,trend_bull+volatility+elliott_impulse_bull+cross_group_return_up,129,0.34108527,1.91932517,21,0.14285714,0.79610004,0.04981012,29,0.06896552,0.51648352,0.01912127
d1,5,150,sma_stack_bull+breakout20_up+close_near_high+cross_group_bull,138,0.34057971,1.91648032,55,0.09090909,0.50660912,0.03945816,37,0.18918919,1.41683992,0.09479979
d1,5,150,sma_stack_bull+breakout_up20+close_near_high+cross_group_bull,138,0.34057971,1.91648032,55,0.09090909,0.50660912,0.03945816,37,0.18918919,1.41683992,0.09479979
d1,5,150,sma_stack_bull+channel_breakout_up+close_near_high+cross_group_bull,138,0.34057971,1.91648032,55,0.09090909,0.50660912,0.03945816,37,0.18918919,1.41683992,0.09479979
d1,5,150,trend_bull+volatility+elliott_wave5_bull+mtf_rsi60,185,0.34054054,1.91625990,25,0.04000000,0.22290801,0.00709623,28,0.07142857,0.53492936,0.01981206
d1,5,150,trend_bull+bb_expand+elliott_impulse_bull+cross_group_bull,191,0.34031414,1.91498590,64,0.10937500,0.60951409,0.05400113,26,0.19230769,1.44019442,0.08507061
d1,5,150,trend_bull+volatility+elliott_wave5_bull,186,0.33870968,1.90595743,25,0.04000000,0.22290801,0.00709623,28,0.07142857,0.53492936,0.01981206
d1,5,150,trend_bull+volatility+elliott_impulse_bull+cross_target_relative_up,133,0.33834586,1.90391022,22,0.00000000,0.00000000,0.00000000,15,0.06666667,0.49926740,0.01186690
d1,5,150,rsi60+volatility+breakout20_up+cross_group_bull,136,0.33823529,1.90328802,29,0.06896552,0.38432416,0.01912127,22,0.13636364,1.02122877,0.04749004
d1,5,150,rsi60+volatility+breakout_up20+cross_group_bull,136,0.33823529,1.90328802,29,0.06896552,0.38432416,0.01912127,22,0.13636364,1.02122877,0.04749004
d1,5,150,rsi60+volatility+channel_breakout_up+cross_group_bull,136,0.33823529,1.90328802,29,0.06896552,0.38432416,0.01912127,22,0.13636364,1.02122877,0.04749004
d1,5,150,rsi60+volatility+retest_up+cross_group_bull,136,0.33823529,1.90328802,29,0.06896552,0.38432416,0.01912127,22,0.13636364,1.02122877,0.04749004
d1,5,150,sma_stack_bull+adx_up3+volatility+mtf_rsi60,139,0.33812950,1.90269269,26,0.19230769,1.07167313,0.08507061,26,0.11538462,0.86411665,0.04003245
d1,5,150,volatility+breakout20_up+mtf_trend_bull+cross_group_return_up,163,0.33742331,1.89871891,33,0.12121212,0.67547882,0.04816161,34,0.14705882,1.10132515,0.06449441
d1,5,150,volatility+breakout_up20+mtf_trend_bull+cross_group_return_up,163,0.33742331,1.89871891,33,0.12121212,0.67547882,0.04816161,34,0.14705882,1.10132515,0.06449441
d1,5,150,volatility+channel_breakout_up+mtf_trend_bull+cross_group_return_up,163,0.33742331,1.89871891,33,0.12121212,0.67547882,0.04816161,34,0.14705882,1.10132515,0.06449441
d1,5,150,volatility+retest_up+mtf_trend_bull+cross_group_return_up,163,0.33742331,1.89871891,33,0.12121212,0.67547882,0.04816161,32,0.09375000,0.70209478,0.03240155
d1,5,150,sma_stack_bull+breakout20_up+elliott_impulse_bull+cross_group_bull,178,0.33707865,1.89677947,90,0.11111111,0.61918892,0.06148319,45,0.17777778,1.33137973,0.09294390
d1,5,150,sma_stack_bull+breakout_up20+elliott_impulse_bull+cross_group_bull,178,0.33707865,1.89677947,90,0.11111111,0.61918892,0.06148319,45,0.17777778,1.33137973,0.09294390
d1,5,150,sma_stack_bull+channel_breakout_up+elliott_impulse_bull+cross_group_bull,178,0.33707865,1.89677947,90,0.11111111,0.61918892,0.06148319,45,0.17777778,1.33137973,0.09294390
d1,5,150,sma_stack_bull+retest_up+elliott_impulse_bull+cross_group_bull,178,0.33707865,1.89677947,90,0.11111111,0.61918892,0.06148319,45,0.17777778,1.33137973,0.09294390
d1,5,150,trend_bull+bb_expand+breakout20_up+cross_group_bull,202,0.33663366,1.89427547,69,0.10144928,0.56534641,0.05001664,29,0.17241379,1.29120879,0.07597857
d1,5,150,trend_bull+bb_expand+breakout_up20+cross_group_bull,202,0.33663366,1.89427547,69,0.10144928,0.56534641,0.05001664,29,0.17241379,1.29120879,0.07597857
d1,5,150,trend_bull+bb_expand+channel_breakout_up+cross_group_bull,202,0.33663366,1.89427547,69,0.10144928,0.56534641,0.05001664,29,0.17241379,1.29120879,0.07597857
d1,5,150,trend_bull+bb_expand+retest_up+cross_group_bull,202,0.33663366,1.89427547,68,0.10294118,0.57366032,0.05076577,29,0.17241379,1.29120879,0.07597857
d1,5,150,volatility+breakout20_up+mtf_rsi60+cross_group_bull,146,0.33561644,1.88855143,29,0.06896552,0.38432416,0.01912127,24,0.12500000,0.93612637,0.04344334
d1,5,150,volatility+breakout_up20+mtf_rsi60+cross_group_bull,146,0.33561644,1.88855143,29,0.06896552,0.38432416,0.01912127,24,0.12500000,0.93612637,0.04344334
d1,5,150,volatility+channel_breakout_up+mtf_rsi60+cross_group_bull,146,0.33561644,1.88855143,29,0.06896552,0.38432416,0.01912127,24,0.12500000,0.93612637,0.04344334
d1,5,150,volatility+retest_up+mtf_rsi60+cross_group_bull,146,0.33561644,1.88855143,29,0.06896552,0.38432416,0.01912127,24,0.12500000,0.93612637,0.04344334
d1,5,150,trend_bull+adx25+atr_expand+mtf_volatility,164,0.33536585,1.88714136,25,0.32000000,1.78326409,0.17205190,46,0.19565217,1.46524128,0.10650610
d1,5,150,sma_stack_bull+breakout20_up+elliott_wave5_bull+cross_group_bull,168,0.33333333,1.87570414,85,0.11764706,0.65561180,0.06517358,35,0.17142857,1.28383046,0.08102640
d1,5,150,sma_stack_bull+breakout_up20+elliott_wave5_bull+cross_group_bull,168,0.33333333,1.87570414,85,0.11764706,0.65561180,0.06517358,35,0.17142857,1.28383046,0.08102640
d1,5,150,sma_stack_bull+channel_breakout_up+elliott_wave5_bull+cross_group_bull,168,0.33333333,1.87570414,85,0.11764706,0.65561180,0.06517358,35,0.17142857,1.28383046,0.08102640
d1,5,150,sma_stack_bull+retest_up+elliott_wave5_bull+cross_group_bull,168,0.33333333,1.87570414,85,0.11764706,0.65561180,0.06517358,35,0.17142857,1.28383046,0.08102640
d1,5,150,volatility+close_near_high+elliott_impulse_bull+cross_group_bull,156,0.33333333,1.87570414,24,0.08333333,0.46439169,0.02315882,20,0.25000000,1.87225275,0.11186170
d1,5,150,sma_stack_bull+adx25+volatility+strong_close_bull,150,0.33333333,1.87570414,31,0.12903226,0.71905810,0.05134284,57,0.19298246,1.44524773,0.11132747
d1,5,150,volatility+breakout20_up+cross_group_bull,147,0.33333333,1.87570414,29,0.06896552,0.38432416,0.01912127,24,0.12500000,0.93612637,0.04344334
d1,5,150,volatility+breakout_up20+cross_group_bull,147,0.33333333,1.87570414,29,0.06896552,0.38432416,0.01912127,24,0.12500000,0.93612637,0.04344334
d1,5,150,volatility+channel_breakout_up+cross_group_bull,147,0.33333333,1.87570414,29,0.06896552,0.38432416,0.01912127,24,0.12500000,0.93612637,0.04344334
d1,5,150,volatility+retest_up+cross_group_bull,147,0.33333333,1.87570414,29,0.06896552,0.38432416,0.01912127,24,0.12500000,0.93612637,0.04344334
d1,5,150,volatility+breakout20_up+retest_up+cross_group_bull,147,0.33333333,1.87570414,29,0.06896552,0.38432416,0.01912127,24,0.12500000,0.93612637,0.04344334
d1,5,150,volatility+breakout_up20+retest_up+cross_group_bull,147,0.33333333,1.87570414,29,0.06896552,0.38432416,0.01912127,24,0.12500000,0.93612637,0.04344334
d1,5,150,volatility+channel_breakout_up+retest_up+cross_group_bull,147,0.33333333,1.87570414,29,0.06896552,0.38432416,0.01912127,24,0.12500000,0.93612637,0.04344334
d1,5,150,price200_bull+volatility+strong_close_bull+elliott_wave5_bull,141,0.33333333,1.87570414,13,0.23076923,1.28600776,0.08179529,20,0.15000000,1.12335165,0.05236875
d1,5,150,sma_stack_bull+close_near_high+elliott_wave5_bull+cross_group_bull,141,0.33333333,1.87570414,53,0.09433962,0.52572644,0.04097264,24,0.25000000,1.87225275,0.11999366
d1,5,150,price200_bull+adx25+atr_expand+mtf_volatility,190,0.33157895,1.86583201,24,0.29166667,1.62537092,0.14914648,45,0.17777778,1.33137973,0.09294390
d1,5,150,trend_bull+volatility+elliott_wave5_bull+mtf_trend_bull,178,0.33146067,1.86516648,25,0.04000000,0.22290801,0.00709623,27,0.07407407,0.55474155,0.02055465
d1,5,150,volatility+close_near_high+elliott_pullback_bull,127,0.33070866,1.86093482,19,0.42105263,2.34640012,0.23141891,37,0.37837838,2.83367983,0.24063999
d1,5,150,adx_up3+breakout20_up+close_near_high+cross_group_bull,124,0.33064516,1.86057749,25,0.04000000,0.22290801,0.00709623,14,0.28571429,2.13971743,0.11721379
d1,5,150,adx_up3+breakout_up20+close_near_high+cross_group_bull,124,0.33064516,1.86057749,25,0.04000000,0.22290801,0.00709623,14,0.28571429,2.13971743,0.11721379
d1,5,150,adx_up3+channel_breakout_up+close_near_high+cross_group_bull,124,0.33064516,1.86057749,25,0.04000000,0.22290801,0.00709623,14,0.28571429,2.13971743,0.11721379
d1,5,150,price200_bull+volatility+close_near_high+elliott_impulse_bull,224,0.33035714,1.85895678,21,0.23809524,1.32683340,0.10628013,42,0.14285714,1.06985871,0.06715967
d1,5,150,sma_stack_bull+close_near_high+elliott_impulse_bull+cross_group_return_up,173,0.32947977,1.85401970,66,0.10606061,0.59104397,0.05233347,49,0.18367347,1.37553263,0.09976341
d1,5,150,trend_bull+close_near_high+elliott_impulse_bull+cross_group_bull,255,0.32941176,1.85363703,69,0.08695652,0.48458263,0.04046362,42,0.26190476,1.96140764,0.15302640
d1,5,150,sma_stack_bull+elliott_impulse_bull+cross_group_bull,228,0.32894737,1.85102382,110,0.14545455,0.81057459,0.09155922,54,0.20370370,1.52553928,0.11774054
d1,5,150,price200_bull+volatility+breakout20_up+cross_group_return_up,152,0.32894737,1.85102382,29,0.13793103,0.76864832,0.05497440,36,0.13888889,1.04014042,0.06081815
d1,5,150,price200_bull+volatility+breakout_up20+cross_group_return_up,152,0.32894737,1.85102382,29,0.13793103,0.76864832,0.05497440,36,0.13888889,1.04014042,0.06081815
d1,5,150,price200_bull+volatility+channel_breakout_up+cross_group_return_up,152,0.32894737,1.85102382,29,0.13793103,0.76864832,0.05497440,36,0.13888889,1.04014042,0.06081815
d1,5,150,price200_bull+volatility+retest_up+cross_group_return_up,152,0.32894737,1.85102382,29,0.13793103,0.76864832,0.05497440,34,0.08823529,0.66079509,0.03046594
d1,5,150,sma_stack_bull+volatility+mtf_rsi60+cross_target_relative_up,210,0.32857143,1.84890837,50,0.10000000,0.55727003,0.04347576,31,0.19354839,1.44948600,0.09187008
d1,5,150,sma_stack_bull+volatility+elliott_wave5_bull+mtf_rsi60,134,0.32835821,1.84770855,22,0.04545455,0.25330456,0.00806943,22,0.04545455,0.34040959,0.00806943
d1,5,150,trend_bull+volatility+breakout20_up+close_near_high,128,0.32812500,1.84639626,13,0.07692308,0.42866925,0.01371042,19,0.10526316,0.78831695,0.02935856
d1,5,150,trend_bull+volatility+breakout_up20+close_near_high,128,0.32812500,1.84639626,13,0.07692308,0.42866925,0.01371042,19,0.10526316,0.78831695,0.02935856
d1,5,150,trend_bull+volatility+channel_breakout_up+close_near_high,128,0.32812500,1.84639626,13,0.07692308,0.42866925,0.01371042,19,0.10526316,0.78831695,0.02935856
d1,5,150,sma_stack_bull+elliott_impulse_bull+mtf_rsi60+cross_group_bull,223,0.32735426,1.84205922,109,0.14678899,0.81801105,0.09241911,54,0.20370370,1.52553928,0.11774054
d1,5,150,trend_bull+volatility+breakout20_up+elliott_wave5_bull,147,0.32653061,1.83742446,20,0.05000000,0.27863501,0.00888145,24,0.08333333,0.62408425,0.02315882
d1,5,150,trend_bull+volatility+breakout_up20+elliott_wave5_bull,147,0.32653061,1.83742446,20,0.05000000,0.27863501,0.00888145,24,0.08333333,0.62408425,0.02315882
d1,5,150,trend_bull+volatility+channel_breakout_up+elliott_wave5_bull,147,0.32653061,1.83742446,20,0.05000000,0.27863501,0.00888145,24,0.08333333,0.62408425,0.02315882
d1,5,150,trend_bull+volatility+retest_up+elliott_wave5_bull,147,0.32653061,1.83742446,20,0.05000000,0.27863501,0.00888145,24,0.08333333,0.62408425,0.02315882
d1,5,150,sma_stack_bull+volatility+strong_close_bull+mtf_volatility,147,0.32653061,1.83742446,30,0.23333333,1.30029674,0.11792388,26,0.23076923,1.72823331,0.11033849
d1,5,150,volatility+breakout20_up+close_near_high+cross_group_return_up,138,0.32608696,1.83492796,21,0.14285714,0.79610004,0.04981012,20,0.15000000,1.12335165,0.05236875
d1,5,150,volatility+breakout_up20+close_near_high+cross_group_return_up,138,0.32608696,1.83492796,21,0.14285714,0.79610004,0.04981012,20,0.15000000,1.12335165,0.05236875
d1,5,150,volatility+channel_breakout_up+close_near_high+cross_group_return_up,138,0.32608696,1.83492796,21,0.14285714,0.79610004,0.04981012,20,0.15000000,1.12335165,0.05236875
d1,5,150,sma_stack_bull+volatility+elliott_wave5_bull,135,0.32592593,1.83402182,22,0.04545455,0.25330456,0.00806943,22,0.04545455,0.34040959,0.00806943
d1,5,150,trend_bull+bb_expand+elliott_wave5_bull+cross_group_bull,178,0.32584270,1.83355348,60,0.11666667,0.65014837,0.05767721,17,0.23529412,1.76212023,0.09555044
d1,5,150,price200_bull+volatility+close_near_high+elliott_wave5_bull,172,0.32558140,1.83208311,16,0.25000000,1.39317507,0.10182067,27,0.14814815,1.10948311,0.05915928
d1,5,150,sma_stack_bull+volatility+strong_close_bull+cross_target_relative_up,120,0.32500000,1.82881154,21,0.19047619,1.06146672,0.07667565,20,0.20000000,1.49780220,0.08065766
d1,5,150,sma_stack_bull+strong_close_bull+elliott_wave5_bull+cross_group_bull,120,0.32500000,1.82881154,44,0.11363636,0.63326140,0.04952781,16,0.25000000,1.87225275,0.10182067
d1,5,150,sma_stack_bull+breakout20_up+mtf_rsi60+cross_group_bull,191,0.32460733,1.82660194,97,0.10309278,0.57450519,0.05696749,51,0.15686275,1.17474682,0.08169223
d1,5,150,sma_stack_bull+breakout_up20+mtf_rsi60+cross_group_bull,191,0.32460733,1.82660194,97,0.10309278,0.57450519,0.05696749,51,0.15686275,1.17474682,0.08169223
d1,5,150,sma_stack_bull+channel_breakout_up+mtf_rsi60+cross_group_bull,191,0.32460733,1.82660194,97,0.10309278,0.57450519,0.05696749,51,0.15686275,1.17474682,0.08169223
d1,5,150,sma_stack_bull+retest_up+mtf_rsi60+cross_group_bull,191,0.32460733,1.82660194,96,0.10416667,0.58048961,0.05757153,51,0.15686275,1.17474682,0.08169223
d1,5,150,trend_bull+volatility+elliott_impulse_bull+mtf_rsi60,228,0.32456140,1.82634350,31,0.09677419,0.53929358,0.03346464,38,0.05263158,0.39415847,0.01455421
d1,5,200,sma_stack_bull+close_near_high+elliott_impulse_bull+cross_group_bull,162,0.27160494,2.71021032,58,0.03448276,0.35194903,0.00950793,38,0.13157895,2.08537332,0.05753868
d1,5,200,sma_stack_bull+bb_expand+breakout20_up+cross_group_bull,123,0.26829268,2.67715897,63,0.03174603,0.32401656,0.00874953,26,0.11538462,1.82871199,0.04003245
d1,5,200,sma_stack_bull+bb_expand+breakout_up20+cross_group_bull,123,0.26829268,2.67715897,63,0.03174603,0.32401656,0.00874953,26,0.11538462,1.82871199,0.04003245
d1,5,200,sma_stack_bull+bb_expand+channel_breakout_up+cross_group_bull,123,0.26829268,2.67715897,63,0.03174603,0.32401656,0.00874953,26,0.11538462,1.82871199,0.04003245
d1,5,200,sma_stack_bull+bb_expand+retest_up+cross_group_bull,123,0.26829268,2.67715897,62,0.03225806,0.32924264,0.00889137,26,0.11538462,1.82871199,0.04003245
d1,5,200,price200_bull+volatility+breakout20_up+cross_group_bull,127,0.26771654,2.67140988,23,0.00000000,0.00000000,0.00000000,23,0.08695652,1.37815976,0.02418000
d1,5,200,price200_bull+volatility+breakout_up20+cross_group_bull,127,0.26771654,2.67140988,23,0.00000000,0.00000000,0.00000000,23,0.08695652,1.37815976,0.02418000
d1,5,200,price200_bull+volatility+channel_breakout_up+cross_group_bull,127,0.26771654,2.67140988,23,0.00000000,0.00000000,0.00000000,23,0.08695652,1.37815976,0.02418000
d1,5,200,price200_bull+volatility+retest_up+cross_group_bull,127,0.26771654,2.67140988,23,0.00000000,0.00000000,0.00000000,23,0.08695652,1.37815976,0.02418000
d1,5,200,volatility+breakout20_up+mtf_trend_bull+cross_group_bull,129,0.26356589,2.62999268,26,0.00000000,0.00000000,0.00000000,21,0.09523810,1.50941307,0.02651877
d1,5,200,volatility+breakout_up20+mtf_trend_bull+cross_group_bull,129,0.26356589,2.62999268,26,0.00000000,0.00000000,0.00000000,21,0.09523810,1.50941307,0.02651877
d1,5,200,volatility+channel_breakout_up+mtf_trend_bull+cross_group_bull,129,0.26356589,2.62999268,26,0.00000000,0.00000000,0.00000000,21,0.09523810,1.50941307,0.02651877
d1,5,200,volatility+retest_up+mtf_trend_bull+cross_group_bull,129,0.26356589,2.62999268,26,0.00000000,0.00000000,0.00000000,21,0.09523810,1.50941307,0.02651877
d1,5,200,sma_stack_bull+bb_expand+elliott_impulse_bull+cross_group_return_up,123,0.26016260,2.59603294,65,0.03076923,0.31404682,0.00847900,30,0.16666667,2.64147287,0.07336542
d1,5,200,trend_bull+volatility+strong_close_bull+elliott_impulse_bull,127,0.25984252,2.59283901,9,0.00000000,0.00000000,0.00000000,17,0.11764706,1.86456908,0.03287977
d1,5,200,trend_bull+volatility+breakout20_up+close_near_high,128,0.25781250,2.57258245,13,0.07692308,0.78511706,0.01371042,19,0.10526316,1.66829865,0.02935856
d1,5,200,trend_bull+volatility+breakout_up20+close_near_high,128,0.25781250,2.57258245,13,0.07692308,0.78511706,0.01371042,19,0.10526316,1.66829865,0.02935856
d1,5,200,trend_bull+volatility+channel_breakout_up+close_near_high,128,0.25781250,2.57258245,13,0.07692308,0.78511706,0.01371042,19,0.10526316,1.66829865,0.02935856
d1,5,200,trend_bull+bb_expand+elliott_impulse_bull+cross_group_bull,191,0.25654450,2.55992974,64,0.03125000,0.31895380,0.00861214,26,0.11538462,1.82871199,0.04003245
d1,5,200,trend_bull+volatility+elliott_impulse_bull+cross_group_return_up,129,0.25581395,2.55263995,21,0.09523810,0.97204969,0.02651877,29,0.06896552,1.09302326,0.01912127
d1,5,200,price200_bull+volatility+elliott_impulse_bull+cross_group_bull,169,0.25443787,2.53890870,27,0.11111111,1.13405797,0.03852035,32,0.06250000,0.99055233,0.01731057
d1,5,200,sma_stack_bull+bb_expand+breakout20_up+cross_group_return_up,134,0.25373134,2.53185862,71,0.05633803,0.57501531,0.02212452,34,0.11764706,1.86456908,0.04671447
d1,5,200,sma_stack_bull+bb_expand+breakout_up20+cross_group_return_up,134,0.25373134,2.53185862,71,0.05633803,0.57501531,0.02212452,34,0.11764706,1.86456908,0.04671447
d1,5,200,sma_stack_bull+bb_expand+channel_breakout_up+cross_group_return_up,134,0.25373134,2.53185862,71,0.05633803,0.57501531,0.02212452,34,0.11764706,1.86456908,0.04671447
d1,5,200,sma_stack_bull+bb_expand+retest_up+cross_group_return_up,134,0.25373134,2.53185862,70,0.05714286,0.58322981,0.02244378,33,0.12121212,1.92107118,0.04816161
d1,5,200,sma_stack_bull+strong_close_bull+elliott_impulse_bull+cross_group_bull,138,0.25362319,2.53077940,49,0.04081633,0.41659272,0.01126563,25,0.20000000,3.16976744,0.08860585
d1,5,200,trend_bull+volatility+close_near_high+elliott_impulse_bull,150,0.25333333,2.52788708,11,0.00000000,0.00000000,0.00000000,23,0.08695652,1.37815976,0.02418000
d1,5,200,trend_bull+bb_expand+breakout20_up+cross_group_bull,202,0.25247525,2.51932467,69,0.02898551,0.29584121,0.00798520,29,0.10344828,1.63953488,0.03581489
d1,5,200,trend_bull+bb_expand+breakout_up20+cross_group_bull,202,0.25247525,2.51932467,69,0.02898551,0.29584121,0.00798520,29,0.10344828,1.63953488,0.03581489
d1,5,200,trend_bull+bb_expand+channel_breakout_up+cross_group_bull,202,0.25247525,2.51932467,69,0.02898551,0.29584121,0.00798520,29,0.10344828,1.63953488,0.03581489
d1,5,200,trend_bull+bb_expand+retest_up+cross_group_bull,202,0.25247525,2.51932467,68,0.02941176,0.30019182,0.00810318,29,0.10344828,1.63953488,0.03581489
d1,5,200,trend_bull+volatility+mtf_rsi60+cross_group_bull,238,0.25210084,2.51558865,42,0.07142857,0.72903727,0.02459041,40,0.10000000,1.58488372,0.03957953
d1,5,200,sma_stack_bull+adx_up3+volatility+mtf_rsi60,139,0.25179856,2.51257235,26,0.03846154,0.39255853,0.00682198,26,0.03846154,0.60957066,0.00682198
d1,5,200,trend_bull+volatility+breakout20_up+elliott_impulse_bull,173,0.24855491,2.48020561,23,0.00000000,0.00000000,0.00000000,29,0.06896552,1.09302326,0.01912127
d1,5,200,trend_bull+volatility+breakout_up20+elliott_impulse_bull,173,0.24855491,2.48020561,23,0.00000000,0.00000000,0.00000000,29,0.06896552,1.09302326,0.01912127
d1,5,200,trend_bull+volatility+channel_breakout_up+elliott_impulse_bull,173,0.24855491,2.48020561,23,0.00000000,0.00000000,0.00000000,29,0.06896552,1.09302326,0.01912127
d1,5,200,trend_bull+adx_up3+volatility+mtf_rsi60,178,0.24719101,2.46659591,26,0.03846154,0.39255853,0.00682198,30,0.10000000,1.58488372,0.03459989
d1,5,200,sma_stack_bull+breakout20_up+close_near_high+cross_group_bull,138,0.24637681,2.45847142,55,0.03636364,0.37114625,0.01002954,37,0.13513514,2.14173476,0.05913294
d1,5,200,sma_stack_bull+breakout_up20+close_near_high+cross_group_bull,138,0.24637681,2.45847142,55,0.03636364,0.37114625,0.01002954,37,0.13513514,2.14173476,0.05913294
d1,5,200,sma_stack_bull+channel_breakout_up+close_near_high+cross_group_bull,138,0.24637681,2.45847142,55,0.03636364,0.37114625,0.01002954,37,0.13513514,2.14173476,0.05913294
d1,5,200,volatility+elliott_impulse_bull+mtf_trend_bull+cross_group_bull,155,0.24516129,2.44634233,30,0.06666667,0.68043478,0.01847702,23,0.08695652,1.37815976,0.02418000
d1,5,200,trend_bull+volatility+breakout20_up+elliott_wave5_bull,147,0.24489796,2.44371468,20,0.00000000,0.00000000,0.00000000,24,0.08333333,1.32073643,0.02315882
d1,5,200,trend_bull+volatility+breakout_up20+elliott_wave5_bull,147,0.24489796,2.44371468,20,0.00000000,0.00000000,0.00000000,24,0.08333333,1.32073643,0.02315882
d1,5,200,trend_bull+volatility+channel_breakout_up+elliott_wave5_bull,147,0.24489796,2.44371468,20,0.00000000,0.00000000,0.00000000,24,0.08333333,1.32073643,0.02315882
d1,5,200,trend_bull+volatility+retest_up+elliott_wave5_bull,147,0.24489796,2.44371468,20,0.00000000,0.00000000,0.00000000,24,0.08333333,1.32073643,0.02315882
d1,5,200,price200_bull+volatility+elliott_wave5_bull+cross_group_bull,131,0.24427481,2.43749658,22,0.04545455,0.46393281,0.00806943,24,0.08333333,1.32073643,0.02315882
d1,5,200,trend_bull+volatility+retest_up+elliott_impulse_bull,172,0.24418605,2.43661086,23,0.00000000,0.00000000,0.00000000,29,0.06896552,1.09302326,0.01912127
d1,5,200,sma_stack_bull+volatility+mtf_rsi60+cross_group_bull,164,0.24390244,2.43378089,40,0.07500000,0.76548913,0.02583603,32,0.06250000,0.99055233,0.01731057
d1,5,200,trend_bull+volatility+breakout20_up+mtf_rsi60,189,0.24338624,2.42863003,27,0.03703704,0.37801932,0.00656815,35,0.08571429,1.35847176,0.02958237
d1,5,200,trend_bull+volatility+breakout_up20+mtf_rsi60,189,0.24338624,2.42863003,27,0.03703704,0.37801932,0.00656815,35,0.08571429,1.35847176,0.02958237
d1,5,200,trend_bull+volatility+channel_breakout_up+mtf_rsi60,189,0.24338624,2.42863003,27,0.03703704,0.37801932,0.00656815,35,0.08571429,1.35847176,0.02958237
d1,5,200,sma_stack_bull+adx25+volatility+mtf_rsi60,222,0.24324324,2.42720310,43,0.09302326,0.94944388,0.03677164,55,0.01818182,0.28816068,0.00321678
d1,5,200,trend_bull+volatility+elliott_wave5_bull+mtf_rsi60,185,0.24324324,2.42720310,25,0.00000000,0.00000000,0.00000000,28,0.07142857,1.13205980,0.01981206
d1,5,200,trend_bull+close_near_high+elliott_impulse_bull+cross_group_bull,255,0.24313725,2.42614549,69,0.02898551,0.29584121,0.00798520,42,0.16666667,2.64147287,0.08315917
d1,5,200,sma_stack_bull+close_near_high+elliott_impulse_bull+cross_group_return_up,173,0.24277457,2.42252641,66,0.04545455,0.46393281,0.01557827,49,0.10204082,1.61722829,0.04437955
d1,5,200,trend_bull+volatility+breakout20_up,190,0.24210526,2.41584776,27,0.03703704,0.37801932,0.00656815,36,0.08333333,1.32073643,0.02874861
d1,5,200,trend_bull+volatility+breakout_up20,190,0.24210526,2.41584776,27,0.03703704,0.37801932,0.00656815,36,0.08333333,1.32073643,0.02874861
d1,5,200,trend_bull+volatility+channel_breakout_up,190,0.24210526,2.41584776,27,0.03703704,0.37801932,0.00656815,36,0.08333333,1.32073643,0.02874861
d1,5,200,trend_bull+volatility+breakout20_up+mtf_trend_bull,190,0.24210526,2.41584776,27,0.03703704,0.37801932,0.00656815,36,0.08333333,1.32073643,0.02874861
d1,5,200,trend_bull+volatility+breakout_up20+mtf_trend_bull,190,0.24210526,2.41584776,27,0.03703704,0.37801932,0.00656815,36,0.08333333,1.32073643,0.02874861
d1,5,200,trend_bull+volatility+channel_breakout_up+mtf_trend_bull,190,0.24210526,2.41584776,27,0.03703704,0.37801932,0.00656815,36,0.08333333,1.32073643,0.02874861
d1,5,200,trend_bull+volatility+elliott_wave5_bull,186,0.24193548,2.41415362,25,0.00000000,0.00000000,0.00000000,28,0.07142857,1.13205980,0.01981206
d1,5,200,volatility+elliott_wave5_bull+mtf_trend_bull+cross_group_bull,124,0.24193548,2.41415362,24,0.00000000,0.00000000,0.00000000,18,0.11111111,1.76098191,0.03101952
d1,5,200,trend_bull+volatility+elliott_wave5_bull+mtf_trend_bull,178,0.24157303,2.41053691,25,0.00000000,0.00000000,0.00000000,27,0.07407407,1.17398794,0.02055465
d1,5,200,trend_bull+bb_expand+elliott_wave5_bull+cross_group_bull,178,0.24157303,2.41053691,60,0.03333333,0.34021739,0.00918932,17,0.17647059,2.79685363,0.06191127
d1,5,200,sma_stack_bull+breakout20_up+elliott_impulse_bull+cross_group_bull,178,0.24157303,2.41053691,90,0.03333333,0.34021739,0.01140039,45,0.11111111,1.76098191,0.04840472
d1,5,200,sma_stack_bull+breakout_up20+elliott_impulse_bull+cross_group_bull,178,0.24157303,2.41053691,90,0.03333333,0.34021739,0.01140039,45,0.11111111,1.76098191,0.04840472
d1,5,200,sma_stack_bull+channel_breakout_up+elliott_impulse_bull+cross_group_bull,178,0.24157303,2.41053691,90,0.03333333,0.34021739,0.01140039,45,0.11111111,1.76098191,0.04840472
d1,5,200,sma_stack_bull+retest_up+elliott_impulse_bull+cross_group_bull,178,0.24157303,2.41053691,90,0.03333333,0.34021739,0.01140039,45,0.11111111,1.76098191,0.04840472
d1,5,200,sma_stack_bull+adx25+atr_expand+mtf_volatility,145,0.24137931,2.40860384,17,0.05882353,0.60038363,0.01046040,45,0.06666667,1.05658915,0.02293203
d1,5,200,trend_bull+volatility+elliott_impulse_bull+mtf_rsi60,228,0.24122807,2.40709469,31,0.06451613,0.65848527,0.01787478,38,0.05263158,0.83414933,0.01455421
d1,5,200,volatility+breakout20_up+elliott_impulse_bull+cross_group_bull,137,0.24087591,2.40358068,25,0.00000000,0.00000000,0.00000000,23,0.08695652,1.37815976,0.02418000
d1,5,200,volatility+breakout_up20+elliott_impulse_bull+cross_group_bull,137,0.24087591,2.40358068,25,0.00000000,0.00000000,0.00000000,23,0.08695652,1.37815976,0.02418000
d1,5,200,volatility+channel_breakout_up+elliott_impulse_bull+cross_group_bull,137,0.24087591,2.40358068,25,0.00000000,0.00000000,0.00000000,23,0.08695652,1.37815976,0.02418000
d1,5,200,volatility+retest_up+elliott_impulse_bull+cross_group_bull,137,0.24087591,2.40358068,25,0.00000000,0.00000000,0.00000000,23,0.08695652,1.37815976,0.02418000
d1,5,200,trend_bull+volatility+elliott_impulse_bull+mtf_trend_bull,216,0.24074074,2.40223187,32,0.06250000,0.63790761,0.01731057,36,0.05555556,0.88049096,0.01536999
d1,5,200,trend_bull+volatility+elliott_impulse_bull,229,0.24017467,2.39658336,32,0.06250000,0.63790761,0.01731057,38,0.05263158,0.83414933,0.01455421
d1,5,200,sma_stack_bull+adx_up3+volatility+mtf_volatility,200,0.24000000,2.39484039,23,0.13043478,1.33128544,0.04537659,57,0.14035088,2.22439820,0.07287276
d1,5,200,trend_bull+volatility+retest_up+mtf_rsi60,188,0.23936170,2.38847113,26,0.03846154,0.39255853,0.00682198,33,0.06060606,0.96053559,0.01678088
d1,5,200,trend_bull+volatility+retest_up,189,0.23809524,2.37583372,26,0.03846154,0.39255853,0.00682198,34,0.05882353,0.93228454,0.01628266
d1,5,200,trend_bull+volatility+breakout20_up+retest_up,189,0.23809524,2.37583372,26,0.03846154,0.39255853,0.00682198,34,0.05882353,0.93228454,0.01628266
d1,5,200,trend_bull+volatility+breakout_up20+retest_up,189,0.23809524,2.37583372,26,0.03846154,0.39255853,0.00682198,34,0.05882353,0.93228454,0.01628266
d1,5,200,trend_bull+volatility+channel_breakout_up+retest_up,189,0.23809524,2.37583372,26,0.03846154,0.39255853,0.00682198,34,0.05882353,0.93228454,0.01628266
d1,5,200,trend_bull+volatility+retest_up+mtf_trend_bull,189,0.23809524,2.37583372,26,0.03846154,0.39255853,0.00682198,34,0.05882353,0.93228454,0.01628266
d1,5,200,sma_stack_bull+breakout20_up+elliott_wave5_bull+cross_group_bull,168,0.23809524,2.37583372,85,0.03529412,0.36023018,0.01207504,35,0.11428571,1.81129568,0.04535179
d1,5,200,sma_stack_bull+breakout_up20+elliott_wave5_bull+cross_group_bull,168,0.23809524,2.37583372,85,0.03529412,0.36023018,0.01207504,35,0.11428571,1.81129568,0.04535179
d1,5,200,sma_stack_bull+channel_breakout_up+elliott_wave5_bull+cross_group_bull,168,0.23809524,2.37583372,85,0.03529412,0.36023018,0.01207504,35,0.11428571,1.81129568,0.04535179
d1,5,200,sma_stack_bull+retest_up+elliott_wave5_bull+cross_group_bull,168,0.23809524,2.37583372,85,0.03529412,0.36023018,0.01207504,35,0.11428571,1.81129568,0.04535179
d1,5,200,trend_bull+bb_expand+breakout20_up+cross_group_return_up,236,0.23728814,2.36778005,79,0.05063291,0.51678591,0.01986404,39,0.12820513,2.03190221,0.05602818
d1,5,200,trend_bull+bb_expand+breakout_up20+cross_group_return_up,236,0.23728814,2.36778005,79,0.05063291,0.51678591,0.01986404,39,0.12820513,2.03190221,0.05602818
d1,5,200,trend_bull+bb_expand+channel_breakout_up+cross_group_return_up,236,0.23728814,2.36778005,79,0.05063291,0.51678591,0.01986404,39,0.12820513,2.03190221,0.05602818
d1,5,200,trend_bull+bb_expand+retest_up+cross_group_return_up,236,0.23728814,2.36778005,78,0.05128205,0.52341137,0.02012101,37,0.10810811,1.71338781,0.04285190
d1,5,200,volatility+close_near_high+elliott_impulse_bull+cross_group_bull,156,0.23717949,2.36669590,24,0.00000000,0.00000000,0.00000000,20,0.10000000,1.58488372,0.02786648
d1,5,200,sma_stack_bull+elliott_impulse_bull+cross_group_bull,228,0.23684211,2.36332933,110,0.04545455,0.46393281,0.01956946,54,0.11111111,1.76098191,0.05193022
d1,5,200,volatility+close_near_high+elliott_pullback_bull,127,0.23622047,2.35712637,19,0.21052632,2.14874142,0.08507677,37,0.18918919,2.99842866,0.09479979
d1,5,200,trend_bull+rsi60+volatility+elliott_impulse_bull,199,0.23618090,2.35673154,31,0.06451613,0.65848527,0.01787478,36,0.05555556,0.88049096,0.01536999
d1,5,200,price200_bull+volatility+mtf_rsi60+cross_group_bull,343,0.23615160,2.35643916,67,0.07462687,0.76168073,0.03229605,72,0.06944444,1.10061370,0.03002538
d1,5,200,trend_bull+bb_expand+elliott_impulse_bull+cross_group_return_up,213,0.23474178,2.34237127,71,0.02816901,0.28750765,0.00775926,34,0.14705882,2.33071135,0.06449441
d1,5,200,sma_stack_bull+close_near_high+elliott_wave5_bull+cross_group_bull,141,0.23404255,2.33539400,53,0.03773585,0.38515176,0.01041029,24,0.16666667,2.64147287,0.06678676
d1,5,200,sma_stack_bull+elliott_impulse_bull+mtf_rsi60+cross_group_bull,223,0.23318386,2.32682549,109,0.04587156,0.46818907,0.01975045,54,0.11111111,1.76098191,0.05193022
d1,5,200,trend_bull+volatility+elliott_impulse_bull+cross_target_relative_up,133,0.23308271,2.32581617,22,0.00000000,0.00000000,0.00000000,15,0.06666667,1.05658915,0.01186690
d1,5,200,trend_bull+adx_up3+volatility+mtf_volatility,206,0.23300971,2.32508776,26,0.23076923,2.35535117,0.11033849,47,0.12765957,2.02325581,0.05984604
d1,5,200,sma_stack_bull+breakout20_up+close_near_high+cross_group_return_up,146,0.23287671,2.32376065,67,0.08955224,0.91401687,0.04169095,46,0.10869565,1.72269970,0.04733146
d1,5,200,sma_stack_bull+breakout_up20+close_near_high+cross_group_return_up,146,0.23287671,2.32376065,67,0.08955224,0.91401687,0.04169095,46,0.10869565,1.72269970,0.04733146
d1,5,200,sma_stack_bull+channel_breakout_up+close_near_high+cross_group_return_up,146,0.23287671,2.32376065,67,0.08955224,0.91401687,0.04169095,46,0.10869565,1.72269970,0.04733146
d1,5,200,volatility+breakout20_up+mtf_rsi60+cross_group_bull,146,0.23287671,2.32376065,29,0.00000000,0.00000000,0.00000000,24,0.08333333,1.32073643,0.02315882
d1,5,200,volatility+breakout_up20+mtf_rsi60+cross_group_bull,146,0.23287671,2.32376065,29,0.00000000,0.00000000,0.00000000,24,0.08333333,1.32073643,0.02315882
d1,5,200,volatility+channel_breakout_up+mtf_rsi60+cross_group_bull,146,0.23287671,2.32376065,29,0.00000000,0.00000000,0.00000000,24,0.08333333,1.32073643,0.02315882
d1,5,200,volatility+retest_up+mtf_rsi60+cross_group_bull,146,0.23287671,2.32376065,29,0.00000000,0.00000000,0.00000000,24,0.08333333,1.32073643,0.02315882
d1,5,200,trend_bull+rsi60+volatility+cross_group_bull,284,0.23239437,2.31894756,62,0.11290323,1.15234923,0.05577864,50,0.10000000,1.58488372,0.04347576
d1,5,200,sma_stack_bull+adx25+atr_expand,155,0.23225806,2.31758748,17,0.05882353,0.60038363,0.01046040,45,0.06666667,1.05658915,0.02293203
d1,5,200,trend_bull+rsi60+volatility+elliott_wave5_bull,168,0.23214286,2.31643788,24,0.00000000,0.00000000,0.00000000,27,0.07407407,1.17398794,0.02055465
d1,5,200,volatility+breakout20_up+cross_group_bull,147,0.23129252,2.30795276,29,0.00000000,0.00000000,0.00000000,24,0.08333333,1.32073643,0.02315882
d1,5,200,volatility+breakout_up20+cross_group_bull,147,0.23129252,2.30795276,29,0.00000000,0.00000000,0.00000000,24,0.08333333,1.32073643,0.02315882
d1,5,200,volatility+channel_breakout_up+cross_group_bull,147,0.23129252,2.30795276,29,0.00000000,0.00000000,0.00000000,24,0.08333333,1.32073643,0.02315882
d1,5,200,volatility+retest_up+cross_group_bull,147,0.23129252,2.30795276,29,0.00000000,0.00000000,0.00000000,24,0.08333333,1.32073643,0.02315882
d1,5,200,volatility+breakout20_up+retest_up+cross_group_bull,147,0.23129252,2.30795276,29,0.00000000,0.00000000,0.00000000,24,0.08333333,1.32073643,0.02315882
d1,5,200,volatility+breakout_up20+retest_up+cross_group_bull,147,0.23129252,2.30795276,29,0.00000000,0.00000000,0.00000000,24,0.08333333,1.32073643,0.02315882
d1,5,200,volatility+channel_breakout_up+retest_up+cross_group_bull,147,0.23129252,2.30795276,29,0.00000000,0.00000000,0.00000000,24,0.08333333,1.32073643,0.02315882
d1,5,200,trend_bull+breakout20_up+elliott_impulse_bull+cross_group_bull,286,0.23076923,2.30273115,100,0.03000000,0.30619565,0.01025452,60,0.10000000,1.58488372,0.04664283
d1,5,300,trend_bull+volatility+breakout20_up+close_near_high,128,0.15625000,4.81545523,13,0.00000000,0.00000000,0.00000000,19,0.00000000,0.00000000,0.00000000
d1,5,300,trend_bull+volatility+breakout_up20+close_near_high,128,0.15625000,4.81545523,13,0.00000000,0.00000000,0.00000000,19,0.00000000,0.00000000,0.00000000
d1,5,300,trend_bull+volatility+channel_breakout_up+close_near_high,128,0.15625000,4.81545523,13,0.00000000,0.00000000,0.00000000,19,0.00000000,0.00000000,0.00000000
d1,5,300,price200_bull+volatility+breakout20_up+cross_group_bull,127,0.14960630,4.61070359,23,0.00000000,0.00000000,0.00000000,23,0.00000000,0.00000000,0.00000000
d1,5,300,price200_bull+volatility+breakout_up20+cross_group_bull,127,0.14960630,4.61070359,23,0.00000000,0.00000000,0.00000000,23,0.00000000,0.00000000,0.00000000
d1,5,300,price200_bull+volatility+channel_breakout_up+cross_group_bull,127,0.14960630,4.61070359,23,0.00000000,0.00000000,0.00000000,23,0.00000000,0.00000000,0.00000000
d1,5,300,price200_bull+volatility+retest_up+cross_group_bull,127,0.14960630,4.61070359,23,0.00000000,0.00000000,0.00000000,23,0.00000000,0.00000000,0.00000000
d1,5,300,volatility+breakout20_up+mtf_trend_bull+cross_group_bull,129,0.14728682,4.53921982,26,0.00000000,0.00000000,0.00000000,21,0.00000000,0.00000000,-0.00000000
d1,5,300,volatility+breakout_up20+mtf_trend_bull+cross_group_bull,129,0.14728682,4.53921982,26,0.00000000,0.00000000,0.00000000,21,0.00000000,0.00000000,-0.00000000
d1,5,300,volatility+channel_breakout_up+mtf_trend_bull+cross_group_bull,129,0.14728682,4.53921982,26,0.00000000,0.00000000,0.00000000,21,0.00000000,0.00000000,-0.00000000
d1,5,300,volatility+retest_up+mtf_trend_bull+cross_group_bull,129,0.14728682,4.53921982,26,0.00000000,0.00000000,0.00000000,21,0.00000000,0.00000000,-0.00000000
d1,5,300,trend_bull+adx_up3+volatility+mtf_rsi60,178,0.14044944,4.32849908,26,0.00000000,0.00000000,0.00000000,30,0.00000000,0.00000000,0.00000000
d1,5,300,trend_bull+volatility+breakout20_up+elliott_wave5_bull,147,0.13605442,4.19304945,20,0.00000000,0.00000000,0.00000000,24,0.00000000,0.00000000,0.00000000
d1,5,300,trend_bull+volatility+breakout_up20+elliott_wave5_bull,147,0.13605442,4.19304945,20,0.00000000,0.00000000,0.00000000,24,0.00000000,0.00000000,0.00000000
d1,5,300,trend_bull+volatility+channel_breakout_up+elliott_wave5_bull,147,0.13605442,4.19304945,20,0.00000000,0.00000000,0.00000000,24,0.00000000,0.00000000,0.00000000
d1,5,300,trend_bull+volatility+retest_up+elliott_wave5_bull,147,0.13605442,4.19304945,20,0.00000000,0.00000000,0.00000000,24,0.00000000,0.00000000,0.00000000
d1,5,300,volatility+elliott_impulse_bull+mtf_trend_bull+cross_group_bull,155,0.13548387,4.17546570,30,0.03333333,1.00967742,0.00590859,23,0.00000000,0.00000000,0.00000000
d1,5,300,trend_bull+volatility+strong_close_bull+elliott_impulse_bull,127,0.13385827,4.12536637,9,0.00000000,0.00000000,0.00000000,17,0.00000000,0.00000000,0.00000000
d1,5,300,trend_bull+volatility+close_near_high+elliott_impulse_bull,150,0.13333333,4.10918846,11,0.00000000,0.00000000,0.00000000,23,0.00000000,0.00000000,0.00000000
d1,5,300,adx25+atr_expand+cross_target_relative_up,120,0.13333333,4.10918846,20,0.15000000,4.54354839,0.05236875,20,0.00000000,0.00000000,0.00000000
d1,5,300,trend_bull+volatility+breakout20_up+elliott_impulse_bull,173,0.13294798,4.09731220,23,0.00000000,0.00000000,0.00000000,29,0.00000000,0.00000000,0.00000000
d1,5,300,trend_bull+volatility+breakout_up20+elliott_impulse_bull,173,0.13294798,4.09731220,23,0.00000000,0.00000000,0.00000000,29,0.00000000,0.00000000,0.00000000
d1,5,300,trend_bull+volatility+channel_breakout_up+elliott_impulse_bull,173,0.13294798,4.09731220,23,0.00000000,0.00000000,0.00000000,29,0.00000000,0.00000000,0.00000000
d1,5,300,rsi60+volatility+breakout20_up+cross_group_bull,136,0.13235294,4.07897384,29,0.00000000,0.00000000,0.00000000,22,0.00000000,0.00000000,0.00000000
d1,5,300,rsi60+volatility+breakout_up20+cross_group_bull,136,0.13235294,4.07897384,29,0.00000000,0.00000000,0.00000000,22,0.00000000,0.00000000,0.00000000
d1,5,300,rsi60+volatility+channel_breakout_up+cross_group_bull,136,0.13235294,4.07897384,29,0.00000000,0.00000000,0.00000000,22,0.00000000,0.00000000,0.00000000
d1,5,300,rsi60+volatility+retest_up+cross_group_bull,136,0.13235294,4.07897384,29,0.00000000,0.00000000,0.00000000,22,0.00000000,0.00000000,0.00000000
d1,5,300,trend_bull+volatility+breakout20_up+mtf_rsi60,189,0.13227513,4.07657586,27,0.00000000,0.00000000,0.00000000,35,0.00000000,0.00000000,0.00000000
d1,5,300,trend_bull+volatility+breakout_up20+mtf_rsi60,189,0.13227513,4.07657586,27,0.00000000,0.00000000,0.00000000,35,0.00000000,0.00000000,0.00000000
d1,5,300,trend_bull+volatility+channel_breakout_up+mtf_rsi60,189,0.13227513,4.07657586,27,0.00000000,0.00000000,0.00000000,35,0.00000000,0.00000000,0.00000000
d1,5,300,trend_bull+volatility+breakout20_up,190,0.13157895,4.05512019,27,0.00000000,0.00000000,0.00000000,36,0.00000000,0.00000000,0.00000000
d1,5,300,trend_bull+volatility+breakout_up20,190,0.13157895,4.05512019,27,0.00000000,0.00000000,0.00000000,36,0.00000000,0.00000000,0.00000000
d1,5,300,trend_bull+volatility+channel_breakout_up,190,0.13157895,4.05512019,27,0.00000000,0.00000000,0.00000000,36,0.00000000,0.00000000,0.00000000
d1,5,300,trend_bull+volatility+breakout20_up+mtf_trend_bull,190,0.13157895,4.05512019,27,0.00000000,0.00000000,0.00000000,36,0.00000000,0.00000000,0.00000000
d1,5,300,trend_bull+volatility+breakout_up20+mtf_trend_bull,190,0.13157895,4.05512019,27,0.00000000,0.00000000,0.00000000,36,0.00000000,0.00000000,0.00000000
d1,5,300,trend_bull+volatility+channel_breakout_up+mtf_trend_bull,190,0.13157895,4.05512019,27,0.00000000,0.00000000,0.00000000,36,0.00000000,0.00000000,0.00000000
d1,5,300,volatility+breakout20_up+elliott_impulse_bull+cross_group_bull,137,0.13138686,4.04920031,25,0.00000000,0.00000000,0.00000000,23,0.00000000,0.00000000,0.00000000
d1,5,300,volatility+breakout_up20+elliott_impulse_bull+cross_group_bull,137,0.13138686,4.04920031,25,0.00000000,0.00000000,0.00000000,23,0.00000000,0.00000000,0.00000000
d1,5,300,volatility+channel_breakout_up+elliott_impulse_bull+cross_group_bull,137,0.13138686,4.04920031,25,0.00000000,0.00000000,0.00000000,23,0.00000000,0.00000000,0.00000000
d1,5,300,volatility+retest_up+elliott_impulse_bull+cross_group_bull,137,0.13138686,4.04920031,25,0.00000000,0.00000000,0.00000000,23,0.00000000,0.00000000,0.00000000
d1,5,300,volatility+breakout20_up+mtf_rsi60+cross_group_bull,146,0.13013699,4.01068052,29,0.00000000,0.00000000,0.00000000,24,0.00000000,0.00000000,0.00000000
d1,5,300,volatility+breakout_up20+mtf_rsi60+cross_group_bull,146,0.13013699,4.01068052,29,0.00000000,0.00000000,0.00000000,24,0.00000000,0.00000000,0.00000000
d1,5,300,volatility+channel_breakout_up+mtf_rsi60+cross_group_bull,146,0.13013699,4.01068052,29,0.00000000,0.00000000,0.00000000,24,0.00000000,0.00000000,0.00000000
d1,5,300,volatility+retest_up+mtf_rsi60+cross_group_bull,146,0.13013699,4.01068052,29,0.00000000,0.00000000,0.00000000,24,0.00000000,0.00000000,0.00000000
d1,5,300,sma_stack_bull+adx_up3+volatility+mtf_rsi60,139,0.12949640,3.99093844,26,0.00000000,0.00000000,0.00000000,26,0.00000000,0.00000000,0.00000000
d1,5,300,volatility+breakout20_up+cross_group_bull,147,0.12925170,3.98339698,29,0.00000000,0.00000000,0.00000000,24,0.00000000,0.00000000,0.00000000
d1,5,300,volatility+breakout_up20+cross_group_bull,147,0.12925170,3.98339698,29,0.00000000,0.00000000,0.00000000,24,0.00000000,0.00000000,0.00000000
d1,5,300,volatility+channel_breakout_up+cross_group_bull,147,0.12925170,3.98339698,29,0.00000000,0.00000000,0.00000000,24,0.00000000,0.00000000,0.00000000
d1,5,300,volatility+retest_up+cross_group_bull,147,0.12925170,3.98339698,29,0.00000000,0.00000000,0.00000000,24,0.00000000,0.00000000,0.00000000
d1,5,300,volatility+breakout20_up+retest_up+cross_group_bull,147,0.12925170,3.98339698,29,0.00000000,0.00000000,0.00000000,24,0.00000000,0.00000000,0.00000000
d1,5,300,volatility+breakout_up20+retest_up+cross_group_bull,147,0.12925170,3.98339698,29,0.00000000,0.00000000,0.00000000,24,0.00000000,0.00000000,0.00000000
d1,5,300,volatility+channel_breakout_up+retest_up+cross_group_bull,147,0.12925170,3.98339698,29,0.00000000,0.00000000,0.00000000,24,0.00000000,0.00000000,0.00000000
d1,5,300,volatility+elliott_wave5_bull+mtf_trend_bull+cross_group_bull,124,0.12903226,3.97663400,24,0.00000000,0.00000000,0.00000000,18,0.00000000,0.00000000,0.00000000
d1,5,300,trend_bull+volatility+retest_up+elliott_impulse_bull,172,0.12790698,3.94195405,23,0.00000000,0.00000000,0.00000000,29,0.00000000,0.00000000,0.00000000
d1,5,300,trend_bull+volatility+retest_up+mtf_rsi60,188,0.12765957,3.93432938,26,0.00000000,0.00000000,0.00000000,33,0.00000000,0.00000000,0.00000000
d1,5,300,trend_bull+volatility+retest_up,189,0.12698413,3.91351282,26,0.00000000,0.00000000,0.00000000,34,0.00000000,0.00000000,0.00000000
d1,5,300,trend_bull+volatility+breakout20_up+retest_up,189,0.12698413,3.91351282,26,0.00000000,0.00000000,0.00000000,34,0.00000000,0.00000000,0.00000000
d1,5,300,trend_bull+volatility+breakout_up20+retest_up,189,0.12698413,3.91351282,26,0.00000000,0.00000000,0.00000000,34,0.00000000,0.00000000,0.00000000
d1,5,300,trend_bull+volatility+channel_breakout_up+retest_up,189,0.12698413,3.91351282,26,0.00000000,0.00000000,0.00000000,34,0.00000000,0.00000000,0.00000000
d1,5,300,trend_bull+volatility+retest_up+mtf_trend_bull,189,0.12698413,3.91351282,26,0.00000000,0.00000000,0.00000000,34,0.00000000,0.00000000,0.00000000
d1,5,300,price200_bull+volatility+breakout20_up+close_near_high,184,0.12500000,3.85236419,22,0.00000000,0.00000000,0.00000000,30,0.00000000,0.00000000,0.00000000
d1,5,300,price200_bull+volatility+breakout_up20+close_near_high,184,0.12500000,3.85236419,22,0.00000000,0.00000000,0.00000000,30,0.00000000,0.00000000,0.00000000
d1,5,300,price200_bull+volatility+channel_breakout_up+close_near_high,184,0.12500000,3.85236419,22,0.00000000,0.00000000,0.00000000,30,0.00000000,0.00000000,0.00000000
d1,5,300,price200_bull+volatility+breakout20_up+cross_group_return_up,152,0.12500000,3.85236419,29,0.00000000,0.00000000,0.00000000,36,0.00000000,0.00000000,0.00000000
d1,5,300,price200_bull+volatility+breakout_up20+cross_group_return_up,152,0.12500000,3.85236419,29,0.00000000,0.00000000,0.00000000,36,0.00000000,0.00000000,0.00000000
d1,5,300,price200_bull+volatility+channel_breakout_up+cross_group_return_up,152,0.12500000,3.85236419,29,0.00000000,0.00000000,0.00000000,36,0.00000000,0.00000000,0.00000000
d1,5,300,price200_bull+volatility+retest_up+cross_group_return_up,152,0.12500000,3.85236419,29,0.00000000,0.00000000,0.00000000,34,0.00000000,0.00000000,0.00000000
d1,5,300,trend_bull+rsi60+volatility+breakout20_up,185,0.12432432,3.83154059,27,0.00000000,0.00000000,0.00000000,35,0.00000000,0.00000000,0.00000000
d1,5,300,trend_bull+rsi60+volatility+breakout_up20,185,0.12432432,3.83154059,27,0.00000000,0.00000000,0.00000000,35,0.00000000,0.00000000,0.00000000
d1,5,300,trend_bull+rsi60+volatility+channel_breakout_up,185,0.12432432,3.83154059,27,0.00000000,0.00000000,0.00000000,35,0.00000000,0.00000000,0.00000000
d1,5,300,price200_bull+volatility+elliott_impulse_bull+cross_group_bull,169,0.12426036,3.82956913,27,0.03703704,1.12186380,0.00656815,32,0.00000000,0.00000000,0.00000000
d1,5,300,trend_bull+volatility+elliott_impulse_bull+cross_group_return_up,129,0.12403101,3.82250090,21,0.04761905,1.44239631,0.00845599,29,0.00000000,0.00000000,0.00000000
d1,5,300,sma_stack_bull+close_near_high+elliott_impulse_bull+cross_group_bull,162,0.12345679,3.80480413,58,0.00000000,0.00000000,0.00000000,38,0.00000000,0.00000000,0.00000000
d1,5,300,sma_stack_bull+volatility+breakout20_up+elliott_impulse_bull,130,0.12307692,3.79309704,20,0.00000000,0.00000000,0.00000000,24,0.00000000,0.00000000,0.00000000
d1,5,300,sma_stack_bull+volatility+breakout_up20+elliott_impulse_bull,130,0.12307692,3.79309704,20,0.00000000,0.00000000,0.00000000,24,0.00000000,0.00000000,0.00000000
d1,5,300,sma_stack_bull+volatility+channel_breakout_up+elliott_impulse_bull,130,0.12307692,3.79309704,20,0.00000000,0.00000000,0.00000000,24,0.00000000,0.00000000,0.00000000
d1,5,300,volatility+breakout20_up+mtf_trend_bull+cross_group_return_up,163,0.12269939,3.78146178,33,0.00000000,0.00000000,0.00000000,34,0.00000000,0.00000000,0.00000000
d1,5,300,volatility+breakout_up20+mtf_trend_bull+cross_group_return_up,163,0.12269939,3.78146178,33,0.00000000,0.00000000,0.00000000,34,0.00000000,0.00000000,0.00000000
d1,5,300,volatility+channel_breakout_up+mtf_trend_bull+cross_group_return_up,163,0.12269939,3.78146178,33,0.00000000,0.00000000,0.00000000,34,0.00000000,0.00000000,0.00000000
d1,5,300,volatility+retest_up+mtf_trend_bull+cross_group_return_up,163,0.12269939,3.78146178,33,0.00000000,0.00000000,0.00000000,32,0.00000000,0.00000000,0.00000000
d1,5,300,volatility+breakout20_up+close_near_high+mtf_trend_bull,196,0.12244898,3.77374451,25,0.00000000,0.00000000,0.00000000,29,0.00000000,0.00000000,0.00000000
d1,5,300,volatility+breakout_up20+close_near_high+mtf_trend_bull,196,0.12244898,3.77374451,25,0.00000000,0.00000000,0.00000000,29,0.00000000,0.00000000,0.00000000
d1,5,300,volatility+channel_breakout_up+close_near_high+mtf_trend_bull,196,0.12244898,3.77374451,25,0.00000000,0.00000000,0.00000000,29,0.00000000,0.00000000,0.00000000
d1,5,300,price200_bull+volatility+elliott_wave5_bull+cross_group_bull,131,0.12213740,3.76414210,22,0.00000000,0.00000000,0.00000000,24,0.00000000,0.00000000,0.00000000
d1,5,300,trend_bull+volatility+elliott_impulse_bull+mtf_trend_bull,216,0.12037037,3.70968403,32,0.03125000,0.94657258,0.00553786,36,0.00000000,0.00000000,0.00000000
d1,5,300,sma_stack_bull+rsi60+volatility+breakout20_up,142,0.11971831,3.68958823,24,0.00000000,0.00000000,0.00000000,29,0.00000000,0.00000000,0.00000000
d1,5,300,sma_stack_bull+rsi60+volatility+breakout_up20,142,0.11971831,3.68958823,24,0.00000000,0.00000000,0.00000000,29,0.00000000,0.00000000,0.00000000
d1,5,300,sma_stack_bull+rsi60+volatility+channel_breakout_up,142,0.11971831,3.68958823,24,0.00000000,0.00000000,0.00000000,29,0.00000000,0.00000000,0.00000000
d1,5,300,sma_stack_bull+volatility+breakout20_up+mtf_rsi60,142,0.11971831,3.68958823,24,0.00000000,0.00000000,0.00000000,28,0.00000000,0.00000000,0.00000000
d1,5,300,sma_stack_bull+volatility+breakout_up20+mtf_rsi60,142,0.11971831,3.68958823,24,0.00000000,0.00000000,0.00000000,28,0.00000000,0.00000000,0.00000000
d1,5,300,sma_stack_bull+volatility+channel_breakout_up+mtf_rsi60,142,0.11971831,3.68958823,24,0.00000000,0.00000000,0.00000000,28,0.00000000,0.00000000,0.00000000
d1,5,300,trend_bull+rsi60+volatility+retest_up,184,0.11956522,3.68487009,26,0.00000000,0.00000000,0.00000000,33,0.00000000,0.00000000,0.00000000
d1,5,300,price200_bull+volatility+breakout20_up+strong_close_bull,151,0.11920530,3.67377777,18,0.00000000,0.00000000,0.00000000,24,0.00000000,0.00000000,0.00000000
d1,5,300,price200_bull+volatility+breakout_up20+strong_close_bull,151,0.11920530,3.67377777,18,0.00000000,0.00000000,0.00000000,24,0.00000000,0.00000000,0.00000000
d1,5,300,price200_bull+volatility+channel_breakout_up+strong_close_bull,151,0.11920530,3.67377777,18,0.00000000,0.00000000,0.00000000,24,0.00000000,0.00000000,0.00000000
d1,5,300,sma_stack_bull+volatility+breakout20_up,143,0.11888112,3.66378692,24,0.00000000,0.00000000,0.00000000,29,0.00000000,0.00000000,0.00000000
d1,5,300,sma_stack_bull+volatility+breakout_up20,143,0.11888112,3.66378692,24,0.00000000,0.00000000,0.00000000,29,0.00000000,0.00000000,0.00000000
d1,5,300,sma_stack_bull+volatility+channel_breakout_up,143,0.11888112,3.66378692,24,0.00000000,0.00000000,0.00000000,29,0.00000000,0.00000000,0.00000000
d1,5,300,sma_stack_bull+volatility+breakout20_up+mtf_trend_bull,143,0.11888112,3.66378692,24,0.00000000,0.00000000,0.00000000,29,0.00000000,0.00000000,0.00000000
d1,5,300,sma_stack_bull+volatility+breakout_up20+mtf_trend_bull,143,0.11888112,3.66378692,24,0.00000000,0.00000000,0.00000000,29,0.00000000,0.00000000,0.00000000
d1,5,300,sma_stack_bull+volatility+channel_breakout_up+mtf_trend_bull,143,0.11888112,3.66378692,24,0.00000000,0.00000000,0.00000000,29,0.00000000,0.00000000,0.00000000
d1,5,300,volatility+close_near_high+elliott_impulse_bull+mtf_trend_bull,202,0.11881188,3.66165309,22,0.00000000,0.00000000,0.00000000,29,0.00000000,0.00000000,0.00000000
d1,5,300,sma_stack_bull+volatility+elliott_impulse_bull+mtf_trend_bull,160,0.11875000,3.65974598,28,0.03571429,1.08179724,0.00633252,31,0.00000000,0.00000000,0.00000000
d1,5,300,volatility+breakout20_up+strong_close_bull+mtf_trend_bull,160,0.11875000,3.65974598,21,0.00000000,0.00000000,-0.00000000,23,0.00000000,0.00000000,0.00000000
d1,5,300,volatility+breakout_up20+strong_close_bull+mtf_trend_bull,160,0.11875000,3.65974598,21,0.00000000,0.00000000,-0.00000000,23,0.00000000,0.00000000,0.00000000
d1,5,300,volatility+channel_breakout_up+strong_close_bull+mtf_trend_bull,160,0.11875000,3.65974598,21,0.00000000,0.00000000,-0.00000000,23,0.00000000,0.00000000,0.00000000
d1,5,300,sma_stack_bull+rsi60+volatility+elliott_impulse_bull,152,0.11842105,3.64960818,27,0.03703704,1.12186380,0.00656815,31,0.00000000,0.00000000,0.00000000
d1,5,300,trend_bull+volatility+elliott_wave5_bull+mtf_trend_bull,178,0.11797753,3.63593923,25,0.00000000,0.00000000,0.00000000,27,0.00000000,0.00000000,0.00000000
d1,5,300,sma_stack_bull+rsi60+volatility+elliott_wave5_bull,129,0.11627907,3.58359459,21,0.00000000,0.00000000,-0.00000000,22,0.00000000,0.00000000,0.00000000
d1,5,300,sma_stack_bull+volatility+retest_up+elliott_impulse_bull,129,0.11627907,3.58359459,20,0.00000000,0.00000000,0.00000000,24,0.00000000,0.00000000,0.00000000
d1,5,300,volatility+strong_close_bull+elliott_wave5_bull+mtf_trend_bull,129,0.11627907,3.58359459,13,0.00000000,0.00000000,0.00000000,16,0.00000000,0.00000000,0.00000000
d1,5,300,sma_stack_bull+strong_close_bull+elliott_impulse_bull+cross_group_bull,138,0.11594203,3.57320736,49,0.00000000,0.00000000,0.00000000,25,0.00000000,0.00000000,0.00000000
d1,5,300,volatility+breakout20_up+close_near_high+cross_group_return_up,138,0.11594203,3.57320736,21,0.00000000,0.00000000,-0.00000000,20,0.00000000,0.00000000,0.00000000
d1,5,300,volatility+breakout_up20+close_near_high+cross_group_return_up,138,0.11594203,3.57320736,21,0.00000000,0.00000000,-0.00000000,20,0.00000000,0.00000000,0.00000000
d1,5,300,volatility+channel_breakout_up+close_near_high+cross_group_return_up,138,0.11594203,3.57320736,21,0.00000000,0.00000000,-0.00000000,20,0.00000000,0.00000000,0.00000000
d1,5,300,trend_bull+rsi60+volatility+elliott_impulse_bull,199,0.11557789,3.56198498,31,0.03225806,0.97710718,0.00571722,36,0.00000000,0.00000000,0.00000000
d1,5,300,volatility+close_near_high+elliott_wave5_bull+mtf_trend_bull,156,0.11538462,3.55602848,16,0.00000000,0.00000000,0.00000000,20,0.00000000,0.00000000,0.00000000
d1,5,300,volatility+close_near_high+elliott_impulse_bull+cross_group_bull,156,0.11538462,3.55602848,24,0.00000000,0.00000000,0.00000000,20,0.00000000,0.00000000,0.00000000
d1,5,300,rsi60+volatility+elliott_wave5_bull+cross_group_bull,130,0.11538462,3.55602848,28,0.00000000,0.00000000,0.00000000,20,0.00000000,0.00000000,0.00000000
d1,5,300,sma_stack_bull+volatility+elliott_impulse_bull+mtf_rsi60,166,0.11445783,3.52746600,27,0.03703704,1.12186380,0.00656815,33,0.00000000,0.00000000,0.00000000
d1,10,50,sma_stack_bull+bb_expand+breakout20_up+cross_group_bull,123,0.85365854,1.19258371,63,0.65079365,0.88660898,0.52751461,26,0.57692308,0.84462530,0.38948614
d1,10,50,sma_stack_bull+bb_expand+breakout_up20+cross_group_bull,123,0.85365854,1.19258371,63,0.65079365,0.88660898,0.52751461,26,0.57692308,0.84462530,0.38948614
d1,10,50,sma_stack_bull+bb_expand+channel_breakout_up+cross_group_bull,123,0.85365854,1.19258371,63,0.65079365,0.88660898,0.52751461,26,0.57692308,0.84462530,0.38948614
d1,10,50,sma_stack_bull+bb_expand+retest_up+cross_group_bull,123,0.85365854,1.19258371,62,0.66129032,0.90090912,0.53717700,26,0.57692308,0.84462530,0.38948614
d1,10,50,sma_stack_bull+close_near_high+elliott_wave5_bull+cross_group_bull,141,0.84397163,1.17905085,53,0.62264151,0.84825590,0.48806896,24,0.62500000,0.91501074,0.42709962
d1,10,50,adx_up3+atr_expand,229,0.84279476,1.17740673,38,0.86842105,1.18309375,0.72673141,60,0.65000000,0.95161117,0.52362619
d1,10,50,sma_stack_bull+strong_close_bull+elliott_wave5_bull+cross_group_bull,120,0.84166667,1.17583075,44,0.61363636,0.83598773,0.46623575,16,0.62500000,0.91501074,0.38641041
d1,10,50,sma_stack_bull+close_near_high+elliott_impulse_bull+cross_group_bull,162,0.83333333,1.16418886,58,0.65517241,0.89257439,0.52667777,38,0.68421053,1.00169597,0.52544240
d1,10,50,trend_bull+bb_expand+elliott_wave5_bull+cross_group_bull,178,0.83146067,1.16157271,60,0.68333333,0.93093943,0.55766233,17,0.58823529,0.86118658,0.36005443
d1,10,50,trend_bull+bb_expand+elliott_impulse_bull+cross_group_bull,191,0.82722513,1.15565554,64,0.68750000,0.93661589,0.56607664,26,0.61538462,0.90093365,0.42534850
d1,10,50,sma_stack_bull+rci_bull+elliott_wave5_bull+cross_group_bull,190,0.82631579,1.15438516,90,0.68888889,0.93850804,0.58717175,36,0.63888889,0.93534431,0.47575075
d1,10,50,sma_stack_bull+strong_close_bull+elliott_impulse_bull+cross_group_bull,138,0.82608696,1.15406548,49,0.65306122,0.88969821,0.51311194,25,0.64000000,0.93697100,0.44518498
d1,10,50,sma_stack_bull+close_near_high+elliott_wave5_bull+cross_group_return_up,148,0.82432432,1.15160303,58,0.62068966,0.84559679,0.49202807,32,0.71875000,1.05226235,0.54625491
d1,10,50,sma_stack_bull+strong_close_bull+elliott_wave5_bull+cross_group_return_up,125,0.82400000,1.15114995,48,0.64583333,0.87985129,0.50439057,22,0.77272727,1.13128601,0.56560047
d1,10,50,sma_stack_bull+di_spread_up3+elliott_wave5_bull+cross_group_bull,142,0.82394366,1.15107124,76,0.69736842,0.95006013,0.58665798,32,0.65625000,0.96076128,0.48311088
d1,10,50,sma_stack_bull+elliott_wave5_bull+mtf_di_strong_bull+cross_group_bull,187,0.82352941,1.15049252,93,0.65591398,0.89358466,0.55490921,35,0.65714286,0.96206844,0.49151950
d1,10,50,sma_stack_bull+bb_expand+close_near_high+cross_group_bull,129,0.82170543,1.14794436,46,0.69565217,0.94772200,0.55194354,33,0.54545455,0.79855483,0.37985939
d1,10,50,sma_stack_bull+elliott_wave5_bull+mtf_trend_bull+cross_group_bull,199,0.81909548,1.14429820,99,0.67676768,0.92199470,0.57952968,39,0.64102564,0.93847256,0.48418149
d1,10,50,trend_bull+bb_expand+breakout20_up+cross_target_relative_up,213,0.81690141,1.14123302,72,0.66666667,0.90823359,0.55179604,22,0.72727273,1.06473977,0.51848266
d1,10,50,trend_bull+bb_expand+breakout_up20+cross_target_relative_up,213,0.81690141,1.14123302,72,0.66666667,0.90823359,0.55179604,22,0.72727273,1.06473977,0.51848266
d1,10,50,trend_bull+bb_expand+channel_breakout_up+cross_target_relative_up,213,0.81690141,1.14123302,72,0.66666667,0.90823359,0.55179604,22,0.72727273,1.06473977,0.51848266
d1,10,50,sma_stack_bull+elliott_wave5_bull+cross_group_bull,202,0.81683168,1.14113562,99,0.67676768,0.92199470,0.57952968,40,0.65000000,0.95161117,0.49505881
d1,10,50,trend_bull+bb_expand+breakout20_up+cross_group_bull,202,0.81683168,1.14113562,69,0.68115942,0.92797780,0.56415874,29,0.55172414,0.80773362,0.37547963
d1,10,50,trend_bull+bb_expand+breakout_up20+cross_group_bull,202,0.81683168,1.14113562,69,0.68115942,0.92797780,0.56415874,29,0.55172414,0.80773362,0.37547963
d1,10,50,trend_bull+bb_expand+channel_breakout_up+cross_group_bull,202,0.81683168,1.14113562,69,0.68115942,0.92797780,0.56415874,29,0.55172414,0.80773362,0.37547963
d1,10,50,trend_bull+bb_expand+retest_up+cross_group_bull,202,0.81683168,1.14113562,68,0.69117647,0.94162453,0.57363188,29,0.55172414,0.80773362,0.37547963
d1,10,50,trend_bull+rci_bull+elliott_wave5_bull+cross_group_bull,300,0.81666667,1.14090508,102,0.67647059,0.92158996,0.58071043,50,0.60000000,0.87841031,0.46181438
d1,10,50,sma_stack_bull+rci_bull+elliott_impulse_bull+cross_group_bull,207,0.81642512,1.14056764,97,0.69072165,0.94100490,0.59295416,49,0.67346939,0.98597076,0.53379205
d1,10,50,trend_bull+bb_expand+retest_up+cross_target_relative_up,212,0.81603774,1.14002645,70,0.67142857,0.91472097,0.55500936,22,0.72727273,1.06473977,0.51848266
d1,10,50,sma_stack_bull+elliott_wave5_bull+mtf_rsi60+cross_group_bull,201,0.81592040,1.13986253,98,0.67346939,0.91750128,0.57561481,40,0.65000000,0.95161117,0.49505881
d1,10,50,sma_stack_bull+bb_expand+breakout20_up+cross_group_return_up,134,0.81343284,1.13638734,71,0.64788732,0.88264954,0.53182062,34,0.67647059,0.99036457,0.50842895
d1,10,50,sma_stack_bull+bb_expand+breakout_up20+cross_group_return_up,134,0.81343284,1.13638734,71,0.64788732,0.88264954,0.53182062,34,0.67647059,0.99036457,0.50842895
d1,10,50,sma_stack_bull+bb_expand+channel_breakout_up+cross_group_return_up,134,0.81343284,1.13638734,71,0.64788732,0.88264954,0.53182062,34,0.67647059,0.99036457,0.50842895
d1,10,50,sma_stack_bull+bb_expand+retest_up+cross_group_return_up,134,0.81343284,1.13638734,70,0.65714286,0.89525882,0.54039550,33,0.66666667,0.97601146,0.49607894
d1,10,50,sma_stack_bull+bb_expand+elliott_impulse_bull+cross_group_return_up,123,0.81300813,1.13579401,65,0.64615385,0.88028794,0.52475106,30,0.73333333,1.07361260,0.55552038
d1,10,50,di_spread_up3+volatility+elliott_pullback_bull+cross_group_bull,128,0.81250000,1.13508414,31,0.80645161,1.09866966,0.63719742,30,0.76666667,1.12241318,0.59071674
d1,10,50,sma_stack_bull+volatility+elliott_pullback_bull+cross_group_return_up,133,0.81203008,1.13442764,35,0.77142857,1.05095601,0.60982683,39,0.61538462,0.90093365,0.45899061
d1,10,50,trend_bull+volatility+elliott_pullback_bull+cross_group_bull,143,0.81118881,1.13325237,32,0.81250000,1.10690968,0.64690845,29,0.62068966,0.90870032,0.44002544
d1,10,50,sma_stack_bull+rci_bull+strong_close_bull+cross_group_bull,222,0.81081081,1.13272430,95,0.67368421,0.91779394,0.57425513,52,0.51923077,0.76016277,0.38685683
d1,10,50,sma_stack_bull+breakout20_up+elliott_wave5_bull+cross_group_bull,168,0.80952381,1.13092632,85,0.65882353,0.89754849,0.55313139,35,0.60000000,0.87841031,0.43572709
d1,10,50,sma_stack_bull+breakout_up20+elliott_wave5_bull+cross_group_bull,168,0.80952381,1.13092632,85,0.65882353,0.89754849,0.55313139,35,0.60000000,0.87841031,0.43572709
d1,10,50,sma_stack_bull+channel_breakout_up+elliott_wave5_bull+cross_group_bull,168,0.80952381,1.13092632,85,0.65882353,0.89754849,0.55313139,35,0.60000000,0.87841031,0.43572709
d1,10,50,sma_stack_bull+retest_up+elliott_wave5_bull+cross_group_bull,168,0.80952381,1.13092632,85,0.65882353,0.89754849,0.55313139,35,0.60000000,0.87841031,0.43572709
d1,10,50,sma_stack_bull+di_spread_up3+breakout20_up+cross_group_bull,126,0.80952381,1.13092632,76,0.65789474,0.89628315,0.54595898,36,0.63888889,0.93534431,0.47575075
d1,10,50,sma_stack_bull+di_spread_up3+breakout_up20+cross_group_bull,126,0.80952381,1.13092632,76,0.65789474,0.89628315,0.54595898,36,0.63888889,0.93534431,0.47575075
d1,10,50,sma_stack_bull+di_spread_up3+channel_breakout_up+cross_group_bull,126,0.80952381,1.13092632,76,0.65789474,0.89628315,0.54595898,36,0.63888889,0.93534431,0.47575075
d1,10,50,sma_stack_bull+di_spread_up3+retest_up+cross_group_bull,126,0.80952381,1.13092632,75,0.66666667,0.90823359,0.55417426,36,0.63888889,0.93534431,0.47575075
d1,10,50,trend_bull+close_near_high+elliott_wave5_bull+cross_group_bull,215,0.80930233,1.13061690,62,0.61290323,0.83498894,0.48847844,26,0.65384615,0.95724201,0.46220571
d1,10,50,trend_bull+di_spread_up3+elliott_wave5_bull+cross_group_bull,241,0.80912863,1.13037425,86,0.69767442,0.95047701,0.59387965,41,0.63414634,0.92840114,0.48120701
d1,10,50,close_near_high+elliott_pullback_bull+cross_target_relative_up,136,0.80882353,1.12994801,62,0.69354839,0.94485591,0.57032784,27,0.88888889,1.30134861,0.71942199
d1,10,50,sma_stack_bull+di_spread_up3+volatility,370,0.80810811,1.12894855,67,0.80597015,1.09801374,0.69580888,73,0.67123288,0.98269647,0.55729006
d1,10,50,trend_bull+rci_bull+elliott_impulse_bull+cross_group_bull,333,0.80780781,1.12852902,111,0.67567568,0.92050701,0.58398134,66,0.63636364,0.93164730,0.51579641
d1,10,50,sma_stack_bull+elliott_impulse_bull+mtf_di_strong_bull+cross_group_bull,208,0.80769231,1.12836766,104,0.67307692,0.91696660,0.57816323,47,0.70212766,1.02792696,0.56022326
d1,10,50,trend_bull+bb_expand+close_near_high+cross_group_bull,187,0.80748663,1.12808033,48,0.72916667,0.99338049,0.59003035,33,0.54545455,0.79855483,0.37985939
d1,10,50,adx_up3+volatility,853,0.80539273,1.12515510,142,0.81690141,1.11290594,0.74523413,189,0.85185185,1.24712575,0.79421606
d1,10,50,sma_stack_bull+di_spread_up3+elliott_impulse_bull+cross_group_bull,159,0.80503145,1.12465037,84,0.70238095,0.95688896,0.59750915,43,0.69767442,1.02140734,0.54894636
d1,10,50,sma_stack_bull+adx_up3+volatility,297,0.80471380,1.12420662,38,0.86842105,1.18309375,0.72673141,82,0.89024390,1.30333237,0.80438763
d1,10,50,sma_stack_bull+elliott_impulse_bull+mtf_trend_bull+cross_group_bull,219,0.80365297,1.12272460,109,0.68807339,0.93739705,0.59595278,53,0.67924528,0.99442677,0.54518520
d1,10,50,sma_stack_bull+close_near_high+elliott_impulse_bull+cross_group_return_up,173,0.80346821,1.12246649,66,0.66666667,0.90823359,0.54656344,49,0.71428571,1.04572656,0.57591116
d1,10,50,sma_stack_bull+breakout20_up+elliott_impulse_bull+cross_group_bull,178,0.80337079,1.12233038,90,0.66666667,0.90823359,0.56422318,45,0.62222222,0.91094403,0.47629934
d1,10,50,sma_stack_bull+breakout_up20+elliott_impulse_bull+cross_group_bull,178,0.80337079,1.12233038,90,0.66666667,0.90823359,0.56422318,45,0.62222222,0.91094403,0.47629934
d1,10,50,sma_stack_bull+channel_breakout_up+elliott_impulse_bull+cross_group_bull,178,0.80337079,1.12233038,90,0.66666667,0.90823359,0.56422318,45,0.62222222,0.91094403,0.47629934
d1,10,50,sma_stack_bull+retest_up+elliott_impulse_bull+cross_group_bull,178,0.80337079,1.12233038,90,0.66666667,0.90823359,0.56422318,45,0.62222222,0.91094403,0.47629934
d1,10,50,trend_bull+strong_close_bull+elliott_wave5_bull+cross_group_bull,183,0.80327869,1.12220172,51,0.60784314,0.82809533,0.47085159,17,0.64705882,0.94730524,0.41300363
d1,10,50,bb_expand+close_near_high+elliott_impulse_bull+cross_group_bull,183,0.80327869,1.12220172,44,0.65909091,0.89791275,0.51139141,22,0.72727273,1.06473977,0.51848266
d1,10,50,trend_bull+elliott_wave5_bull+mtf_trend_bull+cross_group_bull,310,0.80322581,1.12212784,113,0.66371681,0.90421485,0.57250221,53,0.60377358,0.88393490,0.46941479
d1,10,50,sma_stack_bull+elliott_wave5_bull+mtf_di_strong_bull+cross_group_return_up,198,0.80303030,1.12185472,101,0.65346535,0.89024876,0.55657983,44,0.72727273,1.06473977,0.58151127
d1,10,50,sma_stack_bull+bb_expand+close_near_high+cross_target_relative_up,132,0.80303030,1.12185472,48,0.75000000,1.02176279,0.61215627,22,0.81818182,1.19783224,0.61483393
d1,10,50,trend_bull+bb_expand+strong_close_bull+cross_group_bull,147,0.80272109,1.12142274,39,0.71794872,0.97809771,0.56224681,25,0.48000000,0.70272825,0.30031286
d1,10,50,sma_stack_bull+elliott_impulse_bull+mtf_rsi60+cross_group_bull,223,0.80269058,1.12138012,109,0.68807339,0.93739705,0.59595278,54,0.68518519,1.00312289,0.55256555
d1,10,50,volatility+mtf_volatility+adx25,973,0.80267215,1.12135437,141,0.75886525,1.03384036,0.68199730,163,0.84662577,1.23947467,0.78338678
d1,10,50,sma_stack_bull+elliott_impulse_bull+cross_group_bull,228,0.80263158,1.12129769,110,0.69090909,0.94126026,0.59933398,54,0.68518519,1.00312289,0.55256555
d1,10,50,atr_expand+mtf_volatility+adx25,303,0.80198020,1.12038770,47,0.80851064,1.10147478,0.67455995,67,0.79104478,1.15810315,0.67928193
d1,10,50,sma_stack_bull+rci_bull+elliott_wave5_bull+cross_group_return_up,202,0.80198020,1.12038770,101,0.68316832,0.93071462,0.58714909,46,0.71739130,1.05027320,0.57451439
d1,10,50,trend_bull+elliott_wave5_bull+mtf_rsi60+cross_group_bull,313,0.80191693,1.12029931,112,0.65178571,0.88796052,0.55985194,54,0.61111111,0.89467717,0.47788299
d1,10,50,di_spread_up3+volatility+mtf_trend_bull+cross_group_bull,242,0.80165289,1.11993044,62,0.82258065,1.12064306,0.70958433,35,0.74285714,1.08755562,0.57930693
d1,10,50,sma_stack_bull+strong_close_bull+elliott_impulse_bull+cross_group_return_up,146,0.80136986,1.11953504,55,0.69090909,0.94126026,0.55971410,34,0.70588235,1.03342390,0.53831090
d1,10,50,trend_bull+elliott_wave5_bull+mtf_di_strong_bull+cross_group_bull,302,0.80132450,1.11947167,106,0.64150943,0.87396062,0.54674200,47,0.61702128,0.90332975,0.47426567
d1,10,50,sma_stack_bull+di_spread_up3+bb_expand+cross_group_bull,151,0.80132450,1.11947167,92,0.68478261,0.93291385,0.58406690,41,0.73170732,1.07123209,0.58066467
d1,10,50,trend_bull+elliott_wave5_bull+cross_group_bull,317,0.80126183,1.11938412,114,0.65789474,0.89628315,0.56693722,54,0.61111111,0.89467717,0.47788299
d1,10,50,bb_expand+close_near_high+elliott_wave5_bull+cross_group_bull,161,0.80124224,1.11935674,41,0.63414634,0.86392951,0.48120701,13,0.76923077,1.12616707,0.49743624
d1,10,50,sma_stack_bull+atr_expand,251,0.80079681,1.11873447,49,0.85714286,1.16772890,0.73332294,84,0.85714286,1.25487187,0.76669897
d1,10,50,trend_bull+bb_expand+elliott_impulse_bull+cross_target_relative_up,195,0.80000000,1.11762131,67,0.65671642,0.89467786,0.53732665,21,0.71428571,1.04572656,0.50043619
d1,10,50,volatility+elliott_impulse_bull+mtf_trend_bull+cross_group_bull,155,0.80000000,1.11762131,30,0.73333333,0.99905695,0.55552038,23,0.78260870,1.14575258,0.58096517
d1,10,50,price200_bull+volatility+elliott_pullback_bull+cross_group_bull,179,0.79888268,1.11606038,43,0.79069767,1.07720728,0.64794357,47,0.65957447,0.96562836,0.51670925
d1,10,50,volatility+elliott_wave5_bull+mtf_trend_bull+cross_group_bull,124,0.79838710,1.11536804,24,0.66666667,0.90823359,0.46706317,18,0.77777778,1.13868003,0.54785416
d1,10,50,trend_bull+di_spread_up3+volatility,500,0.79800000,1.11482725,76,0.78947368,1.07553977,0.68504360,82,0.65853659,0.96410888,0.55087740
d1,10,50,price200_bull+di_spread_up3+volatility,752,0.79787234,1.11464891,104,0.79807692,1.08726040,0.71095329,155,0.72903226,1.06731575,0.65415257
d1,10,50,di_spread_up3+volatility+strong_close_bull+cross_group_bull,163,0.79754601,1.11419302,31,0.70967742,0.96682930,0.53407671,29,0.82758621,1.21160043,0.65451560
d1,10,50,price200_bull+bb_expand+elliott_impulse_bull+cross_group_bull,242,0.79752066,1.11415760,81,0.67901235,0.92505273,0.57123624,31,0.64516129,0.94452722,0.46947954
d1,10,50,sma_stack_bull+elliott_wave5_bull+mtf_trend_bull+cross_group_return_up,212,0.79716981,1.11366746,110,0.67272727,0.91649026,0.58050888,50,0.72000000,1.05409237,0.58334876
d1,10,50,sma_stack_bull+bb_expand+breakout20_up+cross_target_relative_up,138,0.79710145,1.11357195,61,0.62295082,0.84867729,0.49747858,17,0.76470588,1.11954255,0.52738202
d1,10,50,sma_stack_bull+bb_expand+breakout_up20+cross_target_relative_up,138,0.79710145,1.11357195,61,0.62295082,0.84867729,0.49747858,17,0.76470588,1.11954255,0.52738202
d1,10,50,sma_stack_bull+bb_expand+channel_breakout_up+cross_target_relative_up,138,0.79710145,1.11357195,61,0.62295082,0.84867729,0.49747858,17,0.76470588,1.11954255,0.52738202
d1,10,50,sma_stack_bull+breakout20_up+close_near_high+cross_group_bull,138,0.79710145,1.11357195,55,0.63636364,0.86695024,0.50422761,37,0.56756757,0.83092867,0.40914181
d1,10,50,sma_stack_bull+breakout_up20+close_near_high+cross_group_bull,138,0.79710145,1.11357195,55,0.63636364,0.86695024,0.50422761,37,0.56756757,0.83092867,0.40914181
d1,10,50,sma_stack_bull+channel_breakout_up+close_near_high+cross_group_bull,138,0.79710145,1.11357195,55,0.63636364,0.86695024,0.50422761,37,0.56756757,0.83092867,0.40914181
d1,10,50,trend_bull+bb_expand+mtf_rsi60+cross_group_bull,335,0.79701493,1.11345108,121,0.71900826,0.97954118,0.63313526,59,0.57627119,0.84367092,0.44934483
d1,10,50,sma_stack_bull+strong_close_bull+mtf_trend_bull+cross_group_bull,241,0.79668050,1.11298387,107,0.67289720,0.91672175,0.57935969,61,0.57377049,0.84000986,0.44895230
d1,10,50,price200_bull+bb_expand+elliott_wave5_bull+cross_group_bull,221,0.79638009,1.11256420,76,0.67105263,0.91420881,0.55943809,22,0.63636364,0.93164730,0.42951708
d1,10,50,price200_bull+di_spread_up3+volatility+cross_group_bull,324,0.79629630,1.11244713,65,0.81538462,1.11083954,0.70446006,73,0.75342466,1.10302665,0.64355555
d1,10,50,rci_bull+volatility+elliott_wave5_bull+cross_group_bull,157,0.79617834,1.11228235,32,0.71875000,0.97918934,0.54625491,23,0.73913043,1.08209966,0.53529995
d1,10,50,trend_bull+close_near_high+elliott_impulse_bull+cross_group_bull,255,0.79607843,1.11214277,69,0.63768116,0.86874517,0.51979771,42,0.69047619,1.01086901,0.53974006
d1,10,50,trend_bull+bb_expand+elliott_wave5_bull+cross_group_return_up,196,0.79591837,1.11191916,67,0.67164179,0.91501145,0.55258181,23,0.65217391,0.95479382,0.44890335
d1,10,50,price200_bull+bb_expand+close_near_high+cross_group_bull,240,0.79583333,1.11180036,71,0.73239437,0.99777774,0.61946011,39,0.56410256,0.82585585,0.40975692
d1,10,50,bb_expand+breakout20_up+close_near_high+cross_group_bull,191,0.79581152,1.11176989,50,0.68000000,0.92639826,0.54189703,26,0.61538462,0.90093365,0.42534850
d1,10,50,bb_expand+breakout_up20+close_near_high+cross_group_bull,191,0.79581152,1.11176989,50,0.68000000,0.92639826,0.54189703,26,0.61538462,0.90093365,0.42534850
d1,10,50,bb_expand+channel_breakout_up+close_near_high+cross_group_bull,191,0.79581152,1.11176989,50,0.68000000,0.92639826,0.54189703,26,0.61538462,0.90093365,0.42534850
d1,10,50,trend_bull+di_spread_up3+volatility+strong_close_bull,137,0.79562044,1.11150294,14,0.64285714,0.87579667,0.38764423,20,0.75000000,1.09801289,0.53129912
d1,10,50,sma_stack_bull+bb_expand+retest_up+cross_target_relative_up,137,0.79562044,1.11150294,59,0.62711864,0.85435532,0.49953591,17,0.76470588,1.11954255,0.52738202
d1,10,50,trend_bull+rci_bull+strong_close_bull+cross_group_bull,326,0.79447853,1.10990766,102,0.67647059,0.92158996,0.58071043,62,0.56451613,0.82646131,0.44092988
d1,10,50,trend_bull+di_spread_up3+bb_expand+cross_group_bull,253,0.79446640,1.10989072,101,0.69306931,0.94420323,0.59742652,43,0.69767442,1.02140734,0.54894636
d1,10,50,trend_bull+di_spread_up3+volatility+mtf_trend_bull,389,0.79434447,1.10972038,64,0.79687500,1.08562296,0.68286364,59,0.71186441,1.04218173,0.58619153
d1,10,50,sma_stack_bull+bb_expand+breakout20_up+close_near_high,170,0.79411765,1.10940350,50,0.64000000,0.87190424,0.50141017,31,0.67741935,0.99175358,0.50141009
d1,10,50,sma_stack_bull+bb_expand+breakout_up20+close_near_high,170,0.79411765,1.10940350,50,0.64000000,0.87190424,0.50141017,31,0.67741935,0.99175358,0.50141009
d1,10,50,sma_stack_bull+bb_expand+channel_breakout_up+close_near_high,170,0.79411765,1.10940350,50,0.64000000,0.87190424,0.50141017,31,0.67741935,0.99175358,0.50141009
d1,10,50,price200_bull+volatility+elliott_wave5_bull+cross_group_bull,131,0.79389313,1.10908985,22,0.68181818,0.92887526,0.47318598,24,0.79166667,1.15901361,0.59529547
d1,10,50,rci_bull+volatility+elliott_impulse_bull+cross_group_bull,189,0.79365079,1.10875130,37,0.75675676,1.03096786,0.59882708,28,0.75000000,1.09801289,0.56644330
d1,10,50,trend_bull+bb_expand+elliott_impulse_bull+cross_group_return_up,213,0.79342723,1.10843897,71,0.67605634,0.92102561,0.56061157,34,0.67647059,0.99036457,0.50842895
d1,10,50,trend_bull+bb_expand+elliott_wave5_bull+cross_target_relative_up,179,0.79329609,1.10825576,61,0.65573770,0.89334451,0.53049749,16,0.68750000,1.00651182,0.44404356
d1,10,100,sma_stack_bull+bb_expand+breakout20_up+cross_group_bull,123,0.67479675,1.41800820,63,0.33333333,0.68490153,0.22949614,26,0.38461538,0.88106012,0.22428594
d1,10,100,sma_stack_bull+bb_expand+breakout_up20+cross_group_bull,123,0.67479675,1.41800820,63,0.33333333,0.68490153,0.22949614,26,0.38461538,0.88106012,0.22428594
d1,10,100,sma_stack_bull+bb_expand+channel_breakout_up+cross_group_bull,123,0.67479675,1.41800820,63,0.33333333,0.68490153,0.22949614,26,0.38461538,0.88106012,0.22428594
d1,10,100,sma_stack_bull+bb_expand+retest_up+cross_group_bull,123,0.67479675,1.41800820,62,0.33870968,0.69594833,0.23341702,26,0.38461538,0.88106012,0.22428594
d1,10,100,price200_bull+volatility+elliott_wave5_bull+cross_group_bull,131,0.67175573,1.41161784,22,0.45454545,0.93395663,0.26920294,24,0.66666667,1.52717087,0.46706317
d1,10,100,volatility+elliott_wave5_bull+mtf_trend_bull+cross_group_bull,124,0.66935484,1.40657265,24,0.41666667,0.85612691,0.24467603,18,0.61111111,1.39990663,0.38619042
d1,10,100,di_spread_up3+volatility+mtf_trend_bull+cross_group_bull,242,0.65702479,1.38066247,62,0.64516129,1.32561587,0.52081131,35,0.42857143,0.98175270,0.27984568
d1,10,100,adx_up3+atr_expand,229,0.65502183,1.37645348,38,0.71052632,1.45992169,0.55242862,60,0.53333333,1.22173669,0.40893427
d1,10,100,sma_stack_bull+close_near_high+elliott_impulse_bull+cross_group_bull,162,0.65432099,1.37498073,58,0.34482759,0.70851883,0.23561089,38,0.44736842,1.02481203,0.30146401
d1,10,100,sma_stack_bull+close_near_high+elliott_wave5_bull+cross_group_bull,141,0.65248227,1.37111688,53,0.35849057,0.73659221,0.24301953,24,0.58333333,1.33627451,0.38834666
d1,10,100,trend_bull+bb_expand+elliott_wave5_bull+cross_group_bull,178,0.65168539,1.36944233,60,0.38333333,0.78763676,0.27088272,17,0.58823529,1.34750371,0.36005443
d1,10,100,sma_stack_bull+strong_close_bull+elliott_wave5_bull+cross_group_bull,120,0.65000000,1.36590067,44,0.38636364,0.79386314,0.25721203,16,0.56250000,1.28855042,0.33178556
d1,10,100,rci_bull+volatility+elliott_wave5_bull+cross_group_bull,157,0.64968153,1.36523144,32,0.50000000,1.02735230,0.33630883,23,0.60869565,1.39437340,0.40785522
d1,10,100,sma_stack_bull+bb_expand+close_near_high+mtf_di_strong_bull,226,0.64601770,1.35753232,59,0.44067797,0.90546304,0.32150212,39,0.30769231,0.70484809,0.18565932
d1,10,100,volatility+elliott_impulse_bull+mtf_trend_bull+cross_group_bull,155,0.64516129,1.35573268,30,0.43333333,0.89037199,0.27377486,23,0.47826087,1.09557910,0.29237157
d1,10,100,price200_bull+volatility+elliott_impulse_bull+cross_group_bull,169,0.64497041,1.35533157,27,0.48148148,0.98930221,0.30743227,32,0.53125000,1.21696429,0.36449517
d1,10,100,sma_stack_bull+strong_close_bull+elliott_impulse_bull+cross_group_bull,138,0.64492754,1.35524147,49,0.36734694,0.75478944,0.24665173,25,0.40000000,0.91630252,0.23403302
d1,10,100,trend_bull+bb_expand+elliott_impulse_bull+cross_group_bull,191,0.64397906,1.35324835,64,0.37500000,0.77051422,0.26665980,26,0.42307692,0.96916613,0.25544443
d1,10,100,sma_stack_bull+bb_expand+close_near_high+cross_group_bull,129,0.64341085,1.35205433,46,0.32608696,0.67001237,0.20865943,33,0.33333333,0.76358543,0.19750228
d1,10,100,sma_stack_bull+breakout20_up+elliott_wave5_bull+cross_group_bull,168,0.64285714,1.35089077,85,0.38823529,0.79770884,0.29161300,35,0.54285714,1.24355342,0.38189725
d1,10,100,sma_stack_bull+breakout_up20+elliott_wave5_bull+cross_group_bull,168,0.64285714,1.35089077,85,0.38823529,0.79770884,0.29161300,35,0.54285714,1.24355342,0.38189725
d1,10,100,sma_stack_bull+channel_breakout_up+elliott_wave5_bull+cross_group_bull,168,0.64285714,1.35089077,85,0.38823529,0.79770884,0.29161300,35,0.54285714,1.24355342,0.38189725
d1,10,100,sma_stack_bull+retest_up+elliott_wave5_bull+cross_group_bull,168,0.64285714,1.35089077,85,0.38823529,0.79770884,0.29161300,35,0.54285714,1.24355342,0.38189725
d1,10,100,sma_stack_bull+di_spread_up3+volatility+cross_group_bull,137,0.64233577,1.34979516,42,0.76190476,1.56548922,0.61472456,33,0.42424242,0.97183601,0.27235597
d1,10,100,volatility+breakout20_up+elliott_impulse_bull+cross_group_bull,137,0.64233577,1.34979516,25,0.40000000,0.82188184,0.23403302,23,0.52173913,1.19517720,0.32962737
d1,10,100,volatility+breakout_up20+elliott_impulse_bull+cross_group_bull,137,0.64233577,1.34979516,25,0.40000000,0.82188184,0.23403302,23,0.52173913,1.19517720,0.32962737
d1,10,100,volatility+channel_breakout_up+elliott_impulse_bull+cross_group_bull,137,0.64233577,1.34979516,25,0.40000000,0.82188184,0.23403302,23,0.52173913,1.19517720,0.32962737
d1,10,100,volatility+retest_up+elliott_impulse_bull+cross_group_bull,137,0.64233577,1.34979516,25,0.40000000,0.82188184,0.23403302,23,0.52173913,1.19517720,0.32962737
d1,10,100,sma_stack_bull+bb_expand+elliott_impulse_bull+cross_group_return_up,123,0.64227642,1.34967046,65,0.33846154,0.69543848,0.23533503,30,0.50000000,1.14537815,0.33154126
d1,10,100,price200_bull+di_spread_up3+volatility+cross_group_bull,324,0.64197531,1.34903770,65,0.70769231,1.45409864,0.58803963,73,0.49315068,1.12968804,0.38170860
d1,10,100,sma_stack_bull+elliott_wave5_bull+mtf_di_strong_bull+cross_group_bull,187,0.64171123,1.34848277,93,0.41935484,0.86165031,0.32422212,35,0.60000000,1.37445378,0.43572709
d1,10,100,sma_stack_bull+bb_expand+breakout20_up+close_near_high,170,0.64117647,1.34735903,50,0.32000000,0.65750547,0.20758216,31,0.38709677,0.88674438,0.23733101
d1,10,100,sma_stack_bull+bb_expand+breakout_up20+close_near_high,170,0.64117647,1.34735903,50,0.32000000,0.65750547,0.20758216,31,0.38709677,0.88674438,0.23733101
d1,10,100,sma_stack_bull+bb_expand+channel_breakout_up+close_near_high,170,0.64117647,1.34735903,50,0.32000000,0.65750547,0.20758216,31,0.38709677,0.88674438,0.23733101
d1,10,100,di_spread_up3+volatility+elliott_pullback_bull+cross_group_bull,128,0.64062500,1.34620018,31,0.58064516,1.19305428,0.40766262,30,0.53333333,1.22173669,0.36142300
d1,10,100,sma_stack_bull+bb_expand+close_near_high+elliott_wave5_bull,147,0.63945578,1.34374320,39,0.33333333,0.68490153,0.20632956,16,0.56250000,1.28855042,0.33178556
d1,10,100,trend_bull+bb_expand+breakout20_up+cross_group_bull,202,0.63861386,1.34197400,69,0.36231884,0.74445819,0.25895724,29,0.37931034,0.86890756,0.22688022
d1,10,100,trend_bull+bb_expand+breakout_up20+cross_group_bull,202,0.63861386,1.34197400,69,0.36231884,0.74445819,0.25895724,29,0.37931034,0.86890756,0.22688022
d1,10,100,trend_bull+bb_expand+channel_breakout_up+cross_group_bull,202,0.63861386,1.34197400,69,0.36231884,0.74445819,0.25895724,29,0.37931034,0.86890756,0.22688022
d1,10,100,trend_bull+bb_expand+retest_up+cross_group_bull,202,0.63861386,1.34197400,68,0.36764706,0.75540610,0.26300465,29,0.37931034,0.86890756,0.22688022
d1,10,100,sma_stack_bull+rci_bull+elliott_wave5_bull+cross_group_bull,190,0.63684211,1.33825086,90,0.43333333,0.89037199,0.33576573,36,0.55555556,1.27264239,0.39581062
d1,10,100,sma_stack_bull+bb_expand+close_near_high+elliott_impulse_bull,159,0.63522013,1.33484246,42,0.30952381,0.63597999,0.19071103,27,0.44444444,1.01811391,0.27585858
d1,10,100,trend_bull+di_spread_up3+volatility+strong_close_bull,137,0.63503650,1.33445658,14,0.50000000,1.02735230,0.26799202,20,0.55000000,1.25991597,0.34208534
d1,10,100,sma_stack_bull+breakout20_up+elliott_impulse_bull+cross_group_bull,178,0.63483146,1.33402572,90,0.37777778,0.77622174,0.28455968,45,0.46666667,1.06901961,0.32935132
d1,10,100,sma_stack_bull+breakout_up20+elliott_impulse_bull+cross_group_bull,178,0.63483146,1.33402572,90,0.37777778,0.77622174,0.28455968,45,0.46666667,1.06901961,0.32935132
d1,10,100,sma_stack_bull+channel_breakout_up+elliott_impulse_bull+cross_group_bull,178,0.63483146,1.33402572,90,0.37777778,0.77622174,0.28455968,45,0.46666667,1.06901961,0.32935132
d1,10,100,sma_stack_bull+retest_up+elliott_impulse_bull+cross_group_bull,178,0.63483146,1.33402572,90,0.37777778,0.77622174,0.28455968,45,0.46666667,1.06901961,0.32935132
d1,10,100,sma_stack_bull+elliott_impulse_bull+mtf_di_strong_bull+cross_group_bull,208,0.63461538,1.33357166,104,0.41346154,0.84954132,0.32354912,47,0.51063830,1.16974790,0.37242454
d1,10,100,price200_bull+volatility+elliott_wave5_bull+cross_group_return_up,156,0.63461538,1.33357166,26,0.46153846,0.94832520,0.28755854,35,0.65714286,1.50535414,0.49151950
d1,10,100,volatility+close_near_high+elliott_impulse_bull+cross_group_bull,156,0.63461538,1.33357166,24,0.33333333,0.68490153,0.17972190,20,0.65000000,1.48899160,0.43285428
d1,10,100,sma_stack_bull+bb_expand+breakout20_up+cross_group_return_up,134,0.63432836,1.33296851,71,0.35211268,0.72348753,0.25122748,34,0.44117647,1.01062778,0.28883482
d1,10,100,sma_stack_bull+bb_expand+breakout_up20+cross_group_return_up,134,0.63432836,1.33296851,71,0.35211268,0.72348753,0.25122748,34,0.44117647,1.01062778,0.28883482
d1,10,100,sma_stack_bull+bb_expand+channel_breakout_up+cross_group_return_up,134,0.63432836,1.33296851,71,0.35211268,0.72348753,0.25122748,34,0.44117647,1.01062778,0.28883482
d1,10,100,sma_stack_bull+bb_expand+retest_up+cross_group_return_up,134,0.63432836,1.33296851,70,0.35714286,0.73382307,0.25503339,33,0.42424242,0.97183601,0.27235597
d1,10,100,sma_stack_bull+elliott_wave5_bull+mtf_trend_bull+cross_group_bull,199,0.63316583,1.33052559,99,0.42424242,0.87169286,0.33151107,39,0.56410256,1.29222150,0.40975692
d1,10,100,sma_stack_bull+rci_bull+elliott_impulse_bull+cross_group_bull,207,0.63285024,1.32986242,97,0.42268041,0.86848339,0.32916626,49,0.44897959,1.02850283,0.31852841
d1,10,100,trend_bull+di_spread_up3+volatility+cross_group_bull,204,0.63235294,1.32881740,47,0.72340426,1.48638205,0.58241436,37,0.40540541,0.92868499,0.26346518
d1,10,100,sma_stack_bull+strong_close_bull+elliott_wave5_bull+cross_group_return_up,125,0.63200000,1.32807573,48,0.43750000,0.89893326,0.30701269,22,0.54545455,1.24950344,0.34659795
d1,10,100,trend_bull+rci_bull+elliott_wave5_bull+cross_group_bull,300,0.63000000,1.32387296,102,0.44117647,0.90648732,0.34869333,50,0.48000000,1.09956303,0.34797135
d1,10,100,price200_bull+volatility+breakout20_up+cross_group_bull,127,0.62992126,1.32370750,23,0.39130435,0.80401484,0.22157623,23,0.47826087,1.09557910,0.29237157
d1,10,100,price200_bull+volatility+breakout_up20+cross_group_bull,127,0.62992126,1.32370750,23,0.39130435,0.80401484,0.22157623,23,0.47826087,1.09557910,0.29237157
d1,10,100,price200_bull+volatility+channel_breakout_up+cross_group_bull,127,0.62992126,1.32370750,23,0.39130435,0.80401484,0.22157623,23,0.47826087,1.09557910,0.29237157
d1,10,100,price200_bull+volatility+retest_up+cross_group_bull,127,0.62992126,1.32370750,23,0.39130435,0.80401484,0.22157623,23,0.47826087,1.09557910,0.29237157
d1,10,100,volatility+strong_close_bull+elliott_impulse_bull+cross_group_bull,135,0.62962963,1.32309467,20,0.30000000,0.61641138,0.14547724,12,0.75000000,1.71806723,0.46769467
d1,10,100,sma_stack_bull+di_spread_up3+elliott_impulse_bull+cross_group_bull,159,0.62893082,1.32162619,84,0.45238095,0.92950922,0.35035720,43,0.53488372,1.22528825,0.38915640
d1,10,100,sma_stack_bull+bb_expand+close_near_high+cross_target_relative_up,132,0.62878788,1.32132583,48,0.50000000,1.02735230,0.36389331,22,0.50000000,1.14537815,0.30722106
d1,10,100,sma_stack_bull+elliott_wave5_bull+cross_group_bull,202,0.62871287,1.32116821,99,0.42424242,0.87169286,0.33151107,40,0.57500000,1.31718487,0.42195069
d1,10,100,sma_stack_bull+close_near_high+elliott_wave5_bull+cross_group_return_up,148,0.62837838,1.32046531,58,0.39655172,0.81479665,0.28088758,32,0.56250000,1.28855042,0.39325591
d1,10,100,volatility+breakout20_up+mtf_trend_bull+cross_group_bull,129,0.62790698,1.31947471,26,0.42307692,0.86929810,0.25544443,21,0.47619048,1.09083633,0.28344006
d1,10,100,volatility+breakout_up20+mtf_trend_bull+cross_group_bull,129,0.62790698,1.31947471,26,0.42307692,0.86929810,0.25544443,21,0.47619048,1.09083633,0.28344006
d1,10,100,volatility+channel_breakout_up+mtf_trend_bull+cross_group_bull,129,0.62790698,1.31947471,26,0.42307692,0.86929810,0.25544443,21,0.47619048,1.09083633,0.28344006
d1,10,100,volatility+retest_up+mtf_trend_bull+cross_group_bull,129,0.62790698,1.31947471,26,0.42307692,0.86929810,0.25544443,21,0.47619048,1.09083633,0.28344006
d1,10,100,sma_stack_bull+elliott_impulse_bull+cross_group_bull,228,0.62719298,1.31797433,110,0.41818182,0.85924010,0.33029106,54,0.48148148,1.10295674,0.35393973
d1,10,100,sma_stack_bull+bb_expand+mtf_rsi60+cross_group_bull,201,0.62686567,1.31728653,115,0.37391304,0.76828085,0.29090380,52,0.36538462,0.83700711,0.24800700
d1,10,100,sma_stack_bull+elliott_wave5_bull+mtf_rsi60+cross_group_bull,201,0.62686567,1.31728653,98,0.42857143,0.88058768,0.33511579,40,0.57500000,1.31718487,0.42195069
d1,10,100,sma_stack_bull+di_spread_up3+elliott_wave5_bull+cross_group_bull,142,0.62676056,1.31706565,76,0.44736842,0.91920995,0.34080658,32,0.62500000,1.43172269,0.45254407
d1,10,100,sma_stack_bull+elliott_wave5_bull+mtf_di_strong_bull+cross_group_return_up,198,0.62626263,1.31601930,101,0.43564356,0.89511883,0.34305972,44,0.61363636,1.40569137,0.46623575
d1,10,100,sma_stack_bull+rci_bull+strong_close_bull+cross_group_bull,222,0.62612613,1.31573246,95,0.40000000,0.82188184,0.30722900,52,0.28846154,0.66079509,0.18329960
d1,10,100,sma_stack_bull+bb_expand+strong_close_bull+elliott_wave5_bull,123,0.62601626,1.31550159,34,0.38235294,0.78562235,0.23900183,11,0.63636364,1.45775401,0.35380117
d1,10,100,sma_stack_bull+elliott_impulse_bull+mtf_trend_bull+cross_group_bull,219,0.62557078,1.31456545,109,0.41284404,0.84827254,0.32492131,53,0.47169811,1.08054543,0.34382243
d1,10,100,trend_bull+breakout20_up+elliott_wave5_bull+cross_group_bull,264,0.62500000,1.31336603,94,0.40425532,0.83062526,0.31070190,49,0.46938776,1.07525296,0.33703504
d1,10,100,trend_bull+breakout_up20+elliott_wave5_bull+cross_group_bull,264,0.62500000,1.31336603,94,0.40425532,0.83062526,0.31070190,49,0.46938776,1.07525296,0.33703504
d1,10,100,trend_bull+channel_breakout_up+elliott_wave5_bull+cross_group_bull,264,0.62500000,1.31336603,94,0.40425532,0.83062526,0.31070190,49,0.46938776,1.07525296,0.33703504
d1,10,100,trend_bull+retest_up+elliott_wave5_bull+cross_group_bull,264,0.62500000,1.31336603,94,0.40425532,0.83062526,0.31070190,49,0.46938776,1.07525296,0.33703504
d1,10,100,trend_bull+rci_bull+elliott_impulse_bull+cross_group_bull,333,0.62462462,1.31257722,111,0.42342342,0.87001005,0.33558062,66,0.42424242,0.97183601,0.31242510
d1,10,100,price200_bull+bb_expand+elliott_wave5_bull+cross_group_bull,221,0.62443439,1.31217746,76,0.38157895,0.78403202,0.28057077,22,0.54545455,1.24950344,0.34659795
d1,10,100,rci_bull+volatility+elliott_impulse_bull+cross_group_bull,189,0.62433862,1.31197623,37,0.51351351,1.05511858,0.35894897,28,0.50000000,1.14537815,0.32633127
d1,10,100,di_spread_up3+volatility+mtf_di_strong_bull+cross_group_bull,393,0.62340967,1.31002413,105,0.63809524,1.31109722,0.54280998,65,0.47692308,1.09251454,0.36021791
d1,10,100,di_spread_up3+volatility+mtf_trend_bull+cross_group_return_up,308,0.62337662,1.30995469,72,0.62500000,1.28419037,0.50952899,54,0.48148148,1.10295674,0.35393973
d1,10,100,sma_stack_bull+elliott_impulse_bull+mtf_rsi60+cross_group_bull,223,0.62331839,1.30983231,109,0.42201835,0.86712304,0.33350965,54,0.48148148,1.10295674,0.35393973
d1,10,100,trend_bull+di_spread_up3+volatility+mtf_trend_bull,389,0.62210797,1.30728876,64,0.62500000,1.28419037,0.50250379,59,0.52542373,1.20361772,0.40039795
d1,10,100,sma_stack_bull+bb_expand+close_near_high+mtf_rsi60,254,0.62204724,1.30716115,69,0.43478261,0.89334982,0.32432803,43,0.32558140,0.74582763,0.20493297
d1,10,100,sma_stack_bull+breakout20_up+elliott_wave5_bull+cross_group_return_up,177,0.62146893,1.30594588,94,0.39361702,0.80876670,0.30089893,42,0.54761905,1.25446178,0.39949119
d1,10,100,sma_stack_bull+breakout_up20+elliott_wave5_bull+cross_group_return_up,177,0.62146893,1.30594588,94,0.39361702,0.80876670,0.30089893,42,0.54761905,1.25446178,0.39949119
d1,10,100,sma_stack_bull+channel_breakout_up+elliott_wave5_bull+cross_group_return_up,177,0.62146893,1.30594588,94,0.39361702,0.80876670,0.30089893,42,0.54761905,1.25446178,0.39949119
d1,10,100,sma_stack_bull+retest_up+elliott_wave5_bull+cross_group_return_up,177,0.62146893,1.30594588,94,0.39361702,0.80876670,0.30089893,42,0.54761905,1.25446178,0.39949119
d1,10,100,price200_bull+volatility+mtf_rsi60+cross_group_bull,343,0.62099125,1.30494211,67,0.59701493,1.22668931,0.47741329,72,0.48611111,1.11356209,0.37432675
d1,10,100,di_spread_up3+volatility+mtf_rsi60+cross_group_bull,319,0.62068966,1.30430833,95,0.62105263,1.27607970,0.52059392,56,0.48214286,1.10447179,0.35668219
d1,10,100,price200_bull+di_spread_up3+volatility+mtf_rsi60,466,0.62017167,1.30321986,74,0.66216216,1.36054764,0.54878513,98,0.52040816,1.19212828,0.42260806
d1,10,100,sma_stack_bull+rci_bull+bb_expand+close_near_high,258,0.62015504,1.30318490,66,0.42424242,0.87169286,0.31242510,53,0.35849057,0.82121452,0.24301953
d1,10,100,trend_bull+di_spread_up3+volatility+close_near_high,179,0.62011173,1.30309389,19,0.57894737,1.18956582,0.36275904,28,0.46428571,1.06356543,0.29531570
d1,10,100,price200_bull+bb_expand+elliott_impulse_bull+cross_group_bull,242,0.61983471,1.30251177,81,0.37037037,0.76100170,0.27331684,31,0.41935484,0.96063974,0.26415543
d1,10,100,di_spread_up3+volatility+strong_close_bull+cross_group_bull,163,0.61963190,1.30208559,31,0.45161290,0.92793111,0.29161736,29,0.72413793,1.65882353,0.54282868
d1,10,100,trend_bull+elliott_wave5_bull+mtf_trend_bull+cross_group_bull,310,0.61935484,1.30150337,113,0.42477876,0.87279487,0.33758876,53,0.49056604,1.12376724,0.36124250
d1,10,100,di_spread_up3+volatility+elliott_pullback_bull+mtf_di_strong_bull,155,0.61935484,1.30150337,18,0.44444444,0.91320204,0.24559518,36,0.47222222,1.08174603,0.31986042
d1,10,100,trend_bull+elliott_wave5_bull+mtf_di_strong_bull+cross_group_bull,302,0.61920530,1.30118913,106,0.41509434,0.85289625,0.32586888,47,0.53191489,1.21848739,0.39232383
d1,10,100,sma_stack_bull+di_spread_up3+breakout20_up+cross_group_bull,126,0.61904762,1.30085778,76,0.38157895,0.78403202,0.28057077,36,0.50000000,1.14537815,0.34474325
d1,10,100,sma_stack_bull+di_spread_up3+breakout_up20+cross_group_bull,126,0.61904762,1.30085778,76,0.38157895,0.78403202,0.28057077,36,0.50000000,1.14537815,0.34474325
d1,10,100,sma_stack_bull+di_spread_up3+channel_breakout_up+cross_group_bull,126,0.61904762,1.30085778,76,0.38157895,0.78403202,0.28057077,36,0.50000000,1.14537815,0.34474325
d1,10,100,sma_stack_bull+di_spread_up3+retest_up+cross_group_bull,126,0.61904762,1.30085778,75,0.38666667,0.79448578,0.28455217,36,0.50000000,1.14537815,0.34474325
d1,10,100,sma_stack_bull+rci_bull+elliott_wave5_bull+cross_group_return_up,202,0.61881188,1.30036241,101,0.43564356,0.89511883,0.34305972,46,0.56521739,1.29477530,0.42247434
d1,10,100,sma_stack_bull+bb_expand+breakout20_up+strong_close_bull,139,0.61870504,1.30013788,44,0.36363636,0.74716531,0.23783530,22,0.40909091,0.93712758,0.23255816
d1,10,100,sma_stack_bull+bb_expand+breakout_up20+strong_close_bull,139,0.61870504,1.30013788,44,0.36363636,0.74716531,0.23783530,22,0.40909091,0.93712758,0.23255816
d1,10,100,sma_stack_bull+bb_expand+channel_breakout_up+strong_close_bull,139,0.61870504,1.30013788,44,0.36363636,0.74716531,0.23783530,22,0.40909091,0.93712758,0.23255816
d1,10,100,bb_expand+elliott_wave5_bull+mtf_rsi60+cross_group_bull,236,0.61864407,1.30000977,81,0.35802469,0.73563498,0.26223674,23,0.52173913,1.19517720,0.32962737
d1,10,100,sma_stack_bull+close_near_high+elliott_impulse_bull+cross_group_return_up,173,0.61849711,1.29970095,66,0.37878788,0.77829720,0.27149447,49,0.44897959,1.02850283,0.31852841
d1,10,100,rci_bull+volatility+breakout20_up+cross_group_bull,144,0.61805556,1.29877308,28,0.42857143,0.88058768,0.26508547,23,0.47826087,1.09557910,0.29237157
d1,10,100,rci_bull+volatility+breakout_up20+cross_group_bull,144,0.61805556,1.29877308,28,0.42857143,0.88058768,0.26508547,23,0.47826087,1.09557910,0.29237157
d1,10,100,rci_bull+volatility+channel_breakout_up+cross_group_bull,144,0.61805556,1.29877308,28,0.42857143,0.88058768,0.26508547,23,0.47826087,1.09557910,0.29237157
d1,10,100,rci_bull+volatility+retest_up+cross_group_bull,144,0.61805556,1.29877308,28,0.42857143,0.88058768,0.26508547,23,0.47826087,1.09557910,0.29237157
d1,10,150,sma_stack_bull+bb_expand+breakout20_up+cross_group_bull,123,0.53658537,1.72520530,63,0.19047619,0.61147741,0.11246192,26,0.30769231,1.16657751,0.16501316
d1,10,150,sma_stack_bull+bb_expand+breakout_up20+cross_group_bull,123,0.53658537,1.72520530,63,0.19047619,0.61147741,0.11246192,26,0.30769231,1.16657751,0.16501316
d1,10,150,sma_stack_bull+bb_expand+channel_breakout_up+cross_group_bull,123,0.53658537,1.72520530,63,0.19047619,0.61147741,0.11246192,26,0.30769231,1.16657751,0.16501316
d1,10,150,sma_stack_bull+bb_expand+retest_up+cross_group_bull,123,0.53658537,1.72520530,62,0.19354839,0.62133995,0.11433808,26,0.30769231,1.16657751,0.16501316
d1,10,150,sma_stack_bull+bb_expand+close_near_high+cross_group_bull,129,0.52713178,1.69481056,46,0.19565217,0.62809365,0.10650610,33,0.24242424,0.91912168,0.12831713
d1,10,150,sma_stack_bull+strong_close_bull+elliott_impulse_bull+cross_group_bull,138,0.52173913,1.67747235,49,0.20408163,0.65515437,0.11481850,25,0.28000000,1.06158554,0.14283854
d1,10,150,sma_stack_bull+close_near_high+elliott_impulse_bull+cross_group_bull,162,0.51851852,1.66711758,58,0.18965517,0.60884173,0.10934252,38,0.31578947,1.19727692,0.19084604
d1,10,150,sma_stack_bull+strong_close_bull+elliott_wave5_bull+cross_group_bull,120,0.51666667,1.66116359,44,0.20454545,0.65664336,0.11153253,16,0.37500000,1.42176634,0.18481233
d1,10,150,sma_stack_bull+di_spread_up3+elliott_impulse_bull+cross_group_bull,159,0.51572327,1.65813042,84,0.25000000,0.80256410,0.16972313,43,0.39534884,1.49891645,0.26365315
d1,10,150,trend_bull+di_spread_up3+volatility+cross_group_bull,204,0.51470588,1.65485936,47,0.57446809,1.84418985,0.43281919,37,0.32432432,1.22963576,0.19633267
d1,10,150,price200_bull+volatility+elliott_wave5_bull+cross_group_bull,131,0.51145038,1.64439242,22,0.27272727,0.87552448,0.13150760,24,0.41666667,1.57974038,0.24467603
d1,10,150,trend_bull+di_spread_up3+volatility+strong_close_bull,137,0.51094891,1.64278010,14,0.50000000,1.60512821,0.26799202,20,0.25000000,0.94784423,0.11186170
d1,10,150,di_spread_up3+volatility+mtf_trend_bull+cross_group_bull,242,0.50826446,1.63414920,62,0.43548387,1.39801489,0.31942589,35,0.34285714,1.29990066,0.20831695
d1,10,150,sma_stack_bull+di_spread_up3+breakout20_up+cross_group_bull,126,0.50793651,1.63309477,76,0.21052632,0.67584345,0.13395147,36,0.36111111,1.36910833,0.22475593
d1,10,150,sma_stack_bull+di_spread_up3+breakout_up20+cross_group_bull,126,0.50793651,1.63309477,76,0.21052632,0.67584345,0.13395147,36,0.36111111,1.36910833,0.22475593
d1,10,150,sma_stack_bull+di_spread_up3+channel_breakout_up+cross_group_bull,126,0.50793651,1.63309477,76,0.21052632,0.67584345,0.13395147,36,0.36111111,1.36910833,0.22475593
d1,10,150,sma_stack_bull+di_spread_up3+retest_up+cross_group_bull,126,0.50793651,1.63309477,75,0.21333333,0.68485470,0.13580201,36,0.36111111,1.36910833,0.22475593
d1,10,150,sma_stack_bull+di_spread_up3+volatility+cross_group_bull,137,0.50364964,1.61931181,42,0.59523810,1.91086691,0.44494313,33,0.36363636,1.37868251,0.22187178
d1,10,150,sma_stack_bull+close_near_high+elliott_wave5_bull+cross_group_bull,141,0.50354610,1.61897893,53,0.18867925,0.60570876,0.10585325,24,0.37500000,1.42176634,0.21159368
d1,10,150,sma_stack_bull+volatility+close_near_high+cross_group_bull,151,0.50331126,1.61822388,37,0.29729730,0.95440055,0.17489479,28,0.28571429,1.08325055,0.15253996
d1,10,150,price200_bull+di_spread_up3+volatility+cross_group_bull,324,0.50000000,1.60757767,65,0.53846154,1.72859961,0.41853399,73,0.42465753,1.61003677,0.31784192
d1,10,150,sma_stack_bull+di_spread_up3+elliott_wave5_bull+cross_group_bull,142,0.50000000,1.60757767,76,0.23684211,0.76032389,0.15539330,32,0.43750000,1.65872740,0.28165331
d1,10,150,adx_up3+atr_expand,229,0.49781659,1.60055768,38,0.55263158,1.77408907,0.39706297,60,0.41666667,1.57974038,0.30064279
d1,10,150,trend_bull+di_spread_up3+volatility+close_near_high,179,0.49720670,1.59859679,19,0.52631579,1.68960864,0.31707809,28,0.17857143,0.67703159,0.07878502
d1,10,150,sma_stack_bull+volatility+strong_close_bull+mtf_di_strong_bull,175,0.49714286,1.59839151,21,0.38095238,1.22295482,0.20751011,26,0.23076923,0.87493313,0.11033849
d1,10,150,trend_bull+volatility+strong_close_bull+cross_group_bull,157,0.49681529,1.59733832,29,0.27586207,0.88558798,0.14698755,20,0.35000000,1.32698192,0.18119182
d1,10,150,trend_bull+bb_expand+strong_close_bull+cross_group_bull,147,0.49659864,1.59664176,39,0.20512821,0.65851414,0.10779718,25,0.20000000,0.75827538,0.08860585
d1,10,150,sma_stack_bull+di_spread_up3+volatility+close_near_high,131,0.49618321,1.59530608,16,0.56250000,1.80576923,0.33178556,27,0.25925926,0.98294957,0.13170375
d1,10,150,sma_stack_bull+strong_close_bull+elliott_wave5_bull+cross_group_return_up,125,0.49600000,1.59471704,48,0.27083333,0.86944444,0.16565958,22,0.27272727,1.03401189,0.13150760
d1,10,150,sma_stack_bull+bb_expand+elliott_impulse_bull+cross_group_return_up,123,0.49593496,1.59450793,65,0.20000000,0.64205128,0.12077959,30,0.36666667,1.39017153,0.21873921
d1,10,150,sma_stack_bull+rci_bull+strong_close_bull+cross_group_bull,222,0.49549550,1.59309498,95,0.21052632,0.67584345,0.14062186,52,0.15384615,0.58328876,0.08007685
d1,10,150,sma_stack_bull+strong_close_bull+elliott_impulse_bull+cross_group_return_up,146,0.49315068,1.58555605,55,0.27272727,0.87552448,0.17280752,34,0.23529412,0.89208869,0.12436986
d1,10,150,price200_bull+volatility+mtf_rsi60+cross_group_bull,343,0.49271137,1.58414359,67,0.40298507,1.29368542,0.29390493,72,0.34722222,1.31645032,0.24753423
d1,10,150,sma_stack_bull+bb_expand+breakout20_up+cross_group_return_up,134,0.49253731,1.58358397,71,0.21126761,0.67822319,0.13242551,34,0.32352941,1.22662194,0.19131644
d1,10,150,sma_stack_bull+bb_expand+breakout_up20+cross_group_return_up,134,0.49253731,1.58358397,71,0.21126761,0.67822319,0.13242551,34,0.32352941,1.22662194,0.19131644
d1,10,150,sma_stack_bull+bb_expand+channel_breakout_up+cross_group_return_up,134,0.49253731,1.58358397,71,0.21126761,0.67822319,0.13242551,34,0.32352941,1.22662194,0.19131644
d1,10,150,sma_stack_bull+bb_expand+retest_up+cross_group_return_up,134,0.49253731,1.58358397,70,0.21428571,0.68791209,0.13438703,33,0.30303030,1.14890209,0.17375531
d1,10,150,trend_bull+bb_expand+elliott_impulse_bull+cross_group_bull,191,0.49214660,1.58232775,64,0.21875000,0.70224359,0.13502319,26,0.30769231,1.16657751,0.16501316
d1,10,150,sma_stack_bull+volatility+strong_close_bull+mtf_rsi60,187,0.49197861,1.58178765,26,0.46153846,1.48165680,0.28755854,31,0.25806452,0.97841985,0.13701706
d1,10,150,trend_bull+bb_expand+close_near_high+cross_group_bull,187,0.49197861,1.58178765,48,0.18750000,0.60192308,0.10191391,33,0.21212121,0.80423147,0.10676022
d1,10,150,volatility+elliott_wave5_bull+mtf_trend_bull+cross_group_bull,124,0.49193548,1.58164899,24,0.25000000,0.80256410,0.11999366,18,0.33333333,1.26379230,0.16278775
d1,10,150,price200_bull+volatility+elliott_impulse_bull+cross_group_bull,169,0.49112426,1.57904078,27,0.33333333,1.07008547,0.18643261,32,0.34375000,1.30328581,0.20410438
d1,10,150,trend_bull+di_spread_up3+volatility+elliott_impulse_bull,167,0.49101796,1.57869903,22,0.36363636,1.16736597,0.19733205,22,0.22727273,0.86167657,0.10123040
d1,10,150,trend_bull+bb_expand+breakout20_up+cross_group_bull,202,0.49009901,1.57574444,69,0.21739130,0.69788183,0.13640766,29,0.27586207,1.04589708,0.14698755
d1,10,150,trend_bull+bb_expand+breakout_up20+cross_group_bull,202,0.49009901,1.57574444,69,0.21739130,0.69788183,0.13640766,29,0.27586207,1.04589708,0.14698755
d1,10,150,trend_bull+bb_expand+channel_breakout_up+cross_group_bull,202,0.49009901,1.57574444,69,0.21739130,0.69788183,0.13640766,29,0.27586207,1.04589708,0.14698755
d1,10,150,trend_bull+bb_expand+retest_up+cross_group_bull,202,0.49009901,1.57574444,68,0.22058824,0.70814480,0.13849012,29,0.27586207,1.04589708,0.14698755
d1,10,150,sma_stack_bull+volatility+close_near_high+mtf_di_strong_bull,239,0.48953975,1.57394633,27,0.40740741,1.30788224,0.24514757,36,0.16666667,0.63189615,0.07870448
d1,10,150,trend_bull+di_spread_up3+volatility+elliott_wave5_bull,143,0.48951049,1.57385226,18,0.33333333,1.07008547,0.16278775,18,0.27777778,1.05316025,0.12499753
d1,10,150,sma_stack_bull+di_spread_up3+strong_close_bull+cross_group_bull,139,0.48920863,1.57288174,55,0.25454545,0.81715618,0.15812115,30,0.33333333,1.26379230,0.19230498
d1,10,150,trend_bull+bb_expand+elliott_wave5_bull+cross_group_bull,178,0.48876404,1.57145233,60,0.23333333,0.74905983,0.14439562,17,0.41176471,1.56115520,0.21611057
d1,10,150,sma_stack_bull+breakout20_up+elliott_impulse_bull+cross_group_bull,178,0.48876404,1.57145233,90,0.22222222,0.71339031,0.14871335,45,0.31111111,1.17953948,0.19528699
d1,10,150,sma_stack_bull+breakout_up20+elliott_impulse_bull+cross_group_bull,178,0.48876404,1.57145233,90,0.22222222,0.71339031,0.14871335,45,0.31111111,1.17953948,0.19528699
d1,10,150,sma_stack_bull+channel_breakout_up+elliott_impulse_bull+cross_group_bull,178,0.48876404,1.57145233,90,0.22222222,0.71339031,0.14871335,45,0.31111111,1.17953948,0.19528699
d1,10,150,sma_stack_bull+retest_up+elliott_impulse_bull+cross_group_bull,178,0.48876404,1.57145233,90,0.22222222,0.71339031,0.14871335,45,0.31111111,1.17953948,0.19528699
d1,10,150,price200_bull+volatility+breakout20_up+cross_group_bull,127,0.48818898,1.56960339,23,0.26086957,0.83745819,0.12548616,23,0.30434783,1.15389732,0.15604024
d1,10,150,price200_bull+volatility+breakout_up20+cross_group_bull,127,0.48818898,1.56960339,23,0.26086957,0.83745819,0.12548616,23,0.30434783,1.15389732,0.15604024
d1,10,150,price200_bull+volatility+channel_breakout_up+cross_group_bull,127,0.48818898,1.56960339,23,0.26086957,0.83745819,0.12548616,23,0.30434783,1.15389732,0.15604024
d1,10,150,price200_bull+volatility+retest_up+cross_group_bull,127,0.48818898,1.56960339,23,0.26086957,0.83745819,0.12548616,23,0.30434783,1.15389732,0.15604024
d1,10,150,sma_stack_bull+breakout20_up+elliott_wave5_bull+cross_group_bull,168,0.48809524,1.56930201,85,0.23529412,0.75535445,0.15779539,35,0.34285714,1.29990066,0.20831695
d1,10,150,sma_stack_bull+breakout_up20+elliott_wave5_bull+cross_group_bull,168,0.48809524,1.56930201,85,0.23529412,0.75535445,0.15779539,35,0.34285714,1.29990066,0.20831695
d1,10,150,sma_stack_bull+channel_breakout_up+elliott_wave5_bull+cross_group_bull,168,0.48809524,1.56930201,85,0.23529412,0.75535445,0.15779539,35,0.34285714,1.29990066,0.20831695
d1,10,150,sma_stack_bull+retest_up+elliott_wave5_bull+cross_group_bull,168,0.48809524,1.56930201,85,0.23529412,0.75535445,0.15779539,35,0.34285714,1.29990066,0.20831695
d1,10,150,price200_bull+volatility+strong_close_bull+cross_group_bull,209,0.48803828,1.56911887,43,0.25581395,0.82122838,0.14929517,31,0.45161290,1.71223473,0.29161736
d1,10,150,sma_stack_bull+volatility+mtf_rsi60+cross_group_bull,164,0.48780488,1.56836845,40,0.42500000,1.36435897,0.28509393,32,0.25000000,0.94784423,0.13252401
d1,10,150,trend_bull+volatility+mtf_rsi60+cross_group_bull,238,0.48739496,1.56705050,42,0.42857143,1.37582418,0.29117651,40,0.27500000,1.04262865,0.16108016
d1,10,150,sma_stack_bull+close_near_high+elliott_impulse_bull+cross_group_return_up,173,0.48554913,1.56111588,66,0.24242424,0.77824398,0.15509185,49,0.26530612,1.00587551,0.16211282
d1,10,150,sma_stack_bull+breakout20_up+close_near_high+cross_group_bull,138,0.48550725,1.56098121,55,0.18181818,0.58368298,0.10187670,37,0.24324324,0.92222682,0.13361353
d1,10,150,sma_stack_bull+breakout_up20+close_near_high+cross_group_bull,138,0.48550725,1.56098121,55,0.18181818,0.58368298,0.10187670,37,0.24324324,0.92222682,0.13361353
d1,10,150,sma_stack_bull+channel_breakout_up+close_near_high+cross_group_bull,138,0.48550725,1.56098121,55,0.18181818,0.58368298,0.10187670,37,0.24324324,0.92222682,0.13361353
d1,10,150,di_spread_up3+volatility+strong_close_bull+cross_group_bull,163,0.48466258,1.55826547,31,0.32258065,1.03556658,0.18569427,29,0.48275862,1.83031989,0.31386090
d1,10,150,sma_stack_bull+rci_bull+elliott_impulse_bull+cross_group_bull,207,0.48309179,1.55321514,97,0.24742268,0.79429025,0.17227488,49,0.28571429,1.08325055,0.17849594
d1,10,150,sma_stack_bull+strong_close_bull+mtf_trend_bull+cross_group_bull,241,0.48132780,1.54754365,107,0.23364486,0.75005991,0.16356166,61,0.21311475,0.80799836,0.12899774
d1,10,150,sma_stack_bull+elliott_impulse_bull+mtf_di_strong_bull+cross_group_bull,208,0.48076923,1.54574776,104,0.23076923,0.74082840,0.16026407,47,0.38297872,1.45201669,0.25790681
d1,10,150,volatility+breakout20_up+mtf_trend_bull+cross_group_bull,129,0.48062016,1.54526845,26,0.23076923,0.74082840,0.11033849,21,0.28571429,1.08325055,0.13813863
d1,10,150,volatility+breakout_up20+mtf_trend_bull+cross_group_bull,129,0.48062016,1.54526845,26,0.23076923,0.74082840,0.11033849,21,0.28571429,1.08325055,0.13813863
d1,10,150,volatility+channel_breakout_up+mtf_trend_bull+cross_group_bull,129,0.48062016,1.54526845,26,0.23076923,0.74082840,0.11033849,21,0.28571429,1.08325055,0.13813863
d1,10,150,volatility+retest_up+mtf_trend_bull+cross_group_bull,129,0.48062016,1.54526845,26,0.23076923,0.74082840,0.11033849,21,0.28571429,1.08325055,0.13813863
d1,10,150,sma_stack_bull+close_near_high+elliott_wave5_bull+cross_group_return_up,148,0.47972973,1.54240560,58,0.24137931,0.77488948,0.14958874,32,0.28125000,1.06632476,0.15564580
d1,10,150,sma_stack_bull+di_spread_up3+volatility+cross_target_relative_up,192,0.47916667,1.54059526,40,0.45000000,1.44461538,0.30705308,33,0.45454545,1.72335314,0.29842939
d1,10,150,sma_stack_bull+rci_bull+elliott_wave5_bull+cross_group_bull,190,0.47894737,1.53989019,90,0.25555556,0.82039886,0.17674759,36,0.33333333,1.26379230,0.20214619
d1,10,150,sma_stack_bull+elliott_impulse_bull+cross_group_bull,228,0.47807018,1.53706987,110,0.24545455,0.78797203,0.17452425,54,0.33333333,1.26379230,0.22241417
d1,10,150,trend_bull+di_spread_up3+elliott_impulse_bull+cross_group_bull,268,0.47761194,1.53559658,98,0.25510204,0.81894296,0.17917461,54,0.37037037,1.40421367,0.25423375
d1,10,150,sma_stack_bull+bb_expand+mtf_rsi60+cross_group_bull,201,0.47761194,1.53559658,115,0.22608696,0.72579710,0.15921637,52,0.26923077,1.02075532,0.16768960
d1,10,150,trend_bull+volatility+close_near_high+cross_group_bull,199,0.47738693,1.53487315,39,0.28205128,0.90545694,0.16543492,28,0.25000000,0.94784423,0.12676495
d1,10,150,sma_stack_bull+volatility+close_near_high+mtf_rsi60,243,0.47736626,1.53480666,33,0.48484848,1.55648796,0.32504042,38,0.21052632,0.79818461,0.11074792
d1,10,150,trend_bull+di_spread_up3+elliott_wave5_bull+cross_group_bull,241,0.47717842,1.53420275,86,0.25581395,0.82122838,0.17543075,41,0.39024390,1.47956172,0.25656145
d1,10,150,trend_bull+volatility+strong_close_bull+mtf_di_strong_bull,239,0.47698745,1.53358874,24,0.37500000,1.20384615,0.21159368,30,0.26666667,1.01103384,0.14182663
d1,10,150,trend_bull+di_spread_up3+breakout20_up+cross_group_bull,216,0.47685185,1.53315277,85,0.23529412,0.75535445,0.15779539,45,0.33333333,1.26379230,0.21358875
d1,10,150,trend_bull+di_spread_up3+breakout_up20+cross_group_bull,216,0.47685185,1.53315277,85,0.23529412,0.75535445,0.15779539,45,0.33333333,1.26379230,0.21358875
d1,10,150,trend_bull+di_spread_up3+channel_breakout_up+cross_group_bull,216,0.47685185,1.53315277,85,0.23529412,0.75535445,0.15779539,45,0.33333333,1.26379230,0.21358875
d1,10,150,trend_bull+di_spread_up3+retest_up+cross_group_bull,216,0.47685185,1.53315277,84,0.23809524,0.76434676,0.15974691,45,0.33333333,1.26379230,0.21358875
d1,10,150,di_spread_up3+volatility+elliott_pullback_bull+cross_group_bull,128,0.47656250,1.53222246,31,0.45161290,1.44979322,0.29161736,30,0.50000000,1.89568846,0.33154126
d1,10,150,sma_stack_bull+volatility+mtf_rsi60+cross_target_relative_up,210,0.47619048,1.53102635,50,0.40000000,1.28410256,0.27608390,31,0.41935484,1.58993225,0.26415543
d1,10,150,sma_stack_bull+elliott_wave5_bull+mtf_di_strong_bull+cross_group_bull,187,0.47593583,1.53020762,93,0.22580645,0.72489661,0.15270154,35,0.42857143,1.62487582,0.27984568
d1,10,150,di_spread_up3+volatility+close_near_high+cross_group_bull,206,0.47572816,1.52953992,43,0.39534884,1.26917114,0.26365315,41,0.43902439,1.66450694,0.29890132
d1,10,150,volatility+close_near_high+mtf_trend_bull+cross_group_bull,204,0.47549020,1.52877484,36,0.22222222,0.71339031,0.11716332,24,0.25000000,0.94784423,0.11999366
d1,10,150,trend_bull+strong_close_bull+elliott_wave5_bull+cross_group_bull,183,0.47540984,1.52851647,51,0.19607843,0.62946204,0.11015343,17,0.41176471,1.56115520,0.21611057
d1,10,150,sma_stack_bull+elliott_impulse_bull+mtf_rsi60+cross_group_bull,223,0.47533632,1.52828011,109,0.24770642,0.79520113,0.17618528,54,0.33333333,1.26379230,0.22241417
d1,10,150,sma_stack_bull+volatility+strong_close_bull+cross_target_relative_up,120,0.47500000,1.52719878,21,0.61904762,1.98730159,0.40878654,20,0.35000000,1.32698192,0.18119182
d1,10,150,sma_stack_bull+di_spread_up3+elliott_impulse_bull+cross_group_return_up,179,0.47486034,1.52674974,91,0.26373626,0.84666103,0.18410599,55,0.34545455,1.30974839,0.23362710
d1,10,150,trend_bull+rci_bull+elliott_impulse_bull+cross_group_bull,333,0.47447447,1.52550914,111,0.25225225,0.80979441,0.18067661,66,0.25757576,0.97656678,0.16748844
d1,10,150,sma_stack_bull+di_spread_up3+breakout20_up+cross_group_return_up,137,0.47445255,1.52543866,80,0.22500000,0.72230769,0.14733207,46,0.32608696,1.23631856,0.20865943
d1,10,150,sma_stack_bull+di_spread_up3+breakout_up20+cross_group_return_up,137,0.47445255,1.52543866,80,0.22500000,0.72230769,0.14733207,46,0.32608696,1.23631856,0.20865943
d1,10,150,sma_stack_bull+di_spread_up3+channel_breakout_up+cross_group_return_up,137,0.47445255,1.52543866,80,0.22500000,0.72230769,0.14733207,46,0.32608696,1.23631856,0.20865943
d1,10,150,sma_stack_bull+di_spread_up3+retest_up+cross_group_return_up,137,0.47445255,1.52543866,79,0.22784810,0.73145083,0.14926775,45,0.31111111,1.17953948,0.19528699
d1,10,150,volatility+breakout20_up+elliott_impulse_bull+cross_group_bull,137,0.47445255,1.52543866,25,0.24000000,0.77046154,0.11496314,23,0.30434783,1.15389732,0.15604024
d1,10,150,volatility+breakout_up20+elliott_impulse_bull+cross_group_bull,137,0.47445255,1.52543866,25,0.24000000,0.77046154,0.11496314,23,0.30434783,1.15389732,0.15604024
d1,10,150,volatility+channel_breakout_up+elliott_impulse_bull+cross_group_bull,137,0.47445255,1.52543866,25,0.24000000,0.77046154,0.11496314,23,0.30434783,1.15389732,0.15604024
d1,10,150,volatility+retest_up+elliott_impulse_bull+cross_group_bull,137,0.47445255,1.52543866,25,0.24000000,0.77046154,0.11496314,23,0.30434783,1.15389732,0.15604024
d1,10,150,trend_bull+close_near_high+elliott_wave5_bull+cross_group_bull,215,0.47441860,1.52532951,62,0.17741935,0.56956162,0.10206438,26,0.38461538,1.45822189,0.22428594
d1,10,150,volatility+close_near_high+elliott_impulse_bull+cross_group_bull,156,0.47435897,1.52513779,24,0.25000000,0.80256410,0.11999366,20,0.35000000,1.32698192,0.18119182
d1,10,150,trend_bull+volatility+close_near_high+mtf_di_strong_bull,310,0.47419355,1.52460592,30,0.40000000,1.28410256,0.24590628,42,0.19047619,0.72216703,0.09982008
d1,10,150,sma_stack_bull+rci_bull+breakout20_up+cross_group_bull,192,0.47395833,1.52384966,94,0.23404255,0.75133661,0.15994220,48,0.25000000,0.94784423,0.14920634
d1,10,150,sma_stack_bull+rci_bull+breakout_up20+cross_group_bull,192,0.47395833,1.52384966,94,0.23404255,0.75133661,0.15994220,48,0.25000000,0.94784423,0.14920634
d1,10,150,sma_stack_bull+rci_bull+channel_breakout_up+cross_group_bull,192,0.47395833,1.52384966,94,0.23404255,0.75133661,0.15994220,48,0.25000000,0.94784423,0.14920634
d1,10,150,sma_stack_bull+rci_bull+retest_up+cross_group_bull,192,0.47395833,1.52384966,93,0.23655914,0.75941549,0.16172664,48,0.25000000,0.94784423,0.14920634
d1,10,150,price200_bull+volatility+mtf_di_strong_bull+cross_group_bull,401,0.47381546,1.52339031,86,0.38372093,1.23184258,0.28801440,75,0.33333333,1.26379230,0.23708221
d1,10,150,sma_stack_bull+rci_bull+close_near_high+cross_group_bull,283,0.47349823,1.52237037,125,0.20000000,0.64205128,0.13929931,74,0.18918919,0.71728752,0.11617970
d1,10,150,sma_stack_bull+strong_close_bull+mtf_rsi60+cross_group_bull,226,0.47345133,1.52221956,94,0.23404255,0.75133661,0.15994220,48,0.20833333,0.78987019,0.11730273
d1,10,200,sma_stack_bull+bb_expand+close_near_high+cross_group_bull,129,0.43410853,2.19374474,46,0.13043478,0.65671990,0.06117840,33,0.18181818,1.13939394,0.08610768
d1,10,200,sma_stack_bull+strong_close_bull+elliott_impulse_bull+cross_group_bull,138,0.42028986,2.12391280,49,0.12244898,0.61651256,0.05734826,25,0.28000000,1.75466667,0.14283854
d1,10,200,sma_stack_bull+close_near_high+elliott_impulse_bull+cross_group_bull,162,0.41975309,2.12120027,58,0.12068966,0.60765462,0.05970966,38,0.21052632,1.31929825,0.11074792
d1,10,200,trend_bull+di_spread_up3+volatility+cross_group_bull,204,0.41666667,2.10560321,47,0.40425532,2.03536592,0.27640035,37,0.18918919,1.18558559,0.09479979
d1,10,200,sma_stack_bull+strong_close_bull+elliott_wave5_bull+cross_group_bull,120,0.41666667,2.10560321,44,0.13636364,0.68657080,0.06402954,16,0.37500000,2.35000000,0.18481233
d1,10,200,sma_stack_bull+bb_expand+breakout20_up+cross_group_bull,123,0.41463415,2.09533198,63,0.14285714,0.71926465,0.07701948,26,0.15384615,0.96410256,0.06150034
d1,10,200,sma_stack_bull+bb_expand+breakout_up20+cross_group_bull,123,0.41463415,2.09533198,63,0.14285714,0.71926465,0.07701948,26,0.15384615,0.96410256,0.06150034
d1,10,200,sma_stack_bull+bb_expand+channel_breakout_up+cross_group_bull,123,0.41463415,2.09533198,63,0.14285714,0.71926465,0.07701948,26,0.15384615,0.96410256,0.06150034
d1,10,200,sma_stack_bull+bb_expand+retest_up+cross_group_bull,123,0.41463415,2.09533198,62,0.14516129,0.73086569,0.07829411,26,0.15384615,0.96410256,0.06150034
d1,10,200,trend_bull+bb_expand+close_near_high+cross_group_bull,187,0.41176471,2.08083141,48,0.10416667,0.52446381,0.04532172,33,0.15151515,0.94949495,0.06650457
d1,10,200,trend_bull+volatility+elliott_impulse_bull+cross_group_return_up,129,0.41085271,2.07622270,21,0.19047619,0.95901953,0.07667565,29,0.10344828,0.64827586,0.03581489
d1,10,200,trend_bull+bb_expand+strong_close_bull+cross_group_bull,147,0.40816327,2.06263172,39,0.10256410,0.51639513,0.04061331,25,0.20000000,1.25333333,0.08860585
d1,10,200,sma_stack_bull+close_near_high+elliott_wave5_bull+cross_group_bull,141,0.40425532,2.04288312,53,0.13207547,0.66498053,0.06547853,24,0.29166667,1.82777778,0.14914648
d1,10,200,sma_stack_bull+adx_up3+volatility+mtf_rsi60,139,0.40287770,2.03592138,26,0.15384615,0.77459270,0.06150034,26,0.03846154,0.24102564,0.00682198
d1,10,200,trend_bull+di_spread_up3+volatility+strong_close_bull,137,0.40145985,2.02875638,14,0.28571429,1.43852930,0.11721379,20,0.20000000,1.25333333,0.08065766
d1,10,200,sma_stack_bull+strong_close_bull+elliott_wave5_bull+cross_group_return_up,125,0.40000000,2.02137908,48,0.14583333,0.73424933,0.07248249,22,0.27272727,1.70909091,0.13150760
d1,10,200,trend_bull+volatility+mtf_rsi60+cross_group_bull,238,0.39915966,2.01713249,42,0.23809524,1.19877442,0.13480964,40,0.12500000,0.78333333,0.05459500
d1,10,200,sma_stack_bull+breakout20_up+close_near_high+cross_group_bull,138,0.39855072,2.01405525,55,0.12727273,0.64079942,0.06304210,37,0.16216216,1.01621622,0.07651207
d1,10,200,sma_stack_bull+breakout_up20+close_near_high+cross_group_bull,138,0.39855072,2.01405525,55,0.12727273,0.64079942,0.06304210,37,0.16216216,1.01621622,0.07651207
d1,10,200,sma_stack_bull+channel_breakout_up+close_near_high+cross_group_bull,138,0.39855072,2.01405525,55,0.12727273,0.64079942,0.06304210,37,0.16216216,1.01621622,0.07651207
d1,10,200,trend_bull+bb_expand+elliott_impulse_bull+cross_group_bull,191,0.39790576,2.01079595,64,0.14062500,0.70802614,0.07578573,26,0.15384615,0.96410256,0.06150034
d1,10,200,price200_bull+volatility+elliott_wave5_bull+cross_group_bull,131,0.39694656,2.00594871,22,0.13636364,0.68657080,0.04749004,24,0.08333333,0.52222222,0.02315882
d1,10,200,trend_bull+bb_expand+breakout20_up+cross_group_bull,202,0.39603960,2.00136543,69,0.13043478,0.65671990,0.07016628,29,0.13793103,0.86436782,0.05497440
d1,10,200,trend_bull+bb_expand+breakout_up20+cross_group_bull,202,0.39603960,2.00136543,69,0.13043478,0.65671990,0.07016628,29,0.13793103,0.86436782,0.05497440
d1,10,200,trend_bull+bb_expand+channel_breakout_up+cross_group_bull,202,0.39603960,2.00136543,69,0.13043478,0.65671990,0.07016628,29,0.13793103,0.86436782,0.05497440
d1,10,200,trend_bull+bb_expand+retest_up+cross_group_bull,202,0.39603960,2.00136543,68,0.13235294,0.66637754,0.07122244,29,0.13793103,0.86436782,0.05497440
d1,10,200,trend_bull+di_spread_up3+volatility+elliott_impulse_bull,167,0.39520958,1.99717095,22,0.18181818,0.91542774,0.07306885,22,0.09090909,0.56969697,0.02529543
d1,10,200,sma_stack_bull+bb_expand+close_near_high+cross_group_return_up,152,0.39473684,1.99478199,53,0.16981132,0.85497496,0.09199945,48,0.16666667,1.04444444,0.08695514
d1,10,200,sma_stack_bull+adx_up3+bb_expand+close_near_high,170,0.39411765,1.99165292,28,0.14285714,0.71926465,0.05699005,39,0.25641026,1.60683761,0.14568781
d1,10,200,sma_stack_bull+close_near_high+elliott_impulse_bull+cross_group_return_up,173,0.39306358,1.98632627,66,0.12121212,0.61028516,0.06271846,49,0.18367347,1.15102041,0.09976341
d1,10,200,sma_stack_bull+adx_up3+bb_expand+strong_close_bull,130,0.39230769,1.98250641,24,0.16666667,0.83914209,0.06678676,27,0.22222222,1.39259259,0.10607239
d1,10,200,sma_stack_bull+breakout20_up+strong_close_bull+cross_group_return_up,125,0.39200000,1.98095150,55,0.18181818,0.91542774,0.10187670,34,0.23529412,1.47450980,0.12436986
d1,10,200,sma_stack_bull+breakout_up20+strong_close_bull+cross_group_return_up,125,0.39200000,1.98095150,55,0.18181818,0.91542774,0.10187670,34,0.23529412,1.47450980,0.12436986
d1,10,200,sma_stack_bull+channel_breakout_up+strong_close_bull+cross_group_return_up,125,0.39200000,1.98095150,55,0.18181818,0.91542774,0.10187670,34,0.23529412,1.47450980,0.12436986
d1,10,200,sma_stack_bull+close_near_high+elliott_wave5_bull+cross_group_return_up,148,0.39189189,1.98040518,58,0.13793103,0.69446242,0.07158487,32,0.21875000,1.37083333,0.11023836
d1,10,200,trend_bull+di_spread_up3+volatility+elliott_wave5_bull,143,0.39160839,1.97897253,18,0.11111111,0.55942806,0.03101952,18,0.11111111,0.69629630,0.03101952
d1,10,200,sma_stack_bull+adx_up3+volatility,297,0.39057239,1.97373715,38,0.21052632,1.05996896,0.11074792,82,0.28048780,1.75772358,0.19477150
d1,10,200,price200_bull+volatility+elliott_impulse_bull+cross_group_bull,169,0.39053254,1.97353579,27,0.22222222,1.11885612,0.10607239,32,0.09375000,0.58750000,0.03240155
d1,10,200,sma_stack_bull+breakout20_up+close_near_high+cross_group_return_up,146,0.39041096,1.97292137,67,0.17910448,0.90176464,0.10553591,46,0.17391304,1.08985507,0.09085792
d1,10,200,sma_stack_bull+breakout_up20+close_near_high+cross_group_return_up,146,0.39041096,1.97292137,67,0.17910448,0.90176464,0.10553591,46,0.17391304,1.08985507,0.09085792
d1,10,200,sma_stack_bull+channel_breakout_up+close_near_high+cross_group_return_up,146,0.39041096,1.97292137,67,0.17910448,0.90176464,0.10553591,46,0.17391304,1.08985507,0.09085792
d1,10,200,sma_stack_bull+strong_close_bull+elliott_impulse_bull+cross_group_return_up,146,0.39041096,1.97292137,55,0.12727273,0.64079942,0.06304210,34,0.23529412,1.47450980,0.12436986
d1,10,200,sma_stack_bull+volatility+mtf_rsi60+cross_group_bull,164,0.39024390,1.97207715,40,0.22500000,1.13284182,0.12316091,32,0.09375000,0.58750000,0.03240155
d1,10,200,sma_stack_bull+bb_expand+elliott_impulse_bull+cross_group_return_up,123,0.39024390,1.97207715,65,0.13846154,0.69713343,0.07459090,30,0.23333333,1.46222222,0.11792388
d1,10,200,trend_bull+bb_expand+strong_close_bull+cross_group_return_up,182,0.39010989,1.97139993,46,0.15217391,0.76617321,0.07572282,36,0.16666667,1.04444444,0.07870448
d1,10,200,trend_bull+di_spread_up3+volatility+cross_group_return_up,247,0.38866397,1.96409304,55,0.38181818,1.92239825,0.26515954,57,0.15789474,0.98947368,0.08535796
d1,10,200,trend_bull+close_near_high+elliott_impulse_bull+cross_group_bull,255,0.38823529,1.96192676,69,0.08695652,0.43781326,0.04046362,42,0.23809524,1.49206349,0.13480964
d1,10,200,sma_stack_bull+bb_expand+breakout20_up+cross_group_return_up,134,0.38805970,1.96103941,71,0.15492958,0.78004758,0.08877304,34,0.17647059,1.10588235,0.08348969
d1,10,200,sma_stack_bull+bb_expand+breakout_up20+cross_group_return_up,134,0.38805970,1.96103941,71,0.15492958,0.78004758,0.08877304,34,0.17647059,1.10588235,0.08348969
d1,10,200,sma_stack_bull+bb_expand+channel_breakout_up+cross_group_return_up,134,0.38805970,1.96103941,71,0.15492958,0.78004758,0.08877304,34,0.17647059,1.10588235,0.08348969
d1,10,200,sma_stack_bull+bb_expand+retest_up+cross_group_return_up,134,0.38805970,1.96103941,70,0.15714286,0.79119111,0.09007621,33,0.18181818,1.13939394,0.08610768
d1,10,200,trend_bull+strong_close_bull+elliott_wave5_bull+cross_group_bull,183,0.38797814,1.96062725,51,0.09803922,0.49361299,0.04260807,17,0.41176471,2.58039216,0.21611057
d1,10,200,trend_bull+bb_expand+elliott_wave5_bull+cross_group_bull,178,0.38764045,1.95892074,60,0.15000000,0.75522788,0.08097441,17,0.23529412,1.47450980,0.09555044
d1,10,200,volatility+breakout20_up+mtf_trend_bull+cross_group_bull,129,0.38759690,1.95870066,26,0.11538462,0.58094452,0.04003245,21,0.09523810,0.59682540,0.02651877
d1,10,200,volatility+breakout_up20+mtf_trend_bull+cross_group_bull,129,0.38759690,1.95870066,26,0.11538462,0.58094452,0.04003245,21,0.09523810,0.59682540,0.02651877
d1,10,200,volatility+channel_breakout_up+mtf_trend_bull+cross_group_bull,129,0.38759690,1.95870066,26,0.11538462,0.58094452,0.04003245,21,0.09523810,0.59682540,0.02651877
d1,10,200,volatility+retest_up+mtf_trend_bull+cross_group_bull,129,0.38759690,1.95870066,26,0.11538462,0.58094452,0.04003245,21,0.09523810,0.59682540,0.02651877
d1,10,200,trend_bull+breakout20_up+close_near_high+cross_group_bull,217,0.38709677,1.95617331,60,0.10000000,0.50348525,0.04664283,40,0.17500000,1.09666667,0.08745414
d1,10,200,trend_bull+breakout_up20+close_near_high+cross_group_bull,217,0.38709677,1.95617331,60,0.10000000,0.50348525,0.04664283,40,0.17500000,1.09666667,0.08745414
d1,10,200,trend_bull+channel_breakout_up+close_near_high+cross_group_bull,217,0.38709677,1.95617331,60,0.10000000,0.50348525,0.04664283,40,0.17500000,1.09666667,0.08745414
d1,10,200,volatility+elliott_impulse_bull+mtf_trend_bull+cross_group_bull,155,0.38709677,1.95617331,30,0.13333333,0.67131367,0.05309655,23,0.08695652,0.54492754,0.02418000
d1,10,200,volatility+elliott_wave5_bull+mtf_trend_bull+cross_group_bull,124,0.38709677,1.95617331,24,0.08333333,0.41957105,0.02315882,18,0.11111111,0.69629630,0.03101952
d1,10,200,sma_stack_bull+di_spread_up3+volatility+cross_group_bull,137,0.38686131,1.95498342,42,0.40476190,2.03791651,0.27042861,33,0.21212121,1.32929293,0.10676022
d1,10,200,trend_bull+close_near_high+elliott_wave5_bull+cross_group_bull,215,0.38604651,1.95086586,62,0.09677419,0.48724379,0.04511187,26,0.30769231,1.92820513,0.16501316
d1,10,200,price200_bull+volatility+breakout20_up+cross_group_bull,127,0.38582677,1.94975541,23,0.13043478,0.65671990,0.04537659,23,0.08695652,0.54492754,0.02418000
d1,10,200,price200_bull+volatility+breakout_up20+cross_group_bull,127,0.38582677,1.94975541,23,0.13043478,0.65671990,0.04537659,23,0.08695652,0.54492754,0.02418000
d1,10,200,price200_bull+volatility+channel_breakout_up+cross_group_bull,127,0.38582677,1.94975541,23,0.13043478,0.65671990,0.04537659,23,0.08695652,0.54492754,0.02418000
d1,10,200,price200_bull+volatility+retest_up+cross_group_bull,127,0.38582677,1.94975541,23,0.13043478,0.65671990,0.04537659,23,0.08695652,0.54492754,0.02418000
d1,10,200,trend_bull+volatility+elliott_wave5_bull+mtf_di_strong_bull,180,0.38333333,1.93715495,20,0.10000000,0.50348525,0.02786648,26,0.07692308,0.48205128,0.02135509
d1,10,200,sma_stack_bull+di_spread_up3+close_near_high+cross_group_bull,178,0.38202247,1.93053058,74,0.12162162,0.61234693,0.06532316,49,0.22448980,1.40680272,0.13024970
d1,10,200,trend_bull+volatility+mtf_di_strong_bull+cross_group_bull,278,0.38129496,1.92685416,51,0.27450980,1.38211639,0.17114275,45,0.15555556,0.97481481,0.07745423
d1,10,200,sma_stack_bull+di_spread_up3+strong_close_bull+cross_group_bull,139,0.38129496,1.92685416,55,0.10909091,0.54925664,0.05096725,30,0.30000000,1.88000000,0.16664748
d1,10,200,sma_stack_bull+volatility+mtf_rsi60+cross_target_relative_up,210,0.38095238,1.92512294,50,0.10000000,0.50348525,0.04347576,31,0.12903226,0.80860215,0.05134284
d1,10,200,trend_bull+rci_bull+volatility+elliott_wave5_bull,176,0.38068182,1.92375566,22,0.09090909,0.45771387,0.02529543,27,0.07407407,0.46419753,0.02055465
d1,10,200,di_spread_up3+volatility+mtf_trend_bull+cross_group_bull,242,0.38016529,1.92114541,62,0.27419355,1.38052409,0.17881064,35,0.17142857,1.07428571,0.08102640
d1,10,200,trend_bull+di_spread_up3+volatility+close_near_high,179,0.37988827,1.91974550,19,0.26315789,1.32496120,0.11806412,28,0.14285714,0.89523810,0.05699005
d1,10,200,price200_bull+di_spread_up3+volatility+cross_group_bull,324,0.37962963,1.91843848,65,0.35384615,1.78156321,0.24875458,73,0.26027397,1.63105023,0.17342183
d1,10,200,trend_bull+bb_expand+close_near_high+cross_group_return_up,232,0.37931034,1.91682499,57,0.14035088,0.70664597,0.07287276,48,0.12500000,0.78333333,0.05857051
d1,10,200,trend_bull+breakout20_up+strong_close_bull+cross_group_bull,182,0.37912088,1.91586754,50,0.10000000,0.50348525,0.04347576,27,0.25925926,1.62469136,0.13170375
d1,10,200,trend_bull+breakout_up20+strong_close_bull+cross_group_bull,182,0.37912088,1.91586754,50,0.10000000,0.50348525,0.04347576,27,0.25925926,1.62469136,0.13170375
d1,10,200,trend_bull+channel_breakout_up+strong_close_bull+cross_group_bull,182,0.37912088,1.91586754,50,0.10000000,0.50348525,0.04347576,27,0.25925926,1.62469136,0.13170375
d1,10,200,trend_bull+volatility+elliott_wave5_bull+mtf_rsi60,185,0.37837838,1.91211535,25,0.08000000,0.40278820,0.02222040,28,0.07142857,0.44761905,0.01981206
d1,10,200,trend_bull+breakout20_up+close_near_high+cross_group_return_up,246,0.37804878,1.91044974,75,0.14666667,0.73844504,0.08391717,52,0.17307692,1.08461538,0.09382474
d1,10,200,trend_bull+breakout_up20+close_near_high+cross_group_return_up,246,0.37804878,1.91044974,75,0.14666667,0.73844504,0.08391717,52,0.17307692,1.08461538,0.09382474
d1,10,200,trend_bull+channel_breakout_up+close_near_high+cross_group_return_up,246,0.37804878,1.91044974,75,0.14666667,0.73844504,0.08391717,52,0.17307692,1.08461538,0.09382474
d1,10,200,sma_stack_bull+adx_up3+volatility+mtf_trend_bull,217,0.37788018,1.90959775,38,0.21052632,1.05996896,0.11074792,39,0.05128205,0.32136752,0.01417796
d1,10,200,sma_stack_bull+volatility+close_near_high+cross_group_bull,151,0.37748344,1.90759284,37,0.10810811,0.54430838,0.04285190,28,0.25000000,1.56666667,0.12676495
d1,10,200,trend_bull+volatility+elliott_wave5_bull,186,0.37634409,1.90183516,25,0.08000000,0.40278820,0.02222040,28,0.07142857,0.44761905,0.01981206
d1,10,200,trend_bull+strong_close_bull+elliott_wave5_bull+cross_group_return_up,202,0.37623762,1.90129716,56,0.10714286,0.53944849,0.05003936,24,0.29166667,1.82777778,0.14914648
d1,10,200,price200_bull+volatility+mtf_rsi60+cross_group_bull,343,0.37609329,1.90056780,67,0.22388060,1.12720579,0.14063731,72,0.13888889,0.87037037,0.07722731
d1,10,200,sma_stack_bull+close_near_high+mtf_rsi60+cross_group_bull,277,0.37545126,1.89732333,118,0.10169492,0.51201890,0.05913557,67,0.13432836,0.84179104,0.07231092
d1,10,200,trend_bull+strong_close_bull+elliott_impulse_bull+cross_group_bull,216,0.37500000,1.89504289,57,0.08771930,0.44165373,0.03805167,27,0.33333333,2.08888889,0.18643261
d1,10,200,trend_bull+volatility+elliott_impulse_bull+mtf_di_strong_bull,219,0.37442922,1.89215850,25,0.16000000,0.80557641,0.06403451,32,0.06250000,0.39166667,0.01731057
d1,10,200,sma_stack_bull+volatility+elliott_impulse_bull+mtf_di_strong_bull,158,0.37341772,1.88704693,21,0.14285714,0.71926465,0.04981012,27,0.07407407,0.46419753,0.02055465
d1,10,200,trend_bull+volatility+close_near_high+elliott_impulse_bull,150,0.37333333,1.88662048,11,0.00000000,0.00000000,0.00000000,23,0.13043478,0.81739130,0.04537659
d1,10,200,sma_stack_bull+di_spread_up3+volatility+cross_group_return_up,169,0.37278107,1.88382962,49,0.38775510,1.95228976,0.26429012,51,0.17647059,1.10588235,0.09572403
d1,10,200,sma_stack_bull+adx_up3+volatility+mtf_di_strong_bull,153,0.37254902,1.88265699,23,0.26086957,1.31343979,0.12548616,25,0.04000000,0.25066667,0.00709623
d1,10,200,trend_bull+close_near_high+elliott_wave5_bull+cross_group_return_up,239,0.37238494,1.88182781,69,0.10144928,0.51078214,0.05001664,37,0.21621622,1.35495495,0.11386512
d1,10,200,trend_bull+di_spread_up3+volatility+mtf_rsi60,301,0.37209302,1.88035264,51,0.25490196,1.28339379,0.15545768,51,0.11764706,0.73725490,0.05505074
d1,10,200,sma_stack_bull+volatility+elliott_wave5_bull+mtf_di_strong_bull,129,0.37209302,1.88035264,17,0.05882353,0.29616780,0.01046040,20,0.05000000,0.31333333,0.00888145
d1,10,200,trend_bull+volatility+close_near_high+cross_group_bull,199,0.37185930,1.87917151,39,0.10256410,0.51639513,0.04061331,28,0.21428571,1.34285714,0.10212460
d1,10,200,sma_stack_bull+strong_close_bull+mtf_rsi60+cross_group_bull,226,0.37168142,1.87827260,94,0.09574468,0.48206035,0.05119196,48,0.16666667,1.04444444,0.08695514
d1,10,200,trend_bull+rci_bull+volatility+elliott_impulse_bull,210,0.37142857,1.87699486,28,0.10714286,0.53944849,0.03711837,35,0.08571429,0.53714286,0.02958237
d1,10,200,sma_stack_bull+bb_expand+close_near_high+elliott_impulse_bull,159,0.37106918,1.87517871,42,0.16666667,0.83914209,0.08315917,27,0.22222222,1.39259259,0.10607239
d1,10,200,trend_bull+volatility+elliott_pullback_bull+cross_group_bull,143,0.37062937,1.87295614,32,0.37500000,1.88806971,0.22933887,29,0.27586207,1.72873563,0.14698755
d1,10,200,sma_stack_bull+bb_expand+breakout20_up+close_near_high,170,0.37058824,1.87274827,50,0.16000000,0.80557641,0.08337421,31,0.19354839,1.21290323,0.09187008
d1,10,200,sma_stack_bull+bb_expand+breakout_up20+close_near_high,170,0.37058824,1.87274827,50,0.16000000,0.80557641,0.08337421,31,0.19354839,1.21290323,0.09187008
d1,10,200,sma_stack_bull+bb_expand+channel_breakout_up+close_near_high,170,0.37058824,1.87274827,50,0.16000000,0.80557641,0.08337421,31,0.19354839,1.21290323,0.09187008
d1,10,200,trend_bull+di_spread_up3+breakout20_up+cross_group_bull,216,0.37037037,1.87164730,85,0.14117647,0.71080271,0.08264233,45,0.22222222,1.39259259,0.12544686
d1,10,200,trend_bull+di_spread_up3+breakout_up20+cross_group_bull,216,0.37037037,1.87164730,85,0.14117647,0.71080271,0.08264233,45,0.22222222,1.39259259,0.12544686
d1,10,200,trend_bull+di_spread_up3+channel_breakout_up+cross_group_bull,216,0.37037037,1.87164730,85,0.14117647,0.71080271,0.08264233,45,0.22222222,1.39259259,0.12544686
d1,10,200,trend_bull+di_spread_up3+retest_up+cross_group_bull,216,0.37037037,1.87164730,84,0.14285714,0.71926465,0.08365021,45,0.22222222,1.39259259,0.12544686
d1,10,200,trend_bull+breakout20_up+strong_close_bull+cross_group_return_up,208,0.37019231,1.87074747,62,0.14516129,0.73086569,0.07829411,37,0.24324324,1.52432432,0.13361353
d1,10,200,trend_bull+breakout_up20+strong_close_bull+cross_group_return_up,208,0.37019231,1.87074747,62,0.14516129,0.73086569,0.07829411,37,0.24324324,1.52432432,0.13361353
d1,10,200,trend_bull+channel_breakout_up+strong_close_bull+cross_group_return_up,208,0.37019231,1.87074747,62,0.14516129,0.73086569,0.07829411,37,0.24324324,1.52432432,0.13361353
d1,10,200,trend_bull+di_spread_up3+volatility+breakout20_up,127,0.37007874,1.87017356,20,0.15000000,0.75522788,0.05236875,20,0.15000000,0.94000000,0.05236875
d1,10,200,trend_bull+di_spread_up3+volatility+breakout_up20,127,0.37007874,1.87017356,20,0.15000000,0.75522788,0.05236875,20,0.15000000,0.94000000,0.05236875
d1,10,200,trend_bull+di_spread_up3+volatility+channel_breakout_up,127,0.37007874,1.87017356,20,0.15000000,0.75522788,0.05236875,20,0.15000000,0.94000000,0.05236875
d1,10,200,trend_bull+adx_up3+volatility,341,0.36950147,1.86725634,41,0.26829268,1.35081410,0.15694964,70,0.18571429,1.16380952,0.11187300
d1,10,200,trend_bull+volatility+strong_close_bull+cross_group_bull,157,0.36942675,1.86687877,29,0.13793103,0.69446242,0.05497440,20,0.30000000,1.88000000,0.14547724
d1,10,300,price200_bull+volatility+elliott_wave5_bull+cross_group_bull,131,0.29770992,3.41574749,22,0.04545455,0.54027618,0.00806943,24,0.00000000,0.00000000,0.00000000
d1,10,300,trend_bull+di_spread_up3+volatility+elliott_wave5_bull,143,0.27972028,3.20934496,18,0.05555556,0.66033755,0.00987519,18,0.00000000,0.00000000,0.00000000
d1,10,300,price200_bull+volatility+elliott_impulse_bull+cross_group_bull,169,0.27810651,3.19082951,27,0.11111111,1.32067511,0.03852035,32,0.00000000,0.00000000,0.00000000
d1,10,300,sma_stack_bull+volatility+elliott_wave5_bull+mtf_di_strong_bull,129,0.27131783,3.11294022,17,0.00000000,0.00000000,0.00000000,20,0.00000000,0.00000000,0.00000000
d1,10,300,trend_bull+volatility+elliott_impulse_bull+cross_group_return_up,129,0.27131783,3.11294022,21,0.14285714,1.69801085,0.04981012,29,0.00000000,0.00000000,0.00000000
d1,10,300,price200_bull+volatility+elliott_wave5_bull+cross_group_return_up,156,0.26923077,3.08899453,26,0.07692308,0.91431353,0.02135509,35,0.00000000,0.00000000,0.00000000
d1,10,300,price200_bull+volatility+breakout20_up+cross_group_bull,127,0.26771654,3.07162110,23,0.04347826,0.51678591,0.00771667,23,0.00000000,0.00000000,0.00000000
d1,10,300,price200_bull+volatility+breakout_up20+cross_group_bull,127,0.26771654,3.07162110,23,0.04347826,0.51678591,0.00771667,23,0.00000000,0.00000000,0.00000000
d1,10,300,price200_bull+volatility+channel_breakout_up+cross_group_bull,127,0.26771654,3.07162110,23,0.04347826,0.51678591,0.00771667,23,0.00000000,0.00000000,0.00000000
d1,10,300,price200_bull+volatility+retest_up+cross_group_bull,127,0.26771654,3.07162110,23,0.04347826,0.51678591,0.00771667,23,0.00000000,0.00000000,0.00000000
d1,10,300,volatility+elliott_wave5_bull+mtf_trend_bull+cross_group_bull,124,0.26612903,3.05340703,24,0.04166667,0.49525316,0.00739346,18,0.00000000,0.00000000,0.00000000
d1,10,300,trend_bull+di_spread_up3+volatility+elliott_impulse_bull,167,0.26347305,3.02293391,22,0.13636364,1.62082854,0.04749004,22,0.00000000,0.00000000,0.00000000
d1,10,300,sma_stack_bull+volatility+mtf_rsi60+cross_group_bull,164,0.26219512,3.00827167,40,0.07500000,0.89145570,0.02583603,32,0.00000000,0.00000000,0.00000000
d1,10,300,sma_stack_bull+volatility+elliott_wave5_bull+mtf_rsi60,134,0.26119403,2.99678573,22,0.00000000,0.00000000,0.00000000,22,0.00000000,0.00000000,0.00000000
d1,10,300,trend_bull+volatility+elliott_wave5_bull+mtf_di_strong_bull,180,0.26111111,2.99583437,20,0.05000000,0.59430380,0.00888145,26,0.00000000,0.00000000,0.00000000
d1,10,300,trend_bull+di_spread_up3+volatility+breakout20_up,127,0.25984252,2.98127931,20,0.10000000,1.18860759,0.02786648,20,0.00000000,0.00000000,0.00000000
d1,10,300,trend_bull+di_spread_up3+volatility+breakout_up20,127,0.25984252,2.98127931,20,0.10000000,1.18860759,0.02786648,20,0.00000000,0.00000000,0.00000000
d1,10,300,trend_bull+di_spread_up3+volatility+channel_breakout_up,127,0.25984252,2.98127931,20,0.10000000,1.18860759,0.02786648,20,0.00000000,0.00000000,0.00000000
d1,10,300,sma_stack_bull+close_near_high+elliott_impulse_bull+cross_group_bull,162,0.25925926,2.97458732,58,0.00000000,0.00000000,0.00000000,38,0.00000000,0.00000000,0.00000000
d1,10,300,sma_stack_bull+volatility+elliott_wave5_bull,135,0.25925926,2.97458732,22,0.00000000,0.00000000,0.00000000,22,0.00000000,0.00000000,0.00000000
d1,10,300,volatility+elliott_impulse_bull+mtf_trend_bull+cross_group_bull,155,0.25806452,2.96087955,30,0.10000000,1.18860759,0.03459989,23,0.00000000,0.00000000,0.00000000
d1,10,300,volatility+close_near_high+elliott_impulse_bull+cross_group_bull,156,0.25641026,2.94189955,24,0.04166667,0.49525316,0.00739346,20,0.00000000,0.00000000,0.00000000
d1,10,300,volatility+breakout20_up+mtf_trend_bull+cross_group_bull,129,0.25581395,2.93505792,26,0.03846154,0.45715677,0.00682198,21,0.00000000,0.00000000,-0.00000000
d1,10,300,volatility+breakout_up20+mtf_trend_bull+cross_group_bull,129,0.25581395,2.93505792,26,0.03846154,0.45715677,0.00682198,21,0.00000000,0.00000000,-0.00000000
d1,10,300,volatility+channel_breakout_up+mtf_trend_bull+cross_group_bull,129,0.25581395,2.93505792,26,0.03846154,0.45715677,0.00682198,21,0.00000000,0.00000000,-0.00000000
d1,10,300,volatility+retest_up+mtf_trend_bull+cross_group_bull,129,0.25581395,2.93505792,26,0.03846154,0.45715677,0.00682198,21,0.00000000,0.00000000,-0.00000000
d1,10,300,trend_bull+volatility+elliott_wave5_bull+mtf_rsi60,185,0.25405405,2.91486588,25,0.04000000,0.47544304,0.00709623,28,0.00000000,0.00000000,0.00000000
d1,10,300,trend_bull+di_spread_up3+volatility+retest_up,126,0.25396825,2.91388146,19,0.10526316,1.25116589,0.02935856,18,0.00000000,0.00000000,0.00000000
d1,10,300,price200_bull+volatility+mtf_rsi60+cross_group_bull,343,0.25364431,2.91016477,67,0.05970149,0.70961647,0.02345935,72,0.01388889,0.25581832,0.00245595
d1,10,300,sma_stack_bull+strong_close_bull+elliott_impulse_bull+cross_group_bull,138,0.25362319,2.90992238,49,0.00000000,0.00000000,0.00000000,25,0.00000000,0.00000000,0.00000000
d1,10,300,di_spread_up3+volatility+elliott_wave5_bull+cross_group_bull,138,0.25362319,2.90992238,29,0.06896552,0.81972938,0.01912127,18,0.00000000,0.00000000,0.00000000
d1,10,300,trend_bull+volatility+close_near_high+elliott_impulse_bull,150,0.25333333,2.90659675,11,0.00000000,0.00000000,0.00000000,23,0.00000000,0.00000000,0.00000000
d1,10,300,trend_bull+volatility+elliott_wave5_bull,186,0.25268817,2.89919456,25,0.04000000,0.47544304,0.00709623,28,0.00000000,0.00000000,0.00000000
d1,10,300,trend_bull+volatility+mtf_rsi60+cross_group_bull,238,0.25210084,2.89245586,42,0.09523810,1.13200723,0.03766225,40,0.02500000,0.46047297,0.00442683
d1,10,300,trend_bull+volatility+strong_close_bull+elliott_impulse_bull,127,0.25196850,2.89093751,9,0.00000000,0.00000000,0.00000000,17,0.00000000,0.00000000,0.00000000
d1,10,300,volatility+strong_close_bull+elliott_impulse_bull+cross_group_bull,135,0.25185185,2.88959911,20,0.05000000,0.59430380,0.00888145,12,0.00000000,0.00000000,0.00000000
d1,10,300,trend_bull+rci_bull+volatility+elliott_wave5_bull,176,0.25000000,2.86835206,22,0.04545455,0.54027618,0.00806943,27,0.00000000,0.00000000,0.00000000
d1,10,300,sma_stack_bull+rci_bull+volatility+elliott_wave5_bull,128,0.25000000,2.86835206,20,0.00000000,0.00000000,0.00000000,21,0.00000000,0.00000000,-0.00000000
d1,10,300,trend_bull+volatility+breakout20_up+close_near_high,128,0.25000000,2.86835206,13,0.07692308,0.91431353,0.01371042,19,0.00000000,0.00000000,0.00000000
d1,10,300,trend_bull+volatility+breakout_up20+close_near_high,128,0.25000000,2.86835206,13,0.07692308,0.91431353,0.01371042,19,0.00000000,0.00000000,0.00000000
d1,10,300,trend_bull+volatility+channel_breakout_up+close_near_high,128,0.25000000,2.86835206,13,0.07692308,0.91431353,0.01371042,19,0.00000000,0.00000000,0.00000000
d1,10,300,trend_bull+volatility+strong_close_bull+cross_group_bull,157,0.24840764,2.85008230,29,0.06896552,0.81972938,0.01912127,20,0.05000000,0.92094595,0.00888145
d1,10,300,rci_bull+volatility+elliott_wave5_bull+cross_group_bull,157,0.24840764,2.85008230,32,0.06250000,0.74287975,0.01731057,23,0.00000000,0.00000000,0.00000000
d1,10,300,trend_bull+volatility+elliott_impulse_bull+cross_target_relative_up,133,0.24812030,2.84678550,22,0.04545455,0.54027618,0.00806943,15,0.00000000,0.00000000,0.00000000
d1,10,300,volatility+elliott_wave5_bull+mtf_di_strong_bull+cross_group_bull,170,0.24705882,2.83460674,34,0.05882353,0.69918094,0.01628266,24,0.00000000,0.00000000,0.00000000
d1,10,300,sma_stack_bull+volatility+elliott_impulse_bull+mtf_di_strong_bull,158,0.24683544,2.83204381,21,0.09523810,1.13200723,0.02651877,27,0.00000000,0.00000000,0.00000000
d1,10,300,sma_stack_bull+volatility+close_near_high+cross_group_bull,151,0.24503311,2.81136493,37,0.05405405,0.64249059,0.01495098,28,0.03571429,0.65781853,0.00633252
d1,10,300,trend_bull+volatility+breakout20_up+elliott_wave5_bull,147,0.24489796,2.80981426,20,0.05000000,0.59430380,0.00888145,24,0.00000000,0.00000000,0.00000000
d1,10,300,trend_bull+volatility+breakout_up20+elliott_wave5_bull,147,0.24489796,2.80981426,20,0.05000000,0.59430380,0.00888145,24,0.00000000,0.00000000,0.00000000
d1,10,300,trend_bull+volatility+channel_breakout_up+elliott_wave5_bull,147,0.24489796,2.80981426,20,0.05000000,0.59430380,0.00888145,24,0.00000000,0.00000000,0.00000000
d1,10,300,trend_bull+volatility+retest_up+elliott_wave5_bull,147,0.24489796,2.80981426,20,0.05000000,0.59430380,0.00888145,24,0.00000000,0.00000000,0.00000000
d1,10,300,volatility+elliott_wave5_bull+mtf_rsi60+cross_group_bull,172,0.24418605,2.80164620,36,0.05555556,0.66033755,0.01536999,26,0.00000000,0.00000000,0.00000000
d1,10,300,price200_bull+volatility+elliott_impulse_bull+cross_group_return_up,198,0.24242424,2.78143230,33,0.12121212,1.44073648,0.04816161,46,0.00000000,0.00000000,0.00000000
d1,10,300,sma_stack_bull+volatility+elliott_wave5_bull+mtf_trend_bull,132,0.24242424,2.78143230,22,0.00000000,0.00000000,0.00000000,22,0.00000000,0.00000000,0.00000000
d1,10,300,sma_stack_bull+strong_close_bull+elliott_wave5_bull+cross_group_bull,120,0.24166667,2.77274032,44,0.00000000,0.00000000,0.00000000,16,0.00000000,0.00000000,0.00000000
d1,10,300,sma_stack_bull+close_near_high+elliott_wave5_bull+cross_group_bull,141,0.24113475,2.76663745,53,0.00000000,0.00000000,0.00000000,24,0.00000000,0.00000000,0.00000000
d1,10,300,sma_stack_bull+volatility+elliott_impulse_bull+mtf_rsi60,166,0.24096386,2.76467668,27,0.07407407,0.88045007,0.02055465,33,0.00000000,0.00000000,0.00000000
d1,10,300,trend_bull+di_spread_up3+volatility+strong_close_bull,137,0.24087591,2.76366768,14,0.28571429,3.39602170,0.11721379,20,0.05000000,0.92094595,0.00888145
d1,10,300,volatility+breakout20_up+elliott_impulse_bull+cross_group_bull,137,0.24087591,2.76366768,25,0.04000000,0.47544304,0.00709623,23,0.00000000,0.00000000,0.00000000
d1,10,300,volatility+breakout_up20+elliott_impulse_bull+cross_group_bull,137,0.24087591,2.76366768,25,0.04000000,0.47544304,0.00709623,23,0.00000000,0.00000000,0.00000000
d1,10,300,volatility+channel_breakout_up+elliott_impulse_bull+cross_group_bull,137,0.24087591,2.76366768,25,0.04000000,0.47544304,0.00709623,23,0.00000000,0.00000000,0.00000000
d1,10,300,volatility+retest_up+elliott_impulse_bull+cross_group_bull,137,0.24087591,2.76366768,25,0.04000000,0.47544304,0.00709623,23,0.00000000,0.00000000,0.00000000
d1,10,300,volatility+elliott_wave5_bull+cross_group_bull,175,0.24000000,2.75361798,36,0.05555556,0.66033755,0.01536999,26,0.00000000,0.00000000,0.00000000
d1,10,300,volatility+elliott_wave5_bull+mtf_trend_bull+cross_group_return_up,150,0.24000000,2.75361798,30,0.06666667,0.79240506,0.01847702,29,0.00000000,0.00000000,0.00000000
d1,10,300,sma_stack_bull+volatility+elliott_impulse_bull,167,0.23952096,2.74812173,28,0.07142857,0.84900542,0.01981206,33,0.00000000,0.00000000,0.00000000
d1,10,300,rci_bull+volatility+elliott_impulse_bull+cross_group_bull,189,0.23809524,2.73176387,37,0.08108108,0.96373589,0.02796057,28,0.00000000,0.00000000,0.00000000
d1,10,300,trend_bull+volatility+elliott_impulse_bull+mtf_di_strong_bull,219,0.23744292,2.72427958,25,0.12000000,1.42632911,0.04166817,32,0.00000000,0.00000000,0.00000000
d1,10,300,sma_stack_bull+close_near_high+elliott_impulse_bull+cross_group_return_up,173,0.23699422,2.71913143,66,0.00000000,0.00000000,0.00000000,49,0.00000000,0.00000000,0.00000000
d1,10,300,trend_bull+volatility+close_near_high+cross_group_bull,199,0.23618090,2.70979994,39,0.05128205,0.60954236,0.01417796,28,0.03571429,0.65781853,0.00633252
d1,10,300,rci_bull+volatility+breakout20_up+cross_group_bull,144,0.23611111,2.70899917,28,0.03571429,0.42450271,0.00633252,23,0.00000000,0.00000000,0.00000000
d1,10,300,rci_bull+volatility+breakout_up20+cross_group_bull,144,0.23611111,2.70899917,28,0.03571429,0.42450271,0.00633252,23,0.00000000,0.00000000,0.00000000
d1,10,300,rci_bull+volatility+channel_breakout_up+cross_group_bull,144,0.23611111,2.70899917,28,0.03571429,0.42450271,0.00633252,23,0.00000000,0.00000000,0.00000000
d1,10,300,rci_bull+volatility+retest_up+cross_group_bull,144,0.23611111,2.70899917,28,0.03571429,0.42450271,0.00633252,23,0.00000000,0.00000000,0.00000000
d1,10,300,volatility+breakout20_up+mtf_di_strong_bull+cross_group_bull,144,0.23611111,2.70899917,27,0.03703704,0.44022504,0.00656815,22,0.00000000,0.00000000,0.00000000
d1,10,300,volatility+breakout_up20+mtf_di_strong_bull+cross_group_bull,144,0.23611111,2.70899917,27,0.03703704,0.44022504,0.00656815,22,0.00000000,0.00000000,0.00000000
d1,10,300,volatility+channel_breakout_up+mtf_di_strong_bull+cross_group_bull,144,0.23611111,2.70899917,27,0.03703704,0.44022504,0.00656815,22,0.00000000,0.00000000,0.00000000
d1,10,300,volatility+retest_up+mtf_di_strong_bull+cross_group_bull,144,0.23611111,2.70899917,27,0.03703704,0.44022504,0.00656815,22,0.00000000,0.00000000,0.00000000
d1,10,300,trend_bull+volatility+elliott_wave5_bull+mtf_trend_bull,178,0.23595506,2.70720869,25,0.04000000,0.47544304,0.00709623,27,0.00000000,0.00000000,0.00000000
d1,10,300,sma_stack_bull+rci_bull+volatility+elliott_impulse_bull,153,0.23529412,2.69962547,25,0.04000000,0.47544304,0.00709623,29,0.00000000,0.00000000,0.00000000
d1,10,300,price200_bull+di_spread_up3+volatility+elliott_wave5_bull,213,0.23474178,2.69328832,28,0.10714286,1.27350814,0.03711837,33,0.00000000,0.00000000,0.00000000
d1,10,300,price200_bull+volatility+strong_close_bull+cross_group_bull,209,0.23444976,2.68993782,43,0.04651163,0.55284074,0.01284926,31,0.06451613,1.18831735,0.01787478
d1,10,300,trend_bull+rci_bull+volatility+elliott_impulse_bull,210,0.23333333,2.67712859,28,0.07142857,0.84900542,0.01981206,35,0.00000000,0.00000000,0.00000000
d1,10,300,volatility+breakout20_up+mtf_rsi60+cross_group_bull,146,0.23287671,2.67188959,29,0.03448276,0.40986469,0.00611321,24,0.00000000,0.00000000,0.00000000
d1,10,300,volatility+breakout_up20+mtf_rsi60+cross_group_bull,146,0.23287671,2.67188959,29,0.03448276,0.40986469,0.00611321,24,0.00000000,0.00000000,0.00000000
d1,10,300,volatility+channel_breakout_up+mtf_rsi60+cross_group_bull,146,0.23287671,2.67188959,29,0.03448276,0.40986469,0.00611321,24,0.00000000,0.00000000,0.00000000
d1,10,300,volatility+retest_up+mtf_rsi60+cross_group_bull,146,0.23287671,2.67188959,29,0.03448276,0.40986469,0.00611321,24,0.00000000,0.00000000,0.00000000
d1,10,300,sma_stack_bull+di_spread_up3+elliott_impulse_bull+cross_group_bull,159,0.23270440,2.66991261,84,0.02380952,0.28300181,0.00655390,43,0.04651163,0.85669390,0.01284926
d1,10,300,trend_bull+volatility+elliott_impulse_bull+mtf_rsi60,228,0.23245614,2.66706420,31,0.09677419,1.15026541,0.03346464,38,0.00000000,0.00000000,0.00000000
d1,10,300,volatility+close_near_high+elliott_wave5_bull+cross_group_return_up,138,0.23188406,2.66050046,20,0.10000000,1.18860759,0.02786648,20,0.00000000,0.00000000,0.00000000
d1,10,300,trend_bull+volatility+elliott_impulse_bull,229,0.23144105,2.65541763,32,0.09375000,1.11431962,0.03240155,38,0.00000000,0.00000000,0.00000000
d1,10,300,volatility+breakout20_up+cross_group_bull,147,0.23129252,2.65371347,29,0.03448276,0.40986469,0.00611321,24,0.00000000,0.00000000,0.00000000
d1,10,300,volatility+breakout_up20+cross_group_bull,147,0.23129252,2.65371347,29,0.03448276,0.40986469,0.00611321,24,0.00000000,0.00000000,0.00000000
d1,10,300,volatility+channel_breakout_up+cross_group_bull,147,0.23129252,2.65371347,29,0.03448276,0.40986469,0.00611321,24,0.00000000,0.00000000,0.00000000
d1,10,300,volatility+retest_up+cross_group_bull,147,0.23129252,2.65371347,29,0.03448276,0.40986469,0.00611321,24,0.00000000,0.00000000,0.00000000
d1,10,300,volatility+breakout20_up+retest_up+cross_group_bull,147,0.23129252,2.65371347,29,0.03448276,0.40986469,0.00611321,24,0.00000000,0.00000000,0.00000000
d1,10,300,volatility+breakout_up20+retest_up+cross_group_bull,147,0.23129252,2.65371347,29,0.03448276,0.40986469,0.00611321,24,0.00000000,0.00000000,0.00000000
d1,10,300,volatility+channel_breakout_up+retest_up+cross_group_bull,147,0.23129252,2.65371347,29,0.03448276,0.40986469,0.00611321,24,0.00000000,0.00000000,0.00000000
d1,10,300,sma_stack_bull+volatility+elliott_impulse_bull+mtf_trend_bull,160,0.23125000,2.65322566,28,0.07142857,0.84900542,0.01981206,31,0.00000000,0.00000000,0.00000000
d1,10,300,trend_bull+volatility+breakout20_up+elliott_impulse_bull,173,0.23121387,2.65281115,23,0.04347826,0.51678591,0.00771667,29,0.00000000,0.00000000,0.00000000
d1,10,300,trend_bull+volatility+breakout_up20+elliott_impulse_bull,173,0.23121387,2.65281115,23,0.04347826,0.51678591,0.00771667,29,0.00000000,0.00000000,0.00000000
d1,10,300,trend_bull+volatility+channel_breakout_up+elliott_impulse_bull,173,0.23121387,2.65281115,23,0.04347826,0.51678591,0.00771667,29,0.00000000,0.00000000,0.00000000
d1,10,300,trend_bull+volatility+breakout20_up+mtf_di_strong_bull,182,0.23076923,2.64770959,22,0.09090909,1.08055236,0.02529543,32,0.00000000,0.00000000,0.00000000
d1,10,300,trend_bull+volatility+breakout_up20+mtf_di_strong_bull,182,0.23076923,2.64770959,22,0.09090909,1.08055236,0.02529543,32,0.00000000,0.00000000,0.00000000
d1,10,300,trend_bull+volatility+channel_breakout_up+mtf_di_strong_bull,182,0.23076923,2.64770959,22,0.09090909,1.08055236,0.02529543,32,0.00000000,0.00000000,0.00000000
d1,10,300,sma_stack_bull+di_spread_up3+close_near_high+elliott_impulse_bull,217,0.23041475,2.64364245,53,0.01886792,0.22426558,0.00333845,48,0.00000000,0.00000000,0.00000000
d1,10,300,price200_bull+volatility+breakout20_up+cross_group_return_up,152,0.23026316,2.64190321,29,0.10344828,1.22959406,0.03581489,36,0.00000000,0.00000000,0.00000000
d1,10,300,price200_bull+volatility+breakout_up20+cross_group_return_up,152,0.23026316,2.64190321,29,0.10344828,1.22959406,0.03581489,36,0.00000000,0.00000000,0.00000000
d1,10,300,price200_bull+volatility+channel_breakout_up+cross_group_return_up,152,0.23026316,2.64190321,29,0.10344828,1.22959406,0.03581489,36,0.00000000,0.00000000,0.00000000
d1,10,300,price200_bull+volatility+retest_up+cross_group_return_up,152,0.23026316,2.64190321,29,0.10344828,1.22959406,0.03581489,34,0.00000000,0.00000000,0.00000000
d1,10,300,volatility+elliott_impulse_bull+mtf_rsi60+cross_group_bull,226,0.23008850,2.63989924,52,0.07692308,0.91431353,0.03031935,36,0.00000000,0.00000000,0.00000000
d1,10,300,trend_bull+rci_bull+volatility+breakout20_up,187,0.22994652,2.63827034,26,0.07692308,0.91431353,0.02135509,36,0.00000000,0.00000000,0.00000000
d1,10,300,trend_bull+rci_bull+volatility+breakout_up20,187,0.22994652,2.63827034,26,0.07692308,0.91431353,0.02135509,36,0.00000000,0.00000000,0.00000000
d1,10,300,trend_bull+rci_bull+volatility+channel_breakout_up,187,0.22994652,2.63827034,26,0.07692308,0.91431353,0.02135509,36,0.00000000,0.00000000,0.00000000
d1,10,300,sma_stack_bull+close_near_high+elliott_wave5_bull+cross_group_return_up,148,0.22972973,2.63578297,58,0.00000000,0.00000000,0.00000000,32,0.00000000,0.00000000,0.00000000
d1,10,300,volatility+elliott_impulse_bull+mtf_di_strong_bull+cross_group_bull,223,0.22869955,2.62396332,51,0.07843137,0.93224125,0.03092220,33,0.00000000,0.00000000,0.00000000
d1,10,300,di_spread_up3+volatility+elliott_impulse_bull+cross_group_bull,180,0.22777778,2.61338743,43,0.09302326,1.10568148,0.03677164,27,0.00000000,0.00000000,0.00000000
d1,10,300,sma_stack_bull+bb_expand+breakout20_up+cross_group_bull,123,0.22764228,2.61183277,63,0.01587302,0.18866787,0.00280749,26,0.00000000,0.00000000,0.00000000
d1,10,300,sma_stack_bull+bb_expand+breakout_up20+cross_group_bull,123,0.22764228,2.61183277,63,0.01587302,0.18866787,0.00280749,26,0.00000000,0.00000000,0.00000000
d1,10,300,sma_stack_bull+bb_expand+channel_breakout_up+cross_group_bull,123,0.22764228,2.61183277,63,0.01587302,0.18866787,0.00280749,26,0.00000000,0.00000000,0.00000000
d1,10,300,sma_stack_bull+bb_expand+retest_up+cross_group_bull,123,0.22764228,2.61183277,62,0.01612903,0.19171090,0.00285287,26,0.00000000,0.00000000,0.00000000
